{
"type": "FeatureCollection",
"name": "nagpur_heatmap_normalized",
"crs": { "type": "name", "properties": { "name": "urn:ogc:def:crs:OGC:1.3:CRS84" } },
"features": [
{ "type": "Feature", "properties": { "cell_id": "C0485", "lon_center": 79.145, "lat_center": 21.105, "suhii_day": -2.99, "suhii_night": 3.17, "suhii_day_normalized": -1.035, "suhii_night_normalized": 2.065, "lst_day": 37.06, "lst_night": 28.44, "frac_built": 0.899, "frac_tree": 0.005, "frac_water": 0.0, "frac_crop": 0.083, "frac_grass": 0.012, "ndvi": 0.252, "ndbi": 0.02, "mndwi": -0.303, "albedo": 0.202, "building_height_mean": 0.0, "night_lights_mean": 0.0, "svf_proxy": 1.0, "suhii_night_ml": 2.065, "suhii_night_2031": 2.48, "suhii_night_2041": 3.24 }, "geometry": { "type": "Polygon", "coordinates": [ [ [ 79.140000000000128, 21.11 ], [ 79.142301106589699, 21.11 ], [ 79.1423549, 21.1094874 ], [ 79.1421798, 21.108863 ], [ 79.1421267, 21.1082993 ], [ 79.1421994, 21.1081844 ], [ 79.1422315, 21.1080014 ], [ 79.1420491, 21.107427 ], [ 79.1407656, 21.1075626 ], [ 79.140000000000128, 21.107225878721763 ], [ 79.140000000000128, 21.11 ] ] ] } },
{ "type": "Feature", "properties": { "cell_id": "C0465", "lon_center": 79.135, "lat_center": 21.105, "suhii_day": -2.96, "suhii_night": 4.23, "suhii_day_normalized": -1.005, "suhii_night_normalized": 3.125, "lst_day": 37.09, "lst_night": 29.5, "frac_built": 0.984, "frac_tree": 0.01, "frac_water": 0.0, "frac_crop": 0.002, "frac_grass": 0.004, "ndvi": 0.181, "ndbi": 0.054, "mndwi": -0.275, "albedo": 0.203, "building_height_mean": 0.0, "night_lights_mean": 0.0, "svf_proxy": 1.0, "suhii_night_ml": 3.125, "suhii_night_2031": 3.54, "suhii_night_2041": 4.3 }, "geometry": { "type": "Polygon", "coordinates": [ [ [ 79.130000000000123, 21.11 ], [ 79.140000000000128, 21.11 ], [ 79.140000000000128, 21.107225878721763 ], [ 79.1392636, 21.106902 ], [ 79.1374612, 21.1064616 ], [ 79.133985, 21.1067819 ], [ 79.130938, 21.1064016 ], [ 79.130000000000123, 21.105957873974461 ], [ 79.130000000000123, 21.11 ] ] ] } },
{ "type": "Feature", "properties": { "cell_id": "C0466", "lon_center": 79.135, "lat_center": 21.115, "suhii_day": -3.16, "suhii_night": 3.88, "suhii_day_normalized": -0.893, "suhii_night_normalized": 3.824, "lst_day": 36.89, "lst_night": 29.15, "frac_built": 0.962, "frac_tree": 0.008, "frac_water": 0.0, "frac_crop": 0.017, "frac_grass": 0.01, "ndvi": 0.213, "ndbi": 0.039, "mndwi": -0.287, "albedo": 0.199, "building_height_mean": 0.0, "night_lights_mean": 0.0, "svf_proxy": 1.0, "suhii_night_ml": 3.824, "suhii_night_2031": 4.24, "suhii_night_2041": 5.0 }, "geometry": { "type": "Polygon", "coordinates": [ [ [ 79.130000000000123, 21.11 ], [ 79.130000000000123, 21.12 ], [ 79.140000000000128, 21.12 ], [ 79.140000000000128, 21.11 ], [ 79.130000000000123, 21.11 ] ] ] } },
{ "type": "Feature", "properties": { "cell_id": "C0486", "lon_center": 79.145, "lat_center": 21.115, "suhii_day": -3.13, "suhii_night": 3.36, "suhii_day_normalized": -1.175, "suhii_night_normalized": 2.255, "lst_day": 36.92, "lst_night": 28.63, "frac_built": 0.893, "frac_tree": 0.001, "frac_water": 0.0, "frac_crop": 0.053, "frac_grass": 0.05, "ndvi": 0.26, "ndbi": 0.023, "mndwi": -0.316, "albedo": 0.203, "building_height_mean": 0.0, "night_lights_mean": 0.0, "svf_proxy": 1.0, "suhii_night_ml": 2.255, "suhii_night_2031": 2.68, "suhii_night_2041": 3.43 }, "geometry": { "type": "Polygon", "coordinates": [ [ [ 79.140000000000128, 21.11 ], [ 79.140000000000128, 21.12 ], [ 79.141968685737709, 21.12 ], [ 79.142044, 21.1197642 ], [ 79.1420811, 21.119224 ], [ 79.1424736, 21.1184781 ], [ 79.1425909, 21.1178718 ], [ 79.1426947, 21.1170419 ], [ 79.1426991, 21.1170067 ], [ 79.1426954, 21.1160221 ], [ 79.1428814, 21.1152271 ], [ 79.1427918, 21.1139834 ], [ 79.1427366, 21.1134595 ], [ 79.1421911, 21.1119161 ], [ 79.1420793, 21.1107623 ], [ 79.142274, 21.1102583 ], [ 79.142301106589699, 21.11 ], [ 79.140000000000128, 21.11 ] ] ] } },
{ "type": "Feature", "properties": { "cell_id": "C0507", "lon_center": 79.155, "lat_center": 21.125, "suhii_day": -3.56, "suhii_night": 0.9, "suhii_day_normalized": -1.605, "suhii_night_normalized": -0.205, "lst_day": 36.49, "lst_night": 26.17, "frac_built": 0.354, "frac_tree": 0.001, "frac_water": 0.0, "frac_crop": 0.302, "frac_grass": 0.301, "ndvi": 0.346, "ndbi": 0.002, "mndwi": -0.375, "albedo": 0.201, "building_height_mean": 0.0, "night_lights_mean": 0.0, "svf_proxy": 1.0, "suhii_night_ml": -0.205, "suhii_night_2031": 0.22, "suhii_night_2041": 0.98 }, "geometry": { "type": "Polygon", "coordinates": [ [ [ 79.150000000000134, 21.13 ], [ 79.160000000000139, 21.13 ], [ 79.160000000000139, 21.12564816425018 ], [ 79.1598521, 21.1256779 ], [ 79.1582107, 21.1259781 ], [ 79.1569178, 21.1262183 ], [ 79.155668, 21.1264285 ], [ 79.153426, 21.1229904 ], [ 79.153069, 21.1224242 ], [ 79.1502866, 21.123407 ], [ 79.150000000000134, 21.123452148734398 ], [ 79.150000000000134, 21.13 ] ] ] } },
{ "type": "Feature", "properties": { "cell_id": "C0527", "lon_center": 79.165, "lat_center": 21.125, "suhii_day": -3.8, "suhii_night": -0.11, "suhii_day_normalized": -1.845, "suhii_night_normalized": -1.215, "lst_day": 36.25, "lst_night": 25.16, "frac_built": 0.534, "frac_tree": 0.0, "frac_water": 0.0, "frac_crop": 0.16, "frac_grass": 0.224, "ndvi": 0.257, "ndbi": 0.004, "mndwi": -0.298, "albedo": 0.218, "building_height_mean": 0.0, "night_lights_mean": 0.0, "svf_proxy": 1.0, "suhii_night_ml": -1.215, "suhii_night_2031": -0.8, "suhii_night_2041": -0.04 }, "geometry": { "type": "Polygon", "coordinates": [ [ [ 79.160000000000139, 21.13 ], [ 79.162802413590612, 21.13 ], [ 79.1627595, 21.1295665 ], [ 79.1628456, 21.1290461 ], [ 79.1626486, 21.1276543 ], [ 79.1622261, 21.1252006 ], [ 79.160000000000139, 21.12564816425018 ], [ 79.160000000000139, 21.13 ] ] ] } },
{ "type": "Feature", "properties": { "cell_id": "C0487", "lon_center": 79.145, "lat_center": 21.125, "suhii_day": -3.39, "suhii_night": 2.48, "suhii_day_normalized": -1.435, "suhii_night_normalized": 1.375, "lst_day": 36.66, "lst_night": 27.75, "frac_built": 0.98, "frac_tree": 0.0, "frac_water": 0.0, "frac_crop": 0.008, "frac_grass": 0.011, "ndvi": 0.216, "ndbi": 0.039, "mndwi": -0.29, "albedo": 0.204, "building_height_mean": 0.0, "night_lights_mean": 0.0, "svf_proxy": 1.0, "suhii_night_ml": 1.375, "suhii_night_2031": 1.8, "suhii_night_2041": 2.55 }, "geometry": { "type": "Polygon", "coordinates": [ [ [ 79.140000000000128, 21.12 ], [ 79.140000000000128, 21.13 ], [ 79.150000000000134, 21.13 ], [ 79.150000000000134, 21.123452148734398 ], [ 79.1479201, 21.1237798 ], [ 79.1458114, 21.1242069 ], [ 79.144961, 21.124235 ], [ 79.1431729, 21.1243806 ], [ 79.1423007, 21.1245395 ], [ 79.1421791, 21.1234556 ], [ 79.142011, 21.1219791 ], [ 79.1417328, 21.12203 ], [ 79.1415685, 21.12206 ], [ 79.1413523, 21.1214962 ], [ 79.1412696, 21.1212442 ], [ 79.1415748, 21.1211205 ], [ 79.1416904, 21.1208575 ], [ 79.1418833, 21.1206355 ], [ 79.1419936, 21.1204917 ], [ 79.1419271, 21.1201302 ], [ 79.141968685737709, 21.12 ], [ 79.140000000000128, 21.12 ] ] ] } },
{ "type": "Feature", "properties": { "cell_id": "C0467", "lon_center": 79.135, "lat_center": 21.125, "suhii_day": -3.2, "suhii_night": 4.14, "suhii_day_normalized": -0.933, "suhii_night_normalized": 4.084, "lst_day": 36.85, "lst_night": 29.41, "frac_built": 0.996, "frac_tree": 0.0, "frac_water": 0.0, "frac_crop": 0.001, "frac_grass": 0.002, "ndvi": 0.192, "ndbi": 0.048, "mndwi": -0.277, "albedo": 0.203, "building_height_mean": 0.0, "night_lights_mean": 0.0, "svf_proxy": 1.0, "suhii_night_ml": 4.084, "suhii_night_2031": 4.5, "suhii_night_2041": 5.26 }, "geometry": { "type": "Polygon", "coordinates": [ [ [ 79.130000000000123, 21.12 ], [ 79.130000000000123, 21.13 ], [ 79.140000000000128, 21.13 ], [ 79.140000000000128, 21.12 ], [ 79.130000000000123, 21.12 ] ] ] } },
{ "type": "Feature", "properties": { "cell_id": "C0508", "lon_center": 79.155, "lat_center": 21.135, "suhii_day": -3.03, "suhii_night": 1.41, "suhii_day_normalized": -0.763, "suhii_night_normalized": 1.354, "lst_day": 37.02, "lst_night": 26.68, "frac_built": 0.451, "frac_tree": 0.041, "frac_water": 0.003, "frac_crop": 0.31, "frac_grass": 0.164, "ndvi": 0.304, "ndbi": 0.026, "mndwi": -0.36, "albedo": 0.188, "building_height_mean": 0.0, "night_lights_mean": 0.0, "svf_proxy": 1.0, "suhii_night_ml": 1.354, "suhii_night_2031": 1.77, "suhii_night_2041": 2.53 }, "geometry": { "type": "Polygon", "coordinates": [ [ [ 79.150000000000134, 21.13 ], [ 79.150000000000134, 21.14 ], [ 79.160000000000139, 21.14 ], [ 79.160000000000139, 21.13 ], [ 79.150000000000134, 21.13 ] ] ] } },
{ "type": "Feature", "properties": { "cell_id": "C0528", "lon_center": 79.165, "lat_center": 21.135, "suhii_day": -3.37, "suhii_night": 0.23, "suhii_day_normalized": -1.103, "suhii_night_normalized": 0.174, "lst_day": 36.68, "lst_night": 25.5, "frac_built": 0.253, "frac_tree": 0.094, "frac_water": 0.0, "frac_crop": 0.263, "frac_grass": 0.307, "ndvi": 0.313, "ndbi": 0.037, "mndwi": -0.382, "albedo": 0.182, "building_height_mean": 0.0, "night_lights_mean": 0.0, "svf_proxy": 1.0, "suhii_night_ml": 0.174, "suhii_night_2031": 0.59, "suhii_night_2041": 1.35 }, "geometry": { "type": "Polygon", "coordinates": [ [ [ 79.160000000000139, 21.13 ], [ 79.160000000000139, 21.14 ], [ 79.167589204655499, 21.14 ], [ 79.1658767, 21.1374872 ], [ 79.1654123, 21.1373153 ], [ 79.1643381, 21.1347847 ], [ 79.1633069, 21.1322891 ], [ 79.1628421, 21.1304009 ], [ 79.162802413590612, 21.13 ], [ 79.160000000000139, 21.13 ] ] ] } },
{ "type": "Feature", "properties": { "cell_id": "C0468", "lon_center": 79.135, "lat_center": 21.135, "suhii_day": -2.84, "suhii_night": 4.83, "suhii_day_normalized": -0.573, "suhii_night_normalized": 4.774, "lst_day": 37.21, "lst_night": 30.1, "frac_built": 0.739, "frac_tree": 0.034, "frac_water": 0.0, "frac_crop": 0.153, "frac_grass": 0.071, "ndvi": 0.251, "ndbi": 0.022, "mndwi": -0.307, "albedo": 0.201, "building_height_mean": 0.0, "night_lights_mean": 0.0, "svf_proxy": 1.0, "suhii_night_ml": 4.774, "suhii_night_2031": 5.19, "suhii_night_2041": 5.95 }, "geometry": { "type": "Polygon", "coordinates": [ [ [ 79.130000000000123, 21.13 ], [ 79.130000000000123, 21.14 ], [ 79.140000000000128, 21.14 ], [ 79.140000000000128, 21.13 ], [ 79.130000000000123, 21.13 ] ] ] } },
{ "type": "Feature", "properties": { "cell_id": "C0488", "lon_center": 79.145, "lat_center": 21.135, "suhii_day": -2.91, "suhii_night": 2.92, "suhii_day_normalized": -0.643, "suhii_night_normalized": 2.864, "lst_day": 37.14, "lst_night": 28.19, "frac_built": 0.715, "frac_tree": 0.011, "frac_water": 0.0, "frac_crop": 0.206, "frac_grass": 0.058, "ndvi": 0.243, "ndbi": 0.035, "mndwi": -0.31, "albedo": 0.203, "building_height_mean": 0.0, "night_lights_mean": 0.0, "svf_proxy": 1.0, "suhii_night_ml": 2.864, "suhii_night_2031": 3.28, "suhii_night_2041": 4.04 }, "geometry": { "type": "Polygon", "coordinates": [ [ [ 79.140000000000128, 21.13 ], [ 79.140000000000128, 21.14 ], [ 79.150000000000134, 21.14 ], [ 79.150000000000134, 21.13 ], [ 79.140000000000128, 21.13 ] ] ] } },
{ "type": "Feature", "properties": { "cell_id": "C0529", "lon_center": 79.165, "lat_center": 21.145, "suhii_day": -2.36, "suhii_night": 0.64, "suhii_day_normalized": -0.093, "suhii_night_normalized": 0.584, "lst_day": 37.69, "lst_night": 25.91, "frac_built": 0.74, "frac_tree": 0.054, "frac_water": 0.0, "frac_crop": 0.151, "frac_grass": 0.047, "ndvi": 0.246, "ndbi": 0.044, "mndwi": -0.328, "albedo": 0.192, "building_height_mean": 0.0, "night_lights_mean": 0.0, "svf_proxy": 1.0, "suhii_night_ml": 0.584, "suhii_night_2031": 1.0, "suhii_night_2041": 1.76 }, "geometry": { "type": "Polygon", "coordinates": [ [ [ 79.160000000000139, 21.14 ], [ 79.160000000000139, 21.15 ], [ 79.170000000000144, 21.15 ], [ 79.170000000000144, 21.142046810425235 ], [ 79.169204, 21.1420752 ], [ 79.1685117, 21.1413536 ], [ 79.167589204655499, 21.14 ], [ 79.160000000000139, 21.14 ] ] ] } },
{ "type": "Feature", "properties": { "cell_id": "C0469", "lon_center": 79.135, "lat_center": 21.145, "suhii_day": -1.79, "suhii_night": 4.84, "suhii_day_normalized": 0.477, "suhii_night_normalized": 4.784, "lst_day": 38.26, "lst_night": 30.11, "frac_built": 0.889, "frac_tree": 0.07, "frac_water": 0.0, "frac_crop": 0.019, "frac_grass": 0.019, "ndvi": 0.223, "ndbi": 0.04, "mndwi": -0.291, "albedo": 0.188, "building_height_mean": 0.0, "night_lights_mean": 0.0, "svf_proxy": 1.0, "suhii_night_ml": 4.784, "suhii_night_2031": 5.2, "suhii_night_2041": 5.96 }, "geometry": { "type": "Polygon", "coordinates": [ [ [ 79.130000000000123, 21.14 ], [ 79.130000000000123, 21.15 ], [ 79.140000000000128, 21.15 ], [ 79.140000000000128, 21.14 ], [ 79.130000000000123, 21.14 ] ] ] } },
{ "type": "Feature", "properties": { "cell_id": "C0509", "lon_center": 79.155, "lat_center": 21.145, "suhii_day": -2.35, "suhii_night": 1.88, "suhii_day_normalized": -0.083, "suhii_night_normalized": 1.824, "lst_day": 37.7, "lst_night": 27.15, "frac_built": 0.727, "frac_tree": 0.04, "frac_water": 0.001, "frac_crop": 0.062, "frac_grass": 0.129, "ndvi": 0.228, "ndbi": 0.062, "mndwi": -0.334, "albedo": 0.189, "building_height_mean": 0.0, "night_lights_mean": 0.0, "svf_proxy": 1.0, "suhii_night_ml": 1.824, "suhii_night_2031": 2.24, "suhii_night_2041": 3.0 }, "geometry": { "type": "Polygon", "coordinates": [ [ [ 79.150000000000134, 21.14 ], [ 79.150000000000134, 21.15 ], [ 79.160000000000139, 21.15 ], [ 79.160000000000139, 21.14 ], [ 79.150000000000134, 21.14 ] ] ] } },
{ "type": "Feature", "properties": { "cell_id": "C0489", "lon_center": 79.145, "lat_center": 21.145, "suhii_day": -1.89, "suhii_night": 3.5, "suhii_day_normalized": 0.377, "suhii_night_normalized": 3.444, "lst_day": 38.16, "lst_night": 28.77, "frac_built": 0.712, "frac_tree": 0.09, "frac_water": 0.002, "frac_crop": 0.12, "frac_grass": 0.064, "ndvi": 0.283, "ndbi": 0.013, "mndwi": -0.324, "albedo": 0.189, "building_height_mean": 0.0, "night_lights_mean": 0.0, "svf_proxy": 1.0, "suhii_night_ml": 3.444, "suhii_night_2031": 3.86, "suhii_night_2041": 4.62 }, "geometry": { "type": "Polygon", "coordinates": [ [ [ 79.140000000000128, 21.14 ], [ 79.140000000000128, 21.15 ], [ 79.150000000000134, 21.15 ], [ 79.150000000000134, 21.14 ], [ 79.140000000000128, 21.14 ] ] ] } },
{ "type": "Feature", "properties": { "cell_id": "C0204", "lon_center": 79.005, "lat_center": 21.095, "suhii_day": -2.1, "suhii_night": -2.62, "suhii_day_normalized": -0.145, "suhii_night_normalized": -3.725, "lst_day": 37.95, "lst_night": 22.65, "frac_built": 0.432, "frac_tree": 0.452, "frac_water": 0.0, "frac_crop": 0.026, "frac_grass": 0.08, "ndvi": 0.436, "ndbi": -0.03, "mndwi": -0.432, "albedo": 0.165, "building_height_mean": 0.0, "night_lights_mean": 0.0, "svf_proxy": 1.0, "suhii_night_ml": -3.725, "suhii_night_2031": -3.3, "suhii_night_2041": -2.54 }, "geometry": { "type": "Polygon", "coordinates": [ [ [ 79.01, 21.1 ], [ 79.01, 21.091252613381034 ], [ 79.0087191, 21.0928898 ], [ 79.0073204, 21.0968126 ], [ 79.0069771, 21.098254 ], [ 79.007057012560836, 21.1 ], [ 79.01, 21.1 ] ] ] } },
{ "type": "Feature", "properties": { "cell_id": "C0205", "lon_center": 79.005, "lat_center": 21.105, "suhii_day": -2.7, "suhii_night": -0.58, "suhii_day_normalized": -0.745, "suhii_night_normalized": -1.685, "lst_day": 37.35, "lst_night": 24.69, "frac_built": 0.692, "frac_tree": 0.222, "frac_water": 0.0, "frac_crop": 0.023, "frac_grass": 0.063, "ndvi": 0.396, "ndbi": -0.032, "mndwi": -0.38, "albedo": 0.177, "building_height_mean": 0.0, "night_lights_mean": 0.0, "svf_proxy": 1.0, "suhii_night_ml": -1.685, "suhii_night_2031": -1.27, "suhii_night_2041": -0.51 }, "geometry": { "type": "Polygon", "coordinates": [ [ [ 79.01, 21.1 ], [ 79.007057012560836, 21.1 ], [ 79.0070843, 21.1005962 ], [ 79.0072131, 21.1035189 ], [ 79.0086722, 21.1050203 ], [ 79.01, 21.106785077081295 ], [ 79.01, 21.1 ] ] ] } },
{ "type": "Feature", "properties": { "cell_id": "C0207", "lon_center": 79.005, "lat_center": 21.125, "suhii_day": -1.55, "suhii_night": 2.41, "suhii_day_normalized": 0.405, "suhii_night_normalized": 1.305, "lst_day": 38.5, "lst_night": 27.68, "frac_built": 0.396, "frac_tree": 0.568, "frac_water": 0.0, "frac_crop": 0.014, "frac_grass": 0.015, "ndvi": 0.36, "ndbi": 0.013, "mndwi": -0.386, "albedo": 0.155, "building_height_mean": 0.0, "night_lights_mean": 0.0, "svf_proxy": 1.0, "suhii_night_ml": 1.305, "suhii_night_2031": 1.72, "suhii_night_2041": 2.48 }, "geometry": { "type": "Polygon", "coordinates": [ [ [ 79.01, 21.13 ], [ 79.01, 21.124657812713963 ], [ 79.0075183, 21.1243465 ], [ 79.0069341, 21.1292405 ], [ 79.006793725180884, 21.13 ], [ 79.01, 21.13 ] ] ] } },
{ "type": "Feature", "properties": { "cell_id": "C0320", "lon_center": 79.065, "lat_center": 21.055, "suhii_day": -2.39, "suhii_night": 0.49, "suhii_day_normalized": -0.995, "suhii_night_normalized": 0.085, "lst_day": 37.66, "lst_night": 25.76, "frac_built": 0.056, "frac_tree": 0.063, "frac_water": 0.0, "frac_crop": 0.361, "frac_grass": 0.508, "ndvi": 0.405, "ndbi": 0.014, "mndwi": -0.446, "albedo": 0.184, "building_height_mean": 0.0, "night_lights_mean": 0.0, "svf_proxy": 1.0, "suhii_night_ml": 0.085, "suhii_night_2031": 0.5, "suhii_night_2041": 1.26 }, "geometry": { "type": "Polygon", "coordinates": [ [ [ 79.06, 21.06 ], [ 79.068289001672397, 21.06 ], [ 79.0674448, 21.0587508 ], [ 79.0668762, 21.0580048 ], [ 79.0661574, 21.0570386 ], [ 79.0659803, 21.0566031 ], [ 79.0658214, 21.0555895 ], [ 79.0657174, 21.054926 ], [ 79.0656954, 21.0547207 ], [ 79.0655316, 21.0531916 ], [ 79.0655082, 21.0529736 ], [ 79.0633357, 21.0536945 ], [ 79.0618121, 21.0536845 ], [ 79.06, 21.053596181298971 ], [ 79.06, 21.06 ] ] ] } },
{ "type": "Feature", "properties": { "cell_id": "C0300", "lon_center": 79.055, "lat_center": 21.055, "suhii_day": -2.55, "suhii_night": -0.23, "suhii_day_normalized": -1.155, "suhii_night_normalized": -0.635, "lst_day": 37.5, "lst_night": 25.04, "frac_built": 0.238, "frac_tree": 0.017, "frac_water": 0.0, "frac_crop": 0.28, "frac_grass": 0.439, "ndvi": 0.35, "ndbi": 0.038, "mndwi": -0.42, "albedo": 0.175, "building_height_mean": 0.0, "night_lights_mean": 0.0, "svf_proxy": 1.0, "suhii_night_ml": -0.635, "suhii_night_2031": -0.22, "suhii_night_2041": 0.54 }, "geometry": { "type": "Polygon", "coordinates": [ [ [ 79.05, 21.06 ], [ 79.06, 21.06 ], [ 79.06, 21.053596181298971 ], [ 79.0599614, 21.0535943 ], [ 79.0588966, 21.0537095 ], [ 79.0585506, 21.054115 ], [ 79.0578049, 21.0544404 ], [ 79.0568635, 21.054543 ], [ 79.0568058, 21.0545993 ], [ 79.0570914, 21.0554567 ], [ 79.057228, 21.0557729 ], [ 79.0557532, 21.0563736 ], [ 79.0548827, 21.0563707 ], [ 79.0536153, 21.056568 ], [ 79.0520167, 21.057304 ], [ 79.0510833, 21.0575693 ], [ 79.0504517, 21.0576694 ], [ 79.05, 21.057707873173317 ], [ 79.05, 21.06 ] ] ] } },
{ "type": "Feature", "properties": { "cell_id": "C0301", "lon_center": 79.055, "lat_center": 21.065, "suhii_day": -2.85, "suhii_night": 1.45, "suhii_day_normalized": -1.455, "suhii_night_normalized": 1.045, "lst_day": 37.2, "lst_night": 26.72, "frac_built": 0.204, "frac_tree": 0.118, "frac_water": 0.0, "frac_crop": 0.176, "frac_grass": 0.379, "ndvi": 0.336, "ndbi": 0.047, "mndwi": -0.421, "albedo": 0.17, "building_height_mean": 0.0, "night_lights_mean": 0.0, "svf_proxy": 1.0, "suhii_night_ml": 1.045, "suhii_night_2031": 1.46, "suhii_night_2041": 2.22 }, "geometry": { "type": "Polygon", "coordinates": [ [ [ 79.06, 21.07 ], [ 79.06, 21.06 ], [ 79.05, 21.06 ], [ 79.05, 21.068612852219459 ], [ 79.0502572, 21.0687427 ], [ 79.051240483956533, 21.07 ], [ 79.06, 21.07 ] ] ] } },
{ "type": "Feature", "properties": { "cell_id": "C0321", "lon_center": 79.065, "lat_center": 21.065, "suhii_day": -2.88, "suhii_night": 1.18, "suhii_day_normalized": -1.485, "suhii_night_normalized": 0.775, "lst_day": 37.17, "lst_night": 26.45, "frac_built": 0.222, "frac_tree": 0.107, "frac_water": 0.0, "frac_crop": 0.361, "frac_grass": 0.291, "ndvi": 0.32, "ndbi": 0.04, "mndwi": -0.397, "albedo": 0.181, "building_height_mean": 0.0, "night_lights_mean": 0.0, "svf_proxy": 1.0, "suhii_night_ml": 0.775, "suhii_night_2031": 1.2, "suhii_night_2041": 1.96 }, "geometry": { "type": "Polygon", "coordinates": [ [ [ 79.06, 21.06 ], [ 79.06, 21.07 ], [ 79.07, 21.07 ], [ 79.07, 21.063411213334948 ], [ 79.0699661, 21.0633463 ], [ 79.0698132, 21.0624978 ], [ 79.0690595, 21.0607882 ], [ 79.0686813, 21.0605805 ], [ 79.068289001672397, 21.06 ], [ 79.06, 21.06 ] ] ] } },
{ "type": "Feature", "properties": { "cell_id": "C0341", "lon_center": 79.075, "lat_center": 21.065, "suhii_day": -3.21, "suhii_night": -1.48, "suhii_day_normalized": -1.255, "suhii_night_normalized": -2.585, "lst_day": 36.84, "lst_night": 23.79, "frac_built": 0.322, "frac_tree": 0.0, "frac_water": 0.0, "frac_crop": 0.133, "frac_grass": 0.516, "ndvi": 0.313, "ndbi": 0.005, "mndwi": -0.352, "albedo": 0.198, "building_height_mean": 0.0, "night_lights_mean": 0.0, "svf_proxy": 1.0, "suhii_night_ml": -2.585, "suhii_night_2031": -2.16, "suhii_night_2041": -1.4 }, "geometry": { "type": "Polygon", "coordinates": [ [ [ 79.07, 21.07 ], [ 79.072177714964226, 21.07 ], [ 79.0723049, 21.0697739 ], [ 79.0723103, 21.068177 ], [ 79.0727341, 21.0676414 ], [ 79.0722191, 21.0669205 ], [ 79.0718222, 21.0663599 ], [ 79.0713608, 21.0660796 ], [ 79.0705615, 21.0660595 ], [ 79.0703939, 21.0659294 ], [ 79.070591, 21.0651584 ], [ 79.0704288, 21.0642323 ], [ 79.07, 21.063411213334948 ], [ 79.07, 21.07 ] ] ] } },
{ "type": "Feature", "properties": { "cell_id": "C0280", "lon_center": 79.045, "lat_center": 21.055, "suhii_day": -2.52, "suhii_night": -1.02, "suhii_day_normalized": -0.565, "suhii_night_normalized": -2.125, "lst_day": 37.53, "lst_night": 24.25, "frac_built": 0.15, "frac_tree": 0.003, "frac_water": 0.0, "frac_crop": 0.053, "frac_grass": 0.744, "ndvi": 0.325, "ndbi": 0.058, "mndwi": -0.419, "albedo": 0.159, "building_height_mean": 0.0, "night_lights_mean": 0.0, "svf_proxy": 1.0, "suhii_night_ml": -2.125, "suhii_night_2031": -1.7, "suhii_night_2041": -0.94 }, "geometry": { "type": "Polygon", "coordinates": [ [ [ 79.05, 21.06 ], [ 79.05, 21.057707873173317 ], [ 79.0499809, 21.0577095 ], [ 79.0488719, 21.0577796 ], [ 79.0478593, 21.0576894 ], [ 79.0465343, 21.0585305 ], [ 79.046843933157504, 21.06 ], [ 79.05, 21.06 ] ] ] } },
{ "type": "Feature", "properties": { "cell_id": "C0281", "lon_center": 79.045, "lat_center": 21.065, "suhii_day": -2.54, "suhii_night": 0.34, "suhii_day_normalized": -0.585, "suhii_night_normalized": -0.765, "lst_day": 37.51, "lst_night": 25.61, "frac_built": 0.062, "frac_tree": 0.0, "frac_water": 0.0, "frac_crop": 0.284, "frac_grass": 0.496, "ndvi": 0.237, "ndbi": 0.081, "mndwi": -0.369, "albedo": 0.169, "building_height_mean": 0.0, "night_lights_mean": 0.0, "svf_proxy": 1.0, "suhii_night_ml": -0.765, "suhii_night_2031": -0.34, "suhii_night_2041": 0.41 }, "geometry": { "type": "Polygon", "coordinates": [ [ [ 79.05, 21.06 ], [ 79.046843933157504, 21.06 ], [ 79.0469098, 21.0603126 ], [ 79.0473604, 21.0646779 ], [ 79.04809, 21.0667604 ], [ 79.048326, 21.0680218 ], [ 79.0489483, 21.0680819 ], [ 79.05, 21.068612852219459 ], [ 79.05, 21.06 ] ] ] } },
{ "type": "Feature", "properties": { "cell_id": "C0222", "lon_center": 79.015, "lat_center": 21.075, "suhii_day": -0.48, "suhii_night": -2.62, "suhii_day_normalized": 1.475, "suhii_night_normalized": -3.725, "lst_day": 39.57, "lst_night": 22.65, "frac_built": 0.0, "frac_tree": 0.0, "frac_water": 0.0, "frac_crop": 0.506, "frac_grass": 0.488, "ndvi": 0.304, "ndbi": 0.126, "mndwi": -0.483, "albedo": 0.173, "building_height_mean": 0.0, "night_lights_mean": 0.0, "svf_proxy": 1.0, "suhii_night_ml": -3.725, "suhii_night_2031": -3.3, "suhii_night_2041": -2.54 }, "geometry": { "type": "Polygon", "coordinates": [ [ [ 79.02, 21.08 ], [ 79.02, 21.0732632361767 ], [ 79.0192549, 21.0727052 ], [ 79.018381, 21.0724462 ], [ 79.0176013, 21.0725131 ], [ 79.017048, 21.0730027 ], [ 79.0160913, 21.0742981 ], [ 79.0151346, 21.0751444 ], [ 79.0143294, 21.0760473 ], [ 79.0138794, 21.076437 ], [ 79.013429, 21.0770029 ], [ 79.013632378491806, 21.08 ], [ 79.02, 21.08 ] ] ] } },
{ "type": "Feature", "properties": { "cell_id": "C0282", "lon_center": 79.045, "lat_center": 21.075, "suhii_day": -1.52, "suhii_night": 4.69, "suhii_day_normalized": 0.435, "suhii_night_normalized": 3.585, "lst_day": 38.53, "lst_night": 29.96, "frac_built": 0.0, "frac_tree": 0.51, "frac_water": 0.0, "frac_crop": 0.011, "frac_grass": 0.17, "ndvi": 0.493, "ndbi": -0.016, "mndwi": -0.486, "albedo": 0.154, "building_height_mean": 0.0, "night_lights_mean": 0.0, "svf_proxy": 1.0, "suhii_night_ml": 3.585, "suhii_night_2031": 4.0, "suhii_night_2041": 4.76 }, "geometry": { "type": "Polygon", "coordinates": [ [ [ 79.04, 21.08 ], [ 79.05, 21.08 ], [ 79.05, 21.075343280659339 ], [ 79.049077, 21.0755905 ], [ 79.0459657, 21.076912 ], [ 79.0463269, 21.0774517 ], [ 79.0454741, 21.0775498 ], [ 79.0452726, 21.0775553 ], [ 79.0441558, 21.0775857 ], [ 79.0439701, 21.0778329 ], [ 79.0436726, 21.0778772 ], [ 79.0408251, 21.0783008 ], [ 79.04, 21.078391954419534 ], [ 79.04, 21.08 ] ] ] } },
{ "type": "Feature", "properties": { "cell_id": "C0262", "lon_center": 79.035, "lat_center": 21.075, "suhii_day": -0.49, "suhii_night": 1.78, "suhii_day_normalized": 1.465, "suhii_night_normalized": 0.675, "lst_day": 39.56, "lst_night": 27.05, "frac_built": 0.215, "frac_tree": 0.046, "frac_water": 0.0, "frac_crop": 0.096, "frac_grass": 0.479, "ndvi": 0.299, "ndbi": 0.093, "mndwi": -0.428, "albedo": 0.168, "building_height_mean": 0.0, "night_lights_mean": 0.0, "svf_proxy": 1.0, "suhii_night_ml": 0.675, "suhii_night_2031": 1.1, "suhii_night_2041": 1.86 }, "geometry": { "type": "Polygon", "coordinates": [ [ [ 79.03, 21.08 ], [ 79.04, 21.08 ], [ 79.04, 21.078391954419534 ], [ 79.038688, 21.0785369 ], [ 79.0370462, 21.0780807 ], [ 79.0333942, 21.0776508 ], [ 79.0332535, 21.0769629 ], [ 79.0328552, 21.0757975 ], [ 79.0317208, 21.0761908 ], [ 79.0313491, 21.0755772 ], [ 79.0301242, 21.075856 ], [ 79.03, 21.075867055976214 ], [ 79.03, 21.08 ] ] ] } },
{ "type": "Feature", "properties": { "cell_id": "C0242", "lon_center": 79.025, "lat_center": 21.075, "suhii_day": -0.54, "suhii_night": -1.58, "suhii_day_normalized": 1.415, "suhii_night_normalized": -2.685, "lst_day": 39.51, "lst_night": 23.69, "frac_built": 0.0, "frac_tree": 0.008, "frac_water": 0.0, "frac_crop": 0.349, "frac_grass": 0.582, "ndvi": 0.306, "ndbi": 0.117, "mndwi": -0.477, "albedo": 0.168, "building_height_mean": 0.0, "night_lights_mean": 0.0, "svf_proxy": 1.0, "suhii_night_ml": -2.685, "suhii_night_2031": -2.26, "suhii_night_2041": -1.5 }, "geometry": { "type": "Polygon", "coordinates": [ [ [ 79.02, 21.08 ], [ 79.03, 21.08 ], [ 79.03, 21.075867055976214 ], [ 79.0275674, 21.0760836 ], [ 79.0268053, 21.0748493 ], [ 79.0264966, 21.0744274 ], [ 79.0259247, 21.0742505 ], [ 79.0258086, 21.0736337 ], [ 79.0243957, 21.0739551 ], [ 79.0241154, 21.0733253 ], [ 79.020412, 21.0735718 ], [ 79.02, 21.0732632361767 ], [ 79.02, 21.08 ] ] ] } },
{ "type": "Feature", "properties": { "cell_id": "C0322", "lon_center": 79.065, "lat_center": 21.075, "suhii_day": -3.37, "suhii_night": 4.38, "suhii_day_normalized": -1.415, "suhii_night_normalized": 3.275, "lst_day": 36.68, "lst_night": 29.65, "frac_built": 0.192, "frac_tree": 0.062, "frac_water": 0.0, "frac_crop": 0.265, "frac_grass": 0.435, "ndvi": 0.325, "ndbi": 0.03, "mndwi": -0.398, "albedo": 0.18, "building_height_mean": 0.0, "night_lights_mean": 0.0, "svf_proxy": 1.0, "suhii_night_ml": 3.275, "suhii_night_2031": 3.7, "suhii_night_2041": 4.46 }, "geometry": { "type": "Polygon", "coordinates": [ [ [ 79.07, 21.07 ], [ 79.06, 21.07 ], [ 79.06, 21.08 ], [ 79.069749348357206, 21.08 ], [ 79.069376, 21.0783935 ], [ 79.0694521, 21.0777494 ], [ 79.0696764, 21.0758507 ], [ 79.07, 21.074883307197453 ], [ 79.07, 21.07 ] ] ] } },
{ "type": "Feature", "properties": { "cell_id": "C0342", "lon_center": 79.075, "lat_center": 21.075, "suhii_day": -3.28, "suhii_night": -1.56, "suhii_day_normalized": -1.325, "suhii_night_normalized": -2.665, "lst_day": 36.77, "lst_night": 23.71, "frac_built": 0.11, "frac_tree": 0.004, "frac_water": 0.0, "frac_crop": 0.238, "frac_grass": 0.632, "ndvi": 0.319, "ndbi": 0.017, "mndwi": -0.386, "albedo": 0.196, "building_height_mean": 0.0, "night_lights_mean": 0.0, "svf_proxy": 1.0, "suhii_night_ml": -2.665, "suhii_night_2031": -2.24, "suhii_night_2041": -1.48 }, "geometry": { "type": "Polygon", "coordinates": [ [ [ 79.07, 21.07 ], [ 79.07, 21.074883307197453 ], [ 79.0708351, 21.0723868 ], [ 79.072177714964226, 21.07 ], [ 79.07, 21.07 ] ] ] } },
{ "type": "Feature", "properties": { "cell_id": "C0302", "lon_center": 79.055, "lat_center": 21.075, "suhii_day": -2.83, "suhii_night": 4.8, "suhii_day_normalized": -0.875, "suhii_night_normalized": 3.695, "lst_day": 37.22, "lst_night": 30.07, "frac_built": 0.071, "frac_tree": 0.39, "frac_water": 0.0, "frac_crop": 0.066, "frac_grass": 0.207, "ndvi": 0.467, "ndbi": -0.009, "mndwi": -0.469, "albedo": 0.154, "building_height_mean": 0.0, "night_lights_mean": 0.0, "svf_proxy": 1.0, "suhii_night_ml": 3.695, "suhii_night_2031": 4.12, "suhii_night_2041": 4.88 }, "geometry": { "type": "Polygon", "coordinates": [ [ [ 79.05, 21.08 ], [ 79.06, 21.08 ], [ 79.06, 21.07 ], [ 79.051240483956533, 21.07 ], [ 79.0514159, 21.0702243 ], [ 79.0515339, 21.0715959 ], [ 79.0523163, 21.0715373 ], [ 79.0528066, 21.0715608 ], [ 79.0533253, 21.0715315 ], [ 79.0522835, 21.0723147 ], [ 79.0518647, 21.0730186 ], [ 79.0512871, 21.0742689 ], [ 79.0513944, 21.0749698 ], [ 79.05, 21.075343280659339 ], [ 79.05, 21.08 ] ] ] } },
{ "type": "Feature", "properties": { "cell_id": "C0363", "lon_center": 79.085, "lat_center": 21.085, "suhii_day": -4.08, "suhii_night": 1.9, "suhii_day_normalized": -2.125, "suhii_night_normalized": 0.795, "lst_day": 35.97, "lst_night": 27.17, "frac_built": 0.941, "frac_tree": 0.0, "frac_water": 0.0, "frac_crop": 0.0, "frac_grass": 0.059, "ndvi": 0.271, "ndbi": -0.005, "mndwi": -0.284, "albedo": 0.212, "building_height_mean": 0.0, "night_lights_mean": 0.0, "svf_proxy": 1.0, "suhii_night_ml": 0.795, "suhii_night_2031": 1.22, "suhii_night_2041": 1.98 }, "geometry": { "type": "Polygon", "coordinates": [ [ [ 79.08, 21.09 ], [ 79.080738779782749, 21.09 ], [ 79.0803194, 21.0893051 ], [ 79.08, 21.088991806709789 ], [ 79.08, 21.09 ] ] ] } },
{ "type": "Feature", "properties": { "cell_id": "C0303", "lon_center": 79.055, "lat_center": 21.085, "suhii_day": -2.46, "suhii_night": 2.27, "suhii_day_normalized": -1.065, "suhii_night_normalized": 1.865, "lst_day": 37.59, "lst_night": 27.54, "frac_built": 0.147, "frac_tree": 0.311, "frac_water": 0.017, "frac_crop": 0.261, "frac_grass": 0.186, "ndvi": 0.373, "ndbi": 0.025, "mndwi": -0.443, "albedo": 0.165, "building_height_mean": 0.0, "night_lights_mean": 0.0, "svf_proxy": 1.0, "suhii_night_ml": 1.865, "suhii_night_2031": 2.28, "suhii_night_2041": 3.04 }, "geometry": { "type": "Polygon", "coordinates": [ [ [ 79.05, 21.08 ], [ 79.05, 21.09 ], [ 79.06, 21.09 ], [ 79.06, 21.08 ], [ 79.05, 21.08 ] ] ] } },
{ "type": "Feature", "properties": { "cell_id": "C0343", "lon_center": 79.075, "lat_center": 21.085, "suhii_day": -3.8, "suhii_night": 1.94, "suhii_day_normalized": -1.845, "suhii_night_normalized": 0.835, "lst_day": 36.25, "lst_night": 27.21, "frac_built": 0.737, "frac_tree": 0.036, "frac_water": 0.0, "frac_crop": 0.042, "frac_grass": 0.161, "ndvi": 0.27, "ndbi": 0.002, "mndwi": -0.306, "albedo": 0.205, "building_height_mean": 0.0, "night_lights_mean": 0.0, "svf_proxy": 1.0, "suhii_night_ml": 0.835, "suhii_night_2031": 1.25, "suhii_night_2041": 2.01 }, "geometry": { "type": "Polygon", "coordinates": [ [ [ 79.07, 21.09 ], [ 79.08, 21.09 ], [ 79.08, 21.088991806709789 ], [ 79.0786457, 21.0876634 ], [ 79.0774441, 21.0865623 ], [ 79.0735388, 21.0835992 ], [ 79.0714574, 21.0831587 ], [ 79.0701484, 21.0817171 ], [ 79.07, 21.081078541947594 ], [ 79.07, 21.09 ] ] ] } },
{ "type": "Feature", "properties": { "cell_id": "C0323", "lon_center": 79.065, "lat_center": 21.085, "suhii_day": -3.48, "suhii_night": 1.47, "suhii_day_normalized": -2.085, "suhii_night_normalized": 1.065, "lst_day": 36.57, "lst_night": 26.74, "frac_built": 0.452, "frac_tree": 0.379, "frac_water": 0.0, "frac_crop": 0.071, "frac_grass": 0.078, "ndvi": 0.374, "ndbi": -0.023, "mndwi": -0.373, "albedo": 0.177, "building_height_mean": 0.0, "night_lights_mean": 0.0, "svf_proxy": 1.0, "suhii_night_ml": 1.065, "suhii_night_2031": 1.48, "suhii_night_2041": 2.24 }, "geometry": { "type": "Polygon", "coordinates": [ [ [ 79.06, 21.08 ], [ 79.06, 21.09 ], [ 79.07, 21.09 ], [ 79.07, 21.081078541947594 ], [ 79.069749348357206, 21.08 ], [ 79.06, 21.08 ] ] ] } },
{ "type": "Feature", "properties": { "cell_id": "C0364", "lon_center": 79.085, "lat_center": 21.095, "suhii_day": -3.78, "suhii_night": 1.96, "suhii_day_normalized": -2.385, "suhii_night_normalized": 1.555, "lst_day": 36.27, "lst_night": 27.23, "frac_built": 0.881, "frac_tree": 0.035, "frac_water": 0.0, "frac_crop": 0.038, "frac_grass": 0.031, "ndvi": 0.266, "ndbi": 0.016, "mndwi": -0.311, "albedo": 0.202, "building_height_mean": 0.0, "night_lights_mean": 0.0, "svf_proxy": 1.0, "suhii_night_ml": 1.555, "suhii_night_2031": 1.98, "suhii_night_2041": 2.74 }, "geometry": { "type": "Polygon", "coordinates": [ [ [ 79.08, 21.09 ], [ 79.08, 21.1 ], [ 79.090000000000103, 21.1 ], [ 79.090000000000103, 21.094788796113235 ], [ 79.0882158, 21.0958717 ], [ 79.0867352, 21.0966124 ], [ 79.0852332, 21.0967325 ], [ 79.0839886, 21.096272 ], [ 79.0835809, 21.0954512 ], [ 79.083023, 21.0939898 ], [ 79.0822291, 21.0926685 ], [ 79.0815639, 21.0913672 ], [ 79.080738779782749, 21.09 ], [ 79.08, 21.09 ] ] ] } },
{ "type": "Feature", "properties": { "cell_id": "C0344", "lon_center": 79.075, "lat_center": 21.095, "suhii_day": -3.59, "suhii_night": 2.12, "suhii_day_normalized": -2.195, "suhii_night_normalized": 1.715, "lst_day": 36.46, "lst_night": 27.39, "frac_built": 0.953, "frac_tree": 0.019, "frac_water": 0.0, "frac_crop": 0.017, "frac_grass": 0.01, "ndvi": 0.236, "ndbi": 0.015, "mndwi": -0.282, "albedo": 0.204, "building_height_mean": 0.0, "night_lights_mean": 0.0, "svf_proxy": 1.0, "suhii_night_ml": 1.715, "suhii_night_2031": 2.14, "suhii_night_2041": 2.9 }, "geometry": { "type": "Polygon", "coordinates": [ [ [ 79.07, 21.09 ], [ 79.07, 21.1 ], [ 79.08, 21.1 ], [ 79.08, 21.09 ], [ 79.07, 21.09 ] ] ] } },
{ "type": "Feature", "properties": { "cell_id": "C0304", "lon_center": 79.055, "lat_center": 21.095, "suhii_day": -2.25, "suhii_night": 0.44, "suhii_day_normalized": -0.855, "suhii_night_normalized": 0.035, "lst_day": 37.8, "lst_night": 25.71, "frac_built": 0.385, "frac_tree": 0.322, "frac_water": 0.05, "frac_crop": 0.135, "frac_grass": 0.096, "ndvi": 0.383, "ndbi": -0.026, "mndwi": -0.366, "albedo": 0.179, "building_height_mean": 0.0, "night_lights_mean": 0.0, "svf_proxy": 1.0, "suhii_night_ml": 0.035, "suhii_night_2031": 0.45, "suhii_night_2041": 1.21 }, "geometry": { "type": "Polygon", "coordinates": [ [ [ 79.05, 21.09 ], [ 79.05, 21.1 ], [ 79.06, 21.1 ], [ 79.06, 21.09 ], [ 79.05, 21.09 ] ] ] } },
{ "type": "Feature", "properties": { "cell_id": "C0383", "lon_center": 79.095, "lat_center": 21.085, "suhii_day": -3.44, "suhii_night": 2.98, "suhii_day_normalized": -1.485, "suhii_night_normalized": 1.875, "lst_day": 36.61, "lst_night": 28.25, "frac_built": 0.709, "frac_tree": 0.0, "frac_water": 0.0, "frac_crop": 0.24, "frac_grass": 0.051, "ndvi": 0.291, "ndbi": 0.012, "mndwi": -0.335, "albedo": 0.212, "building_height_mean": 0.0, "night_lights_mean": 0.0, "svf_proxy": 1.0, "suhii_night_ml": 1.875, "suhii_night_2031": 2.3, "suhii_night_2041": 3.06 }, "geometry": { "type": "Polygon", "coordinates": [ [ [ 79.100000000000108, 21.09 ], [ 79.100000000000108, 21.088760421899536 ], [ 79.099288, 21.0887045 ], [ 79.0981507, 21.089245 ], [ 79.097417384226958, 21.09 ], [ 79.100000000000108, 21.09 ] ] ] } },
{ "type": "Feature", "properties": { "cell_id": "C0423", "lon_center": 79.115, "lat_center": 21.085, "suhii_day": -3.46, "suhii_night": 2.72, "suhii_day_normalized": -1.505, "suhii_night_normalized": 1.615, "lst_day": 36.59, "lst_night": 27.99, "frac_built": 0.313, "frac_tree": 0.024, "frac_water": 0.0, "frac_crop": 0.514, "frac_grass": 0.148, "ndvi": 0.34, "ndbi": 0.001, "mndwi": -0.371, "albedo": 0.203, "building_height_mean": 0.0, "night_lights_mean": 0.0, "svf_proxy": 1.0, "suhii_night_ml": 1.615, "suhii_night_2031": 2.04, "suhii_night_2041": 2.8 }, "geometry": { "type": "Polygon", "coordinates": [ [ [ 79.110000000000113, 21.09 ], [ 79.11802600495318, 21.09 ], [ 79.1171622, 21.0890448 ], [ 79.1149092, 21.0875633 ], [ 79.1130852, 21.0874632 ], [ 79.1113472, 21.0879837 ], [ 79.110000000000113, 21.088794308362299 ], [ 79.110000000000113, 21.09 ] ] ] } },
{ "type": "Feature", "properties": { "cell_id": "C0403", "lon_center": 79.105, "lat_center": 21.085, "suhii_day": -3.41, "suhii_night": 2.99, "suhii_day_normalized": -1.455, "suhii_night_normalized": 1.885, "lst_day": 36.64, "lst_night": 28.26, "frac_built": 0.725, "frac_tree": 0.0, "frac_water": 0.0, "frac_crop": 0.151, "frac_grass": 0.124, "ndvi": 0.293, "ndbi": 0.009, "mndwi": -0.335, "albedo": 0.207, "building_height_mean": 0.0, "night_lights_mean": 0.0, "svf_proxy": 1.0, "suhii_night_ml": 1.885, "suhii_night_2031": 2.31, "suhii_night_2041": 3.06 }, "geometry": { "type": "MultiPolygon", "coordinates": [ [ [ [ 79.110000000000113, 21.09 ], [ 79.110000000000113, 21.088794308362299 ], [ 79.1090512, 21.0893652 ], [ 79.108557181907756, 21.09 ], [ 79.110000000000113, 21.09 ] ] ], [ [ [ 79.100000000000108, 21.09 ], [ 79.105529619362528, 21.09 ], [ 79.103322, 21.0892851 ], [ 79.1013264, 21.0888646 ], [ 79.100000000000108, 21.088760421899536 ], [ 79.100000000000108, 21.09 ] ] ] ] } },
{ "type": "Feature", "properties": { "cell_id": "C0424", "lon_center": 79.115, "lat_center": 21.095, "suhii_day": -3.37, "suhii_night": 2.07, "suhii_day_normalized": -1.825, "suhii_night_normalized": 0.782, "lst_day": 36.68, "lst_night": 27.34, "frac_built": 0.821, "frac_tree": 0.004, "frac_water": 0.0, "frac_crop": 0.118, "frac_grass": 0.052, "ndvi": 0.225, "ndbi": 0.043, "mndwi": -0.307, "albedo": 0.207, "building_height_mean": 0.0, "night_lights_mean": 0.0, "svf_proxy": 1.0, "suhii_night_ml": 0.782, "suhii_night_2031": 1.2, "suhii_night_2041": 1.96 }, "geometry": { "type": "Polygon", "coordinates": [ [ [ 79.110000000000113, 21.09 ], [ 79.110000000000113, 21.1 ], [ 79.117713933201983, 21.1 ], [ 79.1173768, 21.0992349 ], [ 79.1169262, 21.0978536 ], [ 79.1173768, 21.0954312 ], [ 79.1173982, 21.0943101 ], [ 79.1189003, 21.0909668 ], [ 79.11802600495318, 21.09 ], [ 79.110000000000113, 21.09 ] ] ] } },
{ "type": "Feature", "properties": { "cell_id": "C0404", "lon_center": 79.105, "lat_center": 21.095, "suhii_day": -3.51, "suhii_night": 2.26, "suhii_day_normalized": -1.965, "suhii_night_normalized": 0.972, "lst_day": 36.54, "lst_night": 27.53, "frac_built": 0.953, "frac_tree": 0.001, "frac_water": 0.0, "frac_crop": 0.026, "frac_grass": 0.02, "ndvi": 0.226, "ndbi": 0.032, "mndwi": -0.291, "albedo": 0.205, "building_height_mean": 0.0, "night_lights_mean": 0.0, "svf_proxy": 1.0, "suhii_night_ml": 0.972, "suhii_night_2031": 1.39, "suhii_night_2041": 2.15 }, "geometry": { "type": "Polygon", "coordinates": [ [ [ 79.100000000000108, 21.09 ], [ 79.100000000000108, 21.1 ], [ 79.110000000000113, 21.1 ], [ 79.110000000000113, 21.09 ], [ 79.108557181907756, 21.09 ], [ 79.1079139, 21.0908266 ], [ 79.1059184, 21.0901259 ], [ 79.105529619362528, 21.09 ], [ 79.100000000000108, 21.09 ] ] ] } },
{ "type": "Feature", "properties": { "cell_id": "C0384", "lon_center": 79.095, "lat_center": 21.095, "suhii_day": -3.75, "suhii_night": 2.09, "suhii_day_normalized": -2.355, "suhii_night_normalized": 1.685, "lst_day": 36.3, "lst_night": 27.36, "frac_built": 0.722, "frac_tree": 0.025, "frac_water": 0.0, "frac_crop": 0.12, "frac_grass": 0.131, "ndvi": 0.285, "ndbi": 0.019, "mndwi": -0.335, "albedo": 0.203, "building_height_mean": 0.0, "night_lights_mean": 0.0, "svf_proxy": 1.0, "suhii_night_ml": 1.685, "suhii_night_2031": 2.1, "suhii_night_2041": 2.86 }, "geometry": { "type": "Polygon", "coordinates": [ [ [ 79.090000000000103, 21.1 ], [ 79.100000000000108, 21.1 ], [ 79.100000000000108, 21.09 ], [ 79.097417384226958, 21.09 ], [ 79.0969062, 21.0905263 ], [ 79.0959406, 21.0913472 ], [ 79.0940952, 21.092168 ], [ 79.0923786, 21.0929888 ], [ 79.0904259, 21.0945303 ], [ 79.090000000000103, 21.094788796113235 ], [ 79.090000000000103, 21.1 ] ] ] } },
{ "type": "Feature", "properties": { "cell_id": "C0425", "lon_center": 79.115, "lat_center": 21.105, "suhii_day": -3.04, "suhii_night": 4.35, "suhii_day_normalized": -0.773, "suhii_night_normalized": 4.294, "lst_day": 37.01, "lst_night": 29.62, "frac_built": 0.99, "frac_tree": 0.003, "frac_water": 0.0, "frac_crop": 0.002, "frac_grass": 0.003, "ndvi": 0.2, "ndbi": 0.043, "mndwi": -0.276, "albedo": 0.199, "building_height_mean": 0.0, "night_lights_mean": 0.0, "svf_proxy": 1.0, "suhii_night_ml": 4.294, "suhii_night_2031": 4.71, "suhii_night_2041": 5.47 }, "geometry": { "type": "Polygon", "coordinates": [ [ [ 79.110000000000113, 21.1 ], [ 79.110000000000113, 21.11 ], [ 79.120000000000118, 21.11 ], [ 79.120000000000118, 21.103600537271621 ], [ 79.1199517, 21.103599 ], [ 79.1187715, 21.1030385 ], [ 79.1181707, 21.1010366 ], [ 79.117713933201983, 21.1 ], [ 79.110000000000113, 21.1 ] ] ] } },
{ "type": "Feature", "properties": { "cell_id": "C0223", "lon_center": 79.015, "lat_center": 21.085, "suhii_day": -0.68, "suhii_night": -2.96, "suhii_day_normalized": 0.715, "suhii_night_normalized": -3.365, "lst_day": 39.37, "lst_night": 22.31, "frac_built": 0.042, "frac_tree": 0.0, "frac_water": 0.0, "frac_crop": 0.458, "frac_grass": 0.499, "ndvi": 0.284, "ndbi": 0.1, "mndwi": -0.442, "albedo": 0.168, "building_height_mean": 0.0, "night_lights_mean": 0.0, "svf_proxy": 1.0, "suhii_night_ml": -3.365, "suhii_night_2031": -2.94, "suhii_night_2041": -2.19 }, "geometry": { "type": "Polygon", "coordinates": [ [ [ 79.02, 21.09 ], [ 79.02, 21.08 ], [ 79.013632378491806, 21.08 ], [ 79.0136932, 21.0808963 ], [ 79.0131354, 21.0842599 ], [ 79.0118586, 21.087333 ], [ 79.0110701, 21.087368 ], [ 79.0116628, 21.0891273 ], [ 79.010980018075742, 21.09 ], [ 79.02, 21.09 ] ] ] } },
{ "type": "Feature", "properties": { "cell_id": "C0283", "lon_center": 79.045, "lat_center": 21.085, "suhii_day": -1.69, "suhii_night": 4.99, "suhii_day_normalized": -0.295, "suhii_night_normalized": 4.585, "lst_day": 38.36, "lst_night": 30.26, "frac_built": 0.149, "frac_tree": 0.154, "frac_water": 0.0, "frac_crop": 0.138, "frac_grass": 0.296, "ndvi": 0.378, "ndbi": 0.042, "mndwi": -0.465, "albedo": 0.174, "building_height_mean": 0.0, "night_lights_mean": 0.0, "svf_proxy": 1.0, "suhii_night_ml": 4.585, "suhii_night_2031": 5.0, "suhii_night_2041": 5.76 }, "geometry": { "type": "Polygon", "coordinates": [ [ [ 79.04, 21.08 ], [ 79.04, 21.09 ], [ 79.05, 21.09 ], [ 79.05, 21.08 ], [ 79.04, 21.08 ] ] ] } },
{ "type": "Feature", "properties": { "cell_id": "C0263", "lon_center": 79.035, "lat_center": 21.085, "suhii_day": -0.99, "suhii_night": 4.34, "suhii_day_normalized": 0.405, "suhii_night_normalized": 3.935, "lst_day": 39.06, "lst_night": 29.61, "frac_built": 0.073, "frac_tree": 0.144, "frac_water": 0.0, "frac_crop": 0.32, "frac_grass": 0.314, "ndvi": 0.36, "ndbi": 0.078, "mndwi": -0.474, "albedo": 0.167, "building_height_mean": 0.0, "night_lights_mean": 0.0, "svf_proxy": 1.0, "suhii_night_ml": 3.935, "suhii_night_2031": 4.36, "suhii_night_2041": 5.12 }, "geometry": { "type": "Polygon", "coordinates": [ [ [ 79.03, 21.08 ], [ 79.03, 21.09 ], [ 79.04, 21.09 ], [ 79.04, 21.08 ], [ 79.03, 21.08 ] ] ] } },
{ "type": "Feature", "properties": { "cell_id": "C0243", "lon_center": 79.025, "lat_center": 21.085, "suhii_day": -0.74, "suhii_night": 0.26, "suhii_day_normalized": 0.655, "suhii_night_normalized": -0.145, "lst_day": 39.31, "lst_night": 25.53, "frac_built": 0.028, "frac_tree": 0.052, "frac_water": 0.0, "frac_crop": 0.529, "frac_grass": 0.383, "ndvi": 0.34, "ndbi": 0.088, "mndwi": -0.468, "albedo": 0.171, "building_height_mean": 0.0, "night_lights_mean": 0.0, "svf_proxy": 1.0, "suhii_night_ml": -0.145, "suhii_night_2031": 0.28, "suhii_night_2041": 1.03 }, "geometry": { "type": "Polygon", "coordinates": [ [ [ 79.02, 21.08 ], [ 79.02, 21.09 ], [ 79.03, 21.09 ], [ 79.03, 21.08 ], [ 79.02, 21.08 ] ] ] } },
{ "type": "Feature", "properties": { "cell_id": "C0264", "lon_center": 79.035, "lat_center": 21.095, "suhii_day": -1.69, "suhii_night": 0.82, "suhii_day_normalized": -0.295, "suhii_night_normalized": 0.415, "lst_day": 38.36, "lst_night": 26.09, "frac_built": 0.096, "frac_tree": 0.249, "frac_water": 0.0, "frac_crop": 0.207, "frac_grass": 0.314, "ndvi": 0.423, "ndbi": 0.027, "mndwi": -0.468, "albedo": 0.159, "building_height_mean": 0.0, "night_lights_mean": 0.0, "svf_proxy": 1.0, "suhii_night_ml": 0.415, "suhii_night_2031": 0.84, "suhii_night_2041": 1.6 }, "geometry": { "type": "Polygon", "coordinates": [ [ [ 79.03, 21.09 ], [ 79.03, 21.1 ], [ 79.04, 21.1 ], [ 79.04, 21.09 ], [ 79.03, 21.09 ] ] ] } },
{ "type": "Feature", "properties": { "cell_id": "C0244", "lon_center": 79.025, "lat_center": 21.095, "suhii_day": -1.78, "suhii_night": -1.28, "suhii_day_normalized": -0.385, "suhii_night_normalized": -1.685, "lst_day": 38.27, "lst_night": 23.99, "frac_built": 0.072, "frac_tree": 0.057, "frac_water": 0.0, "frac_crop": 0.416, "frac_grass": 0.425, "ndvi": 0.348, "ndbi": 0.069, "mndwi": -0.456, "albedo": 0.16, "building_height_mean": 0.0, "night_lights_mean": 0.0, "svf_proxy": 1.0, "suhii_night_ml": -1.685, "suhii_night_2031": -1.27, "suhii_night_2041": -0.51 }, "geometry": { "type": "Polygon", "coordinates": [ [ [ 79.02, 21.09 ], [ 79.02, 21.1 ], [ 79.03, 21.1 ], [ 79.03, 21.09 ], [ 79.02, 21.09 ] ] ] } },
{ "type": "Feature", "properties": { "cell_id": "C0284", "lon_center": 79.045, "lat_center": 21.095, "suhii_day": -1.73, "suhii_night": 1.47, "suhii_day_normalized": -0.335, "suhii_night_normalized": 1.065, "lst_day": 38.32, "lst_night": 26.74, "frac_built": 0.36, "frac_tree": 0.004, "frac_water": 0.002, "frac_crop": 0.306, "frac_grass": 0.309, "ndvi": 0.272, "ndbi": 0.093, "mndwi": -0.423, "albedo": 0.175, "building_height_mean": 0.0, "night_lights_mean": 0.0, "svf_proxy": 1.0, "suhii_night_ml": 1.065, "suhii_night_2031": 1.48, "suhii_night_2041": 2.24 }, "geometry": { "type": "Polygon", "coordinates": [ [ [ 79.04, 21.09 ], [ 79.04, 21.1 ], [ 79.05, 21.1 ], [ 79.05, 21.09 ], [ 79.04, 21.09 ] ] ] } },
{ "type": "Feature", "properties": { "cell_id": "C0224", "lon_center": 79.015, "lat_center": 21.095, "suhii_day": -1.8, "suhii_night": -2.68, "suhii_day_normalized": -0.405, "suhii_night_normalized": -3.085, "lst_day": 38.25, "lst_night": 22.59, "frac_built": 0.149, "frac_tree": 0.342, "frac_water": 0.0, "frac_crop": 0.113, "frac_grass": 0.375, "ndvi": 0.435, "ndbi": 0.002, "mndwi": -0.464, "albedo": 0.168, "building_height_mean": 0.0, "night_lights_mean": 0.0, "svf_proxy": 1.0, "suhii_night_ml": -3.085, "suhii_night_2031": -2.66, "suhii_night_2041": -1.9 }, "geometry": { "type": "Polygon", "coordinates": [ [ [ 79.01, 21.1 ], [ 79.02, 21.1 ], [ 79.02, 21.09 ], [ 79.010980018075742, 21.09 ], [ 79.01, 21.091252613381034 ], [ 79.01, 21.1 ] ] ] } },
{ "type": "Feature", "properties": { "cell_id": "C0265", "lon_center": 79.035, "lat_center": 21.105, "suhii_day": -2.06, "suhii_night": 1.83, "suhii_day_normalized": -0.533, "suhii_night_normalized": 0.082, "lst_day": 37.99, "lst_night": 27.1, "frac_built": 0.349, "frac_tree": 0.03, "frac_water": 0.0, "frac_crop": 0.218, "frac_grass": 0.353, "ndvi": 0.3, "ndbi": 0.063, "mndwi": -0.417, "albedo": 0.177, "building_height_mean": 0.0, "night_lights_mean": 0.0, "svf_proxy": 1.0, "suhii_night_ml": 0.082, "suhii_night_2031": 0.5, "suhii_night_2041": 1.26 }, "geometry": { "type": "Polygon", "coordinates": [ [ [ 79.03, 21.1 ], [ 79.03, 21.11 ], [ 79.04, 21.11 ], [ 79.04, 21.1 ], [ 79.03, 21.1 ] ] ] } },
{ "type": "Feature", "properties": { "cell_id": "C0245", "lon_center": 79.025, "lat_center": 21.105, "suhii_day": -2.41, "suhii_night": 0.33, "suhii_day_normalized": -0.883, "suhii_night_normalized": -1.418, "lst_day": 37.64, "lst_night": 25.6, "frac_built": 0.348, "frac_tree": 0.08, "frac_water": 0.0, "frac_crop": 0.338, "frac_grass": 0.22, "ndvi": 0.344, "ndbi": 0.016, "mndwi": -0.392, "albedo": 0.184, "building_height_mean": 0.0, "night_lights_mean": 0.0, "svf_proxy": 1.0, "suhii_night_ml": -1.418, "suhii_night_2031": -1.0, "suhii_night_2041": -0.24 }, "geometry": { "type": "Polygon", "coordinates": [ [ [ 79.02, 21.1 ], [ 79.02, 21.11 ], [ 79.03, 21.11 ], [ 79.03, 21.1 ], [ 79.02, 21.1 ] ] ] } },
{ "type": "Feature", "properties": { "cell_id": "C0324", "lon_center": 79.065, "lat_center": 21.095, "suhii_day": -3.33, "suhii_night": 1.99, "suhii_day_normalized": -1.935, "suhii_night_normalized": 1.585, "lst_day": 36.72, "lst_night": 27.26, "frac_built": 0.62, "frac_tree": 0.31, "frac_water": 0.0, "frac_crop": 0.022, "frac_grass": 0.036, "ndvi": 0.361, "ndbi": -0.028, "mndwi": -0.35, "albedo": 0.179, "building_height_mean": 0.0, "night_lights_mean": 0.0, "svf_proxy": 1.0, "suhii_night_ml": 1.585, "suhii_night_2031": 2.0, "suhii_night_2041": 2.76 }, "geometry": { "type": "Polygon", "coordinates": [ [ [ 79.06, 21.09 ], [ 79.06, 21.1 ], [ 79.07, 21.1 ], [ 79.07, 21.09 ], [ 79.06, 21.09 ] ] ] } },
{ "type": "Feature", "properties": { "cell_id": "C0325", "lon_center": 79.065, "lat_center": 21.105, "suhii_day": -3.64, "suhii_night": 3.43, "suhii_day_normalized": -2.113, "suhii_night_normalized": 1.682, "lst_day": 36.41, "lst_night": 28.7, "frac_built": 0.859, "frac_tree": 0.077, "frac_water": 0.0, "frac_crop": 0.03, "frac_grass": 0.016, "ndvi": 0.271, "ndbi": 0.017, "mndwi": -0.317, "albedo": 0.186, "building_height_mean": 0.0, "night_lights_mean": 0.0, "svf_proxy": 1.0, "suhii_night_ml": 1.682, "suhii_night_2031": 2.1, "suhii_night_2041": 2.86 }, "geometry": { "type": "Polygon", "coordinates": [ [ [ 79.06, 21.1 ], [ 79.06, 21.11 ], [ 79.07, 21.11 ], [ 79.07, 21.1 ], [ 79.06, 21.1 ] ] ] } },
{ "type": "Feature", "properties": { "cell_id": "C0345", "lon_center": 79.075, "lat_center": 21.105, "suhii_day": -3.39, "suhii_night": 3.15, "suhii_day_normalized": -1.863, "suhii_night_normalized": 1.402, "lst_day": 36.66, "lst_night": 28.42, "frac_built": 0.81, "frac_tree": 0.139, "frac_water": 0.0, "frac_crop": 0.006, "frac_grass": 0.03, "ndvi": 0.266, "ndbi": 0.011, "mndwi": -0.305, "albedo": 0.188, "building_height_mean": 0.0, "night_lights_mean": 0.0, "svf_proxy": 1.0, "suhii_night_ml": 1.402, "suhii_night_2031": 1.82, "suhii_night_2041": 2.58 }, "geometry": { "type": "Polygon", "coordinates": [ [ [ 79.07, 21.1 ], [ 79.07, 21.11 ], [ 79.08, 21.11 ], [ 79.08, 21.1 ], [ 79.07, 21.1 ] ] ] } },
{ "type": "Feature", "properties": { "cell_id": "C0365", "lon_center": 79.085, "lat_center": 21.105, "suhii_day": -3.33, "suhii_night": 3.18, "suhii_day_normalized": -1.803, "suhii_night_normalized": 1.432, "lst_day": 36.72, "lst_night": 28.45, "frac_built": 0.951, "frac_tree": 0.025, "frac_water": 0.0, "frac_crop": 0.012, "frac_grass": 0.012, "ndvi": 0.234, "ndbi": 0.032, "mndwi": -0.294, "albedo": 0.2, "building_height_mean": 0.0, "night_lights_mean": 0.0, "svf_proxy": 1.0, "suhii_night_ml": 1.432, "suhii_night_2031": 1.85, "suhii_night_2041": 2.61 }, "geometry": { "type": "Polygon", "coordinates": [ [ [ 79.08, 21.1 ], [ 79.08, 21.11 ], [ 79.090000000000103, 21.11 ], [ 79.090000000000103, 21.1 ], [ 79.08, 21.1 ] ] ] } },
{ "type": "Feature", "properties": { "cell_id": "C0305", "lon_center": 79.055, "lat_center": 21.105, "suhii_day": -3.24, "suhii_night": 3.78, "suhii_day_normalized": -1.713, "suhii_night_normalized": 2.032, "lst_day": 36.81, "lst_night": 29.05, "frac_built": 0.696, "frac_tree": 0.232, "frac_water": 0.039, "frac_crop": 0.017, "frac_grass": 0.014, "ndvi": 0.3, "ndbi": -0.012, "mndwi": -0.31, "albedo": 0.185, "building_height_mean": 0.0, "night_lights_mean": 0.0, "svf_proxy": 1.0, "suhii_night_ml": 2.032, "suhii_night_2031": 2.45, "suhii_night_2041": 3.21 }, "geometry": { "type": "Polygon", "coordinates": [ [ [ 79.05, 21.1 ], [ 79.05, 21.11 ], [ 79.06, 21.11 ], [ 79.06, 21.1 ], [ 79.05, 21.1 ] ] ] } },
{ "type": "Feature", "properties": { "cell_id": "C0326", "lon_center": 79.065, "lat_center": 21.115, "suhii_day": -3.39, "suhii_night": 4.81, "suhii_day_normalized": -1.863, "suhii_night_normalized": 3.062, "lst_day": 36.66, "lst_night": 30.08, "frac_built": 0.786, "frac_tree": 0.183, "frac_water": 0.0, "frac_crop": 0.003, "frac_grass": 0.019, "ndvi": 0.309, "ndbi": -0.002, "mndwi": -0.324, "albedo": 0.183, "building_height_mean": 0.0, "night_lights_mean": 0.0, "svf_proxy": 1.0, "suhii_night_ml": 3.062, "suhii_night_2031": 3.48, "suhii_night_2041": 4.24 }, "geometry": { "type": "Polygon", "coordinates": [ [ [ 79.06, 21.11 ], [ 79.06, 21.12 ], [ 79.07, 21.12 ], [ 79.07, 21.11 ], [ 79.06, 21.11 ] ] ] } },
{ "type": "Feature", "properties": { "cell_id": "C0306", "lon_center": 79.055, "lat_center": 21.115, "suhii_day": -3.67, "suhii_night": 4.74, "suhii_day_normalized": -2.143, "suhii_night_normalized": 2.992, "lst_day": 36.38, "lst_night": 30.01, "frac_built": 0.905, "frac_tree": 0.049, "frac_water": 0.0, "frac_crop": 0.014, "frac_grass": 0.027, "ndvi": 0.276, "ndbi": 0.011, "mndwi": -0.311, "albedo": 0.192, "building_height_mean": 0.0, "night_lights_mean": 0.0, "svf_proxy": 1.0, "suhii_night_ml": 2.992, "suhii_night_2031": 3.41, "suhii_night_2041": 4.17 }, "geometry": { "type": "Polygon", "coordinates": [ [ [ 79.05, 21.11 ], [ 79.05, 21.12 ], [ 79.06, 21.12 ], [ 79.06, 21.11 ], [ 79.05, 21.11 ] ] ] } },
{ "type": "Feature", "properties": { "cell_id": "C0366", "lon_center": 79.085, "lat_center": 21.115, "suhii_day": -2.86, "suhii_night": 4.53, "suhii_day_normalized": -1.333, "suhii_night_normalized": 2.782, "lst_day": 37.19, "lst_night": 29.8, "frac_built": 0.566, "frac_tree": 0.286, "frac_water": 0.0, "frac_crop": 0.028, "frac_grass": 0.076, "ndvi": 0.334, "ndbi": -0.004, "mndwi": -0.347, "albedo": 0.188, "building_height_mean": 0.0, "night_lights_mean": 0.0, "svf_proxy": 1.0, "suhii_night_ml": 2.782, "suhii_night_2031": 3.2, "suhii_night_2041": 3.96 }, "geometry": { "type": "Polygon", "coordinates": [ [ [ 79.08, 21.11 ], [ 79.08, 21.12 ], [ 79.090000000000103, 21.12 ], [ 79.090000000000103, 21.11 ], [ 79.08, 21.11 ] ] ] } },
{ "type": "Feature", "properties": { "cell_id": "C0346", "lon_center": 79.075, "lat_center": 21.115, "suhii_day": -3.13, "suhii_night": 4.64, "suhii_day_normalized": -1.603, "suhii_night_normalized": 2.892, "lst_day": 36.92, "lst_night": 29.91, "frac_built": 0.843, "frac_tree": 0.145, "frac_water": 0.0, "frac_crop": 0.006, "frac_grass": 0.006, "ndvi": 0.282, "ndbi": 0.003, "mndwi": -0.303, "albedo": 0.183, "building_height_mean": 0.0, "night_lights_mean": 0.0, "svf_proxy": 1.0, "suhii_night_ml": 2.892, "suhii_night_2031": 3.31, "suhii_night_2041": 4.07 }, "geometry": { "type": "Polygon", "coordinates": [ [ [ 79.07, 21.11 ], [ 79.07, 21.12 ], [ 79.08, 21.12 ], [ 79.08, 21.11 ], [ 79.07, 21.11 ] ] ] } },
{ "type": "Feature", "properties": { "cell_id": "C0327", "lon_center": 79.065, "lat_center": 21.125, "suhii_day": -3.41, "suhii_night": 4.22, "suhii_day_normalized": -1.883, "suhii_night_normalized": 2.472, "lst_day": 36.64, "lst_night": 29.49, "frac_built": 0.672, "frac_tree": 0.264, "frac_water": 0.0, "frac_crop": 0.018, "frac_grass": 0.043, "ndvi": 0.363, "ndbi": -0.04, "mndwi": -0.332, "albedo": 0.185, "building_height_mean": 0.0, "night_lights_mean": 0.0, "svf_proxy": 1.0, "suhii_night_ml": 2.472, "suhii_night_2031": 2.89, "suhii_night_2041": 3.65 }, "geometry": { "type": "Polygon", "coordinates": [ [ [ 79.06, 21.12 ], [ 79.06, 21.13 ], [ 79.07, 21.13 ], [ 79.07, 21.12 ], [ 79.06, 21.12 ] ] ] } },
{ "type": "Feature", "properties": { "cell_id": "C0285", "lon_center": 79.045, "lat_center": 21.105, "suhii_day": -2.28, "suhii_night": 3.15, "suhii_day_normalized": -0.753, "suhii_night_normalized": 1.402, "lst_day": 37.77, "lst_night": 28.42, "frac_built": 0.893, "frac_tree": 0.028, "frac_water": 0.0, "frac_crop": 0.02, "frac_grass": 0.054, "ndvi": 0.246, "ndbi": 0.021, "mndwi": -0.304, "albedo": 0.2, "building_height_mean": 0.0, "night_lights_mean": 0.0, "svf_proxy": 1.0, "suhii_night_ml": 1.402, "suhii_night_2031": 1.82, "suhii_night_2041": 2.58 }, "geometry": { "type": "Polygon", "coordinates": [ [ [ 79.04, 21.1 ], [ 79.04, 21.11 ], [ 79.05, 21.11 ], [ 79.05, 21.1 ], [ 79.04, 21.1 ] ] ] } },
{ "type": "Feature", "properties": { "cell_id": "C0225", "lon_center": 79.015, "lat_center": 21.105, "suhii_day": -2.73, "suhii_night": -0.33, "suhii_day_normalized": -1.203, "suhii_night_normalized": -2.078, "lst_day": 37.32, "lst_night": 24.94, "frac_built": 0.533, "frac_tree": 0.09, "frac_water": 0.0, "frac_crop": 0.175, "frac_grass": 0.195, "ndvi": 0.316, "ndbi": 0.019, "mndwi": -0.366, "albedo": 0.192, "building_height_mean": 0.0, "night_lights_mean": 0.0, "svf_proxy": 1.0, "suhii_night_ml": -2.078, "suhii_night_2031": -1.66, "suhii_night_2041": -0.9 }, "geometry": { "type": "Polygon", "coordinates": [ [ [ 79.02, 21.11 ], [ 79.02, 21.1 ], [ 79.01, 21.1 ], [ 79.01, 21.106785077081295 ], [ 79.0102386, 21.1071022 ], [ 79.0115905, 21.1090039 ], [ 79.012236714473516, 21.11 ], [ 79.02, 21.11 ] ] ] } },
{ "type": "Feature", "properties": { "cell_id": "C0226", "lon_center": 79.015, "lat_center": 21.115, "suhii_day": -2.51, "suhii_night": 0.79, "suhii_day_normalized": -0.983, "suhii_night_normalized": -0.958, "lst_day": 37.54, "lst_night": 26.06, "frac_built": 0.302, "frac_tree": 0.22, "frac_water": 0.0, "frac_crop": 0.092, "frac_grass": 0.368, "ndvi": 0.363, "ndbi": 0.025, "mndwi": -0.432, "albedo": 0.167, "building_height_mean": 0.0, "night_lights_mean": 0.0, "svf_proxy": 1.0, "suhii_night_ml": -0.958, "suhii_night_2031": -0.54, "suhii_night_2041": 0.22 }, "geometry": { "type": "Polygon", "coordinates": [ [ [ 79.02, 21.12 ], [ 79.02, 21.11 ], [ 79.012236714473516, 21.11 ], [ 79.0125775, 21.1105253 ], [ 79.0130281, 21.1119065 ], [ 79.0144229, 21.1143486 ], [ 79.0167188, 21.1173911 ], [ 79.0173411, 21.1187322 ], [ 79.017370316846169, 21.12 ], [ 79.02, 21.12 ] ] ] } },
{ "type": "Feature", "properties": { "cell_id": "C0266", "lon_center": 79.035, "lat_center": 21.115, "suhii_day": -2.7, "suhii_night": 2.85, "suhii_day_normalized": -1.173, "suhii_night_normalized": 1.102, "lst_day": 37.35, "lst_night": 28.12, "frac_built": 0.718, "frac_tree": 0.07, "frac_water": 0.0, "frac_crop": 0.072, "frac_grass": 0.134, "ndvi": 0.293, "ndbi": 0.006, "mndwi": -0.331, "albedo": 0.191, "building_height_mean": 0.0, "night_lights_mean": 0.0, "svf_proxy": 1.0, "suhii_night_ml": 1.102, "suhii_night_2031": 1.52, "suhii_night_2041": 2.28 }, "geometry": { "type": "Polygon", "coordinates": [ [ [ 79.03, 21.11 ], [ 79.03, 21.12 ], [ 79.04, 21.12 ], [ 79.04, 21.11 ], [ 79.03, 21.11 ] ] ] } },
{ "type": "Feature", "properties": { "cell_id": "C0286", "lon_center": 79.045, "lat_center": 21.115, "suhii_day": -3.26, "suhii_night": 3.94, "suhii_day_normalized": -1.733, "suhii_night_normalized": 2.192, "lst_day": 36.79, "lst_night": 29.21, "frac_built": 0.937, "frac_tree": 0.043, "frac_water": 0.0, "frac_crop": 0.011, "frac_grass": 0.008, "ndvi": 0.23, "ndbi": 0.029, "mndwi": -0.29, "albedo": 0.197, "building_height_mean": 0.0, "night_lights_mean": 0.0, "svf_proxy": 1.0, "suhii_night_ml": 2.192, "suhii_night_2031": 2.61, "suhii_night_2041": 3.37 }, "geometry": { "type": "Polygon", "coordinates": [ [ [ 79.04, 21.11 ], [ 79.04, 21.12 ], [ 79.05, 21.12 ], [ 79.05, 21.11 ], [ 79.04, 21.11 ] ] ] } },
{ "type": "Feature", "properties": { "cell_id": "C0246", "lon_center": 79.025, "lat_center": 21.115, "suhii_day": -2.53, "suhii_night": 1.78, "suhii_day_normalized": -1.003, "suhii_night_normalized": 0.032, "lst_day": 37.52, "lst_night": 27.05, "frac_built": 0.725, "frac_tree": 0.056, "frac_water": 0.0, "frac_crop": 0.076, "frac_grass": 0.14, "ndvi": 0.27, "ndbi": 0.024, "mndwi": -0.328, "albedo": 0.194, "building_height_mean": 0.0, "night_lights_mean": 0.0, "svf_proxy": 1.0, "suhii_night_ml": 0.032, "suhii_night_2031": 0.45, "suhii_night_2041": 1.21 }, "geometry": { "type": "Polygon", "coordinates": [ [ [ 79.02, 21.11 ], [ 79.02, 21.12 ], [ 79.03, 21.12 ], [ 79.03, 21.11 ], [ 79.02, 21.11 ] ] ] } },
{ "type": "Feature", "properties": { "cell_id": "C0227", "lon_center": 79.015, "lat_center": 21.125, "suhii_day": -1.56, "suhii_night": 2.0, "suhii_day_normalized": 0.395, "suhii_night_normalized": 0.895, "lst_day": 38.49, "lst_night": 27.27, "frac_built": 0.02, "frac_tree": 0.228, "frac_water": 0.0, "frac_crop": 0.132, "frac_grass": 0.571, "ndvi": 0.382, "ndbi": 0.08, "mndwi": -0.501, "albedo": 0.14, "building_height_mean": 0.0, "night_lights_mean": 0.0, "svf_proxy": 1.0, "suhii_night_ml": 0.895, "suhii_night_2031": 1.32, "suhii_night_2041": 2.08 }, "geometry": { "type": "Polygon", "coordinates": [ [ [ 79.01, 21.13 ], [ 79.02, 21.13 ], [ 79.02, 21.12 ], [ 79.017370316846169, 21.12 ], [ 79.0174269, 21.1224553 ], [ 79.0178776, 21.1244568 ], [ 79.0164184, 21.1255777 ], [ 79.0127063, 21.1249973 ], [ 79.01, 21.124657812713963 ], [ 79.01, 21.13 ] ] ] } },
{ "type": "Feature", "properties": { "cell_id": "C0287", "lon_center": 79.045, "lat_center": 21.125, "suhii_day": -4.51, "suhii_night": 3.18, "suhii_day_normalized": -2.983, "suhii_night_normalized": 1.432, "lst_day": 35.54, "lst_night": 28.45, "frac_built": 0.41, "frac_tree": 0.288, "frac_water": 0.244, "frac_crop": 0.018, "frac_grass": 0.025, "ndvi": 0.361, "ndbi": -0.076, "mndwi": -0.277, "albedo": 0.153, "building_height_mean": 0.0, "night_lights_mean": 0.0, "svf_proxy": 1.0, "suhii_night_ml": 1.432, "suhii_night_2031": 1.85, "suhii_night_2041": 2.61 }, "geometry": { "type": "Polygon", "coordinates": [ [ [ 79.04, 21.12 ], [ 79.04, 21.13 ], [ 79.05, 21.13 ], [ 79.05, 21.12 ], [ 79.04, 21.12 ] ] ] } },
{ "type": "Feature", "properties": { "cell_id": "C0247", "lon_center": 79.025, "lat_center": 21.125, "suhii_day": -2.44, "suhii_night": 2.02, "suhii_day_normalized": -0.913, "suhii_night_normalized": 0.272, "lst_day": 37.61, "lst_night": 27.29, "frac_built": 0.131, "frac_tree": 0.144, "frac_water": 0.083, "frac_crop": 0.12, "frac_grass": 0.458, "ndvi": 0.438, "ndbi": 0.005, "mndwi": -0.468, "albedo": 0.165, "building_height_mean": 0.0, "night_lights_mean": 0.0, "svf_proxy": 1.0, "suhii_night_ml": 0.272, "suhii_night_2031": 0.69, "suhii_night_2041": 1.45 }, "geometry": { "type": "Polygon", "coordinates": [ [ [ 79.02, 21.12 ], [ 79.02, 21.13 ], [ 79.03, 21.13 ], [ 79.03, 21.12 ], [ 79.02, 21.12 ] ] ] } },
{ "type": "Feature", "properties": { "cell_id": "C0267", "lon_center": 79.035, "lat_center": 21.125, "suhii_day": -3.79, "suhii_night": 2.29, "suhii_day_normalized": -2.263, "suhii_night_normalized": 0.542, "lst_day": 36.26, "lst_night": 27.56, "frac_built": 0.104, "frac_tree": 0.16, "frac_water": 0.474, "frac_crop": 0.031, "frac_grass": 0.186, "ndvi": 0.453, "ndbi": -0.113, "mndwi": -0.342, "albedo": 0.139, "building_height_mean": 0.0, "night_lights_mean": 0.0, "svf_proxy": 1.0, "suhii_night_ml": 0.542, "suhii_night_2031": 0.96, "suhii_night_2041": 1.72 }, "geometry": { "type": "Polygon", "coordinates": [ [ [ 79.03, 21.12 ], [ 79.03, 21.13 ], [ 79.04, 21.13 ], [ 79.04, 21.12 ], [ 79.03, 21.12 ] ] ] } },
{ "type": "Feature", "properties": { "cell_id": "C0385", "lon_center": 79.095, "lat_center": 21.105, "suhii_day": -3.22, "suhii_night": 4.12, "suhii_day_normalized": -1.693, "suhii_night_normalized": 2.372, "lst_day": 36.83, "lst_night": 29.39, "frac_built": 0.968, "frac_tree": 0.01, "frac_water": 0.0, "frac_crop": 0.01, "frac_grass": 0.009, "ndvi": 0.199, "ndbi": 0.045, "mndwi": -0.279, "albedo": 0.201, "building_height_mean": 0.0, "night_lights_mean": 0.0, "svf_proxy": 1.0, "suhii_night_ml": 2.372, "suhii_night_2031": 2.79, "suhii_night_2041": 3.55 }, "geometry": { "type": "Polygon", "coordinates": [ [ [ 79.090000000000103, 21.1 ], [ 79.090000000000103, 21.11 ], [ 79.100000000000108, 21.11 ], [ 79.100000000000108, 21.1 ], [ 79.090000000000103, 21.1 ] ] ] } },
{ "type": "Feature", "properties": { "cell_id": "C0405", "lon_center": 79.105, "lat_center": 21.105, "suhii_day": -3.02, "suhii_night": 3.93, "suhii_day_normalized": -0.753, "suhii_night_normalized": 3.874, "lst_day": 37.03, "lst_night": 29.2, "frac_built": 0.991, "frac_tree": 0.006, "frac_water": 0.0, "frac_crop": 0.002, "frac_grass": 0.002, "ndvi": 0.185, "ndbi": 0.051, "mndwi": -0.27, "albedo": 0.202, "building_height_mean": 0.0, "night_lights_mean": 0.0, "svf_proxy": 1.0, "suhii_night_ml": 3.874, "suhii_night_2031": 4.29, "suhii_night_2041": 5.05 }, "geometry": { "type": "Polygon", "coordinates": [ [ [ 79.100000000000108, 21.1 ], [ 79.100000000000108, 21.11 ], [ 79.110000000000113, 21.11 ], [ 79.110000000000113, 21.1 ], [ 79.100000000000108, 21.1 ] ] ] } },
{ "type": "Feature", "properties": { "cell_id": "C0445", "lon_center": 79.125, "lat_center": 21.105, "suhii_day": -3.08, "suhii_night": 4.9, "suhii_day_normalized": -0.813, "suhii_night_normalized": 4.844, "lst_day": 36.97, "lst_night": 30.17, "frac_built": 0.957, "frac_tree": 0.035, "frac_water": 0.0, "frac_crop": 0.001, "frac_grass": 0.004, "ndvi": 0.202, "ndbi": 0.042, "mndwi": -0.279, "albedo": 0.198, "building_height_mean": 0.0, "night_lights_mean": 0.0, "svf_proxy": 1.0, "suhii_night_ml": 4.844, "suhii_night_2031": 5.26, "suhii_night_2041": 6.02 }, "geometry": { "type": "Polygon", "coordinates": [ [ [ 79.120000000000118, 21.11 ], [ 79.130000000000123, 21.11 ], [ 79.130000000000123, 21.105957873974461 ], [ 79.1294145, 21.1056809 ], [ 79.1280198, 21.1045999 ], [ 79.1268182, 21.1038993 ], [ 79.1248441, 21.1034789 ], [ 79.12184, 21.1036591 ], [ 79.120000000000118, 21.103600537271621 ], [ 79.120000000000118, 21.11 ] ] ] } },
{ "type": "Feature", "properties": { "cell_id": "C0426", "lon_center": 79.115, "lat_center": 21.115, "suhii_day": -2.55, "suhii_night": 5.43, "suhii_day_normalized": -0.283, "suhii_night_normalized": 5.374, "lst_day": 37.5, "lst_night": 30.7, "frac_built": 0.945, "frac_tree": 0.032, "frac_water": 0.0, "frac_crop": 0.001, "frac_grass": 0.019, "ndvi": 0.212, "ndbi": 0.038, "mndwi": -0.283, "albedo": 0.196, "building_height_mean": 0.0, "night_lights_mean": 0.0, "svf_proxy": 1.0, "suhii_night_ml": 5.374, "suhii_night_2031": 5.79, "suhii_night_2041": 6.55 }, "geometry": { "type": "Polygon", "coordinates": [ [ [ 79.110000000000113, 21.11 ], [ 79.110000000000113, 21.12 ], [ 79.120000000000118, 21.12 ], [ 79.120000000000118, 21.11 ], [ 79.110000000000113, 21.11 ] ] ] } },
{ "type": "Feature", "properties": { "cell_id": "C0386", "lon_center": 79.095, "lat_center": 21.115, "suhii_day": -2.62, "suhii_night": 5.07, "suhii_day_normalized": -1.093, "suhii_night_normalized": 3.322, "lst_day": 37.43, "lst_night": 30.34, "frac_built": 0.985, "frac_tree": 0.008, "frac_water": 0.0, "frac_crop": 0.0, "frac_grass": 0.004, "ndvi": 0.174, "ndbi": 0.065, "mndwi": -0.278, "albedo": 0.2, "building_height_mean": 0.0, "night_lights_mean": 0.0, "svf_proxy": 1.0, "suhii_night_ml": 3.322, "suhii_night_2031": 3.74, "suhii_night_2041": 4.5 }, "geometry": { "type": "Polygon", "coordinates": [ [ [ 79.090000000000103, 21.11 ], [ 79.090000000000103, 21.12 ], [ 79.100000000000108, 21.12 ], [ 79.100000000000108, 21.11 ], [ 79.090000000000103, 21.11 ] ] ] } },
{ "type": "Feature", "properties": { "cell_id": "C0446", "lon_center": 79.125, "lat_center": 21.115, "suhii_day": -3.03, "suhii_night": 5.18, "suhii_day_normalized": -0.763, "suhii_night_normalized": 5.124, "lst_day": 37.02, "lst_night": 30.45, "frac_built": 0.89, "frac_tree": 0.033, "frac_water": 0.0, "frac_crop": 0.017, "frac_grass": 0.04, "ndvi": 0.195, "ndbi": 0.059, "mndwi": -0.289, "albedo": 0.199, "building_height_mean": 0.0, "night_lights_mean": 0.0, "svf_proxy": 1.0, "suhii_night_ml": 5.124, "suhii_night_2031": 5.54, "suhii_night_2041": 6.3 }, "geometry": { "type": "Polygon", "coordinates": [ [ [ 79.120000000000118, 21.11 ], [ 79.120000000000118, 21.12 ], [ 79.130000000000123, 21.12 ], [ 79.130000000000123, 21.11 ], [ 79.120000000000118, 21.11 ] ] ] } },
{ "type": "Feature", "properties": { "cell_id": "C0406", "lon_center": 79.105, "lat_center": 21.115, "suhii_day": -2.5, "suhii_night": 5.33, "suhii_day_normalized": -0.233, "suhii_night_normalized": 5.274, "lst_day": 37.55, "lst_night": 30.6, "frac_built": 0.981, "frac_tree": 0.007, "frac_water": 0.0, "frac_crop": 0.002, "frac_grass": 0.008, "ndvi": 0.176, "ndbi": 0.06, "mndwi": -0.272, "albedo": 0.202, "building_height_mean": 0.0, "night_lights_mean": 0.0, "svf_proxy": 1.0, "suhii_night_ml": 5.274, "suhii_night_2031": 5.69, "suhii_night_2041": 6.45 }, "geometry": { "type": "Polygon", "coordinates": [ [ [ 79.100000000000108, 21.11 ], [ 79.100000000000108, 21.12 ], [ 79.110000000000113, 21.12 ], [ 79.110000000000113, 21.11 ], [ 79.100000000000108, 21.11 ] ] ] } },
{ "type": "Feature", "properties": { "cell_id": "C0447", "lon_center": 79.125, "lat_center": 21.125, "suhii_day": -3.08, "suhii_night": 4.96, "suhii_day_normalized": -0.813, "suhii_night_normalized": 4.904, "lst_day": 36.97, "lst_night": 30.23, "frac_built": 0.773, "frac_tree": 0.177, "frac_water": 0.0, "frac_crop": 0.032, "frac_grass": 0.01, "ndvi": 0.266, "ndbi": 0.018, "mndwi": -0.313, "albedo": 0.189, "building_height_mean": 0.0, "night_lights_mean": 0.0, "svf_proxy": 1.0, "suhii_night_ml": 4.904, "suhii_night_2031": 5.32, "suhii_night_2041": 6.08 }, "geometry": { "type": "Polygon", "coordinates": [ [ [ 79.120000000000118, 21.12 ], [ 79.120000000000118, 21.13 ], [ 79.130000000000123, 21.13 ], [ 79.130000000000123, 21.12 ], [ 79.120000000000118, 21.12 ] ] ] } },
{ "type": "Feature", "properties": { "cell_id": "C0407", "lon_center": 79.105, "lat_center": 21.125, "suhii_day": -2.62, "suhii_night": 5.27, "suhii_day_normalized": -0.353, "suhii_night_normalized": 5.214, "lst_day": 37.43, "lst_night": 30.54, "frac_built": 0.831, "frac_tree": 0.129, "frac_water": 0.0, "frac_crop": 0.01, "frac_grass": 0.026, "ndvi": 0.266, "ndbi": 0.018, "mndwi": -0.312, "albedo": 0.19, "building_height_mean": 0.0, "night_lights_mean": 0.0, "svf_proxy": 1.0, "suhii_night_ml": 5.214, "suhii_night_2031": 5.63, "suhii_night_2041": 6.39 }, "geometry": { "type": "Polygon", "coordinates": [ [ [ 79.100000000000108, 21.12 ], [ 79.100000000000108, 21.13 ], [ 79.110000000000113, 21.13 ], [ 79.110000000000113, 21.12 ], [ 79.100000000000108, 21.12 ] ] ] } },
{ "type": "Feature", "properties": { "cell_id": "C0427", "lon_center": 79.115, "lat_center": 21.125, "suhii_day": -2.65, "suhii_night": 5.45, "suhii_day_normalized": -0.383, "suhii_night_normalized": 5.394, "lst_day": 37.4, "lst_night": 30.72, "frac_built": 0.878, "frac_tree": 0.048, "frac_water": 0.0, "frac_crop": 0.041, "frac_grass": 0.027, "ndvi": 0.215, "ndbi": 0.04, "mndwi": -0.286, "albedo": 0.186, "building_height_mean": 0.0, "night_lights_mean": 0.0, "svf_proxy": 1.0, "suhii_night_ml": 5.394, "suhii_night_2031": 5.81, "suhii_night_2041": 6.57 }, "geometry": { "type": "Polygon", "coordinates": [ [ [ 79.110000000000113, 21.12 ], [ 79.110000000000113, 21.13 ], [ 79.120000000000118, 21.13 ], [ 79.120000000000118, 21.12 ], [ 79.110000000000113, 21.12 ] ] ] } },
{ "type": "Feature", "properties": { "cell_id": "C0387", "lon_center": 79.095, "lat_center": 21.125, "suhii_day": -2.76, "suhii_night": 4.69, "suhii_day_normalized": -1.233, "suhii_night_normalized": 2.942, "lst_day": 37.29, "lst_night": 29.96, "frac_built": 0.574, "frac_tree": 0.389, "frac_water": 0.0, "frac_crop": 0.007, "frac_grass": 0.024, "ndvi": 0.384, "ndbi": -0.048, "mndwi": -0.35, "albedo": 0.18, "building_height_mean": 0.0, "night_lights_mean": 0.0, "svf_proxy": 1.0, "suhii_night_ml": 2.942, "suhii_night_2031": 3.36, "suhii_night_2041": 4.12 }, "geometry": { "type": "Polygon", "coordinates": [ [ [ 79.090000000000103, 21.12 ], [ 79.090000000000103, 21.13 ], [ 79.100000000000108, 21.13 ], [ 79.100000000000108, 21.12 ], [ 79.090000000000103, 21.12 ] ] ] } },
{ "type": "Feature", "properties": { "cell_id": "C0388", "lon_center": 79.095, "lat_center": 21.135, "suhii_day": -2.71, "suhii_night": 4.51, "suhii_day_normalized": -1.183, "suhii_night_normalized": 2.762, "lst_day": 37.34, "lst_night": 29.78, "frac_built": 0.801, "frac_tree": 0.169, "frac_water": 0.001, "frac_crop": 0.01, "frac_grass": 0.013, "ndvi": 0.274, "ndbi": 0.011, "mndwi": -0.31, "albedo": 0.178, "building_height_mean": 0.0, "night_lights_mean": 0.0, "svf_proxy": 1.0, "suhii_night_ml": 2.762, "suhii_night_2031": 3.18, "suhii_night_2041": 3.94 }, "geometry": { "type": "Polygon", "coordinates": [ [ [ 79.090000000000103, 21.13 ], [ 79.090000000000103, 21.14 ], [ 79.100000000000108, 21.14 ], [ 79.100000000000108, 21.13 ], [ 79.090000000000103, 21.13 ] ] ] } },
{ "type": "Feature", "properties": { "cell_id": "C0428", "lon_center": 79.115, "lat_center": 21.135, "suhii_day": -2.54, "suhii_night": 5.37, "suhii_day_normalized": -0.273, "suhii_night_normalized": 5.314, "lst_day": 37.51, "lst_night": 30.64, "frac_built": 0.908, "frac_tree": 0.037, "frac_water": 0.001, "frac_crop": 0.003, "frac_grass": 0.03, "ndvi": 0.221, "ndbi": 0.038, "mndwi": -0.29, "albedo": 0.19, "building_height_mean": 0.0, "night_lights_mean": 0.0, "svf_proxy": 1.0, "suhii_night_ml": 5.314, "suhii_night_2031": 5.73, "suhii_night_2041": 6.49 }, "geometry": { "type": "Polygon", "coordinates": [ [ [ 79.110000000000113, 21.13 ], [ 79.110000000000113, 21.14 ], [ 79.120000000000118, 21.14 ], [ 79.120000000000118, 21.13 ], [ 79.110000000000113, 21.13 ] ] ] } },
{ "type": "Feature", "properties": { "cell_id": "C0408", "lon_center": 79.105, "lat_center": 21.135, "suhii_day": -2.6, "suhii_night": 5.05, "suhii_day_normalized": -0.333, "suhii_night_normalized": 4.994, "lst_day": 37.45, "lst_night": 30.32, "frac_built": 0.865, "frac_tree": 0.051, "frac_water": 0.001, "frac_crop": 0.009, "frac_grass": 0.046, "ndvi": 0.219, "ndbi": 0.04, "mndwi": -0.293, "albedo": 0.187, "building_height_mean": 0.0, "night_lights_mean": 0.0, "svf_proxy": 1.0, "suhii_night_ml": 4.994, "suhii_night_2031": 5.41, "suhii_night_2041": 6.17 }, "geometry": { "type": "Polygon", "coordinates": [ [ [ 79.100000000000108, 21.13 ], [ 79.100000000000108, 21.14 ], [ 79.110000000000113, 21.14 ], [ 79.110000000000113, 21.13 ], [ 79.100000000000108, 21.13 ] ] ] } },
{ "type": "Feature", "properties": { "cell_id": "C0448", "lon_center": 79.125, "lat_center": 21.135, "suhii_day": -2.67, "suhii_night": 5.23, "suhii_day_normalized": -0.403, "suhii_night_normalized": 5.174, "lst_day": 37.38, "lst_night": 30.5, "frac_built": 0.958, "frac_tree": 0.012, "frac_water": 0.0, "frac_crop": 0.004, "frac_grass": 0.024, "ndvi": 0.188, "ndbi": 0.058, "mndwi": -0.28, "albedo": 0.196, "building_height_mean": 0.0, "night_lights_mean": 0.0, "svf_proxy": 1.0, "suhii_night_ml": 5.174, "suhii_night_2031": 5.59, "suhii_night_2041": 6.35 }, "geometry": { "type": "Polygon", "coordinates": [ [ [ 79.120000000000118, 21.13 ], [ 79.120000000000118, 21.14 ], [ 79.130000000000123, 21.14 ], [ 79.130000000000123, 21.13 ], [ 79.120000000000118, 21.13 ] ] ] } },
{ "type": "Feature", "properties": { "cell_id": "C0429", "lon_center": 79.115, "lat_center": 21.145, "suhii_day": -1.91, "suhii_night": 5.14, "suhii_day_normalized": 0.357, "suhii_night_normalized": 5.084, "lst_day": 38.14, "lst_night": 30.41, "frac_built": 0.984, "frac_tree": 0.014, "frac_water": 0.0, "frac_crop": 0.0, "frac_grass": 0.0, "ndvi": 0.166, "ndbi": 0.078, "mndwi": -0.284, "albedo": 0.19, "building_height_mean": 0.0, "night_lights_mean": 0.0, "svf_proxy": 1.0, "suhii_night_ml": 5.084, "suhii_night_2031": 5.5, "suhii_night_2041": 6.26 }, "geometry": { "type": "Polygon", "coordinates": [ [ [ 79.110000000000113, 21.14 ], [ 79.110000000000113, 21.15 ], [ 79.120000000000118, 21.15 ], [ 79.120000000000118, 21.14 ], [ 79.110000000000113, 21.14 ] ] ] } },
{ "type": "Feature", "properties": { "cell_id": "C0409", "lon_center": 79.105, "lat_center": 21.145, "suhii_day": -2.12, "suhii_night": 5.27, "suhii_day_normalized": 0.147, "suhii_night_normalized": 5.214, "lst_day": 37.93, "lst_night": 30.54, "frac_built": 0.94, "frac_tree": 0.017, "frac_water": 0.035, "frac_crop": 0.002, "frac_grass": 0.002, "ndvi": 0.154, "ndbi": 0.076, "mndwi": -0.268, "albedo": 0.185, "building_height_mean": 0.0, "night_lights_mean": 0.0, "svf_proxy": 1.0, "suhii_night_ml": 5.214, "suhii_night_2031": 5.63, "suhii_night_2041": 6.39 }, "geometry": { "type": "Polygon", "coordinates": [ [ [ 79.100000000000108, 21.14 ], [ 79.100000000000108, 21.15 ], [ 79.110000000000113, 21.15 ], [ 79.110000000000113, 21.14 ], [ 79.100000000000108, 21.14 ] ] ] } },
{ "type": "Feature", "properties": { "cell_id": "C0449", "lon_center": 79.125, "lat_center": 21.145, "suhii_day": -1.85, "suhii_night": 4.84, "suhii_day_normalized": 0.417, "suhii_night_normalized": 4.784, "lst_day": 38.2, "lst_night": 30.11, "frac_built": 0.923, "frac_tree": 0.033, "frac_water": 0.001, "frac_crop": 0.002, "frac_grass": 0.025, "ndvi": 0.195, "ndbi": 0.058, "mndwi": -0.284, "albedo": 0.191, "building_height_mean": 0.0, "night_lights_mean": 0.0, "svf_proxy": 1.0, "suhii_night_ml": 4.784, "suhii_night_2031": 5.2, "suhii_night_2041": 5.96 }, "geometry": { "type": "Polygon", "coordinates": [ [ [ 79.120000000000118, 21.14 ], [ 79.120000000000118, 21.15 ], [ 79.130000000000123, 21.15 ], [ 79.130000000000123, 21.14 ], [ 79.120000000000118, 21.14 ] ] ] } },
{ "type": "Feature", "properties": { "cell_id": "C0389", "lon_center": 79.095, "lat_center": 21.145, "suhii_day": -2.3, "suhii_night": 4.68, "suhii_day_normalized": -0.773, "suhii_night_normalized": 2.932, "lst_day": 37.75, "lst_night": 29.95, "frac_built": 0.699, "frac_tree": 0.139, "frac_water": 0.105, "frac_crop": 0.009, "frac_grass": 0.023, "ndvi": 0.225, "ndbi": 0.021, "mndwi": -0.266, "albedo": 0.175, "building_height_mean": 0.0, "night_lights_mean": 0.0, "svf_proxy": 1.0, "suhii_night_ml": 2.932, "suhii_night_2031": 3.35, "suhii_night_2041": 4.11 }, "geometry": { "type": "Polygon", "coordinates": [ [ [ 79.090000000000103, 21.14 ], [ 79.090000000000103, 21.15 ], [ 79.100000000000108, 21.15 ], [ 79.100000000000108, 21.14 ], [ 79.090000000000103, 21.14 ] ] ] } },
{ "type": "Feature", "properties": { "cell_id": "C0450", "lon_center": 79.125, "lat_center": 21.155, "suhii_day": -1.65, "suhii_night": 4.32, "suhii_day_normalized": 0.617, "suhii_night_normalized": 4.264, "lst_day": 38.4, "lst_night": 29.59, "frac_built": 0.83, "frac_tree": 0.05, "frac_water": 0.0, "frac_crop": 0.039, "frac_grass": 0.064, "ndvi": 0.222, "ndbi": 0.056, "mndwi": -0.314, "albedo": 0.199, "building_height_mean": 0.0, "night_lights_mean": 0.0, "svf_proxy": 1.0, "suhii_night_ml": 4.264, "suhii_night_2031": 4.68, "suhii_night_2041": 5.44 }, "geometry": { "type": "Polygon", "coordinates": [ [ [ 79.120000000000118, 21.15 ], [ 79.120000000000118, 21.16 ], [ 79.130000000000123, 21.16 ], [ 79.130000000000123, 21.15 ], [ 79.120000000000118, 21.15 ] ] ] } },
{ "type": "Feature", "properties": { "cell_id": "C0347", "lon_center": 79.075, "lat_center": 21.125, "suhii_day": -3.03, "suhii_night": 3.95, "suhii_day_normalized": -1.503, "suhii_night_normalized": 2.202, "lst_day": 37.02, "lst_night": 29.22, "frac_built": 0.354, "frac_tree": 0.53, "frac_water": 0.0, "frac_crop": 0.026, "frac_grass": 0.087, "ndvi": 0.434, "ndbi": -0.044, "mndwi": -0.395, "albedo": 0.174, "building_height_mean": 0.0, "night_lights_mean": 0.0, "svf_proxy": 1.0, "suhii_night_ml": 2.202, "suhii_night_2031": 2.62, "suhii_night_2041": 3.38 }, "geometry": { "type": "Polygon", "coordinates": [ [ [ 79.07, 21.12 ], [ 79.07, 21.13 ], [ 79.08, 21.13 ], [ 79.08, 21.12 ], [ 79.07, 21.12 ] ] ] } },
{ "type": "Feature", "properties": { "cell_id": "C0367", "lon_center": 79.085, "lat_center": 21.125, "suhii_day": -2.77, "suhii_night": 4.15, "suhii_day_normalized": -1.243, "suhii_night_normalized": 2.402, "lst_day": 37.28, "lst_night": 29.42, "frac_built": 0.42, "frac_tree": 0.51, "frac_water": 0.0, "frac_crop": 0.006, "frac_grass": 0.058, "ndvi": 0.419, "ndbi": -0.051, "mndwi": -0.371, "albedo": 0.172, "building_height_mean": 0.0, "night_lights_mean": 0.0, "svf_proxy": 1.0, "suhii_night_ml": 2.402, "suhii_night_2031": 2.82, "suhii_night_2041": 3.58 }, "geometry": { "type": "Polygon", "coordinates": [ [ [ 79.08, 21.12 ], [ 79.08, 21.13 ], [ 79.090000000000103, 21.13 ], [ 79.090000000000103, 21.12 ], [ 79.08, 21.12 ] ] ] } },
{ "type": "Feature", "properties": { "cell_id": "C0307", "lon_center": 79.055, "lat_center": 21.125, "suhii_day": -4.03, "suhii_night": 3.8, "suhii_day_normalized": -2.503, "suhii_night_normalized": 2.052, "lst_day": 36.02, "lst_night": 29.07, "frac_built": 0.518, "frac_tree": 0.408, "frac_water": 0.0, "frac_crop": 0.031, "frac_grass": 0.04, "ndvi": 0.405, "ndbi": -0.04, "mndwi": -0.373, "albedo": 0.178, "building_height_mean": 0.0, "night_lights_mean": 0.0, "svf_proxy": 1.0, "suhii_night_ml": 2.052, "suhii_night_2031": 2.47, "suhii_night_2041": 3.23 }, "geometry": { "type": "Polygon", "coordinates": [ [ [ 79.05, 21.12 ], [ 79.05, 21.13 ], [ 79.06, 21.13 ], [ 79.06, 21.12 ], [ 79.05, 21.12 ] ] ] } },
{ "type": "Feature", "properties": { "cell_id": "C0328", "lon_center": 79.065, "lat_center": 21.135, "suhii_day": -3.45, "suhii_night": 3.87, "suhii_day_normalized": -1.923, "suhii_night_normalized": 2.122, "lst_day": 36.6, "lst_night": 29.14, "frac_built": 0.674, "frac_tree": 0.23, "frac_water": 0.0, "frac_crop": 0.046, "frac_grass": 0.049, "ndvi": 0.346, "ndbi": -0.019, "mndwi": -0.345, "albedo": 0.179, "building_height_mean": 0.0, "night_lights_mean": 0.0, "svf_proxy": 1.0, "suhii_night_ml": 2.122, "suhii_night_2031": 2.54, "suhii_night_2041": 3.3 }, "geometry": { "type": "Polygon", "coordinates": [ [ [ 79.06, 21.13 ], [ 79.06, 21.14 ], [ 79.07, 21.14 ], [ 79.07, 21.13 ], [ 79.06, 21.13 ] ] ] } },
{ "type": "Feature", "properties": { "cell_id": "C0368", "lon_center": 79.085, "lat_center": 21.135, "suhii_day": -2.68, "suhii_night": 4.12, "suhii_day_normalized": -1.153, "suhii_night_normalized": 2.372, "lst_day": 37.37, "lst_night": 29.39, "frac_built": 0.868, "frac_tree": 0.112, "frac_water": 0.0, "frac_crop": 0.001, "frac_grass": 0.014, "ndvi": 0.271, "ndbi": 0.01, "mndwi": -0.305, "albedo": 0.179, "building_height_mean": 0.0, "night_lights_mean": 0.0, "svf_proxy": 1.0, "suhii_night_ml": 2.372, "suhii_night_2031": 2.79, "suhii_night_2041": 3.55 }, "geometry": { "type": "Polygon", "coordinates": [ [ [ 79.08, 21.13 ], [ 79.08, 21.14 ], [ 79.090000000000103, 21.14 ], [ 79.090000000000103, 21.13 ], [ 79.08, 21.13 ] ] ] } },
{ "type": "Feature", "properties": { "cell_id": "C0348", "lon_center": 79.075, "lat_center": 21.135, "suhii_day": -2.72, "suhii_night": 4.01, "suhii_day_normalized": -1.193, "suhii_night_normalized": 2.262, "lst_day": 37.33, "lst_night": 29.28, "frac_built": 0.626, "frac_tree": 0.245, "frac_water": 0.0, "frac_crop": 0.116, "frac_grass": 0.012, "ndvi": 0.319, "ndbi": -0.004, "mndwi": -0.336, "albedo": 0.176, "building_height_mean": 0.0, "night_lights_mean": 0.0, "svf_proxy": 1.0, "suhii_night_ml": 2.262, "suhii_night_2031": 2.68, "suhii_night_2041": 3.44 }, "geometry": { "type": "Polygon", "coordinates": [ [ [ 79.07, 21.13 ], [ 79.07, 21.14 ], [ 79.08, 21.14 ], [ 79.08, 21.13 ], [ 79.07, 21.13 ] ] ] } },
{ "type": "Feature", "properties": { "cell_id": "C0369", "lon_center": 79.085, "lat_center": 21.145, "suhii_day": -2.37, "suhii_night": 4.25, "suhii_day_normalized": -0.843, "suhii_night_normalized": 2.502, "lst_day": 37.68, "lst_night": 29.52, "frac_built": 0.738, "frac_tree": 0.23, "frac_water": 0.0, "frac_crop": 0.002, "frac_grass": 0.021, "ndvi": 0.256, "ndbi": 0.035, "mndwi": -0.319, "albedo": 0.173, "building_height_mean": 0.0, "night_lights_mean": 0.0, "svf_proxy": 1.0, "suhii_night_ml": 2.502, "suhii_night_2031": 2.92, "suhii_night_2041": 3.68 }, "geometry": { "type": "Polygon", "coordinates": [ [ [ 79.08, 21.14 ], [ 79.08, 21.15 ], [ 79.090000000000103, 21.15 ], [ 79.090000000000103, 21.14 ], [ 79.08, 21.14 ] ] ] } },
{ "type": "Feature", "properties": { "cell_id": "C0349", "lon_center": 79.075, "lat_center": 21.145, "suhii_day": -2.6, "suhii_night": 4.03, "suhii_day_normalized": -1.073, "suhii_night_normalized": 2.282, "lst_day": 37.45, "lst_night": 29.3, "frac_built": 0.429, "frac_tree": 0.475, "frac_water": 0.0, "frac_crop": 0.054, "frac_grass": 0.042, "ndvi": 0.415, "ndbi": -0.042, "mndwi": -0.383, "albedo": 0.172, "building_height_mean": 0.0, "night_lights_mean": 0.0, "svf_proxy": 1.0, "suhii_night_ml": 2.282, "suhii_night_2031": 2.7, "suhii_night_2041": 3.46 }, "geometry": { "type": "Polygon", "coordinates": [ [ [ 79.07, 21.14 ], [ 79.07, 21.15 ], [ 79.08, 21.15 ], [ 79.08, 21.14 ], [ 79.07, 21.14 ] ] ] } },
{ "type": "Feature", "properties": { "cell_id": "C0329", "lon_center": 79.065, "lat_center": 21.145, "suhii_day": -3.15, "suhii_night": 3.7, "suhii_day_normalized": -1.623, "suhii_night_normalized": 1.952, "lst_day": 36.9, "lst_night": 28.97, "frac_built": 0.77, "frac_tree": 0.168, "frac_water": 0.0, "frac_crop": 0.052, "frac_grass": 0.009, "ndvi": 0.313, "ndbi": -0.005, "mndwi": -0.329, "albedo": 0.18, "building_height_mean": 0.0, "night_lights_mean": 0.0, "svf_proxy": 1.0, "suhii_night_ml": 1.952, "suhii_night_2031": 2.37, "suhii_night_2041": 3.13 }, "geometry": { "type": "Polygon", "coordinates": [ [ [ 79.06, 21.14 ], [ 79.06, 21.15 ], [ 79.07, 21.15 ], [ 79.07, 21.14 ], [ 79.06, 21.14 ] ] ] } },
{ "type": "Feature", "properties": { "cell_id": "C0330", "lon_center": 79.065, "lat_center": 21.155, "suhii_day": -3.7, "suhii_night": 3.69, "suhii_day_normalized": -2.173, "suhii_night_normalized": 1.942, "lst_day": 36.35, "lst_night": 28.96, "frac_built": 0.38, "frac_tree": 0.593, "frac_water": 0.0, "frac_crop": 0.007, "frac_grass": 0.013, "ndvi": 0.464, "ndbi": -0.079, "mndwi": -0.391, "albedo": 0.172, "building_height_mean": 0.0, "night_lights_mean": 0.0, "svf_proxy": 1.0, "suhii_night_ml": 1.942, "suhii_night_2031": 2.36, "suhii_night_2041": 3.12 }, "geometry": { "type": "Polygon", "coordinates": [ [ [ 79.06, 21.15 ], [ 79.06, 21.16 ], [ 79.07, 21.16 ], [ 79.07, 21.15 ], [ 79.06, 21.15 ] ] ] } },
{ "type": "Feature", "properties": { "cell_id": "C0308", "lon_center": 79.055, "lat_center": 21.135, "suhii_day": -4.19, "suhii_night": 3.27, "suhii_day_normalized": -2.663, "suhii_night_normalized": 1.522, "lst_day": 35.86, "lst_night": 28.54, "frac_built": 0.844, "frac_tree": 0.121, "frac_water": 0.0, "frac_crop": 0.011, "frac_grass": 0.024, "ndvi": 0.294, "ndbi": -0.004, "mndwi": -0.309, "albedo": 0.187, "building_height_mean": 0.0, "night_lights_mean": 0.0, "svf_proxy": 1.0, "suhii_night_ml": 1.522, "suhii_night_2031": 1.94, "suhii_night_2041": 2.7 }, "geometry": { "type": "Polygon", "coordinates": [ [ [ 79.05, 21.13 ], [ 79.05, 21.14 ], [ 79.06, 21.14 ], [ 79.06, 21.13 ], [ 79.05, 21.13 ] ] ] } },
{ "type": "Feature", "properties": { "cell_id": "C0288", "lon_center": 79.045, "lat_center": 21.135, "suhii_day": -3.91, "suhii_night": 2.37, "suhii_day_normalized": -2.383, "suhii_night_normalized": 0.622, "lst_day": 36.14, "lst_night": 27.64, "frac_built": 0.359, "frac_tree": 0.108, "frac_water": 0.285, "frac_crop": 0.047, "frac_grass": 0.176, "ndvi": 0.205, "ndbi": 0.023, "mndwi": -0.252, "albedo": 0.132, "building_height_mean": 0.0, "night_lights_mean": 0.0, "svf_proxy": 1.0, "suhii_night_ml": 0.622, "suhii_night_2031": 1.04, "suhii_night_2041": 1.8 }, "geometry": { "type": "Polygon", "coordinates": [ [ [ 79.04, 21.13 ], [ 79.04, 21.14 ], [ 79.05, 21.14 ], [ 79.05, 21.13 ], [ 79.04, 21.13 ] ] ] } },
{ "type": "Feature", "properties": { "cell_id": "C0268", "lon_center": 79.035, "lat_center": 21.135, "suhii_day": -2.4, "suhii_night": 1.57, "suhii_day_normalized": -0.873, "suhii_night_normalized": -0.178, "lst_day": 37.65, "lst_night": 26.84, "frac_built": 0.0, "frac_tree": 0.092, "frac_water": 0.088, "frac_crop": 0.114, "frac_grass": 0.563, "ndvi": 0.323, "ndbi": 0.064, "mndwi": -0.436, "albedo": 0.133, "building_height_mean": 0.0, "night_lights_mean": 0.0, "svf_proxy": 1.0, "suhii_night_ml": -0.178, "suhii_night_2031": 0.24, "suhii_night_2041": 1.0 }, "geometry": { "type": "Polygon", "coordinates": [ [ [ 79.03, 21.13 ], [ 79.03, 21.14 ], [ 79.04, 21.14 ], [ 79.04, 21.13 ], [ 79.03, 21.13 ] ] ] } },
{ "type": "Feature", "properties": { "cell_id": "C0248", "lon_center": 79.025, "lat_center": 21.135, "suhii_day": -1.61, "suhii_night": 1.27, "suhii_day_normalized": -0.083, "suhii_night_normalized": -0.478, "lst_day": 38.44, "lst_night": 26.54, "frac_built": 0.0, "frac_tree": 0.006, "frac_water": 0.0, "frac_crop": 0.281, "frac_grass": 0.706, "ndvi": 0.317, "ndbi": 0.128, "mndwi": -0.493, "albedo": 0.145, "building_height_mean": 0.0, "night_lights_mean": 0.0, "svf_proxy": 1.0, "suhii_night_ml": -0.478, "suhii_night_2031": -0.06, "suhii_night_2041": 0.7 }, "geometry": { "type": "Polygon", "coordinates": [ [ [ 79.02, 21.13 ], [ 79.02, 21.14 ], [ 79.03, 21.14 ], [ 79.03, 21.13 ], [ 79.02, 21.13 ] ] ] } },
{ "type": "Feature", "properties": { "cell_id": "C0249", "lon_center": 79.025, "lat_center": 21.145, "suhii_day": -2.19, "suhii_night": 1.62, "suhii_day_normalized": -0.663, "suhii_night_normalized": -0.128, "lst_day": 37.86, "lst_night": 26.89, "frac_built": 0.028, "frac_tree": 0.143, "frac_water": 0.0, "frac_crop": 0.317, "frac_grass": 0.479, "ndvi": 0.415, "ndbi": 0.054, "mndwi": -0.489, "albedo": 0.156, "building_height_mean": 0.0, "night_lights_mean": 0.0, "svf_proxy": 1.0, "suhii_night_ml": -0.128, "suhii_night_2031": 0.29, "suhii_night_2041": 1.05 }, "geometry": { "type": "Polygon", "coordinates": [ [ [ 79.02, 21.14 ], [ 79.02, 21.15 ], [ 79.03, 21.15 ], [ 79.03, 21.14 ], [ 79.02, 21.14 ] ] ] } },
{ "type": "Feature", "properties": { "cell_id": "C0289", "lon_center": 79.045, "lat_center": 21.145, "suhii_day": -3.24, "suhii_night": 3.42, "suhii_day_normalized": -1.713, "suhii_night_normalized": 1.672, "lst_day": 36.81, "lst_night": 28.69, "frac_built": 0.372, "frac_tree": 0.228, "frac_water": 0.0, "frac_crop": 0.113, "frac_grass": 0.274, "ndvi": 0.347, "ndbi": 0.006, "mndwi": -0.388, "albedo": 0.176, "building_height_mean": 0.0, "night_lights_mean": 0.0, "svf_proxy": 1.0, "suhii_night_ml": 1.672, "suhii_night_2031": 2.09, "suhii_night_2041": 2.85 }, "geometry": { "type": "Polygon", "coordinates": [ [ [ 79.04, 21.14 ], [ 79.04, 21.15 ], [ 79.05, 21.15 ], [ 79.05, 21.14 ], [ 79.04, 21.14 ] ] ] } },
{ "type": "Feature", "properties": { "cell_id": "C0269", "lon_center": 79.035, "lat_center": 21.145, "suhii_day": -2.44, "suhii_night": 2.67, "suhii_day_normalized": -0.913, "suhii_night_normalized": 0.922, "lst_day": 37.61, "lst_night": 27.94, "frac_built": 0.097, "frac_tree": 0.148, "frac_water": 0.0, "frac_crop": 0.257, "frac_grass": 0.461, "ndvi": 0.346, "ndbi": 0.047, "mndwi": -0.439, "albedo": 0.159, "building_height_mean": 0.0, "night_lights_mean": 0.0, "svf_proxy": 1.0, "suhii_night_ml": 0.922, "suhii_night_2031": 1.34, "suhii_night_2041": 2.1 }, "geometry": { "type": "Polygon", "coordinates": [ [ [ 79.03, 21.14 ], [ 79.03, 21.15 ], [ 79.04, 21.15 ], [ 79.04, 21.14 ], [ 79.03, 21.14 ] ] ] } },
{ "type": "Feature", "properties": { "cell_id": "C0309", "lon_center": 79.055, "lat_center": 21.145, "suhii_day": -3.35, "suhii_night": 3.75, "suhii_day_normalized": -1.823, "suhii_night_normalized": 2.002, "lst_day": 36.7, "lst_night": 29.02, "frac_built": 0.79, "frac_tree": 0.153, "frac_water": 0.001, "frac_crop": 0.005, "frac_grass": 0.044, "ndvi": 0.31, "ndbi": -0.008, "mndwi": -0.322, "albedo": 0.182, "building_height_mean": 0.0, "night_lights_mean": 0.0, "svf_proxy": 1.0, "suhii_night_ml": 2.002, "suhii_night_2031": 2.42, "suhii_night_2041": 3.18 }, "geometry": { "type": "Polygon", "coordinates": [ [ [ 79.05, 21.14 ], [ 79.05, 21.15 ], [ 79.06, 21.15 ], [ 79.06, 21.14 ], [ 79.05, 21.14 ] ] ] } },
{ "type": "Feature", "properties": { "cell_id": "C0250", "lon_center": 79.025, "lat_center": 21.155, "suhii_day": -2.42, "suhii_night": 2.76, "suhii_day_normalized": -0.893, "suhii_night_normalized": 1.012, "lst_day": 37.63, "lst_night": 28.03, "frac_built": 0.153, "frac_tree": 0.573, "frac_water": 0.0, "frac_crop": 0.046, "frac_grass": 0.15, "ndvi": 0.49, "ndbi": -0.03, "mndwi": -0.451, "albedo": 0.16, "building_height_mean": 0.0, "night_lights_mean": 0.0, "svf_proxy": 1.0, "suhii_night_ml": 1.012, "suhii_night_2031": 1.43, "suhii_night_2041": 2.19 }, "geometry": { "type": "Polygon", "coordinates": [ [ [ 79.02, 21.15 ], [ 79.02, 21.16 ], [ 79.03, 21.16 ], [ 79.03, 21.15 ], [ 79.02, 21.15 ] ] ] } },
{ "type": "Feature", "properties": { "cell_id": "C0310", "lon_center": 79.055, "lat_center": 21.155, "suhii_day": -3.66, "suhii_night": 3.41, "suhii_day_normalized": -2.133, "suhii_night_normalized": 1.662, "lst_day": 36.39, "lst_night": 28.68, "frac_built": 0.176, "frac_tree": 0.755, "frac_water": 0.0, "frac_crop": 0.019, "frac_grass": 0.041, "ndvi": 0.516, "ndbi": -0.093, "mndwi": -0.426, "albedo": 0.171, "building_height_mean": 0.0, "night_lights_mean": 0.0, "svf_proxy": 1.0, "suhii_night_ml": 1.662, "suhii_night_2031": 2.08, "suhii_night_2041": 2.84 }, "geometry": { "type": "Polygon", "coordinates": [ [ [ 79.05, 21.15 ], [ 79.05, 21.16 ], [ 79.06, 21.16 ], [ 79.06, 21.15 ], [ 79.05, 21.15 ] ] ] } },
{ "type": "Feature", "properties": { "cell_id": "C0370", "lon_center": 79.085, "lat_center": 21.155, "suhii_day": -2.52, "suhii_night": 4.24, "suhii_day_normalized": -0.993, "suhii_night_normalized": 2.492, "lst_day": 37.53, "lst_night": 29.51, "frac_built": 0.698, "frac_tree": 0.212, "frac_water": 0.0, "frac_crop": 0.004, "frac_grass": 0.069, "ndvi": 0.277, "ndbi": 0.023, "mndwi": -0.324, "albedo": 0.183, "building_height_mean": 0.0, "night_lights_mean": 0.0, "svf_proxy": 1.0, "suhii_night_ml": 2.492, "suhii_night_2031": 2.91, "suhii_night_2041": 3.67 }, "geometry": { "type": "Polygon", "coordinates": [ [ [ 79.08, 21.15 ], [ 79.08, 21.16 ], [ 79.090000000000103, 21.16 ], [ 79.090000000000103, 21.15 ], [ 79.08, 21.15 ] ] ] } },
{ "type": "Feature", "properties": { "cell_id": "C0350", "lon_center": 79.075, "lat_center": 21.155, "suhii_day": -3.16, "suhii_night": 4.17, "suhii_day_normalized": -1.633, "suhii_night_normalized": 2.422, "lst_day": 36.89, "lst_night": 29.44, "frac_built": 0.544, "frac_tree": 0.414, "frac_water": 0.0, "frac_crop": 0.008, "frac_grass": 0.03, "ndvi": 0.395, "ndbi": -0.043, "mndwi": -0.359, "albedo": 0.176, "building_height_mean": 0.0, "night_lights_mean": 0.0, "svf_proxy": 1.0, "suhii_night_ml": 2.422, "suhii_night_2031": 2.84, "suhii_night_2041": 3.6 }, "geometry": { "type": "Polygon", "coordinates": [ [ [ 79.07, 21.15 ], [ 79.07, 21.16 ], [ 79.08, 21.16 ], [ 79.08, 21.15 ], [ 79.07, 21.15 ] ] ] } },
{ "type": "Feature", "properties": { "cell_id": "C0391", "lon_center": 79.095, "lat_center": 21.165, "suhii_day": -2.23, "suhii_night": 4.51, "suhii_day_normalized": -0.703, "suhii_night_normalized": 2.762, "lst_day": 37.82, "lst_night": 29.78, "frac_built": 0.735, "frac_tree": 0.247, "frac_water": 0.0, "frac_crop": 0.003, "frac_grass": 0.012, "ndvi": 0.328, "ndbi": 0.005, "mndwi": -0.349, "albedo": 0.183, "building_height_mean": 0.0, "night_lights_mean": 0.0, "svf_proxy": 1.0, "suhii_night_ml": 2.762, "suhii_night_2031": 3.18, "suhii_night_2041": 3.94 }, "geometry": { "type": "Polygon", "coordinates": [ [ [ 79.090000000000103, 21.16 ], [ 79.090000000000103, 21.17 ], [ 79.100000000000108, 21.17 ], [ 79.100000000000108, 21.16 ], [ 79.090000000000103, 21.16 ] ] ] } },
{ "type": "Feature", "properties": { "cell_id": "C0331", "lon_center": 79.065, "lat_center": 21.165, "suhii_day": -3.53, "suhii_night": 3.81, "suhii_day_normalized": -2.003, "suhii_night_normalized": 2.062, "lst_day": 36.52, "lst_night": 29.08, "frac_built": 0.131, "frac_tree": 0.783, "frac_water": 0.0, "frac_crop": 0.005, "frac_grass": 0.066, "ndvi": 0.513, "ndbi": -0.084, "mndwi": -0.431, "albedo": 0.168, "building_height_mean": 0.0, "night_lights_mean": 0.0, "svf_proxy": 1.0, "suhii_night_ml": 2.062, "suhii_night_2031": 2.48, "suhii_night_2041": 3.24 }, "geometry": { "type": "Polygon", "coordinates": [ [ [ 79.06, 21.16 ], [ 79.06, 21.17 ], [ 79.07, 21.17 ], [ 79.07, 21.16 ], [ 79.06, 21.16 ] ] ] } },
{ "type": "Feature", "properties": { "cell_id": "C0371", "lon_center": 79.085, "lat_center": 21.165, "suhii_day": -2.83, "suhii_night": 4.34, "suhii_day_normalized": -1.303, "suhii_night_normalized": 2.592, "lst_day": 37.22, "lst_night": 29.61, "frac_built": 0.721, "frac_tree": 0.254, "frac_water": 0.0, "frac_crop": 0.002, "frac_grass": 0.018, "ndvi": 0.316, "ndbi": -0.003, "mndwi": -0.33, "albedo": 0.184, "building_height_mean": 0.0, "night_lights_mean": 0.0, "svf_proxy": 1.0, "suhii_night_ml": 2.592, "suhii_night_2031": 3.01, "suhii_night_2041": 3.77 }, "geometry": { "type": "Polygon", "coordinates": [ [ [ 79.08, 21.16 ], [ 79.08, 21.17 ], [ 79.090000000000103, 21.17 ], [ 79.090000000000103, 21.16 ], [ 79.08, 21.16 ] ] ] } },
{ "type": "Feature", "properties": { "cell_id": "C0351", "lon_center": 79.075, "lat_center": 21.165, "suhii_day": -3.53, "suhii_night": 4.12, "suhii_day_normalized": -2.003, "suhii_night_normalized": 2.372, "lst_day": 36.52, "lst_night": 29.39, "frac_built": 0.429, "frac_tree": 0.544, "frac_water": 0.0, "frac_crop": 0.008, "frac_grass": 0.019, "ndvi": 0.412, "ndbi": -0.05, "mndwi": -0.375, "albedo": 0.175, "building_height_mean": 0.0, "night_lights_mean": 0.0, "svf_proxy": 1.0, "suhii_night_ml": 2.372, "suhii_night_2031": 2.79, "suhii_night_2041": 3.55 }, "geometry": { "type": "Polygon", "coordinates": [ [ [ 79.07, 21.16 ], [ 79.07, 21.17 ], [ 79.08, 21.17 ], [ 79.08, 21.16 ], [ 79.07, 21.16 ] ] ] } },
{ "type": "Feature", "properties": { "cell_id": "C0352", "lon_center": 79.075, "lat_center": 21.175, "suhii_day": -2.55, "suhii_night": 4.22, "suhii_day_normalized": -1.023, "suhii_night_normalized": 2.472, "lst_day": 37.5, "lst_night": 29.49, "frac_built": 0.52, "frac_tree": 0.358, "frac_water": 0.0, "frac_crop": 0.063, "frac_grass": 0.048, "ndvi": 0.392, "ndbi": -0.046, "mndwi": -0.356, "albedo": 0.178, "building_height_mean": 0.0, "night_lights_mean": 0.0, "svf_proxy": 1.0, "suhii_night_ml": 2.472, "suhii_night_2031": 2.89, "suhii_night_2041": 3.65 }, "geometry": { "type": "Polygon", "coordinates": [ [ [ 79.07, 21.17 ], [ 79.07, 21.18 ], [ 79.08, 21.18 ], [ 79.08, 21.17 ], [ 79.07, 21.17 ] ] ] } },
{ "type": "Feature", "properties": { "cell_id": "C0392", "lon_center": 79.095, "lat_center": 21.175, "suhii_day": -2.04, "suhii_night": 4.42, "suhii_day_normalized": -0.513, "suhii_night_normalized": 2.672, "lst_day": 38.01, "lst_night": 29.69, "frac_built": 0.962, "frac_tree": 0.011, "frac_water": 0.0, "frac_crop": 0.009, "frac_grass": 0.017, "ndvi": 0.193, "ndbi": 0.067, "mndwi": -0.29, "albedo": 0.193, "building_height_mean": 0.0, "night_lights_mean": 0.0, "svf_proxy": 1.0, "suhii_night_ml": 2.672, "suhii_night_2031": 3.09, "suhii_night_2041": 3.85 }, "geometry": { "type": "Polygon", "coordinates": [ [ [ 79.090000000000103, 21.17 ], [ 79.090000000000103, 21.18 ], [ 79.100000000000108, 21.18 ], [ 79.100000000000108, 21.17 ], [ 79.090000000000103, 21.17 ] ] ] } },
{ "type": "Feature", "properties": { "cell_id": "C0332", "lon_center": 79.065, "lat_center": 21.175, "suhii_day": -2.64, "suhii_night": 3.81, "suhii_day_normalized": -1.113, "suhii_night_normalized": 2.062, "lst_day": 37.41, "lst_night": 29.08, "frac_built": 0.382, "frac_tree": 0.496, "frac_water": 0.0, "frac_crop": 0.019, "frac_grass": 0.082, "ndvi": 0.48, "ndbi": -0.079, "mndwi": -0.407, "albedo": 0.173, "building_height_mean": 0.0, "night_lights_mean": 0.0, "svf_proxy": 1.0, "suhii_night_ml": 2.062, "suhii_night_2031": 2.48, "suhii_night_2041": 3.24 }, "geometry": { "type": "Polygon", "coordinates": [ [ [ 79.06, 21.17 ], [ 79.06, 21.18 ], [ 79.07, 21.18 ], [ 79.07, 21.17 ], [ 79.06, 21.17 ] ] ] } },
{ "type": "Feature", "properties": { "cell_id": "C0372", "lon_center": 79.085, "lat_center": 21.175, "suhii_day": -2.21, "suhii_night": 4.38, "suhii_day_normalized": -0.683, "suhii_night_normalized": 2.632, "lst_day": 37.84, "lst_night": 29.65, "frac_built": 0.685, "frac_tree": 0.256, "frac_water": 0.0, "frac_crop": 0.013, "frac_grass": 0.046, "ndvi": 0.311, "ndbi": -0.006, "mndwi": -0.323, "albedo": 0.188, "building_height_mean": 0.0, "night_lights_mean": 0.0, "svf_proxy": 1.0, "suhii_night_ml": 2.632, "suhii_night_2031": 3.05, "suhii_night_2041": 3.81 }, "geometry": { "type": "Polygon", "coordinates": [ [ [ 79.08, 21.17 ], [ 79.08, 21.18 ], [ 79.090000000000103, 21.18 ], [ 79.090000000000103, 21.17 ], [ 79.08, 21.17 ] ] ] } },
{ "type": "Feature", "properties": { "cell_id": "C0430", "lon_center": 79.115, "lat_center": 21.155, "suhii_day": -1.89, "suhii_night": 4.91, "suhii_day_normalized": 0.377, "suhii_night_normalized": 4.854, "lst_day": 38.16, "lst_night": 30.18, "frac_built": 0.978, "frac_tree": 0.017, "frac_water": 0.0, "frac_crop": 0.001, "frac_grass": 0.002, "ndvi": 0.159, "ndbi": 0.085, "mndwi": -0.285, "albedo": 0.187, "building_height_mean": 0.0, "night_lights_mean": 0.0, "svf_proxy": 1.0, "suhii_night_ml": 4.854, "suhii_night_2031": 5.27, "suhii_night_2041": 6.03 }, "geometry": { "type": "Polygon", "coordinates": [ [ [ 79.110000000000113, 21.15 ], [ 79.110000000000113, 21.16 ], [ 79.120000000000118, 21.16 ], [ 79.120000000000118, 21.15 ], [ 79.110000000000113, 21.15 ] ] ] } },
{ "type": "Feature", "properties": { "cell_id": "C0390", "lon_center": 79.095, "lat_center": 21.155, "suhii_day": -2.26, "suhii_night": 4.61, "suhii_day_normalized": -0.733, "suhii_night_normalized": 2.862, "lst_day": 37.79, "lst_night": 29.88, "frac_built": 0.884, "frac_tree": 0.106, "frac_water": 0.0, "frac_crop": 0.002, "frac_grass": 0.003, "ndvi": 0.208, "ndbi": 0.058, "mndwi": -0.301, "albedo": 0.185, "building_height_mean": 0.0, "night_lights_mean": 0.0, "svf_proxy": 1.0, "suhii_night_ml": 2.862, "suhii_night_2031": 3.28, "suhii_night_2041": 4.04 }, "geometry": { "type": "Polygon", "coordinates": [ [ [ 79.090000000000103, 21.15 ], [ 79.090000000000103, 21.16 ], [ 79.100000000000108, 21.16 ], [ 79.100000000000108, 21.15 ], [ 79.090000000000103, 21.15 ] ] ] } },
{ "type": "Feature", "properties": { "cell_id": "C0410", "lon_center": 79.105, "lat_center": 21.155, "suhii_day": -2.07, "suhii_night": 5.13, "suhii_day_normalized": 0.197, "suhii_night_normalized": 5.074, "lst_day": 37.98, "lst_night": 30.4, "frac_built": 0.983, "frac_tree": 0.015, "frac_water": 0.0, "frac_crop": 0.0, "frac_grass": 0.001, "ndvi": 0.138, "ndbi": 0.101, "mndwi": -0.281, "albedo": 0.187, "building_height_mean": 0.0, "night_lights_mean": 0.0, "svf_proxy": 1.0, "suhii_night_ml": 5.074, "suhii_night_2031": 5.49, "suhii_night_2041": 6.25 }, "geometry": { "type": "Polygon", "coordinates": [ [ [ 79.100000000000108, 21.15 ], [ 79.100000000000108, 21.16 ], [ 79.110000000000113, 21.16 ], [ 79.110000000000113, 21.15 ], [ 79.100000000000108, 21.15 ] ] ] } },
{ "type": "Feature", "properties": { "cell_id": "C0431", "lon_center": 79.115, "lat_center": 21.165, "suhii_day": -1.79, "suhii_night": 4.86, "suhii_day_normalized": 0.477, "suhii_night_normalized": 4.804, "lst_day": 38.26, "lst_night": 30.13, "frac_built": 0.883, "frac_tree": 0.063, "frac_water": 0.023, "frac_crop": 0.005, "frac_grass": 0.024, "ndvi": 0.22, "ndbi": 0.05, "mndwi": -0.305, "albedo": 0.19, "building_height_mean": 0.0, "night_lights_mean": 0.0, "svf_proxy": 1.0, "suhii_night_ml": 4.804, "suhii_night_2031": 5.22, "suhii_night_2041": 5.98 }, "geometry": { "type": "Polygon", "coordinates": [ [ [ 79.110000000000113, 21.16 ], [ 79.110000000000113, 21.17 ], [ 79.120000000000118, 21.17 ], [ 79.120000000000118, 21.16 ], [ 79.110000000000113, 21.16 ] ] ] } },
{ "type": "Feature", "properties": { "cell_id": "C0411", "lon_center": 79.105, "lat_center": 21.165, "suhii_day": -2.0, "suhii_night": 4.82, "suhii_day_normalized": 0.267, "suhii_night_normalized": 4.764, "lst_day": 38.05, "lst_night": 30.09, "frac_built": 0.933, "frac_tree": 0.039, "frac_water": 0.0, "frac_crop": 0.012, "frac_grass": 0.013, "ndvi": 0.209, "ndbi": 0.06, "mndwi": -0.305, "albedo": 0.19, "building_height_mean": 0.0, "night_lights_mean": 0.0, "svf_proxy": 1.0, "suhii_night_ml": 4.764, "suhii_night_2031": 5.18, "suhii_night_2041": 5.94 }, "geometry": { "type": "Polygon", "coordinates": [ [ [ 79.100000000000108, 21.16 ], [ 79.100000000000108, 21.17 ], [ 79.110000000000113, 21.17 ], [ 79.110000000000113, 21.16 ], [ 79.100000000000108, 21.16 ] ] ] } },
{ "type": "Feature", "properties": { "cell_id": "C0451", "lon_center": 79.125, "lat_center": 21.165, "suhii_day": -1.57, "suhii_night": 4.31, "suhii_day_normalized": 0.697, "suhii_night_normalized": 4.254, "lst_day": 38.48, "lst_night": 29.58, "frac_built": 0.937, "frac_tree": 0.031, "frac_water": 0.001, "frac_crop": 0.001, "frac_grass": 0.027, "ndvi": 0.208, "ndbi": 0.055, "mndwi": -0.296, "albedo": 0.198, "building_height_mean": 0.0, "night_lights_mean": 0.0, "svf_proxy": 1.0, "suhii_night_ml": 4.254, "suhii_night_2031": 4.67, "suhii_night_2041": 5.43 }, "geometry": { "type": "Polygon", "coordinates": [ [ [ 79.120000000000118, 21.16 ], [ 79.120000000000118, 21.17 ], [ 79.130000000000123, 21.17 ], [ 79.130000000000123, 21.16 ], [ 79.120000000000118, 21.16 ] ] ] } },
{ "type": "Feature", "properties": { "cell_id": "C0472", "lon_center": 79.135, "lat_center": 21.175, "suhii_day": -1.25, "suhii_night": 3.08, "suhii_day_normalized": 1.017, "suhii_night_normalized": 3.024, "lst_day": 38.8, "lst_night": 28.35, "frac_built": 0.814, "frac_tree": 0.038, "frac_water": 0.001, "frac_crop": 0.065, "frac_grass": 0.068, "ndvi": 0.227, "ndbi": 0.051, "mndwi": -0.315, "albedo": 0.194, "building_height_mean": 0.0, "night_lights_mean": 0.0, "svf_proxy": 1.0, "suhii_night_ml": 3.024, "suhii_night_2031": 3.44, "suhii_night_2041": 4.2 }, "geometry": { "type": "Polygon", "coordinates": [ [ [ 79.130000000000123, 21.17 ], [ 79.130000000000123, 21.18 ], [ 79.140000000000128, 21.18 ], [ 79.140000000000128, 21.17 ], [ 79.130000000000123, 21.17 ] ] ] } },
{ "type": "Feature", "properties": { "cell_id": "C0412", "lon_center": 79.105, "lat_center": 21.175, "suhii_day": -1.9, "suhii_night": 4.41, "suhii_day_normalized": 0.367, "suhii_night_normalized": 4.354, "lst_day": 38.15, "lst_night": 29.68, "frac_built": 0.893, "frac_tree": 0.039, "frac_water": 0.0, "frac_crop": 0.022, "frac_grass": 0.04, "ndvi": 0.231, "ndbi": 0.046, "mndwi": -0.309, "albedo": 0.191, "building_height_mean": 0.0, "night_lights_mean": 0.0, "svf_proxy": 1.0, "suhii_night_ml": 4.354, "suhii_night_2031": 4.77, "suhii_night_2041": 5.53 }, "geometry": { "type": "Polygon", "coordinates": [ [ [ 79.100000000000108, 21.17 ], [ 79.100000000000108, 21.18 ], [ 79.110000000000113, 21.18 ], [ 79.110000000000113, 21.17 ], [ 79.100000000000108, 21.17 ] ] ] } },
{ "type": "Feature", "properties": { "cell_id": "C0452", "lon_center": 79.125, "lat_center": 21.175, "suhii_day": -1.34, "suhii_night": 3.75, "suhii_day_normalized": 0.927, "suhii_night_normalized": 3.694, "lst_day": 38.71, "lst_night": 29.02, "frac_built": 0.859, "frac_tree": 0.016, "frac_water": 0.0, "frac_crop": 0.018, "frac_grass": 0.08, "ndvi": 0.171, "ndbi": 0.075, "mndwi": -0.292, "albedo": 0.195, "building_height_mean": 0.0, "night_lights_mean": 0.0, "svf_proxy": 1.0, "suhii_night_ml": 3.694, "suhii_night_2031": 4.11, "suhii_night_2041": 4.87 }, "geometry": { "type": "Polygon", "coordinates": [ [ [ 79.120000000000118, 21.17 ], [ 79.120000000000118, 21.18 ], [ 79.130000000000123, 21.18 ], [ 79.130000000000123, 21.17 ], [ 79.120000000000118, 21.17 ] ] ] } },
{ "type": "Feature", "properties": { "cell_id": "C0432", "lon_center": 79.115, "lat_center": 21.175, "suhii_day": -1.61, "suhii_night": 4.21, "suhii_day_normalized": 0.657, "suhii_night_normalized": 4.154, "lst_day": 38.44, "lst_night": 29.48, "frac_built": 0.969, "frac_tree": 0.011, "frac_water": 0.0, "frac_crop": 0.003, "frac_grass": 0.011, "ndvi": 0.171, "ndbi": 0.078, "mndwi": -0.29, "albedo": 0.193, "building_height_mean": 0.0, "night_lights_mean": 0.0, "svf_proxy": 1.0, "suhii_night_ml": 4.154, "suhii_night_2031": 4.57, "suhii_night_2041": 5.33 }, "geometry": { "type": "Polygon", "coordinates": [ [ [ 79.110000000000113, 21.17 ], [ 79.110000000000113, 21.18 ], [ 79.120000000000118, 21.18 ], [ 79.120000000000118, 21.17 ], [ 79.110000000000113, 21.17 ] ] ] } },
{ "type": "Feature", "properties": { "cell_id": "C0290", "lon_center": 79.045, "lat_center": 21.155, "suhii_day": -3.23, "suhii_night": 3.32, "suhii_day_normalized": -1.703, "suhii_night_normalized": 1.572, "lst_day": 36.82, "lst_night": 28.59, "frac_built": 0.147, "frac_tree": 0.417, "frac_water": 0.27, "frac_crop": 0.015, "frac_grass": 0.126, "ndvi": 0.264, "ndbi": -0.013, "mndwi": -0.232, "albedo": 0.132, "building_height_mean": 0.0, "night_lights_mean": 0.0, "svf_proxy": 1.0, "suhii_night_ml": 1.572, "suhii_night_2031": 1.99, "suhii_night_2041": 2.75 }, "geometry": { "type": "Polygon", "coordinates": [ [ [ 79.04, 21.15 ], [ 79.04, 21.16 ], [ 79.05, 21.16 ], [ 79.05, 21.15 ], [ 79.04, 21.15 ] ] ] } },
{ "type": "Feature", "properties": { "cell_id": "C0270", "lon_center": 79.035, "lat_center": 21.155, "suhii_day": -3.02, "suhii_night": 2.86, "suhii_day_normalized": -1.493, "suhii_night_normalized": 1.112, "lst_day": 37.03, "lst_night": 28.13, "frac_built": 0.032, "frac_tree": 0.616, "frac_water": 0.047, "frac_crop": 0.047, "frac_grass": 0.219, "ndvi": 0.523, "ndbi": -0.068, "mndwi": -0.439, "albedo": 0.168, "building_height_mean": 0.0, "night_lights_mean": 0.0, "svf_proxy": 1.0, "suhii_night_ml": 1.112, "suhii_night_2031": 1.53, "suhii_night_2041": 2.29 }, "geometry": { "type": "Polygon", "coordinates": [ [ [ 79.03, 21.15 ], [ 79.03, 21.16 ], [ 79.04, 21.16 ], [ 79.04, 21.15 ], [ 79.03, 21.15 ] ] ] } },
{ "type": "Feature", "properties": { "cell_id": "C0251", "lon_center": 79.025, "lat_center": 21.165, "suhii_day": -1.07, "suhii_night": 2.95, "suhii_day_normalized": 0.457, "suhii_night_normalized": 1.202, "lst_day": 38.98, "lst_night": 28.22, "frac_built": 0.364, "frac_tree": 0.11, "frac_water": 0.0, "frac_crop": 0.034, "frac_grass": 0.479, "ndvi": 0.332, "ndbi": 0.026, "mndwi": -0.389, "albedo": 0.178, "building_height_mean": 0.0, "night_lights_mean": 0.0, "svf_proxy": 1.0, "suhii_night_ml": 1.202, "suhii_night_2031": 1.62, "suhii_night_2041": 2.38 }, "geometry": { "type": "Polygon", "coordinates": [ [ [ 79.02, 21.16 ], [ 79.02, 21.17 ], [ 79.03, 21.17 ], [ 79.03, 21.16 ], [ 79.02, 21.16 ] ] ] } },
{ "type": "Feature", "properties": { "cell_id": "C0311", "lon_center": 79.055, "lat_center": 21.165, "suhii_day": -2.99, "suhii_night": 3.77, "suhii_day_normalized": -1.463, "suhii_night_normalized": 2.022, "lst_day": 37.06, "lst_night": 29.04, "frac_built": 0.298, "frac_tree": 0.643, "frac_water": 0.0, "frac_crop": 0.004, "frac_grass": 0.034, "ndvi": 0.482, "ndbi": -0.068, "mndwi": -0.419, "albedo": 0.173, "building_height_mean": 0.0, "night_lights_mean": 0.0, "svf_proxy": 1.0, "suhii_night_ml": 2.022, "suhii_night_2031": 2.44, "suhii_night_2041": 3.2 }, "geometry": { "type": "Polygon", "coordinates": [ [ [ 79.05, 21.16 ], [ 79.05, 21.17 ], [ 79.06, 21.17 ], [ 79.06, 21.16 ], [ 79.05, 21.16 ] ] ] } },
{ "type": "Feature", "properties": { "cell_id": "C0271", "lon_center": 79.035, "lat_center": 21.165, "suhii_day": -1.81, "suhii_night": 3.31, "suhii_day_normalized": -0.283, "suhii_night_normalized": 1.562, "lst_day": 38.24, "lst_night": 28.58, "frac_built": 0.486, "frac_tree": 0.284, "frac_water": 0.0, "frac_crop": 0.028, "frac_grass": 0.197, "ndvi": 0.383, "ndbi": -0.012, "mndwi": -0.389, "albedo": 0.181, "building_height_mean": 0.0, "night_lights_mean": 0.0, "svf_proxy": 1.0, "suhii_night_ml": 1.562, "suhii_night_2031": 1.98, "suhii_night_2041": 2.74 }, "geometry": { "type": "Polygon", "coordinates": [ [ [ 79.03, 21.16 ], [ 79.03, 21.17 ], [ 79.04, 21.17 ], [ 79.04, 21.16 ], [ 79.03, 21.16 ] ] ] } },
{ "type": "Feature", "properties": { "cell_id": "C0291", "lon_center": 79.045, "lat_center": 21.165, "suhii_day": -2.32, "suhii_night": 3.62, "suhii_day_normalized": -0.793, "suhii_night_normalized": 1.872, "lst_day": 37.73, "lst_night": 28.89, "frac_built": 0.42, "frac_tree": 0.218, "frac_water": 0.0, "frac_crop": 0.05, "frac_grass": 0.291, "ndvi": 0.359, "ndbi": 0.008, "mndwi": -0.393, "albedo": 0.177, "building_height_mean": 0.0, "night_lights_mean": 0.0, "svf_proxy": 1.0, "suhii_night_ml": 1.872, "suhii_night_2031": 2.29, "suhii_night_2041": 3.05 }, "geometry": { "type": "Polygon", "coordinates": [ [ [ 79.04, 21.16 ], [ 79.04, 21.17 ], [ 79.05, 21.17 ], [ 79.05, 21.16 ], [ 79.04, 21.16 ] ] ] } },
{ "type": "Feature", "properties": { "cell_id": "C0252", "lon_center": 79.025, "lat_center": 21.175, "suhii_day": -1.96, "suhii_night": 1.95, "suhii_day_normalized": -0.433, "suhii_night_normalized": 0.202, "lst_day": 38.09, "lst_night": 27.22, "frac_built": 0.107, "frac_tree": 0.029, "frac_water": 0.0, "frac_crop": 0.079, "frac_grass": 0.747, "ndvi": 0.275, "ndbi": 0.085, "mndwi": -0.42, "albedo": 0.153, "building_height_mean": 0.0, "night_lights_mean": 0.0, "svf_proxy": 1.0, "suhii_night_ml": 0.202, "suhii_night_2031": 0.62, "suhii_night_2041": 1.38 }, "geometry": { "type": "Polygon", "coordinates": [ [ [ 79.02, 21.17 ], [ 79.02, 21.18 ], [ 79.03, 21.18 ], [ 79.03, 21.17 ], [ 79.02, 21.17 ] ] ] } },
{ "type": "Feature", "properties": { "cell_id": "C0312", "lon_center": 79.055, "lat_center": 21.175, "suhii_day": -2.57, "suhii_night": 3.71, "suhii_day_normalized": -1.043, "suhii_night_normalized": 1.962, "lst_day": 37.48, "lst_night": 28.98, "frac_built": 0.693, "frac_tree": 0.205, "frac_water": 0.0, "frac_crop": 0.012, "frac_grass": 0.085, "ndvi": 0.306, "ndbi": 0.015, "mndwi": -0.35, "albedo": 0.188, "building_height_mean": 0.0, "night_lights_mean": 0.0, "svf_proxy": 1.0, "suhii_night_ml": 1.962, "suhii_night_2031": 2.38, "suhii_night_2041": 3.14 }, "geometry": { "type": "Polygon", "coordinates": [ [ [ 79.05, 21.17 ], [ 79.05, 21.18 ], [ 79.06, 21.18 ], [ 79.06, 21.17 ], [ 79.05, 21.17 ] ] ] } },
{ "type": "Feature", "properties": { "cell_id": "C0292", "lon_center": 79.045, "lat_center": 21.175, "suhii_day": -2.57, "suhii_night": 3.59, "suhii_day_normalized": -1.043, "suhii_night_normalized": 1.842, "lst_day": 37.48, "lst_night": 28.86, "frac_built": 0.789, "frac_tree": 0.189, "frac_water": 0.0, "frac_crop": 0.007, "frac_grass": 0.014, "ndvi": 0.302, "ndbi": -0.003, "mndwi": -0.322, "albedo": 0.195, "building_height_mean": 0.0, "night_lights_mean": 0.0, "svf_proxy": 1.0, "suhii_night_ml": 1.842, "suhii_night_2031": 2.26, "suhii_night_2041": 3.02 }, "geometry": { "type": "Polygon", "coordinates": [ [ [ 79.04, 21.17 ], [ 79.04, 21.18 ], [ 79.05, 21.18 ], [ 79.05, 21.17 ], [ 79.04, 21.17 ] ] ] } },
{ "type": "Feature", "properties": { "cell_id": "C0272", "lon_center": 79.035, "lat_center": 21.175, "suhii_day": -2.03, "suhii_night": 3.19, "suhii_day_normalized": -0.503, "suhii_night_normalized": 1.442, "lst_day": 38.02, "lst_night": 28.46, "frac_built": 0.719, "frac_tree": 0.032, "frac_water": 0.0, "frac_crop": 0.085, "frac_grass": 0.161, "ndvi": 0.256, "ndbi": 0.023, "mndwi": -0.315, "albedo": 0.199, "building_height_mean": 0.0, "night_lights_mean": 0.0, "svf_proxy": 1.0, "suhii_night_ml": 1.442, "suhii_night_2031": 1.86, "suhii_night_2041": 2.62 }, "geometry": { "type": "Polygon", "coordinates": [ [ [ 79.03, 21.17 ], [ 79.03, 21.18 ], [ 79.04, 21.18 ], [ 79.04, 21.17 ], [ 79.03, 21.17 ] ] ] } },
{ "type": "Feature", "properties": { "cell_id": "C0353", "lon_center": 79.075, "lat_center": 21.185, "suhii_day": -1.96, "suhii_night": 4.05, "suhii_day_normalized": -0.433, "suhii_night_normalized": 2.302, "lst_day": 38.09, "lst_night": 29.32, "frac_built": 0.722, "frac_tree": 0.122, "frac_water": 0.0, "frac_crop": 0.043, "frac_grass": 0.103, "ndvi": 0.287, "ndbi": 0.011, "mndwi": -0.326, "albedo": 0.188, "building_height_mean": 0.0, "night_lights_mean": 0.0, "svf_proxy": 1.0, "suhii_night_ml": 2.302, "suhii_night_2031": 2.72, "suhii_night_2041": 3.48 }, "geometry": { "type": "Polygon", "coordinates": [ [ [ 79.07, 21.18 ], [ 79.07, 21.19 ], [ 79.08, 21.19 ], [ 79.08, 21.18 ], [ 79.07, 21.18 ] ] ] } },
{ "type": "Feature", "properties": { "cell_id": "C0393", "lon_center": 79.095, "lat_center": 21.185, "suhii_day": -1.89, "suhii_night": 4.4, "suhii_day_normalized": -0.363, "suhii_night_normalized": 2.652, "lst_day": 38.16, "lst_night": 29.67, "frac_built": 0.944, "frac_tree": 0.017, "frac_water": 0.0, "frac_crop": 0.017, "frac_grass": 0.018, "ndvi": 0.185, "ndbi": 0.067, "mndwi": -0.288, "albedo": 0.199, "building_height_mean": 0.0, "night_lights_mean": 0.0, "svf_proxy": 1.0, "suhii_night_ml": 2.652, "suhii_night_2031": 3.07, "suhii_night_2041": 3.83 }, "geometry": { "type": "Polygon", "coordinates": [ [ [ 79.090000000000103, 21.18 ], [ 79.090000000000103, 21.19 ], [ 79.100000000000108, 21.19 ], [ 79.100000000000108, 21.18 ], [ 79.090000000000103, 21.18 ] ] ] } },
{ "type": "Feature", "properties": { "cell_id": "C0333", "lon_center": 79.065, "lat_center": 21.185, "suhii_day": -1.94, "suhii_night": 3.4, "suhii_day_normalized": -0.413, "suhii_night_normalized": 1.652, "lst_day": 38.11, "lst_night": 28.67, "frac_built": 0.925, "frac_tree": 0.044, "frac_water": 0.0, "frac_crop": 0.006, "frac_grass": 0.024, "ndvi": 0.239, "ndbi": 0.036, "mndwi": -0.31, "albedo": 0.196, "building_height_mean": 0.0, "night_lights_mean": 0.0, "svf_proxy": 1.0, "suhii_night_ml": 1.652, "suhii_night_2031": 2.07, "suhii_night_2041": 2.83 }, "geometry": { "type": "Polygon", "coordinates": [ [ [ 79.06, 21.18 ], [ 79.06, 21.19 ], [ 79.07, 21.19 ], [ 79.07, 21.18 ], [ 79.06, 21.18 ] ] ] } },
{ "type": "Feature", "properties": { "cell_id": "C0373", "lon_center": 79.085, "lat_center": 21.185, "suhii_day": -1.89, "suhii_night": 4.31, "suhii_day_normalized": -0.363, "suhii_night_normalized": 2.562, "lst_day": 38.16, "lst_night": 29.58, "frac_built": 0.826, "frac_tree": 0.154, "frac_water": 0.0, "frac_crop": 0.006, "frac_grass": 0.008, "ndvi": 0.272, "ndbi": 0.013, "mndwi": -0.312, "albedo": 0.19, "building_height_mean": 0.0, "night_lights_mean": 0.0, "svf_proxy": 1.0, "suhii_night_ml": 2.562, "suhii_night_2031": 2.98, "suhii_night_2041": 3.74 }, "geometry": { "type": "Polygon", "coordinates": [ [ [ 79.08, 21.18 ], [ 79.08, 21.19 ], [ 79.090000000000103, 21.19 ], [ 79.090000000000103, 21.18 ], [ 79.08, 21.18 ] ] ] } },
{ "type": "Feature", "properties": { "cell_id": "C0354", "lon_center": 79.075, "lat_center": 21.195, "suhii_day": -1.94, "suhii_night": 3.76, "suhii_day_normalized": -0.413, "suhii_night_normalized": 2.012, "lst_day": 38.11, "lst_night": 29.03, "frac_built": 0.896, "frac_tree": 0.047, "frac_water": 0.0, "frac_crop": 0.039, "frac_grass": 0.014, "ndvi": 0.228, "ndbi": 0.037, "mndwi": -0.3, "albedo": 0.194, "building_height_mean": 0.0, "night_lights_mean": 0.0, "svf_proxy": 1.0, "suhii_night_ml": 2.012, "suhii_night_2031": 2.43, "suhii_night_2041": 3.19 }, "geometry": { "type": "Polygon", "coordinates": [ [ [ 79.07, 21.19 ], [ 79.07, 21.2 ], [ 79.08, 21.2 ], [ 79.08, 21.19 ], [ 79.07, 21.19 ] ] ] } },
{ "type": "Feature", "properties": { "cell_id": "C0394", "lon_center": 79.095, "lat_center": 21.195, "suhii_day": -1.97, "suhii_night": 3.47, "suhii_day_normalized": -0.443, "suhii_night_normalized": 1.722, "lst_day": 38.08, "lst_night": 28.74, "frac_built": 0.493, "frac_tree": 0.116, "frac_water": 0.0, "frac_crop": 0.114, "frac_grass": 0.256, "ndvi": 0.308, "ndbi": 0.027, "mndwi": -0.364, "albedo": 0.188, "building_height_mean": 0.0, "night_lights_mean": 0.0, "svf_proxy": 1.0, "suhii_night_ml": 1.722, "suhii_night_2031": 2.14, "suhii_night_2041": 2.9 }, "geometry": { "type": "Polygon", "coordinates": [ [ [ 79.090000000000103, 21.19 ], [ 79.090000000000103, 21.2 ], [ 79.100000000000108, 21.2 ], [ 79.100000000000108, 21.19 ], [ 79.090000000000103, 21.19 ] ] ] } },
{ "type": "Feature", "properties": { "cell_id": "C0334", "lon_center": 79.065, "lat_center": 21.195, "suhii_day": -2.28, "suhii_night": 3.13, "suhii_day_normalized": -0.753, "suhii_night_normalized": 1.382, "lst_day": 37.77, "lst_night": 28.4, "frac_built": 0.708, "frac_tree": 0.04, "frac_water": 0.0, "frac_crop": 0.115, "frac_grass": 0.128, "ndvi": 0.258, "ndbi": 0.032, "mndwi": -0.329, "albedo": 0.202, "building_height_mean": 0.0, "night_lights_mean": 0.0, "svf_proxy": 1.0, "suhii_night_ml": 1.382, "suhii_night_2031": 1.8, "suhii_night_2041": 2.56 }, "geometry": { "type": "Polygon", "coordinates": [ [ [ 79.06, 21.19 ], [ 79.06, 21.2 ], [ 79.07, 21.2 ], [ 79.07, 21.19 ], [ 79.06, 21.19 ] ] ] } },
{ "type": "Feature", "properties": { "cell_id": "C0374", "lon_center": 79.085, "lat_center": 21.195, "suhii_day": -1.93, "suhii_night": 3.83, "suhii_day_normalized": -0.403, "suhii_night_normalized": 2.082, "lst_day": 38.12, "lst_night": 29.1, "frac_built": 0.618, "frac_tree": 0.183, "frac_water": 0.0, "frac_crop": 0.112, "frac_grass": 0.077, "ndvi": 0.339, "ndbi": -0.013, "mndwi": -0.346, "albedo": 0.192, "building_height_mean": 0.0, "night_lights_mean": 0.0, "svf_proxy": 1.0, "suhii_night_ml": 2.082, "suhii_night_2031": 2.5, "suhii_night_2041": 3.26 }, "geometry": { "type": "Polygon", "coordinates": [ [ [ 79.08, 21.19 ], [ 79.08, 21.2 ], [ 79.090000000000103, 21.2 ], [ 79.090000000000103, 21.19 ], [ 79.08, 21.19 ] ] ] } },
{ "type": "Feature", "properties": { "cell_id": "C0375", "lon_center": 79.085, "lat_center": 21.205, "suhii_day": -2.3, "suhii_night": 2.41, "suhii_day_normalized": -0.261, "suhii_night_normalized": 1.477, "lst_day": 37.75, "lst_night": 27.68, "frac_built": 0.611, "frac_tree": 0.062, "frac_water": 0.0, "frac_crop": 0.119, "frac_grass": 0.203, "ndvi": 0.312, "ndbi": 0.016, "mndwi": -0.35, "albedo": 0.206, "building_height_mean": 0.0, "night_lights_mean": 0.0, "svf_proxy": 1.0, "suhii_night_ml": 1.477, "suhii_night_2031": 1.9, "suhii_night_2041": 2.66 }, "geometry": { "type": "Polygon", "coordinates": [ [ [ 79.08, 21.2 ], [ 79.08, 21.21 ], [ 79.090000000000103, 21.21 ], [ 79.090000000000103, 21.2 ], [ 79.08, 21.2 ] ] ] } },
{ "type": "Feature", "properties": { "cell_id": "C0355", "lon_center": 79.075, "lat_center": 21.205, "suhii_day": -2.29, "suhii_night": 3.04, "suhii_day_normalized": -0.251, "suhii_night_normalized": 2.107, "lst_day": 37.76, "lst_night": 28.31, "frac_built": 0.681, "frac_tree": 0.101, "frac_water": 0.0, "frac_crop": 0.083, "frac_grass": 0.118, "ndvi": 0.311, "ndbi": 0.004, "mndwi": -0.34, "albedo": 0.191, "building_height_mean": 0.0, "night_lights_mean": 0.0, "svf_proxy": 1.0, "suhii_night_ml": 2.107, "suhii_night_2031": 2.53, "suhii_night_2041": 3.29 }, "geometry": { "type": "Polygon", "coordinates": [ [ [ 79.08, 21.21 ], [ 79.08, 21.2 ], [ 79.07, 21.2 ], [ 79.07, 21.209278915450781 ], [ 79.070835, 21.2091392 ], [ 79.0737533, 21.2091392 ], [ 79.07549135284134, 21.21 ], [ 79.08, 21.21 ] ] ] } },
{ "type": "Feature", "properties": { "cell_id": "C0313", "lon_center": 79.055, "lat_center": 21.185, "suhii_day": -2.61, "suhii_night": 2.97, "suhii_day_normalized": -1.083, "suhii_night_normalized": 1.222, "lst_day": 37.44, "lst_night": 28.24, "frac_built": 0.894, "frac_tree": 0.046, "frac_water": 0.0, "frac_crop": 0.022, "frac_grass": 0.036, "ndvi": 0.234, "ndbi": 0.031, "mndwi": -0.299, "albedo": 0.199, "building_height_mean": 0.0, "night_lights_mean": 0.0, "svf_proxy": 1.0, "suhii_night_ml": 1.222, "suhii_night_2031": 1.64, "suhii_night_2041": 2.4 }, "geometry": { "type": "Polygon", "coordinates": [ [ [ 79.05, 21.18 ], [ 79.05, 21.19 ], [ 79.06, 21.19 ], [ 79.06, 21.18 ], [ 79.05, 21.18 ] ] ] } },
{ "type": "Feature", "properties": { "cell_id": "C0293", "lon_center": 79.045, "lat_center": 21.185, "suhii_day": -3.57, "suhii_night": 2.26, "suhii_day_normalized": -2.043, "suhii_night_normalized": 0.512, "lst_day": 36.48, "lst_night": 27.53, "frac_built": 0.214, "frac_tree": 0.572, "frac_water": 0.0, "frac_crop": 0.047, "frac_grass": 0.129, "ndvi": 0.415, "ndbi": -0.016, "mndwi": -0.413, "albedo": 0.167, "building_height_mean": 0.0, "night_lights_mean": 0.0, "svf_proxy": 1.0, "suhii_night_ml": 0.512, "suhii_night_2031": 0.93, "suhii_night_2041": 1.69 }, "geometry": { "type": "Polygon", "coordinates": [ [ [ 79.04, 21.18 ], [ 79.04, 21.19 ], [ 79.05, 21.19 ], [ 79.05, 21.18 ], [ 79.04, 21.18 ] ] ] } },
{ "type": "Feature", "properties": { "cell_id": "C0253", "lon_center": 79.025, "lat_center": 21.185, "suhii_day": -2.52, "suhii_night": 1.93, "suhii_day_normalized": -0.993, "suhii_night_normalized": 0.182, "lst_day": 37.53, "lst_night": 27.2, "frac_built": 0.0, "frac_tree": 0.566, "frac_water": 0.0, "frac_crop": 0.0, "frac_grass": 0.162, "ndvi": 0.473, "ndbi": 0.001, "mndwi": -0.468, "albedo": 0.142, "building_height_mean": 0.0, "night_lights_mean": 0.0, "svf_proxy": 1.0, "suhii_night_ml": 0.182, "suhii_night_2031": 0.6, "suhii_night_2041": 1.36 }, "geometry": { "type": "Polygon", "coordinates": [ [ [ 79.03, 21.18 ], [ 79.02, 21.18 ], [ 79.02, 21.180306418460457 ], [ 79.0207957, 21.1807304 ], [ 79.0243148, 21.1816908 ], [ 79.0273189, 21.182331 ], [ 79.029808, 21.1830513 ], [ 79.03, 21.183222868716989 ], [ 79.03, 21.18 ] ] ] } },
{ "type": "Feature", "properties": { "cell_id": "C0273", "lon_center": 79.035, "lat_center": 21.185, "suhii_day": -3.83, "suhii_night": 1.52, "suhii_day_normalized": -2.303, "suhii_night_normalized": -0.228, "lst_day": 36.22, "lst_night": 26.79, "frac_built": 0.247, "frac_tree": 0.314, "frac_water": 0.0, "frac_crop": 0.076, "frac_grass": 0.229, "ndvi": 0.374, "ndbi": 0.021, "mndwi": -0.419, "albedo": 0.165, "building_height_mean": 0.0, "night_lights_mean": 0.0, "svf_proxy": 1.0, "suhii_night_ml": -0.228, "suhii_night_2031": 0.19, "suhii_night_2041": 0.95 }, "geometry": { "type": "Polygon", "coordinates": [ [ [ 79.04, 21.19 ], [ 79.04, 21.18 ], [ 79.03, 21.18 ], [ 79.03, 21.183222868716989 ], [ 79.0318679, 21.184892 ], [ 79.0339278, 21.187533 ], [ 79.0345286, 21.1890535 ], [ 79.034440331650003, 21.19 ], [ 79.04, 21.19 ] ] ] } },
{ "type": "Feature", "properties": { "cell_id": "C0274", "lon_center": 79.035, "lat_center": 21.195, "suhii_day": -4.29, "suhii_night": 0.18, "suhii_day_normalized": -2.763, "suhii_night_normalized": -1.568, "lst_day": 35.76, "lst_night": 25.45, "frac_built": 0.001, "frac_tree": 0.16, "frac_water": 0.698, "frac_crop": 0.019, "frac_grass": 0.036, "ndvi": 0.114, "ndbi": -0.003, "mndwi": 0.004, "albedo": 0.073, "building_height_mean": 0.0, "night_lights_mean": 0.0, "svf_proxy": 1.0, "suhii_night_ml": -1.568, "suhii_night_2031": -1.15, "suhii_night_2041": -0.39 }, "geometry": { "type": "Polygon", "coordinates": [ [ [ 79.04, 21.2 ], [ 79.04, 21.19 ], [ 79.034440331650003, 21.19 ], [ 79.033842, 21.1964159 ], [ 79.032793553234271, 21.2 ], [ 79.04, 21.2 ] ] ] } },
{ "type": "Feature", "properties": { "cell_id": "C0314", "lon_center": 79.055, "lat_center": 21.195, "suhii_day": -3.54, "suhii_night": 2.43, "suhii_day_normalized": -2.013, "suhii_night_normalized": 0.682, "lst_day": 36.51, "lst_night": 27.7, "frac_built": 0.57, "frac_tree": 0.094, "frac_water": 0.0, "frac_crop": 0.104, "frac_grass": 0.227, "ndvi": 0.303, "ndbi": 0.014, "mndwi": -0.352, "albedo": 0.194, "building_height_mean": 0.0, "night_lights_mean": 0.0, "svf_proxy": 1.0, "suhii_night_ml": 0.682, "suhii_night_2031": 1.1, "suhii_night_2041": 1.86 }, "geometry": { "type": "Polygon", "coordinates": [ [ [ 79.05, 21.19 ], [ 79.05, 21.2 ], [ 79.06, 21.2 ], [ 79.06, 21.19 ], [ 79.05, 21.19 ] ] ] } },
{ "type": "Feature", "properties": { "cell_id": "C0294", "lon_center": 79.045, "lat_center": 21.195, "suhii_day": -5.28, "suhii_night": 1.4, "suhii_day_normalized": -3.753, "suhii_night_normalized": -0.348, "lst_day": 34.77, "lst_night": 26.67, "frac_built": 0.09, "frac_tree": 0.392, "frac_water": 0.245, "frac_crop": 0.03, "frac_grass": 0.206, "ndvi": 0.334, "ndbi": -0.02, "mndwi": -0.271, "albedo": 0.137, "building_height_mean": 0.0, "night_lights_mean": 0.0, "svf_proxy": 1.0, "suhii_night_ml": -0.348, "suhii_night_2031": 0.07, "suhii_night_2041": 0.83 }, "geometry": { "type": "Polygon", "coordinates": [ [ [ 79.04, 21.19 ], [ 79.04, 21.2 ], [ 79.05, 21.2 ], [ 79.05, 21.19 ], [ 79.04, 21.19 ] ] ] } },
{ "type": "Feature", "properties": { "cell_id": "C0275", "lon_center": 79.035, "lat_center": 21.205, "suhii_day": -4.89, "suhii_night": -1.39, "suhii_day_normalized": -2.851, "suhii_night_normalized": -2.323, "lst_day": 35.16, "lst_night": 23.88, "frac_built": 0.0, "frac_tree": 0.446, "frac_water": 0.165, "frac_crop": 0.06, "frac_grass": 0.274, "ndvi": 0.415, "ndbi": -0.045, "mndwi": -0.352, "albedo": 0.136, "building_height_mean": 0.0, "night_lights_mean": 0.0, "svf_proxy": 1.0, "suhii_night_ml": -2.323, "suhii_night_2031": -1.9, "suhii_night_2041": -1.14 }, "geometry": { "type": "Polygon", "coordinates": [ [ [ 79.04, 21.21 ], [ 79.04, 21.2 ], [ 79.032793553234271, 21.2 ], [ 79.0325545, 21.2008172 ], [ 79.0319537, 21.2035379 ], [ 79.033327, 21.208179 ], [ 79.034846270047922, 21.21 ], [ 79.04, 21.21 ] ] ] } },
{ "type": "Feature", "properties": { "cell_id": "C0295", "lon_center": 79.045, "lat_center": 21.205, "suhii_day": -4.71, "suhii_night": 0.79, "suhii_day_normalized": -2.671, "suhii_night_normalized": -0.143, "lst_day": 35.34, "lst_night": 26.06, "frac_built": 0.071, "frac_tree": 0.39, "frac_water": 0.045, "frac_crop": 0.036, "frac_grass": 0.327, "ndvi": 0.44, "ndbi": -0.018, "mndwi": -0.422, "albedo": 0.158, "building_height_mean": 0.0, "night_lights_mean": 0.0, "svf_proxy": 1.0, "suhii_night_ml": -0.143, "suhii_night_2031": 0.28, "suhii_night_2041": 1.04 }, "geometry": { "type": "Polygon", "coordinates": [ [ [ 79.04, 21.2 ], [ 79.04, 21.21 ], [ 79.05, 21.21 ], [ 79.05, 21.2 ], [ 79.04, 21.2 ] ] ] } },
{ "type": "Feature", "properties": { "cell_id": "C0453", "lon_center": 79.125, "lat_center": 21.185, "suhii_day": -1.34, "suhii_night": 3.13, "suhii_day_normalized": 0.927, "suhii_night_normalized": 3.074, "lst_day": 38.71, "lst_night": 28.4, "frac_built": 0.787, "frac_tree": 0.114, "frac_water": 0.001, "frac_crop": 0.038, "frac_grass": 0.04, "ndvi": 0.226, "ndbi": 0.051, "mndwi": -0.308, "albedo": 0.183, "building_height_mean": 0.0, "night_lights_mean": 0.0, "svf_proxy": 1.0, "suhii_night_ml": 3.074, "suhii_night_2031": 3.49, "suhii_night_2041": 4.25 }, "geometry": { "type": "Polygon", "coordinates": [ [ [ 79.120000000000118, 21.18 ], [ 79.120000000000118, 21.19 ], [ 79.130000000000123, 21.19 ], [ 79.130000000000123, 21.18 ], [ 79.120000000000118, 21.18 ] ] ] } },
{ "type": "Feature", "properties": { "cell_id": "C0473", "lon_center": 79.135, "lat_center": 21.185, "suhii_day": -1.55, "suhii_night": 2.14, "suhii_day_normalized": 0.717, "suhii_night_normalized": 2.084, "lst_day": 38.5, "lst_night": 27.41, "frac_built": 0.789, "frac_tree": 0.018, "frac_water": 0.003, "frac_crop": 0.05, "frac_grass": 0.125, "ndvi": 0.229, "ndbi": 0.063, "mndwi": -0.324, "albedo": 0.198, "building_height_mean": 0.0, "night_lights_mean": 0.0, "svf_proxy": 1.0, "suhii_night_ml": 2.084, "suhii_night_2031": 2.5, "suhii_night_2041": 3.26 }, "geometry": { "type": "Polygon", "coordinates": [ [ [ 79.130000000000123, 21.18 ], [ 79.130000000000123, 21.19 ], [ 79.140000000000128, 21.19 ], [ 79.140000000000128, 21.18 ], [ 79.130000000000123, 21.18 ] ] ] } },
{ "type": "Feature", "properties": { "cell_id": "C0433", "lon_center": 79.115, "lat_center": 21.185, "suhii_day": -1.65, "suhii_night": 3.82, "suhii_day_normalized": 0.617, "suhii_night_normalized": 3.764, "lst_day": 38.4, "lst_night": 29.09, "frac_built": 0.868, "frac_tree": 0.068, "frac_water": 0.0, "frac_crop": 0.016, "frac_grass": 0.037, "ndvi": 0.23, "ndbi": 0.043, "mndwi": -0.308, "albedo": 0.186, "building_height_mean": 0.0, "night_lights_mean": 0.0, "svf_proxy": 1.0, "suhii_night_ml": 3.764, "suhii_night_2031": 4.18, "suhii_night_2041": 4.94 }, "geometry": { "type": "Polygon", "coordinates": [ [ [ 79.110000000000113, 21.18 ], [ 79.110000000000113, 21.19 ], [ 79.120000000000118, 21.19 ], [ 79.120000000000118, 21.18 ], [ 79.110000000000113, 21.18 ] ] ] } },
{ "type": "Feature", "properties": { "cell_id": "C0413", "lon_center": 79.105, "lat_center": 21.185, "suhii_day": -1.92, "suhii_night": 4.32, "suhii_day_normalized": 0.347, "suhii_night_normalized": 4.264, "lst_day": 38.13, "lst_night": 29.59, "frac_built": 0.751, "frac_tree": 0.112, "frac_water": 0.0, "frac_crop": 0.064, "frac_grass": 0.068, "ndvi": 0.286, "ndbi": 0.023, "mndwi": -0.336, "albedo": 0.19, "building_height_mean": 0.0, "night_lights_mean": 0.0, "svf_proxy": 1.0, "suhii_night_ml": 4.264, "suhii_night_2031": 4.68, "suhii_night_2041": 5.44 }, "geometry": { "type": "Polygon", "coordinates": [ [ [ 79.100000000000108, 21.18 ], [ 79.100000000000108, 21.19 ], [ 79.110000000000113, 21.19 ], [ 79.110000000000113, 21.18 ], [ 79.100000000000108, 21.18 ] ] ] } },
{ "type": "Feature", "properties": { "cell_id": "C0474", "lon_center": 79.135, "lat_center": 21.195, "suhii_day": -2.05, "suhii_night": 0.25, "suhii_day_normalized": 0.217, "suhii_night_normalized": 0.194, "lst_day": 38.0, "lst_night": 25.52, "frac_built": 0.57, "frac_tree": 0.099, "frac_water": 0.0, "frac_crop": 0.112, "frac_grass": 0.209, "ndvi": 0.342, "ndbi": -0.001, "mndwi": -0.353, "albedo": 0.192, "building_height_mean": 0.0, "night_lights_mean": 0.0, "svf_proxy": 1.0, "suhii_night_ml": 0.194, "suhii_night_2031": 0.61, "suhii_night_2041": 1.37 }, "geometry": { "type": "Polygon", "coordinates": [ [ [ 79.140000000000128, 21.19 ], [ 79.130000000000123, 21.19 ], [ 79.130000000000123, 21.199875728302946 ], [ 79.1301656, 21.1999169 ], [ 79.130328649049048, 21.2 ], [ 79.133516255136996, 21.2 ], [ 79.1337061, 21.1997168 ], [ 79.1346931, 21.1984965 ], [ 79.13553, 21.1971761 ], [ 79.1357875, 21.1954756 ], [ 79.1364741, 21.1944953 ], [ 79.1389203, 21.1922145 ], [ 79.140000000000128, 21.19112389732782 ], [ 79.140000000000128, 21.19 ] ] ] } },
{ "type": "Feature", "properties": { "cell_id": "C0454", "lon_center": 79.125, "lat_center": 21.195, "suhii_day": -1.65, "suhii_night": 1.4, "suhii_day_normalized": 0.617, "suhii_night_normalized": 1.344, "lst_day": 38.4, "lst_night": 26.67, "frac_built": 0.397, "frac_tree": 0.078, "frac_water": 0.0, "frac_crop": 0.188, "frac_grass": 0.314, "ndvi": 0.296, "ndbi": 0.038, "mndwi": -0.358, "albedo": 0.189, "building_height_mean": 0.0, "night_lights_mean": 0.0, "svf_proxy": 1.0, "suhii_night_ml": 1.344, "suhii_night_2031": 1.76, "suhii_night_2041": 2.52 }, "geometry": { "type": "Polygon", "coordinates": [ [ [ 79.130000000000123, 21.19 ], [ 79.120000000000118, 21.19 ], [ 79.120000000000118, 21.2 ], [ 79.12465574358265, 21.2 ], [ 79.1260886, 21.1994167 ], [ 79.1276336, 21.1993767 ], [ 79.1288781, 21.1995968 ], [ 79.130000000000123, 21.199875728302946 ], [ 79.130000000000123, 21.19 ] ] ] } },
{ "type": "Feature", "properties": { "cell_id": "C0434", "lon_center": 79.115, "lat_center": 21.195, "suhii_day": -1.53, "suhii_night": 2.15, "suhii_day_normalized": 0.737, "suhii_night_normalized": 2.094, "lst_day": 38.52, "lst_night": 27.42, "frac_built": 0.466, "frac_tree": 0.042, "frac_water": 0.0, "frac_crop": 0.079, "frac_grass": 0.376, "ndvi": 0.309, "ndbi": 0.023, "mndwi": -0.358, "albedo": 0.193, "building_height_mean": 0.0, "night_lights_mean": 0.0, "svf_proxy": 1.0, "suhii_night_ml": 2.094, "suhii_night_2031": 2.51, "suhii_night_2041": 3.27 }, "geometry": { "type": "Polygon", "coordinates": [ [ [ 79.110000000000113, 21.19 ], [ 79.110000000000113, 21.2 ], [ 79.120000000000118, 21.2 ], [ 79.120000000000118, 21.19 ], [ 79.110000000000113, 21.19 ] ] ] } },
{ "type": "Feature", "properties": { "cell_id": "C0414", "lon_center": 79.105, "lat_center": 21.195, "suhii_day": -1.72, "suhii_night": 3.14, "suhii_day_normalized": 0.547, "suhii_night_normalized": 3.084, "lst_day": 38.33, "lst_night": 28.41, "frac_built": 0.818, "frac_tree": 0.075, "frac_water": 0.001, "frac_crop": 0.043, "frac_grass": 0.053, "ndvi": 0.257, "ndbi": 0.031, "mndwi": -0.317, "albedo": 0.194, "building_height_mean": 0.0, "night_lights_mean": 0.0, "svf_proxy": 1.0, "suhii_night_ml": 3.084, "suhii_night_2031": 3.5, "suhii_night_2041": 4.26 }, "geometry": { "type": "Polygon", "coordinates": [ [ [ 79.100000000000108, 21.19 ], [ 79.100000000000108, 21.2 ], [ 79.110000000000113, 21.2 ], [ 79.110000000000113, 21.19 ], [ 79.100000000000108, 21.19 ] ] ] } },
{ "type": "Feature", "properties": { "cell_id": "C0455", "lon_center": 79.125, "lat_center": 21.205, "suhii_day": null, "suhii_night": null, "suhii_day_normalized": null, "suhii_night_normalized": null, "lst_day": null, "lst_night": null, "frac_built": 0.113, "frac_tree": 0.139, "frac_water": 0.0, "frac_crop": 0.427, "frac_grass": 0.103, "ndvi": 0.42, "ndbi": 0.032, "mndwi": -0.453, "albedo": 0.198, "building_height_mean": 0.0, "night_lights_mean": 0.0, "svf_proxy": 1.0, "suhii_night_ml": null, "suhii_night_2031": null, "suhii_night_2041": null }, "geometry": { "type": "Polygon", "coordinates": [ [ [ 79.120000000000118, 21.2 ], [ 79.120000000000118, 21.200354319635412 ], [ 79.1228485, 21.200457 ], [ 79.1245651, 21.2000369 ], [ 79.12465574358265, 21.2 ], [ 79.120000000000118, 21.2 ] ] ] } },
{ "type": "Feature", "properties": { "cell_id": "C0475", "lon_center": 79.135, "lat_center": 21.205, "suhii_day": -1.96, "suhii_night": 4.7, "suhii_day_normalized": -0.005, "suhii_night_normalized": 3.595, "lst_day": 38.09, "lst_night": 29.97, "frac_built": 1.0, "frac_tree": 0.0, "frac_water": 0.0, "frac_crop": 0.0, "frac_grass": 0.0, "ndvi": 0.215, "ndbi": 0.047, "mndwi": -0.294, "albedo": 0.205, "building_height_mean": 0.0, "night_lights_mean": 0.0, "svf_proxy": 1.0, "suhii_night_ml": 3.595, "suhii_night_2031": 4.02, "suhii_night_2041": 4.78 }, "geometry": { "type": "Polygon", "coordinates": [ [ [ 79.130328649049048, 21.2 ], [ 79.1317749, 21.2007371 ], [ 79.1329551, 21.2008371 ], [ 79.133516255136996, 21.2 ], [ 79.130328649049048, 21.2 ] ] ] } },
{ "type": "Feature", "properties": { "cell_id": "C0395", "lon_center": 79.095, "lat_center": 21.205, "suhii_day": -2.17, "suhii_night": 1.27, "suhii_day_normalized": -0.131, "suhii_night_normalized": 0.337, "lst_day": 37.88, "lst_night": 26.54, "frac_built": 0.306, "frac_tree": 0.019, "frac_water": 0.0, "frac_crop": 0.223, "frac_grass": 0.445, "ndvi": 0.33, "ndbi": 0.035, "mndwi": -0.39, "albedo": 0.205, "building_height_mean": 0.0, "night_lights_mean": 0.0, "svf_proxy": 1.0, "suhii_night_ml": 0.337, "suhii_night_2031": 0.76, "suhii_night_2041": 1.52 }, "geometry": { "type": "Polygon", "coordinates": [ [ [ 79.090000000000103, 21.2 ], [ 79.090000000000103, 21.21 ], [ 79.100000000000108, 21.21 ], [ 79.100000000000108, 21.2 ], [ 79.090000000000103, 21.2 ] ] ] } },
{ "type": "Feature", "properties": { "cell_id": "C0335", "lon_center": 79.065, "lat_center": 21.205, "suhii_day": -2.39, "suhii_night": 2.87, "suhii_day_normalized": -0.351, "suhii_night_normalized": 1.937, "lst_day": 37.66, "lst_night": 28.14, "frac_built": 0.844, "frac_tree": 0.014, "frac_water": 0.0, "frac_crop": 0.038, "frac_grass": 0.102, "ndvi": 0.283, "ndbi": 0.01, "mndwi": -0.322, "albedo": 0.207, "building_height_mean": 0.0, "night_lights_mean": 0.0, "svf_proxy": 1.0, "suhii_night_ml": 1.937, "suhii_night_2031": 2.36, "suhii_night_2041": 3.12 }, "geometry": { "type": "Polygon", "coordinates": [ [ [ 79.07, 21.2 ], [ 79.06, 21.2 ], [ 79.06, 21.209006819804273 ], [ 79.0643119, 21.2092992 ], [ 79.0674876, 21.2096993 ], [ 79.07, 21.209278915450781 ], [ 79.07, 21.2 ] ] ] } },
{ "type": "Feature", "properties": { "cell_id": "C0376", "lon_center": 79.085, "lat_center": 21.215, "suhii_day": -2.41, "suhii_night": 1.54, "suhii_day_normalized": -0.371, "suhii_night_normalized": 0.607, "lst_day": 37.64, "lst_night": 26.81, "frac_built": 0.09, "frac_tree": 0.149, "frac_water": 0.0, "frac_crop": 0.166, "frac_grass": 0.575, "ndvi": 0.371, "ndbi": 0.018, "mndwi": -0.411, "albedo": 0.195, "building_height_mean": 0.0, "night_lights_mean": 0.0, "svf_proxy": 1.0, "suhii_night_ml": 0.607, "suhii_night_2031": 1.03, "suhii_night_2041": 1.79 }, "geometry": { "type": "Polygon", "coordinates": [ [ [ 79.090000000000103, 21.22 ], [ 79.090000000000103, 21.21 ], [ 79.08, 21.21 ], [ 79.08, 21.212600508593543 ], [ 79.0821647, 21.2143402 ], [ 79.0822505, 21.2161005 ], [ 79.0817355, 21.2169806 ], [ 79.0817355, 21.22 ], [ 79.090000000000103, 21.22 ] ] ] } },
{ "type": "Feature", "properties": { "cell_id": "C0356", "lon_center": 79.075, "lat_center": 21.215, "suhii_day": -2.42, "suhii_night": 1.86, "suhii_day_normalized": -0.465, "suhii_night_normalized": 0.755, "lst_day": 37.63, "lst_night": 27.13, "frac_built": 0.326, "frac_tree": 0.621, "frac_water": 0.0, "frac_crop": 0.054, "frac_grass": 0.0, "ndvi": 0.417, "ndbi": -0.026, "mndwi": -0.379, "albedo": 0.156, "building_height_mean": 0.0, "night_lights_mean": 0.0, "svf_proxy": 1.0, "suhii_night_ml": 0.755, "suhii_night_2031": 1.18, "suhii_night_2041": 1.94 }, "geometry": { "type": "Polygon", "coordinates": [ [ [ 79.08, 21.21 ], [ 79.07549135284134, 21.21 ], [ 79.0764999, 21.2104995 ], [ 79.0796756, 21.2123398 ], [ 79.08, 21.212600508593543 ], [ 79.08, 21.21 ] ] ] } },
{ "type": "Feature", "properties": { "cell_id": "C0396", "lon_center": 79.095, "lat_center": 21.215, "suhii_day": -2.2, "suhii_night": 0.74, "suhii_day_normalized": -0.161, "suhii_night_normalized": -0.193, "lst_day": 37.85, "lst_night": 26.01, "frac_built": 0.058, "frac_tree": 0.002, "frac_water": 0.0, "frac_crop": 0.353, "frac_grass": 0.572, "ndvi": 0.305, "ndbi": 0.044, "mndwi": -0.399, "albedo": 0.204, "building_height_mean": 0.0, "night_lights_mean": 0.0, "svf_proxy": 1.0, "suhii_night_ml": -0.193, "suhii_night_2031": 0.23, "suhii_night_2041": 0.99 }, "geometry": { "type": "Polygon", "coordinates": [ [ [ 79.100000000000108, 21.21 ], [ 79.090000000000103, 21.21 ], [ 79.090000000000103, 21.22 ], [ 79.099640402474648, 21.22 ], [ 79.100000000000108, 21.219764766593013 ], [ 79.100000000000108, 21.21 ] ] ] } },
{ "type": "Feature", "properties": { "cell_id": "C0397", "lon_center": 79.095, "lat_center": 21.225, "suhii_day": -2.25, "suhii_night": 1.13, "suhii_day_normalized": -0.295, "suhii_night_normalized": 0.025, "lst_day": 37.8, "lst_night": 26.4, "frac_built": 0.041, "frac_tree": 0.198, "frac_water": 0.014, "frac_crop": 0.207, "frac_grass": 0.472, "ndvi": 0.312, "ndbi": 0.012, "mndwi": -0.36, "albedo": 0.184, "building_height_mean": 0.0, "night_lights_mean": 0.0, "svf_proxy": 1.0, "suhii_night_ml": 0.025, "suhii_night_2031": 0.44, "suhii_night_2041": 1.2 }, "geometry": { "type": "Polygon", "coordinates": [ [ [ 79.090000000000103, 21.22 ], [ 79.090000000000103, 21.23 ], [ 79.092111058541562, 21.23 ], [ 79.0924001, 21.2299221 ], [ 79.0945458, 21.229142 ], [ 79.0958762, 21.228582 ], [ 79.0981293, 21.2274219 ], [ 79.0980005, 21.2253417 ], [ 79.0976572, 21.2238615 ], [ 79.0974426, 21.2224614 ], [ 79.0977859, 21.2211412 ], [ 79.0989661, 21.2204411 ], [ 79.099640402474648, 21.22 ], [ 79.090000000000103, 21.22 ] ] ] } },
{ "type": "Feature", "properties": { "cell_id": "C0377", "lon_center": 79.085, "lat_center": 21.225, "suhii_day": -2.41, "suhii_night": 1.76, "suhii_day_normalized": -0.455, "suhii_night_normalized": 0.655, "lst_day": 37.64, "lst_night": 27.03, "frac_built": 0.382, "frac_tree": 0.065, "frac_water": 0.0, "frac_crop": 0.158, "frac_grass": 0.392, "ndvi": 0.33, "ndbi": -0.0, "mndwi": -0.356, "albedo": 0.201, "building_height_mean": 0.0, "night_lights_mean": 0.0, "svf_proxy": 1.0, "suhii_night_ml": 0.655, "suhii_night_2031": 1.08, "suhii_night_2041": 1.84 }, "geometry": { "type": "Polygon", "coordinates": [ [ [ 79.090000000000103, 21.23 ], [ 79.090000000000103, 21.22 ], [ 79.0817355, 21.22 ], [ 79.0817355, 21.2201811 ], [ 79.0841388, 21.2260218 ], [ 79.084451548606779, 21.23 ], [ 79.090000000000103, 21.23 ] ] ] } },
{ "type": "Feature", "properties": { "cell_id": "C0315", "lon_center": 79.055, "lat_center": 21.205, "suhii_day": -2.97, "suhii_night": 2.25, "suhii_day_normalized": -0.931, "suhii_night_normalized": 1.317, "lst_day": 37.08, "lst_night": 27.52, "frac_built": 0.356, "frac_tree": 0.006, "frac_water": 0.0, "frac_crop": 0.134, "frac_grass": 0.5, "ndvi": 0.329, "ndbi": 0.014, "mndwi": -0.37, "albedo": 0.204, "building_height_mean": 0.0, "night_lights_mean": 0.0, "svf_proxy": 1.0, "suhii_night_ml": 1.317, "suhii_night_2031": 1.74, "suhii_night_2041": 2.5 }, "geometry": { "type": "Polygon", "coordinates": [ [ [ 79.06, 21.2 ], [ 79.05, 21.2 ], [ 79.05, 21.21 ], [ 79.052413540193015, 21.21 ], [ 79.0524673, 21.2096993 ], [ 79.0562438, 21.2089791 ], [ 79.0595912, 21.2089791 ], [ 79.06, 21.209006819804273 ], [ 79.06, 21.2 ] ] ] } },
{ "type": "Feature", "properties": { "cell_id": "C0276", "lon_center": 79.035, "lat_center": 21.215, "suhii_day": -3.54, "suhii_night": -1.18, "suhii_day_normalized": -1.585, "suhii_night_normalized": -2.285, "lst_day": 36.51, "lst_night": 24.09, "frac_built": 0.0, "frac_tree": 0.697, "frac_water": 0.0, "frac_crop": 0.0, "frac_grass": 0.204, "ndvi": 0.585, "ndbi": -0.065, "mndwi": -0.483, "albedo": 0.16, "building_height_mean": 0.0, "night_lights_mean": 0.0, "svf_proxy": 1.0, "suhii_night_ml": -2.285, "suhii_night_2031": -1.87, "suhii_night_2041": -1.11 }, "geometry": { "type": "Polygon", "coordinates": [ [ [ 79.04, 21.21 ], [ 79.034846270047922, 21.21 ], [ 79.0357303, 21.2110596 ], [ 79.0382194, 21.2124198 ], [ 79.0396785, 21.2133 ], [ 79.04, 21.214665324142732 ], [ 79.04, 21.21 ] ] ] } },
{ "type": "Feature", "properties": { "cell_id": "C0296", "lon_center": 79.045, "lat_center": 21.215, "suhii_day": -3.31, "suhii_night": -0.52, "suhii_day_normalized": -1.355, "suhii_night_normalized": -1.625, "lst_day": 36.74, "lst_night": 24.75, "frac_built": 0.027, "frac_tree": 0.21, "frac_water": 0.0, "frac_crop": 0.094, "frac_grass": 0.402, "ndvi": 0.44, "ndbi": 0.021, "mndwi": -0.467, "albedo": 0.17, "building_height_mean": 0.0, "night_lights_mean": 0.0, "svf_proxy": 1.0, "suhii_night_ml": -1.625, "suhii_night_2031": -1.2, "suhii_night_2041": -0.45 }, "geometry": { "type": "Polygon", "coordinates": [ [ [ 79.05, 21.21 ], [ 79.04, 21.21 ], [ 79.04, 21.214665324142732 ], [ 79.040451, 21.2165806 ], [ 79.0464591, 21.2166606 ], [ 79.05, 21.215625040037445 ], [ 79.05, 21.21 ] ] ] } },
{ "type": "Feature", "properties": { "cell_id": "C0316", "lon_center": 79.055, "lat_center": 21.215, "suhii_day": -3.14, "suhii_night": 0.02, "suhii_day_normalized": -1.185, "suhii_night_normalized": -1.085, "lst_day": 36.91, "lst_night": 25.29, "frac_built": 0.078, "frac_tree": 0.0, "frac_water": 0.0, "frac_crop": 0.056, "frac_grass": 0.866, "ndvi": 0.401, "ndbi": 0.015, "mndwi": -0.448, "albedo": 0.189, "building_height_mean": 0.0, "night_lights_mean": 0.0, "svf_proxy": 1.0, "suhii_night_ml": -1.085, "suhii_night_2031": -0.66, "suhii_night_2041": 0.09 }, "geometry": { "type": "Polygon", "coordinates": [ [ [ 79.05, 21.21 ], [ 79.05, 21.215625040037445 ], [ 79.0508365, 21.2153804 ], [ 79.0519523, 21.2125799 ], [ 79.052413540193015, 21.21 ], [ 79.05, 21.21 ] ] ] } },
{ "type": "Feature", "properties": { "cell_id": "C0549", "lon_center": 79.175, "lat_center": 21.145, "suhii_day": -2.4, "suhii_night": -0.29, "suhii_day_normalized": -0.445, "suhii_night_normalized": -1.395, "lst_day": 37.65, "lst_night": 24.98, "frac_built": 0.715, "frac_tree": 0.019, "frac_water": 0.0, "frac_crop": 0.236, "frac_grass": 0.029, "ndvi": 0.289, "ndbi": 0.042, "mndwi": -0.366, "albedo": 0.197, "building_height_mean": 0.0, "night_lights_mean": 0.0, "svf_proxy": 1.0, "suhii_night_ml": -1.395, "suhii_night_2031": -0.98, "suhii_night_2041": -0.22 }, "geometry": { "type": "Polygon", "coordinates": [ [ [ 79.170000000000144, 21.15 ], [ 79.172807523025227, 21.15 ], [ 79.1718005, 21.1496119 ], [ 79.1714508, 21.1465179 ], [ 79.1712638, 21.1453576 ], [ 79.1714918, 21.145177 ], [ 79.1714389, 21.1446632 ], [ 79.1712616, 21.1429264 ], [ 79.1712452, 21.1420024 ], [ 79.170000000000144, 21.142046810425235 ], [ 79.170000000000144, 21.15 ] ] ] } },
{ "type": "Feature", "properties": { "cell_id": "C0490", "lon_center": 79.145, "lat_center": 21.155, "suhii_day": -1.38, "suhii_night": 3.62, "suhii_day_normalized": 0.887, "suhii_night_normalized": 3.564, "lst_day": 38.67, "lst_night": 28.89, "frac_built": 0.864, "frac_tree": 0.021, "frac_water": 0.0, "frac_crop": 0.073, "frac_grass": 0.037, "ndvi": 0.208, "ndbi": 0.055, "mndwi": -0.302, "albedo": 0.189, "building_height_mean": 0.0, "night_lights_mean": 0.0, "svf_proxy": 1.0, "suhii_night_ml": 3.564, "suhii_night_2031": 3.98, "suhii_night_2041": 4.74 }, "geometry": { "type": "Polygon", "coordinates": [ [ [ 79.140000000000128, 21.15 ], [ 79.140000000000128, 21.16 ], [ 79.150000000000134, 21.16 ], [ 79.150000000000134, 21.15 ], [ 79.140000000000128, 21.15 ] ] ] } },
{ "type": "Feature", "properties": { "cell_id": "C0550", "lon_center": 79.175, "lat_center": 21.155, "suhii_day": -3.21, "suhii_night": 0.59, "suhii_day_normalized": -0.943, "suhii_night_normalized": 0.534, "lst_day": 36.84, "lst_night": 25.86, "frac_built": 0.522, "frac_tree": 0.006, "frac_water": 0.0, "frac_crop": 0.381, "frac_grass": 0.071, "ndvi": 0.297, "ndbi": 0.012, "mndwi": -0.337, "albedo": 0.199, "building_height_mean": 0.0, "night_lights_mean": 0.0, "svf_proxy": 1.0, "suhii_night_ml": 0.534, "suhii_night_2031": 0.95, "suhii_night_2041": 1.71 }, "geometry": { "type": "Polygon", "coordinates": [ [ [ 79.170000000000144, 21.15 ], [ 79.170000000000144, 21.16 ], [ 79.178505387022895, 21.16 ], [ 79.1780929, 21.1549527 ], [ 79.177238, 21.1533017 ], [ 79.1765571, 21.1520612 ], [ 79.1747601, 21.1503778 ], [ 79.1737681, 21.1503702 ], [ 79.172807523025227, 21.15 ], [ 79.170000000000144, 21.15 ] ] ] } },
{ "type": "Feature", "properties": { "cell_id": "C0470", "lon_center": 79.135, "lat_center": 21.155, "suhii_day": -1.11, "suhii_night": 4.21, "suhii_day_normalized": 1.157, "suhii_night_normalized": 4.154, "lst_day": 38.94, "lst_night": 29.48, "frac_built": 0.897, "frac_tree": 0.01, "frac_water": 0.0, "frac_crop": 0.04, "frac_grass": 0.048, "ndvi": 0.192, "ndbi": 0.065, "mndwi": -0.294, "albedo": 0.195, "building_height_mean": 0.0, "night_lights_mean": 0.0, "svf_proxy": 1.0, "suhii_night_ml": 4.154, "suhii_night_2031": 4.57, "suhii_night_2041": 5.33 }, "geometry": { "type": "Polygon", "coordinates": [ [ [ 79.130000000000123, 21.15 ], [ 79.130000000000123, 21.16 ], [ 79.140000000000128, 21.16 ], [ 79.140000000000128, 21.15 ], [ 79.130000000000123, 21.15 ] ] ] } },
{ "type": "Feature", "properties": { "cell_id": "C0510", "lon_center": 79.155, "lat_center": 21.155, "suhii_day": -2.23, "suhii_night": 2.79, "suhii_day_normalized": 0.037, "suhii_night_normalized": 2.734, "lst_day": 37.82, "lst_night": 28.06, "frac_built": 0.795, "frac_tree": 0.02, "frac_water": 0.0, "frac_crop": 0.117, "frac_grass": 0.064, "ndvi": 0.251, "ndbi": 0.025, "mndwi": -0.311, "albedo": 0.194, "building_height_mean": 0.0, "night_lights_mean": 0.0, "svf_proxy": 1.0, "suhii_night_ml": 2.734, "suhii_night_2031": 3.15, "suhii_night_2041": 3.91 }, "geometry": { "type": "Polygon", "coordinates": [ [ [ 79.150000000000134, 21.15 ], [ 79.150000000000134, 21.16 ], [ 79.160000000000139, 21.16 ], [ 79.160000000000139, 21.15 ], [ 79.150000000000134, 21.15 ] ] ] } },
{ "type": "Feature", "properties": { "cell_id": "C0530", "lon_center": 79.165, "lat_center": 21.155, "suhii_day": -2.64, "suhii_night": 1.62, "suhii_day_normalized": -0.373, "suhii_night_normalized": 1.564, "lst_day": 37.41, "lst_night": 26.89, "frac_built": 0.725, "frac_tree": 0.02, "frac_water": 0.0, "frac_crop": 0.137, "frac_grass": 0.105, "ndvi": 0.218, "ndbi": 0.057, "mndwi": -0.315, "albedo": 0.202, "building_height_mean": 0.0, "night_lights_mean": 0.0, "svf_proxy": 1.0, "suhii_night_ml": 1.564, "suhii_night_2031": 1.98, "suhii_night_2041": 2.74 }, "geometry": { "type": "Polygon", "coordinates": [ [ [ 79.160000000000139, 21.15 ], [ 79.160000000000139, 21.16 ], [ 79.170000000000144, 21.16 ], [ 79.170000000000144, 21.15 ], [ 79.160000000000139, 21.15 ] ] ] } },
{ "type": "Feature", "properties": { "cell_id": "C0511", "lon_center": 79.155, "lat_center": 21.165, "suhii_day": -2.37, "suhii_night": 1.89, "suhii_day_normalized": -0.103, "suhii_night_normalized": 1.834, "lst_day": 37.68, "lst_night": 27.16, "frac_built": 0.534, "frac_tree": 0.025, "frac_water": 0.0, "frac_crop": 0.282, "frac_grass": 0.138, "ndvi": 0.281, "ndbi": 0.035, "mndwi": -0.35, "albedo": 0.203, "building_height_mean": 0.0, "night_lights_mean": 0.0, "svf_proxy": 1.0, "suhii_night_ml": 1.834, "suhii_night_2031": 2.25, "suhii_night_2041": 3.01 }, "geometry": { "type": "Polygon", "coordinates": [ [ [ 79.150000000000134, 21.16 ], [ 79.150000000000134, 21.17 ], [ 79.160000000000139, 21.17 ], [ 79.160000000000139, 21.16 ], [ 79.150000000000134, 21.16 ] ] ] } },
{ "type": "Feature", "properties": { "cell_id": "C0471", "lon_center": 79.135, "lat_center": 21.165, "suhii_day": -1.15, "suhii_night": 3.6, "suhii_day_normalized": 1.117, "suhii_night_normalized": 3.544, "lst_day": 38.9, "lst_night": 28.87, "frac_built": 0.698, "frac_tree": 0.038, "frac_water": 0.0, "frac_crop": 0.15, "frac_grass": 0.101, "ndvi": 0.226, "ndbi": 0.053, "mndwi": -0.318, "albedo": 0.192, "building_height_mean": 0.0, "night_lights_mean": 0.0, "svf_proxy": 1.0, "suhii_night_ml": 3.544, "suhii_night_2031": 3.96, "suhii_night_2041": 4.72 }, "geometry": { "type": "Polygon", "coordinates": [ [ [ 79.130000000000123, 21.16 ], [ 79.130000000000123, 21.17 ], [ 79.140000000000128, 21.17 ], [ 79.140000000000128, 21.16 ], [ 79.130000000000123, 21.16 ] ] ] } },
{ "type": "Feature", "properties": { "cell_id": "C0491", "lon_center": 79.145, "lat_center": 21.165, "suhii_day": -1.38, "suhii_night": 2.34, "suhii_day_normalized": 0.887, "suhii_night_normalized": 2.284, "lst_day": 38.67, "lst_night": 27.61, "frac_built": 0.744, "frac_tree": 0.036, "frac_water": 0.0, "frac_crop": 0.112, "frac_grass": 0.076, "ndvi": 0.219, "ndbi": 0.063, "mndwi": -0.327, "albedo": 0.182, "building_height_mean": 0.0, "night_lights_mean": 0.0, "svf_proxy": 1.0, "suhii_night_ml": 2.284, "suhii_night_2031": 2.7, "suhii_night_2041": 3.46 }, "geometry": { "type": "Polygon", "coordinates": [ [ [ 79.140000000000128, 21.16 ], [ 79.140000000000128, 21.17 ], [ 79.150000000000134, 21.17 ], [ 79.150000000000134, 21.16 ], [ 79.140000000000128, 21.16 ] ] ] } },
{ "type": "Feature", "properties": { "cell_id": "C0531", "lon_center": 79.165, "lat_center": 21.165, "suhii_day": -3.05, "suhii_night": 1.3, "suhii_day_normalized": -0.783, "suhii_night_normalized": 1.244, "lst_day": 37.0, "lst_night": 26.57, "frac_built": 0.527, "frac_tree": 0.028, "frac_water": 0.0, "frac_crop": 0.31, "frac_grass": 0.122, "ndvi": 0.315, "ndbi": 0.017, "mndwi": -0.353, "albedo": 0.199, "building_height_mean": 0.0, "night_lights_mean": 0.0, "svf_proxy": 1.0, "suhii_night_ml": 1.244, "suhii_night_2031": 1.66, "suhii_night_2041": 2.42 }, "geometry": { "type": "Polygon", "coordinates": [ [ [ 79.160000000000139, 21.16 ], [ 79.160000000000139, 21.17 ], [ 79.170000000000144, 21.17 ], [ 79.170000000000144, 21.16 ], [ 79.160000000000139, 21.16 ] ] ] } },
{ "type": "Feature", "properties": { "cell_id": "C0532", "lon_center": 79.165, "lat_center": 21.175, "suhii_day": -3.48, "suhii_night": -0.54, "suhii_day_normalized": -1.525, "suhii_night_normalized": -1.645, "lst_day": 36.57, "lst_night": 24.73, "frac_built": 0.296, "frac_tree": 0.028, "frac_water": 0.0, "frac_crop": 0.534, "frac_grass": 0.138, "ndvi": 0.414, "ndbi": -0.012, "mndwi": -0.4, "albedo": 0.193, "building_height_mean": 0.0, "night_lights_mean": 0.0, "svf_proxy": 1.0, "suhii_night_ml": -1.645, "suhii_night_2031": -1.23, "suhii_night_2041": -0.47 }, "geometry": { "type": "Polygon", "coordinates": [ [ [ 79.170000000000144, 21.17 ], [ 79.160000000000139, 21.17 ], [ 79.160000000000139, 21.18 ], [ 79.168898459012254, 21.18 ], [ 79.1681886, 21.1781893 ], [ 79.1676521, 21.1769087 ], [ 79.1678452, 21.1750879 ], [ 79.170000000000144, 21.174629691787057 ], [ 79.170000000000144, 21.17 ] ] ] } },
{ "type": "Feature", "properties": { "cell_id": "C0551", "lon_center": 79.175, "lat_center": 21.165, "suhii_day": -3.54, "suhii_night": 1.03, "suhii_day_normalized": -1.273, "suhii_night_normalized": 0.974, "lst_day": 36.51, "lst_night": 26.3, "frac_built": 0.099, "frac_tree": 0.036, "frac_water": 0.0, "frac_crop": 0.624, "frac_grass": 0.229, "ndvi": 0.431, "ndbi": -0.062, "mndwi": -0.366, "albedo": 0.194, "building_height_mean": 0.0, "night_lights_mean": 0.0, "svf_proxy": 1.0, "suhii_night_ml": 0.974, "suhii_night_2031": 1.39, "suhii_night_2041": 2.15 }, "geometry": { "type": "Polygon", "coordinates": [ [ [ 79.170000000000144, 21.16 ], [ 79.170000000000144, 21.17 ], [ 79.173443281403209, 21.17 ], [ 79.1734885, 21.1699256 ], [ 79.173811, 21.1696518 ], [ 79.1740215, 21.169256 ], [ 79.1747039, 21.1683948 ], [ 79.1750226, 21.1677001 ], [ 79.1751743, 21.1667811 ], [ 79.1758888, 21.1657966 ], [ 79.1788461, 21.1650459 ], [ 79.1786862, 21.164514 ], [ 79.1786006, 21.1637129 ], [ 79.1786177, 21.1625065 ], [ 79.178618, 21.1614169 ], [ 79.1785479, 21.1605202 ], [ 79.178505387022895, 21.16 ], [ 79.170000000000144, 21.16 ] ] ] } },
{ "type": "Feature", "properties": { "cell_id": "C0552", "lon_center": 79.175, "lat_center": 21.175, "suhii_day": -3.35, "suhii_night": 1.48, "suhii_day_normalized": -1.395, "suhii_night_normalized": 0.375, "lst_day": 36.7, "lst_night": 26.75, "frac_built": 0.0, "frac_tree": 0.222, "frac_water": 0.0, "frac_crop": 0.563, "frac_grass": 0.207, "ndvi": 0.561, "ndbi": -0.129, "mndwi": -0.394, "albedo": 0.181, "building_height_mean": 0.0, "night_lights_mean": 0.0, "svf_proxy": 1.0, "suhii_night_ml": 0.375, "suhii_night_2031": 0.8, "suhii_night_2041": 1.56 }, "geometry": { "type": "Polygon", "coordinates": [ [ [ 79.170000000000144, 21.17 ], [ 79.170000000000144, 21.174629691787057 ], [ 79.1719558, 21.1742138 ], [ 79.1724233, 21.1740032 ], [ 79.1726196, 21.1737586 ], [ 79.1723069, 21.173044 ], [ 79.1727278, 21.1724881 ], [ 79.1728958, 21.1717349 ], [ 79.1731355, 21.1711075 ], [ 79.1735527, 21.1705165 ], [ 79.1732728, 21.1702805 ], [ 79.173443281403209, 21.17 ], [ 79.170000000000144, 21.17 ] ] ] } },
{ "type": "Feature", "properties": { "cell_id": "C0553", "lon_center": 79.175, "lat_center": 21.185, "suhii_day": -2.66, "suhii_night": -0.73, "suhii_day_normalized": -0.705, "suhii_night_normalized": -1.835, "lst_day": 37.39, "lst_night": 24.54, "frac_built": 0.0, "frac_tree": 0.0, "frac_water": 0.0, "frac_crop": 0.67, "frac_grass": 0.33, "ndvi": 0.34, "ndbi": 0.017, "mndwi": -0.393, "albedo": 0.192, "building_height_mean": 0.0, "night_lights_mean": 0.0, "svf_proxy": 1.0, "suhii_night_ml": -1.835, "suhii_night_2031": -1.42, "suhii_night_2041": -0.66 }, "geometry": { "type": "Polygon", "coordinates": [ [ [ 79.170000000000144, 21.187672625651981 ], [ 79.1714072, 21.1867326 ], [ 79.1708922, 21.1853121 ], [ 79.1708064, 21.1839916 ], [ 79.170000000000144, 21.18291276903977 ], [ 79.170000000000144, 21.187672625651981 ] ] ] } },
{ "type": "Feature", "properties": { "cell_id": "C0512", "lon_center": 79.155, "lat_center": 21.175, "suhii_day": -2.92, "suhii_night": -0.04, "suhii_day_normalized": -0.653, "suhii_night_normalized": -0.096, "lst_day": 37.13, "lst_night": 25.23, "frac_built": 0.61, "frac_tree": 0.025, "frac_water": 0.0, "frac_crop": 0.176, "frac_grass": 0.173, "ndvi": 0.295, "ndbi": 0.029, "mndwi": -0.348, "albedo": 0.197, "building_height_mean": 0.0, "night_lights_mean": 0.0, "svf_proxy": 1.0, "suhii_night_ml": -0.096, "suhii_night_2031": 0.32, "suhii_night_2041": 1.08 }, "geometry": { "type": "Polygon", "coordinates": [ [ [ 79.150000000000134, 21.17 ], [ 79.150000000000134, 21.18 ], [ 79.160000000000139, 21.18 ], [ 79.160000000000139, 21.17 ], [ 79.150000000000134, 21.17 ] ] ] } },
{ "type": "Feature", "properties": { "cell_id": "C0492", "lon_center": 79.145, "lat_center": 21.175, "suhii_day": -2.09, "suhii_night": 0.64, "suhii_day_normalized": 0.177, "suhii_night_normalized": 0.584, "lst_day": 37.96, "lst_night": 25.91, "frac_built": 0.454, "frac_tree": 0.048, "frac_water": 0.001, "frac_crop": 0.217, "frac_grass": 0.269, "ndvi": 0.309, "ndbi": 0.02, "mndwi": -0.358, "albedo": 0.192, "building_height_mean": 0.0, "night_lights_mean": 0.0, "svf_proxy": 1.0, "suhii_night_ml": 0.584, "suhii_night_2031": 1.0, "suhii_night_2041": 1.76 }, "geometry": { "type": "Polygon", "coordinates": [ [ [ 79.140000000000128, 21.17 ], [ 79.140000000000128, 21.18 ], [ 79.150000000000134, 21.18 ], [ 79.150000000000134, 21.17 ], [ 79.140000000000128, 21.17 ] ] ] } },
{ "type": "Feature", "properties": { "cell_id": "C0513", "lon_center": 79.155, "lat_center": 21.185, "suhii_day": -2.58, "suhii_night": 0.05, "suhii_day_normalized": -0.313, "suhii_night_normalized": -0.006, "lst_day": 37.47, "lst_night": 25.32, "frac_built": 0.615, "frac_tree": 0.008, "frac_water": 0.0, "frac_crop": 0.113, "frac_grass": 0.255, "ndvi": 0.284, "ndbi": 0.04, "mndwi": -0.349, "albedo": 0.204, "building_height_mean": 0.0, "night_lights_mean": 0.0, "svf_proxy": 1.0, "suhii_night_ml": -0.006, "suhii_night_2031": 0.41, "suhii_night_2041": 1.17 }, "geometry": { "type": "Polygon", "coordinates": [ [ [ 79.160000000000139, 21.19 ], [ 79.160000000000139, 21.18 ], [ 79.150000000000134, 21.18 ], [ 79.150000000000134, 21.188521610282631 ], [ 79.1504216, 21.1885533 ], [ 79.1514516, 21.1893336 ], [ 79.152166332451273, 21.19 ], [ 79.160000000000139, 21.19 ] ] ] } },
{ "type": "Feature", "properties": { "cell_id": "C0533", "lon_center": 79.165, "lat_center": 21.185, "suhii_day": -3.03, "suhii_night": -2.34, "suhii_day_normalized": -0.763, "suhii_night_normalized": -2.396, "lst_day": 37.02, "lst_night": 22.93, "frac_built": 0.14, "frac_tree": 0.001, "frac_water": 0.0, "frac_crop": 0.42, "frac_grass": 0.43, "ndvi": 0.357, "ndbi": 0.034, "mndwi": -0.411, "albedo": 0.195, "building_height_mean": 0.0, "night_lights_mean": 0.0, "svf_proxy": 1.0, "suhii_night_ml": -2.396, "suhii_night_2031": -1.98, "suhii_night_2041": -1.22 }, "geometry": { "type": "Polygon", "coordinates": [ [ [ 79.170000000000144, 21.18291276903977 ], [ 79.1693258, 21.1820108 ], [ 79.1689181, 21.1800501 ], [ 79.168898459012254, 21.18 ], [ 79.160000000000139, 21.18 ], [ 79.160000000000139, 21.19 ], [ 79.166730595126495, 21.19 ], [ 79.1671586, 21.1895937 ], [ 79.1699695, 21.187693 ], [ 79.170000000000144, 21.187672625651981 ], [ 79.170000000000144, 21.18291276903977 ] ] ] } },
{ "type": "Feature", "properties": { "cell_id": "C0493", "lon_center": 79.145, "lat_center": 21.185, "suhii_day": -2.01, "suhii_night": 1.38, "suhii_day_normalized": 0.257, "suhii_night_normalized": 1.324, "lst_day": 38.04, "lst_night": 26.65, "frac_built": 0.555, "frac_tree": 0.01, "frac_water": 0.0, "frac_crop": 0.109, "frac_grass": 0.317, "ndvi": 0.301, "ndbi": 0.032, "mndwi": -0.358, "albedo": 0.21, "building_height_mean": 0.0, "night_lights_mean": 0.0, "svf_proxy": 1.0, "suhii_night_ml": 1.324, "suhii_night_2031": 1.74, "suhii_night_2041": 2.5 }, "geometry": { "type": "Polygon", "coordinates": [ [ [ 79.150000000000134, 21.18 ], [ 79.140000000000128, 21.18 ], [ 79.140000000000128, 21.19 ], [ 79.141280051718184, 21.19 ], [ 79.1424608, 21.1889935 ], [ 79.1431045, 21.1881732 ], [ 79.1448211, 21.1869127 ], [ 79.1464948, 21.1874529 ], [ 79.147439, 21.1880931 ], [ 79.1476536, 21.1892736 ], [ 79.1490912, 21.1884533 ], [ 79.150000000000134, 21.188521610282631 ], [ 79.150000000000134, 21.18 ] ] ] } },
{ "type": "Feature", "properties": { "cell_id": "C0514", "lon_center": 79.155, "lat_center": 21.195, "suhii_day": -2.47, "suhii_night": 0.05, "suhii_day_normalized": -0.515, "suhii_night_normalized": -1.055, "lst_day": 37.58, "lst_night": 25.32, "frac_built": 0.02, "frac_tree": 0.005, "frac_water": 0.0, "frac_crop": 0.377, "frac_grass": 0.597, "ndvi": 0.346, "ndbi": 0.051, "mndwi": -0.412, "albedo": 0.198, "building_height_mean": 0.0, "night_lights_mean": 0.0, "svf_proxy": 1.0, "suhii_night_ml": -1.055, "suhii_night_2031": -0.64, "suhii_night_2041": 0.12 }, "geometry": { "type": "Polygon", "coordinates": [ [ [ 79.160000000000139, 21.19 ], [ 79.152166332451273, 21.19 ], [ 79.1525459, 21.1903539 ], [ 79.1537905, 21.1904139 ], [ 79.1553998, 21.190514 ], [ 79.1567087, 21.1909741 ], [ 79.1579532, 21.1916744 ], [ 79.1590476, 21.1923746 ], [ 79.160000000000139, 21.192863006462709 ], [ 79.160000000000139, 21.19 ] ] ] } },
{ "type": "Feature", "properties": { "cell_id": "C0534", "lon_center": 79.165, "lat_center": 21.195, "suhii_day": -2.68, "suhii_night": -2.57, "suhii_day_normalized": -0.725, "suhii_night_normalized": -3.675, "lst_day": 37.37, "lst_night": 22.7, "frac_built": 0.082, "frac_tree": 0.004, "frac_water": 0.0, "frac_crop": 0.534, "frac_grass": 0.378, "ndvi": 0.335, "ndbi": 0.074, "mndwi": -0.44, "albedo": 0.175, "building_height_mean": 0.0, "night_lights_mean": 0.0, "svf_proxy": 1.0, "suhii_night_ml": -3.675, "suhii_night_2031": -3.26, "suhii_night_2041": -2.5 }, "geometry": { "type": "Polygon", "coordinates": [ [ [ 79.160000000000139, 21.19 ], [ 79.160000000000139, 21.192863006462709 ], [ 79.160335, 21.1930348 ], [ 79.1617512, 21.1934349 ], [ 79.1647982, 21.1918344 ], [ 79.166730595126495, 21.19 ], [ 79.160000000000139, 21.19 ] ] ] } },
{ "type": "Feature", "properties": { "cell_id": "C0494", "lon_center": 79.145, "lat_center": 21.195, "suhii_day": -1.74, "suhii_night": 1.62, "suhii_day_normalized": 0.215, "suhii_night_normalized": 0.515, "lst_day": 38.31, "lst_night": 26.89, "frac_built": 0.507, "frac_tree": 0.0, "frac_water": 0.0, "frac_crop": 0.068, "frac_grass": 0.425, "ndvi": 0.262, "ndbi": 0.062, "mndwi": -0.338, "albedo": 0.217, "building_height_mean": 0.0, "night_lights_mean": 0.0, "svf_proxy": 1.0, "suhii_night_ml": 0.515, "suhii_night_2031": 0.94, "suhii_night_2041": 1.69 }, "geometry": { "type": "Polygon", "coordinates": [ [ [ 79.140000000000128, 21.19 ], [ 79.140000000000128, 21.19112389732782 ], [ 79.1402077, 21.1909141 ], [ 79.141280051718184, 21.19 ], [ 79.140000000000128, 21.19 ] ] ] } },
{ "type": "Feature", "properties": { "cell_id": "C0228", "lon_center": 79.015, "lat_center": 21.135, "suhii_day": -1.43, "suhii_night": 2.08, "suhii_day_normalized": 0.097, "suhii_night_normalized": 0.332, "lst_day": 38.62, "lst_night": 27.35, "frac_built": 0.0, "frac_tree": 0.259, "frac_water": 0.0, "frac_crop": 0.142, "frac_grass": 0.589, "ndvi": 0.423, "ndbi": 0.07, "mndwi": -0.509, "albedo": 0.144, "building_height_mean": 0.0, "night_lights_mean": 0.0, "svf_proxy": 1.0, "suhii_night_ml": 0.332, "suhii_night_2031": 0.75, "suhii_night_2041": 1.51 }, "geometry": { "type": "Polygon", "coordinates": [ [ [ 79.01, 21.13 ], [ 79.01, 21.14 ], [ 79.02, 21.14 ], [ 79.02, 21.13 ], [ 79.01, 21.13 ] ] ] } },
{ "type": "Feature", "properties": { "cell_id": "C0208", "lon_center": 79.005, "lat_center": 21.135, "suhii_day": -1.23, "suhii_night": 2.73, "suhii_day_normalized": 0.297, "suhii_night_normalized": 0.982, "lst_day": 38.82, "lst_night": 28.0, "frac_built": 0.005, "frac_tree": 0.516, "frac_water": 0.0, "frac_crop": 0.014, "frac_grass": 0.365, "ndvi": 0.499, "ndbi": 0.039, "mndwi": -0.528, "albedo": 0.131, "building_height_mean": 0.0, "night_lights_mean": 0.0, "svf_proxy": 1.0, "suhii_night_ml": 0.982, "suhii_night_2031": 1.4, "suhii_night_2041": 2.16 }, "geometry": { "type": "Polygon", "coordinates": [ [ [ 79.01, 21.14 ], [ 79.01, 21.13 ], [ 79.006793725180884, 21.13 ], [ 79.0063977, 21.1321427 ], [ 79.0068912, 21.1342042 ], [ 79.0077925, 21.1360455 ], [ 79.0086722, 21.1384071 ], [ 79.009230195691117, 21.14 ], [ 79.01, 21.14 ] ] ] } },
{ "type": "Feature", "properties": { "cell_id": "C0229", "lon_center": 79.015, "lat_center": 21.145, "suhii_day": -2.08, "suhii_night": 2.36, "suhii_day_normalized": -0.553, "suhii_night_normalized": 0.612, "lst_day": 37.97, "lst_night": 27.63, "frac_built": 0.037, "frac_tree": 0.105, "frac_water": 0.0, "frac_crop": 0.269, "frac_grass": 0.584, "ndvi": 0.391, "ndbi": 0.109, "mndwi": -0.51, "albedo": 0.146, "building_height_mean": 0.0, "night_lights_mean": 0.0, "svf_proxy": 1.0, "suhii_night_ml": 0.612, "suhii_night_2031": 1.03, "suhii_night_2041": 1.79 }, "geometry": { "type": "Polygon", "coordinates": [ [ [ 79.02, 21.15 ], [ 79.02, 21.14 ], [ 79.01, 21.14 ], [ 79.01, 21.142211102023079 ], [ 79.0116119, 21.1455319 ], [ 79.0116763, 21.1481736 ], [ 79.010872284345893, 21.15 ], [ 79.02, 21.15 ] ] ] } },
{ "type": "Feature", "properties": { "cell_id": "C0209", "lon_center": 79.005, "lat_center": 21.145, "suhii_day": -2.0, "suhii_night": 3.83, "suhii_day_normalized": -0.045, "suhii_night_normalized": 2.725, "lst_day": 38.05, "lst_night": 29.1, "frac_built": 0.0, "frac_tree": 0.276, "frac_water": 0.0, "frac_crop": 0.02, "frac_grass": 0.704, "ndvi": 0.476, "ndbi": 0.031, "mndwi": -0.514, "albedo": 0.143, "building_height_mean": 0.0, "night_lights_mean": 0.0, "svf_proxy": 1.0, "suhii_night_ml": 2.725, "suhii_night_2031": 3.14, "suhii_night_2041": 3.9 }, "geometry": { "type": "Polygon", "coordinates": [ [ [ 79.01, 21.14 ], [ 79.009230195691117, 21.14 ], [ 79.0093803, 21.1404285 ], [ 79.0096593, 21.1415092 ], [ 79.01, 21.142211102023079 ], [ 79.01, 21.14 ] ] ] } },
{ "type": "Feature", "properties": { "cell_id": "C0210", "lon_center": 79.005, "lat_center": 21.155, "suhii_day": -1.13, "suhii_night": 0.96, "suhii_day_normalized": 0.825, "suhii_night_normalized": -0.145, "lst_day": 38.92, "lst_night": 26.23, "frac_built": 0.841, "frac_tree": 0.07, "frac_water": 0.0, "frac_crop": 0.051, "frac_grass": 0.038, "ndvi": 0.233, "ndbi": 0.047, "mndwi": -0.322, "albedo": 0.177, "building_height_mean": 0.0, "night_lights_mean": 0.0, "svf_proxy": 1.0, "suhii_night_ml": -0.145, "suhii_night_2031": 0.28, "suhii_night_2041": 1.03 }, "geometry": { "type": "Polygon", "coordinates": [ [ [ 79.0, 21.16 ], [ 79.01, 21.16 ], [ 79.01, 21.154001949008943 ], [ 79.0098309, 21.1560783 ], [ 79.0081143, 21.1566986 ], [ 79.006226, 21.1576192 ], [ 79.0044021, 21.1584596 ], [ 79.002428, 21.1587198 ], [ 79.000175, 21.1587998 ], [ 79.0, 21.158838452808425 ], [ 79.0, 21.16 ] ] ] } },
{ "type": "Feature", "properties": { "cell_id": "C0190", "lon_center": 78.995, "lat_center": 21.155, "suhii_day": -0.98, "suhii_night": -1.35, "suhii_day_normalized": 0.975, "suhii_night_normalized": -2.455, "lst_day": 39.07, "lst_night": 23.92, "frac_built": 0.993, "frac_tree": 0.0, "frac_water": 0.0, "frac_crop": 0.0, "frac_grass": 0.0, "ndvi": 0.163, "ndbi": 0.081, "mndwi": -0.3, "albedo": 0.175, "building_height_mean": 0.0, "night_lights_mean": 0.0, "svf_proxy": 1.0, "suhii_night_ml": -2.455, "suhii_night_2031": -2.04, "suhii_night_2041": -1.28 }, "geometry": { "type": "Polygon", "coordinates": [ [ [ 79.0, 21.16 ], [ 79.0, 21.158838452808425 ], [ 78.9977288, 21.1593401 ], [ 78.99753652392144, 21.16 ], [ 79.0, 21.16 ] ] ] } },
{ "type": "Feature", "properties": { "cell_id": "C0230", "lon_center": 79.015, "lat_center": 21.155, "suhii_day": -1.79, "suhii_night": 3.06, "suhii_day_normalized": -0.263, "suhii_night_normalized": 1.312, "lst_day": 38.26, "lst_night": 28.33, "frac_built": 0.298, "frac_tree": 0.322, "frac_water": 0.0, "frac_crop": 0.093, "frac_grass": 0.276, "ndvi": 0.406, "ndbi": -0.001, "mndwi": -0.411, "albedo": 0.161, "building_height_mean": 0.0, "night_lights_mean": 0.0, "svf_proxy": 1.0, "suhii_night_ml": 1.312, "suhii_night_2031": 1.73, "suhii_night_2041": 2.49 }, "geometry": { "type": "Polygon", "coordinates": [ [ [ 79.01, 21.16 ], [ 79.02, 21.16 ], [ 79.02, 21.15 ], [ 79.010872284345893, 21.15 ], [ 79.0108394, 21.1500747 ], [ 79.0102386, 21.1511754 ], [ 79.0100884, 21.1529165 ], [ 79.01, 21.154001949008943 ], [ 79.01, 21.16 ] ] ] } },
{ "type": "Feature", "properties": { "cell_id": "C0231", "lon_center": 79.015, "lat_center": 21.165, "suhii_day": -0.97, "suhii_night": 1.23, "suhii_day_normalized": 0.557, "suhii_night_normalized": -0.518, "lst_day": 39.08, "lst_night": 26.5, "frac_built": 0.458, "frac_tree": 0.038, "frac_water": 0.0, "frac_crop": 0.086, "frac_grass": 0.41, "ndvi": 0.308, "ndbi": 0.034, "mndwi": -0.371, "albedo": 0.17, "building_height_mean": 0.0, "night_lights_mean": 0.0, "svf_proxy": 1.0, "suhii_night_ml": -0.518, "suhii_night_2031": -0.1, "suhii_night_2041": 0.66 }, "geometry": { "type": "Polygon", "coordinates": [ [ [ 79.01, 21.16 ], [ 79.01, 21.17 ], [ 79.02, 21.17 ], [ 79.02, 21.16 ], [ 79.01, 21.16 ] ] ] } },
{ "type": "Feature", "properties": { "cell_id": "C0211", "lon_center": 79.005, "lat_center": 21.165, "suhii_day": -0.81, "suhii_night": -1.32, "suhii_day_normalized": 0.717, "suhii_night_normalized": -3.068, "lst_day": 39.24, "lst_night": 23.95, "frac_built": 0.565, "frac_tree": 0.03, "frac_water": 0.0, "frac_crop": 0.178, "frac_grass": 0.219, "ndvi": 0.314, "ndbi": 0.017, "mndwi": -0.361, "albedo": 0.174, "building_height_mean": 0.0, "night_lights_mean": 0.0, "svf_proxy": 1.0, "suhii_night_ml": -3.068, "suhii_night_2031": -2.65, "suhii_night_2041": -1.89 }, "geometry": { "type": "Polygon", "coordinates": [ [ [ 79.0, 21.16 ], [ 79.0, 21.17 ], [ 79.01, 21.17 ], [ 79.01, 21.16 ], [ 79.0, 21.16 ] ] ] } },
{ "type": "Feature", "properties": { "cell_id": "C0191", "lon_center": 78.995, "lat_center": 21.165, "suhii_day": -0.3, "suhii_night": 0.43, "suhii_day_normalized": 1.243, "suhii_night_normalized": -1.552, "lst_day": 39.75, "lst_night": 25.7, "frac_built": 0.371, "frac_tree": 0.038, "frac_water": 0.0, "frac_crop": 0.108, "frac_grass": 0.478, "ndvi": 0.317, "ndbi": 0.043, "mndwi": -0.396, "albedo": 0.172, "building_height_mean": 0.0, "night_lights_mean": 0.0, "svf_proxy": 1.0, "suhii_night_ml": -1.552, "suhii_night_2031": -1.13, "suhii_night_2041": -0.37 }, "geometry": { "type": "Polygon", "coordinates": [ [ [ 79.0, 21.17 ], [ 79.0, 21.16 ], [ 78.99753652392144, 21.16 ], [ 78.9956473, 21.1664839 ], [ 78.995327803460171, 21.17 ], [ 79.0, 21.17 ] ] ] } },
{ "type": "Feature", "properties": { "cell_id": "C0232", "lon_center": 79.015, "lat_center": 21.175, "suhii_day": -1.92, "suhii_night": -0.13, "suhii_day_normalized": 0.035, "suhii_night_normalized": -1.235, "lst_day": 38.13, "lst_night": 25.14, "frac_built": 0.077, "frac_tree": 0.247, "frac_water": 0.0, "frac_crop": 0.044, "frac_grass": 0.573, "ndvi": 0.37, "ndbi": 0.066, "mndwi": -0.462, "albedo": 0.148, "building_height_mean": 0.0, "night_lights_mean": 0.0, "svf_proxy": 1.0, "suhii_night_ml": -1.235, "suhii_night_2031": -0.82, "suhii_night_2041": -0.06 }, "geometry": { "type": "Polygon", "coordinates": [ [ [ 79.02, 21.18 ], [ 79.02, 21.17 ], [ 79.01, 21.17 ], [ 79.01, 21.175215132575623 ], [ 79.0134143, 21.1764886 ], [ 79.0159892, 21.1781693 ], [ 79.019424934469598, 21.18 ], [ 79.02, 21.18 ] ] ] } },
{ "type": "Feature", "properties": { "cell_id": "C0212", "lon_center": 79.005, "lat_center": 21.175, "suhii_day": -1.02, "suhii_night": -1.45, "suhii_day_normalized": 0.935, "suhii_night_normalized": -2.555, "lst_day": 39.03, "lst_night": 23.82, "frac_built": 0.208, "frac_tree": 0.005, "frac_water": 0.0, "frac_crop": 0.088, "frac_grass": 0.686, "ndvi": 0.258, "ndbi": 0.088, "mndwi": -0.398, "albedo": 0.167, "building_height_mean": 0.0, "night_lights_mean": 0.0, "svf_proxy": 1.0, "suhii_night_ml": -2.555, "suhii_night_2031": -2.14, "suhii_night_2041": -1.38 }, "geometry": { "type": "Polygon", "coordinates": [ [ [ 79.01, 21.17 ], [ 79.0, 21.17 ], [ 79.0, 21.176615144386364 ], [ 79.0004539, 21.1767287 ], [ 79.0061187, 21.175128 ], [ 79.0095519, 21.175048 ], [ 79.01, 21.175215132575623 ], [ 79.01, 21.17 ] ] ] } },
{ "type": "Feature", "properties": { "cell_id": "C0192", "lon_center": 78.995, "lat_center": 21.175, "suhii_day": -0.45, "suhii_night": 0.23, "suhii_day_normalized": 1.505, "suhii_night_normalized": -0.875, "lst_day": 39.6, "lst_night": 25.5, "frac_built": 0.05, "frac_tree": 0.014, "frac_water": 0.0, "frac_crop": 0.232, "frac_grass": 0.691, "ndvi": 0.281, "ndbi": 0.085, "mndwi": -0.414, "albedo": 0.163, "building_height_mean": 0.0, "night_lights_mean": 0.0, "svf_proxy": 1.0, "suhii_night_ml": -0.875, "suhii_night_2031": -0.46, "suhii_night_2041": 0.3 }, "geometry": { "type": "Polygon", "coordinates": [ [ [ 79.0, 21.17 ], [ 78.995327803460171, 21.17 ], [ 78.9952182, 21.1712062 ], [ 78.9969348, 21.1758483 ], [ 79.0, 21.176615144386364 ], [ 79.0, 21.17 ] ] ] } },
{ "type": "Feature", "properties": { "cell_id": "C0233", "lon_center": 79.015, "lat_center": 21.185, "suhii_day": null, "suhii_night": null, "suhii_day_normalized": null, "suhii_night_normalized": null, "lst_day": null, "lst_night": null, "frac_built": 0.0, "frac_tree": 0.718, "frac_water": 0.0, "frac_crop": 0.0, "frac_grass": 0.282, "ndvi": 0.49, "ndbi": -0.05, "mndwi": -0.384, "albedo": 0.128, "building_height_mean": 0.0, "night_lights_mean": 0.0, "svf_proxy": 1.0, "suhii_night_ml": null, "suhii_night_2031": null, "suhii_night_2041": null }, "geometry": { "type": "Polygon", "coordinates": [ [ [ 79.02, 21.18 ], [ 79.019424934469598, 21.18 ], [ 79.02, 21.180306418460457 ], [ 79.02, 21.18 ] ] ] } },
{ "type": "Feature", "properties": { "cell_id": "C0435", "lon_center": 79.115, "lat_center": 21.205, "suhii_day": -1.52, "suhii_night": 0.63, "suhii_day_normalized": 0.519, "suhii_night_normalized": -0.303, "lst_day": 38.53, "lst_night": 25.9, "frac_built": 0.057, "frac_tree": 0.0, "frac_water": 0.0, "frac_crop": 0.257, "frac_grass": 0.67, "ndvi": 0.368, "ndbi": 0.039, "mndwi": -0.428, "albedo": 0.199, "building_height_mean": 0.0, "night_lights_mean": 0.0, "svf_proxy": 1.0, "suhii_night_ml": -0.303, "suhii_night_2031": 0.12, "suhii_night_2041": 0.88 }, "geometry": { "type": "Polygon", "coordinates": [ [ [ 79.120000000000118, 21.2 ], [ 79.110000000000113, 21.2 ], [ 79.110000000000113, 21.21 ], [ 79.119599617913678, 21.21 ], [ 79.1197371, 21.2093592 ], [ 79.1190076, 21.2081789 ], [ 79.1186428, 21.2071387 ], [ 79.1188144, 21.2025976 ], [ 79.1189647, 21.200317 ], [ 79.120000000000118, 21.200354319635412 ], [ 79.120000000000118, 21.2 ] ] ] } },
{ "type": "Feature", "properties": { "cell_id": "C0415", "lon_center": 79.105, "lat_center": 21.205, "suhii_day": -1.8, "suhii_night": 1.62, "suhii_day_normalized": 0.239, "suhii_night_normalized": 0.687, "lst_day": 38.25, "lst_night": 26.89, "frac_built": 0.416, "frac_tree": 0.014, "frac_water": 0.0, "frac_crop": 0.253, "frac_grass": 0.315, "ndvi": 0.315, "ndbi": 0.03, "mndwi": -0.371, "albedo": 0.201, "building_height_mean": 0.0, "night_lights_mean": 0.0, "svf_proxy": 1.0, "suhii_night_ml": 0.687, "suhii_night_2031": 1.11, "suhii_night_2041": 1.87 }, "geometry": { "type": "Polygon", "coordinates": [ [ [ 79.100000000000108, 21.2 ], [ 79.100000000000108, 21.21 ], [ 79.110000000000113, 21.21 ], [ 79.110000000000113, 21.2 ], [ 79.100000000000108, 21.2 ] ] ] } },
{ "type": "Feature", "properties": { "cell_id": "C0416", "lon_center": 79.105, "lat_center": 21.215, "suhii_day": -1.93, "suhii_night": -0.85, "suhii_day_normalized": 0.025, "suhii_night_normalized": -1.955, "lst_day": 38.12, "lst_night": 24.42, "frac_built": 0.022, "frac_tree": 0.0, "frac_water": 0.0, "frac_crop": 0.381, "frac_grass": 0.569, "ndvi": 0.312, "ndbi": 0.044, "mndwi": -0.397, "albedo": 0.202, "building_height_mean": 0.0, "night_lights_mean": 0.0, "svf_proxy": 1.0, "suhii_night_ml": -1.955, "suhii_night_2031": -1.54, "suhii_night_2041": -0.78 }, "geometry": { "type": "Polygon", "coordinates": [ [ [ 79.110000000000113, 21.21 ], [ 79.100000000000108, 21.21 ], [ 79.100000000000108, 21.219764766593013 ], [ 79.1001892, 21.219641 ], [ 79.101305, 21.2178007 ], [ 79.1015625, 21.2163405 ], [ 79.1027427, 21.2155403 ], [ 79.1053605, 21.2151603 ], [ 79.1090727, 21.2132999 ], [ 79.110000000000113, 21.212900948247842 ], [ 79.110000000000113, 21.21 ] ] ] } },
{ "type": "Feature", "properties": { "cell_id": "C0436", "lon_center": 79.115, "lat_center": 21.215, "suhii_day": -1.69, "suhii_night": -1.07, "suhii_day_normalized": 0.265, "suhii_night_normalized": -2.175, "lst_day": 38.36, "lst_night": 24.2, "frac_built": 0.013, "frac_tree": 0.0, "frac_water": 0.0, "frac_crop": 0.062, "frac_grass": 0.87, "ndvi": 0.317, "ndbi": 0.022, "mndwi": -0.366, "albedo": 0.202, "building_height_mean": 0.0, "night_lights_mean": 0.0, "svf_proxy": 1.0, "suhii_night_ml": -2.175, "suhii_night_2031": -1.76, "suhii_night_2041": -0.99 }, "geometry": { "type": "Polygon", "coordinates": [ [ [ 79.110000000000113, 21.21 ], [ 79.110000000000113, 21.212900948247842 ], [ 79.1113043, 21.2123398 ], [ 79.1130638, 21.2116996 ], [ 79.1154456, 21.2122597 ], [ 79.1181278, 21.2114596 ], [ 79.1194796, 21.2105594 ], [ 79.119599617913678, 21.21 ], [ 79.110000000000113, 21.21 ] ] ] } },
{ "type": "Feature", "properties": { "cell_id": "C0398", "lon_center": 79.095, "lat_center": 21.235, "suhii_day": null, "suhii_night": null, "suhii_day_normalized": null, "suhii_night_normalized": null, "lst_day": null, "lst_night": null, "frac_built": 0.05, "frac_tree": 0.95, "frac_water": 0.0, "frac_crop": 0.0, "frac_grass": 0.0, "ndvi": 0.551, "ndbi": -0.128, "mndwi": -0.4, "albedo": 0.175, "building_height_mean": 0.0, "night_lights_mean": 0.0, "svf_proxy": 1.0, "suhii_night_ml": null, "suhii_night_2031": null, "suhii_night_2041": null }, "geometry": { "type": "Polygon", "coordinates": [ [ [ 79.090000000000103, 21.23 ], [ 79.090000000000103, 21.230524870313793 ], [ 79.0906191, 21.2304021 ], [ 79.092111058541562, 21.23 ], [ 79.090000000000103, 21.23 ] ] ] } },
{ "type": "Feature", "properties": { "cell_id": "C0378", "lon_center": 79.085, "lat_center": 21.235, "suhii_day": null, "suhii_night": null, "suhii_day_normalized": null, "suhii_night_normalized": null, "lst_day": null, "lst_night": null, "frac_built": 0.89, "frac_tree": 0.054, "frac_water": 0.0, "frac_crop": 0.054, "frac_grass": 0.002, "ndvi": 0.297, "ndbi": -0.018, "mndwi": -0.302, "albedo": 0.204, "building_height_mean": 0.0, "night_lights_mean": 0.0, "svf_proxy": 1.0, "suhii_night_ml": null, "suhii_night_2031": null, "suhii_night_2041": null }, "geometry": { "type": "Polygon", "coordinates": [ [ [ 79.090000000000103, 21.23 ], [ 79.084451548606779, 21.23 ], [ 79.0845036, 21.2306621 ], [ 79.0854263, 21.2310022 ], [ 79.0875506, 21.2310022 ], [ 79.088602, 21.2308021 ], [ 79.090000000000103, 21.230524870313793 ], [ 79.090000000000103, 21.23 ] ] ] } }
]
}
