{
"type": "FeatureCollection",
"name": "nagpur_heatmap",
"crs": { "type": "name", "properties": { "name": "urn:ogc:def:crs:OGC:1.3:CRS84" } },
"features": [
{ "type": "Feature", "properties": { "cell_id": "C0485", "lon_center": 79.145, "lat_center": 21.105, "suhii_day": -3.35, "suhii_night": 2.24, "heat_level_day": "Cool 🟦", "heat_level_night": "Moderate 🟨", "lst_day": 37.06, "lst_night": 28.69, "frac_built": 0.8987, "frac_tree": 0.005, "frac_water": 0.0 }, "geometry": { "type": "Polygon", "coordinates": [ [ [ 79.140000000000128, 21.11 ], [ 79.142301106589699, 21.11 ], [ 79.1423549, 21.1094874 ], [ 79.1421798, 21.108863 ], [ 79.1421267, 21.1082993 ], [ 79.1421994, 21.1081844 ], [ 79.1422315, 21.1080014 ], [ 79.1420491, 21.107427 ], [ 79.1407656, 21.1075626 ], [ 79.140000000000128, 21.107225878721763 ], [ 79.140000000000128, 21.11 ] ] ] } },
{ "type": "Feature", "properties": { "cell_id": "C0465", "lon_center": 79.135, "lat_center": 21.105, "suhii_day": -3.32, "suhii_night": 2.77, "heat_level_day": "Cool 🟦", "heat_level_night": "Moderate 🟨", "lst_day": 37.09, "lst_night": 29.22, "frac_built": 0.9835, "frac_tree": 0.0101, "frac_water": 0.0 }, "geometry": { "type": "Polygon", "coordinates": [ [ [ 79.130000000000123, 21.11 ], [ 79.140000000000128, 21.11 ], [ 79.140000000000128, 21.107225878721763 ], [ 79.1392636, 21.106902 ], [ 79.1374612, 21.1064616 ], [ 79.133985, 21.1067819 ], [ 79.130938, 21.1064016 ], [ 79.130000000000123, 21.105957873974461 ], [ 79.130000000000123, 21.11 ] ] ] } },
{ "type": "Feature", "properties": { "cell_id": "C0466", "lon_center": 79.135, "lat_center": 21.115, "suhii_day": -3.52, "suhii_night": 3.3, "heat_level_day": "Cool 🟦", "heat_level_night": "Moderate 🟨", "lst_day": 36.89, "lst_night": 29.75, "frac_built": 0.9624, "frac_tree": 0.0082, "frac_water": 0.0 }, "geometry": { "type": "Polygon", "coordinates": [ [ [ 79.130000000000123, 21.11 ], [ 79.130000000000123, 21.12 ], [ 79.140000000000128, 21.12 ], [ 79.140000000000128, 21.11 ], [ 79.130000000000123, 21.11 ] ] ] } },
{ "type": "Feature", "properties": { "cell_id": "C0486", "lon_center": 79.145, "lat_center": 21.115, "suhii_day": -3.49, "suhii_night": 2.92, "heat_level_day": "Cool 🟦", "heat_level_night": "Moderate 🟨", "lst_day": 36.92, "lst_night": 29.37, "frac_built": 0.893, "frac_tree": 0.0013, "frac_water": 0.0 }, "geometry": { "type": "Polygon", "coordinates": [ [ [ 79.140000000000128, 21.11 ], [ 79.140000000000128, 21.12 ], [ 79.141968685737709, 21.12 ], [ 79.142044, 21.1197642 ], [ 79.1420811, 21.119224 ], [ 79.1424736, 21.1184781 ], [ 79.1425909, 21.1178718 ], [ 79.1426947, 21.1170419 ], [ 79.1426991, 21.1170067 ], [ 79.1426954, 21.1160221 ], [ 79.1428814, 21.1152271 ], [ 79.1427918, 21.1139834 ], [ 79.1427366, 21.1134595 ], [ 79.1421911, 21.1119161 ], [ 79.1420793, 21.1107623 ], [ 79.142274, 21.1102583 ], [ 79.142301106589699, 21.11 ], [ 79.140000000000128, 21.11 ] ] ] } },
{ "type": "Feature", "properties": { "cell_id": "C0507", "lon_center": 79.155, "lat_center": 21.125, "suhii_day": -3.92, "suhii_night": 1.12, "heat_level_day": "Cool 🟦", "heat_level_night": "Low ⬜", "lst_day": 36.49, "lst_night": 27.57, "frac_built": 0.3542, "frac_tree": 0.0009, "frac_water": 0.0 }, "geometry": { "type": "Polygon", "coordinates": [ [ [ 79.150000000000134, 21.13 ], [ 79.160000000000139, 21.13 ], [ 79.160000000000139, 21.12564816425018 ], [ 79.1598521, 21.1256779 ], [ 79.1582107, 21.1259781 ], [ 79.1569178, 21.1262183 ], [ 79.155668, 21.1264285 ], [ 79.153426, 21.1229904 ], [ 79.153069, 21.1224242 ], [ 79.1502866, 21.123407 ], [ 79.150000000000134, 21.123452148734398 ], [ 79.150000000000134, 21.13 ] ] ] } },
{ "type": "Feature", "properties": { "cell_id": "C0527", "lon_center": 79.165, "lat_center": 21.125, "suhii_day": -4.16, "suhii_night": 0.39, "heat_level_day": "Cool 🟦", "heat_level_night": "Low ⬜", "lst_day": 36.25, "lst_night": 26.84, "frac_built": 0.5339, "frac_tree": 0.0, "frac_water": 0.0 }, "geometry": { "type": "Polygon", "coordinates": [ [ [ 79.160000000000139, 21.13 ], [ 79.162802413590612, 21.13 ], [ 79.1627595, 21.1295665 ], [ 79.1628456, 21.1290461 ], [ 79.1626486, 21.1276543 ], [ 79.1622261, 21.1252006 ], [ 79.160000000000139, 21.12564816425018 ], [ 79.160000000000139, 21.13 ] ] ] } },
{ "type": "Feature", "properties": { "cell_id": "C0487", "lon_center": 79.145, "lat_center": 21.125, "suhii_day": -3.75, "suhii_night": 2.4, "heat_level_day": "Cool 🟦", "heat_level_night": "Moderate 🟨", "lst_day": 36.66, "lst_night": 28.85, "frac_built": 0.9797, "frac_tree": 0.0004, "frac_water": 0.0 }, "geometry": { "type": "Polygon", "coordinates": [ [ [ 79.140000000000128, 21.12 ], [ 79.140000000000128, 21.13 ], [ 79.150000000000134, 21.13 ], [ 79.150000000000134, 21.123452148734398 ], [ 79.1479201, 21.1237798 ], [ 79.1458114, 21.1242069 ], [ 79.144961, 21.124235 ], [ 79.1431729, 21.1243806 ], [ 79.1423007, 21.1245395 ], [ 79.1421791, 21.1234556 ], [ 79.142011, 21.1219791 ], [ 79.1417328, 21.12203 ], [ 79.1415685, 21.12206 ], [ 79.1413523, 21.1214962 ], [ 79.1412696, 21.1212442 ], [ 79.1415748, 21.1211205 ], [ 79.1416904, 21.1208575 ], [ 79.1418833, 21.1206355 ], [ 79.1419936, 21.1204917 ], [ 79.1419271, 21.1201302 ], [ 79.141968685737709, 21.12 ], [ 79.140000000000128, 21.12 ] ] ] } },
{ "type": "Feature", "properties": { "cell_id": "C0467", "lon_center": 79.135, "lat_center": 21.125, "suhii_day": -3.56, "suhii_night": 3.28, "heat_level_day": "Cool 🟦", "heat_level_night": "Moderate 🟨", "lst_day": 36.85, "lst_night": 29.73, "frac_built": 0.9958, "frac_tree": 0.0005, "frac_water": 0.0 }, "geometry": { "type": "Polygon", "coordinates": [ [ [ 79.130000000000123, 21.12 ], [ 79.130000000000123, 21.13 ], [ 79.140000000000128, 21.13 ], [ 79.140000000000128, 21.12 ], [ 79.130000000000123, 21.12 ] ] ] } },
{ "type": "Feature", "properties": { "cell_id": "C0508", "lon_center": 79.155, "lat_center": 21.135, "suhii_day": -3.39, "suhii_night": 1.66, "heat_level_day": "Cool 🟦", "heat_level_night": "Low ⬜", "lst_day": 37.02, "lst_night": 28.11, "frac_built": 0.4507, "frac_tree": 0.0414, "frac_water": 0.0028 }, "geometry": { "type": "Polygon", "coordinates": [ [ [ 79.150000000000134, 21.13 ], [ 79.150000000000134, 21.14 ], [ 79.160000000000139, 21.14 ], [ 79.160000000000139, 21.13 ], [ 79.150000000000134, 21.13 ] ] ] } },
{ "type": "Feature", "properties": { "cell_id": "C0528", "lon_center": 79.165, "lat_center": 21.135, "suhii_day": -3.73, "suhii_night": 0.82, "heat_level_day": "Cool 🟦", "heat_level_night": "Low ⬜", "lst_day": 36.68, "lst_night": 27.27, "frac_built": 0.2531, "frac_tree": 0.0938, "frac_water": 0.0 }, "geometry": { "type": "Polygon", "coordinates": [ [ [ 79.160000000000139, 21.13 ], [ 79.160000000000139, 21.14 ], [ 79.167589204655499, 21.14 ], [ 79.1658767, 21.1374872 ], [ 79.1654123, 21.1373153 ], [ 79.1643381, 21.1347847 ], [ 79.1633069, 21.1322891 ], [ 79.1628421, 21.1304009 ], [ 79.162802413590612, 21.13 ], [ 79.160000000000139, 21.13 ] ] ] } },
{ "type": "Feature", "properties": { "cell_id": "C0468", "lon_center": 79.135, "lat_center": 21.135, "suhii_day": -3.2, "suhii_night": 3.61, "heat_level_day": "Cool 🟦", "heat_level_night": "Moderate 🟨", "lst_day": 37.21, "lst_night": 30.06, "frac_built": 0.7394, "frac_tree": 0.0345, "frac_water": 0.0 }, "geometry": { "type": "Polygon", "coordinates": [ [ [ 79.130000000000123, 21.13 ], [ 79.130000000000123, 21.14 ], [ 79.140000000000128, 21.14 ], [ 79.140000000000128, 21.13 ], [ 79.130000000000123, 21.13 ] ] ] } },
{ "type": "Feature", "properties": { "cell_id": "C0488", "lon_center": 79.145, "lat_center": 21.135, "suhii_day": -3.27, "suhii_night": 2.81, "heat_level_day": "Cool 🟦", "heat_level_night": "Moderate 🟨", "lst_day": 37.14, "lst_night": 29.26, "frac_built": 0.7152, "frac_tree": 0.0109, "frac_water": 0.0 }, "geometry": { "type": "Polygon", "coordinates": [ [ [ 79.140000000000128, 21.13 ], [ 79.140000000000128, 21.14 ], [ 79.150000000000134, 21.14 ], [ 79.150000000000134, 21.13 ], [ 79.140000000000128, 21.13 ] ] ] } },
{ "type": "Feature", "properties": { "cell_id": "C0529", "lon_center": 79.165, "lat_center": 21.145, "suhii_day": -2.72, "suhii_night": 1.38, "heat_level_day": "Cool 🟦", "heat_level_night": "Low ⬜", "lst_day": 37.69, "lst_night": 27.83, "frac_built": 0.7404, "frac_tree": 0.0539, "frac_water": 0.0 }, "geometry": { "type": "Polygon", "coordinates": [ [ [ 79.160000000000139, 21.14 ], [ 79.160000000000139, 21.15 ], [ 79.170000000000144, 21.15 ], [ 79.170000000000144, 21.142046810425235 ], [ 79.169204, 21.1420752 ], [ 79.1685117, 21.1413536 ], [ 79.167589204655499, 21.14 ], [ 79.160000000000139, 21.14 ] ] ] } },
{ "type": "Feature", "properties": { "cell_id": "C0469", "lon_center": 79.135, "lat_center": 21.145, "suhii_day": -2.15, "suhii_night": 3.46, "heat_level_day": "Cool 🟦", "heat_level_night": "Moderate 🟨", "lst_day": 38.26, "lst_night": 29.91, "frac_built": 0.8888, "frac_tree": 0.07, "frac_water": 0.0004 }, "geometry": { "type": "Polygon", "coordinates": [ [ [ 79.130000000000123, 21.14 ], [ 79.130000000000123, 21.15 ], [ 79.140000000000128, 21.15 ], [ 79.140000000000128, 21.14 ], [ 79.130000000000123, 21.14 ] ] ] } },
{ "type": "Feature", "properties": { "cell_id": "C0509", "lon_center": 79.155, "lat_center": 21.145, "suhii_day": -2.71, "suhii_night": 2.27, "heat_level_day": "Cool 🟦", "heat_level_night": "Moderate 🟨", "lst_day": 37.7, "lst_night": 28.72, "frac_built": 0.7269, "frac_tree": 0.0396, "frac_water": 0.0006 }, "geometry": { "type": "Polygon", "coordinates": [ [ [ 79.150000000000134, 21.14 ], [ 79.150000000000134, 21.15 ], [ 79.160000000000139, 21.15 ], [ 79.160000000000139, 21.14 ], [ 79.150000000000134, 21.14 ] ] ] } },
{ "type": "Feature", "properties": { "cell_id": "C0489", "lon_center": 79.145, "lat_center": 21.145, "suhii_day": -2.25, "suhii_night": 2.66, "heat_level_day": "Cool 🟦", "heat_level_night": "Moderate 🟨", "lst_day": 38.16, "lst_night": 29.11, "frac_built": 0.7117, "frac_tree": 0.0898, "frac_water": 0.0016 }, "geometry": { "type": "Polygon", "coordinates": [ [ [ 79.140000000000128, 21.14 ], [ 79.140000000000128, 21.15 ], [ 79.150000000000134, 21.15 ], [ 79.150000000000134, 21.14 ], [ 79.140000000000128, 21.14 ] ] ] } },
{ "type": "Feature", "properties": { "cell_id": "C0204", "lon_center": 79.005, "lat_center": 21.095, "suhii_day": -2.46, "suhii_night": 1.63, "heat_level_day": "Cool 🟦", "heat_level_night": "Low ⬜", "lst_day": 37.95, "lst_night": 28.08, "frac_built": 0.4317, "frac_tree": 0.4516, "frac_water": 0.0 }, "geometry": { "type": "Polygon", "coordinates": [ [ [ 79.01, 21.1 ], [ 79.01, 21.091252613381034 ], [ 79.0087191, 21.0928898 ], [ 79.0073204, 21.0968126 ], [ 79.0069771, 21.098254 ], [ 79.007057012560836, 21.1 ], [ 79.01, 21.1 ] ] ] } },
{ "type": "Feature", "properties": { "cell_id": "C0205", "lon_center": 79.005, "lat_center": 21.105, "suhii_day": -3.06, "suhii_night": 1.85, "heat_level_day": "Cool 🟦", "heat_level_night": "Low ⬜", "lst_day": 37.35, "lst_night": 28.3, "frac_built": 0.6925, "frac_tree": 0.222, "frac_water": 0.0 }, "geometry": { "type": "Polygon", "coordinates": [ [ [ 79.01, 21.1 ], [ 79.007057012560836, 21.1 ], [ 79.0070843, 21.1005962 ], [ 79.0072131, 21.1035189 ], [ 79.0086722, 21.1050203 ], [ 79.01, 21.106785077081295 ], [ 79.01, 21.1 ] ] ] } },
{ "type": "Feature", "properties": { "cell_id": "C0207", "lon_center": 79.005, "lat_center": 21.125, "suhii_day": -1.91, "suhii_night": 0.64, "heat_level_day": "Cool 🟦", "heat_level_night": "Low ⬜", "lst_day": 38.5, "lst_night": 27.09, "frac_built": 0.3955, "frac_tree": 0.5682, "frac_water": 0.0 }, "geometry": { "type": "Polygon", "coordinates": [ [ [ 79.01, 21.13 ], [ 79.01, 21.124657812713963 ], [ 79.0075183, 21.1243465 ], [ 79.0069341, 21.1292405 ], [ 79.006793725180884, 21.13 ], [ 79.01, 21.13 ] ] ] } },
{ "type": "Feature", "properties": { "cell_id": "C0320", "lon_center": 79.065, "lat_center": 21.055, "suhii_day": -2.75, "suhii_night": 0.73, "heat_level_day": "Cool 🟦", "heat_level_night": "Low ⬜", "lst_day": 37.66, "lst_night": 27.18, "frac_built": 0.056, "frac_tree": 0.0631, "frac_water": 0.0 }, "geometry": { "type": "Polygon", "coordinates": [ [ [ 79.06, 21.06 ], [ 79.068289001672397, 21.06 ], [ 79.0674448, 21.0587508 ], [ 79.0668762, 21.0580048 ], [ 79.0661574, 21.0570386 ], [ 79.0659803, 21.0566031 ], [ 79.0658214, 21.0555895 ], [ 79.0657174, 21.054926 ], [ 79.0656954, 21.0547207 ], [ 79.0655316, 21.0531916 ], [ 79.0655082, 21.0529736 ], [ 79.0633357, 21.0536945 ], [ 79.0618121, 21.0536845 ], [ 79.06, 21.053596181298971 ], [ 79.06, 21.06 ] ] ] } },
{ "type": "Feature", "properties": { "cell_id": "C0300", "lon_center": 79.055, "lat_center": 21.055, "suhii_day": -2.91, "suhii_night": 0.67, "heat_level_day": "Cool 🟦", "heat_level_night": "Low ⬜", "lst_day": 37.5, "lst_night": 27.12, "frac_built": 0.2381, "frac_tree": 0.0169, "frac_water": 0.0 }, "geometry": { "type": "Polygon", "coordinates": [ [ [ 79.05, 21.06 ], [ 79.06, 21.06 ], [ 79.06, 21.053596181298971 ], [ 79.0599614, 21.0535943 ], [ 79.0588966, 21.0537095 ], [ 79.0585506, 21.054115 ], [ 79.0578049, 21.0544404 ], [ 79.0568635, 21.054543 ], [ 79.0568058, 21.0545993 ], [ 79.0570914, 21.0554567 ], [ 79.057228, 21.0557729 ], [ 79.0557532, 21.0563736 ], [ 79.0548827, 21.0563707 ], [ 79.0536153, 21.056568 ], [ 79.0520167, 21.057304 ], [ 79.0510833, 21.0575693 ], [ 79.0504517, 21.0576694 ], [ 79.05, 21.057707873173317 ], [ 79.05, 21.06 ] ] ] } },
{ "type": "Feature", "properties": { "cell_id": "C0301", "lon_center": 79.055, "lat_center": 21.065, "suhii_day": -3.21, "suhii_night": 0.5, "heat_level_day": "Cool 🟦", "heat_level_night": "Low ⬜", "lst_day": 37.2, "lst_night": 26.95, "frac_built": 0.2036, "frac_tree": 0.1176, "frac_water": 0.0 }, "geometry": { "type": "Polygon", "coordinates": [ [ [ 79.06, 21.07 ], [ 79.06, 21.06 ], [ 79.05, 21.06 ], [ 79.05, 21.068612852219459 ], [ 79.0502572, 21.0687427 ], [ 79.051240483956533, 21.07 ], [ 79.06, 21.07 ] ] ] } },
{ "type": "Feature", "properties": { "cell_id": "C0321", "lon_center": 79.065, "lat_center": 21.065, "suhii_day": -3.24, "suhii_night": 0.65, "heat_level_day": "Cool 🟦", "heat_level_night": "Low ⬜", "lst_day": 37.17, "lst_night": 27.1, "frac_built": 0.2222, "frac_tree": 0.1072, "frac_water": 0.0 }, "geometry": { "type": "Polygon", "coordinates": [ [ [ 79.06, 21.06 ], [ 79.06, 21.07 ], [ 79.07, 21.07 ], [ 79.07, 21.063411213334948 ], [ 79.0699661, 21.0633463 ], [ 79.0698132, 21.0624978 ], [ 79.0690595, 21.0607882 ], [ 79.0686813, 21.0605805 ], [ 79.068289001672397, 21.06 ], [ 79.06, 21.06 ] ] ] } },
{ "type": "Feature", "properties": { "cell_id": "C0341", "lon_center": 79.075, "lat_center": 21.065, "suhii_day": -3.57, "suhii_night": 0.52, "heat_level_day": "Cool 🟦", "heat_level_night": "Low ⬜", "lst_day": 36.84, "lst_night": 26.97, "frac_built": 0.3215, "frac_tree": 0.0, "frac_water": 0.0 }, "geometry": { "type": "Polygon", "coordinates": [ [ [ 79.07, 21.07 ], [ 79.072177714964226, 21.07 ], [ 79.0723049, 21.0697739 ], [ 79.0723103, 21.068177 ], [ 79.0727341, 21.0676414 ], [ 79.0722191, 21.0669205 ], [ 79.0718222, 21.0663599 ], [ 79.0713608, 21.0660796 ], [ 79.0705615, 21.0660595 ], [ 79.0703939, 21.0659294 ], [ 79.070591, 21.0651584 ], [ 79.0704288, 21.0642323 ], [ 79.07, 21.063411213334948 ], [ 79.07, 21.07 ] ] ] } },
{ "type": "Feature", "properties": { "cell_id": "C0280", "lon_center": 79.045, "lat_center": 21.055, "suhii_day": -2.88, "suhii_night": 0.4, "heat_level_day": "Cool 🟦", "heat_level_night": "Low ⬜", "lst_day": 37.53, "lst_night": 26.85, "frac_built": 0.1503, "frac_tree": 0.0029, "frac_water": 0.0 }, "geometry": { "type": "Polygon", "coordinates": [ [ [ 79.05, 21.06 ], [ 79.05, 21.057707873173317 ], [ 79.0499809, 21.0577095 ], [ 79.0488719, 21.0577796 ], [ 79.0478593, 21.0576894 ], [ 79.0465343, 21.0585305 ], [ 79.046843933157504, 21.06 ], [ 79.05, 21.06 ] ] ] } },
{ "type": "Feature", "properties": { "cell_id": "C0281", "lon_center": 79.045, "lat_center": 21.065, "suhii_day": -2.9, "suhii_night": 0.39, "heat_level_day": "Cool 🟦", "heat_level_night": "Low ⬜", "lst_day": 37.51, "lst_night": 26.84, "frac_built": 0.0619, "frac_tree": 0.0, "frac_water": 0.0004 }, "geometry": { "type": "Polygon", "coordinates": [ [ [ 79.05, 21.06 ], [ 79.046843933157504, 21.06 ], [ 79.0469098, 21.0603126 ], [ 79.0473604, 21.0646779 ], [ 79.04809, 21.0667604 ], [ 79.048326, 21.0680218 ], [ 79.0489483, 21.0680819 ], [ 79.05, 21.068612852219459 ], [ 79.05, 21.06 ] ] ] } },
{ "type": "Feature", "properties": { "cell_id": "C0222", "lon_center": 79.015, "lat_center": 21.075, "suhii_day": -0.84, "suhii_night": 0.44, "heat_level_day": "Cool 🟦", "heat_level_night": "Low ⬜", "lst_day": 39.57, "lst_night": 26.89, "frac_built": 0.0, "frac_tree": 0.0, "frac_water": 0.0 }, "geometry": { "type": "Polygon", "coordinates": [ [ [ 79.02, 21.08 ], [ 79.02, 21.0732632361767 ], [ 79.0192549, 21.0727052 ], [ 79.018381, 21.0724462 ], [ 79.0176013, 21.0725131 ], [ 79.017048, 21.0730027 ], [ 79.0160913, 21.0742981 ], [ 79.0151346, 21.0751444 ], [ 79.0143294, 21.0760473 ], [ 79.0138794, 21.076437 ], [ 79.013429, 21.0770029 ], [ 79.013632378491806, 21.08 ], [ 79.02, 21.08 ] ] ] } },
{ "type": "Feature", "properties": { "cell_id": "C0282", "lon_center": 79.045, "lat_center": 21.075, "suhii_day": -1.88, "suhii_night": 0.41, "heat_level_day": "Cool 🟦", "heat_level_night": "Low ⬜", "lst_day": 38.53, "lst_night": 26.86, "frac_built": 0.0, "frac_tree": 0.5099, "frac_water": 0.0 }, "geometry": { "type": "Polygon", "coordinates": [ [ [ 79.04, 21.08 ], [ 79.05, 21.08 ], [ 79.05, 21.075343280659339 ], [ 79.049077, 21.0755905 ], [ 79.0459657, 21.076912 ], [ 79.0463269, 21.0774517 ], [ 79.0454741, 21.0775498 ], [ 79.0452726, 21.0775553 ], [ 79.0441558, 21.0775857 ], [ 79.0439701, 21.0778329 ], [ 79.0436726, 21.0778772 ], [ 79.0408251, 21.0783008 ], [ 79.04, 21.078391954419534 ], [ 79.04, 21.08 ] ] ] } },
{ "type": "Feature", "properties": { "cell_id": "C0262", "lon_center": 79.035, "lat_center": 21.075, "suhii_day": -0.84999999999999432, "suhii_night": 0.23, "heat_level_day": "Cool 🟦", "heat_level_night": "Low ⬜", "lst_day": 39.56, "lst_night": 26.68, "frac_built": 0.2146, "frac_tree": 0.0455, "frac_water": 0.0 }, "geometry": { "type": "Polygon", "coordinates": [ [ [ 79.03, 21.08 ], [ 79.04, 21.08 ], [ 79.04, 21.078391954419534 ], [ 79.038688, 21.0785369 ], [ 79.0370462, 21.0780807 ], [ 79.0333942, 21.0776508 ], [ 79.0332535, 21.0769629 ], [ 79.0328552, 21.0757975 ], [ 79.0317208, 21.0761908 ], [ 79.0313491, 21.0755772 ], [ 79.0301242, 21.075856 ], [ 79.03, 21.075867055976214 ], [ 79.03, 21.08 ] ] ] } },
{ "type": "Feature", "properties": { "cell_id": "C0242", "lon_center": 79.025, "lat_center": 21.075, "suhii_day": -0.9, "suhii_night": 0.27, "heat_level_day": "Cool 🟦", "heat_level_night": "Low ⬜", "lst_day": 39.51, "lst_night": 26.72, "frac_built": 0.0, "frac_tree": 0.0079, "frac_water": 0.0 }, "geometry": { "type": "Polygon", "coordinates": [ [ [ 79.02, 21.08 ], [ 79.03, 21.08 ], [ 79.03, 21.075867055976214 ], [ 79.0275674, 21.0760836 ], [ 79.0268053, 21.0748493 ], [ 79.0264966, 21.0744274 ], [ 79.0259247, 21.0742505 ], [ 79.0258086, 21.0736337 ], [ 79.0243957, 21.0739551 ], [ 79.0241154, 21.0733253 ], [ 79.020412, 21.0735718 ], [ 79.02, 21.0732632361767 ], [ 79.02, 21.08 ] ] ] } },
{ "type": "Feature", "properties": { "cell_id": "C0322", "lon_center": 79.065, "lat_center": 21.075, "suhii_day": -3.73, "suhii_night": 0.81, "heat_level_day": "Cool 🟦", "heat_level_night": "Low ⬜", "lst_day": 36.68, "lst_night": 27.26, "frac_built": 0.1924, "frac_tree": 0.0616, "frac_water": 0.0 }, "geometry": { "type": "Polygon", "coordinates": [ [ [ 79.07, 21.07 ], [ 79.06, 21.07 ], [ 79.06, 21.08 ], [ 79.069749348357206, 21.08 ], [ 79.069376, 21.0783935 ], [ 79.0694521, 21.0777494 ], [ 79.0696764, 21.0758507 ], [ 79.07, 21.074883307197453 ], [ 79.07, 21.07 ] ] ] } },
{ "type": "Feature", "properties": { "cell_id": "C0342", "lon_center": 79.075, "lat_center": 21.075, "suhii_day": -3.64, "suhii_night": 0.53, "heat_level_day": "Cool 🟦", "heat_level_night": "Low ⬜", "lst_day": 36.77, "lst_night": 26.98, "frac_built": 0.1096, "frac_tree": 0.0042, "frac_water": 0.0 }, "geometry": { "type": "Polygon", "coordinates": [ [ [ 79.07, 21.07 ], [ 79.07, 21.074883307197453 ], [ 79.0708351, 21.0723868 ], [ 79.072177714964226, 21.07 ], [ 79.07, 21.07 ] ] ] } },
{ "type": "Feature", "properties": { "cell_id": "C0302", "lon_center": 79.055, "lat_center": 21.075, "suhii_day": -3.19, "suhii_night": 0.64, "heat_level_day": "Cool 🟦", "heat_level_night": "Low ⬜", "lst_day": 37.22, "lst_night": 27.09, "frac_built": 0.0708, "frac_tree": 0.3903, "frac_water": 0.0 }, "geometry": { "type": "Polygon", "coordinates": [ [ [ 79.05, 21.08 ], [ 79.06, 21.08 ], [ 79.06, 21.07 ], [ 79.051240483956533, 21.07 ], [ 79.0514159, 21.0702243 ], [ 79.0515339, 21.0715959 ], [ 79.0523163, 21.0715373 ], [ 79.0528066, 21.0715608 ], [ 79.0533253, 21.0715315 ], [ 79.0522835, 21.0723147 ], [ 79.0518647, 21.0730186 ], [ 79.0512871, 21.0742689 ], [ 79.0513944, 21.0749698 ], [ 79.05, 21.075343280659339 ], [ 79.05, 21.08 ] ] ] } },
{ "type": "Feature", "properties": { "cell_id": "C0363", "lon_center": 79.085, "lat_center": 21.085, "suhii_day": -4.44, "suhii_night": 2.35, "heat_level_day": "Cool 🟦", "heat_level_night": "Moderate 🟨", "lst_day": 35.97, "lst_night": 28.8, "frac_built": 0.9407, "frac_tree": 0.0, "frac_water": 0.0 }, "geometry": { "type": "Polygon", "coordinates": [ [ [ 79.08, 21.09 ], [ 79.080738779782749, 21.09 ], [ 79.0803194, 21.0893051 ], [ 79.08, 21.088991806709789 ], [ 79.08, 21.09 ] ] ] } },
{ "type": "Feature", "properties": { "cell_id": "C0303", "lon_center": 79.055, "lat_center": 21.085, "suhii_day": -2.82, "suhii_night": 0.93, "heat_level_day": "Cool 🟦", "heat_level_night": "Low ⬜", "lst_day": 37.59, "lst_night": 27.38, "frac_built": 0.1472, "frac_tree": 0.3111, "frac_water": 0.017 }, "geometry": { "type": "Polygon", "coordinates": [ [ [ 79.05, 21.08 ], [ 79.05, 21.09 ], [ 79.06, 21.09 ], [ 79.06, 21.08 ], [ 79.05, 21.08 ] ] ] } },
{ "type": "Feature", "properties": { "cell_id": "C0343", "lon_center": 79.075, "lat_center": 21.085, "suhii_day": -4.16, "suhii_night": 2.43, "heat_level_day": "Cool 🟦", "heat_level_night": "Moderate 🟨", "lst_day": 36.25, "lst_night": 28.88, "frac_built": 0.7373, "frac_tree": 0.0363, "frac_water": 0.0005 }, "geometry": { "type": "Polygon", "coordinates": [ [ [ 79.07, 21.09 ], [ 79.08, 21.09 ], [ 79.08, 21.088991806709789 ], [ 79.0786457, 21.0876634 ], [ 79.0774441, 21.0865623 ], [ 79.0735388, 21.0835992 ], [ 79.0714574, 21.0831587 ], [ 79.0701484, 21.0817171 ], [ 79.07, 21.081078541947594 ], [ 79.07, 21.09 ] ] ] } },
{ "type": "Feature", "properties": { "cell_id": "C0323", "lon_center": 79.065, "lat_center": 21.085, "suhii_day": -3.84, "suhii_night": 1.51, "heat_level_day": "Cool 🟦", "heat_level_night": "Low ⬜", "lst_day": 36.57, "lst_night": 27.96, "frac_built": 0.4517, "frac_tree": 0.3789, "frac_water": 0.0 }, "geometry": { "type": "Polygon", "coordinates": [ [ [ 79.06, 21.08 ], [ 79.06, 21.09 ], [ 79.07, 21.09 ], [ 79.07, 21.081078541947594 ], [ 79.069749348357206, 21.08 ], [ 79.06, 21.08 ] ] ] } },
{ "type": "Feature", "properties": { "cell_id": "C0364", "lon_center": 79.085, "lat_center": 21.095, "suhii_day": -4.14, "suhii_night": 2.87, "heat_level_day": "Cool 🟦", "heat_level_night": "Moderate 🟨", "lst_day": 36.27, "lst_night": 29.32, "frac_built": 0.8814, "frac_tree": 0.0349, "frac_water": 0.0 }, "geometry": { "type": "Polygon", "coordinates": [ [ [ 79.08, 21.09 ], [ 79.08, 21.1 ], [ 79.090000000000103, 21.1 ], [ 79.090000000000103, 21.094788796113235 ], [ 79.0882158, 21.0958717 ], [ 79.0867352, 21.0966124 ], [ 79.0852332, 21.0967325 ], [ 79.0839886, 21.096272 ], [ 79.0835809, 21.0954512 ], [ 79.083023, 21.0939898 ], [ 79.0822291, 21.0926685 ], [ 79.0815639, 21.0913672 ], [ 79.080738779782749, 21.09 ], [ 79.08, 21.09 ] ] ] } },
{ "type": "Feature", "properties": { "cell_id": "C0344", "lon_center": 79.075, "lat_center": 21.095, "suhii_day": -3.95, "suhii_night": 2.82, "heat_level_day": "Cool 🟦", "heat_level_night": "Moderate 🟨", "lst_day": 36.46, "lst_night": 29.27, "frac_built": 0.9527, "frac_tree": 0.0191, "frac_water": 0.0 }, "geometry": { "type": "Polygon", "coordinates": [ [ [ 79.07, 21.09 ], [ 79.07, 21.1 ], [ 79.08, 21.1 ], [ 79.08, 21.09 ], [ 79.07, 21.09 ] ] ] } },
{ "type": "Feature", "properties": { "cell_id": "C0304", "lon_center": 79.055, "lat_center": 21.095, "suhii_day": -2.61, "suhii_night": 1.73, "heat_level_day": "Cool 🟦", "heat_level_night": "Low ⬜", "lst_day": 37.8, "lst_night": 28.18, "frac_built": 0.3846, "frac_tree": 0.3222, "frac_water": 0.05 }, "geometry": { "type": "Polygon", "coordinates": [ [ [ 79.05, 21.09 ], [ 79.05, 21.1 ], [ 79.06, 21.1 ], [ 79.06, 21.09 ], [ 79.05, 21.09 ] ] ] } },
{ "type": "Feature", "properties": { "cell_id": "C0383", "lon_center": 79.095, "lat_center": 21.085, "suhii_day": -3.8, "suhii_night": 2.36, "heat_level_day": "Cool 🟦", "heat_level_night": "Moderate 🟨", "lst_day": 36.61, "lst_night": 28.81, "frac_built": 0.7088, "frac_tree": 0.0, "frac_water": 0.0 }, "geometry": { "type": "Polygon", "coordinates": [ [ [ 79.100000000000108, 21.09 ], [ 79.100000000000108, 21.088760421899536 ], [ 79.099288, 21.0887045 ], [ 79.0981507, 21.089245 ], [ 79.097417384226958, 21.09 ], [ 79.100000000000108, 21.09 ] ] ] } },
{ "type": "Feature", "properties": { "cell_id": "C0423", "lon_center": 79.115, "lat_center": 21.085, "suhii_day": -3.82, "suhii_night": 2.0, "heat_level_day": "Cool 🟦", "heat_level_night": "Moderate 🟨", "lst_day": 36.59, "lst_night": 28.45, "frac_built": 0.3127, "frac_tree": 0.024, "frac_water": 0.0 }, "geometry": { "type": "Polygon", "coordinates": [ [ [ 79.110000000000113, 21.09 ], [ 79.11802600495318, 21.09 ], [ 79.1171622, 21.0890448 ], [ 79.1149092, 21.0875633 ], [ 79.1130852, 21.0874632 ], [ 79.1113472, 21.0879837 ], [ 79.110000000000113, 21.088794308362299 ], [ 79.110000000000113, 21.09 ] ] ] } },
{ "type": "Feature", "properties": { "cell_id": "C0403", "lon_center": 79.105, "lat_center": 21.085, "suhii_day": -3.77, "suhii_night": 2.31, "heat_level_day": "Cool 🟦", "heat_level_night": "Moderate 🟨", "lst_day": 36.64, "lst_night": 28.76, "frac_built": 0.7252, "frac_tree": 0.0, "frac_water": 0.0 }, "geometry": { "type": "MultiPolygon", "coordinates": [ [ [ [ 79.110000000000113, 21.09 ], [ 79.110000000000113, 21.088794308362299 ], [ 79.1090512, 21.0893652 ], [ 79.108557181907756, 21.09 ], [ 79.110000000000113, 21.09 ] ] ], [ [ [ 79.100000000000108, 21.09 ], [ 79.105529619362528, 21.09 ], [ 79.103322, 21.0892851 ], [ 79.1013264, 21.0888646 ], [ 79.100000000000108, 21.088760421899536 ], [ 79.100000000000108, 21.09 ] ] ] ] } },
{ "type": "Feature", "properties": { "cell_id": "C0424", "lon_center": 79.115, "lat_center": 21.095, "suhii_day": -3.73, "suhii_night": 2.89, "heat_level_day": "Cool 🟦", "heat_level_night": "Moderate 🟨", "lst_day": 36.68, "lst_night": 29.34, "frac_built": 0.8208, "frac_tree": 0.0043, "frac_water": 0.0 }, "geometry": { "type": "Polygon", "coordinates": [ [ [ 79.110000000000113, 21.09 ], [ 79.110000000000113, 21.1 ], [ 79.117713933201983, 21.1 ], [ 79.1173768, 21.0992349 ], [ 79.1169262, 21.0978536 ], [ 79.1173768, 21.0954312 ], [ 79.1173982, 21.0943101 ], [ 79.1189003, 21.0909668 ], [ 79.11802600495318, 21.09 ], [ 79.110000000000113, 21.09 ] ] ] } },
{ "type": "Feature", "properties": { "cell_id": "C0404", "lon_center": 79.105, "lat_center": 21.095, "suhii_day": -3.87, "suhii_night": 2.9, "heat_level_day": "Cool 🟦", "heat_level_night": "Moderate 🟨", "lst_day": 36.54, "lst_night": 29.35, "frac_built": 0.9529, "frac_tree": 0.0012, "frac_water": 0.0 }, "geometry": { "type": "Polygon", "coordinates": [ [ [ 79.100000000000108, 21.09 ], [ 79.100000000000108, 21.1 ], [ 79.110000000000113, 21.1 ], [ 79.110000000000113, 21.09 ], [ 79.108557181907756, 21.09 ], [ 79.1079139, 21.0908266 ], [ 79.1059184, 21.0901259 ], [ 79.105529619362528, 21.09 ], [ 79.100000000000108, 21.09 ] ] ] } },
{ "type": "Feature", "properties": { "cell_id": "C0384", "lon_center": 79.095, "lat_center": 21.095, "suhii_day": -4.11, "suhii_night": 2.83, "heat_level_day": "Cool 🟦", "heat_level_night": "Moderate 🟨", "lst_day": 36.3, "lst_night": 29.28, "frac_built": 0.7219, "frac_tree": 0.0251, "frac_water": 0.0 }, "geometry": { "type": "Polygon", "coordinates": [ [ [ 79.090000000000103, 21.1 ], [ 79.100000000000108, 21.1 ], [ 79.100000000000108, 21.09 ], [ 79.097417384226958, 21.09 ], [ 79.0969062, 21.0905263 ], [ 79.0959406, 21.0913472 ], [ 79.0940952, 21.092168 ], [ 79.0923786, 21.0929888 ], [ 79.0904259, 21.0945303 ], [ 79.090000000000103, 21.094788796113235 ], [ 79.090000000000103, 21.1 ] ] ] } },
{ "type": "Feature", "properties": { "cell_id": "C0425", "lon_center": 79.115, "lat_center": 21.105, "suhii_day": -3.4, "suhii_night": 3.93, "heat_level_day": "Cool 🟦", "heat_level_night": "Moderate 🟨", "lst_day": 37.01, "lst_night": 30.38, "frac_built": 0.9895, "frac_tree": 0.0032, "frac_water": 0.0 }, "geometry": { "type": "Polygon", "coordinates": [ [ [ 79.110000000000113, 21.1 ], [ 79.110000000000113, 21.11 ], [ 79.120000000000118, 21.11 ], [ 79.120000000000118, 21.103600537271621 ], [ 79.1199517, 21.103599 ], [ 79.1187715, 21.1030385 ], [ 79.1181707, 21.1010366 ], [ 79.117713933201983, 21.1 ], [ 79.110000000000113, 21.1 ] ] ] } },
{ "type": "Feature", "properties": { "cell_id": "C0223", "lon_center": 79.015, "lat_center": 21.085, "suhii_day": -1.04, "suhii_night": 0.5, "heat_level_day": "Cool 🟦", "heat_level_night": "Low ⬜", "lst_day": 39.37, "lst_night": 26.95, "frac_built": 0.0423, "frac_tree": 0.0001, "frac_water": 0.0 }, "geometry": { "type": "Polygon", "coordinates": [ [ [ 79.02, 21.09 ], [ 79.02, 21.08 ], [ 79.013632378491806, 21.08 ], [ 79.0136932, 21.0808963 ], [ 79.0131354, 21.0842599 ], [ 79.0118586, 21.087333 ], [ 79.0110701, 21.087368 ], [ 79.0116628, 21.0891273 ], [ 79.010980018075742, 21.09 ], [ 79.02, 21.09 ] ] ] } },
{ "type": "Feature", "properties": { "cell_id": "C0283", "lon_center": 79.045, "lat_center": 21.085, "suhii_day": -2.05, "suhii_night": 0.67, "heat_level_day": "Cool 🟦", "heat_level_night": "Low ⬜", "lst_day": 38.36, "lst_night": 27.12, "frac_built": 0.1486, "frac_tree": 0.1536, "frac_water": 0.0 }, "geometry": { "type": "Polygon", "coordinates": [ [ [ 79.04, 21.08 ], [ 79.04, 21.09 ], [ 79.05, 21.09 ], [ 79.05, 21.08 ], [ 79.04, 21.08 ] ] ] } },
{ "type": "Feature", "properties": { "cell_id": "C0263", "lon_center": 79.035, "lat_center": 21.085, "suhii_day": -1.35, "suhii_night": 0.3, "heat_level_day": "Cool 🟦", "heat_level_night": "Low ⬜", "lst_day": 39.06, "lst_night": 26.75, "frac_built": 0.0734, "frac_tree": 0.1443, "frac_water": 0.0 }, "geometry": { "type": "Polygon", "coordinates": [ [ [ 79.03, 21.08 ], [ 79.03, 21.09 ], [ 79.04, 21.09 ], [ 79.04, 21.08 ], [ 79.03, 21.08 ] ] ] } },
{ "type": "Feature", "properties": { "cell_id": "C0243", "lon_center": 79.025, "lat_center": 21.085, "suhii_day": -1.1, "suhii_night": 0.13, "heat_level_day": "Cool 🟦", "heat_level_night": "Low ⬜", "lst_day": 39.31, "lst_night": 26.58, "frac_built": 0.0281, "frac_tree": 0.0515, "frac_water": 0.0 }, "geometry": { "type": "Polygon", "coordinates": [ [ [ 79.02, 21.08 ], [ 79.02, 21.09 ], [ 79.03, 21.09 ], [ 79.03, 21.08 ], [ 79.02, 21.08 ] ] ] } },
{ "type": "Feature", "properties": { "cell_id": "C0264", "lon_center": 79.035, "lat_center": 21.095, "suhii_day": -2.05, "suhii_night": 0.49, "heat_level_day": "Cool 🟦", "heat_level_night": "Low ⬜", "lst_day": 38.36, "lst_night": 26.94, "frac_built": 0.0955, "frac_tree": 0.2486, "frac_water": 0.0 }, "geometry": { "type": "Polygon", "coordinates": [ [ [ 79.03, 21.09 ], [ 79.03, 21.1 ], [ 79.04, 21.1 ], [ 79.04, 21.09 ], [ 79.03, 21.09 ] ] ] } },
{ "type": "Feature", "properties": { "cell_id": "C0244", "lon_center": 79.025, "lat_center": 21.095, "suhii_day": -2.14, "suhii_night": 0.44, "heat_level_day": "Cool 🟦", "heat_level_night": "Low ⬜", "lst_day": 38.27, "lst_night": 26.89, "frac_built": 0.0725, "frac_tree": 0.0567, "frac_water": 0.0 }, "geometry": { "type": "Polygon", "coordinates": [ [ [ 79.02, 21.09 ], [ 79.02, 21.1 ], [ 79.03, 21.1 ], [ 79.03, 21.09 ], [ 79.02, 21.09 ] ] ] } },
{ "type": "Feature", "properties": { "cell_id": "C0284", "lon_center": 79.045, "lat_center": 21.095, "suhii_day": -2.09, "suhii_night": 1.24, "heat_level_day": "Cool 🟦", "heat_level_night": "Low ⬜", "lst_day": 38.32, "lst_night": 27.69, "frac_built": 0.3596, "frac_tree": 0.0037, "frac_water": 0.0021 }, "geometry": { "type": "Polygon", "coordinates": [ [ [ 79.04, 21.09 ], [ 79.04, 21.1 ], [ 79.05, 21.1 ], [ 79.05, 21.09 ], [ 79.04, 21.09 ] ] ] } },
{ "type": "Feature", "properties": { "cell_id": "C0224", "lon_center": 79.015, "lat_center": 21.095, "suhii_day": -2.16, "suhii_night": 1.09, "heat_level_day": "Cool 🟦", "heat_level_night": "Low ⬜", "lst_day": 38.25, "lst_night": 27.54, "frac_built": 0.1493, "frac_tree": 0.3418, "frac_water": 0.0 }, "geometry": { "type": "Polygon", "coordinates": [ [ [ 79.01, 21.1 ], [ 79.02, 21.1 ], [ 79.02, 21.09 ], [ 79.010980018075742, 21.09 ], [ 79.01, 21.091252613381034 ], [ 79.01, 21.1 ] ] ] } },
{ "type": "Feature", "properties": { "cell_id": "C0265", "lon_center": 79.035, "lat_center": 21.105, "suhii_day": -2.42, "suhii_night": 1.7, "heat_level_day": "Cool 🟦", "heat_level_night": "Low ⬜", "lst_day": 37.99, "lst_night": 28.15, "frac_built": 0.3487, "frac_tree": 0.0296, "frac_water": 0.0 }, "geometry": { "type": "Polygon", "coordinates": [ [ [ 79.03, 21.1 ], [ 79.03, 21.11 ], [ 79.04, 21.11 ], [ 79.04, 21.1 ], [ 79.03, 21.1 ] ] ] } },
{ "type": "Feature", "properties": { "cell_id": "C0245", "lon_center": 79.025, "lat_center": 21.105, "suhii_day": -2.77, "suhii_night": 1.03, "heat_level_day": "Cool 🟦", "heat_level_night": "Low ⬜", "lst_day": 37.64, "lst_night": 27.48, "frac_built": 0.3477, "frac_tree": 0.0805, "frac_water": 0.0 }, "geometry": { "type": "Polygon", "coordinates": [ [ [ 79.02, 21.1 ], [ 79.02, 21.11 ], [ 79.03, 21.11 ], [ 79.03, 21.1 ], [ 79.02, 21.1 ] ] ] } },
{ "type": "Feature", "properties": { "cell_id": "C0324", "lon_center": 79.065, "lat_center": 21.095, "suhii_day": -3.69, "suhii_night": 2.23, "heat_level_day": "Cool 🟦", "heat_level_night": "Moderate 🟨", "lst_day": 36.72, "lst_night": 28.68, "frac_built": 0.6203, "frac_tree": 0.3105, "frac_water": 0.0 }, "geometry": { "type": "Polygon", "coordinates": [ [ [ 79.06, 21.09 ], [ 79.06, 21.1 ], [ 79.07, 21.1 ], [ 79.07, 21.09 ], [ 79.06, 21.09 ] ] ] } },
{ "type": "Feature", "properties": { "cell_id": "C0325", "lon_center": 79.065, "lat_center": 21.105, "suhii_day": -4.0, "suhii_night": 3.39, "heat_level_day": "Cool 🟦", "heat_level_night": "Moderate 🟨", "lst_day": 36.41, "lst_night": 29.84, "frac_built": 0.8588, "frac_tree": 0.0774, "frac_water": 0.0 }, "geometry": { "type": "Polygon", "coordinates": [ [ [ 79.06, 21.1 ], [ 79.06, 21.11 ], [ 79.07, 21.11 ], [ 79.07, 21.1 ], [ 79.06, 21.1 ] ] ] } },
{ "type": "Feature", "properties": { "cell_id": "C0345", "lon_center": 79.075, "lat_center": 21.105, "suhii_day": -3.75, "suhii_night": 3.51, "heat_level_day": "Cool 🟦", "heat_level_night": "Moderate 🟨", "lst_day": 36.66, "lst_night": 29.96, "frac_built": 0.8097, "frac_tree": 0.1386, "frac_water": 0.0 }, "geometry": { "type": "Polygon", "coordinates": [ [ [ 79.07, 21.1 ], [ 79.07, 21.11 ], [ 79.08, 21.11 ], [ 79.08, 21.1 ], [ 79.07, 21.1 ] ] ] } },
{ "type": "Feature", "properties": { "cell_id": "C0365", "lon_center": 79.085, "lat_center": 21.105, "suhii_day": -3.69, "suhii_night": 3.52, "heat_level_day": "Cool 🟦", "heat_level_night": "Moderate 🟨", "lst_day": 36.72, "lst_night": 29.97, "frac_built": 0.9512, "frac_tree": 0.0247, "frac_water": 0.0 }, "geometry": { "type": "Polygon", "coordinates": [ [ [ 79.08, 21.1 ], [ 79.08, 21.11 ], [ 79.090000000000103, 21.11 ], [ 79.090000000000103, 21.1 ], [ 79.08, 21.1 ] ] ] } },
{ "type": "Feature", "properties": { "cell_id": "C0305", "lon_center": 79.055, "lat_center": 21.105, "suhii_day": -3.6, "suhii_night": 3.0, "heat_level_day": "Cool 🟦", "heat_level_night": "Moderate 🟨", "lst_day": 36.81, "lst_night": 29.45, "frac_built": 0.6957, "frac_tree": 0.2321, "frac_water": 0.0392 }, "geometry": { "type": "Polygon", "coordinates": [ [ [ 79.05, 21.1 ], [ 79.05, 21.11 ], [ 79.06, 21.11 ], [ 79.06, 21.1 ], [ 79.05, 21.1 ] ] ] } },
{ "type": "Feature", "properties": { "cell_id": "C0326", "lon_center": 79.065, "lat_center": 21.115, "suhii_day": -3.75, "suhii_night": 3.68, "heat_level_day": "Cool 🟦", "heat_level_night": "Moderate 🟨", "lst_day": 36.66, "lst_night": 30.13, "frac_built": 0.786, "frac_tree": 0.1833, "frac_water": 0.0 }, "geometry": { "type": "Polygon", "coordinates": [ [ [ 79.06, 21.11 ], [ 79.06, 21.12 ], [ 79.07, 21.12 ], [ 79.07, 21.11 ], [ 79.06, 21.11 ] ] ] } },
{ "type": "Feature", "properties": { "cell_id": "C0306", "lon_center": 79.055, "lat_center": 21.115, "suhii_day": -4.03, "suhii_night": 3.56, "heat_level_day": "Cool 🟦", "heat_level_night": "Moderate 🟨", "lst_day": 36.38, "lst_night": 30.01, "frac_built": 0.9053, "frac_tree": 0.0492, "frac_water": 0.0 }, "geometry": { "type": "Polygon", "coordinates": [ [ [ 79.05, 21.11 ], [ 79.05, 21.12 ], [ 79.06, 21.12 ], [ 79.06, 21.11 ], [ 79.05, 21.11 ] ] ] } },
{ "type": "Feature", "properties": { "cell_id": "C0366", "lon_center": 79.085, "lat_center": 21.115, "suhii_day": -3.22, "suhii_night": 3.4, "heat_level_day": "Cool 🟦", "heat_level_night": "Moderate 🟨", "lst_day": 37.19, "lst_night": 29.85, "frac_built": 0.5656, "frac_tree": 0.2859, "frac_water": 0.0 }, "geometry": { "type": "Polygon", "coordinates": [ [ [ 79.08, 21.11 ], [ 79.08, 21.12 ], [ 79.090000000000103, 21.12 ], [ 79.090000000000103, 21.11 ], [ 79.08, 21.11 ] ] ] } },
{ "type": "Feature", "properties": { "cell_id": "C0346", "lon_center": 79.075, "lat_center": 21.115, "suhii_day": -3.49, "suhii_night": 3.52, "heat_level_day": "Cool 🟦", "heat_level_night": "Moderate 🟨", "lst_day": 36.92, "lst_night": 29.97, "frac_built": 0.8426, "frac_tree": 0.1448, "frac_water": 0.0 }, "geometry": { "type": "Polygon", "coordinates": [ [ [ 79.07, 21.11 ], [ 79.07, 21.12 ], [ 79.08, 21.12 ], [ 79.08, 21.11 ], [ 79.07, 21.11 ] ] ] } },
{ "type": "Feature", "properties": { "cell_id": "C0327", "lon_center": 79.065, "lat_center": 21.125, "suhii_day": -3.77, "suhii_night": 3.04, "heat_level_day": "Cool 🟦", "heat_level_night": "Moderate 🟨", "lst_day": 36.64, "lst_night": 29.49, "frac_built": 0.6725, "frac_tree": 0.2639, "frac_water": 0.0 }, "geometry": { "type": "Polygon", "coordinates": [ [ [ 79.06, 21.12 ], [ 79.06, 21.13 ], [ 79.07, 21.13 ], [ 79.07, 21.12 ], [ 79.06, 21.12 ] ] ] } },
{ "type": "Feature", "properties": { "cell_id": "C0285", "lon_center": 79.045, "lat_center": 21.105, "suhii_day": -2.64, "suhii_night": 2.48, "heat_level_day": "Cool 🟦", "heat_level_night": "Moderate 🟨", "lst_day": 37.77, "lst_night": 28.93, "frac_built": 0.8931, "frac_tree": 0.0285, "frac_water": 0.0 }, "geometry": { "type": "Polygon", "coordinates": [ [ [ 79.04, 21.1 ], [ 79.04, 21.11 ], [ 79.05, 21.11 ], [ 79.05, 21.1 ], [ 79.04, 21.1 ] ] ] } },
{ "type": "Feature", "properties": { "cell_id": "C0225", "lon_center": 79.015, "lat_center": 21.105, "suhii_day": -3.09, "suhii_night": 1.48, "heat_level_day": "Cool 🟦", "heat_level_night": "Low ⬜", "lst_day": 37.32, "lst_night": 27.93, "frac_built": 0.5327, "frac_tree": 0.0898, "frac_water": 0.0 }, "geometry": { "type": "Polygon", "coordinates": [ [ [ 79.02, 21.11 ], [ 79.02, 21.1 ], [ 79.01, 21.1 ], [ 79.01, 21.106785077081295 ], [ 79.0102386, 21.1071022 ], [ 79.0115905, 21.1090039 ], [ 79.012236714473516, 21.11 ], [ 79.02, 21.11 ] ] ] } },
{ "type": "Feature", "properties": { "cell_id": "C0226", "lon_center": 79.015, "lat_center": 21.115, "suhii_day": -2.87, "suhii_night": 1.73, "heat_level_day": "Cool 🟦", "heat_level_night": "Low ⬜", "lst_day": 37.54, "lst_night": 28.18, "frac_built": 0.3023, "frac_tree": 0.2203, "frac_water": 0.0 }, "geometry": { "type": "Polygon", "coordinates": [ [ [ 79.02, 21.12 ], [ 79.02, 21.11 ], [ 79.012236714473516, 21.11 ], [ 79.0125775, 21.1105253 ], [ 79.0130281, 21.1119065 ], [ 79.0144229, 21.1143486 ], [ 79.0167188, 21.1173911 ], [ 79.0173411, 21.1187322 ], [ 79.017370316846169, 21.12 ], [ 79.02, 21.12 ] ] ] } },
{ "type": "Feature", "properties": { "cell_id": "C0266", "lon_center": 79.035, "lat_center": 21.115, "suhii_day": -3.06, "suhii_night": 1.93, "heat_level_day": "Cool 🟦", "heat_level_night": "Low ⬜", "lst_day": 37.35, "lst_night": 28.38, "frac_built": 0.7179, "frac_tree": 0.0698, "frac_water": 0.0 }, "geometry": { "type": "Polygon", "coordinates": [ [ [ 79.03, 21.11 ], [ 79.03, 21.12 ], [ 79.04, 21.12 ], [ 79.04, 21.11 ], [ 79.03, 21.11 ] ] ] } },
{ "type": "Feature", "properties": { "cell_id": "C0286", "lon_center": 79.045, "lat_center": 21.115, "suhii_day": -3.62, "suhii_night": 2.84, "heat_level_day": "Cool 🟦", "heat_level_night": "Moderate 🟨", "lst_day": 36.79, "lst_night": 29.29, "frac_built": 0.937, "frac_tree": 0.0428, "frac_water": 0.0 }, "geometry": { "type": "Polygon", "coordinates": [ [ [ 79.04, 21.11 ], [ 79.04, 21.12 ], [ 79.05, 21.12 ], [ 79.05, 21.11 ], [ 79.04, 21.11 ] ] ] } },
{ "type": "Feature", "properties": { "cell_id": "C0246", "lon_center": 79.025, "lat_center": 21.115, "suhii_day": -2.89, "suhii_night": 1.72, "heat_level_day": "Cool 🟦", "heat_level_night": "Low ⬜", "lst_day": 37.52, "lst_night": 28.17, "frac_built": 0.7248, "frac_tree": 0.0564, "frac_water": 0.0 }, "geometry": { "type": "Polygon", "coordinates": [ [ [ 79.02, 21.11 ], [ 79.02, 21.12 ], [ 79.03, 21.12 ], [ 79.03, 21.11 ], [ 79.02, 21.11 ] ] ] } },
{ "type": "Feature", "properties": { "cell_id": "C0227", "lon_center": 79.015, "lat_center": 21.125, "suhii_day": -1.92, "suhii_night": 0.66, "heat_level_day": "Cool 🟦", "heat_level_night": "Low ⬜", "lst_day": 38.49, "lst_night": 27.11, "frac_built": 0.02, "frac_tree": 0.228, "frac_water": 0.0 }, "geometry": { "type": "Polygon", "coordinates": [ [ [ 79.01, 21.13 ], [ 79.02, 21.13 ], [ 79.02, 21.12 ], [ 79.017370316846169, 21.12 ], [ 79.0174269, 21.1224553 ], [ 79.0178776, 21.1244568 ], [ 79.0164184, 21.1255777 ], [ 79.0127063, 21.1249973 ], [ 79.01, 21.124657812713963 ], [ 79.01, 21.13 ] ] ] } },
{ "type": "Feature", "properties": { "cell_id": "C0287", "lon_center": 79.045, "lat_center": 21.125, "suhii_day": -4.87, "suhii_night": 1.98, "heat_level_day": "Cool 🟦", "heat_level_night": "Low ⬜", "lst_day": 35.54, "lst_night": 28.43, "frac_built": 0.4096, "frac_tree": 0.2877, "frac_water": 0.2442 }, "geometry": { "type": "Polygon", "coordinates": [ [ [ 79.04, 21.12 ], [ 79.04, 21.13 ], [ 79.05, 21.13 ], [ 79.05, 21.12 ], [ 79.04, 21.12 ] ] ] } },
{ "type": "Feature", "properties": { "cell_id": "C0247", "lon_center": 79.025, "lat_center": 21.125, "suhii_day": -2.8, "suhii_night": 0.79, "heat_level_day": "Cool 🟦", "heat_level_night": "Low ⬜", "lst_day": 37.61, "lst_night": 27.24, "frac_built": 0.1312, "frac_tree": 0.1441, "frac_water": 0.0829 }, "geometry": { "type": "Polygon", "coordinates": [ [ [ 79.02, 21.12 ], [ 79.02, 21.13 ], [ 79.03, 21.13 ], [ 79.03, 21.12 ], [ 79.02, 21.12 ] ] ] } },
{ "type": "Feature", "properties": { "cell_id": "C0267", "lon_center": 79.035, "lat_center": 21.125, "suhii_day": -4.15, "suhii_night": 1.08, "heat_level_day": "Cool 🟦", "heat_level_night": "Low ⬜", "lst_day": 36.26, "lst_night": 27.53, "frac_built": 0.1036, "frac_tree": 0.1605, "frac_water": 0.4737 }, "geometry": { "type": "Polygon", "coordinates": [ [ [ 79.03, 21.12 ], [ 79.03, 21.13 ], [ 79.04, 21.13 ], [ 79.04, 21.12 ], [ 79.03, 21.12 ] ] ] } },
{ "type": "Feature", "properties": { "cell_id": "C0385", "lon_center": 79.095, "lat_center": 21.105, "suhii_day": -3.58, "suhii_night": 3.8, "heat_level_day": "Cool 🟦", "heat_level_night": "Moderate 🟨", "lst_day": 36.83, "lst_night": 30.25, "frac_built": 0.9683, "frac_tree": 0.0098, "frac_water": 0.0 }, "geometry": { "type": "Polygon", "coordinates": [ [ [ 79.090000000000103, 21.1 ], [ 79.090000000000103, 21.11 ], [ 79.100000000000108, 21.11 ], [ 79.100000000000108, 21.1 ], [ 79.090000000000103, 21.1 ] ] ] } },
{ "type": "Feature", "properties": { "cell_id": "C0405", "lon_center": 79.105, "lat_center": 21.105, "suhii_day": -3.38, "suhii_night": 3.81, "heat_level_day": "Cool 🟦", "heat_level_night": "Moderate 🟨", "lst_day": 37.03, "lst_night": 30.26, "frac_built": 0.9906, "frac_tree": 0.0055, "frac_water": 0.0 }, "geometry": { "type": "Polygon", "coordinates": [ [ [ 79.100000000000108, 21.1 ], [ 79.100000000000108, 21.11 ], [ 79.110000000000113, 21.11 ], [ 79.110000000000113, 21.1 ], [ 79.100000000000108, 21.1 ] ] ] } },
{ "type": "Feature", "properties": { "cell_id": "C0445", "lon_center": 79.125, "lat_center": 21.105, "suhii_day": -3.44, "suhii_night": 3.63, "heat_level_day": "Cool 🟦", "heat_level_night": "Moderate 🟨", "lst_day": 36.97, "lst_night": 30.08, "frac_built": 0.9574, "frac_tree": 0.0354, "frac_water": 0.0 }, "geometry": { "type": "Polygon", "coordinates": [ [ [ 79.120000000000118, 21.11 ], [ 79.130000000000123, 21.11 ], [ 79.130000000000123, 21.105957873974461 ], [ 79.1294145, 21.1056809 ], [ 79.1280198, 21.1045999 ], [ 79.1268182, 21.1038993 ], [ 79.1248441, 21.1034789 ], [ 79.12184, 21.1036591 ], [ 79.120000000000118, 21.103600537271621 ], [ 79.120000000000118, 21.11 ] ] ] } },
{ "type": "Feature", "properties": { "cell_id": "C0426", "lon_center": 79.115, "lat_center": 21.115, "suhii_day": -2.91, "suhii_night": 4.31, "heat_level_day": "Cool 🟦", "heat_level_night": "High 🟧", "lst_day": 37.5, "lst_night": 30.76, "frac_built": 0.9453, "frac_tree": 0.032, "frac_water": 0.0 }, "geometry": { "type": "Polygon", "coordinates": [ [ [ 79.110000000000113, 21.11 ], [ 79.110000000000113, 21.12 ], [ 79.120000000000118, 21.12 ], [ 79.120000000000118, 21.11 ], [ 79.110000000000113, 21.11 ] ] ] } },
{ "type": "Feature", "properties": { "cell_id": "C0386", "lon_center": 79.095, "lat_center": 21.115, "suhii_day": -2.98, "suhii_night": 3.97, "heat_level_day": "Cool 🟦", "heat_level_night": "Moderate 🟨", "lst_day": 37.43, "lst_night": 30.42, "frac_built": 0.9854, "frac_tree": 0.0084, "frac_water": 0.0 }, "geometry": { "type": "Polygon", "coordinates": [ [ [ 79.090000000000103, 21.11 ], [ 79.090000000000103, 21.12 ], [ 79.100000000000108, 21.12 ], [ 79.100000000000108, 21.11 ], [ 79.090000000000103, 21.11 ] ] ] } },
{ "type": "Feature", "properties": { "cell_id": "C0446", "lon_center": 79.125, "lat_center": 21.115, "suhii_day": -3.39, "suhii_night": 3.93, "heat_level_day": "Cool 🟦", "heat_level_night": "Moderate 🟨", "lst_day": 37.02, "lst_night": 30.38, "frac_built": 0.8895, "frac_tree": 0.0334, "frac_water": 0.0 }, "geometry": { "type": "Polygon", "coordinates": [ [ [ 79.120000000000118, 21.11 ], [ 79.120000000000118, 21.12 ], [ 79.130000000000123, 21.12 ], [ 79.130000000000123, 21.11 ], [ 79.120000000000118, 21.11 ] ] ] } },
{ "type": "Feature", "properties": { "cell_id": "C0406", "lon_center": 79.105, "lat_center": 21.115, "suhii_day": -2.86, "suhii_night": 4.3, "heat_level_day": "Cool 🟦", "heat_level_night": "High 🟧", "lst_day": 37.55, "lst_night": 30.75, "frac_built": 0.9806, "frac_tree": 0.0067, "frac_water": 0.0 }, "geometry": { "type": "Polygon", "coordinates": [ [ [ 79.100000000000108, 21.11 ], [ 79.100000000000108, 21.12 ], [ 79.110000000000113, 21.12 ], [ 79.110000000000113, 21.11 ], [ 79.100000000000108, 21.11 ] ] ] } },
{ "type": "Feature", "properties": { "cell_id": "C0447", "lon_center": 79.125, "lat_center": 21.125, "suhii_day": -3.44, "suhii_night": 3.96, "heat_level_day": "Cool 🟦", "heat_level_night": "Moderate 🟨", "lst_day": 36.97, "lst_night": 30.41, "frac_built": 0.7726, "frac_tree": 0.1773, "frac_water": 0.0 }, "geometry": { "type": "Polygon", "coordinates": [ [ [ 79.120000000000118, 21.12 ], [ 79.120000000000118, 21.13 ], [ 79.130000000000123, 21.13 ], [ 79.130000000000123, 21.12 ], [ 79.120000000000118, 21.12 ] ] ] } },
{ "type": "Feature", "properties": { "cell_id": "C0407", "lon_center": 79.105, "lat_center": 21.125, "suhii_day": -2.98, "suhii_night": 4.09, "heat_level_day": "Cool 🟦", "heat_level_night": "High 🟧", "lst_day": 37.43, "lst_night": 30.54, "frac_built": 0.831, "frac_tree": 0.1292, "frac_water": 0.0 }, "geometry": { "type": "Polygon", "coordinates": [ [ [ 79.100000000000108, 21.12 ], [ 79.100000000000108, 21.13 ], [ 79.110000000000113, 21.13 ], [ 79.110000000000113, 21.12 ], [ 79.100000000000108, 21.12 ] ] ] } },
{ "type": "Feature", "properties": { "cell_id": "C0427", "lon_center": 79.115, "lat_center": 21.125, "suhii_day": -3.01, "suhii_night": 4.27, "heat_level_day": "Cool 🟦", "heat_level_night": "High 🟧", "lst_day": 37.4, "lst_night": 30.72, "frac_built": 0.8785, "frac_tree": 0.0484, "frac_water": 0.0 }, "geometry": { "type": "Polygon", "coordinates": [ [ [ 79.110000000000113, 21.12 ], [ 79.110000000000113, 21.13 ], [ 79.120000000000118, 21.13 ], [ 79.120000000000118, 21.12 ], [ 79.110000000000113, 21.12 ] ] ] } },
{ "type": "Feature", "properties": { "cell_id": "C0387", "lon_center": 79.095, "lat_center": 21.125, "suhii_day": -3.12, "suhii_night": 3.51, "heat_level_day": "Cool 🟦", "heat_level_night": "Moderate 🟨", "lst_day": 37.29, "lst_night": 29.96, "frac_built": 0.5742, "frac_tree": 0.3891, "frac_water": 0.0 }, "geometry": { "type": "Polygon", "coordinates": [ [ [ 79.090000000000103, 21.12 ], [ 79.090000000000103, 21.13 ], [ 79.100000000000108, 21.13 ], [ 79.100000000000108, 21.12 ], [ 79.090000000000103, 21.12 ] ] ] } },
{ "type": "Feature", "properties": { "cell_id": "C0388", "lon_center": 79.095, "lat_center": 21.135, "suhii_day": -3.07, "suhii_night": 3.33, "heat_level_day": "Cool 🟦", "heat_level_night": "Moderate 🟨", "lst_day": 37.34, "lst_night": 29.78, "frac_built": 0.8008, "frac_tree": 0.1686, "frac_water": 0.001 }, "geometry": { "type": "Polygon", "coordinates": [ [ [ 79.090000000000103, 21.13 ], [ 79.090000000000103, 21.14 ], [ 79.100000000000108, 21.14 ], [ 79.100000000000108, 21.13 ], [ 79.090000000000103, 21.13 ] ] ] } },
{ "type": "Feature", "properties": { "cell_id": "C0428", "lon_center": 79.115, "lat_center": 21.135, "suhii_day": -2.9, "suhii_night": 4.19, "heat_level_day": "Cool 🟦", "heat_level_night": "High 🟧", "lst_day": 37.51, "lst_night": 30.64, "frac_built": 0.9084, "frac_tree": 0.037, "frac_water": 0.0013 }, "geometry": { "type": "Polygon", "coordinates": [ [ [ 79.110000000000113, 21.13 ], [ 79.110000000000113, 21.14 ], [ 79.120000000000118, 21.14 ], [ 79.120000000000118, 21.13 ], [ 79.110000000000113, 21.13 ] ] ] } },
{ "type": "Feature", "properties": { "cell_id": "C0408", "lon_center": 79.105, "lat_center": 21.135, "suhii_day": -2.96, "suhii_night": 3.87, "heat_level_day": "Cool 🟦", "heat_level_night": "Moderate 🟨", "lst_day": 37.45, "lst_night": 30.32, "frac_built": 0.8654, "frac_tree": 0.0514, "frac_water": 0.0007 }, "geometry": { "type": "Polygon", "coordinates": [ [ [ 79.100000000000108, 21.13 ], [ 79.100000000000108, 21.14 ], [ 79.110000000000113, 21.14 ], [ 79.110000000000113, 21.13 ], [ 79.100000000000108, 21.13 ] ] ] } },
{ "type": "Feature", "properties": { "cell_id": "C0448", "lon_center": 79.125, "lat_center": 21.135, "suhii_day": -3.03, "suhii_night": 4.05, "heat_level_day": "Cool 🟦", "heat_level_night": "High 🟧", "lst_day": 37.38, "lst_night": 30.5, "frac_built": 0.9584, "frac_tree": 0.0121, "frac_water": 0.0 }, "geometry": { "type": "Polygon", "coordinates": [ [ [ 79.120000000000118, 21.13 ], [ 79.120000000000118, 21.14 ], [ 79.130000000000123, 21.14 ], [ 79.130000000000123, 21.13 ], [ 79.120000000000118, 21.13 ] ] ] } },
{ "type": "Feature", "properties": { "cell_id": "C0429", "lon_center": 79.115, "lat_center": 21.145, "suhii_day": -2.27, "suhii_night": 3.96, "heat_level_day": "Cool 🟦", "heat_level_night": "Moderate 🟨", "lst_day": 38.14, "lst_night": 30.41, "frac_built": 0.9842, "frac_tree": 0.0137, "frac_water": 0.0 }, "geometry": { "type": "Polygon", "coordinates": [ [ [ 79.110000000000113, 21.14 ], [ 79.110000000000113, 21.15 ], [ 79.120000000000118, 21.15 ], [ 79.120000000000118, 21.14 ], [ 79.110000000000113, 21.14 ] ] ] } },
{ "type": "Feature", "properties": { "cell_id": "C0409", "lon_center": 79.105, "lat_center": 21.145, "suhii_day": -2.48, "suhii_night": 4.09, "heat_level_day": "Cool 🟦", "heat_level_night": "High 🟧", "lst_day": 37.93, "lst_night": 30.54, "frac_built": 0.9405, "frac_tree": 0.0169, "frac_water": 0.0354 }, "geometry": { "type": "Polygon", "coordinates": [ [ [ 79.100000000000108, 21.14 ], [ 79.100000000000108, 21.15 ], [ 79.110000000000113, 21.15 ], [ 79.110000000000113, 21.14 ], [ 79.100000000000108, 21.14 ] ] ] } },
{ "type": "Feature", "properties": { "cell_id": "C0449", "lon_center": 79.125, "lat_center": 21.145, "suhii_day": -2.21, "suhii_night": 3.66, "heat_level_day": "Cool 🟦", "heat_level_night": "Moderate 🟨", "lst_day": 38.2, "lst_night": 30.11, "frac_built": 0.9232, "frac_tree": 0.0331, "frac_water": 0.001 }, "geometry": { "type": "Polygon", "coordinates": [ [ [ 79.120000000000118, 21.14 ], [ 79.120000000000118, 21.15 ], [ 79.130000000000123, 21.15 ], [ 79.130000000000123, 21.14 ], [ 79.120000000000118, 21.14 ] ] ] } },
{ "type": "Feature", "properties": { "cell_id": "C0389", "lon_center": 79.095, "lat_center": 21.145, "suhii_day": -2.66, "suhii_night": 3.5, "heat_level_day": "Cool 🟦", "heat_level_night": "Moderate 🟨", "lst_day": 37.75, "lst_night": 29.95, "frac_built": 0.6989, "frac_tree": 0.1387, "frac_water": 0.1051 }, "geometry": { "type": "Polygon", "coordinates": [ [ [ 79.090000000000103, 21.14 ], [ 79.090000000000103, 21.15 ], [ 79.100000000000108, 21.15 ], [ 79.100000000000108, 21.14 ], [ 79.090000000000103, 21.14 ] ] ] } },
{ "type": "Feature", "properties": { "cell_id": "C0450", "lon_center": 79.125, "lat_center": 21.155, "suhii_day": -2.01, "suhii_night": 3.14, "heat_level_day": "Cool 🟦", "heat_level_night": "Moderate 🟨", "lst_day": 38.4, "lst_night": 29.59, "frac_built": 0.8303, "frac_tree": 0.0496, "frac_water": 0.0002 }, "geometry": { "type": "Polygon", "coordinates": [ [ [ 79.120000000000118, 21.15 ], [ 79.120000000000118, 21.16 ], [ 79.130000000000123, 21.16 ], [ 79.130000000000123, 21.15 ], [ 79.120000000000118, 21.15 ] ] ] } },
{ "type": "Feature", "properties": { "cell_id": "C0347", "lon_center": 79.075, "lat_center": 21.125, "suhii_day": -3.39, "suhii_night": 2.77, "heat_level_day": "Cool 🟦", "heat_level_night": "Moderate 🟨", "lst_day": 37.02, "lst_night": 29.22, "frac_built": 0.3544, "frac_tree": 0.5296, "frac_water": 0.0002 }, "geometry": { "type": "Polygon", "coordinates": [ [ [ 79.07, 21.12 ], [ 79.07, 21.13 ], [ 79.08, 21.13 ], [ 79.08, 21.12 ], [ 79.07, 21.12 ] ] ] } },
{ "type": "Feature", "properties": { "cell_id": "C0367", "lon_center": 79.085, "lat_center": 21.125, "suhii_day": -3.13, "suhii_night": 2.97, "heat_level_day": "Cool 🟦", "heat_level_night": "Moderate 🟨", "lst_day": 37.28, "lst_night": 29.42, "frac_built": 0.4202, "frac_tree": 0.5097, "frac_water": 0.0 }, "geometry": { "type": "Polygon", "coordinates": [ [ [ 79.08, 21.12 ], [ 79.08, 21.13 ], [ 79.090000000000103, 21.13 ], [ 79.090000000000103, 21.12 ], [ 79.08, 21.12 ] ] ] } },
{ "type": "Feature", "properties": { "cell_id": "C0307", "lon_center": 79.055, "lat_center": 21.125, "suhii_day": -4.39, "suhii_night": 2.61, "heat_level_day": "Cool 🟦", "heat_level_night": "Moderate 🟨", "lst_day": 36.02, "lst_night": 29.06, "frac_built": 0.5176, "frac_tree": 0.4083, "frac_water": 0.0 }, "geometry": { "type": "Polygon", "coordinates": [ [ [ 79.05, 21.12 ], [ 79.05, 21.13 ], [ 79.06, 21.13 ], [ 79.06, 21.12 ], [ 79.05, 21.12 ] ] ] } },
{ "type": "Feature", "properties": { "cell_id": "C0328", "lon_center": 79.065, "lat_center": 21.135, "suhii_day": -3.81, "suhii_night": 2.69, "heat_level_day": "Cool 🟦", "heat_level_night": "Moderate 🟨", "lst_day": 36.6, "lst_night": 29.14, "frac_built": 0.6739, "frac_tree": 0.2303, "frac_water": 0.0 }, "geometry": { "type": "Polygon", "coordinates": [ [ [ 79.06, 21.13 ], [ 79.06, 21.14 ], [ 79.07, 21.14 ], [ 79.07, 21.13 ], [ 79.06, 21.13 ] ] ] } },
{ "type": "Feature", "properties": { "cell_id": "C0368", "lon_center": 79.085, "lat_center": 21.135, "suhii_day": -3.04, "suhii_night": 2.94, "heat_level_day": "Cool 🟦", "heat_level_night": "Moderate 🟨", "lst_day": 37.37, "lst_night": 29.39, "frac_built": 0.868, "frac_tree": 0.1115, "frac_water": 0.0 }, "geometry": { "type": "Polygon", "coordinates": [ [ [ 79.08, 21.13 ], [ 79.08, 21.14 ], [ 79.090000000000103, 21.14 ], [ 79.090000000000103, 21.13 ], [ 79.08, 21.13 ] ] ] } },
{ "type": "Feature", "properties": { "cell_id": "C0348", "lon_center": 79.075, "lat_center": 21.135, "suhii_day": -3.08, "suhii_night": 2.83, "heat_level_day": "Cool 🟦", "heat_level_night": "Moderate 🟨", "lst_day": 37.33, "lst_night": 29.28, "frac_built": 0.626, "frac_tree": 0.2449, "frac_water": 0.0 }, "geometry": { "type": "Polygon", "coordinates": [ [ [ 79.07, 21.13 ], [ 79.07, 21.14 ], [ 79.08, 21.14 ], [ 79.08, 21.13 ], [ 79.07, 21.13 ] ] ] } },
{ "type": "Feature", "properties": { "cell_id": "C0369", "lon_center": 79.085, "lat_center": 21.145, "suhii_day": -2.73, "suhii_night": 3.07, "heat_level_day": "Cool 🟦", "heat_level_night": "Moderate 🟨", "lst_day": 37.68, "lst_night": 29.52, "frac_built": 0.7376, "frac_tree": 0.2302, "frac_water": 0.0 }, "geometry": { "type": "Polygon", "coordinates": [ [ [ 79.08, 21.14 ], [ 79.08, 21.15 ], [ 79.090000000000103, 21.15 ], [ 79.090000000000103, 21.14 ], [ 79.08, 21.14 ] ] ] } },
{ "type": "Feature", "properties": { "cell_id": "C0349", "lon_center": 79.075, "lat_center": 21.145, "suhii_day": -2.96, "suhii_night": 2.85, "heat_level_day": "Cool 🟦", "heat_level_night": "Moderate 🟨", "lst_day": 37.45, "lst_night": 29.3, "frac_built": 0.4288, "frac_tree": 0.4751, "frac_water": 0.0 }, "geometry": { "type": "Polygon", "coordinates": [ [ [ 79.07, 21.14 ], [ 79.07, 21.15 ], [ 79.08, 21.15 ], [ 79.08, 21.14 ], [ 79.07, 21.14 ] ] ] } },
{ "type": "Feature", "properties": { "cell_id": "C0329", "lon_center": 79.065, "lat_center": 21.145, "suhii_day": -3.51, "suhii_night": 2.52, "heat_level_day": "Cool 🟦", "heat_level_night": "Moderate 🟨", "lst_day": 36.9, "lst_night": 28.97, "frac_built": 0.7697, "frac_tree": 0.1679, "frac_water": 0.0 }, "geometry": { "type": "Polygon", "coordinates": [ [ [ 79.06, 21.14 ], [ 79.06, 21.15 ], [ 79.07, 21.15 ], [ 79.07, 21.14 ], [ 79.06, 21.14 ] ] ] } },
{ "type": "Feature", "properties": { "cell_id": "C0330", "lon_center": 79.065, "lat_center": 21.155, "suhii_day": -4.06, "suhii_night": 2.51, "heat_level_day": "Cool 🟦", "heat_level_night": "Moderate 🟨", "lst_day": 36.35, "lst_night": 28.96, "frac_built": 0.3802, "frac_tree": 0.5934, "frac_water": 0.0 }, "geometry": { "type": "Polygon", "coordinates": [ [ [ 79.06, 21.15 ], [ 79.06, 21.16 ], [ 79.07, 21.16 ], [ 79.07, 21.15 ], [ 79.06, 21.15 ] ] ] } },
{ "type": "Feature", "properties": { "cell_id": "C0308", "lon_center": 79.055, "lat_center": 21.135, "suhii_day": -4.55, "suhii_night": 2.09, "heat_level_day": "Cool 🟦", "heat_level_night": "Moderate 🟨", "lst_day": 35.86, "lst_night": 28.54, "frac_built": 0.8436, "frac_tree": 0.1208, "frac_water": 0.0 }, "geometry": { "type": "Polygon", "coordinates": [ [ [ 79.05, 21.13 ], [ 79.05, 21.14 ], [ 79.06, 21.14 ], [ 79.06, 21.13 ], [ 79.05, 21.13 ] ] ] } },
{ "type": "Feature", "properties": { "cell_id": "C0288", "lon_center": 79.045, "lat_center": 21.135, "suhii_day": -4.27, "suhii_night": 1.38, "heat_level_day": "Cool 🟦", "heat_level_night": "Low ⬜", "lst_day": 36.14, "lst_night": 27.83, "frac_built": 0.359, "frac_tree": 0.1076, "frac_water": 0.2852 }, "geometry": { "type": "Polygon", "coordinates": [ [ [ 79.04, 21.13 ], [ 79.04, 21.14 ], [ 79.05, 21.14 ], [ 79.05, 21.13 ], [ 79.04, 21.13 ] ] ] } },
{ "type": "Feature", "properties": { "cell_id": "C0268", "lon_center": 79.035, "lat_center": 21.135, "suhii_day": -2.76, "suhii_night": 0.73, "heat_level_day": "Cool 🟦", "heat_level_night": "Low ⬜", "lst_day": 37.65, "lst_night": 27.18, "frac_built": 0.0, "frac_tree": 0.0924, "frac_water": 0.0885 }, "geometry": { "type": "Polygon", "coordinates": [ [ [ 79.03, 21.13 ], [ 79.03, 21.14 ], [ 79.04, 21.14 ], [ 79.04, 21.13 ], [ 79.03, 21.13 ] ] ] } },
{ "type": "Feature", "properties": { "cell_id": "C0248", "lon_center": 79.025, "lat_center": 21.135, "suhii_day": -1.97, "suhii_night": 0.25, "heat_level_day": "Cool 🟦", "heat_level_night": "Low ⬜", "lst_day": 38.44, "lst_night": 26.7, "frac_built": 0.0, "frac_tree": 0.0061, "frac_water": 0.0 }, "geometry": { "type": "Polygon", "coordinates": [ [ [ 79.02, 21.13 ], [ 79.02, 21.14 ], [ 79.03, 21.14 ], [ 79.03, 21.13 ], [ 79.02, 21.13 ] ] ] } },
{ "type": "Feature", "properties": { "cell_id": "C0249", "lon_center": 79.025, "lat_center": 21.145, "suhii_day": -2.55, "suhii_night": 0.64, "heat_level_day": "Cool 🟦", "heat_level_night": "Low ⬜", "lst_day": 37.86, "lst_night": 27.09, "frac_built": 0.0278, "frac_tree": 0.1434, "frac_water": 0.0 }, "geometry": { "type": "Polygon", "coordinates": [ [ [ 79.02, 21.14 ], [ 79.02, 21.15 ], [ 79.03, 21.15 ], [ 79.03, 21.14 ], [ 79.02, 21.14 ] ] ] } },
{ "type": "Feature", "properties": { "cell_id": "C0289", "lon_center": 79.045, "lat_center": 21.145, "suhii_day": -3.6, "suhii_night": 2.24, "heat_level_day": "Cool 🟦", "heat_level_night": "Moderate 🟨", "lst_day": 36.81, "lst_night": 28.69, "frac_built": 0.3722, "frac_tree": 0.2276, "frac_water": 0.0 }, "geometry": { "type": "Polygon", "coordinates": [ [ [ 79.04, 21.14 ], [ 79.04, 21.15 ], [ 79.05, 21.15 ], [ 79.05, 21.14 ], [ 79.04, 21.14 ] ] ] } },
{ "type": "Feature", "properties": { "cell_id": "C0269", "lon_center": 79.035, "lat_center": 21.145, "suhii_day": -2.8, "suhii_night": 1.4, "heat_level_day": "Cool 🟦", "heat_level_night": "Low ⬜", "lst_day": 37.61, "lst_night": 27.85, "frac_built": 0.0971, "frac_tree": 0.1478, "frac_water": 0.0 }, "geometry": { "type": "Polygon", "coordinates": [ [ [ 79.03, 21.14 ], [ 79.03, 21.15 ], [ 79.04, 21.15 ], [ 79.04, 21.14 ], [ 79.03, 21.14 ] ] ] } },
{ "type": "Feature", "properties": { "cell_id": "C0309", "lon_center": 79.055, "lat_center": 21.145, "suhii_day": -3.71, "suhii_night": 2.57, "heat_level_day": "Cool 🟦", "heat_level_night": "Moderate 🟨", "lst_day": 36.7, "lst_night": 29.02, "frac_built": 0.7899, "frac_tree": 0.1533, "frac_water": 0.001 }, "geometry": { "type": "Polygon", "coordinates": [ [ [ 79.05, 21.14 ], [ 79.05, 21.15 ], [ 79.06, 21.15 ], [ 79.06, 21.14 ], [ 79.05, 21.14 ] ] ] } },
{ "type": "Feature", "properties": { "cell_id": "C0250", "lon_center": 79.025, "lat_center": 21.155, "suhii_day": -2.78, "suhii_night": 0.95, "heat_level_day": "Cool 🟦", "heat_level_night": "Low ⬜", "lst_day": 37.63, "lst_night": 27.4, "frac_built": 0.1526, "frac_tree": 0.5728, "frac_water": 0.0 }, "geometry": { "type": "Polygon", "coordinates": [ [ [ 79.02, 21.15 ], [ 79.02, 21.16 ], [ 79.03, 21.16 ], [ 79.03, 21.15 ], [ 79.02, 21.15 ] ] ] } },
{ "type": "Feature", "properties": { "cell_id": "C0310", "lon_center": 79.055, "lat_center": 21.155, "suhii_day": -4.02, "suhii_night": 2.23, "heat_level_day": "Cool 🟦", "heat_level_night": "Moderate 🟨", "lst_day": 36.39, "lst_night": 28.68, "frac_built": 0.1763, "frac_tree": 0.7549, "frac_water": 0.0 }, "geometry": { "type": "Polygon", "coordinates": [ [ [ 79.05, 21.15 ], [ 79.05, 21.16 ], [ 79.06, 21.16 ], [ 79.06, 21.15 ], [ 79.05, 21.15 ] ] ] } },
{ "type": "Feature", "properties": { "cell_id": "C0370", "lon_center": 79.085, "lat_center": 21.155, "suhii_day": -2.88, "suhii_night": 3.06, "heat_level_day": "Cool 🟦", "heat_level_night": "Moderate 🟨", "lst_day": 37.53, "lst_night": 29.51, "frac_built": 0.6976, "frac_tree": 0.2118, "frac_water": 0.0 }, "geometry": { "type": "Polygon", "coordinates": [ [ [ 79.08, 21.15 ], [ 79.08, 21.16 ], [ 79.090000000000103, 21.16 ], [ 79.090000000000103, 21.15 ], [ 79.08, 21.15 ] ] ] } },
{ "type": "Feature", "properties": { "cell_id": "C0350", "lon_center": 79.075, "lat_center": 21.155, "suhii_day": -3.52, "suhii_night": 2.99, "heat_level_day": "Cool 🟦", "heat_level_night": "Moderate 🟨", "lst_day": 36.89, "lst_night": 29.44, "frac_built": 0.5439, "frac_tree": 0.4144, "frac_water": 0.0 }, "geometry": { "type": "Polygon", "coordinates": [ [ [ 79.07, 21.15 ], [ 79.07, 21.16 ], [ 79.08, 21.16 ], [ 79.08, 21.15 ], [ 79.07, 21.15 ] ] ] } },
{ "type": "Feature", "properties": { "cell_id": "C0391", "lon_center": 79.095, "lat_center": 21.165, "suhii_day": -2.59, "suhii_night": 3.33, "heat_level_day": "Cool 🟦", "heat_level_night": "Moderate 🟨", "lst_day": 37.82, "lst_night": 29.78, "frac_built": 0.7347, "frac_tree": 0.2468, "frac_water": 0.0 }, "geometry": { "type": "Polygon", "coordinates": [ [ [ 79.090000000000103, 21.16 ], [ 79.090000000000103, 21.17 ], [ 79.100000000000108, 21.17 ], [ 79.100000000000108, 21.16 ], [ 79.090000000000103, 21.16 ] ] ] } },
{ "type": "Feature", "properties": { "cell_id": "C0331", "lon_center": 79.065, "lat_center": 21.165, "suhii_day": -3.89, "suhii_night": 2.63, "heat_level_day": "Cool 🟦", "heat_level_night": "Moderate 🟨", "lst_day": 36.52, "lst_night": 29.08, "frac_built": 0.1308, "frac_tree": 0.7829, "frac_water": 0.0 }, "geometry": { "type": "Polygon", "coordinates": [ [ [ 79.06, 21.16 ], [ 79.06, 21.17 ], [ 79.07, 21.17 ], [ 79.07, 21.16 ], [ 79.06, 21.16 ] ] ] } },
{ "type": "Feature", "properties": { "cell_id": "C0371", "lon_center": 79.085, "lat_center": 21.165, "suhii_day": -3.19, "suhii_night": 3.16, "heat_level_day": "Cool 🟦", "heat_level_night": "Moderate 🟨", "lst_day": 37.22, "lst_night": 29.61, "frac_built": 0.7212, "frac_tree": 0.2544, "frac_water": 0.0 }, "geometry": { "type": "Polygon", "coordinates": [ [ [ 79.08, 21.16 ], [ 79.08, 21.17 ], [ 79.090000000000103, 21.17 ], [ 79.090000000000103, 21.16 ], [ 79.08, 21.16 ] ] ] } },
{ "type": "Feature", "properties": { "cell_id": "C0351", "lon_center": 79.075, "lat_center": 21.165, "suhii_day": -3.89, "suhii_night": 2.94, "heat_level_day": "Cool 🟦", "heat_level_night": "Moderate 🟨", "lst_day": 36.52, "lst_night": 29.39, "frac_built": 0.4286, "frac_tree": 0.5437, "frac_water": 0.0 }, "geometry": { "type": "Polygon", "coordinates": [ [ [ 79.07, 21.16 ], [ 79.07, 21.17 ], [ 79.08, 21.17 ], [ 79.08, 21.16 ], [ 79.07, 21.16 ] ] ] } },
{ "type": "Feature", "properties": { "cell_id": "C0352", "lon_center": 79.075, "lat_center": 21.175, "suhii_day": -2.91, "suhii_night": 3.04, "heat_level_day": "Cool 🟦", "heat_level_night": "Moderate 🟨", "lst_day": 37.5, "lst_night": 29.49, "frac_built": 0.5202, "frac_tree": 0.3576, "frac_water": 0.0 }, "geometry": { "type": "Polygon", "coordinates": [ [ [ 79.07, 21.17 ], [ 79.07, 21.18 ], [ 79.08, 21.18 ], [ 79.08, 21.17 ], [ 79.07, 21.17 ] ] ] } },
{ "type": "Feature", "properties": { "cell_id": "C0392", "lon_center": 79.095, "lat_center": 21.175, "suhii_day": -2.4, "suhii_night": 3.24, "heat_level_day": "Cool 🟦", "heat_level_night": "Moderate 🟨", "lst_day": 38.01, "lst_night": 29.69, "frac_built": 0.962, "frac_tree": 0.0107, "frac_water": 0.0 }, "geometry": { "type": "Polygon", "coordinates": [ [ [ 79.090000000000103, 21.17 ], [ 79.090000000000103, 21.18 ], [ 79.100000000000108, 21.18 ], [ 79.100000000000108, 21.17 ], [ 79.090000000000103, 21.17 ] ] ] } },
{ "type": "Feature", "properties": { "cell_id": "C0332", "lon_center": 79.065, "lat_center": 21.175, "suhii_day": -3.0, "suhii_night": 2.63, "heat_level_day": "Cool 🟦", "heat_level_night": "Moderate 🟨", "lst_day": 37.41, "lst_night": 29.08, "frac_built": 0.3825, "frac_tree": 0.4964, "frac_water": 0.0 }, "geometry": { "type": "Polygon", "coordinates": [ [ [ 79.06, 21.17 ], [ 79.06, 21.18 ], [ 79.07, 21.18 ], [ 79.07, 21.17 ], [ 79.06, 21.17 ] ] ] } },
{ "type": "Feature", "properties": { "cell_id": "C0372", "lon_center": 79.085, "lat_center": 21.175, "suhii_day": -2.57, "suhii_night": 3.2, "heat_level_day": "Cool 🟦", "heat_level_night": "Moderate 🟨", "lst_day": 37.84, "lst_night": 29.65, "frac_built": 0.685, "frac_tree": 0.2557, "frac_water": 0.0 }, "geometry": { "type": "Polygon", "coordinates": [ [ [ 79.08, 21.17 ], [ 79.08, 21.18 ], [ 79.090000000000103, 21.18 ], [ 79.090000000000103, 21.17 ], [ 79.08, 21.17 ] ] ] } },
{ "type": "Feature", "properties": { "cell_id": "C0430", "lon_center": 79.115, "lat_center": 21.155, "suhii_day": -2.25, "suhii_night": 3.73, "heat_level_day": "Cool 🟦", "heat_level_night": "Moderate 🟨", "lst_day": 38.16, "lst_night": 30.18, "frac_built": 0.9775, "frac_tree": 0.0171, "frac_water": 0.0 }, "geometry": { "type": "Polygon", "coordinates": [ [ [ 79.110000000000113, 21.15 ], [ 79.110000000000113, 21.16 ], [ 79.120000000000118, 21.16 ], [ 79.120000000000118, 21.15 ], [ 79.110000000000113, 21.15 ] ] ] } },
{ "type": "Feature", "properties": { "cell_id": "C0390", "lon_center": 79.095, "lat_center": 21.155, "suhii_day": -2.62, "suhii_night": 3.43, "heat_level_day": "Cool 🟦", "heat_level_night": "Moderate 🟨", "lst_day": 37.79, "lst_night": 29.88, "frac_built": 0.884, "frac_tree": 0.1065, "frac_water": 0.0 }, "geometry": { "type": "Polygon", "coordinates": [ [ [ 79.090000000000103, 21.15 ], [ 79.090000000000103, 21.16 ], [ 79.100000000000108, 21.16 ], [ 79.100000000000108, 21.15 ], [ 79.090000000000103, 21.15 ] ] ] } },
{ "type": "Feature", "properties": { "cell_id": "C0410", "lon_center": 79.105, "lat_center": 21.155, "suhii_day": -2.43, "suhii_night": 3.95, "heat_level_day": "Cool 🟦", "heat_level_night": "Moderate 🟨", "lst_day": 37.98, "lst_night": 30.4, "frac_built": 0.9834, "frac_tree": 0.0149, "frac_water": 0.0 }, "geometry": { "type": "Polygon", "coordinates": [ [ [ 79.100000000000108, 21.15 ], [ 79.100000000000108, 21.16 ], [ 79.110000000000113, 21.16 ], [ 79.110000000000113, 21.15 ], [ 79.100000000000108, 21.15 ] ] ] } },
{ "type": "Feature", "properties": { "cell_id": "C0431", "lon_center": 79.115, "lat_center": 21.165, "suhii_day": -2.15, "suhii_night": 3.68, "heat_level_day": "Cool 🟦", "heat_level_night": "Moderate 🟨", "lst_day": 38.26, "lst_night": 30.13, "frac_built": 0.883, "frac_tree": 0.0631, "frac_water": 0.0226 }, "geometry": { "type": "Polygon", "coordinates": [ [ [ 79.110000000000113, 21.16 ], [ 79.110000000000113, 21.17 ], [ 79.120000000000118, 21.17 ], [ 79.120000000000118, 21.16 ], [ 79.110000000000113, 21.16 ] ] ] } },
{ "type": "Feature", "properties": { "cell_id": "C0411", "lon_center": 79.105, "lat_center": 21.165, "suhii_day": -2.36, "suhii_night": 3.64, "heat_level_day": "Cool 🟦", "heat_level_night": "Moderate 🟨", "lst_day": 38.05, "lst_night": 30.09, "frac_built": 0.933, "frac_tree": 0.0393, "frac_water": 0.0 }, "geometry": { "type": "Polygon", "coordinates": [ [ [ 79.100000000000108, 21.16 ], [ 79.100000000000108, 21.17 ], [ 79.110000000000113, 21.17 ], [ 79.110000000000113, 21.16 ], [ 79.100000000000108, 21.16 ] ] ] } },
{ "type": "Feature", "properties": { "cell_id": "C0451", "lon_center": 79.125, "lat_center": 21.165, "suhii_day": -1.93, "suhii_night": 3.13, "heat_level_day": "Cool 🟦", "heat_level_night": "Moderate 🟨", "lst_day": 38.48, "lst_night": 29.58, "frac_built": 0.9372, "frac_tree": 0.0306, "frac_water": 0.0011 }, "geometry": { "type": "Polygon", "coordinates": [ [ [ 79.120000000000118, 21.16 ], [ 79.120000000000118, 21.17 ], [ 79.130000000000123, 21.17 ], [ 79.130000000000123, 21.16 ], [ 79.120000000000118, 21.16 ] ] ] } },
{ "type": "Feature", "properties": { "cell_id": "C0472", "lon_center": 79.135, "lat_center": 21.175, "suhii_day": -1.61, "suhii_night": 1.81, "heat_level_day": "Cool 🟦", "heat_level_night": "Low ⬜", "lst_day": 38.8, "lst_night": 28.26, "frac_built": 0.8145, "frac_tree": 0.0384, "frac_water": 0.001 }, "geometry": { "type": "Polygon", "coordinates": [ [ [ 79.130000000000123, 21.17 ], [ 79.130000000000123, 21.18 ], [ 79.140000000000128, 21.18 ], [ 79.140000000000128, 21.17 ], [ 79.130000000000123, 21.17 ] ] ] } },
{ "type": "Feature", "properties": { "cell_id": "C0412", "lon_center": 79.105, "lat_center": 21.175, "suhii_day": -2.26, "suhii_night": 3.23, "heat_level_day": "Cool 🟦", "heat_level_night": "Moderate 🟨", "lst_day": 38.15, "lst_night": 29.68, "frac_built": 0.8934, "frac_tree": 0.0391, "frac_water": 0.0 }, "geometry": { "type": "Polygon", "coordinates": [ [ [ 79.100000000000108, 21.17 ], [ 79.100000000000108, 21.18 ], [ 79.110000000000113, 21.18 ], [ 79.110000000000113, 21.17 ], [ 79.100000000000108, 21.17 ] ] ] } },
{ "type": "Feature", "properties": { "cell_id": "C0452", "lon_center": 79.125, "lat_center": 21.175, "suhii_day": -1.7, "suhii_night": 2.57, "heat_level_day": "Cool 🟦", "heat_level_night": "Moderate 🟨", "lst_day": 38.71, "lst_night": 29.02, "frac_built": 0.8594, "frac_tree": 0.016, "frac_water": 0.0001 }, "geometry": { "type": "Polygon", "coordinates": [ [ [ 79.120000000000118, 21.17 ], [ 79.120000000000118, 21.18 ], [ 79.130000000000123, 21.18 ], [ 79.130000000000123, 21.17 ], [ 79.120000000000118, 21.17 ] ] ] } },
{ "type": "Feature", "properties": { "cell_id": "C0432", "lon_center": 79.115, "lat_center": 21.175, "suhii_day": -1.97, "suhii_night": 3.03, "heat_level_day": "Cool 🟦", "heat_level_night": "Moderate 🟨", "lst_day": 38.44, "lst_night": 29.48, "frac_built": 0.9693, "frac_tree": 0.0114, "frac_water": 0.0 }, "geometry": { "type": "Polygon", "coordinates": [ [ [ 79.110000000000113, 21.17 ], [ 79.110000000000113, 21.18 ], [ 79.120000000000118, 21.18 ], [ 79.120000000000118, 21.17 ], [ 79.110000000000113, 21.17 ] ] ] } },
{ "type": "Feature", "properties": { "cell_id": "C0290", "lon_center": 79.045, "lat_center": 21.155, "suhii_day": -3.59, "suhii_night": 2.13, "heat_level_day": "Cool 🟦", "heat_level_night": "Moderate 🟨", "lst_day": 36.82, "lst_night": 28.58, "frac_built": 0.1466, "frac_tree": 0.4167, "frac_water": 0.2699 }, "geometry": { "type": "Polygon", "coordinates": [ [ [ 79.04, 21.15 ], [ 79.04, 21.16 ], [ 79.05, 21.16 ], [ 79.05, 21.15 ], [ 79.04, 21.15 ] ] ] } },
{ "type": "Feature", "properties": { "cell_id": "C0270", "lon_center": 79.035, "lat_center": 21.155, "suhii_day": -3.38, "suhii_night": 1.6, "heat_level_day": "Cool 🟦", "heat_level_night": "Low ⬜", "lst_day": 37.03, "lst_night": 28.05, "frac_built": 0.0315, "frac_tree": 0.6162, "frac_water": 0.0466 }, "geometry": { "type": "Polygon", "coordinates": [ [ [ 79.03, 21.15 ], [ 79.03, 21.16 ], [ 79.04, 21.16 ], [ 79.04, 21.15 ], [ 79.03, 21.15 ] ] ] } },
{ "type": "Feature", "properties": { "cell_id": "C0251", "lon_center": 79.025, "lat_center": 21.165, "suhii_day": -1.43, "suhii_night": 1.29, "heat_level_day": "Cool 🟦", "heat_level_night": "Low ⬜", "lst_day": 38.98, "lst_night": 27.74, "frac_built": 0.3637, "frac_tree": 0.1101, "frac_water": 0.0 }, "geometry": { "type": "Polygon", "coordinates": [ [ [ 79.02, 21.16 ], [ 79.02, 21.17 ], [ 79.03, 21.17 ], [ 79.03, 21.16 ], [ 79.02, 21.16 ] ] ] } },
{ "type": "Feature", "properties": { "cell_id": "C0311", "lon_center": 79.055, "lat_center": 21.165, "suhii_day": -3.35, "suhii_night": 2.59, "heat_level_day": "Cool 🟦", "heat_level_night": "Moderate 🟨", "lst_day": 37.06, "lst_night": 29.04, "frac_built": 0.298, "frac_tree": 0.6432, "frac_water": 0.0 }, "geometry": { "type": "Polygon", "coordinates": [ [ [ 79.05, 21.16 ], [ 79.05, 21.17 ], [ 79.06, 21.17 ], [ 79.06, 21.16 ], [ 79.05, 21.16 ] ] ] } },
{ "type": "Feature", "properties": { "cell_id": "C0271", "lon_center": 79.035, "lat_center": 21.165, "suhii_day": -2.17, "suhii_night": 2.01, "heat_level_day": "Cool 🟦", "heat_level_night": "Moderate 🟨", "lst_day": 38.24, "lst_night": 28.46, "frac_built": 0.4864, "frac_tree": 0.2837, "frac_water": 0.0 }, "geometry": { "type": "Polygon", "coordinates": [ [ [ 79.03, 21.16 ], [ 79.03, 21.17 ], [ 79.04, 21.17 ], [ 79.04, 21.16 ], [ 79.03, 21.16 ] ] ] } },
{ "type": "Feature", "properties": { "cell_id": "C0291", "lon_center": 79.045, "lat_center": 21.165, "suhii_day": -2.68, "suhii_night": 2.44, "heat_level_day": "Cool 🟦", "heat_level_night": "Moderate 🟨", "lst_day": 37.73, "lst_night": 28.89, "frac_built": 0.4205, "frac_tree": 0.2176, "frac_water": 0.0 }, "geometry": { "type": "Polygon", "coordinates": [ [ [ 79.04, 21.16 ], [ 79.04, 21.17 ], [ 79.05, 21.17 ], [ 79.05, 21.16 ], [ 79.04, 21.16 ] ] ] } },
{ "type": "Feature", "properties": { "cell_id": "C0252", "lon_center": 79.025, "lat_center": 21.175, "suhii_day": -2.32, "suhii_night": 0.82, "heat_level_day": "Cool 🟦", "heat_level_night": "Low ⬜", "lst_day": 38.09, "lst_night": 27.27, "frac_built": 0.1071, "frac_tree": 0.0287, "frac_water": 0.0 }, "geometry": { "type": "Polygon", "coordinates": [ [ [ 79.02, 21.17 ], [ 79.02, 21.18 ], [ 79.03, 21.18 ], [ 79.03, 21.17 ], [ 79.02, 21.17 ] ] ] } },
{ "type": "Feature", "properties": { "cell_id": "C0312", "lon_center": 79.055, "lat_center": 21.175, "suhii_day": -2.93, "suhii_night": 2.53, "heat_level_day": "Cool 🟦", "heat_level_night": "Moderate 🟨", "lst_day": 37.48, "lst_night": 28.98, "frac_built": 0.6932, "frac_tree": 0.2054, "frac_water": 0.0 }, "geometry": { "type": "Polygon", "coordinates": [ [ [ 79.05, 21.17 ], [ 79.05, 21.18 ], [ 79.06, 21.18 ], [ 79.06, 21.17 ], [ 79.05, 21.17 ] ] ] } },
{ "type": "Feature", "properties": { "cell_id": "C0292", "lon_center": 79.045, "lat_center": 21.175, "suhii_day": -2.93, "suhii_night": 2.41, "heat_level_day": "Cool 🟦", "heat_level_night": "Moderate 🟨", "lst_day": 37.48, "lst_night": 28.86, "frac_built": 0.7891, "frac_tree": 0.189, "frac_water": 0.0 }, "geometry": { "type": "Polygon", "coordinates": [ [ [ 79.04, 21.17 ], [ 79.04, 21.18 ], [ 79.05, 21.18 ], [ 79.05, 21.17 ], [ 79.04, 21.17 ] ] ] } },
{ "type": "Feature", "properties": { "cell_id": "C0272", "lon_center": 79.035, "lat_center": 21.175, "suhii_day": -2.39, "suhii_night": 1.97, "heat_level_day": "Cool 🟦", "heat_level_night": "Low ⬜", "lst_day": 38.02, "lst_night": 28.42, "frac_built": 0.7189, "frac_tree": 0.0316, "frac_water": 0.0 }, "geometry": { "type": "Polygon", "coordinates": [ [ [ 79.03, 21.17 ], [ 79.03, 21.18 ], [ 79.04, 21.18 ], [ 79.04, 21.17 ], [ 79.03, 21.17 ] ] ] } },
{ "type": "Feature", "properties": { "cell_id": "C0353", "lon_center": 79.075, "lat_center": 21.185, "suhii_day": -2.32, "suhii_night": 2.87, "heat_level_day": "Cool 🟦", "heat_level_night": "Moderate 🟨", "lst_day": 38.09, "lst_night": 29.32, "frac_built": 0.7222, "frac_tree": 0.122, "frac_water": 0.0004 }, "geometry": { "type": "Polygon", "coordinates": [ [ [ 79.07, 21.18 ], [ 79.07, 21.19 ], [ 79.08, 21.19 ], [ 79.08, 21.18 ], [ 79.07, 21.18 ] ] ] } },
{ "type": "Feature", "properties": { "cell_id": "C0393", "lon_center": 79.095, "lat_center": 21.185, "suhii_day": -2.25, "suhii_night": 3.22, "heat_level_day": "Cool 🟦", "heat_level_night": "Moderate 🟨", "lst_day": 38.16, "lst_night": 29.67, "frac_built": 0.9442, "frac_tree": 0.017, "frac_water": 0.0002 }, "geometry": { "type": "Polygon", "coordinates": [ [ [ 79.090000000000103, 21.18 ], [ 79.090000000000103, 21.19 ], [ 79.100000000000108, 21.19 ], [ 79.100000000000108, 21.18 ], [ 79.090000000000103, 21.18 ] ] ] } },
{ "type": "Feature", "properties": { "cell_id": "C0333", "lon_center": 79.065, "lat_center": 21.185, "suhii_day": -2.3, "suhii_night": 2.22, "heat_level_day": "Cool 🟦", "heat_level_night": "Moderate 🟨", "lst_day": 38.11, "lst_night": 28.67, "frac_built": 0.9253, "frac_tree": 0.0435, "frac_water": 0.0 }, "geometry": { "type": "Polygon", "coordinates": [ [ [ 79.06, 21.18 ], [ 79.06, 21.19 ], [ 79.07, 21.19 ], [ 79.07, 21.18 ], [ 79.06, 21.18 ] ] ] } },
{ "type": "Feature", "properties": { "cell_id": "C0373", "lon_center": 79.085, "lat_center": 21.185, "suhii_day": -2.25, "suhii_night": 3.13, "heat_level_day": "Cool 🟦", "heat_level_night": "Moderate 🟨", "lst_day": 38.16, "lst_night": 29.58, "frac_built": 0.8265, "frac_tree": 0.154, "frac_water": 0.0 }, "geometry": { "type": "Polygon", "coordinates": [ [ [ 79.08, 21.18 ], [ 79.08, 21.19 ], [ 79.090000000000103, 21.19 ], [ 79.090000000000103, 21.18 ], [ 79.08, 21.18 ] ] ] } },
{ "type": "Feature", "properties": { "cell_id": "C0354", "lon_center": 79.075, "lat_center": 21.195, "suhii_day": -2.3, "suhii_night": 2.58, "heat_level_day": "Cool 🟦", "heat_level_night": "Moderate 🟨", "lst_day": 38.11, "lst_night": 29.03, "frac_built": 0.8959, "frac_tree": 0.0473, "frac_water": 0.0 }, "geometry": { "type": "Polygon", "coordinates": [ [ [ 79.07, 21.19 ], [ 79.07, 21.2 ], [ 79.08, 21.2 ], [ 79.08, 21.19 ], [ 79.07, 21.19 ] ] ] } },
{ "type": "Feature", "properties": { "cell_id": "C0394", "lon_center": 79.095, "lat_center": 21.195, "suhii_day": -2.33, "suhii_night": 2.29, "heat_level_day": "Cool 🟦", "heat_level_night": "Moderate 🟨", "lst_day": 38.08, "lst_night": 28.74, "frac_built": 0.4928, "frac_tree": 0.1165, "frac_water": 0.0001 }, "geometry": { "type": "Polygon", "coordinates": [ [ [ 79.090000000000103, 21.19 ], [ 79.090000000000103, 21.2 ], [ 79.100000000000108, 21.2 ], [ 79.100000000000108, 21.19 ], [ 79.090000000000103, 21.19 ] ] ] } },
{ "type": "Feature", "properties": { "cell_id": "C0334", "lon_center": 79.065, "lat_center": 21.195, "suhii_day": -2.64, "suhii_night": 1.95, "heat_level_day": "Cool 🟦", "heat_level_night": "Low ⬜", "lst_day": 37.77, "lst_night": 28.4, "frac_built": 0.7076, "frac_tree": 0.0402, "frac_water": 0.0 }, "geometry": { "type": "Polygon", "coordinates": [ [ [ 79.06, 21.19 ], [ 79.06, 21.2 ], [ 79.07, 21.2 ], [ 79.07, 21.19 ], [ 79.06, 21.19 ] ] ] } },
{ "type": "Feature", "properties": { "cell_id": "C0374", "lon_center": 79.085, "lat_center": 21.195, "suhii_day": -2.29, "suhii_night": 2.65, "heat_level_day": "Cool 🟦", "heat_level_night": "Moderate 🟨", "lst_day": 38.12, "lst_night": 29.1, "frac_built": 0.6183, "frac_tree": 0.1831, "frac_water": 0.0 }, "geometry": { "type": "Polygon", "coordinates": [ [ [ 79.08, 21.19 ], [ 79.08, 21.2 ], [ 79.090000000000103, 21.2 ], [ 79.090000000000103, 21.19 ], [ 79.08, 21.19 ] ] ] } },
{ "type": "Feature", "properties": { "cell_id": "C0375", "lon_center": 79.085, "lat_center": 21.205, "suhii_day": -2.66, "suhii_night": 1.44, "heat_level_day": "Cool 🟦", "heat_level_night": "Low ⬜", "lst_day": 37.75, "lst_night": 27.89, "frac_built": 0.6108, "frac_tree": 0.0617, "frac_water": 0.0 }, "geometry": { "type": "Polygon", "coordinates": [ [ [ 79.08, 21.2 ], [ 79.08, 21.21 ], [ 79.090000000000103, 21.21 ], [ 79.090000000000103, 21.2 ], [ 79.08, 21.2 ] ] ] } },
{ "type": "Feature", "properties": { "cell_id": "C0355", "lon_center": 79.075, "lat_center": 21.205, "suhii_day": -2.65, "suhii_night": 1.85, "heat_level_day": "Cool 🟦", "heat_level_night": "Low ⬜", "lst_day": 37.76, "lst_night": 28.3, "frac_built": 0.6809, "frac_tree": 0.1008, "frac_water": 0.0 }, "geometry": { "type": "Polygon", "coordinates": [ [ [ 79.08, 21.21 ], [ 79.08, 21.2 ], [ 79.07, 21.2 ], [ 79.07, 21.209278915450781 ], [ 79.070835, 21.2091392 ], [ 79.0737533, 21.2091392 ], [ 79.07549135284134, 21.21 ], [ 79.08, 21.21 ] ] ] } },
{ "type": "Feature", "properties": { "cell_id": "C0313", "lon_center": 79.055, "lat_center": 21.185, "suhii_day": -2.97, "suhii_night": 1.79, "heat_level_day": "Cool 🟦", "heat_level_night": "Low ⬜", "lst_day": 37.44, "lst_night": 28.24, "frac_built": 0.8945, "frac_tree": 0.0459, "frac_water": 0.0 }, "geometry": { "type": "Polygon", "coordinates": [ [ [ 79.05, 21.18 ], [ 79.05, 21.19 ], [ 79.06, 21.19 ], [ 79.06, 21.18 ], [ 79.05, 21.18 ] ] ] } },
{ "type": "Feature", "properties": { "cell_id": "C0293", "lon_center": 79.045, "lat_center": 21.185, "suhii_day": -3.93, "suhii_night": 1.19, "heat_level_day": "Cool 🟦", "heat_level_night": "Low ⬜", "lst_day": 36.48, "lst_night": 27.64, "frac_built": 0.2143, "frac_tree": 0.5723, "frac_water": 0.0 }, "geometry": { "type": "Polygon", "coordinates": [ [ [ 79.04, 21.18 ], [ 79.04, 21.19 ], [ 79.05, 21.19 ], [ 79.05, 21.18 ], [ 79.04, 21.18 ] ] ] } },
{ "type": "Feature", "properties": { "cell_id": "C0253", "lon_center": 79.025, "lat_center": 21.185, "suhii_day": -2.88, "suhii_night": 0.89, "heat_level_day": "Cool 🟦", "heat_level_night": "Low ⬜", "lst_day": 37.53, "lst_night": 27.34, "frac_built": 0.0, "frac_tree": 0.5659, "frac_water": 0.0 }, "geometry": { "type": "Polygon", "coordinates": [ [ [ 79.03, 21.18 ], [ 79.02, 21.18 ], [ 79.02, 21.180306418460457 ], [ 79.0207957, 21.1807304 ], [ 79.0243148, 21.1816908 ], [ 79.0273189, 21.182331 ], [ 79.029808, 21.1830513 ], [ 79.03, 21.183222868716989 ], [ 79.03, 21.18 ] ] ] } },
{ "type": "Feature", "properties": { "cell_id": "C0273", "lon_center": 79.035, "lat_center": 21.185, "suhii_day": -4.19, "suhii_night": 0.73, "heat_level_day": "Cool 🟦", "heat_level_night": "Low ⬜", "lst_day": 36.22, "lst_night": 27.18, "frac_built": 0.2468, "frac_tree": 0.3143, "frac_water": 0.0 }, "geometry": { "type": "Polygon", "coordinates": [ [ [ 79.04, 21.19 ], [ 79.04, 21.18 ], [ 79.03, 21.18 ], [ 79.03, 21.183222868716989 ], [ 79.0318679, 21.184892 ], [ 79.0339278, 21.187533 ], [ 79.0345286, 21.1890535 ], [ 79.034440331650003, 21.19 ], [ 79.04, 21.19 ] ] ] } },
{ "type": "Feature", "properties": { "cell_id": "C0274", "lon_center": 79.035, "lat_center": 21.195, "suhii_day": -4.65, "suhii_night": -0.46, "heat_level_day": "Cool 🟦", "heat_level_night": "Cool 🟦", "lst_day": 35.76, "lst_night": 25.99, "frac_built": 0.0011, "frac_tree": 0.1597, "frac_water": 0.6981 }, "geometry": { "type": "Polygon", "coordinates": [ [ [ 79.04, 21.2 ], [ 79.04, 21.19 ], [ 79.034440331650003, 21.19 ], [ 79.033842, 21.1964159 ], [ 79.032793553234271, 21.2 ], [ 79.04, 21.2 ] ] ] } },
{ "type": "Feature", "properties": { "cell_id": "C0314", "lon_center": 79.055, "lat_center": 21.195, "suhii_day": -3.9, "suhii_night": 1.3, "heat_level_day": "Cool 🟦", "heat_level_night": "Low ⬜", "lst_day": 36.51, "lst_night": 27.75, "frac_built": 0.5699, "frac_tree": 0.0939, "frac_water": 0.0 }, "geometry": { "type": "Polygon", "coordinates": [ [ [ 79.05, 21.19 ], [ 79.05, 21.2 ], [ 79.06, 21.2 ], [ 79.06, 21.19 ], [ 79.05, 21.19 ] ] ] } },
{ "type": "Feature", "properties": { "cell_id": "C0294", "lon_center": 79.045, "lat_center": 21.195, "suhii_day": -5.64, "suhii_night": 0.57, "heat_level_day": "Cool 🟦", "heat_level_night": "Low ⬜", "lst_day": 34.77, "lst_night": 27.02, "frac_built": 0.0904, "frac_tree": 0.3923, "frac_water": 0.2454 }, "geometry": { "type": "Polygon", "coordinates": [ [ [ 79.04, 21.19 ], [ 79.04, 21.2 ], [ 79.05, 21.2 ], [ 79.05, 21.19 ], [ 79.04, 21.19 ] ] ] } },
{ "type": "Feature", "properties": { "cell_id": "C0275", "lon_center": 79.035, "lat_center": 21.205, "suhii_day": -5.25, "suhii_night": -0.24, "heat_level_day": "Cool 🟦", "heat_level_night": "Cool 🟦", "lst_day": 35.16, "lst_night": 26.21, "frac_built": 0.0, "frac_tree": 0.4458, "frac_water": 0.1646 }, "geometry": { "type": "Polygon", "coordinates": [ [ [ 79.04, 21.21 ], [ 79.04, 21.2 ], [ 79.032793553234271, 21.2 ], [ 79.0325545, 21.2008172 ], [ 79.0319537, 21.2035379 ], [ 79.033327, 21.208179 ], [ 79.034846270047922, 21.21 ], [ 79.04, 21.21 ] ] ] } },
{ "type": "Feature", "properties": { "cell_id": "C0295", "lon_center": 79.045, "lat_center": 21.205, "suhii_day": -5.07, "suhii_night": 0.36, "heat_level_day": "Cool 🟦", "heat_level_night": "Low ⬜", "lst_day": 35.34, "lst_night": 26.81, "frac_built": 0.0711, "frac_tree": 0.3905, "frac_water": 0.0452 }, "geometry": { "type": "Polygon", "coordinates": [ [ [ 79.04, 21.2 ], [ 79.04, 21.21 ], [ 79.05, 21.21 ], [ 79.05, 21.2 ], [ 79.04, 21.2 ] ] ] } },
{ "type": "Feature", "properties": { "cell_id": "C0453", "lon_center": 79.125, "lat_center": 21.185, "suhii_day": -1.7, "suhii_night": 1.9, "heat_level_day": "Cool 🟦", "heat_level_night": "Low ⬜", "lst_day": 38.71, "lst_night": 28.35, "frac_built": 0.7871, "frac_tree": 0.1135, "frac_water": 0.001 }, "geometry": { "type": "Polygon", "coordinates": [ [ [ 79.120000000000118, 21.18 ], [ 79.120000000000118, 21.19 ], [ 79.130000000000123, 21.19 ], [ 79.130000000000123, 21.18 ], [ 79.120000000000118, 21.18 ] ] ] } },
{ "type": "Feature", "properties": { "cell_id": "C0473", "lon_center": 79.135, "lat_center": 21.185, "suhii_day": -1.91, "suhii_night": 1.37, "heat_level_day": "Cool 🟦", "heat_level_night": "Low ⬜", "lst_day": 38.5, "lst_night": 27.82, "frac_built": 0.7887, "frac_tree": 0.0175, "frac_water": 0.0032 }, "geometry": { "type": "Polygon", "coordinates": [ [ [ 79.130000000000123, 21.18 ], [ 79.130000000000123, 21.19 ], [ 79.140000000000128, 21.19 ], [ 79.140000000000128, 21.18 ], [ 79.130000000000123, 21.18 ] ] ] } },
{ "type": "Feature", "properties": { "cell_id": "C0433", "lon_center": 79.115, "lat_center": 21.185, "suhii_day": -2.01, "suhii_night": 2.57, "heat_level_day": "Cool 🟦", "heat_level_night": "Moderate 🟨", "lst_day": 38.4, "lst_night": 29.02, "frac_built": 0.8682, "frac_tree": 0.0677, "frac_water": 0.0 }, "geometry": { "type": "Polygon", "coordinates": [ [ [ 79.110000000000113, 21.18 ], [ 79.110000000000113, 21.19 ], [ 79.120000000000118, 21.19 ], [ 79.120000000000118, 21.18 ], [ 79.110000000000113, 21.18 ] ] ] } },
{ "type": "Feature", "properties": { "cell_id": "C0413", "lon_center": 79.105, "lat_center": 21.185, "suhii_day": -2.28, "suhii_night": 3.14, "heat_level_day": "Cool 🟦", "heat_level_night": "Moderate 🟨", "lst_day": 38.13, "lst_night": 29.59, "frac_built": 0.751, "frac_tree": 0.1122, "frac_water": 0.0 }, "geometry": { "type": "Polygon", "coordinates": [ [ [ 79.100000000000108, 21.18 ], [ 79.100000000000108, 21.19 ], [ 79.110000000000113, 21.19 ], [ 79.110000000000113, 21.18 ], [ 79.100000000000108, 21.18 ] ] ] } },
{ "type": "Feature", "properties": { "cell_id": "C0474", "lon_center": 79.135, "lat_center": 21.195, "suhii_day": -2.41, "suhii_night": 1.17, "heat_level_day": "Cool 🟦", "heat_level_night": "Low ⬜", "lst_day": 38.0, "lst_night": 27.62, "frac_built": 0.5702, "frac_tree": 0.0991, "frac_water": 0.0004 }, "geometry": { "type": "Polygon", "coordinates": [ [ [ 79.140000000000128, 21.19 ], [ 79.130000000000123, 21.19 ], [ 79.130000000000123, 21.199875728302946 ], [ 79.1301656, 21.1999169 ], [ 79.130328649049048, 21.2 ], [ 79.133516255136996, 21.2 ], [ 79.1337061, 21.1997168 ], [ 79.1346931, 21.1984965 ], [ 79.13553, 21.1971761 ], [ 79.1357875, 21.1954756 ], [ 79.1364741, 21.1944953 ], [ 79.1389203, 21.1922145 ], [ 79.140000000000128, 21.19112389732782 ], [ 79.140000000000128, 21.19 ] ] ] } },
{ "type": "Feature", "properties": { "cell_id": "C0454", "lon_center": 79.125, "lat_center": 21.195, "suhii_day": -2.01, "suhii_night": 1.13, "heat_level_day": "Cool 🟦", "heat_level_night": "Low ⬜", "lst_day": 38.4, "lst_night": 27.58, "frac_built": 0.397, "frac_tree": 0.0777, "frac_water": 0.0002 }, "geometry": { "type": "Polygon", "coordinates": [ [ [ 79.130000000000123, 21.19 ], [ 79.120000000000118, 21.19 ], [ 79.120000000000118, 21.2 ], [ 79.12465574358265, 21.2 ], [ 79.1260886, 21.1994167 ], [ 79.1276336, 21.1993767 ], [ 79.1288781, 21.1995968 ], [ 79.130000000000123, 21.199875728302946 ], [ 79.130000000000123, 21.19 ] ] ] } },
{ "type": "Feature", "properties": { "cell_id": "C0434", "lon_center": 79.115, "lat_center": 21.195, "suhii_day": -1.89, "suhii_night": 1.19, "heat_level_day": "Cool 🟦", "heat_level_night": "Low ⬜", "lst_day": 38.52, "lst_night": 27.64, "frac_built": 0.4663, "frac_tree": 0.0415, "frac_water": 0.0004 }, "geometry": { "type": "Polygon", "coordinates": [ [ [ 79.110000000000113, 21.19 ], [ 79.110000000000113, 21.2 ], [ 79.120000000000118, 21.2 ], [ 79.120000000000118, 21.19 ], [ 79.110000000000113, 21.19 ] ] ] } },
{ "type": "Feature", "properties": { "cell_id": "C0414", "lon_center": 79.105, "lat_center": 21.195, "suhii_day": -2.08, "suhii_night": 1.94, "heat_level_day": "Cool 🟦", "heat_level_night": "Low ⬜", "lst_day": 38.33, "lst_night": 28.39, "frac_built": 0.8182, "frac_tree": 0.0751, "frac_water": 0.001 }, "geometry": { "type": "Polygon", "coordinates": [ [ [ 79.100000000000108, 21.19 ], [ 79.100000000000108, 21.2 ], [ 79.110000000000113, 21.2 ], [ 79.110000000000113, 21.19 ], [ 79.100000000000108, 21.19 ] ] ] } },
{ "type": "Feature", "properties": { "cell_id": "C0455", "lon_center": 79.125, "lat_center": 21.205, "suhii_day": 4.59, "suhii_night": 3.55, "heat_level_day": "High 🟧", "heat_level_night": "Moderate 🟨", "lst_day": 45.0, "lst_night": 30.0, "frac_built": 0.113, "frac_tree": 0.1393, "frac_water": 0.0 }, "geometry": { "type": "Polygon", "coordinates": [ [ [ 79.120000000000118, 21.2 ], [ 79.120000000000118, 21.200354319635412 ], [ 79.1228485, 21.200457 ], [ 79.1245651, 21.2000369 ], [ 79.12465574358265, 21.2 ], [ 79.120000000000118, 21.2 ] ] ] } },
{ "type": "Feature", "properties": { "cell_id": "C0475", "lon_center": 79.135, "lat_center": 21.205, "suhii_day": -2.32, "suhii_night": 1.22, "heat_level_day": "Cool 🟦", "heat_level_night": "Low ⬜", "lst_day": 38.09, "lst_night": 27.67, "frac_built": 1.0, "frac_tree": 0.0, "frac_water": 0.0 }, "geometry": { "type": "Polygon", "coordinates": [ [ [ 79.130328649049048, 21.2 ], [ 79.1317749, 21.2007371 ], [ 79.1329551, 21.2008371 ], [ 79.133516255136996, 21.2 ], [ 79.130328649049048, 21.2 ] ] ] } },
{ "type": "Feature", "properties": { "cell_id": "C0395", "lon_center": 79.095, "lat_center": 21.205, "suhii_day": -2.53, "suhii_night": 0.74, "heat_level_day": "Cool 🟦", "heat_level_night": "Low ⬜", "lst_day": 37.88, "lst_night": 27.19, "frac_built": 0.3058, "frac_tree": 0.0191, "frac_water": 0.0 }, "geometry": { "type": "Polygon", "coordinates": [ [ [ 79.090000000000103, 21.2 ], [ 79.090000000000103, 21.21 ], [ 79.100000000000108, 21.21 ], [ 79.100000000000108, 21.2 ], [ 79.090000000000103, 21.2 ] ] ] } },
{ "type": "Feature", "properties": { "cell_id": "C0335", "lon_center": 79.065, "lat_center": 21.205, "suhii_day": -2.75, "suhii_night": 1.69, "heat_level_day": "Cool 🟦", "heat_level_night": "Low ⬜", "lst_day": 37.66, "lst_night": 28.14, "frac_built": 0.8441, "frac_tree": 0.0137, "frac_water": 0.0 }, "geometry": { "type": "Polygon", "coordinates": [ [ [ 79.07, 21.2 ], [ 79.06, 21.2 ], [ 79.06, 21.209006819804273 ], [ 79.0643119, 21.2092992 ], [ 79.0674876, 21.2096993 ], [ 79.07, 21.209278915450781 ], [ 79.07, 21.2 ] ] ] } },
{ "type": "Feature", "properties": { "cell_id": "C0376", "lon_center": 79.085, "lat_center": 21.215, "suhii_day": -2.77, "suhii_night": 0.86, "heat_level_day": "Cool 🟦", "heat_level_night": "Low ⬜", "lst_day": 37.64, "lst_night": 27.31, "frac_built": 0.0899, "frac_tree": 0.1494, "frac_water": 0.0 }, "geometry": { "type": "Polygon", "coordinates": [ [ [ 79.090000000000103, 21.22 ], [ 79.090000000000103, 21.21 ], [ 79.08, 21.21 ], [ 79.08, 21.212600508593543 ], [ 79.0821647, 21.2143402 ], [ 79.0822505, 21.2161005 ], [ 79.0817355, 21.2169806 ], [ 79.0817355, 21.22 ], [ 79.090000000000103, 21.22 ] ] ] } },
{ "type": "Feature", "properties": { "cell_id": "C0356", "lon_center": 79.075, "lat_center": 21.215, "suhii_day": -2.78, "suhii_night": 0.95, "heat_level_day": "Cool 🟦", "heat_level_night": "Low ⬜", "lst_day": 37.63, "lst_night": 27.4, "frac_built": 0.3258, "frac_tree": 0.6207, "frac_water": 0.0 }, "geometry": { "type": "Polygon", "coordinates": [ [ [ 79.08, 21.21 ], [ 79.07549135284134, 21.21 ], [ 79.0764999, 21.2104995 ], [ 79.0796756, 21.2123398 ], [ 79.08, 21.212600508593543 ], [ 79.08, 21.21 ] ] ] } },
{ "type": "Feature", "properties": { "cell_id": "C0396", "lon_center": 79.095, "lat_center": 21.215, "suhii_day": -2.56, "suhii_night": 0.39, "heat_level_day": "Cool 🟦", "heat_level_night": "Low ⬜", "lst_day": 37.85, "lst_night": 26.84, "frac_built": 0.058, "frac_tree": 0.0024, "frac_water": 0.0 }, "geometry": { "type": "Polygon", "coordinates": [ [ [ 79.100000000000108, 21.21 ], [ 79.090000000000103, 21.21 ], [ 79.090000000000103, 21.22 ], [ 79.099640402474648, 21.22 ], [ 79.100000000000108, 21.219764766593013 ], [ 79.100000000000108, 21.21 ] ] ] } },
{ "type": "Feature", "properties": { "cell_id": "C0397", "lon_center": 79.095, "lat_center": 21.225, "suhii_day": -2.61, "suhii_night": 0.31, "heat_level_day": "Cool 🟦", "heat_level_night": "Low ⬜", "lst_day": 37.8, "lst_night": 26.76, "frac_built": 0.0406, "frac_tree": 0.1983, "frac_water": 0.0145 }, "geometry": { "type": "Polygon", "coordinates": [ [ [ 79.090000000000103, 21.22 ], [ 79.090000000000103, 21.23 ], [ 79.092111058541562, 21.23 ], [ 79.0924001, 21.2299221 ], [ 79.0945458, 21.229142 ], [ 79.0958762, 21.228582 ], [ 79.0981293, 21.2274219 ], [ 79.0980005, 21.2253417 ], [ 79.0976572, 21.2238615 ], [ 79.0974426, 21.2224614 ], [ 79.0977859, 21.2211412 ], [ 79.0989661, 21.2204411 ], [ 79.099640402474648, 21.22 ], [ 79.090000000000103, 21.22 ] ] ] } },
{ "type": "Feature", "properties": { "cell_id": "C0377", "lon_center": 79.085, "lat_center": 21.225, "suhii_day": -2.77, "suhii_night": 0.73, "heat_level_day": "Cool 🟦", "heat_level_night": "Low ⬜", "lst_day": 37.64, "lst_night": 27.18, "frac_built": 0.3815, "frac_tree": 0.0647, "frac_water": 0.0 }, "geometry": { "type": "Polygon", "coordinates": [ [ [ 79.090000000000103, 21.23 ], [ 79.090000000000103, 21.22 ], [ 79.0817355, 21.22 ], [ 79.0817355, 21.2201811 ], [ 79.0841388, 21.2260218 ], [ 79.084451548606779, 21.23 ], [ 79.090000000000103, 21.23 ] ] ] } },
{ "type": "Feature", "properties": { "cell_id": "C0315", "lon_center": 79.055, "lat_center": 21.205, "suhii_day": -3.33, "suhii_night": 1.11, "heat_level_day": "Cool 🟦", "heat_level_night": "Low ⬜", "lst_day": 37.08, "lst_night": 27.56, "frac_built": 0.356, "frac_tree": 0.0057, "frac_water": 0.0 }, "geometry": { "type": "Polygon", "coordinates": [ [ [ 79.06, 21.2 ], [ 79.05, 21.2 ], [ 79.05, 21.21 ], [ 79.052413540193015, 21.21 ], [ 79.0524673, 21.2096993 ], [ 79.0562438, 21.2089791 ], [ 79.0595912, 21.2089791 ], [ 79.06, 21.209006819804273 ], [ 79.06, 21.2 ] ] ] } },
{ "type": "Feature", "properties": { "cell_id": "C0276", "lon_center": 79.035, "lat_center": 21.215, "suhii_day": -3.9, "suhii_night": -0.24, "heat_level_day": "Cool 🟦", "heat_level_night": "Cool 🟦", "lst_day": 36.51, "lst_night": 26.21, "frac_built": 0.0, "frac_tree": 0.6971, "frac_water": 0.0 }, "geometry": { "type": "Polygon", "coordinates": [ [ [ 79.04, 21.21 ], [ 79.034846270047922, 21.21 ], [ 79.0357303, 21.2110596 ], [ 79.0382194, 21.2124198 ], [ 79.0396785, 21.2133 ], [ 79.04, 21.214665324142732 ], [ 79.04, 21.21 ] ] ] } },
{ "type": "Feature", "properties": { "cell_id": "C0296", "lon_center": 79.045, "lat_center": 21.215, "suhii_day": -3.67, "suhii_night": 0.23, "heat_level_day": "Cool 🟦", "heat_level_night": "Low ⬜", "lst_day": 36.74, "lst_night": 26.68, "frac_built": 0.027, "frac_tree": 0.2103, "frac_water": 0.0 }, "geometry": { "type": "Polygon", "coordinates": [ [ [ 79.05, 21.21 ], [ 79.04, 21.21 ], [ 79.04, 21.214665324142732 ], [ 79.040451, 21.2165806 ], [ 79.0464591, 21.2166606 ], [ 79.05, 21.215625040037445 ], [ 79.05, 21.21 ] ] ] } },
{ "type": "Feature", "properties": { "cell_id": "C0316", "lon_center": 79.055, "lat_center": 21.215, "suhii_day": -3.5, "suhii_night": 0.45, "heat_level_day": "Cool 🟦", "heat_level_night": "Low ⬜", "lst_day": 36.91, "lst_night": 26.9, "frac_built": 0.0777, "frac_tree": 0.0, "frac_water": 0.0 }, "geometry": { "type": "Polygon", "coordinates": [ [ [ 79.05, 21.21 ], [ 79.05, 21.215625040037445 ], [ 79.0508365, 21.2153804 ], [ 79.0519523, 21.2125799 ], [ 79.052413540193015, 21.21 ], [ 79.05, 21.21 ] ] ] } },
{ "type": "Feature", "properties": { "cell_id": "C0549", "lon_center": 79.175, "lat_center": 21.145, "suhii_day": -2.76, "suhii_night": 0.61, "heat_level_day": "Cool 🟦", "heat_level_night": "Low ⬜", "lst_day": 37.65, "lst_night": 27.06, "frac_built": 0.7151, "frac_tree": 0.0186, "frac_water": 0.0 }, "geometry": { "type": "Polygon", "coordinates": [ [ [ 79.170000000000144, 21.15 ], [ 79.172807523025227, 21.15 ], [ 79.1718005, 21.1496119 ], [ 79.1714508, 21.1465179 ], [ 79.1712638, 21.1453576 ], [ 79.1714918, 21.145177 ], [ 79.1714389, 21.1446632 ], [ 79.1712616, 21.1429264 ], [ 79.1712452, 21.1420024 ], [ 79.170000000000144, 21.142046810425235 ], [ 79.170000000000144, 21.15 ] ] ] } },
{ "type": "Feature", "properties": { "cell_id": "C0490", "lon_center": 79.145, "lat_center": 21.155, "suhii_day": -1.74, "suhii_night": 2.49, "heat_level_day": "Cool 🟦", "heat_level_night": "Moderate 🟨", "lst_day": 38.67, "lst_night": 28.94, "frac_built": 0.8642, "frac_tree": 0.0212, "frac_water": 0.0 }, "geometry": { "type": "Polygon", "coordinates": [ [ [ 79.140000000000128, 21.15 ], [ 79.140000000000128, 21.16 ], [ 79.150000000000134, 21.16 ], [ 79.150000000000134, 21.15 ], [ 79.140000000000128, 21.15 ] ] ] } },
{ "type": "Feature", "properties": { "cell_id": "C0550", "lon_center": 79.175, "lat_center": 21.155, "suhii_day": -3.57, "suhii_night": 0.25, "heat_level_day": "Cool 🟦", "heat_level_night": "Low ⬜", "lst_day": 36.84, "lst_night": 26.7, "frac_built": 0.5221, "frac_tree": 0.0055, "frac_water": 0.0 }, "geometry": { "type": "Polygon", "coordinates": [ [ [ 79.170000000000144, 21.15 ], [ 79.170000000000144, 21.16 ], [ 79.178505387022895, 21.16 ], [ 79.1780929, 21.1549527 ], [ 79.177238, 21.1533017 ], [ 79.1765571, 21.1520612 ], [ 79.1747601, 21.1503778 ], [ 79.1737681, 21.1503702 ], [ 79.172807523025227, 21.15 ], [ 79.170000000000144, 21.15 ] ] ] } },
{ "type": "Feature", "properties": { "cell_id": "C0470", "lon_center": 79.135, "lat_center": 21.155, "suhii_day": -1.47, "suhii_night": 2.85, "heat_level_day": "Cool 🟦", "heat_level_night": "Moderate 🟨", "lst_day": 38.94, "lst_night": 29.3, "frac_built": 0.8974, "frac_tree": 0.01, "frac_water": 0.0 }, "geometry": { "type": "Polygon", "coordinates": [ [ [ 79.130000000000123, 21.15 ], [ 79.130000000000123, 21.16 ], [ 79.140000000000128, 21.16 ], [ 79.140000000000128, 21.15 ], [ 79.130000000000123, 21.15 ] ] ] } },
{ "type": "Feature", "properties": { "cell_id": "C0510", "lon_center": 79.155, "lat_center": 21.155, "suhii_day": -2.59, "suhii_night": 2.19, "heat_level_day": "Cool 🟦", "heat_level_night": "Moderate 🟨", "lst_day": 37.82, "lst_night": 28.64, "frac_built": 0.7954, "frac_tree": 0.0199, "frac_water": 0.0002 }, "geometry": { "type": "Polygon", "coordinates": [ [ [ 79.150000000000134, 21.15 ], [ 79.150000000000134, 21.16 ], [ 79.160000000000139, 21.16 ], [ 79.160000000000139, 21.15 ], [ 79.150000000000134, 21.15 ] ] ] } },
{ "type": "Feature", "properties": { "cell_id": "C0530", "lon_center": 79.165, "lat_center": 21.155, "suhii_day": -3.0, "suhii_night": 1.16, "heat_level_day": "Cool 🟦", "heat_level_night": "Low ⬜", "lst_day": 37.41, "lst_night": 27.61, "frac_built": 0.7253, "frac_tree": 0.0203, "frac_water": 0.0005 }, "geometry": { "type": "Polygon", "coordinates": [ [ [ 79.160000000000139, 21.15 ], [ 79.160000000000139, 21.16 ], [ 79.170000000000144, 21.16 ], [ 79.170000000000144, 21.15 ], [ 79.160000000000139, 21.15 ] ] ] } },
{ "type": "Feature", "properties": { "cell_id": "C0511", "lon_center": 79.155, "lat_center": 21.165, "suhii_day": -2.73, "suhii_night": 1.24, "heat_level_day": "Cool 🟦", "heat_level_night": "Low ⬜", "lst_day": 37.68, "lst_night": 27.69, "frac_built": 0.5337, "frac_tree": 0.0246, "frac_water": 0.0 }, "geometry": { "type": "Polygon", "coordinates": [ [ [ 79.150000000000134, 21.16 ], [ 79.150000000000134, 21.17 ], [ 79.160000000000139, 21.17 ], [ 79.160000000000139, 21.16 ], [ 79.150000000000134, 21.16 ] ] ] } },
{ "type": "Feature", "properties": { "cell_id": "C0471", "lon_center": 79.135, "lat_center": 21.165, "suhii_day": -1.51, "suhii_night": 2.42, "heat_level_day": "Cool 🟦", "heat_level_night": "Moderate 🟨", "lst_day": 38.9, "lst_night": 28.87, "frac_built": 0.6981, "frac_tree": 0.0376, "frac_water": 0.0 }, "geometry": { "type": "Polygon", "coordinates": [ [ [ 79.130000000000123, 21.16 ], [ 79.130000000000123, 21.17 ], [ 79.140000000000128, 21.17 ], [ 79.140000000000128, 21.16 ], [ 79.130000000000123, 21.16 ] ] ] } },
{ "type": "Feature", "properties": { "cell_id": "C0491", "lon_center": 79.145, "lat_center": 21.165, "suhii_day": -1.74, "suhii_night": 1.81, "heat_level_day": "Cool 🟦", "heat_level_night": "Low ⬜", "lst_day": 38.67, "lst_night": 28.26, "frac_built": 0.7441, "frac_tree": 0.0358, "frac_water": 0.0 }, "geometry": { "type": "Polygon", "coordinates": [ [ [ 79.140000000000128, 21.16 ], [ 79.140000000000128, 21.17 ], [ 79.150000000000134, 21.17 ], [ 79.150000000000134, 21.16 ], [ 79.140000000000128, 21.16 ] ] ] } },
{ "type": "Feature", "properties": { "cell_id": "C0531", "lon_center": 79.165, "lat_center": 21.165, "suhii_day": -3.41, "suhii_night": 0.43, "heat_level_day": "Cool 🟦", "heat_level_night": "Low ⬜", "lst_day": 37.0, "lst_night": 26.88, "frac_built": 0.5268, "frac_tree": 0.0284, "frac_water": 0.0002 }, "geometry": { "type": "Polygon", "coordinates": [ [ [ 79.160000000000139, 21.16 ], [ 79.160000000000139, 21.17 ], [ 79.170000000000144, 21.17 ], [ 79.170000000000144, 21.16 ], [ 79.160000000000139, 21.16 ] ] ] } },
{ "type": "Feature", "properties": { "cell_id": "C0532", "lon_center": 79.165, "lat_center": 21.175, "suhii_day": -3.84, "suhii_night": -0.31, "heat_level_day": "Cool 🟦", "heat_level_night": "Cool 🟦", "lst_day": 36.57, "lst_night": 26.14, "frac_built": 0.2965, "frac_tree": 0.028, "frac_water": 0.0 }, "geometry": { "type": "Polygon", "coordinates": [ [ [ 79.170000000000144, 21.17 ], [ 79.160000000000139, 21.17 ], [ 79.160000000000139, 21.18 ], [ 79.168898459012254, 21.18 ], [ 79.1681886, 21.1781893 ], [ 79.1676521, 21.1769087 ], [ 79.1678452, 21.1750879 ], [ 79.170000000000144, 21.174629691787057 ], [ 79.170000000000144, 21.17 ] ] ] } },
{ "type": "Feature", "properties": { "cell_id": "C0551", "lon_center": 79.175, "lat_center": 21.165, "suhii_day": -3.9, "suhii_night": -0.43, "heat_level_day": "Cool 🟦", "heat_level_night": "Cool 🟦", "lst_day": 36.51, "lst_night": 26.02, "frac_built": 0.0986, "frac_tree": 0.0357, "frac_water": 0.0 }, "geometry": { "type": "Polygon", "coordinates": [ [ [ 79.170000000000144, 21.16 ], [ 79.170000000000144, 21.17 ], [ 79.173443281403209, 21.17 ], [ 79.1734885, 21.1699256 ], [ 79.173811, 21.1696518 ], [ 79.1740215, 21.169256 ], [ 79.1747039, 21.1683948 ], [ 79.1750226, 21.1677001 ], [ 79.1751743, 21.1667811 ], [ 79.1758888, 21.1657966 ], [ 79.1788461, 21.1650459 ], [ 79.1786862, 21.164514 ], [ 79.1786006, 21.1637129 ], [ 79.1786177, 21.1625065 ], [ 79.178618, 21.1614169 ], [ 79.1785479, 21.1605202 ], [ 79.178505387022895, 21.16 ], [ 79.170000000000144, 21.16 ] ] ] } },
{ "type": "Feature", "properties": { "cell_id": "C0552", "lon_center": 79.175, "lat_center": 21.175, "suhii_day": -3.71, "suhii_night": -0.67, "heat_level_day": "Cool 🟦", "heat_level_night": "Cool 🟦", "lst_day": 36.7, "lst_night": 25.78, "frac_built": 0.0, "frac_tree": 0.2215, "frac_water": 0.0 }, "geometry": { "type": "Polygon", "coordinates": [ [ [ 79.170000000000144, 21.17 ], [ 79.170000000000144, 21.174629691787057 ], [ 79.1719558, 21.1742138 ], [ 79.1724233, 21.1740032 ], [ 79.1726196, 21.1737586 ], [ 79.1723069, 21.173044 ], [ 79.1727278, 21.1724881 ], [ 79.1728958, 21.1717349 ], [ 79.1731355, 21.1711075 ], [ 79.1735527, 21.1705165 ], [ 79.1732728, 21.1702805 ], [ 79.173443281403209, 21.17 ], [ 79.170000000000144, 21.17 ] ] ] } },
{ "type": "Feature", "properties": { "cell_id": "C0553", "lon_center": 79.175, "lat_center": 21.185, "suhii_day": -3.02, "suhii_night": -0.92, "heat_level_day": "Cool 🟦", "heat_level_night": "Cool 🟦", "lst_day": 37.39, "lst_night": 25.53, "frac_built": 0.0, "frac_tree": 0.0, "frac_water": 0.0 }, "geometry": { "type": "Polygon", "coordinates": [ [ [ 79.170000000000144, 21.187672625651981 ], [ 79.1714072, 21.1867326 ], [ 79.1708922, 21.1853121 ], [ 79.1708064, 21.1839916 ], [ 79.170000000000144, 21.18291276903977 ], [ 79.170000000000144, 21.187672625651981 ] ] ] } },
{ "type": "Feature", "properties": { "cell_id": "C0512", "lon_center": 79.155, "lat_center": 21.175, "suhii_day": -3.28, "suhii_night": 0.19, "heat_level_day": "Cool 🟦", "heat_level_night": "Low ⬜", "lst_day": 37.13, "lst_night": 26.64, "frac_built": 0.6102, "frac_tree": 0.0247, "frac_water": 0.0 }, "geometry": { "type": "Polygon", "coordinates": [ [ [ 79.150000000000134, 21.17 ], [ 79.150000000000134, 21.18 ], [ 79.160000000000139, 21.18 ], [ 79.160000000000139, 21.17 ], [ 79.150000000000134, 21.17 ] ] ] } },
{ "type": "Feature", "properties": { "cell_id": "C0492", "lon_center": 79.145, "lat_center": 21.175, "suhii_day": -2.45, "suhii_night": 0.94, "heat_level_day": "Cool 🟦", "heat_level_night": "Low ⬜", "lst_day": 37.96, "lst_night": 27.39, "frac_built": 0.4537, "frac_tree": 0.0477, "frac_water": 0.0006 }, "geometry": { "type": "Polygon", "coordinates": [ [ [ 79.140000000000128, 21.17 ], [ 79.140000000000128, 21.18 ], [ 79.150000000000134, 21.18 ], [ 79.150000000000134, 21.17 ], [ 79.140000000000128, 21.17 ] ] ] } },
{ "type": "Feature", "properties": { "cell_id": "C0513", "lon_center": 79.155, "lat_center": 21.185, "suhii_day": -2.94, "suhii_night": 0.12, "heat_level_day": "Cool 🟦", "heat_level_night": "Low ⬜", "lst_day": 37.47, "lst_night": 26.57, "frac_built": 0.6147, "frac_tree": 0.0083, "frac_water": 0.0 }, "geometry": { "type": "Polygon", "coordinates": [ [ [ 79.160000000000139, 21.19 ], [ 79.160000000000139, 21.18 ], [ 79.150000000000134, 21.18 ], [ 79.150000000000134, 21.188521610282631 ], [ 79.1504216, 21.1885533 ], [ 79.1514516, 21.1893336 ], [ 79.152166332451273, 21.19 ], [ 79.160000000000139, 21.19 ] ] ] } },
{ "type": "Feature", "properties": { "cell_id": "C0533", "lon_center": 79.165, "lat_center": 21.185, "suhii_day": -3.39, "suhii_night": -0.58, "heat_level_day": "Cool 🟦", "heat_level_night": "Cool 🟦", "lst_day": 37.02, "lst_night": 25.87, "frac_built": 0.1402, "frac_tree": 0.0009, "frac_water": 0.0 }, "geometry": { "type": "Polygon", "coordinates": [ [ [ 79.170000000000144, 21.18291276903977 ], [ 79.1693258, 21.1820108 ], [ 79.1689181, 21.1800501 ], [ 79.168898459012254, 21.18 ], [ 79.160000000000139, 21.18 ], [ 79.160000000000139, 21.19 ], [ 79.166730595126495, 21.19 ], [ 79.1671586, 21.1895937 ], [ 79.1699695, 21.187693 ], [ 79.170000000000144, 21.187672625651981 ], [ 79.170000000000144, 21.18291276903977 ] ] ] } },
{ "type": "Feature", "properties": { "cell_id": "C0493", "lon_center": 79.145, "lat_center": 21.185, "suhii_day": -2.37, "suhii_night": 0.88, "heat_level_day": "Cool 🟦", "heat_level_night": "Low ⬜", "lst_day": 38.04, "lst_night": 27.33, "frac_built": 0.5554, "frac_tree": 0.0103, "frac_water": 0.0 }, "geometry": { "type": "Polygon", "coordinates": [ [ [ 79.150000000000134, 21.18 ], [ 79.140000000000128, 21.18 ], [ 79.140000000000128, 21.19 ], [ 79.141280051718184, 21.19 ], [ 79.1424608, 21.1889935 ], [ 79.1431045, 21.1881732 ], [ 79.1448211, 21.1869127 ], [ 79.1464948, 21.1874529 ], [ 79.147439, 21.1880931 ], [ 79.1476536, 21.1892736 ], [ 79.1490912, 21.1884533 ], [ 79.150000000000134, 21.188521610282631 ], [ 79.150000000000134, 21.18 ] ] ] } },
{ "type": "Feature", "properties": { "cell_id": "C0514", "lon_center": 79.155, "lat_center": 21.195, "suhii_day": -2.83, "suhii_night": 0.080000000000001847, "heat_level_day": "Cool 🟦", "heat_level_night": "Low ⬜", "lst_day": 37.58, "lst_night": 26.53, "frac_built": 0.0202, "frac_tree": 0.0054, "frac_water": 0.0 }, "geometry": { "type": "Polygon", "coordinates": [ [ [ 79.160000000000139, 21.19 ], [ 79.152166332451273, 21.19 ], [ 79.1525459, 21.1903539 ], [ 79.1537905, 21.1904139 ], [ 79.1553998, 21.190514 ], [ 79.1567087, 21.1909741 ], [ 79.1579532, 21.1916744 ], [ 79.1590476, 21.1923746 ], [ 79.160000000000139, 21.192863006462709 ], [ 79.160000000000139, 21.19 ] ] ] } },
{ "type": "Feature", "properties": { "cell_id": "C0534", "lon_center": 79.165, "lat_center": 21.195, "suhii_day": -3.04, "suhii_night": -1.01, "heat_level_day": "Cool 🟦", "heat_level_night": "Cool 🟦", "lst_day": 37.37, "lst_night": 25.44, "frac_built": 0.082, "frac_tree": 0.0043, "frac_water": 0.0 }, "geometry": { "type": "Polygon", "coordinates": [ [ [ 79.160000000000139, 21.19 ], [ 79.160000000000139, 21.192863006462709 ], [ 79.160335, 21.1930348 ], [ 79.1617512, 21.1934349 ], [ 79.1647982, 21.1918344 ], [ 79.166730595126495, 21.19 ], [ 79.160000000000139, 21.19 ] ] ] } },
{ "type": "Feature", "properties": { "cell_id": "C0494", "lon_center": 79.145, "lat_center": 21.195, "suhii_day": -2.1, "suhii_night": 1.22, "heat_level_day": "Cool 🟦", "heat_level_night": "Low ⬜", "lst_day": 38.31, "lst_night": 27.67, "frac_built": 0.5073, "frac_tree": 0.0, "frac_water": 0.0 }, "geometry": { "type": "Polygon", "coordinates": [ [ [ 79.140000000000128, 21.19 ], [ 79.140000000000128, 21.19112389732782 ], [ 79.1402077, 21.1909141 ], [ 79.141280051718184, 21.19 ], [ 79.140000000000128, 21.19 ] ] ] } },
{ "type": "Feature", "properties": { "cell_id": "C0228", "lon_center": 79.015, "lat_center": 21.135, "suhii_day": -1.79, "suhii_night": 0.2, "heat_level_day": "Cool 🟦", "heat_level_night": "Low ⬜", "lst_day": 38.62, "lst_night": 26.65, "frac_built": 0.0001, "frac_tree": 0.2587, "frac_water": 0.0 }, "geometry": { "type": "Polygon", "coordinates": [ [ [ 79.01, 21.13 ], [ 79.01, 21.14 ], [ 79.02, 21.14 ], [ 79.02, 21.13 ], [ 79.01, 21.13 ] ] ] } },
{ "type": "Feature", "properties": { "cell_id": "C0208", "lon_center": 79.005, "lat_center": 21.135, "suhii_day": -1.59, "suhii_night": 0.24, "heat_level_day": "Cool 🟦", "heat_level_night": "Low ⬜", "lst_day": 38.82, "lst_night": 26.69, "frac_built": 0.0054, "frac_tree": 0.5157, "frac_water": 0.0 }, "geometry": { "type": "Polygon", "coordinates": [ [ [ 79.01, 21.14 ], [ 79.01, 21.13 ], [ 79.006793725180884, 21.13 ], [ 79.0063977, 21.1321427 ], [ 79.0068912, 21.1342042 ], [ 79.0077925, 21.1360455 ], [ 79.0086722, 21.1384071 ], [ 79.009230195691117, 21.14 ], [ 79.01, 21.14 ] ] ] } },
{ "type": "Feature", "properties": { "cell_id": "C0229", "lon_center": 79.015, "lat_center": 21.145, "suhii_day": -2.44, "suhii_night": 0.66, "heat_level_day": "Cool 🟦", "heat_level_night": "Low ⬜", "lst_day": 37.97, "lst_night": 27.11, "frac_built": 0.0371, "frac_tree": 0.1051, "frac_water": 0.0 }, "geometry": { "type": "Polygon", "coordinates": [ [ [ 79.02, 21.15 ], [ 79.02, 21.14 ], [ 79.01, 21.14 ], [ 79.01, 21.142211102023079 ], [ 79.0116119, 21.1455319 ], [ 79.0116763, 21.1481736 ], [ 79.010872284345893, 21.15 ], [ 79.02, 21.15 ] ] ] } },
{ "type": "Feature", "properties": { "cell_id": "C0209", "lon_center": 79.005, "lat_center": 21.145, "suhii_day": -2.36, "suhii_night": 0.34, "heat_level_day": "Cool 🟦", "heat_level_night": "Low ⬜", "lst_day": 38.05, "lst_night": 26.79, "frac_built": 0.0, "frac_tree": 0.2755, "frac_water": 0.0 }, "geometry": { "type": "Polygon", "coordinates": [ [ [ 79.01, 21.14 ], [ 79.009230195691117, 21.14 ], [ 79.0093803, 21.1404285 ], [ 79.0096593, 21.1415092 ], [ 79.01, 21.142211102023079 ], [ 79.01, 21.14 ] ] ] } },
{ "type": "Feature", "properties": { "cell_id": "C0210", "lon_center": 79.005, "lat_center": 21.155, "suhii_day": -1.49, "suhii_night": 1.22, "heat_level_day": "Cool 🟦", "heat_level_night": "Low ⬜", "lst_day": 38.92, "lst_night": 27.67, "frac_built": 0.8406, "frac_tree": 0.0697, "frac_water": 0.0 }, "geometry": { "type": "Polygon", "coordinates": [ [ [ 79.0, 21.16 ], [ 79.01, 21.16 ], [ 79.01, 21.154001949008943 ], [ 79.0098309, 21.1560783 ], [ 79.0081143, 21.1566986 ], [ 79.006226, 21.1576192 ], [ 79.0044021, 21.1584596 ], [ 79.002428, 21.1587198 ], [ 79.000175, 21.1587998 ], [ 79.0, 21.158838452808425 ], [ 79.0, 21.16 ] ] ] } },
{ "type": "Feature", "properties": { "cell_id": "C0190", "lon_center": 78.995, "lat_center": 21.155, "suhii_day": -1.34, "suhii_night": 1.4, "heat_level_day": "Cool 🟦", "heat_level_night": "Low ⬜", "lst_day": 39.07, "lst_night": 27.85, "frac_built": 0.9926, "frac_tree": 0.0, "frac_water": 0.0 }, "geometry": { "type": "Polygon", "coordinates": [ [ [ 79.0, 21.16 ], [ 79.0, 21.158838452808425 ], [ 78.9977288, 21.1593401 ], [ 78.99753652392144, 21.16 ], [ 79.0, 21.16 ] ] ] } },
{ "type": "Feature", "properties": { "cell_id": "C0230", "lon_center": 79.015, "lat_center": 21.155, "suhii_day": -2.15, "suhii_night": 1.23, "heat_level_day": "Cool 🟦", "heat_level_night": "Low ⬜", "lst_day": 38.26, "lst_night": 27.68, "frac_built": 0.2985, "frac_tree": 0.3218, "frac_water": 0.0 }, "geometry": { "type": "Polygon", "coordinates": [ [ [ 79.01, 21.16 ], [ 79.02, 21.16 ], [ 79.02, 21.15 ], [ 79.010872284345893, 21.15 ], [ 79.0108394, 21.1500747 ], [ 79.0102386, 21.1511754 ], [ 79.0100884, 21.1529165 ], [ 79.01, 21.154001949008943 ], [ 79.01, 21.16 ] ] ] } },
{ "type": "Feature", "properties": { "cell_id": "C0231", "lon_center": 79.015, "lat_center": 21.165, "suhii_day": -1.33, "suhii_night": 0.73, "heat_level_day": "Cool 🟦", "heat_level_night": "Low ⬜", "lst_day": 39.08, "lst_night": 27.18, "frac_built": 0.4578, "frac_tree": 0.0384, "frac_water": 0.0 }, "geometry": { "type": "Polygon", "coordinates": [ [ [ 79.01, 21.16 ], [ 79.01, 21.17 ], [ 79.02, 21.17 ], [ 79.02, 21.16 ], [ 79.01, 21.16 ] ] ] } },
{ "type": "Feature", "properties": { "cell_id": "C0211", "lon_center": 79.005, "lat_center": 21.165, "suhii_day": -1.17, "suhii_night": 0.55, "heat_level_day": "Cool 🟦", "heat_level_night": "Low ⬜", "lst_day": 39.24, "lst_night": 27.0, "frac_built": 0.5652, "frac_tree": 0.0297, "frac_water": 0.0 }, "geometry": { "type": "Polygon", "coordinates": [ [ [ 79.0, 21.16 ], [ 79.0, 21.17 ], [ 79.01, 21.17 ], [ 79.01, 21.16 ], [ 79.0, 21.16 ] ] ] } },
{ "type": "Feature", "properties": { "cell_id": "C0191", "lon_center": 78.995, "lat_center": 21.165, "suhii_day": -0.66, "suhii_night": 0.79, "heat_level_day": "Cool 🟦", "heat_level_night": "Low ⬜", "lst_day": 39.75, "lst_night": 27.24, "frac_built": 0.3707, "frac_tree": 0.0379, "frac_water": 0.0 }, "geometry": { "type": "Polygon", "coordinates": [ [ [ 79.0, 21.17 ], [ 79.0, 21.16 ], [ 78.99753652392144, 21.16 ], [ 78.9956473, 21.1664839 ], [ 78.995327803460171, 21.17 ], [ 79.0, 21.17 ] ] ] } },
{ "type": "Feature", "properties": { "cell_id": "C0232", "lon_center": 79.015, "lat_center": 21.175, "suhii_day": -2.28, "suhii_night": -0.18, "heat_level_day": "Cool 🟦", "heat_level_night": "Cool 🟦", "lst_day": 38.13, "lst_night": 26.27, "frac_built": 0.0771, "frac_tree": 0.2471, "frac_water": 0.0 }, "geometry": { "type": "Polygon", "coordinates": [ [ [ 79.02, 21.18 ], [ 79.02, 21.17 ], [ 79.01, 21.17 ], [ 79.01, 21.175215132575623 ], [ 79.0134143, 21.1764886 ], [ 79.0159892, 21.1781693 ], [ 79.019424934469598, 21.18 ], [ 79.02, 21.18 ] ] ] } },
{ "type": "Feature", "properties": { "cell_id": "C0212", "lon_center": 79.005, "lat_center": 21.175, "suhii_day": -1.38, "suhii_night": -0.42, "heat_level_day": "Cool 🟦", "heat_level_night": "Cool 🟦", "lst_day": 39.03, "lst_night": 26.03, "frac_built": 0.2075, "frac_tree": 0.0053, "frac_water": 0.0 }, "geometry": { "type": "Polygon", "coordinates": [ [ [ 79.01, 21.17 ], [ 79.0, 21.17 ], [ 79.0, 21.176615144386364 ], [ 79.0004539, 21.1767287 ], [ 79.0061187, 21.175128 ], [ 79.0095519, 21.175048 ], [ 79.01, 21.175215132575623 ], [ 79.01, 21.17 ] ] ] } },
{ "type": "Feature", "properties": { "cell_id": "C0192", "lon_center": 78.995, "lat_center": 21.175, "suhii_day": -0.81, "suhii_night": -0.16, "heat_level_day": "Cool 🟦", "heat_level_night": "Cool 🟦", "lst_day": 39.6, "lst_night": 26.29, "frac_built": 0.0501, "frac_tree": 0.0137, "frac_water": 0.0 }, "geometry": { "type": "Polygon", "coordinates": [ [ [ 79.0, 21.17 ], [ 78.995327803460171, 21.17 ], [ 78.9952182, 21.1712062 ], [ 78.9969348, 21.1758483 ], [ 79.0, 21.176615144386364 ], [ 79.0, 21.17 ] ] ] } },
{ "type": "Feature", "properties": { "cell_id": "C0233", "lon_center": 79.015, "lat_center": 21.185, "suhii_day": 4.59, "suhii_night": 3.55, "heat_level_day": "High 🟧", "heat_level_night": "Moderate 🟨", "lst_day": 45.0, "lst_night": 30.0, "frac_built": 0.0, "frac_tree": 0.7184, "frac_water": 0.0 }, "geometry": { "type": "Polygon", "coordinates": [ [ [ 79.02, 21.18 ], [ 79.019424934469598, 21.18 ], [ 79.02, 21.180306418460457 ], [ 79.02, 21.18 ] ] ] } },
{ "type": "Feature", "properties": { "cell_id": "C0435", "lon_center": 79.115, "lat_center": 21.205, "suhii_day": -1.88, "suhii_night": 0.31, "heat_level_day": "Cool 🟦", "heat_level_night": "Low ⬜", "lst_day": 38.53, "lst_night": 26.76, "frac_built": 0.0571, "frac_tree": 0.0002, "frac_water": 0.0 }, "geometry": { "type": "Polygon", "coordinates": [ [ [ 79.120000000000118, 21.2 ], [ 79.110000000000113, 21.2 ], [ 79.110000000000113, 21.21 ], [ 79.119599617913678, 21.21 ], [ 79.1197371, 21.2093592 ], [ 79.1190076, 21.2081789 ], [ 79.1186428, 21.2071387 ], [ 79.1188144, 21.2025976 ], [ 79.1189647, 21.200317 ], [ 79.120000000000118, 21.200354319635412 ], [ 79.120000000000118, 21.2 ] ] ] } },
{ "type": "Feature", "properties": { "cell_id": "C0415", "lon_center": 79.105, "lat_center": 21.205, "suhii_day": -2.16, "suhii_night": 0.6, "heat_level_day": "Cool 🟦", "heat_level_night": "Low ⬜", "lst_day": 38.25, "lst_night": 27.05, "frac_built": 0.4161, "frac_tree": 0.0139, "frac_water": 0.0 }, "geometry": { "type": "Polygon", "coordinates": [ [ [ 79.100000000000108, 21.2 ], [ 79.100000000000108, 21.21 ], [ 79.110000000000113, 21.21 ], [ 79.110000000000113, 21.2 ], [ 79.100000000000108, 21.2 ] ] ] } },
{ "type": "Feature", "properties": { "cell_id": "C0416", "lon_center": 79.105, "lat_center": 21.215, "suhii_day": -2.29, "suhii_night": -0.09, "heat_level_day": "Cool 🟦", "heat_level_night": "Cool 🟦", "lst_day": 38.12, "lst_night": 26.36, "frac_built": 0.0225, "frac_tree": 0.0, "frac_water": 0.0 }, "geometry": { "type": "Polygon", "coordinates": [ [ [ 79.110000000000113, 21.21 ], [ 79.100000000000108, 21.21 ], [ 79.100000000000108, 21.219764766593013 ], [ 79.1001892, 21.219641 ], [ 79.101305, 21.2178007 ], [ 79.1015625, 21.2163405 ], [ 79.1027427, 21.2155403 ], [ 79.1053605, 21.2151603 ], [ 79.1090727, 21.2132999 ], [ 79.110000000000113, 21.212900948247842 ], [ 79.110000000000113, 21.21 ] ] ] } },
{ "type": "Feature", "properties": { "cell_id": "C0436", "lon_center": 79.115, "lat_center": 21.215, "suhii_day": -2.05, "suhii_night": -0.57, "heat_level_day": "Cool 🟦", "heat_level_night": "Cool 🟦", "lst_day": 38.36, "lst_night": 25.88, "frac_built": 0.0133, "frac_tree": 0.0, "frac_water": 0.0 }, "geometry": { "type": "Polygon", "coordinates": [ [ [ 79.110000000000113, 21.21 ], [ 79.110000000000113, 21.212900948247842 ], [ 79.1113043, 21.2123398 ], [ 79.1130638, 21.2116996 ], [ 79.1154456, 21.2122597 ], [ 79.1181278, 21.2114596 ], [ 79.1194796, 21.2105594 ], [ 79.119599617913678, 21.21 ], [ 79.110000000000113, 21.21 ] ] ] } },
{ "type": "Feature", "properties": { "cell_id": "C0398", "lon_center": 79.095, "lat_center": 21.235, "suhii_day": 4.59, "suhii_night": 3.55, "heat_level_day": "High 🟧", "heat_level_night": "Moderate 🟨", "lst_day": 45.0, "lst_night": 30.0, "frac_built": 0.0501, "frac_tree": 0.9499, "frac_water": 0.0 }, "geometry": { "type": "Polygon", "coordinates": [ [ [ 79.090000000000103, 21.23 ], [ 79.090000000000103, 21.230524870313793 ], [ 79.0906191, 21.2304021 ], [ 79.092111058541562, 21.23 ], [ 79.090000000000103, 21.23 ] ] ] } },
{ "type": "Feature", "properties": { "cell_id": "C0378", "lon_center": 79.085, "lat_center": 21.235, "suhii_day": 4.59, "suhii_night": 3.55, "heat_level_day": "High 🟧", "heat_level_night": "Moderate 🟨", "lst_day": 45.0, "lst_night": 30.0, "frac_built": 0.8898, "frac_tree": 0.0541, "frac_water": 0.0 }, "geometry": { "type": "Polygon", "coordinates": [ [ [ 79.090000000000103, 21.23 ], [ 79.084451548606779, 21.23 ], [ 79.0845036, 21.2306621 ], [ 79.0854263, 21.2310022 ], [ 79.0875506, 21.2310022 ], [ 79.088602, 21.2308021 ], [ 79.090000000000103, 21.230524870313793 ], [ 79.090000000000103, 21.23 ] ] ] } }
]
}
