{
"type": "FeatureCollection",
"name": "pune_forecast_heatmap",
"crs": { "type": "name", "properties": { "name": "urn:ogc:def:crs:OGC:1.3:CRS84" } },
"features": [
{ "type": "Feature", "properties": { "cell_id": "P0001", "suhii_day": -2.96, "suhii_night": -2.26, "suhii_day_normalized": -2.96, "suhii_night_normalized": -2.26, "lst_day": 36.31, "lst_night": 21.11, "frac_built": 0.046, "frac_tree": 0.365, "frac_water": 0.228, "frac_crop": 0.039, "frac_grass": 0.143, "ndvi": 0.208, "ndbi": 0.08, "mndwi": -0.28, "albedo": 0.125, "building_height_mean": 0.0, "night_lights_mean": 0.0, "svf_proxy": 1.0, "suhii_night_ml": -2.26, "suhii_night_2031": -1.84, "suhii_night_2041": -1.08 }, "geometry": { "type": "Polygon", "coordinates": [ [ [ 73.769, 18.44 ], [ 73.769, 18.449 ], [ 73.76, 18.449 ], [ 73.76, 18.44 ], [ 73.769, 18.44 ] ] ] } },
{ "type": "Feature", "properties": { "cell_id": "P0002", "suhii_day": -1.68, "suhii_night": -2.72, "suhii_day_normalized": -1.68, "suhii_night_normalized": -2.72, "lst_day": 37.59, "lst_night": 20.65, "frac_built": 0.289, "frac_tree": 0.46, "frac_water": 0.0, "frac_crop": 0.087, "frac_grass": 0.109, "ndvi": 0.334, "ndbi": 0.016, "mndwi": -0.421, "albedo": 0.167, "building_height_mean": 0.0, "night_lights_mean": 0.0, "svf_proxy": 1.0, "suhii_night_ml": -2.72, "suhii_night_2031": -2.3, "suhii_night_2041": -1.54 }, "geometry": { "type": "Polygon", "coordinates": [ [ [ 73.769, 18.449 ], [ 73.769, 18.458 ], [ 73.76, 18.458 ], [ 73.76, 18.449 ], [ 73.769, 18.449 ] ] ] } },
{ "type": "Feature", "properties": { "cell_id": "P0003", "suhii_day": -1.12, "suhii_night": -2.79, "suhii_day_normalized": -1.12, "suhii_night_normalized": -2.79, "lst_day": 38.15, "lst_night": 20.58, "frac_built": 0.327, "frac_tree": 0.432, "frac_water": 0.0, "frac_crop": 0.05, "frac_grass": 0.094, "ndvi": 0.388, "ndbi": -0.006, "mndwi": -0.453, "albedo": 0.172, "building_height_mean": 0.0, "night_lights_mean": 0.0, "svf_proxy": 1.0, "suhii_night_ml": -2.79, "suhii_night_2031": -2.37, "suhii_night_2041": -1.61 }, "geometry": { "type": "Polygon", "coordinates": [ [ [ 73.769, 18.458 ], [ 73.769, 18.467 ], [ 73.76, 18.467 ], [ 73.76, 18.458 ], [ 73.769, 18.458 ] ] ] } },
{ "type": "Feature", "properties": { "cell_id": "P0004", "suhii_day": 0.15, "suhii_night": -3.05, "suhii_day_normalized": 0.15, "suhii_night_normalized": -3.05, "lst_day": 39.42, "lst_night": 20.32, "frac_built": 0.163, "frac_tree": 0.331, "frac_water": 0.0, "frac_crop": 0.02, "frac_grass": 0.199, "ndvi": 0.301, "ndbi": 0.1, "mndwi": -0.484, "albedo": 0.162, "building_height_mean": 0.0, "night_lights_mean": 0.0, "svf_proxy": 1.0, "suhii_night_ml": -3.05, "suhii_night_2031": -2.63, "suhii_night_2041": -1.87 }, "geometry": { "type": "Polygon", "coordinates": [ [ [ 73.769, 18.467 ], [ 73.769, 18.476 ], [ 73.76, 18.476 ], [ 73.76, 18.467 ], [ 73.769, 18.467 ] ] ] } },
{ "type": "Feature", "properties": { "cell_id": "P0005", "suhii_day": 0.83, "suhii_night": -2.27, "suhii_day_normalized": 0.83, "suhii_night_normalized": -2.27, "lst_day": 40.1, "lst_night": 21.1, "frac_built": 0.0, "frac_tree": 0.047, "frac_water": 0.0, "frac_crop": 0.01, "frac_grass": 0.224, "ndvi": 0.238, "ndbi": 0.212, "mndwi": -0.534, "albedo": 0.134, "building_height_mean": 0.0, "night_lights_mean": 0.0, "svf_proxy": 1.0, "suhii_night_ml": -2.27, "suhii_night_2031": -1.85, "suhii_night_2041": -1.09 }, "geometry": { "type": "Polygon", "coordinates": [ [ [ 73.769, 18.476 ], [ 73.769, 18.485 ], [ 73.76, 18.485 ], [ 73.76, 18.476 ], [ 73.769, 18.476 ] ] ] } },
{ "type": "Feature", "properties": { "cell_id": "P0006", "suhii_day": 1.12, "suhii_night": -1.73, "suhii_day_normalized": 1.12, "suhii_night_normalized": -1.73, "lst_day": 40.39, "lst_night": 21.64, "frac_built": 0.04, "frac_tree": 0.068, "frac_water": 0.0, "frac_crop": 0.142, "frac_grass": 0.331, "ndvi": 0.212, "ndbi": 0.147, "mndwi": -0.462, "albedo": 0.15, "building_height_mean": 0.0, "night_lights_mean": 0.0, "svf_proxy": 1.0, "suhii_night_ml": -1.73, "suhii_night_2031": -1.31, "suhii_night_2041": -0.55 }, "geometry": { "type": "Polygon", "coordinates": [ [ [ 73.769, 18.485 ], [ 73.769, 18.494 ], [ 73.76, 18.494 ], [ 73.76, 18.485 ], [ 73.769, 18.485 ] ] ] } },
{ "type": "Feature", "properties": { "cell_id": "P0007", "suhii_day": 0.64, "suhii_night": -1.35, "suhii_day_normalized": 0.64, "suhii_night_normalized": -1.35, "lst_day": 39.91, "lst_night": 22.02, "frac_built": 0.063, "frac_tree": 0.275, "frac_water": 0.0, "frac_crop": 0.143, "frac_grass": 0.194, "ndvi": 0.27, "ndbi": 0.093, "mndwi": -0.459, "albedo": 0.163, "building_height_mean": 0.0, "night_lights_mean": 0.0, "svf_proxy": 1.0, "suhii_night_ml": -1.35, "suhii_night_2031": -0.93, "suhii_night_2041": -0.17 }, "geometry": { "type": "Polygon", "coordinates": [ [ [ 73.769, 18.494 ], [ 73.769, 18.503 ], [ 73.76, 18.503 ], [ 73.76, 18.494 ], [ 73.769, 18.494 ] ] ] } },
{ "type": "Feature", "properties": { "cell_id": "P0008", "suhii_day": 0.9, "suhii_night": -0.76, "suhii_day_normalized": 0.9, "suhii_night_normalized": -0.76, "lst_day": 40.17, "lst_night": 22.61, "frac_built": 0.39, "frac_tree": 0.337, "frac_water": 0.0, "frac_crop": 0.076, "frac_grass": 0.12, "ndvi": 0.261, "ndbi": 0.018, "mndwi": -0.345, "albedo": 0.182, "building_height_mean": 0.0, "night_lights_mean": 0.0, "svf_proxy": 1.0, "suhii_night_ml": -0.76, "suhii_night_2031": -0.34, "suhii_night_2041": 0.42 }, "geometry": { "type": "Polygon", "coordinates": [ [ [ 73.769, 18.503 ], [ 73.769, 18.512 ], [ 73.76, 18.512 ], [ 73.76, 18.503 ], [ 73.769, 18.503 ] ] ] } },
{ "type": "Feature", "properties": { "cell_id": "P0009", "suhii_day": 1.29, "suhii_night": -0.51, "suhii_day_normalized": 1.29, "suhii_night_normalized": -0.51, "lst_day": 40.56, "lst_night": 22.86, "frac_built": 0.354, "frac_tree": 0.044, "frac_water": 0.0, "frac_crop": 0.08, "frac_grass": 0.41, "ndvi": 0.201, "ndbi": 0.095, "mndwi": -0.384, "albedo": 0.179, "building_height_mean": 0.0, "night_lights_mean": 0.0, "svf_proxy": 1.0, "suhii_night_ml": -0.51, "suhii_night_2031": -0.09, "suhii_night_2041": 0.67 }, "geometry": { "type": "Polygon", "coordinates": [ [ [ 73.769, 18.512 ], [ 73.769, 18.521 ], [ 73.76, 18.521 ], [ 73.76, 18.512 ], [ 73.769, 18.512 ] ] ] } },
{ "type": "Feature", "properties": { "cell_id": "P0010", "suhii_day": 0.56, "suhii_night": -0.33, "suhii_day_normalized": 0.56, "suhii_night_normalized": -0.33, "lst_day": 39.83, "lst_night": 23.04, "frac_built": 0.322, "frac_tree": 0.265, "frac_water": 0.0, "frac_crop": 0.096, "frac_grass": 0.13, "ndvi": 0.209, "ndbi": 0.097, "mndwi": -0.374, "albedo": 0.18, "building_height_mean": 0.0, "night_lights_mean": 0.0, "svf_proxy": 1.0, "suhii_night_ml": -0.33, "suhii_night_2031": 0.09, "suhii_night_2041": 0.85 }, "geometry": { "type": "Polygon", "coordinates": [ [ [ 73.769, 18.521 ], [ 73.769, 18.53 ], [ 73.76, 18.53 ], [ 73.76, 18.521 ], [ 73.769, 18.521 ] ] ] } },
{ "type": "Feature", "properties": { "cell_id": "P0011", "suhii_day": 1.34, "suhii_night": 0.24, "suhii_day_normalized": 1.34, "suhii_night_normalized": 0.24, "lst_day": 40.61, "lst_night": 23.61, "frac_built": 0.07, "frac_tree": 0.837, "frac_water": 0.0, "frac_crop": 0.0, "frac_grass": 0.002, "ndvi": 0.339, "ndbi": 0.113, "mndwi": -0.498, "albedo": 0.146, "building_height_mean": 0.0, "night_lights_mean": 0.0, "svf_proxy": 1.0, "suhii_night_ml": 0.24, "suhii_night_2031": 0.66, "suhii_night_2041": 1.42 }, "geometry": { "type": "Polygon", "coordinates": [ [ [ 73.769, 18.53 ], [ 73.769, 18.539 ], [ 73.76, 18.539 ], [ 73.76, 18.53 ], [ 73.769, 18.53 ] ] ] } },
{ "type": "Feature", "properties": { "cell_id": "P0012", "suhii_day": 1.55, "suhii_night": 0.84, "suhii_day_normalized": 1.55, "suhii_night_normalized": 0.84, "lst_day": 40.82, "lst_night": 24.21, "frac_built": 0.085, "frac_tree": 0.086, "frac_water": 0.0, "frac_crop": 0.057, "frac_grass": 0.496, "ndvi": 0.24, "ndbi": 0.126, "mndwi": -0.454, "albedo": 0.166, "building_height_mean": 0.0, "night_lights_mean": 0.0, "svf_proxy": 1.0, "suhii_night_ml": 0.84, "suhii_night_2031": 1.26, "suhii_night_2041": 2.02 }, "geometry": { "type": "Polygon", "coordinates": [ [ [ 73.769, 18.539 ], [ 73.769, 18.548 ], [ 73.76, 18.548 ], [ 73.76, 18.539 ], [ 73.769, 18.539 ] ] ] } },
{ "type": "Feature", "properties": { "cell_id": "P0013", "suhii_day": 1.5, "suhii_night": -1.64, "suhii_day_normalized": 1.5, "suhii_night_normalized": -1.64, "lst_day": 40.77, "lst_night": 21.73, "frac_built": 0.645, "frac_tree": 0.032, "frac_water": 0.0, "frac_crop": 0.066, "frac_grass": 0.198, "ndvi": 0.167, "ndbi": 0.076, "mndwi": -0.317, "albedo": 0.194, "building_height_mean": 0.0, "night_lights_mean": 0.0, "svf_proxy": 1.0, "suhii_night_ml": -1.64, "suhii_night_2031": -1.22, "suhii_night_2041": -0.46 }, "geometry": { "type": "Polygon", "coordinates": [ [ [ 73.769, 18.548 ], [ 73.769, 18.557 ], [ 73.76, 18.557 ], [ 73.76, 18.548 ], [ 73.769, 18.548 ] ] ] } },
{ "type": "Feature", "properties": { "cell_id": "P0014", "suhii_day": 1.32, "suhii_night": -2.53, "suhii_day_normalized": 1.32, "suhii_night_normalized": -2.53, "lst_day": 40.59, "lst_night": 20.84, "frac_built": 0.488, "frac_tree": 0.018, "frac_water": 0.0, "frac_crop": 0.221, "frac_grass": 0.25, "ndvi": 0.156, "ndbi": 0.092, "mndwi": -0.334, "albedo": 0.187, "building_height_mean": 0.0, "night_lights_mean": 0.0, "svf_proxy": 1.0, "suhii_night_ml": -2.53, "suhii_night_2031": -2.11, "suhii_night_2041": -1.35 }, "geometry": { "type": "Polygon", "coordinates": [ [ [ 73.769, 18.557 ], [ 73.769, 18.566 ], [ 73.76, 18.566 ], [ 73.76, 18.557 ], [ 73.769, 18.557 ] ] ] } },
{ "type": "Feature", "properties": { "cell_id": "P0015", "suhii_day": 1.22, "suhii_night": -2.45, "suhii_day_normalized": 1.22, "suhii_night_normalized": -2.45, "lst_day": 40.49, "lst_night": 20.92, "frac_built": 0.712, "frac_tree": 0.173, "frac_water": 0.0, "frac_crop": 0.038, "frac_grass": 0.067, "ndvi": 0.249, "ndbi": 0.029, "mndwi": -0.347, "albedo": 0.175, "building_height_mean": 0.0, "night_lights_mean": 0.0, "svf_proxy": 1.0, "suhii_night_ml": -2.45, "suhii_night_2031": -2.03, "suhii_night_2041": -1.27 }, "geometry": { "type": "Polygon", "coordinates": [ [ [ 73.769, 18.566 ], [ 73.769, 18.575 ], [ 73.76, 18.575 ], [ 73.76, 18.566 ], [ 73.769, 18.566 ] ] ] } },
{ "type": "Feature", "properties": { "cell_id": "P0016", "suhii_day": 0.26, "suhii_night": -3.03, "suhii_day_normalized": 0.26, "suhii_night_normalized": -3.03, "lst_day": 39.53, "lst_night": 20.34, "frac_built": 0.716, "frac_tree": 0.053, "frac_water": 0.0, "frac_crop": 0.103, "frac_grass": 0.118, "ndvi": 0.186, "ndbi": 0.068, "mndwi": -0.33, "albedo": 0.183, "building_height_mean": 0.0, "night_lights_mean": 0.0, "svf_proxy": 1.0, "suhii_night_ml": -3.03, "suhii_night_2031": -2.61, "suhii_night_2041": -1.85 }, "geometry": { "type": "Polygon", "coordinates": [ [ [ 73.769, 18.575 ], [ 73.769, 18.584 ], [ 73.76, 18.584 ], [ 73.76, 18.575 ], [ 73.769, 18.575 ] ] ] } },
{ "type": "Feature", "properties": { "cell_id": "P0017", "suhii_day": -0.88, "suhii_night": -3.28, "suhii_day_normalized": -0.88, "suhii_night_normalized": -3.28, "lst_day": 38.39, "lst_night": 20.09, "frac_built": 0.403, "frac_tree": 0.322, "frac_water": 0.017, "frac_crop": 0.19, "frac_grass": 0.059, "ndvi": 0.3, "ndbi": 0.006, "mndwi": -0.369, "albedo": 0.168, "building_height_mean": 0.0, "night_lights_mean": 0.0, "svf_proxy": 1.0, "suhii_night_ml": -3.28, "suhii_night_2031": -2.86, "suhii_night_2041": -2.1 }, "geometry": { "type": "Polygon", "coordinates": [ [ [ 73.769, 18.584 ], [ 73.769, 18.593 ], [ 73.76, 18.593 ], [ 73.76, 18.584 ], [ 73.769, 18.584 ] ] ] } },
{ "type": "Feature", "properties": { "cell_id": "P0018", "suhii_day": -2.0, "suhii_night": 0.72, "suhii_day_normalized": -2.0, "suhii_night_normalized": 0.72, "lst_day": 37.27, "lst_night": 24.09, "frac_built": 0.872, "frac_tree": 0.067, "frac_water": 0.0, "frac_crop": 0.037, "frac_grass": 0.02, "ndvi": 0.187, "ndbi": 0.043, "mndwi": -0.294, "albedo": 0.195, "building_height_mean": 0.0, "night_lights_mean": 0.0, "svf_proxy": 1.0, "suhii_night_ml": 0.72, "suhii_night_2031": 1.14, "suhii_night_2041": 1.9 }, "geometry": { "type": "Polygon", "coordinates": [ [ [ 73.769, 18.593 ], [ 73.769, 18.602 ], [ 73.76, 18.602 ], [ 73.76, 18.593 ], [ 73.769, 18.593 ] ] ] } },
{ "type": "Feature", "properties": { "cell_id": "P0019", "suhii_day": -4.01, "suhii_night": -0.62, "suhii_day_normalized": -4.01, "suhii_night_normalized": -0.62, "lst_day": 35.26, "lst_night": 22.75, "frac_built": 0.036, "frac_tree": 0.85, "frac_water": 0.018, "frac_crop": 0.01, "frac_grass": 0.04, "ndvi": 0.516, "ndbi": -0.104, "mndwi": -0.457, "albedo": 0.162, "building_height_mean": 0.0, "night_lights_mean": 0.0, "svf_proxy": 1.0, "suhii_night_ml": -0.62, "suhii_night_2031": -0.2, "suhii_night_2041": 0.56 }, "geometry": { "type": "Polygon", "coordinates": [ [ [ 73.778, 18.44 ], [ 73.778, 18.449 ], [ 73.769, 18.449 ], [ 73.769, 18.44 ], [ 73.778, 18.44 ] ] ] } },
{ "type": "Feature", "properties": { "cell_id": "P0020", "suhii_day": -3.07, "suhii_night": -2.02, "suhii_day_normalized": -3.07, "suhii_night_normalized": -2.02, "lst_day": 36.2, "lst_night": 21.35, "frac_built": 0.098, "frac_tree": 0.421, "frac_water": 0.01, "frac_crop": 0.076, "frac_grass": 0.144, "ndvi": 0.308, "ndbi": -0.028, "mndwi": -0.36, "albedo": 0.165, "building_height_mean": 0.0, "night_lights_mean": 0.0, "svf_proxy": 1.0, "suhii_night_ml": -2.02, "suhii_night_2031": -1.6, "suhii_night_2041": -0.84 }, "geometry": { "type": "Polygon", "coordinates": [ [ [ 73.778, 18.449 ], [ 73.778, 18.458 ], [ 73.769, 18.458 ], [ 73.769, 18.449 ], [ 73.778, 18.449 ] ] ] } },
{ "type": "Feature", "properties": { "cell_id": "P0021", "suhii_day": -2.69, "suhii_night": -2.77, "suhii_day_normalized": -2.69, "suhii_night_normalized": -2.77, "lst_day": 36.58, "lst_night": 20.6, "frac_built": 0.54, "frac_tree": 0.212, "frac_water": 0.01, "frac_crop": 0.05, "frac_grass": 0.146, "ndvi": 0.272, "ndbi": 0.024, "mndwi": -0.366, "albedo": 0.182, "building_height_mean": 0.0, "night_lights_mean": 0.0, "svf_proxy": 1.0, "suhii_night_ml": -2.77, "suhii_night_2031": -2.35, "suhii_night_2041": -1.59 }, "geometry": { "type": "Polygon", "coordinates": [ [ [ 73.778, 18.458 ], [ 73.778, 18.467 ], [ 73.769, 18.467 ], [ 73.769, 18.458 ], [ 73.778, 18.458 ] ] ] } },
{ "type": "Feature", "properties": { "cell_id": "P0022", "suhii_day": -0.96, "suhii_night": -3.04, "suhii_day_normalized": -0.96, "suhii_night_normalized": -3.04, "lst_day": 38.31, "lst_night": 20.33, "frac_built": 0.167, "frac_tree": 0.321, "frac_water": 0.0, "frac_crop": 0.014, "frac_grass": 0.328, "ndvi": 0.35, "ndbi": 0.054, "mndwi": -0.482, "albedo": 0.168, "building_height_mean": 0.0, "night_lights_mean": 0.0, "svf_proxy": 1.0, "suhii_night_ml": -3.04, "suhii_night_2031": -2.62, "suhii_night_2041": -1.86 }, "geometry": { "type": "Polygon", "coordinates": [ [ [ 73.778, 18.467 ], [ 73.778, 18.476 ], [ 73.769, 18.476 ], [ 73.769, 18.467 ], [ 73.778, 18.467 ] ] ] } },
{ "type": "Feature", "properties": { "cell_id": "P0023", "suhii_day": 0.4, "suhii_night": -1.5, "suhii_day_normalized": 0.4, "suhii_night_normalized": -1.5, "lst_day": 39.67, "lst_night": 21.87, "frac_built": 0.01, "frac_tree": 0.242, "frac_water": 0.0, "frac_crop": 0.0, "frac_grass": 0.083, "ndvi": 0.324, "ndbi": 0.166, "mndwi": -0.541, "albedo": 0.143, "building_height_mean": 0.0, "night_lights_mean": 0.0, "svf_proxy": 1.0, "suhii_night_ml": -1.5, "suhii_night_2031": -1.08, "suhii_night_2041": -0.32 }, "geometry": { "type": "Polygon", "coordinates": [ [ [ 73.778, 18.476 ], [ 73.778, 18.485 ], [ 73.769, 18.485 ], [ 73.769, 18.476 ], [ 73.778, 18.476 ] ] ] } },
{ "type": "Feature", "properties": { "cell_id": "P0024", "suhii_day": 1.05, "suhii_night": -1.44, "suhii_day_normalized": 1.05, "suhii_night_normalized": -1.44, "lst_day": 40.32, "lst_night": 21.93, "frac_built": 0.0, "frac_tree": 0.661, "frac_water": 0.0, "frac_crop": 0.0, "frac_grass": 0.014, "ndvi": 0.289, "ndbi": 0.192, "mndwi": -0.546, "albedo": 0.139, "building_height_mean": 0.0, "night_lights_mean": 0.0, "svf_proxy": 1.0, "suhii_night_ml": -1.44, "suhii_night_2031": -1.02, "suhii_night_2041": -0.26 }, "geometry": { "type": "Polygon", "coordinates": [ [ [ 73.778, 18.485 ], [ 73.778, 18.494 ], [ 73.769, 18.494 ], [ 73.769, 18.485 ], [ 73.778, 18.485 ] ] ] } },
{ "type": "Feature", "properties": { "cell_id": "P0025", "suhii_day": 0.37, "suhii_night": -0.18, "suhii_day_normalized": 0.37, "suhii_night_normalized": -0.18, "lst_day": 39.64, "lst_night": 23.19, "frac_built": 0.114, "frac_tree": 0.257, "frac_water": 0.0, "frac_crop": 0.046, "frac_grass": 0.18, "ndvi": 0.247, "ndbi": 0.146, "mndwi": -0.483, "albedo": 0.158, "building_height_mean": 0.0, "night_lights_mean": 0.0, "svf_proxy": 1.0, "suhii_night_ml": -0.18, "suhii_night_2031": 0.24, "suhii_night_2041": 1.0 }, "geometry": { "type": "Polygon", "coordinates": [ [ [ 73.778, 18.494 ], [ 73.778, 18.503 ], [ 73.769, 18.503 ], [ 73.769, 18.494 ], [ 73.778, 18.494 ] ] ] } },
{ "type": "Feature", "properties": { "cell_id": "P0026", "suhii_day": 0.6, "suhii_night": 0.08, "suhii_day_normalized": 0.6, "suhii_night_normalized": 0.08, "lst_day": 39.87, "lst_night": 23.45, "frac_built": 0.386, "frac_tree": 0.171, "frac_water": 0.0, "frac_crop": 0.107, "frac_grass": 0.157, "ndvi": 0.22, "ndbi": 0.061, "mndwi": -0.36, "albedo": 0.174, "building_height_mean": 0.0, "night_lights_mean": 0.0, "svf_proxy": 1.0, "suhii_night_ml": 0.08, "suhii_night_2031": 0.5, "suhii_night_2041": 1.26 }, "geometry": { "type": "Polygon", "coordinates": [ [ [ 73.778, 18.503 ], [ 73.778, 18.512 ], [ 73.769, 18.512 ], [ 73.769, 18.503 ], [ 73.778, 18.503 ] ] ] } },
{ "type": "Feature", "properties": { "cell_id": "P0027", "suhii_day": 0.42, "suhii_night": -0.42, "suhii_day_normalized": 0.42, "suhii_night_normalized": -0.42, "lst_day": 39.69, "lst_night": 22.95, "frac_built": 0.748, "frac_tree": 0.152, "frac_water": 0.0, "frac_crop": 0.06, "frac_grass": 0.01, "ndvi": 0.225, "ndbi": 0.031, "mndwi": -0.321, "albedo": 0.188, "building_height_mean": 0.0, "night_lights_mean": 0.0, "svf_proxy": 1.0, "suhii_night_ml": -0.42, "suhii_night_2031": 0.0, "suhii_night_2041": 0.76 }, "geometry": { "type": "Polygon", "coordinates": [ [ [ 73.778, 18.512 ], [ 73.778, 18.521 ], [ 73.769, 18.521 ], [ 73.769, 18.512 ], [ 73.778, 18.512 ] ] ] } },
{ "type": "Feature", "properties": { "cell_id": "P0028", "suhii_day": -0.61, "suhii_night": -0.34, "suhii_day_normalized": -0.61, "suhii_night_normalized": -0.34, "lst_day": 38.66, "lst_night": 23.03, "frac_built": 0.395, "frac_tree": 0.348, "frac_water": 0.0, "frac_crop": 0.04, "frac_grass": 0.089, "ndvi": 0.241, "ndbi": 0.076, "mndwi": -0.37, "albedo": 0.169, "building_height_mean": 0.0, "night_lights_mean": 0.0, "svf_proxy": 1.0, "suhii_night_ml": -0.34, "suhii_night_2031": 0.08, "suhii_night_2041": 0.84 }, "geometry": { "type": "Polygon", "coordinates": [ [ [ 73.778, 18.521 ], [ 73.778, 18.53 ], [ 73.769, 18.53 ], [ 73.769, 18.521 ], [ 73.778, 18.521 ] ] ] } },
{ "type": "Feature", "properties": { "cell_id": "P0029", "suhii_day": -0.07, "suhii_night": 0.9, "suhii_day_normalized": -0.07, "suhii_night_normalized": 0.9, "lst_day": 39.2, "lst_night": 24.27, "frac_built": 0.123, "frac_tree": 0.604, "frac_water": 0.0, "frac_crop": 0.01, "frac_grass": 0.01, "ndvi": 0.411, "ndbi": 0.055, "mndwi": -0.51, "albedo": 0.149, "building_height_mean": 0.0, "night_lights_mean": 0.0, "svf_proxy": 1.0, "suhii_night_ml": 0.9, "suhii_night_2031": 1.32, "suhii_night_2041": 2.08 }, "geometry": { "type": "Polygon", "coordinates": [ [ [ 73.778, 18.53 ], [ 73.778, 18.539 ], [ 73.769, 18.539 ], [ 73.769, 18.53 ], [ 73.778, 18.53 ] ] ] } },
{ "type": "Feature", "properties": { "cell_id": "P0030", "suhii_day": 0.31, "suhii_night": 1.84, "suhii_day_normalized": 0.31, "suhii_night_normalized": 1.84, "lst_day": 39.58, "lst_night": 25.21, "frac_built": 0.208, "frac_tree": 0.297, "frac_water": 0.0, "frac_crop": 0.03, "frac_grass": 0.272, "ndvi": 0.236, "ndbi": 0.139, "mndwi": -0.451, "albedo": 0.154, "building_height_mean": 0.0, "night_lights_mean": 0.0, "svf_proxy": 1.0, "suhii_night_ml": 1.84, "suhii_night_2031": 2.26, "suhii_night_2041": 3.02 }, "geometry": { "type": "Polygon", "coordinates": [ [ [ 73.778, 18.539 ], [ 73.778, 18.548 ], [ 73.769, 18.548 ], [ 73.769, 18.539 ], [ 73.778, 18.539 ] ] ] } },
{ "type": "Feature", "properties": { "cell_id": "P0031", "suhii_day": 0.33, "suhii_night": -1.33, "suhii_day_normalized": 0.33, "suhii_night_normalized": -1.33, "lst_day": 39.6, "lst_night": 22.04, "frac_built": 0.772, "frac_tree": 0.051, "frac_water": 0.0, "frac_crop": 0.051, "frac_grass": 0.072, "ndvi": 0.222, "ndbi": 0.033, "mndwi": -0.316, "albedo": 0.186, "building_height_mean": 0.0, "night_lights_mean": 0.0, "svf_proxy": 1.0, "suhii_night_ml": -1.33, "suhii_night_2031": -0.91, "suhii_night_2041": -0.15 }, "geometry": { "type": "Polygon", "coordinates": [ [ [ 73.778, 18.548 ], [ 73.778, 18.557 ], [ 73.769, 18.557 ], [ 73.769, 18.548 ], [ 73.778, 18.548 ] ] ] } },
{ "type": "Feature", "properties": { "cell_id": "P0032", "suhii_day": -0.31, "suhii_night": -2.43, "suhii_day_normalized": -0.31, "suhii_night_normalized": -2.43, "lst_day": 38.96, "lst_night": 20.94, "frac_built": 0.793, "frac_tree": 0.116, "frac_water": 0.0, "frac_crop": 0.042, "frac_grass": 0.013, "ndvi": 0.254, "ndbi": 0.011, "mndwi": -0.328, "albedo": 0.18, "building_height_mean": 0.0, "night_lights_mean": 0.0, "svf_proxy": 1.0, "suhii_night_ml": -2.43, "suhii_night_2031": -2.01, "suhii_night_2041": -1.25 }, "geometry": { "type": "Polygon", "coordinates": [ [ [ 73.778, 18.557 ], [ 73.778, 18.566 ], [ 73.769, 18.566 ], [ 73.769, 18.557 ], [ 73.778, 18.557 ] ] ] } },
{ "type": "Feature", "properties": { "cell_id": "P0033", "suhii_day": -0.15, "suhii_night": -2.52, "suhii_day_normalized": -0.15, "suhii_night_normalized": -2.52, "lst_day": 39.12, "lst_night": 20.85, "frac_built": 0.889, "frac_tree": 0.013, "frac_water": 0.0, "frac_crop": 0.056, "frac_grass": 0.03, "ndvi": 0.191, "ndbi": 0.03, "mndwi": -0.284, "albedo": 0.192, "building_height_mean": 0.0, "night_lights_mean": 0.0, "svf_proxy": 1.0, "suhii_night_ml": -2.52, "suhii_night_2031": -2.1, "suhii_night_2041": -1.34 }, "geometry": { "type": "Polygon", "coordinates": [ [ [ 73.778, 18.566 ], [ 73.778, 18.575 ], [ 73.769, 18.575 ], [ 73.769, 18.566 ], [ 73.778, 18.566 ] ] ] } },
{ "type": "Feature", "properties": { "cell_id": "P0034", "suhii_day": -0.59, "suhii_night": 3.3, "suhii_day_normalized": -0.59, "suhii_night_normalized": 3.3, "lst_day": 38.68, "lst_night": 26.67, "frac_built": 0.664, "frac_tree": 0.018, "frac_water": 0.0, "frac_crop": 0.168, "frac_grass": 0.11, "ndvi": 0.191, "ndbi": 0.044, "mndwi": -0.309, "albedo": 0.188, "building_height_mean": 0.0, "night_lights_mean": 0.0, "svf_proxy": 1.0, "suhii_night_ml": 3.3, "suhii_night_2031": 3.72, "suhii_night_2041": 4.48 }, "geometry": { "type": "Polygon", "coordinates": [ [ [ 73.778, 18.575 ], [ 73.778, 18.584 ], [ 73.769, 18.584 ], [ 73.769, 18.575 ], [ 73.778, 18.575 ] ] ] } },
{ "type": "Feature", "properties": { "cell_id": "P0035", "suhii_day": -0.77, "suhii_night": 2.15, "suhii_day_normalized": -0.77, "suhii_night_normalized": 2.15, "lst_day": 38.5, "lst_night": 25.52, "frac_built": 0.433, "frac_tree": 0.226, "frac_water": 0.0, "frac_crop": 0.194, "frac_grass": 0.054, "ndvi": 0.295, "ndbi": 0.019, "mndwi": -0.378, "albedo": 0.161, "building_height_mean": 0.0, "night_lights_mean": 0.0, "svf_proxy": 1.0, "suhii_night_ml": 2.15, "suhii_night_2031": 2.57, "suhii_night_2041": 3.33 }, "geometry": { "type": "Polygon", "coordinates": [ [ [ 73.778, 18.584 ], [ 73.778, 18.593 ], [ 73.769, 18.593 ], [ 73.769, 18.584 ], [ 73.778, 18.584 ] ] ] } },
{ "type": "Feature", "properties": { "cell_id": "P0036", "suhii_day": -1.55, "suhii_night": 1.91, "suhii_day_normalized": -1.55, "suhii_night_normalized": 1.91, "lst_day": 37.72, "lst_night": 25.28, "frac_built": 0.766, "frac_tree": 0.037, "frac_water": 0.0, "frac_crop": 0.115, "frac_grass": 0.045, "ndvi": 0.228, "ndbi": 0.032, "mndwi": -0.33, "albedo": 0.191, "building_height_mean": 0.0, "night_lights_mean": 0.0, "svf_proxy": 1.0, "suhii_night_ml": 1.91, "suhii_night_2031": 2.33, "suhii_night_2041": 3.09 }, "geometry": { "type": "Polygon", "coordinates": [ [ [ 73.778, 18.593 ], [ 73.778, 18.602 ], [ 73.769, 18.602 ], [ 73.769, 18.593 ], [ 73.778, 18.593 ] ] ] } },
{ "type": "Feature", "properties": { "cell_id": "P0037", "suhii_day": -3.05, "suhii_night": 0.24, "suhii_day_normalized": -3.05, "suhii_night_normalized": 0.24, "lst_day": 36.22, "lst_night": 23.61, "frac_built": 0.315, "frac_tree": 0.483, "frac_water": 0.0, "frac_crop": 0.082, "frac_grass": 0.026, "ndvi": 0.342, "ndbi": 0.032, "mndwi": -0.424, "albedo": 0.163, "building_height_mean": 0.0, "night_lights_mean": 0.0, "svf_proxy": 1.0, "suhii_night_ml": 0.24, "suhii_night_2031": 0.66, "suhii_night_2041": 1.42 }, "geometry": { "type": "Polygon", "coordinates": [ [ [ 73.787, 18.44 ], [ 73.787, 18.449 ], [ 73.778, 18.449 ], [ 73.778, 18.44 ], [ 73.787, 18.44 ] ] ] } },
{ "type": "Feature", "properties": { "cell_id": "P0038", "suhii_day": -3.26, "suhii_night": -0.35, "suhii_day_normalized": -3.26, "suhii_night_normalized": -0.35, "lst_day": 36.01, "lst_night": 23.02, "frac_built": 0.169, "frac_tree": 0.502, "frac_water": 0.0, "frac_crop": 0.076, "frac_grass": 0.036, "ndvi": 0.409, "ndbi": -0.029, "mndwi": -0.423, "albedo": 0.158, "building_height_mean": 0.0, "night_lights_mean": 0.0, "svf_proxy": 1.0, "suhii_night_ml": -0.35, "suhii_night_2031": 0.07, "suhii_night_2041": 0.83 }, "geometry": { "type": "Polygon", "coordinates": [ [ [ 73.787, 18.449 ], [ 73.787, 18.458 ], [ 73.778, 18.458 ], [ 73.778, 18.449 ], [ 73.787, 18.449 ] ] ] } },
{ "type": "Feature", "properties": { "cell_id": "P0039", "suhii_day": -2.68, "suhii_night": -2.21, "suhii_day_normalized": -2.68, "suhii_night_normalized": -2.21, "lst_day": 36.59, "lst_night": 21.16, "frac_built": 0.54, "frac_tree": 0.34, "frac_water": 0.0, "frac_crop": 0.106, "frac_grass": 0.004, "ndvi": 0.301, "ndbi": -0.011, "mndwi": -0.35, "albedo": 0.181, "building_height_mean": 0.0, "night_lights_mean": 0.0, "svf_proxy": 1.0, "suhii_night_ml": -2.21, "suhii_night_2031": -1.79, "suhii_night_2041": -1.03 }, "geometry": { "type": "Polygon", "coordinates": [ [ [ 73.787, 18.458 ], [ 73.787, 18.467 ], [ 73.778, 18.467 ], [ 73.778, 18.458 ], [ 73.787, 18.458 ] ] ] } },
{ "type": "Feature", "properties": { "cell_id": "P0040", "suhii_day": -1.1, "suhii_night": -2.94, "suhii_day_normalized": -1.1, "suhii_night_normalized": -2.94, "lst_day": 38.17, "lst_night": 20.43, "frac_built": 0.234, "frac_tree": 0.03, "frac_water": 0.0, "frac_crop": 0.02, "frac_grass": 0.574, "ndvi": 0.204, "ndbi": 0.186, "mndwi": -0.486, "albedo": 0.16, "building_height_mean": 0.0, "night_lights_mean": 0.0, "svf_proxy": 1.0, "suhii_night_ml": -2.94, "suhii_night_2031": -2.52, "suhii_night_2041": -1.76 }, "geometry": { "type": "Polygon", "coordinates": [ [ [ 73.787, 18.467 ], [ 73.787, 18.476 ], [ 73.778, 18.476 ], [ 73.778, 18.467 ], [ 73.787, 18.467 ] ] ] } },
{ "type": "Feature", "properties": { "cell_id": "P0041", "suhii_day": 0.15, "suhii_night": -0.64, "suhii_day_normalized": 0.15, "suhii_night_normalized": -0.64, "lst_day": 39.42, "lst_night": 22.73, "frac_built": 0.082, "frac_tree": 0.267, "frac_water": 0.0, "frac_crop": 0.06, "frac_grass": 0.288, "ndvi": 0.28, "ndbi": 0.113, "mndwi": -0.473, "albedo": 0.163, "building_height_mean": 0.0, "night_lights_mean": 0.0, "svf_proxy": 1.0, "suhii_night_ml": -0.64, "suhii_night_2031": -0.22, "suhii_night_2041": 0.54 }, "geometry": { "type": "Polygon", "coordinates": [ [ [ 73.787, 18.476 ], [ 73.787, 18.485 ], [ 73.778, 18.485 ], [ 73.778, 18.476 ], [ 73.787, 18.476 ] ] ] } },
{ "type": "Feature", "properties": { "cell_id": "P0042", "suhii_day": 0.99, "suhii_night": -0.58, "suhii_day_normalized": 0.99, "suhii_night_normalized": -0.58, "lst_day": 40.26, "lst_night": 22.79, "frac_built": 0.092, "frac_tree": 0.17, "frac_water": 0.0, "frac_crop": 0.099, "frac_grass": 0.091, "ndvi": 0.286, "ndbi": 0.091, "mndwi": -0.455, "albedo": 0.168, "building_height_mean": 0.0, "night_lights_mean": 0.0, "svf_proxy": 1.0, "suhii_night_ml": -0.58, "suhii_night_2031": -0.16, "suhii_night_2041": 0.6 }, "geometry": { "type": "Polygon", "coordinates": [ [ [ 73.787, 18.485 ], [ 73.787, 18.494 ], [ 73.778, 18.494 ], [ 73.778, 18.485 ], [ 73.787, 18.485 ] ] ] } },
{ "type": "Feature", "properties": { "cell_id": "P0043", "suhii_day": 0.98, "suhii_night": 1.2, "suhii_day_normalized": 0.98, "suhii_night_normalized": 1.2, "lst_day": 40.25, "lst_night": 24.57, "frac_built": 0.026, "frac_tree": 0.46, "frac_water": 0.0, "frac_crop": 0.015, "frac_grass": 0.054, "ndvi": 0.3, "ndbi": 0.147, "mndwi": -0.526, "albedo": 0.147, "building_height_mean": 0.0, "night_lights_mean": 0.0, "svf_proxy": 1.0, "suhii_night_ml": 1.2, "suhii_night_2031": 1.62, "suhii_night_2041": 2.38 }, "geometry": { "type": "Polygon", "coordinates": [ [ [ 73.787, 18.494 ], [ 73.787, 18.503 ], [ 73.778, 18.503 ], [ 73.778, 18.494 ], [ 73.787, 18.494 ] ] ] } },
{ "type": "Feature", "properties": { "cell_id": "P0044", "suhii_day": 0.38, "suhii_night": 0.93, "suhii_day_normalized": 0.38, "suhii_night_normalized": 0.93, "lst_day": 39.65, "lst_night": 24.3, "frac_built": 0.428, "frac_tree": 0.167, "frac_water": 0.0, "frac_crop": 0.022, "frac_grass": 0.15, "ndvi": 0.239, "ndbi": 0.096, "mndwi": -0.406, "albedo": 0.151, "building_height_mean": 0.0, "night_lights_mean": 0.0, "svf_proxy": 1.0, "suhii_night_ml": 0.93, "suhii_night_2031": 1.35, "suhii_night_2041": 2.11 }, "geometry": { "type": "Polygon", "coordinates": [ [ [ 73.787, 18.503 ], [ 73.787, 18.512 ], [ 73.778, 18.512 ], [ 73.778, 18.503 ], [ 73.787, 18.503 ] ] ] } },
{ "type": "Feature", "properties": { "cell_id": "P0045", "suhii_day": -0.29, "suhii_night": -0.02, "suhii_day_normalized": -0.29, "suhii_night_normalized": -0.02, "lst_day": 38.98, "lst_night": 23.35, "frac_built": 0.415, "frac_tree": 0.054, "frac_water": 0.0, "frac_crop": 0.009, "frac_grass": 0.401, "ndvi": 0.25, "ndbi": 0.064, "mndwi": -0.396, "albedo": 0.178, "building_height_mean": 0.0, "night_lights_mean": 0.0, "svf_proxy": 1.0, "suhii_night_ml": -0.02, "suhii_night_2031": 0.4, "suhii_night_2041": 1.16 }, "geometry": { "type": "Polygon", "coordinates": [ [ [ 73.787, 18.512 ], [ 73.787, 18.521 ], [ 73.778, 18.521 ], [ 73.778, 18.512 ], [ 73.787, 18.512 ] ] ] } },
{ "type": "Feature", "properties": { "cell_id": "P0046", "suhii_day": -1.8, "suhii_night": -0.53, "suhii_day_normalized": -1.8, "suhii_night_normalized": -0.53, "lst_day": 37.47, "lst_night": 22.84, "frac_built": 0.317, "frac_tree": 0.447, "frac_water": 0.0, "frac_crop": 0.02, "frac_grass": 0.143, "ndvi": 0.322, "ndbi": 0.057, "mndwi": -0.442, "albedo": 0.163, "building_height_mean": 0.0, "night_lights_mean": 0.0, "svf_proxy": 1.0, "suhii_night_ml": -0.53, "suhii_night_2031": -0.11, "suhii_night_2041": 0.65 }, "geometry": { "type": "Polygon", "coordinates": [ [ [ 73.787, 18.521 ], [ 73.787, 18.53 ], [ 73.778, 18.53 ], [ 73.778, 18.521 ], [ 73.787, 18.521 ] ] ] } },
{ "type": "Feature", "properties": { "cell_id": "P0047", "suhii_day": -1.27, "suhii_night": 0.87, "suhii_day_normalized": -1.27, "suhii_night_normalized": 0.87, "lst_day": 38.0, "lst_night": 24.24, "frac_built": 0.172, "frac_tree": 0.387, "frac_water": 0.0, "frac_crop": 0.142, "frac_grass": 0.025, "ndvi": 0.338, "ndbi": 0.018, "mndwi": -0.382, "albedo": 0.125, "building_height_mean": 0.0, "night_lights_mean": 0.0, "svf_proxy": 1.0, "suhii_night_ml": 0.87, "suhii_night_2031": 1.29, "suhii_night_2041": 2.05 }, "geometry": { "type": "Polygon", "coordinates": [ [ [ 73.787, 18.53 ], [ 73.787, 18.539 ], [ 73.778, 18.539 ], [ 73.778, 18.53 ], [ 73.787, 18.53 ] ] ] } },
{ "type": "Feature", "properties": { "cell_id": "P0048", "suhii_day": -0.57, "suhii_night": 2.6, "suhii_day_normalized": -0.57, "suhii_night_normalized": 2.6, "lst_day": 38.7, "lst_night": 25.97, "frac_built": 0.654, "frac_tree": 0.223, "frac_water": 0.0, "frac_crop": 0.013, "frac_grass": 0.042, "ndvi": 0.266, "ndbi": 0.045, "mndwi": -0.373, "albedo": 0.175, "building_height_mean": 0.0, "night_lights_mean": 0.0, "svf_proxy": 1.0, "suhii_night_ml": 2.6, "suhii_night_2031": 3.02, "suhii_night_2041": 3.78 }, "geometry": { "type": "Polygon", "coordinates": [ [ [ 73.787, 18.539 ], [ 73.787, 18.548 ], [ 73.778, 18.548 ], [ 73.778, 18.539 ], [ 73.787, 18.539 ] ] ] } },
{ "type": "Feature", "properties": { "cell_id": "P0049", "suhii_day": -0.48, "suhii_night": 2.73, "suhii_day_normalized": -0.48, "suhii_night_normalized": 2.73, "lst_day": 38.79, "lst_night": 26.1, "frac_built": 0.44, "frac_tree": 0.069, "frac_water": 0.0, "frac_crop": 0.032, "frac_grass": 0.234, "ndvi": 0.208, "ndbi": 0.103, "mndwi": -0.392, "albedo": 0.179, "building_height_mean": 0.0, "night_lights_mean": 0.0, "svf_proxy": 1.0, "suhii_night_ml": 2.73, "suhii_night_2031": 3.15, "suhii_night_2041": 3.91 }, "geometry": { "type": "Polygon", "coordinates": [ [ [ 73.787, 18.548 ], [ 73.787, 18.557 ], [ 73.778, 18.557 ], [ 73.778, 18.548 ], [ 73.787, 18.548 ] ] ] } },
{ "type": "Feature", "properties": { "cell_id": "P0050", "suhii_day": -0.84, "suhii_night": 2.49, "suhii_day_normalized": -0.84, "suhii_night_normalized": 2.49, "lst_day": 38.43, "lst_night": 25.86, "frac_built": 0.807, "frac_tree": 0.129, "frac_water": 0.0, "frac_crop": 0.008, "frac_grass": 0.011, "ndvi": 0.255, "ndbi": 0.009, "mndwi": -0.327, "albedo": 0.19, "building_height_mean": 0.0, "night_lights_mean": 0.0, "svf_proxy": 1.0, "suhii_night_ml": 2.49, "suhii_night_2031": 2.91, "suhii_night_2041": 3.67 }, "geometry": { "type": "Polygon", "coordinates": [ [ [ 73.787, 18.557 ], [ 73.787, 18.566 ], [ 73.778, 18.566 ], [ 73.778, 18.557 ], [ 73.787, 18.557 ] ] ] } },
{ "type": "Feature", "properties": { "cell_id": "P0051", "suhii_day": -1.0, "suhii_night": 3.39, "suhii_day_normalized": -1.0, "suhii_night_normalized": 3.39, "lst_day": 38.27, "lst_night": 26.76, "frac_built": 0.576, "frac_tree": 0.193, "frac_water": 0.0, "frac_crop": 0.142, "frac_grass": 0.07, "ndvi": 0.256, "ndbi": 0.015, "mndwi": -0.341, "albedo": 0.179, "building_height_mean": 0.0, "night_lights_mean": 0.0, "svf_proxy": 1.0, "suhii_night_ml": 3.39, "suhii_night_2031": 3.81, "suhii_night_2041": 4.57 }, "geometry": { "type": "Polygon", "coordinates": [ [ [ 73.787, 18.566 ], [ 73.787, 18.575 ], [ 73.778, 18.575 ], [ 73.778, 18.566 ], [ 73.787, 18.566 ] ] ] } },
{ "type": "Feature", "properties": { "cell_id": "P0052", "suhii_day": -1.09, "suhii_night": 2.61, "suhii_day_normalized": -1.09, "suhii_night_normalized": 2.61, "lst_day": 38.18, "lst_night": 25.98, "frac_built": 0.566, "frac_tree": 0.297, "frac_water": 0.02, "frac_crop": 0.036, "frac_grass": 0.069, "ndvi": 0.309, "ndbi": -0.013, "mndwi": -0.345, "albedo": 0.176, "building_height_mean": 0.0, "night_lights_mean": 0.0, "svf_proxy": 1.0, "suhii_night_ml": 2.61, "suhii_night_2031": 3.03, "suhii_night_2041": 3.79 }, "geometry": { "type": "Polygon", "coordinates": [ [ [ 73.787, 18.575 ], [ 73.787, 18.584 ], [ 73.778, 18.584 ], [ 73.778, 18.575 ], [ 73.787, 18.575 ] ] ] } },
{ "type": "Feature", "properties": { "cell_id": "P0053", "suhii_day": -1.11, "suhii_night": 3.53, "suhii_day_normalized": -1.11, "suhii_night_normalized": 3.53, "lst_day": 38.16, "lst_night": 26.9, "frac_built": 0.767, "frac_tree": 0.054, "frac_water": 0.0, "frac_crop": 0.044, "frac_grass": 0.051, "ndvi": 0.264, "ndbi": 0.028, "mndwi": -0.352, "albedo": 0.18, "building_height_mean": 0.0, "night_lights_mean": 0.0, "svf_proxy": 1.0, "suhii_night_ml": 3.53, "suhii_night_2031": 3.95, "suhii_night_2041": 4.71 }, "geometry": { "type": "Polygon", "coordinates": [ [ [ 73.787, 18.584 ], [ 73.787, 18.593 ], [ 73.778, 18.593 ], [ 73.778, 18.584 ], [ 73.787, 18.584 ] ] ] } },
{ "type": "Feature", "properties": { "cell_id": "P0054", "suhii_day": -1.99, "suhii_night": 3.58, "suhii_day_normalized": -1.99, "suhii_night_normalized": 3.58, "lst_day": 37.28, "lst_night": 26.95, "frac_built": 0.954, "frac_tree": 0.025, "frac_water": 0.0, "frac_crop": 0.005, "frac_grass": 0.01, "ndvi": 0.239, "ndbi": 0.021, "mndwi": -0.324, "albedo": 0.186, "building_height_mean": 0.0, "night_lights_mean": 0.0, "svf_proxy": 1.0, "suhii_night_ml": 3.58, "suhii_night_2031": 4.0, "suhii_night_2041": 4.76 }, "geometry": { "type": "Polygon", "coordinates": [ [ [ 73.787, 18.593 ], [ 73.787, 18.602 ], [ 73.778, 18.602 ], [ 73.778, 18.593 ], [ 73.787, 18.593 ] ] ] } },
{ "type": "Feature", "properties": { "cell_id": "P0055", "suhii_day": -1.82, "suhii_night": 0.26, "suhii_day_normalized": -1.82, "suhii_night_normalized": 0.26, "lst_day": 37.45, "lst_night": 23.63, "frac_built": 0.411, "frac_tree": 0.288, "frac_water": 0.0, "frac_crop": 0.031, "frac_grass": 0.043, "ndvi": 0.291, "ndbi": 0.052, "mndwi": -0.408, "albedo": 0.164, "building_height_mean": 0.0, "night_lights_mean": 0.0, "svf_proxy": 1.0, "suhii_night_ml": 0.26, "suhii_night_2031": 0.68, "suhii_night_2041": 1.44 }, "geometry": { "type": "Polygon", "coordinates": [ [ [ 73.796, 18.44 ], [ 73.796, 18.449 ], [ 73.787, 18.449 ], [ 73.787, 18.44 ], [ 73.796, 18.44 ] ] ] } },
{ "type": "Feature", "properties": { "cell_id": "P0056", "suhii_day": -2.49, "suhii_night": 1.11, "suhii_day_normalized": -2.49, "suhii_night_normalized": 1.11, "lst_day": 36.78, "lst_night": 24.48, "frac_built": 0.581, "frac_tree": 0.27, "frac_water": 0.0, "frac_crop": 0.03, "frac_grass": 0.103, "ndvi": 0.278, "ndbi": 0.04, "mndwi": -0.36, "albedo": 0.18, "building_height_mean": 0.0, "night_lights_mean": 0.0, "svf_proxy": 1.0, "suhii_night_ml": 1.11, "suhii_night_2031": 1.53, "suhii_night_2041": 2.29 }, "geometry": { "type": "Polygon", "coordinates": [ [ [ 73.796, 18.449 ], [ 73.796, 18.458 ], [ 73.787, 18.458 ], [ 73.787, 18.449 ], [ 73.796, 18.449 ] ] ] } },
{ "type": "Feature", "properties": { "cell_id": "P0057", "suhii_day": -1.91, "suhii_night": -1.25, "suhii_day_normalized": -1.91, "suhii_night_normalized": -1.25, "lst_day": 37.36, "lst_night": 22.12, "frac_built": 0.452, "frac_tree": 0.236, "frac_water": 0.02, "frac_crop": 0.156, "frac_grass": 0.086, "ndvi": 0.332, "ndbi": -0.026, "mndwi": -0.354, "albedo": 0.179, "building_height_mean": 0.0, "night_lights_mean": 0.0, "svf_proxy": 1.0, "suhii_night_ml": -1.25, "suhii_night_2031": -0.83, "suhii_night_2041": -0.07 }, "geometry": { "type": "Polygon", "coordinates": [ [ [ 73.796, 18.458 ], [ 73.796, 18.467 ], [ 73.787, 18.467 ], [ 73.787, 18.458 ], [ 73.796, 18.458 ] ] ] } },
{ "type": "Feature", "properties": { "cell_id": "P0058", "suhii_day": -0.61, "suhii_night": -2.31, "suhii_day_normalized": -0.61, "suhii_night_normalized": -2.31, "lst_day": 38.66, "lst_night": 21.06, "frac_built": 0.456, "frac_tree": 0.06, "frac_water": 0.0, "frac_crop": 0.106, "frac_grass": 0.274, "ndvi": 0.189, "ndbi": 0.12, "mndwi": -0.385, "albedo": 0.174, "building_height_mean": 0.0, "night_lights_mean": 0.0, "svf_proxy": 1.0, "suhii_night_ml": -2.31, "suhii_night_2031": -1.89, "suhii_night_2041": -1.13 }, "geometry": { "type": "Polygon", "coordinates": [ [ [ 73.796, 18.467 ], [ 73.796, 18.476 ], [ 73.787, 18.476 ], [ 73.787, 18.467 ], [ 73.796, 18.467 ] ] ] } },
{ "type": "Feature", "properties": { "cell_id": "P0059", "suhii_day": 1.01, "suhii_night": -0.27, "suhii_day_normalized": 1.01, "suhii_night_normalized": -0.27, "lst_day": 40.28, "lst_night": 23.1, "frac_built": 0.556, "frac_tree": 0.021, "frac_water": 0.0, "frac_crop": 0.05, "frac_grass": 0.244, "ndvi": 0.198, "ndbi": 0.088, "mndwi": -0.352, "albedo": 0.183, "building_height_mean": 0.0, "night_lights_mean": 0.0, "svf_proxy": 1.0, "suhii_night_ml": -0.27, "suhii_night_2031": 0.15, "suhii_night_2041": 0.91 }, "geometry": { "type": "Polygon", "coordinates": [ [ [ 73.796, 18.476 ], [ 73.796, 18.485 ], [ 73.787, 18.485 ], [ 73.787, 18.476 ], [ 73.796, 18.476 ] ] ] } },
{ "type": "Feature", "properties": { "cell_id": "P0060", "suhii_day": 1.16, "suhii_night": 0.61, "suhii_day_normalized": 1.16, "suhii_night_normalized": 0.61, "lst_day": 40.43, "lst_night": 23.98, "frac_built": 0.654, "frac_tree": 0.103, "frac_water": 0.0, "frac_crop": 0.03, "frac_grass": 0.103, "ndvi": 0.22, "ndbi": 0.051, "mndwi": -0.337, "albedo": 0.175, "building_height_mean": 0.0, "night_lights_mean": 0.0, "svf_proxy": 1.0, "suhii_night_ml": 0.61, "suhii_night_2031": 1.03, "suhii_night_2041": 1.79 }, "geometry": { "type": "Polygon", "coordinates": [ [ [ 73.796, 18.485 ], [ 73.796, 18.494 ], [ 73.787, 18.494 ], [ 73.787, 18.485 ], [ 73.796, 18.485 ] ] ] } },
{ "type": "Feature", "properties": { "cell_id": "P0061", "suhii_day": 0.88, "suhii_night": 2.5, "suhii_day_normalized": 0.88, "suhii_night_normalized": 2.5, "lst_day": 40.15, "lst_night": 25.87, "frac_built": 0.424, "frac_tree": 0.09, "frac_water": 0.0, "frac_crop": 0.007, "frac_grass": 0.225, "ndvi": 0.216, "ndbi": 0.082, "mndwi": -0.381, "albedo": 0.168, "building_height_mean": 0.0, "night_lights_mean": 0.0, "svf_proxy": 1.0, "suhii_night_ml": 2.5, "suhii_night_2031": 2.92, "suhii_night_2041": 3.68 }, "geometry": { "type": "Polygon", "coordinates": [ [ [ 73.796, 18.494 ], [ 73.796, 18.503 ], [ 73.787, 18.503 ], [ 73.787, 18.494 ], [ 73.796, 18.494 ] ] ] } },
{ "type": "Feature", "properties": { "cell_id": "P0062", "suhii_day": 0.45, "suhii_night": 2.21, "suhii_day_normalized": 0.45, "suhii_night_normalized": 2.21, "lst_day": 39.72, "lst_night": 25.58, "frac_built": 0.743, "frac_tree": 0.072, "frac_water": 0.0, "frac_crop": 0.009, "frac_grass": 0.083, "ndvi": 0.246, "ndbi": 0.019, "mndwi": -0.319, "albedo": 0.173, "building_height_mean": 0.0, "night_lights_mean": 0.0, "svf_proxy": 1.0, "suhii_night_ml": 2.21, "suhii_night_2031": 2.63, "suhii_night_2041": 3.39 }, "geometry": { "type": "Polygon", "coordinates": [ [ [ 73.796, 18.503 ], [ 73.796, 18.512 ], [ 73.787, 18.512 ], [ 73.787, 18.503 ], [ 73.796, 18.503 ] ] ] } },
{ "type": "Feature", "properties": { "cell_id": "P0063", "suhii_day": 0.2, "suhii_night": 0.92, "suhii_day_normalized": 0.2, "suhii_night_normalized": 0.92, "lst_day": 39.47, "lst_night": 24.29, "frac_built": 0.033, "frac_tree": 0.163, "frac_water": 0.0, "frac_crop": 0.0, "frac_grass": 0.229, "ndvi": 0.27, "ndbi": 0.144, "mndwi": -0.505, "albedo": 0.152, "building_height_mean": 0.0, "night_lights_mean": 0.0, "svf_proxy": 1.0, "suhii_night_ml": 0.92, "suhii_night_2031": 1.34, "suhii_night_2041": 2.1 }, "geometry": { "type": "Polygon", "coordinates": [ [ [ 73.796, 18.512 ], [ 73.796, 18.521 ], [ 73.787, 18.521 ], [ 73.787, 18.512 ], [ 73.796, 18.512 ] ] ] } },
{ "type": "Feature", "properties": { "cell_id": "P0064", "suhii_day": -1.52, "suhii_night": 1.65, "suhii_day_normalized": -1.52, "suhii_night_normalized": 1.65, "lst_day": 37.75, "lst_night": 25.02, "frac_built": 0.037, "frac_tree": 0.434, "frac_water": 0.0, "frac_crop": 0.0, "frac_grass": 0.038, "ndvi": 0.395, "ndbi": 0.08, "mndwi": -0.529, "albedo": 0.147, "building_height_mean": 0.0, "night_lights_mean": 0.0, "svf_proxy": 1.0, "suhii_night_ml": 1.65, "suhii_night_2031": 2.07, "suhii_night_2041": 2.83 }, "geometry": { "type": "Polygon", "coordinates": [ [ [ 73.796, 18.521 ], [ 73.796, 18.53 ], [ 73.787, 18.53 ], [ 73.787, 18.521 ], [ 73.796, 18.521 ] ] ] } },
{ "type": "Feature", "properties": { "cell_id": "P0065", "suhii_day": -2.42, "suhii_night": 0.32, "suhii_day_normalized": -2.42, "suhii_night_normalized": 0.32, "lst_day": 36.85, "lst_night": 23.69, "frac_built": 0.184, "frac_tree": 0.579, "frac_water": 0.0, "frac_crop": 0.06, "frac_grass": 0.004, "ndvi": 0.409, "ndbi": -0.021, "mndwi": -0.432, "albedo": 0.15, "building_height_mean": 0.0, "night_lights_mean": 0.0, "svf_proxy": 1.0, "suhii_night_ml": 0.32, "suhii_night_2031": 0.74, "suhii_night_2041": 1.5 }, "geometry": { "type": "Polygon", "coordinates": [ [ [ 73.796, 18.53 ], [ 73.796, 18.539 ], [ 73.787, 18.539 ], [ 73.787, 18.53 ], [ 73.796, 18.53 ] ] ] } },
{ "type": "Feature", "properties": { "cell_id": "P0066", "suhii_day": -1.54, "suhii_night": 1.44, "suhii_day_normalized": -1.54, "suhii_night_normalized": 1.44, "lst_day": 37.73, "lst_night": 24.81, "frac_built": 0.621, "frac_tree": 0.21, "frac_water": 0.0, "frac_crop": 0.123, "frac_grass": 0.01, "ndvi": 0.27, "ndbi": 0.026, "mndwi": -0.356, "albedo": 0.186, "building_height_mean": 0.0, "night_lights_mean": 0.0, "svf_proxy": 1.0, "suhii_night_ml": 1.44, "suhii_night_2031": 1.86, "suhii_night_2041": 2.62 }, "geometry": { "type": "Polygon", "coordinates": [ [ [ 73.796, 18.539 ], [ 73.796, 18.548 ], [ 73.787, 18.548 ], [ 73.787, 18.539 ], [ 73.796, 18.539 ] ] ] } },
{ "type": "Feature", "properties": { "cell_id": "P0067", "suhii_day": -1.21, "suhii_night": 2.95, "suhii_day_normalized": -1.21, "suhii_night_normalized": 2.95, "lst_day": 38.06, "lst_night": 26.32, "frac_built": 0.533, "frac_tree": 0.074, "frac_water": 0.0, "frac_crop": 0.02, "frac_grass": 0.27, "ndvi": 0.25, "ndbi": 0.079, "mndwi": -0.405, "albedo": 0.179, "building_height_mean": 0.0, "night_lights_mean": 0.0, "svf_proxy": 1.0, "suhii_night_ml": 2.95, "suhii_night_2031": 3.37, "suhii_night_2041": 4.13 }, "geometry": { "type": "Polygon", "coordinates": [ [ [ 73.796, 18.548 ], [ 73.796, 18.557 ], [ 73.787, 18.557 ], [ 73.787, 18.548 ], [ 73.796, 18.548 ] ] ] } },
{ "type": "Feature", "properties": { "cell_id": "P0068", "suhii_day": -1.61, "suhii_night": 3.3, "suhii_day_normalized": -1.61, "suhii_night_normalized": 3.3, "lst_day": 37.66, "lst_night": 26.67, "frac_built": 0.441, "frac_tree": 0.388, "frac_water": 0.01, "frac_crop": 0.032, "frac_grass": 0.065, "ndvi": 0.362, "ndbi": -0.037, "mndwi": -0.377, "albedo": 0.174, "building_height_mean": 0.0, "night_lights_mean": 0.0, "svf_proxy": 1.0, "suhii_night_ml": 3.3, "suhii_night_2031": 3.72, "suhii_night_2041": 4.48 }, "geometry": { "type": "Polygon", "coordinates": [ [ [ 73.796, 18.557 ], [ 73.796, 18.566 ], [ 73.787, 18.566 ], [ 73.787, 18.557 ], [ 73.796, 18.557 ] ] ] } },
{ "type": "Feature", "properties": { "cell_id": "P0069", "suhii_day": -1.27, "suhii_night": 2.53, "suhii_day_normalized": -1.27, "suhii_night_normalized": 2.53, "lst_day": 38.0, "lst_night": 25.9, "frac_built": 0.617, "frac_tree": 0.185, "frac_water": 0.0, "frac_crop": 0.078, "frac_grass": 0.072, "ndvi": 0.276, "ndbi": 0.008, "mndwi": -0.34, "albedo": 0.178, "building_height_mean": 0.0, "night_lights_mean": 0.0, "svf_proxy": 1.0, "suhii_night_ml": 2.53, "suhii_night_2031": 2.95, "suhii_night_2041": 3.71 }, "geometry": { "type": "Polygon", "coordinates": [ [ [ 73.796, 18.566 ], [ 73.796, 18.575 ], [ 73.787, 18.575 ], [ 73.787, 18.566 ], [ 73.796, 18.566 ] ] ] } },
{ "type": "Feature", "properties": { "cell_id": "P0070", "suhii_day": -1.48, "suhii_night": 2.66, "suhii_day_normalized": -1.48, "suhii_night_normalized": 2.66, "lst_day": 37.79, "lst_night": 26.03, "frac_built": 0.162, "frac_tree": 0.161, "frac_water": 0.0, "frac_crop": 0.08, "frac_grass": 0.268, "ndvi": 0.286, "ndbi": 0.105, "mndwi": -0.471, "albedo": 0.168, "building_height_mean": 0.0, "night_lights_mean": 0.0, "svf_proxy": 1.0, "suhii_night_ml": 2.66, "suhii_night_2031": 3.08, "suhii_night_2041": 3.84 }, "geometry": { "type": "Polygon", "coordinates": [ [ [ 73.796, 18.575 ], [ 73.796, 18.584 ], [ 73.787, 18.584 ], [ 73.787, 18.575 ], [ 73.796, 18.575 ] ] ] } },
{ "type": "Feature", "properties": { "cell_id": "P0071", "suhii_day": -1.68, "suhii_night": 2.43, "suhii_day_normalized": -1.68, "suhii_night_normalized": 2.43, "lst_day": 37.59, "lst_night": 25.8, "frac_built": 0.398, "frac_tree": 0.12, "frac_water": 0.0, "frac_crop": 0.03, "frac_grass": 0.149, "ndvi": 0.28, "ndbi": 0.093, "mndwi": -0.446, "albedo": 0.162, "building_height_mean": 0.0, "night_lights_mean": 0.0, "svf_proxy": 1.0, "suhii_night_ml": 2.43, "suhii_night_2031": 2.85, "suhii_night_2041": 3.61 }, "geometry": { "type": "Polygon", "coordinates": [ [ [ 73.796, 18.584 ], [ 73.796, 18.593 ], [ 73.787, 18.593 ], [ 73.787, 18.584 ], [ 73.796, 18.584 ] ] ] } },
{ "type": "Feature", "properties": { "cell_id": "P0072", "suhii_day": -2.04, "suhii_night": 2.32, "suhii_day_normalized": -2.04, "suhii_night_normalized": 2.32, "lst_day": 37.23, "lst_night": 25.69, "frac_built": 0.824, "frac_tree": 0.09, "frac_water": 0.0, "frac_crop": 0.053, "frac_grass": 0.004, "ndvi": 0.249, "ndbi": 0.008, "mndwi": -0.313, "albedo": 0.186, "building_height_mean": 0.0, "night_lights_mean": 0.0, "svf_proxy": 1.0, "suhii_night_ml": 2.32, "suhii_night_2031": 2.74, "suhii_night_2041": 3.5 }, "geometry": { "type": "Polygon", "coordinates": [ [ [ 73.796, 18.593 ], [ 73.796, 18.602 ], [ 73.787, 18.602 ], [ 73.787, 18.593 ], [ 73.796, 18.593 ] ] ] } },
{ "type": "Feature", "properties": { "cell_id": "P0073", "suhii_day": -2.1, "suhii_night": -0.9, "suhii_day_normalized": -2.1, "suhii_night_normalized": -0.9, "lst_day": 37.17, "lst_night": 22.47, "frac_built": 0.447, "frac_tree": 0.17, "frac_water": 0.0, "frac_crop": 0.059, "frac_grass": 0.086, "ndvi": 0.286, "ndbi": 0.024, "mndwi": -0.378, "albedo": 0.171, "building_height_mean": 0.0, "night_lights_mean": 0.0, "svf_proxy": 1.0, "suhii_night_ml": -0.9, "suhii_night_2031": -0.48, "suhii_night_2041": 0.28 }, "geometry": { "type": "Polygon", "coordinates": [ [ [ 73.805, 18.44 ], [ 73.805, 18.449 ], [ 73.796, 18.449 ], [ 73.796, 18.44 ], [ 73.805, 18.44 ] ] ] } },
{ "type": "Feature", "properties": { "cell_id": "P0074", "suhii_day": -1.91, "suhii_night": -0.49, "suhii_day_normalized": -1.91, "suhii_night_normalized": -0.49, "lst_day": 37.36, "lst_night": 22.88, "frac_built": 0.566, "frac_tree": 0.261, "frac_water": 0.0, "frac_crop": 0.089, "frac_grass": 0.027, "ndvi": 0.267, "ndbi": 0.024, "mndwi": -0.341, "albedo": 0.176, "building_height_mean": 0.0, "night_lights_mean": 0.0, "svf_proxy": 1.0, "suhii_night_ml": -0.49, "suhii_night_2031": -0.07, "suhii_night_2041": 0.69 }, "geometry": { "type": "Polygon", "coordinates": [ [ [ 73.805, 18.449 ], [ 73.805, 18.458 ], [ 73.796, 18.458 ], [ 73.796, 18.449 ], [ 73.805, 18.449 ] ] ] } },
{ "type": "Feature", "properties": { "cell_id": "P0075", "suhii_day": -0.97, "suhii_night": -0.5, "suhii_day_normalized": -0.97, "suhii_night_normalized": -0.5, "lst_day": 38.3, "lst_night": 22.87, "frac_built": 0.182, "frac_tree": 0.514, "frac_water": 0.0, "frac_crop": 0.102, "frac_grass": 0.019, "ndvi": 0.373, "ndbi": -0.015, "mndwi": -0.41, "albedo": 0.167, "building_height_mean": 0.0, "night_lights_mean": 0.0, "svf_proxy": 1.0, "suhii_night_ml": -0.5, "suhii_night_2031": -0.08, "suhii_night_2041": 0.68 }, "geometry": { "type": "Polygon", "coordinates": [ [ [ 73.805, 18.458 ], [ 73.805, 18.467 ], [ 73.796, 18.467 ], [ 73.796, 18.458 ], [ 73.805, 18.458 ] ] ] } },
{ "type": "Feature", "properties": { "cell_id": "P0076", "suhii_day": -0.1, "suhii_night": -1.65, "suhii_day_normalized": -0.1, "suhii_night_normalized": -1.65, "lst_day": 39.17, "lst_night": 21.72, "frac_built": 0.424, "frac_tree": 0.166, "frac_water": 0.01, "frac_crop": 0.04, "frac_grass": 0.261, "ndvi": 0.261, "ndbi": 0.063, "mndwi": -0.389, "albedo": 0.18, "building_height_mean": 0.0, "night_lights_mean": 0.0, "svf_proxy": 1.0, "suhii_night_ml": -1.65, "suhii_night_2031": -1.23, "suhii_night_2041": -0.47 }, "geometry": { "type": "Polygon", "coordinates": [ [ [ 73.805, 18.467 ], [ 73.805, 18.476 ], [ 73.796, 18.476 ], [ 73.796, 18.467 ], [ 73.805, 18.467 ] ] ] } },
{ "type": "Feature", "properties": { "cell_id": "P0077", "suhii_day": 0.81, "suhii_night": 1.72, "suhii_day_normalized": 0.81, "suhii_night_normalized": 1.72, "lst_day": 40.08, "lst_night": 25.09, "frac_built": 0.874, "frac_tree": 0.04, "frac_water": 0.0, "frac_crop": 0.08, "frac_grass": 0.0, "ndvi": 0.228, "ndbi": 0.025, "mndwi": -0.302, "albedo": 0.185, "building_height_mean": 0.0, "night_lights_mean": 0.0, "svf_proxy": 1.0, "suhii_night_ml": 1.72, "suhii_night_2031": 2.14, "suhii_night_2041": 2.9 }, "geometry": { "type": "Polygon", "coordinates": [ [ [ 73.805, 18.476 ], [ 73.805, 18.485 ], [ 73.796, 18.485 ], [ 73.796, 18.476 ], [ 73.805, 18.476 ] ] ] } },
{ "type": "Feature", "properties": { "cell_id": "P0078", "suhii_day": 0.24, "suhii_night": 3.31, "suhii_day_normalized": 0.24, "suhii_night_normalized": 3.31, "lst_day": 39.51, "lst_night": 26.68, "frac_built": 0.361, "frac_tree": 0.135, "frac_water": 0.0, "frac_crop": 0.044, "frac_grass": 0.187, "ndvi": 0.234, "ndbi": 0.088, "mndwi": -0.412, "albedo": 0.169, "building_height_mean": 0.0, "night_lights_mean": 0.0, "svf_proxy": 1.0, "suhii_night_ml": 3.31, "suhii_night_2031": 3.73, "suhii_night_2041": 4.49 }, "geometry": { "type": "Polygon", "coordinates": [ [ [ 73.805, 18.485 ], [ 73.805, 18.494 ], [ 73.796, 18.494 ], [ 73.796, 18.485 ], [ 73.805, 18.485 ] ] ] } },
{ "type": "Feature", "properties": { "cell_id": "P0079", "suhii_day": -0.41, "suhii_night": 3.83, "suhii_day_normalized": -0.41, "suhii_night_normalized": 3.83, "lst_day": 38.86, "lst_night": 27.2, "frac_built": 0.764, "frac_tree": 0.217, "frac_water": 0.0, "frac_crop": 0.0, "frac_grass": 0.006, "ndvi": 0.355, "ndbi": -0.051, "mndwi": -0.349, "albedo": 0.178, "building_height_mean": 0.0, "night_lights_mean": 0.0, "svf_proxy": 1.0, "suhii_night_ml": 3.83, "suhii_night_2031": 4.25, "suhii_night_2041": 5.01 }, "geometry": { "type": "Polygon", "coordinates": [ [ [ 73.805, 18.494 ], [ 73.805, 18.503 ], [ 73.796, 18.503 ], [ 73.796, 18.494 ], [ 73.805, 18.494 ] ] ] } },
{ "type": "Feature", "properties": { "cell_id": "P0080", "suhii_day": 0.37, "suhii_night": 3.16, "suhii_day_normalized": 0.37, "suhii_night_normalized": 3.16, "lst_day": 39.64, "lst_night": 26.53, "frac_built": 0.817, "frac_tree": 0.051, "frac_water": 0.0, "frac_crop": 0.001, "frac_grass": 0.018, "ndvi": 0.22, "ndbi": 0.033, "mndwi": -0.3, "albedo": 0.186, "building_height_mean": 0.0, "night_lights_mean": 0.0, "svf_proxy": 1.0, "suhii_night_ml": 3.16, "suhii_night_2031": 3.58, "suhii_night_2041": 4.34 }, "geometry": { "type": "Polygon", "coordinates": [ [ [ 73.805, 18.503 ], [ 73.805, 18.512 ], [ 73.796, 18.512 ], [ 73.796, 18.503 ], [ 73.805, 18.503 ] ] ] } },
{ "type": "Feature", "properties": { "cell_id": "P0081", "suhii_day": 0.78, "suhii_night": 2.21, "suhii_day_normalized": 0.78, "suhii_night_normalized": 2.21, "lst_day": 40.05, "lst_night": 25.58, "frac_built": 0.063, "frac_tree": 0.073, "frac_water": 0.0, "frac_crop": 0.043, "frac_grass": 0.47, "ndvi": 0.214, "ndbi": 0.138, "mndwi": -0.438, "albedo": 0.165, "building_height_mean": 0.0, "night_lights_mean": 0.0, "svf_proxy": 1.0, "suhii_night_ml": 2.21, "suhii_night_2031": 2.63, "suhii_night_2041": 3.39 }, "geometry": { "type": "Polygon", "coordinates": [ [ [ 73.805, 18.512 ], [ 73.805, 18.521 ], [ 73.796, 18.521 ], [ 73.796, 18.512 ], [ 73.805, 18.512 ] ] ] } },
{ "type": "Feature", "properties": { "cell_id": "P0082", "suhii_day": -0.17, "suhii_night": 1.26, "suhii_day_normalized": -0.17, "suhii_night_normalized": 1.26, "lst_day": 39.1, "lst_night": 24.63, "frac_built": 0.0, "frac_tree": 0.184, "frac_water": 0.0, "frac_crop": 0.0, "frac_grass": 0.126, "ndvi": 0.269, "ndbi": 0.201, "mndwi": -0.549, "albedo": 0.13, "building_height_mean": 0.0, "night_lights_mean": 0.0, "svf_proxy": 1.0, "suhii_night_ml": 1.26, "suhii_night_2031": 1.68, "suhii_night_2041": 2.44 }, "geometry": { "type": "Polygon", "coordinates": [ [ [ 73.805, 18.521 ], [ 73.805, 18.53 ], [ 73.796, 18.53 ], [ 73.796, 18.521 ], [ 73.805, 18.521 ] ] ] } },
{ "type": "Feature", "properties": { "cell_id": "P0083", "suhii_day": -1.55, "suhii_night": -0.1, "suhii_day_normalized": -1.55, "suhii_night_normalized": -0.1, "lst_day": 37.72, "lst_night": 23.27, "frac_built": 0.184, "frac_tree": 0.3, "frac_water": 0.0, "frac_crop": 0.001, "frac_grass": 0.232, "ndvi": 0.313, "ndbi": 0.112, "mndwi": -0.491, "albedo": 0.147, "building_height_mean": 0.0, "night_lights_mean": 0.0, "svf_proxy": 1.0, "suhii_night_ml": -0.1, "suhii_night_2031": 0.32, "suhii_night_2041": 1.08 }, "geometry": { "type": "Polygon", "coordinates": [ [ [ 73.805, 18.53 ], [ 73.805, 18.539 ], [ 73.796, 18.539 ], [ 73.796, 18.53 ], [ 73.805, 18.53 ] ] ] } },
{ "type": "Feature", "properties": { "cell_id": "P0084", "suhii_day": -1.94, "suhii_night": 1.04, "suhii_day_normalized": -1.94, "suhii_night_normalized": 1.04, "lst_day": 37.33, "lst_night": 24.41, "frac_built": 0.386, "frac_tree": 0.434, "frac_water": 0.0, "frac_crop": 0.122, "frac_grass": 0.0, "ndvi": 0.389, "ndbi": -0.029, "mndwi": -0.415, "albedo": 0.173, "building_height_mean": 0.0, "night_lights_mean": 0.0, "svf_proxy": 1.0, "suhii_night_ml": 1.04, "suhii_night_2031": 1.46, "suhii_night_2041": 2.22 }, "geometry": { "type": "Polygon", "coordinates": [ [ [ 73.805, 18.539 ], [ 73.805, 18.548 ], [ 73.796, 18.548 ], [ 73.796, 18.539 ], [ 73.805, 18.539 ] ] ] } },
{ "type": "Feature", "properties": { "cell_id": "P0085", "suhii_day": -1.52, "suhii_night": 3.0, "suhii_day_normalized": -1.52, "suhii_night_normalized": 3.0, "lst_day": 37.75, "lst_night": 26.37, "frac_built": 0.639, "frac_tree": 0.278, "frac_water": 0.0, "frac_crop": 0.062, "frac_grass": 0.006, "ndvi": 0.315, "ndbi": -0.031, "mndwi": -0.341, "albedo": 0.184, "building_height_mean": 0.0, "night_lights_mean": 0.0, "svf_proxy": 1.0, "suhii_night_ml": 3.0, "suhii_night_2031": 3.42, "suhii_night_2041": 4.18 }, "geometry": { "type": "Polygon", "coordinates": [ [ [ 73.805, 18.548 ], [ 73.805, 18.557 ], [ 73.796, 18.557 ], [ 73.796, 18.548 ], [ 73.805, 18.548 ] ] ] } },
{ "type": "Feature", "properties": { "cell_id": "P0086", "suhii_day": -1.51, "suhii_night": 3.41, "suhii_day_normalized": -1.51, "suhii_night_normalized": 3.41, "lst_day": 37.76, "lst_night": 26.78, "frac_built": 0.685, "frac_tree": 0.261, "frac_water": 0.0, "frac_crop": 0.054, "frac_grass": 0.0, "ndvi": 0.318, "ndbi": -0.033, "mndwi": -0.335, "albedo": 0.185, "building_height_mean": 0.0, "night_lights_mean": 0.0, "svf_proxy": 1.0, "suhii_night_ml": 3.41, "suhii_night_2031": 3.83, "suhii_night_2041": 4.59 }, "geometry": { "type": "Polygon", "coordinates": [ [ [ 73.805, 18.557 ], [ 73.805, 18.566 ], [ 73.796, 18.566 ], [ 73.796, 18.557 ], [ 73.805, 18.557 ] ] ] } },
{ "type": "Feature", "properties": { "cell_id": "P0087", "suhii_day": -1.52, "suhii_night": 2.87, "suhii_day_normalized": -1.52, "suhii_night_normalized": 2.87, "lst_day": 37.75, "lst_night": 26.24, "frac_built": 0.042, "frac_tree": 0.296, "frac_water": 0.0, "frac_crop": 0.054, "frac_grass": 0.38, "ndvi": 0.318, "ndbi": 0.09, "mndwi": -0.48, "albedo": 0.157, "building_height_mean": 0.0, "night_lights_mean": 0.0, "svf_proxy": 1.0, "suhii_night_ml": 2.87, "suhii_night_2031": 3.29, "suhii_night_2041": 4.05 }, "geometry": { "type": "Polygon", "coordinates": [ [ [ 73.805, 18.566 ], [ 73.805, 18.575 ], [ 73.796, 18.575 ], [ 73.796, 18.566 ], [ 73.805, 18.566 ] ] ] } },
{ "type": "Feature", "properties": { "cell_id": "P0088", "suhii_day": -1.08, "suhii_night": 2.79, "suhii_day_normalized": -1.08, "suhii_night_normalized": 2.79, "lst_day": 38.19, "lst_night": 26.16, "frac_built": 0.166, "frac_tree": 0.098, "frac_water": 0.0, "frac_crop": 0.04, "frac_grass": 0.295, "ndvi": 0.292, "ndbi": 0.101, "mndwi": -0.472, "albedo": 0.158, "building_height_mean": 0.0, "night_lights_mean": 0.0, "svf_proxy": 1.0, "suhii_night_ml": 2.79, "suhii_night_2031": 3.21, "suhii_night_2041": 3.97 }, "geometry": { "type": "Polygon", "coordinates": [ [ [ 73.805, 18.575 ], [ 73.805, 18.584 ], [ 73.796, 18.584 ], [ 73.796, 18.575 ], [ 73.805, 18.575 ] ] ] } },
{ "type": "Feature", "properties": { "cell_id": "P0089", "suhii_day": -1.14, "suhii_night": 2.79, "suhii_day_normalized": -1.14, "suhii_night_normalized": 2.79, "lst_day": 38.13, "lst_night": 26.16, "frac_built": 0.41, "frac_tree": 0.123, "frac_water": 0.0, "frac_crop": 0.06, "frac_grass": 0.136, "ndvi": 0.252, "ndbi": 0.061, "mndwi": -0.388, "albedo": 0.178, "building_height_mean": 0.0, "night_lights_mean": 0.0, "svf_proxy": 1.0, "suhii_night_ml": 2.79, "suhii_night_2031": 3.21, "suhii_night_2041": 3.97 }, "geometry": { "type": "Polygon", "coordinates": [ [ [ 73.805, 18.584 ], [ 73.805, 18.593 ], [ 73.796, 18.593 ], [ 73.796, 18.584 ], [ 73.805, 18.584 ] ] ] } },
{ "type": "Feature", "properties": { "cell_id": "P0090", "suhii_day": -1.88, "suhii_night": 2.39, "suhii_day_normalized": -1.88, "suhii_night_normalized": 2.39, "lst_day": 37.39, "lst_night": 25.76, "frac_built": 0.892, "frac_tree": 0.059, "frac_water": 0.006, "frac_crop": 0.028, "frac_grass": 0.006, "ndvi": 0.212, "ndbi": 0.022, "mndwi": -0.287, "albedo": 0.191, "building_height_mean": 0.0, "night_lights_mean": 0.0, "svf_proxy": 1.0, "suhii_night_ml": 2.39, "suhii_night_2031": 2.81, "suhii_night_2041": 3.57 }, "geometry": { "type": "Polygon", "coordinates": [ [ [ 73.805, 18.593 ], [ 73.805, 18.602 ], [ 73.796, 18.602 ], [ 73.796, 18.593 ], [ 73.805, 18.593 ] ] ] } },
{ "type": "Feature", "properties": { "cell_id": "P0091", "suhii_day": -2.32, "suhii_night": -0.97, "suhii_day_normalized": -2.32, "suhii_night_normalized": -0.97, "lst_day": 36.95, "lst_night": 22.4, "frac_built": 0.654, "frac_tree": 0.284, "frac_water": 0.0, "frac_crop": 0.052, "frac_grass": 0.0, "ndvi": 0.295, "ndbi": -0.001, "mndwi": -0.347, "albedo": 0.178, "building_height_mean": 0.0, "night_lights_mean": 0.0, "svf_proxy": 1.0, "suhii_night_ml": -0.97, "suhii_night_2031": -0.55, "suhii_night_2041": 0.21 }, "geometry": { "type": "Polygon", "coordinates": [ [ [ 73.814, 18.44 ], [ 73.814, 18.449 ], [ 73.805, 18.449 ], [ 73.805, 18.44 ], [ 73.814, 18.44 ] ] ] } },
{ "type": "Feature", "properties": { "cell_id": "P0092", "suhii_day": -2.14, "suhii_night": -0.67, "suhii_day_normalized": -2.14, "suhii_night_normalized": -0.67, "lst_day": 37.13, "lst_night": 22.7, "frac_built": 0.667, "frac_tree": 0.192, "frac_water": 0.0, "frac_crop": 0.091, "frac_grass": 0.01, "ndvi": 0.294, "ndbi": 0.011, "mndwi": -0.353, "albedo": 0.178, "building_height_mean": 0.0, "night_lights_mean": 0.0, "svf_proxy": 1.0, "suhii_night_ml": -0.67, "suhii_night_2031": -0.25, "suhii_night_2041": 0.51 }, "geometry": { "type": "Polygon", "coordinates": [ [ [ 73.814, 18.449 ], [ 73.814, 18.458 ], [ 73.805, 18.458 ], [ 73.805, 18.449 ], [ 73.814, 18.449 ] ] ] } },
{ "type": "Feature", "properties": { "cell_id": "P0093", "suhii_day": -1.83, "suhii_night": -0.5, "suhii_day_normalized": -1.83, "suhii_night_normalized": -0.5, "lst_day": 37.44, "lst_night": 22.87, "frac_built": 0.546, "frac_tree": 0.242, "frac_water": 0.0, "frac_crop": 0.115, "frac_grass": 0.031, "ndvi": 0.322, "ndbi": -0.009, "mndwi": -0.358, "albedo": 0.171, "building_height_mean": 0.0, "night_lights_mean": 0.0, "svf_proxy": 1.0, "suhii_night_ml": -0.5, "suhii_night_2031": -0.08, "suhii_night_2041": 0.68 }, "geometry": { "type": "Polygon", "coordinates": [ [ [ 73.814, 18.458 ], [ 73.814, 18.467 ], [ 73.805, 18.467 ], [ 73.805, 18.458 ], [ 73.814, 18.458 ] ] ] } },
{ "type": "Feature", "properties": { "cell_id": "P0094", "suhii_day": -0.36, "suhii_night": -1.62, "suhii_day_normalized": -0.36, "suhii_night_normalized": -1.62, "lst_day": 38.91, "lst_night": 21.75, "frac_built": 0.479, "frac_tree": 0.238, "frac_water": 0.02, "frac_crop": 0.238, "frac_grass": 0.004, "ndvi": 0.286, "ndbi": 0.004, "mndwi": -0.348, "albedo": 0.17, "building_height_mean": 0.0, "night_lights_mean": 0.0, "svf_proxy": 1.0, "suhii_night_ml": -1.62, "suhii_night_2031": -1.2, "suhii_night_2041": -0.44 }, "geometry": { "type": "Polygon", "coordinates": [ [ [ 73.814, 18.467 ], [ 73.814, 18.476 ], [ 73.805, 18.476 ], [ 73.805, 18.467 ], [ 73.814, 18.467 ] ] ] } },
{ "type": "Feature", "properties": { "cell_id": "P0095", "suhii_day": 0.02, "suhii_night": 1.97, "suhii_day_normalized": 0.02, "suhii_night_normalized": 1.97, "lst_day": 39.29, "lst_night": 25.34, "frac_built": 0.767, "frac_tree": 0.224, "frac_water": 0.0, "frac_crop": 0.0, "frac_grass": 0.0, "ndvi": 0.301, "ndbi": -0.028, "mndwi": -0.315, "albedo": 0.181, "building_height_mean": 0.0, "night_lights_mean": 0.0, "svf_proxy": 1.0, "suhii_night_ml": 1.97, "suhii_night_2031": 2.39, "suhii_night_2041": 3.15 }, "geometry": { "type": "Polygon", "coordinates": [ [ [ 73.814, 18.476 ], [ 73.814, 18.485 ], [ 73.805, 18.485 ], [ 73.805, 18.476 ], [ 73.814, 18.476 ] ] ] } },
{ "type": "Feature", "properties": { "cell_id": "P0096", "suhii_day": -0.81, "suhii_night": 3.62, "suhii_day_normalized": -0.81, "suhii_night_normalized": 3.62, "lst_day": 38.46, "lst_night": 26.99, "frac_built": 0.603, "frac_tree": 0.11, "frac_water": 0.02, "frac_crop": 0.016, "frac_grass": 0.039, "ndvi": 0.249, "ndbi": 0.053, "mndwi": -0.356, "albedo": 0.177, "building_height_mean": 0.0, "night_lights_mean": 0.0, "svf_proxy": 1.0, "suhii_night_ml": 3.62, "suhii_night_2031": 4.04, "suhii_night_2041": 4.8 }, "geometry": { "type": "Polygon", "coordinates": [ [ [ 73.814, 18.485 ], [ 73.814, 18.494 ], [ 73.805, 18.494 ], [ 73.805, 18.485 ], [ 73.814, 18.485 ] ] ] } },
{ "type": "Feature", "properties": { "cell_id": "P0097", "suhii_day": -1.56, "suhii_night": 3.97, "suhii_day_normalized": -1.56, "suhii_night_normalized": 3.97, "lst_day": 37.71, "lst_night": 27.34, "frac_built": 0.748, "frac_tree": 0.247, "frac_water": 0.0, "frac_crop": 0.0, "frac_grass": 0.0, "ndvi": 0.32, "ndbi": -0.025, "mndwi": -0.333, "albedo": 0.174, "building_height_mean": 0.0, "night_lights_mean": 0.0, "svf_proxy": 1.0, "suhii_night_ml": 3.97, "suhii_night_2031": 4.39, "suhii_night_2041": 5.15 }, "geometry": { "type": "Polygon", "coordinates": [ [ [ 73.814, 18.494 ], [ 73.814, 18.503 ], [ 73.805, 18.503 ], [ 73.805, 18.494 ], [ 73.814, 18.494 ] ] ] } },
{ "type": "Feature", "properties": { "cell_id": "P0098", "suhii_day": -1.06, "suhii_night": 3.7, "suhii_day_normalized": -1.06, "suhii_night_normalized": 3.7, "lst_day": 38.21, "lst_night": 27.07, "frac_built": 0.844, "frac_tree": 0.151, "frac_water": 0.0, "frac_crop": 0.0, "frac_grass": 0.0, "ndvi": 0.304, "ndbi": -0.023, "mndwi": -0.321, "albedo": 0.182, "building_height_mean": 0.0, "night_lights_mean": 0.0, "svf_proxy": 1.0, "suhii_night_ml": 3.7, "suhii_night_2031": 4.12, "suhii_night_2041": 4.88 }, "geometry": { "type": "Polygon", "coordinates": [ [ [ 73.814, 18.503 ], [ 73.814, 18.512 ], [ 73.805, 18.512 ], [ 73.805, 18.503 ], [ 73.814, 18.503 ] ] ] } },
{ "type": "Feature", "properties": { "cell_id": "P0099", "suhii_day": 0.55, "suhii_night": 2.79, "suhii_day_normalized": 0.55, "suhii_night_normalized": 2.79, "lst_day": 39.82, "lst_night": 26.16, "frac_built": 0.445, "frac_tree": 0.078, "frac_water": 0.0, "frac_crop": 0.046, "frac_grass": 0.19, "ndvi": 0.195, "ndbi": 0.099, "mndwi": -0.368, "albedo": 0.186, "building_height_mean": 0.0, "night_lights_mean": 0.0, "svf_proxy": 1.0, "suhii_night_ml": 2.79, "suhii_night_2031": 3.21, "suhii_night_2041": 3.97 }, "geometry": { "type": "Polygon", "coordinates": [ [ [ 73.814, 18.512 ], [ 73.814, 18.521 ], [ 73.805, 18.521 ], [ 73.805, 18.512 ], [ 73.814, 18.512 ] ] ] } },
{ "type": "Feature", "properties": { "cell_id": "P0100", "suhii_day": -0.47, "suhii_night": 2.27, "suhii_day_normalized": -0.47, "suhii_night_normalized": 2.27, "lst_day": 38.8, "lst_night": 25.64, "frac_built": 0.066, "frac_tree": 0.168, "frac_water": 0.0, "frac_crop": 0.0, "frac_grass": 0.272, "ndvi": 0.259, "ndbi": 0.189, "mndwi": -0.525, "albedo": 0.132, "building_height_mean": 0.0, "night_lights_mean": 0.0, "svf_proxy": 1.0, "suhii_night_ml": 2.27, "suhii_night_2031": 2.69, "suhii_night_2041": 3.45 }, "geometry": { "type": "Polygon", "coordinates": [ [ [ 73.814, 18.521 ], [ 73.814, 18.53 ], [ 73.805, 18.53 ], [ 73.805, 18.521 ], [ 73.814, 18.521 ] ] ] } },
{ "type": "Feature", "properties": { "cell_id": "P0101", "suhii_day": -1.79, "suhii_night": 1.4, "suhii_day_normalized": -1.79, "suhii_night_normalized": 1.4, "lst_day": 37.48, "lst_night": 24.77, "frac_built": 0.14, "frac_tree": 0.536, "frac_water": 0.0, "frac_crop": 0.0, "frac_grass": 0.045, "ndvi": 0.367, "ndbi": 0.028, "mndwi": -0.442, "albedo": 0.163, "building_height_mean": 0.0, "night_lights_mean": 0.0, "svf_proxy": 1.0, "suhii_night_ml": 1.4, "suhii_night_2031": 1.82, "suhii_night_2041": 2.58 }, "geometry": { "type": "Polygon", "coordinates": [ [ [ 73.814, 18.53 ], [ 73.814, 18.539 ], [ 73.805, 18.539 ], [ 73.805, 18.53 ], [ 73.814, 18.53 ] ] ] } },
{ "type": "Feature", "properties": { "cell_id": "P0102", "suhii_day": -2.06, "suhii_night": 1.67, "suhii_day_normalized": -2.06, "suhii_night_normalized": 1.67, "lst_day": 37.21, "lst_night": 25.04, "frac_built": 0.341, "frac_tree": 0.323, "frac_water": 0.0, "frac_crop": 0.056, "frac_grass": 0.088, "ndvi": 0.355, "ndbi": 0.035, "mndwi": -0.447, "albedo": 0.167, "building_height_mean": 0.0, "night_lights_mean": 0.0, "svf_proxy": 1.0, "suhii_night_ml": 1.67, "suhii_night_2031": 2.09, "suhii_night_2041": 2.85 }, "geometry": { "type": "Polygon", "coordinates": [ [ [ 73.814, 18.539 ], [ 73.814, 18.548 ], [ 73.805, 18.548 ], [ 73.805, 18.539 ], [ 73.814, 18.539 ] ] ] } },
{ "type": "Feature", "properties": { "cell_id": "P0103", "suhii_day": -2.24, "suhii_night": 2.57, "suhii_day_normalized": -2.24, "suhii_night_normalized": 2.57, "lst_day": 37.03, "lst_night": 25.94, "frac_built": 0.49, "frac_tree": 0.327, "frac_water": 0.0, "frac_crop": 0.11, "frac_grass": 0.0, "ndvi": 0.326, "ndbi": -0.021, "mndwi": -0.365, "albedo": 0.174, "building_height_mean": 0.0, "night_lights_mean": 0.0, "svf_proxy": 1.0, "suhii_night_ml": 2.57, "suhii_night_2031": 2.99, "suhii_night_2041": 3.75 }, "geometry": { "type": "Polygon", "coordinates": [ [ [ 73.814, 18.548 ], [ 73.814, 18.557 ], [ 73.805, 18.557 ], [ 73.805, 18.548 ], [ 73.814, 18.548 ] ] ] } },
{ "type": "Feature", "properties": { "cell_id": "P0104", "suhii_day": -1.84, "suhii_night": 3.04, "suhii_day_normalized": -1.84, "suhii_night_normalized": 3.04, "lst_day": 37.43, "lst_night": 26.41, "frac_built": 0.668, "frac_tree": 0.25, "frac_water": 0.0, "frac_crop": 0.02, "frac_grass": 0.0, "ndvi": 0.321, "ndbi": -0.017, "mndwi": -0.357, "albedo": 0.177, "building_height_mean": 0.0, "night_lights_mean": 0.0, "svf_proxy": 1.0, "suhii_night_ml": 3.04, "suhii_night_2031": 3.46, "suhii_night_2041": 4.22 }, "geometry": { "type": "Polygon", "coordinates": [ [ [ 73.814, 18.557 ], [ 73.814, 18.566 ], [ 73.805, 18.566 ], [ 73.805, 18.557 ], [ 73.814, 18.557 ] ] ] } },
{ "type": "Feature", "properties": { "cell_id": "P0105", "suhii_day": -1.63, "suhii_night": 3.0, "suhii_day_normalized": -1.63, "suhii_night_normalized": 3.0, "lst_day": 37.64, "lst_night": 26.37, "frac_built": 0.259, "frac_tree": 0.547, "frac_water": 0.0, "frac_crop": 0.014, "frac_grass": 0.059, "ndvi": 0.376, "ndbi": 0.022, "mndwi": -0.433, "albedo": 0.146, "building_height_mean": 0.0, "night_lights_mean": 0.0, "svf_proxy": 1.0, "suhii_night_ml": 3.0, "suhii_night_2031": 3.42, "suhii_night_2041": 4.18 }, "geometry": { "type": "Polygon", "coordinates": [ [ [ 73.814, 18.566 ], [ 73.814, 18.575 ], [ 73.805, 18.575 ], [ 73.805, 18.566 ], [ 73.814, 18.566 ] ] ] } },
{ "type": "Feature", "properties": { "cell_id": "P0106", "suhii_day": -1.12, "suhii_night": 3.14, "suhii_day_normalized": -1.12, "suhii_night_normalized": 3.14, "lst_day": 38.15, "lst_night": 26.51, "frac_built": 0.489, "frac_tree": 0.16, "frac_water": 0.0, "frac_crop": 0.052, "frac_grass": 0.142, "ndvi": 0.269, "ndbi": 0.052, "mndwi": -0.379, "albedo": 0.184, "building_height_mean": 0.0, "night_lights_mean": 0.0, "svf_proxy": 1.0, "suhii_night_ml": 3.14, "suhii_night_2031": 3.56, "suhii_night_2041": 4.32 }, "geometry": { "type": "Polygon", "coordinates": [ [ [ 73.814, 18.575 ], [ 73.814, 18.584 ], [ 73.805, 18.584 ], [ 73.805, 18.575 ], [ 73.814, 18.575 ] ] ] } },
{ "type": "Feature", "properties": { "cell_id": "P0107", "suhii_day": -0.41, "suhii_night": 3.0, "suhii_day_normalized": -0.41, "suhii_night_normalized": 3.0, "lst_day": 38.86, "lst_night": 26.37, "frac_built": 0.218, "frac_tree": 0.01, "frac_water": 0.0, "frac_crop": 0.1, "frac_grass": 0.562, "ndvi": 0.216, "ndbi": 0.154, "mndwi": -0.477, "albedo": 0.18, "building_height_mean": 0.0, "night_lights_mean": 0.0, "svf_proxy": 1.0, "suhii_night_ml": 3.0, "suhii_night_2031": 3.42, "suhii_night_2041": 4.18 }, "geometry": { "type": "Polygon", "coordinates": [ [ [ 73.814, 18.584 ], [ 73.814, 18.593 ], [ 73.805, 18.593 ], [ 73.805, 18.584 ], [ 73.814, 18.584 ] ] ] } },
{ "type": "Feature", "properties": { "cell_id": "P0108", "suhii_day": -1.15, "suhii_night": 3.34, "suhii_day_normalized": -1.15, "suhii_night_normalized": 3.34, "lst_day": 38.12, "lst_night": 26.71, "frac_built": 0.471, "frac_tree": 0.018, "frac_water": 0.0, "frac_crop": 0.179, "frac_grass": 0.242, "ndvi": 0.224, "ndbi": 0.098, "mndwi": -0.402, "albedo": 0.166, "building_height_mean": 0.0, "night_lights_mean": 0.0, "svf_proxy": 1.0, "suhii_night_ml": 3.34, "suhii_night_2031": 3.76, "suhii_night_2041": 4.52 }, "geometry": { "type": "Polygon", "coordinates": [ [ [ 73.814, 18.593 ], [ 73.814, 18.602 ], [ 73.805, 18.602 ], [ 73.805, 18.593 ], [ 73.814, 18.593 ] ] ] } },
{ "type": "Feature", "properties": { "cell_id": "P0109", "suhii_day": -1.97, "suhii_night": -0.99, "suhii_day_normalized": -1.97, "suhii_night_normalized": -0.99, "lst_day": 37.3, "lst_night": 22.38, "frac_built": 0.8, "frac_tree": 0.109, "frac_water": 0.0, "frac_crop": 0.061, "frac_grass": 0.02, "ndvi": 0.227, "ndbi": 0.031, "mndwi": -0.315, "albedo": 0.196, "building_height_mean": 0.0, "night_lights_mean": 0.0, "svf_proxy": 1.0, "suhii_night_ml": -0.99, "suhii_night_2031": -0.57, "suhii_night_2041": 0.19 }, "geometry": { "type": "Polygon", "coordinates": [ [ [ 73.823, 18.44 ], [ 73.823, 18.449 ], [ 73.814, 18.449 ], [ 73.814, 18.44 ], [ 73.823, 18.44 ] ] ] } },
{ "type": "Feature", "properties": { "cell_id": "P0110", "suhii_day": -2.27, "suhii_night": -0.69, "suhii_day_normalized": -2.27, "suhii_night_normalized": -0.69, "lst_day": 37.0, "lst_night": 22.68, "frac_built": 0.731, "frac_tree": 0.085, "frac_water": 0.0, "frac_crop": 0.05, "frac_grass": 0.044, "ndvi": 0.208, "ndbi": 0.05, "mndwi": -0.332, "albedo": 0.187, "building_height_mean": 0.0, "night_lights_mean": 0.0, "svf_proxy": 1.0, "suhii_night_ml": -0.69, "suhii_night_2031": -0.27, "suhii_night_2041": 0.49 }, "geometry": { "type": "Polygon", "coordinates": [ [ [ 73.823, 18.449 ], [ 73.823, 18.458 ], [ 73.814, 18.458 ], [ 73.814, 18.449 ], [ 73.823, 18.449 ] ] ] } },
{ "type": "Feature", "properties": { "cell_id": "P0111", "suhii_day": -1.88, "suhii_night": -0.5, "suhii_day_normalized": -1.88, "suhii_night_normalized": -0.5, "lst_day": 37.39, "lst_night": 22.87, "frac_built": 0.746, "frac_tree": 0.214, "frac_water": 0.0, "frac_crop": 0.02, "frac_grass": 0.0, "ndvi": 0.279, "ndbi": -0.006, "mndwi": -0.32, "albedo": 0.174, "building_height_mean": 0.0, "night_lights_mean": 0.0, "svf_proxy": 1.0, "suhii_night_ml": -0.5, "suhii_night_2031": -0.08, "suhii_night_2041": 0.68 }, "geometry": { "type": "Polygon", "coordinates": [ [ [ 73.823, 18.458 ], [ 73.823, 18.467 ], [ 73.814, 18.467 ], [ 73.814, 18.458 ], [ 73.823, 18.458 ] ] ] } },
{ "type": "Feature", "properties": { "cell_id": "P0112", "suhii_day": -1.56, "suhii_night": 1.68, "suhii_day_normalized": -1.56, "suhii_night_normalized": 1.68, "lst_day": 37.71, "lst_night": 25.05, "frac_built": 0.604, "frac_tree": 0.175, "frac_water": 0.0, "frac_crop": 0.131, "frac_grass": 0.02, "ndvi": 0.296, "ndbi": 0.006, "mndwi": -0.359, "albedo": 0.167, "building_height_mean": 0.0, "night_lights_mean": 0.0, "svf_proxy": 1.0, "suhii_night_ml": 1.68, "suhii_night_2031": 2.1, "suhii_night_2041": 2.86 }, "geometry": { "type": "Polygon", "coordinates": [ [ [ 73.823, 18.467 ], [ 73.823, 18.476 ], [ 73.814, 18.476 ], [ 73.814, 18.467 ], [ 73.823, 18.467 ] ] ] } },
{ "type": "Feature", "properties": { "cell_id": "P0113", "suhii_day": -1.31, "suhii_night": 3.2, "suhii_day_normalized": -1.31, "suhii_night_normalized": 3.2, "lst_day": 37.96, "lst_night": 26.57, "frac_built": 0.602, "frac_tree": 0.323, "frac_water": 0.0, "frac_crop": 0.02, "frac_grass": 0.01, "ndvi": 0.322, "ndbi": -0.036, "mndwi": -0.337, "albedo": 0.182, "building_height_mean": 0.0, "night_lights_mean": 0.0, "svf_proxy": 1.0, "suhii_night_ml": 3.2, "suhii_night_2031": 3.62, "suhii_night_2041": 4.38 }, "geometry": { "type": "Polygon", "coordinates": [ [ [ 73.823, 18.476 ], [ 73.823, 18.485 ], [ 73.814, 18.485 ], [ 73.814, 18.476 ], [ 73.823, 18.476 ] ] ] } },
{ "type": "Feature", "properties": { "cell_id": "P0114", "suhii_day": -2.21, "suhii_night": 4.02, "suhii_day_normalized": -2.21, "suhii_night_normalized": 4.02, "lst_day": 37.06, "lst_night": 27.39, "frac_built": 0.922, "frac_tree": 0.047, "frac_water": 0.0, "frac_crop": 0.0, "frac_grass": 0.031, "ndvi": 0.223, "ndbi": 0.028, "mndwi": -0.305, "albedo": 0.186, "building_height_mean": 0.0, "night_lights_mean": 0.0, "svf_proxy": 1.0, "suhii_night_ml": 4.02, "suhii_night_2031": 4.44, "suhii_night_2041": 5.2 }, "geometry": { "type": "Polygon", "coordinates": [ [ [ 73.823, 18.485 ], [ 73.823, 18.494 ], [ 73.814, 18.494 ], [ 73.814, 18.485 ], [ 73.823, 18.485 ] ] ] } },
{ "type": "Feature", "properties": { "cell_id": "P0115", "suhii_day": -2.86, "suhii_night": 4.18, "suhii_day_normalized": -2.86, "suhii_night_normalized": 4.18, "lst_day": 36.41, "lst_night": 27.55, "frac_built": 0.566, "frac_tree": 0.434, "frac_water": 0.0, "frac_crop": 0.0, "frac_grass": 0.0, "ndvi": 0.366, "ndbi": -0.059, "mndwi": -0.353, "albedo": 0.17, "building_height_mean": 0.0, "night_lights_mean": 0.0, "svf_proxy": 1.0, "suhii_night_ml": 4.18, "suhii_night_2031": 4.6, "suhii_night_2041": 5.36 }, "geometry": { "type": "Polygon", "coordinates": [ [ [ 73.823, 18.494 ], [ 73.823, 18.503 ], [ 73.814, 18.503 ], [ 73.814, 18.494 ], [ 73.823, 18.494 ] ] ] } },
{ "type": "Feature", "properties": { "cell_id": "P0116", "suhii_day": -2.43, "suhii_night": 3.94, "suhii_day_normalized": -2.43, "suhii_night_normalized": 3.94, "lst_day": 36.84, "lst_night": 27.31, "frac_built": 0.701, "frac_tree": 0.294, "frac_water": 0.0, "frac_crop": 0.0, "frac_grass": 0.0, "ndvi": 0.374, "ndbi": -0.068, "mndwi": -0.344, "albedo": 0.174, "building_height_mean": 0.0, "night_lights_mean": 0.0, "svf_proxy": 1.0, "suhii_night_ml": 3.94, "suhii_night_2031": 4.36, "suhii_night_2041": 5.12 }, "geometry": { "type": "Polygon", "coordinates": [ [ [ 73.823, 18.503 ], [ 73.823, 18.512 ], [ 73.814, 18.512 ], [ 73.814, 18.503 ], [ 73.823, 18.503 ] ] ] } },
{ "type": "Feature", "properties": { "cell_id": "P0117", "suhii_day": -0.91, "suhii_night": 3.13, "suhii_day_normalized": -0.91, "suhii_night_normalized": 3.13, "lst_day": 38.36, "lst_night": 26.5, "frac_built": 0.474, "frac_tree": 0.199, "frac_water": 0.0, "frac_crop": 0.0, "frac_grass": 0.023, "ndvi": 0.3, "ndbi": 0.053, "mndwi": -0.407, "albedo": 0.17, "building_height_mean": 0.0, "night_lights_mean": 0.0, "svf_proxy": 1.0, "suhii_night_ml": 3.13, "suhii_night_2031": 3.55, "suhii_night_2041": 4.31 }, "geometry": { "type": "Polygon", "coordinates": [ [ [ 73.823, 18.512 ], [ 73.823, 18.521 ], [ 73.814, 18.521 ], [ 73.814, 18.512 ], [ 73.823, 18.512 ] ] ] } },
{ "type": "Feature", "properties": { "cell_id": "P0118", "suhii_day": -1.53, "suhii_night": 2.81, "suhii_day_normalized": -1.53, "suhii_night_normalized": 2.81, "lst_day": 37.74, "lst_night": 26.18, "frac_built": 0.017, "frac_tree": 0.486, "frac_water": 0.0, "frac_crop": 0.01, "frac_grass": 0.088, "ndvi": 0.287, "ndbi": 0.18, "mndwi": -0.53, "albedo": 0.136, "building_height_mean": 0.0, "night_lights_mean": 0.0, "svf_proxy": 1.0, "suhii_night_ml": 2.81, "suhii_night_2031": 3.23, "suhii_night_2041": 3.99 }, "geometry": { "type": "Polygon", "coordinates": [ [ [ 73.823, 18.521 ], [ 73.823, 18.53 ], [ 73.814, 18.53 ], [ 73.814, 18.521 ], [ 73.823, 18.521 ] ] ] } },
{ "type": "Feature", "properties": { "cell_id": "P0119", "suhii_day": -2.3, "suhii_night": 2.65, "suhii_day_normalized": -2.3, "suhii_night_normalized": 2.65, "lst_day": 36.97, "lst_night": 26.02, "frac_built": 0.069, "frac_tree": 0.363, "frac_water": 0.0, "frac_crop": 0.01, "frac_grass": 0.404, "ndvi": 0.281, "ndbi": 0.123, "mndwi": -0.484, "albedo": 0.155, "building_height_mean": 0.0, "night_lights_mean": 0.0, "svf_proxy": 1.0, "suhii_night_ml": 2.65, "suhii_night_2031": 3.07, "suhii_night_2041": 3.83 }, "geometry": { "type": "Polygon", "coordinates": [ [ [ 73.823, 18.53 ], [ 73.823, 18.539 ], [ 73.814, 18.539 ], [ 73.814, 18.53 ], [ 73.823, 18.53 ] ] ] } },
{ "type": "Feature", "properties": { "cell_id": "P0120", "suhii_day": -3.26, "suhii_night": 2.6, "suhii_day_normalized": -3.26, "suhii_night_normalized": 2.6, "lst_day": 36.01, "lst_night": 25.97, "frac_built": 0.214, "frac_tree": 0.688, "frac_water": 0.0, "frac_crop": 0.0, "frac_grass": 0.015, "ndvi": 0.422, "ndbi": -0.05, "mndwi": -0.418, "albedo": 0.167, "building_height_mean": 0.0, "night_lights_mean": 0.0, "svf_proxy": 1.0, "suhii_night_ml": 2.6, "suhii_night_2031": 3.02, "suhii_night_2041": 3.78 }, "geometry": { "type": "Polygon", "coordinates": [ [ [ 73.823, 18.539 ], [ 73.823, 18.548 ], [ 73.814, 18.548 ], [ 73.814, 18.539 ], [ 73.823, 18.539 ] ] ] } },
{ "type": "Feature", "properties": { "cell_id": "P0121", "suhii_day": -2.75, "suhii_night": 2.16, "suhii_day_normalized": -2.75, "suhii_night_normalized": 2.16, "lst_day": 36.52, "lst_night": 25.53, "frac_built": 0.337, "frac_tree": 0.527, "frac_water": 0.0, "frac_crop": 0.01, "frac_grass": 0.01, "ndvi": 0.388, "ndbi": -0.029, "mndwi": -0.402, "albedo": 0.17, "building_height_mean": 0.0, "night_lights_mean": 0.0, "svf_proxy": 1.0, "suhii_night_ml": 2.16, "suhii_night_2031": 2.58, "suhii_night_2041": 3.34 }, "geometry": { "type": "Polygon", "coordinates": [ [ [ 73.823, 18.548 ], [ 73.823, 18.557 ], [ 73.814, 18.557 ], [ 73.814, 18.548 ], [ 73.823, 18.548 ] ] ] } },
{ "type": "Feature", "properties": { "cell_id": "P0122", "suhii_day": -2.64, "suhii_night": 2.09, "suhii_day_normalized": -2.64, "suhii_night_normalized": 2.09, "lst_day": 36.63, "lst_night": 25.46, "frac_built": 0.277, "frac_tree": 0.497, "frac_water": 0.0, "frac_crop": 0.064, "frac_grass": 0.034, "ndvi": 0.356, "ndbi": 0.015, "mndwi": -0.442, "albedo": 0.16, "building_height_mean": 0.0, "night_lights_mean": 0.0, "svf_proxy": 1.0, "suhii_night_ml": 2.09, "suhii_night_2031": 2.51, "suhii_night_2041": 3.27 }, "geometry": { "type": "Polygon", "coordinates": [ [ [ 73.823, 18.557 ], [ 73.823, 18.566 ], [ 73.814, 18.566 ], [ 73.814, 18.557 ], [ 73.823, 18.557 ] ] ] } },
{ "type": "Feature", "properties": { "cell_id": "P0123", "suhii_day": -2.28, "suhii_night": 2.88, "suhii_day_normalized": -2.28, "suhii_night_normalized": 2.88, "lst_day": 36.99, "lst_night": 26.25, "frac_built": 0.529, "frac_tree": 0.317, "frac_water": 0.03, "frac_crop": 0.05, "frac_grass": 0.016, "ndvi": 0.265, "ndbi": 0.025, "mndwi": -0.347, "albedo": 0.181, "building_height_mean": 0.0, "night_lights_mean": 0.0, "svf_proxy": 1.0, "suhii_night_ml": 2.88, "suhii_night_2031": 3.3, "suhii_night_2041": 4.06 }, "geometry": { "type": "Polygon", "coordinates": [ [ [ 73.823, 18.566 ], [ 73.823, 18.575 ], [ 73.814, 18.575 ], [ 73.814, 18.566 ], [ 73.823, 18.566 ] ] ] } },
{ "type": "Feature", "properties": { "cell_id": "P0124", "suhii_day": -1.06, "suhii_night": 3.48, "suhii_day_normalized": -1.06, "suhii_night_normalized": 3.48, "lst_day": 38.21, "lst_night": 26.85, "frac_built": 0.648, "frac_tree": 0.158, "frac_water": 0.04, "frac_crop": 0.062, "frac_grass": 0.051, "ndvi": 0.263, "ndbi": 0.026, "mndwi": -0.349, "albedo": 0.176, "building_height_mean": 0.0, "night_lights_mean": 0.0, "svf_proxy": 1.0, "suhii_night_ml": 3.48, "suhii_night_2031": 3.9, "suhii_night_2041": 4.66 }, "geometry": { "type": "Polygon", "coordinates": [ [ [ 73.823, 18.575 ], [ 73.823, 18.584 ], [ 73.814, 18.584 ], [ 73.814, 18.575 ], [ 73.823, 18.575 ] ] ] } },
{ "type": "Feature", "properties": { "cell_id": "P0125", "suhii_day": -0.39, "suhii_night": 3.6, "suhii_day_normalized": -0.39, "suhii_night_normalized": 3.6, "lst_day": 38.88, "lst_night": 26.97, "frac_built": 0.896, "frac_tree": 0.01, "frac_water": 0.0, "frac_crop": 0.067, "frac_grass": 0.011, "ndvi": 0.189, "ndbi": 0.056, "mndwi": -0.304, "albedo": 0.198, "building_height_mean": 0.0, "night_lights_mean": 0.0, "svf_proxy": 1.0, "suhii_night_ml": 3.6, "suhii_night_2031": 4.02, "suhii_night_2041": 4.78 }, "geometry": { "type": "Polygon", "coordinates": [ [ [ 73.823, 18.584 ], [ 73.823, 18.593 ], [ 73.814, 18.593 ], [ 73.814, 18.584 ], [ 73.823, 18.584 ] ] ] } },
{ "type": "Feature", "properties": { "cell_id": "P0126", "suhii_day": -0.44, "suhii_night": 3.46, "suhii_day_normalized": -0.44, "suhii_night_normalized": 3.46, "lst_day": 38.83, "lst_night": 26.83, "frac_built": 0.62, "frac_tree": 0.169, "frac_water": 0.0, "frac_crop": 0.149, "frac_grass": 0.022, "ndvi": 0.269, "ndbi": 0.014, "mndwi": -0.342, "albedo": 0.178, "building_height_mean": 0.0, "night_lights_mean": 0.0, "svf_proxy": 1.0, "suhii_night_ml": 3.46, "suhii_night_2031": 3.88, "suhii_night_2041": 4.64 }, "geometry": { "type": "Polygon", "coordinates": [ [ [ 73.823, 18.593 ], [ 73.823, 18.602 ], [ 73.814, 18.602 ], [ 73.814, 18.593 ], [ 73.823, 18.593 ] ] ] } },
{ "type": "Feature", "properties": { "cell_id": "P0127", "suhii_day": -1.65, "suhii_night": -0.77, "suhii_day_normalized": -1.65, "suhii_night_normalized": -0.77, "lst_day": 37.62, "lst_night": 22.6, "frac_built": 0.784, "frac_tree": 0.014, "frac_water": 0.0, "frac_crop": 0.091, "frac_grass": 0.09, "ndvi": 0.176, "ndbi": 0.057, "mndwi": -0.304, "albedo": 0.19, "building_height_mean": 0.0, "night_lights_mean": 0.0, "svf_proxy": 1.0, "suhii_night_ml": -0.77, "suhii_night_2031": -0.35, "suhii_night_2041": 0.41 }, "geometry": { "type": "Polygon", "coordinates": [ [ [ 73.832, 18.44 ], [ 73.832, 18.449 ], [ 73.823, 18.449 ], [ 73.823, 18.44 ], [ 73.832, 18.44 ] ] ] } },
{ "type": "Feature", "properties": { "cell_id": "P0128", "suhii_day": -2.19, "suhii_night": 0.67, "suhii_day_normalized": -2.19, "suhii_night_normalized": 0.67, "lst_day": 37.08, "lst_night": 24.04, "frac_built": 0.86, "frac_tree": 0.105, "frac_water": 0.0, "frac_crop": 0.02, "frac_grass": 0.005, "ndvi": 0.204, "ndbi": 0.031, "mndwi": -0.297, "albedo": 0.182, "building_height_mean": 0.0, "night_lights_mean": 0.0, "svf_proxy": 1.0, "suhii_night_ml": 0.67, "suhii_night_2031": 1.09, "suhii_night_2041": 1.85 }, "geometry": { "type": "Polygon", "coordinates": [ [ [ 73.832, 18.449 ], [ 73.832, 18.458 ], [ 73.823, 18.458 ], [ 73.823, 18.449 ], [ 73.832, 18.449 ] ] ] } },
{ "type": "Feature", "properties": { "cell_id": "P0129", "suhii_day": -2.16, "suhii_night": 0.12, "suhii_day_normalized": -2.16, "suhii_night_normalized": 0.12, "lst_day": 37.11, "lst_night": 23.49, "frac_built": 0.83, "frac_tree": 0.056, "frac_water": 0.0, "frac_crop": 0.104, "frac_grass": 0.01, "ndvi": 0.209, "ndbi": 0.032, "mndwi": -0.299, "albedo": 0.183, "building_height_mean": 0.0, "night_lights_mean": 0.0, "svf_proxy": 1.0, "suhii_night_ml": 0.12, "suhii_night_2031": 0.54, "suhii_night_2041": 1.3 }, "geometry": { "type": "Polygon", "coordinates": [ [ [ 73.832, 18.458 ], [ 73.832, 18.467 ], [ 73.823, 18.467 ], [ 73.823, 18.458 ], [ 73.832, 18.458 ] ] ] } },
{ "type": "Feature", "properties": { "cell_id": "P0130", "suhii_day": -2.03, "suhii_night": 2.6, "suhii_day_normalized": -2.03, "suhii_night_normalized": 2.6, "lst_day": 37.24, "lst_night": 25.97, "frac_built": 0.671, "frac_tree": 0.189, "frac_water": 0.0, "frac_crop": 0.02, "frac_grass": 0.015, "ndvi": 0.261, "ndbi": 0.02, "mndwi": -0.334, "albedo": 0.175, "building_height_mean": 0.0, "night_lights_mean": 0.0, "svf_proxy": 1.0, "suhii_night_ml": 2.6, "suhii_night_2031": 3.02, "suhii_night_2041": 3.78 }, "geometry": { "type": "Polygon", "coordinates": [ [ [ 73.832, 18.467 ], [ 73.832, 18.476 ], [ 73.823, 18.476 ], [ 73.823, 18.467 ], [ 73.832, 18.467 ] ] ] } },
{ "type": "Feature", "properties": { "cell_id": "P0131", "suhii_day": -2.22, "suhii_night": 2.55, "suhii_day_normalized": -2.22, "suhii_night_normalized": 2.55, "lst_day": 37.05, "lst_night": 25.92, "frac_built": 0.595, "frac_tree": 0.309, "frac_water": 0.0, "frac_crop": 0.0, "frac_grass": 0.031, "ndvi": 0.308, "ndbi": -0.012, "mndwi": -0.346, "albedo": 0.176, "building_height_mean": 0.0, "night_lights_mean": 0.0, "svf_proxy": 1.0, "suhii_night_ml": 2.55, "suhii_night_2031": 2.97, "suhii_night_2041": 3.73 }, "geometry": { "type": "Polygon", "coordinates": [ [ [ 73.832, 18.476 ], [ 73.832, 18.485 ], [ 73.823, 18.485 ], [ 73.823, 18.476 ], [ 73.832, 18.476 ] ] ] } },
{ "type": "Feature", "properties": { "cell_id": "P0132", "suhii_day": -2.96, "suhii_night": 3.61, "suhii_day_normalized": -2.96, "suhii_night_normalized": 3.61, "lst_day": 36.31, "lst_night": 26.98, "frac_built": 0.566, "frac_tree": 0.316, "frac_water": 0.0, "frac_crop": 0.0, "frac_grass": 0.019, "ndvi": 0.385, "ndbi": -0.065, "mndwi": -0.371, "albedo": 0.17, "building_height_mean": 0.0, "night_lights_mean": 0.0, "svf_proxy": 1.0, "suhii_night_ml": 3.61, "suhii_night_2031": 4.03, "suhii_night_2041": 4.79 }, "geometry": { "type": "Polygon", "coordinates": [ [ [ 73.832, 18.485 ], [ 73.832, 18.494 ], [ 73.823, 18.494 ], [ 73.823, 18.485 ], [ 73.832, 18.485 ] ] ] } },
{ "type": "Feature", "properties": { "cell_id": "P0133", "suhii_day": -3.46, "suhii_night": 4.22, "suhii_day_normalized": -3.46, "suhii_night_normalized": 4.22, "lst_day": 35.81, "lst_night": 27.59, "frac_built": 0.527, "frac_tree": 0.453, "frac_water": 0.0, "frac_crop": 0.0, "frac_grass": 0.02, "ndvi": 0.4, "ndbi": -0.082, "mndwi": -0.361, "albedo": 0.169, "building_height_mean": 0.0, "night_lights_mean": 0.0, "svf_proxy": 1.0, "suhii_night_ml": 4.22, "suhii_night_2031": 4.64, "suhii_night_2041": 5.4 }, "geometry": { "type": "Polygon", "coordinates": [ [ [ 73.832, 18.494 ], [ 73.832, 18.503 ], [ 73.823, 18.503 ], [ 73.823, 18.494 ], [ 73.832, 18.494 ] ] ] } },
{ "type": "Feature", "properties": { "cell_id": "P0134", "suhii_day": -3.35, "suhii_night": 4.13, "suhii_day_normalized": -3.35, "suhii_night_normalized": 4.13, "lst_day": 35.92, "lst_night": 27.5, "frac_built": 0.623, "frac_tree": 0.297, "frac_water": 0.0, "frac_crop": 0.0, "frac_grass": 0.07, "ndvi": 0.344, "ndbi": -0.034, "mndwi": -0.355, "albedo": 0.17, "building_height_mean": 0.0, "night_lights_mean": 0.0, "svf_proxy": 1.0, "suhii_night_ml": 4.13, "suhii_night_2031": 4.55, "suhii_night_2041": 5.31 }, "geometry": { "type": "Polygon", "coordinates": [ [ [ 73.832, 18.503 ], [ 73.832, 18.512 ], [ 73.823, 18.512 ], [ 73.823, 18.503 ], [ 73.832, 18.503 ] ] ] } },
{ "type": "Feature", "properties": { "cell_id": "P0135", "suhii_day": -2.25, "suhii_night": 3.5, "suhii_day_normalized": -2.25, "suhii_night_normalized": 3.5, "lst_day": 37.02, "lst_night": 26.87, "frac_built": 0.264, "frac_tree": 0.491, "frac_water": 0.0, "frac_crop": 0.0, "frac_grass": 0.021, "ndvi": 0.353, "ndbi": 0.026, "mndwi": -0.432, "albedo": 0.156, "building_height_mean": 0.0, "night_lights_mean": 0.0, "svf_proxy": 1.0, "suhii_night_ml": 3.5, "suhii_night_2031": 3.92, "suhii_night_2041": 4.68 }, "geometry": { "type": "Polygon", "coordinates": [ [ [ 73.832, 18.512 ], [ 73.832, 18.521 ], [ 73.823, 18.521 ], [ 73.823, 18.512 ], [ 73.832, 18.512 ] ] ] } },
{ "type": "Feature", "properties": { "cell_id": "P0136", "suhii_day": -2.47, "suhii_night": 3.24, "suhii_day_normalized": -2.47, "suhii_night_normalized": 3.24, "lst_day": 36.8, "lst_night": 26.61, "frac_built": 0.595, "frac_tree": 0.235, "frac_water": 0.0, "frac_crop": 0.0, "frac_grass": 0.019, "ndvi": 0.304, "ndbi": 0.008, "mndwi": -0.356, "albedo": 0.181, "building_height_mean": 0.0, "night_lights_mean": 0.0, "svf_proxy": 1.0, "suhii_night_ml": 3.24, "suhii_night_2031": 3.66, "suhii_night_2041": 4.42 }, "geometry": { "type": "Polygon", "coordinates": [ [ [ 73.832, 18.521 ], [ 73.832, 18.53 ], [ 73.823, 18.53 ], [ 73.823, 18.521 ], [ 73.832, 18.521 ] ] ] } },
{ "type": "Feature", "properties": { "cell_id": "P0137", "suhii_day": -2.71, "suhii_night": 2.97, "suhii_day_normalized": -2.71, "suhii_night_normalized": 2.97, "lst_day": 36.56, "lst_night": 26.34, "frac_built": 0.478, "frac_tree": 0.234, "frac_water": 0.0, "frac_crop": 0.0, "frac_grass": 0.228, "ndvi": 0.273, "ndbi": 0.03, "mndwi": -0.363, "albedo": 0.178, "building_height_mean": 0.0, "night_lights_mean": 0.0, "svf_proxy": 1.0, "suhii_night_ml": 2.97, "suhii_night_2031": 3.39, "suhii_night_2041": 4.15 }, "geometry": { "type": "Polygon", "coordinates": [ [ [ 73.832, 18.53 ], [ 73.832, 18.539 ], [ 73.823, 18.539 ], [ 73.823, 18.53 ], [ 73.832, 18.53 ] ] ] } },
{ "type": "Feature", "properties": { "cell_id": "P0138", "suhii_day": -3.15, "suhii_night": 3.68, "suhii_day_normalized": -3.15, "suhii_night_normalized": 3.68, "lst_day": 36.12, "lst_night": 27.05, "frac_built": 0.297, "frac_tree": 0.563, "frac_water": 0.0, "frac_crop": 0.0, "frac_grass": 0.068, "ndvi": 0.394, "ndbi": -0.021, "mndwi": -0.413, "albedo": 0.158, "building_height_mean": 0.0, "night_lights_mean": 0.0, "svf_proxy": 1.0, "suhii_night_ml": 3.68, "suhii_night_2031": 4.1, "suhii_night_2041": 4.86 }, "geometry": { "type": "Polygon", "coordinates": [ [ [ 73.832, 18.539 ], [ 73.832, 18.548 ], [ 73.823, 18.548 ], [ 73.823, 18.539 ], [ 73.832, 18.539 ] ] ] } },
{ "type": "Feature", "properties": { "cell_id": "P0139", "suhii_day": -3.07, "suhii_night": 2.42, "suhii_day_normalized": -3.07, "suhii_night_normalized": 2.42, "lst_day": 36.2, "lst_night": 25.79, "frac_built": 0.24, "frac_tree": 0.58, "frac_water": 0.0, "frac_crop": 0.002, "frac_grass": 0.047, "ndvi": 0.452, "ndbi": -0.048, "mndwi": -0.444, "albedo": 0.162, "building_height_mean": 0.0, "night_lights_mean": 0.0, "svf_proxy": 1.0, "suhii_night_ml": 2.42, "suhii_night_2031": 2.84, "suhii_night_2041": 3.6 }, "geometry": { "type": "Polygon", "coordinates": [ [ [ 73.832, 18.548 ], [ 73.832, 18.557 ], [ 73.823, 18.557 ], [ 73.823, 18.548 ], [ 73.832, 18.548 ] ] ] } },
{ "type": "Feature", "properties": { "cell_id": "P0140", "suhii_day": -3.01, "suhii_night": 1.68, "suhii_day_normalized": -3.01, "suhii_night_normalized": 1.68, "lst_day": 36.26, "lst_night": 25.05, "frac_built": 0.294, "frac_tree": 0.592, "frac_water": 0.0, "frac_crop": 0.026, "frac_grass": 0.008, "ndvi": 0.445, "ndbi": -0.061, "mndwi": -0.429, "albedo": 0.166, "building_height_mean": 0.0, "night_lights_mean": 0.0, "svf_proxy": 1.0, "suhii_night_ml": 1.68, "suhii_night_2031": 2.1, "suhii_night_2041": 2.86 }, "geometry": { "type": "Polygon", "coordinates": [ [ [ 73.832, 18.557 ], [ 73.832, 18.566 ], [ 73.823, 18.566 ], [ 73.823, 18.557 ], [ 73.832, 18.557 ] ] ] } },
{ "type": "Feature", "properties": { "cell_id": "P0141", "suhii_day": -2.05, "suhii_night": 2.83, "suhii_day_normalized": -2.05, "suhii_night_normalized": 2.83, "lst_day": 37.22, "lst_night": 26.2, "frac_built": 0.502, "frac_tree": 0.43, "frac_water": 0.04, "frac_crop": 0.028, "frac_grass": 0.0, "ndvi": 0.348, "ndbi": -0.031, "mndwi": -0.354, "albedo": 0.168, "building_height_mean": 0.0, "night_lights_mean": 0.0, "svf_proxy": 1.0, "suhii_night_ml": 2.83, "suhii_night_2031": 3.25, "suhii_night_2041": 4.01 }, "geometry": { "type": "Polygon", "coordinates": [ [ [ 73.832, 18.566 ], [ 73.832, 18.575 ], [ 73.823, 18.575 ], [ 73.823, 18.566 ], [ 73.832, 18.566 ] ] ] } },
{ "type": "Feature", "properties": { "cell_id": "P0142", "suhii_day": -1.57, "suhii_night": 3.69, "suhii_day_normalized": -1.57, "suhii_night_normalized": 3.69, "lst_day": 37.7, "lst_night": 27.06, "frac_built": 0.656, "frac_tree": 0.284, "frac_water": 0.04, "frac_crop": 0.01, "frac_grass": 0.01, "ndvi": 0.326, "ndbi": -0.007, "mndwi": -0.368, "albedo": 0.168, "building_height_mean": 0.0, "night_lights_mean": 0.0, "svf_proxy": 1.0, "suhii_night_ml": 3.69, "suhii_night_2031": 4.11, "suhii_night_2041": 4.87 }, "geometry": { "type": "Polygon", "coordinates": [ [ [ 73.832, 18.575 ], [ 73.832, 18.584 ], [ 73.823, 18.584 ], [ 73.823, 18.575 ], [ 73.832, 18.575 ] ] ] } },
{ "type": "Feature", "properties": { "cell_id": "P0143", "suhii_day": -1.09, "suhii_night": 3.48, "suhii_day_normalized": -1.09, "suhii_night_normalized": 3.48, "lst_day": 38.18, "lst_night": 26.85, "frac_built": 0.68, "frac_tree": 0.218, "frac_water": 0.0, "frac_crop": 0.042, "frac_grass": 0.04, "ndvi": 0.258, "ndbi": 0.015, "mndwi": -0.327, "albedo": 0.188, "building_height_mean": 0.0, "night_lights_mean": 0.0, "svf_proxy": 1.0, "suhii_night_ml": 3.48, "suhii_night_2031": 3.9, "suhii_night_2041": 4.66 }, "geometry": { "type": "Polygon", "coordinates": [ [ [ 73.832, 18.584 ], [ 73.832, 18.593 ], [ 73.823, 18.593 ], [ 73.823, 18.584 ], [ 73.832, 18.584 ] ] ] } },
{ "type": "Feature", "properties": { "cell_id": "P0144", "suhii_day": -1.08, "suhii_night": 2.89, "suhii_day_normalized": -1.08, "suhii_night_normalized": 2.89, "lst_day": 38.19, "lst_night": 26.26, "frac_built": 0.535, "frac_tree": 0.233, "frac_water": 0.0, "frac_crop": 0.19, "frac_grass": 0.038, "ndvi": 0.285, "ndbi": 0.031, "mndwi": -0.371, "albedo": 0.17, "building_height_mean": 0.0, "night_lights_mean": 0.0, "svf_proxy": 1.0, "suhii_night_ml": 2.89, "suhii_night_2031": 3.31, "suhii_night_2041": 4.07 }, "geometry": { "type": "Polygon", "coordinates": [ [ [ 73.832, 18.593 ], [ 73.832, 18.602 ], [ 73.823, 18.602 ], [ 73.823, 18.593 ], [ 73.832, 18.593 ] ] ] } },
{ "type": "Feature", "properties": { "cell_id": "P0145", "suhii_day": -2.11, "suhii_night": -0.72, "suhii_day_normalized": -2.11, "suhii_night_normalized": -0.72, "lst_day": 37.16, "lst_night": 22.65, "frac_built": 0.723, "frac_tree": 0.08, "frac_water": 0.0, "frac_crop": 0.046, "frac_grass": 0.082, "ndvi": 0.212, "ndbi": 0.048, "mndwi": -0.335, "albedo": 0.179, "building_height_mean": 0.0, "night_lights_mean": 0.0, "svf_proxy": 1.0, "suhii_night_ml": -0.72, "suhii_night_2031": -0.3, "suhii_night_2041": 0.46 }, "geometry": { "type": "Polygon", "coordinates": [ [ [ 73.841, 18.44 ], [ 73.841, 18.449 ], [ 73.832, 18.449 ], [ 73.832, 18.44 ], [ 73.841, 18.44 ] ] ] } },
{ "type": "Feature", "properties": { "cell_id": "P0146", "suhii_day": -2.41, "suhii_night": 3.2, "suhii_day_normalized": -2.41, "suhii_night_normalized": 3.2, "lst_day": 36.86, "lst_night": 26.57, "frac_built": 0.914, "frac_tree": 0.035, "frac_water": 0.0, "frac_crop": 0.01, "frac_grass": 0.02, "ndvi": 0.154, "ndbi": 0.054, "mndwi": -0.27, "albedo": 0.187, "building_height_mean": 0.0, "night_lights_mean": 0.0, "svf_proxy": 1.0, "suhii_night_ml": 3.2, "suhii_night_2031": 3.62, "suhii_night_2041": 4.38 }, "geometry": { "type": "Polygon", "coordinates": [ [ [ 73.841, 18.449 ], [ 73.841, 18.458 ], [ 73.832, 18.458 ], [ 73.832, 18.449 ], [ 73.841, 18.449 ] ] ] } },
{ "type": "Feature", "properties": { "cell_id": "P0147", "suhii_day": -2.57, "suhii_night": 3.68, "suhii_day_normalized": -2.57, "suhii_night_normalized": 3.68, "lst_day": 36.7, "lst_night": 27.05, "frac_built": 0.75, "frac_tree": 0.065, "frac_water": 0.0, "frac_crop": 0.085, "frac_grass": 0.0, "ndvi": 0.222, "ndbi": 0.048, "mndwi": -0.331, "albedo": 0.185, "building_height_mean": 0.0, "night_lights_mean": 0.0, "svf_proxy": 1.0, "suhii_night_ml": 3.68, "suhii_night_2031": 4.1, "suhii_night_2041": 4.86 }, "geometry": { "type": "Polygon", "coordinates": [ [ [ 73.841, 18.458 ], [ 73.841, 18.467 ], [ 73.832, 18.467 ], [ 73.832, 18.458 ], [ 73.841, 18.458 ] ] ] } },
{ "type": "Feature", "properties": { "cell_id": "P0148", "suhii_day": -2.5, "suhii_night": 3.09, "suhii_day_normalized": -2.5, "suhii_night_normalized": 3.09, "lst_day": 36.77, "lst_night": 26.46, "frac_built": 0.295, "frac_tree": 0.255, "frac_water": 0.0, "frac_crop": 0.01, "frac_grass": 0.07, "ndvi": 0.315, "ndbi": 0.095, "mndwi": -0.464, "albedo": 0.156, "building_height_mean": 0.0, "night_lights_mean": 0.0, "svf_proxy": 1.0, "suhii_night_ml": 3.09, "suhii_night_2031": 3.51, "suhii_night_2041": 4.27 }, "geometry": { "type": "Polygon", "coordinates": [ [ [ 73.841, 18.467 ], [ 73.841, 18.476 ], [ 73.832, 18.476 ], [ 73.832, 18.467 ], [ 73.841, 18.467 ] ] ] } },
{ "type": "Feature", "properties": { "cell_id": "P0149", "suhii_day": -2.64, "suhii_night": 2.6, "suhii_day_normalized": -2.64, "suhii_night_normalized": 2.6, "lst_day": 36.63, "lst_night": 25.97, "frac_built": 0.169, "frac_tree": 0.487, "frac_water": 0.0, "frac_crop": 0.01, "frac_grass": 0.01, "ndvi": 0.282, "ndbi": 0.155, "mndwi": -0.498, "albedo": 0.145, "building_height_mean": 0.0, "night_lights_mean": 0.0, "svf_proxy": 1.0, "suhii_night_ml": 2.6, "suhii_night_2031": 3.02, "suhii_night_2041": 3.78 }, "geometry": { "type": "Polygon", "coordinates": [ [ [ 73.841, 18.476 ], [ 73.841, 18.485 ], [ 73.832, 18.485 ], [ 73.832, 18.476 ], [ 73.841, 18.476 ] ] ] } },
{ "type": "Feature", "properties": { "cell_id": "P0150", "suhii_day": -3.45, "suhii_night": 3.52, "suhii_day_normalized": -3.45, "suhii_night_normalized": 3.52, "lst_day": 35.82, "lst_night": 26.89, "frac_built": 0.468, "frac_tree": 0.313, "frac_water": 0.0, "frac_crop": 0.0, "frac_grass": 0.04, "ndvi": 0.263, "ndbi": 0.064, "mndwi": -0.396, "albedo": 0.164, "building_height_mean": 0.0, "night_lights_mean": 0.0, "svf_proxy": 1.0, "suhii_night_ml": 3.52, "suhii_night_2031": 3.94, "suhii_night_2041": 4.7 }, "geometry": { "type": "Polygon", "coordinates": [ [ [ 73.841, 18.485 ], [ 73.841, 18.494 ], [ 73.832, 18.494 ], [ 73.832, 18.485 ], [ 73.841, 18.485 ] ] ] } },
{ "type": "Feature", "properties": { "cell_id": "P0151", "suhii_day": -3.7, "suhii_night": 4.23, "suhii_day_normalized": -3.7, "suhii_night_normalized": 4.23, "lst_day": 35.57, "lst_night": 27.6, "frac_built": 0.631, "frac_tree": 0.369, "frac_water": 0.0, "frac_crop": 0.0, "frac_grass": 0.0, "ndvi": 0.4, "ndbi": -0.085, "mndwi": -0.35, "albedo": 0.178, "building_height_mean": 0.0, "night_lights_mean": 0.0, "svf_proxy": 1.0, "suhii_night_ml": 4.23, "suhii_night_2031": 4.65, "suhii_night_2041": 5.41 }, "geometry": { "type": "Polygon", "coordinates": [ [ [ 73.841, 18.494 ], [ 73.841, 18.503 ], [ 73.832, 18.503 ], [ 73.832, 18.494 ], [ 73.841, 18.494 ] ] ] } },
{ "type": "Feature", "properties": { "cell_id": "P0152", "suhii_day": -3.36, "suhii_night": 4.43, "suhii_day_normalized": -3.36, "suhii_night_normalized": 4.43, "lst_day": 35.91, "lst_night": 27.8, "frac_built": 0.6, "frac_tree": 0.36, "frac_water": 0.0, "frac_crop": 0.015, "frac_grass": 0.005, "ndvi": 0.386, "ndbi": -0.071, "mndwi": -0.355, "albedo": 0.168, "building_height_mean": 0.0, "night_lights_mean": 0.0, "svf_proxy": 1.0, "suhii_night_ml": 4.43, "suhii_night_2031": 4.85, "suhii_night_2041": 5.61 }, "geometry": { "type": "Polygon", "coordinates": [ [ [ 73.841, 18.503 ], [ 73.841, 18.512 ], [ 73.832, 18.512 ], [ 73.832, 18.503 ], [ 73.841, 18.503 ] ] ] } },
{ "type": "Feature", "properties": { "cell_id": "P0153", "suhii_day": -3.0, "suhii_night": 4.0, "suhii_day_normalized": -3.0, "suhii_night_normalized": 4.0, "lst_day": 36.27, "lst_night": 27.37, "frac_built": 0.533, "frac_tree": 0.455, "frac_water": 0.0, "frac_crop": 0.0, "frac_grass": 0.01, "ndvi": 0.418, "ndbi": -0.094, "mndwi": -0.357, "albedo": 0.174, "building_height_mean": 0.0, "night_lights_mean": 0.0, "svf_proxy": 1.0, "suhii_night_ml": 4.0, "suhii_night_2031": 4.42, "suhii_night_2041": 5.18 }, "geometry": { "type": "Polygon", "coordinates": [ [ [ 73.841, 18.512 ], [ 73.841, 18.521 ], [ 73.832, 18.521 ], [ 73.832, 18.512 ], [ 73.841, 18.512 ] ] ] } },
{ "type": "Feature", "properties": { "cell_id": "P0154", "suhii_day": -2.94, "suhii_night": 3.85, "suhii_day_normalized": -2.94, "suhii_night_normalized": 3.85, "lst_day": 36.33, "lst_night": 27.22, "frac_built": 0.481, "frac_tree": 0.287, "frac_water": 0.0, "frac_crop": 0.0, "frac_grass": 0.03, "ndvi": 0.292, "ndbi": 0.025, "mndwi": -0.377, "albedo": 0.175, "building_height_mean": 0.0, "night_lights_mean": 0.0, "svf_proxy": 1.0, "suhii_night_ml": 3.85, "suhii_night_2031": 4.27, "suhii_night_2041": 5.03 }, "geometry": { "type": "Polygon", "coordinates": [ [ [ 73.841, 18.521 ], [ 73.841, 18.53 ], [ 73.832, 18.53 ], [ 73.832, 18.521 ], [ 73.841, 18.521 ] ] ] } },
{ "type": "Feature", "properties": { "cell_id": "P0155", "suhii_day": -2.99, "suhii_night": 3.69, "suhii_day_normalized": -2.99, "suhii_night_normalized": 3.69, "lst_day": 36.28, "lst_night": 27.06, "frac_built": 0.401, "frac_tree": 0.527, "frac_water": 0.0, "frac_crop": 0.04, "frac_grass": 0.03, "ndvi": 0.407, "ndbi": -0.079, "mndwi": -0.376, "albedo": 0.172, "building_height_mean": 0.0, "night_lights_mean": 0.0, "svf_proxy": 1.0, "suhii_night_ml": 3.69, "suhii_night_2031": 4.11, "suhii_night_2041": 4.87 }, "geometry": { "type": "Polygon", "coordinates": [ [ [ 73.841, 18.53 ], [ 73.841, 18.539 ], [ 73.832, 18.539 ], [ 73.832, 18.53 ], [ 73.841, 18.53 ] ] ] } },
{ "type": "Feature", "properties": { "cell_id": "P0156", "suhii_day": -3.06, "suhii_night": 3.93, "suhii_day_normalized": -3.06, "suhii_night_normalized": 3.93, "lst_day": 36.21, "lst_night": 27.3, "frac_built": 0.242, "frac_tree": 0.433, "frac_water": 0.0, "frac_crop": 0.045, "frac_grass": 0.087, "ndvi": 0.351, "ndbi": 0.01, "mndwi": -0.415, "albedo": 0.17, "building_height_mean": 0.0, "night_lights_mean": 0.0, "svf_proxy": 1.0, "suhii_night_ml": 3.93, "suhii_night_2031": 4.35, "suhii_night_2041": 5.11 }, "geometry": { "type": "Polygon", "coordinates": [ [ [ 73.841, 18.539 ], [ 73.841, 18.548 ], [ 73.832, 18.548 ], [ 73.832, 18.539 ], [ 73.841, 18.539 ] ] ] } },
{ "type": "Feature", "properties": { "cell_id": "P0157", "suhii_day": -2.74, "suhii_night": 3.42, "suhii_day_normalized": -2.74, "suhii_night_normalized": 3.42, "lst_day": 36.53, "lst_night": 26.79, "frac_built": 0.276, "frac_tree": 0.367, "frac_water": 0.0, "frac_crop": 0.019, "frac_grass": 0.058, "ndvi": 0.312, "ndbi": 0.062, "mndwi": -0.437, "albedo": 0.177, "building_height_mean": 0.0, "night_lights_mean": 0.0, "svf_proxy": 1.0, "suhii_night_ml": 3.42, "suhii_night_2031": 3.84, "suhii_night_2041": 4.6 }, "geometry": { "type": "Polygon", "coordinates": [ [ [ 73.841, 18.548 ], [ 73.841, 18.557 ], [ 73.832, 18.557 ], [ 73.832, 18.548 ], [ 73.841, 18.548 ] ] ] } },
{ "type": "Feature", "properties": { "cell_id": "P0158", "suhii_day": -2.67, "suhii_night": 3.27, "suhii_day_normalized": -2.67, "suhii_night_normalized": 3.27, "lst_day": 36.6, "lst_night": 26.64, "frac_built": 0.407, "frac_tree": 0.362, "frac_water": 0.0, "frac_crop": 0.033, "frac_grass": 0.07, "ndvi": 0.375, "ndbi": -0.018, "mndwi": -0.419, "albedo": 0.174, "building_height_mean": 0.0, "night_lights_mean": 0.0, "svf_proxy": 1.0, "suhii_night_ml": 3.27, "suhii_night_2031": 3.69, "suhii_night_2041": 4.45 }, "geometry": { "type": "Polygon", "coordinates": [ [ [ 73.841, 18.557 ], [ 73.841, 18.566 ], [ 73.832, 18.566 ], [ 73.832, 18.557 ], [ 73.841, 18.557 ] ] ] } },
{ "type": "Feature", "properties": { "cell_id": "P0159", "suhii_day": -2.57, "suhii_night": 2.95, "suhii_day_normalized": -2.57, "suhii_night_normalized": 2.95, "lst_day": 36.7, "lst_night": 26.32, "frac_built": 0.564, "frac_tree": 0.328, "frac_water": 0.012, "frac_crop": 0.04, "frac_grass": 0.0, "ndvi": 0.326, "ndbi": 0.01, "mndwi": -0.373, "albedo": 0.156, "building_height_mean": 0.0, "night_lights_mean": 0.0, "svf_proxy": 1.0, "suhii_night_ml": 2.95, "suhii_night_2031": 3.37, "suhii_night_2041": 4.13 }, "geometry": { "type": "Polygon", "coordinates": [ [ [ 73.841, 18.566 ], [ 73.841, 18.575 ], [ 73.832, 18.575 ], [ 73.832, 18.566 ], [ 73.841, 18.566 ] ] ] } },
{ "type": "Feature", "properties": { "cell_id": "P0160", "suhii_day": -2.47, "suhii_night": 3.41, "suhii_day_normalized": -2.47, "suhii_night_normalized": 3.41, "lst_day": 36.8, "lst_night": 26.78, "frac_built": 0.387, "frac_tree": 0.261, "frac_water": 0.008, "frac_crop": 0.08, "frac_grass": 0.037, "ndvi": 0.309, "ndbi": 0.055, "mndwi": -0.423, "albedo": 0.16, "building_height_mean": 0.0, "night_lights_mean": 0.0, "svf_proxy": 1.0, "suhii_night_ml": 3.41, "suhii_night_2031": 3.83, "suhii_night_2041": 4.59 }, "geometry": { "type": "Polygon", "coordinates": [ [ [ 73.841, 18.575 ], [ 73.841, 18.584 ], [ 73.832, 18.584 ], [ 73.832, 18.575 ], [ 73.841, 18.575 ] ] ] } },
{ "type": "Feature", "properties": { "cell_id": "P0161", "suhii_day": -2.24, "suhii_night": 3.25, "suhii_day_normalized": -2.24, "suhii_night_normalized": 3.25, "lst_day": 37.03, "lst_night": 26.62, "frac_built": 0.182, "frac_tree": 0.468, "frac_water": 0.0, "frac_crop": 0.018, "frac_grass": 0.057, "ndvi": 0.392, "ndbi": 0.024, "mndwi": -0.474, "albedo": 0.157, "building_height_mean": 0.0, "night_lights_mean": 0.0, "svf_proxy": 1.0, "suhii_night_ml": 3.25, "suhii_night_2031": 3.67, "suhii_night_2041": 4.43 }, "geometry": { "type": "Polygon", "coordinates": [ [ [ 73.841, 18.584 ], [ 73.841, 18.593 ], [ 73.832, 18.593 ], [ 73.832, 18.584 ], [ 73.841, 18.584 ] ] ] } },
{ "type": "Feature", "properties": { "cell_id": "P0162", "suhii_day": -2.37, "suhii_night": 2.06, "suhii_day_normalized": -2.37, "suhii_night_normalized": 2.06, "lst_day": 36.9, "lst_night": 25.43, "frac_built": 0.004, "frac_tree": 0.423, "frac_water": 0.001, "frac_crop": 0.034, "frac_grass": 0.026, "ndvi": 0.44, "ndbi": 0.026, "mndwi": -0.507, "albedo": 0.154, "building_height_mean": 0.0, "night_lights_mean": 0.0, "svf_proxy": 1.0, "suhii_night_ml": 2.06, "suhii_night_2031": 2.48, "suhii_night_2041": 3.24 }, "geometry": { "type": "Polygon", "coordinates": [ [ [ 73.841, 18.593 ], [ 73.841, 18.602 ], [ 73.832, 18.602 ], [ 73.832, 18.593 ], [ 73.841, 18.593 ] ] ] } },
{ "type": "Feature", "properties": { "cell_id": "P0163", "suhii_day": -2.38, "suhii_night": 1.47, "suhii_day_normalized": -2.38, "suhii_night_normalized": 1.47, "lst_day": 36.89, "lst_night": 24.84, "frac_built": 0.632, "frac_tree": 0.253, "frac_water": 0.0, "frac_crop": 0.015, "frac_grass": 0.02, "ndvi": 0.269, "ndbi": 0.011, "mndwi": -0.34, "albedo": 0.178, "building_height_mean": 0.0, "night_lights_mean": 0.0, "svf_proxy": 1.0, "suhii_night_ml": 1.47, "suhii_night_2031": 1.89, "suhii_night_2041": 2.65 }, "geometry": { "type": "Polygon", "coordinates": [ [ [ 73.85, 18.44 ], [ 73.85, 18.449 ], [ 73.841, 18.449 ], [ 73.841, 18.44 ], [ 73.85, 18.44 ] ] ] } },
{ "type": "Feature", "properties": { "cell_id": "P0164", "suhii_day": -2.36, "suhii_night": 3.85, "suhii_day_normalized": -2.36, "suhii_night_normalized": 3.85, "lst_day": 36.91, "lst_night": 27.22, "frac_built": 0.949, "frac_tree": 0.031, "frac_water": 0.0, "frac_crop": 0.01, "frac_grass": 0.0, "ndvi": 0.207, "ndbi": 0.027, "mndwi": -0.299, "albedo": 0.181, "building_height_mean": 0.0, "night_lights_mean": 0.0, "svf_proxy": 1.0, "suhii_night_ml": 3.85, "suhii_night_2031": 4.27, "suhii_night_2041": 5.03 }, "geometry": { "type": "Polygon", "coordinates": [ [ [ 73.85, 18.449 ], [ 73.85, 18.458 ], [ 73.841, 18.458 ], [ 73.841, 18.449 ], [ 73.85, 18.449 ] ] ] } },
{ "type": "Feature", "properties": { "cell_id": "P0165", "suhii_day": -2.59, "suhii_night": 3.6, "suhii_day_normalized": -2.59, "suhii_night_normalized": 3.6, "lst_day": 36.68, "lst_night": 26.97, "frac_built": 0.816, "frac_tree": 0.035, "frac_water": 0.0, "frac_crop": 0.05, "frac_grass": 0.0, "ndvi": 0.176, "ndbi": 0.073, "mndwi": -0.315, "albedo": 0.192, "building_height_mean": 0.0, "night_lights_mean": 0.0, "svf_proxy": 1.0, "suhii_night_ml": 3.6, "suhii_night_2031": 4.02, "suhii_night_2041": 4.78 }, "geometry": { "type": "Polygon", "coordinates": [ [ [ 73.85, 18.458 ], [ 73.85, 18.467 ], [ 73.841, 18.467 ], [ 73.841, 18.458 ], [ 73.85, 18.458 ] ] ] } },
{ "type": "Feature", "properties": { "cell_id": "P0166", "suhii_day": -2.63, "suhii_night": 2.98, "suhii_day_normalized": -2.63, "suhii_night_normalized": 2.98, "lst_day": 36.64, "lst_night": 26.35, "frac_built": 0.476, "frac_tree": 0.285, "frac_water": 0.0, "frac_crop": 0.005, "frac_grass": 0.0, "ndvi": 0.284, "ndbi": 0.056, "mndwi": -0.398, "albedo": 0.171, "building_height_mean": 0.0, "night_lights_mean": 0.0, "svf_proxy": 1.0, "suhii_night_ml": 2.98, "suhii_night_2031": 3.4, "suhii_night_2041": 4.16 }, "geometry": { "type": "Polygon", "coordinates": [ [ [ 73.85, 18.467 ], [ 73.85, 18.476 ], [ 73.841, 18.476 ], [ 73.841, 18.467 ], [ 73.85, 18.467 ] ] ] } },
{ "type": "Feature", "properties": { "cell_id": "P0167", "suhii_day": -2.52, "suhii_night": 2.92, "suhii_day_normalized": -2.52, "suhii_night_normalized": 2.92, "lst_day": 36.75, "lst_night": 26.29, "frac_built": 0.097, "frac_tree": 0.453, "frac_water": 0.0, "frac_crop": 0.065, "frac_grass": 0.07, "ndvi": 0.314, "ndbi": 0.102, "mndwi": -0.475, "albedo": 0.146, "building_height_mean": 0.0, "night_lights_mean": 0.0, "svf_proxy": 1.0, "suhii_night_ml": 2.92, "suhii_night_2031": 3.34, "suhii_night_2041": 4.1 }, "geometry": { "type": "Polygon", "coordinates": [ [ [ 73.85, 18.476 ], [ 73.85, 18.485 ], [ 73.841, 18.485 ], [ 73.841, 18.476 ], [ 73.85, 18.476 ] ] ] } },
{ "type": "Feature", "properties": { "cell_id": "P0168", "suhii_day": -2.7, "suhii_night": 3.54, "suhii_day_normalized": -2.7, "suhii_night_normalized": 3.54, "lst_day": 36.57, "lst_night": 26.91, "frac_built": 0.411, "frac_tree": 0.315, "frac_water": 0.0, "frac_crop": 0.0, "frac_grass": 0.075, "ndvi": 0.336, "ndbi": -0.001, "mndwi": -0.396, "albedo": 0.173, "building_height_mean": 0.0, "night_lights_mean": 0.0, "svf_proxy": 1.0, "suhii_night_ml": 3.54, "suhii_night_2031": 3.96, "suhii_night_2041": 4.72 }, "geometry": { "type": "Polygon", "coordinates": [ [ [ 73.85, 18.485 ], [ 73.85, 18.494 ], [ 73.841, 18.494 ], [ 73.841, 18.485 ], [ 73.85, 18.485 ] ] ] } },
{ "type": "Feature", "properties": { "cell_id": "P0169", "suhii_day": -3.05, "suhii_night": 4.16, "suhii_day_normalized": -3.05, "suhii_night_normalized": 4.16, "lst_day": 36.22, "lst_night": 27.53, "frac_built": 0.731, "frac_tree": 0.091, "frac_water": 0.0, "frac_crop": 0.0, "frac_grass": 0.079, "ndvi": 0.221, "ndbi": 0.049, "mndwi": -0.323, "albedo": 0.18, "building_height_mean": 0.0, "night_lights_mean": 0.0, "svf_proxy": 1.0, "suhii_night_ml": 4.16, "suhii_night_2031": 4.58, "suhii_night_2041": 5.34 }, "geometry": { "type": "Polygon", "coordinates": [ [ [ 73.85, 18.494 ], [ 73.85, 18.503 ], [ 73.841, 18.503 ], [ 73.841, 18.494 ], [ 73.85, 18.494 ] ] ] } },
{ "type": "Feature", "properties": { "cell_id": "P0170", "suhii_day": -2.59, "suhii_night": 4.48, "suhii_day_normalized": -2.59, "suhii_night_normalized": 4.48, "lst_day": 36.68, "lst_night": 27.85, "frac_built": 0.695, "frac_tree": 0.254, "frac_water": 0.0, "frac_crop": 0.005, "frac_grass": 0.046, "ndvi": 0.327, "ndbi": -0.035, "mndwi": -0.346, "albedo": 0.173, "building_height_mean": 0.0, "night_lights_mean": 0.0, "svf_proxy": 1.0, "suhii_night_ml": 4.48, "suhii_night_2031": 4.9, "suhii_night_2041": 5.66 }, "geometry": { "type": "Polygon", "coordinates": [ [ [ 73.85, 18.503 ], [ 73.85, 18.512 ], [ 73.841, 18.512 ], [ 73.841, 18.503 ], [ 73.85, 18.503 ] ] ] } },
{ "type": "Feature", "properties": { "cell_id": "P0171", "suhii_day": -2.99, "suhii_night": 4.24, "suhii_day_normalized": -2.99, "suhii_night_normalized": 4.24, "lst_day": 36.28, "lst_night": 27.61, "frac_built": 0.558, "frac_tree": 0.343, "frac_water": 0.0, "frac_crop": 0.0, "frac_grass": 0.098, "ndvi": 0.299, "ndbi": -0.018, "mndwi": -0.338, "albedo": 0.168, "building_height_mean": 0.0, "night_lights_mean": 0.0, "svf_proxy": 1.0, "suhii_night_ml": 4.24, "suhii_night_2031": 4.66, "suhii_night_2041": 5.42 }, "geometry": { "type": "Polygon", "coordinates": [ [ [ 73.85, 18.512 ], [ 73.85, 18.521 ], [ 73.841, 18.521 ], [ 73.841, 18.512 ], [ 73.85, 18.512 ] ] ] } },
{ "type": "Feature", "properties": { "cell_id": "P0172", "suhii_day": -3.27, "suhii_night": 4.0, "suhii_day_normalized": -3.27, "suhii_night_normalized": 4.0, "lst_day": 36.0, "lst_night": 27.37, "frac_built": 0.44, "frac_tree": 0.558, "frac_water": 0.0, "frac_crop": 0.0, "frac_grass": 0.001, "ndvi": 0.414, "ndbi": -0.078, "mndwi": -0.378, "albedo": 0.166, "building_height_mean": 0.0, "night_lights_mean": 0.0, "svf_proxy": 1.0, "suhii_night_ml": 4.0, "suhii_night_2031": 4.42, "suhii_night_2041": 5.18 }, "geometry": { "type": "Polygon", "coordinates": [ [ [ 73.85, 18.521 ], [ 73.85, 18.53 ], [ 73.841, 18.53 ], [ 73.841, 18.521 ], [ 73.85, 18.521 ] ] ] } },
{ "type": "Feature", "properties": { "cell_id": "P0173", "suhii_day": -3.52, "suhii_night": 3.82, "suhii_day_normalized": -3.52, "suhii_night_normalized": 3.82, "lst_day": 35.75, "lst_night": 27.19, "frac_built": 0.404, "frac_tree": 0.459, "frac_water": 0.0, "frac_crop": 0.108, "frac_grass": 0.029, "ndvi": 0.372, "ndbi": -0.049, "mndwi": -0.375, "albedo": 0.166, "building_height_mean": 0.0, "night_lights_mean": 0.0, "svf_proxy": 1.0, "suhii_night_ml": 3.82, "suhii_night_2031": 4.24, "suhii_night_2041": 5.0 }, "geometry": { "type": "Polygon", "coordinates": [ [ [ 73.85, 18.53 ], [ 73.85, 18.539 ], [ 73.841, 18.539 ], [ 73.841, 18.53 ], [ 73.85, 18.53 ] ] ] } },
{ "type": "Feature", "properties": { "cell_id": "P0174", "suhii_day": -3.13, "suhii_night": 3.43, "suhii_day_normalized": -3.13, "suhii_night_normalized": 3.43, "lst_day": 36.14, "lst_night": 26.8, "frac_built": 0.233, "frac_tree": 0.272, "frac_water": 0.0, "frac_crop": 0.235, "frac_grass": 0.084, "ndvi": 0.344, "ndbi": -0.005, "mndwi": -0.412, "albedo": 0.162, "building_height_mean": 0.0, "night_lights_mean": 0.0, "svf_proxy": 1.0, "suhii_night_ml": 3.43, "suhii_night_2031": 3.85, "suhii_night_2041": 4.61 }, "geometry": { "type": "Polygon", "coordinates": [ [ [ 73.85, 18.539 ], [ 73.85, 18.548 ], [ 73.841, 18.548 ], [ 73.841, 18.539 ], [ 73.85, 18.539 ] ] ] } },
{ "type": "Feature", "properties": { "cell_id": "P0175", "suhii_day": -2.36, "suhii_night": 3.45, "suhii_day_normalized": -2.36, "suhii_night_normalized": 3.45, "lst_day": 36.91, "lst_night": 26.82, "frac_built": 0.36, "frac_tree": 0.481, "frac_water": 0.0, "frac_crop": 0.054, "frac_grass": 0.013, "ndvi": 0.38, "ndbi": -0.023, "mndwi": -0.414, "albedo": 0.173, "building_height_mean": 0.0, "night_lights_mean": 0.0, "svf_proxy": 1.0, "suhii_night_ml": 3.45, "suhii_night_2031": 3.87, "suhii_night_2041": 4.63 }, "geometry": { "type": "Polygon", "coordinates": [ [ [ 73.85, 18.548 ], [ 73.85, 18.557 ], [ 73.841, 18.557 ], [ 73.841, 18.548 ], [ 73.85, 18.548 ] ] ] } },
{ "type": "Feature", "properties": { "cell_id": "P0176", "suhii_day": -2.14, "suhii_night": 3.33, "suhii_day_normalized": -2.14, "suhii_night_normalized": 3.33, "lst_day": 37.13, "lst_night": 26.7, "frac_built": 0.423, "frac_tree": 0.291, "frac_water": 0.0, "frac_crop": 0.14, "frac_grass": 0.047, "ndvi": 0.286, "ndbi": 0.053, "mndwi": -0.423, "albedo": 0.158, "building_height_mean": 0.0, "night_lights_mean": 0.0, "svf_proxy": 1.0, "suhii_night_ml": 3.33, "suhii_night_2031": 3.75, "suhii_night_2041": 4.51 }, "geometry": { "type": "Polygon", "coordinates": [ [ [ 73.85, 18.557 ], [ 73.85, 18.566 ], [ 73.841, 18.566 ], [ 73.841, 18.557 ], [ 73.85, 18.557 ] ] ] } },
{ "type": "Feature", "properties": { "cell_id": "P0177", "suhii_day": -2.5, "suhii_night": 3.36, "suhii_day_normalized": -2.5, "suhii_night_normalized": 3.36, "lst_day": 36.77, "lst_night": 26.73, "frac_built": 0.324, "frac_tree": 0.564, "frac_water": 0.0, "frac_crop": 0.076, "frac_grass": 0.02, "ndvi": 0.435, "ndbi": -0.068, "mndwi": -0.395, "albedo": 0.154, "building_height_mean": 0.0, "night_lights_mean": 0.0, "svf_proxy": 1.0, "suhii_night_ml": 3.36, "suhii_night_2031": 3.78, "suhii_night_2041": 4.54 }, "geometry": { "type": "Polygon", "coordinates": [ [ [ 73.85, 18.566 ], [ 73.85, 18.575 ], [ 73.841, 18.575 ], [ 73.841, 18.566 ], [ 73.85, 18.566 ] ] ] } },
{ "type": "Feature", "properties": { "cell_id": "P0178", "suhii_day": -2.67, "suhii_night": 3.52, "suhii_day_normalized": -2.67, "suhii_night_normalized": 3.52, "lst_day": 36.6, "lst_night": 26.89, "frac_built": 0.14, "frac_tree": 0.671, "frac_water": 0.0, "frac_crop": 0.045, "frac_grass": 0.037, "ndvi": 0.464, "ndbi": -0.015, "mndwi": -0.493, "albedo": 0.154, "building_height_mean": 0.0, "night_lights_mean": 0.0, "svf_proxy": 1.0, "suhii_night_ml": 3.52, "suhii_night_2031": 3.94, "suhii_night_2041": 4.7 }, "geometry": { "type": "Polygon", "coordinates": [ [ [ 73.85, 18.575 ], [ 73.85, 18.584 ], [ 73.841, 18.584 ], [ 73.841, 18.575 ], [ 73.85, 18.575 ] ] ] } },
{ "type": "Feature", "properties": { "cell_id": "P0179", "suhii_day": -3.0, "suhii_night": 3.7, "suhii_day_normalized": -3.0, "suhii_night_normalized": 3.7, "lst_day": 36.27, "lst_night": 27.07, "frac_built": 0.105, "frac_tree": 0.682, "frac_water": 0.0, "frac_crop": 0.01, "frac_grass": 0.02, "ndvi": 0.489, "ndbi": -0.076, "mndwi": -0.47, "albedo": 0.167, "building_height_mean": 0.0, "night_lights_mean": 0.0, "svf_proxy": 1.0, "suhii_night_ml": 3.7, "suhii_night_2031": 4.12, "suhii_night_2041": 4.88 }, "geometry": { "type": "Polygon", "coordinates": [ [ [ 73.85, 18.584 ], [ 73.85, 18.593 ], [ 73.841, 18.593 ], [ 73.841, 18.584 ], [ 73.85, 18.584 ] ] ] } },
{ "type": "Feature", "properties": { "cell_id": "P0180", "suhii_day": -3.61, "suhii_night": 1.72, "suhii_day_normalized": -3.61, "suhii_night_normalized": 1.72, "lst_day": 35.66, "lst_night": 25.09, "frac_built": 0.027, "frac_tree": 0.364, "frac_water": 0.007, "frac_crop": 0.016, "frac_grass": 0.298, "ndvi": 0.398, "ndbi": 0.049, "mndwi": -0.5, "albedo": 0.166, "building_height_mean": 0.0, "night_lights_mean": 0.0, "svf_proxy": 1.0, "suhii_night_ml": 1.72, "suhii_night_2031": 2.14, "suhii_night_2041": 2.9 }, "geometry": { "type": "Polygon", "coordinates": [ [ [ 73.85, 18.593 ], [ 73.85, 18.602 ], [ 73.841, 18.602 ], [ 73.841, 18.593 ], [ 73.85, 18.593 ] ] ] } },
{ "type": "Feature", "properties": { "cell_id": "P0181", "suhii_day": -2.47, "suhii_night": 1.86, "suhii_day_normalized": -2.47, "suhii_night_normalized": 1.86, "lst_day": 36.8, "lst_night": 25.23, "frac_built": 0.959, "frac_tree": 0.02, "frac_water": 0.0, "frac_crop": 0.0, "frac_grass": 0.005, "ndvi": 0.155, "ndbi": 0.059, "mndwi": -0.279, "albedo": 0.198, "building_height_mean": 0.0, "night_lights_mean": 0.0, "svf_proxy": 1.0, "suhii_night_ml": 1.86, "suhii_night_2031": 2.28, "suhii_night_2041": 3.04 }, "geometry": { "type": "Polygon", "coordinates": [ [ [ 73.859, 18.44 ], [ 73.859, 18.449 ], [ 73.85, 18.449 ], [ 73.85, 18.44 ], [ 73.859, 18.44 ] ] ] } },
{ "type": "Feature", "properties": { "cell_id": "P0182", "suhii_day": -2.45, "suhii_night": 3.12, "suhii_day_normalized": -2.45, "suhii_night_normalized": 3.12, "lst_day": 36.82, "lst_night": 26.49, "frac_built": 0.814, "frac_tree": 0.156, "frac_water": 0.0, "frac_crop": 0.0, "frac_grass": 0.0, "ndvi": 0.265, "ndbi": 0.001, "mndwi": -0.323, "albedo": 0.166, "building_height_mean": 0.0, "night_lights_mean": 0.0, "svf_proxy": 1.0, "suhii_night_ml": 3.12, "suhii_night_2031": 3.54, "suhii_night_2041": 4.3 }, "geometry": { "type": "Polygon", "coordinates": [ [ [ 73.859, 18.449 ], [ 73.859, 18.458 ], [ 73.85, 18.458 ], [ 73.85, 18.449 ], [ 73.859, 18.449 ] ] ] } },
{ "type": "Feature", "properties": { "cell_id": "P0183", "suhii_day": -2.49, "suhii_night": 3.63, "suhii_day_normalized": -2.49, "suhii_night_normalized": 3.63, "lst_day": 36.78, "lst_night": 27.0, "frac_built": 0.859, "frac_tree": 0.121, "frac_water": 0.0, "frac_crop": 0.0, "frac_grass": 0.02, "ndvi": 0.275, "ndbi": -0.008, "mndwi": -0.317, "albedo": 0.176, "building_height_mean": 0.0, "night_lights_mean": 0.0, "svf_proxy": 1.0, "suhii_night_ml": 3.63, "suhii_night_2031": 4.05, "suhii_night_2041": 4.81 }, "geometry": { "type": "Polygon", "coordinates": [ [ [ 73.859, 18.458 ], [ 73.859, 18.467 ], [ 73.85, 18.467 ], [ 73.85, 18.458 ], [ 73.859, 18.458 ] ] ] } },
{ "type": "Feature", "properties": { "cell_id": "P0184", "suhii_day": -2.63, "suhii_night": 3.36, "suhii_day_normalized": -2.63, "suhii_night_normalized": 3.36, "lst_day": 36.64, "lst_night": 26.73, "frac_built": 0.886, "frac_tree": 0.069, "frac_water": 0.0, "frac_crop": 0.035, "frac_grass": 0.0, "ndvi": 0.251, "ndbi": 0.018, "mndwi": -0.321, "albedo": 0.176, "building_height_mean": 0.0, "night_lights_mean": 0.0, "svf_proxy": 1.0, "suhii_night_ml": 3.36, "suhii_night_2031": 3.78, "suhii_night_2041": 4.54 }, "geometry": { "type": "Polygon", "coordinates": [ [ [ 73.859, 18.467 ], [ 73.859, 18.476 ], [ 73.85, 18.476 ], [ 73.85, 18.467 ], [ 73.859, 18.467 ] ] ] } },
{ "type": "Feature", "properties": { "cell_id": "P0185", "suhii_day": -2.64, "suhii_night": 3.37, "suhii_day_normalized": -2.64, "suhii_night_normalized": 3.37, "lst_day": 36.63, "lst_night": 26.74, "frac_built": 0.666, "frac_tree": 0.3, "frac_water": 0.0, "frac_crop": 0.005, "frac_grass": 0.0, "ndvi": 0.36, "ndbi": -0.058, "mndwi": -0.342, "albedo": 0.174, "building_height_mean": 0.0, "night_lights_mean": 0.0, "svf_proxy": 1.0, "suhii_night_ml": 3.37, "suhii_night_2031": 3.79, "suhii_night_2041": 4.55 }, "geometry": { "type": "Polygon", "coordinates": [ [ [ 73.859, 18.476 ], [ 73.859, 18.485 ], [ 73.85, 18.485 ], [ 73.85, 18.476 ], [ 73.859, 18.476 ] ] ] } },
{ "type": "Feature", "properties": { "cell_id": "P0186", "suhii_day": -2.84, "suhii_night": 3.91, "suhii_day_normalized": -2.84, "suhii_night_normalized": 3.91, "lst_day": 36.43, "lst_night": 27.28, "frac_built": 0.756, "frac_tree": 0.23, "frac_water": 0.0, "frac_crop": 0.0, "frac_grass": 0.005, "ndvi": 0.334, "ndbi": -0.038, "mndwi": -0.333, "albedo": 0.177, "building_height_mean": 0.0, "night_lights_mean": 0.0, "svf_proxy": 1.0, "suhii_night_ml": 3.91, "suhii_night_2031": 4.33, "suhii_night_2041": 5.09 }, "geometry": { "type": "Polygon", "coordinates": [ [ [ 73.859, 18.485 ], [ 73.859, 18.494 ], [ 73.85, 18.494 ], [ 73.85, 18.485 ], [ 73.859, 18.485 ] ] ] } },
{ "type": "Feature", "properties": { "cell_id": "P0187", "suhii_day": -2.98, "suhii_night": 4.2, "suhii_day_normalized": -2.98, "suhii_night_normalized": 4.2, "lst_day": 36.29, "lst_night": 27.57, "frac_built": 0.599, "frac_tree": 0.371, "frac_water": 0.0, "frac_crop": 0.0, "frac_grass": 0.03, "ndvi": 0.374, "ndbi": -0.06, "mndwi": -0.357, "albedo": 0.164, "building_height_mean": 0.0, "night_lights_mean": 0.0, "svf_proxy": 1.0, "suhii_night_ml": 4.2, "suhii_night_2031": 4.62, "suhii_night_2041": 5.38 }, "geometry": { "type": "Polygon", "coordinates": [ [ [ 73.859, 18.494 ], [ 73.859, 18.503 ], [ 73.85, 18.503 ], [ 73.85, 18.494 ], [ 73.859, 18.494 ] ] ] } },
{ "type": "Feature", "properties": { "cell_id": "P0188", "suhii_day": -2.13, "suhii_night": 4.4, "suhii_day_normalized": -2.13, "suhii_night_normalized": 4.4, "lst_day": 37.14, "lst_night": 27.77, "frac_built": 0.838, "frac_tree": 0.162, "frac_water": 0.0, "frac_crop": 0.0, "frac_grass": 0.0, "ndvi": 0.309, "ndbi": -0.02, "mndwi": -0.337, "albedo": 0.171, "building_height_mean": 0.0, "night_lights_mean": 0.0, "svf_proxy": 1.0, "suhii_night_ml": 4.4, "suhii_night_2031": 4.82, "suhii_night_2041": 5.58 }, "geometry": { "type": "Polygon", "coordinates": [ [ [ 73.859, 18.503 ], [ 73.859, 18.512 ], [ 73.85, 18.512 ], [ 73.85, 18.503 ], [ 73.859, 18.503 ] ] ] } },
{ "type": "Feature", "properties": { "cell_id": "P0189", "suhii_day": -2.12, "suhii_night": 4.43, "suhii_day_normalized": -2.12, "suhii_night_normalized": 4.43, "lst_day": 37.15, "lst_night": 27.8, "frac_built": 0.928, "frac_tree": 0.068, "frac_water": 0.002, "frac_crop": 0.0, "frac_grass": 0.0, "ndvi": 0.188, "ndbi": 0.06, "mndwi": -0.301, "albedo": 0.179, "building_height_mean": 0.0, "night_lights_mean": 0.0, "svf_proxy": 1.0, "suhii_night_ml": 4.43, "suhii_night_2031": 4.85, "suhii_night_2041": 5.61 }, "geometry": { "type": "Polygon", "coordinates": [ [ [ 73.859, 18.512 ], [ 73.859, 18.521 ], [ 73.85, 18.521 ], [ 73.85, 18.512 ], [ 73.859, 18.512 ] ] ] } },
{ "type": "Feature", "properties": { "cell_id": "P0190", "suhii_day": -2.31, "suhii_night": 4.12, "suhii_day_normalized": -2.31, "suhii_night_normalized": 4.12, "lst_day": 36.96, "lst_night": 27.49, "frac_built": 0.656, "frac_tree": 0.253, "frac_water": 0.038, "frac_crop": 0.015, "frac_grass": 0.01, "ndvi": 0.31, "ndbi": -0.025, "mndwi": -0.34, "albedo": 0.162, "building_height_mean": 0.0, "night_lights_mean": 0.0, "svf_proxy": 1.0, "suhii_night_ml": 4.12, "suhii_night_2031": 4.54, "suhii_night_2041": 5.3 }, "geometry": { "type": "Polygon", "coordinates": [ [ [ 73.859, 18.521 ], [ 73.859, 18.53 ], [ 73.85, 18.53 ], [ 73.85, 18.521 ], [ 73.859, 18.521 ] ] ] } },
{ "type": "Feature", "properties": { "cell_id": "P0191", "suhii_day": -2.86, "suhii_night": 3.75, "suhii_day_normalized": -2.86, "suhii_night_normalized": 3.75, "lst_day": 36.41, "lst_night": 27.12, "frac_built": 0.45, "frac_tree": 0.339, "frac_water": 0.087, "frac_crop": 0.028, "frac_grass": 0.0, "ndvi": 0.349, "ndbi": -0.042, "mndwi": -0.319, "albedo": 0.149, "building_height_mean": 0.0, "night_lights_mean": 0.0, "svf_proxy": 1.0, "suhii_night_ml": 3.75, "suhii_night_2031": 4.17, "suhii_night_2041": 4.93 }, "geometry": { "type": "Polygon", "coordinates": [ [ [ 73.859, 18.53 ], [ 73.859, 18.539 ], [ 73.85, 18.539 ], [ 73.85, 18.53 ], [ 73.859, 18.53 ] ] ] } },
{ "type": "Feature", "properties": { "cell_id": "P0192", "suhii_day": -3.32, "suhii_night": 3.63, "suhii_day_normalized": -3.32, "suhii_night_normalized": 3.63, "lst_day": 35.95, "lst_night": 27.0, "frac_built": 0.102, "frac_tree": 0.518, "frac_water": 0.09, "frac_crop": 0.127, "frac_grass": 0.09, "ndvi": 0.4, "ndbi": -0.032, "mndwi": -0.405, "albedo": 0.154, "building_height_mean": 0.0, "night_lights_mean": 0.0, "svf_proxy": 1.0, "suhii_night_ml": 3.63, "suhii_night_2031": 4.05, "suhii_night_2041": 4.81 }, "geometry": { "type": "Polygon", "coordinates": [ [ [ 73.859, 18.539 ], [ 73.859, 18.548 ], [ 73.85, 18.548 ], [ 73.85, 18.539 ], [ 73.859, 18.539 ] ] ] } },
{ "type": "Feature", "properties": { "cell_id": "P0193", "suhii_day": -1.45, "suhii_night": 3.4, "suhii_day_normalized": -1.45, "suhii_night_normalized": 3.4, "lst_day": 37.82, "lst_night": 26.77, "frac_built": 0.222, "frac_tree": 0.595, "frac_water": 0.038, "frac_crop": 0.051, "frac_grass": 0.038, "ndvi": 0.47, "ndbi": -0.083, "mndwi": -0.422, "albedo": 0.162, "building_height_mean": 0.0, "night_lights_mean": 0.0, "svf_proxy": 1.0, "suhii_night_ml": 3.4, "suhii_night_2031": 3.82, "suhii_night_2041": 4.58 }, "geometry": { "type": "Polygon", "coordinates": [ [ [ 73.859, 18.548 ], [ 73.859, 18.557 ], [ 73.85, 18.557 ], [ 73.85, 18.548 ], [ 73.859, 18.548 ] ] ] } },
{ "type": "Feature", "properties": { "cell_id": "P0194", "suhii_day": -1.05, "suhii_night": 3.74, "suhii_day_normalized": -1.05, "suhii_night_normalized": 3.74, "lst_day": 38.22, "lst_night": 27.11, "frac_built": 0.327, "frac_tree": 0.428, "frac_water": 0.0, "frac_crop": 0.054, "frac_grass": 0.025, "ndvi": 0.421, "ndbi": -0.032, "mndwi": -0.45, "albedo": 0.169, "building_height_mean": 0.0, "night_lights_mean": 0.0, "svf_proxy": 1.0, "suhii_night_ml": 3.74, "suhii_night_2031": 4.16, "suhii_night_2041": 4.92 }, "geometry": { "type": "Polygon", "coordinates": [ [ [ 73.859, 18.557 ], [ 73.859, 18.566 ], [ 73.85, 18.566 ], [ 73.85, 18.557 ], [ 73.859, 18.557 ] ] ] } },
{ "type": "Feature", "properties": { "cell_id": "P0195", "suhii_day": -2.37, "suhii_night": 3.63, "suhii_day_normalized": -2.37, "suhii_night_normalized": 3.63, "lst_day": 36.9, "lst_night": 27.0, "frac_built": 0.51, "frac_tree": 0.306, "frac_water": 0.0, "frac_crop": 0.042, "frac_grass": 0.03, "ndvi": 0.338, "ndbi": 0.01, "mndwi": -0.391, "albedo": 0.17, "building_height_mean": 0.0, "night_lights_mean": 0.0, "svf_proxy": 1.0, "suhii_night_ml": 3.63, "suhii_night_2031": 4.05, "suhii_night_2041": 4.81 }, "geometry": { "type": "Polygon", "coordinates": [ [ [ 73.859, 18.566 ], [ 73.859, 18.575 ], [ 73.85, 18.575 ], [ 73.85, 18.566 ], [ 73.859, 18.566 ] ] ] } },
{ "type": "Feature", "properties": { "cell_id": "P0196", "suhii_day": -3.58, "suhii_night": 2.85, "suhii_day_normalized": -3.58, "suhii_night_normalized": 2.85, "lst_day": 35.69, "lst_night": 26.22, "frac_built": 0.244, "frac_tree": 0.666, "frac_water": 0.0, "frac_crop": 0.049, "frac_grass": 0.007, "ndvi": 0.488, "ndbi": -0.087, "mndwi": -0.403, "albedo": 0.141, "building_height_mean": 0.0, "night_lights_mean": 0.0, "svf_proxy": 1.0, "suhii_night_ml": 2.85, "suhii_night_2031": 3.27, "suhii_night_2041": 4.03 }, "geometry": { "type": "Polygon", "coordinates": [ [ [ 73.859, 18.575 ], [ 73.859, 18.584 ], [ 73.85, 18.584 ], [ 73.85, 18.575 ], [ 73.859, 18.575 ] ] ] } },
{ "type": "Feature", "properties": { "cell_id": "P0197", "suhii_day": -3.7, "suhii_night": 3.39, "suhii_day_normalized": -3.7, "suhii_night_normalized": 3.39, "lst_day": 35.57, "lst_night": 26.76, "frac_built": 0.214, "frac_tree": 0.174, "frac_water": 0.0, "frac_crop": 0.044, "frac_grass": 0.168, "ndvi": 0.323, "ndbi": 0.058, "mndwi": -0.448, "albedo": 0.163, "building_height_mean": 0.0, "night_lights_mean": 0.0, "svf_proxy": 1.0, "suhii_night_ml": 3.39, "suhii_night_2031": 3.81, "suhii_night_2041": 4.57 }, "geometry": { "type": "Polygon", "coordinates": [ [ [ 73.859, 18.584 ], [ 73.859, 18.593 ], [ 73.85, 18.593 ], [ 73.85, 18.584 ], [ 73.859, 18.584 ] ] ] } },
{ "type": "Feature", "properties": { "cell_id": "P0198", "suhii_day": -3.61, "suhii_night": 1.79, "suhii_day_normalized": -3.61, "suhii_night_normalized": 1.79, "lst_day": 35.66, "lst_night": 25.16, "frac_built": 0.205, "frac_tree": 0.156, "frac_water": 0.0, "frac_crop": 0.03, "frac_grass": 0.218, "ndvi": 0.322, "ndbi": 0.1, "mndwi": -0.497, "albedo": 0.156, "building_height_mean": 0.0, "night_lights_mean": 0.0, "svf_proxy": 1.0, "suhii_night_ml": 1.79, "suhii_night_2031": 2.21, "suhii_night_2041": 2.97 }, "geometry": { "type": "Polygon", "coordinates": [ [ [ 73.859, 18.593 ], [ 73.859, 18.602 ], [ 73.85, 18.602 ], [ 73.85, 18.593 ], [ 73.859, 18.593 ] ] ] } },
{ "type": "Feature", "properties": { "cell_id": "P0199", "suhii_day": -2.37, "suhii_night": 2.11, "suhii_day_normalized": -2.37, "suhii_night_normalized": 2.11, "lst_day": 36.9, "lst_night": 25.48, "frac_built": 0.672, "frac_tree": 0.207, "frac_water": 0.06, "frac_crop": 0.03, "frac_grass": 0.016, "ndvi": 0.271, "ndbi": 0.011, "mndwi": -0.335, "albedo": 0.163, "building_height_mean": 0.0, "night_lights_mean": 0.0, "svf_proxy": 1.0, "suhii_night_ml": 2.11, "suhii_night_2031": 2.53, "suhii_night_2041": 3.29 }, "geometry": { "type": "Polygon", "coordinates": [ [ [ 73.868, 18.44 ], [ 73.868, 18.449 ], [ 73.859, 18.449 ], [ 73.859, 18.44 ], [ 73.868, 18.44 ] ] ] } },
{ "type": "Feature", "properties": { "cell_id": "P0200", "suhii_day": -2.37, "suhii_night": 2.95, "suhii_day_normalized": -2.37, "suhii_night_normalized": 2.95, "lst_day": 36.9, "lst_night": 26.32, "frac_built": 0.432, "frac_tree": 0.487, "frac_water": 0.0, "frac_crop": 0.05, "frac_grass": 0.0, "ndvi": 0.39, "ndbi": -0.04, "mndwi": -0.386, "albedo": 0.151, "building_height_mean": 0.0, "night_lights_mean": 0.0, "svf_proxy": 1.0, "suhii_night_ml": 2.95, "suhii_night_2031": 3.37, "suhii_night_2041": 4.13 }, "geometry": { "type": "Polygon", "coordinates": [ [ [ 73.868, 18.449 ], [ 73.868, 18.458 ], [ 73.859, 18.458 ], [ 73.859, 18.449 ], [ 73.868, 18.449 ] ] ] } },
{ "type": "Feature", "properties": { "cell_id": "P0201", "suhii_day": -2.49, "suhii_night": 3.28, "suhii_day_normalized": -2.49, "suhii_night_normalized": 3.28, "lst_day": 36.78, "lst_night": 26.65, "frac_built": 0.94, "frac_tree": 0.06, "frac_water": 0.0, "frac_crop": 0.0, "frac_grass": 0.0, "ndvi": 0.237, "ndbi": 0.017, "mndwi": -0.305, "albedo": 0.184, "building_height_mean": 0.0, "night_lights_mean": 0.0, "svf_proxy": 1.0, "suhii_night_ml": 3.28, "suhii_night_2031": 3.7, "suhii_night_2041": 4.46 }, "geometry": { "type": "Polygon", "coordinates": [ [ [ 73.868, 18.458 ], [ 73.868, 18.467 ], [ 73.859, 18.467 ], [ 73.859, 18.458 ], [ 73.868, 18.458 ] ] ] } },
{ "type": "Feature", "properties": { "cell_id": "P0202", "suhii_day": -2.73, "suhii_night": 3.73, "suhii_day_normalized": -2.73, "suhii_night_normalized": 3.73, "lst_day": 36.54, "lst_night": 27.1, "frac_built": 0.813, "frac_tree": 0.146, "frac_water": 0.0, "frac_crop": 0.0, "frac_grass": 0.021, "ndvi": 0.298, "ndbi": -0.01, "mndwi": -0.34, "albedo": 0.18, "building_height_mean": 0.0, "night_lights_mean": 0.0, "svf_proxy": 1.0, "suhii_night_ml": 3.73, "suhii_night_2031": 4.15, "suhii_night_2041": 4.91 }, "geometry": { "type": "Polygon", "coordinates": [ [ [ 73.868, 18.467 ], [ 73.868, 18.476 ], [ 73.859, 18.476 ], [ 73.859, 18.467 ], [ 73.868, 18.467 ] ] ] } },
{ "type": "Feature", "properties": { "cell_id": "P0203", "suhii_day": -2.68, "suhii_night": 3.97, "suhii_day_normalized": -2.68, "suhii_night_normalized": 3.97, "lst_day": 36.59, "lst_night": 27.34, "frac_built": 0.642, "frac_tree": 0.197, "frac_water": 0.0, "frac_crop": 0.0, "frac_grass": 0.026, "ndvi": 0.293, "ndbi": 0.011, "mndwi": -0.357, "albedo": 0.176, "building_height_mean": 0.0, "night_lights_mean": 0.0, "svf_proxy": 1.0, "suhii_night_ml": 3.97, "suhii_night_2031": 4.39, "suhii_night_2041": 5.15 }, "geometry": { "type": "Polygon", "coordinates": [ [ [ 73.868, 18.476 ], [ 73.868, 18.485 ], [ 73.859, 18.485 ], [ 73.859, 18.476 ], [ 73.868, 18.476 ] ] ] } },
{ "type": "Feature", "properties": { "cell_id": "P0204", "suhii_day": -2.88, "suhii_night": 4.26, "suhii_day_normalized": -2.88, "suhii_night_normalized": 4.26, "lst_day": 36.39, "lst_night": 27.63, "frac_built": 0.781, "frac_tree": 0.219, "frac_water": 0.0, "frac_crop": 0.0, "frac_grass": 0.0, "ndvi": 0.292, "ndbi": -0.006, "mndwi": -0.328, "albedo": 0.183, "building_height_mean": 0.0, "night_lights_mean": 0.0, "svf_proxy": 1.0, "suhii_night_ml": 4.26, "suhii_night_2031": 4.68, "suhii_night_2041": 5.44 }, "geometry": { "type": "Polygon", "coordinates": [ [ [ 73.868, 18.485 ], [ 73.868, 18.494 ], [ 73.859, 18.494 ], [ 73.859, 18.485 ], [ 73.868, 18.485 ] ] ] } },
{ "type": "Feature", "properties": { "cell_id": "P0205", "suhii_day": -2.5, "suhii_night": 4.3, "suhii_day_normalized": -2.5, "suhii_night_normalized": 4.3, "lst_day": 36.77, "lst_night": 27.67, "frac_built": 0.656, "frac_tree": 0.319, "frac_water": 0.0, "frac_crop": 0.0, "frac_grass": 0.026, "ndvi": 0.358, "ndbi": -0.054, "mndwi": -0.352, "albedo": 0.172, "building_height_mean": 0.0, "night_lights_mean": 0.0, "svf_proxy": 1.0, "suhii_night_ml": 4.3, "suhii_night_2031": 4.72, "suhii_night_2041": 5.48 }, "geometry": { "type": "Polygon", "coordinates": [ [ [ 73.868, 18.494 ], [ 73.868, 18.503 ], [ 73.859, 18.503 ], [ 73.859, 18.494 ], [ 73.868, 18.494 ] ] ] } },
{ "type": "Feature", "properties": { "cell_id": "P0206", "suhii_day": -1.88, "suhii_night": 4.45, "suhii_day_normalized": -1.88, "suhii_night_normalized": 4.45, "lst_day": 37.39, "lst_night": 27.82, "frac_built": 0.971, "frac_tree": 0.029, "frac_water": 0.0, "frac_crop": 0.0, "frac_grass": 0.0, "ndvi": 0.198, "ndbi": 0.056, "mndwi": -0.305, "albedo": 0.179, "building_height_mean": 0.0, "night_lights_mean": 0.0, "svf_proxy": 1.0, "suhii_night_ml": 4.45, "suhii_night_2031": 4.87, "suhii_night_2041": 5.63 }, "geometry": { "type": "Polygon", "coordinates": [ [ [ 73.868, 18.503 ], [ 73.868, 18.512 ], [ 73.859, 18.512 ], [ 73.859, 18.503 ], [ 73.868, 18.503 ] ] ] } },
{ "type": "Feature", "properties": { "cell_id": "P0207", "suhii_day": -2.11, "suhii_night": 4.49, "suhii_day_normalized": -2.11, "suhii_night_normalized": 4.49, "lst_day": 37.16, "lst_night": 27.86, "frac_built": 0.974, "frac_tree": 0.026, "frac_water": 0.0, "frac_crop": 0.0, "frac_grass": 0.0, "ndvi": 0.185, "ndbi": 0.062, "mndwi": -0.303, "albedo": 0.18, "building_height_mean": 0.0, "night_lights_mean": 0.0, "svf_proxy": 1.0, "suhii_night_ml": 4.49, "suhii_night_2031": 4.91, "suhii_night_2041": 5.67 }, "geometry": { "type": "Polygon", "coordinates": [ [ [ 73.868, 18.512 ], [ 73.868, 18.521 ], [ 73.859, 18.521 ], [ 73.859, 18.512 ], [ 73.868, 18.512 ] ] ] } },
{ "type": "Feature", "properties": { "cell_id": "P0208", "suhii_day": -2.08, "suhii_night": 4.17, "suhii_day_normalized": -2.08, "suhii_night_normalized": 4.17, "lst_day": 37.19, "lst_night": 27.54, "frac_built": 0.826, "frac_tree": 0.158, "frac_water": 0.011, "frac_crop": 0.004, "frac_grass": 0.0, "ndvi": 0.277, "ndbi": -0.009, "mndwi": -0.316, "albedo": 0.173, "building_height_mean": 0.0, "night_lights_mean": 0.0, "svf_proxy": 1.0, "suhii_night_ml": 4.17, "suhii_night_2031": 4.59, "suhii_night_2041": 5.35 }, "geometry": { "type": "Polygon", "coordinates": [ [ [ 73.868, 18.521 ], [ 73.868, 18.53 ], [ 73.859, 18.53 ], [ 73.859, 18.521 ], [ 73.868, 18.521 ] ] ] } },
{ "type": "Feature", "properties": { "cell_id": "P0209", "suhii_day": -2.69, "suhii_night": 3.85, "suhii_day_normalized": -2.69, "suhii_night_normalized": 3.85, "lst_day": 36.58, "lst_night": 27.22, "frac_built": 0.245, "frac_tree": 0.486, "frac_water": 0.154, "frac_crop": 0.039, "frac_grass": 0.031, "ndvi": 0.407, "ndbi": -0.086, "mndwi": -0.379, "albedo": 0.158, "building_height_mean": 0.0, "night_lights_mean": 0.0, "svf_proxy": 1.0, "suhii_night_ml": 3.85, "suhii_night_2031": 4.27, "suhii_night_2041": 5.03 }, "geometry": { "type": "Polygon", "coordinates": [ [ [ 73.868, 18.53 ], [ 73.868, 18.539 ], [ 73.859, 18.539 ], [ 73.859, 18.53 ], [ 73.868, 18.53 ] ] ] } },
{ "type": "Feature", "properties": { "cell_id": "P0210", "suhii_day": -2.15, "suhii_night": 3.42, "suhii_day_normalized": -2.15, "suhii_night_normalized": 3.42, "lst_day": 37.12, "lst_night": 26.79, "frac_built": 0.24, "frac_tree": 0.348, "frac_water": 0.005, "frac_crop": 0.026, "frac_grass": 0.138, "ndvi": 0.288, "ndbi": 0.068, "mndwi": -0.45, "albedo": 0.168, "building_height_mean": 0.0, "night_lights_mean": 0.0, "svf_proxy": 1.0, "suhii_night_ml": 3.42, "suhii_night_2031": 3.84, "suhii_night_2041": 4.6 }, "geometry": { "type": "Polygon", "coordinates": [ [ [ 73.868, 18.539 ], [ 73.868, 18.548 ], [ 73.859, 18.548 ], [ 73.859, 18.539 ], [ 73.868, 18.539 ] ] ] } },
{ "type": "Feature", "properties": { "cell_id": "P0211", "suhii_day": -2.61, "suhii_night": 3.16, "suhii_day_normalized": -2.61, "suhii_night_normalized": 3.16, "lst_day": 36.66, "lst_night": 26.53, "frac_built": 0.247, "frac_tree": 0.608, "frac_water": 0.03, "frac_crop": 0.028, "frac_grass": 0.043, "ndvi": 0.446, "ndbi": -0.058, "mndwi": -0.432, "albedo": 0.154, "building_height_mean": 0.0, "night_lights_mean": 0.0, "svf_proxy": 1.0, "suhii_night_ml": 3.16, "suhii_night_2031": 3.58, "suhii_night_2041": 4.34 }, "geometry": { "type": "Polygon", "coordinates": [ [ [ 73.868, 18.548 ], [ 73.868, 18.557 ], [ 73.859, 18.557 ], [ 73.859, 18.548 ], [ 73.868, 18.548 ] ] ] } },
{ "type": "Feature", "properties": { "cell_id": "P0212", "suhii_day": -2.95, "suhii_night": 3.21, "suhii_day_normalized": -2.95, "suhii_night_normalized": 3.21, "lst_day": 36.32, "lst_night": 26.58, "frac_built": 0.149, "frac_tree": 0.826, "frac_water": 0.0, "frac_crop": 0.0, "frac_grass": 0.0, "ndvi": 0.544, "ndbi": -0.096, "mndwi": -0.487, "albedo": 0.16, "building_height_mean": 0.0, "night_lights_mean": 0.0, "svf_proxy": 1.0, "suhii_night_ml": 3.21, "suhii_night_2031": 3.63, "suhii_night_2041": 4.39 }, "geometry": { "type": "Polygon", "coordinates": [ [ [ 73.868, 18.557 ], [ 73.868, 18.566 ], [ 73.859, 18.566 ], [ 73.859, 18.557 ], [ 73.868, 18.557 ] ] ] } },
{ "type": "Feature", "properties": { "cell_id": "P0213", "suhii_day": -2.8, "suhii_night": 3.27, "suhii_day_normalized": -2.8, "suhii_night_normalized": 3.27, "lst_day": 36.47, "lst_night": 26.64, "frac_built": 0.13, "frac_tree": 0.554, "frac_water": 0.0, "frac_crop": 0.03, "frac_grass": 0.03, "ndvi": 0.441, "ndbi": -0.001, "mndwi": -0.482, "albedo": 0.155, "building_height_mean": 0.0, "night_lights_mean": 0.0, "svf_proxy": 1.0, "suhii_night_ml": 3.27, "suhii_night_2031": 3.69, "suhii_night_2041": 4.45 }, "geometry": { "type": "Polygon", "coordinates": [ [ [ 73.868, 18.566 ], [ 73.868, 18.575 ], [ 73.859, 18.575 ], [ 73.859, 18.566 ], [ 73.868, 18.566 ] ] ] } },
{ "type": "Feature", "properties": { "cell_id": "P0214", "suhii_day": -3.88, "suhii_night": 2.79, "suhii_day_normalized": -3.88, "suhii_night_normalized": 2.79, "lst_day": 35.39, "lst_night": 26.16, "frac_built": 0.094, "frac_tree": 0.578, "frac_water": 0.0, "frac_crop": 0.076, "frac_grass": 0.024, "ndvi": 0.503, "ndbi": -0.055, "mndwi": -0.492, "albedo": 0.156, "building_height_mean": 0.0, "night_lights_mean": 0.0, "svf_proxy": 1.0, "suhii_night_ml": 2.79, "suhii_night_2031": 3.21, "suhii_night_2041": 3.97 }, "geometry": { "type": "Polygon", "coordinates": [ [ [ 73.868, 18.575 ], [ 73.868, 18.584 ], [ 73.859, 18.584 ], [ 73.859, 18.575 ], [ 73.868, 18.575 ] ] ] } },
{ "type": "Feature", "properties": { "cell_id": "P0215", "suhii_day": -3.87, "suhii_night": 2.34, "suhii_day_normalized": -3.87, "suhii_night_normalized": 2.34, "lst_day": 35.4, "lst_night": 25.71, "frac_built": 0.4, "frac_tree": 0.242, "frac_water": 0.0, "frac_crop": 0.003, "frac_grass": 0.128, "ndvi": 0.33, "ndbi": 0.042, "mndwi": -0.405, "albedo": 0.174, "building_height_mean": 0.0, "night_lights_mean": 0.0, "svf_proxy": 1.0, "suhii_night_ml": 2.34, "suhii_night_2031": 2.76, "suhii_night_2041": 3.52 }, "geometry": { "type": "Polygon", "coordinates": [ [ [ 73.868, 18.584 ], [ 73.868, 18.593 ], [ 73.859, 18.593 ], [ 73.859, 18.584 ], [ 73.868, 18.584 ] ] ] } },
{ "type": "Feature", "properties": { "cell_id": "P0216", "suhii_day": -3.39, "suhii_night": 1.57, "suhii_day_normalized": -3.39, "suhii_night_normalized": 1.57, "lst_day": 35.88, "lst_night": 24.94, "frac_built": 0.165, "frac_tree": 0.115, "frac_water": 0.0, "frac_crop": 0.026, "frac_grass": 0.308, "ndvi": 0.322, "ndbi": 0.102, "mndwi": -0.492, "albedo": 0.161, "building_height_mean": 0.0, "night_lights_mean": 0.0, "svf_proxy": 1.0, "suhii_night_ml": 1.57, "suhii_night_2031": 1.99, "suhii_night_2041": 2.75 }, "geometry": { "type": "Polygon", "coordinates": [ [ [ 73.868, 18.593 ], [ 73.868, 18.602 ], [ 73.859, 18.602 ], [ 73.859, 18.593 ], [ 73.868, 18.593 ] ] ] } },
{ "type": "Feature", "properties": { "cell_id": "P0217", "suhii_day": -1.99, "suhii_night": 2.15, "suhii_day_normalized": -1.99, "suhii_night_normalized": 2.15, "lst_day": 37.28, "lst_night": 25.52, "frac_built": 0.825, "frac_tree": 0.01, "frac_water": 0.0, "frac_crop": 0.016, "frac_grass": 0.098, "ndvi": 0.176, "ndbi": 0.059, "mndwi": -0.312, "albedo": 0.192, "building_height_mean": 0.0, "night_lights_mean": 0.0, "svf_proxy": 1.0, "suhii_night_ml": 2.15, "suhii_night_2031": 2.57, "suhii_night_2041": 3.33 }, "geometry": { "type": "Polygon", "coordinates": [ [ [ 73.877, 18.44 ], [ 73.877, 18.449 ], [ 73.868, 18.449 ], [ 73.868, 18.44 ], [ 73.877, 18.44 ] ] ] } },
{ "type": "Feature", "properties": { "cell_id": "P0218", "suhii_day": -2.55, "suhii_night": 2.28, "suhii_day_normalized": -2.55, "suhii_night_normalized": 2.28, "lst_day": 36.72, "lst_night": 25.65, "frac_built": 0.985, "frac_tree": 0.015, "frac_water": 0.0, "frac_crop": 0.0, "frac_grass": 0.0, "ndvi": 0.206, "ndbi": 0.024, "mndwi": -0.291, "albedo": 0.189, "building_height_mean": 0.0, "night_lights_mean": 0.0, "svf_proxy": 1.0, "suhii_night_ml": 2.28, "suhii_night_2031": 2.7, "suhii_night_2041": 3.46 }, "geometry": { "type": "Polygon", "coordinates": [ [ [ 73.877, 18.449 ], [ 73.877, 18.458 ], [ 73.868, 18.458 ], [ 73.868, 18.449 ], [ 73.877, 18.449 ] ] ] } },
{ "type": "Feature", "properties": { "cell_id": "P0219", "suhii_day": -2.3, "suhii_night": 2.58, "suhii_day_normalized": -2.3, "suhii_night_normalized": 2.58, "lst_day": 36.97, "lst_night": 25.95, "frac_built": 0.821, "frac_tree": 0.07, "frac_water": 0.0, "frac_crop": 0.02, "frac_grass": 0.08, "ndvi": 0.177, "ndbi": 0.086, "mndwi": -0.317, "albedo": 0.197, "building_height_mean": 0.0, "night_lights_mean": 0.0, "svf_proxy": 1.0, "suhii_night_ml": 2.58, "suhii_night_2031": 3.0, "suhii_night_2041": 3.76 }, "geometry": { "type": "Polygon", "coordinates": [ [ [ 73.877, 18.458 ], [ 73.877, 18.467 ], [ 73.868, 18.467 ], [ 73.868, 18.458 ], [ 73.877, 18.458 ] ] ] } },
{ "type": "Feature", "properties": { "cell_id": "P0220", "suhii_day": -2.51, "suhii_night": 3.5, "suhii_day_normalized": -2.51, "suhii_night_normalized": 3.5, "lst_day": 36.76, "lst_night": 26.87, "frac_built": 0.742, "frac_tree": 0.036, "frac_water": 0.0, "frac_crop": 0.026, "frac_grass": 0.116, "ndvi": 0.196, "ndbi": 0.057, "mndwi": -0.317, "albedo": 0.196, "building_height_mean": 0.0, "night_lights_mean": 0.0, "svf_proxy": 1.0, "suhii_night_ml": 3.5, "suhii_night_2031": 3.92, "suhii_night_2041": 4.68 }, "geometry": { "type": "Polygon", "coordinates": [ [ [ 73.877, 18.467 ], [ 73.877, 18.476 ], [ 73.868, 18.476 ], [ 73.868, 18.467 ], [ 73.877, 18.467 ] ] ] } },
{ "type": "Feature", "properties": { "cell_id": "P0221", "suhii_day": -2.48, "suhii_night": 3.96, "suhii_day_normalized": -2.48, "suhii_night_normalized": 3.96, "lst_day": 36.79, "lst_night": 27.33, "frac_built": 0.751, "frac_tree": 0.057, "frac_water": 0.0, "frac_crop": 0.0, "frac_grass": 0.084, "ndvi": 0.239, "ndbi": 0.033, "mndwi": -0.324, "albedo": 0.177, "building_height_mean": 0.0, "night_lights_mean": 0.0, "svf_proxy": 1.0, "suhii_night_ml": 3.96, "suhii_night_2031": 4.38, "suhii_night_2041": 5.14 }, "geometry": { "type": "Polygon", "coordinates": [ [ [ 73.877, 18.476 ], [ 73.877, 18.485 ], [ 73.868, 18.485 ], [ 73.868, 18.476 ], [ 73.877, 18.476 ] ] ] } },
{ "type": "Feature", "properties": { "cell_id": "P0222", "suhii_day": -3.02, "suhii_night": 3.82, "suhii_day_normalized": -3.02, "suhii_night_normalized": 3.82, "lst_day": 36.25, "lst_night": 27.19, "frac_built": 0.656, "frac_tree": 0.253, "frac_water": 0.0, "frac_crop": 0.02, "frac_grass": 0.016, "ndvi": 0.363, "ndbi": -0.022, "mndwi": -0.381, "albedo": 0.172, "building_height_mean": 0.0, "night_lights_mean": 0.0, "svf_proxy": 1.0, "suhii_night_ml": 3.82, "suhii_night_2031": 4.24, "suhii_night_2041": 5.0 }, "geometry": { "type": "Polygon", "coordinates": [ [ [ 73.877, 18.485 ], [ 73.877, 18.494 ], [ 73.868, 18.494 ], [ 73.868, 18.485 ], [ 73.877, 18.485 ] ] ] } },
{ "type": "Feature", "properties": { "cell_id": "P0223", "suhii_day": -2.52, "suhii_night": 3.95, "suhii_day_normalized": -2.52, "suhii_night_normalized": 3.95, "lst_day": 36.75, "lst_night": 27.32, "frac_built": 0.676, "frac_tree": 0.31, "frac_water": 0.0, "frac_crop": 0.0, "frac_grass": 0.004, "ndvi": 0.364, "ndbi": -0.049, "mndwi": -0.355, "albedo": 0.171, "building_height_mean": 0.0, "night_lights_mean": 0.0, "svf_proxy": 1.0, "suhii_night_ml": 3.95, "suhii_night_2031": 4.37, "suhii_night_2041": 5.13 }, "geometry": { "type": "Polygon", "coordinates": [ [ [ 73.877, 18.494 ], [ 73.877, 18.503 ], [ 73.868, 18.503 ], [ 73.868, 18.494 ], [ 73.877, 18.494 ] ] ] } },
{ "type": "Feature", "properties": { "cell_id": "P0224", "suhii_day": -2.06, "suhii_night": 4.14, "suhii_day_normalized": -2.06, "suhii_night_normalized": 4.14, "lst_day": 37.21, "lst_night": 27.51, "frac_built": 0.9, "frac_tree": 0.09, "frac_water": 0.0, "frac_crop": 0.0, "frac_grass": 0.01, "ndvi": 0.232, "ndbi": 0.034, "mndwi": -0.31, "albedo": 0.187, "building_height_mean": 0.0, "night_lights_mean": 0.0, "svf_proxy": 1.0, "suhii_night_ml": 4.14, "suhii_night_2031": 4.56, "suhii_night_2041": 5.32 }, "geometry": { "type": "Polygon", "coordinates": [ [ [ 73.877, 18.503 ], [ 73.877, 18.512 ], [ 73.868, 18.512 ], [ 73.868, 18.503 ], [ 73.877, 18.503 ] ] ] } },
{ "type": "Feature", "properties": { "cell_id": "P0225", "suhii_day": -2.06, "suhii_night": 4.24, "suhii_day_normalized": -2.06, "suhii_night_normalized": 4.24, "lst_day": 37.21, "lst_night": 27.61, "frac_built": 0.742, "frac_tree": 0.228, "frac_water": 0.0, "frac_crop": 0.01, "frac_grass": 0.02, "ndvi": 0.335, "ndbi": -0.024, "mndwi": -0.361, "albedo": 0.174, "building_height_mean": 0.0, "night_lights_mean": 0.0, "svf_proxy": 1.0, "suhii_night_ml": 4.24, "suhii_night_2031": 4.66, "suhii_night_2041": 5.42 }, "geometry": { "type": "Polygon", "coordinates": [ [ [ 73.877, 18.512 ], [ 73.877, 18.521 ], [ 73.868, 18.521 ], [ 73.868, 18.512 ], [ 73.877, 18.512 ] ] ] } },
{ "type": "Feature", "properties": { "cell_id": "P0226", "suhii_day": -2.19, "suhii_night": 4.18, "suhii_day_normalized": -2.19, "suhii_night_normalized": 4.18, "lst_day": 37.08, "lst_night": 27.55, "frac_built": 0.607, "frac_tree": 0.393, "frac_water": 0.0, "frac_crop": 0.0, "frac_grass": 0.0, "ndvi": 0.332, "ndbi": -0.029, "mndwi": -0.349, "albedo": 0.165, "building_height_mean": 0.0, "night_lights_mean": 0.0, "svf_proxy": 1.0, "suhii_night_ml": 4.18, "suhii_night_2031": 4.6, "suhii_night_2041": 5.36 }, "geometry": { "type": "Polygon", "coordinates": [ [ [ 73.877, 18.521 ], [ 73.877, 18.53 ], [ 73.868, 18.53 ], [ 73.868, 18.521 ], [ 73.877, 18.521 ] ] ] } },
{ "type": "Feature", "properties": { "cell_id": "P0227", "suhii_day": -1.63, "suhii_night": 3.94, "suhii_day_normalized": -1.63, "suhii_night_normalized": 3.94, "lst_day": 37.64, "lst_night": 27.31, "frac_built": 0.569, "frac_tree": 0.375, "frac_water": 0.002, "frac_crop": 0.016, "frac_grass": 0.039, "ndvi": 0.316, "ndbi": -0.026, "mndwi": -0.335, "albedo": 0.182, "building_height_mean": 0.0, "night_lights_mean": 0.0, "svf_proxy": 1.0, "suhii_night_ml": 3.94, "suhii_night_2031": 4.36, "suhii_night_2041": 5.12 }, "geometry": { "type": "Polygon", "coordinates": [ [ [ 73.877, 18.53 ], [ 73.877, 18.539 ], [ 73.868, 18.539 ], [ 73.868, 18.53 ], [ 73.877, 18.53 ] ] ] } },
{ "type": "Feature", "properties": { "cell_id": "P0228", "suhii_day": -1.7, "suhii_night": 3.66, "suhii_day_normalized": -1.7, "suhii_night_normalized": 3.66, "lst_day": 37.57, "lst_night": 27.03, "frac_built": 0.32, "frac_tree": 0.499, "frac_water": 0.092, "frac_crop": 0.018, "frac_grass": 0.01, "ndvi": 0.409, "ndbi": -0.05, "mndwi": -0.4, "albedo": 0.153, "building_height_mean": 0.0, "night_lights_mean": 0.0, "svf_proxy": 1.0, "suhii_night_ml": 3.66, "suhii_night_2031": 4.08, "suhii_night_2041": 4.84 }, "geometry": { "type": "Polygon", "coordinates": [ [ [ 73.877, 18.539 ], [ 73.877, 18.548 ], [ 73.868, 18.548 ], [ 73.868, 18.539 ], [ 73.877, 18.539 ] ] ] } },
{ "type": "Feature", "properties": { "cell_id": "P0229", "suhii_day": -2.26, "suhii_night": 3.26, "suhii_day_normalized": -2.26, "suhii_night_normalized": 3.26, "lst_day": 37.01, "lst_night": 26.63, "frac_built": 0.509, "frac_tree": 0.349, "frac_water": 0.0, "frac_crop": 0.048, "frac_grass": 0.0, "ndvi": 0.382, "ndbi": -0.034, "mndwi": -0.395, "albedo": 0.165, "building_height_mean": 0.0, "night_lights_mean": 0.0, "svf_proxy": 1.0, "suhii_night_ml": 3.26, "suhii_night_2031": 3.68, "suhii_night_2041": 4.44 }, "geometry": { "type": "Polygon", "coordinates": [ [ [ 73.877, 18.548 ], [ 73.877, 18.557 ], [ 73.868, 18.557 ], [ 73.868, 18.548 ], [ 73.877, 18.548 ] ] ] } },
{ "type": "Feature", "properties": { "cell_id": "P0230", "suhii_day": -3.59, "suhii_night": 3.29, "suhii_day_normalized": -3.59, "suhii_night_normalized": 3.29, "lst_day": 35.68, "lst_night": 26.66, "frac_built": 0.164, "frac_tree": 0.715, "frac_water": 0.03, "frac_crop": 0.052, "frac_grass": 0.0, "ndvi": 0.504, "ndbi": -0.082, "mndwi": -0.47, "albedo": 0.158, "building_height_mean": 0.0, "night_lights_mean": 0.0, "svf_proxy": 1.0, "suhii_night_ml": 3.29, "suhii_night_2031": 3.71, "suhii_night_2041": 4.47 }, "geometry": { "type": "Polygon", "coordinates": [ [ [ 73.877, 18.557 ], [ 73.877, 18.566 ], [ 73.868, 18.566 ], [ 73.868, 18.557 ], [ 73.877, 18.557 ] ] ] } },
{ "type": "Feature", "properties": { "cell_id": "P0231", "suhii_day": -3.55, "suhii_night": 3.1, "suhii_day_normalized": -3.55, "suhii_night_normalized": 3.1, "lst_day": 35.72, "lst_night": 26.47, "frac_built": 0.24, "frac_tree": 0.376, "frac_water": 0.01, "frac_crop": 0.108, "frac_grass": 0.092, "ndvi": 0.338, "ndbi": 0.016, "mndwi": -0.415, "albedo": 0.166, "building_height_mean": 0.0, "night_lights_mean": 0.0, "svf_proxy": 1.0, "suhii_night_ml": 3.1, "suhii_night_2031": 3.52, "suhii_night_2041": 4.28 }, "geometry": { "type": "Polygon", "coordinates": [ [ [ 73.877, 18.566 ], [ 73.877, 18.575 ], [ 73.868, 18.575 ], [ 73.868, 18.566 ], [ 73.877, 18.566 ] ] ] } },
{ "type": "Feature", "properties": { "cell_id": "P0232", "suhii_day": -3.79, "suhii_night": 3.33, "suhii_day_normalized": -3.79, "suhii_night_normalized": 3.33, "lst_day": 35.48, "lst_night": 26.7, "frac_built": 0.389, "frac_tree": 0.379, "frac_water": 0.03, "frac_crop": 0.072, "frac_grass": 0.031, "ndvi": 0.365, "ndbi": -0.009, "mndwi": -0.403, "albedo": 0.175, "building_height_mean": 0.0, "night_lights_mean": 0.0, "svf_proxy": 1.0, "suhii_night_ml": 3.33, "suhii_night_2031": 3.75, "suhii_night_2041": 4.51 }, "geometry": { "type": "Polygon", "coordinates": [ [ [ 73.877, 18.575 ], [ 73.877, 18.584 ], [ 73.868, 18.584 ], [ 73.868, 18.575 ], [ 73.877, 18.575 ] ] ] } },
{ "type": "Feature", "properties": { "cell_id": "P0233", "suhii_day": -3.29, "suhii_night": 3.28, "suhii_day_normalized": -3.29, "suhii_night_normalized": 3.28, "lst_day": 35.98, "lst_night": 26.65, "frac_built": 0.259, "frac_tree": 0.201, "frac_water": 0.0, "frac_crop": 0.062, "frac_grass": 0.141, "ndvi": 0.302, "ndbi": 0.076, "mndwi": -0.446, "albedo": 0.171, "building_height_mean": 0.0, "night_lights_mean": 0.0, "svf_proxy": 1.0, "suhii_night_ml": 3.28, "suhii_night_2031": 3.7, "suhii_night_2041": 4.46 }, "geometry": { "type": "Polygon", "coordinates": [ [ [ 73.877, 18.584 ], [ 73.877, 18.593 ], [ 73.868, 18.593 ], [ 73.868, 18.584 ], [ 73.877, 18.584 ] ] ] } },
{ "type": "Feature", "properties": { "cell_id": "P0234", "suhii_day": -1.74, "suhii_night": 2.09, "suhii_day_normalized": -1.74, "suhii_night_normalized": 2.09, "lst_day": 37.53, "lst_night": 25.46, "frac_built": 0.217, "frac_tree": 0.177, "frac_water": 0.0, "frac_crop": 0.012, "frac_grass": 0.218, "ndvi": 0.275, "ndbi": 0.104, "mndwi": -0.454, "albedo": 0.158, "building_height_mean": 0.0, "night_lights_mean": 0.0, "svf_proxy": 1.0, "suhii_night_ml": 2.09, "suhii_night_2031": 2.51, "suhii_night_2041": 3.27 }, "geometry": { "type": "Polygon", "coordinates": [ [ [ 73.877, 18.593 ], [ 73.877, 18.602 ], [ 73.868, 18.602 ], [ 73.868, 18.593 ], [ 73.877, 18.593 ] ] ] } },
{ "type": "Feature", "properties": { "cell_id": "P0235", "suhii_day": -1.23, "suhii_night": 0.36, "suhii_day_normalized": -1.23, "suhii_night_normalized": 0.36, "lst_day": 38.04, "lst_night": 23.73, "frac_built": 0.797, "frac_tree": 0.05, "frac_water": 0.0, "frac_crop": 0.04, "frac_grass": 0.087, "ndvi": 0.156, "ndbi": 0.066, "mndwi": -0.29, "albedo": 0.188, "building_height_mean": 0.0, "night_lights_mean": 0.0, "svf_proxy": 1.0, "suhii_night_ml": 0.36, "suhii_night_2031": 0.78, "suhii_night_2041": 1.54 }, "geometry": { "type": "Polygon", "coordinates": [ [ [ 73.886, 18.44 ], [ 73.886, 18.449 ], [ 73.877, 18.449 ], [ 73.877, 18.44 ], [ 73.886, 18.44 ] ] ] } },
{ "type": "Feature", "properties": { "cell_id": "P0236", "suhii_day": -2.17, "suhii_night": 2.6, "suhii_day_normalized": -2.17, "suhii_night_normalized": 2.6, "lst_day": 37.1, "lst_night": 25.97, "frac_built": 0.746, "frac_tree": 0.01, "frac_water": 0.0, "frac_crop": 0.132, "frac_grass": 0.06, "ndvi": 0.168, "ndbi": 0.064, "mndwi": -0.313, "albedo": 0.176, "building_height_mean": 0.0, "night_lights_mean": 0.0, "svf_proxy": 1.0, "suhii_night_ml": 2.6, "suhii_night_2031": 3.02, "suhii_night_2041": 3.78 }, "geometry": { "type": "Polygon", "coordinates": [ [ [ 73.886, 18.449 ], [ 73.886, 18.458 ], [ 73.877, 18.458 ], [ 73.877, 18.449 ], [ 73.886, 18.449 ] ] ] } },
{ "type": "Feature", "properties": { "cell_id": "P0237", "suhii_day": -1.98, "suhii_night": 2.72, "suhii_day_normalized": -1.98, "suhii_night_normalized": 2.72, "lst_day": 37.29, "lst_night": 26.09, "frac_built": 0.954, "frac_tree": 0.03, "frac_water": 0.0, "frac_crop": 0.01, "frac_grass": 0.0, "ndvi": 0.177, "ndbi": 0.061, "mndwi": -0.292, "albedo": 0.188, "building_height_mean": 0.0, "night_lights_mean": 0.0, "svf_proxy": 1.0, "suhii_night_ml": 2.72, "suhii_night_2031": 3.14, "suhii_night_2041": 3.9 }, "geometry": { "type": "Polygon", "coordinates": [ [ [ 73.886, 18.458 ], [ 73.886, 18.467 ], [ 73.877, 18.467 ], [ 73.877, 18.458 ], [ 73.886, 18.458 ] ] ] } },
{ "type": "Feature", "properties": { "cell_id": "P0238", "suhii_day": -2.0, "suhii_night": 2.79, "suhii_day_normalized": -2.0, "suhii_night_normalized": 2.79, "lst_day": 37.27, "lst_night": 26.16, "frac_built": 0.825, "frac_tree": 0.048, "frac_water": 0.0, "frac_crop": 0.054, "frac_grass": 0.032, "ndvi": 0.175, "ndbi": 0.075, "mndwi": -0.306, "albedo": 0.186, "building_height_mean": 0.0, "night_lights_mean": 0.0, "svf_proxy": 1.0, "suhii_night_ml": 2.79, "suhii_night_2031": 3.21, "suhii_night_2041": 3.97 }, "geometry": { "type": "Polygon", "coordinates": [ [ [ 73.886, 18.467 ], [ 73.886, 18.476 ], [ 73.877, 18.476 ], [ 73.877, 18.467 ], [ 73.886, 18.467 ] ] ] } },
{ "type": "Feature", "properties": { "cell_id": "P0239", "suhii_day": -2.34, "suhii_night": 3.6, "suhii_day_normalized": -2.34, "suhii_night_normalized": 3.6, "lst_day": 36.93, "lst_night": 26.97, "frac_built": 0.449, "frac_tree": 0.162, "frac_water": 0.0, "frac_crop": 0.052, "frac_grass": 0.08, "ndvi": 0.254, "ndbi": 0.073, "mndwi": -0.398, "albedo": 0.164, "building_height_mean": 0.0, "night_lights_mean": 0.0, "svf_proxy": 1.0, "suhii_night_ml": 3.6, "suhii_night_2031": 4.02, "suhii_night_2041": 4.78 }, "geometry": { "type": "Polygon", "coordinates": [ [ [ 73.886, 18.476 ], [ 73.886, 18.485 ], [ 73.877, 18.485 ], [ 73.877, 18.476 ], [ 73.886, 18.476 ] ] ] } },
{ "type": "Feature", "properties": { "cell_id": "P0240", "suhii_day": -3.18, "suhii_night": 3.92, "suhii_day_normalized": -3.18, "suhii_night_normalized": 3.92, "lst_day": 36.09, "lst_night": 27.29, "frac_built": 0.285, "frac_tree": 0.154, "frac_water": 0.0, "frac_crop": 0.036, "frac_grass": 0.337, "ndvi": 0.275, "ndbi": 0.083, "mndwi": -0.431, "albedo": 0.172, "building_height_mean": 0.0, "night_lights_mean": 0.0, "svf_proxy": 1.0, "suhii_night_ml": 3.92, "suhii_night_2031": 4.34, "suhii_night_2041": 5.1 }, "geometry": { "type": "Polygon", "coordinates": [ [ [ 73.886, 18.485 ], [ 73.886, 18.494 ], [ 73.877, 18.494 ], [ 73.877, 18.485 ], [ 73.886, 18.485 ] ] ] } },
{ "type": "Feature", "properties": { "cell_id": "P0241", "suhii_day": -2.95, "suhii_night": 3.92, "suhii_day_normalized": -2.95, "suhii_night_normalized": 3.92, "lst_day": 36.32, "lst_night": 27.29, "frac_built": 0.365, "frac_tree": 0.603, "frac_water": 0.0, "frac_crop": 0.0, "frac_grass": 0.0, "ndvi": 0.425, "ndbi": -0.044, "mndwi": -0.427, "albedo": 0.167, "building_height_mean": 0.0, "night_lights_mean": 0.0, "svf_proxy": 1.0, "suhii_night_ml": 3.92, "suhii_night_2031": 4.34, "suhii_night_2041": 5.1 }, "geometry": { "type": "Polygon", "coordinates": [ [ [ 73.886, 18.494 ], [ 73.886, 18.503 ], [ 73.877, 18.503 ], [ 73.877, 18.494 ], [ 73.886, 18.494 ] ] ] } },
{ "type": "Feature", "properties": { "cell_id": "P0242", "suhii_day": -2.81, "suhii_night": 3.93, "suhii_day_normalized": -2.81, "suhii_night_normalized": 3.93, "lst_day": 36.46, "lst_night": 27.3, "frac_built": 0.59, "frac_tree": 0.39, "frac_water": 0.0, "frac_crop": 0.0, "frac_grass": 0.01, "ndvi": 0.346, "ndbi": -0.01, "mndwi": -0.372, "albedo": 0.162, "building_height_mean": 0.0, "night_lights_mean": 0.0, "svf_proxy": 1.0, "suhii_night_ml": 3.93, "suhii_night_2031": 4.35, "suhii_night_2041": 5.11 }, "geometry": { "type": "Polygon", "coordinates": [ [ [ 73.886, 18.503 ], [ 73.886, 18.512 ], [ 73.877, 18.512 ], [ 73.877, 18.503 ], [ 73.886, 18.503 ] ] ] } },
{ "type": "Feature", "properties": { "cell_id": "P0243", "suhii_day": -2.66, "suhii_night": 4.05, "suhii_day_normalized": -2.66, "suhii_night_normalized": 4.05, "lst_day": 36.61, "lst_night": 27.42, "frac_built": 0.592, "frac_tree": 0.407, "frac_water": 0.0, "frac_crop": 0.001, "frac_grass": 0.0, "ndvi": 0.368, "ndbi": -0.02, "mndwi": -0.402, "albedo": 0.162, "building_height_mean": 0.0, "night_lights_mean": 0.0, "svf_proxy": 1.0, "suhii_night_ml": 4.05, "suhii_night_2031": 4.47, "suhii_night_2041": 5.23 }, "geometry": { "type": "Polygon", "coordinates": [ [ [ 73.886, 18.512 ], [ 73.886, 18.521 ], [ 73.877, 18.521 ], [ 73.877, 18.512 ], [ 73.886, 18.512 ] ] ] } },
{ "type": "Feature", "properties": { "cell_id": "P0244", "suhii_day": -2.98, "suhii_night": 4.03, "suhii_day_normalized": -2.98, "suhii_night_normalized": 4.03, "lst_day": 36.29, "lst_night": 27.4, "frac_built": 0.336, "frac_tree": 0.636, "frac_water": 0.0, "frac_crop": 0.009, "frac_grass": 0.01, "ndvi": 0.456, "ndbi": -0.083, "mndwi": -0.416, "albedo": 0.16, "building_height_mean": 0.0, "night_lights_mean": 0.0, "svf_proxy": 1.0, "suhii_night_ml": 4.03, "suhii_night_2031": 4.45, "suhii_night_2041": 5.21 }, "geometry": { "type": "Polygon", "coordinates": [ [ [ 73.886, 18.521 ], [ 73.886, 18.53 ], [ 73.877, 18.53 ], [ 73.877, 18.521 ], [ 73.886, 18.521 ] ] ] } },
{ "type": "Feature", "properties": { "cell_id": "P0245", "suhii_day": -2.97, "suhii_night": 3.94, "suhii_day_normalized": -2.97, "suhii_night_normalized": 3.94, "lst_day": 36.3, "lst_night": 27.31, "frac_built": 0.587, "frac_tree": 0.363, "frac_water": 0.0, "frac_crop": 0.01, "frac_grass": 0.04, "ndvi": 0.409, "ndbi": -0.089, "mndwi": -0.36, "albedo": 0.17, "building_height_mean": 0.0, "night_lights_mean": 0.0, "svf_proxy": 1.0, "suhii_night_ml": 3.94, "suhii_night_2031": 4.36, "suhii_night_2041": 5.12 }, "geometry": { "type": "Polygon", "coordinates": [ [ [ 73.886, 18.53 ], [ 73.886, 18.539 ], [ 73.877, 18.539 ], [ 73.877, 18.53 ], [ 73.886, 18.53 ] ] ] } },
{ "type": "Feature", "properties": { "cell_id": "P0246", "suhii_day": -2.58, "suhii_night": 4.07, "suhii_day_normalized": -2.58, "suhii_night_normalized": 4.07, "lst_day": 36.69, "lst_night": 27.44, "frac_built": 0.463, "frac_tree": 0.306, "frac_water": 0.122, "frac_crop": 0.06, "frac_grass": 0.0, "ndvi": 0.33, "ndbi": -0.042, "mndwi": -0.323, "albedo": 0.15, "building_height_mean": 0.0, "night_lights_mean": 0.0, "svf_proxy": 1.0, "suhii_night_ml": 4.07, "suhii_night_2031": 4.49, "suhii_night_2041": 5.25 }, "geometry": { "type": "Polygon", "coordinates": [ [ [ 73.886, 18.539 ], [ 73.886, 18.548 ], [ 73.877, 18.548 ], [ 73.877, 18.539 ], [ 73.886, 18.539 ] ] ] } },
{ "type": "Feature", "properties": { "cell_id": "P0247", "suhii_day": -3.01, "suhii_night": 3.59, "suhii_day_normalized": -3.01, "suhii_night_normalized": 3.59, "lst_day": 36.26, "lst_night": 26.96, "frac_built": 0.666, "frac_tree": 0.274, "frac_water": 0.0, "frac_crop": 0.004, "frac_grass": 0.01, "ndvi": 0.288, "ndbi": 0.025, "mndwi": -0.361, "albedo": 0.184, "building_height_mean": 0.0, "night_lights_mean": 0.0, "svf_proxy": 1.0, "suhii_night_ml": 3.59, "suhii_night_2031": 4.01, "suhii_night_2041": 4.77 }, "geometry": { "type": "Polygon", "coordinates": [ [ [ 73.886, 18.548 ], [ 73.886, 18.557 ], [ 73.877, 18.557 ], [ 73.877, 18.548 ], [ 73.886, 18.548 ] ] ] } },
{ "type": "Feature", "properties": { "cell_id": "P0248", "suhii_day": -3.85, "suhii_night": 3.45, "suhii_day_normalized": -3.85, "suhii_night_normalized": 3.45, "lst_day": 35.42, "lst_night": 26.82, "frac_built": 0.403, "frac_tree": 0.528, "frac_water": 0.0, "frac_crop": 0.035, "frac_grass": 0.0, "ndvi": 0.491, "ndbi": -0.092, "mndwi": -0.444, "albedo": 0.163, "building_height_mean": 0.0, "night_lights_mean": 0.0, "svf_proxy": 1.0, "suhii_night_ml": 3.45, "suhii_night_2031": 3.87, "suhii_night_2041": 4.63 }, "geometry": { "type": "Polygon", "coordinates": [ [ [ 73.886, 18.557 ], [ 73.886, 18.566 ], [ 73.877, 18.566 ], [ 73.877, 18.557 ], [ 73.886, 18.557 ] ] ] } },
{ "type": "Feature", "properties": { "cell_id": "P0249", "suhii_day": -3.56, "suhii_night": 3.79, "suhii_day_normalized": -3.56, "suhii_night_normalized": 3.79, "lst_day": 35.71, "lst_night": 27.16, "frac_built": 0.825, "frac_tree": 0.154, "frac_water": 0.004, "frac_crop": 0.017, "frac_grass": 0.0, "ndvi": 0.274, "ndbi": 0.002, "mndwi": -0.323, "albedo": 0.175, "building_height_mean": 0.0, "night_lights_mean": 0.0, "svf_proxy": 1.0, "suhii_night_ml": 3.79, "suhii_night_2031": 4.21, "suhii_night_2041": 4.97 }, "geometry": { "type": "Polygon", "coordinates": [ [ [ 73.886, 18.566 ], [ 73.886, 18.575 ], [ 73.877, 18.575 ], [ 73.877, 18.566 ], [ 73.886, 18.566 ] ] ] } },
{ "type": "Feature", "properties": { "cell_id": "P0250", "suhii_day": -3.71, "suhii_night": 3.48, "suhii_day_normalized": -3.71, "suhii_night_normalized": 3.48, "lst_day": 35.56, "lst_night": 26.85, "frac_built": 0.561, "frac_tree": 0.306, "frac_water": 0.075, "frac_crop": 0.01, "frac_grass": 0.01, "ndvi": 0.32, "ndbi": -0.005, "mndwi": -0.339, "albedo": 0.167, "building_height_mean": 0.0, "night_lights_mean": 0.0, "svf_proxy": 1.0, "suhii_night_ml": 3.48, "suhii_night_2031": 3.9, "suhii_night_2041": 4.66 }, "geometry": { "type": "Polygon", "coordinates": [ [ [ 73.886, 18.575 ], [ 73.886, 18.584 ], [ 73.877, 18.584 ], [ 73.877, 18.575 ], [ 73.886, 18.575 ] ] ] } },
{ "type": "Feature", "properties": { "cell_id": "P0251", "suhii_day": -2.86, "suhii_night": 3.24, "suhii_day_normalized": -2.86, "suhii_night_normalized": 3.24, "lst_day": 36.41, "lst_night": 26.61, "frac_built": 0.116, "frac_tree": 0.487, "frac_water": 0.0, "frac_crop": 0.02, "frac_grass": 0.058, "ndvi": 0.348, "ndbi": 0.06, "mndwi": -0.464, "albedo": 0.154, "building_height_mean": 0.0, "night_lights_mean": 0.0, "svf_proxy": 1.0, "suhii_night_ml": 3.24, "suhii_night_2031": 3.66, "suhii_night_2041": 4.42 }, "geometry": { "type": "Polygon", "coordinates": [ [ [ 73.886, 18.584 ], [ 73.886, 18.593 ], [ 73.877, 18.593 ], [ 73.877, 18.584 ], [ 73.886, 18.584 ] ] ] } },
{ "type": "Feature", "properties": { "cell_id": "P0252", "suhii_day": -1.06, "suhii_night": 2.65, "suhii_day_normalized": -1.06, "suhii_night_normalized": 2.65, "lst_day": 38.21, "lst_night": 26.02, "frac_built": 0.015, "frac_tree": 0.124, "frac_water": 0.082, "frac_crop": 0.036, "frac_grass": 0.308, "ndvi": 0.256, "ndbi": 0.137, "mndwi": -0.485, "albedo": 0.159, "building_height_mean": 0.0, "night_lights_mean": 0.0, "svf_proxy": 1.0, "suhii_night_ml": 2.65, "suhii_night_2031": 3.07, "suhii_night_2041": 3.83 }, "geometry": { "type": "Polygon", "coordinates": [ [ [ 73.886, 18.593 ], [ 73.886, 18.602 ], [ 73.877, 18.602 ], [ 73.877, 18.593 ], [ 73.886, 18.593 ] ] ] } },
{ "type": "Feature", "properties": { "cell_id": "P0253", "suhii_day": -0.2, "suhii_night": -0.62, "suhii_day_normalized": -0.2, "suhii_night_normalized": -0.62, "lst_day": 39.07, "lst_night": 22.75, "frac_built": 0.527, "frac_tree": 0.16, "frac_water": 0.0, "frac_crop": 0.182, "frac_grass": 0.097, "ndvi": 0.231, "ndbi": 0.044, "mndwi": -0.35, "albedo": 0.173, "building_height_mean": 0.0, "night_lights_mean": 0.0, "svf_proxy": 1.0, "suhii_night_ml": -0.62, "suhii_night_2031": -0.2, "suhii_night_2041": 0.56 }, "geometry": { "type": "Polygon", "coordinates": [ [ [ 73.895, 18.44 ], [ 73.895, 18.449 ], [ 73.886, 18.449 ], [ 73.886, 18.44 ], [ 73.895, 18.44 ] ] ] } },
{ "type": "Feature", "properties": { "cell_id": "P0254", "suhii_day": -0.83, "suhii_night": 3.33, "suhii_day_normalized": -0.83, "suhii_night_normalized": 3.33, "lst_day": 38.44, "lst_night": 26.7, "frac_built": 0.688, "frac_tree": 0.12, "frac_water": 0.0, "frac_crop": 0.095, "frac_grass": 0.019, "ndvi": 0.201, "ndbi": 0.057, "mndwi": -0.334, "albedo": 0.175, "building_height_mean": 0.0, "night_lights_mean": 0.0, "svf_proxy": 1.0, "suhii_night_ml": 3.33, "suhii_night_2031": 3.75, "suhii_night_2041": 4.51 }, "geometry": { "type": "Polygon", "coordinates": [ [ [ 73.895, 18.449 ], [ 73.895, 18.458 ], [ 73.886, 18.458 ], [ 73.886, 18.449 ], [ 73.895, 18.449 ] ] ] } },
{ "type": "Feature", "properties": { "cell_id": "P0255", "suhii_day": -1.65, "suhii_night": 1.89, "suhii_day_normalized": -1.65, "suhii_night_normalized": 1.89, "lst_day": 37.62, "lst_night": 25.26, "frac_built": 0.71, "frac_tree": 0.198, "frac_water": 0.0, "frac_crop": 0.036, "frac_grass": 0.0, "ndvi": 0.231, "ndbi": 0.028, "mndwi": -0.322, "albedo": 0.174, "building_height_mean": 0.0, "night_lights_mean": 0.0, "svf_proxy": 1.0, "suhii_night_ml": 1.89, "suhii_night_2031": 2.31, "suhii_night_2041": 3.07 }, "geometry": { "type": "Polygon", "coordinates": [ [ [ 73.895, 18.458 ], [ 73.895, 18.467 ], [ 73.886, 18.467 ], [ 73.886, 18.458 ], [ 73.895, 18.458 ] ] ] } },
{ "type": "Feature", "properties": { "cell_id": "P0256", "suhii_day": -2.35, "suhii_night": 1.65, "suhii_day_normalized": -2.35, "suhii_night_normalized": 1.65, "lst_day": 36.92, "lst_night": 25.02, "frac_built": 0.816, "frac_tree": 0.125, "frac_water": 0.0, "frac_crop": 0.026, "frac_grass": 0.0, "ndvi": 0.213, "ndbi": 0.041, "mndwi": -0.311, "albedo": 0.18, "building_height_mean": 0.0, "night_lights_mean": 0.0, "svf_proxy": 1.0, "suhii_night_ml": 1.65, "suhii_night_2031": 2.07, "suhii_night_2041": 2.83 }, "geometry": { "type": "Polygon", "coordinates": [ [ [ 73.895, 18.467 ], [ 73.895, 18.476 ], [ 73.886, 18.476 ], [ 73.886, 18.467 ], [ 73.895, 18.467 ] ] ] } },
{ "type": "Feature", "properties": { "cell_id": "P0257", "suhii_day": -2.81, "suhii_night": 3.27, "suhii_day_normalized": -2.81, "suhii_night_normalized": 3.27, "lst_day": 36.46, "lst_night": 26.64, "frac_built": 0.643, "frac_tree": 0.195, "frac_water": 0.0, "frac_crop": 0.054, "frac_grass": 0.031, "ndvi": 0.29, "ndbi": 0.008, "mndwi": -0.351, "albedo": 0.169, "building_height_mean": 0.0, "night_lights_mean": 0.0, "svf_proxy": 1.0, "suhii_night_ml": 3.27, "suhii_night_2031": 3.69, "suhii_night_2041": 4.45 }, "geometry": { "type": "Polygon", "coordinates": [ [ [ 73.895, 18.476 ], [ 73.895, 18.485 ], [ 73.886, 18.485 ], [ 73.886, 18.476 ], [ 73.895, 18.476 ] ] ] } },
{ "type": "Feature", "properties": { "cell_id": "P0258", "suhii_day": -3.34, "suhii_night": 4.1, "suhii_day_normalized": -3.34, "suhii_night_normalized": 4.1, "lst_day": 35.93, "lst_night": 27.47, "frac_built": 0.333, "frac_tree": 0.249, "frac_water": 0.0, "frac_crop": 0.024, "frac_grass": 0.045, "ndvi": 0.299, "ndbi": 0.058, "mndwi": -0.418, "albedo": 0.164, "building_height_mean": 0.0, "night_lights_mean": 0.0, "svf_proxy": 1.0, "suhii_night_ml": 4.1, "suhii_night_2031": 4.52, "suhii_night_2041": 5.28 }, "geometry": { "type": "Polygon", "coordinates": [ [ [ 73.895, 18.485 ], [ 73.895, 18.494 ], [ 73.886, 18.494 ], [ 73.886, 18.485 ], [ 73.895, 18.485 ] ] ] } },
{ "type": "Feature", "properties": { "cell_id": "P0259", "suhii_day": -3.26, "suhii_night": 4.01, "suhii_day_normalized": -3.26, "suhii_night_normalized": 4.01, "lst_day": 36.01, "lst_night": 27.38, "frac_built": 0.511, "frac_tree": 0.481, "frac_water": 0.0, "frac_crop": 0.0, "frac_grass": 0.0, "ndvi": 0.415, "ndbi": -0.032, "mndwi": -0.434, "albedo": 0.169, "building_height_mean": 0.0, "night_lights_mean": 0.0, "svf_proxy": 1.0, "suhii_night_ml": 4.01, "suhii_night_2031": 4.43, "suhii_night_2041": 5.19 }, "geometry": { "type": "Polygon", "coordinates": [ [ [ 73.895, 18.494 ], [ 73.895, 18.503 ], [ 73.886, 18.503 ], [ 73.886, 18.494 ], [ 73.895, 18.494 ] ] ] } },
{ "type": "Feature", "properties": { "cell_id": "P0260", "suhii_day": -2.78, "suhii_night": 3.97, "suhii_day_normalized": -2.78, "suhii_night_normalized": 3.97, "lst_day": 36.49, "lst_night": 27.34, "frac_built": 0.304, "frac_tree": 0.376, "frac_water": 0.0, "frac_crop": 0.01, "frac_grass": 0.3, "ndvi": 0.367, "ndbi": -0.022, "mndwi": -0.418, "albedo": 0.166, "building_height_mean": 0.0, "night_lights_mean": 0.0, "svf_proxy": 1.0, "suhii_night_ml": 3.97, "suhii_night_2031": 4.39, "suhii_night_2041": 5.15 }, "geometry": { "type": "Polygon", "coordinates": [ [ [ 73.895, 18.503 ], [ 73.895, 18.512 ], [ 73.886, 18.512 ], [ 73.886, 18.503 ], [ 73.895, 18.503 ] ] ] } },
{ "type": "Feature", "properties": { "cell_id": "P0261", "suhii_day": -2.88, "suhii_night": 3.8, "suhii_day_normalized": -2.88, "suhii_night_normalized": 3.8, "lst_day": 36.39, "lst_night": 27.17, "frac_built": 0.372, "frac_tree": 0.41, "frac_water": 0.0, "frac_crop": 0.046, "frac_grass": 0.093, "ndvi": 0.404, "ndbi": -0.036, "mndwi": -0.434, "albedo": 0.171, "building_height_mean": 0.0, "night_lights_mean": 0.0, "svf_proxy": 1.0, "suhii_night_ml": 3.8, "suhii_night_2031": 4.22, "suhii_night_2041": 4.98 }, "geometry": { "type": "Polygon", "coordinates": [ [ [ 73.895, 18.512 ], [ 73.895, 18.521 ], [ 73.886, 18.521 ], [ 73.886, 18.512 ], [ 73.895, 18.512 ] ] ] } },
{ "type": "Feature", "properties": { "cell_id": "P0262", "suhii_day": -3.3, "suhii_night": 3.81, "suhii_day_normalized": -3.3, "suhii_night_normalized": 3.81, "lst_day": 35.97, "lst_night": 27.18, "frac_built": 0.222, "frac_tree": 0.656, "frac_water": 0.0, "frac_crop": 0.006, "frac_grass": 0.106, "ndvi": 0.506, "ndbi": -0.082, "mndwi": -0.462, "albedo": 0.172, "building_height_mean": 0.0, "night_lights_mean": 0.0, "svf_proxy": 1.0, "suhii_night_ml": 3.81, "suhii_night_2031": 4.23, "suhii_night_2041": 4.99 }, "geometry": { "type": "Polygon", "coordinates": [ [ [ 73.895, 18.521 ], [ 73.895, 18.53 ], [ 73.886, 18.53 ], [ 73.886, 18.521 ], [ 73.895, 18.521 ] ] ] } },
{ "type": "Feature", "properties": { "cell_id": "P0263", "suhii_day": -3.57, "suhii_night": 3.95, "suhii_day_normalized": -3.57, "suhii_night_normalized": 3.95, "lst_day": 35.7, "lst_night": 27.32, "frac_built": 0.219, "frac_tree": 0.771, "frac_water": 0.0, "frac_crop": 0.0, "frac_grass": 0.01, "ndvi": 0.468, "ndbi": -0.114, "mndwi": -0.386, "albedo": 0.168, "building_height_mean": 0.0, "night_lights_mean": 0.0, "svf_proxy": 1.0, "suhii_night_ml": 3.95, "suhii_night_2031": 4.37, "suhii_night_2041": 5.13 }, "geometry": { "type": "Polygon", "coordinates": [ [ [ 73.895, 18.53 ], [ 73.895, 18.539 ], [ 73.886, 18.539 ], [ 73.886, 18.53 ], [ 73.895, 18.53 ] ] ] } },
{ "type": "Feature", "properties": { "cell_id": "P0264", "suhii_day": -2.96, "suhii_night": 3.99, "suhii_day_normalized": -2.96, "suhii_night_normalized": 3.99, "lst_day": 36.31, "lst_night": 27.36, "frac_built": 0.244, "frac_tree": 0.559, "frac_water": 0.17, "frac_crop": 0.007, "frac_grass": 0.0, "ndvi": 0.392, "ndbi": -0.085, "mndwi": -0.348, "albedo": 0.151, "building_height_mean": 0.0, "night_lights_mean": 0.0, "svf_proxy": 1.0, "suhii_night_ml": 3.99, "suhii_night_2031": 4.41, "suhii_night_2041": 5.17 }, "geometry": { "type": "Polygon", "coordinates": [ [ [ 73.895, 18.539 ], [ 73.895, 18.548 ], [ 73.886, 18.548 ], [ 73.886, 18.539 ], [ 73.895, 18.539 ] ] ] } },
{ "type": "Feature", "properties": { "cell_id": "P0265", "suhii_day": -2.95, "suhii_night": 3.73, "suhii_day_normalized": -2.95, "suhii_night_normalized": 3.73, "lst_day": 36.32, "lst_night": 27.1, "frac_built": 0.568, "frac_tree": 0.375, "frac_water": 0.0, "frac_crop": 0.015, "frac_grass": 0.032, "ndvi": 0.338, "ndbi": -0.016, "mndwi": -0.365, "albedo": 0.18, "building_height_mean": 0.0, "night_lights_mean": 0.0, "svf_proxy": 1.0, "suhii_night_ml": 3.73, "suhii_night_2031": 4.15, "suhii_night_2041": 4.91 }, "geometry": { "type": "Polygon", "coordinates": [ [ [ 73.895, 18.548 ], [ 73.895, 18.557 ], [ 73.886, 18.557 ], [ 73.886, 18.548 ], [ 73.895, 18.548 ] ] ] } },
{ "type": "Feature", "properties": { "cell_id": "P0266", "suhii_day": -3.0, "suhii_night": 3.56, "suhii_day_normalized": -3.0, "suhii_night_normalized": 3.56, "lst_day": 36.27, "lst_night": 26.93, "frac_built": 0.358, "frac_tree": 0.411, "frac_water": 0.0, "frac_crop": 0.052, "frac_grass": 0.05, "ndvi": 0.353, "ndbi": 0.015, "mndwi": -0.439, "albedo": 0.162, "building_height_mean": 0.0, "night_lights_mean": 0.0, "svf_proxy": 1.0, "suhii_night_ml": 3.56, "suhii_night_2031": 3.98, "suhii_night_2041": 4.74 }, "geometry": { "type": "Polygon", "coordinates": [ [ [ 73.895, 18.557 ], [ 73.895, 18.566 ], [ 73.886, 18.566 ], [ 73.886, 18.557 ], [ 73.895, 18.557 ] ] ] } },
{ "type": "Feature", "properties": { "cell_id": "P0267", "suhii_day": -2.91, "suhii_night": 2.73, "suhii_day_normalized": -2.91, "suhii_night_normalized": 2.73, "lst_day": 36.36, "lst_night": 26.1, "frac_built": 0.172, "frac_tree": 0.277, "frac_water": 0.01, "frac_crop": 0.227, "frac_grass": 0.142, "ndvi": 0.314, "ndbi": 0.085, "mndwi": -0.485, "albedo": 0.16, "building_height_mean": 0.0, "night_lights_mean": 0.0, "svf_proxy": 1.0, "suhii_night_ml": 2.73, "suhii_night_2031": 3.15, "suhii_night_2041": 3.91 }, "geometry": { "type": "Polygon", "coordinates": [ [ [ 73.895, 18.566 ], [ 73.895, 18.575 ], [ 73.886, 18.575 ], [ 73.886, 18.566 ], [ 73.895, 18.566 ] ] ] } },
{ "type": "Feature", "properties": { "cell_id": "P0268", "suhii_day": -3.28, "suhii_night": 2.8, "suhii_day_normalized": -3.28, "suhii_night_normalized": 2.8, "lst_day": 35.99, "lst_night": 26.17, "frac_built": 0.781, "frac_tree": 0.074, "frac_water": 0.0, "frac_crop": 0.04, "frac_grass": 0.099, "ndvi": 0.256, "ndbi": 0.012, "mndwi": -0.332, "albedo": 0.187, "building_height_mean": 0.0, "night_lights_mean": 0.0, "svf_proxy": 1.0, "suhii_night_ml": 2.8, "suhii_night_2031": 3.22, "suhii_night_2041": 3.98 }, "geometry": { "type": "Polygon", "coordinates": [ [ [ 73.895, 18.575 ], [ 73.895, 18.584 ], [ 73.886, 18.584 ], [ 73.886, 18.575 ], [ 73.895, 18.575 ] ] ] } },
{ "type": "Feature", "properties": { "cell_id": "P0269", "suhii_day": -2.03, "suhii_night": 3.11, "suhii_day_normalized": -2.03, "suhii_night_normalized": 3.11, "lst_day": 37.24, "lst_night": 26.48, "frac_built": 0.635, "frac_tree": 0.022, "frac_water": 0.0, "frac_crop": 0.07, "frac_grass": 0.229, "ndvi": 0.185, "ndbi": 0.066, "mndwi": -0.332, "albedo": 0.182, "building_height_mean": 0.0, "night_lights_mean": 0.0, "svf_proxy": 1.0, "suhii_night_ml": 3.11, "suhii_night_2031": 3.53, "suhii_night_2041": 4.29 }, "geometry": { "type": "Polygon", "coordinates": [ [ [ 73.895, 18.584 ], [ 73.895, 18.593 ], [ 73.886, 18.593 ], [ 73.886, 18.584 ], [ 73.895, 18.584 ] ] ] } },
{ "type": "Feature", "properties": { "cell_id": "P0270", "suhii_day": -1.05, "suhii_night": 2.95, "suhii_day_normalized": -1.05, "suhii_night_normalized": 2.95, "lst_day": 38.22, "lst_night": 26.32, "frac_built": 0.101, "frac_tree": 0.0, "frac_water": 0.0, "frac_crop": 0.068, "frac_grass": 0.791, "ndvi": 0.195, "ndbi": 0.143, "mndwi": -0.457, "albedo": 0.161, "building_height_mean": 0.0, "night_lights_mean": 0.0, "svf_proxy": 1.0, "suhii_night_ml": 2.95, "suhii_night_2031": 3.37, "suhii_night_2041": 4.13 }, "geometry": { "type": "Polygon", "coordinates": [ [ [ 73.895, 18.593 ], [ 73.895, 18.602 ], [ 73.886, 18.602 ], [ 73.886, 18.593 ], [ 73.895, 18.593 ] ] ] } },
{ "type": "Feature", "properties": { "cell_id": "P0271", "suhii_day": -0.17, "suhii_night": -1.05, "suhii_day_normalized": -0.17, "suhii_night_normalized": -1.05, "lst_day": 39.1, "lst_night": 22.32, "frac_built": 0.458, "frac_tree": 0.048, "frac_water": 0.0, "frac_crop": 0.102, "frac_grass": 0.219, "ndvi": 0.18, "ndbi": 0.079, "mndwi": -0.343, "albedo": 0.19, "building_height_mean": 0.0, "night_lights_mean": 0.0, "svf_proxy": 1.0, "suhii_night_ml": -1.05, "suhii_night_2031": -0.63, "suhii_night_2041": 0.13 }, "geometry": { "type": "Polygon", "coordinates": [ [ [ 73.904, 18.44 ], [ 73.904, 18.449 ], [ 73.895, 18.449 ], [ 73.895, 18.44 ], [ 73.904, 18.44 ] ] ] } },
{ "type": "Feature", "properties": { "cell_id": "P0272", "suhii_day": -0.81, "suhii_night": 0.6, "suhii_day_normalized": -0.81, "suhii_night_normalized": 0.6, "lst_day": 38.46, "lst_night": 23.97, "frac_built": 0.584, "frac_tree": 0.04, "frac_water": 0.0, "frac_crop": 0.097, "frac_grass": 0.137, "ndvi": 0.149, "ndbi": 0.093, "mndwi": -0.316, "albedo": 0.203, "building_height_mean": 0.0, "night_lights_mean": 0.0, "svf_proxy": 1.0, "suhii_night_ml": 0.6, "suhii_night_2031": 1.02, "suhii_night_2041": 1.78 }, "geometry": { "type": "Polygon", "coordinates": [ [ [ 73.904, 18.449 ], [ 73.904, 18.458 ], [ 73.895, 18.458 ], [ 73.895, 18.449 ], [ 73.904, 18.449 ] ] ] } },
{ "type": "Feature", "properties": { "cell_id": "P0273", "suhii_day": -2.3, "suhii_night": 0.86, "suhii_day_normalized": -2.3, "suhii_night_normalized": 0.86, "lst_day": 36.97, "lst_night": 24.23, "frac_built": 0.293, "frac_tree": 0.091, "frac_water": 0.0, "frac_crop": 0.12, "frac_grass": 0.156, "ndvi": 0.23, "ndbi": 0.091, "mndwi": -0.426, "albedo": 0.155, "building_height_mean": 0.0, "night_lights_mean": 0.0, "svf_proxy": 1.0, "suhii_night_ml": 0.86, "suhii_night_2031": 1.28, "suhii_night_2041": 2.04 }, "geometry": { "type": "Polygon", "coordinates": [ [ [ 73.904, 18.458 ], [ 73.904, 18.467 ], [ 73.895, 18.467 ], [ 73.895, 18.458 ], [ 73.904, 18.458 ] ] ] } },
{ "type": "Feature", "properties": { "cell_id": "P0274", "suhii_day": -3.04, "suhii_night": 0.23, "suhii_day_normalized": -3.04, "suhii_night_normalized": 0.23, "lst_day": 36.23, "lst_night": 23.6, "frac_built": 0.442, "frac_tree": 0.347, "frac_water": 0.0, "frac_crop": 0.044, "frac_grass": 0.0, "ndvi": 0.311, "ndbi": 0.023, "mndwi": -0.393, "albedo": 0.171, "building_height_mean": 0.0, "night_lights_mean": 0.0, "svf_proxy": 1.0, "suhii_night_ml": 0.23, "suhii_night_2031": 0.65, "suhii_night_2041": 1.41 }, "geometry": { "type": "Polygon", "coordinates": [ [ [ 73.904, 18.467 ], [ 73.904, 18.476 ], [ 73.895, 18.476 ], [ 73.895, 18.467 ], [ 73.904, 18.467 ] ] ] } },
{ "type": "Feature", "properties": { "cell_id": "P0275", "suhii_day": -3.15, "suhii_night": 0.86, "suhii_day_normalized": -3.15, "suhii_night_normalized": 0.86, "lst_day": 36.12, "lst_night": 24.23, "frac_built": 0.702, "frac_tree": 0.283, "frac_water": 0.0, "frac_crop": 0.004, "frac_grass": 0.01, "ndvi": 0.311, "ndbi": -0.026, "mndwi": -0.329, "albedo": 0.18, "building_height_mean": 0.0, "night_lights_mean": 0.0, "svf_proxy": 1.0, "suhii_night_ml": 0.86, "suhii_night_2031": 1.28, "suhii_night_2041": 2.04 }, "geometry": { "type": "Polygon", "coordinates": [ [ [ 73.904, 18.476 ], [ 73.904, 18.485 ], [ 73.895, 18.485 ], [ 73.895, 18.476 ], [ 73.904, 18.476 ] ] ] } },
{ "type": "Feature", "properties": { "cell_id": "P0276", "suhii_day": -3.08, "suhii_night": 4.14, "suhii_day_normalized": -3.08, "suhii_night_normalized": 4.14, "lst_day": 36.19, "lst_night": 27.51, "frac_built": 0.517, "frac_tree": 0.368, "frac_water": 0.0, "frac_crop": 0.066, "frac_grass": 0.036, "ndvi": 0.35, "ndbi": -0.04, "mndwi": -0.357, "albedo": 0.176, "building_height_mean": 0.0, "night_lights_mean": 0.0, "svf_proxy": 1.0, "suhii_night_ml": 4.14, "suhii_night_2031": 4.56, "suhii_night_2041": 5.32 }, "geometry": { "type": "Polygon", "coordinates": [ [ [ 73.904, 18.485 ], [ 73.904, 18.494 ], [ 73.895, 18.494 ], [ 73.895, 18.485 ], [ 73.904, 18.485 ] ] ] } },
{ "type": "Feature", "properties": { "cell_id": "P0277", "suhii_day": -2.51, "suhii_night": 4.24, "suhii_day_normalized": -2.51, "suhii_night_normalized": 4.24, "lst_day": 36.76, "lst_night": 27.61, "frac_built": 0.441, "frac_tree": 0.518, "frac_water": 0.0, "frac_crop": 0.0, "frac_grass": 0.0, "ndvi": 0.398, "ndbi": -0.06, "mndwi": -0.388, "albedo": 0.171, "building_height_mean": 0.0, "night_lights_mean": 0.0, "svf_proxy": 1.0, "suhii_night_ml": 4.24, "suhii_night_2031": 4.66, "suhii_night_2041": 5.42 }, "geometry": { "type": "Polygon", "coordinates": [ [ [ 73.904, 18.494 ], [ 73.904, 18.503 ], [ 73.895, 18.503 ], [ 73.895, 18.494 ], [ 73.904, 18.494 ] ] ] } },
{ "type": "Feature", "properties": { "cell_id": "P0278", "suhii_day": -2.56, "suhii_night": 4.02, "suhii_day_normalized": -2.56, "suhii_night_normalized": 4.02, "lst_day": 36.71, "lst_night": 27.39, "frac_built": 0.478, "frac_tree": 0.421, "frac_water": 0.0, "frac_crop": 0.01, "frac_grass": 0.073, "ndvi": 0.42, "ndbi": -0.066, "mndwi": -0.401, "albedo": 0.167, "building_height_mean": 0.0, "night_lights_mean": 0.0, "svf_proxy": 1.0, "suhii_night_ml": 4.02, "suhii_night_2031": 4.44, "suhii_night_2041": 5.2 }, "geometry": { "type": "Polygon", "coordinates": [ [ [ 73.904, 18.503 ], [ 73.904, 18.512 ], [ 73.895, 18.512 ], [ 73.895, 18.503 ], [ 73.904, 18.503 ] ] ] } },
{ "type": "Feature", "properties": { "cell_id": "P0279", "suhii_day": -2.86, "suhii_night": 3.82, "suhii_day_normalized": -2.86, "suhii_night_normalized": 3.82, "lst_day": 36.41, "lst_night": 27.19, "frac_built": 0.199, "frac_tree": 0.758, "frac_water": 0.0, "frac_crop": 0.014, "frac_grass": 0.003, "ndvi": 0.486, "ndbi": -0.095, "mndwi": -0.434, "albedo": 0.167, "building_height_mean": 0.0, "night_lights_mean": 0.0, "svf_proxy": 1.0, "suhii_night_ml": 3.82, "suhii_night_2031": 4.24, "suhii_night_2041": 5.0 }, "geometry": { "type": "Polygon", "coordinates": [ [ [ 73.904, 18.512 ], [ 73.904, 18.521 ], [ 73.895, 18.521 ], [ 73.895, 18.512 ], [ 73.904, 18.512 ] ] ] } },
{ "type": "Feature", "properties": { "cell_id": "P0280", "suhii_day": -2.67, "suhii_night": 4.12, "suhii_day_normalized": -2.67, "suhii_night_normalized": 4.12, "lst_day": 36.6, "lst_night": 27.49, "frac_built": 0.6, "frac_tree": 0.372, "frac_water": 0.0, "frac_crop": 0.004, "frac_grass": 0.014, "ndvi": 0.381, "ndbi": -0.042, "mndwi": -0.384, "albedo": 0.173, "building_height_mean": 0.0, "night_lights_mean": 0.0, "svf_proxy": 1.0, "suhii_night_ml": 4.12, "suhii_night_2031": 4.54, "suhii_night_2041": 5.3 }, "geometry": { "type": "Polygon", "coordinates": [ [ [ 73.904, 18.521 ], [ 73.904, 18.53 ], [ 73.895, 18.53 ], [ 73.895, 18.521 ], [ 73.904, 18.521 ] ] ] } },
{ "type": "Feature", "properties": { "cell_id": "P0281", "suhii_day": -3.57, "suhii_night": 4.12, "suhii_day_normalized": -3.57, "suhii_night_normalized": 4.12, "lst_day": 35.7, "lst_night": 27.49, "frac_built": 0.439, "frac_tree": 0.437, "frac_water": 0.0, "frac_crop": 0.01, "frac_grass": 0.02, "ndvi": 0.37, "ndbi": -0.039, "mndwi": -0.385, "albedo": 0.169, "building_height_mean": 0.0, "night_lights_mean": 0.0, "svf_proxy": 1.0, "suhii_night_ml": 4.12, "suhii_night_2031": 4.54, "suhii_night_2041": 5.3 }, "geometry": { "type": "Polygon", "coordinates": [ [ [ 73.904, 18.53 ], [ 73.904, 18.539 ], [ 73.895, 18.539 ], [ 73.895, 18.53 ], [ 73.904, 18.53 ] ] ] } },
{ "type": "Feature", "properties": { "cell_id": "P0282", "suhii_day": -3.53, "suhii_night": 4.08, "suhii_day_normalized": -3.53, "suhii_night_normalized": 4.08, "lst_day": 35.74, "lst_night": 27.45, "frac_built": 0.302, "frac_tree": 0.569, "frac_water": 0.067, "frac_crop": 0.014, "frac_grass": 0.026, "ndvi": 0.384, "ndbi": -0.082, "mndwi": -0.346, "albedo": 0.167, "building_height_mean": 0.0, "night_lights_mean": 0.0, "svf_proxy": 1.0, "suhii_night_ml": 4.08, "suhii_night_2031": 4.5, "suhii_night_2041": 5.26 }, "geometry": { "type": "Polygon", "coordinates": [ [ [ 73.904, 18.539 ], [ 73.904, 18.548 ], [ 73.895, 18.548 ], [ 73.895, 18.539 ], [ 73.904, 18.539 ] ] ] } },
{ "type": "Feature", "properties": { "cell_id": "P0283", "suhii_day": -2.91, "suhii_night": 4.18, "suhii_day_normalized": -2.91, "suhii_night_normalized": 4.18, "lst_day": 36.36, "lst_night": 27.55, "frac_built": 0.474, "frac_tree": 0.373, "frac_water": 0.0, "frac_crop": 0.013, "frac_grass": 0.043, "ndvi": 0.344, "ndbi": -0.014, "mndwi": -0.381, "albedo": 0.164, "building_height_mean": 0.0, "night_lights_mean": 0.0, "svf_proxy": 1.0, "suhii_night_ml": 4.18, "suhii_night_2031": 4.6, "suhii_night_2041": 5.36 }, "geometry": { "type": "Polygon", "coordinates": [ [ [ 73.904, 18.548 ], [ 73.904, 18.557 ], [ 73.895, 18.557 ], [ 73.895, 18.548 ], [ 73.904, 18.548 ] ] ] } },
{ "type": "Feature", "properties": { "cell_id": "P0284", "suhii_day": -2.68, "suhii_night": 3.71, "suhii_day_normalized": -2.68, "suhii_night_normalized": 3.71, "lst_day": 36.59, "lst_night": 27.08, "frac_built": 0.28, "frac_tree": 0.367, "frac_water": 0.0, "frac_crop": 0.053, "frac_grass": 0.028, "ndvi": 0.35, "ndbi": 0.059, "mndwi": -0.468, "albedo": 0.16, "building_height_mean": 0.0, "night_lights_mean": 0.0, "svf_proxy": 1.0, "suhii_night_ml": 3.71, "suhii_night_2031": 4.13, "suhii_night_2041": 4.89 }, "geometry": { "type": "Polygon", "coordinates": [ [ [ 73.904, 18.557 ], [ 73.904, 18.566 ], [ 73.895, 18.566 ], [ 73.895, 18.557 ], [ 73.904, 18.557 ] ] ] } },
{ "type": "Feature", "properties": { "cell_id": "P0285", "suhii_day": -2.81, "suhii_night": 2.87, "suhii_day_normalized": -2.81, "suhii_night_normalized": 2.87, "lst_day": 36.46, "lst_night": 26.24, "frac_built": 0.199, "frac_tree": 0.355, "frac_water": 0.0, "frac_crop": 0.121, "frac_grass": 0.073, "ndvi": 0.355, "ndbi": 0.062, "mndwi": -0.481, "albedo": 0.157, "building_height_mean": 0.0, "night_lights_mean": 0.0, "svf_proxy": 1.0, "suhii_night_ml": 2.87, "suhii_night_2031": 3.29, "suhii_night_2041": 4.05 }, "geometry": { "type": "Polygon", "coordinates": [ [ [ 73.904, 18.566 ], [ 73.904, 18.575 ], [ 73.895, 18.575 ], [ 73.895, 18.566 ], [ 73.904, 18.566 ] ] ] } },
{ "type": "Feature", "properties": { "cell_id": "P0286", "suhii_day": -2.81, "suhii_night": 2.68, "suhii_day_normalized": -2.81, "suhii_night_normalized": 2.68, "lst_day": 36.46, "lst_night": 26.05, "frac_built": 0.517, "frac_tree": 0.081, "frac_water": 0.002, "frac_crop": 0.062, "frac_grass": 0.138, "ndvi": 0.272, "ndbi": 0.032, "mndwi": -0.369, "albedo": 0.166, "building_height_mean": 0.0, "night_lights_mean": 0.0, "svf_proxy": 1.0, "suhii_night_ml": 2.68, "suhii_night_2031": 3.1, "suhii_night_2041": 3.86 }, "geometry": { "type": "Polygon", "coordinates": [ [ [ 73.904, 18.575 ], [ 73.904, 18.584 ], [ 73.895, 18.584 ], [ 73.895, 18.575 ], [ 73.904, 18.575 ] ] ] } },
{ "type": "Feature", "properties": { "cell_id": "P0287", "suhii_day": -1.29, "suhii_night": 3.25, "suhii_day_normalized": -1.29, "suhii_night_normalized": 3.25, "lst_day": 37.98, "lst_night": 26.62, "frac_built": 0.67, "frac_tree": 0.0, "frac_water": 0.008, "frac_crop": 0.144, "frac_grass": 0.164, "ndvi": 0.196, "ndbi": 0.071, "mndwi": -0.346, "albedo": 0.185, "building_height_mean": 0.0, "night_lights_mean": 0.0, "svf_proxy": 1.0, "suhii_night_ml": 3.25, "suhii_night_2031": 3.67, "suhii_night_2041": 4.43 }, "geometry": { "type": "Polygon", "coordinates": [ [ [ 73.904, 18.584 ], [ 73.904, 18.593 ], [ 73.895, 18.593 ], [ 73.895, 18.584 ], [ 73.904, 18.584 ] ] ] } },
{ "type": "Feature", "properties": { "cell_id": "P0288", "suhii_day": -0.31, "suhii_night": 3.23, "suhii_day_normalized": -0.31, "suhii_night_normalized": 3.23, "lst_day": 38.96, "lst_night": 26.6, "frac_built": 0.669, "frac_tree": 0.053, "frac_water": 0.0, "frac_crop": 0.225, "frac_grass": 0.016, "ndvi": 0.241, "ndbi": 0.03, "mndwi": -0.336, "albedo": 0.19, "building_height_mean": 0.0, "night_lights_mean": 0.0, "svf_proxy": 1.0, "suhii_night_ml": 3.23, "suhii_night_2031": 3.65, "suhii_night_2041": 4.41 }, "geometry": { "type": "Polygon", "coordinates": [ [ [ 73.904, 18.593 ], [ 73.904, 18.602 ], [ 73.895, 18.602 ], [ 73.895, 18.593 ], [ 73.904, 18.593 ] ] ] } },
{ "type": "Feature", "properties": { "cell_id": "P0289", "suhii_day": 0.16, "suhii_night": -2.24, "suhii_day_normalized": 0.16, "suhii_night_normalized": -2.24, "lst_day": 39.43, "lst_night": 21.13, "frac_built": 0.636, "frac_tree": 0.06, "frac_water": 0.0, "frac_crop": 0.151, "frac_grass": 0.125, "ndvi": 0.193, "ndbi": 0.04, "mndwi": -0.308, "albedo": 0.189, "building_height_mean": 0.0, "night_lights_mean": 0.0, "svf_proxy": 1.0, "suhii_night_ml": -2.24, "suhii_night_2031": -1.82, "suhii_night_2041": -1.06 }, "geometry": { "type": "Polygon", "coordinates": [ [ [ 73.913, 18.44 ], [ 73.913, 18.449 ], [ 73.904, 18.449 ], [ 73.904, 18.44 ], [ 73.913, 18.44 ] ] ] } },
{ "type": "Feature", "properties": { "cell_id": "P0290", "suhii_day": -0.92, "suhii_night": -1.01, "suhii_day_normalized": -0.92, "suhii_night_normalized": -1.01, "lst_day": 38.35, "lst_night": 22.36, "frac_built": 0.525, "frac_tree": 0.076, "frac_water": 0.0, "frac_crop": 0.179, "frac_grass": 0.093, "ndvi": 0.188, "ndbi": 0.06, "mndwi": -0.344, "albedo": 0.184, "building_height_mean": 0.0, "night_lights_mean": 0.0, "svf_proxy": 1.0, "suhii_night_ml": -1.01, "suhii_night_2031": -0.59, "suhii_night_2041": 0.17 }, "geometry": { "type": "Polygon", "coordinates": [ [ [ 73.913, 18.449 ], [ 73.913, 18.458 ], [ 73.904, 18.458 ], [ 73.904, 18.449 ], [ 73.913, 18.449 ] ] ] } },
{ "type": "Feature", "properties": { "cell_id": "P0291", "suhii_day": -2.48, "suhii_night": -0.46, "suhii_day_normalized": -2.48, "suhii_night_normalized": -0.46, "lst_day": 36.79, "lst_night": 22.91, "frac_built": 0.464, "frac_tree": 0.196, "frac_water": 0.0, "frac_crop": 0.144, "frac_grass": 0.103, "ndvi": 0.216, "ndbi": 0.034, "mndwi": -0.334, "albedo": 0.18, "building_height_mean": 0.0, "night_lights_mean": 0.0, "svf_proxy": 1.0, "suhii_night_ml": -0.46, "suhii_night_2031": -0.04, "suhii_night_2041": 0.72 }, "geometry": { "type": "Polygon", "coordinates": [ [ [ 73.913, 18.458 ], [ 73.913, 18.467 ], [ 73.904, 18.467 ], [ 73.904, 18.458 ], [ 73.913, 18.458 ] ] ] } },
{ "type": "Feature", "properties": { "cell_id": "P0292", "suhii_day": -3.18, "suhii_night": -0.41, "suhii_day_normalized": -3.18, "suhii_night_normalized": -0.41, "lst_day": 36.09, "lst_night": 22.96, "frac_built": 0.454, "frac_tree": 0.257, "frac_water": 0.0, "frac_crop": 0.083, "frac_grass": 0.11, "ndvi": 0.196, "ndbi": 0.083, "mndwi": -0.359, "albedo": 0.173, "building_height_mean": 0.0, "night_lights_mean": 0.0, "svf_proxy": 1.0, "suhii_night_ml": -0.41, "suhii_night_2031": 0.01, "suhii_night_2041": 0.77 }, "geometry": { "type": "Polygon", "coordinates": [ [ [ 73.913, 18.467 ], [ 73.913, 18.476 ], [ 73.904, 18.476 ], [ 73.904, 18.467 ], [ 73.913, 18.467 ] ] ] } },
{ "type": "Feature", "properties": { "cell_id": "P0293", "suhii_day": -3.52, "suhii_night": 0.61, "suhii_day_normalized": -3.52, "suhii_night_normalized": 0.61, "lst_day": 35.75, "lst_night": 23.98, "frac_built": 0.634, "frac_tree": 0.123, "frac_water": 0.0, "frac_crop": 0.03, "frac_grass": 0.06, "ndvi": 0.235, "ndbi": 0.047, "mndwi": -0.348, "albedo": 0.181, "building_height_mean": 0.0, "night_lights_mean": 0.0, "svf_proxy": 1.0, "suhii_night_ml": 0.61, "suhii_night_2031": 1.03, "suhii_night_2041": 1.79 }, "geometry": { "type": "Polygon", "coordinates": [ [ [ 73.913, 18.476 ], [ 73.913, 18.485 ], [ 73.904, 18.485 ], [ 73.904, 18.476 ], [ 73.913, 18.476 ] ] ] } },
{ "type": "Feature", "properties": { "cell_id": "P0294", "suhii_day": -3.06, "suhii_night": 0.51, "suhii_day_normalized": -3.06, "suhii_night_normalized": 0.51, "lst_day": 36.21, "lst_night": 23.88, "frac_built": 0.21, "frac_tree": 0.3, "frac_water": 0.0, "frac_crop": 0.024, "frac_grass": 0.06, "ndvi": 0.333, "ndbi": 0.072, "mndwi": -0.477, "albedo": 0.162, "building_height_mean": 0.0, "night_lights_mean": 0.0, "svf_proxy": 1.0, "suhii_night_ml": 0.51, "suhii_night_2031": 0.93, "suhii_night_2041": 1.69 }, "geometry": { "type": "Polygon", "coordinates": [ [ [ 73.913, 18.485 ], [ 73.913, 18.494 ], [ 73.904, 18.494 ], [ 73.904, 18.485 ], [ 73.913, 18.485 ] ] ] } },
{ "type": "Feature", "properties": { "cell_id": "P0295", "suhii_day": -2.81, "suhii_night": 2.83, "suhii_day_normalized": -2.81, "suhii_night_normalized": 2.83, "lst_day": 36.46, "lst_night": 26.2, "frac_built": 0.16, "frac_tree": 0.651, "frac_water": 0.0, "frac_crop": 0.011, "frac_grass": 0.029, "ndvi": 0.404, "ndbi": -0.016, "mndwi": -0.442, "albedo": 0.168, "building_height_mean": 0.0, "night_lights_mean": 0.0, "svf_proxy": 1.0, "suhii_night_ml": 2.83, "suhii_night_2031": 3.25, "suhii_night_2041": 4.01 }, "geometry": { "type": "Polygon", "coordinates": [ [ [ 73.913, 18.494 ], [ 73.913, 18.503 ], [ 73.904, 18.503 ], [ 73.904, 18.494 ], [ 73.913, 18.494 ] ] ] } },
{ "type": "Feature", "properties": { "cell_id": "P0296", "suhii_day": -2.48, "suhii_night": 3.92, "suhii_day_normalized": -2.48, "suhii_night_normalized": 3.92, "lst_day": 36.79, "lst_night": 27.29, "frac_built": 0.483, "frac_tree": 0.492, "frac_water": 0.0, "frac_crop": 0.009, "frac_grass": 0.007, "ndvi": 0.378, "ndbi": -0.034, "mndwi": -0.392, "albedo": 0.162, "building_height_mean": 0.0, "night_lights_mean": 0.0, "svf_proxy": 1.0, "suhii_night_ml": 3.92, "suhii_night_2031": 4.34, "suhii_night_2041": 5.1 }, "geometry": { "type": "Polygon", "coordinates": [ [ [ 73.913, 18.503 ], [ 73.913, 18.512 ], [ 73.904, 18.512 ], [ 73.904, 18.503 ], [ 73.913, 18.503 ] ] ] } },
{ "type": "Feature", "properties": { "cell_id": "P0297", "suhii_day": -2.45, "suhii_night": 3.64, "suhii_day_normalized": -2.45, "suhii_night_normalized": 3.64, "lst_day": 36.82, "lst_night": 27.01, "frac_built": 0.658, "frac_tree": 0.253, "frac_water": 0.0, "frac_crop": 0.05, "frac_grass": 0.01, "ndvi": 0.284, "ndbi": 0.005, "mndwi": -0.346, "albedo": 0.174, "building_height_mean": 0.0, "night_lights_mean": 0.0, "svf_proxy": 1.0, "suhii_night_ml": 3.64, "suhii_night_2031": 4.06, "suhii_night_2041": 4.82 }, "geometry": { "type": "Polygon", "coordinates": [ [ [ 73.913, 18.512 ], [ 73.913, 18.521 ], [ 73.904, 18.521 ], [ 73.904, 18.512 ], [ 73.913, 18.512 ] ] ] } },
{ "type": "Feature", "properties": { "cell_id": "P0298", "suhii_day": -1.89, "suhii_night": 3.79, "suhii_day_normalized": -1.89, "suhii_night_normalized": 3.79, "lst_day": 37.38, "lst_night": 27.16, "frac_built": 0.852, "frac_tree": 0.115, "frac_water": 0.0, "frac_crop": 0.01, "frac_grass": 0.001, "ndvi": 0.24, "ndbi": 0.019, "mndwi": -0.318, "albedo": 0.172, "building_height_mean": 0.0, "night_lights_mean": 0.0, "svf_proxy": 1.0, "suhii_night_ml": 3.79, "suhii_night_2031": 4.21, "suhii_night_2041": 4.97 }, "geometry": { "type": "Polygon", "coordinates": [ [ [ 73.913, 18.521 ], [ 73.913, 18.53 ], [ 73.904, 18.53 ], [ 73.904, 18.521 ], [ 73.913, 18.521 ] ] ] } },
{ "type": "Feature", "properties": { "cell_id": "P0299", "suhii_day": -3.07, "suhii_night": 4.59, "suhii_day_normalized": -3.07, "suhii_night_normalized": 4.59, "lst_day": 36.2, "lst_night": 27.96, "frac_built": 0.497, "frac_tree": 0.27, "frac_water": 0.0, "frac_crop": 0.063, "frac_grass": 0.045, "ndvi": 0.288, "ndbi": 0.046, "mndwi": -0.401, "albedo": 0.169, "building_height_mean": 0.0, "night_lights_mean": 0.0, "svf_proxy": 1.0, "suhii_night_ml": 4.59, "suhii_night_2031": 5.01, "suhii_night_2041": 5.77 }, "geometry": { "type": "Polygon", "coordinates": [ [ [ 73.913, 18.53 ], [ 73.913, 18.539 ], [ 73.904, 18.539 ], [ 73.904, 18.53 ], [ 73.913, 18.53 ] ] ] } },
{ "type": "Feature", "properties": { "cell_id": "P0300", "suhii_day": -3.16, "suhii_night": 4.05, "suhii_day_normalized": -3.16, "suhii_night_normalized": 4.05, "lst_day": 36.11, "lst_night": 27.42, "frac_built": 0.393, "frac_tree": 0.271, "frac_water": 0.1, "frac_crop": 0.161, "frac_grass": 0.037, "ndvi": 0.289, "ndbi": -0.016, "mndwi": -0.324, "albedo": 0.164, "building_height_mean": 0.0, "night_lights_mean": 0.0, "svf_proxy": 1.0, "suhii_night_ml": 4.05, "suhii_night_2031": 4.47, "suhii_night_2041": 5.23 }, "geometry": { "type": "Polygon", "coordinates": [ [ [ 73.913, 18.539 ], [ 73.913, 18.548 ], [ 73.904, 18.548 ], [ 73.904, 18.539 ], [ 73.913, 18.539 ] ] ] } },
{ "type": "Feature", "properties": { "cell_id": "P0301", "suhii_day": -2.5, "suhii_night": 3.94, "suhii_day_normalized": -2.5, "suhii_night_normalized": 3.94, "lst_day": 36.77, "lst_night": 27.31, "frac_built": 0.443, "frac_tree": 0.345, "frac_water": 0.0, "frac_crop": 0.071, "frac_grass": 0.074, "ndvi": 0.313, "ndbi": 0.024, "mndwi": -0.394, "albedo": 0.163, "building_height_mean": 0.0, "night_lights_mean": 0.0, "svf_proxy": 1.0, "suhii_night_ml": 3.94, "suhii_night_2031": 4.36, "suhii_night_2041": 5.12 }, "geometry": { "type": "Polygon", "coordinates": [ [ [ 73.913, 18.548 ], [ 73.913, 18.557 ], [ 73.904, 18.557 ], [ 73.904, 18.548 ], [ 73.913, 18.548 ] ] ] } },
{ "type": "Feature", "properties": { "cell_id": "P0302", "suhii_day": -2.93, "suhii_night": 4.03, "suhii_day_normalized": -2.93, "suhii_night_normalized": 4.03, "lst_day": 36.34, "lst_night": 27.4, "frac_built": 0.624, "frac_tree": 0.186, "frac_water": 0.0, "frac_crop": 0.01, "frac_grass": 0.014, "ndvi": 0.249, "ndbi": 0.063, "mndwi": -0.378, "albedo": 0.162, "building_height_mean": 0.0, "night_lights_mean": 0.0, "svf_proxy": 1.0, "suhii_night_ml": 4.03, "suhii_night_2031": 4.45, "suhii_night_2041": 5.21 }, "geometry": { "type": "Polygon", "coordinates": [ [ [ 73.913, 18.557 ], [ 73.913, 18.566 ], [ 73.904, 18.566 ], [ 73.904, 18.557 ], [ 73.913, 18.557 ] ] ] } },
{ "type": "Feature", "properties": { "cell_id": "P0303", "suhii_day": -2.81, "suhii_night": 3.34, "suhii_day_normalized": -2.81, "suhii_night_normalized": 3.34, "lst_day": 36.46, "lst_night": 26.71, "frac_built": 0.759, "frac_tree": 0.062, "frac_water": 0.0, "frac_crop": 0.106, "frac_grass": 0.021, "ndvi": 0.216, "ndbi": 0.047, "mndwi": -0.332, "albedo": 0.188, "building_height_mean": 0.0, "night_lights_mean": 0.0, "svf_proxy": 1.0, "suhii_night_ml": 3.34, "suhii_night_2031": 3.76, "suhii_night_2041": 4.52 }, "geometry": { "type": "Polygon", "coordinates": [ [ [ 73.913, 18.566 ], [ 73.913, 18.575 ], [ 73.904, 18.575 ], [ 73.904, 18.566 ], [ 73.913, 18.566 ] ] ] } },
{ "type": "Feature", "properties": { "cell_id": "P0304", "suhii_day": -2.09, "suhii_night": 2.73, "suhii_day_normalized": -2.09, "suhii_night_normalized": 2.73, "lst_day": 37.18, "lst_night": 26.1, "frac_built": 0.64, "frac_tree": 0.02, "frac_water": 0.0, "frac_crop": 0.103, "frac_grass": 0.152, "ndvi": 0.15, "ndbi": 0.102, "mndwi": -0.331, "albedo": 0.218, "building_height_mean": 0.0, "night_lights_mean": 0.0, "svf_proxy": 1.0, "suhii_night_ml": 2.73, "suhii_night_2031": 3.15, "suhii_night_2041": 3.91 }, "geometry": { "type": "Polygon", "coordinates": [ [ [ 73.913, 18.575 ], [ 73.913, 18.584 ], [ 73.904, 18.584 ], [ 73.904, 18.575 ], [ 73.913, 18.575 ] ] ] } },
{ "type": "Feature", "properties": { "cell_id": "P0305", "suhii_day": -0.85, "suhii_night": 2.16, "suhii_day_normalized": -0.85, "suhii_night_normalized": 2.16, "lst_day": 38.42, "lst_night": 25.53, "frac_built": 0.623, "frac_tree": 0.02, "frac_water": 0.0, "frac_crop": 0.063, "frac_grass": 0.201, "ndvi": 0.2, "ndbi": 0.082, "mndwi": -0.366, "albedo": 0.183, "building_height_mean": 0.0, "night_lights_mean": 0.0, "svf_proxy": 1.0, "suhii_night_ml": 2.16, "suhii_night_2031": 2.58, "suhii_night_2041": 3.34 }, "geometry": { "type": "Polygon", "coordinates": [ [ [ 73.913, 18.584 ], [ 73.913, 18.593 ], [ 73.904, 18.593 ], [ 73.904, 18.584 ], [ 73.913, 18.584 ] ] ] } },
{ "type": "Feature", "properties": { "cell_id": "P0306", "suhii_day": -0.51, "suhii_night": 2.26, "suhii_day_normalized": -0.51, "suhii_night_normalized": 2.26, "lst_day": 38.76, "lst_night": 25.63, "frac_built": 0.75, "frac_tree": 0.063, "frac_water": 0.0, "frac_crop": 0.166, "frac_grass": 0.02, "ndvi": 0.192, "ndbi": 0.055, "mndwi": -0.322, "albedo": 0.193, "building_height_mean": 0.0, "night_lights_mean": 0.0, "svf_proxy": 1.0, "suhii_night_ml": 2.26, "suhii_night_2031": 2.68, "suhii_night_2041": 3.44 }, "geometry": { "type": "Polygon", "coordinates": [ [ [ 73.913, 18.593 ], [ 73.913, 18.602 ], [ 73.904, 18.602 ], [ 73.904, 18.593 ], [ 73.913, 18.593 ] ] ] } },
{ "type": "Feature", "properties": { "cell_id": "P0307", "suhii_day": 0.35, "suhii_night": -2.55, "suhii_day_normalized": 0.35, "suhii_night_normalized": -2.55, "lst_day": 39.62, "lst_night": 20.82, "frac_built": 0.506, "frac_tree": 0.023, "frac_water": 0.0, "frac_crop": 0.274, "frac_grass": 0.167, "ndvi": 0.17, "ndbi": 0.052, "mndwi": -0.321, "albedo": 0.172, "building_height_mean": 0.0, "night_lights_mean": 0.0, "svf_proxy": 1.0, "suhii_night_ml": -2.55, "suhii_night_2031": -2.13, "suhii_night_2041": -1.37 }, "geometry": { "type": "Polygon", "coordinates": [ [ [ 73.922, 18.44 ], [ 73.922, 18.449 ], [ 73.913, 18.449 ], [ 73.913, 18.44 ], [ 73.922, 18.44 ] ] ] } },
{ "type": "Feature", "properties": { "cell_id": "P0308", "suhii_day": -0.18, "suhii_night": -1.64, "suhii_day_normalized": -0.18, "suhii_night_normalized": -1.64, "lst_day": 39.09, "lst_night": 21.73, "frac_built": 0.823, "frac_tree": 0.073, "frac_water": 0.0, "frac_crop": 0.054, "frac_grass": 0.02, "ndvi": 0.21, "ndbi": 0.029, "mndwi": -0.316, "albedo": 0.181, "building_height_mean": 0.0, "night_lights_mean": 0.0, "svf_proxy": 1.0, "suhii_night_ml": -1.64, "suhii_night_2031": -1.22, "suhii_night_2041": -0.46 }, "geometry": { "type": "Polygon", "coordinates": [ [ [ 73.922, 18.449 ], [ 73.922, 18.458 ], [ 73.913, 18.458 ], [ 73.913, 18.449 ], [ 73.922, 18.449 ] ] ] } },
{ "type": "Feature", "properties": { "cell_id": "P0309", "suhii_day": -1.75, "suhii_night": -0.65, "suhii_day_normalized": -1.75, "suhii_night_normalized": -0.65, "lst_day": 37.52, "lst_night": 22.72, "frac_built": 0.697, "frac_tree": 0.11, "frac_water": 0.0, "frac_crop": 0.096, "frac_grass": 0.027, "ndvi": 0.226, "ndbi": 0.032, "mndwi": -0.334, "albedo": 0.176, "building_height_mean": 0.0, "night_lights_mean": 0.0, "svf_proxy": 1.0, "suhii_night_ml": -0.65, "suhii_night_2031": -0.23, "suhii_night_2041": 0.53 }, "geometry": { "type": "Polygon", "coordinates": [ [ [ 73.922, 18.458 ], [ 73.922, 18.467 ], [ 73.913, 18.467 ], [ 73.913, 18.458 ], [ 73.922, 18.458 ] ] ] } },
{ "type": "Feature", "properties": { "cell_id": "P0310", "suhii_day": -2.09, "suhii_night": -0.53, "suhii_day_normalized": -2.09, "suhii_night_normalized": -0.53, "lst_day": 37.18, "lst_night": 22.84, "frac_built": 0.546, "frac_tree": 0.074, "frac_water": 0.0, "frac_crop": 0.327, "frac_grass": 0.05, "ndvi": 0.228, "ndbi": 0.048, "mndwi": -0.35, "albedo": 0.177, "building_height_mean": 0.0, "night_lights_mean": 0.0, "svf_proxy": 1.0, "suhii_night_ml": -0.53, "suhii_night_2031": -0.11, "suhii_night_2041": 0.65 }, "geometry": { "type": "Polygon", "coordinates": [ [ [ 73.922, 18.467 ], [ 73.922, 18.476 ], [ 73.913, 18.476 ], [ 73.913, 18.467 ], [ 73.922, 18.467 ] ] ] } },
{ "type": "Feature", "properties": { "cell_id": "P0311", "suhii_day": -2.64, "suhii_night": -0.79, "suhii_day_normalized": -2.64, "suhii_night_normalized": -0.79, "lst_day": 36.63, "lst_night": 22.58, "frac_built": 0.266, "frac_tree": 0.076, "frac_water": 0.0, "frac_crop": 0.347, "frac_grass": 0.174, "ndvi": 0.223, "ndbi": 0.071, "mndwi": -0.387, "albedo": 0.177, "building_height_mean": 0.0, "night_lights_mean": 0.0, "svf_proxy": 1.0, "suhii_night_ml": -0.79, "suhii_night_2031": -0.37, "suhii_night_2041": 0.39 }, "geometry": { "type": "Polygon", "coordinates": [ [ [ 73.922, 18.476 ], [ 73.922, 18.485 ], [ 73.913, 18.485 ], [ 73.913, 18.476 ], [ 73.922, 18.476 ] ] ] } },
{ "type": "Feature", "properties": { "cell_id": "P0312", "suhii_day": -2.29, "suhii_night": -0.08, "suhii_day_normalized": -2.29, "suhii_night_normalized": -0.08, "lst_day": 36.98, "lst_night": 23.29, "frac_built": 0.266, "frac_tree": 0.031, "frac_water": 0.0, "frac_crop": 0.072, "frac_grass": 0.501, "ndvi": 0.207, "ndbi": 0.124, "mndwi": -0.421, "albedo": 0.17, "building_height_mean": 0.0, "night_lights_mean": 0.0, "svf_proxy": 1.0, "suhii_night_ml": -0.08, "suhii_night_2031": 0.34, "suhii_night_2041": 1.1 }, "geometry": { "type": "Polygon", "coordinates": [ [ [ 73.922, 18.485 ], [ 73.922, 18.494 ], [ 73.913, 18.494 ], [ 73.913, 18.485 ], [ 73.922, 18.485 ] ] ] } },
{ "type": "Feature", "properties": { "cell_id": "P0313", "suhii_day": -2.16, "suhii_night": 2.75, "suhii_day_normalized": -2.16, "suhii_night_normalized": 2.75, "lst_day": 37.11, "lst_night": 26.12, "frac_built": 0.629, "frac_tree": 0.168, "frac_water": 0.0, "frac_crop": 0.033, "frac_grass": 0.1, "ndvi": 0.257, "ndbi": 0.06, "mndwi": -0.376, "albedo": 0.174, "building_height_mean": 0.0, "night_lights_mean": 0.0, "svf_proxy": 1.0, "suhii_night_ml": 2.75, "suhii_night_2031": 3.17, "suhii_night_2041": 3.93 }, "geometry": { "type": "Polygon", "coordinates": [ [ [ 73.922, 18.494 ], [ 73.922, 18.503 ], [ 73.913, 18.503 ], [ 73.913, 18.494 ], [ 73.922, 18.494 ] ] ] } },
{ "type": "Feature", "properties": { "cell_id": "P0314", "suhii_day": -1.51, "suhii_night": 3.8, "suhii_day_normalized": -1.51, "suhii_night_normalized": 3.8, "lst_day": 37.76, "lst_night": 27.17, "frac_built": 0.644, "frac_tree": 0.282, "frac_water": 0.0, "frac_crop": 0.01, "frac_grass": 0.003, "ndvi": 0.307, "ndbi": 0.007, "mndwi": -0.363, "albedo": 0.163, "building_height_mean": 0.0, "night_lights_mean": 0.0, "svf_proxy": 1.0, "suhii_night_ml": 3.8, "suhii_night_2031": 4.22, "suhii_night_2041": 4.98 }, "geometry": { "type": "Polygon", "coordinates": [ [ [ 73.922, 18.503 ], [ 73.922, 18.512 ], [ 73.913, 18.512 ], [ 73.913, 18.503 ], [ 73.922, 18.503 ] ] ] } },
{ "type": "Feature", "properties": { "cell_id": "P0315", "suhii_day": -1.27, "suhii_night": 3.69, "suhii_day_normalized": -1.27, "suhii_night_normalized": 3.69, "lst_day": 38.0, "lst_night": 27.06, "frac_built": 0.696, "frac_tree": 0.188, "frac_water": 0.0, "frac_crop": 0.073, "frac_grass": 0.02, "ndvi": 0.276, "ndbi": 0.021, "mndwi": -0.352, "albedo": 0.174, "building_height_mean": 0.0, "night_lights_mean": 0.0, "svf_proxy": 1.0, "suhii_night_ml": 3.69, "suhii_night_2031": 4.11, "suhii_night_2041": 4.87 }, "geometry": { "type": "Polygon", "coordinates": [ [ [ 73.922, 18.512 ], [ 73.922, 18.521 ], [ 73.913, 18.521 ], [ 73.913, 18.512 ], [ 73.922, 18.512 ] ] ] } },
{ "type": "Feature", "properties": { "cell_id": "P0316", "suhii_day": -1.36, "suhii_night": 3.47, "suhii_day_normalized": -1.36, "suhii_night_normalized": 3.47, "lst_day": 37.91, "lst_night": 26.84, "frac_built": 0.576, "frac_tree": 0.04, "frac_water": 0.0, "frac_crop": 0.349, "frac_grass": 0.001, "ndvi": 0.189, "ndbi": 0.074, "mndwi": -0.352, "albedo": 0.154, "building_height_mean": 0.0, "night_lights_mean": 0.0, "svf_proxy": 1.0, "suhii_night_ml": 3.47, "suhii_night_2031": 3.89, "suhii_night_2041": 4.65 }, "geometry": { "type": "Polygon", "coordinates": [ [ [ 73.922, 18.521 ], [ 73.922, 18.53 ], [ 73.913, 18.53 ], [ 73.913, 18.521 ], [ 73.922, 18.521 ] ] ] } },
{ "type": "Feature", "properties": { "cell_id": "P0317", "suhii_day": -2.6, "suhii_night": 3.36, "suhii_day_normalized": -2.6, "suhii_night_normalized": 3.36, "lst_day": 36.67, "lst_night": 26.73, "frac_built": 0.256, "frac_tree": 0.465, "frac_water": 0.05, "frac_crop": 0.131, "frac_grass": 0.012, "ndvi": 0.316, "ndbi": 0.04, "mndwi": -0.411, "albedo": 0.158, "building_height_mean": 0.0, "night_lights_mean": 0.0, "svf_proxy": 1.0, "suhii_night_ml": 3.36, "suhii_night_2031": 3.78, "suhii_night_2041": 4.54 }, "geometry": { "type": "Polygon", "coordinates": [ [ [ 73.922, 18.53 ], [ 73.922, 18.539 ], [ 73.913, 18.539 ], [ 73.913, 18.53 ], [ 73.922, 18.53 ] ] ] } },
{ "type": "Feature", "properties": { "cell_id": "P0318", "suhii_day": -2.68, "suhii_night": 2.93, "suhii_day_normalized": -2.68, "suhii_night_normalized": 2.93, "lst_day": 36.59, "lst_night": 26.3, "frac_built": 0.439, "frac_tree": 0.275, "frac_water": 0.023, "frac_crop": 0.212, "frac_grass": 0.032, "ndvi": 0.287, "ndbi": 0.019, "mndwi": -0.37, "albedo": 0.171, "building_height_mean": 0.0, "night_lights_mean": 0.0, "svf_proxy": 1.0, "suhii_night_ml": 2.93, "suhii_night_2031": 3.35, "suhii_night_2041": 4.11 }, "geometry": { "type": "Polygon", "coordinates": [ [ [ 73.922, 18.539 ], [ 73.922, 18.548 ], [ 73.913, 18.548 ], [ 73.913, 18.539 ], [ 73.922, 18.539 ] ] ] } },
{ "type": "Feature", "properties": { "cell_id": "P0319", "suhii_day": -2.07, "suhii_night": 3.82, "suhii_day_normalized": -2.07, "suhii_night_normalized": 3.82, "lst_day": 37.2, "lst_night": 27.19, "frac_built": 0.683, "frac_tree": 0.234, "frac_water": 0.0, "frac_crop": 0.058, "frac_grass": 0.02, "ndvi": 0.297, "ndbi": -0.004, "mndwi": -0.35, "albedo": 0.178, "building_height_mean": 0.0, "night_lights_mean": 0.0, "svf_proxy": 1.0, "suhii_night_ml": 3.82, "suhii_night_2031": 4.24, "suhii_night_2041": 5.0 }, "geometry": { "type": "Polygon", "coordinates": [ [ [ 73.922, 18.548 ], [ 73.922, 18.557 ], [ 73.913, 18.557 ], [ 73.913, 18.548 ], [ 73.922, 18.548 ] ] ] } },
{ "type": "Feature", "properties": { "cell_id": "P0320", "suhii_day": -2.16, "suhii_night": 4.37, "suhii_day_normalized": -2.16, "suhii_night_normalized": 4.37, "lst_day": 37.11, "lst_night": 27.74, "frac_built": 0.735, "frac_tree": 0.138, "frac_water": 0.0, "frac_crop": 0.058, "frac_grass": 0.008, "ndvi": 0.235, "ndbi": 0.016, "mndwi": -0.313, "albedo": 0.178, "building_height_mean": 0.0, "night_lights_mean": 0.0, "svf_proxy": 1.0, "suhii_night_ml": 4.37, "suhii_night_2031": 4.79, "suhii_night_2041": 5.55 }, "geometry": { "type": "Polygon", "coordinates": [ [ [ 73.922, 18.557 ], [ 73.922, 18.566 ], [ 73.913, 18.566 ], [ 73.913, 18.557 ], [ 73.922, 18.557 ] ] ] } },
{ "type": "Feature", "properties": { "cell_id": "P0321", "suhii_day": -1.45, "suhii_night": 3.9, "suhii_day_normalized": -1.45, "suhii_night_normalized": 3.9, "lst_day": 37.82, "lst_night": 27.27, "frac_built": 0.426, "frac_tree": 0.196, "frac_water": 0.0, "frac_crop": 0.115, "frac_grass": 0.027, "ndvi": 0.345, "ndbi": 0.024, "mndwi": -0.426, "albedo": 0.175, "building_height_mean": 0.0, "night_lights_mean": 0.0, "svf_proxy": 1.0, "suhii_night_ml": 3.9, "suhii_night_2031": 4.32, "suhii_night_2041": 5.08 }, "geometry": { "type": "Polygon", "coordinates": [ [ [ 73.922, 18.566 ], [ 73.922, 18.575 ], [ 73.913, 18.575 ], [ 73.913, 18.566 ], [ 73.922, 18.566 ] ] ] } },
{ "type": "Feature", "properties": { "cell_id": "P0322", "suhii_day": -1.35, "suhii_night": 2.81, "suhii_day_normalized": -1.35, "suhii_night_normalized": 2.81, "lst_day": 37.92, "lst_night": 26.18, "frac_built": 0.484, "frac_tree": 0.0, "frac_water": 0.0, "frac_crop": 0.104, "frac_grass": 0.236, "ndvi": 0.174, "ndbi": 0.14, "mndwi": -0.402, "albedo": 0.184, "building_height_mean": 0.0, "night_lights_mean": 0.0, "svf_proxy": 1.0, "suhii_night_ml": 2.81, "suhii_night_2031": 3.23, "suhii_night_2041": 3.99 }, "geometry": { "type": "Polygon", "coordinates": [ [ [ 73.922, 18.575 ], [ 73.922, 18.584 ], [ 73.913, 18.584 ], [ 73.913, 18.575 ], [ 73.922, 18.575 ] ] ] } },
{ "type": "Feature", "properties": { "cell_id": "P0323", "suhii_day": -0.4, "suhii_night": 1.77, "suhii_day_normalized": -0.4, "suhii_night_normalized": 1.77, "lst_day": 38.87, "lst_night": 25.14, "frac_built": 0.612, "frac_tree": 0.081, "frac_water": 0.0, "frac_crop": 0.105, "frac_grass": 0.142, "ndvi": 0.249, "ndbi": 0.073, "mndwi": -0.392, "albedo": 0.185, "building_height_mean": 0.0, "night_lights_mean": 0.0, "svf_proxy": 1.0, "suhii_night_ml": 1.77, "suhii_night_2031": 2.19, "suhii_night_2041": 2.95 }, "geometry": { "type": "Polygon", "coordinates": [ [ [ 73.922, 18.584 ], [ 73.922, 18.593 ], [ 73.913, 18.593 ], [ 73.913, 18.584 ], [ 73.922, 18.584 ] ] ] } },
{ "type": "Feature", "properties": { "cell_id": "P0324", "suhii_day": -0.6, "suhii_night": 1.33, "suhii_day_normalized": -0.6, "suhii_night_normalized": 1.33, "lst_day": 38.67, "lst_night": 24.7, "frac_built": 0.508, "frac_tree": 0.138, "frac_water": 0.0, "frac_crop": 0.136, "frac_grass": 0.049, "ndvi": 0.273, "ndbi": 0.062, "mndwi": -0.415, "albedo": 0.173, "building_height_mean": 0.0, "night_lights_mean": 0.0, "svf_proxy": 1.0, "suhii_night_ml": 1.33, "suhii_night_2031": 1.75, "suhii_night_2041": 2.51 }, "geometry": { "type": "Polygon", "coordinates": [ [ [ 73.922, 18.593 ], [ 73.922, 18.602 ], [ 73.913, 18.602 ], [ 73.913, 18.593 ], [ 73.922, 18.593 ] ] ] } },
{ "type": "Feature", "properties": { "cell_id": "P0325", "suhii_day": 0.26, "suhii_night": -1.97, "suhii_day_normalized": 0.26, "suhii_night_normalized": -1.97, "lst_day": 39.53, "lst_night": 21.4, "frac_built": 0.128, "frac_tree": 0.02, "frac_water": 0.0, "frac_crop": 0.363, "frac_grass": 0.45, "ndvi": 0.177, "ndbi": 0.068, "mndwi": -0.374, "albedo": 0.159, "building_height_mean": 0.0, "night_lights_mean": 0.0, "svf_proxy": 1.0, "suhii_night_ml": -1.97, "suhii_night_2031": -1.55, "suhii_night_2041": -0.79 }, "geometry": { "type": "Polygon", "coordinates": [ [ [ 73.931, 18.44 ], [ 73.931, 18.449 ], [ 73.922, 18.449 ], [ 73.922, 18.44 ], [ 73.931, 18.44 ] ] ] } },
{ "type": "Feature", "properties": { "cell_id": "P0326", "suhii_day": -0.4, "suhii_night": -0.96, "suhii_day_normalized": -0.4, "suhii_night_normalized": -0.96, "lst_day": 38.87, "lst_night": 22.41, "frac_built": 0.532, "frac_tree": 0.04, "frac_water": 0.0, "frac_crop": 0.158, "frac_grass": 0.21, "ndvi": 0.163, "ndbi": 0.072, "mndwi": -0.326, "albedo": 0.185, "building_height_mean": 0.0, "night_lights_mean": 0.0, "svf_proxy": 1.0, "suhii_night_ml": -0.96, "suhii_night_2031": -0.54, "suhii_night_2041": 0.22 }, "geometry": { "type": "Polygon", "coordinates": [ [ [ 73.931, 18.449 ], [ 73.931, 18.458 ], [ 73.922, 18.458 ], [ 73.922, 18.449 ], [ 73.931, 18.449 ] ] ] } },
{ "type": "Feature", "properties": { "cell_id": "P0327", "suhii_day": -1.74, "suhii_night": -0.5, "suhii_day_normalized": -1.74, "suhii_night_normalized": -0.5, "lst_day": 37.53, "lst_night": 22.87, "frac_built": 0.319, "frac_tree": 0.023, "frac_water": 0.0, "frac_crop": 0.04, "frac_grass": 0.375, "ndvi": 0.197, "ndbi": 0.097, "mndwi": -0.39, "albedo": 0.171, "building_height_mean": 0.0, "night_lights_mean": 0.0, "svf_proxy": 1.0, "suhii_night_ml": -0.5, "suhii_night_2031": -0.08, "suhii_night_2041": 0.68 }, "geometry": { "type": "Polygon", "coordinates": [ [ [ 73.931, 18.458 ], [ 73.931, 18.467 ], [ 73.922, 18.467 ], [ 73.922, 18.458 ], [ 73.931, 18.458 ] ] ] } },
{ "type": "Feature", "properties": { "cell_id": "P0328", "suhii_day": -1.92, "suhii_night": -0.37, "suhii_day_normalized": -1.92, "suhii_night_normalized": -0.37, "lst_day": 37.35, "lst_night": 23.0, "frac_built": 0.377, "frac_tree": 0.058, "frac_water": 0.0, "frac_crop": 0.119, "frac_grass": 0.219, "ndvi": 0.194, "ndbi": 0.119, "mndwi": -0.412, "albedo": 0.17, "building_height_mean": 0.0, "night_lights_mean": 0.0, "svf_proxy": 1.0, "suhii_night_ml": -0.37, "suhii_night_2031": 0.05, "suhii_night_2041": 0.81 }, "geometry": { "type": "Polygon", "coordinates": [ [ [ 73.931, 18.467 ], [ 73.931, 18.476 ], [ 73.922, 18.476 ], [ 73.922, 18.467 ], [ 73.931, 18.467 ] ] ] } },
{ "type": "Feature", "properties": { "cell_id": "P0329", "suhii_day": -1.7, "suhii_night": -0.79, "suhii_day_normalized": -1.7, "suhii_night_normalized": -0.79, "lst_day": 37.57, "lst_night": 22.58, "frac_built": 0.491, "frac_tree": 0.06, "frac_water": 0.0, "frac_crop": 0.373, "frac_grass": 0.056, "ndvi": 0.243, "ndbi": 0.037, "mndwi": -0.352, "albedo": 0.176, "building_height_mean": 0.0, "night_lights_mean": 0.0, "svf_proxy": 1.0, "suhii_night_ml": -0.79, "suhii_night_2031": -0.37, "suhii_night_2041": 0.39 }, "geometry": { "type": "Polygon", "coordinates": [ [ [ 73.931, 18.476 ], [ 73.931, 18.485 ], [ 73.922, 18.485 ], [ 73.922, 18.476 ], [ 73.931, 18.476 ] ] ] } },
{ "type": "Feature", "properties": { "cell_id": "P0330", "suhii_day": -1.69, "suhii_night": 2.04, "suhii_day_normalized": -1.69, "suhii_night_normalized": 2.04, "lst_day": 37.58, "lst_night": 25.41, "frac_built": 0.346, "frac_tree": 0.11, "frac_water": 0.0, "frac_crop": 0.365, "frac_grass": 0.069, "ndvi": 0.232, "ndbi": 0.055, "mndwi": -0.364, "albedo": 0.177, "building_height_mean": 0.0, "night_lights_mean": 0.0, "svf_proxy": 1.0, "suhii_night_ml": 2.04, "suhii_night_2031": 2.46, "suhii_night_2041": 3.22 }, "geometry": { "type": "Polygon", "coordinates": [ [ [ 73.931, 18.485 ], [ 73.931, 18.494 ], [ 73.922, 18.494 ], [ 73.922, 18.485 ], [ 73.931, 18.485 ] ] ] } },
{ "type": "Feature", "properties": { "cell_id": "P0331", "suhii_day": -2.16, "suhii_night": 3.66, "suhii_day_normalized": -2.16, "suhii_night_normalized": 3.66, "lst_day": 37.11, "lst_night": 27.03, "frac_built": 0.627, "frac_tree": 0.19, "frac_water": 0.0, "frac_crop": 0.135, "frac_grass": 0.02, "ndvi": 0.294, "ndbi": -0.001, "mndwi": -0.346, "albedo": 0.172, "building_height_mean": 0.0, "night_lights_mean": 0.0, "svf_proxy": 1.0, "suhii_night_ml": 3.66, "suhii_night_2031": 4.08, "suhii_night_2041": 4.84 }, "geometry": { "type": "Polygon", "coordinates": [ [ [ 73.931, 18.494 ], [ 73.931, 18.503 ], [ 73.922, 18.503 ], [ 73.922, 18.494 ], [ 73.931, 18.494 ] ] ] } },
{ "type": "Feature", "properties": { "cell_id": "P0332", "suhii_day": -2.02, "suhii_night": 3.66, "suhii_day_normalized": -2.02, "suhii_night_normalized": 3.66, "lst_day": 37.25, "lst_night": 27.03, "frac_built": 0.786, "frac_tree": 0.168, "frac_water": 0.0, "frac_crop": 0.036, "frac_grass": 0.01, "ndvi": 0.295, "ndbi": -0.02, "mndwi": -0.326, "albedo": 0.174, "building_height_mean": 0.0, "night_lights_mean": 0.0, "svf_proxy": 1.0, "suhii_night_ml": 3.66, "suhii_night_2031": 4.08, "suhii_night_2041": 4.84 }, "geometry": { "type": "Polygon", "coordinates": [ [ [ 73.931, 18.503 ], [ 73.931, 18.512 ], [ 73.922, 18.512 ], [ 73.922, 18.503 ], [ 73.931, 18.503 ] ] ] } },
{ "type": "Feature", "properties": { "cell_id": "P0333", "suhii_day": -2.1, "suhii_night": 3.48, "suhii_day_normalized": -2.1, "suhii_night_normalized": 3.48, "lst_day": 37.17, "lst_night": 26.85, "frac_built": 0.821, "frac_tree": 0.169, "frac_water": 0.0, "frac_crop": 0.01, "frac_grass": 0.0, "ndvi": 0.288, "ndbi": -0.013, "mndwi": -0.314, "albedo": 0.179, "building_height_mean": 0.0, "night_lights_mean": 0.0, "svf_proxy": 1.0, "suhii_night_ml": 3.48, "suhii_night_2031": 3.9, "suhii_night_2041": 4.66 }, "geometry": { "type": "Polygon", "coordinates": [ [ [ 73.931, 18.512 ], [ 73.931, 18.521 ], [ 73.922, 18.521 ], [ 73.922, 18.512 ], [ 73.931, 18.512 ] ] ] } },
{ "type": "Feature", "properties": { "cell_id": "P0334", "suhii_day": -2.08, "suhii_night": 2.08, "suhii_day_normalized": -2.08, "suhii_night_normalized": 2.08, "lst_day": 37.19, "lst_night": 25.45, "frac_built": 0.299, "frac_tree": 0.323, "frac_water": 0.0, "frac_crop": 0.315, "frac_grass": 0.0, "ndvi": 0.274, "ndbi": 0.019, "mndwi": -0.37, "albedo": 0.161, "building_height_mean": 0.0, "night_lights_mean": 0.0, "svf_proxy": 1.0, "suhii_night_ml": 2.08, "suhii_night_2031": 2.5, "suhii_night_2041": 3.26 }, "geometry": { "type": "Polygon", "coordinates": [ [ [ 73.931, 18.521 ], [ 73.931, 18.53 ], [ 73.922, 18.53 ], [ 73.922, 18.521 ], [ 73.931, 18.521 ] ] ] } },
{ "type": "Feature", "properties": { "cell_id": "P0335", "suhii_day": -2.51, "suhii_night": 1.82, "suhii_day_normalized": -2.51, "suhii_night_normalized": 1.82, "lst_day": 36.76, "lst_night": 25.19, "frac_built": 0.376, "frac_tree": 0.209, "frac_water": 0.12, "frac_crop": 0.174, "frac_grass": 0.02, "ndvi": 0.245, "ndbi": 0.034, "mndwi": -0.329, "albedo": 0.164, "building_height_mean": 0.0, "night_lights_mean": 0.0, "svf_proxy": 1.0, "suhii_night_ml": 1.82, "suhii_night_2031": 2.24, "suhii_night_2041": 3.0 }, "geometry": { "type": "Polygon", "coordinates": [ [ [ 73.931, 18.53 ], [ 73.931, 18.539 ], [ 73.922, 18.539 ], [ 73.922, 18.53 ], [ 73.931, 18.53 ] ] ] } },
{ "type": "Feature", "properties": { "cell_id": "P0336", "suhii_day": -2.3, "suhii_night": 3.17, "suhii_day_normalized": -2.3, "suhii_night_normalized": 3.17, "lst_day": 36.97, "lst_night": 26.54, "frac_built": 0.782, "frac_tree": 0.144, "frac_water": 0.02, "frac_crop": 0.007, "frac_grass": 0.027, "ndvi": 0.251, "ndbi": 0.007, "mndwi": -0.309, "albedo": 0.189, "building_height_mean": 0.0, "night_lights_mean": 0.0, "svf_proxy": 1.0, "suhii_night_ml": 3.17, "suhii_night_2031": 3.59, "suhii_night_2041": 4.35 }, "geometry": { "type": "Polygon", "coordinates": [ [ [ 73.931, 18.539 ], [ 73.931, 18.548 ], [ 73.922, 18.548 ], [ 73.922, 18.539 ], [ 73.931, 18.539 ] ] ] } },
{ "type": "Feature", "properties": { "cell_id": "P0337", "suhii_day": -1.84, "suhii_night": 4.65, "suhii_day_normalized": -1.84, "suhii_night_normalized": 4.65, "lst_day": 37.43, "lst_night": 28.02, "frac_built": 0.923, "frac_tree": 0.057, "frac_water": 0.0, "frac_crop": 0.0, "frac_grass": 0.0, "ndvi": 0.211, "ndbi": 0.033, "mndwi": -0.302, "albedo": 0.194, "building_height_mean": 0.0, "night_lights_mean": 0.0, "svf_proxy": 1.0, "suhii_night_ml": 4.65, "suhii_night_2031": 5.07, "suhii_night_2041": 5.83 }, "geometry": { "type": "Polygon", "coordinates": [ [ [ 73.931, 18.548 ], [ 73.931, 18.557 ], [ 73.922, 18.557 ], [ 73.922, 18.548 ], [ 73.931, 18.548 ] ] ] } },
{ "type": "Feature", "properties": { "cell_id": "P0338", "suhii_day": -1.37, "suhii_night": 4.5, "suhii_day_normalized": -1.37, "suhii_night_normalized": 4.5, "lst_day": 37.9, "lst_night": 27.87, "frac_built": 0.777, "frac_tree": 0.056, "frac_water": 0.0, "frac_crop": 0.108, "frac_grass": 0.013, "ndvi": 0.212, "ndbi": 0.051, "mndwi": -0.325, "albedo": 0.183, "building_height_mean": 0.0, "night_lights_mean": 0.0, "svf_proxy": 1.0, "suhii_night_ml": 4.5, "suhii_night_2031": 4.92, "suhii_night_2041": 5.68 }, "geometry": { "type": "Polygon", "coordinates": [ [ [ 73.931, 18.557 ], [ 73.931, 18.566 ], [ 73.922, 18.566 ], [ 73.922, 18.557 ], [ 73.931, 18.557 ] ] ] } },
{ "type": "Feature", "properties": { "cell_id": "P0339", "suhii_day": -0.01, "suhii_night": 4.18, "suhii_day_normalized": -0.01, "suhii_night_normalized": 4.18, "lst_day": 39.26, "lst_night": 27.55, "frac_built": 0.258, "frac_tree": 0.023, "frac_water": 0.0, "frac_crop": 0.16, "frac_grass": 0.177, "ndvi": 0.244, "ndbi": 0.13, "mndwi": -0.461, "albedo": 0.172, "building_height_mean": 0.0, "night_lights_mean": 0.0, "svf_proxy": 1.0, "suhii_night_ml": 4.18, "suhii_night_2031": 4.6, "suhii_night_2041": 5.36 }, "geometry": { "type": "Polygon", "coordinates": [ [ [ 73.931, 18.566 ], [ 73.931, 18.575 ], [ 73.922, 18.575 ], [ 73.922, 18.566 ], [ 73.931, 18.566 ] ] ] } },
{ "type": "Feature", "properties": { "cell_id": "P0340", "suhii_day": -0.25, "suhii_night": 2.67, "suhii_day_normalized": -0.25, "suhii_night_normalized": 2.67, "lst_day": 39.02, "lst_night": 26.04, "frac_built": 0.631, "frac_tree": 0.0, "frac_water": 0.0, "frac_crop": 0.085, "frac_grass": 0.246, "ndvi": 0.127, "ndbi": 0.157, "mndwi": -0.386, "albedo": 0.194, "building_height_mean": 0.0, "night_lights_mean": 0.0, "svf_proxy": 1.0, "suhii_night_ml": 2.67, "suhii_night_2031": 3.09, "suhii_night_2041": 3.85 }, "geometry": { "type": "Polygon", "coordinates": [ [ [ 73.931, 18.575 ], [ 73.931, 18.584 ], [ 73.922, 18.584 ], [ 73.922, 18.575 ], [ 73.931, 18.575 ] ] ] } },
{ "type": "Feature", "properties": { "cell_id": "P0341", "suhii_day": -0.14, "suhii_night": 1.86, "suhii_day_normalized": -0.14, "suhii_night_normalized": 1.86, "lst_day": 39.13, "lst_night": 25.23, "frac_built": 0.416, "frac_tree": 0.218, "frac_water": 0.0, "frac_crop": 0.162, "frac_grass": 0.094, "ndvi": 0.318, "ndbi": 0.046, "mndwi": -0.436, "albedo": 0.181, "building_height_mean": 0.0, "night_lights_mean": 0.0, "svf_proxy": 1.0, "suhii_night_ml": 1.86, "suhii_night_2031": 2.28, "suhii_night_2041": 3.04 }, "geometry": { "type": "Polygon", "coordinates": [ [ [ 73.931, 18.584 ], [ 73.931, 18.593 ], [ 73.922, 18.593 ], [ 73.922, 18.584 ], [ 73.931, 18.584 ] ] ] } },
{ "type": "Feature", "properties": { "cell_id": "P0342", "suhii_day": -0.55, "suhii_night": 3.14, "suhii_day_normalized": -0.55, "suhii_night_normalized": 3.14, "lst_day": 38.72, "lst_night": 26.51, "frac_built": 0.732, "frac_tree": 0.077, "frac_water": 0.0, "frac_crop": 0.124, "frac_grass": 0.053, "ndvi": 0.242, "ndbi": 0.04, "mndwi": -0.351, "albedo": 0.184, "building_height_mean": 0.0, "night_lights_mean": 0.0, "svf_proxy": 1.0, "suhii_night_ml": 3.14, "suhii_night_2031": 3.56, "suhii_night_2041": 4.32 }, "geometry": { "type": "Polygon", "coordinates": [ [ [ 73.931, 18.593 ], [ 73.931, 18.602 ], [ 73.922, 18.602 ], [ 73.922, 18.593 ], [ 73.931, 18.593 ] ] ] } },
{ "type": "Feature", "properties": { "cell_id": "P0343", "suhii_day": 0.16, "suhii_night": -2.56, "suhii_day_normalized": 0.16, "suhii_night_normalized": -2.56, "lst_day": 39.43, "lst_night": 20.81, "frac_built": 0.25, "frac_tree": 0.027, "frac_water": 0.0, "frac_crop": 0.366, "frac_grass": 0.357, "ndvi": 0.167, "ndbi": 0.078, "mndwi": -0.354, "albedo": 0.174, "building_height_mean": 0.0, "night_lights_mean": 0.0, "svf_proxy": 1.0, "suhii_night_ml": -2.56, "suhii_night_2031": -2.14, "suhii_night_2041": -1.38 }, "geometry": { "type": "Polygon", "coordinates": [ [ [ 73.94, 18.44 ], [ 73.94, 18.449 ], [ 73.931, 18.449 ], [ 73.931, 18.44 ], [ 73.94, 18.44 ] ] ] } },
{ "type": "Feature", "properties": { "cell_id": "P0344", "suhii_day": -0.62, "suhii_night": -0.93, "suhii_day_normalized": -0.62, "suhii_night_normalized": -0.93, "lst_day": 38.65, "lst_night": 22.44, "frac_built": 0.475, "frac_tree": 0.01, "frac_water": 0.0, "frac_crop": 0.304, "frac_grass": 0.201, "ndvi": 0.166, "ndbi": 0.078, "mndwi": -0.336, "albedo": 0.17, "building_height_mean": 0.0, "night_lights_mean": 0.0, "svf_proxy": 1.0, "suhii_night_ml": -0.93, "suhii_night_2031": -0.51, "suhii_night_2041": 0.25 }, "geometry": { "type": "Polygon", "coordinates": [ [ [ 73.94, 18.449 ], [ 73.94, 18.458 ], [ 73.931, 18.458 ], [ 73.931, 18.449 ], [ 73.94, 18.449 ] ] ] } },
{ "type": "Feature", "properties": { "cell_id": "P0345", "suhii_day": -1.19, "suhii_night": -0.27, "suhii_day_normalized": -1.19, "suhii_night_normalized": -0.27, "lst_day": 38.08, "lst_night": 23.1, "frac_built": 0.474, "frac_tree": 0.02, "frac_water": 0.0, "frac_crop": 0.06, "frac_grass": 0.406, "ndvi": 0.156, "ndbi": 0.087, "mndwi": -0.346, "albedo": 0.187, "building_height_mean": 0.0, "night_lights_mean": 0.0, "svf_proxy": 1.0, "suhii_night_ml": -0.27, "suhii_night_2031": 0.15, "suhii_night_2041": 0.91 }, "geometry": { "type": "Polygon", "coordinates": [ [ [ 73.94, 18.458 ], [ 73.94, 18.467 ], [ 73.931, 18.467 ], [ 73.931, 18.458 ], [ 73.94, 18.458 ] ] ] } },
{ "type": "Feature", "properties": { "cell_id": "P0346", "suhii_day": -0.81, "suhii_night": -0.24, "suhii_day_normalized": -0.81, "suhii_night_normalized": -0.24, "lst_day": 38.46, "lst_night": 23.13, "frac_built": 0.51, "frac_tree": 0.148, "frac_water": 0.0, "frac_crop": 0.1, "frac_grass": 0.165, "ndvi": 0.249, "ndbi": 0.036, "mndwi": -0.361, "albedo": 0.181, "building_height_mean": 0.0, "night_lights_mean": 0.0, "svf_proxy": 1.0, "suhii_night_ml": -0.24, "suhii_night_2031": 0.18, "suhii_night_2041": 0.94 }, "geometry": { "type": "Polygon", "coordinates": [ [ [ 73.94, 18.467 ], [ 73.94, 18.476 ], [ 73.931, 18.476 ], [ 73.931, 18.467 ], [ 73.94, 18.467 ] ] ] } },
{ "type": "Feature", "properties": { "cell_id": "P0347", "suhii_day": -1.23, "suhii_night": -1.32, "suhii_day_normalized": -1.23, "suhii_night_normalized": -1.32, "lst_day": 38.04, "lst_night": 22.05, "frac_built": 0.816, "frac_tree": 0.051, "frac_water": 0.0, "frac_crop": 0.097, "frac_grass": 0.027, "ndvi": 0.23, "ndbi": 0.032, "mndwi": -0.325, "albedo": 0.186, "building_height_mean": 0.0, "night_lights_mean": 0.0, "svf_proxy": 1.0, "suhii_night_ml": -1.32, "suhii_night_2031": -0.9, "suhii_night_2041": -0.14 }, "geometry": { "type": "Polygon", "coordinates": [ [ [ 73.94, 18.476 ], [ 73.94, 18.485 ], [ 73.931, 18.485 ], [ 73.931, 18.476 ], [ 73.94, 18.476 ] ] ] } },
{ "type": "Feature", "properties": { "cell_id": "P0348", "suhii_day": -1.19, "suhii_night": 2.53, "suhii_day_normalized": -1.19, "suhii_night_normalized": 2.53, "lst_day": 38.08, "lst_night": 25.9, "frac_built": 0.699, "frac_tree": 0.136, "frac_water": 0.0, "frac_crop": 0.034, "frac_grass": 0.124, "ndvi": 0.246, "ndbi": 0.029, "mndwi": -0.342, "albedo": 0.18, "building_height_mean": 0.0, "night_lights_mean": 0.0, "svf_proxy": 1.0, "suhii_night_ml": 2.53, "suhii_night_2031": 2.95, "suhii_night_2041": 3.71 }, "geometry": { "type": "Polygon", "coordinates": [ [ [ 73.94, 18.485 ], [ 73.94, 18.494 ], [ 73.931, 18.494 ], [ 73.931, 18.485 ], [ 73.94, 18.485 ] ] ] } },
{ "type": "Feature", "properties": { "cell_id": "P0349", "suhii_day": -1.89, "suhii_night": 4.02, "suhii_day_normalized": -1.89, "suhii_night_normalized": 4.02, "lst_day": 37.38, "lst_night": 27.39, "frac_built": 0.76, "frac_tree": 0.108, "frac_water": 0.0, "frac_crop": 0.031, "frac_grass": 0.092, "ndvi": 0.264, "ndbi": 0.022, "mndwi": -0.338, "albedo": 0.167, "building_height_mean": 0.0, "night_lights_mean": 0.0, "svf_proxy": 1.0, "suhii_night_ml": 4.02, "suhii_night_2031": 4.44, "suhii_night_2041": 5.2 }, "geometry": { "type": "Polygon", "coordinates": [ [ [ 73.94, 18.494 ], [ 73.94, 18.503 ], [ 73.931, 18.503 ], [ 73.931, 18.494 ], [ 73.94, 18.494 ] ] ] } },
{ "type": "Feature", "properties": { "cell_id": "P0350", "suhii_day": -1.95, "suhii_night": 3.9, "suhii_day_normalized": -1.95, "suhii_night_normalized": 3.9, "lst_day": 37.32, "lst_night": 27.27, "frac_built": 0.69, "frac_tree": 0.208, "frac_water": 0.0, "frac_crop": 0.102, "frac_grass": 0.0, "ndvi": 0.268, "ndbi": -0.003, "mndwi": -0.317, "albedo": 0.19, "building_height_mean": 0.0, "night_lights_mean": 0.0, "svf_proxy": 1.0, "suhii_night_ml": 3.9, "suhii_night_2031": 4.32, "suhii_night_2041": 5.08 }, "geometry": { "type": "Polygon", "coordinates": [ [ [ 73.94, 18.503 ], [ 73.94, 18.512 ], [ 73.931, 18.512 ], [ 73.931, 18.503 ], [ 73.94, 18.503 ] ] ] } },
{ "type": "Feature", "properties": { "cell_id": "P0351", "suhii_day": -2.15, "suhii_night": 2.75, "suhii_day_normalized": -2.15, "suhii_night_normalized": 2.75, "lst_day": 37.12, "lst_night": 26.12, "frac_built": 0.744, "frac_tree": 0.152, "frac_water": 0.0, "frac_crop": 0.084, "frac_grass": 0.0, "ndvi": 0.271, "ndbi": -0.016, "mndwi": -0.304, "albedo": 0.186, "building_height_mean": 0.0, "night_lights_mean": 0.0, "svf_proxy": 1.0, "suhii_night_ml": 2.75, "suhii_night_2031": 3.17, "suhii_night_2041": 3.93 }, "geometry": { "type": "Polygon", "coordinates": [ [ [ 73.94, 18.512 ], [ 73.94, 18.521 ], [ 73.931, 18.521 ], [ 73.931, 18.512 ], [ 73.94, 18.512 ] ] ] } },
{ "type": "Feature", "properties": { "cell_id": "P0352", "suhii_day": -2.06, "suhii_night": 1.94, "suhii_day_normalized": -2.06, "suhii_night_normalized": 1.94, "lst_day": 37.21, "lst_night": 25.31, "frac_built": 0.415, "frac_tree": 0.375, "frac_water": 0.0, "frac_crop": 0.167, "frac_grass": 0.0, "ndvi": 0.337, "ndbi": -0.028, "mndwi": -0.359, "albedo": 0.164, "building_height_mean": 0.0, "night_lights_mean": 0.0, "svf_proxy": 1.0, "suhii_night_ml": 1.94, "suhii_night_2031": 2.36, "suhii_night_2041": 3.12 }, "geometry": { "type": "Polygon", "coordinates": [ [ [ 73.94, 18.521 ], [ 73.94, 18.53 ], [ 73.931, 18.53 ], [ 73.931, 18.521 ], [ 73.94, 18.521 ] ] ] } },
{ "type": "Feature", "properties": { "cell_id": "P0353", "suhii_day": -1.9, "suhii_night": 2.37, "suhii_day_normalized": -1.9, "suhii_night_normalized": 2.37, "lst_day": 37.37, "lst_night": 25.74, "frac_built": 0.609, "frac_tree": 0.106, "frac_water": 0.15, "frac_crop": 0.121, "frac_grass": 0.012, "ndvi": 0.228, "ndbi": 0.005, "mndwi": -0.271, "albedo": 0.162, "building_height_mean": 0.0, "night_lights_mean": 0.0, "svf_proxy": 1.0, "suhii_night_ml": 2.37, "suhii_night_2031": 2.79, "suhii_night_2041": 3.55 }, "geometry": { "type": "Polygon", "coordinates": [ [ [ 73.94, 18.53 ], [ 73.94, 18.539 ], [ 73.931, 18.539 ], [ 73.931, 18.53 ], [ 73.94, 18.53 ] ] ] } },
{ "type": "Feature", "properties": { "cell_id": "P0354", "suhii_day": -2.42, "suhii_night": 2.95, "suhii_day_normalized": -2.42, "suhii_night_normalized": 2.95, "lst_day": 36.85, "lst_night": 26.32, "frac_built": 0.741, "frac_tree": 0.1, "frac_water": 0.0, "frac_crop": 0.023, "frac_grass": 0.045, "ndvi": 0.206, "ndbi": 0.046, "mndwi": -0.316, "albedo": 0.182, "building_height_mean": 0.0, "night_lights_mean": 0.0, "svf_proxy": 1.0, "suhii_night_ml": 2.95, "suhii_night_2031": 3.37, "suhii_night_2041": 4.13 }, "geometry": { "type": "Polygon", "coordinates": [ [ [ 73.94, 18.539 ], [ 73.94, 18.548 ], [ 73.931, 18.548 ], [ 73.931, 18.539 ], [ 73.94, 18.539 ] ] ] } },
{ "type": "Feature", "properties": { "cell_id": "P0355", "suhii_day": -2.33, "suhii_night": 2.38, "suhii_day_normalized": -2.33, "suhii_night_normalized": 2.38, "lst_day": 36.94, "lst_night": 25.75, "frac_built": 0.887, "frac_tree": 0.031, "frac_water": 0.0, "frac_crop": 0.027, "frac_grass": 0.0, "ndvi": 0.166, "ndbi": 0.049, "mndwi": -0.276, "albedo": 0.194, "building_height_mean": 0.0, "night_lights_mean": 0.0, "svf_proxy": 1.0, "suhii_night_ml": 2.38, "suhii_night_2031": 2.8, "suhii_night_2041": 3.56 }, "geometry": { "type": "Polygon", "coordinates": [ [ [ 73.94, 18.548 ], [ 73.94, 18.557 ], [ 73.931, 18.557 ], [ 73.931, 18.548 ], [ 73.94, 18.548 ] ] ] } },
{ "type": "Feature", "properties": { "cell_id": "P0356", "suhii_day": -1.19, "suhii_night": 3.18, "suhii_day_normalized": -1.19, "suhii_night_normalized": 3.18, "lst_day": 38.08, "lst_night": 26.55, "frac_built": 0.717, "frac_tree": 0.046, "frac_water": 0.0, "frac_crop": 0.054, "frac_grass": 0.058, "ndvi": 0.202, "ndbi": 0.058, "mndwi": -0.32, "albedo": 0.179, "building_height_mean": 0.0, "night_lights_mean": 0.0, "svf_proxy": 1.0, "suhii_night_ml": 3.18, "suhii_night_2031": 3.6, "suhii_night_2041": 4.36 }, "geometry": { "type": "Polygon", "coordinates": [ [ [ 73.94, 18.557 ], [ 73.94, 18.566 ], [ 73.931, 18.566 ], [ 73.931, 18.557 ], [ 73.94, 18.557 ] ] ] } },
{ "type": "Feature", "properties": { "cell_id": "P0357", "suhii_day": 0.41, "suhii_night": 3.5, "suhii_day_normalized": 0.41, "suhii_night_normalized": 3.5, "lst_day": 39.68, "lst_night": 26.87, "frac_built": 0.084, "frac_tree": 0.11, "frac_water": 0.0, "frac_crop": 0.143, "frac_grass": 0.537, "ndvi": 0.228, "ndbi": 0.13, "mndwi": -0.449, "albedo": 0.157, "building_height_mean": 0.0, "night_lights_mean": 0.0, "svf_proxy": 1.0, "suhii_night_ml": 3.5, "suhii_night_2031": 3.92, "suhii_night_2041": 4.68 }, "geometry": { "type": "Polygon", "coordinates": [ [ [ 73.94, 18.566 ], [ 73.94, 18.575 ], [ 73.931, 18.575 ], [ 73.931, 18.566 ], [ 73.94, 18.566 ] ] ] } },
{ "type": "Feature", "properties": { "cell_id": "P0358", "suhii_day": 0.3, "suhii_night": 2.16, "suhii_day_normalized": 0.3, "suhii_night_normalized": 2.16, "lst_day": 39.57, "lst_night": 25.53, "frac_built": 0.097, "frac_tree": 0.134, "frac_water": 0.0, "frac_crop": 0.178, "frac_grass": 0.202, "ndvi": 0.23, "ndbi": 0.126, "mndwi": -0.448, "albedo": 0.163, "building_height_mean": 0.0, "night_lights_mean": 0.0, "svf_proxy": 1.0, "suhii_night_ml": 2.16, "suhii_night_2031": 2.58, "suhii_night_2041": 3.34 }, "geometry": { "type": "Polygon", "coordinates": [ [ [ 73.94, 18.575 ], [ 73.94, 18.584 ], [ 73.931, 18.584 ], [ 73.931, 18.575 ], [ 73.94, 18.575 ] ] ] } },
{ "type": "Feature", "properties": { "cell_id": "P0359", "suhii_day": 0.14, "suhii_night": 1.21, "suhii_day_normalized": 0.14, "suhii_night_normalized": 1.21, "lst_day": 39.41, "lst_night": 24.58, "frac_built": 0.071, "frac_tree": 0.087, "frac_water": 0.0, "frac_crop": 0.535, "frac_grass": 0.238, "ndvi": 0.229, "ndbi": 0.101, "mndwi": -0.435, "albedo": 0.162, "building_height_mean": 0.0, "night_lights_mean": 0.0, "svf_proxy": 1.0, "suhii_night_ml": 1.21, "suhii_night_2031": 1.63, "suhii_night_2041": 2.39 }, "geometry": { "type": "Polygon", "coordinates": [ [ [ 73.94, 18.584 ], [ 73.94, 18.593 ], [ 73.931, 18.593 ], [ 73.931, 18.584 ], [ 73.94, 18.584 ] ] ] } },
{ "type": "Feature", "properties": { "cell_id": "P0360", "suhii_day": -0.46, "suhii_night": 0.7, "suhii_day_normalized": -0.46, "suhii_night_normalized": 0.7, "lst_day": 38.81, "lst_night": 24.07, "frac_built": 0.572, "frac_tree": 0.0, "frac_water": 0.0, "frac_crop": 0.306, "frac_grass": 0.105, "ndvi": 0.17, "ndbi": 0.075, "mndwi": -0.334, "albedo": 0.184, "building_height_mean": 0.0, "night_lights_mean": 0.0, "svf_proxy": 1.0, "suhii_night_ml": 0.7, "suhii_night_2031": 1.12, "suhii_night_2041": 1.88 }, "geometry": { "type": "Polygon", "coordinates": [ [ [ 73.94, 18.593 ], [ 73.94, 18.602 ], [ 73.931, 18.602 ], [ 73.931, 18.593 ], [ 73.94, 18.593 ] ] ] } },
{ "type": "Feature", "properties": { "cell_id": "P0361", "suhii_day": 1.21, "suhii_night": -2.09, "suhii_day_normalized": 1.21, "suhii_night_normalized": -2.09, "lst_day": 40.48, "lst_night": 21.28, "frac_built": 0.03, "frac_tree": 0.003, "frac_water": 0.0, "frac_crop": 0.807, "frac_grass": 0.111, "ndvi": 0.222, "ndbi": 0.085, "mndwi": -0.423, "albedo": 0.161, "building_height_mean": 0.0, "night_lights_mean": 0.0, "svf_proxy": 1.0, "suhii_night_ml": -2.09, "suhii_night_2031": -1.67, "suhii_night_2041": -0.91 }, "geometry": { "type": "Polygon", "coordinates": [ [ [ 73.949, 18.44 ], [ 73.949, 18.449 ], [ 73.94, 18.449 ], [ 73.94, 18.44 ], [ 73.949, 18.44 ] ] ] } },
{ "type": "Feature", "properties": { "cell_id": "P0362", "suhii_day": 0.53, "suhii_night": -1.08, "suhii_day_normalized": 0.53, "suhii_night_normalized": -1.08, "lst_day": 39.8, "lst_night": 22.29, "frac_built": 0.27, "frac_tree": 0.0, "frac_water": 0.0, "frac_crop": 0.466, "frac_grass": 0.224, "ndvi": 0.176, "ndbi": 0.076, "mndwi": -0.352, "albedo": 0.183, "building_height_mean": 0.0, "night_lights_mean": 0.0, "svf_proxy": 1.0, "suhii_night_ml": -1.08, "suhii_night_2031": -0.66, "suhii_night_2041": 0.1 }, "geometry": { "type": "Polygon", "coordinates": [ [ [ 73.949, 18.449 ], [ 73.949, 18.458 ], [ 73.94, 18.458 ], [ 73.94, 18.449 ], [ 73.949, 18.449 ] ] ] } },
{ "type": "Feature", "properties": { "cell_id": "P0363", "suhii_day": 0.35, "suhii_night": -0.46, "suhii_day_normalized": 0.35, "suhii_night_normalized": -0.46, "lst_day": 39.62, "lst_night": 22.91, "frac_built": 0.39, "frac_tree": 0.0, "frac_water": 0.0, "frac_crop": 0.035, "frac_grass": 0.54, "ndvi": 0.127, "ndbi": 0.104, "mndwi": -0.335, "albedo": 0.18, "building_height_mean": 0.0, "night_lights_mean": 0.0, "svf_proxy": 1.0, "suhii_night_ml": -0.46, "suhii_night_2031": -0.04, "suhii_night_2041": 0.72 }, "geometry": { "type": "Polygon", "coordinates": [ [ [ 73.949, 18.458 ], [ 73.949, 18.467 ], [ 73.94, 18.467 ], [ 73.94, 18.458 ], [ 73.949, 18.458 ] ] ] } },
{ "type": "Feature", "properties": { "cell_id": "P0364", "suhii_day": 0.36, "suhii_night": -0.26, "suhii_day_normalized": 0.36, "suhii_night_normalized": -0.26, "lst_day": 39.63, "lst_night": 23.11, "frac_built": 0.288, "frac_tree": 0.0, "frac_water": 0.0, "frac_crop": 0.0, "frac_grass": 0.649, "ndvi": 0.136, "ndbi": 0.12, "mndwi": -0.366, "albedo": 0.178, "building_height_mean": 0.0, "night_lights_mean": 0.0, "svf_proxy": 1.0, "suhii_night_ml": -0.26, "suhii_night_2031": 0.16, "suhii_night_2041": 0.92 }, "geometry": { "type": "Polygon", "coordinates": [ [ [ 73.949, 18.467 ], [ 73.949, 18.476 ], [ 73.94, 18.476 ], [ 73.94, 18.467 ], [ 73.949, 18.467 ] ] ] } },
{ "type": "Feature", "properties": { "cell_id": "P0365", "suhii_day": -0.7, "suhii_night": -1.31, "suhii_day_normalized": -0.7, "suhii_night_normalized": -1.31, "lst_day": 38.57, "lst_night": 22.06, "frac_built": 0.811, "frac_tree": 0.0, "frac_water": 0.0, "frac_crop": 0.074, "frac_grass": 0.1, "ndvi": 0.181, "ndbi": 0.057, "mndwi": -0.304, "albedo": 0.191, "building_height_mean": 0.0, "night_lights_mean": 0.0, "svf_proxy": 1.0, "suhii_night_ml": -1.31, "suhii_night_2031": -0.89, "suhii_night_2041": -0.13 }, "geometry": { "type": "Polygon", "coordinates": [ [ [ 73.949, 18.476 ], [ 73.949, 18.485 ], [ 73.94, 18.485 ], [ 73.94, 18.476 ], [ 73.949, 18.476 ] ] ] } },
{ "type": "Feature", "properties": { "cell_id": "P0366", "suhii_day": -1.19, "suhii_night": 2.39, "suhii_day_normalized": -1.19, "suhii_night_normalized": 2.39, "lst_day": 38.08, "lst_night": 25.76, "frac_built": 0.514, "frac_tree": 0.02, "frac_water": 0.01, "frac_crop": 0.026, "frac_grass": 0.369, "ndvi": 0.154, "ndbi": 0.094, "mndwi": -0.349, "albedo": 0.188, "building_height_mean": 0.0, "night_lights_mean": 0.0, "svf_proxy": 1.0, "suhii_night_ml": 2.39, "suhii_night_2031": 2.81, "suhii_night_2041": 3.57 }, "geometry": { "type": "Polygon", "coordinates": [ [ [ 73.949, 18.485 ], [ 73.949, 18.494 ], [ 73.94, 18.494 ], [ 73.94, 18.485 ], [ 73.949, 18.485 ] ] ] } },
{ "type": "Feature", "properties": { "cell_id": "P0367", "suhii_day": -1.94, "suhii_night": 4.02, "suhii_day_normalized": -1.94, "suhii_night_normalized": 4.02, "lst_day": 37.33, "lst_night": 27.39, "frac_built": 0.698, "frac_tree": 0.094, "frac_water": 0.0, "frac_crop": 0.071, "frac_grass": 0.13, "ndvi": 0.226, "ndbi": 0.06, "mndwi": -0.354, "albedo": 0.173, "building_height_mean": 0.0, "night_lights_mean": 0.0, "svf_proxy": 1.0, "suhii_night_ml": 4.02, "suhii_night_2031": 4.44, "suhii_night_2041": 5.2 }, "geometry": { "type": "Polygon", "coordinates": [ [ [ 73.949, 18.494 ], [ 73.949, 18.503 ], [ 73.94, 18.503 ], [ 73.94, 18.494 ], [ 73.949, 18.494 ] ] ] } },
{ "type": "Feature", "properties": { "cell_id": "P0368", "suhii_day": -1.9, "suhii_night": 3.32, "suhii_day_normalized": -1.9, "suhii_night_normalized": 3.32, "lst_day": 37.37, "lst_night": 26.69, "frac_built": 0.72, "frac_tree": 0.091, "frac_water": 0.0, "frac_crop": 0.117, "frac_grass": 0.052, "ndvi": 0.222, "ndbi": 0.035, "mndwi": -0.318, "albedo": 0.191, "building_height_mean": 0.0, "night_lights_mean": 0.0, "svf_proxy": 1.0, "suhii_night_ml": 3.32, "suhii_night_2031": 3.74, "suhii_night_2041": 4.5 }, "geometry": { "type": "Polygon", "coordinates": [ [ [ 73.949, 18.503 ], [ 73.949, 18.512 ], [ 73.94, 18.512 ], [ 73.94, 18.503 ], [ 73.949, 18.503 ] ] ] } },
{ "type": "Feature", "properties": { "cell_id": "P0369", "suhii_day": -2.25, "suhii_night": 3.16, "suhii_day_normalized": -2.25, "suhii_night_normalized": 3.16, "lst_day": 37.02, "lst_night": 26.53, "frac_built": 0.581, "frac_tree": 0.23, "frac_water": 0.0, "frac_crop": 0.098, "frac_grass": 0.01, "ndvi": 0.294, "ndbi": -0.027, "mndwi": -0.32, "albedo": 0.181, "building_height_mean": 0.0, "night_lights_mean": 0.0, "svf_proxy": 1.0, "suhii_night_ml": 3.16, "suhii_night_2031": 3.58, "suhii_night_2041": 4.34 }, "geometry": { "type": "Polygon", "coordinates": [ [ [ 73.949, 18.512 ], [ 73.949, 18.521 ], [ 73.94, 18.521 ], [ 73.94, 18.512 ], [ 73.949, 18.512 ] ] ] } },
{ "type": "Feature", "properties": { "cell_id": "P0370", "suhii_day": -2.3, "suhii_night": 1.11, "suhii_day_normalized": -2.3, "suhii_night_normalized": 1.11, "lst_day": 36.97, "lst_night": 24.48, "frac_built": 0.449, "frac_tree": 0.212, "frac_water": 0.0, "frac_crop": 0.249, "frac_grass": 0.0, "ndvi": 0.299, "ndbi": -0.001, "mndwi": -0.356, "albedo": 0.169, "building_height_mean": 0.0, "night_lights_mean": 0.0, "svf_proxy": 1.0, "suhii_night_ml": 1.11, "suhii_night_2031": 1.53, "suhii_night_2041": 2.29 }, "geometry": { "type": "Polygon", "coordinates": [ [ [ 73.949, 18.521 ], [ 73.949, 18.53 ], [ 73.94, 18.53 ], [ 73.94, 18.521 ], [ 73.949, 18.521 ] ] ] } },
{ "type": "Feature", "properties": { "cell_id": "P0371", "suhii_day": -2.0, "suhii_night": 1.06, "suhii_day_normalized": -2.0, "suhii_night_normalized": 1.06, "lst_day": 37.27, "lst_night": 24.43, "frac_built": 0.697, "frac_tree": 0.055, "frac_water": 0.048, "frac_crop": 0.092, "frac_grass": 0.0, "ndvi": 0.193, "ndbi": 0.046, "mndwi": -0.293, "albedo": 0.181, "building_height_mean": 0.0, "night_lights_mean": 0.0, "svf_proxy": 1.0, "suhii_night_ml": 1.06, "suhii_night_2031": 1.48, "suhii_night_2041": 2.24 }, "geometry": { "type": "Polygon", "coordinates": [ [ [ 73.949, 18.53 ], [ 73.949, 18.539 ], [ 73.94, 18.539 ], [ 73.94, 18.53 ], [ 73.949, 18.53 ] ] ] } },
{ "type": "Feature", "properties": { "cell_id": "P0372", "suhii_day": -2.26, "suhii_night": 1.02, "suhii_day_normalized": -2.26, "suhii_night_normalized": 1.02, "lst_day": 37.01, "lst_night": 24.39, "frac_built": 0.625, "frac_tree": 0.094, "frac_water": 0.161, "frac_crop": 0.01, "frac_grass": 0.042, "ndvi": 0.217, "ndbi": 0.009, "mndwi": -0.26, "albedo": 0.158, "building_height_mean": 0.0, "night_lights_mean": 0.0, "svf_proxy": 1.0, "suhii_night_ml": 1.02, "suhii_night_2031": 1.44, "suhii_night_2041": 2.2 }, "geometry": { "type": "Polygon", "coordinates": [ [ [ 73.949, 18.539 ], [ 73.949, 18.548 ], [ 73.94, 18.548 ], [ 73.94, 18.539 ], [ 73.949, 18.539 ] ] ] } },
{ "type": "Feature", "properties": { "cell_id": "P0373", "suhii_day": -2.55, "suhii_night": 2.25, "suhii_day_normalized": -2.55, "suhii_night_normalized": 2.25, "lst_day": 36.72, "lst_night": 25.62, "frac_built": 0.73, "frac_tree": 0.099, "frac_water": 0.0, "frac_crop": 0.022, "frac_grass": 0.077, "ndvi": 0.232, "ndbi": 0.02, "mndwi": -0.316, "albedo": 0.18, "building_height_mean": 0.0, "night_lights_mean": 0.0, "svf_proxy": 1.0, "suhii_night_ml": 2.25, "suhii_night_2031": 2.67, "suhii_night_2041": 3.43 }, "geometry": { "type": "Polygon", "coordinates": [ [ [ 73.949, 18.548 ], [ 73.949, 18.557 ], [ 73.94, 18.557 ], [ 73.94, 18.548 ], [ 73.949, 18.548 ] ] ] } },
{ "type": "Feature", "properties": { "cell_id": "P0374", "suhii_day": -1.75, "suhii_night": 2.57, "suhii_day_normalized": -1.75, "suhii_night_normalized": 2.57, "lst_day": 37.52, "lst_night": 25.94, "frac_built": 0.693, "frac_tree": 0.1, "frac_water": 0.0, "frac_crop": 0.048, "frac_grass": 0.055, "ndvi": 0.229, "ndbi": 0.02, "mndwi": -0.313, "albedo": 0.177, "building_height_mean": 0.0, "night_lights_mean": 0.0, "svf_proxy": 1.0, "suhii_night_ml": 2.57, "suhii_night_2031": 2.99, "suhii_night_2041": 3.75 }, "geometry": { "type": "Polygon", "coordinates": [ [ [ 73.949, 18.557 ], [ 73.949, 18.566 ], [ 73.94, 18.566 ], [ 73.94, 18.557 ], [ 73.949, 18.557 ] ] ] } },
{ "type": "Feature", "properties": { "cell_id": "P0375", "suhii_day": -0.05, "suhii_night": 1.8, "suhii_day_normalized": -0.05, "suhii_night_normalized": 1.8, "lst_day": 39.22, "lst_night": 25.17, "frac_built": 0.173, "frac_tree": 0.038, "frac_water": 0.02, "frac_crop": 0.214, "frac_grass": 0.331, "ndvi": 0.249, "ndbi": 0.046, "mndwi": -0.368, "albedo": 0.178, "building_height_mean": 0.0, "night_lights_mean": 0.0, "svf_proxy": 1.0, "suhii_night_ml": 1.8, "suhii_night_2031": 2.22, "suhii_night_2041": 2.98 }, "geometry": { "type": "Polygon", "coordinates": [ [ [ 73.949, 18.566 ], [ 73.949, 18.575 ], [ 73.94, 18.575 ], [ 73.94, 18.566 ], [ 73.949, 18.566 ] ] ] } },
{ "type": "Feature", "properties": { "cell_id": "P0376", "suhii_day": 0.96, "suhii_night": 1.58, "suhii_day_normalized": 0.96, "suhii_night_normalized": 1.58, "lst_day": 40.23, "lst_night": 24.95, "frac_built": 0.023, "frac_tree": 0.163, "frac_water": 0.0, "frac_crop": 0.233, "frac_grass": 0.385, "ndvi": 0.278, "ndbi": 0.083, "mndwi": -0.444, "albedo": 0.158, "building_height_mean": 0.0, "night_lights_mean": 0.0, "svf_proxy": 1.0, "suhii_night_ml": 1.58, "suhii_night_2031": 2.0, "suhii_night_2041": 2.76 }, "geometry": { "type": "Polygon", "coordinates": [ [ [ 73.949, 18.575 ], [ 73.949, 18.584 ], [ 73.94, 18.584 ], [ 73.94, 18.575 ], [ 73.949, 18.575 ] ] ] } },
{ "type": "Feature", "properties": { "cell_id": "P0377", "suhii_day": 1.17, "suhii_night": 1.03, "suhii_day_normalized": 1.17, "suhii_night_normalized": 1.03, "lst_day": 40.44, "lst_night": 24.4, "frac_built": 0.185, "frac_tree": 0.003, "frac_water": 0.0, "frac_crop": 0.203, "frac_grass": 0.477, "ndvi": 0.199, "ndbi": 0.132, "mndwi": -0.433, "albedo": 0.164, "building_height_mean": 0.0, "night_lights_mean": 0.0, "svf_proxy": 1.0, "suhii_night_ml": 1.03, "suhii_night_2031": 1.45, "suhii_night_2041": 2.21 }, "geometry": { "type": "Polygon", "coordinates": [ [ [ 73.949, 18.584 ], [ 73.949, 18.593 ], [ 73.94, 18.593 ], [ 73.94, 18.584 ], [ 73.949, 18.584 ] ] ] } },
{ "type": "Feature", "properties": { "cell_id": "P0378", "suhii_day": 0.47, "suhii_night": 0.51, "suhii_day_normalized": 0.47, "suhii_night_normalized": 0.51, "lst_day": 39.74, "lst_night": 23.88, "frac_built": 0.313, "frac_tree": 0.0, "frac_water": 0.0, "frac_crop": 0.26, "frac_grass": 0.407, "ndvi": 0.149, "ndbi": 0.093, "mndwi": -0.358, "albedo": 0.178, "building_height_mean": 0.0, "night_lights_mean": 0.0, "svf_proxy": 1.0, "suhii_night_ml": 0.51, "suhii_night_2031": 0.93, "suhii_night_2041": 1.69 }, "geometry": { "type": "Polygon", "coordinates": [ [ [ 73.949, 18.593 ], [ 73.949, 18.602 ], [ 73.94, 18.602 ], [ 73.94, 18.593 ], [ 73.949, 18.593 ] ] ] } },
{ "type": "Feature", "properties": { "cell_id": "P0379", "suhii_day": 1.43, "suhii_night": -2.03, "suhii_day_normalized": 1.43, "suhii_night_normalized": -2.03, "lst_day": 40.7, "lst_night": 21.34, "frac_built": 0.246, "frac_tree": 0.0, "frac_water": 0.0, "frac_crop": 0.456, "frac_grass": 0.257, "ndvi": 0.16, "ndbi": 0.096, "mndwi": -0.372, "albedo": 0.172, "building_height_mean": 0.0, "night_lights_mean": 0.0, "svf_proxy": 1.0, "suhii_night_ml": -2.03, "suhii_night_2031": -1.61, "suhii_night_2041": -0.85 }, "geometry": { "type": "Polygon", "coordinates": [ [ [ 73.958, 18.44 ], [ 73.958, 18.449 ], [ 73.949, 18.449 ], [ 73.949, 18.44 ], [ 73.958, 18.44 ] ] ] } },
{ "type": "Feature", "properties": { "cell_id": "P0380", "suhii_day": 0.54, "suhii_night": -1.2, "suhii_day_normalized": 0.54, "suhii_night_normalized": -1.2, "lst_day": 39.81, "lst_night": 22.17, "frac_built": 0.379, "frac_tree": 0.059, "frac_water": 0.0, "frac_crop": 0.452, "frac_grass": 0.09, "ndvi": 0.21, "ndbi": 0.066, "mndwi": -0.373, "albedo": 0.175, "building_height_mean": 0.0, "night_lights_mean": 0.0, "svf_proxy": 1.0, "suhii_night_ml": -1.2, "suhii_night_2031": -0.78, "suhii_night_2041": -0.02 }, "geometry": { "type": "Polygon", "coordinates": [ [ [ 73.958, 18.449 ], [ 73.958, 18.458 ], [ 73.949, 18.458 ], [ 73.949, 18.449 ], [ 73.958, 18.449 ] ] ] } },
{ "type": "Feature", "properties": { "cell_id": "P0381", "suhii_day": 0.88, "suhii_night": -0.55, "suhii_day_normalized": 0.88, "suhii_night_normalized": -0.55, "lst_day": 40.15, "lst_night": 22.82, "frac_built": 0.465, "frac_tree": 0.03, "frac_water": 0.0, "frac_crop": 0.155, "frac_grass": 0.265, "ndvi": 0.153, "ndbi": 0.094, "mndwi": -0.319, "albedo": 0.195, "building_height_mean": 0.0, "night_lights_mean": 0.0, "svf_proxy": 1.0, "suhii_night_ml": -0.55, "suhii_night_2031": -0.13, "suhii_night_2041": 0.63 }, "geometry": { "type": "Polygon", "coordinates": [ [ [ 73.958, 18.458 ], [ 73.958, 18.467 ], [ 73.949, 18.467 ], [ 73.949, 18.458 ], [ 73.958, 18.458 ] ] ] } },
{ "type": "Feature", "properties": { "cell_id": "P0382", "suhii_day": 1.49, "suhii_night": -0.27, "suhii_day_normalized": 1.49, "suhii_night_normalized": -0.27, "lst_day": 40.76, "lst_night": 23.1, "frac_built": 0.538, "frac_tree": 0.01, "frac_water": 0.0, "frac_crop": 0.08, "frac_grass": 0.29, "ndvi": 0.192, "ndbi": 0.113, "mndwi": -0.389, "albedo": 0.176, "building_height_mean": 0.0, "night_lights_mean": 0.0, "svf_proxy": 1.0, "suhii_night_ml": -0.27, "suhii_night_2031": 0.15, "suhii_night_2041": 0.91 }, "geometry": { "type": "Polygon", "coordinates": [ [ [ 73.958, 18.467 ], [ 73.958, 18.476 ], [ 73.949, 18.476 ], [ 73.949, 18.467 ], [ 73.958, 18.467 ] ] ] } },
{ "type": "Feature", "properties": { "cell_id": "P0383", "suhii_day": 0.04, "suhii_night": 1.14, "suhii_day_normalized": 0.04, "suhii_night_normalized": 1.14, "lst_day": 39.31, "lst_night": 24.51, "frac_built": 0.788, "frac_tree": 0.03, "frac_water": 0.0, "frac_crop": 0.055, "frac_grass": 0.052, "ndvi": 0.198, "ndbi": 0.046, "mndwi": -0.308, "albedo": 0.185, "building_height_mean": 0.0, "night_lights_mean": 0.0, "svf_proxy": 1.0, "suhii_night_ml": 1.14, "suhii_night_2031": 1.56, "suhii_night_2041": 2.32 }, "geometry": { "type": "Polygon", "coordinates": [ [ [ 73.958, 18.476 ], [ 73.958, 18.485 ], [ 73.949, 18.485 ], [ 73.949, 18.476 ], [ 73.958, 18.476 ] ] ] } },
{ "type": "Feature", "properties": { "cell_id": "P0384", "suhii_day": -1.25, "suhii_night": 2.85, "suhii_day_normalized": -1.25, "suhii_night_normalized": 2.85, "lst_day": 38.02, "lst_night": 26.22, "frac_built": 0.903, "frac_tree": 0.058, "frac_water": 0.0, "frac_crop": 0.0, "frac_grass": 0.01, "ndvi": 0.216, "ndbi": 0.031, "mndwi": -0.295, "albedo": 0.188, "building_height_mean": 0.0, "night_lights_mean": 0.0, "svf_proxy": 1.0, "suhii_night_ml": 2.85, "suhii_night_2031": 3.27, "suhii_night_2041": 4.03 }, "geometry": { "type": "Polygon", "coordinates": [ [ [ 73.958, 18.485 ], [ 73.958, 18.494 ], [ 73.949, 18.494 ], [ 73.949, 18.485 ], [ 73.958, 18.485 ] ] ] } },
{ "type": "Feature", "properties": { "cell_id": "P0385", "suhii_day": -1.95, "suhii_night": 2.43, "suhii_day_normalized": -1.95, "suhii_night_normalized": 2.43, "lst_day": 37.32, "lst_night": 25.8, "frac_built": 0.685, "frac_tree": 0.269, "frac_water": 0.01, "frac_crop": 0.031, "frac_grass": 0.003, "ndvi": 0.35, "ndbi": -0.043, "mndwi": -0.35, "albedo": 0.17, "building_height_mean": 0.0, "night_lights_mean": 0.0, "svf_proxy": 1.0, "suhii_night_ml": 2.43, "suhii_night_2031": 2.85, "suhii_night_2041": 3.61 }, "geometry": { "type": "Polygon", "coordinates": [ [ [ 73.958, 18.494 ], [ 73.958, 18.503 ], [ 73.949, 18.503 ], [ 73.949, 18.494 ], [ 73.958, 18.494 ] ] ] } },
{ "type": "Feature", "properties": { "cell_id": "P0386", "suhii_day": -1.99, "suhii_night": 3.53, "suhii_day_normalized": -1.99, "suhii_night_normalized": 3.53, "lst_day": 37.28, "lst_night": 26.9, "frac_built": 0.455, "frac_tree": 0.047, "frac_water": 0.0, "frac_crop": 0.295, "frac_grass": 0.182, "ndvi": 0.27, "ndbi": 0.024, "mndwi": -0.365, "albedo": 0.187, "building_height_mean": 0.0, "night_lights_mean": 0.0, "svf_proxy": 1.0, "suhii_night_ml": 3.53, "suhii_night_2031": 3.95, "suhii_night_2041": 4.71 }, "geometry": { "type": "Polygon", "coordinates": [ [ [ 73.958, 18.503 ], [ 73.958, 18.512 ], [ 73.949, 18.512 ], [ 73.949, 18.503 ], [ 73.958, 18.503 ] ] ] } },
{ "type": "Feature", "properties": { "cell_id": "P0387", "suhii_day": -2.06, "suhii_night": 4.33, "suhii_day_normalized": -2.06, "suhii_night_normalized": 4.33, "lst_day": 37.21, "lst_night": 27.7, "frac_built": 0.258, "frac_tree": 0.102, "frac_water": 0.0, "frac_crop": 0.526, "frac_grass": 0.03, "ndvi": 0.425, "ndbi": -0.056, "mndwi": -0.429, "albedo": 0.166, "building_height_mean": 0.0, "night_lights_mean": 0.0, "svf_proxy": 1.0, "suhii_night_ml": 4.33, "suhii_night_2031": 4.75, "suhii_night_2041": 5.51 }, "geometry": { "type": "Polygon", "coordinates": [ [ [ 73.958, 18.512 ], [ 73.958, 18.521 ], [ 73.949, 18.521 ], [ 73.949, 18.512 ], [ 73.958, 18.512 ] ] ] } },
{ "type": "Feature", "properties": { "cell_id": "P0388", "suhii_day": -1.87, "suhii_night": 1.12, "suhii_day_normalized": -1.87, "suhii_night_normalized": 1.12, "lst_day": 37.4, "lst_night": 24.49, "frac_built": 0.36, "frac_tree": 0.08, "frac_water": 0.0, "frac_crop": 0.475, "frac_grass": 0.02, "ndvi": 0.29, "ndbi": 0.014, "mndwi": -0.373, "albedo": 0.166, "building_height_mean": 0.0, "night_lights_mean": 0.0, "svf_proxy": 1.0, "suhii_night_ml": 1.12, "suhii_night_2031": 1.54, "suhii_night_2041": 2.3 }, "geometry": { "type": "Polygon", "coordinates": [ [ [ 73.958, 18.521 ], [ 73.958, 18.53 ], [ 73.949, 18.53 ], [ 73.949, 18.521 ], [ 73.958, 18.521 ] ] ] } },
{ "type": "Feature", "properties": { "cell_id": "P0389", "suhii_day": -1.67, "suhii_night": 1.56, "suhii_day_normalized": -1.67, "suhii_night_normalized": 1.56, "lst_day": 37.6, "lst_night": 24.93, "frac_built": 0.466, "frac_tree": 0.01, "frac_water": 0.0, "frac_crop": 0.392, "frac_grass": 0.077, "ndvi": 0.195, "ndbi": 0.071, "mndwi": -0.358, "albedo": 0.172, "building_height_mean": 0.0, "night_lights_mean": 0.0, "svf_proxy": 1.0, "suhii_night_ml": 1.56, "suhii_night_2031": 1.98, "suhii_night_2041": 2.74 }, "geometry": { "type": "Polygon", "coordinates": [ [ [ 73.958, 18.53 ], [ 73.958, 18.539 ], [ 73.949, 18.539 ], [ 73.949, 18.53 ], [ 73.958, 18.53 ] ] ] } },
{ "type": "Feature", "properties": { "cell_id": "P0390", "suhii_day": -2.31, "suhii_night": 1.16, "suhii_day_normalized": -2.31, "suhii_night_normalized": 1.16, "lst_day": 36.96, "lst_night": 24.53, "frac_built": 0.164, "frac_tree": 0.102, "frac_water": 0.102, "frac_crop": 0.124, "frac_grass": 0.172, "ndvi": 0.315, "ndbi": -0.026, "mndwi": -0.336, "albedo": 0.166, "building_height_mean": 0.0, "night_lights_mean": 0.0, "svf_proxy": 1.0, "suhii_night_ml": 1.16, "suhii_night_2031": 1.58, "suhii_night_2041": 2.34 }, "geometry": { "type": "Polygon", "coordinates": [ [ [ 73.958, 18.539 ], [ 73.958, 18.548 ], [ 73.949, 18.548 ], [ 73.949, 18.539 ], [ 73.958, 18.539 ] ] ] } },
{ "type": "Feature", "properties": { "cell_id": "P0391", "suhii_day": -2.75, "suhii_night": 0.54, "suhii_day_normalized": -2.75, "suhii_night_normalized": 0.54, "lst_day": 36.52, "lst_night": 23.91, "frac_built": 0.849, "frac_tree": 0.02, "frac_water": 0.0, "frac_crop": 0.013, "frac_grass": 0.042, "ndvi": 0.189, "ndbi": 0.038, "mndwi": -0.288, "albedo": 0.199, "building_height_mean": 0.0, "night_lights_mean": 0.0, "svf_proxy": 1.0, "suhii_night_ml": 0.54, "suhii_night_2031": 0.96, "suhii_night_2041": 1.72 }, "geometry": { "type": "Polygon", "coordinates": [ [ [ 73.958, 18.548 ], [ 73.958, 18.557 ], [ 73.949, 18.557 ], [ 73.949, 18.548 ], [ 73.958, 18.548 ] ] ] } },
{ "type": "Feature", "properties": { "cell_id": "P0392", "suhii_day": -1.57, "suhii_night": 1.52, "suhii_day_normalized": -1.57, "suhii_night_normalized": 1.52, "lst_day": 37.7, "lst_night": 24.89, "frac_built": 0.689, "frac_tree": 0.0, "frac_water": 0.0, "frac_crop": 0.072, "frac_grass": 0.127, "ndvi": 0.202, "ndbi": 0.034, "mndwi": -0.304, "albedo": 0.188, "building_height_mean": 0.0, "night_lights_mean": 0.0, "svf_proxy": 1.0, "suhii_night_ml": 1.52, "suhii_night_2031": 1.94, "suhii_night_2041": 2.7 }, "geometry": { "type": "Polygon", "coordinates": [ [ [ 73.958, 18.557 ], [ 73.958, 18.566 ], [ 73.949, 18.566 ], [ 73.949, 18.557 ], [ 73.958, 18.557 ] ] ] } },
{ "type": "Feature", "properties": { "cell_id": "P0393", "suhii_day": -0.2, "suhii_night": 0.63, "suhii_day_normalized": -0.2, "suhii_night_normalized": 0.63, "lst_day": 39.07, "lst_night": 24.0, "frac_built": 0.673, "frac_tree": 0.0, "frac_water": 0.0, "frac_crop": 0.087, "frac_grass": 0.182, "ndvi": 0.129, "ndbi": 0.071, "mndwi": -0.272, "albedo": 0.192, "building_height_mean": 0.0, "night_lights_mean": 0.0, "svf_proxy": 1.0, "suhii_night_ml": 0.63, "suhii_night_2031": 1.05, "suhii_night_2041": 1.81 }, "geometry": { "type": "Polygon", "coordinates": [ [ [ 73.958, 18.566 ], [ 73.958, 18.575 ], [ 73.949, 18.575 ], [ 73.949, 18.566 ], [ 73.958, 18.566 ] ] ] } },
{ "type": "Feature", "properties": { "cell_id": "P0394", "suhii_day": 1.23, "suhii_night": 1.81, "suhii_day_normalized": 1.23, "suhii_night_normalized": 1.81, "lst_day": 40.5, "lst_night": 25.18, "frac_built": 0.258, "frac_tree": 0.0, "frac_water": 0.0, "frac_crop": 0.319, "frac_grass": 0.394, "ndvi": 0.159, "ndbi": 0.089, "mndwi": -0.348, "albedo": 0.172, "building_height_mean": 0.0, "night_lights_mean": 0.0, "svf_proxy": 1.0, "suhii_night_ml": 1.81, "suhii_night_2031": 2.23, "suhii_night_2041": 2.99 }, "geometry": { "type": "Polygon", "coordinates": [ [ [ 73.958, 18.575 ], [ 73.958, 18.584 ], [ 73.949, 18.584 ], [ 73.949, 18.575 ], [ 73.958, 18.575 ] ] ] } },
{ "type": "Feature", "properties": { "cell_id": "P0395", "suhii_day": 2.02, "suhii_night": 1.37, "suhii_day_normalized": 2.02, "suhii_night_normalized": 1.37, "lst_day": 41.29, "lst_night": 24.74, "frac_built": 0.31, "frac_tree": 0.0, "frac_water": 0.0, "frac_crop": 0.415, "frac_grass": 0.245, "ndvi": 0.165, "ndbi": 0.084, "mndwi": -0.344, "albedo": 0.175, "building_height_mean": 0.0, "night_lights_mean": 0.0, "svf_proxy": 1.0, "suhii_night_ml": 1.37, "suhii_night_2031": 1.79, "suhii_night_2041": 2.55 }, "geometry": { "type": "Polygon", "coordinates": [ [ [ 73.958, 18.584 ], [ 73.958, 18.593 ], [ 73.949, 18.593 ], [ 73.949, 18.584 ], [ 73.958, 18.584 ] ] ] } },
{ "type": "Feature", "properties": { "cell_id": "P0396", "suhii_day": 2.05, "suhii_night": 0.51, "suhii_day_normalized": 2.05, "suhii_night_normalized": 0.51, "lst_day": 41.32, "lst_night": 23.88, "frac_built": 0.531, "frac_tree": 0.0, "frac_water": 0.0, "frac_crop": 0.276, "frac_grass": 0.184, "ndvi": 0.161, "ndbi": 0.085, "mndwi": -0.343, "albedo": 0.18, "building_height_mean": 0.0, "night_lights_mean": 0.0, "svf_proxy": 1.0, "suhii_night_ml": 0.51, "suhii_night_2031": 0.93, "suhii_night_2041": 1.69 }, "geometry": { "type": "Polygon", "coordinates": [ [ [ 73.958, 18.593 ], [ 73.958, 18.602 ], [ 73.949, 18.602 ], [ 73.949, 18.593 ], [ 73.958, 18.593 ] ] ] } },
{ "type": "Feature", "properties": { "cell_id": "P0397", "suhii_day": 1.85, "suhii_night": -1.38, "suhii_day_normalized": 1.85, "suhii_night_normalized": -1.38, "lst_day": 41.12, "lst_night": 21.99, "frac_built": 0.108, "frac_tree": 0.0, "frac_water": 0.0, "frac_crop": 0.429, "frac_grass": 0.425, "ndvi": 0.179, "ndbi": 0.096, "mndwi": -0.389, "albedo": 0.164, "building_height_mean": 0.0, "night_lights_mean": 0.0, "svf_proxy": 1.0, "suhii_night_ml": -1.38, "suhii_night_2031": -0.96, "suhii_night_2041": -0.2 }, "geometry": { "type": "Polygon", "coordinates": [ [ [ 73.967, 18.44 ], [ 73.967, 18.449 ], [ 73.958, 18.449 ], [ 73.958, 18.44 ], [ 73.967, 18.44 ] ] ] } },
{ "type": "Feature", "properties": { "cell_id": "P0398", "suhii_day": 0.71, "suhii_night": -1.06, "suhii_day_normalized": 0.71, "suhii_night_normalized": -1.06, "lst_day": 39.98, "lst_night": 22.31, "frac_built": 0.477, "frac_tree": 0.057, "frac_water": 0.0, "frac_crop": 0.384, "frac_grass": 0.072, "ndvi": 0.21, "ndbi": 0.052, "mndwi": -0.342, "albedo": 0.18, "building_height_mean": 0.0, "night_lights_mean": 0.0, "svf_proxy": 1.0, "suhii_night_ml": -1.06, "suhii_night_2031": -0.64, "suhii_night_2041": 0.12 }, "geometry": { "type": "Polygon", "coordinates": [ [ [ 73.967, 18.449 ], [ 73.967, 18.458 ], [ 73.958, 18.458 ], [ 73.958, 18.449 ], [ 73.967, 18.449 ] ] ] } },
{ "type": "Feature", "properties": { "cell_id": "P0399", "suhii_day": 0.82, "suhii_night": -0.66, "suhii_day_normalized": 0.82, "suhii_night_normalized": -0.66, "lst_day": 40.09, "lst_night": 22.71, "frac_built": 0.467, "frac_tree": 0.115, "frac_water": 0.0, "frac_crop": 0.323, "frac_grass": 0.062, "ndvi": 0.234, "ndbi": 0.034, "mndwi": -0.338, "albedo": 0.183, "building_height_mean": 0.0, "night_lights_mean": 0.0, "svf_proxy": 1.0, "suhii_night_ml": -0.66, "suhii_night_2031": -0.24, "suhii_night_2041": 0.52 }, "geometry": { "type": "Polygon", "coordinates": [ [ [ 73.967, 18.458 ], [ 73.967, 18.467 ], [ 73.958, 18.467 ], [ 73.958, 18.458 ], [ 73.967, 18.458 ] ] ] } },
{ "type": "Feature", "properties": { "cell_id": "P0400", "suhii_day": 1.36, "suhii_night": -0.36, "suhii_day_normalized": 1.36, "suhii_night_normalized": -0.36, "lst_day": 40.63, "lst_night": 23.01, "frac_built": 0.569, "frac_tree": 0.01, "frac_water": 0.0, "frac_crop": 0.271, "frac_grass": 0.082, "ndvi": 0.181, "ndbi": 0.075, "mndwi": -0.338, "albedo": 0.185, "building_height_mean": 0.0, "night_lights_mean": 0.0, "svf_proxy": 1.0, "suhii_night_ml": -0.36, "suhii_night_2031": 0.06, "suhii_night_2041": 0.82 }, "geometry": { "type": "Polygon", "coordinates": [ [ [ 73.967, 18.467 ], [ 73.967, 18.476 ], [ 73.958, 18.476 ], [ 73.958, 18.467 ], [ 73.967, 18.467 ] ] ] } },
{ "type": "Feature", "properties": { "cell_id": "P0401", "suhii_day": 0.44, "suhii_night": -0.18, "suhii_day_normalized": 0.44, "suhii_night_normalized": -0.18, "lst_day": 39.71, "lst_night": 23.19, "frac_built": 0.511, "frac_tree": 0.138, "frac_water": 0.0, "frac_crop": 0.218, "frac_grass": 0.028, "ndvi": 0.24, "ndbi": 0.018, "mndwi": -0.324, "albedo": 0.176, "building_height_mean": 0.0, "night_lights_mean": 0.0, "svf_proxy": 1.0, "suhii_night_ml": -0.18, "suhii_night_2031": 0.24, "suhii_night_2041": 1.0 }, "geometry": { "type": "Polygon", "coordinates": [ [ [ 73.967, 18.476 ], [ 73.967, 18.485 ], [ 73.958, 18.485 ], [ 73.958, 18.476 ], [ 73.967, 18.476 ] ] ] } },
{ "type": "Feature", "properties": { "cell_id": "P0402", "suhii_day": -1.22, "suhii_night": -0.68, "suhii_day_normalized": -1.22, "suhii_night_normalized": -0.68, "lst_day": 38.05, "lst_night": 22.69, "frac_built": 0.289, "frac_tree": 0.377, "frac_water": 0.0, "frac_crop": 0.105, "frac_grass": 0.038, "ndvi": 0.385, "ndbi": -0.035, "mndwi": -0.409, "albedo": 0.166, "building_height_mean": 0.0, "night_lights_mean": 0.0, "svf_proxy": 1.0, "suhii_night_ml": -0.68, "suhii_night_2031": -0.26, "suhii_night_2041": 0.5 }, "geometry": { "type": "Polygon", "coordinates": [ [ [ 73.967, 18.485 ], [ 73.967, 18.494 ], [ 73.958, 18.494 ], [ 73.958, 18.485 ], [ 73.967, 18.485 ] ] ] } },
{ "type": "Feature", "properties": { "cell_id": "P0403", "suhii_day": -1.64, "suhii_night": 0.85, "suhii_day_normalized": -1.64, "suhii_night_normalized": 0.85, "lst_day": 37.63, "lst_night": 24.22, "frac_built": 0.494, "frac_tree": 0.123, "frac_water": 0.0, "frac_crop": 0.243, "frac_grass": 0.08, "ndvi": 0.308, "ndbi": -0.001, "mndwi": -0.372, "albedo": 0.174, "building_height_mean": 0.0, "night_lights_mean": 0.0, "svf_proxy": 1.0, "suhii_night_ml": 0.85, "suhii_night_2031": 1.27, "suhii_night_2041": 2.03 }, "geometry": { "type": "Polygon", "coordinates": [ [ [ 73.967, 18.494 ], [ 73.967, 18.503 ], [ 73.958, 18.503 ], [ 73.958, 18.494 ], [ 73.967, 18.494 ] ] ] } },
{ "type": "Feature", "properties": { "cell_id": "P0404", "suhii_day": -1.21, "suhii_night": 2.98, "suhii_day_normalized": -1.21, "suhii_night_normalized": 2.98, "lst_day": 38.06, "lst_night": 26.35, "frac_built": 0.614, "frac_tree": 0.012, "frac_water": 0.0, "frac_crop": 0.308, "frac_grass": 0.046, "ndvi": 0.223, "ndbi": 0.022, "mndwi": -0.317, "albedo": 0.194, "building_height_mean": 0.0, "night_lights_mean": 0.0, "svf_proxy": 1.0, "suhii_night_ml": 2.98, "suhii_night_2031": 3.4, "suhii_night_2041": 4.16 }, "geometry": { "type": "Polygon", "coordinates": [ [ [ 73.967, 18.503 ], [ 73.967, 18.512 ], [ 73.958, 18.512 ], [ 73.958, 18.503 ], [ 73.967, 18.503 ] ] ] } },
{ "type": "Feature", "properties": { "cell_id": "P0405", "suhii_day": -1.34, "suhii_night": 3.47, "suhii_day_normalized": -1.34, "suhii_night_normalized": 3.47, "lst_day": 37.93, "lst_night": 26.84, "frac_built": 0.455, "frac_tree": 0.02, "frac_water": 0.0, "frac_crop": 0.452, "frac_grass": 0.009, "ndvi": 0.268, "ndbi": 0.008, "mndwi": -0.344, "albedo": 0.172, "building_height_mean": 0.0, "night_lights_mean": 0.0, "svf_proxy": 1.0, "suhii_night_ml": 3.47, "suhii_night_2031": 3.89, "suhii_night_2041": 4.65 }, "geometry": { "type": "Polygon", "coordinates": [ [ [ 73.967, 18.512 ], [ 73.967, 18.521 ], [ 73.958, 18.521 ], [ 73.958, 18.512 ], [ 73.967, 18.512 ] ] ] } },
{ "type": "Feature", "properties": { "cell_id": "P0406", "suhii_day": -1.17, "suhii_night": 6.26, "suhii_day_normalized": -1.17, "suhii_night_normalized": 6.26, "lst_day": 38.1, "lst_night": 29.63, "frac_built": 0.578, "frac_tree": 0.02, "frac_water": 0.0, "frac_crop": 0.32, "frac_grass": 0.02, "ndvi": 0.206, "ndbi": 0.031, "mndwi": -0.305, "albedo": 0.189, "building_height_mean": 0.0, "night_lights_mean": 0.0, "svf_proxy": 1.0, "suhii_night_ml": 6.26, "suhii_night_2031": 6.68, "suhii_night_2041": 7.44 }, "geometry": { "type": "Polygon", "coordinates": [ [ [ 73.967, 18.521 ], [ 73.967, 18.53 ], [ 73.958, 18.53 ], [ 73.958, 18.521 ], [ 73.967, 18.521 ] ] ] } },
{ "type": "Feature", "properties": { "cell_id": "P0407", "suhii_day": -1.05, "suhii_night": 2.83, "suhii_day_normalized": -1.05, "suhii_night_normalized": 2.83, "lst_day": 38.22, "lst_night": 26.2, "frac_built": 0.169, "frac_tree": 0.031, "frac_water": 0.0, "frac_crop": 0.253, "frac_grass": 0.277, "ndvi": 0.256, "ndbi": 0.103, "mndwi": -0.438, "albedo": 0.159, "building_height_mean": 0.0, "night_lights_mean": 0.0, "svf_proxy": 1.0, "suhii_night_ml": 2.83, "suhii_night_2031": 3.25, "suhii_night_2041": 4.01 }, "geometry": { "type": "Polygon", "coordinates": [ [ [ 73.967, 18.53 ], [ 73.967, 18.539 ], [ 73.958, 18.539 ], [ 73.958, 18.53 ], [ 73.967, 18.53 ] ] ] } },
{ "type": "Feature", "properties": { "cell_id": "P0408", "suhii_day": -2.01, "suhii_night": 0.57, "suhii_day_normalized": -2.01, "suhii_night_normalized": 0.57, "lst_day": 37.26, "lst_night": 23.94, "frac_built": 0.086, "frac_tree": 0.079, "frac_water": 0.14, "frac_crop": 0.051, "frac_grass": 0.39, "ndvi": 0.292, "ndbi": 0.047, "mndwi": -0.395, "albedo": 0.147, "building_height_mean": 0.0, "night_lights_mean": 0.0, "svf_proxy": 1.0, "suhii_night_ml": 0.57, "suhii_night_2031": 0.99, "suhii_night_2041": 1.75 }, "geometry": { "type": "Polygon", "coordinates": [ [ [ 73.967, 18.539 ], [ 73.967, 18.548 ], [ 73.958, 18.548 ], [ 73.958, 18.539 ], [ 73.967, 18.539 ] ] ] } },
{ "type": "Feature", "properties": { "cell_id": "P0409", "suhii_day": -1.77, "suhii_night": 0.26, "suhii_day_normalized": -1.77, "suhii_night_normalized": 0.26, "lst_day": 37.5, "lst_night": 23.63, "frac_built": 0.486, "frac_tree": 0.096, "frac_water": 0.012, "frac_crop": 0.018, "frac_grass": 0.17, "ndvi": 0.219, "ndbi": 0.015, "mndwi": -0.309, "albedo": 0.188, "building_height_mean": 0.0, "night_lights_mean": 0.0, "svf_proxy": 1.0, "suhii_night_ml": 0.26, "suhii_night_2031": 0.68, "suhii_night_2041": 1.44 }, "geometry": { "type": "Polygon", "coordinates": [ [ [ 73.967, 18.548 ], [ 73.967, 18.557 ], [ 73.958, 18.557 ], [ 73.958, 18.548 ], [ 73.967, 18.548 ] ] ] } },
{ "type": "Feature", "properties": { "cell_id": "P0410", "suhii_day": -0.84, "suhii_night": 0.29, "suhii_day_normalized": -0.84, "suhii_night_normalized": 0.29, "lst_day": 38.43, "lst_night": 23.66, "frac_built": 0.27, "frac_tree": 0.098, "frac_water": 0.008, "frac_crop": 0.012, "frac_grass": 0.32, "ndvi": 0.165, "ndbi": 0.046, "mndwi": -0.289, "albedo": 0.192, "building_height_mean": 0.0, "night_lights_mean": 0.0, "svf_proxy": 1.0, "suhii_night_ml": 0.29, "suhii_night_2031": 0.71, "suhii_night_2041": 1.47 }, "geometry": { "type": "Polygon", "coordinates": [ [ [ 73.967, 18.557 ], [ 73.967, 18.566 ], [ 73.958, 18.566 ], [ 73.958, 18.557 ], [ 73.967, 18.557 ] ] ] } },
{ "type": "Feature", "properties": { "cell_id": "P0411", "suhii_day": 0.06, "suhii_night": 0.23, "suhii_day_normalized": 0.06, "suhii_night_normalized": 0.23, "lst_day": 39.33, "lst_night": 23.6, "frac_built": 0.553, "frac_tree": 0.006, "frac_water": 0.0, "frac_crop": 0.073, "frac_grass": 0.279, "ndvi": 0.169, "ndbi": 0.053, "mndwi": -0.316, "albedo": 0.184, "building_height_mean": 0.0, "night_lights_mean": 0.0, "svf_proxy": 1.0, "suhii_night_ml": 0.23, "suhii_night_2031": 0.65, "suhii_night_2041": 1.41 }, "geometry": { "type": "Polygon", "coordinates": [ [ [ 73.967, 18.566 ], [ 73.967, 18.575 ], [ 73.958, 18.575 ], [ 73.958, 18.566 ], [ 73.967, 18.566 ] ] ] } },
{ "type": "Feature", "properties": { "cell_id": "P0412", "suhii_day": 1.41, "suhii_night": 1.54, "suhii_day_normalized": 1.41, "suhii_night_normalized": 1.54, "lst_day": 40.68, "lst_night": 24.91, "frac_built": 0.406, "frac_tree": 0.01, "frac_water": 0.0, "frac_crop": 0.1, "frac_grass": 0.441, "ndvi": 0.194, "ndbi": 0.085, "mndwi": -0.37, "albedo": 0.171, "building_height_mean": 0.0, "night_lights_mean": 0.0, "svf_proxy": 1.0, "suhii_night_ml": 1.54, "suhii_night_2031": 1.96, "suhii_night_2041": 2.72 }, "geometry": { "type": "Polygon", "coordinates": [ [ [ 73.967, 18.575 ], [ 73.967, 18.584 ], [ 73.958, 18.584 ], [ 73.958, 18.575 ], [ 73.967, 18.575 ] ] ] } },
{ "type": "Feature", "properties": { "cell_id": "P0413", "suhii_day": 1.71, "suhii_night": 0.72, "suhii_day_normalized": 1.71, "suhii_night_normalized": 0.72, "lst_day": 40.98, "lst_night": 24.09, "frac_built": 0.157, "frac_tree": 0.02, "frac_water": 0.0, "frac_crop": 0.427, "frac_grass": 0.33, "ndvi": 0.219, "ndbi": 0.072, "mndwi": -0.397, "albedo": 0.168, "building_height_mean": 0.0, "night_lights_mean": 0.0, "svf_proxy": 1.0, "suhii_night_ml": 0.72, "suhii_night_2031": 1.14, "suhii_night_2041": 1.9 }, "geometry": { "type": "Polygon", "coordinates": [ [ [ 73.967, 18.584 ], [ 73.967, 18.593 ], [ 73.958, 18.593 ], [ 73.958, 18.584 ], [ 73.967, 18.584 ] ] ] } },
{ "type": "Feature", "properties": { "cell_id": "P0414", "suhii_day": 2.09, "suhii_night": 0.31, "suhii_day_normalized": 2.09, "suhii_night_normalized": 0.31, "lst_day": 41.36, "lst_night": 23.68, "frac_built": 0.191, "frac_tree": 0.0, "frac_water": 0.0, "frac_crop": 0.489, "frac_grass": 0.273, "ndvi": 0.168, "ndbi": 0.092, "mndwi": -0.365, "albedo": 0.174, "building_height_mean": 0.0, "night_lights_mean": 0.0, "svf_proxy": 1.0, "suhii_night_ml": 0.31, "suhii_night_2031": 0.73, "suhii_night_2041": 1.49 }, "geometry": { "type": "Polygon", "coordinates": [ [ [ 73.967, 18.593 ], [ 73.967, 18.602 ], [ 73.958, 18.602 ], [ 73.958, 18.593 ], [ 73.967, 18.593 ] ] ] } }
]
}
