{
"type": "FeatureCollection",
"name": "pune_grid",
"crs": { "type": "name", "properties": { "name": "urn:ogc:def:crs:OGC:1.3:CRS84" } },
"features": [
{ "type": "Feature", "properties": { "cell_id": "P0001" }, "geometry": { "type": "Polygon", "coordinates": [ [ [ 73.739, 18.4 ], [ 73.739, 18.409 ], [ 73.73, 18.409 ], [ 73.73, 18.4 ], [ 73.739, 18.4 ] ] ] } },
{ "type": "Feature", "properties": { "cell_id": "P1001" }, "geometry": { "type": "Polygon", "coordinates": [ [ [ 73.739, 18.409 ], [ 73.739, 18.418 ], [ 73.73, 18.418 ], [ 73.73, 18.409 ], [ 73.739, 18.409 ] ] ] } },
{ "type": "Feature", "properties": { "cell_id": "P1002" }, "geometry": { "type": "Polygon", "coordinates": [ [ [ 73.739, 18.418 ], [ 73.739, 18.427 ], [ 73.73, 18.427 ], [ 73.73, 18.418 ], [ 73.739, 18.418 ] ] ] } },
{ "type": "Feature", "properties": { "cell_id": "P1003" }, "geometry": { "type": "Polygon", "coordinates": [ [ [ 73.739, 18.427 ], [ 73.739, 18.436 ], [ 73.73, 18.436 ], [ 73.73, 18.427 ], [ 73.739, 18.427 ] ] ] } },
{ "type": "Feature", "properties": { "cell_id": "P1004" }, "geometry": { "type": "Polygon", "coordinates": [ [ [ 73.739, 18.436 ], [ 73.739, 18.445 ], [ 73.73, 18.445 ], [ 73.73, 18.436 ], [ 73.739, 18.436 ] ] ] } },
{ "type": "Feature", "properties": { "cell_id": "P1005" }, "geometry": { "type": "Polygon", "coordinates": [ [ [ 73.739, 18.445 ], [ 73.739, 18.454 ], [ 73.73, 18.454 ], [ 73.73, 18.445 ], [ 73.739, 18.445 ] ] ] } },
{ "type": "Feature", "properties": { "cell_id": "P1006" }, "geometry": { "type": "Polygon", "coordinates": [ [ [ 73.739, 18.454 ], [ 73.739, 18.463 ], [ 73.73, 18.463 ], [ 73.73, 18.454 ], [ 73.739, 18.454 ] ] ] } },
{ "type": "Feature", "properties": { "cell_id": "P1007" }, "geometry": { "type": "Polygon", "coordinates": [ [ [ 73.739, 18.463 ], [ 73.739, 18.472 ], [ 73.73, 18.472 ], [ 73.73, 18.463 ], [ 73.739, 18.463 ] ] ] } },
{ "type": "Feature", "properties": { "cell_id": "P1008" }, "geometry": { "type": "Polygon", "coordinates": [ [ [ 73.739, 18.472 ], [ 73.739, 18.481 ], [ 73.73, 18.481 ], [ 73.73, 18.472 ], [ 73.739, 18.472 ] ] ] } },
{ "type": "Feature", "properties": { "cell_id": "P1009" }, "geometry": { "type": "Polygon", "coordinates": [ [ [ 73.739, 18.481 ], [ 73.739, 18.49 ], [ 73.73, 18.49 ], [ 73.73, 18.481 ], [ 73.739, 18.481 ] ] ] } },
{ "type": "Feature", "properties": { "cell_id": "P1010" }, "geometry": { "type": "Polygon", "coordinates": [ [ [ 73.739, 18.49 ], [ 73.739, 18.499 ], [ 73.73, 18.499 ], [ 73.73, 18.49 ], [ 73.739, 18.49 ] ] ] } },
{ "type": "Feature", "properties": { "cell_id": "P1011" }, "geometry": { "type": "Polygon", "coordinates": [ [ [ 73.739, 18.499 ], [ 73.739, 18.508 ], [ 73.73, 18.508 ], [ 73.73, 18.499 ], [ 73.739, 18.499 ] ] ] } },
{ "type": "Feature", "properties": { "cell_id": "P1012" }, "geometry": { "type": "Polygon", "coordinates": [ [ [ 73.739, 18.508 ], [ 73.739, 18.517 ], [ 73.73, 18.517 ], [ 73.73, 18.508 ], [ 73.739, 18.508 ] ] ] } },
{ "type": "Feature", "properties": { "cell_id": "P1013" }, "geometry": { "type": "Polygon", "coordinates": [ [ [ 73.739, 18.517 ], [ 73.739, 18.526 ], [ 73.73, 18.526 ], [ 73.73, 18.517 ], [ 73.739, 18.517 ] ] ] } },
{ "type": "Feature", "properties": { "cell_id": "P1014" }, "geometry": { "type": "Polygon", "coordinates": [ [ [ 73.739, 18.526 ], [ 73.739, 18.535 ], [ 73.73, 18.535 ], [ 73.73, 18.526 ], [ 73.739, 18.526 ] ] ] } },
{ "type": "Feature", "properties": { "cell_id": "P1015" }, "geometry": { "type": "Polygon", "coordinates": [ [ [ 73.739, 18.535 ], [ 73.739, 18.544 ], [ 73.73, 18.544 ], [ 73.73, 18.535 ], [ 73.739, 18.535 ] ] ] } },
{ "type": "Feature", "properties": { "cell_id": "P1016" }, "geometry": { "type": "Polygon", "coordinates": [ [ [ 73.739, 18.544 ], [ 73.739, 18.553 ], [ 73.73, 18.553 ], [ 73.73, 18.544 ], [ 73.739, 18.544 ] ] ] } },
{ "type": "Feature", "properties": { "cell_id": "P1017" }, "geometry": { "type": "Polygon", "coordinates": [ [ [ 73.739, 18.553 ], [ 73.739, 18.562 ], [ 73.73, 18.562 ], [ 73.73, 18.553 ], [ 73.739, 18.553 ] ] ] } },
{ "type": "Feature", "properties": { "cell_id": "P1018" }, "geometry": { "type": "Polygon", "coordinates": [ [ [ 73.739, 18.562 ], [ 73.739, 18.571 ], [ 73.73, 18.571 ], [ 73.73, 18.562 ], [ 73.739, 18.562 ] ] ] } },
{ "type": "Feature", "properties": { "cell_id": "P1019" }, "geometry": { "type": "Polygon", "coordinates": [ [ [ 73.739, 18.571 ], [ 73.739, 18.58 ], [ 73.73, 18.58 ], [ 73.73, 18.571 ], [ 73.739, 18.571 ] ] ] } },
{ "type": "Feature", "properties": { "cell_id": "P1020" }, "geometry": { "type": "Polygon", "coordinates": [ [ [ 73.739, 18.58 ], [ 73.739, 18.589 ], [ 73.73, 18.589 ], [ 73.73, 18.58 ], [ 73.739, 18.58 ] ] ] } },
{ "type": "Feature", "properties": { "cell_id": "P1021" }, "geometry": { "type": "Polygon", "coordinates": [ [ [ 73.739, 18.589 ], [ 73.739, 18.598 ], [ 73.73, 18.598 ], [ 73.73, 18.589 ], [ 73.739, 18.589 ] ] ] } },
{ "type": "Feature", "properties": { "cell_id": "P1022" }, "geometry": { "type": "Polygon", "coordinates": [ [ [ 73.739, 18.598 ], [ 73.739, 18.607 ], [ 73.73, 18.607 ], [ 73.73, 18.598 ], [ 73.739, 18.598 ] ] ] } },
{ "type": "Feature", "properties": { "cell_id": "P1023" }, "geometry": { "type": "Polygon", "coordinates": [ [ [ 73.739, 18.607 ], [ 73.739, 18.616 ], [ 73.73, 18.616 ], [ 73.73, 18.607 ], [ 73.739, 18.607 ] ] ] } },
{ "type": "Feature", "properties": { "cell_id": "P1024" }, "geometry": { "type": "Polygon", "coordinates": [ [ [ 73.739, 18.616 ], [ 73.739, 18.625 ], [ 73.73, 18.625 ], [ 73.73, 18.616 ], [ 73.739, 18.616 ] ] ] } },
{ "type": "Feature", "properties": { "cell_id": "P1025" }, "geometry": { "type": "Polygon", "coordinates": [ [ [ 73.739, 18.625 ], [ 73.739, 18.634 ], [ 73.73, 18.634 ], [ 73.73, 18.625 ], [ 73.739, 18.625 ] ] ] } },
{ "type": "Feature", "properties": { "cell_id": "P1026" }, "geometry": { "type": "Polygon", "coordinates": [ [ [ 73.739, 18.634 ], [ 73.739, 18.643 ], [ 73.73, 18.643 ], [ 73.73, 18.634 ], [ 73.739, 18.634 ] ] ] } },
{ "type": "Feature", "properties": { "cell_id": "P1027" }, "geometry": { "type": "Polygon", "coordinates": [ [ [ 73.748, 18.4 ], [ 73.748, 18.409 ], [ 73.739, 18.409 ], [ 73.739, 18.4 ], [ 73.748, 18.4 ] ] ] } },
{ "type": "Feature", "properties": { "cell_id": "P1028" }, "geometry": { "type": "Polygon", "coordinates": [ [ [ 73.748, 18.409 ], [ 73.748, 18.418 ], [ 73.739, 18.418 ], [ 73.739, 18.409 ], [ 73.748, 18.409 ] ] ] } },
{ "type": "Feature", "properties": { "cell_id": "P1029" }, "geometry": { "type": "Polygon", "coordinates": [ [ [ 73.748, 18.418 ], [ 73.748, 18.427 ], [ 73.739, 18.427 ], [ 73.739, 18.418 ], [ 73.748, 18.418 ] ] ] } },
{ "type": "Feature", "properties": { "cell_id": "P1030" }, "geometry": { "type": "Polygon", "coordinates": [ [ [ 73.748, 18.427 ], [ 73.748, 18.436 ], [ 73.739, 18.436 ], [ 73.739, 18.427 ], [ 73.748, 18.427 ] ] ] } },
{ "type": "Feature", "properties": { "cell_id": "P1031" }, "geometry": { "type": "Polygon", "coordinates": [ [ [ 73.748, 18.436 ], [ 73.748, 18.445 ], [ 73.739, 18.445 ], [ 73.739, 18.436 ], [ 73.748, 18.436 ] ] ] } },
{ "type": "Feature", "properties": { "cell_id": "P1032" }, "geometry": { "type": "Polygon", "coordinates": [ [ [ 73.748, 18.445 ], [ 73.748, 18.454 ], [ 73.739, 18.454 ], [ 73.739, 18.445 ], [ 73.748, 18.445 ] ] ] } },
{ "type": "Feature", "properties": { "cell_id": "P1033" }, "geometry": { "type": "Polygon", "coordinates": [ [ [ 73.748, 18.454 ], [ 73.748, 18.463 ], [ 73.739, 18.463 ], [ 73.739, 18.454 ], [ 73.748, 18.454 ] ] ] } },
{ "type": "Feature", "properties": { "cell_id": "P1034" }, "geometry": { "type": "Polygon", "coordinates": [ [ [ 73.748, 18.463 ], [ 73.748, 18.472 ], [ 73.739, 18.472 ], [ 73.739, 18.463 ], [ 73.748, 18.463 ] ] ] } },
{ "type": "Feature", "properties": { "cell_id": "P1035" }, "geometry": { "type": "Polygon", "coordinates": [ [ [ 73.748, 18.472 ], [ 73.748, 18.481 ], [ 73.739, 18.481 ], [ 73.739, 18.472 ], [ 73.748, 18.472 ] ] ] } },
{ "type": "Feature", "properties": { "cell_id": "P1036" }, "geometry": { "type": "Polygon", "coordinates": [ [ [ 73.748, 18.481 ], [ 73.748, 18.49 ], [ 73.739, 18.49 ], [ 73.739, 18.481 ], [ 73.748, 18.481 ] ] ] } },
{ "type": "Feature", "properties": { "cell_id": "P1037" }, "geometry": { "type": "Polygon", "coordinates": [ [ [ 73.748, 18.49 ], [ 73.748, 18.499 ], [ 73.739, 18.499 ], [ 73.739, 18.49 ], [ 73.748, 18.49 ] ] ] } },
{ "type": "Feature", "properties": { "cell_id": "P1038" }, "geometry": { "type": "Polygon", "coordinates": [ [ [ 73.748, 18.499 ], [ 73.748, 18.508 ], [ 73.739, 18.508 ], [ 73.739, 18.499 ], [ 73.748, 18.499 ] ] ] } },
{ "type": "Feature", "properties": { "cell_id": "P1039" }, "geometry": { "type": "Polygon", "coordinates": [ [ [ 73.748, 18.508 ], [ 73.748, 18.517 ], [ 73.739, 18.517 ], [ 73.739, 18.508 ], [ 73.748, 18.508 ] ] ] } },
{ "type": "Feature", "properties": { "cell_id": "P1040" }, "geometry": { "type": "Polygon", "coordinates": [ [ [ 73.748, 18.517 ], [ 73.748, 18.526 ], [ 73.739, 18.526 ], [ 73.739, 18.517 ], [ 73.748, 18.517 ] ] ] } },
{ "type": "Feature", "properties": { "cell_id": "P1041" }, "geometry": { "type": "Polygon", "coordinates": [ [ [ 73.748, 18.526 ], [ 73.748, 18.535 ], [ 73.739, 18.535 ], [ 73.739, 18.526 ], [ 73.748, 18.526 ] ] ] } },
{ "type": "Feature", "properties": { "cell_id": "P1042" }, "geometry": { "type": "Polygon", "coordinates": [ [ [ 73.748, 18.535 ], [ 73.748, 18.544 ], [ 73.739, 18.544 ], [ 73.739, 18.535 ], [ 73.748, 18.535 ] ] ] } },
{ "type": "Feature", "properties": { "cell_id": "P1043" }, "geometry": { "type": "Polygon", "coordinates": [ [ [ 73.748, 18.544 ], [ 73.748, 18.553 ], [ 73.739, 18.553 ], [ 73.739, 18.544 ], [ 73.748, 18.544 ] ] ] } },
{ "type": "Feature", "properties": { "cell_id": "P1044" }, "geometry": { "type": "Polygon", "coordinates": [ [ [ 73.748, 18.553 ], [ 73.748, 18.562 ], [ 73.739, 18.562 ], [ 73.739, 18.553 ], [ 73.748, 18.553 ] ] ] } },
{ "type": "Feature", "properties": { "cell_id": "P1045" }, "geometry": { "type": "Polygon", "coordinates": [ [ [ 73.748, 18.562 ], [ 73.748, 18.571 ], [ 73.739, 18.571 ], [ 73.739, 18.562 ], [ 73.748, 18.562 ] ] ] } },
{ "type": "Feature", "properties": { "cell_id": "P1046" }, "geometry": { "type": "Polygon", "coordinates": [ [ [ 73.748, 18.571 ], [ 73.748, 18.58 ], [ 73.739, 18.58 ], [ 73.739, 18.571 ], [ 73.748, 18.571 ] ] ] } },
{ "type": "Feature", "properties": { "cell_id": "P1047" }, "geometry": { "type": "Polygon", "coordinates": [ [ [ 73.748, 18.58 ], [ 73.748, 18.589 ], [ 73.739, 18.589 ], [ 73.739, 18.58 ], [ 73.748, 18.58 ] ] ] } },
{ "type": "Feature", "properties": { "cell_id": "P1048" }, "geometry": { "type": "Polygon", "coordinates": [ [ [ 73.748, 18.589 ], [ 73.748, 18.598 ], [ 73.739, 18.598 ], [ 73.739, 18.589 ], [ 73.748, 18.589 ] ] ] } },
{ "type": "Feature", "properties": { "cell_id": "P1049" }, "geometry": { "type": "Polygon", "coordinates": [ [ [ 73.748, 18.598 ], [ 73.748, 18.607 ], [ 73.739, 18.607 ], [ 73.739, 18.598 ], [ 73.748, 18.598 ] ] ] } },
{ "type": "Feature", "properties": { "cell_id": "P1050" }, "geometry": { "type": "Polygon", "coordinates": [ [ [ 73.748, 18.607 ], [ 73.748, 18.616 ], [ 73.739, 18.616 ], [ 73.739, 18.607 ], [ 73.748, 18.607 ] ] ] } },
{ "type": "Feature", "properties": { "cell_id": "P1051" }, "geometry": { "type": "Polygon", "coordinates": [ [ [ 73.748, 18.616 ], [ 73.748, 18.625 ], [ 73.739, 18.625 ], [ 73.739, 18.616 ], [ 73.748, 18.616 ] ] ] } },
{ "type": "Feature", "properties": { "cell_id": "P1052" }, "geometry": { "type": "Polygon", "coordinates": [ [ [ 73.748, 18.625 ], [ 73.748, 18.634 ], [ 73.739, 18.634 ], [ 73.739, 18.625 ], [ 73.748, 18.625 ] ] ] } },
{ "type": "Feature", "properties": { "cell_id": "P1053" }, "geometry": { "type": "Polygon", "coordinates": [ [ [ 73.748, 18.634 ], [ 73.748, 18.643 ], [ 73.739, 18.643 ], [ 73.739, 18.634 ], [ 73.748, 18.634 ] ] ] } },
{ "type": "Feature", "properties": { "cell_id": "P1054" }, "geometry": { "type": "Polygon", "coordinates": [ [ [ 73.757, 18.4 ], [ 73.757, 18.409 ], [ 73.748, 18.409 ], [ 73.748, 18.4 ], [ 73.757, 18.4 ] ] ] } },
{ "type": "Feature", "properties": { "cell_id": "P1055" }, "geometry": { "type": "Polygon", "coordinates": [ [ [ 73.757, 18.409 ], [ 73.757, 18.418 ], [ 73.748, 18.418 ], [ 73.748, 18.409 ], [ 73.757, 18.409 ] ] ] } },
{ "type": "Feature", "properties": { "cell_id": "P1056" }, "geometry": { "type": "Polygon", "coordinates": [ [ [ 73.757, 18.418 ], [ 73.757, 18.427 ], [ 73.748, 18.427 ], [ 73.748, 18.418 ], [ 73.757, 18.418 ] ] ] } },
{ "type": "Feature", "properties": { "cell_id": "P1057" }, "geometry": { "type": "Polygon", "coordinates": [ [ [ 73.757, 18.427 ], [ 73.757, 18.436 ], [ 73.748, 18.436 ], [ 73.748, 18.427 ], [ 73.757, 18.427 ] ] ] } },
{ "type": "Feature", "properties": { "cell_id": "P1058" }, "geometry": { "type": "Polygon", "coordinates": [ [ [ 73.757, 18.436 ], [ 73.757, 18.445 ], [ 73.748, 18.445 ], [ 73.748, 18.436 ], [ 73.757, 18.436 ] ] ] } },
{ "type": "Feature", "properties": { "cell_id": "P1059" }, "geometry": { "type": "Polygon", "coordinates": [ [ [ 73.757, 18.445 ], [ 73.757, 18.454 ], [ 73.748, 18.454 ], [ 73.748, 18.445 ], [ 73.757, 18.445 ] ] ] } },
{ "type": "Feature", "properties": { "cell_id": "P1060" }, "geometry": { "type": "Polygon", "coordinates": [ [ [ 73.757, 18.454 ], [ 73.757, 18.463 ], [ 73.748, 18.463 ], [ 73.748, 18.454 ], [ 73.757, 18.454 ] ] ] } },
{ "type": "Feature", "properties": { "cell_id": "P1061" }, "geometry": { "type": "Polygon", "coordinates": [ [ [ 73.757, 18.463 ], [ 73.757, 18.472 ], [ 73.748, 18.472 ], [ 73.748, 18.463 ], [ 73.757, 18.463 ] ] ] } },
{ "type": "Feature", "properties": { "cell_id": "P1062" }, "geometry": { "type": "Polygon", "coordinates": [ [ [ 73.757, 18.472 ], [ 73.757, 18.481 ], [ 73.748, 18.481 ], [ 73.748, 18.472 ], [ 73.757, 18.472 ] ] ] } },
{ "type": "Feature", "properties": { "cell_id": "P1063" }, "geometry": { "type": "Polygon", "coordinates": [ [ [ 73.757, 18.481 ], [ 73.757, 18.49 ], [ 73.748, 18.49 ], [ 73.748, 18.481 ], [ 73.757, 18.481 ] ] ] } },
{ "type": "Feature", "properties": { "cell_id": "P1064" }, "geometry": { "type": "Polygon", "coordinates": [ [ [ 73.757, 18.49 ], [ 73.757, 18.499 ], [ 73.748, 18.499 ], [ 73.748, 18.49 ], [ 73.757, 18.49 ] ] ] } },
{ "type": "Feature", "properties": { "cell_id": "P1065" }, "geometry": { "type": "Polygon", "coordinates": [ [ [ 73.757, 18.499 ], [ 73.757, 18.508 ], [ 73.748, 18.508 ], [ 73.748, 18.499 ], [ 73.757, 18.499 ] ] ] } },
{ "type": "Feature", "properties": { "cell_id": "P1066" }, "geometry": { "type": "Polygon", "coordinates": [ [ [ 73.757, 18.508 ], [ 73.757, 18.517 ], [ 73.748, 18.517 ], [ 73.748, 18.508 ], [ 73.757, 18.508 ] ] ] } },
{ "type": "Feature", "properties": { "cell_id": "P1067" }, "geometry": { "type": "Polygon", "coordinates": [ [ [ 73.757, 18.517 ], [ 73.757, 18.526 ], [ 73.748, 18.526 ], [ 73.748, 18.517 ], [ 73.757, 18.517 ] ] ] } },
{ "type": "Feature", "properties": { "cell_id": "P1068" }, "geometry": { "type": "Polygon", "coordinates": [ [ [ 73.757, 18.526 ], [ 73.757, 18.535 ], [ 73.748, 18.535 ], [ 73.748, 18.526 ], [ 73.757, 18.526 ] ] ] } },
{ "type": "Feature", "properties": { "cell_id": "P1069" }, "geometry": { "type": "Polygon", "coordinates": [ [ [ 73.757, 18.535 ], [ 73.757, 18.544 ], [ 73.748, 18.544 ], [ 73.748, 18.535 ], [ 73.757, 18.535 ] ] ] } },
{ "type": "Feature", "properties": { "cell_id": "P1070" }, "geometry": { "type": "Polygon", "coordinates": [ [ [ 73.757, 18.544 ], [ 73.757, 18.553 ], [ 73.748, 18.553 ], [ 73.748, 18.544 ], [ 73.757, 18.544 ] ] ] } },
{ "type": "Feature", "properties": { "cell_id": "P1071" }, "geometry": { "type": "Polygon", "coordinates": [ [ [ 73.757, 18.553 ], [ 73.757, 18.562 ], [ 73.748, 18.562 ], [ 73.748, 18.553 ], [ 73.757, 18.553 ] ] ] } },
{ "type": "Feature", "properties": { "cell_id": "P1072" }, "geometry": { "type": "Polygon", "coordinates": [ [ [ 73.757, 18.562 ], [ 73.757, 18.571 ], [ 73.748, 18.571 ], [ 73.748, 18.562 ], [ 73.757, 18.562 ] ] ] } },
{ "type": "Feature", "properties": { "cell_id": "P1073" }, "geometry": { "type": "Polygon", "coordinates": [ [ [ 73.757, 18.571 ], [ 73.757, 18.58 ], [ 73.748, 18.58 ], [ 73.748, 18.571 ], [ 73.757, 18.571 ] ] ] } },
{ "type": "Feature", "properties": { "cell_id": "P1074" }, "geometry": { "type": "Polygon", "coordinates": [ [ [ 73.757, 18.58 ], [ 73.757, 18.589 ], [ 73.748, 18.589 ], [ 73.748, 18.58 ], [ 73.757, 18.58 ] ] ] } },
{ "type": "Feature", "properties": { "cell_id": "P1075" }, "geometry": { "type": "Polygon", "coordinates": [ [ [ 73.757, 18.589 ], [ 73.757, 18.598 ], [ 73.748, 18.598 ], [ 73.748, 18.589 ], [ 73.757, 18.589 ] ] ] } },
{ "type": "Feature", "properties": { "cell_id": "P1076" }, "geometry": { "type": "Polygon", "coordinates": [ [ [ 73.757, 18.598 ], [ 73.757, 18.607 ], [ 73.748, 18.607 ], [ 73.748, 18.598 ], [ 73.757, 18.598 ] ] ] } },
{ "type": "Feature", "properties": { "cell_id": "P1077" }, "geometry": { "type": "Polygon", "coordinates": [ [ [ 73.757, 18.607 ], [ 73.757, 18.616 ], [ 73.748, 18.616 ], [ 73.748, 18.607 ], [ 73.757, 18.607 ] ] ] } },
{ "type": "Feature", "properties": { "cell_id": "P1078" }, "geometry": { "type": "Polygon", "coordinates": [ [ [ 73.757, 18.616 ], [ 73.757, 18.625 ], [ 73.748, 18.625 ], [ 73.748, 18.616 ], [ 73.757, 18.616 ] ] ] } },
{ "type": "Feature", "properties": { "cell_id": "P1079" }, "geometry": { "type": "Polygon", "coordinates": [ [ [ 73.757, 18.625 ], [ 73.757, 18.634 ], [ 73.748, 18.634 ], [ 73.748, 18.625 ], [ 73.757, 18.625 ] ] ] } },
{ "type": "Feature", "properties": { "cell_id": "P1080" }, "geometry": { "type": "Polygon", "coordinates": [ [ [ 73.757, 18.634 ], [ 73.757, 18.643 ], [ 73.748, 18.643 ], [ 73.748, 18.634 ], [ 73.757, 18.634 ] ] ] } },
{ "type": "Feature", "properties": { "cell_id": "P1081" }, "geometry": { "type": "Polygon", "coordinates": [ [ [ 73.766, 18.4 ], [ 73.766, 18.409 ], [ 73.757, 18.409 ], [ 73.757, 18.4 ], [ 73.766, 18.4 ] ] ] } },
{ "type": "Feature", "properties": { "cell_id": "P1082" }, "geometry": { "type": "Polygon", "coordinates": [ [ [ 73.766, 18.409 ], [ 73.766, 18.418 ], [ 73.757, 18.418 ], [ 73.757, 18.409 ], [ 73.766, 18.409 ] ] ] } },
{ "type": "Feature", "properties": { "cell_id": "P1083" }, "geometry": { "type": "Polygon", "coordinates": [ [ [ 73.766, 18.418 ], [ 73.766, 18.427 ], [ 73.757, 18.427 ], [ 73.757, 18.418 ], [ 73.766, 18.418 ] ] ] } },
{ "type": "Feature", "properties": { "cell_id": "P1084" }, "geometry": { "type": "Polygon", "coordinates": [ [ [ 73.766, 18.427 ], [ 73.766, 18.436 ], [ 73.757, 18.436 ], [ 73.757, 18.427 ], [ 73.766, 18.427 ] ] ] } },
{ "type": "Feature", "properties": { "cell_id": "P1085" }, "geometry": { "type": "Polygon", "coordinates": [ [ [ 73.766, 18.436 ], [ 73.766, 18.445 ], [ 73.757, 18.445 ], [ 73.757, 18.436 ], [ 73.766, 18.436 ] ] ] } },
{ "type": "Feature", "properties": { "cell_id": "P1086" }, "geometry": { "type": "Polygon", "coordinates": [ [ [ 73.766, 18.445 ], [ 73.766, 18.454 ], [ 73.757, 18.454 ], [ 73.757, 18.445 ], [ 73.766, 18.445 ] ] ] } },
{ "type": "Feature", "properties": { "cell_id": "P1087" }, "geometry": { "type": "Polygon", "coordinates": [ [ [ 73.766, 18.454 ], [ 73.766, 18.463 ], [ 73.757, 18.463 ], [ 73.757, 18.454 ], [ 73.766, 18.454 ] ] ] } },
{ "type": "Feature", "properties": { "cell_id": "P1088" }, "geometry": { "type": "Polygon", "coordinates": [ [ [ 73.766, 18.463 ], [ 73.766, 18.472 ], [ 73.757, 18.472 ], [ 73.757, 18.463 ], [ 73.766, 18.463 ] ] ] } },
{ "type": "Feature", "properties": { "cell_id": "P1089" }, "geometry": { "type": "Polygon", "coordinates": [ [ [ 73.766, 18.472 ], [ 73.766, 18.481 ], [ 73.757, 18.481 ], [ 73.757, 18.472 ], [ 73.766, 18.472 ] ] ] } },
{ "type": "Feature", "properties": { "cell_id": "P1090" }, "geometry": { "type": "Polygon", "coordinates": [ [ [ 73.766, 18.481 ], [ 73.766, 18.49 ], [ 73.757, 18.49 ], [ 73.757, 18.481 ], [ 73.766, 18.481 ] ] ] } },
{ "type": "Feature", "properties": { "cell_id": "P1091" }, "geometry": { "type": "Polygon", "coordinates": [ [ [ 73.766, 18.49 ], [ 73.766, 18.499 ], [ 73.757, 18.499 ], [ 73.757, 18.49 ], [ 73.766, 18.49 ] ] ] } },
{ "type": "Feature", "properties": { "cell_id": "P1092" }, "geometry": { "type": "Polygon", "coordinates": [ [ [ 73.766, 18.499 ], [ 73.766, 18.508 ], [ 73.757, 18.508 ], [ 73.757, 18.499 ], [ 73.766, 18.499 ] ] ] } },
{ "type": "Feature", "properties": { "cell_id": "P1093" }, "geometry": { "type": "Polygon", "coordinates": [ [ [ 73.766, 18.508 ], [ 73.766, 18.517 ], [ 73.757, 18.517 ], [ 73.757, 18.508 ], [ 73.766, 18.508 ] ] ] } },
{ "type": "Feature", "properties": { "cell_id": "P1094" }, "geometry": { "type": "Polygon", "coordinates": [ [ [ 73.766, 18.517 ], [ 73.766, 18.526 ], [ 73.757, 18.526 ], [ 73.757, 18.517 ], [ 73.766, 18.517 ] ] ] } },
{ "type": "Feature", "properties": { "cell_id": "P1095" }, "geometry": { "type": "Polygon", "coordinates": [ [ [ 73.766, 18.526 ], [ 73.766, 18.535 ], [ 73.757, 18.535 ], [ 73.757, 18.526 ], [ 73.766, 18.526 ] ] ] } },
{ "type": "Feature", "properties": { "cell_id": "P1096" }, "geometry": { "type": "Polygon", "coordinates": [ [ [ 73.766, 18.535 ], [ 73.766, 18.544 ], [ 73.757, 18.544 ], [ 73.757, 18.535 ], [ 73.766, 18.535 ] ] ] } },
{ "type": "Feature", "properties": { "cell_id": "P1097" }, "geometry": { "type": "Polygon", "coordinates": [ [ [ 73.766, 18.544 ], [ 73.766, 18.553 ], [ 73.757, 18.553 ], [ 73.757, 18.544 ], [ 73.766, 18.544 ] ] ] } },
{ "type": "Feature", "properties": { "cell_id": "P1098" }, "geometry": { "type": "Polygon", "coordinates": [ [ [ 73.766, 18.553 ], [ 73.766, 18.562 ], [ 73.757, 18.562 ], [ 73.757, 18.553 ], [ 73.766, 18.553 ] ] ] } },
{ "type": "Feature", "properties": { "cell_id": "P1099" }, "geometry": { "type": "Polygon", "coordinates": [ [ [ 73.766, 18.562 ], [ 73.766, 18.571 ], [ 73.757, 18.571 ], [ 73.757, 18.562 ], [ 73.766, 18.562 ] ] ] } },
{ "type": "Feature", "properties": { "cell_id": "P1100" }, "geometry": { "type": "Polygon", "coordinates": [ [ [ 73.766, 18.571 ], [ 73.766, 18.58 ], [ 73.757, 18.58 ], [ 73.757, 18.571 ], [ 73.766, 18.571 ] ] ] } },
{ "type": "Feature", "properties": { "cell_id": "P1101" }, "geometry": { "type": "Polygon", "coordinates": [ [ [ 73.766, 18.58 ], [ 73.766, 18.589 ], [ 73.757, 18.589 ], [ 73.757, 18.58 ], [ 73.766, 18.58 ] ] ] } },
{ "type": "Feature", "properties": { "cell_id": "P1102" }, "geometry": { "type": "Polygon", "coordinates": [ [ [ 73.766, 18.589 ], [ 73.766, 18.598 ], [ 73.757, 18.598 ], [ 73.757, 18.589 ], [ 73.766, 18.589 ] ] ] } },
{ "type": "Feature", "properties": { "cell_id": "P1103" }, "geometry": { "type": "Polygon", "coordinates": [ [ [ 73.766, 18.598 ], [ 73.766, 18.607 ], [ 73.757, 18.607 ], [ 73.757, 18.598 ], [ 73.766, 18.598 ] ] ] } },
{ "type": "Feature", "properties": { "cell_id": "P1104" }, "geometry": { "type": "Polygon", "coordinates": [ [ [ 73.766, 18.607 ], [ 73.766, 18.616 ], [ 73.757, 18.616 ], [ 73.757, 18.607 ], [ 73.766, 18.607 ] ] ] } },
{ "type": "Feature", "properties": { "cell_id": "P1105" }, "geometry": { "type": "Polygon", "coordinates": [ [ [ 73.766, 18.616 ], [ 73.766, 18.625 ], [ 73.757, 18.625 ], [ 73.757, 18.616 ], [ 73.766, 18.616 ] ] ] } },
{ "type": "Feature", "properties": { "cell_id": "P1106" }, "geometry": { "type": "Polygon", "coordinates": [ [ [ 73.766, 18.625 ], [ 73.766, 18.634 ], [ 73.757, 18.634 ], [ 73.757, 18.625 ], [ 73.766, 18.625 ] ] ] } },
{ "type": "Feature", "properties": { "cell_id": "P1107" }, "geometry": { "type": "Polygon", "coordinates": [ [ [ 73.766, 18.634 ], [ 73.766, 18.643 ], [ 73.757, 18.643 ], [ 73.757, 18.634 ], [ 73.766, 18.634 ] ] ] } },
{ "type": "Feature", "properties": { "cell_id": "P1108" }, "geometry": { "type": "Polygon", "coordinates": [ [ [ 73.775, 18.4 ], [ 73.775, 18.409 ], [ 73.766, 18.409 ], [ 73.766, 18.4 ], [ 73.775, 18.4 ] ] ] } },
{ "type": "Feature", "properties": { "cell_id": "P1109" }, "geometry": { "type": "Polygon", "coordinates": [ [ [ 73.775, 18.409 ], [ 73.775, 18.418 ], [ 73.766, 18.418 ], [ 73.766, 18.409 ], [ 73.775, 18.409 ] ] ] } },
{ "type": "Feature", "properties": { "cell_id": "P1110" }, "geometry": { "type": "Polygon", "coordinates": [ [ [ 73.775, 18.418 ], [ 73.775, 18.427 ], [ 73.766, 18.427 ], [ 73.766, 18.418 ], [ 73.775, 18.418 ] ] ] } },
{ "type": "Feature", "properties": { "cell_id": "P1111" }, "geometry": { "type": "Polygon", "coordinates": [ [ [ 73.775, 18.427 ], [ 73.775, 18.436 ], [ 73.766, 18.436 ], [ 73.766, 18.427 ], [ 73.775, 18.427 ] ] ] } },
{ "type": "Feature", "properties": { "cell_id": "P1112" }, "geometry": { "type": "Polygon", "coordinates": [ [ [ 73.775, 18.436 ], [ 73.775, 18.445 ], [ 73.766, 18.445 ], [ 73.766, 18.436 ], [ 73.775, 18.436 ] ] ] } },
{ "type": "Feature", "properties": { "cell_id": "P1113" }, "geometry": { "type": "Polygon", "coordinates": [ [ [ 73.775, 18.445 ], [ 73.775, 18.454 ], [ 73.766, 18.454 ], [ 73.766, 18.445 ], [ 73.775, 18.445 ] ] ] } },
{ "type": "Feature", "properties": { "cell_id": "P1114" }, "geometry": { "type": "Polygon", "coordinates": [ [ [ 73.775, 18.454 ], [ 73.775, 18.463 ], [ 73.766, 18.463 ], [ 73.766, 18.454 ], [ 73.775, 18.454 ] ] ] } },
{ "type": "Feature", "properties": { "cell_id": "P1115" }, "geometry": { "type": "Polygon", "coordinates": [ [ [ 73.775, 18.463 ], [ 73.775, 18.472 ], [ 73.766, 18.472 ], [ 73.766, 18.463 ], [ 73.775, 18.463 ] ] ] } },
{ "type": "Feature", "properties": { "cell_id": "P1116" }, "geometry": { "type": "Polygon", "coordinates": [ [ [ 73.775, 18.472 ], [ 73.775, 18.481 ], [ 73.766, 18.481 ], [ 73.766, 18.472 ], [ 73.775, 18.472 ] ] ] } },
{ "type": "Feature", "properties": { "cell_id": "P1117" }, "geometry": { "type": "Polygon", "coordinates": [ [ [ 73.775, 18.481 ], [ 73.775, 18.49 ], [ 73.766, 18.49 ], [ 73.766, 18.481 ], [ 73.775, 18.481 ] ] ] } },
{ "type": "Feature", "properties": { "cell_id": "P1118" }, "geometry": { "type": "Polygon", "coordinates": [ [ [ 73.775, 18.49 ], [ 73.775, 18.499 ], [ 73.766, 18.499 ], [ 73.766, 18.49 ], [ 73.775, 18.49 ] ] ] } },
{ "type": "Feature", "properties": { "cell_id": "P1119" }, "geometry": { "type": "Polygon", "coordinates": [ [ [ 73.775, 18.499 ], [ 73.775, 18.508 ], [ 73.766, 18.508 ], [ 73.766, 18.499 ], [ 73.775, 18.499 ] ] ] } },
{ "type": "Feature", "properties": { "cell_id": "P1120" }, "geometry": { "type": "Polygon", "coordinates": [ [ [ 73.775, 18.508 ], [ 73.775, 18.517 ], [ 73.766, 18.517 ], [ 73.766, 18.508 ], [ 73.775, 18.508 ] ] ] } },
{ "type": "Feature", "properties": { "cell_id": "P1121" }, "geometry": { "type": "Polygon", "coordinates": [ [ [ 73.775, 18.517 ], [ 73.775, 18.526 ], [ 73.766, 18.526 ], [ 73.766, 18.517 ], [ 73.775, 18.517 ] ] ] } },
{ "type": "Feature", "properties": { "cell_id": "P1122" }, "geometry": { "type": "Polygon", "coordinates": [ [ [ 73.775, 18.526 ], [ 73.775, 18.535 ], [ 73.766, 18.535 ], [ 73.766, 18.526 ], [ 73.775, 18.526 ] ] ] } },
{ "type": "Feature", "properties": { "cell_id": "P1123" }, "geometry": { "type": "Polygon", "coordinates": [ [ [ 73.775, 18.535 ], [ 73.775, 18.544 ], [ 73.766, 18.544 ], [ 73.766, 18.535 ], [ 73.775, 18.535 ] ] ] } },
{ "type": "Feature", "properties": { "cell_id": "P1124" }, "geometry": { "type": "Polygon", "coordinates": [ [ [ 73.775, 18.544 ], [ 73.775, 18.553 ], [ 73.766, 18.553 ], [ 73.766, 18.544 ], [ 73.775, 18.544 ] ] ] } },
{ "type": "Feature", "properties": { "cell_id": "P1125" }, "geometry": { "type": "Polygon", "coordinates": [ [ [ 73.775, 18.553 ], [ 73.775, 18.562 ], [ 73.766, 18.562 ], [ 73.766, 18.553 ], [ 73.775, 18.553 ] ] ] } },
{ "type": "Feature", "properties": { "cell_id": "P1126" }, "geometry": { "type": "Polygon", "coordinates": [ [ [ 73.775, 18.562 ], [ 73.775, 18.571 ], [ 73.766, 18.571 ], [ 73.766, 18.562 ], [ 73.775, 18.562 ] ] ] } },
{ "type": "Feature", "properties": { "cell_id": "P1127" }, "geometry": { "type": "Polygon", "coordinates": [ [ [ 73.775, 18.571 ], [ 73.775, 18.58 ], [ 73.766, 18.58 ], [ 73.766, 18.571 ], [ 73.775, 18.571 ] ] ] } },
{ "type": "Feature", "properties": { "cell_id": "P1128" }, "geometry": { "type": "Polygon", "coordinates": [ [ [ 73.775, 18.58 ], [ 73.775, 18.589 ], [ 73.766, 18.589 ], [ 73.766, 18.58 ], [ 73.775, 18.58 ] ] ] } },
{ "type": "Feature", "properties": { "cell_id": "P1129" }, "geometry": { "type": "Polygon", "coordinates": [ [ [ 73.775, 18.589 ], [ 73.775, 18.598 ], [ 73.766, 18.598 ], [ 73.766, 18.589 ], [ 73.775, 18.589 ] ] ] } },
{ "type": "Feature", "properties": { "cell_id": "P1130" }, "geometry": { "type": "Polygon", "coordinates": [ [ [ 73.775, 18.598 ], [ 73.775, 18.607 ], [ 73.766, 18.607 ], [ 73.766, 18.598 ], [ 73.775, 18.598 ] ] ] } },
{ "type": "Feature", "properties": { "cell_id": "P1131" }, "geometry": { "type": "Polygon", "coordinates": [ [ [ 73.775, 18.607 ], [ 73.775, 18.616 ], [ 73.766, 18.616 ], [ 73.766, 18.607 ], [ 73.775, 18.607 ] ] ] } },
{ "type": "Feature", "properties": { "cell_id": "P1132" }, "geometry": { "type": "Polygon", "coordinates": [ [ [ 73.775, 18.616 ], [ 73.775, 18.625 ], [ 73.766, 18.625 ], [ 73.766, 18.616 ], [ 73.775, 18.616 ] ] ] } },
{ "type": "Feature", "properties": { "cell_id": "P1133" }, "geometry": { "type": "Polygon", "coordinates": [ [ [ 73.775, 18.625 ], [ 73.775, 18.634 ], [ 73.766, 18.634 ], [ 73.766, 18.625 ], [ 73.775, 18.625 ] ] ] } },
{ "type": "Feature", "properties": { "cell_id": "P1134" }, "geometry": { "type": "Polygon", "coordinates": [ [ [ 73.775, 18.634 ], [ 73.775, 18.643 ], [ 73.766, 18.643 ], [ 73.766, 18.634 ], [ 73.775, 18.634 ] ] ] } },
{ "type": "Feature", "properties": { "cell_id": "P1135" }, "geometry": { "type": "Polygon", "coordinates": [ [ [ 73.784, 18.4 ], [ 73.784, 18.409 ], [ 73.775, 18.409 ], [ 73.775, 18.4 ], [ 73.784, 18.4 ] ] ] } },
{ "type": "Feature", "properties": { "cell_id": "P1136" }, "geometry": { "type": "Polygon", "coordinates": [ [ [ 73.784, 18.409 ], [ 73.784, 18.418 ], [ 73.775, 18.418 ], [ 73.775, 18.409 ], [ 73.784, 18.409 ] ] ] } },
{ "type": "Feature", "properties": { "cell_id": "P1137" }, "geometry": { "type": "Polygon", "coordinates": [ [ [ 73.784, 18.418 ], [ 73.784, 18.427 ], [ 73.775, 18.427 ], [ 73.775, 18.418 ], [ 73.784, 18.418 ] ] ] } },
{ "type": "Feature", "properties": { "cell_id": "P1138" }, "geometry": { "type": "Polygon", "coordinates": [ [ [ 73.784, 18.427 ], [ 73.784, 18.436 ], [ 73.775, 18.436 ], [ 73.775, 18.427 ], [ 73.784, 18.427 ] ] ] } },
{ "type": "Feature", "properties": { "cell_id": "P1139" }, "geometry": { "type": "Polygon", "coordinates": [ [ [ 73.784, 18.436 ], [ 73.784, 18.445 ], [ 73.775, 18.445 ], [ 73.775, 18.436 ], [ 73.784, 18.436 ] ] ] } },
{ "type": "Feature", "properties": { "cell_id": "P1140" }, "geometry": { "type": "Polygon", "coordinates": [ [ [ 73.784, 18.445 ], [ 73.784, 18.454 ], [ 73.775, 18.454 ], [ 73.775, 18.445 ], [ 73.784, 18.445 ] ] ] } },
{ "type": "Feature", "properties": { "cell_id": "P1141" }, "geometry": { "type": "Polygon", "coordinates": [ [ [ 73.784, 18.454 ], [ 73.784, 18.463 ], [ 73.775, 18.463 ], [ 73.775, 18.454 ], [ 73.784, 18.454 ] ] ] } },
{ "type": "Feature", "properties": { "cell_id": "P1142" }, "geometry": { "type": "Polygon", "coordinates": [ [ [ 73.784, 18.463 ], [ 73.784, 18.472 ], [ 73.775, 18.472 ], [ 73.775, 18.463 ], [ 73.784, 18.463 ] ] ] } },
{ "type": "Feature", "properties": { "cell_id": "P1143" }, "geometry": { "type": "Polygon", "coordinates": [ [ [ 73.784, 18.472 ], [ 73.784, 18.481 ], [ 73.775, 18.481 ], [ 73.775, 18.472 ], [ 73.784, 18.472 ] ] ] } },
{ "type": "Feature", "properties": { "cell_id": "P1144" }, "geometry": { "type": "Polygon", "coordinates": [ [ [ 73.784, 18.481 ], [ 73.784, 18.49 ], [ 73.775, 18.49 ], [ 73.775, 18.481 ], [ 73.784, 18.481 ] ] ] } },
{ "type": "Feature", "properties": { "cell_id": "P1145" }, "geometry": { "type": "Polygon", "coordinates": [ [ [ 73.784, 18.49 ], [ 73.784, 18.499 ], [ 73.775, 18.499 ], [ 73.775, 18.49 ], [ 73.784, 18.49 ] ] ] } },
{ "type": "Feature", "properties": { "cell_id": "P1146" }, "geometry": { "type": "Polygon", "coordinates": [ [ [ 73.784, 18.499 ], [ 73.784, 18.508 ], [ 73.775, 18.508 ], [ 73.775, 18.499 ], [ 73.784, 18.499 ] ] ] } },
{ "type": "Feature", "properties": { "cell_id": "P1147" }, "geometry": { "type": "Polygon", "coordinates": [ [ [ 73.784, 18.508 ], [ 73.784, 18.517 ], [ 73.775, 18.517 ], [ 73.775, 18.508 ], [ 73.784, 18.508 ] ] ] } },
{ "type": "Feature", "properties": { "cell_id": "P1148" }, "geometry": { "type": "Polygon", "coordinates": [ [ [ 73.784, 18.517 ], [ 73.784, 18.526 ], [ 73.775, 18.526 ], [ 73.775, 18.517 ], [ 73.784, 18.517 ] ] ] } },
{ "type": "Feature", "properties": { "cell_id": "P1149" }, "geometry": { "type": "Polygon", "coordinates": [ [ [ 73.784, 18.526 ], [ 73.784, 18.535 ], [ 73.775, 18.535 ], [ 73.775, 18.526 ], [ 73.784, 18.526 ] ] ] } },
{ "type": "Feature", "properties": { "cell_id": "P1150" }, "geometry": { "type": "Polygon", "coordinates": [ [ [ 73.784, 18.535 ], [ 73.784, 18.544 ], [ 73.775, 18.544 ], [ 73.775, 18.535 ], [ 73.784, 18.535 ] ] ] } },
{ "type": "Feature", "properties": { "cell_id": "P1151" }, "geometry": { "type": "Polygon", "coordinates": [ [ [ 73.784, 18.544 ], [ 73.784, 18.553 ], [ 73.775, 18.553 ], [ 73.775, 18.544 ], [ 73.784, 18.544 ] ] ] } },
{ "type": "Feature", "properties": { "cell_id": "P1152" }, "geometry": { "type": "Polygon", "coordinates": [ [ [ 73.784, 18.553 ], [ 73.784, 18.562 ], [ 73.775, 18.562 ], [ 73.775, 18.553 ], [ 73.784, 18.553 ] ] ] } },
{ "type": "Feature", "properties": { "cell_id": "P1153" }, "geometry": { "type": "Polygon", "coordinates": [ [ [ 73.784, 18.562 ], [ 73.784, 18.571 ], [ 73.775, 18.571 ], [ 73.775, 18.562 ], [ 73.784, 18.562 ] ] ] } },
{ "type": "Feature", "properties": { "cell_id": "P1154" }, "geometry": { "type": "Polygon", "coordinates": [ [ [ 73.784, 18.571 ], [ 73.784, 18.58 ], [ 73.775, 18.58 ], [ 73.775, 18.571 ], [ 73.784, 18.571 ] ] ] } },
{ "type": "Feature", "properties": { "cell_id": "P1155" }, "geometry": { "type": "Polygon", "coordinates": [ [ [ 73.784, 18.58 ], [ 73.784, 18.589 ], [ 73.775, 18.589 ], [ 73.775, 18.58 ], [ 73.784, 18.58 ] ] ] } },
{ "type": "Feature", "properties": { "cell_id": "P1156" }, "geometry": { "type": "Polygon", "coordinates": [ [ [ 73.784, 18.589 ], [ 73.784, 18.598 ], [ 73.775, 18.598 ], [ 73.775, 18.589 ], [ 73.784, 18.589 ] ] ] } },
{ "type": "Feature", "properties": { "cell_id": "P1157" }, "geometry": { "type": "Polygon", "coordinates": [ [ [ 73.784, 18.598 ], [ 73.784, 18.607 ], [ 73.775, 18.607 ], [ 73.775, 18.598 ], [ 73.784, 18.598 ] ] ] } },
{ "type": "Feature", "properties": { "cell_id": "P1158" }, "geometry": { "type": "Polygon", "coordinates": [ [ [ 73.784, 18.607 ], [ 73.784, 18.616 ], [ 73.775, 18.616 ], [ 73.775, 18.607 ], [ 73.784, 18.607 ] ] ] } },
{ "type": "Feature", "properties": { "cell_id": "P1159" }, "geometry": { "type": "Polygon", "coordinates": [ [ [ 73.784, 18.616 ], [ 73.784, 18.625 ], [ 73.775, 18.625 ], [ 73.775, 18.616 ], [ 73.784, 18.616 ] ] ] } },
{ "type": "Feature", "properties": { "cell_id": "P1160" }, "geometry": { "type": "Polygon", "coordinates": [ [ [ 73.784, 18.625 ], [ 73.784, 18.634 ], [ 73.775, 18.634 ], [ 73.775, 18.625 ], [ 73.784, 18.625 ] ] ] } },
{ "type": "Feature", "properties": { "cell_id": "P1161" }, "geometry": { "type": "Polygon", "coordinates": [ [ [ 73.784, 18.634 ], [ 73.784, 18.643 ], [ 73.775, 18.643 ], [ 73.775, 18.634 ], [ 73.784, 18.634 ] ] ] } },
{ "type": "Feature", "properties": { "cell_id": "P1162" }, "geometry": { "type": "Polygon", "coordinates": [ [ [ 73.793, 18.4 ], [ 73.793, 18.409 ], [ 73.784, 18.409 ], [ 73.784, 18.4 ], [ 73.793, 18.4 ] ] ] } },
{ "type": "Feature", "properties": { "cell_id": "P1163" }, "geometry": { "type": "Polygon", "coordinates": [ [ [ 73.793, 18.409 ], [ 73.793, 18.418 ], [ 73.784, 18.418 ], [ 73.784, 18.409 ], [ 73.793, 18.409 ] ] ] } },
{ "type": "Feature", "properties": { "cell_id": "P1164" }, "geometry": { "type": "Polygon", "coordinates": [ [ [ 73.793, 18.418 ], [ 73.793, 18.427 ], [ 73.784, 18.427 ], [ 73.784, 18.418 ], [ 73.793, 18.418 ] ] ] } },
{ "type": "Feature", "properties": { "cell_id": "P1165" }, "geometry": { "type": "Polygon", "coordinates": [ [ [ 73.793, 18.427 ], [ 73.793, 18.436 ], [ 73.784, 18.436 ], [ 73.784, 18.427 ], [ 73.793, 18.427 ] ] ] } },
{ "type": "Feature", "properties": { "cell_id": "P1166" }, "geometry": { "type": "Polygon", "coordinates": [ [ [ 73.793, 18.436 ], [ 73.793, 18.445 ], [ 73.784, 18.445 ], [ 73.784, 18.436 ], [ 73.793, 18.436 ] ] ] } },
{ "type": "Feature", "properties": { "cell_id": "P1167" }, "geometry": { "type": "Polygon", "coordinates": [ [ [ 73.793, 18.445 ], [ 73.793, 18.454 ], [ 73.784, 18.454 ], [ 73.784, 18.445 ], [ 73.793, 18.445 ] ] ] } },
{ "type": "Feature", "properties": { "cell_id": "P1168" }, "geometry": { "type": "Polygon", "coordinates": [ [ [ 73.793, 18.454 ], [ 73.793, 18.463 ], [ 73.784, 18.463 ], [ 73.784, 18.454 ], [ 73.793, 18.454 ] ] ] } },
{ "type": "Feature", "properties": { "cell_id": "P1169" }, "geometry": { "type": "Polygon", "coordinates": [ [ [ 73.793, 18.463 ], [ 73.793, 18.472 ], [ 73.784, 18.472 ], [ 73.784, 18.463 ], [ 73.793, 18.463 ] ] ] } },
{ "type": "Feature", "properties": { "cell_id": "P1170" }, "geometry": { "type": "Polygon", "coordinates": [ [ [ 73.793, 18.472 ], [ 73.793, 18.481 ], [ 73.784, 18.481 ], [ 73.784, 18.472 ], [ 73.793, 18.472 ] ] ] } },
{ "type": "Feature", "properties": { "cell_id": "P1171" }, "geometry": { "type": "Polygon", "coordinates": [ [ [ 73.793, 18.481 ], [ 73.793, 18.49 ], [ 73.784, 18.49 ], [ 73.784, 18.481 ], [ 73.793, 18.481 ] ] ] } },
{ "type": "Feature", "properties": { "cell_id": "P1172" }, "geometry": { "type": "Polygon", "coordinates": [ [ [ 73.793, 18.49 ], [ 73.793, 18.499 ], [ 73.784, 18.499 ], [ 73.784, 18.49 ], [ 73.793, 18.49 ] ] ] } },
{ "type": "Feature", "properties": { "cell_id": "P1173" }, "geometry": { "type": "Polygon", "coordinates": [ [ [ 73.793, 18.499 ], [ 73.793, 18.508 ], [ 73.784, 18.508 ], [ 73.784, 18.499 ], [ 73.793, 18.499 ] ] ] } },
{ "type": "Feature", "properties": { "cell_id": "P1174" }, "geometry": { "type": "Polygon", "coordinates": [ [ [ 73.793, 18.508 ], [ 73.793, 18.517 ], [ 73.784, 18.517 ], [ 73.784, 18.508 ], [ 73.793, 18.508 ] ] ] } },
{ "type": "Feature", "properties": { "cell_id": "P1175" }, "geometry": { "type": "Polygon", "coordinates": [ [ [ 73.793, 18.517 ], [ 73.793, 18.526 ], [ 73.784, 18.526 ], [ 73.784, 18.517 ], [ 73.793, 18.517 ] ] ] } },
{ "type": "Feature", "properties": { "cell_id": "P1176" }, "geometry": { "type": "Polygon", "coordinates": [ [ [ 73.793, 18.526 ], [ 73.793, 18.535 ], [ 73.784, 18.535 ], [ 73.784, 18.526 ], [ 73.793, 18.526 ] ] ] } },
{ "type": "Feature", "properties": { "cell_id": "P1177" }, "geometry": { "type": "Polygon", "coordinates": [ [ [ 73.793, 18.535 ], [ 73.793, 18.544 ], [ 73.784, 18.544 ], [ 73.784, 18.535 ], [ 73.793, 18.535 ] ] ] } },
{ "type": "Feature", "properties": { "cell_id": "P1178" }, "geometry": { "type": "Polygon", "coordinates": [ [ [ 73.793, 18.544 ], [ 73.793, 18.553 ], [ 73.784, 18.553 ], [ 73.784, 18.544 ], [ 73.793, 18.544 ] ] ] } },
{ "type": "Feature", "properties": { "cell_id": "P1179" }, "geometry": { "type": "Polygon", "coordinates": [ [ [ 73.793, 18.553 ], [ 73.793, 18.562 ], [ 73.784, 18.562 ], [ 73.784, 18.553 ], [ 73.793, 18.553 ] ] ] } },
{ "type": "Feature", "properties": { "cell_id": "P1180" }, "geometry": { "type": "Polygon", "coordinates": [ [ [ 73.793, 18.562 ], [ 73.793, 18.571 ], [ 73.784, 18.571 ], [ 73.784, 18.562 ], [ 73.793, 18.562 ] ] ] } },
{ "type": "Feature", "properties": { "cell_id": "P1181" }, "geometry": { "type": "Polygon", "coordinates": [ [ [ 73.793, 18.571 ], [ 73.793, 18.58 ], [ 73.784, 18.58 ], [ 73.784, 18.571 ], [ 73.793, 18.571 ] ] ] } },
{ "type": "Feature", "properties": { "cell_id": "P1182" }, "geometry": { "type": "Polygon", "coordinates": [ [ [ 73.793, 18.58 ], [ 73.793, 18.589 ], [ 73.784, 18.589 ], [ 73.784, 18.58 ], [ 73.793, 18.58 ] ] ] } },
{ "type": "Feature", "properties": { "cell_id": "P1183" }, "geometry": { "type": "Polygon", "coordinates": [ [ [ 73.793, 18.589 ], [ 73.793, 18.598 ], [ 73.784, 18.598 ], [ 73.784, 18.589 ], [ 73.793, 18.589 ] ] ] } },
{ "type": "Feature", "properties": { "cell_id": "P1184" }, "geometry": { "type": "Polygon", "coordinates": [ [ [ 73.793, 18.598 ], [ 73.793, 18.607 ], [ 73.784, 18.607 ], [ 73.784, 18.598 ], [ 73.793, 18.598 ] ] ] } },
{ "type": "Feature", "properties": { "cell_id": "P1185" }, "geometry": { "type": "Polygon", "coordinates": [ [ [ 73.793, 18.607 ], [ 73.793, 18.616 ], [ 73.784, 18.616 ], [ 73.784, 18.607 ], [ 73.793, 18.607 ] ] ] } },
{ "type": "Feature", "properties": { "cell_id": "P1186" }, "geometry": { "type": "Polygon", "coordinates": [ [ [ 73.793, 18.616 ], [ 73.793, 18.625 ], [ 73.784, 18.625 ], [ 73.784, 18.616 ], [ 73.793, 18.616 ] ] ] } },
{ "type": "Feature", "properties": { "cell_id": "P1187" }, "geometry": { "type": "Polygon", "coordinates": [ [ [ 73.793, 18.625 ], [ 73.793, 18.634 ], [ 73.784, 18.634 ], [ 73.784, 18.625 ], [ 73.793, 18.625 ] ] ] } },
{ "type": "Feature", "properties": { "cell_id": "P1188" }, "geometry": { "type": "Polygon", "coordinates": [ [ [ 73.793, 18.634 ], [ 73.793, 18.643 ], [ 73.784, 18.643 ], [ 73.784, 18.634 ], [ 73.793, 18.634 ] ] ] } },
{ "type": "Feature", "properties": { "cell_id": "P1189" }, "geometry": { "type": "Polygon", "coordinates": [ [ [ 73.802, 18.4 ], [ 73.802, 18.409 ], [ 73.793, 18.409 ], [ 73.793, 18.4 ], [ 73.802, 18.4 ] ] ] } },
{ "type": "Feature", "properties": { "cell_id": "P1190" }, "geometry": { "type": "Polygon", "coordinates": [ [ [ 73.802, 18.409 ], [ 73.802, 18.418 ], [ 73.793, 18.418 ], [ 73.793, 18.409 ], [ 73.802, 18.409 ] ] ] } },
{ "type": "Feature", "properties": { "cell_id": "P1191" }, "geometry": { "type": "Polygon", "coordinates": [ [ [ 73.802, 18.418 ], [ 73.802, 18.427 ], [ 73.793, 18.427 ], [ 73.793, 18.418 ], [ 73.802, 18.418 ] ] ] } },
{ "type": "Feature", "properties": { "cell_id": "P1192" }, "geometry": { "type": "Polygon", "coordinates": [ [ [ 73.802, 18.427 ], [ 73.802, 18.436 ], [ 73.793, 18.436 ], [ 73.793, 18.427 ], [ 73.802, 18.427 ] ] ] } },
{ "type": "Feature", "properties": { "cell_id": "P1193" }, "geometry": { "type": "Polygon", "coordinates": [ [ [ 73.802, 18.436 ], [ 73.802, 18.445 ], [ 73.793, 18.445 ], [ 73.793, 18.436 ], [ 73.802, 18.436 ] ] ] } },
{ "type": "Feature", "properties": { "cell_id": "P1194" }, "geometry": { "type": "Polygon", "coordinates": [ [ [ 73.802, 18.445 ], [ 73.802, 18.454 ], [ 73.793, 18.454 ], [ 73.793, 18.445 ], [ 73.802, 18.445 ] ] ] } },
{ "type": "Feature", "properties": { "cell_id": "P1195" }, "geometry": { "type": "Polygon", "coordinates": [ [ [ 73.802, 18.454 ], [ 73.802, 18.463 ], [ 73.793, 18.463 ], [ 73.793, 18.454 ], [ 73.802, 18.454 ] ] ] } },
{ "type": "Feature", "properties": { "cell_id": "P1196" }, "geometry": { "type": "Polygon", "coordinates": [ [ [ 73.802, 18.463 ], [ 73.802, 18.472 ], [ 73.793, 18.472 ], [ 73.793, 18.463 ], [ 73.802, 18.463 ] ] ] } },
{ "type": "Feature", "properties": { "cell_id": "P1197" }, "geometry": { "type": "Polygon", "coordinates": [ [ [ 73.802, 18.472 ], [ 73.802, 18.481 ], [ 73.793, 18.481 ], [ 73.793, 18.472 ], [ 73.802, 18.472 ] ] ] } },
{ "type": "Feature", "properties": { "cell_id": "P1198" }, "geometry": { "type": "Polygon", "coordinates": [ [ [ 73.802, 18.481 ], [ 73.802, 18.49 ], [ 73.793, 18.49 ], [ 73.793, 18.481 ], [ 73.802, 18.481 ] ] ] } },
{ "type": "Feature", "properties": { "cell_id": "P1199" }, "geometry": { "type": "Polygon", "coordinates": [ [ [ 73.802, 18.49 ], [ 73.802, 18.499 ], [ 73.793, 18.499 ], [ 73.793, 18.49 ], [ 73.802, 18.49 ] ] ] } },
{ "type": "Feature", "properties": { "cell_id": "P1200" }, "geometry": { "type": "Polygon", "coordinates": [ [ [ 73.802, 18.499 ], [ 73.802, 18.508 ], [ 73.793, 18.508 ], [ 73.793, 18.499 ], [ 73.802, 18.499 ] ] ] } },
{ "type": "Feature", "properties": { "cell_id": "P1201" }, "geometry": { "type": "Polygon", "coordinates": [ [ [ 73.802, 18.508 ], [ 73.802, 18.517 ], [ 73.793, 18.517 ], [ 73.793, 18.508 ], [ 73.802, 18.508 ] ] ] } },
{ "type": "Feature", "properties": { "cell_id": "P1202" }, "geometry": { "type": "Polygon", "coordinates": [ [ [ 73.802, 18.517 ], [ 73.802, 18.526 ], [ 73.793, 18.526 ], [ 73.793, 18.517 ], [ 73.802, 18.517 ] ] ] } },
{ "type": "Feature", "properties": { "cell_id": "P1203" }, "geometry": { "type": "Polygon", "coordinates": [ [ [ 73.802, 18.526 ], [ 73.802, 18.535 ], [ 73.793, 18.535 ], [ 73.793, 18.526 ], [ 73.802, 18.526 ] ] ] } },
{ "type": "Feature", "properties": { "cell_id": "P1204" }, "geometry": { "type": "Polygon", "coordinates": [ [ [ 73.802, 18.535 ], [ 73.802, 18.544 ], [ 73.793, 18.544 ], [ 73.793, 18.535 ], [ 73.802, 18.535 ] ] ] } },
{ "type": "Feature", "properties": { "cell_id": "P1205" }, "geometry": { "type": "Polygon", "coordinates": [ [ [ 73.802, 18.544 ], [ 73.802, 18.553 ], [ 73.793, 18.553 ], [ 73.793, 18.544 ], [ 73.802, 18.544 ] ] ] } },
{ "type": "Feature", "properties": { "cell_id": "P1206" }, "geometry": { "type": "Polygon", "coordinates": [ [ [ 73.802, 18.553 ], [ 73.802, 18.562 ], [ 73.793, 18.562 ], [ 73.793, 18.553 ], [ 73.802, 18.553 ] ] ] } },
{ "type": "Feature", "properties": { "cell_id": "P1207" }, "geometry": { "type": "Polygon", "coordinates": [ [ [ 73.802, 18.562 ], [ 73.802, 18.571 ], [ 73.793, 18.571 ], [ 73.793, 18.562 ], [ 73.802, 18.562 ] ] ] } },
{ "type": "Feature", "properties": { "cell_id": "P1208" }, "geometry": { "type": "Polygon", "coordinates": [ [ [ 73.802, 18.571 ], [ 73.802, 18.58 ], [ 73.793, 18.58 ], [ 73.793, 18.571 ], [ 73.802, 18.571 ] ] ] } },
{ "type": "Feature", "properties": { "cell_id": "P1209" }, "geometry": { "type": "Polygon", "coordinates": [ [ [ 73.802, 18.58 ], [ 73.802, 18.589 ], [ 73.793, 18.589 ], [ 73.793, 18.58 ], [ 73.802, 18.58 ] ] ] } },
{ "type": "Feature", "properties": { "cell_id": "P1210" }, "geometry": { "type": "Polygon", "coordinates": [ [ [ 73.802, 18.589 ], [ 73.802, 18.598 ], [ 73.793, 18.598 ], [ 73.793, 18.589 ], [ 73.802, 18.589 ] ] ] } },
{ "type": "Feature", "properties": { "cell_id": "P1211" }, "geometry": { "type": "Polygon", "coordinates": [ [ [ 73.802, 18.598 ], [ 73.802, 18.607 ], [ 73.793, 18.607 ], [ 73.793, 18.598 ], [ 73.802, 18.598 ] ] ] } },
{ "type": "Feature", "properties": { "cell_id": "P1212" }, "geometry": { "type": "Polygon", "coordinates": [ [ [ 73.802, 18.607 ], [ 73.802, 18.616 ], [ 73.793, 18.616 ], [ 73.793, 18.607 ], [ 73.802, 18.607 ] ] ] } },
{ "type": "Feature", "properties": { "cell_id": "P1213" }, "geometry": { "type": "Polygon", "coordinates": [ [ [ 73.802, 18.616 ], [ 73.802, 18.625 ], [ 73.793, 18.625 ], [ 73.793, 18.616 ], [ 73.802, 18.616 ] ] ] } },
{ "type": "Feature", "properties": { "cell_id": "P1214" }, "geometry": { "type": "Polygon", "coordinates": [ [ [ 73.802, 18.625 ], [ 73.802, 18.634 ], [ 73.793, 18.634 ], [ 73.793, 18.625 ], [ 73.802, 18.625 ] ] ] } },
{ "type": "Feature", "properties": { "cell_id": "P1215" }, "geometry": { "type": "Polygon", "coordinates": [ [ [ 73.802, 18.634 ], [ 73.802, 18.643 ], [ 73.793, 18.643 ], [ 73.793, 18.634 ], [ 73.802, 18.634 ] ] ] } },
{ "type": "Feature", "properties": { "cell_id": "P1216" }, "geometry": { "type": "Polygon", "coordinates": [ [ [ 73.811, 18.4 ], [ 73.811, 18.409 ], [ 73.802, 18.409 ], [ 73.802, 18.4 ], [ 73.811, 18.4 ] ] ] } },
{ "type": "Feature", "properties": { "cell_id": "P1217" }, "geometry": { "type": "Polygon", "coordinates": [ [ [ 73.811, 18.409 ], [ 73.811, 18.418 ], [ 73.802, 18.418 ], [ 73.802, 18.409 ], [ 73.811, 18.409 ] ] ] } },
{ "type": "Feature", "properties": { "cell_id": "P1218" }, "geometry": { "type": "Polygon", "coordinates": [ [ [ 73.811, 18.418 ], [ 73.811, 18.427 ], [ 73.802, 18.427 ], [ 73.802, 18.418 ], [ 73.811, 18.418 ] ] ] } },
{ "type": "Feature", "properties": { "cell_id": "P1219" }, "geometry": { "type": "Polygon", "coordinates": [ [ [ 73.811, 18.427 ], [ 73.811, 18.436 ], [ 73.802, 18.436 ], [ 73.802, 18.427 ], [ 73.811, 18.427 ] ] ] } },
{ "type": "Feature", "properties": { "cell_id": "P1220" }, "geometry": { "type": "Polygon", "coordinates": [ [ [ 73.811, 18.436 ], [ 73.811, 18.445 ], [ 73.802, 18.445 ], [ 73.802, 18.436 ], [ 73.811, 18.436 ] ] ] } },
{ "type": "Feature", "properties": { "cell_id": "P1221" }, "geometry": { "type": "Polygon", "coordinates": [ [ [ 73.811, 18.445 ], [ 73.811, 18.454 ], [ 73.802, 18.454 ], [ 73.802, 18.445 ], [ 73.811, 18.445 ] ] ] } },
{ "type": "Feature", "properties": { "cell_id": "P1222" }, "geometry": { "type": "Polygon", "coordinates": [ [ [ 73.811, 18.454 ], [ 73.811, 18.463 ], [ 73.802, 18.463 ], [ 73.802, 18.454 ], [ 73.811, 18.454 ] ] ] } },
{ "type": "Feature", "properties": { "cell_id": "P1223" }, "geometry": { "type": "Polygon", "coordinates": [ [ [ 73.811, 18.463 ], [ 73.811, 18.472 ], [ 73.802, 18.472 ], [ 73.802, 18.463 ], [ 73.811, 18.463 ] ] ] } },
{ "type": "Feature", "properties": { "cell_id": "P1224" }, "geometry": { "type": "Polygon", "coordinates": [ [ [ 73.811, 18.472 ], [ 73.811, 18.481 ], [ 73.802, 18.481 ], [ 73.802, 18.472 ], [ 73.811, 18.472 ] ] ] } },
{ "type": "Feature", "properties": { "cell_id": "P1225" }, "geometry": { "type": "Polygon", "coordinates": [ [ [ 73.811, 18.481 ], [ 73.811, 18.49 ], [ 73.802, 18.49 ], [ 73.802, 18.481 ], [ 73.811, 18.481 ] ] ] } },
{ "type": "Feature", "properties": { "cell_id": "P1226" }, "geometry": { "type": "Polygon", "coordinates": [ [ [ 73.811, 18.49 ], [ 73.811, 18.499 ], [ 73.802, 18.499 ], [ 73.802, 18.49 ], [ 73.811, 18.49 ] ] ] } },
{ "type": "Feature", "properties": { "cell_id": "P1227" }, "geometry": { "type": "Polygon", "coordinates": [ [ [ 73.811, 18.499 ], [ 73.811, 18.508 ], [ 73.802, 18.508 ], [ 73.802, 18.499 ], [ 73.811, 18.499 ] ] ] } },
{ "type": "Feature", "properties": { "cell_id": "P1228" }, "geometry": { "type": "Polygon", "coordinates": [ [ [ 73.811, 18.508 ], [ 73.811, 18.517 ], [ 73.802, 18.517 ], [ 73.802, 18.508 ], [ 73.811, 18.508 ] ] ] } },
{ "type": "Feature", "properties": { "cell_id": "P1229" }, "geometry": { "type": "Polygon", "coordinates": [ [ [ 73.811, 18.517 ], [ 73.811, 18.526 ], [ 73.802, 18.526 ], [ 73.802, 18.517 ], [ 73.811, 18.517 ] ] ] } },
{ "type": "Feature", "properties": { "cell_id": "P1230" }, "geometry": { "type": "Polygon", "coordinates": [ [ [ 73.811, 18.526 ], [ 73.811, 18.535 ], [ 73.802, 18.535 ], [ 73.802, 18.526 ], [ 73.811, 18.526 ] ] ] } },
{ "type": "Feature", "properties": { "cell_id": "P1231" }, "geometry": { "type": "Polygon", "coordinates": [ [ [ 73.811, 18.535 ], [ 73.811, 18.544 ], [ 73.802, 18.544 ], [ 73.802, 18.535 ], [ 73.811, 18.535 ] ] ] } },
{ "type": "Feature", "properties": { "cell_id": "P1232" }, "geometry": { "type": "Polygon", "coordinates": [ [ [ 73.811, 18.544 ], [ 73.811, 18.553 ], [ 73.802, 18.553 ], [ 73.802, 18.544 ], [ 73.811, 18.544 ] ] ] } },
{ "type": "Feature", "properties": { "cell_id": "P1233" }, "geometry": { "type": "Polygon", "coordinates": [ [ [ 73.811, 18.553 ], [ 73.811, 18.562 ], [ 73.802, 18.562 ], [ 73.802, 18.553 ], [ 73.811, 18.553 ] ] ] } },
{ "type": "Feature", "properties": { "cell_id": "P1234" }, "geometry": { "type": "Polygon", "coordinates": [ [ [ 73.811, 18.562 ], [ 73.811, 18.571 ], [ 73.802, 18.571 ], [ 73.802, 18.562 ], [ 73.811, 18.562 ] ] ] } },
{ "type": "Feature", "properties": { "cell_id": "P1235" }, "geometry": { "type": "Polygon", "coordinates": [ [ [ 73.811, 18.571 ], [ 73.811, 18.58 ], [ 73.802, 18.58 ], [ 73.802, 18.571 ], [ 73.811, 18.571 ] ] ] } },
{ "type": "Feature", "properties": { "cell_id": "P1236" }, "geometry": { "type": "Polygon", "coordinates": [ [ [ 73.811, 18.58 ], [ 73.811, 18.589 ], [ 73.802, 18.589 ], [ 73.802, 18.58 ], [ 73.811, 18.58 ] ] ] } },
{ "type": "Feature", "properties": { "cell_id": "P1237" }, "geometry": { "type": "Polygon", "coordinates": [ [ [ 73.811, 18.589 ], [ 73.811, 18.598 ], [ 73.802, 18.598 ], [ 73.802, 18.589 ], [ 73.811, 18.589 ] ] ] } },
{ "type": "Feature", "properties": { "cell_id": "P1238" }, "geometry": { "type": "Polygon", "coordinates": [ [ [ 73.811, 18.598 ], [ 73.811, 18.607 ], [ 73.802, 18.607 ], [ 73.802, 18.598 ], [ 73.811, 18.598 ] ] ] } },
{ "type": "Feature", "properties": { "cell_id": "P1239" }, "geometry": { "type": "Polygon", "coordinates": [ [ [ 73.811, 18.607 ], [ 73.811, 18.616 ], [ 73.802, 18.616 ], [ 73.802, 18.607 ], [ 73.811, 18.607 ] ] ] } },
{ "type": "Feature", "properties": { "cell_id": "P1240" }, "geometry": { "type": "Polygon", "coordinates": [ [ [ 73.811, 18.616 ], [ 73.811, 18.625 ], [ 73.802, 18.625 ], [ 73.802, 18.616 ], [ 73.811, 18.616 ] ] ] } },
{ "type": "Feature", "properties": { "cell_id": "P1241" }, "geometry": { "type": "Polygon", "coordinates": [ [ [ 73.811, 18.625 ], [ 73.811, 18.634 ], [ 73.802, 18.634 ], [ 73.802, 18.625 ], [ 73.811, 18.625 ] ] ] } },
{ "type": "Feature", "properties": { "cell_id": "P1242" }, "geometry": { "type": "Polygon", "coordinates": [ [ [ 73.811, 18.634 ], [ 73.811, 18.643 ], [ 73.802, 18.643 ], [ 73.802, 18.634 ], [ 73.811, 18.634 ] ] ] } },
{ "type": "Feature", "properties": { "cell_id": "P1243" }, "geometry": { "type": "Polygon", "coordinates": [ [ [ 73.82, 18.4 ], [ 73.82, 18.409 ], [ 73.811, 18.409 ], [ 73.811, 18.4 ], [ 73.82, 18.4 ] ] ] } },
{ "type": "Feature", "properties": { "cell_id": "P1244" }, "geometry": { "type": "Polygon", "coordinates": [ [ [ 73.82, 18.409 ], [ 73.82, 18.418 ], [ 73.811, 18.418 ], [ 73.811, 18.409 ], [ 73.82, 18.409 ] ] ] } },
{ "type": "Feature", "properties": { "cell_id": "P1245" }, "geometry": { "type": "Polygon", "coordinates": [ [ [ 73.82, 18.418 ], [ 73.82, 18.427 ], [ 73.811, 18.427 ], [ 73.811, 18.418 ], [ 73.82, 18.418 ] ] ] } },
{ "type": "Feature", "properties": { "cell_id": "P1246" }, "geometry": { "type": "Polygon", "coordinates": [ [ [ 73.82, 18.427 ], [ 73.82, 18.436 ], [ 73.811, 18.436 ], [ 73.811, 18.427 ], [ 73.82, 18.427 ] ] ] } },
{ "type": "Feature", "properties": { "cell_id": "P1247" }, "geometry": { "type": "Polygon", "coordinates": [ [ [ 73.82, 18.436 ], [ 73.82, 18.445 ], [ 73.811, 18.445 ], [ 73.811, 18.436 ], [ 73.82, 18.436 ] ] ] } },
{ "type": "Feature", "properties": { "cell_id": "P1248" }, "geometry": { "type": "Polygon", "coordinates": [ [ [ 73.82, 18.445 ], [ 73.82, 18.454 ], [ 73.811, 18.454 ], [ 73.811, 18.445 ], [ 73.82, 18.445 ] ] ] } },
{ "type": "Feature", "properties": { "cell_id": "P1249" }, "geometry": { "type": "Polygon", "coordinates": [ [ [ 73.82, 18.454 ], [ 73.82, 18.463 ], [ 73.811, 18.463 ], [ 73.811, 18.454 ], [ 73.82, 18.454 ] ] ] } },
{ "type": "Feature", "properties": { "cell_id": "P1250" }, "geometry": { "type": "Polygon", "coordinates": [ [ [ 73.82, 18.463 ], [ 73.82, 18.472 ], [ 73.811, 18.472 ], [ 73.811, 18.463 ], [ 73.82, 18.463 ] ] ] } },
{ "type": "Feature", "properties": { "cell_id": "P1251" }, "geometry": { "type": "Polygon", "coordinates": [ [ [ 73.82, 18.472 ], [ 73.82, 18.481 ], [ 73.811, 18.481 ], [ 73.811, 18.472 ], [ 73.82, 18.472 ] ] ] } },
{ "type": "Feature", "properties": { "cell_id": "P1252" }, "geometry": { "type": "Polygon", "coordinates": [ [ [ 73.82, 18.481 ], [ 73.82, 18.49 ], [ 73.811, 18.49 ], [ 73.811, 18.481 ], [ 73.82, 18.481 ] ] ] } },
{ "type": "Feature", "properties": { "cell_id": "P1253" }, "geometry": { "type": "Polygon", "coordinates": [ [ [ 73.82, 18.49 ], [ 73.82, 18.499 ], [ 73.811, 18.499 ], [ 73.811, 18.49 ], [ 73.82, 18.49 ] ] ] } },
{ "type": "Feature", "properties": { "cell_id": "P1254" }, "geometry": { "type": "Polygon", "coordinates": [ [ [ 73.82, 18.499 ], [ 73.82, 18.508 ], [ 73.811, 18.508 ], [ 73.811, 18.499 ], [ 73.82, 18.499 ] ] ] } },
{ "type": "Feature", "properties": { "cell_id": "P1255" }, "geometry": { "type": "Polygon", "coordinates": [ [ [ 73.82, 18.508 ], [ 73.82, 18.517 ], [ 73.811, 18.517 ], [ 73.811, 18.508 ], [ 73.82, 18.508 ] ] ] } },
{ "type": "Feature", "properties": { "cell_id": "P1256" }, "geometry": { "type": "Polygon", "coordinates": [ [ [ 73.82, 18.517 ], [ 73.82, 18.526 ], [ 73.811, 18.526 ], [ 73.811, 18.517 ], [ 73.82, 18.517 ] ] ] } },
{ "type": "Feature", "properties": { "cell_id": "P1257" }, "geometry": { "type": "Polygon", "coordinates": [ [ [ 73.82, 18.526 ], [ 73.82, 18.535 ], [ 73.811, 18.535 ], [ 73.811, 18.526 ], [ 73.82, 18.526 ] ] ] } },
{ "type": "Feature", "properties": { "cell_id": "P1258" }, "geometry": { "type": "Polygon", "coordinates": [ [ [ 73.82, 18.535 ], [ 73.82, 18.544 ], [ 73.811, 18.544 ], [ 73.811, 18.535 ], [ 73.82, 18.535 ] ] ] } },
{ "type": "Feature", "properties": { "cell_id": "P1259" }, "geometry": { "type": "Polygon", "coordinates": [ [ [ 73.82, 18.544 ], [ 73.82, 18.553 ], [ 73.811, 18.553 ], [ 73.811, 18.544 ], [ 73.82, 18.544 ] ] ] } },
{ "type": "Feature", "properties": { "cell_id": "P1260" }, "geometry": { "type": "Polygon", "coordinates": [ [ [ 73.82, 18.553 ], [ 73.82, 18.562 ], [ 73.811, 18.562 ], [ 73.811, 18.553 ], [ 73.82, 18.553 ] ] ] } },
{ "type": "Feature", "properties": { "cell_id": "P1261" }, "geometry": { "type": "Polygon", "coordinates": [ [ [ 73.82, 18.562 ], [ 73.82, 18.571 ], [ 73.811, 18.571 ], [ 73.811, 18.562 ], [ 73.82, 18.562 ] ] ] } },
{ "type": "Feature", "properties": { "cell_id": "P1262" }, "geometry": { "type": "Polygon", "coordinates": [ [ [ 73.82, 18.571 ], [ 73.82, 18.58 ], [ 73.811, 18.58 ], [ 73.811, 18.571 ], [ 73.82, 18.571 ] ] ] } },
{ "type": "Feature", "properties": { "cell_id": "P1263" }, "geometry": { "type": "Polygon", "coordinates": [ [ [ 73.82, 18.58 ], [ 73.82, 18.589 ], [ 73.811, 18.589 ], [ 73.811, 18.58 ], [ 73.82, 18.58 ] ] ] } },
{ "type": "Feature", "properties": { "cell_id": "P1264" }, "geometry": { "type": "Polygon", "coordinates": [ [ [ 73.82, 18.589 ], [ 73.82, 18.598 ], [ 73.811, 18.598 ], [ 73.811, 18.589 ], [ 73.82, 18.589 ] ] ] } },
{ "type": "Feature", "properties": { "cell_id": "P1265" }, "geometry": { "type": "Polygon", "coordinates": [ [ [ 73.82, 18.598 ], [ 73.82, 18.607 ], [ 73.811, 18.607 ], [ 73.811, 18.598 ], [ 73.82, 18.598 ] ] ] } },
{ "type": "Feature", "properties": { "cell_id": "P1266" }, "geometry": { "type": "Polygon", "coordinates": [ [ [ 73.82, 18.607 ], [ 73.82, 18.616 ], [ 73.811, 18.616 ], [ 73.811, 18.607 ], [ 73.82, 18.607 ] ] ] } },
{ "type": "Feature", "properties": { "cell_id": "P1267" }, "geometry": { "type": "Polygon", "coordinates": [ [ [ 73.82, 18.616 ], [ 73.82, 18.625 ], [ 73.811, 18.625 ], [ 73.811, 18.616 ], [ 73.82, 18.616 ] ] ] } },
{ "type": "Feature", "properties": { "cell_id": "P1268" }, "geometry": { "type": "Polygon", "coordinates": [ [ [ 73.82, 18.625 ], [ 73.82, 18.634 ], [ 73.811, 18.634 ], [ 73.811, 18.625 ], [ 73.82, 18.625 ] ] ] } },
{ "type": "Feature", "properties": { "cell_id": "P1269" }, "geometry": { "type": "Polygon", "coordinates": [ [ [ 73.82, 18.634 ], [ 73.82, 18.643 ], [ 73.811, 18.643 ], [ 73.811, 18.634 ], [ 73.82, 18.634 ] ] ] } },
{ "type": "Feature", "properties": { "cell_id": "P1270" }, "geometry": { "type": "Polygon", "coordinates": [ [ [ 73.829, 18.4 ], [ 73.829, 18.409 ], [ 73.82, 18.409 ], [ 73.82, 18.4 ], [ 73.829, 18.4 ] ] ] } },
{ "type": "Feature", "properties": { "cell_id": "P1271" }, "geometry": { "type": "Polygon", "coordinates": [ [ [ 73.829, 18.409 ], [ 73.829, 18.418 ], [ 73.82, 18.418 ], [ 73.82, 18.409 ], [ 73.829, 18.409 ] ] ] } },
{ "type": "Feature", "properties": { "cell_id": "P1272" }, "geometry": { "type": "Polygon", "coordinates": [ [ [ 73.829, 18.418 ], [ 73.829, 18.427 ], [ 73.82, 18.427 ], [ 73.82, 18.418 ], [ 73.829, 18.418 ] ] ] } },
{ "type": "Feature", "properties": { "cell_id": "P1273" }, "geometry": { "type": "Polygon", "coordinates": [ [ [ 73.829, 18.427 ], [ 73.829, 18.436 ], [ 73.82, 18.436 ], [ 73.82, 18.427 ], [ 73.829, 18.427 ] ] ] } },
{ "type": "Feature", "properties": { "cell_id": "P1274" }, "geometry": { "type": "Polygon", "coordinates": [ [ [ 73.829, 18.436 ], [ 73.829, 18.445 ], [ 73.82, 18.445 ], [ 73.82, 18.436 ], [ 73.829, 18.436 ] ] ] } },
{ "type": "Feature", "properties": { "cell_id": "P1275" }, "geometry": { "type": "Polygon", "coordinates": [ [ [ 73.829, 18.445 ], [ 73.829, 18.454 ], [ 73.82, 18.454 ], [ 73.82, 18.445 ], [ 73.829, 18.445 ] ] ] } },
{ "type": "Feature", "properties": { "cell_id": "P1276" }, "geometry": { "type": "Polygon", "coordinates": [ [ [ 73.829, 18.454 ], [ 73.829, 18.463 ], [ 73.82, 18.463 ], [ 73.82, 18.454 ], [ 73.829, 18.454 ] ] ] } },
{ "type": "Feature", "properties": { "cell_id": "P1277" }, "geometry": { "type": "Polygon", "coordinates": [ [ [ 73.829, 18.463 ], [ 73.829, 18.472 ], [ 73.82, 18.472 ], [ 73.82, 18.463 ], [ 73.829, 18.463 ] ] ] } },
{ "type": "Feature", "properties": { "cell_id": "P1278" }, "geometry": { "type": "Polygon", "coordinates": [ [ [ 73.829, 18.472 ], [ 73.829, 18.481 ], [ 73.82, 18.481 ], [ 73.82, 18.472 ], [ 73.829, 18.472 ] ] ] } },
{ "type": "Feature", "properties": { "cell_id": "P1279" }, "geometry": { "type": "Polygon", "coordinates": [ [ [ 73.829, 18.481 ], [ 73.829, 18.49 ], [ 73.82, 18.49 ], [ 73.82, 18.481 ], [ 73.829, 18.481 ] ] ] } },
{ "type": "Feature", "properties": { "cell_id": "P1280" }, "geometry": { "type": "Polygon", "coordinates": [ [ [ 73.829, 18.49 ], [ 73.829, 18.499 ], [ 73.82, 18.499 ], [ 73.82, 18.49 ], [ 73.829, 18.49 ] ] ] } },
{ "type": "Feature", "properties": { "cell_id": "P1281" }, "geometry": { "type": "Polygon", "coordinates": [ [ [ 73.829, 18.499 ], [ 73.829, 18.508 ], [ 73.82, 18.508 ], [ 73.82, 18.499 ], [ 73.829, 18.499 ] ] ] } },
{ "type": "Feature", "properties": { "cell_id": "P1282" }, "geometry": { "type": "Polygon", "coordinates": [ [ [ 73.829, 18.508 ], [ 73.829, 18.517 ], [ 73.82, 18.517 ], [ 73.82, 18.508 ], [ 73.829, 18.508 ] ] ] } },
{ "type": "Feature", "properties": { "cell_id": "P1283" }, "geometry": { "type": "Polygon", "coordinates": [ [ [ 73.829, 18.517 ], [ 73.829, 18.526 ], [ 73.82, 18.526 ], [ 73.82, 18.517 ], [ 73.829, 18.517 ] ] ] } },
{ "type": "Feature", "properties": { "cell_id": "P1284" }, "geometry": { "type": "Polygon", "coordinates": [ [ [ 73.829, 18.526 ], [ 73.829, 18.535 ], [ 73.82, 18.535 ], [ 73.82, 18.526 ], [ 73.829, 18.526 ] ] ] } },
{ "type": "Feature", "properties": { "cell_id": "P1285" }, "geometry": { "type": "Polygon", "coordinates": [ [ [ 73.829, 18.535 ], [ 73.829, 18.544 ], [ 73.82, 18.544 ], [ 73.82, 18.535 ], [ 73.829, 18.535 ] ] ] } },
{ "type": "Feature", "properties": { "cell_id": "P1286" }, "geometry": { "type": "Polygon", "coordinates": [ [ [ 73.829, 18.544 ], [ 73.829, 18.553 ], [ 73.82, 18.553 ], [ 73.82, 18.544 ], [ 73.829, 18.544 ] ] ] } },
{ "type": "Feature", "properties": { "cell_id": "P1287" }, "geometry": { "type": "Polygon", "coordinates": [ [ [ 73.829, 18.553 ], [ 73.829, 18.562 ], [ 73.82, 18.562 ], [ 73.82, 18.553 ], [ 73.829, 18.553 ] ] ] } },
{ "type": "Feature", "properties": { "cell_id": "P1288" }, "geometry": { "type": "Polygon", "coordinates": [ [ [ 73.829, 18.562 ], [ 73.829, 18.571 ], [ 73.82, 18.571 ], [ 73.82, 18.562 ], [ 73.829, 18.562 ] ] ] } },
{ "type": "Feature", "properties": { "cell_id": "P1289" }, "geometry": { "type": "Polygon", "coordinates": [ [ [ 73.829, 18.571 ], [ 73.829, 18.58 ], [ 73.82, 18.58 ], [ 73.82, 18.571 ], [ 73.829, 18.571 ] ] ] } },
{ "type": "Feature", "properties": { "cell_id": "P1290" }, "geometry": { "type": "Polygon", "coordinates": [ [ [ 73.829, 18.58 ], [ 73.829, 18.589 ], [ 73.82, 18.589 ], [ 73.82, 18.58 ], [ 73.829, 18.58 ] ] ] } },
{ "type": "Feature", "properties": { "cell_id": "P1291" }, "geometry": { "type": "Polygon", "coordinates": [ [ [ 73.829, 18.589 ], [ 73.829, 18.598 ], [ 73.82, 18.598 ], [ 73.82, 18.589 ], [ 73.829, 18.589 ] ] ] } },
{ "type": "Feature", "properties": { "cell_id": "P1292" }, "geometry": { "type": "Polygon", "coordinates": [ [ [ 73.829, 18.598 ], [ 73.829, 18.607 ], [ 73.82, 18.607 ], [ 73.82, 18.598 ], [ 73.829, 18.598 ] ] ] } },
{ "type": "Feature", "properties": { "cell_id": "P1293" }, "geometry": { "type": "Polygon", "coordinates": [ [ [ 73.829, 18.607 ], [ 73.829, 18.616 ], [ 73.82, 18.616 ], [ 73.82, 18.607 ], [ 73.829, 18.607 ] ] ] } },
{ "type": "Feature", "properties": { "cell_id": "P1294" }, "geometry": { "type": "Polygon", "coordinates": [ [ [ 73.829, 18.616 ], [ 73.829, 18.625 ], [ 73.82, 18.625 ], [ 73.82, 18.616 ], [ 73.829, 18.616 ] ] ] } },
{ "type": "Feature", "properties": { "cell_id": "P1295" }, "geometry": { "type": "Polygon", "coordinates": [ [ [ 73.829, 18.625 ], [ 73.829, 18.634 ], [ 73.82, 18.634 ], [ 73.82, 18.625 ], [ 73.829, 18.625 ] ] ] } },
{ "type": "Feature", "properties": { "cell_id": "P1296" }, "geometry": { "type": "Polygon", "coordinates": [ [ [ 73.829, 18.634 ], [ 73.829, 18.643 ], [ 73.82, 18.643 ], [ 73.82, 18.634 ], [ 73.829, 18.634 ] ] ] } },
{ "type": "Feature", "properties": { "cell_id": "P1297" }, "geometry": { "type": "Polygon", "coordinates": [ [ [ 73.838, 18.4 ], [ 73.838, 18.409 ], [ 73.829, 18.409 ], [ 73.829, 18.4 ], [ 73.838, 18.4 ] ] ] } },
{ "type": "Feature", "properties": { "cell_id": "P1298" }, "geometry": { "type": "Polygon", "coordinates": [ [ [ 73.838, 18.409 ], [ 73.838, 18.418 ], [ 73.829, 18.418 ], [ 73.829, 18.409 ], [ 73.838, 18.409 ] ] ] } },
{ "type": "Feature", "properties": { "cell_id": "P1299" }, "geometry": { "type": "Polygon", "coordinates": [ [ [ 73.838, 18.418 ], [ 73.838, 18.427 ], [ 73.829, 18.427 ], [ 73.829, 18.418 ], [ 73.838, 18.418 ] ] ] } },
{ "type": "Feature", "properties": { "cell_id": "P1300" }, "geometry": { "type": "Polygon", "coordinates": [ [ [ 73.838, 18.427 ], [ 73.838, 18.436 ], [ 73.829, 18.436 ], [ 73.829, 18.427 ], [ 73.838, 18.427 ] ] ] } },
{ "type": "Feature", "properties": { "cell_id": "P1301" }, "geometry": { "type": "Polygon", "coordinates": [ [ [ 73.838, 18.436 ], [ 73.838, 18.445 ], [ 73.829, 18.445 ], [ 73.829, 18.436 ], [ 73.838, 18.436 ] ] ] } },
{ "type": "Feature", "properties": { "cell_id": "P1302" }, "geometry": { "type": "Polygon", "coordinates": [ [ [ 73.838, 18.445 ], [ 73.838, 18.454 ], [ 73.829, 18.454 ], [ 73.829, 18.445 ], [ 73.838, 18.445 ] ] ] } },
{ "type": "Feature", "properties": { "cell_id": "P1303" }, "geometry": { "type": "Polygon", "coordinates": [ [ [ 73.838, 18.454 ], [ 73.838, 18.463 ], [ 73.829, 18.463 ], [ 73.829, 18.454 ], [ 73.838, 18.454 ] ] ] } },
{ "type": "Feature", "properties": { "cell_id": "P1304" }, "geometry": { "type": "Polygon", "coordinates": [ [ [ 73.838, 18.463 ], [ 73.838, 18.472 ], [ 73.829, 18.472 ], [ 73.829, 18.463 ], [ 73.838, 18.463 ] ] ] } },
{ "type": "Feature", "properties": { "cell_id": "P1305" }, "geometry": { "type": "Polygon", "coordinates": [ [ [ 73.838, 18.472 ], [ 73.838, 18.481 ], [ 73.829, 18.481 ], [ 73.829, 18.472 ], [ 73.838, 18.472 ] ] ] } },
{ "type": "Feature", "properties": { "cell_id": "P1306" }, "geometry": { "type": "Polygon", "coordinates": [ [ [ 73.838, 18.481 ], [ 73.838, 18.49 ], [ 73.829, 18.49 ], [ 73.829, 18.481 ], [ 73.838, 18.481 ] ] ] } },
{ "type": "Feature", "properties": { "cell_id": "P1307" }, "geometry": { "type": "Polygon", "coordinates": [ [ [ 73.838, 18.49 ], [ 73.838, 18.499 ], [ 73.829, 18.499 ], [ 73.829, 18.49 ], [ 73.838, 18.49 ] ] ] } },
{ "type": "Feature", "properties": { "cell_id": "P1308" }, "geometry": { "type": "Polygon", "coordinates": [ [ [ 73.838, 18.499 ], [ 73.838, 18.508 ], [ 73.829, 18.508 ], [ 73.829, 18.499 ], [ 73.838, 18.499 ] ] ] } },
{ "type": "Feature", "properties": { "cell_id": "P1309" }, "geometry": { "type": "Polygon", "coordinates": [ [ [ 73.838, 18.508 ], [ 73.838, 18.517 ], [ 73.829, 18.517 ], [ 73.829, 18.508 ], [ 73.838, 18.508 ] ] ] } },
{ "type": "Feature", "properties": { "cell_id": "P1310" }, "geometry": { "type": "Polygon", "coordinates": [ [ [ 73.838, 18.517 ], [ 73.838, 18.526 ], [ 73.829, 18.526 ], [ 73.829, 18.517 ], [ 73.838, 18.517 ] ] ] } },
{ "type": "Feature", "properties": { "cell_id": "P1311" }, "geometry": { "type": "Polygon", "coordinates": [ [ [ 73.838, 18.526 ], [ 73.838, 18.535 ], [ 73.829, 18.535 ], [ 73.829, 18.526 ], [ 73.838, 18.526 ] ] ] } },
{ "type": "Feature", "properties": { "cell_id": "P1312" }, "geometry": { "type": "Polygon", "coordinates": [ [ [ 73.838, 18.535 ], [ 73.838, 18.544 ], [ 73.829, 18.544 ], [ 73.829, 18.535 ], [ 73.838, 18.535 ] ] ] } },
{ "type": "Feature", "properties": { "cell_id": "P1313" }, "geometry": { "type": "Polygon", "coordinates": [ [ [ 73.838, 18.544 ], [ 73.838, 18.553 ], [ 73.829, 18.553 ], [ 73.829, 18.544 ], [ 73.838, 18.544 ] ] ] } },
{ "type": "Feature", "properties": { "cell_id": "P1314" }, "geometry": { "type": "Polygon", "coordinates": [ [ [ 73.838, 18.553 ], [ 73.838, 18.562 ], [ 73.829, 18.562 ], [ 73.829, 18.553 ], [ 73.838, 18.553 ] ] ] } },
{ "type": "Feature", "properties": { "cell_id": "P1315" }, "geometry": { "type": "Polygon", "coordinates": [ [ [ 73.838, 18.562 ], [ 73.838, 18.571 ], [ 73.829, 18.571 ], [ 73.829, 18.562 ], [ 73.838, 18.562 ] ] ] } },
{ "type": "Feature", "properties": { "cell_id": "P1316" }, "geometry": { "type": "Polygon", "coordinates": [ [ [ 73.838, 18.571 ], [ 73.838, 18.58 ], [ 73.829, 18.58 ], [ 73.829, 18.571 ], [ 73.838, 18.571 ] ] ] } },
{ "type": "Feature", "properties": { "cell_id": "P1317" }, "geometry": { "type": "Polygon", "coordinates": [ [ [ 73.838, 18.58 ], [ 73.838, 18.589 ], [ 73.829, 18.589 ], [ 73.829, 18.58 ], [ 73.838, 18.58 ] ] ] } },
{ "type": "Feature", "properties": { "cell_id": "P1318" }, "geometry": { "type": "Polygon", "coordinates": [ [ [ 73.838, 18.589 ], [ 73.838, 18.598 ], [ 73.829, 18.598 ], [ 73.829, 18.589 ], [ 73.838, 18.589 ] ] ] } },
{ "type": "Feature", "properties": { "cell_id": "P1319" }, "geometry": { "type": "Polygon", "coordinates": [ [ [ 73.838, 18.598 ], [ 73.838, 18.607 ], [ 73.829, 18.607 ], [ 73.829, 18.598 ], [ 73.838, 18.598 ] ] ] } },
{ "type": "Feature", "properties": { "cell_id": "P1320" }, "geometry": { "type": "Polygon", "coordinates": [ [ [ 73.838, 18.607 ], [ 73.838, 18.616 ], [ 73.829, 18.616 ], [ 73.829, 18.607 ], [ 73.838, 18.607 ] ] ] } },
{ "type": "Feature", "properties": { "cell_id": "P1321" }, "geometry": { "type": "Polygon", "coordinates": [ [ [ 73.838, 18.616 ], [ 73.838, 18.625 ], [ 73.829, 18.625 ], [ 73.829, 18.616 ], [ 73.838, 18.616 ] ] ] } },
{ "type": "Feature", "properties": { "cell_id": "P1322" }, "geometry": { "type": "Polygon", "coordinates": [ [ [ 73.838, 18.625 ], [ 73.838, 18.634 ], [ 73.829, 18.634 ], [ 73.829, 18.625 ], [ 73.838, 18.625 ] ] ] } },
{ "type": "Feature", "properties": { "cell_id": "P1323" }, "geometry": { "type": "Polygon", "coordinates": [ [ [ 73.838, 18.634 ], [ 73.838, 18.643 ], [ 73.829, 18.643 ], [ 73.829, 18.634 ], [ 73.838, 18.634 ] ] ] } },
{ "type": "Feature", "properties": { "cell_id": "P1324" }, "geometry": { "type": "Polygon", "coordinates": [ [ [ 73.847, 18.4 ], [ 73.847, 18.409 ], [ 73.838, 18.409 ], [ 73.838, 18.4 ], [ 73.847, 18.4 ] ] ] } },
{ "type": "Feature", "properties": { "cell_id": "P1325" }, "geometry": { "type": "Polygon", "coordinates": [ [ [ 73.847, 18.409 ], [ 73.847, 18.418 ], [ 73.838, 18.418 ], [ 73.838, 18.409 ], [ 73.847, 18.409 ] ] ] } },
{ "type": "Feature", "properties": { "cell_id": "P1326" }, "geometry": { "type": "Polygon", "coordinates": [ [ [ 73.847, 18.418 ], [ 73.847, 18.427 ], [ 73.838, 18.427 ], [ 73.838, 18.418 ], [ 73.847, 18.418 ] ] ] } },
{ "type": "Feature", "properties": { "cell_id": "P1327" }, "geometry": { "type": "Polygon", "coordinates": [ [ [ 73.847, 18.427 ], [ 73.847, 18.436 ], [ 73.838, 18.436 ], [ 73.838, 18.427 ], [ 73.847, 18.427 ] ] ] } },
{ "type": "Feature", "properties": { "cell_id": "P1328" }, "geometry": { "type": "Polygon", "coordinates": [ [ [ 73.847, 18.436 ], [ 73.847, 18.445 ], [ 73.838, 18.445 ], [ 73.838, 18.436 ], [ 73.847, 18.436 ] ] ] } },
{ "type": "Feature", "properties": { "cell_id": "P1329" }, "geometry": { "type": "Polygon", "coordinates": [ [ [ 73.847, 18.445 ], [ 73.847, 18.454 ], [ 73.838, 18.454 ], [ 73.838, 18.445 ], [ 73.847, 18.445 ] ] ] } },
{ "type": "Feature", "properties": { "cell_id": "P1330" }, "geometry": { "type": "Polygon", "coordinates": [ [ [ 73.847, 18.454 ], [ 73.847, 18.463 ], [ 73.838, 18.463 ], [ 73.838, 18.454 ], [ 73.847, 18.454 ] ] ] } },
{ "type": "Feature", "properties": { "cell_id": "P1331" }, "geometry": { "type": "Polygon", "coordinates": [ [ [ 73.847, 18.463 ], [ 73.847, 18.472 ], [ 73.838, 18.472 ], [ 73.838, 18.463 ], [ 73.847, 18.463 ] ] ] } },
{ "type": "Feature", "properties": { "cell_id": "P1332" }, "geometry": { "type": "Polygon", "coordinates": [ [ [ 73.847, 18.472 ], [ 73.847, 18.481 ], [ 73.838, 18.481 ], [ 73.838, 18.472 ], [ 73.847, 18.472 ] ] ] } },
{ "type": "Feature", "properties": { "cell_id": "P1333" }, "geometry": { "type": "Polygon", "coordinates": [ [ [ 73.847, 18.481 ], [ 73.847, 18.49 ], [ 73.838, 18.49 ], [ 73.838, 18.481 ], [ 73.847, 18.481 ] ] ] } },
{ "type": "Feature", "properties": { "cell_id": "P1334" }, "geometry": { "type": "Polygon", "coordinates": [ [ [ 73.847, 18.49 ], [ 73.847, 18.499 ], [ 73.838, 18.499 ], [ 73.838, 18.49 ], [ 73.847, 18.49 ] ] ] } },
{ "type": "Feature", "properties": { "cell_id": "P1335" }, "geometry": { "type": "Polygon", "coordinates": [ [ [ 73.847, 18.499 ], [ 73.847, 18.508 ], [ 73.838, 18.508 ], [ 73.838, 18.499 ], [ 73.847, 18.499 ] ] ] } },
{ "type": "Feature", "properties": { "cell_id": "P1336" }, "geometry": { "type": "Polygon", "coordinates": [ [ [ 73.847, 18.508 ], [ 73.847, 18.517 ], [ 73.838, 18.517 ], [ 73.838, 18.508 ], [ 73.847, 18.508 ] ] ] } },
{ "type": "Feature", "properties": { "cell_id": "P1337" }, "geometry": { "type": "Polygon", "coordinates": [ [ [ 73.847, 18.517 ], [ 73.847, 18.526 ], [ 73.838, 18.526 ], [ 73.838, 18.517 ], [ 73.847, 18.517 ] ] ] } },
{ "type": "Feature", "properties": { "cell_id": "P1338" }, "geometry": { "type": "Polygon", "coordinates": [ [ [ 73.847, 18.526 ], [ 73.847, 18.535 ], [ 73.838, 18.535 ], [ 73.838, 18.526 ], [ 73.847, 18.526 ] ] ] } },
{ "type": "Feature", "properties": { "cell_id": "P1339" }, "geometry": { "type": "Polygon", "coordinates": [ [ [ 73.847, 18.535 ], [ 73.847, 18.544 ], [ 73.838, 18.544 ], [ 73.838, 18.535 ], [ 73.847, 18.535 ] ] ] } },
{ "type": "Feature", "properties": { "cell_id": "P1340" }, "geometry": { "type": "Polygon", "coordinates": [ [ [ 73.847, 18.544 ], [ 73.847, 18.553 ], [ 73.838, 18.553 ], [ 73.838, 18.544 ], [ 73.847, 18.544 ] ] ] } },
{ "type": "Feature", "properties": { "cell_id": "P1341" }, "geometry": { "type": "Polygon", "coordinates": [ [ [ 73.847, 18.553 ], [ 73.847, 18.562 ], [ 73.838, 18.562 ], [ 73.838, 18.553 ], [ 73.847, 18.553 ] ] ] } },
{ "type": "Feature", "properties": { "cell_id": "P1342" }, "geometry": { "type": "Polygon", "coordinates": [ [ [ 73.847, 18.562 ], [ 73.847, 18.571 ], [ 73.838, 18.571 ], [ 73.838, 18.562 ], [ 73.847, 18.562 ] ] ] } },
{ "type": "Feature", "properties": { "cell_id": "P1343" }, "geometry": { "type": "Polygon", "coordinates": [ [ [ 73.847, 18.571 ], [ 73.847, 18.58 ], [ 73.838, 18.58 ], [ 73.838, 18.571 ], [ 73.847, 18.571 ] ] ] } },
{ "type": "Feature", "properties": { "cell_id": "P1344" }, "geometry": { "type": "Polygon", "coordinates": [ [ [ 73.847, 18.58 ], [ 73.847, 18.589 ], [ 73.838, 18.589 ], [ 73.838, 18.58 ], [ 73.847, 18.58 ] ] ] } },
{ "type": "Feature", "properties": { "cell_id": "P1345" }, "geometry": { "type": "Polygon", "coordinates": [ [ [ 73.847, 18.589 ], [ 73.847, 18.598 ], [ 73.838, 18.598 ], [ 73.838, 18.589 ], [ 73.847, 18.589 ] ] ] } },
{ "type": "Feature", "properties": { "cell_id": "P1346" }, "geometry": { "type": "Polygon", "coordinates": [ [ [ 73.847, 18.598 ], [ 73.847, 18.607 ], [ 73.838, 18.607 ], [ 73.838, 18.598 ], [ 73.847, 18.598 ] ] ] } },
{ "type": "Feature", "properties": { "cell_id": "P1347" }, "geometry": { "type": "Polygon", "coordinates": [ [ [ 73.847, 18.607 ], [ 73.847, 18.616 ], [ 73.838, 18.616 ], [ 73.838, 18.607 ], [ 73.847, 18.607 ] ] ] } },
{ "type": "Feature", "properties": { "cell_id": "P1348" }, "geometry": { "type": "Polygon", "coordinates": [ [ [ 73.847, 18.616 ], [ 73.847, 18.625 ], [ 73.838, 18.625 ], [ 73.838, 18.616 ], [ 73.847, 18.616 ] ] ] } },
{ "type": "Feature", "properties": { "cell_id": "P1349" }, "geometry": { "type": "Polygon", "coordinates": [ [ [ 73.847, 18.625 ], [ 73.847, 18.634 ], [ 73.838, 18.634 ], [ 73.838, 18.625 ], [ 73.847, 18.625 ] ] ] } },
{ "type": "Feature", "properties": { "cell_id": "P1350" }, "geometry": { "type": "Polygon", "coordinates": [ [ [ 73.847, 18.634 ], [ 73.847, 18.643 ], [ 73.838, 18.643 ], [ 73.838, 18.634 ], [ 73.847, 18.634 ] ] ] } },
{ "type": "Feature", "properties": { "cell_id": "P1351" }, "geometry": { "type": "Polygon", "coordinates": [ [ [ 73.856, 18.4 ], [ 73.856, 18.409 ], [ 73.847, 18.409 ], [ 73.847, 18.4 ], [ 73.856, 18.4 ] ] ] } },
{ "type": "Feature", "properties": { "cell_id": "P1352" }, "geometry": { "type": "Polygon", "coordinates": [ [ [ 73.856, 18.409 ], [ 73.856, 18.418 ], [ 73.847, 18.418 ], [ 73.847, 18.409 ], [ 73.856, 18.409 ] ] ] } },
{ "type": "Feature", "properties": { "cell_id": "P1353" }, "geometry": { "type": "Polygon", "coordinates": [ [ [ 73.856, 18.418 ], [ 73.856, 18.427 ], [ 73.847, 18.427 ], [ 73.847, 18.418 ], [ 73.856, 18.418 ] ] ] } },
{ "type": "Feature", "properties": { "cell_id": "P1354" }, "geometry": { "type": "Polygon", "coordinates": [ [ [ 73.856, 18.427 ], [ 73.856, 18.436 ], [ 73.847, 18.436 ], [ 73.847, 18.427 ], [ 73.856, 18.427 ] ] ] } },
{ "type": "Feature", "properties": { "cell_id": "P1355" }, "geometry": { "type": "Polygon", "coordinates": [ [ [ 73.856, 18.436 ], [ 73.856, 18.445 ], [ 73.847, 18.445 ], [ 73.847, 18.436 ], [ 73.856, 18.436 ] ] ] } },
{ "type": "Feature", "properties": { "cell_id": "P1356" }, "geometry": { "type": "Polygon", "coordinates": [ [ [ 73.856, 18.445 ], [ 73.856, 18.454 ], [ 73.847, 18.454 ], [ 73.847, 18.445 ], [ 73.856, 18.445 ] ] ] } },
{ "type": "Feature", "properties": { "cell_id": "P1357" }, "geometry": { "type": "Polygon", "coordinates": [ [ [ 73.856, 18.454 ], [ 73.856, 18.463 ], [ 73.847, 18.463 ], [ 73.847, 18.454 ], [ 73.856, 18.454 ] ] ] } },
{ "type": "Feature", "properties": { "cell_id": "P1358" }, "geometry": { "type": "Polygon", "coordinates": [ [ [ 73.856, 18.463 ], [ 73.856, 18.472 ], [ 73.847, 18.472 ], [ 73.847, 18.463 ], [ 73.856, 18.463 ] ] ] } },
{ "type": "Feature", "properties": { "cell_id": "P1359" }, "geometry": { "type": "Polygon", "coordinates": [ [ [ 73.856, 18.472 ], [ 73.856, 18.481 ], [ 73.847, 18.481 ], [ 73.847, 18.472 ], [ 73.856, 18.472 ] ] ] } },
{ "type": "Feature", "properties": { "cell_id": "P1360" }, "geometry": { "type": "Polygon", "coordinates": [ [ [ 73.856, 18.481 ], [ 73.856, 18.49 ], [ 73.847, 18.49 ], [ 73.847, 18.481 ], [ 73.856, 18.481 ] ] ] } },
{ "type": "Feature", "properties": { "cell_id": "P1361" }, "geometry": { "type": "Polygon", "coordinates": [ [ [ 73.856, 18.49 ], [ 73.856, 18.499 ], [ 73.847, 18.499 ], [ 73.847, 18.49 ], [ 73.856, 18.49 ] ] ] } },
{ "type": "Feature", "properties": { "cell_id": "P1362" }, "geometry": { "type": "Polygon", "coordinates": [ [ [ 73.856, 18.499 ], [ 73.856, 18.508 ], [ 73.847, 18.508 ], [ 73.847, 18.499 ], [ 73.856, 18.499 ] ] ] } },
{ "type": "Feature", "properties": { "cell_id": "P1363" }, "geometry": { "type": "Polygon", "coordinates": [ [ [ 73.856, 18.508 ], [ 73.856, 18.517 ], [ 73.847, 18.517 ], [ 73.847, 18.508 ], [ 73.856, 18.508 ] ] ] } },
{ "type": "Feature", "properties": { "cell_id": "P1364" }, "geometry": { "type": "Polygon", "coordinates": [ [ [ 73.856, 18.517 ], [ 73.856, 18.526 ], [ 73.847, 18.526 ], [ 73.847, 18.517 ], [ 73.856, 18.517 ] ] ] } },
{ "type": "Feature", "properties": { "cell_id": "P1365" }, "geometry": { "type": "Polygon", "coordinates": [ [ [ 73.856, 18.526 ], [ 73.856, 18.535 ], [ 73.847, 18.535 ], [ 73.847, 18.526 ], [ 73.856, 18.526 ] ] ] } },
{ "type": "Feature", "properties": { "cell_id": "P1366" }, "geometry": { "type": "Polygon", "coordinates": [ [ [ 73.856, 18.535 ], [ 73.856, 18.544 ], [ 73.847, 18.544 ], [ 73.847, 18.535 ], [ 73.856, 18.535 ] ] ] } },
{ "type": "Feature", "properties": { "cell_id": "P1367" }, "geometry": { "type": "Polygon", "coordinates": [ [ [ 73.856, 18.544 ], [ 73.856, 18.553 ], [ 73.847, 18.553 ], [ 73.847, 18.544 ], [ 73.856, 18.544 ] ] ] } },
{ "type": "Feature", "properties": { "cell_id": "P1368" }, "geometry": { "type": "Polygon", "coordinates": [ [ [ 73.856, 18.553 ], [ 73.856, 18.562 ], [ 73.847, 18.562 ], [ 73.847, 18.553 ], [ 73.856, 18.553 ] ] ] } },
{ "type": "Feature", "properties": { "cell_id": "P1369" }, "geometry": { "type": "Polygon", "coordinates": [ [ [ 73.856, 18.562 ], [ 73.856, 18.571 ], [ 73.847, 18.571 ], [ 73.847, 18.562 ], [ 73.856, 18.562 ] ] ] } },
{ "type": "Feature", "properties": { "cell_id": "P1370" }, "geometry": { "type": "Polygon", "coordinates": [ [ [ 73.856, 18.571 ], [ 73.856, 18.58 ], [ 73.847, 18.58 ], [ 73.847, 18.571 ], [ 73.856, 18.571 ] ] ] } },
{ "type": "Feature", "properties": { "cell_id": "P1371" }, "geometry": { "type": "Polygon", "coordinates": [ [ [ 73.856, 18.58 ], [ 73.856, 18.589 ], [ 73.847, 18.589 ], [ 73.847, 18.58 ], [ 73.856, 18.58 ] ] ] } },
{ "type": "Feature", "properties": { "cell_id": "P1372" }, "geometry": { "type": "Polygon", "coordinates": [ [ [ 73.856, 18.589 ], [ 73.856, 18.598 ], [ 73.847, 18.598 ], [ 73.847, 18.589 ], [ 73.856, 18.589 ] ] ] } },
{ "type": "Feature", "properties": { "cell_id": "P1373" }, "geometry": { "type": "Polygon", "coordinates": [ [ [ 73.856, 18.598 ], [ 73.856, 18.607 ], [ 73.847, 18.607 ], [ 73.847, 18.598 ], [ 73.856, 18.598 ] ] ] } },
{ "type": "Feature", "properties": { "cell_id": "P1374" }, "geometry": { "type": "Polygon", "coordinates": [ [ [ 73.856, 18.607 ], [ 73.856, 18.616 ], [ 73.847, 18.616 ], [ 73.847, 18.607 ], [ 73.856, 18.607 ] ] ] } },
{ "type": "Feature", "properties": { "cell_id": "P1375" }, "geometry": { "type": "Polygon", "coordinates": [ [ [ 73.856, 18.616 ], [ 73.856, 18.625 ], [ 73.847, 18.625 ], [ 73.847, 18.616 ], [ 73.856, 18.616 ] ] ] } },
{ "type": "Feature", "properties": { "cell_id": "P1376" }, "geometry": { "type": "Polygon", "coordinates": [ [ [ 73.856, 18.625 ], [ 73.856, 18.634 ], [ 73.847, 18.634 ], [ 73.847, 18.625 ], [ 73.856, 18.625 ] ] ] } },
{ "type": "Feature", "properties": { "cell_id": "P1377" }, "geometry": { "type": "Polygon", "coordinates": [ [ [ 73.856, 18.634 ], [ 73.856, 18.643 ], [ 73.847, 18.643 ], [ 73.847, 18.634 ], [ 73.856, 18.634 ] ] ] } },
{ "type": "Feature", "properties": { "cell_id": "P1378" }, "geometry": { "type": "Polygon", "coordinates": [ [ [ 73.865, 18.4 ], [ 73.865, 18.409 ], [ 73.856, 18.409 ], [ 73.856, 18.4 ], [ 73.865, 18.4 ] ] ] } },
{ "type": "Feature", "properties": { "cell_id": "P1379" }, "geometry": { "type": "Polygon", "coordinates": [ [ [ 73.865, 18.409 ], [ 73.865, 18.418 ], [ 73.856, 18.418 ], [ 73.856, 18.409 ], [ 73.865, 18.409 ] ] ] } },
{ "type": "Feature", "properties": { "cell_id": "P1380" }, "geometry": { "type": "Polygon", "coordinates": [ [ [ 73.865, 18.418 ], [ 73.865, 18.427 ], [ 73.856, 18.427 ], [ 73.856, 18.418 ], [ 73.865, 18.418 ] ] ] } },
{ "type": "Feature", "properties": { "cell_id": "P1381" }, "geometry": { "type": "Polygon", "coordinates": [ [ [ 73.865, 18.427 ], [ 73.865, 18.436 ], [ 73.856, 18.436 ], [ 73.856, 18.427 ], [ 73.865, 18.427 ] ] ] } },
{ "type": "Feature", "properties": { "cell_id": "P1382" }, "geometry": { "type": "Polygon", "coordinates": [ [ [ 73.865, 18.436 ], [ 73.865, 18.445 ], [ 73.856, 18.445 ], [ 73.856, 18.436 ], [ 73.865, 18.436 ] ] ] } },
{ "type": "Feature", "properties": { "cell_id": "P1383" }, "geometry": { "type": "Polygon", "coordinates": [ [ [ 73.865, 18.445 ], [ 73.865, 18.454 ], [ 73.856, 18.454 ], [ 73.856, 18.445 ], [ 73.865, 18.445 ] ] ] } },
{ "type": "Feature", "properties": { "cell_id": "P1384" }, "geometry": { "type": "Polygon", "coordinates": [ [ [ 73.865, 18.454 ], [ 73.865, 18.463 ], [ 73.856, 18.463 ], [ 73.856, 18.454 ], [ 73.865, 18.454 ] ] ] } },
{ "type": "Feature", "properties": { "cell_id": "P1385" }, "geometry": { "type": "Polygon", "coordinates": [ [ [ 73.865, 18.463 ], [ 73.865, 18.472 ], [ 73.856, 18.472 ], [ 73.856, 18.463 ], [ 73.865, 18.463 ] ] ] } },
{ "type": "Feature", "properties": { "cell_id": "P1386" }, "geometry": { "type": "Polygon", "coordinates": [ [ [ 73.865, 18.472 ], [ 73.865, 18.481 ], [ 73.856, 18.481 ], [ 73.856, 18.472 ], [ 73.865, 18.472 ] ] ] } },
{ "type": "Feature", "properties": { "cell_id": "P1387" }, "geometry": { "type": "Polygon", "coordinates": [ [ [ 73.865, 18.481 ], [ 73.865, 18.49 ], [ 73.856, 18.49 ], [ 73.856, 18.481 ], [ 73.865, 18.481 ] ] ] } },
{ "type": "Feature", "properties": { "cell_id": "P1388" }, "geometry": { "type": "Polygon", "coordinates": [ [ [ 73.865, 18.49 ], [ 73.865, 18.499 ], [ 73.856, 18.499 ], [ 73.856, 18.49 ], [ 73.865, 18.49 ] ] ] } },
{ "type": "Feature", "properties": { "cell_id": "P1389" }, "geometry": { "type": "Polygon", "coordinates": [ [ [ 73.865, 18.499 ], [ 73.865, 18.508 ], [ 73.856, 18.508 ], [ 73.856, 18.499 ], [ 73.865, 18.499 ] ] ] } },
{ "type": "Feature", "properties": { "cell_id": "P1390" }, "geometry": { "type": "Polygon", "coordinates": [ [ [ 73.865, 18.508 ], [ 73.865, 18.517 ], [ 73.856, 18.517 ], [ 73.856, 18.508 ], [ 73.865, 18.508 ] ] ] } },
{ "type": "Feature", "properties": { "cell_id": "P1391" }, "geometry": { "type": "Polygon", "coordinates": [ [ [ 73.865, 18.517 ], [ 73.865, 18.526 ], [ 73.856, 18.526 ], [ 73.856, 18.517 ], [ 73.865, 18.517 ] ] ] } },
{ "type": "Feature", "properties": { "cell_id": "P1392" }, "geometry": { "type": "Polygon", "coordinates": [ [ [ 73.865, 18.526 ], [ 73.865, 18.535 ], [ 73.856, 18.535 ], [ 73.856, 18.526 ], [ 73.865, 18.526 ] ] ] } },
{ "type": "Feature", "properties": { "cell_id": "P1393" }, "geometry": { "type": "Polygon", "coordinates": [ [ [ 73.865, 18.535 ], [ 73.865, 18.544 ], [ 73.856, 18.544 ], [ 73.856, 18.535 ], [ 73.865, 18.535 ] ] ] } },
{ "type": "Feature", "properties": { "cell_id": "P1394" }, "geometry": { "type": "Polygon", "coordinates": [ [ [ 73.865, 18.544 ], [ 73.865, 18.553 ], [ 73.856, 18.553 ], [ 73.856, 18.544 ], [ 73.865, 18.544 ] ] ] } },
{ "type": "Feature", "properties": { "cell_id": "P1395" }, "geometry": { "type": "Polygon", "coordinates": [ [ [ 73.865, 18.553 ], [ 73.865, 18.562 ], [ 73.856, 18.562 ], [ 73.856, 18.553 ], [ 73.865, 18.553 ] ] ] } },
{ "type": "Feature", "properties": { "cell_id": "P1396" }, "geometry": { "type": "Polygon", "coordinates": [ [ [ 73.865, 18.562 ], [ 73.865, 18.571 ], [ 73.856, 18.571 ], [ 73.856, 18.562 ], [ 73.865, 18.562 ] ] ] } },
{ "type": "Feature", "properties": { "cell_id": "P1397" }, "geometry": { "type": "Polygon", "coordinates": [ [ [ 73.865, 18.571 ], [ 73.865, 18.58 ], [ 73.856, 18.58 ], [ 73.856, 18.571 ], [ 73.865, 18.571 ] ] ] } },
{ "type": "Feature", "properties": { "cell_id": "P1398" }, "geometry": { "type": "Polygon", "coordinates": [ [ [ 73.865, 18.58 ], [ 73.865, 18.589 ], [ 73.856, 18.589 ], [ 73.856, 18.58 ], [ 73.865, 18.58 ] ] ] } },
{ "type": "Feature", "properties": { "cell_id": "P1399" }, "geometry": { "type": "Polygon", "coordinates": [ [ [ 73.865, 18.589 ], [ 73.865, 18.598 ], [ 73.856, 18.598 ], [ 73.856, 18.589 ], [ 73.865, 18.589 ] ] ] } },
{ "type": "Feature", "properties": { "cell_id": "P1400" }, "geometry": { "type": "Polygon", "coordinates": [ [ [ 73.865, 18.598 ], [ 73.865, 18.607 ], [ 73.856, 18.607 ], [ 73.856, 18.598 ], [ 73.865, 18.598 ] ] ] } },
{ "type": "Feature", "properties": { "cell_id": "P1401" }, "geometry": { "type": "Polygon", "coordinates": [ [ [ 73.865, 18.607 ], [ 73.865, 18.616 ], [ 73.856, 18.616 ], [ 73.856, 18.607 ], [ 73.865, 18.607 ] ] ] } },
{ "type": "Feature", "properties": { "cell_id": "P1402" }, "geometry": { "type": "Polygon", "coordinates": [ [ [ 73.865, 18.616 ], [ 73.865, 18.625 ], [ 73.856, 18.625 ], [ 73.856, 18.616 ], [ 73.865, 18.616 ] ] ] } },
{ "type": "Feature", "properties": { "cell_id": "P1403" }, "geometry": { "type": "Polygon", "coordinates": [ [ [ 73.865, 18.625 ], [ 73.865, 18.634 ], [ 73.856, 18.634 ], [ 73.856, 18.625 ], [ 73.865, 18.625 ] ] ] } },
{ "type": "Feature", "properties": { "cell_id": "P1404" }, "geometry": { "type": "Polygon", "coordinates": [ [ [ 73.865, 18.634 ], [ 73.865, 18.643 ], [ 73.856, 18.643 ], [ 73.856, 18.634 ], [ 73.865, 18.634 ] ] ] } },
{ "type": "Feature", "properties": { "cell_id": "P1405" }, "geometry": { "type": "Polygon", "coordinates": [ [ [ 73.874, 18.4 ], [ 73.874, 18.409 ], [ 73.865, 18.409 ], [ 73.865, 18.4 ], [ 73.874, 18.4 ] ] ] } },
{ "type": "Feature", "properties": { "cell_id": "P1406" }, "geometry": { "type": "Polygon", "coordinates": [ [ [ 73.874, 18.409 ], [ 73.874, 18.418 ], [ 73.865, 18.418 ], [ 73.865, 18.409 ], [ 73.874, 18.409 ] ] ] } },
{ "type": "Feature", "properties": { "cell_id": "P1407" }, "geometry": { "type": "Polygon", "coordinates": [ [ [ 73.874, 18.418 ], [ 73.874, 18.427 ], [ 73.865, 18.427 ], [ 73.865, 18.418 ], [ 73.874, 18.418 ] ] ] } },
{ "type": "Feature", "properties": { "cell_id": "P1408" }, "geometry": { "type": "Polygon", "coordinates": [ [ [ 73.874, 18.427 ], [ 73.874, 18.436 ], [ 73.865, 18.436 ], [ 73.865, 18.427 ], [ 73.874, 18.427 ] ] ] } },
{ "type": "Feature", "properties": { "cell_id": "P1409" }, "geometry": { "type": "Polygon", "coordinates": [ [ [ 73.874, 18.436 ], [ 73.874, 18.445 ], [ 73.865, 18.445 ], [ 73.865, 18.436 ], [ 73.874, 18.436 ] ] ] } },
{ "type": "Feature", "properties": { "cell_id": "P1410" }, "geometry": { "type": "Polygon", "coordinates": [ [ [ 73.874, 18.445 ], [ 73.874, 18.454 ], [ 73.865, 18.454 ], [ 73.865, 18.445 ], [ 73.874, 18.445 ] ] ] } },
{ "type": "Feature", "properties": { "cell_id": "P1411" }, "geometry": { "type": "Polygon", "coordinates": [ [ [ 73.874, 18.454 ], [ 73.874, 18.463 ], [ 73.865, 18.463 ], [ 73.865, 18.454 ], [ 73.874, 18.454 ] ] ] } },
{ "type": "Feature", "properties": { "cell_id": "P1412" }, "geometry": { "type": "Polygon", "coordinates": [ [ [ 73.874, 18.463 ], [ 73.874, 18.472 ], [ 73.865, 18.472 ], [ 73.865, 18.463 ], [ 73.874, 18.463 ] ] ] } },
{ "type": "Feature", "properties": { "cell_id": "P1413" }, "geometry": { "type": "Polygon", "coordinates": [ [ [ 73.874, 18.472 ], [ 73.874, 18.481 ], [ 73.865, 18.481 ], [ 73.865, 18.472 ], [ 73.874, 18.472 ] ] ] } },
{ "type": "Feature", "properties": { "cell_id": "P1414" }, "geometry": { "type": "Polygon", "coordinates": [ [ [ 73.874, 18.481 ], [ 73.874, 18.49 ], [ 73.865, 18.49 ], [ 73.865, 18.481 ], [ 73.874, 18.481 ] ] ] } },
{ "type": "Feature", "properties": { "cell_id": "P1415" }, "geometry": { "type": "Polygon", "coordinates": [ [ [ 73.874, 18.49 ], [ 73.874, 18.499 ], [ 73.865, 18.499 ], [ 73.865, 18.49 ], [ 73.874, 18.49 ] ] ] } },
{ "type": "Feature", "properties": { "cell_id": "P1416" }, "geometry": { "type": "Polygon", "coordinates": [ [ [ 73.874, 18.499 ], [ 73.874, 18.508 ], [ 73.865, 18.508 ], [ 73.865, 18.499 ], [ 73.874, 18.499 ] ] ] } },
{ "type": "Feature", "properties": { "cell_id": "P1417" }, "geometry": { "type": "Polygon", "coordinates": [ [ [ 73.874, 18.508 ], [ 73.874, 18.517 ], [ 73.865, 18.517 ], [ 73.865, 18.508 ], [ 73.874, 18.508 ] ] ] } },
{ "type": "Feature", "properties": { "cell_id": "P1418" }, "geometry": { "type": "Polygon", "coordinates": [ [ [ 73.874, 18.517 ], [ 73.874, 18.526 ], [ 73.865, 18.526 ], [ 73.865, 18.517 ], [ 73.874, 18.517 ] ] ] } },
{ "type": "Feature", "properties": { "cell_id": "P1419" }, "geometry": { "type": "Polygon", "coordinates": [ [ [ 73.874, 18.526 ], [ 73.874, 18.535 ], [ 73.865, 18.535 ], [ 73.865, 18.526 ], [ 73.874, 18.526 ] ] ] } },
{ "type": "Feature", "properties": { "cell_id": "P1420" }, "geometry": { "type": "Polygon", "coordinates": [ [ [ 73.874, 18.535 ], [ 73.874, 18.544 ], [ 73.865, 18.544 ], [ 73.865, 18.535 ], [ 73.874, 18.535 ] ] ] } },
{ "type": "Feature", "properties": { "cell_id": "P1421" }, "geometry": { "type": "Polygon", "coordinates": [ [ [ 73.874, 18.544 ], [ 73.874, 18.553 ], [ 73.865, 18.553 ], [ 73.865, 18.544 ], [ 73.874, 18.544 ] ] ] } },
{ "type": "Feature", "properties": { "cell_id": "P1422" }, "geometry": { "type": "Polygon", "coordinates": [ [ [ 73.874, 18.553 ], [ 73.874, 18.562 ], [ 73.865, 18.562 ], [ 73.865, 18.553 ], [ 73.874, 18.553 ] ] ] } },
{ "type": "Feature", "properties": { "cell_id": "P1423" }, "geometry": { "type": "Polygon", "coordinates": [ [ [ 73.874, 18.562 ], [ 73.874, 18.571 ], [ 73.865, 18.571 ], [ 73.865, 18.562 ], [ 73.874, 18.562 ] ] ] } },
{ "type": "Feature", "properties": { "cell_id": "P1424" }, "geometry": { "type": "Polygon", "coordinates": [ [ [ 73.874, 18.571 ], [ 73.874, 18.58 ], [ 73.865, 18.58 ], [ 73.865, 18.571 ], [ 73.874, 18.571 ] ] ] } },
{ "type": "Feature", "properties": { "cell_id": "P1425" }, "geometry": { "type": "Polygon", "coordinates": [ [ [ 73.874, 18.58 ], [ 73.874, 18.589 ], [ 73.865, 18.589 ], [ 73.865, 18.58 ], [ 73.874, 18.58 ] ] ] } },
{ "type": "Feature", "properties": { "cell_id": "P1426" }, "geometry": { "type": "Polygon", "coordinates": [ [ [ 73.874, 18.589 ], [ 73.874, 18.598 ], [ 73.865, 18.598 ], [ 73.865, 18.589 ], [ 73.874, 18.589 ] ] ] } },
{ "type": "Feature", "properties": { "cell_id": "P1427" }, "geometry": { "type": "Polygon", "coordinates": [ [ [ 73.874, 18.598 ], [ 73.874, 18.607 ], [ 73.865, 18.607 ], [ 73.865, 18.598 ], [ 73.874, 18.598 ] ] ] } },
{ "type": "Feature", "properties": { "cell_id": "P1428" }, "geometry": { "type": "Polygon", "coordinates": [ [ [ 73.874, 18.607 ], [ 73.874, 18.616 ], [ 73.865, 18.616 ], [ 73.865, 18.607 ], [ 73.874, 18.607 ] ] ] } },
{ "type": "Feature", "properties": { "cell_id": "P1429" }, "geometry": { "type": "Polygon", "coordinates": [ [ [ 73.874, 18.616 ], [ 73.874, 18.625 ], [ 73.865, 18.625 ], [ 73.865, 18.616 ], [ 73.874, 18.616 ] ] ] } },
{ "type": "Feature", "properties": { "cell_id": "P1430" }, "geometry": { "type": "Polygon", "coordinates": [ [ [ 73.874, 18.625 ], [ 73.874, 18.634 ], [ 73.865, 18.634 ], [ 73.865, 18.625 ], [ 73.874, 18.625 ] ] ] } },
{ "type": "Feature", "properties": { "cell_id": "P1431" }, "geometry": { "type": "Polygon", "coordinates": [ [ [ 73.874, 18.634 ], [ 73.874, 18.643 ], [ 73.865, 18.643 ], [ 73.865, 18.634 ], [ 73.874, 18.634 ] ] ] } },
{ "type": "Feature", "properties": { "cell_id": "P1432" }, "geometry": { "type": "Polygon", "coordinates": [ [ [ 73.883, 18.4 ], [ 73.883, 18.409 ], [ 73.874, 18.409 ], [ 73.874, 18.4 ], [ 73.883, 18.4 ] ] ] } },
{ "type": "Feature", "properties": { "cell_id": "P1433" }, "geometry": { "type": "Polygon", "coordinates": [ [ [ 73.883, 18.409 ], [ 73.883, 18.418 ], [ 73.874, 18.418 ], [ 73.874, 18.409 ], [ 73.883, 18.409 ] ] ] } },
{ "type": "Feature", "properties": { "cell_id": "P1434" }, "geometry": { "type": "Polygon", "coordinates": [ [ [ 73.883, 18.418 ], [ 73.883, 18.427 ], [ 73.874, 18.427 ], [ 73.874, 18.418 ], [ 73.883, 18.418 ] ] ] } },
{ "type": "Feature", "properties": { "cell_id": "P1435" }, "geometry": { "type": "Polygon", "coordinates": [ [ [ 73.883, 18.427 ], [ 73.883, 18.436 ], [ 73.874, 18.436 ], [ 73.874, 18.427 ], [ 73.883, 18.427 ] ] ] } },
{ "type": "Feature", "properties": { "cell_id": "P1436" }, "geometry": { "type": "Polygon", "coordinates": [ [ [ 73.883, 18.436 ], [ 73.883, 18.445 ], [ 73.874, 18.445 ], [ 73.874, 18.436 ], [ 73.883, 18.436 ] ] ] } },
{ "type": "Feature", "properties": { "cell_id": "P1437" }, "geometry": { "type": "Polygon", "coordinates": [ [ [ 73.883, 18.445 ], [ 73.883, 18.454 ], [ 73.874, 18.454 ], [ 73.874, 18.445 ], [ 73.883, 18.445 ] ] ] } },
{ "type": "Feature", "properties": { "cell_id": "P1438" }, "geometry": { "type": "Polygon", "coordinates": [ [ [ 73.883, 18.454 ], [ 73.883, 18.463 ], [ 73.874, 18.463 ], [ 73.874, 18.454 ], [ 73.883, 18.454 ] ] ] } },
{ "type": "Feature", "properties": { "cell_id": "P1439" }, "geometry": { "type": "Polygon", "coordinates": [ [ [ 73.883, 18.463 ], [ 73.883, 18.472 ], [ 73.874, 18.472 ], [ 73.874, 18.463 ], [ 73.883, 18.463 ] ] ] } },
{ "type": "Feature", "properties": { "cell_id": "P1440" }, "geometry": { "type": "Polygon", "coordinates": [ [ [ 73.883, 18.472 ], [ 73.883, 18.481 ], [ 73.874, 18.481 ], [ 73.874, 18.472 ], [ 73.883, 18.472 ] ] ] } },
{ "type": "Feature", "properties": { "cell_id": "P1441" }, "geometry": { "type": "Polygon", "coordinates": [ [ [ 73.883, 18.481 ], [ 73.883, 18.49 ], [ 73.874, 18.49 ], [ 73.874, 18.481 ], [ 73.883, 18.481 ] ] ] } },
{ "type": "Feature", "properties": { "cell_id": "P1442" }, "geometry": { "type": "Polygon", "coordinates": [ [ [ 73.883, 18.49 ], [ 73.883, 18.499 ], [ 73.874, 18.499 ], [ 73.874, 18.49 ], [ 73.883, 18.49 ] ] ] } },
{ "type": "Feature", "properties": { "cell_id": "P1443" }, "geometry": { "type": "Polygon", "coordinates": [ [ [ 73.883, 18.499 ], [ 73.883, 18.508 ], [ 73.874, 18.508 ], [ 73.874, 18.499 ], [ 73.883, 18.499 ] ] ] } },
{ "type": "Feature", "properties": { "cell_id": "P1444" }, "geometry": { "type": "Polygon", "coordinates": [ [ [ 73.883, 18.508 ], [ 73.883, 18.517 ], [ 73.874, 18.517 ], [ 73.874, 18.508 ], [ 73.883, 18.508 ] ] ] } },
{ "type": "Feature", "properties": { "cell_id": "P1445" }, "geometry": { "type": "Polygon", "coordinates": [ [ [ 73.883, 18.517 ], [ 73.883, 18.526 ], [ 73.874, 18.526 ], [ 73.874, 18.517 ], [ 73.883, 18.517 ] ] ] } },
{ "type": "Feature", "properties": { "cell_id": "P1446" }, "geometry": { "type": "Polygon", "coordinates": [ [ [ 73.883, 18.526 ], [ 73.883, 18.535 ], [ 73.874, 18.535 ], [ 73.874, 18.526 ], [ 73.883, 18.526 ] ] ] } },
{ "type": "Feature", "properties": { "cell_id": "P1447" }, "geometry": { "type": "Polygon", "coordinates": [ [ [ 73.883, 18.535 ], [ 73.883, 18.544 ], [ 73.874, 18.544 ], [ 73.874, 18.535 ], [ 73.883, 18.535 ] ] ] } },
{ "type": "Feature", "properties": { "cell_id": "P1448" }, "geometry": { "type": "Polygon", "coordinates": [ [ [ 73.883, 18.544 ], [ 73.883, 18.553 ], [ 73.874, 18.553 ], [ 73.874, 18.544 ], [ 73.883, 18.544 ] ] ] } },
{ "type": "Feature", "properties": { "cell_id": "P1449" }, "geometry": { "type": "Polygon", "coordinates": [ [ [ 73.883, 18.553 ], [ 73.883, 18.562 ], [ 73.874, 18.562 ], [ 73.874, 18.553 ], [ 73.883, 18.553 ] ] ] } },
{ "type": "Feature", "properties": { "cell_id": "P1450" }, "geometry": { "type": "Polygon", "coordinates": [ [ [ 73.883, 18.562 ], [ 73.883, 18.571 ], [ 73.874, 18.571 ], [ 73.874, 18.562 ], [ 73.883, 18.562 ] ] ] } },
{ "type": "Feature", "properties": { "cell_id": "P1451" }, "geometry": { "type": "Polygon", "coordinates": [ [ [ 73.883, 18.571 ], [ 73.883, 18.58 ], [ 73.874, 18.58 ], [ 73.874, 18.571 ], [ 73.883, 18.571 ] ] ] } },
{ "type": "Feature", "properties": { "cell_id": "P1452" }, "geometry": { "type": "Polygon", "coordinates": [ [ [ 73.883, 18.58 ], [ 73.883, 18.589 ], [ 73.874, 18.589 ], [ 73.874, 18.58 ], [ 73.883, 18.58 ] ] ] } },
{ "type": "Feature", "properties": { "cell_id": "P1453" }, "geometry": { "type": "Polygon", "coordinates": [ [ [ 73.883, 18.589 ], [ 73.883, 18.598 ], [ 73.874, 18.598 ], [ 73.874, 18.589 ], [ 73.883, 18.589 ] ] ] } },
{ "type": "Feature", "properties": { "cell_id": "P1454" }, "geometry": { "type": "Polygon", "coordinates": [ [ [ 73.883, 18.598 ], [ 73.883, 18.607 ], [ 73.874, 18.607 ], [ 73.874, 18.598 ], [ 73.883, 18.598 ] ] ] } },
{ "type": "Feature", "properties": { "cell_id": "P1455" }, "geometry": { "type": "Polygon", "coordinates": [ [ [ 73.883, 18.607 ], [ 73.883, 18.616 ], [ 73.874, 18.616 ], [ 73.874, 18.607 ], [ 73.883, 18.607 ] ] ] } },
{ "type": "Feature", "properties": { "cell_id": "P1456" }, "geometry": { "type": "Polygon", "coordinates": [ [ [ 73.883, 18.616 ], [ 73.883, 18.625 ], [ 73.874, 18.625 ], [ 73.874, 18.616 ], [ 73.883, 18.616 ] ] ] } },
{ "type": "Feature", "properties": { "cell_id": "P1457" }, "geometry": { "type": "Polygon", "coordinates": [ [ [ 73.883, 18.625 ], [ 73.883, 18.634 ], [ 73.874, 18.634 ], [ 73.874, 18.625 ], [ 73.883, 18.625 ] ] ] } },
{ "type": "Feature", "properties": { "cell_id": "P1458" }, "geometry": { "type": "Polygon", "coordinates": [ [ [ 73.883, 18.634 ], [ 73.883, 18.643 ], [ 73.874, 18.643 ], [ 73.874, 18.634 ], [ 73.883, 18.634 ] ] ] } },
{ "type": "Feature", "properties": { "cell_id": "P1459" }, "geometry": { "type": "Polygon", "coordinates": [ [ [ 73.892, 18.4 ], [ 73.892, 18.409 ], [ 73.883, 18.409 ], [ 73.883, 18.4 ], [ 73.892, 18.4 ] ] ] } },
{ "type": "Feature", "properties": { "cell_id": "P1460" }, "geometry": { "type": "Polygon", "coordinates": [ [ [ 73.892, 18.409 ], [ 73.892, 18.418 ], [ 73.883, 18.418 ], [ 73.883, 18.409 ], [ 73.892, 18.409 ] ] ] } },
{ "type": "Feature", "properties": { "cell_id": "P1461" }, "geometry": { "type": "Polygon", "coordinates": [ [ [ 73.892, 18.418 ], [ 73.892, 18.427 ], [ 73.883, 18.427 ], [ 73.883, 18.418 ], [ 73.892, 18.418 ] ] ] } },
{ "type": "Feature", "properties": { "cell_id": "P1462" }, "geometry": { "type": "Polygon", "coordinates": [ [ [ 73.892, 18.427 ], [ 73.892, 18.436 ], [ 73.883, 18.436 ], [ 73.883, 18.427 ], [ 73.892, 18.427 ] ] ] } },
{ "type": "Feature", "properties": { "cell_id": "P1463" }, "geometry": { "type": "Polygon", "coordinates": [ [ [ 73.892, 18.436 ], [ 73.892, 18.445 ], [ 73.883, 18.445 ], [ 73.883, 18.436 ], [ 73.892, 18.436 ] ] ] } },
{ "type": "Feature", "properties": { "cell_id": "P1464" }, "geometry": { "type": "Polygon", "coordinates": [ [ [ 73.892, 18.445 ], [ 73.892, 18.454 ], [ 73.883, 18.454 ], [ 73.883, 18.445 ], [ 73.892, 18.445 ] ] ] } },
{ "type": "Feature", "properties": { "cell_id": "P1465" }, "geometry": { "type": "Polygon", "coordinates": [ [ [ 73.892, 18.454 ], [ 73.892, 18.463 ], [ 73.883, 18.463 ], [ 73.883, 18.454 ], [ 73.892, 18.454 ] ] ] } },
{ "type": "Feature", "properties": { "cell_id": "P1466" }, "geometry": { "type": "Polygon", "coordinates": [ [ [ 73.892, 18.463 ], [ 73.892, 18.472 ], [ 73.883, 18.472 ], [ 73.883, 18.463 ], [ 73.892, 18.463 ] ] ] } },
{ "type": "Feature", "properties": { "cell_id": "P1467" }, "geometry": { "type": "Polygon", "coordinates": [ [ [ 73.892, 18.472 ], [ 73.892, 18.481 ], [ 73.883, 18.481 ], [ 73.883, 18.472 ], [ 73.892, 18.472 ] ] ] } },
{ "type": "Feature", "properties": { "cell_id": "P1468" }, "geometry": { "type": "Polygon", "coordinates": [ [ [ 73.892, 18.481 ], [ 73.892, 18.49 ], [ 73.883, 18.49 ], [ 73.883, 18.481 ], [ 73.892, 18.481 ] ] ] } },
{ "type": "Feature", "properties": { "cell_id": "P1469" }, "geometry": { "type": "Polygon", "coordinates": [ [ [ 73.892, 18.49 ], [ 73.892, 18.499 ], [ 73.883, 18.499 ], [ 73.883, 18.49 ], [ 73.892, 18.49 ] ] ] } },
{ "type": "Feature", "properties": { "cell_id": "P1470" }, "geometry": { "type": "Polygon", "coordinates": [ [ [ 73.892, 18.499 ], [ 73.892, 18.508 ], [ 73.883, 18.508 ], [ 73.883, 18.499 ], [ 73.892, 18.499 ] ] ] } },
{ "type": "Feature", "properties": { "cell_id": "P1471" }, "geometry": { "type": "Polygon", "coordinates": [ [ [ 73.892, 18.508 ], [ 73.892, 18.517 ], [ 73.883, 18.517 ], [ 73.883, 18.508 ], [ 73.892, 18.508 ] ] ] } },
{ "type": "Feature", "properties": { "cell_id": "P1472" }, "geometry": { "type": "Polygon", "coordinates": [ [ [ 73.892, 18.517 ], [ 73.892, 18.526 ], [ 73.883, 18.526 ], [ 73.883, 18.517 ], [ 73.892, 18.517 ] ] ] } },
{ "type": "Feature", "properties": { "cell_id": "P1473" }, "geometry": { "type": "Polygon", "coordinates": [ [ [ 73.892, 18.526 ], [ 73.892, 18.535 ], [ 73.883, 18.535 ], [ 73.883, 18.526 ], [ 73.892, 18.526 ] ] ] } },
{ "type": "Feature", "properties": { "cell_id": "P1474" }, "geometry": { "type": "Polygon", "coordinates": [ [ [ 73.892, 18.535 ], [ 73.892, 18.544 ], [ 73.883, 18.544 ], [ 73.883, 18.535 ], [ 73.892, 18.535 ] ] ] } },
{ "type": "Feature", "properties": { "cell_id": "P1475" }, "geometry": { "type": "Polygon", "coordinates": [ [ [ 73.892, 18.544 ], [ 73.892, 18.553 ], [ 73.883, 18.553 ], [ 73.883, 18.544 ], [ 73.892, 18.544 ] ] ] } },
{ "type": "Feature", "properties": { "cell_id": "P1476" }, "geometry": { "type": "Polygon", "coordinates": [ [ [ 73.892, 18.553 ], [ 73.892, 18.562 ], [ 73.883, 18.562 ], [ 73.883, 18.553 ], [ 73.892, 18.553 ] ] ] } },
{ "type": "Feature", "properties": { "cell_id": "P1477" }, "geometry": { "type": "Polygon", "coordinates": [ [ [ 73.892, 18.562 ], [ 73.892, 18.571 ], [ 73.883, 18.571 ], [ 73.883, 18.562 ], [ 73.892, 18.562 ] ] ] } },
{ "type": "Feature", "properties": { "cell_id": "P1478" }, "geometry": { "type": "Polygon", "coordinates": [ [ [ 73.892, 18.571 ], [ 73.892, 18.58 ], [ 73.883, 18.58 ], [ 73.883, 18.571 ], [ 73.892, 18.571 ] ] ] } },
{ "type": "Feature", "properties": { "cell_id": "P1479" }, "geometry": { "type": "Polygon", "coordinates": [ [ [ 73.892, 18.58 ], [ 73.892, 18.589 ], [ 73.883, 18.589 ], [ 73.883, 18.58 ], [ 73.892, 18.58 ] ] ] } },
{ "type": "Feature", "properties": { "cell_id": "P1480" }, "geometry": { "type": "Polygon", "coordinates": [ [ [ 73.892, 18.589 ], [ 73.892, 18.598 ], [ 73.883, 18.598 ], [ 73.883, 18.589 ], [ 73.892, 18.589 ] ] ] } },
{ "type": "Feature", "properties": { "cell_id": "P1481" }, "geometry": { "type": "Polygon", "coordinates": [ [ [ 73.892, 18.598 ], [ 73.892, 18.607 ], [ 73.883, 18.607 ], [ 73.883, 18.598 ], [ 73.892, 18.598 ] ] ] } },
{ "type": "Feature", "properties": { "cell_id": "P1482" }, "geometry": { "type": "Polygon", "coordinates": [ [ [ 73.892, 18.607 ], [ 73.892, 18.616 ], [ 73.883, 18.616 ], [ 73.883, 18.607 ], [ 73.892, 18.607 ] ] ] } },
{ "type": "Feature", "properties": { "cell_id": "P1483" }, "geometry": { "type": "Polygon", "coordinates": [ [ [ 73.892, 18.616 ], [ 73.892, 18.625 ], [ 73.883, 18.625 ], [ 73.883, 18.616 ], [ 73.892, 18.616 ] ] ] } },
{ "type": "Feature", "properties": { "cell_id": "P1484" }, "geometry": { "type": "Polygon", "coordinates": [ [ [ 73.892, 18.625 ], [ 73.892, 18.634 ], [ 73.883, 18.634 ], [ 73.883, 18.625 ], [ 73.892, 18.625 ] ] ] } },
{ "type": "Feature", "properties": { "cell_id": "P1485" }, "geometry": { "type": "Polygon", "coordinates": [ [ [ 73.892, 18.634 ], [ 73.892, 18.643 ], [ 73.883, 18.643 ], [ 73.883, 18.634 ], [ 73.892, 18.634 ] ] ] } },
{ "type": "Feature", "properties": { "cell_id": "P1486" }, "geometry": { "type": "Polygon", "coordinates": [ [ [ 73.901, 18.4 ], [ 73.901, 18.409 ], [ 73.892, 18.409 ], [ 73.892, 18.4 ], [ 73.901, 18.4 ] ] ] } },
{ "type": "Feature", "properties": { "cell_id": "P1487" }, "geometry": { "type": "Polygon", "coordinates": [ [ [ 73.901, 18.409 ], [ 73.901, 18.418 ], [ 73.892, 18.418 ], [ 73.892, 18.409 ], [ 73.901, 18.409 ] ] ] } },
{ "type": "Feature", "properties": { "cell_id": "P1488" }, "geometry": { "type": "Polygon", "coordinates": [ [ [ 73.901, 18.418 ], [ 73.901, 18.427 ], [ 73.892, 18.427 ], [ 73.892, 18.418 ], [ 73.901, 18.418 ] ] ] } },
{ "type": "Feature", "properties": { "cell_id": "P1489" }, "geometry": { "type": "Polygon", "coordinates": [ [ [ 73.901, 18.427 ], [ 73.901, 18.436 ], [ 73.892, 18.436 ], [ 73.892, 18.427 ], [ 73.901, 18.427 ] ] ] } },
{ "type": "Feature", "properties": { "cell_id": "P1490" }, "geometry": { "type": "Polygon", "coordinates": [ [ [ 73.901, 18.436 ], [ 73.901, 18.445 ], [ 73.892, 18.445 ], [ 73.892, 18.436 ], [ 73.901, 18.436 ] ] ] } },
{ "type": "Feature", "properties": { "cell_id": "P1491" }, "geometry": { "type": "Polygon", "coordinates": [ [ [ 73.901, 18.445 ], [ 73.901, 18.454 ], [ 73.892, 18.454 ], [ 73.892, 18.445 ], [ 73.901, 18.445 ] ] ] } },
{ "type": "Feature", "properties": { "cell_id": "P1492" }, "geometry": { "type": "Polygon", "coordinates": [ [ [ 73.901, 18.454 ], [ 73.901, 18.463 ], [ 73.892, 18.463 ], [ 73.892, 18.454 ], [ 73.901, 18.454 ] ] ] } },
{ "type": "Feature", "properties": { "cell_id": "P1493" }, "geometry": { "type": "Polygon", "coordinates": [ [ [ 73.901, 18.463 ], [ 73.901, 18.472 ], [ 73.892, 18.472 ], [ 73.892, 18.463 ], [ 73.901, 18.463 ] ] ] } },
{ "type": "Feature", "properties": { "cell_id": "P1494" }, "geometry": { "type": "Polygon", "coordinates": [ [ [ 73.901, 18.472 ], [ 73.901, 18.481 ], [ 73.892, 18.481 ], [ 73.892, 18.472 ], [ 73.901, 18.472 ] ] ] } },
{ "type": "Feature", "properties": { "cell_id": "P1495" }, "geometry": { "type": "Polygon", "coordinates": [ [ [ 73.901, 18.481 ], [ 73.901, 18.49 ], [ 73.892, 18.49 ], [ 73.892, 18.481 ], [ 73.901, 18.481 ] ] ] } },
{ "type": "Feature", "properties": { "cell_id": "P1496" }, "geometry": { "type": "Polygon", "coordinates": [ [ [ 73.901, 18.49 ], [ 73.901, 18.499 ], [ 73.892, 18.499 ], [ 73.892, 18.49 ], [ 73.901, 18.49 ] ] ] } },
{ "type": "Feature", "properties": { "cell_id": "P1497" }, "geometry": { "type": "Polygon", "coordinates": [ [ [ 73.901, 18.499 ], [ 73.901, 18.508 ], [ 73.892, 18.508 ], [ 73.892, 18.499 ], [ 73.901, 18.499 ] ] ] } },
{ "type": "Feature", "properties": { "cell_id": "P1498" }, "geometry": { "type": "Polygon", "coordinates": [ [ [ 73.901, 18.508 ], [ 73.901, 18.517 ], [ 73.892, 18.517 ], [ 73.892, 18.508 ], [ 73.901, 18.508 ] ] ] } },
{ "type": "Feature", "properties": { "cell_id": "P1499" }, "geometry": { "type": "Polygon", "coordinates": [ [ [ 73.901, 18.517 ], [ 73.901, 18.526 ], [ 73.892, 18.526 ], [ 73.892, 18.517 ], [ 73.901, 18.517 ] ] ] } },
{ "type": "Feature", "properties": { "cell_id": "P1500" }, "geometry": { "type": "Polygon", "coordinates": [ [ [ 73.901, 18.526 ], [ 73.901, 18.535 ], [ 73.892, 18.535 ], [ 73.892, 18.526 ], [ 73.901, 18.526 ] ] ] } },
{ "type": "Feature", "properties": { "cell_id": "P1501" }, "geometry": { "type": "Polygon", "coordinates": [ [ [ 73.901, 18.535 ], [ 73.901, 18.544 ], [ 73.892, 18.544 ], [ 73.892, 18.535 ], [ 73.901, 18.535 ] ] ] } },
{ "type": "Feature", "properties": { "cell_id": "P1502" }, "geometry": { "type": "Polygon", "coordinates": [ [ [ 73.901, 18.544 ], [ 73.901, 18.553 ], [ 73.892, 18.553 ], [ 73.892, 18.544 ], [ 73.901, 18.544 ] ] ] } },
{ "type": "Feature", "properties": { "cell_id": "P1503" }, "geometry": { "type": "Polygon", "coordinates": [ [ [ 73.901, 18.553 ], [ 73.901, 18.562 ], [ 73.892, 18.562 ], [ 73.892, 18.553 ], [ 73.901, 18.553 ] ] ] } },
{ "type": "Feature", "properties": { "cell_id": "P1504" }, "geometry": { "type": "Polygon", "coordinates": [ [ [ 73.901, 18.562 ], [ 73.901, 18.571 ], [ 73.892, 18.571 ], [ 73.892, 18.562 ], [ 73.901, 18.562 ] ] ] } },
{ "type": "Feature", "properties": { "cell_id": "P1505" }, "geometry": { "type": "Polygon", "coordinates": [ [ [ 73.901, 18.571 ], [ 73.901, 18.58 ], [ 73.892, 18.58 ], [ 73.892, 18.571 ], [ 73.901, 18.571 ] ] ] } },
{ "type": "Feature", "properties": { "cell_id": "P1506" }, "geometry": { "type": "Polygon", "coordinates": [ [ [ 73.901, 18.58 ], [ 73.901, 18.589 ], [ 73.892, 18.589 ], [ 73.892, 18.58 ], [ 73.901, 18.58 ] ] ] } },
{ "type": "Feature", "properties": { "cell_id": "P1507" }, "geometry": { "type": "Polygon", "coordinates": [ [ [ 73.901, 18.589 ], [ 73.901, 18.598 ], [ 73.892, 18.598 ], [ 73.892, 18.589 ], [ 73.901, 18.589 ] ] ] } },
{ "type": "Feature", "properties": { "cell_id": "P1508" }, "geometry": { "type": "Polygon", "coordinates": [ [ [ 73.901, 18.598 ], [ 73.901, 18.607 ], [ 73.892, 18.607 ], [ 73.892, 18.598 ], [ 73.901, 18.598 ] ] ] } },
{ "type": "Feature", "properties": { "cell_id": "P1509" }, "geometry": { "type": "Polygon", "coordinates": [ [ [ 73.901, 18.607 ], [ 73.901, 18.616 ], [ 73.892, 18.616 ], [ 73.892, 18.607 ], [ 73.901, 18.607 ] ] ] } },
{ "type": "Feature", "properties": { "cell_id": "P1510" }, "geometry": { "type": "Polygon", "coordinates": [ [ [ 73.901, 18.616 ], [ 73.901, 18.625 ], [ 73.892, 18.625 ], [ 73.892, 18.616 ], [ 73.901, 18.616 ] ] ] } },
{ "type": "Feature", "properties": { "cell_id": "P1511" }, "geometry": { "type": "Polygon", "coordinates": [ [ [ 73.901, 18.625 ], [ 73.901, 18.634 ], [ 73.892, 18.634 ], [ 73.892, 18.625 ], [ 73.901, 18.625 ] ] ] } },
{ "type": "Feature", "properties": { "cell_id": "P1512" }, "geometry": { "type": "Polygon", "coordinates": [ [ [ 73.901, 18.634 ], [ 73.901, 18.643 ], [ 73.892, 18.643 ], [ 73.892, 18.634 ], [ 73.901, 18.634 ] ] ] } },
{ "type": "Feature", "properties": { "cell_id": "P1513" }, "geometry": { "type": "Polygon", "coordinates": [ [ [ 73.91, 18.4 ], [ 73.91, 18.409 ], [ 73.901, 18.409 ], [ 73.901, 18.4 ], [ 73.91, 18.4 ] ] ] } },
{ "type": "Feature", "properties": { "cell_id": "P1514" }, "geometry": { "type": "Polygon", "coordinates": [ [ [ 73.91, 18.409 ], [ 73.91, 18.418 ], [ 73.901, 18.418 ], [ 73.901, 18.409 ], [ 73.91, 18.409 ] ] ] } },
{ "type": "Feature", "properties": { "cell_id": "P1515" }, "geometry": { "type": "Polygon", "coordinates": [ [ [ 73.91, 18.418 ], [ 73.91, 18.427 ], [ 73.901, 18.427 ], [ 73.901, 18.418 ], [ 73.91, 18.418 ] ] ] } },
{ "type": "Feature", "properties": { "cell_id": "P1516" }, "geometry": { "type": "Polygon", "coordinates": [ [ [ 73.91, 18.427 ], [ 73.91, 18.436 ], [ 73.901, 18.436 ], [ 73.901, 18.427 ], [ 73.91, 18.427 ] ] ] } },
{ "type": "Feature", "properties": { "cell_id": "P1517" }, "geometry": { "type": "Polygon", "coordinates": [ [ [ 73.91, 18.436 ], [ 73.91, 18.445 ], [ 73.901, 18.445 ], [ 73.901, 18.436 ], [ 73.91, 18.436 ] ] ] } },
{ "type": "Feature", "properties": { "cell_id": "P1518" }, "geometry": { "type": "Polygon", "coordinates": [ [ [ 73.91, 18.445 ], [ 73.91, 18.454 ], [ 73.901, 18.454 ], [ 73.901, 18.445 ], [ 73.91, 18.445 ] ] ] } },
{ "type": "Feature", "properties": { "cell_id": "P1519" }, "geometry": { "type": "Polygon", "coordinates": [ [ [ 73.91, 18.454 ], [ 73.91, 18.463 ], [ 73.901, 18.463 ], [ 73.901, 18.454 ], [ 73.91, 18.454 ] ] ] } },
{ "type": "Feature", "properties": { "cell_id": "P1520" }, "geometry": { "type": "Polygon", "coordinates": [ [ [ 73.91, 18.463 ], [ 73.91, 18.472 ], [ 73.901, 18.472 ], [ 73.901, 18.463 ], [ 73.91, 18.463 ] ] ] } },
{ "type": "Feature", "properties": { "cell_id": "P1521" }, "geometry": { "type": "Polygon", "coordinates": [ [ [ 73.91, 18.472 ], [ 73.91, 18.481 ], [ 73.901, 18.481 ], [ 73.901, 18.472 ], [ 73.91, 18.472 ] ] ] } },
{ "type": "Feature", "properties": { "cell_id": "P1522" }, "geometry": { "type": "Polygon", "coordinates": [ [ [ 73.91, 18.481 ], [ 73.91, 18.49 ], [ 73.901, 18.49 ], [ 73.901, 18.481 ], [ 73.91, 18.481 ] ] ] } },
{ "type": "Feature", "properties": { "cell_id": "P1523" }, "geometry": { "type": "Polygon", "coordinates": [ [ [ 73.91, 18.49 ], [ 73.91, 18.499 ], [ 73.901, 18.499 ], [ 73.901, 18.49 ], [ 73.91, 18.49 ] ] ] } },
{ "type": "Feature", "properties": { "cell_id": "P1524" }, "geometry": { "type": "Polygon", "coordinates": [ [ [ 73.91, 18.499 ], [ 73.91, 18.508 ], [ 73.901, 18.508 ], [ 73.901, 18.499 ], [ 73.91, 18.499 ] ] ] } },
{ "type": "Feature", "properties": { "cell_id": "P1525" }, "geometry": { "type": "Polygon", "coordinates": [ [ [ 73.91, 18.508 ], [ 73.91, 18.517 ], [ 73.901, 18.517 ], [ 73.901, 18.508 ], [ 73.91, 18.508 ] ] ] } },
{ "type": "Feature", "properties": { "cell_id": "P1526" }, "geometry": { "type": "Polygon", "coordinates": [ [ [ 73.91, 18.517 ], [ 73.91, 18.526 ], [ 73.901, 18.526 ], [ 73.901, 18.517 ], [ 73.91, 18.517 ] ] ] } },
{ "type": "Feature", "properties": { "cell_id": "P1527" }, "geometry": { "type": "Polygon", "coordinates": [ [ [ 73.91, 18.526 ], [ 73.91, 18.535 ], [ 73.901, 18.535 ], [ 73.901, 18.526 ], [ 73.91, 18.526 ] ] ] } },
{ "type": "Feature", "properties": { "cell_id": "P1528" }, "geometry": { "type": "Polygon", "coordinates": [ [ [ 73.91, 18.535 ], [ 73.91, 18.544 ], [ 73.901, 18.544 ], [ 73.901, 18.535 ], [ 73.91, 18.535 ] ] ] } },
{ "type": "Feature", "properties": { "cell_id": "P1529" }, "geometry": { "type": "Polygon", "coordinates": [ [ [ 73.91, 18.544 ], [ 73.91, 18.553 ], [ 73.901, 18.553 ], [ 73.901, 18.544 ], [ 73.91, 18.544 ] ] ] } },
{ "type": "Feature", "properties": { "cell_id": "P1530" }, "geometry": { "type": "Polygon", "coordinates": [ [ [ 73.91, 18.553 ], [ 73.91, 18.562 ], [ 73.901, 18.562 ], [ 73.901, 18.553 ], [ 73.91, 18.553 ] ] ] } },
{ "type": "Feature", "properties": { "cell_id": "P1531" }, "geometry": { "type": "Polygon", "coordinates": [ [ [ 73.91, 18.562 ], [ 73.91, 18.571 ], [ 73.901, 18.571 ], [ 73.901, 18.562 ], [ 73.91, 18.562 ] ] ] } },
{ "type": "Feature", "properties": { "cell_id": "P1532" }, "geometry": { "type": "Polygon", "coordinates": [ [ [ 73.91, 18.571 ], [ 73.91, 18.58 ], [ 73.901, 18.58 ], [ 73.901, 18.571 ], [ 73.91, 18.571 ] ] ] } },
{ "type": "Feature", "properties": { "cell_id": "P1533" }, "geometry": { "type": "Polygon", "coordinates": [ [ [ 73.91, 18.58 ], [ 73.91, 18.589 ], [ 73.901, 18.589 ], [ 73.901, 18.58 ], [ 73.91, 18.58 ] ] ] } },
{ "type": "Feature", "properties": { "cell_id": "P1534" }, "geometry": { "type": "Polygon", "coordinates": [ [ [ 73.91, 18.589 ], [ 73.91, 18.598 ], [ 73.901, 18.598 ], [ 73.901, 18.589 ], [ 73.91, 18.589 ] ] ] } },
{ "type": "Feature", "properties": { "cell_id": "P1535" }, "geometry": { "type": "Polygon", "coordinates": [ [ [ 73.91, 18.598 ], [ 73.91, 18.607 ], [ 73.901, 18.607 ], [ 73.901, 18.598 ], [ 73.91, 18.598 ] ] ] } },
{ "type": "Feature", "properties": { "cell_id": "P1536" }, "geometry": { "type": "Polygon", "coordinates": [ [ [ 73.91, 18.607 ], [ 73.91, 18.616 ], [ 73.901, 18.616 ], [ 73.901, 18.607 ], [ 73.91, 18.607 ] ] ] } },
{ "type": "Feature", "properties": { "cell_id": "P1537" }, "geometry": { "type": "Polygon", "coordinates": [ [ [ 73.91, 18.616 ], [ 73.91, 18.625 ], [ 73.901, 18.625 ], [ 73.901, 18.616 ], [ 73.91, 18.616 ] ] ] } },
{ "type": "Feature", "properties": { "cell_id": "P1538" }, "geometry": { "type": "Polygon", "coordinates": [ [ [ 73.91, 18.625 ], [ 73.91, 18.634 ], [ 73.901, 18.634 ], [ 73.901, 18.625 ], [ 73.91, 18.625 ] ] ] } },
{ "type": "Feature", "properties": { "cell_id": "P1539" }, "geometry": { "type": "Polygon", "coordinates": [ [ [ 73.91, 18.634 ], [ 73.91, 18.643 ], [ 73.901, 18.643 ], [ 73.901, 18.634 ], [ 73.91, 18.634 ] ] ] } },
{ "type": "Feature", "properties": { "cell_id": "P1540" }, "geometry": { "type": "Polygon", "coordinates": [ [ [ 73.919, 18.4 ], [ 73.919, 18.409 ], [ 73.91, 18.409 ], [ 73.91, 18.4 ], [ 73.919, 18.4 ] ] ] } },
{ "type": "Feature", "properties": { "cell_id": "P1541" }, "geometry": { "type": "Polygon", "coordinates": [ [ [ 73.919, 18.409 ], [ 73.919, 18.418 ], [ 73.91, 18.418 ], [ 73.91, 18.409 ], [ 73.919, 18.409 ] ] ] } },
{ "type": "Feature", "properties": { "cell_id": "P1542" }, "geometry": { "type": "Polygon", "coordinates": [ [ [ 73.919, 18.418 ], [ 73.919, 18.427 ], [ 73.91, 18.427 ], [ 73.91, 18.418 ], [ 73.919, 18.418 ] ] ] } },
{ "type": "Feature", "properties": { "cell_id": "P1543" }, "geometry": { "type": "Polygon", "coordinates": [ [ [ 73.919, 18.427 ], [ 73.919, 18.436 ], [ 73.91, 18.436 ], [ 73.91, 18.427 ], [ 73.919, 18.427 ] ] ] } },
{ "type": "Feature", "properties": { "cell_id": "P1544" }, "geometry": { "type": "Polygon", "coordinates": [ [ [ 73.919, 18.436 ], [ 73.919, 18.445 ], [ 73.91, 18.445 ], [ 73.91, 18.436 ], [ 73.919, 18.436 ] ] ] } },
{ "type": "Feature", "properties": { "cell_id": "P1545" }, "geometry": { "type": "Polygon", "coordinates": [ [ [ 73.919, 18.445 ], [ 73.919, 18.454 ], [ 73.91, 18.454 ], [ 73.91, 18.445 ], [ 73.919, 18.445 ] ] ] } },
{ "type": "Feature", "properties": { "cell_id": "P1546" }, "geometry": { "type": "Polygon", "coordinates": [ [ [ 73.919, 18.454 ], [ 73.919, 18.463 ], [ 73.91, 18.463 ], [ 73.91, 18.454 ], [ 73.919, 18.454 ] ] ] } },
{ "type": "Feature", "properties": { "cell_id": "P1547" }, "geometry": { "type": "Polygon", "coordinates": [ [ [ 73.919, 18.463 ], [ 73.919, 18.472 ], [ 73.91, 18.472 ], [ 73.91, 18.463 ], [ 73.919, 18.463 ] ] ] } },
{ "type": "Feature", "properties": { "cell_id": "P1548" }, "geometry": { "type": "Polygon", "coordinates": [ [ [ 73.919, 18.472 ], [ 73.919, 18.481 ], [ 73.91, 18.481 ], [ 73.91, 18.472 ], [ 73.919, 18.472 ] ] ] } },
{ "type": "Feature", "properties": { "cell_id": "P1549" }, "geometry": { "type": "Polygon", "coordinates": [ [ [ 73.919, 18.481 ], [ 73.919, 18.49 ], [ 73.91, 18.49 ], [ 73.91, 18.481 ], [ 73.919, 18.481 ] ] ] } },
{ "type": "Feature", "properties": { "cell_id": "P1550" }, "geometry": { "type": "Polygon", "coordinates": [ [ [ 73.919, 18.49 ], [ 73.919, 18.499 ], [ 73.91, 18.499 ], [ 73.91, 18.49 ], [ 73.919, 18.49 ] ] ] } },
{ "type": "Feature", "properties": { "cell_id": "P1551" }, "geometry": { "type": "Polygon", "coordinates": [ [ [ 73.919, 18.499 ], [ 73.919, 18.508 ], [ 73.91, 18.508 ], [ 73.91, 18.499 ], [ 73.919, 18.499 ] ] ] } },
{ "type": "Feature", "properties": { "cell_id": "P1552" }, "geometry": { "type": "Polygon", "coordinates": [ [ [ 73.919, 18.508 ], [ 73.919, 18.517 ], [ 73.91, 18.517 ], [ 73.91, 18.508 ], [ 73.919, 18.508 ] ] ] } },
{ "type": "Feature", "properties": { "cell_id": "P1553" }, "geometry": { "type": "Polygon", "coordinates": [ [ [ 73.919, 18.517 ], [ 73.919, 18.526 ], [ 73.91, 18.526 ], [ 73.91, 18.517 ], [ 73.919, 18.517 ] ] ] } },
{ "type": "Feature", "properties": { "cell_id": "P1554" }, "geometry": { "type": "Polygon", "coordinates": [ [ [ 73.919, 18.526 ], [ 73.919, 18.535 ], [ 73.91, 18.535 ], [ 73.91, 18.526 ], [ 73.919, 18.526 ] ] ] } },
{ "type": "Feature", "properties": { "cell_id": "P1555" }, "geometry": { "type": "Polygon", "coordinates": [ [ [ 73.919, 18.535 ], [ 73.919, 18.544 ], [ 73.91, 18.544 ], [ 73.91, 18.535 ], [ 73.919, 18.535 ] ] ] } },
{ "type": "Feature", "properties": { "cell_id": "P1556" }, "geometry": { "type": "Polygon", "coordinates": [ [ [ 73.919, 18.544 ], [ 73.919, 18.553 ], [ 73.91, 18.553 ], [ 73.91, 18.544 ], [ 73.919, 18.544 ] ] ] } },
{ "type": "Feature", "properties": { "cell_id": "P1557" }, "geometry": { "type": "Polygon", "coordinates": [ [ [ 73.919, 18.553 ], [ 73.919, 18.562 ], [ 73.91, 18.562 ], [ 73.91, 18.553 ], [ 73.919, 18.553 ] ] ] } },
{ "type": "Feature", "properties": { "cell_id": "P1558" }, "geometry": { "type": "Polygon", "coordinates": [ [ [ 73.919, 18.562 ], [ 73.919, 18.571 ], [ 73.91, 18.571 ], [ 73.91, 18.562 ], [ 73.919, 18.562 ] ] ] } },
{ "type": "Feature", "properties": { "cell_id": "P1559" }, "geometry": { "type": "Polygon", "coordinates": [ [ [ 73.919, 18.571 ], [ 73.919, 18.58 ], [ 73.91, 18.58 ], [ 73.91, 18.571 ], [ 73.919, 18.571 ] ] ] } },
{ "type": "Feature", "properties": { "cell_id": "P1560" }, "geometry": { "type": "Polygon", "coordinates": [ [ [ 73.919, 18.58 ], [ 73.919, 18.589 ], [ 73.91, 18.589 ], [ 73.91, 18.58 ], [ 73.919, 18.58 ] ] ] } },
{ "type": "Feature", "properties": { "cell_id": "P1561" }, "geometry": { "type": "Polygon", "coordinates": [ [ [ 73.919, 18.589 ], [ 73.919, 18.598 ], [ 73.91, 18.598 ], [ 73.91, 18.589 ], [ 73.919, 18.589 ] ] ] } },
{ "type": "Feature", "properties": { "cell_id": "P1562" }, "geometry": { "type": "Polygon", "coordinates": [ [ [ 73.919, 18.598 ], [ 73.919, 18.607 ], [ 73.91, 18.607 ], [ 73.91, 18.598 ], [ 73.919, 18.598 ] ] ] } },
{ "type": "Feature", "properties": { "cell_id": "P1563" }, "geometry": { "type": "Polygon", "coordinates": [ [ [ 73.919, 18.607 ], [ 73.919, 18.616 ], [ 73.91, 18.616 ], [ 73.91, 18.607 ], [ 73.919, 18.607 ] ] ] } },
{ "type": "Feature", "properties": { "cell_id": "P1564" }, "geometry": { "type": "Polygon", "coordinates": [ [ [ 73.919, 18.616 ], [ 73.919, 18.625 ], [ 73.91, 18.625 ], [ 73.91, 18.616 ], [ 73.919, 18.616 ] ] ] } },
{ "type": "Feature", "properties": { "cell_id": "P1565" }, "geometry": { "type": "Polygon", "coordinates": [ [ [ 73.919, 18.625 ], [ 73.919, 18.634 ], [ 73.91, 18.634 ], [ 73.91, 18.625 ], [ 73.919, 18.625 ] ] ] } },
{ "type": "Feature", "properties": { "cell_id": "P1566" }, "geometry": { "type": "Polygon", "coordinates": [ [ [ 73.919, 18.634 ], [ 73.919, 18.643 ], [ 73.91, 18.643 ], [ 73.91, 18.634 ], [ 73.919, 18.634 ] ] ] } },
{ "type": "Feature", "properties": { "cell_id": "P1567" }, "geometry": { "type": "Polygon", "coordinates": [ [ [ 73.928, 18.4 ], [ 73.928, 18.409 ], [ 73.919, 18.409 ], [ 73.919, 18.4 ], [ 73.928, 18.4 ] ] ] } },
{ "type": "Feature", "properties": { "cell_id": "P1568" }, "geometry": { "type": "Polygon", "coordinates": [ [ [ 73.928, 18.409 ], [ 73.928, 18.418 ], [ 73.919, 18.418 ], [ 73.919, 18.409 ], [ 73.928, 18.409 ] ] ] } },
{ "type": "Feature", "properties": { "cell_id": "P1569" }, "geometry": { "type": "Polygon", "coordinates": [ [ [ 73.928, 18.418 ], [ 73.928, 18.427 ], [ 73.919, 18.427 ], [ 73.919, 18.418 ], [ 73.928, 18.418 ] ] ] } },
{ "type": "Feature", "properties": { "cell_id": "P1570" }, "geometry": { "type": "Polygon", "coordinates": [ [ [ 73.928, 18.427 ], [ 73.928, 18.436 ], [ 73.919, 18.436 ], [ 73.919, 18.427 ], [ 73.928, 18.427 ] ] ] } },
{ "type": "Feature", "properties": { "cell_id": "P1571" }, "geometry": { "type": "Polygon", "coordinates": [ [ [ 73.928, 18.436 ], [ 73.928, 18.445 ], [ 73.919, 18.445 ], [ 73.919, 18.436 ], [ 73.928, 18.436 ] ] ] } },
{ "type": "Feature", "properties": { "cell_id": "P1572" }, "geometry": { "type": "Polygon", "coordinates": [ [ [ 73.928, 18.445 ], [ 73.928, 18.454 ], [ 73.919, 18.454 ], [ 73.919, 18.445 ], [ 73.928, 18.445 ] ] ] } },
{ "type": "Feature", "properties": { "cell_id": "P1573" }, "geometry": { "type": "Polygon", "coordinates": [ [ [ 73.928, 18.454 ], [ 73.928, 18.463 ], [ 73.919, 18.463 ], [ 73.919, 18.454 ], [ 73.928, 18.454 ] ] ] } },
{ "type": "Feature", "properties": { "cell_id": "P1574" }, "geometry": { "type": "Polygon", "coordinates": [ [ [ 73.928, 18.463 ], [ 73.928, 18.472 ], [ 73.919, 18.472 ], [ 73.919, 18.463 ], [ 73.928, 18.463 ] ] ] } },
{ "type": "Feature", "properties": { "cell_id": "P1575" }, "geometry": { "type": "Polygon", "coordinates": [ [ [ 73.928, 18.472 ], [ 73.928, 18.481 ], [ 73.919, 18.481 ], [ 73.919, 18.472 ], [ 73.928, 18.472 ] ] ] } },
{ "type": "Feature", "properties": { "cell_id": "P1576" }, "geometry": { "type": "Polygon", "coordinates": [ [ [ 73.928, 18.481 ], [ 73.928, 18.49 ], [ 73.919, 18.49 ], [ 73.919, 18.481 ], [ 73.928, 18.481 ] ] ] } },
{ "type": "Feature", "properties": { "cell_id": "P1577" }, "geometry": { "type": "Polygon", "coordinates": [ [ [ 73.928, 18.49 ], [ 73.928, 18.499 ], [ 73.919, 18.499 ], [ 73.919, 18.49 ], [ 73.928, 18.49 ] ] ] } },
{ "type": "Feature", "properties": { "cell_id": "P1578" }, "geometry": { "type": "Polygon", "coordinates": [ [ [ 73.928, 18.499 ], [ 73.928, 18.508 ], [ 73.919, 18.508 ], [ 73.919, 18.499 ], [ 73.928, 18.499 ] ] ] } },
{ "type": "Feature", "properties": { "cell_id": "P1579" }, "geometry": { "type": "Polygon", "coordinates": [ [ [ 73.928, 18.508 ], [ 73.928, 18.517 ], [ 73.919, 18.517 ], [ 73.919, 18.508 ], [ 73.928, 18.508 ] ] ] } },
{ "type": "Feature", "properties": { "cell_id": "P1580" }, "geometry": { "type": "Polygon", "coordinates": [ [ [ 73.928, 18.517 ], [ 73.928, 18.526 ], [ 73.919, 18.526 ], [ 73.919, 18.517 ], [ 73.928, 18.517 ] ] ] } },
{ "type": "Feature", "properties": { "cell_id": "P1581" }, "geometry": { "type": "Polygon", "coordinates": [ [ [ 73.928, 18.526 ], [ 73.928, 18.535 ], [ 73.919, 18.535 ], [ 73.919, 18.526 ], [ 73.928, 18.526 ] ] ] } },
{ "type": "Feature", "properties": { "cell_id": "P1582" }, "geometry": { "type": "Polygon", "coordinates": [ [ [ 73.928, 18.535 ], [ 73.928, 18.544 ], [ 73.919, 18.544 ], [ 73.919, 18.535 ], [ 73.928, 18.535 ] ] ] } },
{ "type": "Feature", "properties": { "cell_id": "P1583" }, "geometry": { "type": "Polygon", "coordinates": [ [ [ 73.928, 18.544 ], [ 73.928, 18.553 ], [ 73.919, 18.553 ], [ 73.919, 18.544 ], [ 73.928, 18.544 ] ] ] } },
{ "type": "Feature", "properties": { "cell_id": "P1584" }, "geometry": { "type": "Polygon", "coordinates": [ [ [ 73.928, 18.553 ], [ 73.928, 18.562 ], [ 73.919, 18.562 ], [ 73.919, 18.553 ], [ 73.928, 18.553 ] ] ] } },
{ "type": "Feature", "properties": { "cell_id": "P1585" }, "geometry": { "type": "Polygon", "coordinates": [ [ [ 73.928, 18.562 ], [ 73.928, 18.571 ], [ 73.919, 18.571 ], [ 73.919, 18.562 ], [ 73.928, 18.562 ] ] ] } },
{ "type": "Feature", "properties": { "cell_id": "P1586" }, "geometry": { "type": "Polygon", "coordinates": [ [ [ 73.928, 18.571 ], [ 73.928, 18.58 ], [ 73.919, 18.58 ], [ 73.919, 18.571 ], [ 73.928, 18.571 ] ] ] } },
{ "type": "Feature", "properties": { "cell_id": "P1587" }, "geometry": { "type": "Polygon", "coordinates": [ [ [ 73.928, 18.58 ], [ 73.928, 18.589 ], [ 73.919, 18.589 ], [ 73.919, 18.58 ], [ 73.928, 18.58 ] ] ] } },
{ "type": "Feature", "properties": { "cell_id": "P1588" }, "geometry": { "type": "Polygon", "coordinates": [ [ [ 73.928, 18.589 ], [ 73.928, 18.598 ], [ 73.919, 18.598 ], [ 73.919, 18.589 ], [ 73.928, 18.589 ] ] ] } },
{ "type": "Feature", "properties": { "cell_id": "P1589" }, "geometry": { "type": "Polygon", "coordinates": [ [ [ 73.928, 18.598 ], [ 73.928, 18.607 ], [ 73.919, 18.607 ], [ 73.919, 18.598 ], [ 73.928, 18.598 ] ] ] } },
{ "type": "Feature", "properties": { "cell_id": "P1590" }, "geometry": { "type": "Polygon", "coordinates": [ [ [ 73.928, 18.607 ], [ 73.928, 18.616 ], [ 73.919, 18.616 ], [ 73.919, 18.607 ], [ 73.928, 18.607 ] ] ] } },
{ "type": "Feature", "properties": { "cell_id": "P1591" }, "geometry": { "type": "Polygon", "coordinates": [ [ [ 73.928, 18.616 ], [ 73.928, 18.625 ], [ 73.919, 18.625 ], [ 73.919, 18.616 ], [ 73.928, 18.616 ] ] ] } },
{ "type": "Feature", "properties": { "cell_id": "P1592" }, "geometry": { "type": "Polygon", "coordinates": [ [ [ 73.928, 18.625 ], [ 73.928, 18.634 ], [ 73.919, 18.634 ], [ 73.919, 18.625 ], [ 73.928, 18.625 ] ] ] } },
{ "type": "Feature", "properties": { "cell_id": "P1593" }, "geometry": { "type": "Polygon", "coordinates": [ [ [ 73.928, 18.634 ], [ 73.928, 18.643 ], [ 73.919, 18.643 ], [ 73.919, 18.634 ], [ 73.928, 18.634 ] ] ] } },
{ "type": "Feature", "properties": { "cell_id": "P1594" }, "geometry": { "type": "Polygon", "coordinates": [ [ [ 73.937, 18.4 ], [ 73.937, 18.409 ], [ 73.928, 18.409 ], [ 73.928, 18.4 ], [ 73.937, 18.4 ] ] ] } },
{ "type": "Feature", "properties": { "cell_id": "P1595" }, "geometry": { "type": "Polygon", "coordinates": [ [ [ 73.937, 18.409 ], [ 73.937, 18.418 ], [ 73.928, 18.418 ], [ 73.928, 18.409 ], [ 73.937, 18.409 ] ] ] } },
{ "type": "Feature", "properties": { "cell_id": "P1596" }, "geometry": { "type": "Polygon", "coordinates": [ [ [ 73.937, 18.418 ], [ 73.937, 18.427 ], [ 73.928, 18.427 ], [ 73.928, 18.418 ], [ 73.937, 18.418 ] ] ] } },
{ "type": "Feature", "properties": { "cell_id": "P1597" }, "geometry": { "type": "Polygon", "coordinates": [ [ [ 73.937, 18.427 ], [ 73.937, 18.436 ], [ 73.928, 18.436 ], [ 73.928, 18.427 ], [ 73.937, 18.427 ] ] ] } },
{ "type": "Feature", "properties": { "cell_id": "P1598" }, "geometry": { "type": "Polygon", "coordinates": [ [ [ 73.937, 18.436 ], [ 73.937, 18.445 ], [ 73.928, 18.445 ], [ 73.928, 18.436 ], [ 73.937, 18.436 ] ] ] } },
{ "type": "Feature", "properties": { "cell_id": "P1599" }, "geometry": { "type": "Polygon", "coordinates": [ [ [ 73.937, 18.445 ], [ 73.937, 18.454 ], [ 73.928, 18.454 ], [ 73.928, 18.445 ], [ 73.937, 18.445 ] ] ] } },
{ "type": "Feature", "properties": { "cell_id": "P1600" }, "geometry": { "type": "Polygon", "coordinates": [ [ [ 73.937, 18.454 ], [ 73.937, 18.463 ], [ 73.928, 18.463 ], [ 73.928, 18.454 ], [ 73.937, 18.454 ] ] ] } },
{ "type": "Feature", "properties": { "cell_id": "P1601" }, "geometry": { "type": "Polygon", "coordinates": [ [ [ 73.937, 18.463 ], [ 73.937, 18.472 ], [ 73.928, 18.472 ], [ 73.928, 18.463 ], [ 73.937, 18.463 ] ] ] } },
{ "type": "Feature", "properties": { "cell_id": "P1602" }, "geometry": { "type": "Polygon", "coordinates": [ [ [ 73.937, 18.472 ], [ 73.937, 18.481 ], [ 73.928, 18.481 ], [ 73.928, 18.472 ], [ 73.937, 18.472 ] ] ] } },
{ "type": "Feature", "properties": { "cell_id": "P1603" }, "geometry": { "type": "Polygon", "coordinates": [ [ [ 73.937, 18.481 ], [ 73.937, 18.49 ], [ 73.928, 18.49 ], [ 73.928, 18.481 ], [ 73.937, 18.481 ] ] ] } },
{ "type": "Feature", "properties": { "cell_id": "P1604" }, "geometry": { "type": "Polygon", "coordinates": [ [ [ 73.937, 18.49 ], [ 73.937, 18.499 ], [ 73.928, 18.499 ], [ 73.928, 18.49 ], [ 73.937, 18.49 ] ] ] } },
{ "type": "Feature", "properties": { "cell_id": "P1605" }, "geometry": { "type": "Polygon", "coordinates": [ [ [ 73.937, 18.499 ], [ 73.937, 18.508 ], [ 73.928, 18.508 ], [ 73.928, 18.499 ], [ 73.937, 18.499 ] ] ] } },
{ "type": "Feature", "properties": { "cell_id": "P1606" }, "geometry": { "type": "Polygon", "coordinates": [ [ [ 73.937, 18.508 ], [ 73.937, 18.517 ], [ 73.928, 18.517 ], [ 73.928, 18.508 ], [ 73.937, 18.508 ] ] ] } },
{ "type": "Feature", "properties": { "cell_id": "P1607" }, "geometry": { "type": "Polygon", "coordinates": [ [ [ 73.937, 18.517 ], [ 73.937, 18.526 ], [ 73.928, 18.526 ], [ 73.928, 18.517 ], [ 73.937, 18.517 ] ] ] } },
{ "type": "Feature", "properties": { "cell_id": "P1608" }, "geometry": { "type": "Polygon", "coordinates": [ [ [ 73.937, 18.526 ], [ 73.937, 18.535 ], [ 73.928, 18.535 ], [ 73.928, 18.526 ], [ 73.937, 18.526 ] ] ] } },
{ "type": "Feature", "properties": { "cell_id": "P1609" }, "geometry": { "type": "Polygon", "coordinates": [ [ [ 73.937, 18.535 ], [ 73.937, 18.544 ], [ 73.928, 18.544 ], [ 73.928, 18.535 ], [ 73.937, 18.535 ] ] ] } },
{ "type": "Feature", "properties": { "cell_id": "P1610" }, "geometry": { "type": "Polygon", "coordinates": [ [ [ 73.937, 18.544 ], [ 73.937, 18.553 ], [ 73.928, 18.553 ], [ 73.928, 18.544 ], [ 73.937, 18.544 ] ] ] } },
{ "type": "Feature", "properties": { "cell_id": "P1611" }, "geometry": { "type": "Polygon", "coordinates": [ [ [ 73.937, 18.553 ], [ 73.937, 18.562 ], [ 73.928, 18.562 ], [ 73.928, 18.553 ], [ 73.937, 18.553 ] ] ] } },
{ "type": "Feature", "properties": { "cell_id": "P1612" }, "geometry": { "type": "Polygon", "coordinates": [ [ [ 73.937, 18.562 ], [ 73.937, 18.571 ], [ 73.928, 18.571 ], [ 73.928, 18.562 ], [ 73.937, 18.562 ] ] ] } },
{ "type": "Feature", "properties": { "cell_id": "P1613" }, "geometry": { "type": "Polygon", "coordinates": [ [ [ 73.937, 18.571 ], [ 73.937, 18.58 ], [ 73.928, 18.58 ], [ 73.928, 18.571 ], [ 73.937, 18.571 ] ] ] } },
{ "type": "Feature", "properties": { "cell_id": "P1614" }, "geometry": { "type": "Polygon", "coordinates": [ [ [ 73.937, 18.58 ], [ 73.937, 18.589 ], [ 73.928, 18.589 ], [ 73.928, 18.58 ], [ 73.937, 18.58 ] ] ] } },
{ "type": "Feature", "properties": { "cell_id": "P1615" }, "geometry": { "type": "Polygon", "coordinates": [ [ [ 73.937, 18.589 ], [ 73.937, 18.598 ], [ 73.928, 18.598 ], [ 73.928, 18.589 ], [ 73.937, 18.589 ] ] ] } },
{ "type": "Feature", "properties": { "cell_id": "P1616" }, "geometry": { "type": "Polygon", "coordinates": [ [ [ 73.937, 18.598 ], [ 73.937, 18.607 ], [ 73.928, 18.607 ], [ 73.928, 18.598 ], [ 73.937, 18.598 ] ] ] } },
{ "type": "Feature", "properties": { "cell_id": "P1617" }, "geometry": { "type": "Polygon", "coordinates": [ [ [ 73.937, 18.607 ], [ 73.937, 18.616 ], [ 73.928, 18.616 ], [ 73.928, 18.607 ], [ 73.937, 18.607 ] ] ] } },
{ "type": "Feature", "properties": { "cell_id": "P1618" }, "geometry": { "type": "Polygon", "coordinates": [ [ [ 73.937, 18.616 ], [ 73.937, 18.625 ], [ 73.928, 18.625 ], [ 73.928, 18.616 ], [ 73.937, 18.616 ] ] ] } },
{ "type": "Feature", "properties": { "cell_id": "P1619" }, "geometry": { "type": "Polygon", "coordinates": [ [ [ 73.937, 18.625 ], [ 73.937, 18.634 ], [ 73.928, 18.634 ], [ 73.928, 18.625 ], [ 73.937, 18.625 ] ] ] } },
{ "type": "Feature", "properties": { "cell_id": "P1620" }, "geometry": { "type": "Polygon", "coordinates": [ [ [ 73.937, 18.634 ], [ 73.937, 18.643 ], [ 73.928, 18.643 ], [ 73.928, 18.634 ], [ 73.937, 18.634 ] ] ] } },
{ "type": "Feature", "properties": { "cell_id": "P1621" }, "geometry": { "type": "Polygon", "coordinates": [ [ [ 73.946, 18.4 ], [ 73.946, 18.409 ], [ 73.937, 18.409 ], [ 73.937, 18.4 ], [ 73.946, 18.4 ] ] ] } },
{ "type": "Feature", "properties": { "cell_id": "P1622" }, "geometry": { "type": "Polygon", "coordinates": [ [ [ 73.946, 18.409 ], [ 73.946, 18.418 ], [ 73.937, 18.418 ], [ 73.937, 18.409 ], [ 73.946, 18.409 ] ] ] } },
{ "type": "Feature", "properties": { "cell_id": "P1623" }, "geometry": { "type": "Polygon", "coordinates": [ [ [ 73.946, 18.418 ], [ 73.946, 18.427 ], [ 73.937, 18.427 ], [ 73.937, 18.418 ], [ 73.946, 18.418 ] ] ] } },
{ "type": "Feature", "properties": { "cell_id": "P1624" }, "geometry": { "type": "Polygon", "coordinates": [ [ [ 73.946, 18.427 ], [ 73.946, 18.436 ], [ 73.937, 18.436 ], [ 73.937, 18.427 ], [ 73.946, 18.427 ] ] ] } },
{ "type": "Feature", "properties": { "cell_id": "P1625" }, "geometry": { "type": "Polygon", "coordinates": [ [ [ 73.946, 18.436 ], [ 73.946, 18.445 ], [ 73.937, 18.445 ], [ 73.937, 18.436 ], [ 73.946, 18.436 ] ] ] } },
{ "type": "Feature", "properties": { "cell_id": "P1626" }, "geometry": { "type": "Polygon", "coordinates": [ [ [ 73.946, 18.445 ], [ 73.946, 18.454 ], [ 73.937, 18.454 ], [ 73.937, 18.445 ], [ 73.946, 18.445 ] ] ] } },
{ "type": "Feature", "properties": { "cell_id": "P1627" }, "geometry": { "type": "Polygon", "coordinates": [ [ [ 73.946, 18.454 ], [ 73.946, 18.463 ], [ 73.937, 18.463 ], [ 73.937, 18.454 ], [ 73.946, 18.454 ] ] ] } },
{ "type": "Feature", "properties": { "cell_id": "P1628" }, "geometry": { "type": "Polygon", "coordinates": [ [ [ 73.946, 18.463 ], [ 73.946, 18.472 ], [ 73.937, 18.472 ], [ 73.937, 18.463 ], [ 73.946, 18.463 ] ] ] } },
{ "type": "Feature", "properties": { "cell_id": "P1629" }, "geometry": { "type": "Polygon", "coordinates": [ [ [ 73.946, 18.472 ], [ 73.946, 18.481 ], [ 73.937, 18.481 ], [ 73.937, 18.472 ], [ 73.946, 18.472 ] ] ] } },
{ "type": "Feature", "properties": { "cell_id": "P1630" }, "geometry": { "type": "Polygon", "coordinates": [ [ [ 73.946, 18.481 ], [ 73.946, 18.49 ], [ 73.937, 18.49 ], [ 73.937, 18.481 ], [ 73.946, 18.481 ] ] ] } },
{ "type": "Feature", "properties": { "cell_id": "P1631" }, "geometry": { "type": "Polygon", "coordinates": [ [ [ 73.946, 18.49 ], [ 73.946, 18.499 ], [ 73.937, 18.499 ], [ 73.937, 18.49 ], [ 73.946, 18.49 ] ] ] } },
{ "type": "Feature", "properties": { "cell_id": "P1632" }, "geometry": { "type": "Polygon", "coordinates": [ [ [ 73.946, 18.499 ], [ 73.946, 18.508 ], [ 73.937, 18.508 ], [ 73.937, 18.499 ], [ 73.946, 18.499 ] ] ] } },
{ "type": "Feature", "properties": { "cell_id": "P1633" }, "geometry": { "type": "Polygon", "coordinates": [ [ [ 73.946, 18.508 ], [ 73.946, 18.517 ], [ 73.937, 18.517 ], [ 73.937, 18.508 ], [ 73.946, 18.508 ] ] ] } },
{ "type": "Feature", "properties": { "cell_id": "P1634" }, "geometry": { "type": "Polygon", "coordinates": [ [ [ 73.946, 18.517 ], [ 73.946, 18.526 ], [ 73.937, 18.526 ], [ 73.937, 18.517 ], [ 73.946, 18.517 ] ] ] } },
{ "type": "Feature", "properties": { "cell_id": "P1635" }, "geometry": { "type": "Polygon", "coordinates": [ [ [ 73.946, 18.526 ], [ 73.946, 18.535 ], [ 73.937, 18.535 ], [ 73.937, 18.526 ], [ 73.946, 18.526 ] ] ] } },
{ "type": "Feature", "properties": { "cell_id": "P1636" }, "geometry": { "type": "Polygon", "coordinates": [ [ [ 73.946, 18.535 ], [ 73.946, 18.544 ], [ 73.937, 18.544 ], [ 73.937, 18.535 ], [ 73.946, 18.535 ] ] ] } },
{ "type": "Feature", "properties": { "cell_id": "P1637" }, "geometry": { "type": "Polygon", "coordinates": [ [ [ 73.946, 18.544 ], [ 73.946, 18.553 ], [ 73.937, 18.553 ], [ 73.937, 18.544 ], [ 73.946, 18.544 ] ] ] } },
{ "type": "Feature", "properties": { "cell_id": "P1638" }, "geometry": { "type": "Polygon", "coordinates": [ [ [ 73.946, 18.553 ], [ 73.946, 18.562 ], [ 73.937, 18.562 ], [ 73.937, 18.553 ], [ 73.946, 18.553 ] ] ] } },
{ "type": "Feature", "properties": { "cell_id": "P1639" }, "geometry": { "type": "Polygon", "coordinates": [ [ [ 73.946, 18.562 ], [ 73.946, 18.571 ], [ 73.937, 18.571 ], [ 73.937, 18.562 ], [ 73.946, 18.562 ] ] ] } },
{ "type": "Feature", "properties": { "cell_id": "P1640" }, "geometry": { "type": "Polygon", "coordinates": [ [ [ 73.946, 18.571 ], [ 73.946, 18.58 ], [ 73.937, 18.58 ], [ 73.937, 18.571 ], [ 73.946, 18.571 ] ] ] } },
{ "type": "Feature", "properties": { "cell_id": "P1641" }, "geometry": { "type": "Polygon", "coordinates": [ [ [ 73.946, 18.58 ], [ 73.946, 18.589 ], [ 73.937, 18.589 ], [ 73.937, 18.58 ], [ 73.946, 18.58 ] ] ] } },
{ "type": "Feature", "properties": { "cell_id": "P1642" }, "geometry": { "type": "Polygon", "coordinates": [ [ [ 73.946, 18.589 ], [ 73.946, 18.598 ], [ 73.937, 18.598 ], [ 73.937, 18.589 ], [ 73.946, 18.589 ] ] ] } },
{ "type": "Feature", "properties": { "cell_id": "P1643" }, "geometry": { "type": "Polygon", "coordinates": [ [ [ 73.946, 18.598 ], [ 73.946, 18.607 ], [ 73.937, 18.607 ], [ 73.937, 18.598 ], [ 73.946, 18.598 ] ] ] } },
{ "type": "Feature", "properties": { "cell_id": "P1644" }, "geometry": { "type": "Polygon", "coordinates": [ [ [ 73.946, 18.607 ], [ 73.946, 18.616 ], [ 73.937, 18.616 ], [ 73.937, 18.607 ], [ 73.946, 18.607 ] ] ] } },
{ "type": "Feature", "properties": { "cell_id": "P1645" }, "geometry": { "type": "Polygon", "coordinates": [ [ [ 73.946, 18.616 ], [ 73.946, 18.625 ], [ 73.937, 18.625 ], [ 73.937, 18.616 ], [ 73.946, 18.616 ] ] ] } },
{ "type": "Feature", "properties": { "cell_id": "P1646" }, "geometry": { "type": "Polygon", "coordinates": [ [ [ 73.946, 18.625 ], [ 73.946, 18.634 ], [ 73.937, 18.634 ], [ 73.937, 18.625 ], [ 73.946, 18.625 ] ] ] } },
{ "type": "Feature", "properties": { "cell_id": "P1647" }, "geometry": { "type": "Polygon", "coordinates": [ [ [ 73.946, 18.634 ], [ 73.946, 18.643 ], [ 73.937, 18.643 ], [ 73.937, 18.634 ], [ 73.946, 18.634 ] ] ] } },
{ "type": "Feature", "properties": { "cell_id": "P1648" }, "geometry": { "type": "Polygon", "coordinates": [ [ [ 73.955, 18.4 ], [ 73.955, 18.409 ], [ 73.946, 18.409 ], [ 73.946, 18.4 ], [ 73.955, 18.4 ] ] ] } },
{ "type": "Feature", "properties": { "cell_id": "P1649" }, "geometry": { "type": "Polygon", "coordinates": [ [ [ 73.955, 18.409 ], [ 73.955, 18.418 ], [ 73.946, 18.418 ], [ 73.946, 18.409 ], [ 73.955, 18.409 ] ] ] } },
{ "type": "Feature", "properties": { "cell_id": "P1650" }, "geometry": { "type": "Polygon", "coordinates": [ [ [ 73.955, 18.418 ], [ 73.955, 18.427 ], [ 73.946, 18.427 ], [ 73.946, 18.418 ], [ 73.955, 18.418 ] ] ] } },
{ "type": "Feature", "properties": { "cell_id": "P1651" }, "geometry": { "type": "Polygon", "coordinates": [ [ [ 73.955, 18.427 ], [ 73.955, 18.436 ], [ 73.946, 18.436 ], [ 73.946, 18.427 ], [ 73.955, 18.427 ] ] ] } },
{ "type": "Feature", "properties": { "cell_id": "P1652" }, "geometry": { "type": "Polygon", "coordinates": [ [ [ 73.955, 18.436 ], [ 73.955, 18.445 ], [ 73.946, 18.445 ], [ 73.946, 18.436 ], [ 73.955, 18.436 ] ] ] } },
{ "type": "Feature", "properties": { "cell_id": "P1653" }, "geometry": { "type": "Polygon", "coordinates": [ [ [ 73.955, 18.445 ], [ 73.955, 18.454 ], [ 73.946, 18.454 ], [ 73.946, 18.445 ], [ 73.955, 18.445 ] ] ] } },
{ "type": "Feature", "properties": { "cell_id": "P1654" }, "geometry": { "type": "Polygon", "coordinates": [ [ [ 73.955, 18.454 ], [ 73.955, 18.463 ], [ 73.946, 18.463 ], [ 73.946, 18.454 ], [ 73.955, 18.454 ] ] ] } },
{ "type": "Feature", "properties": { "cell_id": "P1655" }, "geometry": { "type": "Polygon", "coordinates": [ [ [ 73.955, 18.463 ], [ 73.955, 18.472 ], [ 73.946, 18.472 ], [ 73.946, 18.463 ], [ 73.955, 18.463 ] ] ] } },
{ "type": "Feature", "properties": { "cell_id": "P1656" }, "geometry": { "type": "Polygon", "coordinates": [ [ [ 73.955, 18.472 ], [ 73.955, 18.481 ], [ 73.946, 18.481 ], [ 73.946, 18.472 ], [ 73.955, 18.472 ] ] ] } },
{ "type": "Feature", "properties": { "cell_id": "P1657" }, "geometry": { "type": "Polygon", "coordinates": [ [ [ 73.955, 18.481 ], [ 73.955, 18.49 ], [ 73.946, 18.49 ], [ 73.946, 18.481 ], [ 73.955, 18.481 ] ] ] } },
{ "type": "Feature", "properties": { "cell_id": "P1658" }, "geometry": { "type": "Polygon", "coordinates": [ [ [ 73.955, 18.49 ], [ 73.955, 18.499 ], [ 73.946, 18.499 ], [ 73.946, 18.49 ], [ 73.955, 18.49 ] ] ] } },
{ "type": "Feature", "properties": { "cell_id": "P1659" }, "geometry": { "type": "Polygon", "coordinates": [ [ [ 73.955, 18.499 ], [ 73.955, 18.508 ], [ 73.946, 18.508 ], [ 73.946, 18.499 ], [ 73.955, 18.499 ] ] ] } },
{ "type": "Feature", "properties": { "cell_id": "P1660" }, "geometry": { "type": "Polygon", "coordinates": [ [ [ 73.955, 18.508 ], [ 73.955, 18.517 ], [ 73.946, 18.517 ], [ 73.946, 18.508 ], [ 73.955, 18.508 ] ] ] } },
{ "type": "Feature", "properties": { "cell_id": "P1661" }, "geometry": { "type": "Polygon", "coordinates": [ [ [ 73.955, 18.517 ], [ 73.955, 18.526 ], [ 73.946, 18.526 ], [ 73.946, 18.517 ], [ 73.955, 18.517 ] ] ] } },
{ "type": "Feature", "properties": { "cell_id": "P1662" }, "geometry": { "type": "Polygon", "coordinates": [ [ [ 73.955, 18.526 ], [ 73.955, 18.535 ], [ 73.946, 18.535 ], [ 73.946, 18.526 ], [ 73.955, 18.526 ] ] ] } },
{ "type": "Feature", "properties": { "cell_id": "P1663" }, "geometry": { "type": "Polygon", "coordinates": [ [ [ 73.955, 18.535 ], [ 73.955, 18.544 ], [ 73.946, 18.544 ], [ 73.946, 18.535 ], [ 73.955, 18.535 ] ] ] } },
{ "type": "Feature", "properties": { "cell_id": "P1664" }, "geometry": { "type": "Polygon", "coordinates": [ [ [ 73.955, 18.544 ], [ 73.955, 18.553 ], [ 73.946, 18.553 ], [ 73.946, 18.544 ], [ 73.955, 18.544 ] ] ] } },
{ "type": "Feature", "properties": { "cell_id": "P1665" }, "geometry": { "type": "Polygon", "coordinates": [ [ [ 73.955, 18.553 ], [ 73.955, 18.562 ], [ 73.946, 18.562 ], [ 73.946, 18.553 ], [ 73.955, 18.553 ] ] ] } },
{ "type": "Feature", "properties": { "cell_id": "P1666" }, "geometry": { "type": "Polygon", "coordinates": [ [ [ 73.955, 18.562 ], [ 73.955, 18.571 ], [ 73.946, 18.571 ], [ 73.946, 18.562 ], [ 73.955, 18.562 ] ] ] } },
{ "type": "Feature", "properties": { "cell_id": "P1667" }, "geometry": { "type": "Polygon", "coordinates": [ [ [ 73.955, 18.571 ], [ 73.955, 18.58 ], [ 73.946, 18.58 ], [ 73.946, 18.571 ], [ 73.955, 18.571 ] ] ] } },
{ "type": "Feature", "properties": { "cell_id": "P1668" }, "geometry": { "type": "Polygon", "coordinates": [ [ [ 73.955, 18.58 ], [ 73.955, 18.589 ], [ 73.946, 18.589 ], [ 73.946, 18.58 ], [ 73.955, 18.58 ] ] ] } },
{ "type": "Feature", "properties": { "cell_id": "P1669" }, "geometry": { "type": "Polygon", "coordinates": [ [ [ 73.955, 18.589 ], [ 73.955, 18.598 ], [ 73.946, 18.598 ], [ 73.946, 18.589 ], [ 73.955, 18.589 ] ] ] } },
{ "type": "Feature", "properties": { "cell_id": "P1670" }, "geometry": { "type": "Polygon", "coordinates": [ [ [ 73.955, 18.598 ], [ 73.955, 18.607 ], [ 73.946, 18.607 ], [ 73.946, 18.598 ], [ 73.955, 18.598 ] ] ] } },
{ "type": "Feature", "properties": { "cell_id": "P1671" }, "geometry": { "type": "Polygon", "coordinates": [ [ [ 73.955, 18.607 ], [ 73.955, 18.616 ], [ 73.946, 18.616 ], [ 73.946, 18.607 ], [ 73.955, 18.607 ] ] ] } },
{ "type": "Feature", "properties": { "cell_id": "P1672" }, "geometry": { "type": "Polygon", "coordinates": [ [ [ 73.955, 18.616 ], [ 73.955, 18.625 ], [ 73.946, 18.625 ], [ 73.946, 18.616 ], [ 73.955, 18.616 ] ] ] } },
{ "type": "Feature", "properties": { "cell_id": "P1673" }, "geometry": { "type": "Polygon", "coordinates": [ [ [ 73.955, 18.625 ], [ 73.955, 18.634 ], [ 73.946, 18.634 ], [ 73.946, 18.625 ], [ 73.955, 18.625 ] ] ] } },
{ "type": "Feature", "properties": { "cell_id": "P1674" }, "geometry": { "type": "Polygon", "coordinates": [ [ [ 73.955, 18.634 ], [ 73.955, 18.643 ], [ 73.946, 18.643 ], [ 73.946, 18.634 ], [ 73.955, 18.634 ] ] ] } },
{ "type": "Feature", "properties": { "cell_id": "P1675" }, "geometry": { "type": "Polygon", "coordinates": [ [ [ 73.964, 18.4 ], [ 73.964, 18.409 ], [ 73.955, 18.409 ], [ 73.955, 18.4 ], [ 73.964, 18.4 ] ] ] } },
{ "type": "Feature", "properties": { "cell_id": "P1676" }, "geometry": { "type": "Polygon", "coordinates": [ [ [ 73.964, 18.409 ], [ 73.964, 18.418 ], [ 73.955, 18.418 ], [ 73.955, 18.409 ], [ 73.964, 18.409 ] ] ] } },
{ "type": "Feature", "properties": { "cell_id": "P1677" }, "geometry": { "type": "Polygon", "coordinates": [ [ [ 73.964, 18.418 ], [ 73.964, 18.427 ], [ 73.955, 18.427 ], [ 73.955, 18.418 ], [ 73.964, 18.418 ] ] ] } },
{ "type": "Feature", "properties": { "cell_id": "P1678" }, "geometry": { "type": "Polygon", "coordinates": [ [ [ 73.964, 18.427 ], [ 73.964, 18.436 ], [ 73.955, 18.436 ], [ 73.955, 18.427 ], [ 73.964, 18.427 ] ] ] } },
{ "type": "Feature", "properties": { "cell_id": "P1679" }, "geometry": { "type": "Polygon", "coordinates": [ [ [ 73.964, 18.436 ], [ 73.964, 18.445 ], [ 73.955, 18.445 ], [ 73.955, 18.436 ], [ 73.964, 18.436 ] ] ] } },
{ "type": "Feature", "properties": { "cell_id": "P1680" }, "geometry": { "type": "Polygon", "coordinates": [ [ [ 73.964, 18.445 ], [ 73.964, 18.454 ], [ 73.955, 18.454 ], [ 73.955, 18.445 ], [ 73.964, 18.445 ] ] ] } },
{ "type": "Feature", "properties": { "cell_id": "P1681" }, "geometry": { "type": "Polygon", "coordinates": [ [ [ 73.964, 18.454 ], [ 73.964, 18.463 ], [ 73.955, 18.463 ], [ 73.955, 18.454 ], [ 73.964, 18.454 ] ] ] } },
{ "type": "Feature", "properties": { "cell_id": "P1682" }, "geometry": { "type": "Polygon", "coordinates": [ [ [ 73.964, 18.463 ], [ 73.964, 18.472 ], [ 73.955, 18.472 ], [ 73.955, 18.463 ], [ 73.964, 18.463 ] ] ] } },
{ "type": "Feature", "properties": { "cell_id": "P1683" }, "geometry": { "type": "Polygon", "coordinates": [ [ [ 73.964, 18.472 ], [ 73.964, 18.481 ], [ 73.955, 18.481 ], [ 73.955, 18.472 ], [ 73.964, 18.472 ] ] ] } },
{ "type": "Feature", "properties": { "cell_id": "P1684" }, "geometry": { "type": "Polygon", "coordinates": [ [ [ 73.964, 18.481 ], [ 73.964, 18.49 ], [ 73.955, 18.49 ], [ 73.955, 18.481 ], [ 73.964, 18.481 ] ] ] } },
{ "type": "Feature", "properties": { "cell_id": "P1685" }, "geometry": { "type": "Polygon", "coordinates": [ [ [ 73.964, 18.49 ], [ 73.964, 18.499 ], [ 73.955, 18.499 ], [ 73.955, 18.49 ], [ 73.964, 18.49 ] ] ] } },
{ "type": "Feature", "properties": { "cell_id": "P1686" }, "geometry": { "type": "Polygon", "coordinates": [ [ [ 73.964, 18.499 ], [ 73.964, 18.508 ], [ 73.955, 18.508 ], [ 73.955, 18.499 ], [ 73.964, 18.499 ] ] ] } },
{ "type": "Feature", "properties": { "cell_id": "P1687" }, "geometry": { "type": "Polygon", "coordinates": [ [ [ 73.964, 18.508 ], [ 73.964, 18.517 ], [ 73.955, 18.517 ], [ 73.955, 18.508 ], [ 73.964, 18.508 ] ] ] } },
{ "type": "Feature", "properties": { "cell_id": "P1688" }, "geometry": { "type": "Polygon", "coordinates": [ [ [ 73.964, 18.517 ], [ 73.964, 18.526 ], [ 73.955, 18.526 ], [ 73.955, 18.517 ], [ 73.964, 18.517 ] ] ] } },
{ "type": "Feature", "properties": { "cell_id": "P1689" }, "geometry": { "type": "Polygon", "coordinates": [ [ [ 73.964, 18.526 ], [ 73.964, 18.535 ], [ 73.955, 18.535 ], [ 73.955, 18.526 ], [ 73.964, 18.526 ] ] ] } },
{ "type": "Feature", "properties": { "cell_id": "P1690" }, "geometry": { "type": "Polygon", "coordinates": [ [ [ 73.964, 18.535 ], [ 73.964, 18.544 ], [ 73.955, 18.544 ], [ 73.955, 18.535 ], [ 73.964, 18.535 ] ] ] } },
{ "type": "Feature", "properties": { "cell_id": "P1691" }, "geometry": { "type": "Polygon", "coordinates": [ [ [ 73.964, 18.544 ], [ 73.964, 18.553 ], [ 73.955, 18.553 ], [ 73.955, 18.544 ], [ 73.964, 18.544 ] ] ] } },
{ "type": "Feature", "properties": { "cell_id": "P1692" }, "geometry": { "type": "Polygon", "coordinates": [ [ [ 73.964, 18.553 ], [ 73.964, 18.562 ], [ 73.955, 18.562 ], [ 73.955, 18.553 ], [ 73.964, 18.553 ] ] ] } },
{ "type": "Feature", "properties": { "cell_id": "P1693" }, "geometry": { "type": "Polygon", "coordinates": [ [ [ 73.964, 18.562 ], [ 73.964, 18.571 ], [ 73.955, 18.571 ], [ 73.955, 18.562 ], [ 73.964, 18.562 ] ] ] } },
{ "type": "Feature", "properties": { "cell_id": "P1694" }, "geometry": { "type": "Polygon", "coordinates": [ [ [ 73.964, 18.571 ], [ 73.964, 18.58 ], [ 73.955, 18.58 ], [ 73.955, 18.571 ], [ 73.964, 18.571 ] ] ] } },
{ "type": "Feature", "properties": { "cell_id": "P1695" }, "geometry": { "type": "Polygon", "coordinates": [ [ [ 73.964, 18.58 ], [ 73.964, 18.589 ], [ 73.955, 18.589 ], [ 73.955, 18.58 ], [ 73.964, 18.58 ] ] ] } },
{ "type": "Feature", "properties": { "cell_id": "P1696" }, "geometry": { "type": "Polygon", "coordinates": [ [ [ 73.964, 18.589 ], [ 73.964, 18.598 ], [ 73.955, 18.598 ], [ 73.955, 18.589 ], [ 73.964, 18.589 ] ] ] } },
{ "type": "Feature", "properties": { "cell_id": "P1697" }, "geometry": { "type": "Polygon", "coordinates": [ [ [ 73.964, 18.598 ], [ 73.964, 18.607 ], [ 73.955, 18.607 ], [ 73.955, 18.598 ], [ 73.964, 18.598 ] ] ] } },
{ "type": "Feature", "properties": { "cell_id": "P1698" }, "geometry": { "type": "Polygon", "coordinates": [ [ [ 73.964, 18.607 ], [ 73.964, 18.616 ], [ 73.955, 18.616 ], [ 73.955, 18.607 ], [ 73.964, 18.607 ] ] ] } },
{ "type": "Feature", "properties": { "cell_id": "P1699" }, "geometry": { "type": "Polygon", "coordinates": [ [ [ 73.964, 18.616 ], [ 73.964, 18.625 ], [ 73.955, 18.625 ], [ 73.955, 18.616 ], [ 73.964, 18.616 ] ] ] } },
{ "type": "Feature", "properties": { "cell_id": "P1700" }, "geometry": { "type": "Polygon", "coordinates": [ [ [ 73.964, 18.625 ], [ 73.964, 18.634 ], [ 73.955, 18.634 ], [ 73.955, 18.625 ], [ 73.964, 18.625 ] ] ] } },
{ "type": "Feature", "properties": { "cell_id": "P1701" }, "geometry": { "type": "Polygon", "coordinates": [ [ [ 73.964, 18.634 ], [ 73.964, 18.643 ], [ 73.955, 18.643 ], [ 73.955, 18.634 ], [ 73.964, 18.634 ] ] ] } },
{ "type": "Feature", "properties": { "cell_id": "P1702" }, "geometry": { "type": "Polygon", "coordinates": [ [ [ 73.973, 18.4 ], [ 73.973, 18.409 ], [ 73.964, 18.409 ], [ 73.964, 18.4 ], [ 73.973, 18.4 ] ] ] } },
{ "type": "Feature", "properties": { "cell_id": "P1703" }, "geometry": { "type": "Polygon", "coordinates": [ [ [ 73.973, 18.409 ], [ 73.973, 18.418 ], [ 73.964, 18.418 ], [ 73.964, 18.409 ], [ 73.973, 18.409 ] ] ] } },
{ "type": "Feature", "properties": { "cell_id": "P1704" }, "geometry": { "type": "Polygon", "coordinates": [ [ [ 73.973, 18.418 ], [ 73.973, 18.427 ], [ 73.964, 18.427 ], [ 73.964, 18.418 ], [ 73.973, 18.418 ] ] ] } },
{ "type": "Feature", "properties": { "cell_id": "P1705" }, "geometry": { "type": "Polygon", "coordinates": [ [ [ 73.973, 18.427 ], [ 73.973, 18.436 ], [ 73.964, 18.436 ], [ 73.964, 18.427 ], [ 73.973, 18.427 ] ] ] } },
{ "type": "Feature", "properties": { "cell_id": "P1706" }, "geometry": { "type": "Polygon", "coordinates": [ [ [ 73.973, 18.436 ], [ 73.973, 18.445 ], [ 73.964, 18.445 ], [ 73.964, 18.436 ], [ 73.973, 18.436 ] ] ] } },
{ "type": "Feature", "properties": { "cell_id": "P1707" }, "geometry": { "type": "Polygon", "coordinates": [ [ [ 73.973, 18.445 ], [ 73.973, 18.454 ], [ 73.964, 18.454 ], [ 73.964, 18.445 ], [ 73.973, 18.445 ] ] ] } },
{ "type": "Feature", "properties": { "cell_id": "P1708" }, "geometry": { "type": "Polygon", "coordinates": [ [ [ 73.973, 18.454 ], [ 73.973, 18.463 ], [ 73.964, 18.463 ], [ 73.964, 18.454 ], [ 73.973, 18.454 ] ] ] } },
{ "type": "Feature", "properties": { "cell_id": "P1709" }, "geometry": { "type": "Polygon", "coordinates": [ [ [ 73.973, 18.463 ], [ 73.973, 18.472 ], [ 73.964, 18.472 ], [ 73.964, 18.463 ], [ 73.973, 18.463 ] ] ] } },
{ "type": "Feature", "properties": { "cell_id": "P1710" }, "geometry": { "type": "Polygon", "coordinates": [ [ [ 73.973, 18.472 ], [ 73.973, 18.481 ], [ 73.964, 18.481 ], [ 73.964, 18.472 ], [ 73.973, 18.472 ] ] ] } },
{ "type": "Feature", "properties": { "cell_id": "P1711" }, "geometry": { "type": "Polygon", "coordinates": [ [ [ 73.973, 18.481 ], [ 73.973, 18.49 ], [ 73.964, 18.49 ], [ 73.964, 18.481 ], [ 73.973, 18.481 ] ] ] } },
{ "type": "Feature", "properties": { "cell_id": "P1712" }, "geometry": { "type": "Polygon", "coordinates": [ [ [ 73.973, 18.49 ], [ 73.973, 18.499 ], [ 73.964, 18.499 ], [ 73.964, 18.49 ], [ 73.973, 18.49 ] ] ] } },
{ "type": "Feature", "properties": { "cell_id": "P1713" }, "geometry": { "type": "Polygon", "coordinates": [ [ [ 73.973, 18.499 ], [ 73.973, 18.508 ], [ 73.964, 18.508 ], [ 73.964, 18.499 ], [ 73.973, 18.499 ] ] ] } },
{ "type": "Feature", "properties": { "cell_id": "P1714" }, "geometry": { "type": "Polygon", "coordinates": [ [ [ 73.973, 18.508 ], [ 73.973, 18.517 ], [ 73.964, 18.517 ], [ 73.964, 18.508 ], [ 73.973, 18.508 ] ] ] } },
{ "type": "Feature", "properties": { "cell_id": "P1715" }, "geometry": { "type": "Polygon", "coordinates": [ [ [ 73.973, 18.517 ], [ 73.973, 18.526 ], [ 73.964, 18.526 ], [ 73.964, 18.517 ], [ 73.973, 18.517 ] ] ] } },
{ "type": "Feature", "properties": { "cell_id": "P1716" }, "geometry": { "type": "Polygon", "coordinates": [ [ [ 73.973, 18.526 ], [ 73.973, 18.535 ], [ 73.964, 18.535 ], [ 73.964, 18.526 ], [ 73.973, 18.526 ] ] ] } },
{ "type": "Feature", "properties": { "cell_id": "P1717" }, "geometry": { "type": "Polygon", "coordinates": [ [ [ 73.973, 18.535 ], [ 73.973, 18.544 ], [ 73.964, 18.544 ], [ 73.964, 18.535 ], [ 73.973, 18.535 ] ] ] } },
{ "type": "Feature", "properties": { "cell_id": "P1718" }, "geometry": { "type": "Polygon", "coordinates": [ [ [ 73.973, 18.544 ], [ 73.973, 18.553 ], [ 73.964, 18.553 ], [ 73.964, 18.544 ], [ 73.973, 18.544 ] ] ] } },
{ "type": "Feature", "properties": { "cell_id": "P1719" }, "geometry": { "type": "Polygon", "coordinates": [ [ [ 73.973, 18.553 ], [ 73.973, 18.562 ], [ 73.964, 18.562 ], [ 73.964, 18.553 ], [ 73.973, 18.553 ] ] ] } },
{ "type": "Feature", "properties": { "cell_id": "P1720" }, "geometry": { "type": "Polygon", "coordinates": [ [ [ 73.973, 18.562 ], [ 73.973, 18.571 ], [ 73.964, 18.571 ], [ 73.964, 18.562 ], [ 73.973, 18.562 ] ] ] } },
{ "type": "Feature", "properties": { "cell_id": "P1721" }, "geometry": { "type": "Polygon", "coordinates": [ [ [ 73.973, 18.571 ], [ 73.973, 18.58 ], [ 73.964, 18.58 ], [ 73.964, 18.571 ], [ 73.973, 18.571 ] ] ] } },
{ "type": "Feature", "properties": { "cell_id": "P1722" }, "geometry": { "type": "Polygon", "coordinates": [ [ [ 73.973, 18.58 ], [ 73.973, 18.589 ], [ 73.964, 18.589 ], [ 73.964, 18.58 ], [ 73.973, 18.58 ] ] ] } },
{ "type": "Feature", "properties": { "cell_id": "P1723" }, "geometry": { "type": "Polygon", "coordinates": [ [ [ 73.973, 18.589 ], [ 73.973, 18.598 ], [ 73.964, 18.598 ], [ 73.964, 18.589 ], [ 73.973, 18.589 ] ] ] } },
{ "type": "Feature", "properties": { "cell_id": "P1724" }, "geometry": { "type": "Polygon", "coordinates": [ [ [ 73.973, 18.598 ], [ 73.973, 18.607 ], [ 73.964, 18.607 ], [ 73.964, 18.598 ], [ 73.973, 18.598 ] ] ] } },
{ "type": "Feature", "properties": { "cell_id": "P1725" }, "geometry": { "type": "Polygon", "coordinates": [ [ [ 73.973, 18.607 ], [ 73.973, 18.616 ], [ 73.964, 18.616 ], [ 73.964, 18.607 ], [ 73.973, 18.607 ] ] ] } },
{ "type": "Feature", "properties": { "cell_id": "P1726" }, "geometry": { "type": "Polygon", "coordinates": [ [ [ 73.973, 18.616 ], [ 73.973, 18.625 ], [ 73.964, 18.625 ], [ 73.964, 18.616 ], [ 73.973, 18.616 ] ] ] } },
{ "type": "Feature", "properties": { "cell_id": "P1727" }, "geometry": { "type": "Polygon", "coordinates": [ [ [ 73.973, 18.625 ], [ 73.973, 18.634 ], [ 73.964, 18.634 ], [ 73.964, 18.625 ], [ 73.973, 18.625 ] ] ] } },
{ "type": "Feature", "properties": { "cell_id": "P1728" }, "geometry": { "type": "Polygon", "coordinates": [ [ [ 73.973, 18.634 ], [ 73.973, 18.643 ], [ 73.964, 18.643 ], [ 73.964, 18.634 ], [ 73.973, 18.634 ] ] ] } }
]
}
