{
"type": "FeatureCollection",
"name": "pune_heatmap_normalized",
"crs": { "type": "name", "properties": { "name": "urn:ogc:def:crs:OGC:1.3:CRS84" } },
"features": [
{ "type": "Feature", "properties": { "cell_id": "P0001", "suhii_night": 4.57, "lst_day": 42.68, "lst_night": 27.64, "frac_built": 0.767, "frac_tree": 0.0817, "suhii_night_normalized": 4.57, "suhii_night_ml": 4.57, "suhii_night_2031": 4.99, "suhii_night_2041": 5.75 }, "geometry": { "type": "Polygon", "coordinates": [ [ [ 73.739, 18.4 ], [ 73.739, 18.409 ], [ 73.73, 18.409 ], [ 73.73, 18.4 ], [ 73.739, 18.4 ] ] ] } },
{ "type": "Feature", "properties": { "cell_id": "P1001", "suhii_night": 1.92, "lst_day": 38.5, "lst_night": 28.2, "frac_built": 0.6, "frac_tree": 0.1, "suhii_night_normalized": 1.92, "suhii_night_ml": 1.92, "suhii_night_2031": 2.34, "suhii_night_2041": 3.1 }, "geometry": { "type": "Polygon", "coordinates": [ [ [ 73.739, 18.409 ], [ 73.739, 18.418 ], [ 73.73, 18.418 ], [ 73.73, 18.409 ], [ 73.739, 18.409 ] ] ] } },
{ "type": "Feature", "properties": { "cell_id": "P1002", "suhii_night": 1.92, "lst_day": 38.5, "lst_night": 28.2, "frac_built": 0.6, "frac_tree": 0.1, "suhii_night_normalized": 1.92, "suhii_night_ml": 1.92, "suhii_night_2031": 2.34, "suhii_night_2041": 3.1 }, "geometry": { "type": "Polygon", "coordinates": [ [ [ 73.739, 18.418 ], [ 73.739, 18.427 ], [ 73.73, 18.427 ], [ 73.73, 18.418 ], [ 73.739, 18.418 ] ] ] } },
{ "type": "Feature", "properties": { "cell_id": "P1003", "suhii_night": 1.92, "lst_day": 38.5, "lst_night": 28.2, "frac_built": 0.6, "frac_tree": 0.1, "suhii_night_normalized": 1.92, "suhii_night_ml": 1.92, "suhii_night_2031": 2.34, "suhii_night_2041": 3.1 }, "geometry": { "type": "Polygon", "coordinates": [ [ [ 73.739, 18.427 ], [ 73.739, 18.436 ], [ 73.73, 18.436 ], [ 73.73, 18.427 ], [ 73.739, 18.427 ] ] ] } },
{ "type": "Feature", "properties": { "cell_id": "P1004", "suhii_night": 1.92, "lst_day": 38.5, "lst_night": 28.2, "frac_built": 0.6, "frac_tree": 0.1, "suhii_night_normalized": 1.92, "suhii_night_ml": 1.92, "suhii_night_2031": 2.34, "suhii_night_2041": 3.1 }, "geometry": { "type": "Polygon", "coordinates": [ [ [ 73.739, 18.436 ], [ 73.739, 18.445 ], [ 73.73, 18.445 ], [ 73.73, 18.436 ], [ 73.739, 18.436 ] ] ] } },
{ "type": "Feature", "properties": { "cell_id": "P1005", "suhii_night": 1.92, "lst_day": 38.5, "lst_night": 28.2, "frac_built": 0.6, "frac_tree": 0.1, "suhii_night_normalized": 1.92, "suhii_night_ml": 1.92, "suhii_night_2031": 2.34, "suhii_night_2041": 3.1 }, "geometry": { "type": "Polygon", "coordinates": [ [ [ 73.739, 18.445 ], [ 73.739, 18.454 ], [ 73.73, 18.454 ], [ 73.73, 18.445 ], [ 73.739, 18.445 ] ] ] } },
{ "type": "Feature", "properties": { "cell_id": "P1006", "suhii_night": 1.92, "lst_day": 38.5, "lst_night": 28.2, "frac_built": 0.6, "frac_tree": 0.1, "suhii_night_normalized": 1.92, "suhii_night_ml": 1.92, "suhii_night_2031": 2.34, "suhii_night_2041": 3.1 }, "geometry": { "type": "Polygon", "coordinates": [ [ [ 73.739, 18.454 ], [ 73.739, 18.463 ], [ 73.73, 18.463 ], [ 73.73, 18.454 ], [ 73.739, 18.454 ] ] ] } },
{ "type": "Feature", "properties": { "cell_id": "P1007", "suhii_night": 1.92, "lst_day": 38.5, "lst_night": 28.2, "frac_built": 0.6, "frac_tree": 0.1, "suhii_night_normalized": 1.92, "suhii_night_ml": 1.92, "suhii_night_2031": 2.34, "suhii_night_2041": 3.1 }, "geometry": { "type": "Polygon", "coordinates": [ [ [ 73.739, 18.463 ], [ 73.739, 18.472 ], [ 73.73, 18.472 ], [ 73.73, 18.463 ], [ 73.739, 18.463 ] ] ] } },
{ "type": "Feature", "properties": { "cell_id": "P1008", "suhii_night": 1.92, "lst_day": 38.5, "lst_night": 28.2, "frac_built": 0.6, "frac_tree": 0.1, "suhii_night_normalized": 1.92, "suhii_night_ml": 1.92, "suhii_night_2031": 2.34, "suhii_night_2041": 3.1 }, "geometry": { "type": "Polygon", "coordinates": [ [ [ 73.739, 18.472 ], [ 73.739, 18.481 ], [ 73.73, 18.481 ], [ 73.73, 18.472 ], [ 73.739, 18.472 ] ] ] } },
{ "type": "Feature", "properties": { "cell_id": "P1009", "suhii_night": 1.92, "lst_day": 38.5, "lst_night": 28.2, "frac_built": 0.6, "frac_tree": 0.1, "suhii_night_normalized": 1.92, "suhii_night_ml": 1.92, "suhii_night_2031": 2.34, "suhii_night_2041": 3.1 }, "geometry": { "type": "Polygon", "coordinates": [ [ [ 73.739, 18.481 ], [ 73.739, 18.49 ], [ 73.73, 18.49 ], [ 73.73, 18.481 ], [ 73.739, 18.481 ] ] ] } },
{ "type": "Feature", "properties": { "cell_id": "P1010", "suhii_night": 1.92, "lst_day": 38.5, "lst_night": 28.2, "frac_built": 0.6, "frac_tree": 0.1, "suhii_night_normalized": 1.92, "suhii_night_ml": 1.92, "suhii_night_2031": 2.34, "suhii_night_2041": 3.1 }, "geometry": { "type": "Polygon", "coordinates": [ [ [ 73.739, 18.49 ], [ 73.739, 18.499 ], [ 73.73, 18.499 ], [ 73.73, 18.49 ], [ 73.739, 18.49 ] ] ] } },
{ "type": "Feature", "properties": { "cell_id": "P1011", "suhii_night": 1.92, "lst_day": 38.5, "lst_night": 28.2, "frac_built": 0.6, "frac_tree": 0.1, "suhii_night_normalized": 1.92, "suhii_night_ml": 1.92, "suhii_night_2031": 2.34, "suhii_night_2041": 3.1 }, "geometry": { "type": "Polygon", "coordinates": [ [ [ 73.739, 18.499 ], [ 73.739, 18.508 ], [ 73.73, 18.508 ], [ 73.73, 18.499 ], [ 73.739, 18.499 ] ] ] } },
{ "type": "Feature", "properties": { "cell_id": "P1012", "suhii_night": 1.92, "lst_day": 38.5, "lst_night": 28.2, "frac_built": 0.6, "frac_tree": 0.1, "suhii_night_normalized": 1.92, "suhii_night_ml": 1.92, "suhii_night_2031": 2.34, "suhii_night_2041": 3.1 }, "geometry": { "type": "Polygon", "coordinates": [ [ [ 73.739, 18.508 ], [ 73.739, 18.517 ], [ 73.73, 18.517 ], [ 73.73, 18.508 ], [ 73.739, 18.508 ] ] ] } },
{ "type": "Feature", "properties": { "cell_id": "P1013", "suhii_night": 1.92, "lst_day": 38.5, "lst_night": 28.2, "frac_built": 0.6, "frac_tree": 0.1, "suhii_night_normalized": 1.92, "suhii_night_ml": 1.92, "suhii_night_2031": 2.34, "suhii_night_2041": 3.1 }, "geometry": { "type": "Polygon", "coordinates": [ [ [ 73.739, 18.517 ], [ 73.739, 18.526 ], [ 73.73, 18.526 ], [ 73.73, 18.517 ], [ 73.739, 18.517 ] ] ] } },
{ "type": "Feature", "properties": { "cell_id": "P1014", "suhii_night": 1.92, "lst_day": 38.5, "lst_night": 28.2, "frac_built": 0.6, "frac_tree": 0.1, "suhii_night_normalized": 1.92, "suhii_night_ml": 1.92, "suhii_night_2031": 2.34, "suhii_night_2041": 3.1 }, "geometry": { "type": "Polygon", "coordinates": [ [ [ 73.739, 18.526 ], [ 73.739, 18.535 ], [ 73.73, 18.535 ], [ 73.73, 18.526 ], [ 73.739, 18.526 ] ] ] } },
{ "type": "Feature", "properties": { "cell_id": "P1015", "suhii_night": 1.92, "lst_day": 38.5, "lst_night": 28.2, "frac_built": 0.6, "frac_tree": 0.1, "suhii_night_normalized": 1.92, "suhii_night_ml": 1.92, "suhii_night_2031": 2.34, "suhii_night_2041": 3.1 }, "geometry": { "type": "Polygon", "coordinates": [ [ [ 73.739, 18.535 ], [ 73.739, 18.544 ], [ 73.73, 18.544 ], [ 73.73, 18.535 ], [ 73.739, 18.535 ] ] ] } },
{ "type": "Feature", "properties": { "cell_id": "P1016", "suhii_night": 1.92, "lst_day": 38.5, "lst_night": 28.2, "frac_built": 0.6, "frac_tree": 0.1, "suhii_night_normalized": 1.92, "suhii_night_ml": 1.92, "suhii_night_2031": 2.34, "suhii_night_2041": 3.1 }, "geometry": { "type": "Polygon", "coordinates": [ [ [ 73.739, 18.544 ], [ 73.739, 18.553 ], [ 73.73, 18.553 ], [ 73.73, 18.544 ], [ 73.739, 18.544 ] ] ] } },
{ "type": "Feature", "properties": { "cell_id": "P1017", "suhii_night": 1.92, "lst_day": 38.5, "lst_night": 28.2, "frac_built": 0.6, "frac_tree": 0.1, "suhii_night_normalized": 1.92, "suhii_night_ml": 1.92, "suhii_night_2031": 2.34, "suhii_night_2041": 3.1 }, "geometry": { "type": "Polygon", "coordinates": [ [ [ 73.739, 18.553 ], [ 73.739, 18.562 ], [ 73.73, 18.562 ], [ 73.73, 18.553 ], [ 73.739, 18.553 ] ] ] } },
{ "type": "Feature", "properties": { "cell_id": "P1018", "suhii_night": 1.92, "lst_day": 38.5, "lst_night": 28.2, "frac_built": 0.6, "frac_tree": 0.1, "suhii_night_normalized": 1.92, "suhii_night_ml": 1.92, "suhii_night_2031": 2.34, "suhii_night_2041": 3.1 }, "geometry": { "type": "Polygon", "coordinates": [ [ [ 73.739, 18.562 ], [ 73.739, 18.571 ], [ 73.73, 18.571 ], [ 73.73, 18.562 ], [ 73.739, 18.562 ] ] ] } },
{ "type": "Feature", "properties": { "cell_id": "P1019", "suhii_night": 1.92, "lst_day": 38.5, "lst_night": 28.2, "frac_built": 0.6, "frac_tree": 0.1, "suhii_night_normalized": 1.92, "suhii_night_ml": 1.92, "suhii_night_2031": 2.34, "suhii_night_2041": 3.1 }, "geometry": { "type": "Polygon", "coordinates": [ [ [ 73.739, 18.571 ], [ 73.739, 18.58 ], [ 73.73, 18.58 ], [ 73.73, 18.571 ], [ 73.739, 18.571 ] ] ] } },
{ "type": "Feature", "properties": { "cell_id": "P1020", "suhii_night": 1.92, "lst_day": 38.5, "lst_night": 28.2, "frac_built": 0.6, "frac_tree": 0.1, "suhii_night_normalized": 1.92, "suhii_night_ml": 1.92, "suhii_night_2031": 2.34, "suhii_night_2041": 3.1 }, "geometry": { "type": "Polygon", "coordinates": [ [ [ 73.739, 18.58 ], [ 73.739, 18.589 ], [ 73.73, 18.589 ], [ 73.73, 18.58 ], [ 73.739, 18.58 ] ] ] } },
{ "type": "Feature", "properties": { "cell_id": "P1021", "suhii_night": 1.92, "lst_day": 38.5, "lst_night": 28.2, "frac_built": 0.6, "frac_tree": 0.1, "suhii_night_normalized": 1.92, "suhii_night_ml": 1.92, "suhii_night_2031": 2.34, "suhii_night_2041": 3.1 }, "geometry": { "type": "Polygon", "coordinates": [ [ [ 73.739, 18.589 ], [ 73.739, 18.598 ], [ 73.73, 18.598 ], [ 73.73, 18.589 ], [ 73.739, 18.589 ] ] ] } },
{ "type": "Feature", "properties": { "cell_id": "P1022", "suhii_night": 1.92, "lst_day": 38.5, "lst_night": 28.2, "frac_built": 0.6, "frac_tree": 0.1, "suhii_night_normalized": 1.92, "suhii_night_ml": 1.92, "suhii_night_2031": 2.34, "suhii_night_2041": 3.1 }, "geometry": { "type": "Polygon", "coordinates": [ [ [ 73.739, 18.598 ], [ 73.739, 18.607 ], [ 73.73, 18.607 ], [ 73.73, 18.598 ], [ 73.739, 18.598 ] ] ] } },
{ "type": "Feature", "properties": { "cell_id": "P1023", "suhii_night": 1.92, "lst_day": 38.5, "lst_night": 28.2, "frac_built": 0.6, "frac_tree": 0.1, "suhii_night_normalized": 1.92, "suhii_night_ml": 1.92, "suhii_night_2031": 2.34, "suhii_night_2041": 3.1 }, "geometry": { "type": "Polygon", "coordinates": [ [ [ 73.739, 18.607 ], [ 73.739, 18.616 ], [ 73.73, 18.616 ], [ 73.73, 18.607 ], [ 73.739, 18.607 ] ] ] } },
{ "type": "Feature", "properties": { "cell_id": "P1024", "suhii_night": 1.92, "lst_day": 38.5, "lst_night": 28.2, "frac_built": 0.6, "frac_tree": 0.1, "suhii_night_normalized": 1.92, "suhii_night_ml": 1.92, "suhii_night_2031": 2.34, "suhii_night_2041": 3.1 }, "geometry": { "type": "Polygon", "coordinates": [ [ [ 73.739, 18.616 ], [ 73.739, 18.625 ], [ 73.73, 18.625 ], [ 73.73, 18.616 ], [ 73.739, 18.616 ] ] ] } },
{ "type": "Feature", "properties": { "cell_id": "P1025", "suhii_night": 1.92, "lst_day": 38.5, "lst_night": 28.2, "frac_built": 0.6, "frac_tree": 0.1, "suhii_night_normalized": 1.92, "suhii_night_ml": 1.92, "suhii_night_2031": 2.34, "suhii_night_2041": 3.1 }, "geometry": { "type": "Polygon", "coordinates": [ [ [ 73.739, 18.625 ], [ 73.739, 18.634 ], [ 73.73, 18.634 ], [ 73.73, 18.625 ], [ 73.739, 18.625 ] ] ] } },
{ "type": "Feature", "properties": { "cell_id": "P1026", "suhii_night": 1.92, "lst_day": 38.5, "lst_night": 28.2, "frac_built": 0.6, "frac_tree": 0.1, "suhii_night_normalized": 1.92, "suhii_night_ml": 1.92, "suhii_night_2031": 2.34, "suhii_night_2041": 3.1 }, "geometry": { "type": "Polygon", "coordinates": [ [ [ 73.739, 18.634 ], [ 73.739, 18.643 ], [ 73.73, 18.643 ], [ 73.73, 18.634 ], [ 73.739, 18.634 ] ] ] } },
{ "type": "Feature", "properties": { "cell_id": "P1027", "suhii_night": 1.92, "lst_day": 38.5, "lst_night": 28.2, "frac_built": 0.6, "frac_tree": 0.1, "suhii_night_normalized": 1.92, "suhii_night_ml": 1.92, "suhii_night_2031": 2.34, "suhii_night_2041": 3.1 }, "geometry": { "type": "Polygon", "coordinates": [ [ [ 73.748, 18.4 ], [ 73.748, 18.409 ], [ 73.739, 18.409 ], [ 73.739, 18.4 ], [ 73.748, 18.4 ] ] ] } },
{ "type": "Feature", "properties": { "cell_id": "P1028", "suhii_night": 1.92, "lst_day": 38.5, "lst_night": 28.2, "frac_built": 0.6, "frac_tree": 0.1, "suhii_night_normalized": 1.92, "suhii_night_ml": 1.92, "suhii_night_2031": 2.34, "suhii_night_2041": 3.1 }, "geometry": { "type": "Polygon", "coordinates": [ [ [ 73.748, 18.409 ], [ 73.748, 18.418 ], [ 73.739, 18.418 ], [ 73.739, 18.409 ], [ 73.748, 18.409 ] ] ] } },
{ "type": "Feature", "properties": { "cell_id": "P1029", "suhii_night": 1.92, "lst_day": 38.5, "lst_night": 28.2, "frac_built": 0.6, "frac_tree": 0.1, "suhii_night_normalized": 1.92, "suhii_night_ml": 1.92, "suhii_night_2031": 2.34, "suhii_night_2041": 3.1 }, "geometry": { "type": "Polygon", "coordinates": [ [ [ 73.748, 18.418 ], [ 73.748, 18.427 ], [ 73.739, 18.427 ], [ 73.739, 18.418 ], [ 73.748, 18.418 ] ] ] } },
{ "type": "Feature", "properties": { "cell_id": "P1030", "suhii_night": 1.92, "lst_day": 38.5, "lst_night": 28.2, "frac_built": 0.6, "frac_tree": 0.1, "suhii_night_normalized": 1.92, "suhii_night_ml": 1.92, "suhii_night_2031": 2.34, "suhii_night_2041": 3.1 }, "geometry": { "type": "Polygon", "coordinates": [ [ [ 73.748, 18.427 ], [ 73.748, 18.436 ], [ 73.739, 18.436 ], [ 73.739, 18.427 ], [ 73.748, 18.427 ] ] ] } },
{ "type": "Feature", "properties": { "cell_id": "P1031", "suhii_night": 1.92, "lst_day": 38.5, "lst_night": 28.2, "frac_built": 0.6, "frac_tree": 0.1, "suhii_night_normalized": 1.92, "suhii_night_ml": 1.92, "suhii_night_2031": 2.34, "suhii_night_2041": 3.1 }, "geometry": { "type": "Polygon", "coordinates": [ [ [ 73.748, 18.436 ], [ 73.748, 18.445 ], [ 73.739, 18.445 ], [ 73.739, 18.436 ], [ 73.748, 18.436 ] ] ] } },
{ "type": "Feature", "properties": { "cell_id": "P1032", "suhii_night": 1.92, "lst_day": 38.5, "lst_night": 28.2, "frac_built": 0.6, "frac_tree": 0.1, "suhii_night_normalized": 1.92, "suhii_night_ml": 1.92, "suhii_night_2031": 2.34, "suhii_night_2041": 3.1 }, "geometry": { "type": "Polygon", "coordinates": [ [ [ 73.748, 18.445 ], [ 73.748, 18.454 ], [ 73.739, 18.454 ], [ 73.739, 18.445 ], [ 73.748, 18.445 ] ] ] } },
{ "type": "Feature", "properties": { "cell_id": "P1033", "suhii_night": 1.92, "lst_day": 38.5, "lst_night": 28.2, "frac_built": 0.6, "frac_tree": 0.1, "suhii_night_normalized": 1.92, "suhii_night_ml": 1.92, "suhii_night_2031": 2.34, "suhii_night_2041": 3.1 }, "geometry": { "type": "Polygon", "coordinates": [ [ [ 73.748, 18.454 ], [ 73.748, 18.463 ], [ 73.739, 18.463 ], [ 73.739, 18.454 ], [ 73.748, 18.454 ] ] ] } },
{ "type": "Feature", "properties": { "cell_id": "P1034", "suhii_night": 1.92, "lst_day": 38.5, "lst_night": 28.2, "frac_built": 0.6, "frac_tree": 0.1, "suhii_night_normalized": 1.92, "suhii_night_ml": 1.92, "suhii_night_2031": 2.34, "suhii_night_2041": 3.1 }, "geometry": { "type": "Polygon", "coordinates": [ [ [ 73.748, 18.463 ], [ 73.748, 18.472 ], [ 73.739, 18.472 ], [ 73.739, 18.463 ], [ 73.748, 18.463 ] ] ] } },
{ "type": "Feature", "properties": { "cell_id": "P1035", "suhii_night": 1.92, "lst_day": 38.5, "lst_night": 28.2, "frac_built": 0.6, "frac_tree": 0.1, "suhii_night_normalized": 1.92, "suhii_night_ml": 1.92, "suhii_night_2031": 2.34, "suhii_night_2041": 3.1 }, "geometry": { "type": "Polygon", "coordinates": [ [ [ 73.748, 18.472 ], [ 73.748, 18.481 ], [ 73.739, 18.481 ], [ 73.739, 18.472 ], [ 73.748, 18.472 ] ] ] } },
{ "type": "Feature", "properties": { "cell_id": "P1036", "suhii_night": 1.92, "lst_day": 38.5, "lst_night": 28.2, "frac_built": 0.6, "frac_tree": 0.1, "suhii_night_normalized": 1.92, "suhii_night_ml": 1.92, "suhii_night_2031": 2.34, "suhii_night_2041": 3.1 }, "geometry": { "type": "Polygon", "coordinates": [ [ [ 73.748, 18.481 ], [ 73.748, 18.49 ], [ 73.739, 18.49 ], [ 73.739, 18.481 ], [ 73.748, 18.481 ] ] ] } },
{ "type": "Feature", "properties": { "cell_id": "P1037", "suhii_night": 1.92, "lst_day": 38.5, "lst_night": 28.2, "frac_built": 0.6, "frac_tree": 0.1, "suhii_night_normalized": 1.92, "suhii_night_ml": 1.92, "suhii_night_2031": 2.34, "suhii_night_2041": 3.1 }, "geometry": { "type": "Polygon", "coordinates": [ [ [ 73.748, 18.49 ], [ 73.748, 18.499 ], [ 73.739, 18.499 ], [ 73.739, 18.49 ], [ 73.748, 18.49 ] ] ] } },
{ "type": "Feature", "properties": { "cell_id": "P1038", "suhii_night": 1.92, "lst_day": 38.5, "lst_night": 28.2, "frac_built": 0.6, "frac_tree": 0.1, "suhii_night_normalized": 1.92, "suhii_night_ml": 1.92, "suhii_night_2031": 2.34, "suhii_night_2041": 3.1 }, "geometry": { "type": "Polygon", "coordinates": [ [ [ 73.748, 18.499 ], [ 73.748, 18.508 ], [ 73.739, 18.508 ], [ 73.739, 18.499 ], [ 73.748, 18.499 ] ] ] } },
{ "type": "Feature", "properties": { "cell_id": "P1039", "suhii_night": 1.92, "lst_day": 38.5, "lst_night": 28.2, "frac_built": 0.6, "frac_tree": 0.1, "suhii_night_normalized": 1.92, "suhii_night_ml": 1.92, "suhii_night_2031": 2.34, "suhii_night_2041": 3.1 }, "geometry": { "type": "Polygon", "coordinates": [ [ [ 73.748, 18.508 ], [ 73.748, 18.517 ], [ 73.739, 18.517 ], [ 73.739, 18.508 ], [ 73.748, 18.508 ] ] ] } },
{ "type": "Feature", "properties": { "cell_id": "P1040", "suhii_night": 1.92, "lst_day": 38.5, "lst_night": 28.2, "frac_built": 0.6, "frac_tree": 0.1, "suhii_night_normalized": 1.92, "suhii_night_ml": 1.92, "suhii_night_2031": 2.34, "suhii_night_2041": 3.1 }, "geometry": { "type": "Polygon", "coordinates": [ [ [ 73.748, 18.517 ], [ 73.748, 18.526 ], [ 73.739, 18.526 ], [ 73.739, 18.517 ], [ 73.748, 18.517 ] ] ] } },
{ "type": "Feature", "properties": { "cell_id": "P1041", "suhii_night": 1.92, "lst_day": 38.5, "lst_night": 28.2, "frac_built": 0.6, "frac_tree": 0.1, "suhii_night_normalized": 1.92, "suhii_night_ml": 1.92, "suhii_night_2031": 2.34, "suhii_night_2041": 3.1 }, "geometry": { "type": "Polygon", "coordinates": [ [ [ 73.748, 18.526 ], [ 73.748, 18.535 ], [ 73.739, 18.535 ], [ 73.739, 18.526 ], [ 73.748, 18.526 ] ] ] } },
{ "type": "Feature", "properties": { "cell_id": "P1042", "suhii_night": 1.92, "lst_day": 38.5, "lst_night": 28.2, "frac_built": 0.6, "frac_tree": 0.1, "suhii_night_normalized": 1.92, "suhii_night_ml": 1.92, "suhii_night_2031": 2.34, "suhii_night_2041": 3.1 }, "geometry": { "type": "Polygon", "coordinates": [ [ [ 73.748, 18.535 ], [ 73.748, 18.544 ], [ 73.739, 18.544 ], [ 73.739, 18.535 ], [ 73.748, 18.535 ] ] ] } },
{ "type": "Feature", "properties": { "cell_id": "P1043", "suhii_night": 1.92, "lst_day": 38.5, "lst_night": 28.2, "frac_built": 0.6, "frac_tree": 0.1, "suhii_night_normalized": 1.92, "suhii_night_ml": 1.92, "suhii_night_2031": 2.34, "suhii_night_2041": 3.1 }, "geometry": { "type": "Polygon", "coordinates": [ [ [ 73.748, 18.544 ], [ 73.748, 18.553 ], [ 73.739, 18.553 ], [ 73.739, 18.544 ], [ 73.748, 18.544 ] ] ] } },
{ "type": "Feature", "properties": { "cell_id": "P1044", "suhii_night": 1.92, "lst_day": 38.5, "lst_night": 28.2, "frac_built": 0.6, "frac_tree": 0.1, "suhii_night_normalized": 1.92, "suhii_night_ml": 1.92, "suhii_night_2031": 2.34, "suhii_night_2041": 3.1 }, "geometry": { "type": "Polygon", "coordinates": [ [ [ 73.748, 18.553 ], [ 73.748, 18.562 ], [ 73.739, 18.562 ], [ 73.739, 18.553 ], [ 73.748, 18.553 ] ] ] } },
{ "type": "Feature", "properties": { "cell_id": "P1045", "suhii_night": 1.92, "lst_day": 38.5, "lst_night": 28.2, "frac_built": 0.6, "frac_tree": 0.1, "suhii_night_normalized": 1.92, "suhii_night_ml": 1.92, "suhii_night_2031": 2.34, "suhii_night_2041": 3.1 }, "geometry": { "type": "Polygon", "coordinates": [ [ [ 73.748, 18.562 ], [ 73.748, 18.571 ], [ 73.739, 18.571 ], [ 73.739, 18.562 ], [ 73.748, 18.562 ] ] ] } },
{ "type": "Feature", "properties": { "cell_id": "P1046", "suhii_night": 1.92, "lst_day": 38.5, "lst_night": 28.2, "frac_built": 0.6, "frac_tree": 0.1, "suhii_night_normalized": 1.92, "suhii_night_ml": 1.92, "suhii_night_2031": 2.34, "suhii_night_2041": 3.1 }, "geometry": { "type": "Polygon", "coordinates": [ [ [ 73.748, 18.571 ], [ 73.748, 18.58 ], [ 73.739, 18.58 ], [ 73.739, 18.571 ], [ 73.748, 18.571 ] ] ] } },
{ "type": "Feature", "properties": { "cell_id": "P1047", "suhii_night": 1.92, "lst_day": 38.5, "lst_night": 28.2, "frac_built": 0.6, "frac_tree": 0.1, "suhii_night_normalized": 1.92, "suhii_night_ml": 1.92, "suhii_night_2031": 2.34, "suhii_night_2041": 3.1 }, "geometry": { "type": "Polygon", "coordinates": [ [ [ 73.748, 18.58 ], [ 73.748, 18.589 ], [ 73.739, 18.589 ], [ 73.739, 18.58 ], [ 73.748, 18.58 ] ] ] } },
{ "type": "Feature", "properties": { "cell_id": "P1048", "suhii_night": 1.92, "lst_day": 38.5, "lst_night": 28.2, "frac_built": 0.6, "frac_tree": 0.1, "suhii_night_normalized": 1.92, "suhii_night_ml": 1.92, "suhii_night_2031": 2.34, "suhii_night_2041": 3.1 }, "geometry": { "type": "Polygon", "coordinates": [ [ [ 73.748, 18.589 ], [ 73.748, 18.598 ], [ 73.739, 18.598 ], [ 73.739, 18.589 ], [ 73.748, 18.589 ] ] ] } },
{ "type": "Feature", "properties": { "cell_id": "P1049", "suhii_night": 1.92, "lst_day": 38.5, "lst_night": 28.2, "frac_built": 0.6, "frac_tree": 0.1, "suhii_night_normalized": 1.92, "suhii_night_ml": 1.92, "suhii_night_2031": 2.34, "suhii_night_2041": 3.1 }, "geometry": { "type": "Polygon", "coordinates": [ [ [ 73.748, 18.598 ], [ 73.748, 18.607 ], [ 73.739, 18.607 ], [ 73.739, 18.598 ], [ 73.748, 18.598 ] ] ] } },
{ "type": "Feature", "properties": { "cell_id": "P1050", "suhii_night": 1.92, "lst_day": 38.5, "lst_night": 28.2, "frac_built": 0.6, "frac_tree": 0.1, "suhii_night_normalized": 1.92, "suhii_night_ml": 1.92, "suhii_night_2031": 2.34, "suhii_night_2041": 3.1 }, "geometry": { "type": "Polygon", "coordinates": [ [ [ 73.748, 18.607 ], [ 73.748, 18.616 ], [ 73.739, 18.616 ], [ 73.739, 18.607 ], [ 73.748, 18.607 ] ] ] } },
{ "type": "Feature", "properties": { "cell_id": "P1051", "suhii_night": 1.92, "lst_day": 38.5, "lst_night": 28.2, "frac_built": 0.6, "frac_tree": 0.1, "suhii_night_normalized": 1.92, "suhii_night_ml": 1.92, "suhii_night_2031": 2.34, "suhii_night_2041": 3.1 }, "geometry": { "type": "Polygon", "coordinates": [ [ [ 73.748, 18.616 ], [ 73.748, 18.625 ], [ 73.739, 18.625 ], [ 73.739, 18.616 ], [ 73.748, 18.616 ] ] ] } },
{ "type": "Feature", "properties": { "cell_id": "P1052", "suhii_night": 1.92, "lst_day": 38.5, "lst_night": 28.2, "frac_built": 0.6, "frac_tree": 0.1, "suhii_night_normalized": 1.92, "suhii_night_ml": 1.92, "suhii_night_2031": 2.34, "suhii_night_2041": 3.1 }, "geometry": { "type": "Polygon", "coordinates": [ [ [ 73.748, 18.625 ], [ 73.748, 18.634 ], [ 73.739, 18.634 ], [ 73.739, 18.625 ], [ 73.748, 18.625 ] ] ] } },
{ "type": "Feature", "properties": { "cell_id": "P1053", "suhii_night": 1.92, "lst_day": 38.5, "lst_night": 28.2, "frac_built": 0.6, "frac_tree": 0.1, "suhii_night_normalized": 1.92, "suhii_night_ml": 1.92, "suhii_night_2031": 2.34, "suhii_night_2041": 3.1 }, "geometry": { "type": "Polygon", "coordinates": [ [ [ 73.748, 18.634 ], [ 73.748, 18.643 ], [ 73.739, 18.643 ], [ 73.739, 18.634 ], [ 73.748, 18.634 ] ] ] } },
{ "type": "Feature", "properties": { "cell_id": "P1054", "suhii_night": 1.92, "lst_day": 38.5, "lst_night": 28.2, "frac_built": 0.6, "frac_tree": 0.1, "suhii_night_normalized": 1.92, "suhii_night_ml": 1.92, "suhii_night_2031": 2.34, "suhii_night_2041": 3.1 }, "geometry": { "type": "Polygon", "coordinates": [ [ [ 73.757, 18.4 ], [ 73.757, 18.409 ], [ 73.748, 18.409 ], [ 73.748, 18.4 ], [ 73.757, 18.4 ] ] ] } },
{ "type": "Feature", "properties": { "cell_id": "P1055", "suhii_night": 1.92, "lst_day": 38.5, "lst_night": 28.2, "frac_built": 0.6, "frac_tree": 0.1, "suhii_night_normalized": 1.92, "suhii_night_ml": 1.92, "suhii_night_2031": 2.34, "suhii_night_2041": 3.1 }, "geometry": { "type": "Polygon", "coordinates": [ [ [ 73.757, 18.409 ], [ 73.757, 18.418 ], [ 73.748, 18.418 ], [ 73.748, 18.409 ], [ 73.757, 18.409 ] ] ] } },
{ "type": "Feature", "properties": { "cell_id": "P1056", "suhii_night": 1.92, "lst_day": 38.5, "lst_night": 28.2, "frac_built": 0.6, "frac_tree": 0.1, "suhii_night_normalized": 1.92, "suhii_night_ml": 1.92, "suhii_night_2031": 2.34, "suhii_night_2041": 3.1 }, "geometry": { "type": "Polygon", "coordinates": [ [ [ 73.757, 18.418 ], [ 73.757, 18.427 ], [ 73.748, 18.427 ], [ 73.748, 18.418 ], [ 73.757, 18.418 ] ] ] } },
{ "type": "Feature", "properties": { "cell_id": "P1057", "suhii_night": 1.92, "lst_day": 38.5, "lst_night": 28.2, "frac_built": 0.6, "frac_tree": 0.1, "suhii_night_normalized": 1.92, "suhii_night_ml": 1.92, "suhii_night_2031": 2.34, "suhii_night_2041": 3.1 }, "geometry": { "type": "Polygon", "coordinates": [ [ [ 73.757, 18.427 ], [ 73.757, 18.436 ], [ 73.748, 18.436 ], [ 73.748, 18.427 ], [ 73.757, 18.427 ] ] ] } },
{ "type": "Feature", "properties": { "cell_id": "P1058", "suhii_night": 1.92, "lst_day": 38.5, "lst_night": 28.2, "frac_built": 0.6, "frac_tree": 0.1, "suhii_night_normalized": 1.92, "suhii_night_ml": 1.92, "suhii_night_2031": 2.34, "suhii_night_2041": 3.1 }, "geometry": { "type": "Polygon", "coordinates": [ [ [ 73.757, 18.436 ], [ 73.757, 18.445 ], [ 73.748, 18.445 ], [ 73.748, 18.436 ], [ 73.757, 18.436 ] ] ] } },
{ "type": "Feature", "properties": { "cell_id": "P1059", "suhii_night": 1.92, "lst_day": 38.5, "lst_night": 28.2, "frac_built": 0.6, "frac_tree": 0.1, "suhii_night_normalized": 1.92, "suhii_night_ml": 1.92, "suhii_night_2031": 2.34, "suhii_night_2041": 3.1 }, "geometry": { "type": "Polygon", "coordinates": [ [ [ 73.757, 18.445 ], [ 73.757, 18.454 ], [ 73.748, 18.454 ], [ 73.748, 18.445 ], [ 73.757, 18.445 ] ] ] } },
{ "type": "Feature", "properties": { "cell_id": "P1060", "suhii_night": 1.92, "lst_day": 38.5, "lst_night": 28.2, "frac_built": 0.6, "frac_tree": 0.1, "suhii_night_normalized": 1.92, "suhii_night_ml": 1.92, "suhii_night_2031": 2.34, "suhii_night_2041": 3.1 }, "geometry": { "type": "Polygon", "coordinates": [ [ [ 73.757, 18.454 ], [ 73.757, 18.463 ], [ 73.748, 18.463 ], [ 73.748, 18.454 ], [ 73.757, 18.454 ] ] ] } },
{ "type": "Feature", "properties": { "cell_id": "P1061", "suhii_night": 1.92, "lst_day": 38.5, "lst_night": 28.2, "frac_built": 0.6, "frac_tree": 0.1, "suhii_night_normalized": 1.92, "suhii_night_ml": 1.92, "suhii_night_2031": 2.34, "suhii_night_2041": 3.1 }, "geometry": { "type": "Polygon", "coordinates": [ [ [ 73.757, 18.463 ], [ 73.757, 18.472 ], [ 73.748, 18.472 ], [ 73.748, 18.463 ], [ 73.757, 18.463 ] ] ] } },
{ "type": "Feature", "properties": { "cell_id": "P1062", "suhii_night": 1.92, "lst_day": 38.5, "lst_night": 28.2, "frac_built": 0.6, "frac_tree": 0.1, "suhii_night_normalized": 1.92, "suhii_night_ml": 1.92, "suhii_night_2031": 2.34, "suhii_night_2041": 3.1 }, "geometry": { "type": "Polygon", "coordinates": [ [ [ 73.757, 18.472 ], [ 73.757, 18.481 ], [ 73.748, 18.481 ], [ 73.748, 18.472 ], [ 73.757, 18.472 ] ] ] } },
{ "type": "Feature", "properties": { "cell_id": "P1063", "suhii_night": 1.92, "lst_day": 38.5, "lst_night": 28.2, "frac_built": 0.6, "frac_tree": 0.1, "suhii_night_normalized": 1.92, "suhii_night_ml": 1.92, "suhii_night_2031": 2.34, "suhii_night_2041": 3.1 }, "geometry": { "type": "Polygon", "coordinates": [ [ [ 73.757, 18.481 ], [ 73.757, 18.49 ], [ 73.748, 18.49 ], [ 73.748, 18.481 ], [ 73.757, 18.481 ] ] ] } },
{ "type": "Feature", "properties": { "cell_id": "P1064", "suhii_night": 1.92, "lst_day": 38.5, "lst_night": 28.2, "frac_built": 0.6, "frac_tree": 0.1, "suhii_night_normalized": 1.92, "suhii_night_ml": 1.92, "suhii_night_2031": 2.34, "suhii_night_2041": 3.1 }, "geometry": { "type": "Polygon", "coordinates": [ [ [ 73.757, 18.49 ], [ 73.757, 18.499 ], [ 73.748, 18.499 ], [ 73.748, 18.49 ], [ 73.757, 18.49 ] ] ] } },
{ "type": "Feature", "properties": { "cell_id": "P1065", "suhii_night": 1.92, "lst_day": 38.5, "lst_night": 28.2, "frac_built": 0.6, "frac_tree": 0.1, "suhii_night_normalized": 1.92, "suhii_night_ml": 1.92, "suhii_night_2031": 2.34, "suhii_night_2041": 3.1 }, "geometry": { "type": "Polygon", "coordinates": [ [ [ 73.757, 18.499 ], [ 73.757, 18.508 ], [ 73.748, 18.508 ], [ 73.748, 18.499 ], [ 73.757, 18.499 ] ] ] } },
{ "type": "Feature", "properties": { "cell_id": "P1066", "suhii_night": 1.92, "lst_day": 38.5, "lst_night": 28.2, "frac_built": 0.6, "frac_tree": 0.1, "suhii_night_normalized": 1.92, "suhii_night_ml": 1.92, "suhii_night_2031": 2.34, "suhii_night_2041": 3.1 }, "geometry": { "type": "Polygon", "coordinates": [ [ [ 73.757, 18.508 ], [ 73.757, 18.517 ], [ 73.748, 18.517 ], [ 73.748, 18.508 ], [ 73.757, 18.508 ] ] ] } },
{ "type": "Feature", "properties": { "cell_id": "P1067", "suhii_night": 1.92, "lst_day": 38.5, "lst_night": 28.2, "frac_built": 0.6, "frac_tree": 0.1, "suhii_night_normalized": 1.92, "suhii_night_ml": 1.92, "suhii_night_2031": 2.34, "suhii_night_2041": 3.1 }, "geometry": { "type": "Polygon", "coordinates": [ [ [ 73.757, 18.517 ], [ 73.757, 18.526 ], [ 73.748, 18.526 ], [ 73.748, 18.517 ], [ 73.757, 18.517 ] ] ] } },
{ "type": "Feature", "properties": { "cell_id": "P1068", "suhii_night": 1.92, "lst_day": 38.5, "lst_night": 28.2, "frac_built": 0.6, "frac_tree": 0.1, "suhii_night_normalized": 1.92, "suhii_night_ml": 1.92, "suhii_night_2031": 2.34, "suhii_night_2041": 3.1 }, "geometry": { "type": "Polygon", "coordinates": [ [ [ 73.757, 18.526 ], [ 73.757, 18.535 ], [ 73.748, 18.535 ], [ 73.748, 18.526 ], [ 73.757, 18.526 ] ] ] } },
{ "type": "Feature", "properties": { "cell_id": "P1069", "suhii_night": 1.92, "lst_day": 38.5, "lst_night": 28.2, "frac_built": 0.6, "frac_tree": 0.1, "suhii_night_normalized": 1.92, "suhii_night_ml": 1.92, "suhii_night_2031": 2.34, "suhii_night_2041": 3.1 }, "geometry": { "type": "Polygon", "coordinates": [ [ [ 73.757, 18.535 ], [ 73.757, 18.544 ], [ 73.748, 18.544 ], [ 73.748, 18.535 ], [ 73.757, 18.535 ] ] ] } },
{ "type": "Feature", "properties": { "cell_id": "P1070", "suhii_night": 1.92, "lst_day": 38.5, "lst_night": 28.2, "frac_built": 0.6, "frac_tree": 0.1, "suhii_night_normalized": 1.92, "suhii_night_ml": 1.92, "suhii_night_2031": 2.34, "suhii_night_2041": 3.1 }, "geometry": { "type": "Polygon", "coordinates": [ [ [ 73.757, 18.544 ], [ 73.757, 18.553 ], [ 73.748, 18.553 ], [ 73.748, 18.544 ], [ 73.757, 18.544 ] ] ] } },
{ "type": "Feature", "properties": { "cell_id": "P1071", "suhii_night": 1.92, "lst_day": 38.5, "lst_night": 28.2, "frac_built": 0.6, "frac_tree": 0.1, "suhii_night_normalized": 1.92, "suhii_night_ml": 1.92, "suhii_night_2031": 2.34, "suhii_night_2041": 3.1 }, "geometry": { "type": "Polygon", "coordinates": [ [ [ 73.757, 18.553 ], [ 73.757, 18.562 ], [ 73.748, 18.562 ], [ 73.748, 18.553 ], [ 73.757, 18.553 ] ] ] } },
{ "type": "Feature", "properties": { "cell_id": "P1072", "suhii_night": 1.92, "lst_day": 38.5, "lst_night": 28.2, "frac_built": 0.6, "frac_tree": 0.1, "suhii_night_normalized": 1.92, "suhii_night_ml": 1.92, "suhii_night_2031": 2.34, "suhii_night_2041": 3.1 }, "geometry": { "type": "Polygon", "coordinates": [ [ [ 73.757, 18.562 ], [ 73.757, 18.571 ], [ 73.748, 18.571 ], [ 73.748, 18.562 ], [ 73.757, 18.562 ] ] ] } },
{ "type": "Feature", "properties": { "cell_id": "P1073", "suhii_night": 1.92, "lst_day": 38.5, "lst_night": 28.2, "frac_built": 0.6, "frac_tree": 0.1, "suhii_night_normalized": 1.92, "suhii_night_ml": 1.92, "suhii_night_2031": 2.34, "suhii_night_2041": 3.1 }, "geometry": { "type": "Polygon", "coordinates": [ [ [ 73.757, 18.571 ], [ 73.757, 18.58 ], [ 73.748, 18.58 ], [ 73.748, 18.571 ], [ 73.757, 18.571 ] ] ] } },
{ "type": "Feature", "properties": { "cell_id": "P1074", "suhii_night": 1.92, "lst_day": 38.5, "lst_night": 28.2, "frac_built": 0.6, "frac_tree": 0.1, "suhii_night_normalized": 1.92, "suhii_night_ml": 1.92, "suhii_night_2031": 2.34, "suhii_night_2041": 3.1 }, "geometry": { "type": "Polygon", "coordinates": [ [ [ 73.757, 18.58 ], [ 73.757, 18.589 ], [ 73.748, 18.589 ], [ 73.748, 18.58 ], [ 73.757, 18.58 ] ] ] } },
{ "type": "Feature", "properties": { "cell_id": "P1075", "suhii_night": 1.92, "lst_day": 38.5, "lst_night": 28.2, "frac_built": 0.6, "frac_tree": 0.1, "suhii_night_normalized": 1.92, "suhii_night_ml": 1.92, "suhii_night_2031": 2.34, "suhii_night_2041": 3.1 }, "geometry": { "type": "Polygon", "coordinates": [ [ [ 73.757, 18.589 ], [ 73.757, 18.598 ], [ 73.748, 18.598 ], [ 73.748, 18.589 ], [ 73.757, 18.589 ] ] ] } },
{ "type": "Feature", "properties": { "cell_id": "P1076", "suhii_night": 1.92, "lst_day": 38.5, "lst_night": 28.2, "frac_built": 0.6, "frac_tree": 0.1, "suhii_night_normalized": 1.92, "suhii_night_ml": 1.92, "suhii_night_2031": 2.34, "suhii_night_2041": 3.1 }, "geometry": { "type": "Polygon", "coordinates": [ [ [ 73.757, 18.598 ], [ 73.757, 18.607 ], [ 73.748, 18.607 ], [ 73.748, 18.598 ], [ 73.757, 18.598 ] ] ] } },
{ "type": "Feature", "properties": { "cell_id": "P1077", "suhii_night": 1.92, "lst_day": 38.5, "lst_night": 28.2, "frac_built": 0.6, "frac_tree": 0.1, "suhii_night_normalized": 1.92, "suhii_night_ml": 1.92, "suhii_night_2031": 2.34, "suhii_night_2041": 3.1 }, "geometry": { "type": "Polygon", "coordinates": [ [ [ 73.757, 18.607 ], [ 73.757, 18.616 ], [ 73.748, 18.616 ], [ 73.748, 18.607 ], [ 73.757, 18.607 ] ] ] } },
{ "type": "Feature", "properties": { "cell_id": "P1078", "suhii_night": 1.92, "lst_day": 38.5, "lst_night": 28.2, "frac_built": 0.6, "frac_tree": 0.1, "suhii_night_normalized": 1.92, "suhii_night_ml": 1.92, "suhii_night_2031": 2.34, "suhii_night_2041": 3.1 }, "geometry": { "type": "Polygon", "coordinates": [ [ [ 73.757, 18.616 ], [ 73.757, 18.625 ], [ 73.748, 18.625 ], [ 73.748, 18.616 ], [ 73.757, 18.616 ] ] ] } },
{ "type": "Feature", "properties": { "cell_id": "P1079", "suhii_night": 1.92, "lst_day": 38.5, "lst_night": 28.2, "frac_built": 0.6, "frac_tree": 0.1, "suhii_night_normalized": 1.92, "suhii_night_ml": 1.92, "suhii_night_2031": 2.34, "suhii_night_2041": 3.1 }, "geometry": { "type": "Polygon", "coordinates": [ [ [ 73.757, 18.625 ], [ 73.757, 18.634 ], [ 73.748, 18.634 ], [ 73.748, 18.625 ], [ 73.757, 18.625 ] ] ] } },
{ "type": "Feature", "properties": { "cell_id": "P1080", "suhii_night": 1.92, "lst_day": 38.5, "lst_night": 28.2, "frac_built": 0.6, "frac_tree": 0.1, "suhii_night_normalized": 1.92, "suhii_night_ml": 1.92, "suhii_night_2031": 2.34, "suhii_night_2041": 3.1 }, "geometry": { "type": "Polygon", "coordinates": [ [ [ 73.757, 18.634 ], [ 73.757, 18.643 ], [ 73.748, 18.643 ], [ 73.748, 18.634 ], [ 73.757, 18.634 ] ] ] } },
{ "type": "Feature", "properties": { "cell_id": "P1081", "suhii_night": 1.92, "lst_day": 38.5, "lst_night": 28.2, "frac_built": 0.6, "frac_tree": 0.1, "suhii_night_normalized": 1.92, "suhii_night_ml": 1.92, "suhii_night_2031": 2.34, "suhii_night_2041": 3.1 }, "geometry": { "type": "Polygon", "coordinates": [ [ [ 73.766, 18.4 ], [ 73.766, 18.409 ], [ 73.757, 18.409 ], [ 73.757, 18.4 ], [ 73.766, 18.4 ] ] ] } },
{ "type": "Feature", "properties": { "cell_id": "P1082", "suhii_night": 1.92, "lst_day": 38.5, "lst_night": 28.2, "frac_built": 0.6, "frac_tree": 0.1, "suhii_night_normalized": 1.92, "suhii_night_ml": 1.92, "suhii_night_2031": 2.34, "suhii_night_2041": 3.1 }, "geometry": { "type": "Polygon", "coordinates": [ [ [ 73.766, 18.409 ], [ 73.766, 18.418 ], [ 73.757, 18.418 ], [ 73.757, 18.409 ], [ 73.766, 18.409 ] ] ] } },
{ "type": "Feature", "properties": { "cell_id": "P1083", "suhii_night": 1.92, "lst_day": 38.5, "lst_night": 28.2, "frac_built": 0.6, "frac_tree": 0.1, "suhii_night_normalized": 1.92, "suhii_night_ml": 1.92, "suhii_night_2031": 2.34, "suhii_night_2041": 3.1 }, "geometry": { "type": "Polygon", "coordinates": [ [ [ 73.766, 18.418 ], [ 73.766, 18.427 ], [ 73.757, 18.427 ], [ 73.757, 18.418 ], [ 73.766, 18.418 ] ] ] } },
{ "type": "Feature", "properties": { "cell_id": "P1084", "suhii_night": 1.92, "lst_day": 38.5, "lst_night": 28.2, "frac_built": 0.6, "frac_tree": 0.1, "suhii_night_normalized": 1.92, "suhii_night_ml": 1.92, "suhii_night_2031": 2.34, "suhii_night_2041": 3.1 }, "geometry": { "type": "Polygon", "coordinates": [ [ [ 73.766, 18.427 ], [ 73.766, 18.436 ], [ 73.757, 18.436 ], [ 73.757, 18.427 ], [ 73.766, 18.427 ] ] ] } },
{ "type": "Feature", "properties": { "cell_id": "P1085", "suhii_night": 1.92, "lst_day": 38.5, "lst_night": 28.2, "frac_built": 0.6, "frac_tree": 0.1, "suhii_night_normalized": 1.92, "suhii_night_ml": 1.92, "suhii_night_2031": 2.34, "suhii_night_2041": 3.1 }, "geometry": { "type": "Polygon", "coordinates": [ [ [ 73.766, 18.436 ], [ 73.766, 18.445 ], [ 73.757, 18.445 ], [ 73.757, 18.436 ], [ 73.766, 18.436 ] ] ] } },
{ "type": "Feature", "properties": { "cell_id": "P1086", "suhii_night": 1.92, "lst_day": 38.5, "lst_night": 28.2, "frac_built": 0.6, "frac_tree": 0.1, "suhii_night_normalized": 1.92, "suhii_night_ml": 1.92, "suhii_night_2031": 2.34, "suhii_night_2041": 3.1 }, "geometry": { "type": "Polygon", "coordinates": [ [ [ 73.766, 18.445 ], [ 73.766, 18.454 ], [ 73.757, 18.454 ], [ 73.757, 18.445 ], [ 73.766, 18.445 ] ] ] } },
{ "type": "Feature", "properties": { "cell_id": "P1087", "suhii_night": 1.92, "lst_day": 38.5, "lst_night": 28.2, "frac_built": 0.6, "frac_tree": 0.1, "suhii_night_normalized": 1.92, "suhii_night_ml": 1.92, "suhii_night_2031": 2.34, "suhii_night_2041": 3.1 }, "geometry": { "type": "Polygon", "coordinates": [ [ [ 73.766, 18.454 ], [ 73.766, 18.463 ], [ 73.757, 18.463 ], [ 73.757, 18.454 ], [ 73.766, 18.454 ] ] ] } },
{ "type": "Feature", "properties": { "cell_id": "P1088", "suhii_night": 1.92, "lst_day": 38.5, "lst_night": 28.2, "frac_built": 0.6, "frac_tree": 0.1, "suhii_night_normalized": 1.92, "suhii_night_ml": 1.92, "suhii_night_2031": 2.34, "suhii_night_2041": 3.1 }, "geometry": { "type": "Polygon", "coordinates": [ [ [ 73.766, 18.463 ], [ 73.766, 18.472 ], [ 73.757, 18.472 ], [ 73.757, 18.463 ], [ 73.766, 18.463 ] ] ] } },
{ "type": "Feature", "properties": { "cell_id": "P1089", "suhii_night": 1.92, "lst_day": 38.5, "lst_night": 28.2, "frac_built": 0.6, "frac_tree": 0.1, "suhii_night_normalized": 1.92, "suhii_night_ml": 1.92, "suhii_night_2031": 2.34, "suhii_night_2041": 3.1 }, "geometry": { "type": "Polygon", "coordinates": [ [ [ 73.766, 18.472 ], [ 73.766, 18.481 ], [ 73.757, 18.481 ], [ 73.757, 18.472 ], [ 73.766, 18.472 ] ] ] } },
{ "type": "Feature", "properties": { "cell_id": "P1090", "suhii_night": 1.92, "lst_day": 38.5, "lst_night": 28.2, "frac_built": 0.6, "frac_tree": 0.1, "suhii_night_normalized": 1.92, "suhii_night_ml": 1.92, "suhii_night_2031": 2.34, "suhii_night_2041": 3.1 }, "geometry": { "type": "Polygon", "coordinates": [ [ [ 73.766, 18.481 ], [ 73.766, 18.49 ], [ 73.757, 18.49 ], [ 73.757, 18.481 ], [ 73.766, 18.481 ] ] ] } },
{ "type": "Feature", "properties": { "cell_id": "P1091", "suhii_night": 1.92, "lst_day": 38.5, "lst_night": 28.2, "frac_built": 0.6, "frac_tree": 0.1, "suhii_night_normalized": 1.92, "suhii_night_ml": 1.92, "suhii_night_2031": 2.34, "suhii_night_2041": 3.1 }, "geometry": { "type": "Polygon", "coordinates": [ [ [ 73.766, 18.49 ], [ 73.766, 18.499 ], [ 73.757, 18.499 ], [ 73.757, 18.49 ], [ 73.766, 18.49 ] ] ] } },
{ "type": "Feature", "properties": { "cell_id": "P1092", "suhii_night": 1.92, "lst_day": 38.5, "lst_night": 28.2, "frac_built": 0.6, "frac_tree": 0.1, "suhii_night_normalized": 1.92, "suhii_night_ml": 1.92, "suhii_night_2031": 2.34, "suhii_night_2041": 3.1 }, "geometry": { "type": "Polygon", "coordinates": [ [ [ 73.766, 18.499 ], [ 73.766, 18.508 ], [ 73.757, 18.508 ], [ 73.757, 18.499 ], [ 73.766, 18.499 ] ] ] } },
{ "type": "Feature", "properties": { "cell_id": "P1093", "suhii_night": 1.92, "lst_day": 38.5, "lst_night": 28.2, "frac_built": 0.6, "frac_tree": 0.1, "suhii_night_normalized": 1.92, "suhii_night_ml": 1.92, "suhii_night_2031": 2.34, "suhii_night_2041": 3.1 }, "geometry": { "type": "Polygon", "coordinates": [ [ [ 73.766, 18.508 ], [ 73.766, 18.517 ], [ 73.757, 18.517 ], [ 73.757, 18.508 ], [ 73.766, 18.508 ] ] ] } },
{ "type": "Feature", "properties": { "cell_id": "P1094", "suhii_night": 1.92, "lst_day": 38.5, "lst_night": 28.2, "frac_built": 0.6, "frac_tree": 0.1, "suhii_night_normalized": 1.92, "suhii_night_ml": 1.92, "suhii_night_2031": 2.34, "suhii_night_2041": 3.1 }, "geometry": { "type": "Polygon", "coordinates": [ [ [ 73.766, 18.517 ], [ 73.766, 18.526 ], [ 73.757, 18.526 ], [ 73.757, 18.517 ], [ 73.766, 18.517 ] ] ] } },
{ "type": "Feature", "properties": { "cell_id": "P1095", "suhii_night": 1.92, "lst_day": 38.5, "lst_night": 28.2, "frac_built": 0.6, "frac_tree": 0.1, "suhii_night_normalized": 1.92, "suhii_night_ml": 1.92, "suhii_night_2031": 2.34, "suhii_night_2041": 3.1 }, "geometry": { "type": "Polygon", "coordinates": [ [ [ 73.766, 18.526 ], [ 73.766, 18.535 ], [ 73.757, 18.535 ], [ 73.757, 18.526 ], [ 73.766, 18.526 ] ] ] } },
{ "type": "Feature", "properties": { "cell_id": "P1096", "suhii_night": 1.92, "lst_day": 38.5, "lst_night": 28.2, "frac_built": 0.6, "frac_tree": 0.1, "suhii_night_normalized": 1.92, "suhii_night_ml": 1.92, "suhii_night_2031": 2.34, "suhii_night_2041": 3.1 }, "geometry": { "type": "Polygon", "coordinates": [ [ [ 73.766, 18.535 ], [ 73.766, 18.544 ], [ 73.757, 18.544 ], [ 73.757, 18.535 ], [ 73.766, 18.535 ] ] ] } },
{ "type": "Feature", "properties": { "cell_id": "P1097", "suhii_night": 1.92, "lst_day": 38.5, "lst_night": 28.2, "frac_built": 0.6, "frac_tree": 0.1, "suhii_night_normalized": 1.92, "suhii_night_ml": 1.92, "suhii_night_2031": 2.34, "suhii_night_2041": 3.1 }, "geometry": { "type": "Polygon", "coordinates": [ [ [ 73.766, 18.544 ], [ 73.766, 18.553 ], [ 73.757, 18.553 ], [ 73.757, 18.544 ], [ 73.766, 18.544 ] ] ] } },
{ "type": "Feature", "properties": { "cell_id": "P1098", "suhii_night": 1.92, "lst_day": 38.5, "lst_night": 28.2, "frac_built": 0.6, "frac_tree": 0.1, "suhii_night_normalized": 1.92, "suhii_night_ml": 1.92, "suhii_night_2031": 2.34, "suhii_night_2041": 3.1 }, "geometry": { "type": "Polygon", "coordinates": [ [ [ 73.766, 18.553 ], [ 73.766, 18.562 ], [ 73.757, 18.562 ], [ 73.757, 18.553 ], [ 73.766, 18.553 ] ] ] } },
{ "type": "Feature", "properties": { "cell_id": "P1099", "suhii_night": 1.92, "lst_day": 38.5, "lst_night": 28.2, "frac_built": 0.6, "frac_tree": 0.1, "suhii_night_normalized": 1.92, "suhii_night_ml": 1.92, "suhii_night_2031": 2.34, "suhii_night_2041": 3.1 }, "geometry": { "type": "Polygon", "coordinates": [ [ [ 73.766, 18.562 ], [ 73.766, 18.571 ], [ 73.757, 18.571 ], [ 73.757, 18.562 ], [ 73.766, 18.562 ] ] ] } },
{ "type": "Feature", "properties": { "cell_id": "P1100", "suhii_night": 1.92, "lst_day": 38.5, "lst_night": 28.2, "frac_built": 0.6, "frac_tree": 0.1, "suhii_night_normalized": 1.92, "suhii_night_ml": 1.92, "suhii_night_2031": 2.34, "suhii_night_2041": 3.1 }, "geometry": { "type": "Polygon", "coordinates": [ [ [ 73.766, 18.571 ], [ 73.766, 18.58 ], [ 73.757, 18.58 ], [ 73.757, 18.571 ], [ 73.766, 18.571 ] ] ] } },
{ "type": "Feature", "properties": { "cell_id": "P1101", "suhii_night": 1.92, "lst_day": 38.5, "lst_night": 28.2, "frac_built": 0.6, "frac_tree": 0.1, "suhii_night_normalized": 1.92, "suhii_night_ml": 1.92, "suhii_night_2031": 2.34, "suhii_night_2041": 3.1 }, "geometry": { "type": "Polygon", "coordinates": [ [ [ 73.766, 18.58 ], [ 73.766, 18.589 ], [ 73.757, 18.589 ], [ 73.757, 18.58 ], [ 73.766, 18.58 ] ] ] } },
{ "type": "Feature", "properties": { "cell_id": "P1102", "suhii_night": 1.92, "lst_day": 38.5, "lst_night": 28.2, "frac_built": 0.6, "frac_tree": 0.1, "suhii_night_normalized": 1.92, "suhii_night_ml": 1.92, "suhii_night_2031": 2.34, "suhii_night_2041": 3.1 }, "geometry": { "type": "Polygon", "coordinates": [ [ [ 73.766, 18.589 ], [ 73.766, 18.598 ], [ 73.757, 18.598 ], [ 73.757, 18.589 ], [ 73.766, 18.589 ] ] ] } },
{ "type": "Feature", "properties": { "cell_id": "P1103", "suhii_night": 1.92, "lst_day": 38.5, "lst_night": 28.2, "frac_built": 0.6, "frac_tree": 0.1, "suhii_night_normalized": 1.92, "suhii_night_ml": 1.92, "suhii_night_2031": 2.34, "suhii_night_2041": 3.1 }, "geometry": { "type": "Polygon", "coordinates": [ [ [ 73.766, 18.598 ], [ 73.766, 18.607 ], [ 73.757, 18.607 ], [ 73.757, 18.598 ], [ 73.766, 18.598 ] ] ] } },
{ "type": "Feature", "properties": { "cell_id": "P1104", "suhii_night": 1.92, "lst_day": 38.5, "lst_night": 28.2, "frac_built": 0.6, "frac_tree": 0.1, "suhii_night_normalized": 1.92, "suhii_night_ml": 1.92, "suhii_night_2031": 2.34, "suhii_night_2041": 3.1 }, "geometry": { "type": "Polygon", "coordinates": [ [ [ 73.766, 18.607 ], [ 73.766, 18.616 ], [ 73.757, 18.616 ], [ 73.757, 18.607 ], [ 73.766, 18.607 ] ] ] } },
{ "type": "Feature", "properties": { "cell_id": "P1105", "suhii_night": 1.92, "lst_day": 38.5, "lst_night": 28.2, "frac_built": 0.6, "frac_tree": 0.1, "suhii_night_normalized": 1.92, "suhii_night_ml": 1.92, "suhii_night_2031": 2.34, "suhii_night_2041": 3.1 }, "geometry": { "type": "Polygon", "coordinates": [ [ [ 73.766, 18.616 ], [ 73.766, 18.625 ], [ 73.757, 18.625 ], [ 73.757, 18.616 ], [ 73.766, 18.616 ] ] ] } },
{ "type": "Feature", "properties": { "cell_id": "P1106", "suhii_night": 1.92, "lst_day": 38.5, "lst_night": 28.2, "frac_built": 0.6, "frac_tree": 0.1, "suhii_night_normalized": 1.92, "suhii_night_ml": 1.92, "suhii_night_2031": 2.34, "suhii_night_2041": 3.1 }, "geometry": { "type": "Polygon", "coordinates": [ [ [ 73.766, 18.625 ], [ 73.766, 18.634 ], [ 73.757, 18.634 ], [ 73.757, 18.625 ], [ 73.766, 18.625 ] ] ] } },
{ "type": "Feature", "properties": { "cell_id": "P1107", "suhii_night": 1.92, "lst_day": 38.5, "lst_night": 28.2, "frac_built": 0.6, "frac_tree": 0.1, "suhii_night_normalized": 1.92, "suhii_night_ml": 1.92, "suhii_night_2031": 2.34, "suhii_night_2041": 3.1 }, "geometry": { "type": "Polygon", "coordinates": [ [ [ 73.766, 18.634 ], [ 73.766, 18.643 ], [ 73.757, 18.643 ], [ 73.757, 18.634 ], [ 73.766, 18.634 ] ] ] } },
{ "type": "Feature", "properties": { "cell_id": "P1108", "suhii_night": 1.92, "lst_day": 38.5, "lst_night": 28.2, "frac_built": 0.6, "frac_tree": 0.1, "suhii_night_normalized": 1.92, "suhii_night_ml": 1.92, "suhii_night_2031": 2.34, "suhii_night_2041": 3.1 }, "geometry": { "type": "Polygon", "coordinates": [ [ [ 73.775, 18.4 ], [ 73.775, 18.409 ], [ 73.766, 18.409 ], [ 73.766, 18.4 ], [ 73.775, 18.4 ] ] ] } },
{ "type": "Feature", "properties": { "cell_id": "P1109", "suhii_night": 1.92, "lst_day": 38.5, "lst_night": 28.2, "frac_built": 0.6, "frac_tree": 0.1, "suhii_night_normalized": 1.92, "suhii_night_ml": 1.92, "suhii_night_2031": 2.34, "suhii_night_2041": 3.1 }, "geometry": { "type": "Polygon", "coordinates": [ [ [ 73.775, 18.409 ], [ 73.775, 18.418 ], [ 73.766, 18.418 ], [ 73.766, 18.409 ], [ 73.775, 18.409 ] ] ] } },
{ "type": "Feature", "properties": { "cell_id": "P1110", "suhii_night": 1.92, "lst_day": 38.5, "lst_night": 28.2, "frac_built": 0.6, "frac_tree": 0.1, "suhii_night_normalized": 1.92, "suhii_night_ml": 1.92, "suhii_night_2031": 2.34, "suhii_night_2041": 3.1 }, "geometry": { "type": "Polygon", "coordinates": [ [ [ 73.775, 18.418 ], [ 73.775, 18.427 ], [ 73.766, 18.427 ], [ 73.766, 18.418 ], [ 73.775, 18.418 ] ] ] } },
{ "type": "Feature", "properties": { "cell_id": "P1111", "suhii_night": 1.92, "lst_day": 38.5, "lst_night": 28.2, "frac_built": 0.6, "frac_tree": 0.1, "suhii_night_normalized": 1.92, "suhii_night_ml": 1.92, "suhii_night_2031": 2.34, "suhii_night_2041": 3.1 }, "geometry": { "type": "Polygon", "coordinates": [ [ [ 73.775, 18.427 ], [ 73.775, 18.436 ], [ 73.766, 18.436 ], [ 73.766, 18.427 ], [ 73.775, 18.427 ] ] ] } },
{ "type": "Feature", "properties": { "cell_id": "P1112", "suhii_night": 1.92, "lst_day": 38.5, "lst_night": 28.2, "frac_built": 0.6, "frac_tree": 0.1, "suhii_night_normalized": 1.92, "suhii_night_ml": 1.92, "suhii_night_2031": 2.34, "suhii_night_2041": 3.1 }, "geometry": { "type": "Polygon", "coordinates": [ [ [ 73.775, 18.436 ], [ 73.775, 18.445 ], [ 73.766, 18.445 ], [ 73.766, 18.436 ], [ 73.775, 18.436 ] ] ] } },
{ "type": "Feature", "properties": { "cell_id": "P1113", "suhii_night": 1.92, "lst_day": 38.5, "lst_night": 28.2, "frac_built": 0.6, "frac_tree": 0.1, "suhii_night_normalized": 1.92, "suhii_night_ml": 1.92, "suhii_night_2031": 2.34, "suhii_night_2041": 3.1 }, "geometry": { "type": "Polygon", "coordinates": [ [ [ 73.775, 18.445 ], [ 73.775, 18.454 ], [ 73.766, 18.454 ], [ 73.766, 18.445 ], [ 73.775, 18.445 ] ] ] } },
{ "type": "Feature", "properties": { "cell_id": "P1114", "suhii_night": 1.92, "lst_day": 38.5, "lst_night": 28.2, "frac_built": 0.6, "frac_tree": 0.1, "suhii_night_normalized": 1.92, "suhii_night_ml": 1.92, "suhii_night_2031": 2.34, "suhii_night_2041": 3.1 }, "geometry": { "type": "Polygon", "coordinates": [ [ [ 73.775, 18.454 ], [ 73.775, 18.463 ], [ 73.766, 18.463 ], [ 73.766, 18.454 ], [ 73.775, 18.454 ] ] ] } },
{ "type": "Feature", "properties": { "cell_id": "P1115", "suhii_night": 1.92, "lst_day": 38.5, "lst_night": 28.2, "frac_built": 0.6, "frac_tree": 0.1, "suhii_night_normalized": 1.92, "suhii_night_ml": 1.92, "suhii_night_2031": 2.34, "suhii_night_2041": 3.1 }, "geometry": { "type": "Polygon", "coordinates": [ [ [ 73.775, 18.463 ], [ 73.775, 18.472 ], [ 73.766, 18.472 ], [ 73.766, 18.463 ], [ 73.775, 18.463 ] ] ] } },
{ "type": "Feature", "properties": { "cell_id": "P1116", "suhii_night": 1.92, "lst_day": 38.5, "lst_night": 28.2, "frac_built": 0.6, "frac_tree": 0.1, "suhii_night_normalized": 1.92, "suhii_night_ml": 1.92, "suhii_night_2031": 2.34, "suhii_night_2041": 3.1 }, "geometry": { "type": "Polygon", "coordinates": [ [ [ 73.775, 18.472 ], [ 73.775, 18.481 ], [ 73.766, 18.481 ], [ 73.766, 18.472 ], [ 73.775, 18.472 ] ] ] } },
{ "type": "Feature", "properties": { "cell_id": "P1117", "suhii_night": 1.92, "lst_day": 38.5, "lst_night": 28.2, "frac_built": 0.6, "frac_tree": 0.1, "suhii_night_normalized": 1.92, "suhii_night_ml": 1.92, "suhii_night_2031": 2.34, "suhii_night_2041": 3.1 }, "geometry": { "type": "Polygon", "coordinates": [ [ [ 73.775, 18.481 ], [ 73.775, 18.49 ], [ 73.766, 18.49 ], [ 73.766, 18.481 ], [ 73.775, 18.481 ] ] ] } },
{ "type": "Feature", "properties": { "cell_id": "P1118", "suhii_night": 1.92, "lst_day": 38.5, "lst_night": 28.2, "frac_built": 0.6, "frac_tree": 0.1, "suhii_night_normalized": 1.92, "suhii_night_ml": 1.92, "suhii_night_2031": 2.34, "suhii_night_2041": 3.1 }, "geometry": { "type": "Polygon", "coordinates": [ [ [ 73.775, 18.49 ], [ 73.775, 18.499 ], [ 73.766, 18.499 ], [ 73.766, 18.49 ], [ 73.775, 18.49 ] ] ] } },
{ "type": "Feature", "properties": { "cell_id": "P1119", "suhii_night": 1.92, "lst_day": 38.5, "lst_night": 28.2, "frac_built": 0.6, "frac_tree": 0.1, "suhii_night_normalized": 1.92, "suhii_night_ml": 1.92, "suhii_night_2031": 2.34, "suhii_night_2041": 3.1 }, "geometry": { "type": "Polygon", "coordinates": [ [ [ 73.775, 18.499 ], [ 73.775, 18.508 ], [ 73.766, 18.508 ], [ 73.766, 18.499 ], [ 73.775, 18.499 ] ] ] } },
{ "type": "Feature", "properties": { "cell_id": "P1120", "suhii_night": 1.92, "lst_day": 38.5, "lst_night": 28.2, "frac_built": 0.6, "frac_tree": 0.1, "suhii_night_normalized": 1.92, "suhii_night_ml": 1.92, "suhii_night_2031": 2.34, "suhii_night_2041": 3.1 }, "geometry": { "type": "Polygon", "coordinates": [ [ [ 73.775, 18.508 ], [ 73.775, 18.517 ], [ 73.766, 18.517 ], [ 73.766, 18.508 ], [ 73.775, 18.508 ] ] ] } },
{ "type": "Feature", "properties": { "cell_id": "P1121", "suhii_night": 1.92, "lst_day": 38.5, "lst_night": 28.2, "frac_built": 0.6, "frac_tree": 0.1, "suhii_night_normalized": 1.92, "suhii_night_ml": 1.92, "suhii_night_2031": 2.34, "suhii_night_2041": 3.1 }, "geometry": { "type": "Polygon", "coordinates": [ [ [ 73.775, 18.517 ], [ 73.775, 18.526 ], [ 73.766, 18.526 ], [ 73.766, 18.517 ], [ 73.775, 18.517 ] ] ] } },
{ "type": "Feature", "properties": { "cell_id": "P1122", "suhii_night": 1.92, "lst_day": 38.5, "lst_night": 28.2, "frac_built": 0.6, "frac_tree": 0.1, "suhii_night_normalized": 1.92, "suhii_night_ml": 1.92, "suhii_night_2031": 2.34, "suhii_night_2041": 3.1 }, "geometry": { "type": "Polygon", "coordinates": [ [ [ 73.775, 18.526 ], [ 73.775, 18.535 ], [ 73.766, 18.535 ], [ 73.766, 18.526 ], [ 73.775, 18.526 ] ] ] } },
{ "type": "Feature", "properties": { "cell_id": "P1123", "suhii_night": 1.92, "lst_day": 38.5, "lst_night": 28.2, "frac_built": 0.6, "frac_tree": 0.1, "suhii_night_normalized": 1.92, "suhii_night_ml": 1.92, "suhii_night_2031": 2.34, "suhii_night_2041": 3.1 }, "geometry": { "type": "Polygon", "coordinates": [ [ [ 73.775, 18.535 ], [ 73.775, 18.544 ], [ 73.766, 18.544 ], [ 73.766, 18.535 ], [ 73.775, 18.535 ] ] ] } },
{ "type": "Feature", "properties": { "cell_id": "P1124", "suhii_night": 1.92, "lst_day": 38.5, "lst_night": 28.2, "frac_built": 0.6, "frac_tree": 0.1, "suhii_night_normalized": 1.92, "suhii_night_ml": 1.92, "suhii_night_2031": 2.34, "suhii_night_2041": 3.1 }, "geometry": { "type": "Polygon", "coordinates": [ [ [ 73.775, 18.544 ], [ 73.775, 18.553 ], [ 73.766, 18.553 ], [ 73.766, 18.544 ], [ 73.775, 18.544 ] ] ] } },
{ "type": "Feature", "properties": { "cell_id": "P1125", "suhii_night": 1.92, "lst_day": 38.5, "lst_night": 28.2, "frac_built": 0.6, "frac_tree": 0.1, "suhii_night_normalized": 1.92, "suhii_night_ml": 1.92, "suhii_night_2031": 2.34, "suhii_night_2041": 3.1 }, "geometry": { "type": "Polygon", "coordinates": [ [ [ 73.775, 18.553 ], [ 73.775, 18.562 ], [ 73.766, 18.562 ], [ 73.766, 18.553 ], [ 73.775, 18.553 ] ] ] } },
{ "type": "Feature", "properties": { "cell_id": "P1126", "suhii_night": 1.92, "lst_day": 38.5, "lst_night": 28.2, "frac_built": 0.6, "frac_tree": 0.1, "suhii_night_normalized": 1.92, "suhii_night_ml": 1.92, "suhii_night_2031": 2.34, "suhii_night_2041": 3.1 }, "geometry": { "type": "Polygon", "coordinates": [ [ [ 73.775, 18.562 ], [ 73.775, 18.571 ], [ 73.766, 18.571 ], [ 73.766, 18.562 ], [ 73.775, 18.562 ] ] ] } },
{ "type": "Feature", "properties": { "cell_id": "P1127", "suhii_night": 1.92, "lst_day": 38.5, "lst_night": 28.2, "frac_built": 0.6, "frac_tree": 0.1, "suhii_night_normalized": 1.92, "suhii_night_ml": 1.92, "suhii_night_2031": 2.34, "suhii_night_2041": 3.1 }, "geometry": { "type": "Polygon", "coordinates": [ [ [ 73.775, 18.571 ], [ 73.775, 18.58 ], [ 73.766, 18.58 ], [ 73.766, 18.571 ], [ 73.775, 18.571 ] ] ] } },
{ "type": "Feature", "properties": { "cell_id": "P1128", "suhii_night": 1.92, "lst_day": 38.5, "lst_night": 28.2, "frac_built": 0.6, "frac_tree": 0.1, "suhii_night_normalized": 1.92, "suhii_night_ml": 1.92, "suhii_night_2031": 2.34, "suhii_night_2041": 3.1 }, "geometry": { "type": "Polygon", "coordinates": [ [ [ 73.775, 18.58 ], [ 73.775, 18.589 ], [ 73.766, 18.589 ], [ 73.766, 18.58 ], [ 73.775, 18.58 ] ] ] } },
{ "type": "Feature", "properties": { "cell_id": "P1129", "suhii_night": 1.92, "lst_day": 38.5, "lst_night": 28.2, "frac_built": 0.6, "frac_tree": 0.1, "suhii_night_normalized": 1.92, "suhii_night_ml": 1.92, "suhii_night_2031": 2.34, "suhii_night_2041": 3.1 }, "geometry": { "type": "Polygon", "coordinates": [ [ [ 73.775, 18.589 ], [ 73.775, 18.598 ], [ 73.766, 18.598 ], [ 73.766, 18.589 ], [ 73.775, 18.589 ] ] ] } },
{ "type": "Feature", "properties": { "cell_id": "P1130", "suhii_night": 1.92, "lst_day": 38.5, "lst_night": 28.2, "frac_built": 0.6, "frac_tree": 0.1, "suhii_night_normalized": 1.92, "suhii_night_ml": 1.92, "suhii_night_2031": 2.34, "suhii_night_2041": 3.1 }, "geometry": { "type": "Polygon", "coordinates": [ [ [ 73.775, 18.598 ], [ 73.775, 18.607 ], [ 73.766, 18.607 ], [ 73.766, 18.598 ], [ 73.775, 18.598 ] ] ] } },
{ "type": "Feature", "properties": { "cell_id": "P1131", "suhii_night": 1.92, "lst_day": 38.5, "lst_night": 28.2, "frac_built": 0.6, "frac_tree": 0.1, "suhii_night_normalized": 1.92, "suhii_night_ml": 1.92, "suhii_night_2031": 2.34, "suhii_night_2041": 3.1 }, "geometry": { "type": "Polygon", "coordinates": [ [ [ 73.775, 18.607 ], [ 73.775, 18.616 ], [ 73.766, 18.616 ], [ 73.766, 18.607 ], [ 73.775, 18.607 ] ] ] } },
{ "type": "Feature", "properties": { "cell_id": "P1132", "suhii_night": 1.92, "lst_day": 38.5, "lst_night": 28.2, "frac_built": 0.6, "frac_tree": 0.1, "suhii_night_normalized": 1.92, "suhii_night_ml": 1.92, "suhii_night_2031": 2.34, "suhii_night_2041": 3.1 }, "geometry": { "type": "Polygon", "coordinates": [ [ [ 73.775, 18.616 ], [ 73.775, 18.625 ], [ 73.766, 18.625 ], [ 73.766, 18.616 ], [ 73.775, 18.616 ] ] ] } },
{ "type": "Feature", "properties": { "cell_id": "P1133", "suhii_night": 1.92, "lst_day": 38.5, "lst_night": 28.2, "frac_built": 0.6, "frac_tree": 0.1, "suhii_night_normalized": 1.92, "suhii_night_ml": 1.92, "suhii_night_2031": 2.34, "suhii_night_2041": 3.1 }, "geometry": { "type": "Polygon", "coordinates": [ [ [ 73.775, 18.625 ], [ 73.775, 18.634 ], [ 73.766, 18.634 ], [ 73.766, 18.625 ], [ 73.775, 18.625 ] ] ] } },
{ "type": "Feature", "properties": { "cell_id": "P1134", "suhii_night": 1.92, "lst_day": 38.5, "lst_night": 28.2, "frac_built": 0.6, "frac_tree": 0.1, "suhii_night_normalized": 1.92, "suhii_night_ml": 1.92, "suhii_night_2031": 2.34, "suhii_night_2041": 3.1 }, "geometry": { "type": "Polygon", "coordinates": [ [ [ 73.775, 18.634 ], [ 73.775, 18.643 ], [ 73.766, 18.643 ], [ 73.766, 18.634 ], [ 73.775, 18.634 ] ] ] } },
{ "type": "Feature", "properties": { "cell_id": "P1135", "suhii_night": 1.92, "lst_day": 38.5, "lst_night": 28.2, "frac_built": 0.6, "frac_tree": 0.1, "suhii_night_normalized": 1.92, "suhii_night_ml": 1.92, "suhii_night_2031": 2.34, "suhii_night_2041": 3.1 }, "geometry": { "type": "Polygon", "coordinates": [ [ [ 73.784, 18.4 ], [ 73.784, 18.409 ], [ 73.775, 18.409 ], [ 73.775, 18.4 ], [ 73.784, 18.4 ] ] ] } },
{ "type": "Feature", "properties": { "cell_id": "P1136", "suhii_night": 1.92, "lst_day": 38.5, "lst_night": 28.2, "frac_built": 0.6, "frac_tree": 0.1, "suhii_night_normalized": 1.92, "suhii_night_ml": 1.92, "suhii_night_2031": 2.34, "suhii_night_2041": 3.1 }, "geometry": { "type": "Polygon", "coordinates": [ [ [ 73.784, 18.409 ], [ 73.784, 18.418 ], [ 73.775, 18.418 ], [ 73.775, 18.409 ], [ 73.784, 18.409 ] ] ] } },
{ "type": "Feature", "properties": { "cell_id": "P1137", "suhii_night": 1.92, "lst_day": 38.5, "lst_night": 28.2, "frac_built": 0.6, "frac_tree": 0.1, "suhii_night_normalized": 1.92, "suhii_night_ml": 1.92, "suhii_night_2031": 2.34, "suhii_night_2041": 3.1 }, "geometry": { "type": "Polygon", "coordinates": [ [ [ 73.784, 18.418 ], [ 73.784, 18.427 ], [ 73.775, 18.427 ], [ 73.775, 18.418 ], [ 73.784, 18.418 ] ] ] } },
{ "type": "Feature", "properties": { "cell_id": "P1138", "suhii_night": 1.92, "lst_day": 38.5, "lst_night": 28.2, "frac_built": 0.6, "frac_tree": 0.1, "suhii_night_normalized": 1.92, "suhii_night_ml": 1.92, "suhii_night_2031": 2.34, "suhii_night_2041": 3.1 }, "geometry": { "type": "Polygon", "coordinates": [ [ [ 73.784, 18.427 ], [ 73.784, 18.436 ], [ 73.775, 18.436 ], [ 73.775, 18.427 ], [ 73.784, 18.427 ] ] ] } },
{ "type": "Feature", "properties": { "cell_id": "P1139", "suhii_night": 1.92, "lst_day": 38.5, "lst_night": 28.2, "frac_built": 0.6, "frac_tree": 0.1, "suhii_night_normalized": 1.92, "suhii_night_ml": 1.92, "suhii_night_2031": 2.34, "suhii_night_2041": 3.1 }, "geometry": { "type": "Polygon", "coordinates": [ [ [ 73.784, 18.436 ], [ 73.784, 18.445 ], [ 73.775, 18.445 ], [ 73.775, 18.436 ], [ 73.784, 18.436 ] ] ] } },
{ "type": "Feature", "properties": { "cell_id": "P1140", "suhii_night": 1.92, "lst_day": 38.5, "lst_night": 28.2, "frac_built": 0.6, "frac_tree": 0.1, "suhii_night_normalized": 1.92, "suhii_night_ml": 1.92, "suhii_night_2031": 2.34, "suhii_night_2041": 3.1 }, "geometry": { "type": "Polygon", "coordinates": [ [ [ 73.784, 18.445 ], [ 73.784, 18.454 ], [ 73.775, 18.454 ], [ 73.775, 18.445 ], [ 73.784, 18.445 ] ] ] } },
{ "type": "Feature", "properties": { "cell_id": "P1141", "suhii_night": 1.92, "lst_day": 38.5, "lst_night": 28.2, "frac_built": 0.6, "frac_tree": 0.1, "suhii_night_normalized": 1.92, "suhii_night_ml": 1.92, "suhii_night_2031": 2.34, "suhii_night_2041": 3.1 }, "geometry": { "type": "Polygon", "coordinates": [ [ [ 73.784, 18.454 ], [ 73.784, 18.463 ], [ 73.775, 18.463 ], [ 73.775, 18.454 ], [ 73.784, 18.454 ] ] ] } },
{ "type": "Feature", "properties": { "cell_id": "P1142", "suhii_night": 1.92, "lst_day": 38.5, "lst_night": 28.2, "frac_built": 0.6, "frac_tree": 0.1, "suhii_night_normalized": 1.92, "suhii_night_ml": 1.92, "suhii_night_2031": 2.34, "suhii_night_2041": 3.1 }, "geometry": { "type": "Polygon", "coordinates": [ [ [ 73.784, 18.463 ], [ 73.784, 18.472 ], [ 73.775, 18.472 ], [ 73.775, 18.463 ], [ 73.784, 18.463 ] ] ] } },
{ "type": "Feature", "properties": { "cell_id": "P1143", "suhii_night": 1.92, "lst_day": 38.5, "lst_night": 28.2, "frac_built": 0.6, "frac_tree": 0.1, "suhii_night_normalized": 1.92, "suhii_night_ml": 1.92, "suhii_night_2031": 2.34, "suhii_night_2041": 3.1 }, "geometry": { "type": "Polygon", "coordinates": [ [ [ 73.784, 18.472 ], [ 73.784, 18.481 ], [ 73.775, 18.481 ], [ 73.775, 18.472 ], [ 73.784, 18.472 ] ] ] } },
{ "type": "Feature", "properties": { "cell_id": "P1144", "suhii_night": 1.92, "lst_day": 38.5, "lst_night": 28.2, "frac_built": 0.6, "frac_tree": 0.1, "suhii_night_normalized": 1.92, "suhii_night_ml": 1.92, "suhii_night_2031": 2.34, "suhii_night_2041": 3.1 }, "geometry": { "type": "Polygon", "coordinates": [ [ [ 73.784, 18.481 ], [ 73.784, 18.49 ], [ 73.775, 18.49 ], [ 73.775, 18.481 ], [ 73.784, 18.481 ] ] ] } },
{ "type": "Feature", "properties": { "cell_id": "P1145", "suhii_night": 1.92, "lst_day": 38.5, "lst_night": 28.2, "frac_built": 0.6, "frac_tree": 0.1, "suhii_night_normalized": 1.92, "suhii_night_ml": 1.92, "suhii_night_2031": 2.34, "suhii_night_2041": 3.1 }, "geometry": { "type": "Polygon", "coordinates": [ [ [ 73.784, 18.49 ], [ 73.784, 18.499 ], [ 73.775, 18.499 ], [ 73.775, 18.49 ], [ 73.784, 18.49 ] ] ] } },
{ "type": "Feature", "properties": { "cell_id": "P1146", "suhii_night": 1.92, "lst_day": 38.5, "lst_night": 28.2, "frac_built": 0.6, "frac_tree": 0.1, "suhii_night_normalized": 1.92, "suhii_night_ml": 1.92, "suhii_night_2031": 2.34, "suhii_night_2041": 3.1 }, "geometry": { "type": "Polygon", "coordinates": [ [ [ 73.784, 18.499 ], [ 73.784, 18.508 ], [ 73.775, 18.508 ], [ 73.775, 18.499 ], [ 73.784, 18.499 ] ] ] } },
{ "type": "Feature", "properties": { "cell_id": "P1147", "suhii_night": 1.92, "lst_day": 38.5, "lst_night": 28.2, "frac_built": 0.6, "frac_tree": 0.1, "suhii_night_normalized": 1.92, "suhii_night_ml": 1.92, "suhii_night_2031": 2.34, "suhii_night_2041": 3.1 }, "geometry": { "type": "Polygon", "coordinates": [ [ [ 73.784, 18.508 ], [ 73.784, 18.517 ], [ 73.775, 18.517 ], [ 73.775, 18.508 ], [ 73.784, 18.508 ] ] ] } },
{ "type": "Feature", "properties": { "cell_id": "P1148", "suhii_night": 1.92, "lst_day": 38.5, "lst_night": 28.2, "frac_built": 0.6, "frac_tree": 0.1, "suhii_night_normalized": 1.92, "suhii_night_ml": 1.92, "suhii_night_2031": 2.34, "suhii_night_2041": 3.1 }, "geometry": { "type": "Polygon", "coordinates": [ [ [ 73.784, 18.517 ], [ 73.784, 18.526 ], [ 73.775, 18.526 ], [ 73.775, 18.517 ], [ 73.784, 18.517 ] ] ] } },
{ "type": "Feature", "properties": { "cell_id": "P1149", "suhii_night": 1.92, "lst_day": 38.5, "lst_night": 28.2, "frac_built": 0.6, "frac_tree": 0.1, "suhii_night_normalized": 1.92, "suhii_night_ml": 1.92, "suhii_night_2031": 2.34, "suhii_night_2041": 3.1 }, "geometry": { "type": "Polygon", "coordinates": [ [ [ 73.784, 18.526 ], [ 73.784, 18.535 ], [ 73.775, 18.535 ], [ 73.775, 18.526 ], [ 73.784, 18.526 ] ] ] } },
{ "type": "Feature", "properties": { "cell_id": "P1150", "suhii_night": 1.92, "lst_day": 38.5, "lst_night": 28.2, "frac_built": 0.6, "frac_tree": 0.1, "suhii_night_normalized": 1.92, "suhii_night_ml": 1.92, "suhii_night_2031": 2.34, "suhii_night_2041": 3.1 }, "geometry": { "type": "Polygon", "coordinates": [ [ [ 73.784, 18.535 ], [ 73.784, 18.544 ], [ 73.775, 18.544 ], [ 73.775, 18.535 ], [ 73.784, 18.535 ] ] ] } },
{ "type": "Feature", "properties": { "cell_id": "P1151", "suhii_night": 1.92, "lst_day": 38.5, "lst_night": 28.2, "frac_built": 0.6, "frac_tree": 0.1, "suhii_night_normalized": 1.92, "suhii_night_ml": 1.92, "suhii_night_2031": 2.34, "suhii_night_2041": 3.1 }, "geometry": { "type": "Polygon", "coordinates": [ [ [ 73.784, 18.544 ], [ 73.784, 18.553 ], [ 73.775, 18.553 ], [ 73.775, 18.544 ], [ 73.784, 18.544 ] ] ] } },
{ "type": "Feature", "properties": { "cell_id": "P1152", "suhii_night": 1.92, "lst_day": 38.5, "lst_night": 28.2, "frac_built": 0.6, "frac_tree": 0.1, "suhii_night_normalized": 1.92, "suhii_night_ml": 1.92, "suhii_night_2031": 2.34, "suhii_night_2041": 3.1 }, "geometry": { "type": "Polygon", "coordinates": [ [ [ 73.784, 18.553 ], [ 73.784, 18.562 ], [ 73.775, 18.562 ], [ 73.775, 18.553 ], [ 73.784, 18.553 ] ] ] } },
{ "type": "Feature", "properties": { "cell_id": "P1153", "suhii_night": 1.92, "lst_day": 38.5, "lst_night": 28.2, "frac_built": 0.6, "frac_tree": 0.1, "suhii_night_normalized": 1.92, "suhii_night_ml": 1.92, "suhii_night_2031": 2.34, "suhii_night_2041": 3.1 }, "geometry": { "type": "Polygon", "coordinates": [ [ [ 73.784, 18.562 ], [ 73.784, 18.571 ], [ 73.775, 18.571 ], [ 73.775, 18.562 ], [ 73.784, 18.562 ] ] ] } },
{ "type": "Feature", "properties": { "cell_id": "P1154", "suhii_night": 1.92, "lst_day": 38.5, "lst_night": 28.2, "frac_built": 0.6, "frac_tree": 0.1, "suhii_night_normalized": 1.92, "suhii_night_ml": 1.92, "suhii_night_2031": 2.34, "suhii_night_2041": 3.1 }, "geometry": { "type": "Polygon", "coordinates": [ [ [ 73.784, 18.571 ], [ 73.784, 18.58 ], [ 73.775, 18.58 ], [ 73.775, 18.571 ], [ 73.784, 18.571 ] ] ] } },
{ "type": "Feature", "properties": { "cell_id": "P1155", "suhii_night": 1.92, "lst_day": 38.5, "lst_night": 28.2, "frac_built": 0.6, "frac_tree": 0.1, "suhii_night_normalized": 1.92, "suhii_night_ml": 1.92, "suhii_night_2031": 2.34, "suhii_night_2041": 3.1 }, "geometry": { "type": "Polygon", "coordinates": [ [ [ 73.784, 18.58 ], [ 73.784, 18.589 ], [ 73.775, 18.589 ], [ 73.775, 18.58 ], [ 73.784, 18.58 ] ] ] } },
{ "type": "Feature", "properties": { "cell_id": "P1156", "suhii_night": 1.92, "lst_day": 38.5, "lst_night": 28.2, "frac_built": 0.6, "frac_tree": 0.1, "suhii_night_normalized": 1.92, "suhii_night_ml": 1.92, "suhii_night_2031": 2.34, "suhii_night_2041": 3.1 }, "geometry": { "type": "Polygon", "coordinates": [ [ [ 73.784, 18.589 ], [ 73.784, 18.598 ], [ 73.775, 18.598 ], [ 73.775, 18.589 ], [ 73.784, 18.589 ] ] ] } },
{ "type": "Feature", "properties": { "cell_id": "P1157", "suhii_night": 1.92, "lst_day": 38.5, "lst_night": 28.2, "frac_built": 0.6, "frac_tree": 0.1, "suhii_night_normalized": 1.92, "suhii_night_ml": 1.92, "suhii_night_2031": 2.34, "suhii_night_2041": 3.1 }, "geometry": { "type": "Polygon", "coordinates": [ [ [ 73.784, 18.598 ], [ 73.784, 18.607 ], [ 73.775, 18.607 ], [ 73.775, 18.598 ], [ 73.784, 18.598 ] ] ] } },
{ "type": "Feature", "properties": { "cell_id": "P1158", "suhii_night": 1.92, "lst_day": 38.5, "lst_night": 28.2, "frac_built": 0.6, "frac_tree": 0.1, "suhii_night_normalized": 1.92, "suhii_night_ml": 1.92, "suhii_night_2031": 2.34, "suhii_night_2041": 3.1 }, "geometry": { "type": "Polygon", "coordinates": [ [ [ 73.784, 18.607 ], [ 73.784, 18.616 ], [ 73.775, 18.616 ], [ 73.775, 18.607 ], [ 73.784, 18.607 ] ] ] } },
{ "type": "Feature", "properties": { "cell_id": "P1159", "suhii_night": 1.92, "lst_day": 38.5, "lst_night": 28.2, "frac_built": 0.6, "frac_tree": 0.1, "suhii_night_normalized": 1.92, "suhii_night_ml": 1.92, "suhii_night_2031": 2.34, "suhii_night_2041": 3.1 }, "geometry": { "type": "Polygon", "coordinates": [ [ [ 73.784, 18.616 ], [ 73.784, 18.625 ], [ 73.775, 18.625 ], [ 73.775, 18.616 ], [ 73.784, 18.616 ] ] ] } },
{ "type": "Feature", "properties": { "cell_id": "P1160", "suhii_night": 1.92, "lst_day": 38.5, "lst_night": 28.2, "frac_built": 0.6, "frac_tree": 0.1, "suhii_night_normalized": 1.92, "suhii_night_ml": 1.92, "suhii_night_2031": 2.34, "suhii_night_2041": 3.1 }, "geometry": { "type": "Polygon", "coordinates": [ [ [ 73.784, 18.625 ], [ 73.784, 18.634 ], [ 73.775, 18.634 ], [ 73.775, 18.625 ], [ 73.784, 18.625 ] ] ] } },
{ "type": "Feature", "properties": { "cell_id": "P1161", "suhii_night": 1.92, "lst_day": 38.5, "lst_night": 28.2, "frac_built": 0.6, "frac_tree": 0.1, "suhii_night_normalized": 1.92, "suhii_night_ml": 1.92, "suhii_night_2031": 2.34, "suhii_night_2041": 3.1 }, "geometry": { "type": "Polygon", "coordinates": [ [ [ 73.784, 18.634 ], [ 73.784, 18.643 ], [ 73.775, 18.643 ], [ 73.775, 18.634 ], [ 73.784, 18.634 ] ] ] } },
{ "type": "Feature", "properties": { "cell_id": "P1162", "suhii_night": 1.92, "lst_day": 38.5, "lst_night": 28.2, "frac_built": 0.6, "frac_tree": 0.1, "suhii_night_normalized": 1.92, "suhii_night_ml": 1.92, "suhii_night_2031": 2.34, "suhii_night_2041": 3.1 }, "geometry": { "type": "Polygon", "coordinates": [ [ [ 73.793, 18.4 ], [ 73.793, 18.409 ], [ 73.784, 18.409 ], [ 73.784, 18.4 ], [ 73.793, 18.4 ] ] ] } },
{ "type": "Feature", "properties": { "cell_id": "P1163", "suhii_night": 1.92, "lst_day": 38.5, "lst_night": 28.2, "frac_built": 0.6, "frac_tree": 0.1, "suhii_night_normalized": 1.92, "suhii_night_ml": 1.92, "suhii_night_2031": 2.34, "suhii_night_2041": 3.1 }, "geometry": { "type": "Polygon", "coordinates": [ [ [ 73.793, 18.409 ], [ 73.793, 18.418 ], [ 73.784, 18.418 ], [ 73.784, 18.409 ], [ 73.793, 18.409 ] ] ] } },
{ "type": "Feature", "properties": { "cell_id": "P1164", "suhii_night": 1.92, "lst_day": 38.5, "lst_night": 28.2, "frac_built": 0.6, "frac_tree": 0.1, "suhii_night_normalized": 1.92, "suhii_night_ml": 1.92, "suhii_night_2031": 2.34, "suhii_night_2041": 3.1 }, "geometry": { "type": "Polygon", "coordinates": [ [ [ 73.793, 18.418 ], [ 73.793, 18.427 ], [ 73.784, 18.427 ], [ 73.784, 18.418 ], [ 73.793, 18.418 ] ] ] } },
{ "type": "Feature", "properties": { "cell_id": "P1165", "suhii_night": 1.92, "lst_day": 38.5, "lst_night": 28.2, "frac_built": 0.6, "frac_tree": 0.1, "suhii_night_normalized": 1.92, "suhii_night_ml": 1.92, "suhii_night_2031": 2.34, "suhii_night_2041": 3.1 }, "geometry": { "type": "Polygon", "coordinates": [ [ [ 73.793, 18.427 ], [ 73.793, 18.436 ], [ 73.784, 18.436 ], [ 73.784, 18.427 ], [ 73.793, 18.427 ] ] ] } },
{ "type": "Feature", "properties": { "cell_id": "P1166", "suhii_night": 1.92, "lst_day": 38.5, "lst_night": 28.2, "frac_built": 0.6, "frac_tree": 0.1, "suhii_night_normalized": 1.92, "suhii_night_ml": 1.92, "suhii_night_2031": 2.34, "suhii_night_2041": 3.1 }, "geometry": { "type": "Polygon", "coordinates": [ [ [ 73.793, 18.436 ], [ 73.793, 18.445 ], [ 73.784, 18.445 ], [ 73.784, 18.436 ], [ 73.793, 18.436 ] ] ] } },
{ "type": "Feature", "properties": { "cell_id": "P1167", "suhii_night": 1.92, "lst_day": 38.5, "lst_night": 28.2, "frac_built": 0.6, "frac_tree": 0.1, "suhii_night_normalized": 1.92, "suhii_night_ml": 1.92, "suhii_night_2031": 2.34, "suhii_night_2041": 3.1 }, "geometry": { "type": "Polygon", "coordinates": [ [ [ 73.793, 18.445 ], [ 73.793, 18.454 ], [ 73.784, 18.454 ], [ 73.784, 18.445 ], [ 73.793, 18.445 ] ] ] } },
{ "type": "Feature", "properties": { "cell_id": "P1168", "suhii_night": 1.92, "lst_day": 38.5, "lst_night": 28.2, "frac_built": 0.6, "frac_tree": 0.1, "suhii_night_normalized": 1.92, "suhii_night_ml": 1.92, "suhii_night_2031": 2.34, "suhii_night_2041": 3.1 }, "geometry": { "type": "Polygon", "coordinates": [ [ [ 73.793, 18.454 ], [ 73.793, 18.463 ], [ 73.784, 18.463 ], [ 73.784, 18.454 ], [ 73.793, 18.454 ] ] ] } },
{ "type": "Feature", "properties": { "cell_id": "P1169", "suhii_night": 1.92, "lst_day": 38.5, "lst_night": 28.2, "frac_built": 0.6, "frac_tree": 0.1, "suhii_night_normalized": 1.92, "suhii_night_ml": 1.92, "suhii_night_2031": 2.34, "suhii_night_2041": 3.1 }, "geometry": { "type": "Polygon", "coordinates": [ [ [ 73.793, 18.463 ], [ 73.793, 18.472 ], [ 73.784, 18.472 ], [ 73.784, 18.463 ], [ 73.793, 18.463 ] ] ] } },
{ "type": "Feature", "properties": { "cell_id": "P1170", "suhii_night": 1.92, "lst_day": 38.5, "lst_night": 28.2, "frac_built": 0.6, "frac_tree": 0.1, "suhii_night_normalized": 1.92, "suhii_night_ml": 1.92, "suhii_night_2031": 2.34, "suhii_night_2041": 3.1 }, "geometry": { "type": "Polygon", "coordinates": [ [ [ 73.793, 18.472 ], [ 73.793, 18.481 ], [ 73.784, 18.481 ], [ 73.784, 18.472 ], [ 73.793, 18.472 ] ] ] } },
{ "type": "Feature", "properties": { "cell_id": "P1171", "suhii_night": 1.92, "lst_day": 38.5, "lst_night": 28.2, "frac_built": 0.6, "frac_tree": 0.1, "suhii_night_normalized": 1.92, "suhii_night_ml": 1.92, "suhii_night_2031": 2.34, "suhii_night_2041": 3.1 }, "geometry": { "type": "Polygon", "coordinates": [ [ [ 73.793, 18.481 ], [ 73.793, 18.49 ], [ 73.784, 18.49 ], [ 73.784, 18.481 ], [ 73.793, 18.481 ] ] ] } },
{ "type": "Feature", "properties": { "cell_id": "P1172", "suhii_night": 1.92, "lst_day": 38.5, "lst_night": 28.2, "frac_built": 0.6, "frac_tree": 0.1, "suhii_night_normalized": 1.92, "suhii_night_ml": 1.92, "suhii_night_2031": 2.34, "suhii_night_2041": 3.1 }, "geometry": { "type": "Polygon", "coordinates": [ [ [ 73.793, 18.49 ], [ 73.793, 18.499 ], [ 73.784, 18.499 ], [ 73.784, 18.49 ], [ 73.793, 18.49 ] ] ] } },
{ "type": "Feature", "properties": { "cell_id": "P1173", "suhii_night": 1.92, "lst_day": 38.5, "lst_night": 28.2, "frac_built": 0.6, "frac_tree": 0.1, "suhii_night_normalized": 1.92, "suhii_night_ml": 1.92, "suhii_night_2031": 2.34, "suhii_night_2041": 3.1 }, "geometry": { "type": "Polygon", "coordinates": [ [ [ 73.793, 18.499 ], [ 73.793, 18.508 ], [ 73.784, 18.508 ], [ 73.784, 18.499 ], [ 73.793, 18.499 ] ] ] } },
{ "type": "Feature", "properties": { "cell_id": "P1174", "suhii_night": 1.92, "lst_day": 38.5, "lst_night": 28.2, "frac_built": 0.6, "frac_tree": 0.1, "suhii_night_normalized": 1.92, "suhii_night_ml": 1.92, "suhii_night_2031": 2.34, "suhii_night_2041": 3.1 }, "geometry": { "type": "Polygon", "coordinates": [ [ [ 73.793, 18.508 ], [ 73.793, 18.517 ], [ 73.784, 18.517 ], [ 73.784, 18.508 ], [ 73.793, 18.508 ] ] ] } },
{ "type": "Feature", "properties": { "cell_id": "P1175", "suhii_night": 1.92, "lst_day": 38.5, "lst_night": 28.2, "frac_built": 0.6, "frac_tree": 0.1, "suhii_night_normalized": 1.92, "suhii_night_ml": 1.92, "suhii_night_2031": 2.34, "suhii_night_2041": 3.1 }, "geometry": { "type": "Polygon", "coordinates": [ [ [ 73.793, 18.517 ], [ 73.793, 18.526 ], [ 73.784, 18.526 ], [ 73.784, 18.517 ], [ 73.793, 18.517 ] ] ] } },
{ "type": "Feature", "properties": { "cell_id": "P1176", "suhii_night": 1.92, "lst_day": 38.5, "lst_night": 28.2, "frac_built": 0.6, "frac_tree": 0.1, "suhii_night_normalized": 1.92, "suhii_night_ml": 1.92, "suhii_night_2031": 2.34, "suhii_night_2041": 3.1 }, "geometry": { "type": "Polygon", "coordinates": [ [ [ 73.793, 18.526 ], [ 73.793, 18.535 ], [ 73.784, 18.535 ], [ 73.784, 18.526 ], [ 73.793, 18.526 ] ] ] } },
{ "type": "Feature", "properties": { "cell_id": "P1177", "suhii_night": 1.92, "lst_day": 38.5, "lst_night": 28.2, "frac_built": 0.6, "frac_tree": 0.1, "suhii_night_normalized": 1.92, "suhii_night_ml": 1.92, "suhii_night_2031": 2.34, "suhii_night_2041": 3.1 }, "geometry": { "type": "Polygon", "coordinates": [ [ [ 73.793, 18.535 ], [ 73.793, 18.544 ], [ 73.784, 18.544 ], [ 73.784, 18.535 ], [ 73.793, 18.535 ] ] ] } },
{ "type": "Feature", "properties": { "cell_id": "P1178", "suhii_night": 1.92, "lst_day": 38.5, "lst_night": 28.2, "frac_built": 0.6, "frac_tree": 0.1, "suhii_night_normalized": 1.92, "suhii_night_ml": 1.92, "suhii_night_2031": 2.34, "suhii_night_2041": 3.1 }, "geometry": { "type": "Polygon", "coordinates": [ [ [ 73.793, 18.544 ], [ 73.793, 18.553 ], [ 73.784, 18.553 ], [ 73.784, 18.544 ], [ 73.793, 18.544 ] ] ] } },
{ "type": "Feature", "properties": { "cell_id": "P1179", "suhii_night": 1.92, "lst_day": 38.5, "lst_night": 28.2, "frac_built": 0.6, "frac_tree": 0.1, "suhii_night_normalized": 1.92, "suhii_night_ml": 1.92, "suhii_night_2031": 2.34, "suhii_night_2041": 3.1 }, "geometry": { "type": "Polygon", "coordinates": [ [ [ 73.793, 18.553 ], [ 73.793, 18.562 ], [ 73.784, 18.562 ], [ 73.784, 18.553 ], [ 73.793, 18.553 ] ] ] } },
{ "type": "Feature", "properties": { "cell_id": "P1180", "suhii_night": 1.92, "lst_day": 38.5, "lst_night": 28.2, "frac_built": 0.6, "frac_tree": 0.1, "suhii_night_normalized": 1.92, "suhii_night_ml": 1.92, "suhii_night_2031": 2.34, "suhii_night_2041": 3.1 }, "geometry": { "type": "Polygon", "coordinates": [ [ [ 73.793, 18.562 ], [ 73.793, 18.571 ], [ 73.784, 18.571 ], [ 73.784, 18.562 ], [ 73.793, 18.562 ] ] ] } },
{ "type": "Feature", "properties": { "cell_id": "P1181", "suhii_night": 1.92, "lst_day": 38.5, "lst_night": 28.2, "frac_built": 0.6, "frac_tree": 0.1, "suhii_night_normalized": 1.92, "suhii_night_ml": 1.92, "suhii_night_2031": 2.34, "suhii_night_2041": 3.1 }, "geometry": { "type": "Polygon", "coordinates": [ [ [ 73.793, 18.571 ], [ 73.793, 18.58 ], [ 73.784, 18.58 ], [ 73.784, 18.571 ], [ 73.793, 18.571 ] ] ] } },
{ "type": "Feature", "properties": { "cell_id": "P1182", "suhii_night": 1.92, "lst_day": 38.5, "lst_night": 28.2, "frac_built": 0.6, "frac_tree": 0.1, "suhii_night_normalized": 1.92, "suhii_night_ml": 1.92, "suhii_night_2031": 2.34, "suhii_night_2041": 3.1 }, "geometry": { "type": "Polygon", "coordinates": [ [ [ 73.793, 18.58 ], [ 73.793, 18.589 ], [ 73.784, 18.589 ], [ 73.784, 18.58 ], [ 73.793, 18.58 ] ] ] } },
{ "type": "Feature", "properties": { "cell_id": "P1183", "suhii_night": 1.92, "lst_day": 38.5, "lst_night": 28.2, "frac_built": 0.6, "frac_tree": 0.1, "suhii_night_normalized": 1.92, "suhii_night_ml": 1.92, "suhii_night_2031": 2.34, "suhii_night_2041": 3.1 }, "geometry": { "type": "Polygon", "coordinates": [ [ [ 73.793, 18.589 ], [ 73.793, 18.598 ], [ 73.784, 18.598 ], [ 73.784, 18.589 ], [ 73.793, 18.589 ] ] ] } },
{ "type": "Feature", "properties": { "cell_id": "P1184", "suhii_night": 1.92, "lst_day": 38.5, "lst_night": 28.2, "frac_built": 0.6, "frac_tree": 0.1, "suhii_night_normalized": 1.92, "suhii_night_ml": 1.92, "suhii_night_2031": 2.34, "suhii_night_2041": 3.1 }, "geometry": { "type": "Polygon", "coordinates": [ [ [ 73.793, 18.598 ], [ 73.793, 18.607 ], [ 73.784, 18.607 ], [ 73.784, 18.598 ], [ 73.793, 18.598 ] ] ] } },
{ "type": "Feature", "properties": { "cell_id": "P1185", "suhii_night": 1.92, "lst_day": 38.5, "lst_night": 28.2, "frac_built": 0.6, "frac_tree": 0.1, "suhii_night_normalized": 1.92, "suhii_night_ml": 1.92, "suhii_night_2031": 2.34, "suhii_night_2041": 3.1 }, "geometry": { "type": "Polygon", "coordinates": [ [ [ 73.793, 18.607 ], [ 73.793, 18.616 ], [ 73.784, 18.616 ], [ 73.784, 18.607 ], [ 73.793, 18.607 ] ] ] } },
{ "type": "Feature", "properties": { "cell_id": "P1186", "suhii_night": 1.92, "lst_day": 38.5, "lst_night": 28.2, "frac_built": 0.6, "frac_tree": 0.1, "suhii_night_normalized": 1.92, "suhii_night_ml": 1.92, "suhii_night_2031": 2.34, "suhii_night_2041": 3.1 }, "geometry": { "type": "Polygon", "coordinates": [ [ [ 73.793, 18.616 ], [ 73.793, 18.625 ], [ 73.784, 18.625 ], [ 73.784, 18.616 ], [ 73.793, 18.616 ] ] ] } },
{ "type": "Feature", "properties": { "cell_id": "P1187", "suhii_night": 1.92, "lst_day": 38.5, "lst_night": 28.2, "frac_built": 0.6, "frac_tree": 0.1, "suhii_night_normalized": 1.92, "suhii_night_ml": 1.92, "suhii_night_2031": 2.34, "suhii_night_2041": 3.1 }, "geometry": { "type": "Polygon", "coordinates": [ [ [ 73.793, 18.625 ], [ 73.793, 18.634 ], [ 73.784, 18.634 ], [ 73.784, 18.625 ], [ 73.793, 18.625 ] ] ] } },
{ "type": "Feature", "properties": { "cell_id": "P1188", "suhii_night": 1.92, "lst_day": 38.5, "lst_night": 28.2, "frac_built": 0.6, "frac_tree": 0.1, "suhii_night_normalized": 1.92, "suhii_night_ml": 1.92, "suhii_night_2031": 2.34, "suhii_night_2041": 3.1 }, "geometry": { "type": "Polygon", "coordinates": [ [ [ 73.793, 18.634 ], [ 73.793, 18.643 ], [ 73.784, 18.643 ], [ 73.784, 18.634 ], [ 73.793, 18.634 ] ] ] } },
{ "type": "Feature", "properties": { "cell_id": "P1189", "suhii_night": 1.92, "lst_day": 38.5, "lst_night": 28.2, "frac_built": 0.6, "frac_tree": 0.1, "suhii_night_normalized": 1.92, "suhii_night_ml": 1.92, "suhii_night_2031": 2.34, "suhii_night_2041": 3.1 }, "geometry": { "type": "Polygon", "coordinates": [ [ [ 73.802, 18.4 ], [ 73.802, 18.409 ], [ 73.793, 18.409 ], [ 73.793, 18.4 ], [ 73.802, 18.4 ] ] ] } },
{ "type": "Feature", "properties": { "cell_id": "P1190", "suhii_night": 1.92, "lst_day": 38.5, "lst_night": 28.2, "frac_built": 0.6, "frac_tree": 0.1, "suhii_night_normalized": 1.92, "suhii_night_ml": 1.92, "suhii_night_2031": 2.34, "suhii_night_2041": 3.1 }, "geometry": { "type": "Polygon", "coordinates": [ [ [ 73.802, 18.409 ], [ 73.802, 18.418 ], [ 73.793, 18.418 ], [ 73.793, 18.409 ], [ 73.802, 18.409 ] ] ] } },
{ "type": "Feature", "properties": { "cell_id": "P1191", "suhii_night": 1.92, "lst_day": 38.5, "lst_night": 28.2, "frac_built": 0.6, "frac_tree": 0.1, "suhii_night_normalized": 1.92, "suhii_night_ml": 1.92, "suhii_night_2031": 2.34, "suhii_night_2041": 3.1 }, "geometry": { "type": "Polygon", "coordinates": [ [ [ 73.802, 18.418 ], [ 73.802, 18.427 ], [ 73.793, 18.427 ], [ 73.793, 18.418 ], [ 73.802, 18.418 ] ] ] } },
{ "type": "Feature", "properties": { "cell_id": "P1192", "suhii_night": 1.92, "lst_day": 38.5, "lst_night": 28.2, "frac_built": 0.6, "frac_tree": 0.1, "suhii_night_normalized": 1.92, "suhii_night_ml": 1.92, "suhii_night_2031": 2.34, "suhii_night_2041": 3.1 }, "geometry": { "type": "Polygon", "coordinates": [ [ [ 73.802, 18.427 ], [ 73.802, 18.436 ], [ 73.793, 18.436 ], [ 73.793, 18.427 ], [ 73.802, 18.427 ] ] ] } },
{ "type": "Feature", "properties": { "cell_id": "P1193", "suhii_night": 1.92, "lst_day": 38.5, "lst_night": 28.2, "frac_built": 0.6, "frac_tree": 0.1, "suhii_night_normalized": 1.92, "suhii_night_ml": 1.92, "suhii_night_2031": 2.34, "suhii_night_2041": 3.1 }, "geometry": { "type": "Polygon", "coordinates": [ [ [ 73.802, 18.436 ], [ 73.802, 18.445 ], [ 73.793, 18.445 ], [ 73.793, 18.436 ], [ 73.802, 18.436 ] ] ] } },
{ "type": "Feature", "properties": { "cell_id": "P1194", "suhii_night": 1.92, "lst_day": 38.5, "lst_night": 28.2, "frac_built": 0.6, "frac_tree": 0.1, "suhii_night_normalized": 1.92, "suhii_night_ml": 1.92, "suhii_night_2031": 2.34, "suhii_night_2041": 3.1 }, "geometry": { "type": "Polygon", "coordinates": [ [ [ 73.802, 18.445 ], [ 73.802, 18.454 ], [ 73.793, 18.454 ], [ 73.793, 18.445 ], [ 73.802, 18.445 ] ] ] } },
{ "type": "Feature", "properties": { "cell_id": "P1195", "suhii_night": 1.92, "lst_day": 38.5, "lst_night": 28.2, "frac_built": 0.6, "frac_tree": 0.1, "suhii_night_normalized": 1.92, "suhii_night_ml": 1.92, "suhii_night_2031": 2.34, "suhii_night_2041": 3.1 }, "geometry": { "type": "Polygon", "coordinates": [ [ [ 73.802, 18.454 ], [ 73.802, 18.463 ], [ 73.793, 18.463 ], [ 73.793, 18.454 ], [ 73.802, 18.454 ] ] ] } },
{ "type": "Feature", "properties": { "cell_id": "P1196", "suhii_night": 1.92, "lst_day": 38.5, "lst_night": 28.2, "frac_built": 0.6, "frac_tree": 0.1, "suhii_night_normalized": 1.92, "suhii_night_ml": 1.92, "suhii_night_2031": 2.34, "suhii_night_2041": 3.1 }, "geometry": { "type": "Polygon", "coordinates": [ [ [ 73.802, 18.463 ], [ 73.802, 18.472 ], [ 73.793, 18.472 ], [ 73.793, 18.463 ], [ 73.802, 18.463 ] ] ] } },
{ "type": "Feature", "properties": { "cell_id": "P1197", "suhii_night": 1.92, "lst_day": 38.5, "lst_night": 28.2, "frac_built": 0.6, "frac_tree": 0.1, "suhii_night_normalized": 1.92, "suhii_night_ml": 1.92, "suhii_night_2031": 2.34, "suhii_night_2041": 3.1 }, "geometry": { "type": "Polygon", "coordinates": [ [ [ 73.802, 18.472 ], [ 73.802, 18.481 ], [ 73.793, 18.481 ], [ 73.793, 18.472 ], [ 73.802, 18.472 ] ] ] } },
{ "type": "Feature", "properties": { "cell_id": "P1198", "suhii_night": 1.92, "lst_day": 38.5, "lst_night": 28.2, "frac_built": 0.6, "frac_tree": 0.1, "suhii_night_normalized": 1.92, "suhii_night_ml": 1.92, "suhii_night_2031": 2.34, "suhii_night_2041": 3.1 }, "geometry": { "type": "Polygon", "coordinates": [ [ [ 73.802, 18.481 ], [ 73.802, 18.49 ], [ 73.793, 18.49 ], [ 73.793, 18.481 ], [ 73.802, 18.481 ] ] ] } },
{ "type": "Feature", "properties": { "cell_id": "P1199", "suhii_night": 1.92, "lst_day": 38.5, "lst_night": 28.2, "frac_built": 0.6, "frac_tree": 0.1, "suhii_night_normalized": 1.92, "suhii_night_ml": 1.92, "suhii_night_2031": 2.34, "suhii_night_2041": 3.1 }, "geometry": { "type": "Polygon", "coordinates": [ [ [ 73.802, 18.49 ], [ 73.802, 18.499 ], [ 73.793, 18.499 ], [ 73.793, 18.49 ], [ 73.802, 18.49 ] ] ] } },
{ "type": "Feature", "properties": { "cell_id": "P1200", "suhii_night": 1.92, "lst_day": 38.5, "lst_night": 28.2, "frac_built": 0.6, "frac_tree": 0.1, "suhii_night_normalized": 1.92, "suhii_night_ml": 1.92, "suhii_night_2031": 2.34, "suhii_night_2041": 3.1 }, "geometry": { "type": "Polygon", "coordinates": [ [ [ 73.802, 18.499 ], [ 73.802, 18.508 ], [ 73.793, 18.508 ], [ 73.793, 18.499 ], [ 73.802, 18.499 ] ] ] } },
{ "type": "Feature", "properties": { "cell_id": "P1201", "suhii_night": 1.92, "lst_day": 38.5, "lst_night": 28.2, "frac_built": 0.6, "frac_tree": 0.1, "suhii_night_normalized": 1.92, "suhii_night_ml": 1.92, "suhii_night_2031": 2.34, "suhii_night_2041": 3.1 }, "geometry": { "type": "Polygon", "coordinates": [ [ [ 73.802, 18.508 ], [ 73.802, 18.517 ], [ 73.793, 18.517 ], [ 73.793, 18.508 ], [ 73.802, 18.508 ] ] ] } },
{ "type": "Feature", "properties": { "cell_id": "P1202", "suhii_night": 1.92, "lst_day": 38.5, "lst_night": 28.2, "frac_built": 0.6, "frac_tree": 0.1, "suhii_night_normalized": 1.92, "suhii_night_ml": 1.92, "suhii_night_2031": 2.34, "suhii_night_2041": 3.1 }, "geometry": { "type": "Polygon", "coordinates": [ [ [ 73.802, 18.517 ], [ 73.802, 18.526 ], [ 73.793, 18.526 ], [ 73.793, 18.517 ], [ 73.802, 18.517 ] ] ] } },
{ "type": "Feature", "properties": { "cell_id": "P1203", "suhii_night": 1.92, "lst_day": 38.5, "lst_night": 28.2, "frac_built": 0.6, "frac_tree": 0.1, "suhii_night_normalized": 1.92, "suhii_night_ml": 1.92, "suhii_night_2031": 2.34, "suhii_night_2041": 3.1 }, "geometry": { "type": "Polygon", "coordinates": [ [ [ 73.802, 18.526 ], [ 73.802, 18.535 ], [ 73.793, 18.535 ], [ 73.793, 18.526 ], [ 73.802, 18.526 ] ] ] } },
{ "type": "Feature", "properties": { "cell_id": "P1204", "suhii_night": 1.92, "lst_day": 38.5, "lst_night": 28.2, "frac_built": 0.6, "frac_tree": 0.1, "suhii_night_normalized": 1.92, "suhii_night_ml": 1.92, "suhii_night_2031": 2.34, "suhii_night_2041": 3.1 }, "geometry": { "type": "Polygon", "coordinates": [ [ [ 73.802, 18.535 ], [ 73.802, 18.544 ], [ 73.793, 18.544 ], [ 73.793, 18.535 ], [ 73.802, 18.535 ] ] ] } },
{ "type": "Feature", "properties": { "cell_id": "P1205", "suhii_night": 1.92, "lst_day": 38.5, "lst_night": 28.2, "frac_built": 0.6, "frac_tree": 0.1, "suhii_night_normalized": 1.92, "suhii_night_ml": 1.92, "suhii_night_2031": 2.34, "suhii_night_2041": 3.1 }, "geometry": { "type": "Polygon", "coordinates": [ [ [ 73.802, 18.544 ], [ 73.802, 18.553 ], [ 73.793, 18.553 ], [ 73.793, 18.544 ], [ 73.802, 18.544 ] ] ] } },
{ "type": "Feature", "properties": { "cell_id": "P1206", "suhii_night": 1.92, "lst_day": 38.5, "lst_night": 28.2, "frac_built": 0.6, "frac_tree": 0.1, "suhii_night_normalized": 1.92, "suhii_night_ml": 1.92, "suhii_night_2031": 2.34, "suhii_night_2041": 3.1 }, "geometry": { "type": "Polygon", "coordinates": [ [ [ 73.802, 18.553 ], [ 73.802, 18.562 ], [ 73.793, 18.562 ], [ 73.793, 18.553 ], [ 73.802, 18.553 ] ] ] } },
{ "type": "Feature", "properties": { "cell_id": "P1207", "suhii_night": 1.92, "lst_day": 38.5, "lst_night": 28.2, "frac_built": 0.6, "frac_tree": 0.1, "suhii_night_normalized": 1.92, "suhii_night_ml": 1.92, "suhii_night_2031": 2.34, "suhii_night_2041": 3.1 }, "geometry": { "type": "Polygon", "coordinates": [ [ [ 73.802, 18.562 ], [ 73.802, 18.571 ], [ 73.793, 18.571 ], [ 73.793, 18.562 ], [ 73.802, 18.562 ] ] ] } },
{ "type": "Feature", "properties": { "cell_id": "P1208", "suhii_night": 1.92, "lst_day": 38.5, "lst_night": 28.2, "frac_built": 0.6, "frac_tree": 0.1, "suhii_night_normalized": 1.92, "suhii_night_ml": 1.92, "suhii_night_2031": 2.34, "suhii_night_2041": 3.1 }, "geometry": { "type": "Polygon", "coordinates": [ [ [ 73.802, 18.571 ], [ 73.802, 18.58 ], [ 73.793, 18.58 ], [ 73.793, 18.571 ], [ 73.802, 18.571 ] ] ] } },
{ "type": "Feature", "properties": { "cell_id": "P1209", "suhii_night": 1.92, "lst_day": 38.5, "lst_night": 28.2, "frac_built": 0.6, "frac_tree": 0.1, "suhii_night_normalized": 1.92, "suhii_night_ml": 1.92, "suhii_night_2031": 2.34, "suhii_night_2041": 3.1 }, "geometry": { "type": "Polygon", "coordinates": [ [ [ 73.802, 18.58 ], [ 73.802, 18.589 ], [ 73.793, 18.589 ], [ 73.793, 18.58 ], [ 73.802, 18.58 ] ] ] } },
{ "type": "Feature", "properties": { "cell_id": "P1210", "suhii_night": 1.92, "lst_day": 38.5, "lst_night": 28.2, "frac_built": 0.6, "frac_tree": 0.1, "suhii_night_normalized": 1.92, "suhii_night_ml": 1.92, "suhii_night_2031": 2.34, "suhii_night_2041": 3.1 }, "geometry": { "type": "Polygon", "coordinates": [ [ [ 73.802, 18.589 ], [ 73.802, 18.598 ], [ 73.793, 18.598 ], [ 73.793, 18.589 ], [ 73.802, 18.589 ] ] ] } },
{ "type": "Feature", "properties": { "cell_id": "P1211", "suhii_night": 1.92, "lst_day": 38.5, "lst_night": 28.2, "frac_built": 0.6, "frac_tree": 0.1, "suhii_night_normalized": 1.92, "suhii_night_ml": 1.92, "suhii_night_2031": 2.34, "suhii_night_2041": 3.1 }, "geometry": { "type": "Polygon", "coordinates": [ [ [ 73.802, 18.598 ], [ 73.802, 18.607 ], [ 73.793, 18.607 ], [ 73.793, 18.598 ], [ 73.802, 18.598 ] ] ] } },
{ "type": "Feature", "properties": { "cell_id": "P1212", "suhii_night": 1.92, "lst_day": 38.5, "lst_night": 28.2, "frac_built": 0.6, "frac_tree": 0.1, "suhii_night_normalized": 1.92, "suhii_night_ml": 1.92, "suhii_night_2031": 2.34, "suhii_night_2041": 3.1 }, "geometry": { "type": "Polygon", "coordinates": [ [ [ 73.802, 18.607 ], [ 73.802, 18.616 ], [ 73.793, 18.616 ], [ 73.793, 18.607 ], [ 73.802, 18.607 ] ] ] } },
{ "type": "Feature", "properties": { "cell_id": "P1213", "suhii_night": 1.92, "lst_day": 38.5, "lst_night": 28.2, "frac_built": 0.6, "frac_tree": 0.1, "suhii_night_normalized": 1.92, "suhii_night_ml": 1.92, "suhii_night_2031": 2.34, "suhii_night_2041": 3.1 }, "geometry": { "type": "Polygon", "coordinates": [ [ [ 73.802, 18.616 ], [ 73.802, 18.625 ], [ 73.793, 18.625 ], [ 73.793, 18.616 ], [ 73.802, 18.616 ] ] ] } },
{ "type": "Feature", "properties": { "cell_id": "P1214", "suhii_night": 1.92, "lst_day": 38.5, "lst_night": 28.2, "frac_built": 0.6, "frac_tree": 0.1, "suhii_night_normalized": 1.92, "suhii_night_ml": 1.92, "suhii_night_2031": 2.34, "suhii_night_2041": 3.1 }, "geometry": { "type": "Polygon", "coordinates": [ [ [ 73.802, 18.625 ], [ 73.802, 18.634 ], [ 73.793, 18.634 ], [ 73.793, 18.625 ], [ 73.802, 18.625 ] ] ] } },
{ "type": "Feature", "properties": { "cell_id": "P1215", "suhii_night": 1.92, "lst_day": 38.5, "lst_night": 28.2, "frac_built": 0.6, "frac_tree": 0.1, "suhii_night_normalized": 1.92, "suhii_night_ml": 1.92, "suhii_night_2031": 2.34, "suhii_night_2041": 3.1 }, "geometry": { "type": "Polygon", "coordinates": [ [ [ 73.802, 18.634 ], [ 73.802, 18.643 ], [ 73.793, 18.643 ], [ 73.793, 18.634 ], [ 73.802, 18.634 ] ] ] } },
{ "type": "Feature", "properties": { "cell_id": "P1216", "suhii_night": 1.92, "lst_day": 38.5, "lst_night": 28.2, "frac_built": 0.6, "frac_tree": 0.1, "suhii_night_normalized": 1.92, "suhii_night_ml": 1.92, "suhii_night_2031": 2.34, "suhii_night_2041": 3.1 }, "geometry": { "type": "Polygon", "coordinates": [ [ [ 73.811, 18.4 ], [ 73.811, 18.409 ], [ 73.802, 18.409 ], [ 73.802, 18.4 ], [ 73.811, 18.4 ] ] ] } },
{ "type": "Feature", "properties": { "cell_id": "P1217", "suhii_night": 1.92, "lst_day": 38.5, "lst_night": 28.2, "frac_built": 0.6, "frac_tree": 0.1, "suhii_night_normalized": 1.92, "suhii_night_ml": 1.92, "suhii_night_2031": 2.34, "suhii_night_2041": 3.1 }, "geometry": { "type": "Polygon", "coordinates": [ [ [ 73.811, 18.409 ], [ 73.811, 18.418 ], [ 73.802, 18.418 ], [ 73.802, 18.409 ], [ 73.811, 18.409 ] ] ] } },
{ "type": "Feature", "properties": { "cell_id": "P1218", "suhii_night": 1.92, "lst_day": 38.5, "lst_night": 28.2, "frac_built": 0.6, "frac_tree": 0.1, "suhii_night_normalized": 1.92, "suhii_night_ml": 1.92, "suhii_night_2031": 2.34, "suhii_night_2041": 3.1 }, "geometry": { "type": "Polygon", "coordinates": [ [ [ 73.811, 18.418 ], [ 73.811, 18.427 ], [ 73.802, 18.427 ], [ 73.802, 18.418 ], [ 73.811, 18.418 ] ] ] } },
{ "type": "Feature", "properties": { "cell_id": "P1219", "suhii_night": 1.92, "lst_day": 38.5, "lst_night": 28.2, "frac_built": 0.6, "frac_tree": 0.1, "suhii_night_normalized": 1.92, "suhii_night_ml": 1.92, "suhii_night_2031": 2.34, "suhii_night_2041": 3.1 }, "geometry": { "type": "Polygon", "coordinates": [ [ [ 73.811, 18.427 ], [ 73.811, 18.436 ], [ 73.802, 18.436 ], [ 73.802, 18.427 ], [ 73.811, 18.427 ] ] ] } },
{ "type": "Feature", "properties": { "cell_id": "P1220", "suhii_night": 1.92, "lst_day": 38.5, "lst_night": 28.2, "frac_built": 0.6, "frac_tree": 0.1, "suhii_night_normalized": 1.92, "suhii_night_ml": 1.92, "suhii_night_2031": 2.34, "suhii_night_2041": 3.1 }, "geometry": { "type": "Polygon", "coordinates": [ [ [ 73.811, 18.436 ], [ 73.811, 18.445 ], [ 73.802, 18.445 ], [ 73.802, 18.436 ], [ 73.811, 18.436 ] ] ] } },
{ "type": "Feature", "properties": { "cell_id": "P1221", "suhii_night": 1.92, "lst_day": 38.5, "lst_night": 28.2, "frac_built": 0.6, "frac_tree": 0.1, "suhii_night_normalized": 1.92, "suhii_night_ml": 1.92, "suhii_night_2031": 2.34, "suhii_night_2041": 3.1 }, "geometry": { "type": "Polygon", "coordinates": [ [ [ 73.811, 18.445 ], [ 73.811, 18.454 ], [ 73.802, 18.454 ], [ 73.802, 18.445 ], [ 73.811, 18.445 ] ] ] } },
{ "type": "Feature", "properties": { "cell_id": "P1222", "suhii_night": 1.92, "lst_day": 38.5, "lst_night": 28.2, "frac_built": 0.6, "frac_tree": 0.1, "suhii_night_normalized": 1.92, "suhii_night_ml": 1.92, "suhii_night_2031": 2.34, "suhii_night_2041": 3.1 }, "geometry": { "type": "Polygon", "coordinates": [ [ [ 73.811, 18.454 ], [ 73.811, 18.463 ], [ 73.802, 18.463 ], [ 73.802, 18.454 ], [ 73.811, 18.454 ] ] ] } },
{ "type": "Feature", "properties": { "cell_id": "P1223", "suhii_night": 1.92, "lst_day": 38.5, "lst_night": 28.2, "frac_built": 0.6, "frac_tree": 0.1, "suhii_night_normalized": 1.92, "suhii_night_ml": 1.92, "suhii_night_2031": 2.34, "suhii_night_2041": 3.1 }, "geometry": { "type": "Polygon", "coordinates": [ [ [ 73.811, 18.463 ], [ 73.811, 18.472 ], [ 73.802, 18.472 ], [ 73.802, 18.463 ], [ 73.811, 18.463 ] ] ] } },
{ "type": "Feature", "properties": { "cell_id": "P1224", "suhii_night": 1.92, "lst_day": 38.5, "lst_night": 28.2, "frac_built": 0.6, "frac_tree": 0.1, "suhii_night_normalized": 1.92, "suhii_night_ml": 1.92, "suhii_night_2031": 2.34, "suhii_night_2041": 3.1 }, "geometry": { "type": "Polygon", "coordinates": [ [ [ 73.811, 18.472 ], [ 73.811, 18.481 ], [ 73.802, 18.481 ], [ 73.802, 18.472 ], [ 73.811, 18.472 ] ] ] } },
{ "type": "Feature", "properties": { "cell_id": "P1225", "suhii_night": 1.92, "lst_day": 38.5, "lst_night": 28.2, "frac_built": 0.6, "frac_tree": 0.1, "suhii_night_normalized": 1.92, "suhii_night_ml": 1.92, "suhii_night_2031": 2.34, "suhii_night_2041": 3.1 }, "geometry": { "type": "Polygon", "coordinates": [ [ [ 73.811, 18.481 ], [ 73.811, 18.49 ], [ 73.802, 18.49 ], [ 73.802, 18.481 ], [ 73.811, 18.481 ] ] ] } },
{ "type": "Feature", "properties": { "cell_id": "P1226", "suhii_night": 1.92, "lst_day": 38.5, "lst_night": 28.2, "frac_built": 0.6, "frac_tree": 0.1, "suhii_night_normalized": 1.92, "suhii_night_ml": 1.92, "suhii_night_2031": 2.34, "suhii_night_2041": 3.1 }, "geometry": { "type": "Polygon", "coordinates": [ [ [ 73.811, 18.49 ], [ 73.811, 18.499 ], [ 73.802, 18.499 ], [ 73.802, 18.49 ], [ 73.811, 18.49 ] ] ] } },
{ "type": "Feature", "properties": { "cell_id": "P1227", "suhii_night": 1.92, "lst_day": 38.5, "lst_night": 28.2, "frac_built": 0.6, "frac_tree": 0.1, "suhii_night_normalized": 1.92, "suhii_night_ml": 1.92, "suhii_night_2031": 2.34, "suhii_night_2041": 3.1 }, "geometry": { "type": "Polygon", "coordinates": [ [ [ 73.811, 18.499 ], [ 73.811, 18.508 ], [ 73.802, 18.508 ], [ 73.802, 18.499 ], [ 73.811, 18.499 ] ] ] } },
{ "type": "Feature", "properties": { "cell_id": "P1228", "suhii_night": 1.92, "lst_day": 38.5, "lst_night": 28.2, "frac_built": 0.6, "frac_tree": 0.1, "suhii_night_normalized": 1.92, "suhii_night_ml": 1.92, "suhii_night_2031": 2.34, "suhii_night_2041": 3.1 }, "geometry": { "type": "Polygon", "coordinates": [ [ [ 73.811, 18.508 ], [ 73.811, 18.517 ], [ 73.802, 18.517 ], [ 73.802, 18.508 ], [ 73.811, 18.508 ] ] ] } },
{ "type": "Feature", "properties": { "cell_id": "P1229", "suhii_night": 1.92, "lst_day": 38.5, "lst_night": 28.2, "frac_built": 0.6, "frac_tree": 0.1, "suhii_night_normalized": 1.92, "suhii_night_ml": 1.92, "suhii_night_2031": 2.34, "suhii_night_2041": 3.1 }, "geometry": { "type": "Polygon", "coordinates": [ [ [ 73.811, 18.517 ], [ 73.811, 18.526 ], [ 73.802, 18.526 ], [ 73.802, 18.517 ], [ 73.811, 18.517 ] ] ] } },
{ "type": "Feature", "properties": { "cell_id": "P1230", "suhii_night": 1.92, "lst_day": 38.5, "lst_night": 28.2, "frac_built": 0.6, "frac_tree": 0.1, "suhii_night_normalized": 1.92, "suhii_night_ml": 1.92, "suhii_night_2031": 2.34, "suhii_night_2041": 3.1 }, "geometry": { "type": "Polygon", "coordinates": [ [ [ 73.811, 18.526 ], [ 73.811, 18.535 ], [ 73.802, 18.535 ], [ 73.802, 18.526 ], [ 73.811, 18.526 ] ] ] } },
{ "type": "Feature", "properties": { "cell_id": "P1231", "suhii_night": 1.92, "lst_day": 38.5, "lst_night": 28.2, "frac_built": 0.6, "frac_tree": 0.1, "suhii_night_normalized": 1.92, "suhii_night_ml": 1.92, "suhii_night_2031": 2.34, "suhii_night_2041": 3.1 }, "geometry": { "type": "Polygon", "coordinates": [ [ [ 73.811, 18.535 ], [ 73.811, 18.544 ], [ 73.802, 18.544 ], [ 73.802, 18.535 ], [ 73.811, 18.535 ] ] ] } },
{ "type": "Feature", "properties": { "cell_id": "P1232", "suhii_night": 1.92, "lst_day": 38.5, "lst_night": 28.2, "frac_built": 0.6, "frac_tree": 0.1, "suhii_night_normalized": 1.92, "suhii_night_ml": 1.92, "suhii_night_2031": 2.34, "suhii_night_2041": 3.1 }, "geometry": { "type": "Polygon", "coordinates": [ [ [ 73.811, 18.544 ], [ 73.811, 18.553 ], [ 73.802, 18.553 ], [ 73.802, 18.544 ], [ 73.811, 18.544 ] ] ] } },
{ "type": "Feature", "properties": { "cell_id": "P1233", "suhii_night": 1.92, "lst_day": 38.5, "lst_night": 28.2, "frac_built": 0.6, "frac_tree": 0.1, "suhii_night_normalized": 1.92, "suhii_night_ml": 1.92, "suhii_night_2031": 2.34, "suhii_night_2041": 3.1 }, "geometry": { "type": "Polygon", "coordinates": [ [ [ 73.811, 18.553 ], [ 73.811, 18.562 ], [ 73.802, 18.562 ], [ 73.802, 18.553 ], [ 73.811, 18.553 ] ] ] } },
{ "type": "Feature", "properties": { "cell_id": "P1234", "suhii_night": 1.92, "lst_day": 38.5, "lst_night": 28.2, "frac_built": 0.6, "frac_tree": 0.1, "suhii_night_normalized": 1.92, "suhii_night_ml": 1.92, "suhii_night_2031": 2.34, "suhii_night_2041": 3.1 }, "geometry": { "type": "Polygon", "coordinates": [ [ [ 73.811, 18.562 ], [ 73.811, 18.571 ], [ 73.802, 18.571 ], [ 73.802, 18.562 ], [ 73.811, 18.562 ] ] ] } },
{ "type": "Feature", "properties": { "cell_id": "P1235", "suhii_night": 1.92, "lst_day": 38.5, "lst_night": 28.2, "frac_built": 0.6, "frac_tree": 0.1, "suhii_night_normalized": 1.92, "suhii_night_ml": 1.92, "suhii_night_2031": 2.34, "suhii_night_2041": 3.1 }, "geometry": { "type": "Polygon", "coordinates": [ [ [ 73.811, 18.571 ], [ 73.811, 18.58 ], [ 73.802, 18.58 ], [ 73.802, 18.571 ], [ 73.811, 18.571 ] ] ] } },
{ "type": "Feature", "properties": { "cell_id": "P1236", "suhii_night": 1.92, "lst_day": 38.5, "lst_night": 28.2, "frac_built": 0.6, "frac_tree": 0.1, "suhii_night_normalized": 1.92, "suhii_night_ml": 1.92, "suhii_night_2031": 2.34, "suhii_night_2041": 3.1 }, "geometry": { "type": "Polygon", "coordinates": [ [ [ 73.811, 18.58 ], [ 73.811, 18.589 ], [ 73.802, 18.589 ], [ 73.802, 18.58 ], [ 73.811, 18.58 ] ] ] } },
{ "type": "Feature", "properties": { "cell_id": "P1237", "suhii_night": 1.92, "lst_day": 38.5, "lst_night": 28.2, "frac_built": 0.6, "frac_tree": 0.1, "suhii_night_normalized": 1.92, "suhii_night_ml": 1.92, "suhii_night_2031": 2.34, "suhii_night_2041": 3.1 }, "geometry": { "type": "Polygon", "coordinates": [ [ [ 73.811, 18.589 ], [ 73.811, 18.598 ], [ 73.802, 18.598 ], [ 73.802, 18.589 ], [ 73.811, 18.589 ] ] ] } },
{ "type": "Feature", "properties": { "cell_id": "P1238", "suhii_night": 1.92, "lst_day": 38.5, "lst_night": 28.2, "frac_built": 0.6, "frac_tree": 0.1, "suhii_night_normalized": 1.92, "suhii_night_ml": 1.92, "suhii_night_2031": 2.34, "suhii_night_2041": 3.1 }, "geometry": { "type": "Polygon", "coordinates": [ [ [ 73.811, 18.598 ], [ 73.811, 18.607 ], [ 73.802, 18.607 ], [ 73.802, 18.598 ], [ 73.811, 18.598 ] ] ] } },
{ "type": "Feature", "properties": { "cell_id": "P1239", "suhii_night": 1.92, "lst_day": 38.5, "lst_night": 28.2, "frac_built": 0.6, "frac_tree": 0.1, "suhii_night_normalized": 1.92, "suhii_night_ml": 1.92, "suhii_night_2031": 2.34, "suhii_night_2041": 3.1 }, "geometry": { "type": "Polygon", "coordinates": [ [ [ 73.811, 18.607 ], [ 73.811, 18.616 ], [ 73.802, 18.616 ], [ 73.802, 18.607 ], [ 73.811, 18.607 ] ] ] } },
{ "type": "Feature", "properties": { "cell_id": "P1240", "suhii_night": 1.92, "lst_day": 38.5, "lst_night": 28.2, "frac_built": 0.6, "frac_tree": 0.1, "suhii_night_normalized": 1.92, "suhii_night_ml": 1.92, "suhii_night_2031": 2.34, "suhii_night_2041": 3.1 }, "geometry": { "type": "Polygon", "coordinates": [ [ [ 73.811, 18.616 ], [ 73.811, 18.625 ], [ 73.802, 18.625 ], [ 73.802, 18.616 ], [ 73.811, 18.616 ] ] ] } },
{ "type": "Feature", "properties": { "cell_id": "P1241", "suhii_night": 1.92, "lst_day": 38.5, "lst_night": 28.2, "frac_built": 0.6, "frac_tree": 0.1, "suhii_night_normalized": 1.92, "suhii_night_ml": 1.92, "suhii_night_2031": 2.34, "suhii_night_2041": 3.1 }, "geometry": { "type": "Polygon", "coordinates": [ [ [ 73.811, 18.625 ], [ 73.811, 18.634 ], [ 73.802, 18.634 ], [ 73.802, 18.625 ], [ 73.811, 18.625 ] ] ] } },
{ "type": "Feature", "properties": { "cell_id": "P1242", "suhii_night": 1.92, "lst_day": 38.5, "lst_night": 28.2, "frac_built": 0.6, "frac_tree": 0.1, "suhii_night_normalized": 1.92, "suhii_night_ml": 1.92, "suhii_night_2031": 2.34, "suhii_night_2041": 3.1 }, "geometry": { "type": "Polygon", "coordinates": [ [ [ 73.811, 18.634 ], [ 73.811, 18.643 ], [ 73.802, 18.643 ], [ 73.802, 18.634 ], [ 73.811, 18.634 ] ] ] } },
{ "type": "Feature", "properties": { "cell_id": "P1243", "suhii_night": 1.92, "lst_day": 38.5, "lst_night": 28.2, "frac_built": 0.6, "frac_tree": 0.1, "suhii_night_normalized": 1.92, "suhii_night_ml": 1.92, "suhii_night_2031": 2.34, "suhii_night_2041": 3.1 }, "geometry": { "type": "Polygon", "coordinates": [ [ [ 73.82, 18.4 ], [ 73.82, 18.409 ], [ 73.811, 18.409 ], [ 73.811, 18.4 ], [ 73.82, 18.4 ] ] ] } },
{ "type": "Feature", "properties": { "cell_id": "P1244", "suhii_night": 1.92, "lst_day": 38.5, "lst_night": 28.2, "frac_built": 0.6, "frac_tree": 0.1, "suhii_night_normalized": 1.92, "suhii_night_ml": 1.92, "suhii_night_2031": 2.34, "suhii_night_2041": 3.1 }, "geometry": { "type": "Polygon", "coordinates": [ [ [ 73.82, 18.409 ], [ 73.82, 18.418 ], [ 73.811, 18.418 ], [ 73.811, 18.409 ], [ 73.82, 18.409 ] ] ] } },
{ "type": "Feature", "properties": { "cell_id": "P1245", "suhii_night": 1.92, "lst_day": 38.5, "lst_night": 28.2, "frac_built": 0.6, "frac_tree": 0.1, "suhii_night_normalized": 1.92, "suhii_night_ml": 1.92, "suhii_night_2031": 2.34, "suhii_night_2041": 3.1 }, "geometry": { "type": "Polygon", "coordinates": [ [ [ 73.82, 18.418 ], [ 73.82, 18.427 ], [ 73.811, 18.427 ], [ 73.811, 18.418 ], [ 73.82, 18.418 ] ] ] } },
{ "type": "Feature", "properties": { "cell_id": "P1246", "suhii_night": 1.92, "lst_day": 38.5, "lst_night": 28.2, "frac_built": 0.6, "frac_tree": 0.1, "suhii_night_normalized": 1.92, "suhii_night_ml": 1.92, "suhii_night_2031": 2.34, "suhii_night_2041": 3.1 }, "geometry": { "type": "Polygon", "coordinates": [ [ [ 73.82, 18.427 ], [ 73.82, 18.436 ], [ 73.811, 18.436 ], [ 73.811, 18.427 ], [ 73.82, 18.427 ] ] ] } },
{ "type": "Feature", "properties": { "cell_id": "P1247", "suhii_night": 1.92, "lst_day": 38.5, "lst_night": 28.2, "frac_built": 0.6, "frac_tree": 0.1, "suhii_night_normalized": 1.92, "suhii_night_ml": 1.92, "suhii_night_2031": 2.34, "suhii_night_2041": 3.1 }, "geometry": { "type": "Polygon", "coordinates": [ [ [ 73.82, 18.436 ], [ 73.82, 18.445 ], [ 73.811, 18.445 ], [ 73.811, 18.436 ], [ 73.82, 18.436 ] ] ] } },
{ "type": "Feature", "properties": { "cell_id": "P1248", "suhii_night": 1.92, "lst_day": 38.5, "lst_night": 28.2, "frac_built": 0.6, "frac_tree": 0.1, "suhii_night_normalized": 1.92, "suhii_night_ml": 1.92, "suhii_night_2031": 2.34, "suhii_night_2041": 3.1 }, "geometry": { "type": "Polygon", "coordinates": [ [ [ 73.82, 18.445 ], [ 73.82, 18.454 ], [ 73.811, 18.454 ], [ 73.811, 18.445 ], [ 73.82, 18.445 ] ] ] } },
{ "type": "Feature", "properties": { "cell_id": "P1249", "suhii_night": 1.92, "lst_day": 38.5, "lst_night": 28.2, "frac_built": 0.6, "frac_tree": 0.1, "suhii_night_normalized": 1.92, "suhii_night_ml": 1.92, "suhii_night_2031": 2.34, "suhii_night_2041": 3.1 }, "geometry": { "type": "Polygon", "coordinates": [ [ [ 73.82, 18.454 ], [ 73.82, 18.463 ], [ 73.811, 18.463 ], [ 73.811, 18.454 ], [ 73.82, 18.454 ] ] ] } },
{ "type": "Feature", "properties": { "cell_id": "P1250", "suhii_night": 1.92, "lst_day": 38.5, "lst_night": 28.2, "frac_built": 0.6, "frac_tree": 0.1, "suhii_night_normalized": 1.92, "suhii_night_ml": 1.92, "suhii_night_2031": 2.34, "suhii_night_2041": 3.1 }, "geometry": { "type": "Polygon", "coordinates": [ [ [ 73.82, 18.463 ], [ 73.82, 18.472 ], [ 73.811, 18.472 ], [ 73.811, 18.463 ], [ 73.82, 18.463 ] ] ] } },
{ "type": "Feature", "properties": { "cell_id": "P1251", "suhii_night": 1.92, "lst_day": 38.5, "lst_night": 28.2, "frac_built": 0.6, "frac_tree": 0.1, "suhii_night_normalized": 1.92, "suhii_night_ml": 1.92, "suhii_night_2031": 2.34, "suhii_night_2041": 3.1 }, "geometry": { "type": "Polygon", "coordinates": [ [ [ 73.82, 18.472 ], [ 73.82, 18.481 ], [ 73.811, 18.481 ], [ 73.811, 18.472 ], [ 73.82, 18.472 ] ] ] } },
{ "type": "Feature", "properties": { "cell_id": "P1252", "suhii_night": 1.92, "lst_day": 38.5, "lst_night": 28.2, "frac_built": 0.6, "frac_tree": 0.1, "suhii_night_normalized": 1.92, "suhii_night_ml": 1.92, "suhii_night_2031": 2.34, "suhii_night_2041": 3.1 }, "geometry": { "type": "Polygon", "coordinates": [ [ [ 73.82, 18.481 ], [ 73.82, 18.49 ], [ 73.811, 18.49 ], [ 73.811, 18.481 ], [ 73.82, 18.481 ] ] ] } },
{ "type": "Feature", "properties": { "cell_id": "P1253", "suhii_night": 1.92, "lst_day": 38.5, "lst_night": 28.2, "frac_built": 0.6, "frac_tree": 0.1, "suhii_night_normalized": 1.92, "suhii_night_ml": 1.92, "suhii_night_2031": 2.34, "suhii_night_2041": 3.1 }, "geometry": { "type": "Polygon", "coordinates": [ [ [ 73.82, 18.49 ], [ 73.82, 18.499 ], [ 73.811, 18.499 ], [ 73.811, 18.49 ], [ 73.82, 18.49 ] ] ] } },
{ "type": "Feature", "properties": { "cell_id": "P1254", "suhii_night": 1.92, "lst_day": 38.5, "lst_night": 28.2, "frac_built": 0.6, "frac_tree": 0.1, "suhii_night_normalized": 1.92, "suhii_night_ml": 1.92, "suhii_night_2031": 2.34, "suhii_night_2041": 3.1 }, "geometry": { "type": "Polygon", "coordinates": [ [ [ 73.82, 18.499 ], [ 73.82, 18.508 ], [ 73.811, 18.508 ], [ 73.811, 18.499 ], [ 73.82, 18.499 ] ] ] } },
{ "type": "Feature", "properties": { "cell_id": "P1255", "suhii_night": 1.92, "lst_day": 38.5, "lst_night": 28.2, "frac_built": 0.6, "frac_tree": 0.1, "suhii_night_normalized": 1.92, "suhii_night_ml": 1.92, "suhii_night_2031": 2.34, "suhii_night_2041": 3.1 }, "geometry": { "type": "Polygon", "coordinates": [ [ [ 73.82, 18.508 ], [ 73.82, 18.517 ], [ 73.811, 18.517 ], [ 73.811, 18.508 ], [ 73.82, 18.508 ] ] ] } },
{ "type": "Feature", "properties": { "cell_id": "P1256", "suhii_night": 1.92, "lst_day": 38.5, "lst_night": 28.2, "frac_built": 0.6, "frac_tree": 0.1, "suhii_night_normalized": 1.92, "suhii_night_ml": 1.92, "suhii_night_2031": 2.34, "suhii_night_2041": 3.1 }, "geometry": { "type": "Polygon", "coordinates": [ [ [ 73.82, 18.517 ], [ 73.82, 18.526 ], [ 73.811, 18.526 ], [ 73.811, 18.517 ], [ 73.82, 18.517 ] ] ] } },
{ "type": "Feature", "properties": { "cell_id": "P1257", "suhii_night": 1.92, "lst_day": 38.5, "lst_night": 28.2, "frac_built": 0.6, "frac_tree": 0.1, "suhii_night_normalized": 1.92, "suhii_night_ml": 1.92, "suhii_night_2031": 2.34, "suhii_night_2041": 3.1 }, "geometry": { "type": "Polygon", "coordinates": [ [ [ 73.82, 18.526 ], [ 73.82, 18.535 ], [ 73.811, 18.535 ], [ 73.811, 18.526 ], [ 73.82, 18.526 ] ] ] } },
{ "type": "Feature", "properties": { "cell_id": "P1258", "suhii_night": 1.92, "lst_day": 38.5, "lst_night": 28.2, "frac_built": 0.6, "frac_tree": 0.1, "suhii_night_normalized": 1.92, "suhii_night_ml": 1.92, "suhii_night_2031": 2.34, "suhii_night_2041": 3.1 }, "geometry": { "type": "Polygon", "coordinates": [ [ [ 73.82, 18.535 ], [ 73.82, 18.544 ], [ 73.811, 18.544 ], [ 73.811, 18.535 ], [ 73.82, 18.535 ] ] ] } },
{ "type": "Feature", "properties": { "cell_id": "P1259", "suhii_night": 1.92, "lst_day": 38.5, "lst_night": 28.2, "frac_built": 0.6, "frac_tree": 0.1, "suhii_night_normalized": 1.92, "suhii_night_ml": 1.92, "suhii_night_2031": 2.34, "suhii_night_2041": 3.1 }, "geometry": { "type": "Polygon", "coordinates": [ [ [ 73.82, 18.544 ], [ 73.82, 18.553 ], [ 73.811, 18.553 ], [ 73.811, 18.544 ], [ 73.82, 18.544 ] ] ] } },
{ "type": "Feature", "properties": { "cell_id": "P1260", "suhii_night": 1.92, "lst_day": 38.5, "lst_night": 28.2, "frac_built": 0.6, "frac_tree": 0.1, "suhii_night_normalized": 1.92, "suhii_night_ml": 1.92, "suhii_night_2031": 2.34, "suhii_night_2041": 3.1 }, "geometry": { "type": "Polygon", "coordinates": [ [ [ 73.82, 18.553 ], [ 73.82, 18.562 ], [ 73.811, 18.562 ], [ 73.811, 18.553 ], [ 73.82, 18.553 ] ] ] } },
{ "type": "Feature", "properties": { "cell_id": "P1261", "suhii_night": 1.92, "lst_day": 38.5, "lst_night": 28.2, "frac_built": 0.6, "frac_tree": 0.1, "suhii_night_normalized": 1.92, "suhii_night_ml": 1.92, "suhii_night_2031": 2.34, "suhii_night_2041": 3.1 }, "geometry": { "type": "Polygon", "coordinates": [ [ [ 73.82, 18.562 ], [ 73.82, 18.571 ], [ 73.811, 18.571 ], [ 73.811, 18.562 ], [ 73.82, 18.562 ] ] ] } },
{ "type": "Feature", "properties": { "cell_id": "P1262", "suhii_night": 1.92, "lst_day": 38.5, "lst_night": 28.2, "frac_built": 0.6, "frac_tree": 0.1, "suhii_night_normalized": 1.92, "suhii_night_ml": 1.92, "suhii_night_2031": 2.34, "suhii_night_2041": 3.1 }, "geometry": { "type": "Polygon", "coordinates": [ [ [ 73.82, 18.571 ], [ 73.82, 18.58 ], [ 73.811, 18.58 ], [ 73.811, 18.571 ], [ 73.82, 18.571 ] ] ] } },
{ "type": "Feature", "properties": { "cell_id": "P1263", "suhii_night": 1.92, "lst_day": 38.5, "lst_night": 28.2, "frac_built": 0.6, "frac_tree": 0.1, "suhii_night_normalized": 1.92, "suhii_night_ml": 1.92, "suhii_night_2031": 2.34, "suhii_night_2041": 3.1 }, "geometry": { "type": "Polygon", "coordinates": [ [ [ 73.82, 18.58 ], [ 73.82, 18.589 ], [ 73.811, 18.589 ], [ 73.811, 18.58 ], [ 73.82, 18.58 ] ] ] } },
{ "type": "Feature", "properties": { "cell_id": "P1264", "suhii_night": 1.92, "lst_day": 38.5, "lst_night": 28.2, "frac_built": 0.6, "frac_tree": 0.1, "suhii_night_normalized": 1.92, "suhii_night_ml": 1.92, "suhii_night_2031": 2.34, "suhii_night_2041": 3.1 }, "geometry": { "type": "Polygon", "coordinates": [ [ [ 73.82, 18.589 ], [ 73.82, 18.598 ], [ 73.811, 18.598 ], [ 73.811, 18.589 ], [ 73.82, 18.589 ] ] ] } },
{ "type": "Feature", "properties": { "cell_id": "P1265", "suhii_night": 1.92, "lst_day": 38.5, "lst_night": 28.2, "frac_built": 0.6, "frac_tree": 0.1, "suhii_night_normalized": 1.92, "suhii_night_ml": 1.92, "suhii_night_2031": 2.34, "suhii_night_2041": 3.1 }, "geometry": { "type": "Polygon", "coordinates": [ [ [ 73.82, 18.598 ], [ 73.82, 18.607 ], [ 73.811, 18.607 ], [ 73.811, 18.598 ], [ 73.82, 18.598 ] ] ] } },
{ "type": "Feature", "properties": { "cell_id": "P1266", "suhii_night": 1.92, "lst_day": 38.5, "lst_night": 28.2, "frac_built": 0.6, "frac_tree": 0.1, "suhii_night_normalized": 1.92, "suhii_night_ml": 1.92, "suhii_night_2031": 2.34, "suhii_night_2041": 3.1 }, "geometry": { "type": "Polygon", "coordinates": [ [ [ 73.82, 18.607 ], [ 73.82, 18.616 ], [ 73.811, 18.616 ], [ 73.811, 18.607 ], [ 73.82, 18.607 ] ] ] } },
{ "type": "Feature", "properties": { "cell_id": "P1267", "suhii_night": 1.92, "lst_day": 38.5, "lst_night": 28.2, "frac_built": 0.6, "frac_tree": 0.1, "suhii_night_normalized": 1.92, "suhii_night_ml": 1.92, "suhii_night_2031": 2.34, "suhii_night_2041": 3.1 }, "geometry": { "type": "Polygon", "coordinates": [ [ [ 73.82, 18.616 ], [ 73.82, 18.625 ], [ 73.811, 18.625 ], [ 73.811, 18.616 ], [ 73.82, 18.616 ] ] ] } },
{ "type": "Feature", "properties": { "cell_id": "P1268", "suhii_night": 1.92, "lst_day": 38.5, "lst_night": 28.2, "frac_built": 0.6, "frac_tree": 0.1, "suhii_night_normalized": 1.92, "suhii_night_ml": 1.92, "suhii_night_2031": 2.34, "suhii_night_2041": 3.1 }, "geometry": { "type": "Polygon", "coordinates": [ [ [ 73.82, 18.625 ], [ 73.82, 18.634 ], [ 73.811, 18.634 ], [ 73.811, 18.625 ], [ 73.82, 18.625 ] ] ] } },
{ "type": "Feature", "properties": { "cell_id": "P1269", "suhii_night": 1.92, "lst_day": 38.5, "lst_night": 28.2, "frac_built": 0.6, "frac_tree": 0.1, "suhii_night_normalized": 1.92, "suhii_night_ml": 1.92, "suhii_night_2031": 2.34, "suhii_night_2041": 3.1 }, "geometry": { "type": "Polygon", "coordinates": [ [ [ 73.82, 18.634 ], [ 73.82, 18.643 ], [ 73.811, 18.643 ], [ 73.811, 18.634 ], [ 73.82, 18.634 ] ] ] } },
{ "type": "Feature", "properties": { "cell_id": "P1270", "suhii_night": 1.92, "lst_day": 38.5, "lst_night": 28.2, "frac_built": 0.6, "frac_tree": 0.1, "suhii_night_normalized": 1.92, "suhii_night_ml": 1.92, "suhii_night_2031": 2.34, "suhii_night_2041": 3.1 }, "geometry": { "type": "Polygon", "coordinates": [ [ [ 73.829, 18.4 ], [ 73.829, 18.409 ], [ 73.82, 18.409 ], [ 73.82, 18.4 ], [ 73.829, 18.4 ] ] ] } },
{ "type": "Feature", "properties": { "cell_id": "P1271", "suhii_night": 1.92, "lst_day": 38.5, "lst_night": 28.2, "frac_built": 0.6, "frac_tree": 0.1, "suhii_night_normalized": 1.92, "suhii_night_ml": 1.92, "suhii_night_2031": 2.34, "suhii_night_2041": 3.1 }, "geometry": { "type": "Polygon", "coordinates": [ [ [ 73.829, 18.409 ], [ 73.829, 18.418 ], [ 73.82, 18.418 ], [ 73.82, 18.409 ], [ 73.829, 18.409 ] ] ] } },
{ "type": "Feature", "properties": { "cell_id": "P1272", "suhii_night": 1.92, "lst_day": 38.5, "lst_night": 28.2, "frac_built": 0.6, "frac_tree": 0.1, "suhii_night_normalized": 1.92, "suhii_night_ml": 1.92, "suhii_night_2031": 2.34, "suhii_night_2041": 3.1 }, "geometry": { "type": "Polygon", "coordinates": [ [ [ 73.829, 18.418 ], [ 73.829, 18.427 ], [ 73.82, 18.427 ], [ 73.82, 18.418 ], [ 73.829, 18.418 ] ] ] } },
{ "type": "Feature", "properties": { "cell_id": "P1273", "suhii_night": 1.92, "lst_day": 38.5, "lst_night": 28.2, "frac_built": 0.6, "frac_tree": 0.1, "suhii_night_normalized": 1.92, "suhii_night_ml": 1.92, "suhii_night_2031": 2.34, "suhii_night_2041": 3.1 }, "geometry": { "type": "Polygon", "coordinates": [ [ [ 73.829, 18.427 ], [ 73.829, 18.436 ], [ 73.82, 18.436 ], [ 73.82, 18.427 ], [ 73.829, 18.427 ] ] ] } },
{ "type": "Feature", "properties": { "cell_id": "P1274", "suhii_night": 1.92, "lst_day": 38.5, "lst_night": 28.2, "frac_built": 0.6, "frac_tree": 0.1, "suhii_night_normalized": 1.92, "suhii_night_ml": 1.92, "suhii_night_2031": 2.34, "suhii_night_2041": 3.1 }, "geometry": { "type": "Polygon", "coordinates": [ [ [ 73.829, 18.436 ], [ 73.829, 18.445 ], [ 73.82, 18.445 ], [ 73.82, 18.436 ], [ 73.829, 18.436 ] ] ] } },
{ "type": "Feature", "properties": { "cell_id": "P1275", "suhii_night": 1.92, "lst_day": 38.5, "lst_night": 28.2, "frac_built": 0.6, "frac_tree": 0.1, "suhii_night_normalized": 1.92, "suhii_night_ml": 1.92, "suhii_night_2031": 2.34, "suhii_night_2041": 3.1 }, "geometry": { "type": "Polygon", "coordinates": [ [ [ 73.829, 18.445 ], [ 73.829, 18.454 ], [ 73.82, 18.454 ], [ 73.82, 18.445 ], [ 73.829, 18.445 ] ] ] } },
{ "type": "Feature", "properties": { "cell_id": "P1276", "suhii_night": 1.92, "lst_day": 38.5, "lst_night": 28.2, "frac_built": 0.6, "frac_tree": 0.1, "suhii_night_normalized": 1.92, "suhii_night_ml": 1.92, "suhii_night_2031": 2.34, "suhii_night_2041": 3.1 }, "geometry": { "type": "Polygon", "coordinates": [ [ [ 73.829, 18.454 ], [ 73.829, 18.463 ], [ 73.82, 18.463 ], [ 73.82, 18.454 ], [ 73.829, 18.454 ] ] ] } },
{ "type": "Feature", "properties": { "cell_id": "P1277", "suhii_night": 1.92, "lst_day": 38.5, "lst_night": 28.2, "frac_built": 0.6, "frac_tree": 0.1, "suhii_night_normalized": 1.92, "suhii_night_ml": 1.92, "suhii_night_2031": 2.34, "suhii_night_2041": 3.1 }, "geometry": { "type": "Polygon", "coordinates": [ [ [ 73.829, 18.463 ], [ 73.829, 18.472 ], [ 73.82, 18.472 ], [ 73.82, 18.463 ], [ 73.829, 18.463 ] ] ] } },
{ "type": "Feature", "properties": { "cell_id": "P1278", "suhii_night": 1.92, "lst_day": 38.5, "lst_night": 28.2, "frac_built": 0.6, "frac_tree": 0.1, "suhii_night_normalized": 1.92, "suhii_night_ml": 1.92, "suhii_night_2031": 2.34, "suhii_night_2041": 3.1 }, "geometry": { "type": "Polygon", "coordinates": [ [ [ 73.829, 18.472 ], [ 73.829, 18.481 ], [ 73.82, 18.481 ], [ 73.82, 18.472 ], [ 73.829, 18.472 ] ] ] } },
{ "type": "Feature", "properties": { "cell_id": "P1279", "suhii_night": 1.92, "lst_day": 38.5, "lst_night": 28.2, "frac_built": 0.6, "frac_tree": 0.1, "suhii_night_normalized": 1.92, "suhii_night_ml": 1.92, "suhii_night_2031": 2.34, "suhii_night_2041": 3.1 }, "geometry": { "type": "Polygon", "coordinates": [ [ [ 73.829, 18.481 ], [ 73.829, 18.49 ], [ 73.82, 18.49 ], [ 73.82, 18.481 ], [ 73.829, 18.481 ] ] ] } },
{ "type": "Feature", "properties": { "cell_id": "P1280", "suhii_night": 1.92, "lst_day": 38.5, "lst_night": 28.2, "frac_built": 0.6, "frac_tree": 0.1, "suhii_night_normalized": 1.92, "suhii_night_ml": 1.92, "suhii_night_2031": 2.34, "suhii_night_2041": 3.1 }, "geometry": { "type": "Polygon", "coordinates": [ [ [ 73.829, 18.49 ], [ 73.829, 18.499 ], [ 73.82, 18.499 ], [ 73.82, 18.49 ], [ 73.829, 18.49 ] ] ] } },
{ "type": "Feature", "properties": { "cell_id": "P1281", "suhii_night": 1.92, "lst_day": 38.5, "lst_night": 28.2, "frac_built": 0.6, "frac_tree": 0.1, "suhii_night_normalized": 1.92, "suhii_night_ml": 1.92, "suhii_night_2031": 2.34, "suhii_night_2041": 3.1 }, "geometry": { "type": "Polygon", "coordinates": [ [ [ 73.829, 18.499 ], [ 73.829, 18.508 ], [ 73.82, 18.508 ], [ 73.82, 18.499 ], [ 73.829, 18.499 ] ] ] } },
{ "type": "Feature", "properties": { "cell_id": "P1282", "suhii_night": 1.92, "lst_day": 38.5, "lst_night": 28.2, "frac_built": 0.6, "frac_tree": 0.1, "suhii_night_normalized": 1.92, "suhii_night_ml": 1.92, "suhii_night_2031": 2.34, "suhii_night_2041": 3.1 }, "geometry": { "type": "Polygon", "coordinates": [ [ [ 73.829, 18.508 ], [ 73.829, 18.517 ], [ 73.82, 18.517 ], [ 73.82, 18.508 ], [ 73.829, 18.508 ] ] ] } },
{ "type": "Feature", "properties": { "cell_id": "P1283", "suhii_night": 1.92, "lst_day": 38.5, "lst_night": 28.2, "frac_built": 0.6, "frac_tree": 0.1, "suhii_night_normalized": 1.92, "suhii_night_ml": 1.92, "suhii_night_2031": 2.34, "suhii_night_2041": 3.1 }, "geometry": { "type": "Polygon", "coordinates": [ [ [ 73.829, 18.517 ], [ 73.829, 18.526 ], [ 73.82, 18.526 ], [ 73.82, 18.517 ], [ 73.829, 18.517 ] ] ] } },
{ "type": "Feature", "properties": { "cell_id": "P1284", "suhii_night": 1.92, "lst_day": 38.5, "lst_night": 28.2, "frac_built": 0.6, "frac_tree": 0.1, "suhii_night_normalized": 1.92, "suhii_night_ml": 1.92, "suhii_night_2031": 2.34, "suhii_night_2041": 3.1 }, "geometry": { "type": "Polygon", "coordinates": [ [ [ 73.829, 18.526 ], [ 73.829, 18.535 ], [ 73.82, 18.535 ], [ 73.82, 18.526 ], [ 73.829, 18.526 ] ] ] } },
{ "type": "Feature", "properties": { "cell_id": "P1285", "suhii_night": 1.92, "lst_day": 38.5, "lst_night": 28.2, "frac_built": 0.6, "frac_tree": 0.1, "suhii_night_normalized": 1.92, "suhii_night_ml": 1.92, "suhii_night_2031": 2.34, "suhii_night_2041": 3.1 }, "geometry": { "type": "Polygon", "coordinates": [ [ [ 73.829, 18.535 ], [ 73.829, 18.544 ], [ 73.82, 18.544 ], [ 73.82, 18.535 ], [ 73.829, 18.535 ] ] ] } },
{ "type": "Feature", "properties": { "cell_id": "P1286", "suhii_night": 1.92, "lst_day": 38.5, "lst_night": 28.2, "frac_built": 0.6, "frac_tree": 0.1, "suhii_night_normalized": 1.92, "suhii_night_ml": 1.92, "suhii_night_2031": 2.34, "suhii_night_2041": 3.1 }, "geometry": { "type": "Polygon", "coordinates": [ [ [ 73.829, 18.544 ], [ 73.829, 18.553 ], [ 73.82, 18.553 ], [ 73.82, 18.544 ], [ 73.829, 18.544 ] ] ] } },
{ "type": "Feature", "properties": { "cell_id": "P1287", "suhii_night": 1.92, "lst_day": 38.5, "lst_night": 28.2, "frac_built": 0.6, "frac_tree": 0.1, "suhii_night_normalized": 1.92, "suhii_night_ml": 1.92, "suhii_night_2031": 2.34, "suhii_night_2041": 3.1 }, "geometry": { "type": "Polygon", "coordinates": [ [ [ 73.829, 18.553 ], [ 73.829, 18.562 ], [ 73.82, 18.562 ], [ 73.82, 18.553 ], [ 73.829, 18.553 ] ] ] } },
{ "type": "Feature", "properties": { "cell_id": "P1288", "suhii_night": 1.92, "lst_day": 38.5, "lst_night": 28.2, "frac_built": 0.6, "frac_tree": 0.1, "suhii_night_normalized": 1.92, "suhii_night_ml": 1.92, "suhii_night_2031": 2.34, "suhii_night_2041": 3.1 }, "geometry": { "type": "Polygon", "coordinates": [ [ [ 73.829, 18.562 ], [ 73.829, 18.571 ], [ 73.82, 18.571 ], [ 73.82, 18.562 ], [ 73.829, 18.562 ] ] ] } },
{ "type": "Feature", "properties": { "cell_id": "P1289", "suhii_night": 1.92, "lst_day": 38.5, "lst_night": 28.2, "frac_built": 0.6, "frac_tree": 0.1, "suhii_night_normalized": 1.92, "suhii_night_ml": 1.92, "suhii_night_2031": 2.34, "suhii_night_2041": 3.1 }, "geometry": { "type": "Polygon", "coordinates": [ [ [ 73.829, 18.571 ], [ 73.829, 18.58 ], [ 73.82, 18.58 ], [ 73.82, 18.571 ], [ 73.829, 18.571 ] ] ] } },
{ "type": "Feature", "properties": { "cell_id": "P1290", "suhii_night": 1.92, "lst_day": 38.5, "lst_night": 28.2, "frac_built": 0.6, "frac_tree": 0.1, "suhii_night_normalized": 1.92, "suhii_night_ml": 1.92, "suhii_night_2031": 2.34, "suhii_night_2041": 3.1 }, "geometry": { "type": "Polygon", "coordinates": [ [ [ 73.829, 18.58 ], [ 73.829, 18.589 ], [ 73.82, 18.589 ], [ 73.82, 18.58 ], [ 73.829, 18.58 ] ] ] } },
{ "type": "Feature", "properties": { "cell_id": "P1291", "suhii_night": 1.92, "lst_day": 38.5, "lst_night": 28.2, "frac_built": 0.6, "frac_tree": 0.1, "suhii_night_normalized": 1.92, "suhii_night_ml": 1.92, "suhii_night_2031": 2.34, "suhii_night_2041": 3.1 }, "geometry": { "type": "Polygon", "coordinates": [ [ [ 73.829, 18.589 ], [ 73.829, 18.598 ], [ 73.82, 18.598 ], [ 73.82, 18.589 ], [ 73.829, 18.589 ] ] ] } },
{ "type": "Feature", "properties": { "cell_id": "P1292", "suhii_night": 1.92, "lst_day": 38.5, "lst_night": 28.2, "frac_built": 0.6, "frac_tree": 0.1, "suhii_night_normalized": 1.92, "suhii_night_ml": 1.92, "suhii_night_2031": 2.34, "suhii_night_2041": 3.1 }, "geometry": { "type": "Polygon", "coordinates": [ [ [ 73.829, 18.598 ], [ 73.829, 18.607 ], [ 73.82, 18.607 ], [ 73.82, 18.598 ], [ 73.829, 18.598 ] ] ] } },
{ "type": "Feature", "properties": { "cell_id": "P1293", "suhii_night": 1.92, "lst_day": 38.5, "lst_night": 28.2, "frac_built": 0.6, "frac_tree": 0.1, "suhii_night_normalized": 1.92, "suhii_night_ml": 1.92, "suhii_night_2031": 2.34, "suhii_night_2041": 3.1 }, "geometry": { "type": "Polygon", "coordinates": [ [ [ 73.829, 18.607 ], [ 73.829, 18.616 ], [ 73.82, 18.616 ], [ 73.82, 18.607 ], [ 73.829, 18.607 ] ] ] } },
{ "type": "Feature", "properties": { "cell_id": "P1294", "suhii_night": 1.92, "lst_day": 38.5, "lst_night": 28.2, "frac_built": 0.6, "frac_tree": 0.1, "suhii_night_normalized": 1.92, "suhii_night_ml": 1.92, "suhii_night_2031": 2.34, "suhii_night_2041": 3.1 }, "geometry": { "type": "Polygon", "coordinates": [ [ [ 73.829, 18.616 ], [ 73.829, 18.625 ], [ 73.82, 18.625 ], [ 73.82, 18.616 ], [ 73.829, 18.616 ] ] ] } },
{ "type": "Feature", "properties": { "cell_id": "P1295", "suhii_night": 1.92, "lst_day": 38.5, "lst_night": 28.2, "frac_built": 0.6, "frac_tree": 0.1, "suhii_night_normalized": 1.92, "suhii_night_ml": 1.92, "suhii_night_2031": 2.34, "suhii_night_2041": 3.1 }, "geometry": { "type": "Polygon", "coordinates": [ [ [ 73.829, 18.625 ], [ 73.829, 18.634 ], [ 73.82, 18.634 ], [ 73.82, 18.625 ], [ 73.829, 18.625 ] ] ] } },
{ "type": "Feature", "properties": { "cell_id": "P1296", "suhii_night": 1.92, "lst_day": 38.5, "lst_night": 28.2, "frac_built": 0.6, "frac_tree": 0.1, "suhii_night_normalized": 1.92, "suhii_night_ml": 1.92, "suhii_night_2031": 2.34, "suhii_night_2041": 3.1 }, "geometry": { "type": "Polygon", "coordinates": [ [ [ 73.829, 18.634 ], [ 73.829, 18.643 ], [ 73.82, 18.643 ], [ 73.82, 18.634 ], [ 73.829, 18.634 ] ] ] } },
{ "type": "Feature", "properties": { "cell_id": "P1297", "suhii_night": 1.92, "lst_day": 38.5, "lst_night": 28.2, "frac_built": 0.6, "frac_tree": 0.1, "suhii_night_normalized": 1.92, "suhii_night_ml": 1.92, "suhii_night_2031": 2.34, "suhii_night_2041": 3.1 }, "geometry": { "type": "Polygon", "coordinates": [ [ [ 73.838, 18.4 ], [ 73.838, 18.409 ], [ 73.829, 18.409 ], [ 73.829, 18.4 ], [ 73.838, 18.4 ] ] ] } },
{ "type": "Feature", "properties": { "cell_id": "P1298", "suhii_night": 1.92, "lst_day": 38.5, "lst_night": 28.2, "frac_built": 0.6, "frac_tree": 0.1, "suhii_night_normalized": 1.92, "suhii_night_ml": 1.92, "suhii_night_2031": 2.34, "suhii_night_2041": 3.1 }, "geometry": { "type": "Polygon", "coordinates": [ [ [ 73.838, 18.409 ], [ 73.838, 18.418 ], [ 73.829, 18.418 ], [ 73.829, 18.409 ], [ 73.838, 18.409 ] ] ] } },
{ "type": "Feature", "properties": { "cell_id": "P1299", "suhii_night": 1.92, "lst_day": 38.5, "lst_night": 28.2, "frac_built": 0.6, "frac_tree": 0.1, "suhii_night_normalized": 1.92, "suhii_night_ml": 1.92, "suhii_night_2031": 2.34, "suhii_night_2041": 3.1 }, "geometry": { "type": "Polygon", "coordinates": [ [ [ 73.838, 18.418 ], [ 73.838, 18.427 ], [ 73.829, 18.427 ], [ 73.829, 18.418 ], [ 73.838, 18.418 ] ] ] } },
{ "type": "Feature", "properties": { "cell_id": "P1300", "suhii_night": 1.92, "lst_day": 38.5, "lst_night": 28.2, "frac_built": 0.6, "frac_tree": 0.1, "suhii_night_normalized": 1.92, "suhii_night_ml": 1.92, "suhii_night_2031": 2.34, "suhii_night_2041": 3.1 }, "geometry": { "type": "Polygon", "coordinates": [ [ [ 73.838, 18.427 ], [ 73.838, 18.436 ], [ 73.829, 18.436 ], [ 73.829, 18.427 ], [ 73.838, 18.427 ] ] ] } },
{ "type": "Feature", "properties": { "cell_id": "P1301", "suhii_night": 1.92, "lst_day": 38.5, "lst_night": 28.2, "frac_built": 0.6, "frac_tree": 0.1, "suhii_night_normalized": 1.92, "suhii_night_ml": 1.92, "suhii_night_2031": 2.34, "suhii_night_2041": 3.1 }, "geometry": { "type": "Polygon", "coordinates": [ [ [ 73.838, 18.436 ], [ 73.838, 18.445 ], [ 73.829, 18.445 ], [ 73.829, 18.436 ], [ 73.838, 18.436 ] ] ] } },
{ "type": "Feature", "properties": { "cell_id": "P1302", "suhii_night": 1.92, "lst_day": 38.5, "lst_night": 28.2, "frac_built": 0.6, "frac_tree": 0.1, "suhii_night_normalized": 1.92, "suhii_night_ml": 1.92, "suhii_night_2031": 2.34, "suhii_night_2041": 3.1 }, "geometry": { "type": "Polygon", "coordinates": [ [ [ 73.838, 18.445 ], [ 73.838, 18.454 ], [ 73.829, 18.454 ], [ 73.829, 18.445 ], [ 73.838, 18.445 ] ] ] } },
{ "type": "Feature", "properties": { "cell_id": "P1303", "suhii_night": 1.92, "lst_day": 38.5, "lst_night": 28.2, "frac_built": 0.6, "frac_tree": 0.1, "suhii_night_normalized": 1.92, "suhii_night_ml": 1.92, "suhii_night_2031": 2.34, "suhii_night_2041": 3.1 }, "geometry": { "type": "Polygon", "coordinates": [ [ [ 73.838, 18.454 ], [ 73.838, 18.463 ], [ 73.829, 18.463 ], [ 73.829, 18.454 ], [ 73.838, 18.454 ] ] ] } },
{ "type": "Feature", "properties": { "cell_id": "P1304", "suhii_night": 1.92, "lst_day": 38.5, "lst_night": 28.2, "frac_built": 0.6, "frac_tree": 0.1, "suhii_night_normalized": 1.92, "suhii_night_ml": 1.92, "suhii_night_2031": 2.34, "suhii_night_2041": 3.1 }, "geometry": { "type": "Polygon", "coordinates": [ [ [ 73.838, 18.463 ], [ 73.838, 18.472 ], [ 73.829, 18.472 ], [ 73.829, 18.463 ], [ 73.838, 18.463 ] ] ] } },
{ "type": "Feature", "properties": { "cell_id": "P1305", "suhii_night": 1.92, "lst_day": 38.5, "lst_night": 28.2, "frac_built": 0.6, "frac_tree": 0.1, "suhii_night_normalized": 1.92, "suhii_night_ml": 1.92, "suhii_night_2031": 2.34, "suhii_night_2041": 3.1 }, "geometry": { "type": "Polygon", "coordinates": [ [ [ 73.838, 18.472 ], [ 73.838, 18.481 ], [ 73.829, 18.481 ], [ 73.829, 18.472 ], [ 73.838, 18.472 ] ] ] } },
{ "type": "Feature", "properties": { "cell_id": "P1306", "suhii_night": 1.92, "lst_day": 38.5, "lst_night": 28.2, "frac_built": 0.6, "frac_tree": 0.1, "suhii_night_normalized": 1.92, "suhii_night_ml": 1.92, "suhii_night_2031": 2.34, "suhii_night_2041": 3.1 }, "geometry": { "type": "Polygon", "coordinates": [ [ [ 73.838, 18.481 ], [ 73.838, 18.49 ], [ 73.829, 18.49 ], [ 73.829, 18.481 ], [ 73.838, 18.481 ] ] ] } },
{ "type": "Feature", "properties": { "cell_id": "P1307", "suhii_night": 1.92, "lst_day": 38.5, "lst_night": 28.2, "frac_built": 0.6, "frac_tree": 0.1, "suhii_night_normalized": 1.92, "suhii_night_ml": 1.92, "suhii_night_2031": 2.34, "suhii_night_2041": 3.1 }, "geometry": { "type": "Polygon", "coordinates": [ [ [ 73.838, 18.49 ], [ 73.838, 18.499 ], [ 73.829, 18.499 ], [ 73.829, 18.49 ], [ 73.838, 18.49 ] ] ] } },
{ "type": "Feature", "properties": { "cell_id": "P1308", "suhii_night": 1.92, "lst_day": 38.5, "lst_night": 28.2, "frac_built": 0.6, "frac_tree": 0.1, "suhii_night_normalized": 1.92, "suhii_night_ml": 1.92, "suhii_night_2031": 2.34, "suhii_night_2041": 3.1 }, "geometry": { "type": "Polygon", "coordinates": [ [ [ 73.838, 18.499 ], [ 73.838, 18.508 ], [ 73.829, 18.508 ], [ 73.829, 18.499 ], [ 73.838, 18.499 ] ] ] } },
{ "type": "Feature", "properties": { "cell_id": "P1309", "suhii_night": 1.92, "lst_day": 38.5, "lst_night": 28.2, "frac_built": 0.6, "frac_tree": 0.1, "suhii_night_normalized": 1.92, "suhii_night_ml": 1.92, "suhii_night_2031": 2.34, "suhii_night_2041": 3.1 }, "geometry": { "type": "Polygon", "coordinates": [ [ [ 73.838, 18.508 ], [ 73.838, 18.517 ], [ 73.829, 18.517 ], [ 73.829, 18.508 ], [ 73.838, 18.508 ] ] ] } },
{ "type": "Feature", "properties": { "cell_id": "P1310", "suhii_night": 1.92, "lst_day": 38.5, "lst_night": 28.2, "frac_built": 0.6, "frac_tree": 0.1, "suhii_night_normalized": 1.92, "suhii_night_ml": 1.92, "suhii_night_2031": 2.34, "suhii_night_2041": 3.1 }, "geometry": { "type": "Polygon", "coordinates": [ [ [ 73.838, 18.517 ], [ 73.838, 18.526 ], [ 73.829, 18.526 ], [ 73.829, 18.517 ], [ 73.838, 18.517 ] ] ] } },
{ "type": "Feature", "properties": { "cell_id": "P1311", "suhii_night": 1.92, "lst_day": 38.5, "lst_night": 28.2, "frac_built": 0.6, "frac_tree": 0.1, "suhii_night_normalized": 1.92, "suhii_night_ml": 1.92, "suhii_night_2031": 2.34, "suhii_night_2041": 3.1 }, "geometry": { "type": "Polygon", "coordinates": [ [ [ 73.838, 18.526 ], [ 73.838, 18.535 ], [ 73.829, 18.535 ], [ 73.829, 18.526 ], [ 73.838, 18.526 ] ] ] } },
{ "type": "Feature", "properties": { "cell_id": "P1312", "suhii_night": 1.92, "lst_day": 38.5, "lst_night": 28.2, "frac_built": 0.6, "frac_tree": 0.1, "suhii_night_normalized": 1.92, "suhii_night_ml": 1.92, "suhii_night_2031": 2.34, "suhii_night_2041": 3.1 }, "geometry": { "type": "Polygon", "coordinates": [ [ [ 73.838, 18.535 ], [ 73.838, 18.544 ], [ 73.829, 18.544 ], [ 73.829, 18.535 ], [ 73.838, 18.535 ] ] ] } },
{ "type": "Feature", "properties": { "cell_id": "P1313", "suhii_night": 1.92, "lst_day": 38.5, "lst_night": 28.2, "frac_built": 0.6, "frac_tree": 0.1, "suhii_night_normalized": 1.92, "suhii_night_ml": 1.92, "suhii_night_2031": 2.34, "suhii_night_2041": 3.1 }, "geometry": { "type": "Polygon", "coordinates": [ [ [ 73.838, 18.544 ], [ 73.838, 18.553 ], [ 73.829, 18.553 ], [ 73.829, 18.544 ], [ 73.838, 18.544 ] ] ] } },
{ "type": "Feature", "properties": { "cell_id": "P1314", "suhii_night": 1.92, "lst_day": 38.5, "lst_night": 28.2, "frac_built": 0.6, "frac_tree": 0.1, "suhii_night_normalized": 1.92, "suhii_night_ml": 1.92, "suhii_night_2031": 2.34, "suhii_night_2041": 3.1 }, "geometry": { "type": "Polygon", "coordinates": [ [ [ 73.838, 18.553 ], [ 73.838, 18.562 ], [ 73.829, 18.562 ], [ 73.829, 18.553 ], [ 73.838, 18.553 ] ] ] } },
{ "type": "Feature", "properties": { "cell_id": "P1315", "suhii_night": 1.92, "lst_day": 38.5, "lst_night": 28.2, "frac_built": 0.6, "frac_tree": 0.1, "suhii_night_normalized": 1.92, "suhii_night_ml": 1.92, "suhii_night_2031": 2.34, "suhii_night_2041": 3.1 }, "geometry": { "type": "Polygon", "coordinates": [ [ [ 73.838, 18.562 ], [ 73.838, 18.571 ], [ 73.829, 18.571 ], [ 73.829, 18.562 ], [ 73.838, 18.562 ] ] ] } },
{ "type": "Feature", "properties": { "cell_id": "P1316", "suhii_night": 1.92, "lst_day": 38.5, "lst_night": 28.2, "frac_built": 0.6, "frac_tree": 0.1, "suhii_night_normalized": 1.92, "suhii_night_ml": 1.92, "suhii_night_2031": 2.34, "suhii_night_2041": 3.1 }, "geometry": { "type": "Polygon", "coordinates": [ [ [ 73.838, 18.571 ], [ 73.838, 18.58 ], [ 73.829, 18.58 ], [ 73.829, 18.571 ], [ 73.838, 18.571 ] ] ] } },
{ "type": "Feature", "properties": { "cell_id": "P1317", "suhii_night": 1.92, "lst_day": 38.5, "lst_night": 28.2, "frac_built": 0.6, "frac_tree": 0.1, "suhii_night_normalized": 1.92, "suhii_night_ml": 1.92, "suhii_night_2031": 2.34, "suhii_night_2041": 3.1 }, "geometry": { "type": "Polygon", "coordinates": [ [ [ 73.838, 18.58 ], [ 73.838, 18.589 ], [ 73.829, 18.589 ], [ 73.829, 18.58 ], [ 73.838, 18.58 ] ] ] } },
{ "type": "Feature", "properties": { "cell_id": "P1318", "suhii_night": 1.92, "lst_day": 38.5, "lst_night": 28.2, "frac_built": 0.6, "frac_tree": 0.1, "suhii_night_normalized": 1.92, "suhii_night_ml": 1.92, "suhii_night_2031": 2.34, "suhii_night_2041": 3.1 }, "geometry": { "type": "Polygon", "coordinates": [ [ [ 73.838, 18.589 ], [ 73.838, 18.598 ], [ 73.829, 18.598 ], [ 73.829, 18.589 ], [ 73.838, 18.589 ] ] ] } },
{ "type": "Feature", "properties": { "cell_id": "P1319", "suhii_night": 1.92, "lst_day": 38.5, "lst_night": 28.2, "frac_built": 0.6, "frac_tree": 0.1, "suhii_night_normalized": 1.92, "suhii_night_ml": 1.92, "suhii_night_2031": 2.34, "suhii_night_2041": 3.1 }, "geometry": { "type": "Polygon", "coordinates": [ [ [ 73.838, 18.598 ], [ 73.838, 18.607 ], [ 73.829, 18.607 ], [ 73.829, 18.598 ], [ 73.838, 18.598 ] ] ] } },
{ "type": "Feature", "properties": { "cell_id": "P1320", "suhii_night": 1.92, "lst_day": 38.5, "lst_night": 28.2, "frac_built": 0.6, "frac_tree": 0.1, "suhii_night_normalized": 1.92, "suhii_night_ml": 1.92, "suhii_night_2031": 2.34, "suhii_night_2041": 3.1 }, "geometry": { "type": "Polygon", "coordinates": [ [ [ 73.838, 18.607 ], [ 73.838, 18.616 ], [ 73.829, 18.616 ], [ 73.829, 18.607 ], [ 73.838, 18.607 ] ] ] } },
{ "type": "Feature", "properties": { "cell_id": "P1321", "suhii_night": 1.92, "lst_day": 38.5, "lst_night": 28.2, "frac_built": 0.6, "frac_tree": 0.1, "suhii_night_normalized": 1.92, "suhii_night_ml": 1.92, "suhii_night_2031": 2.34, "suhii_night_2041": 3.1 }, "geometry": { "type": "Polygon", "coordinates": [ [ [ 73.838, 18.616 ], [ 73.838, 18.625 ], [ 73.829, 18.625 ], [ 73.829, 18.616 ], [ 73.838, 18.616 ] ] ] } },
{ "type": "Feature", "properties": { "cell_id": "P1322", "suhii_night": 1.92, "lst_day": 38.5, "lst_night": 28.2, "frac_built": 0.6, "frac_tree": 0.1, "suhii_night_normalized": 1.92, "suhii_night_ml": 1.92, "suhii_night_2031": 2.34, "suhii_night_2041": 3.1 }, "geometry": { "type": "Polygon", "coordinates": [ [ [ 73.838, 18.625 ], [ 73.838, 18.634 ], [ 73.829, 18.634 ], [ 73.829, 18.625 ], [ 73.838, 18.625 ] ] ] } },
{ "type": "Feature", "properties": { "cell_id": "P1323", "suhii_night": 1.92, "lst_day": 38.5, "lst_night": 28.2, "frac_built": 0.6, "frac_tree": 0.1, "suhii_night_normalized": 1.92, "suhii_night_ml": 1.92, "suhii_night_2031": 2.34, "suhii_night_2041": 3.1 }, "geometry": { "type": "Polygon", "coordinates": [ [ [ 73.838, 18.634 ], [ 73.838, 18.643 ], [ 73.829, 18.643 ], [ 73.829, 18.634 ], [ 73.838, 18.634 ] ] ] } },
{ "type": "Feature", "properties": { "cell_id": "P1324", "suhii_night": 1.92, "lst_day": 38.5, "lst_night": 28.2, "frac_built": 0.6, "frac_tree": 0.1, "suhii_night_normalized": 1.92, "suhii_night_ml": 1.92, "suhii_night_2031": 2.34, "suhii_night_2041": 3.1 }, "geometry": { "type": "Polygon", "coordinates": [ [ [ 73.847, 18.4 ], [ 73.847, 18.409 ], [ 73.838, 18.409 ], [ 73.838, 18.4 ], [ 73.847, 18.4 ] ] ] } },
{ "type": "Feature", "properties": { "cell_id": "P1325", "suhii_night": 1.92, "lst_day": 38.5, "lst_night": 28.2, "frac_built": 0.6, "frac_tree": 0.1, "suhii_night_normalized": 1.92, "suhii_night_ml": 1.92, "suhii_night_2031": 2.34, "suhii_night_2041": 3.1 }, "geometry": { "type": "Polygon", "coordinates": [ [ [ 73.847, 18.409 ], [ 73.847, 18.418 ], [ 73.838, 18.418 ], [ 73.838, 18.409 ], [ 73.847, 18.409 ] ] ] } },
{ "type": "Feature", "properties": { "cell_id": "P1326", "suhii_night": 1.92, "lst_day": 38.5, "lst_night": 28.2, "frac_built": 0.6, "frac_tree": 0.1, "suhii_night_normalized": 1.92, "suhii_night_ml": 1.92, "suhii_night_2031": 2.34, "suhii_night_2041": 3.1 }, "geometry": { "type": "Polygon", "coordinates": [ [ [ 73.847, 18.418 ], [ 73.847, 18.427 ], [ 73.838, 18.427 ], [ 73.838, 18.418 ], [ 73.847, 18.418 ] ] ] } },
{ "type": "Feature", "properties": { "cell_id": "P1327", "suhii_night": 1.92, "lst_day": 38.5, "lst_night": 28.2, "frac_built": 0.6, "frac_tree": 0.1, "suhii_night_normalized": 1.92, "suhii_night_ml": 1.92, "suhii_night_2031": 2.34, "suhii_night_2041": 3.1 }, "geometry": { "type": "Polygon", "coordinates": [ [ [ 73.847, 18.427 ], [ 73.847, 18.436 ], [ 73.838, 18.436 ], [ 73.838, 18.427 ], [ 73.847, 18.427 ] ] ] } },
{ "type": "Feature", "properties": { "cell_id": "P1328", "suhii_night": 1.92, "lst_day": 38.5, "lst_night": 28.2, "frac_built": 0.6, "frac_tree": 0.1, "suhii_night_normalized": 1.92, "suhii_night_ml": 1.92, "suhii_night_2031": 2.34, "suhii_night_2041": 3.1 }, "geometry": { "type": "Polygon", "coordinates": [ [ [ 73.847, 18.436 ], [ 73.847, 18.445 ], [ 73.838, 18.445 ], [ 73.838, 18.436 ], [ 73.847, 18.436 ] ] ] } },
{ "type": "Feature", "properties": { "cell_id": "P1329", "suhii_night": 1.92, "lst_day": 38.5, "lst_night": 28.2, "frac_built": 0.6, "frac_tree": 0.1, "suhii_night_normalized": 1.92, "suhii_night_ml": 1.92, "suhii_night_2031": 2.34, "suhii_night_2041": 3.1 }, "geometry": { "type": "Polygon", "coordinates": [ [ [ 73.847, 18.445 ], [ 73.847, 18.454 ], [ 73.838, 18.454 ], [ 73.838, 18.445 ], [ 73.847, 18.445 ] ] ] } },
{ "type": "Feature", "properties": { "cell_id": "P1330", "suhii_night": 1.92, "lst_day": 38.5, "lst_night": 28.2, "frac_built": 0.6, "frac_tree": 0.1, "suhii_night_normalized": 1.92, "suhii_night_ml": 1.92, "suhii_night_2031": 2.34, "suhii_night_2041": 3.1 }, "geometry": { "type": "Polygon", "coordinates": [ [ [ 73.847, 18.454 ], [ 73.847, 18.463 ], [ 73.838, 18.463 ], [ 73.838, 18.454 ], [ 73.847, 18.454 ] ] ] } },
{ "type": "Feature", "properties": { "cell_id": "P1331", "suhii_night": 1.92, "lst_day": 38.5, "lst_night": 28.2, "frac_built": 0.6, "frac_tree": 0.1, "suhii_night_normalized": 1.92, "suhii_night_ml": 1.92, "suhii_night_2031": 2.34, "suhii_night_2041": 3.1 }, "geometry": { "type": "Polygon", "coordinates": [ [ [ 73.847, 18.463 ], [ 73.847, 18.472 ], [ 73.838, 18.472 ], [ 73.838, 18.463 ], [ 73.847, 18.463 ] ] ] } },
{ "type": "Feature", "properties": { "cell_id": "P1332", "suhii_night": 1.92, "lst_day": 38.5, "lst_night": 28.2, "frac_built": 0.6, "frac_tree": 0.1, "suhii_night_normalized": 1.92, "suhii_night_ml": 1.92, "suhii_night_2031": 2.34, "suhii_night_2041": 3.1 }, "geometry": { "type": "Polygon", "coordinates": [ [ [ 73.847, 18.472 ], [ 73.847, 18.481 ], [ 73.838, 18.481 ], [ 73.838, 18.472 ], [ 73.847, 18.472 ] ] ] } },
{ "type": "Feature", "properties": { "cell_id": "P1333", "suhii_night": 1.92, "lst_day": 38.5, "lst_night": 28.2, "frac_built": 0.6, "frac_tree": 0.1, "suhii_night_normalized": 1.92, "suhii_night_ml": 1.92, "suhii_night_2031": 2.34, "suhii_night_2041": 3.1 }, "geometry": { "type": "Polygon", "coordinates": [ [ [ 73.847, 18.481 ], [ 73.847, 18.49 ], [ 73.838, 18.49 ], [ 73.838, 18.481 ], [ 73.847, 18.481 ] ] ] } },
{ "type": "Feature", "properties": { "cell_id": "P1334", "suhii_night": 1.92, "lst_day": 38.5, "lst_night": 28.2, "frac_built": 0.6, "frac_tree": 0.1, "suhii_night_normalized": 1.92, "suhii_night_ml": 1.92, "suhii_night_2031": 2.34, "suhii_night_2041": 3.1 }, "geometry": { "type": "Polygon", "coordinates": [ [ [ 73.847, 18.49 ], [ 73.847, 18.499 ], [ 73.838, 18.499 ], [ 73.838, 18.49 ], [ 73.847, 18.49 ] ] ] } },
{ "type": "Feature", "properties": { "cell_id": "P1335", "suhii_night": 1.92, "lst_day": 38.5, "lst_night": 28.2, "frac_built": 0.6, "frac_tree": 0.1, "suhii_night_normalized": 1.92, "suhii_night_ml": 1.92, "suhii_night_2031": 2.34, "suhii_night_2041": 3.1 }, "geometry": { "type": "Polygon", "coordinates": [ [ [ 73.847, 18.499 ], [ 73.847, 18.508 ], [ 73.838, 18.508 ], [ 73.838, 18.499 ], [ 73.847, 18.499 ] ] ] } },
{ "type": "Feature", "properties": { "cell_id": "P1336", "suhii_night": 1.92, "lst_day": 38.5, "lst_night": 28.2, "frac_built": 0.6, "frac_tree": 0.1, "suhii_night_normalized": 1.92, "suhii_night_ml": 1.92, "suhii_night_2031": 2.34, "suhii_night_2041": 3.1 }, "geometry": { "type": "Polygon", "coordinates": [ [ [ 73.847, 18.508 ], [ 73.847, 18.517 ], [ 73.838, 18.517 ], [ 73.838, 18.508 ], [ 73.847, 18.508 ] ] ] } },
{ "type": "Feature", "properties": { "cell_id": "P1337", "suhii_night": 1.92, "lst_day": 38.5, "lst_night": 28.2, "frac_built": 0.6, "frac_tree": 0.1, "suhii_night_normalized": 1.92, "suhii_night_ml": 1.92, "suhii_night_2031": 2.34, "suhii_night_2041": 3.1 }, "geometry": { "type": "Polygon", "coordinates": [ [ [ 73.847, 18.517 ], [ 73.847, 18.526 ], [ 73.838, 18.526 ], [ 73.838, 18.517 ], [ 73.847, 18.517 ] ] ] } },
{ "type": "Feature", "properties": { "cell_id": "P1338", "suhii_night": 1.92, "lst_day": 38.5, "lst_night": 28.2, "frac_built": 0.6, "frac_tree": 0.1, "suhii_night_normalized": 1.92, "suhii_night_ml": 1.92, "suhii_night_2031": 2.34, "suhii_night_2041": 3.1 }, "geometry": { "type": "Polygon", "coordinates": [ [ [ 73.847, 18.526 ], [ 73.847, 18.535 ], [ 73.838, 18.535 ], [ 73.838, 18.526 ], [ 73.847, 18.526 ] ] ] } },
{ "type": "Feature", "properties": { "cell_id": "P1339", "suhii_night": 1.92, "lst_day": 38.5, "lst_night": 28.2, "frac_built": 0.6, "frac_tree": 0.1, "suhii_night_normalized": 1.92, "suhii_night_ml": 1.92, "suhii_night_2031": 2.34, "suhii_night_2041": 3.1 }, "geometry": { "type": "Polygon", "coordinates": [ [ [ 73.847, 18.535 ], [ 73.847, 18.544 ], [ 73.838, 18.544 ], [ 73.838, 18.535 ], [ 73.847, 18.535 ] ] ] } },
{ "type": "Feature", "properties": { "cell_id": "P1340", "suhii_night": 1.92, "lst_day": 38.5, "lst_night": 28.2, "frac_built": 0.6, "frac_tree": 0.1, "suhii_night_normalized": 1.92, "suhii_night_ml": 1.92, "suhii_night_2031": 2.34, "suhii_night_2041": 3.1 }, "geometry": { "type": "Polygon", "coordinates": [ [ [ 73.847, 18.544 ], [ 73.847, 18.553 ], [ 73.838, 18.553 ], [ 73.838, 18.544 ], [ 73.847, 18.544 ] ] ] } },
{ "type": "Feature", "properties": { "cell_id": "P1341", "suhii_night": 1.92, "lst_day": 38.5, "lst_night": 28.2, "frac_built": 0.6, "frac_tree": 0.1, "suhii_night_normalized": 1.92, "suhii_night_ml": 1.92, "suhii_night_2031": 2.34, "suhii_night_2041": 3.1 }, "geometry": { "type": "Polygon", "coordinates": [ [ [ 73.847, 18.553 ], [ 73.847, 18.562 ], [ 73.838, 18.562 ], [ 73.838, 18.553 ], [ 73.847, 18.553 ] ] ] } },
{ "type": "Feature", "properties": { "cell_id": "P1342", "suhii_night": 1.92, "lst_day": 38.5, "lst_night": 28.2, "frac_built": 0.6, "frac_tree": 0.1, "suhii_night_normalized": 1.92, "suhii_night_ml": 1.92, "suhii_night_2031": 2.34, "suhii_night_2041": 3.1 }, "geometry": { "type": "Polygon", "coordinates": [ [ [ 73.847, 18.562 ], [ 73.847, 18.571 ], [ 73.838, 18.571 ], [ 73.838, 18.562 ], [ 73.847, 18.562 ] ] ] } },
{ "type": "Feature", "properties": { "cell_id": "P1343", "suhii_night": 1.92, "lst_day": 38.5, "lst_night": 28.2, "frac_built": 0.6, "frac_tree": 0.1, "suhii_night_normalized": 1.92, "suhii_night_ml": 1.92, "suhii_night_2031": 2.34, "suhii_night_2041": 3.1 }, "geometry": { "type": "Polygon", "coordinates": [ [ [ 73.847, 18.571 ], [ 73.847, 18.58 ], [ 73.838, 18.58 ], [ 73.838, 18.571 ], [ 73.847, 18.571 ] ] ] } },
{ "type": "Feature", "properties": { "cell_id": "P1344", "suhii_night": 1.92, "lst_day": 38.5, "lst_night": 28.2, "frac_built": 0.6, "frac_tree": 0.1, "suhii_night_normalized": 1.92, "suhii_night_ml": 1.92, "suhii_night_2031": 2.34, "suhii_night_2041": 3.1 }, "geometry": { "type": "Polygon", "coordinates": [ [ [ 73.847, 18.58 ], [ 73.847, 18.589 ], [ 73.838, 18.589 ], [ 73.838, 18.58 ], [ 73.847, 18.58 ] ] ] } },
{ "type": "Feature", "properties": { "cell_id": "P1345", "suhii_night": 1.92, "lst_day": 38.5, "lst_night": 28.2, "frac_built": 0.6, "frac_tree": 0.1, "suhii_night_normalized": 1.92, "suhii_night_ml": 1.92, "suhii_night_2031": 2.34, "suhii_night_2041": 3.1 }, "geometry": { "type": "Polygon", "coordinates": [ [ [ 73.847, 18.589 ], [ 73.847, 18.598 ], [ 73.838, 18.598 ], [ 73.838, 18.589 ], [ 73.847, 18.589 ] ] ] } },
{ "type": "Feature", "properties": { "cell_id": "P1346", "suhii_night": 1.92, "lst_day": 38.5, "lst_night": 28.2, "frac_built": 0.6, "frac_tree": 0.1, "suhii_night_normalized": 1.92, "suhii_night_ml": 1.92, "suhii_night_2031": 2.34, "suhii_night_2041": 3.1 }, "geometry": { "type": "Polygon", "coordinates": [ [ [ 73.847, 18.598 ], [ 73.847, 18.607 ], [ 73.838, 18.607 ], [ 73.838, 18.598 ], [ 73.847, 18.598 ] ] ] } },
{ "type": "Feature", "properties": { "cell_id": "P1347", "suhii_night": 1.92, "lst_day": 38.5, "lst_night": 28.2, "frac_built": 0.6, "frac_tree": 0.1, "suhii_night_normalized": 1.92, "suhii_night_ml": 1.92, "suhii_night_2031": 2.34, "suhii_night_2041": 3.1 }, "geometry": { "type": "Polygon", "coordinates": [ [ [ 73.847, 18.607 ], [ 73.847, 18.616 ], [ 73.838, 18.616 ], [ 73.838, 18.607 ], [ 73.847, 18.607 ] ] ] } },
{ "type": "Feature", "properties": { "cell_id": "P1348", "suhii_night": 1.92, "lst_day": 38.5, "lst_night": 28.2, "frac_built": 0.6, "frac_tree": 0.1, "suhii_night_normalized": 1.92, "suhii_night_ml": 1.92, "suhii_night_2031": 2.34, "suhii_night_2041": 3.1 }, "geometry": { "type": "Polygon", "coordinates": [ [ [ 73.847, 18.616 ], [ 73.847, 18.625 ], [ 73.838, 18.625 ], [ 73.838, 18.616 ], [ 73.847, 18.616 ] ] ] } },
{ "type": "Feature", "properties": { "cell_id": "P1349", "suhii_night": 1.92, "lst_day": 38.5, "lst_night": 28.2, "frac_built": 0.6, "frac_tree": 0.1, "suhii_night_normalized": 1.92, "suhii_night_ml": 1.92, "suhii_night_2031": 2.34, "suhii_night_2041": 3.1 }, "geometry": { "type": "Polygon", "coordinates": [ [ [ 73.847, 18.625 ], [ 73.847, 18.634 ], [ 73.838, 18.634 ], [ 73.838, 18.625 ], [ 73.847, 18.625 ] ] ] } },
{ "type": "Feature", "properties": { "cell_id": "P1350", "suhii_night": 1.92, "lst_day": 38.5, "lst_night": 28.2, "frac_built": 0.6, "frac_tree": 0.1, "suhii_night_normalized": 1.92, "suhii_night_ml": 1.92, "suhii_night_2031": 2.34, "suhii_night_2041": 3.1 }, "geometry": { "type": "Polygon", "coordinates": [ [ [ 73.847, 18.634 ], [ 73.847, 18.643 ], [ 73.838, 18.643 ], [ 73.838, 18.634 ], [ 73.847, 18.634 ] ] ] } },
{ "type": "Feature", "properties": { "cell_id": "P1351", "suhii_night": 1.92, "lst_day": 38.5, "lst_night": 28.2, "frac_built": 0.6, "frac_tree": 0.1, "suhii_night_normalized": 1.92, "suhii_night_ml": 1.92, "suhii_night_2031": 2.34, "suhii_night_2041": 3.1 }, "geometry": { "type": "Polygon", "coordinates": [ [ [ 73.856, 18.4 ], [ 73.856, 18.409 ], [ 73.847, 18.409 ], [ 73.847, 18.4 ], [ 73.856, 18.4 ] ] ] } },
{ "type": "Feature", "properties": { "cell_id": "P1352", "suhii_night": 1.92, "lst_day": 38.5, "lst_night": 28.2, "frac_built": 0.6, "frac_tree": 0.1, "suhii_night_normalized": 1.92, "suhii_night_ml": 1.92, "suhii_night_2031": 2.34, "suhii_night_2041": 3.1 }, "geometry": { "type": "Polygon", "coordinates": [ [ [ 73.856, 18.409 ], [ 73.856, 18.418 ], [ 73.847, 18.418 ], [ 73.847, 18.409 ], [ 73.856, 18.409 ] ] ] } },
{ "type": "Feature", "properties": { "cell_id": "P1353", "suhii_night": 1.92, "lst_day": 38.5, "lst_night": 28.2, "frac_built": 0.6, "frac_tree": 0.1, "suhii_night_normalized": 1.92, "suhii_night_ml": 1.92, "suhii_night_2031": 2.34, "suhii_night_2041": 3.1 }, "geometry": { "type": "Polygon", "coordinates": [ [ [ 73.856, 18.418 ], [ 73.856, 18.427 ], [ 73.847, 18.427 ], [ 73.847, 18.418 ], [ 73.856, 18.418 ] ] ] } },
{ "type": "Feature", "properties": { "cell_id": "P1354", "suhii_night": 1.92, "lst_day": 38.5, "lst_night": 28.2, "frac_built": 0.6, "frac_tree": 0.1, "suhii_night_normalized": 1.92, "suhii_night_ml": 1.92, "suhii_night_2031": 2.34, "suhii_night_2041": 3.1 }, "geometry": { "type": "Polygon", "coordinates": [ [ [ 73.856, 18.427 ], [ 73.856, 18.436 ], [ 73.847, 18.436 ], [ 73.847, 18.427 ], [ 73.856, 18.427 ] ] ] } },
{ "type": "Feature", "properties": { "cell_id": "P1355", "suhii_night": 1.92, "lst_day": 38.5, "lst_night": 28.2, "frac_built": 0.6, "frac_tree": 0.1, "suhii_night_normalized": 1.92, "suhii_night_ml": 1.92, "suhii_night_2031": 2.34, "suhii_night_2041": 3.1 }, "geometry": { "type": "Polygon", "coordinates": [ [ [ 73.856, 18.436 ], [ 73.856, 18.445 ], [ 73.847, 18.445 ], [ 73.847, 18.436 ], [ 73.856, 18.436 ] ] ] } },
{ "type": "Feature", "properties": { "cell_id": "P1356", "suhii_night": 1.92, "lst_day": 38.5, "lst_night": 28.2, "frac_built": 0.6, "frac_tree": 0.1, "suhii_night_normalized": 1.92, "suhii_night_ml": 1.92, "suhii_night_2031": 2.34, "suhii_night_2041": 3.1 }, "geometry": { "type": "Polygon", "coordinates": [ [ [ 73.856, 18.445 ], [ 73.856, 18.454 ], [ 73.847, 18.454 ], [ 73.847, 18.445 ], [ 73.856, 18.445 ] ] ] } },
{ "type": "Feature", "properties": { "cell_id": "P1357", "suhii_night": 1.92, "lst_day": 38.5, "lst_night": 28.2, "frac_built": 0.6, "frac_tree": 0.1, "suhii_night_normalized": 1.92, "suhii_night_ml": 1.92, "suhii_night_2031": 2.34, "suhii_night_2041": 3.1 }, "geometry": { "type": "Polygon", "coordinates": [ [ [ 73.856, 18.454 ], [ 73.856, 18.463 ], [ 73.847, 18.463 ], [ 73.847, 18.454 ], [ 73.856, 18.454 ] ] ] } },
{ "type": "Feature", "properties": { "cell_id": "P1358", "suhii_night": 1.92, "lst_day": 38.5, "lst_night": 28.2, "frac_built": 0.6, "frac_tree": 0.1, "suhii_night_normalized": 1.92, "suhii_night_ml": 1.92, "suhii_night_2031": 2.34, "suhii_night_2041": 3.1 }, "geometry": { "type": "Polygon", "coordinates": [ [ [ 73.856, 18.463 ], [ 73.856, 18.472 ], [ 73.847, 18.472 ], [ 73.847, 18.463 ], [ 73.856, 18.463 ] ] ] } },
{ "type": "Feature", "properties": { "cell_id": "P1359", "suhii_night": 1.92, "lst_day": 38.5, "lst_night": 28.2, "frac_built": 0.6, "frac_tree": 0.1, "suhii_night_normalized": 1.92, "suhii_night_ml": 1.92, "suhii_night_2031": 2.34, "suhii_night_2041": 3.1 }, "geometry": { "type": "Polygon", "coordinates": [ [ [ 73.856, 18.472 ], [ 73.856, 18.481 ], [ 73.847, 18.481 ], [ 73.847, 18.472 ], [ 73.856, 18.472 ] ] ] } },
{ "type": "Feature", "properties": { "cell_id": "P1360", "suhii_night": 1.92, "lst_day": 38.5, "lst_night": 28.2, "frac_built": 0.6, "frac_tree": 0.1, "suhii_night_normalized": 1.92, "suhii_night_ml": 1.92, "suhii_night_2031": 2.34, "suhii_night_2041": 3.1 }, "geometry": { "type": "Polygon", "coordinates": [ [ [ 73.856, 18.481 ], [ 73.856, 18.49 ], [ 73.847, 18.49 ], [ 73.847, 18.481 ], [ 73.856, 18.481 ] ] ] } },
{ "type": "Feature", "properties": { "cell_id": "P1361", "suhii_night": 1.92, "lst_day": 38.5, "lst_night": 28.2, "frac_built": 0.6, "frac_tree": 0.1, "suhii_night_normalized": 1.92, "suhii_night_ml": 1.92, "suhii_night_2031": 2.34, "suhii_night_2041": 3.1 }, "geometry": { "type": "Polygon", "coordinates": [ [ [ 73.856, 18.49 ], [ 73.856, 18.499 ], [ 73.847, 18.499 ], [ 73.847, 18.49 ], [ 73.856, 18.49 ] ] ] } },
{ "type": "Feature", "properties": { "cell_id": "P1362", "suhii_night": 1.92, "lst_day": 38.5, "lst_night": 28.2, "frac_built": 0.6, "frac_tree": 0.1, "suhii_night_normalized": 1.92, "suhii_night_ml": 1.92, "suhii_night_2031": 2.34, "suhii_night_2041": 3.1 }, "geometry": { "type": "Polygon", "coordinates": [ [ [ 73.856, 18.499 ], [ 73.856, 18.508 ], [ 73.847, 18.508 ], [ 73.847, 18.499 ], [ 73.856, 18.499 ] ] ] } },
{ "type": "Feature", "properties": { "cell_id": "P1363", "suhii_night": 1.92, "lst_day": 38.5, "lst_night": 28.2, "frac_built": 0.6, "frac_tree": 0.1, "suhii_night_normalized": 1.92, "suhii_night_ml": 1.92, "suhii_night_2031": 2.34, "suhii_night_2041": 3.1 }, "geometry": { "type": "Polygon", "coordinates": [ [ [ 73.856, 18.508 ], [ 73.856, 18.517 ], [ 73.847, 18.517 ], [ 73.847, 18.508 ], [ 73.856, 18.508 ] ] ] } },
{ "type": "Feature", "properties": { "cell_id": "P1364", "suhii_night": 1.92, "lst_day": 38.5, "lst_night": 28.2, "frac_built": 0.6, "frac_tree": 0.1, "suhii_night_normalized": 1.92, "suhii_night_ml": 1.92, "suhii_night_2031": 2.34, "suhii_night_2041": 3.1 }, "geometry": { "type": "Polygon", "coordinates": [ [ [ 73.856, 18.517 ], [ 73.856, 18.526 ], [ 73.847, 18.526 ], [ 73.847, 18.517 ], [ 73.856, 18.517 ] ] ] } },
{ "type": "Feature", "properties": { "cell_id": "P1365", "suhii_night": 1.92, "lst_day": 38.5, "lst_night": 28.2, "frac_built": 0.6, "frac_tree": 0.1, "suhii_night_normalized": 1.92, "suhii_night_ml": 1.92, "suhii_night_2031": 2.34, "suhii_night_2041": 3.1 }, "geometry": { "type": "Polygon", "coordinates": [ [ [ 73.856, 18.526 ], [ 73.856, 18.535 ], [ 73.847, 18.535 ], [ 73.847, 18.526 ], [ 73.856, 18.526 ] ] ] } },
{ "type": "Feature", "properties": { "cell_id": "P1366", "suhii_night": 1.92, "lst_day": 38.5, "lst_night": 28.2, "frac_built": 0.6, "frac_tree": 0.1, "suhii_night_normalized": 1.92, "suhii_night_ml": 1.92, "suhii_night_2031": 2.34, "suhii_night_2041": 3.1 }, "geometry": { "type": "Polygon", "coordinates": [ [ [ 73.856, 18.535 ], [ 73.856, 18.544 ], [ 73.847, 18.544 ], [ 73.847, 18.535 ], [ 73.856, 18.535 ] ] ] } },
{ "type": "Feature", "properties": { "cell_id": "P1367", "suhii_night": 1.92, "lst_day": 38.5, "lst_night": 28.2, "frac_built": 0.6, "frac_tree": 0.1, "suhii_night_normalized": 1.92, "suhii_night_ml": 1.92, "suhii_night_2031": 2.34, "suhii_night_2041": 3.1 }, "geometry": { "type": "Polygon", "coordinates": [ [ [ 73.856, 18.544 ], [ 73.856, 18.553 ], [ 73.847, 18.553 ], [ 73.847, 18.544 ], [ 73.856, 18.544 ] ] ] } },
{ "type": "Feature", "properties": { "cell_id": "P1368", "suhii_night": 1.92, "lst_day": 38.5, "lst_night": 28.2, "frac_built": 0.6, "frac_tree": 0.1, "suhii_night_normalized": 1.92, "suhii_night_ml": 1.92, "suhii_night_2031": 2.34, "suhii_night_2041": 3.1 }, "geometry": { "type": "Polygon", "coordinates": [ [ [ 73.856, 18.553 ], [ 73.856, 18.562 ], [ 73.847, 18.562 ], [ 73.847, 18.553 ], [ 73.856, 18.553 ] ] ] } },
{ "type": "Feature", "properties": { "cell_id": "P1369", "suhii_night": 1.92, "lst_day": 38.5, "lst_night": 28.2, "frac_built": 0.6, "frac_tree": 0.1, "suhii_night_normalized": 1.92, "suhii_night_ml": 1.92, "suhii_night_2031": 2.34, "suhii_night_2041": 3.1 }, "geometry": { "type": "Polygon", "coordinates": [ [ [ 73.856, 18.562 ], [ 73.856, 18.571 ], [ 73.847, 18.571 ], [ 73.847, 18.562 ], [ 73.856, 18.562 ] ] ] } },
{ "type": "Feature", "properties": { "cell_id": "P1370", "suhii_night": 1.92, "lst_day": 38.5, "lst_night": 28.2, "frac_built": 0.6, "frac_tree": 0.1, "suhii_night_normalized": 1.92, "suhii_night_ml": 1.92, "suhii_night_2031": 2.34, "suhii_night_2041": 3.1 }, "geometry": { "type": "Polygon", "coordinates": [ [ [ 73.856, 18.571 ], [ 73.856, 18.58 ], [ 73.847, 18.58 ], [ 73.847, 18.571 ], [ 73.856, 18.571 ] ] ] } },
{ "type": "Feature", "properties": { "cell_id": "P1371", "suhii_night": 1.92, "lst_day": 38.5, "lst_night": 28.2, "frac_built": 0.6, "frac_tree": 0.1, "suhii_night_normalized": 1.92, "suhii_night_ml": 1.92, "suhii_night_2031": 2.34, "suhii_night_2041": 3.1 }, "geometry": { "type": "Polygon", "coordinates": [ [ [ 73.856, 18.58 ], [ 73.856, 18.589 ], [ 73.847, 18.589 ], [ 73.847, 18.58 ], [ 73.856, 18.58 ] ] ] } },
{ "type": "Feature", "properties": { "cell_id": "P1372", "suhii_night": 1.92, "lst_day": 38.5, "lst_night": 28.2, "frac_built": 0.6, "frac_tree": 0.1, "suhii_night_normalized": 1.92, "suhii_night_ml": 1.92, "suhii_night_2031": 2.34, "suhii_night_2041": 3.1 }, "geometry": { "type": "Polygon", "coordinates": [ [ [ 73.856, 18.589 ], [ 73.856, 18.598 ], [ 73.847, 18.598 ], [ 73.847, 18.589 ], [ 73.856, 18.589 ] ] ] } },
{ "type": "Feature", "properties": { "cell_id": "P1373", "suhii_night": 1.92, "lst_day": 38.5, "lst_night": 28.2, "frac_built": 0.6, "frac_tree": 0.1, "suhii_night_normalized": 1.92, "suhii_night_ml": 1.92, "suhii_night_2031": 2.34, "suhii_night_2041": 3.1 }, "geometry": { "type": "Polygon", "coordinates": [ [ [ 73.856, 18.598 ], [ 73.856, 18.607 ], [ 73.847, 18.607 ], [ 73.847, 18.598 ], [ 73.856, 18.598 ] ] ] } },
{ "type": "Feature", "properties": { "cell_id": "P1374", "suhii_night": 1.92, "lst_day": 38.5, "lst_night": 28.2, "frac_built": 0.6, "frac_tree": 0.1, "suhii_night_normalized": 1.92, "suhii_night_ml": 1.92, "suhii_night_2031": 2.34, "suhii_night_2041": 3.1 }, "geometry": { "type": "Polygon", "coordinates": [ [ [ 73.856, 18.607 ], [ 73.856, 18.616 ], [ 73.847, 18.616 ], [ 73.847, 18.607 ], [ 73.856, 18.607 ] ] ] } },
{ "type": "Feature", "properties": { "cell_id": "P1375", "suhii_night": 1.92, "lst_day": 38.5, "lst_night": 28.2, "frac_built": 0.6, "frac_tree": 0.1, "suhii_night_normalized": 1.92, "suhii_night_ml": 1.92, "suhii_night_2031": 2.34, "suhii_night_2041": 3.1 }, "geometry": { "type": "Polygon", "coordinates": [ [ [ 73.856, 18.616 ], [ 73.856, 18.625 ], [ 73.847, 18.625 ], [ 73.847, 18.616 ], [ 73.856, 18.616 ] ] ] } },
{ "type": "Feature", "properties": { "cell_id": "P1376", "suhii_night": 1.92, "lst_day": 38.5, "lst_night": 28.2, "frac_built": 0.6, "frac_tree": 0.1, "suhii_night_normalized": 1.92, "suhii_night_ml": 1.92, "suhii_night_2031": 2.34, "suhii_night_2041": 3.1 }, "geometry": { "type": "Polygon", "coordinates": [ [ [ 73.856, 18.625 ], [ 73.856, 18.634 ], [ 73.847, 18.634 ], [ 73.847, 18.625 ], [ 73.856, 18.625 ] ] ] } },
{ "type": "Feature", "properties": { "cell_id": "P1377", "suhii_night": 1.92, "lst_day": 38.5, "lst_night": 28.2, "frac_built": 0.6, "frac_tree": 0.1, "suhii_night_normalized": 1.92, "suhii_night_ml": 1.92, "suhii_night_2031": 2.34, "suhii_night_2041": 3.1 }, "geometry": { "type": "Polygon", "coordinates": [ [ [ 73.856, 18.634 ], [ 73.856, 18.643 ], [ 73.847, 18.643 ], [ 73.847, 18.634 ], [ 73.856, 18.634 ] ] ] } },
{ "type": "Feature", "properties": { "cell_id": "P1378", "suhii_night": 1.92, "lst_day": 38.5, "lst_night": 28.2, "frac_built": 0.6, "frac_tree": 0.1, "suhii_night_normalized": 1.92, "suhii_night_ml": 1.92, "suhii_night_2031": 2.34, "suhii_night_2041": 3.1 }, "geometry": { "type": "Polygon", "coordinates": [ [ [ 73.865, 18.4 ], [ 73.865, 18.409 ], [ 73.856, 18.409 ], [ 73.856, 18.4 ], [ 73.865, 18.4 ] ] ] } },
{ "type": "Feature", "properties": { "cell_id": "P1379", "suhii_night": 1.92, "lst_day": 38.5, "lst_night": 28.2, "frac_built": 0.6, "frac_tree": 0.1, "suhii_night_normalized": 1.92, "suhii_night_ml": 1.92, "suhii_night_2031": 2.34, "suhii_night_2041": 3.1 }, "geometry": { "type": "Polygon", "coordinates": [ [ [ 73.865, 18.409 ], [ 73.865, 18.418 ], [ 73.856, 18.418 ], [ 73.856, 18.409 ], [ 73.865, 18.409 ] ] ] } },
{ "type": "Feature", "properties": { "cell_id": "P1380", "suhii_night": 1.92, "lst_day": 38.5, "lst_night": 28.2, "frac_built": 0.6, "frac_tree": 0.1, "suhii_night_normalized": 1.92, "suhii_night_ml": 1.92, "suhii_night_2031": 2.34, "suhii_night_2041": 3.1 }, "geometry": { "type": "Polygon", "coordinates": [ [ [ 73.865, 18.418 ], [ 73.865, 18.427 ], [ 73.856, 18.427 ], [ 73.856, 18.418 ], [ 73.865, 18.418 ] ] ] } },
{ "type": "Feature", "properties": { "cell_id": "P1381", "suhii_night": 1.92, "lst_day": 38.5, "lst_night": 28.2, "frac_built": 0.6, "frac_tree": 0.1, "suhii_night_normalized": 1.92, "suhii_night_ml": 1.92, "suhii_night_2031": 2.34, "suhii_night_2041": 3.1 }, "geometry": { "type": "Polygon", "coordinates": [ [ [ 73.865, 18.427 ], [ 73.865, 18.436 ], [ 73.856, 18.436 ], [ 73.856, 18.427 ], [ 73.865, 18.427 ] ] ] } },
{ "type": "Feature", "properties": { "cell_id": "P1382", "suhii_night": 1.92, "lst_day": 38.5, "lst_night": 28.2, "frac_built": 0.6, "frac_tree": 0.1, "suhii_night_normalized": 1.92, "suhii_night_ml": 1.92, "suhii_night_2031": 2.34, "suhii_night_2041": 3.1 }, "geometry": { "type": "Polygon", "coordinates": [ [ [ 73.865, 18.436 ], [ 73.865, 18.445 ], [ 73.856, 18.445 ], [ 73.856, 18.436 ], [ 73.865, 18.436 ] ] ] } },
{ "type": "Feature", "properties": { "cell_id": "P1383", "suhii_night": 1.92, "lst_day": 38.5, "lst_night": 28.2, "frac_built": 0.6, "frac_tree": 0.1, "suhii_night_normalized": 1.92, "suhii_night_ml": 1.92, "suhii_night_2031": 2.34, "suhii_night_2041": 3.1 }, "geometry": { "type": "Polygon", "coordinates": [ [ [ 73.865, 18.445 ], [ 73.865, 18.454 ], [ 73.856, 18.454 ], [ 73.856, 18.445 ], [ 73.865, 18.445 ] ] ] } },
{ "type": "Feature", "properties": { "cell_id": "P1384", "suhii_night": 1.92, "lst_day": 38.5, "lst_night": 28.2, "frac_built": 0.6, "frac_tree": 0.1, "suhii_night_normalized": 1.92, "suhii_night_ml": 1.92, "suhii_night_2031": 2.34, "suhii_night_2041": 3.1 }, "geometry": { "type": "Polygon", "coordinates": [ [ [ 73.865, 18.454 ], [ 73.865, 18.463 ], [ 73.856, 18.463 ], [ 73.856, 18.454 ], [ 73.865, 18.454 ] ] ] } },
{ "type": "Feature", "properties": { "cell_id": "P1385", "suhii_night": 1.92, "lst_day": 38.5, "lst_night": 28.2, "frac_built": 0.6, "frac_tree": 0.1, "suhii_night_normalized": 1.92, "suhii_night_ml": 1.92, "suhii_night_2031": 2.34, "suhii_night_2041": 3.1 }, "geometry": { "type": "Polygon", "coordinates": [ [ [ 73.865, 18.463 ], [ 73.865, 18.472 ], [ 73.856, 18.472 ], [ 73.856, 18.463 ], [ 73.865, 18.463 ] ] ] } },
{ "type": "Feature", "properties": { "cell_id": "P1386", "suhii_night": 1.92, "lst_day": 38.5, "lst_night": 28.2, "frac_built": 0.6, "frac_tree": 0.1, "suhii_night_normalized": 1.92, "suhii_night_ml": 1.92, "suhii_night_2031": 2.34, "suhii_night_2041": 3.1 }, "geometry": { "type": "Polygon", "coordinates": [ [ [ 73.865, 18.472 ], [ 73.865, 18.481 ], [ 73.856, 18.481 ], [ 73.856, 18.472 ], [ 73.865, 18.472 ] ] ] } },
{ "type": "Feature", "properties": { "cell_id": "P1387", "suhii_night": 1.92, "lst_day": 38.5, "lst_night": 28.2, "frac_built": 0.6, "frac_tree": 0.1, "suhii_night_normalized": 1.92, "suhii_night_ml": 1.92, "suhii_night_2031": 2.34, "suhii_night_2041": 3.1 }, "geometry": { "type": "Polygon", "coordinates": [ [ [ 73.865, 18.481 ], [ 73.865, 18.49 ], [ 73.856, 18.49 ], [ 73.856, 18.481 ], [ 73.865, 18.481 ] ] ] } },
{ "type": "Feature", "properties": { "cell_id": "P1388", "suhii_night": 1.92, "lst_day": 38.5, "lst_night": 28.2, "frac_built": 0.6, "frac_tree": 0.1, "suhii_night_normalized": 1.92, "suhii_night_ml": 1.92, "suhii_night_2031": 2.34, "suhii_night_2041": 3.1 }, "geometry": { "type": "Polygon", "coordinates": [ [ [ 73.865, 18.49 ], [ 73.865, 18.499 ], [ 73.856, 18.499 ], [ 73.856, 18.49 ], [ 73.865, 18.49 ] ] ] } },
{ "type": "Feature", "properties": { "cell_id": "P1389", "suhii_night": 1.92, "lst_day": 38.5, "lst_night": 28.2, "frac_built": 0.6, "frac_tree": 0.1, "suhii_night_normalized": 1.92, "suhii_night_ml": 1.92, "suhii_night_2031": 2.34, "suhii_night_2041": 3.1 }, "geometry": { "type": "Polygon", "coordinates": [ [ [ 73.865, 18.499 ], [ 73.865, 18.508 ], [ 73.856, 18.508 ], [ 73.856, 18.499 ], [ 73.865, 18.499 ] ] ] } },
{ "type": "Feature", "properties": { "cell_id": "P1390", "suhii_night": 1.92, "lst_day": 38.5, "lst_night": 28.2, "frac_built": 0.6, "frac_tree": 0.1, "suhii_night_normalized": 1.92, "suhii_night_ml": 1.92, "suhii_night_2031": 2.34, "suhii_night_2041": 3.1 }, "geometry": { "type": "Polygon", "coordinates": [ [ [ 73.865, 18.508 ], [ 73.865, 18.517 ], [ 73.856, 18.517 ], [ 73.856, 18.508 ], [ 73.865, 18.508 ] ] ] } },
{ "type": "Feature", "properties": { "cell_id": "P1391", "suhii_night": 1.92, "lst_day": 38.5, "lst_night": 28.2, "frac_built": 0.6, "frac_tree": 0.1, "suhii_night_normalized": 1.92, "suhii_night_ml": 1.92, "suhii_night_2031": 2.34, "suhii_night_2041": 3.1 }, "geometry": { "type": "Polygon", "coordinates": [ [ [ 73.865, 18.517 ], [ 73.865, 18.526 ], [ 73.856, 18.526 ], [ 73.856, 18.517 ], [ 73.865, 18.517 ] ] ] } },
{ "type": "Feature", "properties": { "cell_id": "P1392", "suhii_night": 1.92, "lst_day": 38.5, "lst_night": 28.2, "frac_built": 0.6, "frac_tree": 0.1, "suhii_night_normalized": 1.92, "suhii_night_ml": 1.92, "suhii_night_2031": 2.34, "suhii_night_2041": 3.1 }, "geometry": { "type": "Polygon", "coordinates": [ [ [ 73.865, 18.526 ], [ 73.865, 18.535 ], [ 73.856, 18.535 ], [ 73.856, 18.526 ], [ 73.865, 18.526 ] ] ] } },
{ "type": "Feature", "properties": { "cell_id": "P1393", "suhii_night": 1.92, "lst_day": 38.5, "lst_night": 28.2, "frac_built": 0.6, "frac_tree": 0.1, "suhii_night_normalized": 1.92, "suhii_night_ml": 1.92, "suhii_night_2031": 2.34, "suhii_night_2041": 3.1 }, "geometry": { "type": "Polygon", "coordinates": [ [ [ 73.865, 18.535 ], [ 73.865, 18.544 ], [ 73.856, 18.544 ], [ 73.856, 18.535 ], [ 73.865, 18.535 ] ] ] } },
{ "type": "Feature", "properties": { "cell_id": "P1394", "suhii_night": 1.92, "lst_day": 38.5, "lst_night": 28.2, "frac_built": 0.6, "frac_tree": 0.1, "suhii_night_normalized": 1.92, "suhii_night_ml": 1.92, "suhii_night_2031": 2.34, "suhii_night_2041": 3.1 }, "geometry": { "type": "Polygon", "coordinates": [ [ [ 73.865, 18.544 ], [ 73.865, 18.553 ], [ 73.856, 18.553 ], [ 73.856, 18.544 ], [ 73.865, 18.544 ] ] ] } },
{ "type": "Feature", "properties": { "cell_id": "P1395", "suhii_night": 1.92, "lst_day": 38.5, "lst_night": 28.2, "frac_built": 0.6, "frac_tree": 0.1, "suhii_night_normalized": 1.92, "suhii_night_ml": 1.92, "suhii_night_2031": 2.34, "suhii_night_2041": 3.1 }, "geometry": { "type": "Polygon", "coordinates": [ [ [ 73.865, 18.553 ], [ 73.865, 18.562 ], [ 73.856, 18.562 ], [ 73.856, 18.553 ], [ 73.865, 18.553 ] ] ] } },
{ "type": "Feature", "properties": { "cell_id": "P1396", "suhii_night": 1.92, "lst_day": 38.5, "lst_night": 28.2, "frac_built": 0.6, "frac_tree": 0.1, "suhii_night_normalized": 1.92, "suhii_night_ml": 1.92, "suhii_night_2031": 2.34, "suhii_night_2041": 3.1 }, "geometry": { "type": "Polygon", "coordinates": [ [ [ 73.865, 18.562 ], [ 73.865, 18.571 ], [ 73.856, 18.571 ], [ 73.856, 18.562 ], [ 73.865, 18.562 ] ] ] } },
{ "type": "Feature", "properties": { "cell_id": "P1397", "suhii_night": 1.92, "lst_day": 38.5, "lst_night": 28.2, "frac_built": 0.6, "frac_tree": 0.1, "suhii_night_normalized": 1.92, "suhii_night_ml": 1.92, "suhii_night_2031": 2.34, "suhii_night_2041": 3.1 }, "geometry": { "type": "Polygon", "coordinates": [ [ [ 73.865, 18.571 ], [ 73.865, 18.58 ], [ 73.856, 18.58 ], [ 73.856, 18.571 ], [ 73.865, 18.571 ] ] ] } },
{ "type": "Feature", "properties": { "cell_id": "P1398", "suhii_night": 1.92, "lst_day": 38.5, "lst_night": 28.2, "frac_built": 0.6, "frac_tree": 0.1, "suhii_night_normalized": 1.92, "suhii_night_ml": 1.92, "suhii_night_2031": 2.34, "suhii_night_2041": 3.1 }, "geometry": { "type": "Polygon", "coordinates": [ [ [ 73.865, 18.58 ], [ 73.865, 18.589 ], [ 73.856, 18.589 ], [ 73.856, 18.58 ], [ 73.865, 18.58 ] ] ] } },
{ "type": "Feature", "properties": { "cell_id": "P1399", "suhii_night": 1.92, "lst_day": 38.5, "lst_night": 28.2, "frac_built": 0.6, "frac_tree": 0.1, "suhii_night_normalized": 1.92, "suhii_night_ml": 1.92, "suhii_night_2031": 2.34, "suhii_night_2041": 3.1 }, "geometry": { "type": "Polygon", "coordinates": [ [ [ 73.865, 18.589 ], [ 73.865, 18.598 ], [ 73.856, 18.598 ], [ 73.856, 18.589 ], [ 73.865, 18.589 ] ] ] } },
{ "type": "Feature", "properties": { "cell_id": "P1400", "suhii_night": 1.92, "lst_day": 38.5, "lst_night": 28.2, "frac_built": 0.6, "frac_tree": 0.1, "suhii_night_normalized": 1.92, "suhii_night_ml": 1.92, "suhii_night_2031": 2.34, "suhii_night_2041": 3.1 }, "geometry": { "type": "Polygon", "coordinates": [ [ [ 73.865, 18.598 ], [ 73.865, 18.607 ], [ 73.856, 18.607 ], [ 73.856, 18.598 ], [ 73.865, 18.598 ] ] ] } },
{ "type": "Feature", "properties": { "cell_id": "P1401", "suhii_night": 1.92, "lst_day": 38.5, "lst_night": 28.2, "frac_built": 0.6, "frac_tree": 0.1, "suhii_night_normalized": 1.92, "suhii_night_ml": 1.92, "suhii_night_2031": 2.34, "suhii_night_2041": 3.1 }, "geometry": { "type": "Polygon", "coordinates": [ [ [ 73.865, 18.607 ], [ 73.865, 18.616 ], [ 73.856, 18.616 ], [ 73.856, 18.607 ], [ 73.865, 18.607 ] ] ] } },
{ "type": "Feature", "properties": { "cell_id": "P1402", "suhii_night": 1.92, "lst_day": 38.5, "lst_night": 28.2, "frac_built": 0.6, "frac_tree": 0.1, "suhii_night_normalized": 1.92, "suhii_night_ml": 1.92, "suhii_night_2031": 2.34, "suhii_night_2041": 3.1 }, "geometry": { "type": "Polygon", "coordinates": [ [ [ 73.865, 18.616 ], [ 73.865, 18.625 ], [ 73.856, 18.625 ], [ 73.856, 18.616 ], [ 73.865, 18.616 ] ] ] } },
{ "type": "Feature", "properties": { "cell_id": "P1403", "suhii_night": 1.92, "lst_day": 38.5, "lst_night": 28.2, "frac_built": 0.6, "frac_tree": 0.1, "suhii_night_normalized": 1.92, "suhii_night_ml": 1.92, "suhii_night_2031": 2.34, "suhii_night_2041": 3.1 }, "geometry": { "type": "Polygon", "coordinates": [ [ [ 73.865, 18.625 ], [ 73.865, 18.634 ], [ 73.856, 18.634 ], [ 73.856, 18.625 ], [ 73.865, 18.625 ] ] ] } },
{ "type": "Feature", "properties": { "cell_id": "P1404", "suhii_night": 1.92, "lst_day": 38.5, "lst_night": 28.2, "frac_built": 0.6, "frac_tree": 0.1, "suhii_night_normalized": 1.92, "suhii_night_ml": 1.92, "suhii_night_2031": 2.34, "suhii_night_2041": 3.1 }, "geometry": { "type": "Polygon", "coordinates": [ [ [ 73.865, 18.634 ], [ 73.865, 18.643 ], [ 73.856, 18.643 ], [ 73.856, 18.634 ], [ 73.865, 18.634 ] ] ] } },
{ "type": "Feature", "properties": { "cell_id": "P1405", "suhii_night": 1.92, "lst_day": 38.5, "lst_night": 28.2, "frac_built": 0.6, "frac_tree": 0.1, "suhii_night_normalized": 1.92, "suhii_night_ml": 1.92, "suhii_night_2031": 2.34, "suhii_night_2041": 3.1 }, "geometry": { "type": "Polygon", "coordinates": [ [ [ 73.874, 18.4 ], [ 73.874, 18.409 ], [ 73.865, 18.409 ], [ 73.865, 18.4 ], [ 73.874, 18.4 ] ] ] } },
{ "type": "Feature", "properties": { "cell_id": "P1406", "suhii_night": 1.92, "lst_day": 38.5, "lst_night": 28.2, "frac_built": 0.6, "frac_tree": 0.1, "suhii_night_normalized": 1.92, "suhii_night_ml": 1.92, "suhii_night_2031": 2.34, "suhii_night_2041": 3.1 }, "geometry": { "type": "Polygon", "coordinates": [ [ [ 73.874, 18.409 ], [ 73.874, 18.418 ], [ 73.865, 18.418 ], [ 73.865, 18.409 ], [ 73.874, 18.409 ] ] ] } },
{ "type": "Feature", "properties": { "cell_id": "P1407", "suhii_night": 1.92, "lst_day": 38.5, "lst_night": 28.2, "frac_built": 0.6, "frac_tree": 0.1, "suhii_night_normalized": 1.92, "suhii_night_ml": 1.92, "suhii_night_2031": 2.34, "suhii_night_2041": 3.1 }, "geometry": { "type": "Polygon", "coordinates": [ [ [ 73.874, 18.418 ], [ 73.874, 18.427 ], [ 73.865, 18.427 ], [ 73.865, 18.418 ], [ 73.874, 18.418 ] ] ] } },
{ "type": "Feature", "properties": { "cell_id": "P1408", "suhii_night": 1.92, "lst_day": 38.5, "lst_night": 28.2, "frac_built": 0.6, "frac_tree": 0.1, "suhii_night_normalized": 1.92, "suhii_night_ml": 1.92, "suhii_night_2031": 2.34, "suhii_night_2041": 3.1 }, "geometry": { "type": "Polygon", "coordinates": [ [ [ 73.874, 18.427 ], [ 73.874, 18.436 ], [ 73.865, 18.436 ], [ 73.865, 18.427 ], [ 73.874, 18.427 ] ] ] } },
{ "type": "Feature", "properties": { "cell_id": "P1409", "suhii_night": 1.92, "lst_day": 38.5, "lst_night": 28.2, "frac_built": 0.6, "frac_tree": 0.1, "suhii_night_normalized": 1.92, "suhii_night_ml": 1.92, "suhii_night_2031": 2.34, "suhii_night_2041": 3.1 }, "geometry": { "type": "Polygon", "coordinates": [ [ [ 73.874, 18.436 ], [ 73.874, 18.445 ], [ 73.865, 18.445 ], [ 73.865, 18.436 ], [ 73.874, 18.436 ] ] ] } },
{ "type": "Feature", "properties": { "cell_id": "P1410", "suhii_night": 1.92, "lst_day": 38.5, "lst_night": 28.2, "frac_built": 0.6, "frac_tree": 0.1, "suhii_night_normalized": 1.92, "suhii_night_ml": 1.92, "suhii_night_2031": 2.34, "suhii_night_2041": 3.1 }, "geometry": { "type": "Polygon", "coordinates": [ [ [ 73.874, 18.445 ], [ 73.874, 18.454 ], [ 73.865, 18.454 ], [ 73.865, 18.445 ], [ 73.874, 18.445 ] ] ] } },
{ "type": "Feature", "properties": { "cell_id": "P1411", "suhii_night": 1.92, "lst_day": 38.5, "lst_night": 28.2, "frac_built": 0.6, "frac_tree": 0.1, "suhii_night_normalized": 1.92, "suhii_night_ml": 1.92, "suhii_night_2031": 2.34, "suhii_night_2041": 3.1 }, "geometry": { "type": "Polygon", "coordinates": [ [ [ 73.874, 18.454 ], [ 73.874, 18.463 ], [ 73.865, 18.463 ], [ 73.865, 18.454 ], [ 73.874, 18.454 ] ] ] } },
{ "type": "Feature", "properties": { "cell_id": "P1412", "suhii_night": 1.92, "lst_day": 38.5, "lst_night": 28.2, "frac_built": 0.6, "frac_tree": 0.1, "suhii_night_normalized": 1.92, "suhii_night_ml": 1.92, "suhii_night_2031": 2.34, "suhii_night_2041": 3.1 }, "geometry": { "type": "Polygon", "coordinates": [ [ [ 73.874, 18.463 ], [ 73.874, 18.472 ], [ 73.865, 18.472 ], [ 73.865, 18.463 ], [ 73.874, 18.463 ] ] ] } },
{ "type": "Feature", "properties": { "cell_id": "P1413", "suhii_night": 1.92, "lst_day": 38.5, "lst_night": 28.2, "frac_built": 0.6, "frac_tree": 0.1, "suhii_night_normalized": 1.92, "suhii_night_ml": 1.92, "suhii_night_2031": 2.34, "suhii_night_2041": 3.1 }, "geometry": { "type": "Polygon", "coordinates": [ [ [ 73.874, 18.472 ], [ 73.874, 18.481 ], [ 73.865, 18.481 ], [ 73.865, 18.472 ], [ 73.874, 18.472 ] ] ] } },
{ "type": "Feature", "properties": { "cell_id": "P1414", "suhii_night": 1.92, "lst_day": 38.5, "lst_night": 28.2, "frac_built": 0.6, "frac_tree": 0.1, "suhii_night_normalized": 1.92, "suhii_night_ml": 1.92, "suhii_night_2031": 2.34, "suhii_night_2041": 3.1 }, "geometry": { "type": "Polygon", "coordinates": [ [ [ 73.874, 18.481 ], [ 73.874, 18.49 ], [ 73.865, 18.49 ], [ 73.865, 18.481 ], [ 73.874, 18.481 ] ] ] } },
{ "type": "Feature", "properties": { "cell_id": "P1415", "suhii_night": 1.92, "lst_day": 38.5, "lst_night": 28.2, "frac_built": 0.6, "frac_tree": 0.1, "suhii_night_normalized": 1.92, "suhii_night_ml": 1.92, "suhii_night_2031": 2.34, "suhii_night_2041": 3.1 }, "geometry": { "type": "Polygon", "coordinates": [ [ [ 73.874, 18.49 ], [ 73.874, 18.499 ], [ 73.865, 18.499 ], [ 73.865, 18.49 ], [ 73.874, 18.49 ] ] ] } },
{ "type": "Feature", "properties": { "cell_id": "P1416", "suhii_night": 1.92, "lst_day": 38.5, "lst_night": 28.2, "frac_built": 0.6, "frac_tree": 0.1, "suhii_night_normalized": 1.92, "suhii_night_ml": 1.92, "suhii_night_2031": 2.34, "suhii_night_2041": 3.1 }, "geometry": { "type": "Polygon", "coordinates": [ [ [ 73.874, 18.499 ], [ 73.874, 18.508 ], [ 73.865, 18.508 ], [ 73.865, 18.499 ], [ 73.874, 18.499 ] ] ] } },
{ "type": "Feature", "properties": { "cell_id": "P1417", "suhii_night": 1.92, "lst_day": 38.5, "lst_night": 28.2, "frac_built": 0.6, "frac_tree": 0.1, "suhii_night_normalized": 1.92, "suhii_night_ml": 1.92, "suhii_night_2031": 2.34, "suhii_night_2041": 3.1 }, "geometry": { "type": "Polygon", "coordinates": [ [ [ 73.874, 18.508 ], [ 73.874, 18.517 ], [ 73.865, 18.517 ], [ 73.865, 18.508 ], [ 73.874, 18.508 ] ] ] } },
{ "type": "Feature", "properties": { "cell_id": "P1418", "suhii_night": 1.92, "lst_day": 38.5, "lst_night": 28.2, "frac_built": 0.6, "frac_tree": 0.1, "suhii_night_normalized": 1.92, "suhii_night_ml": 1.92, "suhii_night_2031": 2.34, "suhii_night_2041": 3.1 }, "geometry": { "type": "Polygon", "coordinates": [ [ [ 73.874, 18.517 ], [ 73.874, 18.526 ], [ 73.865, 18.526 ], [ 73.865, 18.517 ], [ 73.874, 18.517 ] ] ] } },
{ "type": "Feature", "properties": { "cell_id": "P1419", "suhii_night": 1.92, "lst_day": 38.5, "lst_night": 28.2, "frac_built": 0.6, "frac_tree": 0.1, "suhii_night_normalized": 1.92, "suhii_night_ml": 1.92, "suhii_night_2031": 2.34, "suhii_night_2041": 3.1 }, "geometry": { "type": "Polygon", "coordinates": [ [ [ 73.874, 18.526 ], [ 73.874, 18.535 ], [ 73.865, 18.535 ], [ 73.865, 18.526 ], [ 73.874, 18.526 ] ] ] } },
{ "type": "Feature", "properties": { "cell_id": "P1420", "suhii_night": 1.92, "lst_day": 38.5, "lst_night": 28.2, "frac_built": 0.6, "frac_tree": 0.1, "suhii_night_normalized": 1.92, "suhii_night_ml": 1.92, "suhii_night_2031": 2.34, "suhii_night_2041": 3.1 }, "geometry": { "type": "Polygon", "coordinates": [ [ [ 73.874, 18.535 ], [ 73.874, 18.544 ], [ 73.865, 18.544 ], [ 73.865, 18.535 ], [ 73.874, 18.535 ] ] ] } },
{ "type": "Feature", "properties": { "cell_id": "P1421", "suhii_night": 1.92, "lst_day": 38.5, "lst_night": 28.2, "frac_built": 0.6, "frac_tree": 0.1, "suhii_night_normalized": 1.92, "suhii_night_ml": 1.92, "suhii_night_2031": 2.34, "suhii_night_2041": 3.1 }, "geometry": { "type": "Polygon", "coordinates": [ [ [ 73.874, 18.544 ], [ 73.874, 18.553 ], [ 73.865, 18.553 ], [ 73.865, 18.544 ], [ 73.874, 18.544 ] ] ] } },
{ "type": "Feature", "properties": { "cell_id": "P1422", "suhii_night": 1.92, "lst_day": 38.5, "lst_night": 28.2, "frac_built": 0.6, "frac_tree": 0.1, "suhii_night_normalized": 1.92, "suhii_night_ml": 1.92, "suhii_night_2031": 2.34, "suhii_night_2041": 3.1 }, "geometry": { "type": "Polygon", "coordinates": [ [ [ 73.874, 18.553 ], [ 73.874, 18.562 ], [ 73.865, 18.562 ], [ 73.865, 18.553 ], [ 73.874, 18.553 ] ] ] } },
{ "type": "Feature", "properties": { "cell_id": "P1423", "suhii_night": 1.92, "lst_day": 38.5, "lst_night": 28.2, "frac_built": 0.6, "frac_tree": 0.1, "suhii_night_normalized": 1.92, "suhii_night_ml": 1.92, "suhii_night_2031": 2.34, "suhii_night_2041": 3.1 }, "geometry": { "type": "Polygon", "coordinates": [ [ [ 73.874, 18.562 ], [ 73.874, 18.571 ], [ 73.865, 18.571 ], [ 73.865, 18.562 ], [ 73.874, 18.562 ] ] ] } },
{ "type": "Feature", "properties": { "cell_id": "P1424", "suhii_night": 1.92, "lst_day": 38.5, "lst_night": 28.2, "frac_built": 0.6, "frac_tree": 0.1, "suhii_night_normalized": 1.92, "suhii_night_ml": 1.92, "suhii_night_2031": 2.34, "suhii_night_2041": 3.1 }, "geometry": { "type": "Polygon", "coordinates": [ [ [ 73.874, 18.571 ], [ 73.874, 18.58 ], [ 73.865, 18.58 ], [ 73.865, 18.571 ], [ 73.874, 18.571 ] ] ] } },
{ "type": "Feature", "properties": { "cell_id": "P1425", "suhii_night": 1.92, "lst_day": 38.5, "lst_night": 28.2, "frac_built": 0.6, "frac_tree": 0.1, "suhii_night_normalized": 1.92, "suhii_night_ml": 1.92, "suhii_night_2031": 2.34, "suhii_night_2041": 3.1 }, "geometry": { "type": "Polygon", "coordinates": [ [ [ 73.874, 18.58 ], [ 73.874, 18.589 ], [ 73.865, 18.589 ], [ 73.865, 18.58 ], [ 73.874, 18.58 ] ] ] } },
{ "type": "Feature", "properties": { "cell_id": "P1426", "suhii_night": 1.92, "lst_day": 38.5, "lst_night": 28.2, "frac_built": 0.6, "frac_tree": 0.1, "suhii_night_normalized": 1.92, "suhii_night_ml": 1.92, "suhii_night_2031": 2.34, "suhii_night_2041": 3.1 }, "geometry": { "type": "Polygon", "coordinates": [ [ [ 73.874, 18.589 ], [ 73.874, 18.598 ], [ 73.865, 18.598 ], [ 73.865, 18.589 ], [ 73.874, 18.589 ] ] ] } },
{ "type": "Feature", "properties": { "cell_id": "P1427", "suhii_night": 1.92, "lst_day": 38.5, "lst_night": 28.2, "frac_built": 0.6, "frac_tree": 0.1, "suhii_night_normalized": 1.92, "suhii_night_ml": 1.92, "suhii_night_2031": 2.34, "suhii_night_2041": 3.1 }, "geometry": { "type": "Polygon", "coordinates": [ [ [ 73.874, 18.598 ], [ 73.874, 18.607 ], [ 73.865, 18.607 ], [ 73.865, 18.598 ], [ 73.874, 18.598 ] ] ] } },
{ "type": "Feature", "properties": { "cell_id": "P1428", "suhii_night": 1.92, "lst_day": 38.5, "lst_night": 28.2, "frac_built": 0.6, "frac_tree": 0.1, "suhii_night_normalized": 1.92, "suhii_night_ml": 1.92, "suhii_night_2031": 2.34, "suhii_night_2041": 3.1 }, "geometry": { "type": "Polygon", "coordinates": [ [ [ 73.874, 18.607 ], [ 73.874, 18.616 ], [ 73.865, 18.616 ], [ 73.865, 18.607 ], [ 73.874, 18.607 ] ] ] } },
{ "type": "Feature", "properties": { "cell_id": "P1429", "suhii_night": 1.92, "lst_day": 38.5, "lst_night": 28.2, "frac_built": 0.6, "frac_tree": 0.1, "suhii_night_normalized": 1.92, "suhii_night_ml": 1.92, "suhii_night_2031": 2.34, "suhii_night_2041": 3.1 }, "geometry": { "type": "Polygon", "coordinates": [ [ [ 73.874, 18.616 ], [ 73.874, 18.625 ], [ 73.865, 18.625 ], [ 73.865, 18.616 ], [ 73.874, 18.616 ] ] ] } },
{ "type": "Feature", "properties": { "cell_id": "P1430", "suhii_night": 1.92, "lst_day": 38.5, "lst_night": 28.2, "frac_built": 0.6, "frac_tree": 0.1, "suhii_night_normalized": 1.92, "suhii_night_ml": 1.92, "suhii_night_2031": 2.34, "suhii_night_2041": 3.1 }, "geometry": { "type": "Polygon", "coordinates": [ [ [ 73.874, 18.625 ], [ 73.874, 18.634 ], [ 73.865, 18.634 ], [ 73.865, 18.625 ], [ 73.874, 18.625 ] ] ] } },
{ "type": "Feature", "properties": { "cell_id": "P1431", "suhii_night": 1.92, "lst_day": 38.5, "lst_night": 28.2, "frac_built": 0.6, "frac_tree": 0.1, "suhii_night_normalized": 1.92, "suhii_night_ml": 1.92, "suhii_night_2031": 2.34, "suhii_night_2041": 3.1 }, "geometry": { "type": "Polygon", "coordinates": [ [ [ 73.874, 18.634 ], [ 73.874, 18.643 ], [ 73.865, 18.643 ], [ 73.865, 18.634 ], [ 73.874, 18.634 ] ] ] } },
{ "type": "Feature", "properties": { "cell_id": "P1432", "suhii_night": 1.92, "lst_day": 38.5, "lst_night": 28.2, "frac_built": 0.6, "frac_tree": 0.1, "suhii_night_normalized": 1.92, "suhii_night_ml": 1.92, "suhii_night_2031": 2.34, "suhii_night_2041": 3.1 }, "geometry": { "type": "Polygon", "coordinates": [ [ [ 73.883, 18.4 ], [ 73.883, 18.409 ], [ 73.874, 18.409 ], [ 73.874, 18.4 ], [ 73.883, 18.4 ] ] ] } },
{ "type": "Feature", "properties": { "cell_id": "P1433", "suhii_night": 1.92, "lst_day": 38.5, "lst_night": 28.2, "frac_built": 0.6, "frac_tree": 0.1, "suhii_night_normalized": 1.92, "suhii_night_ml": 1.92, "suhii_night_2031": 2.34, "suhii_night_2041": 3.1 }, "geometry": { "type": "Polygon", "coordinates": [ [ [ 73.883, 18.409 ], [ 73.883, 18.418 ], [ 73.874, 18.418 ], [ 73.874, 18.409 ], [ 73.883, 18.409 ] ] ] } },
{ "type": "Feature", "properties": { "cell_id": "P1434", "suhii_night": 1.92, "lst_day": 38.5, "lst_night": 28.2, "frac_built": 0.6, "frac_tree": 0.1, "suhii_night_normalized": 1.92, "suhii_night_ml": 1.92, "suhii_night_2031": 2.34, "suhii_night_2041": 3.1 }, "geometry": { "type": "Polygon", "coordinates": [ [ [ 73.883, 18.418 ], [ 73.883, 18.427 ], [ 73.874, 18.427 ], [ 73.874, 18.418 ], [ 73.883, 18.418 ] ] ] } },
{ "type": "Feature", "properties": { "cell_id": "P1435", "suhii_night": 1.92, "lst_day": 38.5, "lst_night": 28.2, "frac_built": 0.6, "frac_tree": 0.1, "suhii_night_normalized": 1.92, "suhii_night_ml": 1.92, "suhii_night_2031": 2.34, "suhii_night_2041": 3.1 }, "geometry": { "type": "Polygon", "coordinates": [ [ [ 73.883, 18.427 ], [ 73.883, 18.436 ], [ 73.874, 18.436 ], [ 73.874, 18.427 ], [ 73.883, 18.427 ] ] ] } },
{ "type": "Feature", "properties": { "cell_id": "P1436", "suhii_night": 1.92, "lst_day": 38.5, "lst_night": 28.2, "frac_built": 0.6, "frac_tree": 0.1, "suhii_night_normalized": 1.92, "suhii_night_ml": 1.92, "suhii_night_2031": 2.34, "suhii_night_2041": 3.1 }, "geometry": { "type": "Polygon", "coordinates": [ [ [ 73.883, 18.436 ], [ 73.883, 18.445 ], [ 73.874, 18.445 ], [ 73.874, 18.436 ], [ 73.883, 18.436 ] ] ] } },
{ "type": "Feature", "properties": { "cell_id": "P1437", "suhii_night": 1.92, "lst_day": 38.5, "lst_night": 28.2, "frac_built": 0.6, "frac_tree": 0.1, "suhii_night_normalized": 1.92, "suhii_night_ml": 1.92, "suhii_night_2031": 2.34, "suhii_night_2041": 3.1 }, "geometry": { "type": "Polygon", "coordinates": [ [ [ 73.883, 18.445 ], [ 73.883, 18.454 ], [ 73.874, 18.454 ], [ 73.874, 18.445 ], [ 73.883, 18.445 ] ] ] } },
{ "type": "Feature", "properties": { "cell_id": "P1438", "suhii_night": 1.92, "lst_day": 38.5, "lst_night": 28.2, "frac_built": 0.6, "frac_tree": 0.1, "suhii_night_normalized": 1.92, "suhii_night_ml": 1.92, "suhii_night_2031": 2.34, "suhii_night_2041": 3.1 }, "geometry": { "type": "Polygon", "coordinates": [ [ [ 73.883, 18.454 ], [ 73.883, 18.463 ], [ 73.874, 18.463 ], [ 73.874, 18.454 ], [ 73.883, 18.454 ] ] ] } },
{ "type": "Feature", "properties": { "cell_id": "P1439", "suhii_night": 1.92, "lst_day": 38.5, "lst_night": 28.2, "frac_built": 0.6, "frac_tree": 0.1, "suhii_night_normalized": 1.92, "suhii_night_ml": 1.92, "suhii_night_2031": 2.34, "suhii_night_2041": 3.1 }, "geometry": { "type": "Polygon", "coordinates": [ [ [ 73.883, 18.463 ], [ 73.883, 18.472 ], [ 73.874, 18.472 ], [ 73.874, 18.463 ], [ 73.883, 18.463 ] ] ] } },
{ "type": "Feature", "properties": { "cell_id": "P1440", "suhii_night": 1.92, "lst_day": 38.5, "lst_night": 28.2, "frac_built": 0.6, "frac_tree": 0.1, "suhii_night_normalized": 1.92, "suhii_night_ml": 1.92, "suhii_night_2031": 2.34, "suhii_night_2041": 3.1 }, "geometry": { "type": "Polygon", "coordinates": [ [ [ 73.883, 18.472 ], [ 73.883, 18.481 ], [ 73.874, 18.481 ], [ 73.874, 18.472 ], [ 73.883, 18.472 ] ] ] } },
{ "type": "Feature", "properties": { "cell_id": "P1441", "suhii_night": 1.92, "lst_day": 38.5, "lst_night": 28.2, "frac_built": 0.6, "frac_tree": 0.1, "suhii_night_normalized": 1.92, "suhii_night_ml": 1.92, "suhii_night_2031": 2.34, "suhii_night_2041": 3.1 }, "geometry": { "type": "Polygon", "coordinates": [ [ [ 73.883, 18.481 ], [ 73.883, 18.49 ], [ 73.874, 18.49 ], [ 73.874, 18.481 ], [ 73.883, 18.481 ] ] ] } },
{ "type": "Feature", "properties": { "cell_id": "P1442", "suhii_night": 1.92, "lst_day": 38.5, "lst_night": 28.2, "frac_built": 0.6, "frac_tree": 0.1, "suhii_night_normalized": 1.92, "suhii_night_ml": 1.92, "suhii_night_2031": 2.34, "suhii_night_2041": 3.1 }, "geometry": { "type": "Polygon", "coordinates": [ [ [ 73.883, 18.49 ], [ 73.883, 18.499 ], [ 73.874, 18.499 ], [ 73.874, 18.49 ], [ 73.883, 18.49 ] ] ] } },
{ "type": "Feature", "properties": { "cell_id": "P1443", "suhii_night": 1.92, "lst_day": 38.5, "lst_night": 28.2, "frac_built": 0.6, "frac_tree": 0.1, "suhii_night_normalized": 1.92, "suhii_night_ml": 1.92, "suhii_night_2031": 2.34, "suhii_night_2041": 3.1 }, "geometry": { "type": "Polygon", "coordinates": [ [ [ 73.883, 18.499 ], [ 73.883, 18.508 ], [ 73.874, 18.508 ], [ 73.874, 18.499 ], [ 73.883, 18.499 ] ] ] } },
{ "type": "Feature", "properties": { "cell_id": "P1444", "suhii_night": 1.92, "lst_day": 38.5, "lst_night": 28.2, "frac_built": 0.6, "frac_tree": 0.1, "suhii_night_normalized": 1.92, "suhii_night_ml": 1.92, "suhii_night_2031": 2.34, "suhii_night_2041": 3.1 }, "geometry": { "type": "Polygon", "coordinates": [ [ [ 73.883, 18.508 ], [ 73.883, 18.517 ], [ 73.874, 18.517 ], [ 73.874, 18.508 ], [ 73.883, 18.508 ] ] ] } },
{ "type": "Feature", "properties": { "cell_id": "P1445", "suhii_night": 1.92, "lst_day": 38.5, "lst_night": 28.2, "frac_built": 0.6, "frac_tree": 0.1, "suhii_night_normalized": 1.92, "suhii_night_ml": 1.92, "suhii_night_2031": 2.34, "suhii_night_2041": 3.1 }, "geometry": { "type": "Polygon", "coordinates": [ [ [ 73.883, 18.517 ], [ 73.883, 18.526 ], [ 73.874, 18.526 ], [ 73.874, 18.517 ], [ 73.883, 18.517 ] ] ] } },
{ "type": "Feature", "properties": { "cell_id": "P1446", "suhii_night": 1.92, "lst_day": 38.5, "lst_night": 28.2, "frac_built": 0.6, "frac_tree": 0.1, "suhii_night_normalized": 1.92, "suhii_night_ml": 1.92, "suhii_night_2031": 2.34, "suhii_night_2041": 3.1 }, "geometry": { "type": "Polygon", "coordinates": [ [ [ 73.883, 18.526 ], [ 73.883, 18.535 ], [ 73.874, 18.535 ], [ 73.874, 18.526 ], [ 73.883, 18.526 ] ] ] } },
{ "type": "Feature", "properties": { "cell_id": "P1447", "suhii_night": 1.92, "lst_day": 38.5, "lst_night": 28.2, "frac_built": 0.6, "frac_tree": 0.1, "suhii_night_normalized": 1.92, "suhii_night_ml": 1.92, "suhii_night_2031": 2.34, "suhii_night_2041": 3.1 }, "geometry": { "type": "Polygon", "coordinates": [ [ [ 73.883, 18.535 ], [ 73.883, 18.544 ], [ 73.874, 18.544 ], [ 73.874, 18.535 ], [ 73.883, 18.535 ] ] ] } },
{ "type": "Feature", "properties": { "cell_id": "P1448", "suhii_night": 1.92, "lst_day": 38.5, "lst_night": 28.2, "frac_built": 0.6, "frac_tree": 0.1, "suhii_night_normalized": 1.92, "suhii_night_ml": 1.92, "suhii_night_2031": 2.34, "suhii_night_2041": 3.1 }, "geometry": { "type": "Polygon", "coordinates": [ [ [ 73.883, 18.544 ], [ 73.883, 18.553 ], [ 73.874, 18.553 ], [ 73.874, 18.544 ], [ 73.883, 18.544 ] ] ] } },
{ "type": "Feature", "properties": { "cell_id": "P1449", "suhii_night": 1.92, "lst_day": 38.5, "lst_night": 28.2, "frac_built": 0.6, "frac_tree": 0.1, "suhii_night_normalized": 1.92, "suhii_night_ml": 1.92, "suhii_night_2031": 2.34, "suhii_night_2041": 3.1 }, "geometry": { "type": "Polygon", "coordinates": [ [ [ 73.883, 18.553 ], [ 73.883, 18.562 ], [ 73.874, 18.562 ], [ 73.874, 18.553 ], [ 73.883, 18.553 ] ] ] } },
{ "type": "Feature", "properties": { "cell_id": "P1450", "suhii_night": 1.92, "lst_day": 38.5, "lst_night": 28.2, "frac_built": 0.6, "frac_tree": 0.1, "suhii_night_normalized": 1.92, "suhii_night_ml": 1.92, "suhii_night_2031": 2.34, "suhii_night_2041": 3.1 }, "geometry": { "type": "Polygon", "coordinates": [ [ [ 73.883, 18.562 ], [ 73.883, 18.571 ], [ 73.874, 18.571 ], [ 73.874, 18.562 ], [ 73.883, 18.562 ] ] ] } },
{ "type": "Feature", "properties": { "cell_id": "P1451", "suhii_night": 1.92, "lst_day": 38.5, "lst_night": 28.2, "frac_built": 0.6, "frac_tree": 0.1, "suhii_night_normalized": 1.92, "suhii_night_ml": 1.92, "suhii_night_2031": 2.34, "suhii_night_2041": 3.1 }, "geometry": { "type": "Polygon", "coordinates": [ [ [ 73.883, 18.571 ], [ 73.883, 18.58 ], [ 73.874, 18.58 ], [ 73.874, 18.571 ], [ 73.883, 18.571 ] ] ] } },
{ "type": "Feature", "properties": { "cell_id": "P1452", "suhii_night": 1.92, "lst_day": 38.5, "lst_night": 28.2, "frac_built": 0.6, "frac_tree": 0.1, "suhii_night_normalized": 1.92, "suhii_night_ml": 1.92, "suhii_night_2031": 2.34, "suhii_night_2041": 3.1 }, "geometry": { "type": "Polygon", "coordinates": [ [ [ 73.883, 18.58 ], [ 73.883, 18.589 ], [ 73.874, 18.589 ], [ 73.874, 18.58 ], [ 73.883, 18.58 ] ] ] } },
{ "type": "Feature", "properties": { "cell_id": "P1453", "suhii_night": 1.92, "lst_day": 38.5, "lst_night": 28.2, "frac_built": 0.6, "frac_tree": 0.1, "suhii_night_normalized": 1.92, "suhii_night_ml": 1.92, "suhii_night_2031": 2.34, "suhii_night_2041": 3.1 }, "geometry": { "type": "Polygon", "coordinates": [ [ [ 73.883, 18.589 ], [ 73.883, 18.598 ], [ 73.874, 18.598 ], [ 73.874, 18.589 ], [ 73.883, 18.589 ] ] ] } },
{ "type": "Feature", "properties": { "cell_id": "P1454", "suhii_night": 1.92, "lst_day": 38.5, "lst_night": 28.2, "frac_built": 0.6, "frac_tree": 0.1, "suhii_night_normalized": 1.92, "suhii_night_ml": 1.92, "suhii_night_2031": 2.34, "suhii_night_2041": 3.1 }, "geometry": { "type": "Polygon", "coordinates": [ [ [ 73.883, 18.598 ], [ 73.883, 18.607 ], [ 73.874, 18.607 ], [ 73.874, 18.598 ], [ 73.883, 18.598 ] ] ] } },
{ "type": "Feature", "properties": { "cell_id": "P1455", "suhii_night": 1.92, "lst_day": 38.5, "lst_night": 28.2, "frac_built": 0.6, "frac_tree": 0.1, "suhii_night_normalized": 1.92, "suhii_night_ml": 1.92, "suhii_night_2031": 2.34, "suhii_night_2041": 3.1 }, "geometry": { "type": "Polygon", "coordinates": [ [ [ 73.883, 18.607 ], [ 73.883, 18.616 ], [ 73.874, 18.616 ], [ 73.874, 18.607 ], [ 73.883, 18.607 ] ] ] } },
{ "type": "Feature", "properties": { "cell_id": "P1456", "suhii_night": 1.92, "lst_day": 38.5, "lst_night": 28.2, "frac_built": 0.6, "frac_tree": 0.1, "suhii_night_normalized": 1.92, "suhii_night_ml": 1.92, "suhii_night_2031": 2.34, "suhii_night_2041": 3.1 }, "geometry": { "type": "Polygon", "coordinates": [ [ [ 73.883, 18.616 ], [ 73.883, 18.625 ], [ 73.874, 18.625 ], [ 73.874, 18.616 ], [ 73.883, 18.616 ] ] ] } },
{ "type": "Feature", "properties": { "cell_id": "P1457", "suhii_night": 1.92, "lst_day": 38.5, "lst_night": 28.2, "frac_built": 0.6, "frac_tree": 0.1, "suhii_night_normalized": 1.92, "suhii_night_ml": 1.92, "suhii_night_2031": 2.34, "suhii_night_2041": 3.1 }, "geometry": { "type": "Polygon", "coordinates": [ [ [ 73.883, 18.625 ], [ 73.883, 18.634 ], [ 73.874, 18.634 ], [ 73.874, 18.625 ], [ 73.883, 18.625 ] ] ] } },
{ "type": "Feature", "properties": { "cell_id": "P1458", "suhii_night": 1.92, "lst_day": 38.5, "lst_night": 28.2, "frac_built": 0.6, "frac_tree": 0.1, "suhii_night_normalized": 1.92, "suhii_night_ml": 1.92, "suhii_night_2031": 2.34, "suhii_night_2041": 3.1 }, "geometry": { "type": "Polygon", "coordinates": [ [ [ 73.883, 18.634 ], [ 73.883, 18.643 ], [ 73.874, 18.643 ], [ 73.874, 18.634 ], [ 73.883, 18.634 ] ] ] } },
{ "type": "Feature", "properties": { "cell_id": "P1459", "suhii_night": 1.92, "lst_day": 38.5, "lst_night": 28.2, "frac_built": 0.6, "frac_tree": 0.1, "suhii_night_normalized": 1.92, "suhii_night_ml": 1.92, "suhii_night_2031": 2.34, "suhii_night_2041": 3.1 }, "geometry": { "type": "Polygon", "coordinates": [ [ [ 73.892, 18.4 ], [ 73.892, 18.409 ], [ 73.883, 18.409 ], [ 73.883, 18.4 ], [ 73.892, 18.4 ] ] ] } },
{ "type": "Feature", "properties": { "cell_id": "P1460", "suhii_night": 1.92, "lst_day": 38.5, "lst_night": 28.2, "frac_built": 0.6, "frac_tree": 0.1, "suhii_night_normalized": 1.92, "suhii_night_ml": 1.92, "suhii_night_2031": 2.34, "suhii_night_2041": 3.1 }, "geometry": { "type": "Polygon", "coordinates": [ [ [ 73.892, 18.409 ], [ 73.892, 18.418 ], [ 73.883, 18.418 ], [ 73.883, 18.409 ], [ 73.892, 18.409 ] ] ] } },
{ "type": "Feature", "properties": { "cell_id": "P1461", "suhii_night": 1.92, "lst_day": 38.5, "lst_night": 28.2, "frac_built": 0.6, "frac_tree": 0.1, "suhii_night_normalized": 1.92, "suhii_night_ml": 1.92, "suhii_night_2031": 2.34, "suhii_night_2041": 3.1 }, "geometry": { "type": "Polygon", "coordinates": [ [ [ 73.892, 18.418 ], [ 73.892, 18.427 ], [ 73.883, 18.427 ], [ 73.883, 18.418 ], [ 73.892, 18.418 ] ] ] } },
{ "type": "Feature", "properties": { "cell_id": "P1462", "suhii_night": 1.92, "lst_day": 38.5, "lst_night": 28.2, "frac_built": 0.6, "frac_tree": 0.1, "suhii_night_normalized": 1.92, "suhii_night_ml": 1.92, "suhii_night_2031": 2.34, "suhii_night_2041": 3.1 }, "geometry": { "type": "Polygon", "coordinates": [ [ [ 73.892, 18.427 ], [ 73.892, 18.436 ], [ 73.883, 18.436 ], [ 73.883, 18.427 ], [ 73.892, 18.427 ] ] ] } },
{ "type": "Feature", "properties": { "cell_id": "P1463", "suhii_night": 1.92, "lst_day": 38.5, "lst_night": 28.2, "frac_built": 0.6, "frac_tree": 0.1, "suhii_night_normalized": 1.92, "suhii_night_ml": 1.92, "suhii_night_2031": 2.34, "suhii_night_2041": 3.1 }, "geometry": { "type": "Polygon", "coordinates": [ [ [ 73.892, 18.436 ], [ 73.892, 18.445 ], [ 73.883, 18.445 ], [ 73.883, 18.436 ], [ 73.892, 18.436 ] ] ] } },
{ "type": "Feature", "properties": { "cell_id": "P1464", "suhii_night": 1.92, "lst_day": 38.5, "lst_night": 28.2, "frac_built": 0.6, "frac_tree": 0.1, "suhii_night_normalized": 1.92, "suhii_night_ml": 1.92, "suhii_night_2031": 2.34, "suhii_night_2041": 3.1 }, "geometry": { "type": "Polygon", "coordinates": [ [ [ 73.892, 18.445 ], [ 73.892, 18.454 ], [ 73.883, 18.454 ], [ 73.883, 18.445 ], [ 73.892, 18.445 ] ] ] } },
{ "type": "Feature", "properties": { "cell_id": "P1465", "suhii_night": 1.92, "lst_day": 38.5, "lst_night": 28.2, "frac_built": 0.6, "frac_tree": 0.1, "suhii_night_normalized": 1.92, "suhii_night_ml": 1.92, "suhii_night_2031": 2.34, "suhii_night_2041": 3.1 }, "geometry": { "type": "Polygon", "coordinates": [ [ [ 73.892, 18.454 ], [ 73.892, 18.463 ], [ 73.883, 18.463 ], [ 73.883, 18.454 ], [ 73.892, 18.454 ] ] ] } },
{ "type": "Feature", "properties": { "cell_id": "P1466", "suhii_night": 1.92, "lst_day": 38.5, "lst_night": 28.2, "frac_built": 0.6, "frac_tree": 0.1, "suhii_night_normalized": 1.92, "suhii_night_ml": 1.92, "suhii_night_2031": 2.34, "suhii_night_2041": 3.1 }, "geometry": { "type": "Polygon", "coordinates": [ [ [ 73.892, 18.463 ], [ 73.892, 18.472 ], [ 73.883, 18.472 ], [ 73.883, 18.463 ], [ 73.892, 18.463 ] ] ] } },
{ "type": "Feature", "properties": { "cell_id": "P1467", "suhii_night": 1.92, "lst_day": 38.5, "lst_night": 28.2, "frac_built": 0.6, "frac_tree": 0.1, "suhii_night_normalized": 1.92, "suhii_night_ml": 1.92, "suhii_night_2031": 2.34, "suhii_night_2041": 3.1 }, "geometry": { "type": "Polygon", "coordinates": [ [ [ 73.892, 18.472 ], [ 73.892, 18.481 ], [ 73.883, 18.481 ], [ 73.883, 18.472 ], [ 73.892, 18.472 ] ] ] } },
{ "type": "Feature", "properties": { "cell_id": "P1468", "suhii_night": 1.92, "lst_day": 38.5, "lst_night": 28.2, "frac_built": 0.6, "frac_tree": 0.1, "suhii_night_normalized": 1.92, "suhii_night_ml": 1.92, "suhii_night_2031": 2.34, "suhii_night_2041": 3.1 }, "geometry": { "type": "Polygon", "coordinates": [ [ [ 73.892, 18.481 ], [ 73.892, 18.49 ], [ 73.883, 18.49 ], [ 73.883, 18.481 ], [ 73.892, 18.481 ] ] ] } },
{ "type": "Feature", "properties": { "cell_id": "P1469", "suhii_night": 1.92, "lst_day": 38.5, "lst_night": 28.2, "frac_built": 0.6, "frac_tree": 0.1, "suhii_night_normalized": 1.92, "suhii_night_ml": 1.92, "suhii_night_2031": 2.34, "suhii_night_2041": 3.1 }, "geometry": { "type": "Polygon", "coordinates": [ [ [ 73.892, 18.49 ], [ 73.892, 18.499 ], [ 73.883, 18.499 ], [ 73.883, 18.49 ], [ 73.892, 18.49 ] ] ] } },
{ "type": "Feature", "properties": { "cell_id": "P1470", "suhii_night": 1.92, "lst_day": 38.5, "lst_night": 28.2, "frac_built": 0.6, "frac_tree": 0.1, "suhii_night_normalized": 1.92, "suhii_night_ml": 1.92, "suhii_night_2031": 2.34, "suhii_night_2041": 3.1 }, "geometry": { "type": "Polygon", "coordinates": [ [ [ 73.892, 18.499 ], [ 73.892, 18.508 ], [ 73.883, 18.508 ], [ 73.883, 18.499 ], [ 73.892, 18.499 ] ] ] } },
{ "type": "Feature", "properties": { "cell_id": "P1471", "suhii_night": 1.92, "lst_day": 38.5, "lst_night": 28.2, "frac_built": 0.6, "frac_tree": 0.1, "suhii_night_normalized": 1.92, "suhii_night_ml": 1.92, "suhii_night_2031": 2.34, "suhii_night_2041": 3.1 }, "geometry": { "type": "Polygon", "coordinates": [ [ [ 73.892, 18.508 ], [ 73.892, 18.517 ], [ 73.883, 18.517 ], [ 73.883, 18.508 ], [ 73.892, 18.508 ] ] ] } },
{ "type": "Feature", "properties": { "cell_id": "P1472", "suhii_night": 1.92, "lst_day": 38.5, "lst_night": 28.2, "frac_built": 0.6, "frac_tree": 0.1, "suhii_night_normalized": 1.92, "suhii_night_ml": 1.92, "suhii_night_2031": 2.34, "suhii_night_2041": 3.1 }, "geometry": { "type": "Polygon", "coordinates": [ [ [ 73.892, 18.517 ], [ 73.892, 18.526 ], [ 73.883, 18.526 ], [ 73.883, 18.517 ], [ 73.892, 18.517 ] ] ] } },
{ "type": "Feature", "properties": { "cell_id": "P1473", "suhii_night": 1.92, "lst_day": 38.5, "lst_night": 28.2, "frac_built": 0.6, "frac_tree": 0.1, "suhii_night_normalized": 1.92, "suhii_night_ml": 1.92, "suhii_night_2031": 2.34, "suhii_night_2041": 3.1 }, "geometry": { "type": "Polygon", "coordinates": [ [ [ 73.892, 18.526 ], [ 73.892, 18.535 ], [ 73.883, 18.535 ], [ 73.883, 18.526 ], [ 73.892, 18.526 ] ] ] } },
{ "type": "Feature", "properties": { "cell_id": "P1474", "suhii_night": 1.92, "lst_day": 38.5, "lst_night": 28.2, "frac_built": 0.6, "frac_tree": 0.1, "suhii_night_normalized": 1.92, "suhii_night_ml": 1.92, "suhii_night_2031": 2.34, "suhii_night_2041": 3.1 }, "geometry": { "type": "Polygon", "coordinates": [ [ [ 73.892, 18.535 ], [ 73.892, 18.544 ], [ 73.883, 18.544 ], [ 73.883, 18.535 ], [ 73.892, 18.535 ] ] ] } },
{ "type": "Feature", "properties": { "cell_id": "P1475", "suhii_night": 1.92, "lst_day": 38.5, "lst_night": 28.2, "frac_built": 0.6, "frac_tree": 0.1, "suhii_night_normalized": 1.92, "suhii_night_ml": 1.92, "suhii_night_2031": 2.34, "suhii_night_2041": 3.1 }, "geometry": { "type": "Polygon", "coordinates": [ [ [ 73.892, 18.544 ], [ 73.892, 18.553 ], [ 73.883, 18.553 ], [ 73.883, 18.544 ], [ 73.892, 18.544 ] ] ] } },
{ "type": "Feature", "properties": { "cell_id": "P1476", "suhii_night": 1.92, "lst_day": 38.5, "lst_night": 28.2, "frac_built": 0.6, "frac_tree": 0.1, "suhii_night_normalized": 1.92, "suhii_night_ml": 1.92, "suhii_night_2031": 2.34, "suhii_night_2041": 3.1 }, "geometry": { "type": "Polygon", "coordinates": [ [ [ 73.892, 18.553 ], [ 73.892, 18.562 ], [ 73.883, 18.562 ], [ 73.883, 18.553 ], [ 73.892, 18.553 ] ] ] } },
{ "type": "Feature", "properties": { "cell_id": "P1477", "suhii_night": 1.92, "lst_day": 38.5, "lst_night": 28.2, "frac_built": 0.6, "frac_tree": 0.1, "suhii_night_normalized": 1.92, "suhii_night_ml": 1.92, "suhii_night_2031": 2.34, "suhii_night_2041": 3.1 }, "geometry": { "type": "Polygon", "coordinates": [ [ [ 73.892, 18.562 ], [ 73.892, 18.571 ], [ 73.883, 18.571 ], [ 73.883, 18.562 ], [ 73.892, 18.562 ] ] ] } },
{ "type": "Feature", "properties": { "cell_id": "P1478", "suhii_night": 1.92, "lst_day": 38.5, "lst_night": 28.2, "frac_built": 0.6, "frac_tree": 0.1, "suhii_night_normalized": 1.92, "suhii_night_ml": 1.92, "suhii_night_2031": 2.34, "suhii_night_2041": 3.1 }, "geometry": { "type": "Polygon", "coordinates": [ [ [ 73.892, 18.571 ], [ 73.892, 18.58 ], [ 73.883, 18.58 ], [ 73.883, 18.571 ], [ 73.892, 18.571 ] ] ] } },
{ "type": "Feature", "properties": { "cell_id": "P1479", "suhii_night": 1.92, "lst_day": 38.5, "lst_night": 28.2, "frac_built": 0.6, "frac_tree": 0.1, "suhii_night_normalized": 1.92, "suhii_night_ml": 1.92, "suhii_night_2031": 2.34, "suhii_night_2041": 3.1 }, "geometry": { "type": "Polygon", "coordinates": [ [ [ 73.892, 18.58 ], [ 73.892, 18.589 ], [ 73.883, 18.589 ], [ 73.883, 18.58 ], [ 73.892, 18.58 ] ] ] } },
{ "type": "Feature", "properties": { "cell_id": "P1480", "suhii_night": 1.92, "lst_day": 38.5, "lst_night": 28.2, "frac_built": 0.6, "frac_tree": 0.1, "suhii_night_normalized": 1.92, "suhii_night_ml": 1.92, "suhii_night_2031": 2.34, "suhii_night_2041": 3.1 }, "geometry": { "type": "Polygon", "coordinates": [ [ [ 73.892, 18.589 ], [ 73.892, 18.598 ], [ 73.883, 18.598 ], [ 73.883, 18.589 ], [ 73.892, 18.589 ] ] ] } },
{ "type": "Feature", "properties": { "cell_id": "P1481", "suhii_night": 1.92, "lst_day": 38.5, "lst_night": 28.2, "frac_built": 0.6, "frac_tree": 0.1, "suhii_night_normalized": 1.92, "suhii_night_ml": 1.92, "suhii_night_2031": 2.34, "suhii_night_2041": 3.1 }, "geometry": { "type": "Polygon", "coordinates": [ [ [ 73.892, 18.598 ], [ 73.892, 18.607 ], [ 73.883, 18.607 ], [ 73.883, 18.598 ], [ 73.892, 18.598 ] ] ] } },
{ "type": "Feature", "properties": { "cell_id": "P1482", "suhii_night": 1.92, "lst_day": 38.5, "lst_night": 28.2, "frac_built": 0.6, "frac_tree": 0.1, "suhii_night_normalized": 1.92, "suhii_night_ml": 1.92, "suhii_night_2031": 2.34, "suhii_night_2041": 3.1 }, "geometry": { "type": "Polygon", "coordinates": [ [ [ 73.892, 18.607 ], [ 73.892, 18.616 ], [ 73.883, 18.616 ], [ 73.883, 18.607 ], [ 73.892, 18.607 ] ] ] } },
{ "type": "Feature", "properties": { "cell_id": "P1483", "suhii_night": 1.92, "lst_day": 38.5, "lst_night": 28.2, "frac_built": 0.6, "frac_tree": 0.1, "suhii_night_normalized": 1.92, "suhii_night_ml": 1.92, "suhii_night_2031": 2.34, "suhii_night_2041": 3.1 }, "geometry": { "type": "Polygon", "coordinates": [ [ [ 73.892, 18.616 ], [ 73.892, 18.625 ], [ 73.883, 18.625 ], [ 73.883, 18.616 ], [ 73.892, 18.616 ] ] ] } },
{ "type": "Feature", "properties": { "cell_id": "P1484", "suhii_night": 1.92, "lst_day": 38.5, "lst_night": 28.2, "frac_built": 0.6, "frac_tree": 0.1, "suhii_night_normalized": 1.92, "suhii_night_ml": 1.92, "suhii_night_2031": 2.34, "suhii_night_2041": 3.1 }, "geometry": { "type": "Polygon", "coordinates": [ [ [ 73.892, 18.625 ], [ 73.892, 18.634 ], [ 73.883, 18.634 ], [ 73.883, 18.625 ], [ 73.892, 18.625 ] ] ] } },
{ "type": "Feature", "properties": { "cell_id": "P1485", "suhii_night": 1.92, "lst_day": 38.5, "lst_night": 28.2, "frac_built": 0.6, "frac_tree": 0.1, "suhii_night_normalized": 1.92, "suhii_night_ml": 1.92, "suhii_night_2031": 2.34, "suhii_night_2041": 3.1 }, "geometry": { "type": "Polygon", "coordinates": [ [ [ 73.892, 18.634 ], [ 73.892, 18.643 ], [ 73.883, 18.643 ], [ 73.883, 18.634 ], [ 73.892, 18.634 ] ] ] } },
{ "type": "Feature", "properties": { "cell_id": "P1486", "suhii_night": 1.92, "lst_day": 38.5, "lst_night": 28.2, "frac_built": 0.6, "frac_tree": 0.1, "suhii_night_normalized": 1.92, "suhii_night_ml": 1.92, "suhii_night_2031": 2.34, "suhii_night_2041": 3.1 }, "geometry": { "type": "Polygon", "coordinates": [ [ [ 73.901, 18.4 ], [ 73.901, 18.409 ], [ 73.892, 18.409 ], [ 73.892, 18.4 ], [ 73.901, 18.4 ] ] ] } },
{ "type": "Feature", "properties": { "cell_id": "P1487", "suhii_night": 1.92, "lst_day": 38.5, "lst_night": 28.2, "frac_built": 0.6, "frac_tree": 0.1, "suhii_night_normalized": 1.92, "suhii_night_ml": 1.92, "suhii_night_2031": 2.34, "suhii_night_2041": 3.1 }, "geometry": { "type": "Polygon", "coordinates": [ [ [ 73.901, 18.409 ], [ 73.901, 18.418 ], [ 73.892, 18.418 ], [ 73.892, 18.409 ], [ 73.901, 18.409 ] ] ] } },
{ "type": "Feature", "properties": { "cell_id": "P1488", "suhii_night": 1.92, "lst_day": 38.5, "lst_night": 28.2, "frac_built": 0.6, "frac_tree": 0.1, "suhii_night_normalized": 1.92, "suhii_night_ml": 1.92, "suhii_night_2031": 2.34, "suhii_night_2041": 3.1 }, "geometry": { "type": "Polygon", "coordinates": [ [ [ 73.901, 18.418 ], [ 73.901, 18.427 ], [ 73.892, 18.427 ], [ 73.892, 18.418 ], [ 73.901, 18.418 ] ] ] } },
{ "type": "Feature", "properties": { "cell_id": "P1489", "suhii_night": 1.92, "lst_day": 38.5, "lst_night": 28.2, "frac_built": 0.6, "frac_tree": 0.1, "suhii_night_normalized": 1.92, "suhii_night_ml": 1.92, "suhii_night_2031": 2.34, "suhii_night_2041": 3.1 }, "geometry": { "type": "Polygon", "coordinates": [ [ [ 73.901, 18.427 ], [ 73.901, 18.436 ], [ 73.892, 18.436 ], [ 73.892, 18.427 ], [ 73.901, 18.427 ] ] ] } },
{ "type": "Feature", "properties": { "cell_id": "P1490", "suhii_night": 1.92, "lst_day": 38.5, "lst_night": 28.2, "frac_built": 0.6, "frac_tree": 0.1, "suhii_night_normalized": 1.92, "suhii_night_ml": 1.92, "suhii_night_2031": 2.34, "suhii_night_2041": 3.1 }, "geometry": { "type": "Polygon", "coordinates": [ [ [ 73.901, 18.436 ], [ 73.901, 18.445 ], [ 73.892, 18.445 ], [ 73.892, 18.436 ], [ 73.901, 18.436 ] ] ] } },
{ "type": "Feature", "properties": { "cell_id": "P1491", "suhii_night": 1.92, "lst_day": 38.5, "lst_night": 28.2, "frac_built": 0.6, "frac_tree": 0.1, "suhii_night_normalized": 1.92, "suhii_night_ml": 1.92, "suhii_night_2031": 2.34, "suhii_night_2041": 3.1 }, "geometry": { "type": "Polygon", "coordinates": [ [ [ 73.901, 18.445 ], [ 73.901, 18.454 ], [ 73.892, 18.454 ], [ 73.892, 18.445 ], [ 73.901, 18.445 ] ] ] } },
{ "type": "Feature", "properties": { "cell_id": "P1492", "suhii_night": 1.92, "lst_day": 38.5, "lst_night": 28.2, "frac_built": 0.6, "frac_tree": 0.1, "suhii_night_normalized": 1.92, "suhii_night_ml": 1.92, "suhii_night_2031": 2.34, "suhii_night_2041": 3.1 }, "geometry": { "type": "Polygon", "coordinates": [ [ [ 73.901, 18.454 ], [ 73.901, 18.463 ], [ 73.892, 18.463 ], [ 73.892, 18.454 ], [ 73.901, 18.454 ] ] ] } },
{ "type": "Feature", "properties": { "cell_id": "P1493", "suhii_night": 1.92, "lst_day": 38.5, "lst_night": 28.2, "frac_built": 0.6, "frac_tree": 0.1, "suhii_night_normalized": 1.92, "suhii_night_ml": 1.92, "suhii_night_2031": 2.34, "suhii_night_2041": 3.1 }, "geometry": { "type": "Polygon", "coordinates": [ [ [ 73.901, 18.463 ], [ 73.901, 18.472 ], [ 73.892, 18.472 ], [ 73.892, 18.463 ], [ 73.901, 18.463 ] ] ] } },
{ "type": "Feature", "properties": { "cell_id": "P1494", "suhii_night": 1.92, "lst_day": 38.5, "lst_night": 28.2, "frac_built": 0.6, "frac_tree": 0.1, "suhii_night_normalized": 1.92, "suhii_night_ml": 1.92, "suhii_night_2031": 2.34, "suhii_night_2041": 3.1 }, "geometry": { "type": "Polygon", "coordinates": [ [ [ 73.901, 18.472 ], [ 73.901, 18.481 ], [ 73.892, 18.481 ], [ 73.892, 18.472 ], [ 73.901, 18.472 ] ] ] } },
{ "type": "Feature", "properties": { "cell_id": "P1495", "suhii_night": 1.92, "lst_day": 38.5, "lst_night": 28.2, "frac_built": 0.6, "frac_tree": 0.1, "suhii_night_normalized": 1.92, "suhii_night_ml": 1.92, "suhii_night_2031": 2.34, "suhii_night_2041": 3.1 }, "geometry": { "type": "Polygon", "coordinates": [ [ [ 73.901, 18.481 ], [ 73.901, 18.49 ], [ 73.892, 18.49 ], [ 73.892, 18.481 ], [ 73.901, 18.481 ] ] ] } },
{ "type": "Feature", "properties": { "cell_id": "P1496", "suhii_night": 1.92, "lst_day": 38.5, "lst_night": 28.2, "frac_built": 0.6, "frac_tree": 0.1, "suhii_night_normalized": 1.92, "suhii_night_ml": 1.92, "suhii_night_2031": 2.34, "suhii_night_2041": 3.1 }, "geometry": { "type": "Polygon", "coordinates": [ [ [ 73.901, 18.49 ], [ 73.901, 18.499 ], [ 73.892, 18.499 ], [ 73.892, 18.49 ], [ 73.901, 18.49 ] ] ] } },
{ "type": "Feature", "properties": { "cell_id": "P1497", "suhii_night": 1.92, "lst_day": 38.5, "lst_night": 28.2, "frac_built": 0.6, "frac_tree": 0.1, "suhii_night_normalized": 1.92, "suhii_night_ml": 1.92, "suhii_night_2031": 2.34, "suhii_night_2041": 3.1 }, "geometry": { "type": "Polygon", "coordinates": [ [ [ 73.901, 18.499 ], [ 73.901, 18.508 ], [ 73.892, 18.508 ], [ 73.892, 18.499 ], [ 73.901, 18.499 ] ] ] } },
{ "type": "Feature", "properties": { "cell_id": "P1498", "suhii_night": 1.92, "lst_day": 38.5, "lst_night": 28.2, "frac_built": 0.6, "frac_tree": 0.1, "suhii_night_normalized": 1.92, "suhii_night_ml": 1.92, "suhii_night_2031": 2.34, "suhii_night_2041": 3.1 }, "geometry": { "type": "Polygon", "coordinates": [ [ [ 73.901, 18.508 ], [ 73.901, 18.517 ], [ 73.892, 18.517 ], [ 73.892, 18.508 ], [ 73.901, 18.508 ] ] ] } },
{ "type": "Feature", "properties": { "cell_id": "P1499", "suhii_night": 1.92, "lst_day": 38.5, "lst_night": 28.2, "frac_built": 0.6, "frac_tree": 0.1, "suhii_night_normalized": 1.92, "suhii_night_ml": 1.92, "suhii_night_2031": 2.34, "suhii_night_2041": 3.1 }, "geometry": { "type": "Polygon", "coordinates": [ [ [ 73.901, 18.517 ], [ 73.901, 18.526 ], [ 73.892, 18.526 ], [ 73.892, 18.517 ], [ 73.901, 18.517 ] ] ] } },
{ "type": "Feature", "properties": { "cell_id": "P1500", "suhii_night": 1.92, "lst_day": 38.5, "lst_night": 28.2, "frac_built": 0.6, "frac_tree": 0.1, "suhii_night_normalized": 1.92, "suhii_night_ml": 1.92, "suhii_night_2031": 2.34, "suhii_night_2041": 3.1 }, "geometry": { "type": "Polygon", "coordinates": [ [ [ 73.901, 18.526 ], [ 73.901, 18.535 ], [ 73.892, 18.535 ], [ 73.892, 18.526 ], [ 73.901, 18.526 ] ] ] } },
{ "type": "Feature", "properties": { "cell_id": "P1501", "suhii_night": 1.92, "lst_day": 38.5, "lst_night": 28.2, "frac_built": 0.6, "frac_tree": 0.1, "suhii_night_normalized": 1.92, "suhii_night_ml": 1.92, "suhii_night_2031": 2.34, "suhii_night_2041": 3.1 }, "geometry": { "type": "Polygon", "coordinates": [ [ [ 73.901, 18.535 ], [ 73.901, 18.544 ], [ 73.892, 18.544 ], [ 73.892, 18.535 ], [ 73.901, 18.535 ] ] ] } },
{ "type": "Feature", "properties": { "cell_id": "P1502", "suhii_night": 1.92, "lst_day": 38.5, "lst_night": 28.2, "frac_built": 0.6, "frac_tree": 0.1, "suhii_night_normalized": 1.92, "suhii_night_ml": 1.92, "suhii_night_2031": 2.34, "suhii_night_2041": 3.1 }, "geometry": { "type": "Polygon", "coordinates": [ [ [ 73.901, 18.544 ], [ 73.901, 18.553 ], [ 73.892, 18.553 ], [ 73.892, 18.544 ], [ 73.901, 18.544 ] ] ] } },
{ "type": "Feature", "properties": { "cell_id": "P1503", "suhii_night": 1.92, "lst_day": 38.5, "lst_night": 28.2, "frac_built": 0.6, "frac_tree": 0.1, "suhii_night_normalized": 1.92, "suhii_night_ml": 1.92, "suhii_night_2031": 2.34, "suhii_night_2041": 3.1 }, "geometry": { "type": "Polygon", "coordinates": [ [ [ 73.901, 18.553 ], [ 73.901, 18.562 ], [ 73.892, 18.562 ], [ 73.892, 18.553 ], [ 73.901, 18.553 ] ] ] } },
{ "type": "Feature", "properties": { "cell_id": "P1504", "suhii_night": 1.92, "lst_day": 38.5, "lst_night": 28.2, "frac_built": 0.6, "frac_tree": 0.1, "suhii_night_normalized": 1.92, "suhii_night_ml": 1.92, "suhii_night_2031": 2.34, "suhii_night_2041": 3.1 }, "geometry": { "type": "Polygon", "coordinates": [ [ [ 73.901, 18.562 ], [ 73.901, 18.571 ], [ 73.892, 18.571 ], [ 73.892, 18.562 ], [ 73.901, 18.562 ] ] ] } },
{ "type": "Feature", "properties": { "cell_id": "P1505", "suhii_night": 1.92, "lst_day": 38.5, "lst_night": 28.2, "frac_built": 0.6, "frac_tree": 0.1, "suhii_night_normalized": 1.92, "suhii_night_ml": 1.92, "suhii_night_2031": 2.34, "suhii_night_2041": 3.1 }, "geometry": { "type": "Polygon", "coordinates": [ [ [ 73.901, 18.571 ], [ 73.901, 18.58 ], [ 73.892, 18.58 ], [ 73.892, 18.571 ], [ 73.901, 18.571 ] ] ] } },
{ "type": "Feature", "properties": { "cell_id": "P1506", "suhii_night": 1.92, "lst_day": 38.5, "lst_night": 28.2, "frac_built": 0.6, "frac_tree": 0.1, "suhii_night_normalized": 1.92, "suhii_night_ml": 1.92, "suhii_night_2031": 2.34, "suhii_night_2041": 3.1 }, "geometry": { "type": "Polygon", "coordinates": [ [ [ 73.901, 18.58 ], [ 73.901, 18.589 ], [ 73.892, 18.589 ], [ 73.892, 18.58 ], [ 73.901, 18.58 ] ] ] } },
{ "type": "Feature", "properties": { "cell_id": "P1507", "suhii_night": 1.92, "lst_day": 38.5, "lst_night": 28.2, "frac_built": 0.6, "frac_tree": 0.1, "suhii_night_normalized": 1.92, "suhii_night_ml": 1.92, "suhii_night_2031": 2.34, "suhii_night_2041": 3.1 }, "geometry": { "type": "Polygon", "coordinates": [ [ [ 73.901, 18.589 ], [ 73.901, 18.598 ], [ 73.892, 18.598 ], [ 73.892, 18.589 ], [ 73.901, 18.589 ] ] ] } },
{ "type": "Feature", "properties": { "cell_id": "P1508", "suhii_night": 1.92, "lst_day": 38.5, "lst_night": 28.2, "frac_built": 0.6, "frac_tree": 0.1, "suhii_night_normalized": 1.92, "suhii_night_ml": 1.92, "suhii_night_2031": 2.34, "suhii_night_2041": 3.1 }, "geometry": { "type": "Polygon", "coordinates": [ [ [ 73.901, 18.598 ], [ 73.901, 18.607 ], [ 73.892, 18.607 ], [ 73.892, 18.598 ], [ 73.901, 18.598 ] ] ] } },
{ "type": "Feature", "properties": { "cell_id": "P1509", "suhii_night": 1.92, "lst_day": 38.5, "lst_night": 28.2, "frac_built": 0.6, "frac_tree": 0.1, "suhii_night_normalized": 1.92, "suhii_night_ml": 1.92, "suhii_night_2031": 2.34, "suhii_night_2041": 3.1 }, "geometry": { "type": "Polygon", "coordinates": [ [ [ 73.901, 18.607 ], [ 73.901, 18.616 ], [ 73.892, 18.616 ], [ 73.892, 18.607 ], [ 73.901, 18.607 ] ] ] } },
{ "type": "Feature", "properties": { "cell_id": "P1510", "suhii_night": 1.92, "lst_day": 38.5, "lst_night": 28.2, "frac_built": 0.6, "frac_tree": 0.1, "suhii_night_normalized": 1.92, "suhii_night_ml": 1.92, "suhii_night_2031": 2.34, "suhii_night_2041": 3.1 }, "geometry": { "type": "Polygon", "coordinates": [ [ [ 73.901, 18.616 ], [ 73.901, 18.625 ], [ 73.892, 18.625 ], [ 73.892, 18.616 ], [ 73.901, 18.616 ] ] ] } },
{ "type": "Feature", "properties": { "cell_id": "P1511", "suhii_night": 1.92, "lst_day": 38.5, "lst_night": 28.2, "frac_built": 0.6, "frac_tree": 0.1, "suhii_night_normalized": 1.92, "suhii_night_ml": 1.92, "suhii_night_2031": 2.34, "suhii_night_2041": 3.1 }, "geometry": { "type": "Polygon", "coordinates": [ [ [ 73.901, 18.625 ], [ 73.901, 18.634 ], [ 73.892, 18.634 ], [ 73.892, 18.625 ], [ 73.901, 18.625 ] ] ] } },
{ "type": "Feature", "properties": { "cell_id": "P1512", "suhii_night": 1.92, "lst_day": 38.5, "lst_night": 28.2, "frac_built": 0.6, "frac_tree": 0.1, "suhii_night_normalized": 1.92, "suhii_night_ml": 1.92, "suhii_night_2031": 2.34, "suhii_night_2041": 3.1 }, "geometry": { "type": "Polygon", "coordinates": [ [ [ 73.901, 18.634 ], [ 73.901, 18.643 ], [ 73.892, 18.643 ], [ 73.892, 18.634 ], [ 73.901, 18.634 ] ] ] } },
{ "type": "Feature", "properties": { "cell_id": "P1513", "suhii_night": 1.92, "lst_day": 38.5, "lst_night": 28.2, "frac_built": 0.6, "frac_tree": 0.1, "suhii_night_normalized": 1.92, "suhii_night_ml": 1.92, "suhii_night_2031": 2.34, "suhii_night_2041": 3.1 }, "geometry": { "type": "Polygon", "coordinates": [ [ [ 73.91, 18.4 ], [ 73.91, 18.409 ], [ 73.901, 18.409 ], [ 73.901, 18.4 ], [ 73.91, 18.4 ] ] ] } },
{ "type": "Feature", "properties": { "cell_id": "P1514", "suhii_night": 1.92, "lst_day": 38.5, "lst_night": 28.2, "frac_built": 0.6, "frac_tree": 0.1, "suhii_night_normalized": 1.92, "suhii_night_ml": 1.92, "suhii_night_2031": 2.34, "suhii_night_2041": 3.1 }, "geometry": { "type": "Polygon", "coordinates": [ [ [ 73.91, 18.409 ], [ 73.91, 18.418 ], [ 73.901, 18.418 ], [ 73.901, 18.409 ], [ 73.91, 18.409 ] ] ] } },
{ "type": "Feature", "properties": { "cell_id": "P1515", "suhii_night": 1.92, "lst_day": 38.5, "lst_night": 28.2, "frac_built": 0.6, "frac_tree": 0.1, "suhii_night_normalized": 1.92, "suhii_night_ml": 1.92, "suhii_night_2031": 2.34, "suhii_night_2041": 3.1 }, "geometry": { "type": "Polygon", "coordinates": [ [ [ 73.91, 18.418 ], [ 73.91, 18.427 ], [ 73.901, 18.427 ], [ 73.901, 18.418 ], [ 73.91, 18.418 ] ] ] } },
{ "type": "Feature", "properties": { "cell_id": "P1516", "suhii_night": 1.92, "lst_day": 38.5, "lst_night": 28.2, "frac_built": 0.6, "frac_tree": 0.1, "suhii_night_normalized": 1.92, "suhii_night_ml": 1.92, "suhii_night_2031": 2.34, "suhii_night_2041": 3.1 }, "geometry": { "type": "Polygon", "coordinates": [ [ [ 73.91, 18.427 ], [ 73.91, 18.436 ], [ 73.901, 18.436 ], [ 73.901, 18.427 ], [ 73.91, 18.427 ] ] ] } },
{ "type": "Feature", "properties": { "cell_id": "P1517", "suhii_night": 1.92, "lst_day": 38.5, "lst_night": 28.2, "frac_built": 0.6, "frac_tree": 0.1, "suhii_night_normalized": 1.92, "suhii_night_ml": 1.92, "suhii_night_2031": 2.34, "suhii_night_2041": 3.1 }, "geometry": { "type": "Polygon", "coordinates": [ [ [ 73.91, 18.436 ], [ 73.91, 18.445 ], [ 73.901, 18.445 ], [ 73.901, 18.436 ], [ 73.91, 18.436 ] ] ] } },
{ "type": "Feature", "properties": { "cell_id": "P1518", "suhii_night": 1.92, "lst_day": 38.5, "lst_night": 28.2, "frac_built": 0.6, "frac_tree": 0.1, "suhii_night_normalized": 1.92, "suhii_night_ml": 1.92, "suhii_night_2031": 2.34, "suhii_night_2041": 3.1 }, "geometry": { "type": "Polygon", "coordinates": [ [ [ 73.91, 18.445 ], [ 73.91, 18.454 ], [ 73.901, 18.454 ], [ 73.901, 18.445 ], [ 73.91, 18.445 ] ] ] } },
{ "type": "Feature", "properties": { "cell_id": "P1519", "suhii_night": 1.92, "lst_day": 38.5, "lst_night": 28.2, "frac_built": 0.6, "frac_tree": 0.1, "suhii_night_normalized": 1.92, "suhii_night_ml": 1.92, "suhii_night_2031": 2.34, "suhii_night_2041": 3.1 }, "geometry": { "type": "Polygon", "coordinates": [ [ [ 73.91, 18.454 ], [ 73.91, 18.463 ], [ 73.901, 18.463 ], [ 73.901, 18.454 ], [ 73.91, 18.454 ] ] ] } },
{ "type": "Feature", "properties": { "cell_id": "P1520", "suhii_night": 1.92, "lst_day": 38.5, "lst_night": 28.2, "frac_built": 0.6, "frac_tree": 0.1, "suhii_night_normalized": 1.92, "suhii_night_ml": 1.92, "suhii_night_2031": 2.34, "suhii_night_2041": 3.1 }, "geometry": { "type": "Polygon", "coordinates": [ [ [ 73.91, 18.463 ], [ 73.91, 18.472 ], [ 73.901, 18.472 ], [ 73.901, 18.463 ], [ 73.91, 18.463 ] ] ] } },
{ "type": "Feature", "properties": { "cell_id": "P1521", "suhii_night": 1.92, "lst_day": 38.5, "lst_night": 28.2, "frac_built": 0.6, "frac_tree": 0.1, "suhii_night_normalized": 1.92, "suhii_night_ml": 1.92, "suhii_night_2031": 2.34, "suhii_night_2041": 3.1 }, "geometry": { "type": "Polygon", "coordinates": [ [ [ 73.91, 18.472 ], [ 73.91, 18.481 ], [ 73.901, 18.481 ], [ 73.901, 18.472 ], [ 73.91, 18.472 ] ] ] } },
{ "type": "Feature", "properties": { "cell_id": "P1522", "suhii_night": 1.92, "lst_day": 38.5, "lst_night": 28.2, "frac_built": 0.6, "frac_tree": 0.1, "suhii_night_normalized": 1.92, "suhii_night_ml": 1.92, "suhii_night_2031": 2.34, "suhii_night_2041": 3.1 }, "geometry": { "type": "Polygon", "coordinates": [ [ [ 73.91, 18.481 ], [ 73.91, 18.49 ], [ 73.901, 18.49 ], [ 73.901, 18.481 ], [ 73.91, 18.481 ] ] ] } },
{ "type": "Feature", "properties": { "cell_id": "P1523", "suhii_night": 1.92, "lst_day": 38.5, "lst_night": 28.2, "frac_built": 0.6, "frac_tree": 0.1, "suhii_night_normalized": 1.92, "suhii_night_ml": 1.92, "suhii_night_2031": 2.34, "suhii_night_2041": 3.1 }, "geometry": { "type": "Polygon", "coordinates": [ [ [ 73.91, 18.49 ], [ 73.91, 18.499 ], [ 73.901, 18.499 ], [ 73.901, 18.49 ], [ 73.91, 18.49 ] ] ] } },
{ "type": "Feature", "properties": { "cell_id": "P1524", "suhii_night": 1.92, "lst_day": 38.5, "lst_night": 28.2, "frac_built": 0.6, "frac_tree": 0.1, "suhii_night_normalized": 1.92, "suhii_night_ml": 1.92, "suhii_night_2031": 2.34, "suhii_night_2041": 3.1 }, "geometry": { "type": "Polygon", "coordinates": [ [ [ 73.91, 18.499 ], [ 73.91, 18.508 ], [ 73.901, 18.508 ], [ 73.901, 18.499 ], [ 73.91, 18.499 ] ] ] } },
{ "type": "Feature", "properties": { "cell_id": "P1525", "suhii_night": 1.92, "lst_day": 38.5, "lst_night": 28.2, "frac_built": 0.6, "frac_tree": 0.1, "suhii_night_normalized": 1.92, "suhii_night_ml": 1.92, "suhii_night_2031": 2.34, "suhii_night_2041": 3.1 }, "geometry": { "type": "Polygon", "coordinates": [ [ [ 73.91, 18.508 ], [ 73.91, 18.517 ], [ 73.901, 18.517 ], [ 73.901, 18.508 ], [ 73.91, 18.508 ] ] ] } },
{ "type": "Feature", "properties": { "cell_id": "P1526", "suhii_night": 1.92, "lst_day": 38.5, "lst_night": 28.2, "frac_built": 0.6, "frac_tree": 0.1, "suhii_night_normalized": 1.92, "suhii_night_ml": 1.92, "suhii_night_2031": 2.34, "suhii_night_2041": 3.1 }, "geometry": { "type": "Polygon", "coordinates": [ [ [ 73.91, 18.517 ], [ 73.91, 18.526 ], [ 73.901, 18.526 ], [ 73.901, 18.517 ], [ 73.91, 18.517 ] ] ] } },
{ "type": "Feature", "properties": { "cell_id": "P1527", "suhii_night": 1.92, "lst_day": 38.5, "lst_night": 28.2, "frac_built": 0.6, "frac_tree": 0.1, "suhii_night_normalized": 1.92, "suhii_night_ml": 1.92, "suhii_night_2031": 2.34, "suhii_night_2041": 3.1 }, "geometry": { "type": "Polygon", "coordinates": [ [ [ 73.91, 18.526 ], [ 73.91, 18.535 ], [ 73.901, 18.535 ], [ 73.901, 18.526 ], [ 73.91, 18.526 ] ] ] } },
{ "type": "Feature", "properties": { "cell_id": "P1528", "suhii_night": 1.92, "lst_day": 38.5, "lst_night": 28.2, "frac_built": 0.6, "frac_tree": 0.1, "suhii_night_normalized": 1.92, "suhii_night_ml": 1.92, "suhii_night_2031": 2.34, "suhii_night_2041": 3.1 }, "geometry": { "type": "Polygon", "coordinates": [ [ [ 73.91, 18.535 ], [ 73.91, 18.544 ], [ 73.901, 18.544 ], [ 73.901, 18.535 ], [ 73.91, 18.535 ] ] ] } },
{ "type": "Feature", "properties": { "cell_id": "P1529", "suhii_night": 1.92, "lst_day": 38.5, "lst_night": 28.2, "frac_built": 0.6, "frac_tree": 0.1, "suhii_night_normalized": 1.92, "suhii_night_ml": 1.92, "suhii_night_2031": 2.34, "suhii_night_2041": 3.1 }, "geometry": { "type": "Polygon", "coordinates": [ [ [ 73.91, 18.544 ], [ 73.91, 18.553 ], [ 73.901, 18.553 ], [ 73.901, 18.544 ], [ 73.91, 18.544 ] ] ] } },
{ "type": "Feature", "properties": { "cell_id": "P1530", "suhii_night": 1.92, "lst_day": 38.5, "lst_night": 28.2, "frac_built": 0.6, "frac_tree": 0.1, "suhii_night_normalized": 1.92, "suhii_night_ml": 1.92, "suhii_night_2031": 2.34, "suhii_night_2041": 3.1 }, "geometry": { "type": "Polygon", "coordinates": [ [ [ 73.91, 18.553 ], [ 73.91, 18.562 ], [ 73.901, 18.562 ], [ 73.901, 18.553 ], [ 73.91, 18.553 ] ] ] } },
{ "type": "Feature", "properties": { "cell_id": "P1531", "suhii_night": 1.92, "lst_day": 38.5, "lst_night": 28.2, "frac_built": 0.6, "frac_tree": 0.1, "suhii_night_normalized": 1.92, "suhii_night_ml": 1.92, "suhii_night_2031": 2.34, "suhii_night_2041": 3.1 }, "geometry": { "type": "Polygon", "coordinates": [ [ [ 73.91, 18.562 ], [ 73.91, 18.571 ], [ 73.901, 18.571 ], [ 73.901, 18.562 ], [ 73.91, 18.562 ] ] ] } },
{ "type": "Feature", "properties": { "cell_id": "P1532", "suhii_night": 1.92, "lst_day": 38.5, "lst_night": 28.2, "frac_built": 0.6, "frac_tree": 0.1, "suhii_night_normalized": 1.92, "suhii_night_ml": 1.92, "suhii_night_2031": 2.34, "suhii_night_2041": 3.1 }, "geometry": { "type": "Polygon", "coordinates": [ [ [ 73.91, 18.571 ], [ 73.91, 18.58 ], [ 73.901, 18.58 ], [ 73.901, 18.571 ], [ 73.91, 18.571 ] ] ] } },
{ "type": "Feature", "properties": { "cell_id": "P1533", "suhii_night": 1.92, "lst_day": 38.5, "lst_night": 28.2, "frac_built": 0.6, "frac_tree": 0.1, "suhii_night_normalized": 1.92, "suhii_night_ml": 1.92, "suhii_night_2031": 2.34, "suhii_night_2041": 3.1 }, "geometry": { "type": "Polygon", "coordinates": [ [ [ 73.91, 18.58 ], [ 73.91, 18.589 ], [ 73.901, 18.589 ], [ 73.901, 18.58 ], [ 73.91, 18.58 ] ] ] } },
{ "type": "Feature", "properties": { "cell_id": "P1534", "suhii_night": 1.92, "lst_day": 38.5, "lst_night": 28.2, "frac_built": 0.6, "frac_tree": 0.1, "suhii_night_normalized": 1.92, "suhii_night_ml": 1.92, "suhii_night_2031": 2.34, "suhii_night_2041": 3.1 }, "geometry": { "type": "Polygon", "coordinates": [ [ [ 73.91, 18.589 ], [ 73.91, 18.598 ], [ 73.901, 18.598 ], [ 73.901, 18.589 ], [ 73.91, 18.589 ] ] ] } },
{ "type": "Feature", "properties": { "cell_id": "P1535", "suhii_night": 1.92, "lst_day": 38.5, "lst_night": 28.2, "frac_built": 0.6, "frac_tree": 0.1, "suhii_night_normalized": 1.92, "suhii_night_ml": 1.92, "suhii_night_2031": 2.34, "suhii_night_2041": 3.1 }, "geometry": { "type": "Polygon", "coordinates": [ [ [ 73.91, 18.598 ], [ 73.91, 18.607 ], [ 73.901, 18.607 ], [ 73.901, 18.598 ], [ 73.91, 18.598 ] ] ] } },
{ "type": "Feature", "properties": { "cell_id": "P1536", "suhii_night": 1.92, "lst_day": 38.5, "lst_night": 28.2, "frac_built": 0.6, "frac_tree": 0.1, "suhii_night_normalized": 1.92, "suhii_night_ml": 1.92, "suhii_night_2031": 2.34, "suhii_night_2041": 3.1 }, "geometry": { "type": "Polygon", "coordinates": [ [ [ 73.91, 18.607 ], [ 73.91, 18.616 ], [ 73.901, 18.616 ], [ 73.901, 18.607 ], [ 73.91, 18.607 ] ] ] } },
{ "type": "Feature", "properties": { "cell_id": "P1537", "suhii_night": 1.92, "lst_day": 38.5, "lst_night": 28.2, "frac_built": 0.6, "frac_tree": 0.1, "suhii_night_normalized": 1.92, "suhii_night_ml": 1.92, "suhii_night_2031": 2.34, "suhii_night_2041": 3.1 }, "geometry": { "type": "Polygon", "coordinates": [ [ [ 73.91, 18.616 ], [ 73.91, 18.625 ], [ 73.901, 18.625 ], [ 73.901, 18.616 ], [ 73.91, 18.616 ] ] ] } },
{ "type": "Feature", "properties": { "cell_id": "P1538", "suhii_night": 1.92, "lst_day": 38.5, "lst_night": 28.2, "frac_built": 0.6, "frac_tree": 0.1, "suhii_night_normalized": 1.92, "suhii_night_ml": 1.92, "suhii_night_2031": 2.34, "suhii_night_2041": 3.1 }, "geometry": { "type": "Polygon", "coordinates": [ [ [ 73.91, 18.625 ], [ 73.91, 18.634 ], [ 73.901, 18.634 ], [ 73.901, 18.625 ], [ 73.91, 18.625 ] ] ] } },
{ "type": "Feature", "properties": { "cell_id": "P1539", "suhii_night": 1.92, "lst_day": 38.5, "lst_night": 28.2, "frac_built": 0.6, "frac_tree": 0.1, "suhii_night_normalized": 1.92, "suhii_night_ml": 1.92, "suhii_night_2031": 2.34, "suhii_night_2041": 3.1 }, "geometry": { "type": "Polygon", "coordinates": [ [ [ 73.91, 18.634 ], [ 73.91, 18.643 ], [ 73.901, 18.643 ], [ 73.901, 18.634 ], [ 73.91, 18.634 ] ] ] } },
{ "type": "Feature", "properties": { "cell_id": "P1540", "suhii_night": 1.92, "lst_day": 38.5, "lst_night": 28.2, "frac_built": 0.6, "frac_tree": 0.1, "suhii_night_normalized": 1.92, "suhii_night_ml": 1.92, "suhii_night_2031": 2.34, "suhii_night_2041": 3.1 }, "geometry": { "type": "Polygon", "coordinates": [ [ [ 73.919, 18.4 ], [ 73.919, 18.409 ], [ 73.91, 18.409 ], [ 73.91, 18.4 ], [ 73.919, 18.4 ] ] ] } },
{ "type": "Feature", "properties": { "cell_id": "P1541", "suhii_night": 1.92, "lst_day": 38.5, "lst_night": 28.2, "frac_built": 0.6, "frac_tree": 0.1, "suhii_night_normalized": 1.92, "suhii_night_ml": 1.92, "suhii_night_2031": 2.34, "suhii_night_2041": 3.1 }, "geometry": { "type": "Polygon", "coordinates": [ [ [ 73.919, 18.409 ], [ 73.919, 18.418 ], [ 73.91, 18.418 ], [ 73.91, 18.409 ], [ 73.919, 18.409 ] ] ] } },
{ "type": "Feature", "properties": { "cell_id": "P1542", "suhii_night": 1.92, "lst_day": 38.5, "lst_night": 28.2, "frac_built": 0.6, "frac_tree": 0.1, "suhii_night_normalized": 1.92, "suhii_night_ml": 1.92, "suhii_night_2031": 2.34, "suhii_night_2041": 3.1 }, "geometry": { "type": "Polygon", "coordinates": [ [ [ 73.919, 18.418 ], [ 73.919, 18.427 ], [ 73.91, 18.427 ], [ 73.91, 18.418 ], [ 73.919, 18.418 ] ] ] } },
{ "type": "Feature", "properties": { "cell_id": "P1543", "suhii_night": 1.92, "lst_day": 38.5, "lst_night": 28.2, "frac_built": 0.6, "frac_tree": 0.1, "suhii_night_normalized": 1.92, "suhii_night_ml": 1.92, "suhii_night_2031": 2.34, "suhii_night_2041": 3.1 }, "geometry": { "type": "Polygon", "coordinates": [ [ [ 73.919, 18.427 ], [ 73.919, 18.436 ], [ 73.91, 18.436 ], [ 73.91, 18.427 ], [ 73.919, 18.427 ] ] ] } },
{ "type": "Feature", "properties": { "cell_id": "P1544", "suhii_night": 1.92, "lst_day": 38.5, "lst_night": 28.2, "frac_built": 0.6, "frac_tree": 0.1, "suhii_night_normalized": 1.92, "suhii_night_ml": 1.92, "suhii_night_2031": 2.34, "suhii_night_2041": 3.1 }, "geometry": { "type": "Polygon", "coordinates": [ [ [ 73.919, 18.436 ], [ 73.919, 18.445 ], [ 73.91, 18.445 ], [ 73.91, 18.436 ], [ 73.919, 18.436 ] ] ] } },
{ "type": "Feature", "properties": { "cell_id": "P1545", "suhii_night": 1.92, "lst_day": 38.5, "lst_night": 28.2, "frac_built": 0.6, "frac_tree": 0.1, "suhii_night_normalized": 1.92, "suhii_night_ml": 1.92, "suhii_night_2031": 2.34, "suhii_night_2041": 3.1 }, "geometry": { "type": "Polygon", "coordinates": [ [ [ 73.919, 18.445 ], [ 73.919, 18.454 ], [ 73.91, 18.454 ], [ 73.91, 18.445 ], [ 73.919, 18.445 ] ] ] } },
{ "type": "Feature", "properties": { "cell_id": "P1546", "suhii_night": 1.92, "lst_day": 38.5, "lst_night": 28.2, "frac_built": 0.6, "frac_tree": 0.1, "suhii_night_normalized": 1.92, "suhii_night_ml": 1.92, "suhii_night_2031": 2.34, "suhii_night_2041": 3.1 }, "geometry": { "type": "Polygon", "coordinates": [ [ [ 73.919, 18.454 ], [ 73.919, 18.463 ], [ 73.91, 18.463 ], [ 73.91, 18.454 ], [ 73.919, 18.454 ] ] ] } },
{ "type": "Feature", "properties": { "cell_id": "P1547", "suhii_night": 1.92, "lst_day": 38.5, "lst_night": 28.2, "frac_built": 0.6, "frac_tree": 0.1, "suhii_night_normalized": 1.92, "suhii_night_ml": 1.92, "suhii_night_2031": 2.34, "suhii_night_2041": 3.1 }, "geometry": { "type": "Polygon", "coordinates": [ [ [ 73.919, 18.463 ], [ 73.919, 18.472 ], [ 73.91, 18.472 ], [ 73.91, 18.463 ], [ 73.919, 18.463 ] ] ] } },
{ "type": "Feature", "properties": { "cell_id": "P1548", "suhii_night": 1.92, "lst_day": 38.5, "lst_night": 28.2, "frac_built": 0.6, "frac_tree": 0.1, "suhii_night_normalized": 1.92, "suhii_night_ml": 1.92, "suhii_night_2031": 2.34, "suhii_night_2041": 3.1 }, "geometry": { "type": "Polygon", "coordinates": [ [ [ 73.919, 18.472 ], [ 73.919, 18.481 ], [ 73.91, 18.481 ], [ 73.91, 18.472 ], [ 73.919, 18.472 ] ] ] } },
{ "type": "Feature", "properties": { "cell_id": "P1549", "suhii_night": 1.92, "lst_day": 38.5, "lst_night": 28.2, "frac_built": 0.6, "frac_tree": 0.1, "suhii_night_normalized": 1.92, "suhii_night_ml": 1.92, "suhii_night_2031": 2.34, "suhii_night_2041": 3.1 }, "geometry": { "type": "Polygon", "coordinates": [ [ [ 73.919, 18.481 ], [ 73.919, 18.49 ], [ 73.91, 18.49 ], [ 73.91, 18.481 ], [ 73.919, 18.481 ] ] ] } },
{ "type": "Feature", "properties": { "cell_id": "P1550", "suhii_night": 1.92, "lst_day": 38.5, "lst_night": 28.2, "frac_built": 0.6, "frac_tree": 0.1, "suhii_night_normalized": 1.92, "suhii_night_ml": 1.92, "suhii_night_2031": 2.34, "suhii_night_2041": 3.1 }, "geometry": { "type": "Polygon", "coordinates": [ [ [ 73.919, 18.49 ], [ 73.919, 18.499 ], [ 73.91, 18.499 ], [ 73.91, 18.49 ], [ 73.919, 18.49 ] ] ] } },
{ "type": "Feature", "properties": { "cell_id": "P1551", "suhii_night": 1.92, "lst_day": 38.5, "lst_night": 28.2, "frac_built": 0.6, "frac_tree": 0.1, "suhii_night_normalized": 1.92, "suhii_night_ml": 1.92, "suhii_night_2031": 2.34, "suhii_night_2041": 3.1 }, "geometry": { "type": "Polygon", "coordinates": [ [ [ 73.919, 18.499 ], [ 73.919, 18.508 ], [ 73.91, 18.508 ], [ 73.91, 18.499 ], [ 73.919, 18.499 ] ] ] } },
{ "type": "Feature", "properties": { "cell_id": "P1552", "suhii_night": 1.92, "lst_day": 38.5, "lst_night": 28.2, "frac_built": 0.6, "frac_tree": 0.1, "suhii_night_normalized": 1.92, "suhii_night_ml": 1.92, "suhii_night_2031": 2.34, "suhii_night_2041": 3.1 }, "geometry": { "type": "Polygon", "coordinates": [ [ [ 73.919, 18.508 ], [ 73.919, 18.517 ], [ 73.91, 18.517 ], [ 73.91, 18.508 ], [ 73.919, 18.508 ] ] ] } },
{ "type": "Feature", "properties": { "cell_id": "P1553", "suhii_night": 1.92, "lst_day": 38.5, "lst_night": 28.2, "frac_built": 0.6, "frac_tree": 0.1, "suhii_night_normalized": 1.92, "suhii_night_ml": 1.92, "suhii_night_2031": 2.34, "suhii_night_2041": 3.1 }, "geometry": { "type": "Polygon", "coordinates": [ [ [ 73.919, 18.517 ], [ 73.919, 18.526 ], [ 73.91, 18.526 ], [ 73.91, 18.517 ], [ 73.919, 18.517 ] ] ] } },
{ "type": "Feature", "properties": { "cell_id": "P1554", "suhii_night": 1.92, "lst_day": 38.5, "lst_night": 28.2, "frac_built": 0.6, "frac_tree": 0.1, "suhii_night_normalized": 1.92, "suhii_night_ml": 1.92, "suhii_night_2031": 2.34, "suhii_night_2041": 3.1 }, "geometry": { "type": "Polygon", "coordinates": [ [ [ 73.919, 18.526 ], [ 73.919, 18.535 ], [ 73.91, 18.535 ], [ 73.91, 18.526 ], [ 73.919, 18.526 ] ] ] } },
{ "type": "Feature", "properties": { "cell_id": "P1555", "suhii_night": 1.92, "lst_day": 38.5, "lst_night": 28.2, "frac_built": 0.6, "frac_tree": 0.1, "suhii_night_normalized": 1.92, "suhii_night_ml": 1.92, "suhii_night_2031": 2.34, "suhii_night_2041": 3.1 }, "geometry": { "type": "Polygon", "coordinates": [ [ [ 73.919, 18.535 ], [ 73.919, 18.544 ], [ 73.91, 18.544 ], [ 73.91, 18.535 ], [ 73.919, 18.535 ] ] ] } },
{ "type": "Feature", "properties": { "cell_id": "P1556", "suhii_night": 1.92, "lst_day": 38.5, "lst_night": 28.2, "frac_built": 0.6, "frac_tree": 0.1, "suhii_night_normalized": 1.92, "suhii_night_ml": 1.92, "suhii_night_2031": 2.34, "suhii_night_2041": 3.1 }, "geometry": { "type": "Polygon", "coordinates": [ [ [ 73.919, 18.544 ], [ 73.919, 18.553 ], [ 73.91, 18.553 ], [ 73.91, 18.544 ], [ 73.919, 18.544 ] ] ] } },
{ "type": "Feature", "properties": { "cell_id": "P1557", "suhii_night": 1.92, "lst_day": 38.5, "lst_night": 28.2, "frac_built": 0.6, "frac_tree": 0.1, "suhii_night_normalized": 1.92, "suhii_night_ml": 1.92, "suhii_night_2031": 2.34, "suhii_night_2041": 3.1 }, "geometry": { "type": "Polygon", "coordinates": [ [ [ 73.919, 18.553 ], [ 73.919, 18.562 ], [ 73.91, 18.562 ], [ 73.91, 18.553 ], [ 73.919, 18.553 ] ] ] } },
{ "type": "Feature", "properties": { "cell_id": "P1558", "suhii_night": 1.92, "lst_day": 38.5, "lst_night": 28.2, "frac_built": 0.6, "frac_tree": 0.1, "suhii_night_normalized": 1.92, "suhii_night_ml": 1.92, "suhii_night_2031": 2.34, "suhii_night_2041": 3.1 }, "geometry": { "type": "Polygon", "coordinates": [ [ [ 73.919, 18.562 ], [ 73.919, 18.571 ], [ 73.91, 18.571 ], [ 73.91, 18.562 ], [ 73.919, 18.562 ] ] ] } },
{ "type": "Feature", "properties": { "cell_id": "P1559", "suhii_night": 1.92, "lst_day": 38.5, "lst_night": 28.2, "frac_built": 0.6, "frac_tree": 0.1, "suhii_night_normalized": 1.92, "suhii_night_ml": 1.92, "suhii_night_2031": 2.34, "suhii_night_2041": 3.1 }, "geometry": { "type": "Polygon", "coordinates": [ [ [ 73.919, 18.571 ], [ 73.919, 18.58 ], [ 73.91, 18.58 ], [ 73.91, 18.571 ], [ 73.919, 18.571 ] ] ] } },
{ "type": "Feature", "properties": { "cell_id": "P1560", "suhii_night": 1.92, "lst_day": 38.5, "lst_night": 28.2, "frac_built": 0.6, "frac_tree": 0.1, "suhii_night_normalized": 1.92, "suhii_night_ml": 1.92, "suhii_night_2031": 2.34, "suhii_night_2041": 3.1 }, "geometry": { "type": "Polygon", "coordinates": [ [ [ 73.919, 18.58 ], [ 73.919, 18.589 ], [ 73.91, 18.589 ], [ 73.91, 18.58 ], [ 73.919, 18.58 ] ] ] } },
{ "type": "Feature", "properties": { "cell_id": "P1561", "suhii_night": 1.92, "lst_day": 38.5, "lst_night": 28.2, "frac_built": 0.6, "frac_tree": 0.1, "suhii_night_normalized": 1.92, "suhii_night_ml": 1.92, "suhii_night_2031": 2.34, "suhii_night_2041": 3.1 }, "geometry": { "type": "Polygon", "coordinates": [ [ [ 73.919, 18.589 ], [ 73.919, 18.598 ], [ 73.91, 18.598 ], [ 73.91, 18.589 ], [ 73.919, 18.589 ] ] ] } },
{ "type": "Feature", "properties": { "cell_id": "P1562", "suhii_night": 1.92, "lst_day": 38.5, "lst_night": 28.2, "frac_built": 0.6, "frac_tree": 0.1, "suhii_night_normalized": 1.92, "suhii_night_ml": 1.92, "suhii_night_2031": 2.34, "suhii_night_2041": 3.1 }, "geometry": { "type": "Polygon", "coordinates": [ [ [ 73.919, 18.598 ], [ 73.919, 18.607 ], [ 73.91, 18.607 ], [ 73.91, 18.598 ], [ 73.919, 18.598 ] ] ] } },
{ "type": "Feature", "properties": { "cell_id": "P1563", "suhii_night": 1.92, "lst_day": 38.5, "lst_night": 28.2, "frac_built": 0.6, "frac_tree": 0.1, "suhii_night_normalized": 1.92, "suhii_night_ml": 1.92, "suhii_night_2031": 2.34, "suhii_night_2041": 3.1 }, "geometry": { "type": "Polygon", "coordinates": [ [ [ 73.919, 18.607 ], [ 73.919, 18.616 ], [ 73.91, 18.616 ], [ 73.91, 18.607 ], [ 73.919, 18.607 ] ] ] } },
{ "type": "Feature", "properties": { "cell_id": "P1564", "suhii_night": 1.92, "lst_day": 38.5, "lst_night": 28.2, "frac_built": 0.6, "frac_tree": 0.1, "suhii_night_normalized": 1.92, "suhii_night_ml": 1.92, "suhii_night_2031": 2.34, "suhii_night_2041": 3.1 }, "geometry": { "type": "Polygon", "coordinates": [ [ [ 73.919, 18.616 ], [ 73.919, 18.625 ], [ 73.91, 18.625 ], [ 73.91, 18.616 ], [ 73.919, 18.616 ] ] ] } },
{ "type": "Feature", "properties": { "cell_id": "P1565", "suhii_night": 1.92, "lst_day": 38.5, "lst_night": 28.2, "frac_built": 0.6, "frac_tree": 0.1, "suhii_night_normalized": 1.92, "suhii_night_ml": 1.92, "suhii_night_2031": 2.34, "suhii_night_2041": 3.1 }, "geometry": { "type": "Polygon", "coordinates": [ [ [ 73.919, 18.625 ], [ 73.919, 18.634 ], [ 73.91, 18.634 ], [ 73.91, 18.625 ], [ 73.919, 18.625 ] ] ] } },
{ "type": "Feature", "properties": { "cell_id": "P1566", "suhii_night": 1.92, "lst_day": 38.5, "lst_night": 28.2, "frac_built": 0.6, "frac_tree": 0.1, "suhii_night_normalized": 1.92, "suhii_night_ml": 1.92, "suhii_night_2031": 2.34, "suhii_night_2041": 3.1 }, "geometry": { "type": "Polygon", "coordinates": [ [ [ 73.919, 18.634 ], [ 73.919, 18.643 ], [ 73.91, 18.643 ], [ 73.91, 18.634 ], [ 73.919, 18.634 ] ] ] } },
{ "type": "Feature", "properties": { "cell_id": "P1567", "suhii_night": 1.92, "lst_day": 38.5, "lst_night": 28.2, "frac_built": 0.6, "frac_tree": 0.1, "suhii_night_normalized": 1.92, "suhii_night_ml": 1.92, "suhii_night_2031": 2.34, "suhii_night_2041": 3.1 }, "geometry": { "type": "Polygon", "coordinates": [ [ [ 73.928, 18.4 ], [ 73.928, 18.409 ], [ 73.919, 18.409 ], [ 73.919, 18.4 ], [ 73.928, 18.4 ] ] ] } },
{ "type": "Feature", "properties": { "cell_id": "P1568", "suhii_night": 1.92, "lst_day": 38.5, "lst_night": 28.2, "frac_built": 0.6, "frac_tree": 0.1, "suhii_night_normalized": 1.92, "suhii_night_ml": 1.92, "suhii_night_2031": 2.34, "suhii_night_2041": 3.1 }, "geometry": { "type": "Polygon", "coordinates": [ [ [ 73.928, 18.409 ], [ 73.928, 18.418 ], [ 73.919, 18.418 ], [ 73.919, 18.409 ], [ 73.928, 18.409 ] ] ] } },
{ "type": "Feature", "properties": { "cell_id": "P1569", "suhii_night": 1.92, "lst_day": 38.5, "lst_night": 28.2, "frac_built": 0.6, "frac_tree": 0.1, "suhii_night_normalized": 1.92, "suhii_night_ml": 1.92, "suhii_night_2031": 2.34, "suhii_night_2041": 3.1 }, "geometry": { "type": "Polygon", "coordinates": [ [ [ 73.928, 18.418 ], [ 73.928, 18.427 ], [ 73.919, 18.427 ], [ 73.919, 18.418 ], [ 73.928, 18.418 ] ] ] } },
{ "type": "Feature", "properties": { "cell_id": "P1570", "suhii_night": 1.92, "lst_day": 38.5, "lst_night": 28.2, "frac_built": 0.6, "frac_tree": 0.1, "suhii_night_normalized": 1.92, "suhii_night_ml": 1.92, "suhii_night_2031": 2.34, "suhii_night_2041": 3.1 }, "geometry": { "type": "Polygon", "coordinates": [ [ [ 73.928, 18.427 ], [ 73.928, 18.436 ], [ 73.919, 18.436 ], [ 73.919, 18.427 ], [ 73.928, 18.427 ] ] ] } },
{ "type": "Feature", "properties": { "cell_id": "P1571", "suhii_night": 1.92, "lst_day": 38.5, "lst_night": 28.2, "frac_built": 0.6, "frac_tree": 0.1, "suhii_night_normalized": 1.92, "suhii_night_ml": 1.92, "suhii_night_2031": 2.34, "suhii_night_2041": 3.1 }, "geometry": { "type": "Polygon", "coordinates": [ [ [ 73.928, 18.436 ], [ 73.928, 18.445 ], [ 73.919, 18.445 ], [ 73.919, 18.436 ], [ 73.928, 18.436 ] ] ] } },
{ "type": "Feature", "properties": { "cell_id": "P1572", "suhii_night": 1.92, "lst_day": 38.5, "lst_night": 28.2, "frac_built": 0.6, "frac_tree": 0.1, "suhii_night_normalized": 1.92, "suhii_night_ml": 1.92, "suhii_night_2031": 2.34, "suhii_night_2041": 3.1 }, "geometry": { "type": "Polygon", "coordinates": [ [ [ 73.928, 18.445 ], [ 73.928, 18.454 ], [ 73.919, 18.454 ], [ 73.919, 18.445 ], [ 73.928, 18.445 ] ] ] } },
{ "type": "Feature", "properties": { "cell_id": "P1573", "suhii_night": 1.92, "lst_day": 38.5, "lst_night": 28.2, "frac_built": 0.6, "frac_tree": 0.1, "suhii_night_normalized": 1.92, "suhii_night_ml": 1.92, "suhii_night_2031": 2.34, "suhii_night_2041": 3.1 }, "geometry": { "type": "Polygon", "coordinates": [ [ [ 73.928, 18.454 ], [ 73.928, 18.463 ], [ 73.919, 18.463 ], [ 73.919, 18.454 ], [ 73.928, 18.454 ] ] ] } },
{ "type": "Feature", "properties": { "cell_id": "P1574", "suhii_night": 1.92, "lst_day": 38.5, "lst_night": 28.2, "frac_built": 0.6, "frac_tree": 0.1, "suhii_night_normalized": 1.92, "suhii_night_ml": 1.92, "suhii_night_2031": 2.34, "suhii_night_2041": 3.1 }, "geometry": { "type": "Polygon", "coordinates": [ [ [ 73.928, 18.463 ], [ 73.928, 18.472 ], [ 73.919, 18.472 ], [ 73.919, 18.463 ], [ 73.928, 18.463 ] ] ] } },
{ "type": "Feature", "properties": { "cell_id": "P1575", "suhii_night": 1.92, "lst_day": 38.5, "lst_night": 28.2, "frac_built": 0.6, "frac_tree": 0.1, "suhii_night_normalized": 1.92, "suhii_night_ml": 1.92, "suhii_night_2031": 2.34, "suhii_night_2041": 3.1 }, "geometry": { "type": "Polygon", "coordinates": [ [ [ 73.928, 18.472 ], [ 73.928, 18.481 ], [ 73.919, 18.481 ], [ 73.919, 18.472 ], [ 73.928, 18.472 ] ] ] } },
{ "type": "Feature", "properties": { "cell_id": "P1576", "suhii_night": 1.92, "lst_day": 38.5, "lst_night": 28.2, "frac_built": 0.6, "frac_tree": 0.1, "suhii_night_normalized": 1.92, "suhii_night_ml": 1.92, "suhii_night_2031": 2.34, "suhii_night_2041": 3.1 }, "geometry": { "type": "Polygon", "coordinates": [ [ [ 73.928, 18.481 ], [ 73.928, 18.49 ], [ 73.919, 18.49 ], [ 73.919, 18.481 ], [ 73.928, 18.481 ] ] ] } },
{ "type": "Feature", "properties": { "cell_id": "P1577", "suhii_night": 1.92, "lst_day": 38.5, "lst_night": 28.2, "frac_built": 0.6, "frac_tree": 0.1, "suhii_night_normalized": 1.92, "suhii_night_ml": 1.92, "suhii_night_2031": 2.34, "suhii_night_2041": 3.1 }, "geometry": { "type": "Polygon", "coordinates": [ [ [ 73.928, 18.49 ], [ 73.928, 18.499 ], [ 73.919, 18.499 ], [ 73.919, 18.49 ], [ 73.928, 18.49 ] ] ] } },
{ "type": "Feature", "properties": { "cell_id": "P1578", "suhii_night": 1.92, "lst_day": 38.5, "lst_night": 28.2, "frac_built": 0.6, "frac_tree": 0.1, "suhii_night_normalized": 1.92, "suhii_night_ml": 1.92, "suhii_night_2031": 2.34, "suhii_night_2041": 3.1 }, "geometry": { "type": "Polygon", "coordinates": [ [ [ 73.928, 18.499 ], [ 73.928, 18.508 ], [ 73.919, 18.508 ], [ 73.919, 18.499 ], [ 73.928, 18.499 ] ] ] } },
{ "type": "Feature", "properties": { "cell_id": "P1579", "suhii_night": 1.92, "lst_day": 38.5, "lst_night": 28.2, "frac_built": 0.6, "frac_tree": 0.1, "suhii_night_normalized": 1.92, "suhii_night_ml": 1.92, "suhii_night_2031": 2.34, "suhii_night_2041": 3.1 }, "geometry": { "type": "Polygon", "coordinates": [ [ [ 73.928, 18.508 ], [ 73.928, 18.517 ], [ 73.919, 18.517 ], [ 73.919, 18.508 ], [ 73.928, 18.508 ] ] ] } },
{ "type": "Feature", "properties": { "cell_id": "P1580", "suhii_night": 1.92, "lst_day": 38.5, "lst_night": 28.2, "frac_built": 0.6, "frac_tree": 0.1, "suhii_night_normalized": 1.92, "suhii_night_ml": 1.92, "suhii_night_2031": 2.34, "suhii_night_2041": 3.1 }, "geometry": { "type": "Polygon", "coordinates": [ [ [ 73.928, 18.517 ], [ 73.928, 18.526 ], [ 73.919, 18.526 ], [ 73.919, 18.517 ], [ 73.928, 18.517 ] ] ] } },
{ "type": "Feature", "properties": { "cell_id": "P1581", "suhii_night": 1.92, "lst_day": 38.5, "lst_night": 28.2, "frac_built": 0.6, "frac_tree": 0.1, "suhii_night_normalized": 1.92, "suhii_night_ml": 1.92, "suhii_night_2031": 2.34, "suhii_night_2041": 3.1 }, "geometry": { "type": "Polygon", "coordinates": [ [ [ 73.928, 18.526 ], [ 73.928, 18.535 ], [ 73.919, 18.535 ], [ 73.919, 18.526 ], [ 73.928, 18.526 ] ] ] } },
{ "type": "Feature", "properties": { "cell_id": "P1582", "suhii_night": 1.92, "lst_day": 38.5, "lst_night": 28.2, "frac_built": 0.6, "frac_tree": 0.1, "suhii_night_normalized": 1.92, "suhii_night_ml": 1.92, "suhii_night_2031": 2.34, "suhii_night_2041": 3.1 }, "geometry": { "type": "Polygon", "coordinates": [ [ [ 73.928, 18.535 ], [ 73.928, 18.544 ], [ 73.919, 18.544 ], [ 73.919, 18.535 ], [ 73.928, 18.535 ] ] ] } },
{ "type": "Feature", "properties": { "cell_id": "P1583", "suhii_night": 1.92, "lst_day": 38.5, "lst_night": 28.2, "frac_built": 0.6, "frac_tree": 0.1, "suhii_night_normalized": 1.92, "suhii_night_ml": 1.92, "suhii_night_2031": 2.34, "suhii_night_2041": 3.1 }, "geometry": { "type": "Polygon", "coordinates": [ [ [ 73.928, 18.544 ], [ 73.928, 18.553 ], [ 73.919, 18.553 ], [ 73.919, 18.544 ], [ 73.928, 18.544 ] ] ] } },
{ "type": "Feature", "properties": { "cell_id": "P1584", "suhii_night": 1.92, "lst_day": 38.5, "lst_night": 28.2, "frac_built": 0.6, "frac_tree": 0.1, "suhii_night_normalized": 1.92, "suhii_night_ml": 1.92, "suhii_night_2031": 2.34, "suhii_night_2041": 3.1 }, "geometry": { "type": "Polygon", "coordinates": [ [ [ 73.928, 18.553 ], [ 73.928, 18.562 ], [ 73.919, 18.562 ], [ 73.919, 18.553 ], [ 73.928, 18.553 ] ] ] } },
{ "type": "Feature", "properties": { "cell_id": "P1585", "suhii_night": 1.92, "lst_day": 38.5, "lst_night": 28.2, "frac_built": 0.6, "frac_tree": 0.1, "suhii_night_normalized": 1.92, "suhii_night_ml": 1.92, "suhii_night_2031": 2.34, "suhii_night_2041": 3.1 }, "geometry": { "type": "Polygon", "coordinates": [ [ [ 73.928, 18.562 ], [ 73.928, 18.571 ], [ 73.919, 18.571 ], [ 73.919, 18.562 ], [ 73.928, 18.562 ] ] ] } },
{ "type": "Feature", "properties": { "cell_id": "P1586", "suhii_night": 1.92, "lst_day": 38.5, "lst_night": 28.2, "frac_built": 0.6, "frac_tree": 0.1, "suhii_night_normalized": 1.92, "suhii_night_ml": 1.92, "suhii_night_2031": 2.34, "suhii_night_2041": 3.1 }, "geometry": { "type": "Polygon", "coordinates": [ [ [ 73.928, 18.571 ], [ 73.928, 18.58 ], [ 73.919, 18.58 ], [ 73.919, 18.571 ], [ 73.928, 18.571 ] ] ] } },
{ "type": "Feature", "properties": { "cell_id": "P1587", "suhii_night": 1.92, "lst_day": 38.5, "lst_night": 28.2, "frac_built": 0.6, "frac_tree": 0.1, "suhii_night_normalized": 1.92, "suhii_night_ml": 1.92, "suhii_night_2031": 2.34, "suhii_night_2041": 3.1 }, "geometry": { "type": "Polygon", "coordinates": [ [ [ 73.928, 18.58 ], [ 73.928, 18.589 ], [ 73.919, 18.589 ], [ 73.919, 18.58 ], [ 73.928, 18.58 ] ] ] } },
{ "type": "Feature", "properties": { "cell_id": "P1588", "suhii_night": 1.92, "lst_day": 38.5, "lst_night": 28.2, "frac_built": 0.6, "frac_tree": 0.1, "suhii_night_normalized": 1.92, "suhii_night_ml": 1.92, "suhii_night_2031": 2.34, "suhii_night_2041": 3.1 }, "geometry": { "type": "Polygon", "coordinates": [ [ [ 73.928, 18.589 ], [ 73.928, 18.598 ], [ 73.919, 18.598 ], [ 73.919, 18.589 ], [ 73.928, 18.589 ] ] ] } },
{ "type": "Feature", "properties": { "cell_id": "P1589", "suhii_night": 1.92, "lst_day": 38.5, "lst_night": 28.2, "frac_built": 0.6, "frac_tree": 0.1, "suhii_night_normalized": 1.92, "suhii_night_ml": 1.92, "suhii_night_2031": 2.34, "suhii_night_2041": 3.1 }, "geometry": { "type": "Polygon", "coordinates": [ [ [ 73.928, 18.598 ], [ 73.928, 18.607 ], [ 73.919, 18.607 ], [ 73.919, 18.598 ], [ 73.928, 18.598 ] ] ] } },
{ "type": "Feature", "properties": { "cell_id": "P1590", "suhii_night": 1.92, "lst_day": 38.5, "lst_night": 28.2, "frac_built": 0.6, "frac_tree": 0.1, "suhii_night_normalized": 1.92, "suhii_night_ml": 1.92, "suhii_night_2031": 2.34, "suhii_night_2041": 3.1 }, "geometry": { "type": "Polygon", "coordinates": [ [ [ 73.928, 18.607 ], [ 73.928, 18.616 ], [ 73.919, 18.616 ], [ 73.919, 18.607 ], [ 73.928, 18.607 ] ] ] } },
{ "type": "Feature", "properties": { "cell_id": "P1591", "suhii_night": 1.92, "lst_day": 38.5, "lst_night": 28.2, "frac_built": 0.6, "frac_tree": 0.1, "suhii_night_normalized": 1.92, "suhii_night_ml": 1.92, "suhii_night_2031": 2.34, "suhii_night_2041": 3.1 }, "geometry": { "type": "Polygon", "coordinates": [ [ [ 73.928, 18.616 ], [ 73.928, 18.625 ], [ 73.919, 18.625 ], [ 73.919, 18.616 ], [ 73.928, 18.616 ] ] ] } },
{ "type": "Feature", "properties": { "cell_id": "P1592", "suhii_night": 1.92, "lst_day": 38.5, "lst_night": 28.2, "frac_built": 0.6, "frac_tree": 0.1, "suhii_night_normalized": 1.92, "suhii_night_ml": 1.92, "suhii_night_2031": 2.34, "suhii_night_2041": 3.1 }, "geometry": { "type": "Polygon", "coordinates": [ [ [ 73.928, 18.625 ], [ 73.928, 18.634 ], [ 73.919, 18.634 ], [ 73.919, 18.625 ], [ 73.928, 18.625 ] ] ] } },
{ "type": "Feature", "properties": { "cell_id": "P1593", "suhii_night": 1.92, "lst_day": 38.5, "lst_night": 28.2, "frac_built": 0.6, "frac_tree": 0.1, "suhii_night_normalized": 1.92, "suhii_night_ml": 1.92, "suhii_night_2031": 2.34, "suhii_night_2041": 3.1 }, "geometry": { "type": "Polygon", "coordinates": [ [ [ 73.928, 18.634 ], [ 73.928, 18.643 ], [ 73.919, 18.643 ], [ 73.919, 18.634 ], [ 73.928, 18.634 ] ] ] } },
{ "type": "Feature", "properties": { "cell_id": "P1594", "suhii_night": 1.92, "lst_day": 38.5, "lst_night": 28.2, "frac_built": 0.6, "frac_tree": 0.1, "suhii_night_normalized": 1.92, "suhii_night_ml": 1.92, "suhii_night_2031": 2.34, "suhii_night_2041": 3.1 }, "geometry": { "type": "Polygon", "coordinates": [ [ [ 73.937, 18.4 ], [ 73.937, 18.409 ], [ 73.928, 18.409 ], [ 73.928, 18.4 ], [ 73.937, 18.4 ] ] ] } },
{ "type": "Feature", "properties": { "cell_id": "P1595", "suhii_night": 1.92, "lst_day": 38.5, "lst_night": 28.2, "frac_built": 0.6, "frac_tree": 0.1, "suhii_night_normalized": 1.92, "suhii_night_ml": 1.92, "suhii_night_2031": 2.34, "suhii_night_2041": 3.1 }, "geometry": { "type": "Polygon", "coordinates": [ [ [ 73.937, 18.409 ], [ 73.937, 18.418 ], [ 73.928, 18.418 ], [ 73.928, 18.409 ], [ 73.937, 18.409 ] ] ] } },
{ "type": "Feature", "properties": { "cell_id": "P1596", "suhii_night": 1.92, "lst_day": 38.5, "lst_night": 28.2, "frac_built": 0.6, "frac_tree": 0.1, "suhii_night_normalized": 1.92, "suhii_night_ml": 1.92, "suhii_night_2031": 2.34, "suhii_night_2041": 3.1 }, "geometry": { "type": "Polygon", "coordinates": [ [ [ 73.937, 18.418 ], [ 73.937, 18.427 ], [ 73.928, 18.427 ], [ 73.928, 18.418 ], [ 73.937, 18.418 ] ] ] } },
{ "type": "Feature", "properties": { "cell_id": "P1597", "suhii_night": 1.92, "lst_day": 38.5, "lst_night": 28.2, "frac_built": 0.6, "frac_tree": 0.1, "suhii_night_normalized": 1.92, "suhii_night_ml": 1.92, "suhii_night_2031": 2.34, "suhii_night_2041": 3.1 }, "geometry": { "type": "Polygon", "coordinates": [ [ [ 73.937, 18.427 ], [ 73.937, 18.436 ], [ 73.928, 18.436 ], [ 73.928, 18.427 ], [ 73.937, 18.427 ] ] ] } },
{ "type": "Feature", "properties": { "cell_id": "P1598", "suhii_night": 1.92, "lst_day": 38.5, "lst_night": 28.2, "frac_built": 0.6, "frac_tree": 0.1, "suhii_night_normalized": 1.92, "suhii_night_ml": 1.92, "suhii_night_2031": 2.34, "suhii_night_2041": 3.1 }, "geometry": { "type": "Polygon", "coordinates": [ [ [ 73.937, 18.436 ], [ 73.937, 18.445 ], [ 73.928, 18.445 ], [ 73.928, 18.436 ], [ 73.937, 18.436 ] ] ] } },
{ "type": "Feature", "properties": { "cell_id": "P1599", "suhii_night": 1.92, "lst_day": 38.5, "lst_night": 28.2, "frac_built": 0.6, "frac_tree": 0.1, "suhii_night_normalized": 1.92, "suhii_night_ml": 1.92, "suhii_night_2031": 2.34, "suhii_night_2041": 3.1 }, "geometry": { "type": "Polygon", "coordinates": [ [ [ 73.937, 18.445 ], [ 73.937, 18.454 ], [ 73.928, 18.454 ], [ 73.928, 18.445 ], [ 73.937, 18.445 ] ] ] } },
{ "type": "Feature", "properties": { "cell_id": "P1600", "suhii_night": 1.92, "lst_day": 38.5, "lst_night": 28.2, "frac_built": 0.6, "frac_tree": 0.1, "suhii_night_normalized": 1.92, "suhii_night_ml": 1.92, "suhii_night_2031": 2.34, "suhii_night_2041": 3.1 }, "geometry": { "type": "Polygon", "coordinates": [ [ [ 73.937, 18.454 ], [ 73.937, 18.463 ], [ 73.928, 18.463 ], [ 73.928, 18.454 ], [ 73.937, 18.454 ] ] ] } },
{ "type": "Feature", "properties": { "cell_id": "P1601", "suhii_night": 1.92, "lst_day": 38.5, "lst_night": 28.2, "frac_built": 0.6, "frac_tree": 0.1, "suhii_night_normalized": 1.92, "suhii_night_ml": 1.92, "suhii_night_2031": 2.34, "suhii_night_2041": 3.1 }, "geometry": { "type": "Polygon", "coordinates": [ [ [ 73.937, 18.463 ], [ 73.937, 18.472 ], [ 73.928, 18.472 ], [ 73.928, 18.463 ], [ 73.937, 18.463 ] ] ] } },
{ "type": "Feature", "properties": { "cell_id": "P1602", "suhii_night": 1.92, "lst_day": 38.5, "lst_night": 28.2, "frac_built": 0.6, "frac_tree": 0.1, "suhii_night_normalized": 1.92, "suhii_night_ml": 1.92, "suhii_night_2031": 2.34, "suhii_night_2041": 3.1 }, "geometry": { "type": "Polygon", "coordinates": [ [ [ 73.937, 18.472 ], [ 73.937, 18.481 ], [ 73.928, 18.481 ], [ 73.928, 18.472 ], [ 73.937, 18.472 ] ] ] } },
{ "type": "Feature", "properties": { "cell_id": "P1603", "suhii_night": 1.92, "lst_day": 38.5, "lst_night": 28.2, "frac_built": 0.6, "frac_tree": 0.1, "suhii_night_normalized": 1.92, "suhii_night_ml": 1.92, "suhii_night_2031": 2.34, "suhii_night_2041": 3.1 }, "geometry": { "type": "Polygon", "coordinates": [ [ [ 73.937, 18.481 ], [ 73.937, 18.49 ], [ 73.928, 18.49 ], [ 73.928, 18.481 ], [ 73.937, 18.481 ] ] ] } },
{ "type": "Feature", "properties": { "cell_id": "P1604", "suhii_night": 1.92, "lst_day": 38.5, "lst_night": 28.2, "frac_built": 0.6, "frac_tree": 0.1, "suhii_night_normalized": 1.92, "suhii_night_ml": 1.92, "suhii_night_2031": 2.34, "suhii_night_2041": 3.1 }, "geometry": { "type": "Polygon", "coordinates": [ [ [ 73.937, 18.49 ], [ 73.937, 18.499 ], [ 73.928, 18.499 ], [ 73.928, 18.49 ], [ 73.937, 18.49 ] ] ] } },
{ "type": "Feature", "properties": { "cell_id": "P1605", "suhii_night": 1.92, "lst_day": 38.5, "lst_night": 28.2, "frac_built": 0.6, "frac_tree": 0.1, "suhii_night_normalized": 1.92, "suhii_night_ml": 1.92, "suhii_night_2031": 2.34, "suhii_night_2041": 3.1 }, "geometry": { "type": "Polygon", "coordinates": [ [ [ 73.937, 18.499 ], [ 73.937, 18.508 ], [ 73.928, 18.508 ], [ 73.928, 18.499 ], [ 73.937, 18.499 ] ] ] } },
{ "type": "Feature", "properties": { "cell_id": "P1606", "suhii_night": 1.92, "lst_day": 38.5, "lst_night": 28.2, "frac_built": 0.6, "frac_tree": 0.1, "suhii_night_normalized": 1.92, "suhii_night_ml": 1.92, "suhii_night_2031": 2.34, "suhii_night_2041": 3.1 }, "geometry": { "type": "Polygon", "coordinates": [ [ [ 73.937, 18.508 ], [ 73.937, 18.517 ], [ 73.928, 18.517 ], [ 73.928, 18.508 ], [ 73.937, 18.508 ] ] ] } },
{ "type": "Feature", "properties": { "cell_id": "P1607", "suhii_night": 1.92, "lst_day": 38.5, "lst_night": 28.2, "frac_built": 0.6, "frac_tree": 0.1, "suhii_night_normalized": 1.92, "suhii_night_ml": 1.92, "suhii_night_2031": 2.34, "suhii_night_2041": 3.1 }, "geometry": { "type": "Polygon", "coordinates": [ [ [ 73.937, 18.517 ], [ 73.937, 18.526 ], [ 73.928, 18.526 ], [ 73.928, 18.517 ], [ 73.937, 18.517 ] ] ] } },
{ "type": "Feature", "properties": { "cell_id": "P1608", "suhii_night": 1.92, "lst_day": 38.5, "lst_night": 28.2, "frac_built": 0.6, "frac_tree": 0.1, "suhii_night_normalized": 1.92, "suhii_night_ml": 1.92, "suhii_night_2031": 2.34, "suhii_night_2041": 3.1 }, "geometry": { "type": "Polygon", "coordinates": [ [ [ 73.937, 18.526 ], [ 73.937, 18.535 ], [ 73.928, 18.535 ], [ 73.928, 18.526 ], [ 73.937, 18.526 ] ] ] } },
{ "type": "Feature", "properties": { "cell_id": "P1609", "suhii_night": 1.92, "lst_day": 38.5, "lst_night": 28.2, "frac_built": 0.6, "frac_tree": 0.1, "suhii_night_normalized": 1.92, "suhii_night_ml": 1.92, "suhii_night_2031": 2.34, "suhii_night_2041": 3.1 }, "geometry": { "type": "Polygon", "coordinates": [ [ [ 73.937, 18.535 ], [ 73.937, 18.544 ], [ 73.928, 18.544 ], [ 73.928, 18.535 ], [ 73.937, 18.535 ] ] ] } },
{ "type": "Feature", "properties": { "cell_id": "P1610", "suhii_night": 1.92, "lst_day": 38.5, "lst_night": 28.2, "frac_built": 0.6, "frac_tree": 0.1, "suhii_night_normalized": 1.92, "suhii_night_ml": 1.92, "suhii_night_2031": 2.34, "suhii_night_2041": 3.1 }, "geometry": { "type": "Polygon", "coordinates": [ [ [ 73.937, 18.544 ], [ 73.937, 18.553 ], [ 73.928, 18.553 ], [ 73.928, 18.544 ], [ 73.937, 18.544 ] ] ] } },
{ "type": "Feature", "properties": { "cell_id": "P1611", "suhii_night": 1.92, "lst_day": 38.5, "lst_night": 28.2, "frac_built": 0.6, "frac_tree": 0.1, "suhii_night_normalized": 1.92, "suhii_night_ml": 1.92, "suhii_night_2031": 2.34, "suhii_night_2041": 3.1 }, "geometry": { "type": "Polygon", "coordinates": [ [ [ 73.937, 18.553 ], [ 73.937, 18.562 ], [ 73.928, 18.562 ], [ 73.928, 18.553 ], [ 73.937, 18.553 ] ] ] } },
{ "type": "Feature", "properties": { "cell_id": "P1612", "suhii_night": 1.92, "lst_day": 38.5, "lst_night": 28.2, "frac_built": 0.6, "frac_tree": 0.1, "suhii_night_normalized": 1.92, "suhii_night_ml": 1.92, "suhii_night_2031": 2.34, "suhii_night_2041": 3.1 }, "geometry": { "type": "Polygon", "coordinates": [ [ [ 73.937, 18.562 ], [ 73.937, 18.571 ], [ 73.928, 18.571 ], [ 73.928, 18.562 ], [ 73.937, 18.562 ] ] ] } },
{ "type": "Feature", "properties": { "cell_id": "P1613", "suhii_night": 1.92, "lst_day": 38.5, "lst_night": 28.2, "frac_built": 0.6, "frac_tree": 0.1, "suhii_night_normalized": 1.92, "suhii_night_ml": 1.92, "suhii_night_2031": 2.34, "suhii_night_2041": 3.1 }, "geometry": { "type": "Polygon", "coordinates": [ [ [ 73.937, 18.571 ], [ 73.937, 18.58 ], [ 73.928, 18.58 ], [ 73.928, 18.571 ], [ 73.937, 18.571 ] ] ] } },
{ "type": "Feature", "properties": { "cell_id": "P1614", "suhii_night": 1.92, "lst_day": 38.5, "lst_night": 28.2, "frac_built": 0.6, "frac_tree": 0.1, "suhii_night_normalized": 1.92, "suhii_night_ml": 1.92, "suhii_night_2031": 2.34, "suhii_night_2041": 3.1 }, "geometry": { "type": "Polygon", "coordinates": [ [ [ 73.937, 18.58 ], [ 73.937, 18.589 ], [ 73.928, 18.589 ], [ 73.928, 18.58 ], [ 73.937, 18.58 ] ] ] } },
{ "type": "Feature", "properties": { "cell_id": "P1615", "suhii_night": 1.92, "lst_day": 38.5, "lst_night": 28.2, "frac_built": 0.6, "frac_tree": 0.1, "suhii_night_normalized": 1.92, "suhii_night_ml": 1.92, "suhii_night_2031": 2.34, "suhii_night_2041": 3.1 }, "geometry": { "type": "Polygon", "coordinates": [ [ [ 73.937, 18.589 ], [ 73.937, 18.598 ], [ 73.928, 18.598 ], [ 73.928, 18.589 ], [ 73.937, 18.589 ] ] ] } },
{ "type": "Feature", "properties": { "cell_id": "P1616", "suhii_night": 1.92, "lst_day": 38.5, "lst_night": 28.2, "frac_built": 0.6, "frac_tree": 0.1, "suhii_night_normalized": 1.92, "suhii_night_ml": 1.92, "suhii_night_2031": 2.34, "suhii_night_2041": 3.1 }, "geometry": { "type": "Polygon", "coordinates": [ [ [ 73.937, 18.598 ], [ 73.937, 18.607 ], [ 73.928, 18.607 ], [ 73.928, 18.598 ], [ 73.937, 18.598 ] ] ] } },
{ "type": "Feature", "properties": { "cell_id": "P1617", "suhii_night": 1.92, "lst_day": 38.5, "lst_night": 28.2, "frac_built": 0.6, "frac_tree": 0.1, "suhii_night_normalized": 1.92, "suhii_night_ml": 1.92, "suhii_night_2031": 2.34, "suhii_night_2041": 3.1 }, "geometry": { "type": "Polygon", "coordinates": [ [ [ 73.937, 18.607 ], [ 73.937, 18.616 ], [ 73.928, 18.616 ], [ 73.928, 18.607 ], [ 73.937, 18.607 ] ] ] } },
{ "type": "Feature", "properties": { "cell_id": "P1618", "suhii_night": 1.92, "lst_day": 38.5, "lst_night": 28.2, "frac_built": 0.6, "frac_tree": 0.1, "suhii_night_normalized": 1.92, "suhii_night_ml": 1.92, "suhii_night_2031": 2.34, "suhii_night_2041": 3.1 }, "geometry": { "type": "Polygon", "coordinates": [ [ [ 73.937, 18.616 ], [ 73.937, 18.625 ], [ 73.928, 18.625 ], [ 73.928, 18.616 ], [ 73.937, 18.616 ] ] ] } },
{ "type": "Feature", "properties": { "cell_id": "P1619", "suhii_night": 1.92, "lst_day": 38.5, "lst_night": 28.2, "frac_built": 0.6, "frac_tree": 0.1, "suhii_night_normalized": 1.92, "suhii_night_ml": 1.92, "suhii_night_2031": 2.34, "suhii_night_2041": 3.1 }, "geometry": { "type": "Polygon", "coordinates": [ [ [ 73.937, 18.625 ], [ 73.937, 18.634 ], [ 73.928, 18.634 ], [ 73.928, 18.625 ], [ 73.937, 18.625 ] ] ] } },
{ "type": "Feature", "properties": { "cell_id": "P1620", "suhii_night": 1.92, "lst_day": 38.5, "lst_night": 28.2, "frac_built": 0.6, "frac_tree": 0.1, "suhii_night_normalized": 1.92, "suhii_night_ml": 1.92, "suhii_night_2031": 2.34, "suhii_night_2041": 3.1 }, "geometry": { "type": "Polygon", "coordinates": [ [ [ 73.937, 18.634 ], [ 73.937, 18.643 ], [ 73.928, 18.643 ], [ 73.928, 18.634 ], [ 73.937, 18.634 ] ] ] } },
{ "type": "Feature", "properties": { "cell_id": "P1621", "suhii_night": 1.92, "lst_day": 38.5, "lst_night": 28.2, "frac_built": 0.6, "frac_tree": 0.1, "suhii_night_normalized": 1.92, "suhii_night_ml": 1.92, "suhii_night_2031": 2.34, "suhii_night_2041": 3.1 }, "geometry": { "type": "Polygon", "coordinates": [ [ [ 73.946, 18.4 ], [ 73.946, 18.409 ], [ 73.937, 18.409 ], [ 73.937, 18.4 ], [ 73.946, 18.4 ] ] ] } },
{ "type": "Feature", "properties": { "cell_id": "P1622", "suhii_night": 1.92, "lst_day": 38.5, "lst_night": 28.2, "frac_built": 0.6, "frac_tree": 0.1, "suhii_night_normalized": 1.92, "suhii_night_ml": 1.92, "suhii_night_2031": 2.34, "suhii_night_2041": 3.1 }, "geometry": { "type": "Polygon", "coordinates": [ [ [ 73.946, 18.409 ], [ 73.946, 18.418 ], [ 73.937, 18.418 ], [ 73.937, 18.409 ], [ 73.946, 18.409 ] ] ] } },
{ "type": "Feature", "properties": { "cell_id": "P1623", "suhii_night": 1.92, "lst_day": 38.5, "lst_night": 28.2, "frac_built": 0.6, "frac_tree": 0.1, "suhii_night_normalized": 1.92, "suhii_night_ml": 1.92, "suhii_night_2031": 2.34, "suhii_night_2041": 3.1 }, "geometry": { "type": "Polygon", "coordinates": [ [ [ 73.946, 18.418 ], [ 73.946, 18.427 ], [ 73.937, 18.427 ], [ 73.937, 18.418 ], [ 73.946, 18.418 ] ] ] } },
{ "type": "Feature", "properties": { "cell_id": "P1624", "suhii_night": 1.92, "lst_day": 38.5, "lst_night": 28.2, "frac_built": 0.6, "frac_tree": 0.1, "suhii_night_normalized": 1.92, "suhii_night_ml": 1.92, "suhii_night_2031": 2.34, "suhii_night_2041": 3.1 }, "geometry": { "type": "Polygon", "coordinates": [ [ [ 73.946, 18.427 ], [ 73.946, 18.436 ], [ 73.937, 18.436 ], [ 73.937, 18.427 ], [ 73.946, 18.427 ] ] ] } },
{ "type": "Feature", "properties": { "cell_id": "P1625", "suhii_night": 1.92, "lst_day": 38.5, "lst_night": 28.2, "frac_built": 0.6, "frac_tree": 0.1, "suhii_night_normalized": 1.92, "suhii_night_ml": 1.92, "suhii_night_2031": 2.34, "suhii_night_2041": 3.1 }, "geometry": { "type": "Polygon", "coordinates": [ [ [ 73.946, 18.436 ], [ 73.946, 18.445 ], [ 73.937, 18.445 ], [ 73.937, 18.436 ], [ 73.946, 18.436 ] ] ] } },
{ "type": "Feature", "properties": { "cell_id": "P1626", "suhii_night": 1.92, "lst_day": 38.5, "lst_night": 28.2, "frac_built": 0.6, "frac_tree": 0.1, "suhii_night_normalized": 1.92, "suhii_night_ml": 1.92, "suhii_night_2031": 2.34, "suhii_night_2041": 3.1 }, "geometry": { "type": "Polygon", "coordinates": [ [ [ 73.946, 18.445 ], [ 73.946, 18.454 ], [ 73.937, 18.454 ], [ 73.937, 18.445 ], [ 73.946, 18.445 ] ] ] } },
{ "type": "Feature", "properties": { "cell_id": "P1627", "suhii_night": 1.92, "lst_day": 38.5, "lst_night": 28.2, "frac_built": 0.6, "frac_tree": 0.1, "suhii_night_normalized": 1.92, "suhii_night_ml": 1.92, "suhii_night_2031": 2.34, "suhii_night_2041": 3.1 }, "geometry": { "type": "Polygon", "coordinates": [ [ [ 73.946, 18.454 ], [ 73.946, 18.463 ], [ 73.937, 18.463 ], [ 73.937, 18.454 ], [ 73.946, 18.454 ] ] ] } },
{ "type": "Feature", "properties": { "cell_id": "P1628", "suhii_night": 1.92, "lst_day": 38.5, "lst_night": 28.2, "frac_built": 0.6, "frac_tree": 0.1, "suhii_night_normalized": 1.92, "suhii_night_ml": 1.92, "suhii_night_2031": 2.34, "suhii_night_2041": 3.1 }, "geometry": { "type": "Polygon", "coordinates": [ [ [ 73.946, 18.463 ], [ 73.946, 18.472 ], [ 73.937, 18.472 ], [ 73.937, 18.463 ], [ 73.946, 18.463 ] ] ] } },
{ "type": "Feature", "properties": { "cell_id": "P1629", "suhii_night": 1.92, "lst_day": 38.5, "lst_night": 28.2, "frac_built": 0.6, "frac_tree": 0.1, "suhii_night_normalized": 1.92, "suhii_night_ml": 1.92, "suhii_night_2031": 2.34, "suhii_night_2041": 3.1 }, "geometry": { "type": "Polygon", "coordinates": [ [ [ 73.946, 18.472 ], [ 73.946, 18.481 ], [ 73.937, 18.481 ], [ 73.937, 18.472 ], [ 73.946, 18.472 ] ] ] } },
{ "type": "Feature", "properties": { "cell_id": "P1630", "suhii_night": 1.92, "lst_day": 38.5, "lst_night": 28.2, "frac_built": 0.6, "frac_tree": 0.1, "suhii_night_normalized": 1.92, "suhii_night_ml": 1.92, "suhii_night_2031": 2.34, "suhii_night_2041": 3.1 }, "geometry": { "type": "Polygon", "coordinates": [ [ [ 73.946, 18.481 ], [ 73.946, 18.49 ], [ 73.937, 18.49 ], [ 73.937, 18.481 ], [ 73.946, 18.481 ] ] ] } },
{ "type": "Feature", "properties": { "cell_id": "P1631", "suhii_night": 1.92, "lst_day": 38.5, "lst_night": 28.2, "frac_built": 0.6, "frac_tree": 0.1, "suhii_night_normalized": 1.92, "suhii_night_ml": 1.92, "suhii_night_2031": 2.34, "suhii_night_2041": 3.1 }, "geometry": { "type": "Polygon", "coordinates": [ [ [ 73.946, 18.49 ], [ 73.946, 18.499 ], [ 73.937, 18.499 ], [ 73.937, 18.49 ], [ 73.946, 18.49 ] ] ] } },
{ "type": "Feature", "properties": { "cell_id": "P1632", "suhii_night": 1.92, "lst_day": 38.5, "lst_night": 28.2, "frac_built": 0.6, "frac_tree": 0.1, "suhii_night_normalized": 1.92, "suhii_night_ml": 1.92, "suhii_night_2031": 2.34, "suhii_night_2041": 3.1 }, "geometry": { "type": "Polygon", "coordinates": [ [ [ 73.946, 18.499 ], [ 73.946, 18.508 ], [ 73.937, 18.508 ], [ 73.937, 18.499 ], [ 73.946, 18.499 ] ] ] } },
{ "type": "Feature", "properties": { "cell_id": "P1633", "suhii_night": 1.92, "lst_day": 38.5, "lst_night": 28.2, "frac_built": 0.6, "frac_tree": 0.1, "suhii_night_normalized": 1.92, "suhii_night_ml": 1.92, "suhii_night_2031": 2.34, "suhii_night_2041": 3.1 }, "geometry": { "type": "Polygon", "coordinates": [ [ [ 73.946, 18.508 ], [ 73.946, 18.517 ], [ 73.937, 18.517 ], [ 73.937, 18.508 ], [ 73.946, 18.508 ] ] ] } },
{ "type": "Feature", "properties": { "cell_id": "P1634", "suhii_night": 1.92, "lst_day": 38.5, "lst_night": 28.2, "frac_built": 0.6, "frac_tree": 0.1, "suhii_night_normalized": 1.92, "suhii_night_ml": 1.92, "suhii_night_2031": 2.34, "suhii_night_2041": 3.1 }, "geometry": { "type": "Polygon", "coordinates": [ [ [ 73.946, 18.517 ], [ 73.946, 18.526 ], [ 73.937, 18.526 ], [ 73.937, 18.517 ], [ 73.946, 18.517 ] ] ] } },
{ "type": "Feature", "properties": { "cell_id": "P1635", "suhii_night": 1.92, "lst_day": 38.5, "lst_night": 28.2, "frac_built": 0.6, "frac_tree": 0.1, "suhii_night_normalized": 1.92, "suhii_night_ml": 1.92, "suhii_night_2031": 2.34, "suhii_night_2041": 3.1 }, "geometry": { "type": "Polygon", "coordinates": [ [ [ 73.946, 18.526 ], [ 73.946, 18.535 ], [ 73.937, 18.535 ], [ 73.937, 18.526 ], [ 73.946, 18.526 ] ] ] } },
{ "type": "Feature", "properties": { "cell_id": "P1636", "suhii_night": 1.92, "lst_day": 38.5, "lst_night": 28.2, "frac_built": 0.6, "frac_tree": 0.1, "suhii_night_normalized": 1.92, "suhii_night_ml": 1.92, "suhii_night_2031": 2.34, "suhii_night_2041": 3.1 }, "geometry": { "type": "Polygon", "coordinates": [ [ [ 73.946, 18.535 ], [ 73.946, 18.544 ], [ 73.937, 18.544 ], [ 73.937, 18.535 ], [ 73.946, 18.535 ] ] ] } },
{ "type": "Feature", "properties": { "cell_id": "P1637", "suhii_night": 1.92, "lst_day": 38.5, "lst_night": 28.2, "frac_built": 0.6, "frac_tree": 0.1, "suhii_night_normalized": 1.92, "suhii_night_ml": 1.92, "suhii_night_2031": 2.34, "suhii_night_2041": 3.1 }, "geometry": { "type": "Polygon", "coordinates": [ [ [ 73.946, 18.544 ], [ 73.946, 18.553 ], [ 73.937, 18.553 ], [ 73.937, 18.544 ], [ 73.946, 18.544 ] ] ] } },
{ "type": "Feature", "properties": { "cell_id": "P1638", "suhii_night": 1.92, "lst_day": 38.5, "lst_night": 28.2, "frac_built": 0.6, "frac_tree": 0.1, "suhii_night_normalized": 1.92, "suhii_night_ml": 1.92, "suhii_night_2031": 2.34, "suhii_night_2041": 3.1 }, "geometry": { "type": "Polygon", "coordinates": [ [ [ 73.946, 18.553 ], [ 73.946, 18.562 ], [ 73.937, 18.562 ], [ 73.937, 18.553 ], [ 73.946, 18.553 ] ] ] } },
{ "type": "Feature", "properties": { "cell_id": "P1639", "suhii_night": 1.92, "lst_day": 38.5, "lst_night": 28.2, "frac_built": 0.6, "frac_tree": 0.1, "suhii_night_normalized": 1.92, "suhii_night_ml": 1.92, "suhii_night_2031": 2.34, "suhii_night_2041": 3.1 }, "geometry": { "type": "Polygon", "coordinates": [ [ [ 73.946, 18.562 ], [ 73.946, 18.571 ], [ 73.937, 18.571 ], [ 73.937, 18.562 ], [ 73.946, 18.562 ] ] ] } },
{ "type": "Feature", "properties": { "cell_id": "P1640", "suhii_night": 1.92, "lst_day": 38.5, "lst_night": 28.2, "frac_built": 0.6, "frac_tree": 0.1, "suhii_night_normalized": 1.92, "suhii_night_ml": 1.92, "suhii_night_2031": 2.34, "suhii_night_2041": 3.1 }, "geometry": { "type": "Polygon", "coordinates": [ [ [ 73.946, 18.571 ], [ 73.946, 18.58 ], [ 73.937, 18.58 ], [ 73.937, 18.571 ], [ 73.946, 18.571 ] ] ] } },
{ "type": "Feature", "properties": { "cell_id": "P1641", "suhii_night": 1.92, "lst_day": 38.5, "lst_night": 28.2, "frac_built": 0.6, "frac_tree": 0.1, "suhii_night_normalized": 1.92, "suhii_night_ml": 1.92, "suhii_night_2031": 2.34, "suhii_night_2041": 3.1 }, "geometry": { "type": "Polygon", "coordinates": [ [ [ 73.946, 18.58 ], [ 73.946, 18.589 ], [ 73.937, 18.589 ], [ 73.937, 18.58 ], [ 73.946, 18.58 ] ] ] } },
{ "type": "Feature", "properties": { "cell_id": "P1642", "suhii_night": 1.92, "lst_day": 38.5, "lst_night": 28.2, "frac_built": 0.6, "frac_tree": 0.1, "suhii_night_normalized": 1.92, "suhii_night_ml": 1.92, "suhii_night_2031": 2.34, "suhii_night_2041": 3.1 }, "geometry": { "type": "Polygon", "coordinates": [ [ [ 73.946, 18.589 ], [ 73.946, 18.598 ], [ 73.937, 18.598 ], [ 73.937, 18.589 ], [ 73.946, 18.589 ] ] ] } },
{ "type": "Feature", "properties": { "cell_id": "P1643", "suhii_night": 1.92, "lst_day": 38.5, "lst_night": 28.2, "frac_built": 0.6, "frac_tree": 0.1, "suhii_night_normalized": 1.92, "suhii_night_ml": 1.92, "suhii_night_2031": 2.34, "suhii_night_2041": 3.1 }, "geometry": { "type": "Polygon", "coordinates": [ [ [ 73.946, 18.598 ], [ 73.946, 18.607 ], [ 73.937, 18.607 ], [ 73.937, 18.598 ], [ 73.946, 18.598 ] ] ] } },
{ "type": "Feature", "properties": { "cell_id": "P1644", "suhii_night": 1.92, "lst_day": 38.5, "lst_night": 28.2, "frac_built": 0.6, "frac_tree": 0.1, "suhii_night_normalized": 1.92, "suhii_night_ml": 1.92, "suhii_night_2031": 2.34, "suhii_night_2041": 3.1 }, "geometry": { "type": "Polygon", "coordinates": [ [ [ 73.946, 18.607 ], [ 73.946, 18.616 ], [ 73.937, 18.616 ], [ 73.937, 18.607 ], [ 73.946, 18.607 ] ] ] } },
{ "type": "Feature", "properties": { "cell_id": "P1645", "suhii_night": 1.92, "lst_day": 38.5, "lst_night": 28.2, "frac_built": 0.6, "frac_tree": 0.1, "suhii_night_normalized": 1.92, "suhii_night_ml": 1.92, "suhii_night_2031": 2.34, "suhii_night_2041": 3.1 }, "geometry": { "type": "Polygon", "coordinates": [ [ [ 73.946, 18.616 ], [ 73.946, 18.625 ], [ 73.937, 18.625 ], [ 73.937, 18.616 ], [ 73.946, 18.616 ] ] ] } },
{ "type": "Feature", "properties": { "cell_id": "P1646", "suhii_night": 1.92, "lst_day": 38.5, "lst_night": 28.2, "frac_built": 0.6, "frac_tree": 0.1, "suhii_night_normalized": 1.92, "suhii_night_ml": 1.92, "suhii_night_2031": 2.34, "suhii_night_2041": 3.1 }, "geometry": { "type": "Polygon", "coordinates": [ [ [ 73.946, 18.625 ], [ 73.946, 18.634 ], [ 73.937, 18.634 ], [ 73.937, 18.625 ], [ 73.946, 18.625 ] ] ] } },
{ "type": "Feature", "properties": { "cell_id": "P1647", "suhii_night": 1.92, "lst_day": 38.5, "lst_night": 28.2, "frac_built": 0.6, "frac_tree": 0.1, "suhii_night_normalized": 1.92, "suhii_night_ml": 1.92, "suhii_night_2031": 2.34, "suhii_night_2041": 3.1 }, "geometry": { "type": "Polygon", "coordinates": [ [ [ 73.946, 18.634 ], [ 73.946, 18.643 ], [ 73.937, 18.643 ], [ 73.937, 18.634 ], [ 73.946, 18.634 ] ] ] } },
{ "type": "Feature", "properties": { "cell_id": "P1648", "suhii_night": 1.92, "lst_day": 38.5, "lst_night": 28.2, "frac_built": 0.6, "frac_tree": 0.1, "suhii_night_normalized": 1.92, "suhii_night_ml": 1.92, "suhii_night_2031": 2.34, "suhii_night_2041": 3.1 }, "geometry": { "type": "Polygon", "coordinates": [ [ [ 73.955, 18.4 ], [ 73.955, 18.409 ], [ 73.946, 18.409 ], [ 73.946, 18.4 ], [ 73.955, 18.4 ] ] ] } },
{ "type": "Feature", "properties": { "cell_id": "P1649", "suhii_night": 1.92, "lst_day": 38.5, "lst_night": 28.2, "frac_built": 0.6, "frac_tree": 0.1, "suhii_night_normalized": 1.92, "suhii_night_ml": 1.92, "suhii_night_2031": 2.34, "suhii_night_2041": 3.1 }, "geometry": { "type": "Polygon", "coordinates": [ [ [ 73.955, 18.409 ], [ 73.955, 18.418 ], [ 73.946, 18.418 ], [ 73.946, 18.409 ], [ 73.955, 18.409 ] ] ] } },
{ "type": "Feature", "properties": { "cell_id": "P1650", "suhii_night": 1.92, "lst_day": 38.5, "lst_night": 28.2, "frac_built": 0.6, "frac_tree": 0.1, "suhii_night_normalized": 1.92, "suhii_night_ml": 1.92, "suhii_night_2031": 2.34, "suhii_night_2041": 3.1 }, "geometry": { "type": "Polygon", "coordinates": [ [ [ 73.955, 18.418 ], [ 73.955, 18.427 ], [ 73.946, 18.427 ], [ 73.946, 18.418 ], [ 73.955, 18.418 ] ] ] } },
{ "type": "Feature", "properties": { "cell_id": "P1651", "suhii_night": 1.92, "lst_day": 38.5, "lst_night": 28.2, "frac_built": 0.6, "frac_tree": 0.1, "suhii_night_normalized": 1.92, "suhii_night_ml": 1.92, "suhii_night_2031": 2.34, "suhii_night_2041": 3.1 }, "geometry": { "type": "Polygon", "coordinates": [ [ [ 73.955, 18.427 ], [ 73.955, 18.436 ], [ 73.946, 18.436 ], [ 73.946, 18.427 ], [ 73.955, 18.427 ] ] ] } },
{ "type": "Feature", "properties": { "cell_id": "P1652", "suhii_night": 1.92, "lst_day": 38.5, "lst_night": 28.2, "frac_built": 0.6, "frac_tree": 0.1, "suhii_night_normalized": 1.92, "suhii_night_ml": 1.92, "suhii_night_2031": 2.34, "suhii_night_2041": 3.1 }, "geometry": { "type": "Polygon", "coordinates": [ [ [ 73.955, 18.436 ], [ 73.955, 18.445 ], [ 73.946, 18.445 ], [ 73.946, 18.436 ], [ 73.955, 18.436 ] ] ] } },
{ "type": "Feature", "properties": { "cell_id": "P1653", "suhii_night": 1.92, "lst_day": 38.5, "lst_night": 28.2, "frac_built": 0.6, "frac_tree": 0.1, "suhii_night_normalized": 1.92, "suhii_night_ml": 1.92, "suhii_night_2031": 2.34, "suhii_night_2041": 3.1 }, "geometry": { "type": "Polygon", "coordinates": [ [ [ 73.955, 18.445 ], [ 73.955, 18.454 ], [ 73.946, 18.454 ], [ 73.946, 18.445 ], [ 73.955, 18.445 ] ] ] } },
{ "type": "Feature", "properties": { "cell_id": "P1654", "suhii_night": 1.92, "lst_day": 38.5, "lst_night": 28.2, "frac_built": 0.6, "frac_tree": 0.1, "suhii_night_normalized": 1.92, "suhii_night_ml": 1.92, "suhii_night_2031": 2.34, "suhii_night_2041": 3.1 }, "geometry": { "type": "Polygon", "coordinates": [ [ [ 73.955, 18.454 ], [ 73.955, 18.463 ], [ 73.946, 18.463 ], [ 73.946, 18.454 ], [ 73.955, 18.454 ] ] ] } },
{ "type": "Feature", "properties": { "cell_id": "P1655", "suhii_night": 1.92, "lst_day": 38.5, "lst_night": 28.2, "frac_built": 0.6, "frac_tree": 0.1, "suhii_night_normalized": 1.92, "suhii_night_ml": 1.92, "suhii_night_2031": 2.34, "suhii_night_2041": 3.1 }, "geometry": { "type": "Polygon", "coordinates": [ [ [ 73.955, 18.463 ], [ 73.955, 18.472 ], [ 73.946, 18.472 ], [ 73.946, 18.463 ], [ 73.955, 18.463 ] ] ] } },
{ "type": "Feature", "properties": { "cell_id": "P1656", "suhii_night": 1.92, "lst_day": 38.5, "lst_night": 28.2, "frac_built": 0.6, "frac_tree": 0.1, "suhii_night_normalized": 1.92, "suhii_night_ml": 1.92, "suhii_night_2031": 2.34, "suhii_night_2041": 3.1 }, "geometry": { "type": "Polygon", "coordinates": [ [ [ 73.955, 18.472 ], [ 73.955, 18.481 ], [ 73.946, 18.481 ], [ 73.946, 18.472 ], [ 73.955, 18.472 ] ] ] } },
{ "type": "Feature", "properties": { "cell_id": "P1657", "suhii_night": 1.92, "lst_day": 38.5, "lst_night": 28.2, "frac_built": 0.6, "frac_tree": 0.1, "suhii_night_normalized": 1.92, "suhii_night_ml": 1.92, "suhii_night_2031": 2.34, "suhii_night_2041": 3.1 }, "geometry": { "type": "Polygon", "coordinates": [ [ [ 73.955, 18.481 ], [ 73.955, 18.49 ], [ 73.946, 18.49 ], [ 73.946, 18.481 ], [ 73.955, 18.481 ] ] ] } },
{ "type": "Feature", "properties": { "cell_id": "P1658", "suhii_night": 1.92, "lst_day": 38.5, "lst_night": 28.2, "frac_built": 0.6, "frac_tree": 0.1, "suhii_night_normalized": 1.92, "suhii_night_ml": 1.92, "suhii_night_2031": 2.34, "suhii_night_2041": 3.1 }, "geometry": { "type": "Polygon", "coordinates": [ [ [ 73.955, 18.49 ], [ 73.955, 18.499 ], [ 73.946, 18.499 ], [ 73.946, 18.49 ], [ 73.955, 18.49 ] ] ] } },
{ "type": "Feature", "properties": { "cell_id": "P1659", "suhii_night": 1.92, "lst_day": 38.5, "lst_night": 28.2, "frac_built": 0.6, "frac_tree": 0.1, "suhii_night_normalized": 1.92, "suhii_night_ml": 1.92, "suhii_night_2031": 2.34, "suhii_night_2041": 3.1 }, "geometry": { "type": "Polygon", "coordinates": [ [ [ 73.955, 18.499 ], [ 73.955, 18.508 ], [ 73.946, 18.508 ], [ 73.946, 18.499 ], [ 73.955, 18.499 ] ] ] } },
{ "type": "Feature", "properties": { "cell_id": "P1660", "suhii_night": 1.92, "lst_day": 38.5, "lst_night": 28.2, "frac_built": 0.6, "frac_tree": 0.1, "suhii_night_normalized": 1.92, "suhii_night_ml": 1.92, "suhii_night_2031": 2.34, "suhii_night_2041": 3.1 }, "geometry": { "type": "Polygon", "coordinates": [ [ [ 73.955, 18.508 ], [ 73.955, 18.517 ], [ 73.946, 18.517 ], [ 73.946, 18.508 ], [ 73.955, 18.508 ] ] ] } },
{ "type": "Feature", "properties": { "cell_id": "P1661", "suhii_night": 1.92, "lst_day": 38.5, "lst_night": 28.2, "frac_built": 0.6, "frac_tree": 0.1, "suhii_night_normalized": 1.92, "suhii_night_ml": 1.92, "suhii_night_2031": 2.34, "suhii_night_2041": 3.1 }, "geometry": { "type": "Polygon", "coordinates": [ [ [ 73.955, 18.517 ], [ 73.955, 18.526 ], [ 73.946, 18.526 ], [ 73.946, 18.517 ], [ 73.955, 18.517 ] ] ] } },
{ "type": "Feature", "properties": { "cell_id": "P1662", "suhii_night": 1.92, "lst_day": 38.5, "lst_night": 28.2, "frac_built": 0.6, "frac_tree": 0.1, "suhii_night_normalized": 1.92, "suhii_night_ml": 1.92, "suhii_night_2031": 2.34, "suhii_night_2041": 3.1 }, "geometry": { "type": "Polygon", "coordinates": [ [ [ 73.955, 18.526 ], [ 73.955, 18.535 ], [ 73.946, 18.535 ], [ 73.946, 18.526 ], [ 73.955, 18.526 ] ] ] } },
{ "type": "Feature", "properties": { "cell_id": "P1663", "suhii_night": 1.92, "lst_day": 38.5, "lst_night": 28.2, "frac_built": 0.6, "frac_tree": 0.1, "suhii_night_normalized": 1.92, "suhii_night_ml": 1.92, "suhii_night_2031": 2.34, "suhii_night_2041": 3.1 }, "geometry": { "type": "Polygon", "coordinates": [ [ [ 73.955, 18.535 ], [ 73.955, 18.544 ], [ 73.946, 18.544 ], [ 73.946, 18.535 ], [ 73.955, 18.535 ] ] ] } },
{ "type": "Feature", "properties": { "cell_id": "P1664", "suhii_night": 1.92, "lst_day": 38.5, "lst_night": 28.2, "frac_built": 0.6, "frac_tree": 0.1, "suhii_night_normalized": 1.92, "suhii_night_ml": 1.92, "suhii_night_2031": 2.34, "suhii_night_2041": 3.1 }, "geometry": { "type": "Polygon", "coordinates": [ [ [ 73.955, 18.544 ], [ 73.955, 18.553 ], [ 73.946, 18.553 ], [ 73.946, 18.544 ], [ 73.955, 18.544 ] ] ] } },
{ "type": "Feature", "properties": { "cell_id": "P1665", "suhii_night": 1.92, "lst_day": 38.5, "lst_night": 28.2, "frac_built": 0.6, "frac_tree": 0.1, "suhii_night_normalized": 1.92, "suhii_night_ml": 1.92, "suhii_night_2031": 2.34, "suhii_night_2041": 3.1 }, "geometry": { "type": "Polygon", "coordinates": [ [ [ 73.955, 18.553 ], [ 73.955, 18.562 ], [ 73.946, 18.562 ], [ 73.946, 18.553 ], [ 73.955, 18.553 ] ] ] } },
{ "type": "Feature", "properties": { "cell_id": "P1666", "suhii_night": 1.92, "lst_day": 38.5, "lst_night": 28.2, "frac_built": 0.6, "frac_tree": 0.1, "suhii_night_normalized": 1.92, "suhii_night_ml": 1.92, "suhii_night_2031": 2.34, "suhii_night_2041": 3.1 }, "geometry": { "type": "Polygon", "coordinates": [ [ [ 73.955, 18.562 ], [ 73.955, 18.571 ], [ 73.946, 18.571 ], [ 73.946, 18.562 ], [ 73.955, 18.562 ] ] ] } },
{ "type": "Feature", "properties": { "cell_id": "P1667", "suhii_night": 1.92, "lst_day": 38.5, "lst_night": 28.2, "frac_built": 0.6, "frac_tree": 0.1, "suhii_night_normalized": 1.92, "suhii_night_ml": 1.92, "suhii_night_2031": 2.34, "suhii_night_2041": 3.1 }, "geometry": { "type": "Polygon", "coordinates": [ [ [ 73.955, 18.571 ], [ 73.955, 18.58 ], [ 73.946, 18.58 ], [ 73.946, 18.571 ], [ 73.955, 18.571 ] ] ] } },
{ "type": "Feature", "properties": { "cell_id": "P1668", "suhii_night": 1.92, "lst_day": 38.5, "lst_night": 28.2, "frac_built": 0.6, "frac_tree": 0.1, "suhii_night_normalized": 1.92, "suhii_night_ml": 1.92, "suhii_night_2031": 2.34, "suhii_night_2041": 3.1 }, "geometry": { "type": "Polygon", "coordinates": [ [ [ 73.955, 18.58 ], [ 73.955, 18.589 ], [ 73.946, 18.589 ], [ 73.946, 18.58 ], [ 73.955, 18.58 ] ] ] } },
{ "type": "Feature", "properties": { "cell_id": "P1669", "suhii_night": 1.92, "lst_day": 38.5, "lst_night": 28.2, "frac_built": 0.6, "frac_tree": 0.1, "suhii_night_normalized": 1.92, "suhii_night_ml": 1.92, "suhii_night_2031": 2.34, "suhii_night_2041": 3.1 }, "geometry": { "type": "Polygon", "coordinates": [ [ [ 73.955, 18.589 ], [ 73.955, 18.598 ], [ 73.946, 18.598 ], [ 73.946, 18.589 ], [ 73.955, 18.589 ] ] ] } },
{ "type": "Feature", "properties": { "cell_id": "P1670", "suhii_night": 1.92, "lst_day": 38.5, "lst_night": 28.2, "frac_built": 0.6, "frac_tree": 0.1, "suhii_night_normalized": 1.92, "suhii_night_ml": 1.92, "suhii_night_2031": 2.34, "suhii_night_2041": 3.1 }, "geometry": { "type": "Polygon", "coordinates": [ [ [ 73.955, 18.598 ], [ 73.955, 18.607 ], [ 73.946, 18.607 ], [ 73.946, 18.598 ], [ 73.955, 18.598 ] ] ] } },
{ "type": "Feature", "properties": { "cell_id": "P1671", "suhii_night": 1.92, "lst_day": 38.5, "lst_night": 28.2, "frac_built": 0.6, "frac_tree": 0.1, "suhii_night_normalized": 1.92, "suhii_night_ml": 1.92, "suhii_night_2031": 2.34, "suhii_night_2041": 3.1 }, "geometry": { "type": "Polygon", "coordinates": [ [ [ 73.955, 18.607 ], [ 73.955, 18.616 ], [ 73.946, 18.616 ], [ 73.946, 18.607 ], [ 73.955, 18.607 ] ] ] } },
{ "type": "Feature", "properties": { "cell_id": "P1672", "suhii_night": 1.92, "lst_day": 38.5, "lst_night": 28.2, "frac_built": 0.6, "frac_tree": 0.1, "suhii_night_normalized": 1.92, "suhii_night_ml": 1.92, "suhii_night_2031": 2.34, "suhii_night_2041": 3.1 }, "geometry": { "type": "Polygon", "coordinates": [ [ [ 73.955, 18.616 ], [ 73.955, 18.625 ], [ 73.946, 18.625 ], [ 73.946, 18.616 ], [ 73.955, 18.616 ] ] ] } },
{ "type": "Feature", "properties": { "cell_id": "P1673", "suhii_night": 1.92, "lst_day": 38.5, "lst_night": 28.2, "frac_built": 0.6, "frac_tree": 0.1, "suhii_night_normalized": 1.92, "suhii_night_ml": 1.92, "suhii_night_2031": 2.34, "suhii_night_2041": 3.1 }, "geometry": { "type": "Polygon", "coordinates": [ [ [ 73.955, 18.625 ], [ 73.955, 18.634 ], [ 73.946, 18.634 ], [ 73.946, 18.625 ], [ 73.955, 18.625 ] ] ] } },
{ "type": "Feature", "properties": { "cell_id": "P1674", "suhii_night": 1.92, "lst_day": 38.5, "lst_night": 28.2, "frac_built": 0.6, "frac_tree": 0.1, "suhii_night_normalized": 1.92, "suhii_night_ml": 1.92, "suhii_night_2031": 2.34, "suhii_night_2041": 3.1 }, "geometry": { "type": "Polygon", "coordinates": [ [ [ 73.955, 18.634 ], [ 73.955, 18.643 ], [ 73.946, 18.643 ], [ 73.946, 18.634 ], [ 73.955, 18.634 ] ] ] } },
{ "type": "Feature", "properties": { "cell_id": "P1675", "suhii_night": 1.92, "lst_day": 38.5, "lst_night": 28.2, "frac_built": 0.6, "frac_tree": 0.1, "suhii_night_normalized": 1.92, "suhii_night_ml": 1.92, "suhii_night_2031": 2.34, "suhii_night_2041": 3.1 }, "geometry": { "type": "Polygon", "coordinates": [ [ [ 73.964, 18.4 ], [ 73.964, 18.409 ], [ 73.955, 18.409 ], [ 73.955, 18.4 ], [ 73.964, 18.4 ] ] ] } },
{ "type": "Feature", "properties": { "cell_id": "P1676", "suhii_night": 1.92, "lst_day": 38.5, "lst_night": 28.2, "frac_built": 0.6, "frac_tree": 0.1, "suhii_night_normalized": 1.92, "suhii_night_ml": 1.92, "suhii_night_2031": 2.34, "suhii_night_2041": 3.1 }, "geometry": { "type": "Polygon", "coordinates": [ [ [ 73.964, 18.409 ], [ 73.964, 18.418 ], [ 73.955, 18.418 ], [ 73.955, 18.409 ], [ 73.964, 18.409 ] ] ] } },
{ "type": "Feature", "properties": { "cell_id": "P1677", "suhii_night": 1.92, "lst_day": 38.5, "lst_night": 28.2, "frac_built": 0.6, "frac_tree": 0.1, "suhii_night_normalized": 1.92, "suhii_night_ml": 1.92, "suhii_night_2031": 2.34, "suhii_night_2041": 3.1 }, "geometry": { "type": "Polygon", "coordinates": [ [ [ 73.964, 18.418 ], [ 73.964, 18.427 ], [ 73.955, 18.427 ], [ 73.955, 18.418 ], [ 73.964, 18.418 ] ] ] } },
{ "type": "Feature", "properties": { "cell_id": "P1678", "suhii_night": 1.92, "lst_day": 38.5, "lst_night": 28.2, "frac_built": 0.6, "frac_tree": 0.1, "suhii_night_normalized": 1.92, "suhii_night_ml": 1.92, "suhii_night_2031": 2.34, "suhii_night_2041": 3.1 }, "geometry": { "type": "Polygon", "coordinates": [ [ [ 73.964, 18.427 ], [ 73.964, 18.436 ], [ 73.955, 18.436 ], [ 73.955, 18.427 ], [ 73.964, 18.427 ] ] ] } },
{ "type": "Feature", "properties": { "cell_id": "P1679", "suhii_night": 1.92, "lst_day": 38.5, "lst_night": 28.2, "frac_built": 0.6, "frac_tree": 0.1, "suhii_night_normalized": 1.92, "suhii_night_ml": 1.92, "suhii_night_2031": 2.34, "suhii_night_2041": 3.1 }, "geometry": { "type": "Polygon", "coordinates": [ [ [ 73.964, 18.436 ], [ 73.964, 18.445 ], [ 73.955, 18.445 ], [ 73.955, 18.436 ], [ 73.964, 18.436 ] ] ] } },
{ "type": "Feature", "properties": { "cell_id": "P1680", "suhii_night": 1.92, "lst_day": 38.5, "lst_night": 28.2, "frac_built": 0.6, "frac_tree": 0.1, "suhii_night_normalized": 1.92, "suhii_night_ml": 1.92, "suhii_night_2031": 2.34, "suhii_night_2041": 3.1 }, "geometry": { "type": "Polygon", "coordinates": [ [ [ 73.964, 18.445 ], [ 73.964, 18.454 ], [ 73.955, 18.454 ], [ 73.955, 18.445 ], [ 73.964, 18.445 ] ] ] } },
{ "type": "Feature", "properties": { "cell_id": "P1681", "suhii_night": 1.92, "lst_day": 38.5, "lst_night": 28.2, "frac_built": 0.6, "frac_tree": 0.1, "suhii_night_normalized": 1.92, "suhii_night_ml": 1.92, "suhii_night_2031": 2.34, "suhii_night_2041": 3.1 }, "geometry": { "type": "Polygon", "coordinates": [ [ [ 73.964, 18.454 ], [ 73.964, 18.463 ], [ 73.955, 18.463 ], [ 73.955, 18.454 ], [ 73.964, 18.454 ] ] ] } },
{ "type": "Feature", "properties": { "cell_id": "P1682", "suhii_night": 1.92, "lst_day": 38.5, "lst_night": 28.2, "frac_built": 0.6, "frac_tree": 0.1, "suhii_night_normalized": 1.92, "suhii_night_ml": 1.92, "suhii_night_2031": 2.34, "suhii_night_2041": 3.1 }, "geometry": { "type": "Polygon", "coordinates": [ [ [ 73.964, 18.463 ], [ 73.964, 18.472 ], [ 73.955, 18.472 ], [ 73.955, 18.463 ], [ 73.964, 18.463 ] ] ] } },
{ "type": "Feature", "properties": { "cell_id": "P1683", "suhii_night": 1.92, "lst_day": 38.5, "lst_night": 28.2, "frac_built": 0.6, "frac_tree": 0.1, "suhii_night_normalized": 1.92, "suhii_night_ml": 1.92, "suhii_night_2031": 2.34, "suhii_night_2041": 3.1 }, "geometry": { "type": "Polygon", "coordinates": [ [ [ 73.964, 18.472 ], [ 73.964, 18.481 ], [ 73.955, 18.481 ], [ 73.955, 18.472 ], [ 73.964, 18.472 ] ] ] } },
{ "type": "Feature", "properties": { "cell_id": "P1684", "suhii_night": 1.92, "lst_day": 38.5, "lst_night": 28.2, "frac_built": 0.6, "frac_tree": 0.1, "suhii_night_normalized": 1.92, "suhii_night_ml": 1.92, "suhii_night_2031": 2.34, "suhii_night_2041": 3.1 }, "geometry": { "type": "Polygon", "coordinates": [ [ [ 73.964, 18.481 ], [ 73.964, 18.49 ], [ 73.955, 18.49 ], [ 73.955, 18.481 ], [ 73.964, 18.481 ] ] ] } },
{ "type": "Feature", "properties": { "cell_id": "P1685", "suhii_night": 1.92, "lst_day": 38.5, "lst_night": 28.2, "frac_built": 0.6, "frac_tree": 0.1, "suhii_night_normalized": 1.92, "suhii_night_ml": 1.92, "suhii_night_2031": 2.34, "suhii_night_2041": 3.1 }, "geometry": { "type": "Polygon", "coordinates": [ [ [ 73.964, 18.49 ], [ 73.964, 18.499 ], [ 73.955, 18.499 ], [ 73.955, 18.49 ], [ 73.964, 18.49 ] ] ] } },
{ "type": "Feature", "properties": { "cell_id": "P1686", "suhii_night": 1.92, "lst_day": 38.5, "lst_night": 28.2, "frac_built": 0.6, "frac_tree": 0.1, "suhii_night_normalized": 1.92, "suhii_night_ml": 1.92, "suhii_night_2031": 2.34, "suhii_night_2041": 3.1 }, "geometry": { "type": "Polygon", "coordinates": [ [ [ 73.964, 18.499 ], [ 73.964, 18.508 ], [ 73.955, 18.508 ], [ 73.955, 18.499 ], [ 73.964, 18.499 ] ] ] } },
{ "type": "Feature", "properties": { "cell_id": "P1687", "suhii_night": 1.92, "lst_day": 38.5, "lst_night": 28.2, "frac_built": 0.6, "frac_tree": 0.1, "suhii_night_normalized": 1.92, "suhii_night_ml": 1.92, "suhii_night_2031": 2.34, "suhii_night_2041": 3.1 }, "geometry": { "type": "Polygon", "coordinates": [ [ [ 73.964, 18.508 ], [ 73.964, 18.517 ], [ 73.955, 18.517 ], [ 73.955, 18.508 ], [ 73.964, 18.508 ] ] ] } },
{ "type": "Feature", "properties": { "cell_id": "P1688", "suhii_night": 1.92, "lst_day": 38.5, "lst_night": 28.2, "frac_built": 0.6, "frac_tree": 0.1, "suhii_night_normalized": 1.92, "suhii_night_ml": 1.92, "suhii_night_2031": 2.34, "suhii_night_2041": 3.1 }, "geometry": { "type": "Polygon", "coordinates": [ [ [ 73.964, 18.517 ], [ 73.964, 18.526 ], [ 73.955, 18.526 ], [ 73.955, 18.517 ], [ 73.964, 18.517 ] ] ] } },
{ "type": "Feature", "properties": { "cell_id": "P1689", "suhii_night": 1.92, "lst_day": 38.5, "lst_night": 28.2, "frac_built": 0.6, "frac_tree": 0.1, "suhii_night_normalized": 1.92, "suhii_night_ml": 1.92, "suhii_night_2031": 2.34, "suhii_night_2041": 3.1 }, "geometry": { "type": "Polygon", "coordinates": [ [ [ 73.964, 18.526 ], [ 73.964, 18.535 ], [ 73.955, 18.535 ], [ 73.955, 18.526 ], [ 73.964, 18.526 ] ] ] } },
{ "type": "Feature", "properties": { "cell_id": "P1690", "suhii_night": 1.92, "lst_day": 38.5, "lst_night": 28.2, "frac_built": 0.6, "frac_tree": 0.1, "suhii_night_normalized": 1.92, "suhii_night_ml": 1.92, "suhii_night_2031": 2.34, "suhii_night_2041": 3.1 }, "geometry": { "type": "Polygon", "coordinates": [ [ [ 73.964, 18.535 ], [ 73.964, 18.544 ], [ 73.955, 18.544 ], [ 73.955, 18.535 ], [ 73.964, 18.535 ] ] ] } },
{ "type": "Feature", "properties": { "cell_id": "P1691", "suhii_night": 1.92, "lst_day": 38.5, "lst_night": 28.2, "frac_built": 0.6, "frac_tree": 0.1, "suhii_night_normalized": 1.92, "suhii_night_ml": 1.92, "suhii_night_2031": 2.34, "suhii_night_2041": 3.1 }, "geometry": { "type": "Polygon", "coordinates": [ [ [ 73.964, 18.544 ], [ 73.964, 18.553 ], [ 73.955, 18.553 ], [ 73.955, 18.544 ], [ 73.964, 18.544 ] ] ] } },
{ "type": "Feature", "properties": { "cell_id": "P1692", "suhii_night": 1.92, "lst_day": 38.5, "lst_night": 28.2, "frac_built": 0.6, "frac_tree": 0.1, "suhii_night_normalized": 1.92, "suhii_night_ml": 1.92, "suhii_night_2031": 2.34, "suhii_night_2041": 3.1 }, "geometry": { "type": "Polygon", "coordinates": [ [ [ 73.964, 18.553 ], [ 73.964, 18.562 ], [ 73.955, 18.562 ], [ 73.955, 18.553 ], [ 73.964, 18.553 ] ] ] } },
{ "type": "Feature", "properties": { "cell_id": "P1693", "suhii_night": 1.92, "lst_day": 38.5, "lst_night": 28.2, "frac_built": 0.6, "frac_tree": 0.1, "suhii_night_normalized": 1.92, "suhii_night_ml": 1.92, "suhii_night_2031": 2.34, "suhii_night_2041": 3.1 }, "geometry": { "type": "Polygon", "coordinates": [ [ [ 73.964, 18.562 ], [ 73.964, 18.571 ], [ 73.955, 18.571 ], [ 73.955, 18.562 ], [ 73.964, 18.562 ] ] ] } },
{ "type": "Feature", "properties": { "cell_id": "P1694", "suhii_night": 1.92, "lst_day": 38.5, "lst_night": 28.2, "frac_built": 0.6, "frac_tree": 0.1, "suhii_night_normalized": 1.92, "suhii_night_ml": 1.92, "suhii_night_2031": 2.34, "suhii_night_2041": 3.1 }, "geometry": { "type": "Polygon", "coordinates": [ [ [ 73.964, 18.571 ], [ 73.964, 18.58 ], [ 73.955, 18.58 ], [ 73.955, 18.571 ], [ 73.964, 18.571 ] ] ] } },
{ "type": "Feature", "properties": { "cell_id": "P1695", "suhii_night": 1.92, "lst_day": 38.5, "lst_night": 28.2, "frac_built": 0.6, "frac_tree": 0.1, "suhii_night_normalized": 1.92, "suhii_night_ml": 1.92, "suhii_night_2031": 2.34, "suhii_night_2041": 3.1 }, "geometry": { "type": "Polygon", "coordinates": [ [ [ 73.964, 18.58 ], [ 73.964, 18.589 ], [ 73.955, 18.589 ], [ 73.955, 18.58 ], [ 73.964, 18.58 ] ] ] } },
{ "type": "Feature", "properties": { "cell_id": "P1696", "suhii_night": 1.92, "lst_day": 38.5, "lst_night": 28.2, "frac_built": 0.6, "frac_tree": 0.1, "suhii_night_normalized": 1.92, "suhii_night_ml": 1.92, "suhii_night_2031": 2.34, "suhii_night_2041": 3.1 }, "geometry": { "type": "Polygon", "coordinates": [ [ [ 73.964, 18.589 ], [ 73.964, 18.598 ], [ 73.955, 18.598 ], [ 73.955, 18.589 ], [ 73.964, 18.589 ] ] ] } },
{ "type": "Feature", "properties": { "cell_id": "P1697", "suhii_night": 1.92, "lst_day": 38.5, "lst_night": 28.2, "frac_built": 0.6, "frac_tree": 0.1, "suhii_night_normalized": 1.92, "suhii_night_ml": 1.92, "suhii_night_2031": 2.34, "suhii_night_2041": 3.1 }, "geometry": { "type": "Polygon", "coordinates": [ [ [ 73.964, 18.598 ], [ 73.964, 18.607 ], [ 73.955, 18.607 ], [ 73.955, 18.598 ], [ 73.964, 18.598 ] ] ] } },
{ "type": "Feature", "properties": { "cell_id": "P1698", "suhii_night": 1.92, "lst_day": 38.5, "lst_night": 28.2, "frac_built": 0.6, "frac_tree": 0.1, "suhii_night_normalized": 1.92, "suhii_night_ml": 1.92, "suhii_night_2031": 2.34, "suhii_night_2041": 3.1 }, "geometry": { "type": "Polygon", "coordinates": [ [ [ 73.964, 18.607 ], [ 73.964, 18.616 ], [ 73.955, 18.616 ], [ 73.955, 18.607 ], [ 73.964, 18.607 ] ] ] } },
{ "type": "Feature", "properties": { "cell_id": "P1699", "suhii_night": 1.92, "lst_day": 38.5, "lst_night": 28.2, "frac_built": 0.6, "frac_tree": 0.1, "suhii_night_normalized": 1.92, "suhii_night_ml": 1.92, "suhii_night_2031": 2.34, "suhii_night_2041": 3.1 }, "geometry": { "type": "Polygon", "coordinates": [ [ [ 73.964, 18.616 ], [ 73.964, 18.625 ], [ 73.955, 18.625 ], [ 73.955, 18.616 ], [ 73.964, 18.616 ] ] ] } },
{ "type": "Feature", "properties": { "cell_id": "P1700", "suhii_night": 1.92, "lst_day": 38.5, "lst_night": 28.2, "frac_built": 0.6, "frac_tree": 0.1, "suhii_night_normalized": 1.92, "suhii_night_ml": 1.92, "suhii_night_2031": 2.34, "suhii_night_2041": 3.1 }, "geometry": { "type": "Polygon", "coordinates": [ [ [ 73.964, 18.625 ], [ 73.964, 18.634 ], [ 73.955, 18.634 ], [ 73.955, 18.625 ], [ 73.964, 18.625 ] ] ] } },
{ "type": "Feature", "properties": { "cell_id": "P1701", "suhii_night": 1.92, "lst_day": 38.5, "lst_night": 28.2, "frac_built": 0.6, "frac_tree": 0.1, "suhii_night_normalized": 1.92, "suhii_night_ml": 1.92, "suhii_night_2031": 2.34, "suhii_night_2041": 3.1 }, "geometry": { "type": "Polygon", "coordinates": [ [ [ 73.964, 18.634 ], [ 73.964, 18.643 ], [ 73.955, 18.643 ], [ 73.955, 18.634 ], [ 73.964, 18.634 ] ] ] } },
{ "type": "Feature", "properties": { "cell_id": "P1702", "suhii_night": 1.92, "lst_day": 38.5, "lst_night": 28.2, "frac_built": 0.6, "frac_tree": 0.1, "suhii_night_normalized": 1.92, "suhii_night_ml": 1.92, "suhii_night_2031": 2.34, "suhii_night_2041": 3.1 }, "geometry": { "type": "Polygon", "coordinates": [ [ [ 73.973, 18.4 ], [ 73.973, 18.409 ], [ 73.964, 18.409 ], [ 73.964, 18.4 ], [ 73.973, 18.4 ] ] ] } },
{ "type": "Feature", "properties": { "cell_id": "P1703", "suhii_night": 1.92, "lst_day": 38.5, "lst_night": 28.2, "frac_built": 0.6, "frac_tree": 0.1, "suhii_night_normalized": 1.92, "suhii_night_ml": 1.92, "suhii_night_2031": 2.34, "suhii_night_2041": 3.1 }, "geometry": { "type": "Polygon", "coordinates": [ [ [ 73.973, 18.409 ], [ 73.973, 18.418 ], [ 73.964, 18.418 ], [ 73.964, 18.409 ], [ 73.973, 18.409 ] ] ] } },
{ "type": "Feature", "properties": { "cell_id": "P1704", "suhii_night": 1.92, "lst_day": 38.5, "lst_night": 28.2, "frac_built": 0.6, "frac_tree": 0.1, "suhii_night_normalized": 1.92, "suhii_night_ml": 1.92, "suhii_night_2031": 2.34, "suhii_night_2041": 3.1 }, "geometry": { "type": "Polygon", "coordinates": [ [ [ 73.973, 18.418 ], [ 73.973, 18.427 ], [ 73.964, 18.427 ], [ 73.964, 18.418 ], [ 73.973, 18.418 ] ] ] } },
{ "type": "Feature", "properties": { "cell_id": "P1705", "suhii_night": 1.92, "lst_day": 38.5, "lst_night": 28.2, "frac_built": 0.6, "frac_tree": 0.1, "suhii_night_normalized": 1.92, "suhii_night_ml": 1.92, "suhii_night_2031": 2.34, "suhii_night_2041": 3.1 }, "geometry": { "type": "Polygon", "coordinates": [ [ [ 73.973, 18.427 ], [ 73.973, 18.436 ], [ 73.964, 18.436 ], [ 73.964, 18.427 ], [ 73.973, 18.427 ] ] ] } },
{ "type": "Feature", "properties": { "cell_id": "P1706", "suhii_night": 1.92, "lst_day": 38.5, "lst_night": 28.2, "frac_built": 0.6, "frac_tree": 0.1, "suhii_night_normalized": 1.92, "suhii_night_ml": 1.92, "suhii_night_2031": 2.34, "suhii_night_2041": 3.1 }, "geometry": { "type": "Polygon", "coordinates": [ [ [ 73.973, 18.436 ], [ 73.973, 18.445 ], [ 73.964, 18.445 ], [ 73.964, 18.436 ], [ 73.973, 18.436 ] ] ] } },
{ "type": "Feature", "properties": { "cell_id": "P1707", "suhii_night": 1.92, "lst_day": 38.5, "lst_night": 28.2, "frac_built": 0.6, "frac_tree": 0.1, "suhii_night_normalized": 1.92, "suhii_night_ml": 1.92, "suhii_night_2031": 2.34, "suhii_night_2041": 3.1 }, "geometry": { "type": "Polygon", "coordinates": [ [ [ 73.973, 18.445 ], [ 73.973, 18.454 ], [ 73.964, 18.454 ], [ 73.964, 18.445 ], [ 73.973, 18.445 ] ] ] } },
{ "type": "Feature", "properties": { "cell_id": "P1708", "suhii_night": 1.92, "lst_day": 38.5, "lst_night": 28.2, "frac_built": 0.6, "frac_tree": 0.1, "suhii_night_normalized": 1.92, "suhii_night_ml": 1.92, "suhii_night_2031": 2.34, "suhii_night_2041": 3.1 }, "geometry": { "type": "Polygon", "coordinates": [ [ [ 73.973, 18.454 ], [ 73.973, 18.463 ], [ 73.964, 18.463 ], [ 73.964, 18.454 ], [ 73.973, 18.454 ] ] ] } },
{ "type": "Feature", "properties": { "cell_id": "P1709", "suhii_night": 1.92, "lst_day": 38.5, "lst_night": 28.2, "frac_built": 0.6, "frac_tree": 0.1, "suhii_night_normalized": 1.92, "suhii_night_ml": 1.92, "suhii_night_2031": 2.34, "suhii_night_2041": 3.1 }, "geometry": { "type": "Polygon", "coordinates": [ [ [ 73.973, 18.463 ], [ 73.973, 18.472 ], [ 73.964, 18.472 ], [ 73.964, 18.463 ], [ 73.973, 18.463 ] ] ] } },
{ "type": "Feature", "properties": { "cell_id": "P1710", "suhii_night": 1.92, "lst_day": 38.5, "lst_night": 28.2, "frac_built": 0.6, "frac_tree": 0.1, "suhii_night_normalized": 1.92, "suhii_night_ml": 1.92, "suhii_night_2031": 2.34, "suhii_night_2041": 3.1 }, "geometry": { "type": "Polygon", "coordinates": [ [ [ 73.973, 18.472 ], [ 73.973, 18.481 ], [ 73.964, 18.481 ], [ 73.964, 18.472 ], [ 73.973, 18.472 ] ] ] } },
{ "type": "Feature", "properties": { "cell_id": "P1711", "suhii_night": 1.92, "lst_day": 38.5, "lst_night": 28.2, "frac_built": 0.6, "frac_tree": 0.1, "suhii_night_normalized": 1.92, "suhii_night_ml": 1.92, "suhii_night_2031": 2.34, "suhii_night_2041": 3.1 }, "geometry": { "type": "Polygon", "coordinates": [ [ [ 73.973, 18.481 ], [ 73.973, 18.49 ], [ 73.964, 18.49 ], [ 73.964, 18.481 ], [ 73.973, 18.481 ] ] ] } },
{ "type": "Feature", "properties": { "cell_id": "P1712", "suhii_night": 1.92, "lst_day": 38.5, "lst_night": 28.2, "frac_built": 0.6, "frac_tree": 0.1, "suhii_night_normalized": 1.92, "suhii_night_ml": 1.92, "suhii_night_2031": 2.34, "suhii_night_2041": 3.1 }, "geometry": { "type": "Polygon", "coordinates": [ [ [ 73.973, 18.49 ], [ 73.973, 18.499 ], [ 73.964, 18.499 ], [ 73.964, 18.49 ], [ 73.973, 18.49 ] ] ] } },
{ "type": "Feature", "properties": { "cell_id": "P1713", "suhii_night": 1.92, "lst_day": 38.5, "lst_night": 28.2, "frac_built": 0.6, "frac_tree": 0.1, "suhii_night_normalized": 1.92, "suhii_night_ml": 1.92, "suhii_night_2031": 2.34, "suhii_night_2041": 3.1 }, "geometry": { "type": "Polygon", "coordinates": [ [ [ 73.973, 18.499 ], [ 73.973, 18.508 ], [ 73.964, 18.508 ], [ 73.964, 18.499 ], [ 73.973, 18.499 ] ] ] } },
{ "type": "Feature", "properties": { "cell_id": "P1714", "suhii_night": 1.92, "lst_day": 38.5, "lst_night": 28.2, "frac_built": 0.6, "frac_tree": 0.1, "suhii_night_normalized": 1.92, "suhii_night_ml": 1.92, "suhii_night_2031": 2.34, "suhii_night_2041": 3.1 }, "geometry": { "type": "Polygon", "coordinates": [ [ [ 73.973, 18.508 ], [ 73.973, 18.517 ], [ 73.964, 18.517 ], [ 73.964, 18.508 ], [ 73.973, 18.508 ] ] ] } },
{ "type": "Feature", "properties": { "cell_id": "P1715", "suhii_night": 1.92, "lst_day": 38.5, "lst_night": 28.2, "frac_built": 0.6, "frac_tree": 0.1, "suhii_night_normalized": 1.92, "suhii_night_ml": 1.92, "suhii_night_2031": 2.34, "suhii_night_2041": 3.1 }, "geometry": { "type": "Polygon", "coordinates": [ [ [ 73.973, 18.517 ], [ 73.973, 18.526 ], [ 73.964, 18.526 ], [ 73.964, 18.517 ], [ 73.973, 18.517 ] ] ] } },
{ "type": "Feature", "properties": { "cell_id": "P1716", "suhii_night": 1.92, "lst_day": 38.5, "lst_night": 28.2, "frac_built": 0.6, "frac_tree": 0.1, "suhii_night_normalized": 1.92, "suhii_night_ml": 1.92, "suhii_night_2031": 2.34, "suhii_night_2041": 3.1 }, "geometry": { "type": "Polygon", "coordinates": [ [ [ 73.973, 18.526 ], [ 73.973, 18.535 ], [ 73.964, 18.535 ], [ 73.964, 18.526 ], [ 73.973, 18.526 ] ] ] } },
{ "type": "Feature", "properties": { "cell_id": "P1717", "suhii_night": 1.92, "lst_day": 38.5, "lst_night": 28.2, "frac_built": 0.6, "frac_tree": 0.1, "suhii_night_normalized": 1.92, "suhii_night_ml": 1.92, "suhii_night_2031": 2.34, "suhii_night_2041": 3.1 }, "geometry": { "type": "Polygon", "coordinates": [ [ [ 73.973, 18.535 ], [ 73.973, 18.544 ], [ 73.964, 18.544 ], [ 73.964, 18.535 ], [ 73.973, 18.535 ] ] ] } },
{ "type": "Feature", "properties": { "cell_id": "P1718", "suhii_night": 1.92, "lst_day": 38.5, "lst_night": 28.2, "frac_built": 0.6, "frac_tree": 0.1, "suhii_night_normalized": 1.92, "suhii_night_ml": 1.92, "suhii_night_2031": 2.34, "suhii_night_2041": 3.1 }, "geometry": { "type": "Polygon", "coordinates": [ [ [ 73.973, 18.544 ], [ 73.973, 18.553 ], [ 73.964, 18.553 ], [ 73.964, 18.544 ], [ 73.973, 18.544 ] ] ] } },
{ "type": "Feature", "properties": { "cell_id": "P1719", "suhii_night": 1.92, "lst_day": 38.5, "lst_night": 28.2, "frac_built": 0.6, "frac_tree": 0.1, "suhii_night_normalized": 1.92, "suhii_night_ml": 1.92, "suhii_night_2031": 2.34, "suhii_night_2041": 3.1 }, "geometry": { "type": "Polygon", "coordinates": [ [ [ 73.973, 18.553 ], [ 73.973, 18.562 ], [ 73.964, 18.562 ], [ 73.964, 18.553 ], [ 73.973, 18.553 ] ] ] } },
{ "type": "Feature", "properties": { "cell_id": "P1720", "suhii_night": 1.92, "lst_day": 38.5, "lst_night": 28.2, "frac_built": 0.6, "frac_tree": 0.1, "suhii_night_normalized": 1.92, "suhii_night_ml": 1.92, "suhii_night_2031": 2.34, "suhii_night_2041": 3.1 }, "geometry": { "type": "Polygon", "coordinates": [ [ [ 73.973, 18.562 ], [ 73.973, 18.571 ], [ 73.964, 18.571 ], [ 73.964, 18.562 ], [ 73.973, 18.562 ] ] ] } },
{ "type": "Feature", "properties": { "cell_id": "P1721", "suhii_night": 1.92, "lst_day": 38.5, "lst_night": 28.2, "frac_built": 0.6, "frac_tree": 0.1, "suhii_night_normalized": 1.92, "suhii_night_ml": 1.92, "suhii_night_2031": 2.34, "suhii_night_2041": 3.1 }, "geometry": { "type": "Polygon", "coordinates": [ [ [ 73.973, 18.571 ], [ 73.973, 18.58 ], [ 73.964, 18.58 ], [ 73.964, 18.571 ], [ 73.973, 18.571 ] ] ] } },
{ "type": "Feature", "properties": { "cell_id": "P1722", "suhii_night": 1.92, "lst_day": 38.5, "lst_night": 28.2, "frac_built": 0.6, "frac_tree": 0.1, "suhii_night_normalized": 1.92, "suhii_night_ml": 1.92, "suhii_night_2031": 2.34, "suhii_night_2041": 3.1 }, "geometry": { "type": "Polygon", "coordinates": [ [ [ 73.973, 18.58 ], [ 73.973, 18.589 ], [ 73.964, 18.589 ], [ 73.964, 18.58 ], [ 73.973, 18.58 ] ] ] } },
{ "type": "Feature", "properties": { "cell_id": "P1723", "suhii_night": 1.92, "lst_day": 38.5, "lst_night": 28.2, "frac_built": 0.6, "frac_tree": 0.1, "suhii_night_normalized": 1.92, "suhii_night_ml": 1.92, "suhii_night_2031": 2.34, "suhii_night_2041": 3.1 }, "geometry": { "type": "Polygon", "coordinates": [ [ [ 73.973, 18.589 ], [ 73.973, 18.598 ], [ 73.964, 18.598 ], [ 73.964, 18.589 ], [ 73.973, 18.589 ] ] ] } },
{ "type": "Feature", "properties": { "cell_id": "P1724", "suhii_night": 1.92, "lst_day": 38.5, "lst_night": 28.2, "frac_built": 0.6, "frac_tree": 0.1, "suhii_night_normalized": 1.92, "suhii_night_ml": 1.92, "suhii_night_2031": 2.34, "suhii_night_2041": 3.1 }, "geometry": { "type": "Polygon", "coordinates": [ [ [ 73.973, 18.598 ], [ 73.973, 18.607 ], [ 73.964, 18.607 ], [ 73.964, 18.598 ], [ 73.973, 18.598 ] ] ] } },
{ "type": "Feature", "properties": { "cell_id": "P1725", "suhii_night": 1.92, "lst_day": 38.5, "lst_night": 28.2, "frac_built": 0.6, "frac_tree": 0.1, "suhii_night_normalized": 1.92, "suhii_night_ml": 1.92, "suhii_night_2031": 2.34, "suhii_night_2041": 3.1 }, "geometry": { "type": "Polygon", "coordinates": [ [ [ 73.973, 18.607 ], [ 73.973, 18.616 ], [ 73.964, 18.616 ], [ 73.964, 18.607 ], [ 73.973, 18.607 ] ] ] } },
{ "type": "Feature", "properties": { "cell_id": "P1726", "suhii_night": 1.92, "lst_day": 38.5, "lst_night": 28.2, "frac_built": 0.6, "frac_tree": 0.1, "suhii_night_normalized": 1.92, "suhii_night_ml": 1.92, "suhii_night_2031": 2.34, "suhii_night_2041": 3.1 }, "geometry": { "type": "Polygon", "coordinates": [ [ [ 73.973, 18.616 ], [ 73.973, 18.625 ], [ 73.964, 18.625 ], [ 73.964, 18.616 ], [ 73.973, 18.616 ] ] ] } },
{ "type": "Feature", "properties": { "cell_id": "P1727", "suhii_night": 1.92, "lst_day": 38.5, "lst_night": 28.2, "frac_built": 0.6, "frac_tree": 0.1, "suhii_night_normalized": 1.92, "suhii_night_ml": 1.92, "suhii_night_2031": 2.34, "suhii_night_2041": 3.1 }, "geometry": { "type": "Polygon", "coordinates": [ [ [ 73.973, 18.625 ], [ 73.973, 18.634 ], [ 73.964, 18.634 ], [ 73.964, 18.625 ], [ 73.973, 18.625 ] ] ] } },
{ "type": "Feature", "properties": { "cell_id": "P1728", "suhii_night": 1.92, "lst_day": 38.5, "lst_night": 28.2, "frac_built": 0.6, "frac_tree": 0.1, "suhii_night_normalized": 1.92, "suhii_night_ml": 1.92, "suhii_night_2031": 2.34, "suhii_night_2041": 3.1 }, "geometry": { "type": "Polygon", "coordinates": [ [ [ 73.973, 18.634 ], [ 73.973, 18.643 ], [ 73.964, 18.643 ], [ 73.964, 18.634 ], [ 73.973, 18.634 ] ] ] } }
]
}
