tree
version=v4
num_class=1
num_tree_per_iteration=1
label_index=0
max_feature_idx=4
objective=quantile
feature_names=Column_0 Column_1 Column_2 Column_3 Column_4
feature_infos=[0:1] [0:0.94989999999999997] [0:0.69810000000000005] [0:0.67030000000000001] [0:0.87009999999999998]
tree_sizes=551 645 564 646 646 569 646 646 569 646 647 649 814 655 731 729 729 811 729 726 729 732 727 731 732 728 733 732 727 729 735 893 735 807 822 891 892 822 893 817 808 822 744 743 743 741 810 820 907 734 892 895 898 739 740 737 823 744 740 739 816 742 730 730 737 740 824 824 893 829 906 822 825 743 902 897 823 826 911 816 835 830 903 905 913 921 919 821 906 824 837 824 817 908 834 835 822 744 832 822 828 834 835 831 835 755 917 916 758 757 913 913 757 914 759 912 820 918 833 829 833 827 836 826 1010 923 827 923 1007 911 908 828 920 1010 845 826 926 926 833 912 919 1007 913 922 825 1000 818 922 986 836 996 898 997 984 915 918 1002 843 917 831 915 907 836 842 836 995 844 898 907 901 902 914 931 1004 925 833 915 842 917 830 834 906 829 845 902 841 840 822 839 833 913 912 829 832 829 911 896 917 1001 914 904 837 906 916 828 836 922 810 844 838 838 840 836 925 925 920 924 920 922 923 1009 1010 1009 810 908 902 1005 821 829 828 894 819 825 799 979 980 922 915 909 919 907 903 921 922 1006 834 837 1010 917 904 818 902 906 815 922 906 844 827 841 896 844 912 914 896 914 928 831 923 906 930 916 917 910 836 840 1005 918 831 832 826 925 831 922 846 902 827 908 825 906 831 990 828 901 905 1015 837 926 919 922 911

Tree=0
num_leaves=5
num_cat=0
split_feature=0 0 1 3
split_gain=5.11663 0.857664 1.09716 0.174165
threshold=0.038850000000000003 0.30040000000000006 0.10685000000000001 0.11275000000000002
decision_type=2 2 2 2
left_child=-1 2 -2 -3
right_child=1 3 -4 -5
leaf_value=0.22639000018820166 0.22914999998435376 0.28339000035807516 0.25255000030621888 0.25516000015378004
leaf_weight=24 20 120 26 39
leaf_count=24 20 120 26 39
internal_value=0.25 0.25139 0.247783 0.252434
internal_weight=0 205 46 159
internal_count=229 205 46 159
is_linear=0
shrinkage=1


Tree=1
num_leaves=6
num_cat=0
split_feature=3 0 4 1 1
split_gain=3.49595 1.52841 0.123897 0.276923 2.22045e-16
threshold=0.31860000000000005 0.07740000000000001 0.16300000000000003 0.03815000000000001 0.04080000000000001
decision_type=2 2 2 2 2
left_child=1 -1 4 -4 -3
right_child=-2 2 3 -5 -6
leaf_value=-0.013991699844713509 -0.026891700428326396 0.033228299607936954 -0.002164800017577411 0.0098234999863431177 0.040938300336156884
leaf_weight=25 21 58 20 32 73
leaf_count=25 21 58 20 32 73
internal_value=0 0.00155769 0.0025082 0.00126923 0.003
internal_weight=0 208 183 52 131
internal_count=229 208 183 52 131
is_linear=0
shrinkage=0.03


Tree=2
num_leaves=5
num_cat=0
split_feature=0 0 1 4
split_gain=2.97769 0.788839 0.678788 0.0998428
threshold=0.053050000000000007 0.30040000000000006 0.13865000000000002 0.16300000000000003
decision_type=2 2 2 2
left_child=-1 2 -2 -3
right_child=1 3 -4 -5
leaf_value=-0.021161948988399956 -0.019815374778755158 0.037730151454818124 0.003961805901193432 0.0081001435582668587
leaf_weight=28 20 127 22 32
leaf_count=28 20 127 22 32
internal_value=0 0.00165672 -0.002 0.00262264
internal_weight=0 201 42 159
internal_count=229 201 42 159
is_linear=0
shrinkage=0.03


Tree=3
num_leaves=6
num_cat=0
split_feature=3 0 4 1 1
split_gain=3.57491 1.09976 0.123897 0.276923 2.22045e-16
threshold=0.31860000000000005 0.07740000000000001 0.16300000000000003 0.03815000000000001 0.04080000000000001
decision_type=2 2 2 2 2
left_child=1 -1 4 -4 -3
right_child=-2 2 3 -5 -6
leaf_value=-0.012937090379720104 -0.025450090947028537 0.031099546076054307 -0.0023428603237980955 0.0094099408097170212 0.038578246782427633
leaf_weight=25 21 58 20 32 73
leaf_count=25 21 58 20 32 73
internal_value=0 0.00170192 0.0025082 0.00126923 0.003
internal_weight=0 208 183 52 131
internal_count=229 208 183 52 131
is_linear=0
shrinkage=0.03


Tree=4
num_leaves=6
num_cat=0
split_feature=3 0 4 1 1
split_gain=2.83172 1.09976 0.123897 0.276923 2.22045e-16
threshold=0.31860000000000005 0.07740000000000001 0.16300000000000003 0.03815000000000001 0.04080000000000001
decision_type=2 2 2 2 2
left_child=1 -1 4 -4 -3
right_child=-2 2 3 -5 -6
leaf_value=-0.012548977668328501 -0.024686588218617678 0.030166559693772674 -0.0022725745140841523 0.0091276425854255102 0.037420899378954806
leaf_weight=25 21 58 20 32 73
leaf_count=25 21 58 20 32 73
internal_value=0 0.00170192 0.0025082 0.00126923 0.003
internal_weight=0 208 183 52 131
internal_count=229 208 183 52 131
is_linear=0
shrinkage=0.03


Tree=5
num_leaves=5
num_cat=0
split_feature=0 1 0 4
split_gain=2.26745 2.13564 0.468085 0.0998428
threshold=0.30040000000000006 0.051450000000000003 0.07740000000000001 0.16300000000000003
decision_type=2 2 2 2
left_child=1 -1 -3 -2
right_child=3 2 -4 -5
leaf_value=-0.021931843978184852 0.034318272526332114 -0.012172508338278645 0.0088538132631592499 0.0079956022966553193
leaf_weight=23 127 25 22 32
leaf_count=23 127 25 22 32
internal_value=0 -0.00385714 -0.000191489 0.00262264
internal_weight=0 70 47 159
internal_count=229 70 47 159
is_linear=0
shrinkage=0.03


Tree=6
num_leaves=6
num_cat=0
split_feature=3 0 4 1 1
split_gain=2.83172 1.09976 0.123897 0.276923 2.22045e-16
threshold=0.31860000000000005 0.07740000000000001 0.16300000000000003 0.03815000000000001 0.04080000000000001
decision_type=2 2 2 2 2
left_child=1 -1 4 -4 -3
right_child=-2 2 3 -5 -6
leaf_value=-0.011807333088130286 -0.023580815313185264 0.028232014727169533 -0.0024442653475612872 0.0085881989099679656 0.035268724221796201
leaf_weight=25 21 58 20 32 73
leaf_count=25 21 58 20 32 73
internal_value=0 0.00170192 0.0025082 0.00126923 0.003
internal_weight=0 208 183 52 131
internal_count=229 208 183 52 131
is_linear=0
shrinkage=0.03


Tree=7
num_leaves=6
num_cat=0
split_feature=3 0 4 1 0
split_gain=2.35527 1.1546 0.126747 0.273529 2.22045e-16
threshold=0.30785000000000007 0.07740000000000001 0.16300000000000003 0.03815000000000001 0.9406000000000001
decision_type=2 2 2 2 2
left_child=1 -1 4 -4 -3
right_child=-2 2 3 -5 -6
leaf_value=-0.011453113095486378 -0.022012515685847275 0.031870662496930359 -0.0023709373871344478 0.008030552866673004 0.056605053573675256
leaf_weight=24 24 106 20 31 24
leaf_count=24 24 106 20 31 24
internal_value=0 0.00168293 0.00250276 0.00123529 0.003
internal_weight=0 205 181 51 130
internal_count=229 205 181 51 130
is_linear=0
shrinkage=0.03


Tree=8
num_leaves=5
num_cat=0
split_feature=0 1 0 4
split_gain=1.97743 1.66546 0.468085 0.0998428
threshold=0.30040000000000006 0.051450000000000003 0.07740000000000001 0.16300000000000003
decision_type=2 2 2 2
left_child=1 -1 -3 -2
right_child=3 2 -4 -5
leaf_value=-0.020442077942474442 0.031274542748980352 -0.011109519702621785 0.0080896363119652426 0.0079001903097965336
leaf_weight=23 127 25 22 32
leaf_count=23 127 25 22 32
internal_value=0 -0.00342857 -0.000191489 0.00262264
internal_weight=0 70 47 159
internal_count=229 70 47 159
is_linear=0
shrinkage=0.03


Tree=9
num_leaves=6
num_cat=0
split_feature=3 0 4 1 0
split_gain=1.79978 1.1546 0.126747 0.273529 2.22045e-16
threshold=0.30785000000000007 0.07740000000000001 0.16300000000000003 0.03815000000000001 0.9406000000000001
decision_type=2 2 2 2 2
left_child=1 -1 4 -4 -3
right_child=-2 2 3 -5 -6
leaf_value=-0.010776234111543133 -0.020934861590438975 0.029976306339553047 -0.002536814974814311 0.0075469471913138571 0.053968665683995588
leaf_weight=24 24 106 20 31 24
leaf_count=24 24 106 20 31 24
internal_value=0 0.00168293 0.00250276 0.00123529 0.003
internal_weight=0 205 181 51 130
internal_count=229 205 181 51 130
is_linear=0
shrinkage=0.03


Tree=10
num_leaves=6
num_cat=0
split_feature=3 0 4 1 0
split_gain=1.79978 1.1546 0.126747 0.273529 2.22045e-16
threshold=0.30785000000000007 0.07740000000000001 0.16300000000000003 0.03815000000000001 0.9406000000000001
decision_type=2 2 2 2 2
left_child=1 -1 4 -4 -3
right_child=-2 2 3 -5 -6
leaf_value=-0.010452947088196839 -0.02030681574272581 0.029077017149366446 -0.0024607105255698807 0.0073205387755744412 0.052349605713475716
leaf_weight=24 24 106 20 31 24
leaf_count=24 24 106 20 31 24
internal_value=0 0.00168293 0.00250276 0.00123529 0.003
internal_weight=0 205 181 51 130
internal_count=229 205 181 51 130
is_linear=0
shrinkage=0.03


Tree=11
num_leaves=6
num_cat=0
split_feature=0 1 4 1 0
split_gain=1.74172 0.462019 0.211491 0.498113 2.22045e-16
threshold=0.14690000000000003 0.061650000000000003 0.13245000000000004 0.035550000000000005 0.83065000000000011
decision_type=2 2 2 2 2
left_child=1 -1 4 -4 -2
right_child=2 -3 3 -5 -6
leaf_value=-0.020276913669672179 0.021934435389297954 -0.010113209966045667 -0.004788492157957301 0.011052382884379434 0.046144706096655774
leaf_weight=20 67 32 20 33 57
leaf_count=20 67 32 20 33 57
internal_value=0 -0.00392308 0.00232203 0.000735849 0.003
internal_weight=0 52 177 53 124
internal_count=229 52 177 53 124
is_linear=0
shrinkage=0.03


Tree=12
num_leaves=8
num_cat=0
split_feature=0 1 0 0 0 1 4
split_gain=1.7385 1.66546 0.468085 0.195667 0.162578 2.22045e-16 5.55112e-17
threshold=0.30040000000000006 0.051450000000000003 0.07740000000000001 0.61930000000000007 0.47635000000000005 0.035550000000000005 0.024100000000000003
decision_type=2 2 2 2 2 2 2
left_child=1 -1 -3 4 -2 6 -5
right_child=3 2 -4 5 -6 -7 -8
leaf_value=-0.018480110863890481 0.010323699311346222 -0.0098359623765695639 0.00764082214416004 0.048596764719922095 -0.00029668862745212458 0.035851990992550667 0.024205804867373254
leaf_weight=23 33 25 22 24 21 58 23
leaf_count=23 33 25 22 24 21 58 23
internal_value=0 -0.00342857 -0.000191489 0.00224528 0.000777778 0.003 0.003
internal_weight=0 70 47 159 54 105 47
internal_count=229 70 47 159 54 105 47
is_linear=0
shrinkage=0.03


Tree=13
num_leaves=6
num_cat=0
split_feature=3 0 1 0 1
split_gain=1.68049 1.04788 0.166049 0.503704 0.042126
threshold=0.30785000000000007 0.07740000000000001 0.024900000000000002 0.72205000000000008 0.36825000000000002
decision_type=2 2 2 2 2
left_child=1 -1 3 -3 -4
right_child=-2 2 4 -5 -6
leaf_value=-0.0095408835052724766 -0.018929865411109189 -0.0022343337862405009 0.015209060570611553 0.024367000212037419 0.0084907751514699918
leaf_weight=24 24 20 107 34 20
leaf_count=24 24 20 107 34 20
internal_value=0 0.00139024 0.00217127 0.000777778 0.00276378
internal_weight=0 205 181 54 127
internal_count=229 205 181 54 127
is_linear=0
shrinkage=0.03


Tree=14
num_leaves=7
num_cat=0
split_feature=0 1 0 3 0 0
split_gain=1.7385 1.66546 0.468085 0.138474 0.0416667 2.22045e-16
threshold=0.30040000000000006 0.051450000000000003 0.07740000000000001 0.11275000000000002 0.51245000000000007 0.88640000000000019
decision_type=2 2 2 2 2 2
left_child=1 -1 -3 4 -2 -6
right_child=3 2 -4 -5 5 -7
leaf_value=-0.017683320338315604 0.0096451276068308511 -0.0092546570001143021 0.0071367193627267685 0.0013201626172040766 0.030543185517947838 0.04580301962211724
leaf_weight=23 20 25 22 39 58 42
leaf_count=23 20 25 22 39 58 42
internal_value=0 -0.00342857 -0.000191489 0.00224528 0.00275 0.003
internal_weight=0 70 47 159 120 100
internal_count=229 70 47 159 120 100
is_linear=0
shrinkage=0.03


Tree=15
num_leaves=7
num_cat=0
split_feature=0 1 1 0 1 0
split_gain=1.55777 0.462019 0.24354 0.697767 0.0416667 2.22045e-16
threshold=0.14690000000000003 0.061650000000000003 0.028450000000000007 0.71840000000000004 0.32200000000000001 0.73990000000000011
decision_type=2 2 2 2 2 2
left_child=1 -1 3 -2 5 -4
right_child=2 -3 4 -5 -6 -7
leaf_value=-0.018269309880614829 -0.003886908652063478 -0.008950868580605606 0.010638949711056413 0.023607063998594881 0.011584823243642161 0.03354605872411915
leaf_weight=20 22 32 57 35 20 43
leaf_count=20 22 32 57 35 20 43
internal_value=0 -0.00392308 0.00198305 0.000368421 0.00275 0.003
internal_weight=0 52 177 57 120 100
internal_count=229 52 177 57 120 100
is_linear=0
shrinkage=0.03


Tree=16
num_leaves=7
num_cat=0
split_feature=0 4 1 0 1 0
split_gain=1.2683 0.480769 0.24354 0.697767 0.0416667 2.22045e-16
threshold=0.14690000000000003 0.44185000000000002 0.028450000000000007 0.71840000000000004 0.32200000000000001 0.73990000000000011
decision_type=2 2 2 2 2 2
left_child=1 -1 3 -2 5 -4
right_child=2 -3 4 -5 -6 -7
leaf_value=-0.017119217015886628 -0.0037703013925015736 -0.0022912110698623421 0.010319781219724723 0.022898852078637032 0.011237278546332895 0.03253967696239557
leaf_weight=26 22 26 57 35 20 43
leaf_count=26 22 26 57 35 20 43
internal_value=0 -0.00334615 0.00198305 0.000368421 0.00275 0.003
internal_weight=0 52 177 57 120 100
internal_count=229 52 177 57 120 100
is_linear=0
shrinkage=0.03


Tree=17
num_leaves=8
num_cat=0
split_feature=0 1 0 0 0 1 4
split_gain=1.59459 1.25365 0.468085 0.110063 0.0541125 2.22045e-16 5.55112e-17
threshold=0.30040000000000006 0.051450000000000003 0.07740000000000001 0.61930000000000007 0.47635000000000005 0.035550000000000005 0.024100000000000003
decision_type=2 2 2 2 2 2 2
left_child=1 -1 -3 4 -2 6 -5
right_child=3 2 -4 5 -6 -7 -8
leaf_value=-0.016613424977777402 0.009086662647107677 -0.0083049266381298708 0.0075636338560085238 0.043638583700982836 0.00047021941652554416 0.032368959024380382 0.020437147667135541
leaf_weight=23 33 25 22 24 21 58 23
leaf_count=23 33 25 22 24 21 58 23
internal_value=0 -0.003 -0.000191489 0.00243396 0.00133333 0.003 0.003
internal_weight=0 70 47 159 54 105 47
internal_count=229 70 47 159 54 105 47
is_linear=0
shrinkage=0.03


Tree=18
num_leaves=7
num_cat=0
split_feature=0 4 1 0 1 0
split_gain=1.2683 0.480769 0.24354 0.697767 0.0416667 2.22045e-16
threshold=0.14690000000000003 0.44185000000000002 0.028450000000000007 0.71840000000000004 0.32200000000000001 0.73990000000000011
decision_type=2 2 2 2 2 2
left_child=1 -1 3 -2 5 -4
right_child=2 -3 4 -5 -6 -7
leaf_value=-0.016356492706266133 -0.0036712989332222936 -0.00172407198843315 0.0097650024257722803 0.021598772086263856 0.010668682089182962 0.030592417882792291
leaf_weight=26 22 26 57 35 20 43
leaf_count=26 22 26 57 35 20 43
internal_value=0 -0.00334615 0.00198305 0.000368421 0.00275 0.003
internal_weight=0 52 177 57 120 100
internal_count=229 52 177 57 120 100
is_linear=0
shrinkage=0.03


Tree=19
num_leaves=7
num_cat=0
split_feature=0 1 0 3 0 0
split_gain=1.48578 1.25365 0.468085 0.138474 0.0416667 2.22045e-16
threshold=0.30040000000000006 0.051450000000000003 0.07740000000000001 0.11275000000000002 0.51245000000000007 0.88640000000000019
decision_type=2 2 2 2 2 2
left_child=1 -1 -3 4 -2 -6
right_child=3 2 -4 -5 5 -7
leaf_value=-0.016051616705207297 0.0081531607492985204 -0.0078284676150201012 0.007724235127451181 0.0016063064255258076 0.02750506695478103 0.041146235228145492
leaf_weight=23 20 25 22 39 58 42
leaf_count=23 20 25 22 39 58 42
internal_value=0 -0.003 -0.000191489 0.00224528 0.00275 0.003
internal_weight=0 70 47 159 120 100
internal_count=229 70 47 159 120 100
is_linear=0
shrinkage=0.03


Tree=20
num_leaves=7
num_cat=0
split_feature=0 4 1 0 1 0
split_gain=1.2683 0.480769 0.24354 0.697767 0.0416667 2.22045e-16
threshold=0.14690000000000003 0.44185000000000002 0.028450000000000007 0.71840000000000004 0.32200000000000001 0.73990000000000011
decision_type=2 2 2 2 2 2
left_child=1 -1 3 -2 5 -4
right_child=2 -3 4 -5 -6 -7
leaf_value=-0.015630943896627544 -0.003609349157991399 -0.0011908013276239369 0.0093259078321555576 0.02012565691503251 0.010115607796182714 0.028849493337665084
leaf_weight=26 22 26 57 35 20 43
leaf_count=26 22 26 57 35 20 43
internal_value=0 -0.00334615 0.00198305 0.000368421 0.00275 0.003
internal_weight=0 52 177 57 120 100
internal_count=229 52 177 57 120 100
is_linear=0
shrinkage=0.03


Tree=21
num_leaves=7
num_cat=0
split_feature=0 4 1 0 1 0
split_gain=1.2683 0.480769 0.24354 0.697767 0.0416667 2.22045e-16
threshold=0.14690000000000003 0.44185000000000002 0.028450000000000007 0.71840000000000004 0.32200000000000001 0.73990000000000011
decision_type=2 2 2 2 2 2
left_child=1 -1 3 -2 5 -4
right_child=2 -3 4 -5 -6 -7
leaf_value=-0.015162015579728719 -0.0035010686832516566 -0.0011550772877952184 0.0090461305971908917 0.019521887207581533 0.0098121395622972323 0.027984008537535136
leaf_weight=26 22 26 57 35 20 43
leaf_count=26 22 26 57 35 20 43
internal_value=0 -0.00334615 0.00198305 0.000368421 0.00275 0.003
internal_weight=0 52 177 57 120 100
internal_count=229 52 177 57 120 100
is_linear=0
shrinkage=0.03


Tree=22
num_leaves=7
num_cat=0
split_feature=0 1 0 3 0 0
split_gain=1.48578 1.25365 0.468085 0.138474 0.0416667 2.22045e-16
threshold=0.30040000000000006 0.051450000000000003 0.07740000000000001 0.11275000000000002 0.51245000000000007 0.88640000000000019
decision_type=2 2 2 2 2 2
left_child=1 -1 -3 4 -2 -6
right_child=3 2 -4 -5 5 -7
leaf_value=-0.015471104605547745 0.0073527376484731387 -0.0071818722272552708 0.0070888419606191418 0.001771429767997325 0.025937274296229884 0.038722421847622701
leaf_weight=23 20 25 22 39 58 42
leaf_count=23 20 25 22 39 58 42
internal_value=0 -0.003 -0.000191489 0.00224528 0.00275 0.003
internal_weight=0 70 47 159 120 100
internal_count=229 70 47 159 120 100
is_linear=0
shrinkage=0.03


Tree=23
num_leaves=7
num_cat=0
split_feature=0 4 1 0 1 0
split_gain=1.2683 0.480769 0.24354 0.697767 0.0416667 2.22045e-16
threshold=0.14690000000000003 0.44185000000000002 0.028450000000000007 0.71840000000000004 0.32200000000000001 0.73990000000000011
decision_type=2 2 2 2 2 2
left_child=1 -1 3 -2 5 -4
right_child=2 -3 4 -5 -6 -7
leaf_value=-0.014491698945519197 -0.003449179515794027 -0.0006562918309949297 0.0086577948532353659 0.018158112362467189 0.0093043184297703242 0.026366370052522185
leaf_weight=26 22 26 57 35 20 43
leaf_count=26 22 26 57 35 20 43
internal_value=0 -0.00334615 0.00198305 0.000368421 0.00275 0.003
internal_weight=0 52 177 57 120 100
internal_count=229 52 177 57 120 100
is_linear=0
shrinkage=0.03


Tree=24
num_leaves=7
num_cat=0
split_feature=0 4 1 0 1 0
split_gain=1.2683 0.480769 0.24354 0.697767 0.0416667 2.22045e-16
threshold=0.14690000000000003 0.44185000000000002 0.028450000000000007 0.71840000000000004 0.32200000000000001 0.73990000000000011
decision_type=2 2 2 2 2 2
left_child=1 -1 3 -2 5 -4
right_child=2 -3 4 -5 -6 -7
leaf_value=-0.014056947977153622 -0.0033457041303202066 -0.00063660307606508188 0.008398061007638305 0.017613368991593173 0.0090251888768772149 0.025575378950946519
leaf_weight=26 22 26 57 35 20 43
leaf_count=26 22 26 57 35 20 43
internal_value=0 -0.00334615 0.00198305 0.000368421 0.00275 0.003
internal_weight=0 52 177 57 120 100
internal_count=229 52 177 57 120 100
is_linear=0
shrinkage=0.03


Tree=25
num_leaves=7
num_cat=0
split_feature=0 1 0 3 0 0
split_gain=1.48578 1.25365 0.468085 0.138474 0.0416667 2.22045e-16
threshold=0.30040000000000006 0.051450000000000003 0.07740000000000001 0.11275000000000002 0.51245000000000007 0.88640000000000019
decision_type=2 2 2 2 2 2
left_child=1 -1 -3 4 -2 -6
right_child=3 2 -4 -5 5 -7
leaf_value=-0.014935172682324109 0.0066166588899372082 -0.0066005601597962094 0.0066392092890739558 0.0019221333843408321 0.023917248284037417 0.036487604751572207
leaf_weight=23 20 25 22 39 58 42
leaf_count=23 20 25 22 39 58 42
internal_value=0 -0.003 -0.000191489 0.00224528 0.00275 0.003
internal_weight=0 70 47 159 120 100
internal_count=229 70 47 159 120 100
is_linear=0
shrinkage=0.03


Tree=26
num_leaves=7
num_cat=0
split_feature=0 4 1 0 1 0
split_gain=1.2683 0.480769 0.24354 0.697767 0.0416667 2.22045e-16
threshold=0.14690000000000003 0.44185000000000002 0.028450000000000007 0.71840000000000004 0.32200000000000001 0.73990000000000011
decision_type=2 2 2 2 2 2
left_child=1 -1 3 -2 5 -4
right_child=2 -3 4 -5 -6 -7
leaf_value=-0.013437222733045128 -0.0033029970079408253 -0.00016944980331340607 0.0080318502768308379 0.016367450473324257 0.0085553245830769387 0.024090600133897001
leaf_weight=26 22 26 57 35 20 43
leaf_count=26 22 26 57 35 20 43
internal_value=0 -0.00334615 0.00198305 0.000368421 0.00275 0.003
internal_weight=0 52 177 57 120 100
internal_count=229 52 177 57 120 100
is_linear=0
shrinkage=0.03


Tree=27
num_leaves=7
num_cat=0
split_feature=0 4 1 0 1 0
split_gain=1.2683 0.480769 0.24354 0.697767 0.0416667 2.22045e-16
threshold=0.14690000000000003 0.44185000000000002 0.028450000000000007 0.71840000000000004 0.32200000000000001 0.73990000000000011
decision_type=2 2 2 2 2 2
left_child=1 -1 3 -2 5 -4
right_child=2 -3 4 -5 -6 -7
leaf_value=-0.013034106051053774 -0.003203907097702601 -0.00016436630921400395 0.0077908947685259126 0.015876426959124532 0.0082986648455846308 0.023367882129880092
leaf_weight=26 22 26 57 35 20 43
leaf_count=26 22 26 57 35 20 43
internal_value=0 -0.00334615 0.00198305 0.000368421 0.00275 0.003
internal_weight=0 52 177 57 120 100
internal_count=229 52 177 57 120 100
is_linear=0
shrinkage=0.03


Tree=28
num_leaves=7
num_cat=0
split_feature=0 1 0 3 0 0
split_gain=1.48578 1.25365 0.468085 0.138474 0.0416667 2.22045e-16
threshold=0.30040000000000006 0.051450000000000003 0.07740000000000001 0.11275000000000002 0.51245000000000007 0.88640000000000019
decision_type=2 2 2 2 2 2
left_child=1 -1 -3 4 -2 -6
right_child=3 2 -4 -5 5 -7
leaf_value=-0.01444006448444878 0.0059403830396043784 -0.0060788786915251343 0.0071072906127317963 0.0020596765059799097 0.022060697921957785 0.034425660286051582
leaf_weight=23 20 25 22 39 58 42
leaf_count=23 20 25 22 39 58 42
internal_value=0 -0.003 -0.000191489 0.00224528 0.00275 0.003
internal_weight=0 70 47 159 120 100
internal_count=229 70 47 159 120 100
is_linear=0
shrinkage=0.03


Tree=29
num_leaves=7
num_cat=0
split_feature=0 4 1 0 1 0
split_gain=1.2683 0.480769 0.24354 0.697767 0.0416667 2.22045e-16
threshold=0.14690000000000003 0.44185000000000002 0.028450000000000007 0.71840000000000004 0.32200000000000001 0.73990000000000011
decision_type=2 2 2 2 2 2
left_child=1 -1 3 -2 5 -4
right_child=2 -3 4 -5 -6 -7
leaf_value=-0.012460716508776407 -0.00316958017995092 0.00027376661459587972 0.0074348062736458876 0.014738313212692061 0.007839986903563391 0.022005024728324954
leaf_weight=26 22 26 57 35 20 43
leaf_count=26 22 26 57 35 20 43
internal_value=0 -0.00334615 0.00198305 0.000368421 0.00275 0.003
internal_weight=0 52 177 57 120 100
internal_count=229 52 177 57 120 100
is_linear=0
shrinkage=0.03


Tree=30
num_leaves=7
num_cat=0
split_feature=0 4 1 0 1 0
split_gain=1.18891 0.480769 0.363076 0.533356 0.0416667 2.22045e-16
threshold=0.14690000000000003 0.44185000000000002 0.028450000000000007 0.71840000000000004 0.32200000000000001 0.73990000000000011
decision_type=2 2 2 2 2 2
left_child=1 -1 3 -2 5 -4
right_child=2 -3 4 -5 -6 -7
leaf_value=-0.012086895013513115 -0.0030744927745523926 0.00026555361615800328 0.0072117620854365103 0.014296163816311299 0.0076047872964564896 0.021344873986475204
leaf_weight=26 22 26 57 35 20 43
leaf_count=26 22 26 57 35 20 43
internal_value=0 -0.00334615 0.00181356 -0.000157895 0.00275 0.003
internal_weight=0 52 177 57 120 100
internal_count=229 52 177 57 120 100
is_linear=0
shrinkage=0.03


Tree=31
num_leaves=9
num_cat=0
split_feature=0 1 0 1 0 4 0 0
split_gain=1.48578 1.25365 0.468085 0.0956674 0.0612795 0.0909091 1.11022e-16 1.11022e-16
threshold=0.30040000000000006 0.051450000000000003 0.07740000000000001 0.0091000000000000022 0.61050000000000015 0.17430000000000004 0.89805000000000013 0.7360000000000001
decision_type=2 2 2 2 2 2 2 2
left_child=1 -1 -3 -2 5 -5 7 -6
right_child=3 2 -4 4 6 -7 -8 -9
leaf_value=-0.013982341791055081 0.0031831842602346411 -0.0056116487297501174 0.006779150136029719 0.001416337713370171 0.025216826027092926 0.0074382750497489292 0.047505094699137343 0.019421476882220887
leaf_weight=23 24 25 22 22 27 22 21 43
leaf_count=23 24 25 22 22 27 22 21 43
internal_value=0 -0.003 -0.000191489 0.00224528 0.00255556 0.00163636 0.003 0.003
internal_weight=0 70 47 159 135 44 91 70
internal_count=229 70 47 159 135 44 91 70
is_linear=0
shrinkage=0.03


Tree=32
num_leaves=7
num_cat=0
split_feature=0 4 1 0 1 0
split_gain=1.18891 0.480769 0.363076 0.533356 0.0416667 2.22045e-16
threshold=0.14690000000000003 0.44185000000000002 0.028450000000000007 0.71840000000000004 0.32200000000000001 0.73990000000000011
decision_type=2 2 2 2 2 2
left_child=1 -1 3 -2 5 -4
right_child=2 -3 4 -5 -6 -7
leaf_value=-0.011555938701215218 -0.0030724529778235984 0.00067705726140491551 0.0067801704686955289 0.013284634595355331 0.0071893576061948898 0.020121883460414321
leaf_weight=26 22 26 57 35 20 43
leaf_count=26 22 26 57 35 20 43
internal_value=0 -0.00334615 0.00181356 -0.000157895 0.00275 0.003
internal_weight=0 52 177 57 120 100
internal_count=229 52 177 57 120 100
is_linear=0
shrinkage=0.03


Tree=33
num_leaves=8
num_cat=0
split_feature=0 4 1 0 4 3 0
split_gain=1.11209 0.480769 0.30333 0.533356 0.05 0.116667 1.11022e-16
threshold=0.14690000000000003 0.44185000000000002 0.028450000000000007 0.71840000000000004 0.039900000000000012 0.012550000000000002 0.61050000000000015
decision_type=2 2 2 2 2 2 2
left_child=1 -1 3 -2 5 -4 -6
right_child=2 -3 4 -5 6 -7 -8
leaf_value=-0.011209260540178762 -0.0029802793884888901 0.00065674554356276796 0.042803491187096192 0.012886095557494674 0.0053012700210336976 0.0032233804261753646 0.021521255572432833
leaf_weight=26 22 26 28 35 43 20 29
leaf_count=26 22 26 28 35 43 20 29
internal_value=0 -0.00334615 0.00164407 -0.000157895 0.0025 0.00175 0.003
internal_weight=0 52 177 57 120 48 72
internal_count=229 52 177 57 120 48 72
is_linear=0
shrinkage=0.03


Tree=34
num_leaves=8
num_cat=0
split_feature=0 1 0 1 0 4 3
split_gain=1.51494 1.07341 0.279497 0.124347 0.168533 0.0480693 0.114894
threshold=0.30040000000000006 0.051450000000000003 0.07740000000000001 0.024900000000000002 0.7895000000000002 0.039900000000000012 0.012550000000000002
decision_type=2 2 2 2 2 2 2
left_child=1 -1 -3 4 -2 6 -5
right_child=3 2 -4 5 -6 -7 -8
leaf_value=-0.013558566403180294 -0.00053637315420746422 -0.0051941253015948801 0.0062284125856126001 0.040586133024415362 0.031384459836127282 0.012915137351491506 0.0031266790133901048
leaf_weight=23 20 25 22 27 31 61 20
leaf_count=23 20 25 22 27 31 61 20
internal_value=0 -0.00342857 -0.000829787 0.00186792 0.000647059 0.00244444 0.0017234
internal_weight=0 70 47 159 51 108 47
internal_count=229 70 47 159 51 108 47
is_linear=0
shrinkage=0.03


Tree=35
num_leaves=9
num_cat=0
split_feature=0 1 3 1 0 4 3 0
split_gain=1.31543 0.557557 0.227013 0.122157 0.112427 0.0338277 0.116244 1.11022e-16
threshold=0.2109 0.051450000000000003 0.17515000000000003 0.0091000000000000022 0.05995000000000001 0.039900000000000012 0.014050000000000002 0.71840000000000004
decision_type=2 2 2 2 2 2 2 2
left_child=1 -1 3 -2 -3 6 -5 -7
right_child=2 4 -4 5 -6 7 -8 -9
leaf_value=-0.013904759363260579 0.0025429450655795739 -0.0029664330359982626 -0.00033689528269784352 0.043051907390909014 0.0041347590768154646 0.0091304586699775536 0.004543014285212762 0.010549340006918272
leaf_weight=20 20 20 22 39 21 42 22 23
leaf_count=20 20 20 22 39 21 42 22 23
internal_value=0 -0.00339344 0.00175 0.00217808 -0.00139024 0.00252381 0.00201639 0.003
internal_weight=0 61 168 146 41 126 61 65
internal_count=229 61 168 146 41 126 61 65
is_linear=0
shrinkage=0.03


Tree=36
num_leaves=9
num_cat=0
split_feature=0 1 3 1 0 4 3 0
split_gain=1.31543 0.557557 0.227013 0.122157 0.112427 0.0338277 0.116244 1.11022e-16
threshold=0.2109 0.051450000000000003 0.17515000000000003 0.0091000000000000022 0.05995000000000001 0.039900000000000012 0.014050000000000002 0.71840000000000004
decision_type=2 2 2 2 2 2 2 2
left_child=1 -1 3 -2 -3 6 -5 -7
right_child=2 4 -4 5 -6 7 -8 -9
leaf_value=-0.013487616582362761 0.0024666567136121852 -0.0028774400449183149 -0.00032678842421690743 0.041760350169181747 0.0040107163045109999 0.0088565449098782275 0.0044067238566563791 0.010232859806710723
leaf_weight=20 20 20 22 39 21 42 22 23
leaf_count=20 20 20 22 39 21 42 22 23
internal_value=0 -0.00339344 0.00175 0.00217808 -0.00139024 0.00252381 0.00201639 0.003
internal_weight=0 61 168 146 41 126 61 65
internal_count=229 61 168 146 41 126 61 65
is_linear=0
shrinkage=0.03


Tree=37
num_leaves=8
num_cat=0
split_feature=0 1 0 1 0 4 3
split_gain=1.51494 1.07341 0.279497 0.124347 0.168533 0.0480693 0.114894
threshold=0.30040000000000006 0.051450000000000003 0.07740000000000001 0.024900000000000002 0.7895000000000002 0.039900000000000012 0.012550000000000002
decision_type=2 2 2 2 2 2 2
left_child=1 -1 -3 4 -2 6 -5
right_child=3 2 -4 5 -6 -7 -8
leaf_value=-0.012330038132716185 -0.00050037144837379425 -0.0051147936074309687 0.0055314746944831019 0.036824181306880185 0.030292637987667709 0.012547593692129164 0.0027643864987323256
leaf_weight=23 20 25 22 27 31 61 20
leaf_count=23 20 25 22 27 31 61 20
internal_value=0 -0.00342857 -0.000829787 0.00186792 0.000647059 0.00244444 0.0017234
internal_weight=0 70 47 159 51 108 47
internal_count=229 70 47 159 51 108 47
is_linear=0
shrinkage=0.03


Tree=38
num_leaves=9
num_cat=0
split_feature=0 1 3 1 0 4 3 0
split_gain=1.31543 0.557557 0.227013 0.122157 0.112427 0.0338277 0.116244 1.11022e-16
threshold=0.2109 0.051450000000000003 0.17515000000000003 0.0091000000000000022 0.05995000000000001 0.039900000000000012 0.014050000000000002 0.71840000000000004
decision_type=2 2 2 2 2 2 2 2
left_child=1 -1 3 -2 -3 6 -5 -7
right_child=2 4 -4 5 -6 7 -8 -9
leaf_value=-0.012713086940910393 0.0014989542217119095 -0.0026376730353478359 -0.00034111753570977346 0.039442003473719824 0.0037244505745411762 0.0082354691216703895 0.0041915905459947184 0.0097561270690601585
leaf_weight=20 20 20 22 39 21 42 22 23
leaf_count=20 20 20 22 39 21 42 22 23
internal_value=0 -0.00339344 0.00175 0.00217808 -0.00139024 0.00252381 0.00201639 0.003
internal_weight=0 61 168 146 41 126 61 65
internal_count=229 61 168 146 41 126 61 65
is_linear=0
shrinkage=0.03


Tree=39
num_leaves=8
num_cat=0
split_feature=0 1 0 1 0 4 3
split_gain=1.27969 0.748566 0.279497 0.124347 0.168533 0.0480693 0.114894
threshold=0.30040000000000006 0.051450000000000003 0.07740000000000001 0.024900000000000002 0.7895000000000002 0.039900000000000012 0.012550000000000002
decision_type=2 2 2 2 2 2 2
left_child=1 -1 -3 4 -2 6 -5
right_child=3 2 -4 5 -6 -7 -8
leaf_value=-0.011578744380507388 -0.00047512677885128813 -0.0049967378262997884 0.005131999439874706 0.034536195763462188 0.029338890221386322 0.012181399384432383 0.0025557071873905141
leaf_weight=23 20 25 22 27 31 61 20
leaf_count=23 20 25 22 27 31 61 20
internal_value=0 -0.003 -0.000829787 0.00186792 0.000647059 0.00244444 0.0017234
internal_weight=0 70 47 159 51 108 47
internal_count=229 70 47 159 51 108 47
is_linear=0
shrinkage=0.03


Tree=40
num_leaves=8
num_cat=0
split_feature=0 4 3 1 4 3 0
split_gain=1.0759 0.415318 0.227013 0.122157 0.0338277 0.116244 1.11022e-16
threshold=0.2109 0.44185000000000002 0.17515000000000003 0.0091000000000000022 0.039900000000000012 0.014050000000000002 0.71840000000000004
decision_type=2 2 2 2 2 2 2
left_child=1 -1 3 -2 5 -5 -6
right_child=2 -3 -4 4 6 -7 -8
leaf_value=-0.0076016515498325016 0.0006632609140966606 -0.0017002024778957898 -0.00035459979664439952 0.037315995768540881 0.0076441112792414185 0.0039891716139931598 0.0092988129290310726
leaf_weight=33 20 28 22 39 42 22 23
leaf_count=33 20 28 22 39 42 22 23
internal_value=0 -0.00290164 0.00175 0.00217808 0.00252381 0.00201639 0.003
internal_weight=0 61 168 146 126 61 65
internal_count=229 61 168 146 126 61 65
is_linear=0
shrinkage=0.03


Tree=41
num_leaves=8
num_cat=0
split_feature=0 1 0 1 0 4 3
split_gain=1.06428 0.482107 0.279497 0.124347 0.168533 0.0480693 0.114894
threshold=0.30040000000000006 0.051450000000000003 0.07740000000000001 0.024900000000000002 0.7895000000000002 0.039900000000000012 0.012550000000000002
decision_type=2 2 2 2 2 2 2
left_child=1 -1 -3 4 -2 6 -5
right_child=3 2 -4 5 -6 -7 -8
leaf_value=-0.011180375974755293 -0.00045023498158641614 -0.0047250122219791128 0.0047944534211007547 0.032380630017502091 0.028438825687321836 0.011826595375344529 0.002359360823349004
leaf_weight=23 20 25 22 27 31 61 20
leaf_count=23 20 25 22 27 31 61 20
internal_value=0 -0.00257143 -0.000829787 0.00186792 0.000647059 0.00244444 0.0017234
internal_weight=0 70 47 159 51 108 47
internal_count=229 70 47 159 51 108 47
is_linear=0
shrinkage=0.03


Tree=42
num_leaves=7
num_cat=0
split_feature=0 3 1 1 0 3
split_gain=0.950366 0.545217 0.544448 0.236503 0.0670061 0.0202375
threshold=0.027950000000000003 0.17515000000000003 0.028450000000000007 0.0091000000000000022 0.40330000000000005 0.049800000000000004
decision_type=2 2 2 2 2 2
left_child=-1 3 -3 -2 -5 -6
right_child=1 2 -4 4 5 -7
leaf_value=-0.011297229604099453 -0.0025648343044914379 -0.0019126353252967301 0.0031173376078806473 0.0028398117190244283 0.021820028637468028 0.0085938903608452234
leaf_weight=21 23 22 21 33 75 34
leaf_count=21 23 22 21 33 75 34
internal_value=0 0.001125 -0.00188372 0.00190909 0.0023662 0.00272477
internal_weight=0 208 43 165 142 109
internal_count=229 208 43 165 142 109
is_linear=0
shrinkage=0.03


Tree=43
num_leaves=7
num_cat=0
split_feature=0 3 1 1 0 3
split_gain=0.950366 0.545217 0.544448 0.236503 0.0670061 0.0202375
threshold=0.027950000000000003 0.17515000000000003 0.028450000000000007 0.0091000000000000022 0.40330000000000005 0.049800000000000004
decision_type=2 2 2 2 2 2
left_child=-1 3 -3 -2 -5 -6
right_child=1 2 -4 4 5 -7
leaf_value=-0.01095831271597647 -0.0024878892753566941 -0.0018552562655378283 0.0030238174796442282 0.0027546173674536942 0.021165427778343987 0.0083360736500198707
leaf_weight=21 23 22 21 33 75 34
leaf_count=21 23 22 21 33 75 34
internal_value=0 0.001125 -0.00188372 0.00190909 0.0023662 0.00272477
internal_weight=0 208 43 165 142 109
internal_count=229 208 43 165 142 109
is_linear=0
shrinkage=0.03


Tree=44
num_leaves=7
num_cat=0
split_feature=0 3 1 1 0 3
split_gain=0.950366 0.545217 0.544448 0.236503 0.0670061 0.0202375
threshold=0.027950000000000003 0.17515000000000003 0.028450000000000007 0.0091000000000000022 0.40330000000000005 0.049800000000000004
decision_type=2 2 2 2 2 2
left_child=-1 3 -3 -2 -5 -6
right_child=1 2 -4 4 5 -7
leaf_value=-0.010629563334497176 -0.002413252597095994 -0.0017995985775716931 0.0029331029552549007 0.0026719788464300816 0.020530464944993668 0.0080859914405192711
leaf_weight=21 23 22 21 33 75 34
leaf_count=21 23 22 21 33 75 34
internal_value=0 0.001125 -0.00188372 0.00190909 0.0023662 0.00272477
internal_weight=0 208 43 165 142 109
internal_count=229 208 43 165 142 109
is_linear=0
shrinkage=0.03


Tree=45
num_leaves=7
num_cat=0
split_feature=0 1 0 4 4 3
split_gain=0.991746 0.390065 0.63952 0.120111 0.0488458 0.118367
threshold=0.027950000000000003 0.028450000000000007 0.71840000000000004 0.35910000000000003 0.039900000000000012 0.012550000000000002
decision_type=2 2 2 2 2 2
left_child=-1 2 -2 4 5 -3
right_child=1 3 -4 -5 -6 -7
leaf_value=-0.010310676434462261 -0.0030384835934575438 0.031370240330288734 0.008000780820794532 -4.679276207625948e-05 0.0094157396683508515 0.0019903391323323558
leaf_weight=21 31 29 35 20 73 20
leaf_count=21 31 29 35 20 73 20
internal_value=0 0.00126923 -0.000636364 0.00215493 0.0025082 0.00177551
internal_weight=0 208 66 142 122 49
internal_count=229 208 66 142 122 49
is_linear=0
shrinkage=0.03


Tree=46
num_leaves=8
num_cat=0
split_feature=0 4 3 1 4 3 0
split_gain=1.0759 0.415318 0.227013 0.122157 0.0338277 0.116244 1.11022e-16
threshold=0.2109 0.44185000000000002 0.17515000000000003 0.0091000000000000022 0.039900000000000012 0.014050000000000002 0.71840000000000004
decision_type=2 2 2 2 2 2 2
left_child=1 -1 3 -2 5 -5 -6
right_child=2 -3 -4 4 6 -7 -8
leaf_value=-0.0061047848817001099 -0.00010606088192569507 -0.0012651344575296192 -0.00010910604303751096 0.033033982522773474 0.0068061104485958052 0.0033252646367652214 0.0067145201327345619
leaf_weight=33 20 28 22 39 42 22 23
leaf_count=33 20 28 22 39 42 22 23
internal_value=0 -0.00290164 0.00175 0.00217808 0.00252381 0.00201639 0.003
internal_weight=0 61 168 146 126 61 65
internal_count=229 61 168 146 126 61 65
is_linear=0
shrinkage=0.03


Tree=47
num_leaves=8
num_cat=0
split_feature=0 1 4 1 0 4 3
split_gain=0.692978 0.845897 0.468124 0.124347 0.168533 0.0480693 0.114894
threshold=0.30040000000000006 0.25150000000000006 0.44185000000000002 0.024900000000000002 0.7895000000000002 0.039900000000000012 0.012550000000000002
decision_type=2 2 2 2 2 2 2
left_child=1 2 -1 4 -2 6 -5
right_child=3 -3 -4 5 -6 -7 -8
leaf_value=-0.01037394970255881 -0.00017527553799178387 0.0041890335050461342 -0.002849737541091872 0.027571606790560994 0.027572798603844439 0.010920370702734376 0.0018308710192594289
leaf_weight=20 20 23 27 27 31 61 20
leaf_count=20 20 23 27 27 31 61 20
internal_value=0 -0.00171429 -0.00402128 0.00186792 0.000647059 0.00244444 0.0017234
internal_weight=0 70 47 159 51 108 47
internal_count=229 70 47 159 51 108 47
is_linear=0
shrinkage=0.03


Tree=48
num_leaves=9
num_cat=0
split_feature=0 1 1 0 0 4 3 0
split_gain=0.891037 0.482107 0.314465 0.279497 0.241967 0.0473705 0.114894 1.11022e-16
threshold=0.30040000000000006 0.051450000000000003 0.028450000000000007 0.07740000000000001 0.72525000000000006 0.039900000000000012 0.012550000000000002 0.6966500000000001
decision_type=2 2 2 2 2 2 2 2
left_child=1 -1 4 -3 -2 6 -4 -7
right_child=2 3 5 -5 -6 7 -8 -9
leaf_value=-0.0096217930389458813 -0.00026140862623892045 -0.0037233612667230652 0.026744458586844166 0.003829033769931987 0.0063518543882980661 0.0091285599058947651 0.0017759448886816474 0.014268233987554986
leaf_weight=23 20 25 27 22 33 38 20 21
leaf_count=23 20 25 27 22 33 38 20 21
internal_value=0 -0.00257143 0.00149057 -0.000829787 -0.000396226 0.00243396 0.0017234 0.003
internal_weight=0 70 159 47 53 106 47 59
internal_count=229 70 159 47 53 106 47 59
is_linear=0
shrinkage=0.03


Tree=49
num_leaves=7
num_cat=0
split_feature=1 0 0 0 0 0
split_gain=0.788525 0.773262 0.197933 0.0422867 0.0247253 1.11022e-16
threshold=0.028450000000000007 0.71840000000000004 0.07740000000000001 0.40330000000000005 0.83065000000000011 0.72525000000000006
decision_type=2 2 2 2 2 2
left_child=1 -1 -2 -4 5 -5
right_child=2 -3 3 4 -6 -7
leaf_value=-0.0045989274898464048 -0.0036116604287213731 0.0070410474948026276 0.0020013292103372824 0.014807655467541777 0.01160900974696898 0.013840186912477776
leaf_weight=38 25 35 40 43 28 20
leaf_count=38 25 35 40 43 28 20
internal_value=0 -0.00193151 0.00184615 0.00231298 0.00267033 0.003
internal_weight=0 73 156 131 91 63
internal_count=229 73 156 131 91 63
is_linear=0
shrinkage=0.03


Tree=50
num_leaves=9
num_cat=0
split_feature=3 1 0 3 4 3 0 0
split_gain=0.828235 0.423104 0.108321 0.0315568 0.0914246 0.0357143 1.11022e-16 5.55112e-17
threshold=0.30785000000000007 0.0091000000000000022 0.2109 0.014050000000000002 0.039900000000000012 0.11965000000000002 0.53380000000000016 0.86670000000000014
decision_type=2 2 2 2 2 2 2 2
left_child=1 -1 -3 7 -5 6 -6 -4
right_child=-2 2 3 4 5 -7 -8 -9
leaf_value=-0.0027930788826742324 -0.0075743250853821517 0.00019455571275658667 0.034562102571955716 0.00043534590868938281 0.0034197941390906933 0.002854486341007103 0.012953726833853861 0.031415522539816602
leaf_weight=31 24 36 23 23 21 20 29 22
leaf_count=31 24 36 23 23 21 20 29 22
internal_value=0 0.00139024 0.00196552 0.00234783 0.00203226 0.00257143 0.003 0.003
internal_weight=0 205 174 138 93 70 50 45
internal_count=229 205 174 138 93 70 50 45
is_linear=0
shrinkage=0.03


Tree=51
num_leaves=9
num_cat=0
split_feature=1 0 1 4 1 3 0 0
split_gain=0.824514 0.21497 0.186783 0.409179 0.1 0.0327256 0.0256098 1.11022e-16
threshold=0.0054500000000000009 0.61930000000000007 0.25150000000000006 0.27155000000000001 0.085150000000000017 0.049800000000000004 0.27480000000000004 0.84310000000000007
decision_type=2 2 2 2 2 2 2 2
left_child=-1 2 3 -2 -5 7 -4 -3
right_child=1 5 6 4 -6 -7 -8 -9
leaf_value=-0.0079114558853388122 -0.0023281877107259722 0.01820227793247858 0.0033172003292720183 0.0015797143072569788 0.0029134186369758224 0.0040625417870454048 0.014026341009286793 0.028713660997806104
leaf_weight=32 23 27 21 20 20 23 20 43
leaf_count=32 23 27 21 20 20 23 20 43
internal_value=0 0.00162944 0.000692308 -0.000333333 0.0015 0.00267742 0.00226829 0.003
internal_weight=0 197 104 63 40 93 41 70
internal_count=229 197 104 63 40 93 41 70
is_linear=0
shrinkage=0.03


Tree=52
num_leaves=9
num_cat=0
split_feature=1 3 0 3 4 1 0 0
split_gain=0.776855 0.324311 0.0989744 0.0352518 0.0888384 0.0350746 5.55112e-17 5.55112e-17
threshold=0.0054500000000000009 0.17515000000000003 0.10835000000000002 0.014050000000000002 0.039900000000000012 0.039200000000000006 0.91580000000000006 0.47635000000000005
decision_type=2 2 2 2 2 2 2 2
left_child=-1 2 -2 6 -5 -6 -4 -7
right_child=1 -3 3 4 5 7 -8 -9
leaf_value=-0.0076741122087786474 8.9203031495728449e-05 -0.00025041575914169821 0.03321185102191028 0.0034465871062177539 0.003651254830617485 0.0032218914824469545 0.0290275312616597 0.014457172334640438
leaf_weight=32 21 37 29 23 20 23 20 24
leaf_count=32 21 37 29 23 20 23 20 24
internal_value=0 0.00147716 0.0020625 0.00235252 0.002 0.00255224 0.003 0.003
internal_weight=0 197 160 139 90 67 49 47
internal_count=229 197 160 139 90 67 49 47
is_linear=0
shrinkage=0.03


Tree=53
num_leaves=7
num_cat=0
split_feature=1 3 0 1 3 0
split_gain=0.730616 0.286462 0.157914 0.140635 0.079198 1.11022e-16
threshold=0.0054500000000000009 0.17515000000000003 0.40330000000000005 0.31080000000000002 0.049800000000000004 0.91580000000000006
decision_type=2 2 2 2 2 2
left_child=-1 2 3 -2 5 -4
right_child=1 -3 4 -5 -6 -7
leaf_value=-0.0074438888425152885 -0.00064770481330977232 -0.00024290328636744624 0.01703341210097619 0.00081879774379999242 0.0036587944709107782 0.029883876463025108
leaf_weight=32 20 37 56 26 35 23
leaf_count=32 20 37 56 26 35 23
internal_value=0 0.00132487 0.001875 0.000391304 0.00247368 0.003
internal_weight=0 197 160 46 114 79
internal_count=229 197 160 46 114 79
is_linear=0
shrinkage=0.03


Tree=54
num_leaves=7
num_cat=0
split_feature=1 3 0 1 3 0
split_gain=0.730616 0.286462 0.157914 0.140635 0.079198 1.11022e-16
threshold=0.0054500000000000009 0.17515000000000003 0.40330000000000005 0.31080000000000002 0.049800000000000004 0.91580000000000006
decision_type=2 2 2 2 2 2
left_child=-1 2 3 -2 5 -4
right_child=1 -3 4 -5 -6 -7
leaf_value=-0.0072205721772398293 -0.00062827366891047892 -0.00023561618777642287 0.016522409737946907 0.00079423381148599232 0.0035490306367834553 0.028987360169134353
leaf_weight=32 20 37 56 26 35 23
leaf_count=32 20 37 56 26 35 23
internal_value=0 0.00132487 0.001875 0.000391304 0.00247368 0.003
internal_weight=0 197 160 46 114 79
internal_count=229 197 160 46 114 79
is_linear=0
shrinkage=0.03


Tree=55
num_leaves=7
num_cat=0
split_feature=1 3 2 1 0 0
split_gain=0.685795 0.291533 0.285431 0.260708 0.157895 0.137755
threshold=0.0054500000000000009 0.042250000000000003 1.0000000180025095e-35 0.051450000000000003 0.40330000000000005 0.2109
decision_type=2 2 2 2 2 2
left_child=-1 4 3 -3 -2 -5
right_child=1 2 -4 5 -6 -7
leaf_value=-0.007003955011922634 -0.00055257173613716248 -0.00012536099329458187 0.0031562578751564039 -0.00086645601097410589 0.019991016804181562 0.0029942462378766245
leaf_weight=32 20 30 23 21 75 28
leaf_count=32 20 30 23 21 75 28
internal_value=0 0.00117259 5.88236e-05 -0.000797468 0.00236842 0.000551021
internal_weight=0 197 102 79 95 49
internal_count=229 197 102 79 95 49
is_linear=0
shrinkage=0.03


Tree=56
num_leaves=8
num_cat=0
split_feature=0 1 1 3 1 0 4
split_gain=0.7889 0.605207 0.17823 0.108436 0.170344 0.144141 0.0741688
threshold=0.30040000000000006 0.051450000000000003 0.25150000000000006 0.049800000000000004 0.06975000000000002 0.57005000000000006 0.016650000000000002
decision_type=2 2 2 2 2 2 2
left_child=1 -1 -3 6 5 -5 -2
right_child=3 2 -4 4 -6 -7 -8
leaf_value=-0.0079937595328280295 0.018305084447790713 -0.0043487946423230225 0.0034939823491874715 0.0015300531141304162 0.013965333215652931 -0.00029357802011888915 0.014469788975030108
leaf_weight=23 34 24 23 21 21 25 58
leaf_count=23 34 24 23 21 21 25 58
internal_value=0 -0.00214286 -0.000191489 0.00167925 0.000761194 -0.000260869 0.00234783
internal_weight=0 70 47 159 67 46 92
internal_count=229 70 47 159 67 46 92
is_linear=0
shrinkage=0.03


Tree=57
num_leaves=7
num_cat=0
split_feature=0 1 3 0 0 3
split_gain=0.909868 0.484332 0.24486 0.11161 0.0311688 0.0244828
threshold=0.027950000000000003 0.0091000000000000022 0.17515000000000003 0.47635000000000005 0.31710000000000005 0.049800000000000004
decision_type=2 2 2 2 2 2
left_child=-1 -2 3 4 -3 -5
right_child=1 2 -4 5 -6 -7
leaf_value=-0.0080100637200701975 -0.0024527738982993356 0.0029238707976631012 -6.0666401898050618e-05 0.015192553795097699 0.00088254247437700279 0.0084367516587943552
leaf_weight=21 34 22 32 71 20 29
leaf_count=21 34 22 32 71 20 29
internal_value=0 0.000980769 0.00162069 0.00215493 0.000857143 0.0027
internal_weight=0 208 174 142 42 100
internal_count=229 208 174 142 42 100
is_linear=0
shrinkage=0.03


Tree=58
num_leaves=7
num_cat=0
split_feature=1 3 4 0 3 0
split_gain=0.730616 0.286462 0.154047 0.11447 0.0252235 1.11022e-16
threshold=0.0054500000000000009 0.17515000000000003 0.24220000000000003 0.40330000000000005 0.049800000000000004 0.91580000000000006
decision_type=2 2 2 2 2 2
left_child=-1 2 3 -2 5 -5
right_child=1 -3 -4 4 -6 -7
leaf_value=-0.0065593369270181391 0.00034563926184879955 -0.00021415953968378318 3.3932005454427084e-05 0.014512766397424997 0.0081836491090305254 0.026513079712648227
leaf_weight=32 23 37 29 56 29 23
leaf_count=32 23 37 29 56 29 23
internal_value=0 0.00132487 0.001875 0.00231298 0.00272222 0.003
internal_weight=0 197 160 131 108 79
internal_count=229 197 160 131 108 79
is_linear=0
shrinkage=0.03


Tree=59
num_leaves=7
num_cat=0
split_feature=1 3 4 0 3 0
split_gain=0.730616 0.286462 0.154047 0.11447 0.0252235 1.11022e-16
threshold=0.0054500000000000009 0.17515000000000003 0.24220000000000003 0.40330000000000005 0.049800000000000004 0.91580000000000006
decision_type=2 2 2 2 2 2
left_child=-1 2 3 -2 5 -5
right_child=1 -3 -4 4 -6 -7
leaf_value=-0.006362556819207596 0.00033527008399333532 -0.00020773475349327049 3.2914045290794217e-05 0.014077383405502249 0.0079381396357596085 0.025717687321268778
leaf_weight=32 23 37 29 56 29 23
leaf_count=32 23 37 29 56 29 23
internal_value=0 0.00132487 0.001875 0.00231298 0.00272222 0.003
internal_weight=0 197 160 131 108 79
internal_count=229 197 160 131 108 79
is_linear=0
shrinkage=0.03


Tree=60
num_leaves=8
num_cat=0
split_feature=3 4 1 0 4 3 0
split_gain=0.620775 0.305215 0.142631 0.134444 0.109687 0.27 1.11022e-16
threshold=0.31860000000000005 0.37555000000000005 0.024900000000000002 0.89395000000000013 0.039900000000000012 0.014050000000000002 0.70325000000000004
decision_type=2 2 2 2 2 2 2
left_child=1 2 3 -1 5 -4 -6
right_child=-2 -3 4 -5 6 -7 -8
leaf_value=-9.8316007165265545e-05 -0.0088616462755663154 -0.00047654032543752823 0.020930909562358362 0.025237808761295104 0.0047021221354340325 -0.0039064468186878146 0.011696301912365833
leaf_weight=20 21 35 30 25 58 20 20
leaf_count=20 21 35 30 25 58 20 20
internal_value=0 0.00126923 0.00178613 0.000333333 0.00229688 0.0012 0.003
internal_weight=0 208 173 45 128 50 78
internal_count=229 208 173 45 128 50 78
is_linear=0
shrinkage=0.03


Tree=61
num_leaves=7
num_cat=0
split_feature=3 1 0 3 0 3
split_gain=0.709373 0.315871 0.218249 0.243506 0.0564132 0.0281523
threshold=0.30785000000000007 0.0091000000000000022 0.07740000000000001 0.15100000000000002 0.47635000000000005 0.049800000000000004
decision_type=2 2 2 2 2 2
left_child=1 -1 -3 4 -4 -6
right_child=-2 2 3 -5 5 -7
leaf_value=-0.0028781177772452945 -0.0061848532338479936 -0.00059620775666707 0.0016900211056671819 8.088263929947679e-05 0.013548244575014004 0.010089444250422588
leaf_weight=31 24 20 35 22 71 26
leaf_count=31 24 20 35 22 71 26
internal_value=0 0.00095122 0.00144828 0.00183117 0.00231818 0.00269072
internal_weight=0 205 174 154 132 97
internal_count=229 205 174 154 132 97
is_linear=0
shrinkage=0.03


Tree=62
num_leaves=7
num_cat=0
split_feature=1 3 1 0 0 1
split_gain=0.685795 0.291533 0.196881 0.180156 0.157895 0.112045
threshold=0.0054500000000000009 0.042250000000000003 0.028450000000000007 0.2109 0.40330000000000005 0.06975000000000002
decision_type=2 2 2 2 2 2
left_child=-1 4 -3 -4 -2 -5
right_child=1 2 3 5 -6 -7
leaf_value=-0.0061481834544462322 -0.00049476283080115827 -5.7321035969449054e-05 -0.00017373207681120324 9.2412917429519556e-05 0.016771239032678947 0.0089213085210747452
leaf_weight=32 20 22 29 21 75 30
leaf_count=32 20 22 29 21 75 30
internal_value=0 0.00117259 5.88236e-05 0.00075 0.00236842 0.00182353
internal_weight=0 197 102 80 95 51
internal_count=229 197 102 80 95 51
is_linear=0
shrinkage=0.03


Tree=63
num_leaves=7
num_cat=0
split_feature=1 3 1 0 0 1
split_gain=0.685795 0.291533 0.196881 0.180156 0.157895 0.112045
threshold=0.0054500000000000009 0.042250000000000003 0.028450000000000007 0.2109 0.40330000000000005 0.06975000000000002
decision_type=2 2 2 2 2 2
left_child=-1 4 -3 -4 -2 -5
right_child=1 2 3 5 -6 -7
leaf_value=-0.0059637379508128453 -0.00047991994587712357 -5.5601404890365591e-05 -0.00016852011450686739 8.9640529906634335e-05 0.016268101861698581 0.0086536692654425023
leaf_weight=32 20 22 29 21 75 30
leaf_count=32 20 22 29 21 75 30
internal_value=0 0.00117259 5.88236e-05 0.00075 0.00236842 0.00182353
internal_weight=0 197 102 80 95 51
internal_count=229 197 102 80 95 51
is_linear=0
shrinkage=0.03


Tree=64
num_leaves=7
num_cat=0
split_feature=1 0 3 0 4 0
split_gain=0.730616 0.247156 0.194496 0.181078 0.116667 0.0392473
threshold=0.0054500000000000009 0.07740000000000001 0.049800000000000004 0.57005000000000006 0.31405000000000005 0.53380000000000016
decision_type=2 2 2 2 2 2
left_child=-1 -2 5 4 -4 -3
right_child=1 2 3 -5 -6 -7
leaf_value=-0.00578482581228846 -0.0016265011412677603 0.0083839295432883137 0.0010906426235680383 -0.00016319647042741669 5.9262734271723267e-05 0.012288829053525121
leaf_weight=32 28 20 28 28 20 73
leaf_count=32 28 20 28 28 20 73
internal_value=0 0.00132487 0.0017574 0.000631579 0.00175 0.00267742
internal_weight=0 197 169 76 48 93
internal_count=229 197 169 76 48 93
is_linear=0
shrinkage=0.03


Tree=65
num_leaves=7
num_cat=0
split_feature=1 3 4 0 3 0
split_gain=0.477204 0.286462 0.154047 0.11447 0.0252235 1.11022e-16
threshold=0.0054500000000000009 0.17515000000000003 0.24220000000000003 0.40330000000000005 0.049800000000000004 0.91580000000000006
decision_type=2 2 2 2 2 2
left_child=-1 2 3 -2 5 -5
right_child=1 -3 -4 4 -6 -7
leaf_value=-0.0056112810379198063 0.00019040326753391303 -4.1224537060212725e-05 -2.8094023801416132e-05 0.011633402514125575 0.006868825017699684 0.022422730003104359
leaf_weight=32 23 37 29 56 29 23
leaf_count=32 23 37 29 56 29 23
internal_value=0 0.00132487 0.001875 0.00231298 0.00272222 0.003
internal_weight=0 197 160 131 108 79
internal_count=229 197 160 131 108 79
is_linear=0
shrinkage=0.03


Tree=66
num_leaves=8
num_cat=0
split_feature=0 1 4 3 1 0 4
split_gain=0.347415 0.566261 0.409929 0.108436 0.170344 0.144141 0.0741688
threshold=0.30040000000000006 0.25150000000000006 0.44185000000000002 0.049800000000000004 0.06975000000000002 0.57005000000000006 0.016650000000000002
decision_type=2 2 2 2 2 2 2
left_child=1 2 -1 6 5 -5 -2
right_child=3 -3 -4 4 -6 -7 -8
leaf_value=-0.0083690492482990653 0.013389359455162947 0.002587318135642161 -0.0021333333243969111 0.0013181940565616336 0.011599836666930213 -0.00026025055417667385 0.010722867621031714
leaf_weight=20 34 23 27 21 21 25 58
leaf_count=20 34 23 27 21 21 25 58
internal_value=0 -0.000857143 -0.00274468 0.00167925 0.000761194 -0.000260869 0.00234783
internal_weight=0 70 47 159 67 46 92
internal_count=229 70 47 159 67 46 92
is_linear=0
shrinkage=0.03


Tree=67
num_leaves=8
num_cat=0
split_feature=0 1 4 0 4 1 1
split_gain=0.556365 0.321841 0.273724 0.238159 0.111673 0.0508093 1.11022e-16
threshold=0.027950000000000003 0.024900000000000002 0.35910000000000003 0.7895000000000002 0.039900000000000012 0.099950000000000011 0.06975000000000002
decision_type=2 2 2 2 2 2 2
left_child=-1 3 4 -2 5 -3 -6
right_child=1 2 -4 -5 6 -7 -8
leaf_value=-0.0065122244300276173 -0.00037725276578843355 0.0043382069240445083 -0.0002496590063522436 0.019788367469560038 0.0013981761599291818 0.0086582373205342667 0.0084601970432130209
leaf_weight=21 32 20 20 31 23 29 53
leaf_count=21 32 20 20 31 23 29 53
internal_value=0 0.000980769 0.00175862 -0.000809524 0.00228 0.00116327 0.003
internal_weight=0 208 145 63 125 49 76
internal_count=229 208 145 63 125 49 76
is_linear=0
shrinkage=0.03


Tree=68
num_leaves=9
num_cat=0
split_feature=1 3 3 1 3 0 0 0
split_gain=0.406449 0.217261 0.225957 0.151685 0.12 0.118596 0.0301449 1.11022e-16
threshold=0.0054500000000000009 0.042250000000000003 0.066950000000000023 0.039200000000000006 0.17515000000000003 0.40330000000000005 0.91580000000000006 0.78655000000000019
decision_type=2 2 2 2 2 2 2 2
left_child=-1 5 -3 -4 -5 -2 7 -7
right_child=1 2 3 4 -6 6 -8 -9
leaf_value=-0.006175885002055276 -0.0002718231296113757 -0.0002509821332934748 -3.4752038293961591e-05 0.0025441559391134179 0.0062885218848462406 0.02571688363436641 0.02075471629526953 0.0093210903805521841
leaf_weight=32 20 21 31 30 20 23 23 29
leaf_count=32 20 21 31 30 20 23 23 29
internal_value=0 0.0010203 5.88236e-05 0.000777778 0.0018 0.00205263 0.0026 0.003
internal_weight=0 197 102 81 50 95 75 52
internal_count=229 197 102 81 50 95 75 52
is_linear=0
shrinkage=0.03


Tree=69
num_leaves=8
num_cat=0
split_feature=1 3 4 0 1 4 3
split_gain=0.373199 0.164839 0.324287 0.401111 0.208685 0.233654 0.0375
threshold=0.0054500000000000009 0.004850000000000001 0.039900000000000012 0.85910000000000009 0.024900000000000002 0.37555000000000005 0.13965000000000002
decision_type=2 2 2 2 2 2 2
left_child=-1 -2 3 -3 -4 6 -6
right_child=1 2 4 -5 5 -7 -8
leaf_value=-0.0059906084519936184 0.026024793811844006 -0.0026156039525484713 -0.00025687391990500522 0.016186581862965677 0.0084645807743997294 -0.00013096353988914779 0.00016642912785094354
leaf_weight=32 28 25 20 20 60 24 20
leaf_count=32 28 25 20 20 60 24 20
internal_value=0 0.00086802 0.000514793 -0.00166667 0.00130645 0.00184615 0.002625
internal_weight=0 197 169 45 124 104 80
internal_count=229 197 169 45 124 104 80
is_linear=0
shrinkage=0.03


Tree=70
num_leaves=9
num_cat=0
split_feature=0 1 4 4 1 1 1 0
split_gain=0.870252 0.228276 0.17412 0.121008 0.228175 0.155556 0.025 1.11022e-16
threshold=0.027950000000000003 0.0091000000000000022 0.37555000000000005 0.039900000000000012 0.043150000000000001 0.035550000000000005 0.16010000000000005 0.61930000000000007
decision_type=2 2 2 2 2 2 2 2
left_child=-1 -2 3 4 -3 -5 -6 -7
right_child=1 2 -4 5 6 7 -8 -9
leaf_value=-0.0059518629018014534 -0.0020779041016280256 0.019351330992056128 -0.00021795385951365264 1.6325752662781225e-05 -0.00023551309109585202 0.0068201389341821577 0.0092385381973568628 0.01055375272964414
leaf_weight=21 34 23 21 20 20 46 20 24
leaf_count=21 34 23 21 20 20 46 20 24
internal_value=0 0.000836539 0.00127586 0.00162745 0.000619048 0.00233333 -0.00075 0.003
internal_weight=0 208 174 153 63 90 40 70
internal_count=229 208 174 153 63 90 40 70
is_linear=0
shrinkage=0.03


Tree=71
num_leaves=8
num_cat=0
split_feature=0 1 0 4 4 3 1
split_gain=0.495481 0.226483 0.238159 0.208621 0.310204 0.22391 1.11022e-16
threshold=0.027950000000000003 0.024900000000000002 0.7895000000000002 0.35910000000000003 0.039900000000000012 0.010600000000000002 0.06975000000000002
decision_type=2 2 2 2 2 2 2
left_child=-1 2 -2 4 5 -3 -6
right_child=1 3 -4 -5 6 -7 -8
leaf_value=-0.00577330701474741 -0.00051924802959691632 0.025529689526532378 0.01721079121249814 -0.00024962896942942037 0.0012775607415243114 -0.00030075014589200596 0.0077493834344624967
leaf_weight=21 32 26 31 20 23 23 53
leaf_count=21 32 26 31 20 23 23 53
internal_value=0 0.000692308 -0.000809524 0.00134483 0.0018 -6.12244e-05 0.003
internal_weight=0 208 63 145 125 49 76
internal_count=229 208 63 145 125 49 76
is_linear=0
shrinkage=0.03


Tree=72
num_leaves=8
num_cat=0
split_feature=0 1 0 4 4 3 1
split_gain=0.495481 0.226483 0.238159 0.208621 0.310204 0.22391 1.11022e-16
threshold=0.027950000000000003 0.024900000000000002 0.7895000000000002 0.35910000000000003 0.039900000000000012 0.010600000000000002 0.06975000000000002
decision_type=2 2 2 2 2 2 2
left_child=-1 2 -2 4 5 -3 -6
right_child=1 3 -4 -5 6 -7 -8
leaf_value=-0.0056001078043049872 -0.00050367058870900907 0.024763798840736404 0.016694467476123197 -0.00024214010034653919 0.0012392339192785825 -0.00029172764151524618 0.0075169019314286212
leaf_weight=21 32 26 31 20 23 23 53
leaf_count=21 32 26 31 20 23 23 53
internal_value=0 0.000692308 -0.000809524 0.00134483 0.0018 -6.12244e-05 0.003
internal_weight=0 208 63 145 125 49 76
internal_count=229 208 63 145 125 49 76
is_linear=0
shrinkage=0.03


Tree=73
num_leaves=7
num_cat=0
split_feature=0 1 0 4 4 3
split_gain=0.466362 0.288554 0.30176 0.204214 0.305286 0.22391
threshold=0.027950000000000003 0.028450000000000007 0.7895000000000002 0.35910000000000003 0.039900000000000012 0.010600000000000002
decision_type=2 2 2 2 2 2
left_child=-1 2 -2 4 5 -3
right_child=1 3 -4 -5 -6 -7
leaf_value=-0.0054321045701758381 -0.00043896070588418 0.024020884875514313 0.016193633451839495 -0.00023487589733614387 0.0063910987920352789 -0.00028297581226978977
leaf_weight=21 35 26 31 20 73 23
leaf_count=21 35 26 31 20 73 23
internal_value=0 0.000548077 -0.00109091 0.00130986 0.00177049 -6.12244e-05
internal_weight=0 208 66 142 122 49
internal_count=229 208 66 142 122 49
is_linear=0
shrinkage=0.03


Tree=74
num_leaves=9
num_cat=0
split_feature=1 0 4 4 3 4 3 0
split_gain=0.500091 0.392477 0.634921 0.229918 0.360128 0.236252 0.0378049 1.11022e-16
threshold=0.028450000000000007 0.85910000000000009 0.40630000000000005 0.039900000000000012 0.010600000000000002 0.37555000000000005 0.13455000000000003 0.56030000000000013
decision_type=2 2 2 2 2 2 2 2
left_child=1 2 -1 4 -2 6 7 -5
right_child=3 -3 -4 5 -6 -7 -8 -9
leaf_value=-0.0020015838015266536 0.023300258329248882 0.021167824213143994 0.0010650454428563086 0.0041748877051261983 -0.0029526407051461666 -9.8696668893701839e-05 0.001168866618662661 0.0097621063181192163
leaf_weight=24 26 28 21 33 24 24 20 29
leaf_count=24 26 28 21 33 24 24 20 29
internal_value=0 -0.00193151 -0.00366667 0.00107692 -0.0006 0.00186792 0.00263415 0.003
internal_weight=0 73 45 156 50 106 82 62
internal_count=229 73 45 156 50 106 82 62
is_linear=0
shrinkage=0.03


Tree=75
num_leaves=9
num_cat=0
split_feature=1 3 3 1 3 0 0 0
split_gain=0.406449 0.217261 0.225957 0.151685 0.12 0.118596 0.0301449 1.11022e-16
threshold=0.0054500000000000009 0.042250000000000003 0.066950000000000023 0.039200000000000006 0.17515000000000003 0.40330000000000005 0.91580000000000006 0.78655000000000019
decision_type=2 2 2 2 2 2 2 2
left_child=-1 5 -3 -4 -5 -2 7 -7
right_child=1 2 3 4 -6 6 -8 -9
leaf_value=-0.0052657638968445619 -0.00037963366435732272 -0.00023625933660414506 -0.00018665499347823527 0.0017458308522696169 0.005298442870444905 0.024861531927135864 0.017807983595478895 0.0064670181274295588
leaf_weight=32 20 21 31 30 20 23 23 29
leaf_count=32 20 21 31 30 20 23 23 29
internal_value=0 0.0010203 5.88236e-05 0.000777778 0.0018 0.00205263 0.0026 0.003
internal_weight=0 197 102 81 50 95 75 52
internal_count=229 197 102 81 50 95 75 52
is_linear=0
shrinkage=0.03


Tree=76
num_leaves=8
num_cat=0
split_feature=1 0 4 3 4 3 0
split_gain=0.433818 0.298434 0.176398 0.285142 0.187053 0.155556 1.11022e-16
threshold=0.018850000000000002 0.85910000000000009 0.039900000000000012 0.010600000000000002 0.37555000000000005 0.15935000000000002 0.6966500000000001
decision_type=2 2 2 2 2 2 2
left_child=1 -1 3 -2 5 6 -4
right_child=2 -3 4 -5 -6 -7 -8
leaf_value=-0.0036863819540715759 0.022237125540853272 0.017658550029847283 0.0044688160450028604 -0.0017290522212240944 -8.3019542637789424e-05 1.6346014219122234e-05 0.0078211124261215199
leaf_weight=36 26 25 46 27 25 20 24
leaf_count=36 26 25 46 27 25 20 24
internal_value=0 -0.00191803 0.00103571 -0.000396226 0.00169565 0.00233333 0.003
internal_weight=0 61 168 53 115 90 70
internal_count=229 61 168 53 115 90 70
is_linear=0
shrinkage=0.03


Tree=77
num_leaves=8
num_cat=0
split_feature=0 1 0 4 4 3 1
split_gain=0.466362 0.337671 0.257143 0.208621 0.310204 0.22391 1.11022e-16
threshold=0.027950000000000003 0.024900000000000002 0.85910000000000009 0.35910000000000003 0.039900000000000012 0.010600000000000002 0.06975000000000002
decision_type=2 2 2 2 2 2 2
left_child=-1 2 -2 4 5 -3 -6
right_child=1 3 -4 -5 6 -7 -8
leaf_value=-0.0050325284233552056 -0.00029398600348269199 0.021570011774627671 0.019468793477989885 -0.00023323377319867854 0.00088256687650227256 -0.00016716764138918462 0.0067673345906370235
leaf_weight=21 35 26 28 20 23 23 53
leaf_count=21 35 26 28 20 23 23 53
internal_value=0 0.000548077 -0.00128571 0.00134483 0.0018 -6.12244e-05 0.003
internal_weight=0 208 63 145 125 49 76
internal_count=229 208 63 145 125 49 76
is_linear=0
shrinkage=0.03


Tree=78
num_leaves=9
num_cat=0
split_feature=1 0 4 3 4 3 1 0
split_gain=0.38295 0.298434 0.135146 0.285142 0.258385 0.0878737 0.0341759 1.11022e-16
threshold=0.018850000000000002 0.85910000000000009 0.039900000000000012 0.010600000000000002 0.16300000000000003 0.086650000000000019 0.10685000000000001 0.67320000000000013
decision_type=2 2 2 2 2 2 2 2
left_child=1 -1 3 -2 7 -6 -7 -4
right_child=2 -3 4 -5 5 6 -8 -9
leaf_value=-0.0035669709153449483 0.020922911421388843 0.016544729724612166 0.0039692165906920276 -0.0016137813016170674 -3.3643006436304875e-05 0.0009872973650218895 0.0012078466310458625 0.0078556263592588094
leaf_weight=36 26 25 23 27 20 23 20 29
leaf_count=36 26 25 23 27 20 23 20 29
internal_value=0 -0.00191803 0.000857143 -0.000396226 0.00143478 0.000142857 0.000906977 0.003
internal_weight=0 61 168 53 115 63 43 52
internal_count=229 61 168 53 115 63 43 52
is_linear=0
shrinkage=0.03


Tree=79
num_leaves=8
num_cat=0
split_feature=1 3 1 3 4 4 0
split_gain=0.341368 0.212564 0.153498 0.328 0.112281 0.252632 0.0954817
threshold=0.0054500000000000009 0.042250000000000003 0.028450000000000007 0.086650000000000019 0.036200000000000003 0.014350000000000002 0.2109
decision_type=2 2 2 2 2 2 2
left_child=-1 4 -3 -4 5 -2 -5
right_child=1 2 3 6 -6 -7 -8
leaf_value=-0.0047534301749823996 0.020187609718507166 -0.0001897605953879501 -0.00013320891063468366 0.0012951235176487266 0.0085373770567922468 -0.00043864991151080726 0.0020185491548448545
leaf_weight=32 27 22 29 23 38 30 28
leaf_count=32 27 22 29 23 38 30 28
internal_value=0 0.000715736 -0.000235294 0.000375 0.00173684 0.000894737 0.00182353
internal_weight=0 197 102 80 95 57 51
internal_count=229 197 102 80 95 57 51
is_linear=0
shrinkage=0.03


Tree=80
num_leaves=8
num_cat=0
split_feature=0 2 4 1 0 4 0
split_gain=0.410769 0.375534 0.28747 0.245583 0.285259 0.279935 0.0321429
threshold=0.027950000000000003 0.00030000000000000008 0.37555000000000005 0.028450000000000007 0.89140000000000008 0.039900000000000012 0.37620000000000003
decision_type=2 2 2 2 2 2 2
left_child=-1 2 3 4 -2 -5 -7
right_child=1 -3 -4 5 -6 6 -8
leaf_value=-0.0046319405435487297 -0.00021120648313277293 0.0063385169063116826 -0.0011560929716244105 -7.2015270282525101e-05 0.015442759541318591 0.0013354566751873204 0.0087879811869733294
leaf_weight=21 21 37 30 39 25 20 36
leaf_count=21 21 37 30 39 25 20 36
internal_value=0 0.000259615 -0.000333333 0.000234043 -0.00156522 0.00110526 0.00246429
internal_weight=0 208 171 141 46 95 56
internal_count=229 208 171 141 46 95 56
is_linear=0
shrinkage=0.03


Tree=81
num_leaves=8
num_cat=0
split_feature=0 1 0 2 0 3 0
split_gain=0.410769 0.349997 0.311916 0.193728 0.168458 0.395422 0.259091
threshold=0.027950000000000003 0.028450000000000007 0.85910000000000009 1.0000000180025095e-35 0.47635000000000005 0.086650000000000019 0.83065000000000011
decision_type=2 2 2 2 2 2 2
left_child=-1 2 -2 4 5 -3 -6
right_child=1 3 -4 -5 6 -7 -8
leaf_value=-0.0044929823272422684 -0.00022447097159107005 -0.00013046294644744103 0.017319476704117064 0.0082606736917230309 0.0083717724333457269 0.0012275185211141799 0.00034700393566645531
leaf_weight=21 38 22 28 36 38 24 22
leaf_count=21 38 22 28 36 38 24 22
internal_value=0 0.000259615 -0.00154545 0.00109859 0.00045283 -0.000913043 0.0015
internal_weight=0 208 66 142 106 46 60
internal_count=229 208 66 142 106 46 60
is_linear=0
shrinkage=0.03


Tree=82
num_leaves=9
num_cat=0
split_feature=1 0 4 0 0 3 1 1
split_gain=0.380396 0.392477 0.634921 0.255213 0.208929 0.194958 0.284378 1.11022e-16
threshold=0.028450000000000007 0.85910000000000009 0.40630000000000005 0.47635000000000005 0.83065000000000011 0.10560000000000001 0.41135000000000005 0.12140000000000002
decision_type=2 2 2 2 2 2 2 2
left_child=1 2 -1 5 7 6 -2 -5
right_child=3 -3 -4 4 -6 -7 -8 -9
leaf_value=-0.0017154665346229235 -0.00045923942711946963 0.016799892402993549 0.0016015069775875538 0.0049655226808868547 0.0027659556254276715 0.0015047518050112123 0.00020383057332161756 0.024320969045408123
leaf_weight=24 20 28 21 23 28 33 23 29
leaf_count=24 20 28 21 23 28 33 23 29
internal_value=0 -0.00193151 -0.00366667 0.000692308 0.001875 -0.000552631 -0.00188372 0.003
internal_weight=0 73 45 156 80 76 43 52
internal_count=229 73 45 156 80 76 43 52
is_linear=0
shrinkage=0.03


Tree=83
num_leaves=9
num_cat=0
split_feature=1 0 4 4 4 3 0 0
split_gain=0.326678 0.392477 0.634921 0.19697 0.271667 0.366496 0.0990516 5.55112e-17
threshold=0.028450000000000007 0.85910000000000009 0.40630000000000005 0.37555000000000005 0.047750000000000008 0.010600000000000002 0.27480000000000004 0.61050000000000015
decision_type=2 2 2 2 2 2 2 2
left_child=1 2 -1 4 5 -2 -6 -8
right_child=3 -3 -4 -5 6 -7 7 -9
leaf_value=-0.0016640025385842355 0.02009822305054116 0.016295895630903744 0.0015534617682599276 -8.1437600077101033e-05 0.00040073661578242408 -0.00015127860507059025 0.0081038126777933043 0.0086352696945057525
leaf_weight=24 28 28 21 24 26 31 24 23
leaf_count=24 28 28 21 24 26 31 24 23
internal_value=0 -0.00193151 -0.00366667 0.0005 0.000954546 -0.000559322 0.00217808 0.003
internal_weight=0 73 45 156 132 59 73 47
internal_count=229 73 45 156 132 59 73 47
is_linear=0
shrinkage=0.03


Tree=84
num_leaves=9
num_cat=0
split_feature=2 3 3 1 4 0 0 1
split_gain=0.428201 0.443223 0.31886 0.265095 0.2574 0.246653 0.0365801 0.0291667
threshold=1.0000000180025095e-35 0.035050000000000005 0.23725000000000004 0.06975000000000002 0.024850000000000004 0.6966500000000001 0.9406000000000001 0.11080000000000002
decision_type=2 2 2 2 2 2 2 2
left_child=1 4 3 5 6 -3 -1 -2
right_child=7 2 -4 -5 -6 -7 -8 -9
leaf_value=-0.00087966540909132751 0.003635302703292962 -0.002236365968367857 0.00043583870863239048 -5.4474232410074537e-05 0.0085898833337835611 -9.5047915347172963e-05 0.011127018863900582 0.0053942815673190822
leaf_weight=20 28 21 34 30 32 22 22 20
leaf_count=20 28 21 34 30 32 22 22 20
internal_value=0 -0.000812155 -0.00204673 -0.00316438 0.000972973 -0.00467442 -0.000571428 0.002375
internal_weight=0 181 107 73 74 43 42 48
internal_count=229 181 107 73 74 43 42 48
is_linear=0
shrinkage=0.03


Tree=85
num_leaves=9
num_cat=0
split_feature=0 1 0 0 2 3 3 4
split_gain=0.358703 0.295657 0.381349 0.703247 0.254805 0.135882 0.377201 0.207631
threshold=0.027950000000000003 0.031800000000000009 0.85910000000000009 0.47635000000000005 1.0000000180025095e-35 0.042250000000000003 0.093600000000000017 0.024850000000000004
decision_type=2 2 2 2 2 2 2 2
left_child=-1 2 3 -2 5 7 -7 -3
right_child=1 4 -4 -5 -6 6 -8 -9
leaf_value=-0.0043857509442051116 0.00027384667557041971 0.00058166633095361542 0.017033208162084965 -9.4010258167758401e-05 0.0076999133156210415 -0.00011374324091393415 0.0010865159261896139 0.012096604261491627
leaf_weight=21 22 23 30 20 35 21 31 26
leaf_count=21 22 23 30 20 35 21 31 26
internal_value=0 -2.8846e-05 -0.00158333 -0.00342857 0.000794118 2.97031e-05 -0.00103846 0.00116327
internal_weight=0 208 72 42 136 101 52 49
internal_count=229 208 72 42 136 101 52 49
is_linear=0
shrinkage=0.03


Tree=86
num_leaves=9
num_cat=0
split_feature=0 1 0 0 2 3 3 4
split_gain=0.358703 0.295657 0.381349 0.703247 0.254805 0.135882 0.377201 0.207631
threshold=0.027950000000000003 0.031800000000000009 0.85910000000000009 0.47635000000000005 1.0000000180025095e-35 0.042250000000000003 0.093600000000000017 0.024850000000000004
decision_type=2 2 2 2 2 2 2 2
left_child=-1 2 3 -2 5 7 -7 -3
right_child=1 4 -4 -5 -6 6 -8 -9
leaf_value=-0.004254178415878958 0.00026563127530330772 0.00056421634102501138 0.016522211917222415 -9.1189950422727523e-05 0.0074689159161524105 -0.0001103309436865155 0.0010539204484039247 0.011733706133646878
leaf_weight=21 22 23 30 20 35 21 31 26
leaf_count=21 22 23 30 20 35 21 31 26
internal_value=0 -2.8846e-05 -0.00158333 -0.00342857 0.000794118 2.97031e-05 -0.00103846 0.00116327
internal_weight=0 208 72 42 136 101 52 49
internal_count=229 208 72 42 136 101 52 49
is_linear=0
shrinkage=0.03


Tree=87
num_leaves=8
num_cat=0
split_feature=1 0 4 4 3 4 1
split_gain=0.369983 0.463481 0.71243 0.156567 0.3535 0.228261 0.0833333
threshold=0.031800000000000009 0.85910000000000009 0.40630000000000005 0.047750000000000008 0.010600000000000002 0.20365000000000003 0.11500000000000002
decision_type=2 2 2 2 2 2 2
left_child=1 2 -1 4 -2 -5 -7
right_child=3 -3 -4 5 -6 6 -8
leaf_value=-0.00091915197117680965 0.019171649880230339 0.016026545559705736 0.0015676792388172938 0.0073148799972128772 -0.00017384258565274302 0.00092010275408158375 -0.00012549245651605762
leaf_weight=27 27 30 22 42 31 20 30
leaf_count=27 27 30 22 42 31 20 30
internal_value=0 -0.00193671 -0.00373469 0.0006 -0.00062069 0.00136957 1.11759e-10
internal_weight=0 79 49 150 58 92 50
internal_count=229 79 49 150 58 92 50
is_linear=0
shrinkage=0.03


Tree=88
num_leaves=9
num_cat=0
split_feature=1 0 4 4 4 3 0 0
split_gain=0.326678 0.392477 0.634921 0.19697 0.271667 0.366496 0.0990516 5.55112e-17
threshold=0.028450000000000007 0.85910000000000009 0.40630000000000005 0.37555000000000005 0.047750000000000008 0.010600000000000002 0.27480000000000004 0.61050000000000015
decision_type=2 2 2 2 2 2 2 2
left_child=1 2 -1 4 5 -2 -6 -8
right_child=3 -3 -4 -5 6 -7 7 -9
leaf_value=-0.0015138609179826538 0.018202772878776897 0.013985749226889208 0.0014305680406515662 -5.4064947572076186e-05 0.00044191470186177867 -0.00016862730808315951 0.0069432347193874051 0.0077237313795358292
leaf_weight=24 28 28 21 24 26 31 24 23
leaf_count=24 28 28 21 24 26 31 24 23
internal_value=0 -0.00193151 -0.00366667 0.0005 0.000954546 -0.000559322 0.00217808 0.003
internal_weight=0 73 45 156 132 59 73 47
internal_count=229 73 45 156 132 59 73 47
is_linear=0
shrinkage=0.03


Tree=89
num_leaves=8
num_cat=0
split_feature=3 2 3 4 4 4 4
split_gain=0.312251 0.280112 0.288095 0.514286 0.34632 0.212903 0.0807564
threshold=0.035050000000000005 0.00030000000000000008 0.18280000000000005 0.16300000000000003 0.38120000000000004 0.036200000000000003 0.014350000000000002
decision_type=2 2 2 2 2 2 2
left_child=5 2 3 -2 -4 6 -1
right_child=1 -3 4 -5 -6 -7 -8
leaf_value=0.015422811828608881 0.001033134833910455 0.0024294747160243223 -0.0050619164506437763 -0.0016125896961357163 0.0084252982460302772 0.0080348070246521793 -0.0007785112959263756
leaf_weight=31 35 24 22 35 20 33 29
leaf_count=31 35 24 22 35 20 33 29
internal_value=0 -0.00119118 -0.00182143 -0.003 0.000142857 0.00106452 1.11759e-10
internal_weight=0 136 112 70 42 93 60
internal_count=229 136 112 70 42 93 60
is_linear=0
shrinkage=0.03


Tree=90
num_leaves=8
num_cat=0
split_feature=0 2 3 4 4 0 0
split_gain=0.438125 0.237536 0.212442 0.582209 0.18334 0.128999 0.0277778
threshold=0.027950000000000003 1.0000000180025095e-35 0.18280000000000005 0.20675000000000002 0.047750000000000008 0.85910000000000009 0.72525000000000006
decision_type=2 2 2 2 2 2 2
left_child=-1 2 3 4 5 -2 -3
right_child=1 6 -4 -5 -6 -7 -8
leaf_value=-0.0041681227886614736 -0.00013442311962176339 0.0057940260386595338 0.0011334590217644404 -0.001205607841590657 0.0052663867663543945 0.0062394107536837022 0.0041375658526814664
leaf_weight=21 30 25 32 28 35 38 20
leaf_count=21 30 25 32 28 35 38 20
internal_value=0 0.000403846 -0.000128834 -0.000664122 0.000378641 -0.000529412 0.00233333
internal_weight=0 208 163 131 103 68 45
internal_count=229 208 163 131 103 68 45
is_linear=0
shrinkage=0.03


Tree=91
num_leaves=8
num_cat=0
split_feature=0 1 4 4 3 4 0
split_gain=0.438125 0.301785 0.5 0.211624 0.238791 0.149367 1.11022e-16
threshold=0.027950000000000003 0.031800000000000009 0.091450000000000017 0.047750000000000008 0.010600000000000002 0.32190000000000007 0.61050000000000015
decision_type=2 2 2 2 2 2 2
left_child=-1 2 -2 4 -3 6 -5
right_child=1 3 -4 5 -6 -7 -8
leaf_value=-0.0040430791050016304 0.005984190514080231 0.017571367825710574 -0.00020351634269557471 0.0030329087143888532 -0.00013039042603311049 -6.2514015094318866e-05 0.0072046349790708094
leaf_weight=21 36 27 36 38 30 20 21
leaf_count=21 36 27 36 38 30 20 21
internal_value=0 0.000403846 -0.00116667 0.00123529 -0.000157895 0.00224051 0.003
internal_weight=0 208 72 136 57 79 59
internal_count=229 208 72 136 57 79 59
is_linear=0
shrinkage=0.03


Tree=92
num_leaves=8
num_cat=0
split_feature=1 0 4 4 3 0 1
split_gain=0.430623 0.463481 0.71243 0.212074 0.3535 0.189723 0.075287
threshold=0.031800000000000009 0.85910000000000009 0.40630000000000005 0.047750000000000008 0.010600000000000002 0.27480000000000004 0.21895000000000001
decision_type=2 2 2 2 2 2 2
left_child=1 2 -1 4 -2 6 -5
right_child=3 -3 -4 5 -6 -7 -8
leaf_value=-0.00091897147598929494 0.017044226790939254 0.014296784323216691 0.0011970745926802556 0.00100830877074554 -0.00018661812535572002 0.0047378135306151087 -3.4698446054739008e-05
leaf_weight=27 27 30 22 21 31 48 23
leaf_count=27 27 30 22 21 31 48 23
internal_value=0 -0.00193671 -0.00373469 0.0008 -0.00062069 0.00169565 0.000272727
internal_weight=0 79 49 150 58 92 44
internal_count=229 79 49 150 58 92 44
is_linear=0
shrinkage=0.03


Tree=93
num_leaves=9
num_cat=0
split_feature=1 0 2 3 3 4 4 0
split_gain=0.290727 0.298434 0.198413 0.284491 0.266912 0.204828 0.1875 0.0261905
threshold=0.018850000000000002 0.85910000000000009 1.0000000180025095e-35 0.042250000000000003 0.20715000000000003 0.024850000000000004 0.16300000000000003 0.52445000000000019
decision_type=2 2 2 2 2 2 2 2
left_child=1 -1 3 5 6 -2 -5 -4
right_child=2 -3 7 4 -6 -7 -8 -9
leaf_value=-0.0029651034430996899 0.00042468472121337297 0.009967880878456804 0.0044024409192232007 0.00061814232768565131 0.00091491682971925575 0.0075303476301239137 -0.00011145522135209099 0.0031480290486541559
leaf_weight=36 25 25 20 24 20 33 24 22
leaf_count=36 25 25 20 24 20 33 24 22
internal_value=0 -0.00191803 0.0005 -9.5238e-05 -0.00141176 0.00144828 -0.002625 0.00228571
internal_weight=0 61 168 126 68 58 48 42
internal_count=229 61 168 126 68 58 48 42
is_linear=0
shrinkage=0.03


Tree=94
num_leaves=8
num_cat=0
split_feature=0 2 3 3 4 4 0
split_gain=0.384295 0.215061 0.201002 0.339465 0.339841 0.229283 0.0425177
threshold=0.027950000000000003 0.00030000000000000008 0.035050000000000005 0.18280000000000005 0.16300000000000003 0.024850000000000004 0.9406000000000001
decision_type=2 2 2 2 2 2 2
left_child=-1 2 5 4 -4 6 -2
right_child=1 -3 3 -5 -6 -7 -8
leaf_value=-0.0038687458716889786 -0.0010197276749186015 0.0043144193254212541 0.00087432958575302971 0.00050861318582574356 -0.00083586563216717688 0.012309330136131025 0.0081088444860777462
leaf_weight=21 20 37 35 34 31 28 23
leaf_count=21 20 37 35 34 31 28 23
internal_value=0 0.000115385 -0.000333333 -0.0012 -0.00245455 0.000887324 -0.000488372
internal_weight=0 208 171 100 66 71 43
internal_count=229 208 171 100 66 71 43
is_linear=0
shrinkage=0.03


Tree=95
num_leaves=8
num_cat=0
split_feature=0 2 3 3 4 4 0
split_gain=0.384295 0.215061 0.201002 0.339465 0.339841 0.229283 0.0425177
threshold=0.027950000000000003 0.00030000000000000008 0.035050000000000005 0.18280000000000005 0.16300000000000003 0.024850000000000004 0.9406000000000001
decision_type=2 2 2 2 2 2 2
left_child=-1 2 5 4 -4 6 -2
right_child=1 -3 3 -5 -6 -7 -8
leaf_value=-0.0037526834955383085 -0.00098913584467104831 0.0041849867456586172 0.00084809969818043995 0.00049335479025097153 -0.00081078966320216096 0.011940050232047096 0.0078655791514954075
leaf_weight=21 20 37 35 34 31 28 23
leaf_count=21 20 37 35 34 31 28 23
internal_value=0 0.000115385 -0.000333333 -0.0012 -0.00245455 0.000887324 -0.000488372
internal_weight=0 208 171 100 66 71 43
internal_count=229 208 171 100 66 71 43
is_linear=0
shrinkage=0.03


Tree=96
num_leaves=8
num_cat=0
split_feature=1 4 4 4 3 4 1
split_gain=0.267501 0.613908 0.903856 0.156567 0.3535 0.228261 0.0833333
threshold=0.031800000000000009 0.091450000000000017 0.40630000000000005 0.047750000000000008 0.010600000000000002 0.20365000000000003 0.11500000000000002
decision_type=2 2 2 2 2 2 2
left_child=1 -1 -3 4 -2 -5 -7
right_child=3 2 -4 5 -6 6 -8
leaf_value=0.0052443100027459314 0.016342256285257407 -0.0018341552906793223 0.0012200564189105373 0.0063351301841461883 -0.0002512367299436138 0.00083682129274378176 -7.9997008110410875e-05
leaf_weight=36 27 21 22 42 31 20 30
leaf_count=36 27 21 22 42 31 20 30
internal_value=0 -0.00155696 -0.00397674 0.0006 -0.00062069 0.00136957 1.11759e-10
internal_weight=0 79 43 150 58 92 50
internal_count=229 79 43 150 58 92 50
is_linear=0
shrinkage=0.03


Tree=97
num_leaves=7
num_cat=0
split_feature=1 0 4 3 4 3
split_gain=0.38295 0.298434 0.169029 0.304215 0.173534 0.150617
threshold=0.018850000000000002 0.85910000000000009 0.047750000000000008 0.010600000000000002 0.37555000000000005 0.15935000000000002
decision_type=2 2 2 2 2 2
left_child=1 -1 3 -2 5 -4
right_child=2 -3 4 -5 -6 -7
leaf_value=-0.0027279175913607931 0.016024596064426043 0.0090322824428935179 0.0026892705393646481 -0.00022365315701219999 -3.1939941355547807e-05 7.138814511268401e-06
leaf_weight=36 28 25 61 34 25 20
leaf_count=36 28 25 61 34 25 20
internal_value=0 -0.00191803 0.000857143 -0.000387097 0.00158491 0.00225926
internal_weight=0 61 168 62 106 81
internal_count=229 61 168 62 106 81
is_linear=0
shrinkage=0.03


Tree=98
num_leaves=8
num_cat=0
split_feature=0 3 3 4 4 1 4
split_gain=0.438125 0.201041 0.273898 0.227038 0.212308 0.198629 0.0439654
threshold=0.027950000000000003 0.042250000000000003 0.093600000000000017 0.024850000000000004 0.38120000000000004 0.028450000000000007 0.013050000000000001
decision_type=2 2 2 2 2 2 2
left_child=-1 3 -3 6 5 -4 -2
right_child=1 2 4 -5 -6 -7 -8
leaf_value=-0.0035948671564221997 0.011101313918644742 -0.00017857343688940498 -6.7231288420113253e-05 0.0059533179288285935 0.0021310798087762371 0.00089523416466868663 2.3286765081716297e-05
leaf_weight=21 28 38 21 44 23 31 23
leaf_count=21 28 38 21 44 23 31 23
internal_value=0 0.000403846 -0.000451327 0.00142105 0.0006 -0.000461538 5.88236e-05
internal_weight=0 208 113 95 75 52 51
internal_count=229 208 113 95 75 52 51
is_linear=0
shrinkage=0.03


Tree=99
num_leaves=8
num_cat=0
split_feature=1 0 0 4 4 0 0
split_gain=0.290727 0.298434 0.191246 0.15296 0.186154 0.145304 0.126607
threshold=0.018850000000000002 0.85910000000000009 0.53380000000000016 0.12435000000000002 0.37555000000000005 0.73990000000000011 0.85910000000000009
decision_type=2 2 2 2 2 2 2
left_child=1 -1 3 -2 -5 -4 -7
right_child=2 -3 5 4 -6 6 -8
leaf_value=-0.0025911485924667507 -0.0001648112611325633 0.0084282745520473674 0.0025897931724433707 0.00081613479598051592 -5.3340381434175946e-05 -4.6480912487314294e-05 0.014423047648111769
leaf_weight=36 21 25 35 40 25 21 26
leaf_count=36 21 25 35 40 25 21 26
internal_value=0 -0.00191803 0.0005 -0.000488372 0.000230769 0.00153659 0.000446809
internal_weight=0 61 168 86 65 82 47
internal_count=229 61 168 86 65 82 47
is_linear=0
shrinkage=0.03


Tree=100
num_leaves=8
num_cat=0
split_feature=3 2 3 4 4 4 4
split_gain=0.312251 0.280112 0.288095 0.514286 0.34632 0.212903 0.0807564
threshold=0.035050000000000005 0.00030000000000000008 0.18280000000000005 0.16300000000000003 0.38120000000000004 0.036200000000000003 0.014350000000000002
decision_type=2 2 2 2 2 2 2
left_child=5 2 3 -2 -4 6 -1
right_child=1 -3 4 -5 -6 -7 -8
leaf_value=0.012855425911670005 0.00072831140955686307 0.0016877367407920171 -0.0041077969608348504 -0.0012938708946797547 0.0079922249329563017 0.0064352318102827797 -0.00059923904499913051
leaf_weight=31 35 24 22 35 20 33 29
leaf_count=31 35 24 22 35 20 33 29
internal_value=0 -0.00119118 -0.00182143 -0.003 0.000142857 0.00106452 1.11759e-10
internal_weight=0 136 112 70 42 93 60
internal_count=229 136 112 70 42 93 60
is_linear=0
shrinkage=0.03


Tree=101
num_leaves=8
num_cat=0
split_feature=0 2 3 4 4 0 0
split_gain=0.410769 0.274375 0.249627 0.612075 0.155253 0.128999 0.0277778
threshold=0.027950000000000003 1.0000000180025095e-35 0.18280000000000005 0.16300000000000003 0.047750000000000008 0.85910000000000009 0.72525000000000006
decision_type=2 2 2 2 2 2 2
left_child=-1 2 3 4 5 -2 -3
right_child=1 6 -4 -5 -6 -7 -8
leaf_value=-0.003370470559905503 -0.00019197483488251135 0.0047503653684158823 0.00095103475005730328 -0.0006986026335502679 0.00440271503227984 0.0036447611467706129 0.003046589675778138
leaf_weight=21 30 25 32 32 31 38 20
leaf_count=21 30 25 32 32 31 38 20
internal_value=0 0.000259615 -0.000312883 -0.00089313 0.000272727 -0.000529412 0.00233333
internal_weight=0 208 163 131 99 68 45
internal_count=229 208 163 131 99 68 45
is_linear=0
shrinkage=0.03


Tree=102
num_leaves=8
num_cat=0
split_feature=0 2 3 3 4 4 0
split_gain=0.384295 0.215061 0.201002 0.339465 0.339841 0.229283 0.0425177
threshold=0.027950000000000003 0.00030000000000000008 0.035050000000000005 0.18280000000000005 0.16300000000000003 0.024850000000000004 0.9406000000000001
decision_type=2 2 2 2 2 2 2
left_child=-1 2 5 4 -4 6 -2
right_child=1 -3 3 -5 -6 -7 -8
leaf_value=-0.0032693564431083371 -0.00092042784095818224 0.0035268752366600887 0.00061959763815960139 0.0005675353349390603 -0.00074859047292482326 0.011089719803339566 0.0061204207377073862
leaf_weight=21 20 37 35 34 31 28 23
leaf_count=21 20 37 35 34 31 28 23
internal_value=0 0.000115385 -0.000333333 -0.0012 -0.00245455 0.000887324 -0.000488372
internal_weight=0 208 171 100 66 71 43
internal_count=229 208 171 100 66 71 43
is_linear=0
shrinkage=0.03


Tree=103
num_leaves=8
num_cat=0
split_feature=1 3 3 4 4 0 0
split_gain=0.341368 0.259816 0.346477 0.16377 0.171773 0.10121 0.0280936
threshold=0.0054500000000000009 0.035050000000000005 0.05390000000000001 0.42755000000000004 0.20365000000000003 0.42035000000000006 0.91580000000000006
decision_type=2 2 2 2 2 2 2
left_child=-1 5 -3 4 -4 -2 -7
right_child=1 2 3 -5 -6 6 -8
leaf_value=-0.0042225271696778258 6.2641924254535494e-05 -0.00034432487071608074 0.0002537806864864952 0.0045881943636596071 -1.5190253599555096e-05 0.0048876305773286575 0.012463666916433514
leaf_weight=32 21 23 36 20 32 42 23
leaf_count=32 21 23 36 20 32 42 23
internal_value=0 0.000715736 -0.000243243 0.000613636 -8.82352e-05 0.00195349 0.00253846
internal_weight=0 197 111 88 68 86 65
internal_count=229 197 111 88 68 86 65
is_linear=0
shrinkage=0.03


Tree=104
num_leaves=8
num_cat=0
split_feature=1 3 0 4 1 0 0
split_gain=0.281961 0.250098 0.258834 0.746702 0.265646 0.201875 0.0282609
threshold=0.0054500000000000009 0.010600000000000002 0.85910000000000009 0.047750000000000008 0.046600000000000009 0.27480000000000004 0.87995000000000012
decision_type=2 2 2 2 2 2 2
left_child=-1 6 3 -3 -5 -6 -2
right_child=1 2 -4 4 5 -7 -8
leaf_value=-0.0040958513545874906 0.014317889931591639 -0.0027482203203466572 0.01413057977547395 -7.2315497890680576e-05 0.00077196998682349538 0.0033496431389052083 0.011022897872942833
leaf_weight=32 26 20 20 38 38 35 20
leaf_count=32 26 20 20 38 38 35 20
internal_value=0 0.000411168 -0.000178808 -0.000664122 0.000297297 0.00135616 0.00234783
internal_weight=0 197 151 131 111 73 46
internal_count=229 197 151 131 111 73 46
is_linear=0
shrinkage=0.03


Tree=105
num_leaves=7
num_cat=0
split_feature=0 2 0 4 0 1
split_gain=0.410769 0.186187 0.152863 0.252913 0.280972 0.20979
threshold=0.027950000000000003 0.00030000000000000008 0.27480000000000004 0.047750000000000008 0.85910000000000009 0.028450000000000007
decision_type=2 2 2 2 2 2
left_child=-1 2 -2 4 -4 -5
right_child=1 -3 3 5 -6 -7
leaf_value=-0.0029217243991232437 -0.00033342664556019753 0.0033699821494359828 -0.00022274947513317031 -4.2870883737185754e-05 0.0029858705564669761 0.0035488600582882822
leaf_weight=21 37 37 29 26 39 40
leaf_count=21 37 37 29 26 39 40
internal_value=0 0.000259615 -0.000157895 0.000313433 -0.000970588 0.00163636
internal_weight=0 208 171 134 68 66
internal_count=229 208 171 134 68 66
is_linear=0
shrinkage=0.03


Tree=106
num_leaves=9
num_cat=0
split_feature=0 2 4 4 1 1 4 0
split_gain=0.358703 0.246016 0.25089 0.142538 0.288668 0.240803 0.128571 0.0287234
threshold=0.027950000000000003 0.00030000000000000008 0.37555000000000005 0.024850000000000004 0.06975000000000002 0.043150000000000001 0.091450000000000017 0.38355000000000006
decision_type=2 2 2 2 2 2 2 2
left_child=-1 2 3 5 6 -2 -5 -6
right_child=1 -3 -4 4 7 -7 -8 -9
leaf_value=-0.0028340726671495461 0.0074826350042388867 0.0032688826849529042 -0.0010499374170154295 0.00016263149597283626 0.0017220242666774535 -0.00019331722399292838 -0.00010073095378416029 0.007869690994051862
leaf_weight=21 26 37 30 24 20 23 21 27
leaf_count=21 26 37 30 24 20 23 21 27
internal_value=0 -2.8846e-05 -0.000508772 2.12767e-05 0.000717391 -0.00128571 -0.001 0.0023617
internal_weight=0 208 171 141 92 49 45 47
internal_count=229 208 171 141 92 49 45 47
is_linear=0
shrinkage=0.03


Tree=107
num_leaves=9
num_cat=0
split_feature=0 2 4 4 1 1 4 0
split_gain=0.358703 0.246016 0.25089 0.142538 0.288668 0.240803 0.128571 0.0287234
threshold=0.027950000000000003 0.00030000000000000008 0.37555000000000005 0.024850000000000004 0.06975000000000002 0.043150000000000001 0.091450000000000017 0.38355000000000006
decision_type=2 2 2 2 2 2 2 2
left_child=-1 2 3 5 6 -2 -5 -6
right_child=1 -3 -4 4 7 -7 -8 -9
leaf_value=-0.0027490504871350604 0.0072581559541117181 0.0031708162044043163 -0.0010184392945049667 0.00015775255109365098 0.00167036353867713 -0.00018751770727314484 -9.7709025170635605e-05 0.0076336002642303051
leaf_weight=21 26 37 30 24 20 23 21 27
leaf_count=21 26 37 30 24 20 23 21 27
internal_value=0 -2.8846e-05 -0.000508772 2.12767e-05 0.000717391 -0.00128571 -0.001 0.0023617
internal_weight=0 208 171 141 92 49 45 47
internal_count=229 208 171 141 92 49 45 47
is_linear=0
shrinkage=0.03


Tree=108
num_leaves=7
num_cat=0
split_feature=0 2 3 4 4 0
split_gain=0.384295 0.215061 0.116025 0.506092 0.273628 0.256856
threshold=0.027950000000000003 0.00030000000000000008 0.18280000000000005 0.20675000000000002 0.047750000000000008 0.85910000000000009
decision_type=2 2 2 2 2 2
left_child=-1 2 3 4 5 -2
right_child=1 -3 -4 -5 -6 -7
leaf_value=-0.0026665789725210079 -0.00020832761305660864 0.0030756917182721863 0.00056270446955359785 -0.00084651469678200995 0.0028333560367026283 0.0025405931279937383
leaf_weight=21 30 37 34 29 39 39
leaf_count=21 30 37 34 29 39 39
internal_value=0 0.000115385 -0.000333333 -0.000722628 0.000222222 -0.000913043
internal_weight=0 208 171 137 108 69
internal_count=229 208 171 137 108 69
is_linear=0
shrinkage=0.03


Tree=109
num_leaves=7
num_cat=0
split_feature=0 2 3 4 4 0
split_gain=0.358703 0.246016 0.143429 0.535969 0.240946 0.256856
threshold=0.027950000000000003 0.00030000000000000008 0.18280000000000005 0.16300000000000003 0.047750000000000008 0.85910000000000009
decision_type=2 2 2 2 2 2
left_child=-1 2 3 4 5 -2
right_child=1 -3 -4 -5 -6 -7
leaf_value=-0.0025865816033453781 -0.00020207778466491456 0.0029834209667240208 0.0005458233354669902 -0.00054225936726872781 0.0044017199671917062 0.0024643753341539285
leaf_weight=21 30 37 34 33 35 39
leaf_count=21 30 37 34 33 35 39
internal_value=0 -2.8846e-05 -0.000508772 -0.000941606 0.000115385 -0.000913043
internal_weight=0 208 171 137 104 69
internal_count=229 208 171 137 104 69
is_linear=0
shrinkage=0.03


Tree=110
num_leaves=9
num_cat=0
split_feature=1 3 4 1 0 4 1 0
split_gain=0.203492 0.336407 0.216649 0.499424 0.217778 0.166667 0.100595 0.0291667
threshold=0.0054500000000000009 0.004850000000000001 0.039900000000000012 0.033950000000000008 0.85910000000000009 0.20365000000000003 0.11500000000000002 0.68875000000000008
decision_type=2 2 2 2 2 2 2 2
left_child=-1 -2 4 -4 -3 7 -7 -5
right_child=1 2 3 5 -6 6 -8 -9
leaf_value=-0.003728824682687577 0.012078328727544434 -0.001340877196964534 -0.00022978962001620983 0.0060055291969663607 0.010917312236963664 0.00082192876265755048 -0.00025317347144966412 0.0023138412288239815
leaf_weight=32 28 25 28 28 20 20 28 20
leaf_count=32 28 25 28 28 20 20 28 20
internal_value=0 -4.56852e-05 -0.000550296 9.67743e-05 -0.00233333 0.001125 -0.000125 0.002375
internal_weight=0 197 169 124 45 96 48 48
internal_count=229 197 169 124 45 96 48 48
is_linear=0
shrinkage=0.03


Tree=111
num_leaves=9
num_cat=0
split_feature=0 2 1 0 0 0 3 0
split_gain=0.358703 0.246016 0.153969 0.33711 0.2 0.609524 0.114502 0.0261905
threshold=0.027950000000000003 0.00030000000000000008 0.06975000000000002 0.40330000000000005 0.45270000000000005 0.85910000000000009 0.010600000000000002 0.68875000000000008
decision_type=2 2 2 2 2 2 2 2
left_child=-1 2 4 -4 -2 -6 -7 -5
right_child=1 -3 3 7 5 6 -8 -9
leaf_value=-0.0023971194168993814 0.00027197736841458987 0.0028707093695936677 -8.1887415669679053e-05 0.0076145161499248841 -0.0003357287161888299 -0.012184103317177163 0.012904529447630422 0.00068635787959997431
leaf_weight=21 28 37 31 22 28 20 22 20
leaf_count=21 28 37 31 22 28 20 22 20
internal_value=0 -2.8846e-05 -0.000508772 0.000534247 -0.00128571 -0.00214286 0.000142857 0.00228571
internal_weight=0 208 171 73 98 70 42 42
internal_count=229 208 171 73 98 70 42 42
is_linear=0
shrinkage=0.03


Tree=112
num_leaves=7
num_cat=0
split_feature=0 2 3 4 4 1
split_gain=0.333993 0.279051 0.173736 0.467819 0.314385 0.325084
threshold=0.027950000000000003 0.00030000000000000008 0.18280000000000005 0.16300000000000003 0.047750000000000008 0.043150000000000001
decision_type=2 2 2 2 2 2
left_child=-1 2 3 4 5 -2
right_child=1 -3 -4 -5 -6 -7
leaf_value=-0.0023252058343923993 0.010013435391363625 0.0027845880885058582 0.00051871753595545333 -0.00051593975963708369 0.0039534238622542595 -0.00036250295702127262
leaf_weight=21 30 37 34 33 35 39
leaf_count=21 30 37 34 33 35 39
internal_value=0 -0.000173077 -0.00068421 -0.00116058 -0.000173077 -0.00134783
internal_weight=0 208 171 137 104 69
internal_count=229 208 171 137 104 69
is_linear=0
shrinkage=0.03


Tree=113
num_leaves=9
num_cat=0
split_feature=0 2 1 0 0 0 3 0
split_gain=0.358703 0.246016 0.153969 0.33711 0.2 0.609524 0.114502 0.0261905
threshold=0.027950000000000003 0.00030000000000000008 0.06975000000000002 0.40330000000000005 0.45270000000000005 0.85910000000000009 0.010600000000000002 0.68875000000000008
decision_type=2 2 2 2 2 2 2 2
left_child=-1 2 4 -4 -2 -6 -7 -5
right_child=1 -3 3 7 5 6 -8 -9
leaf_value=-0.0022554496593606278 0.00025756843569499604 0.0027010504458506836 -6.3952600616250921e-05 0.0072674779495595122 -0.00035362510215670469 -0.012087855473170574 0.012235170542736904 0.00056011220413637217
leaf_weight=21 28 37 31 22 28 20 22 20
leaf_count=21 28 37 31 22 28 20 22 20
internal_value=0 -2.8846e-05 -0.000508772 0.000534247 -0.00128571 -0.00214286 0.000142857 0.00228571
internal_weight=0 208 171 73 98 70 42 42
internal_count=229 208 171 73 98 70 42 42
is_linear=0
shrinkage=0.03


Tree=114
num_leaves=7
num_cat=0
split_feature=0 2 3 4 4 1
split_gain=0.358703 0.246016 0.143429 0.283347 0.314385 0.325084
threshold=0.027950000000000003 0.00030000000000000008 0.18280000000000005 0.16300000000000003 0.047750000000000008 0.043150000000000001
decision_type=2 2 2 2 2 2
left_child=-1 2 3 4 5 -2
right_child=1 -3 -4 -5 -6 -7
leaf_value=-0.0021877861695798083 0.0099798598089201173 0.0026200189324751635 0.00049542895680593918 -0.00049854298882948643 0.0037047739856451291 -0.00041655186773029661
leaf_weight=21 30 37 34 33 35 39
leaf_count=21 30 37 34 33 35 39
internal_value=0 -2.8846e-05 -0.000508772 -0.000941606 -0.000173077 -0.00134783
internal_weight=0 208 171 137 104 69
internal_count=229 208 171 137 104 69
is_linear=0
shrinkage=0.03


Tree=115
num_leaves=9
num_cat=0
split_feature=0 0 0 0 1 1 0 3
split_gain=0.410769 0.206779 0.480392 0.177385 0.118354 0.176871 0.108844 0.0983115
threshold=0.027950000000000003 0.73990000000000011 0.85910000000000009 0.61930000000000007 0.028450000000000007 0.11500000000000002 0.34820000000000007 0.0074000000000000012
decision_type=2 2 2 2 2 2 2 2
left_child=-1 3 -3 4 -2 -6 -7 -4
right_child=1 2 7 -5 5 6 -8 -9
leaf_value=-0.0021221525844924136 -0.00051935052206537316 -0.00054005760874403981 -0.0073890297992787466 0.0077240173935323479 0.00044152360496643088 -1.6486337900056477e-05 0.006640852777728439 0.012312922479624637
leaf_weight=21 28 24 24 30 26 28 21 27
leaf_count=21 28 24 24 30 26 28 21 27
internal_value=0 0.000259615 -0.001 0.000969925 0.000378641 0.001 -6.12244e-05 0.000647059
internal_weight=0 208 75 133 103 75 49 51
internal_count=229 208 75 133 103 75 49 51
is_linear=0
shrinkage=0.03


Tree=116
num_leaves=8
num_cat=0
split_feature=1 0 4 3 3 0 0
split_gain=0.290727 0.298434 0.205214 0.371103 0.26405 0.0909091 5.55112e-17
threshold=0.018850000000000002 0.85910000000000009 0.047750000000000008 0.014050000000000002 0.17515000000000003 0.27480000000000004 0.6966500000000001
decision_type=2 2 2 2 2 2 2
left_child=1 -1 3 -2 5 -4 -7
right_child=2 -3 4 -5 -6 6 -8
leaf_value=-0.0017343403800243969 0.010798998321221148 0.0060979431784652233 2.9786687064991166e-05 -0.0015235423637760522 -2.669017726164033e-05 0.0017296477882552206 0.0048186127375544063
leaf_weight=36 34 25 28 28 29 29 20
leaf_count=36 34 25 28 28 29 29 20
internal_value=0 -0.00191803 0.0005 -0.000870968 0.00130189 0.00222078 0.003
internal_weight=0 61 168 62 106 77 49
internal_count=229 61 168 62 106 77 49
is_linear=0
shrinkage=0.03


Tree=117
num_leaves=9
num_cat=0
split_feature=1 4 0 4 3 0 0 3
split_gain=0.327123 0.297582 0.65183 0.174838 0.279497 0.178421 0.0781385 0.0665025
threshold=0.046600000000000009 0.091450000000000017 0.45270000000000005 0.047750000000000008 0.010600000000000002 0.27480000000000004 0.071800000000000017 0.0074000000000000012
decision_type=2 2 2 2 2 2 2 2
left_child=1 7 -3 4 -2 6 -5 -1
right_child=3 2 -4 5 -6 -7 -8 -9
leaf_value=-0.01183931566522993 0.014318730927006551 -0.0015985698984879672 -0.00064911001496212469 0.001779469912454499 -0.0011321093876452957 0.0020965465611812758 6.3946499930407836e-05 0.0048849771282655444
leaf_weight=21 22 33 20 20 25 37 22 29
leaf_count=21 22 33 20 20 25 37 22 29
internal_value=0 -0.00166019 -0.00322641 0.000619048 -0.000829787 0.00148101 0.000142857 1.11759e-10
internal_weight=0 103 53 126 47 79 42 50
internal_count=229 103 53 126 47 79 42 50
is_linear=0
shrinkage=0.03


Tree=118
num_leaves=8
num_cat=0
split_feature=0 1 0 2 0 4 1
split_gain=0.358703 0.247072 0.311916 0.289397 0.353114 0.24013 0.0282609
threshold=0.027950000000000003 0.028450000000000007 0.85910000000000009 1.0000000180025095e-35 0.73990000000000011 0.22530000000000003 0.32200000000000001
decision_type=2 2 2 2 2 2 2
left_child=-1 2 -2 4 5 6 -3
right_child=1 3 -4 -5 -6 -7 -8
leaf_value=-0.0019585006992077882 -0.00072553656290230098 0.0086785469188982774 0.0086101843021062011 0.0047508018229194364 -0.00090526405986136827 -2.6815587785154987e-05 0.00096603213646685824
leaf_weight=21 38 26 28 36 31 29 20
leaf_count=21 38 26 28 36 31 29 20
internal_value=0 -2.8846e-05 -0.00154545 0.000676056 -0.000113207 0.001 0.00234783
internal_weight=0 208 66 142 106 75 46
internal_count=229 208 66 142 106 75 46
is_linear=0
shrinkage=0.03


Tree=119
num_leaves=8
num_cat=0
split_feature=1 4 4 1 4 1 0
split_gain=0.302222 0.247575 0.295341 0.343963 0.359542 0.26949 0.0711111
threshold=0.25150000000000006 0.014350000000000002 0.047750000000000008 0.033950000000000008 0.40630000000000005 0.11500000000000002 0.23015000000000005
decision_type=2 2 2 2 2 2 2
left_child=1 -1 -3 4 -4 -5 -2
right_child=6 2 3 5 -6 -7 -8
leaf_value=0.0099535120627812224 0.0018859539099081973 -0.0013206000235202625 -0.0010394199853925531 0.0015236592150939799 0.0014360080891334657 -0.00040063834805760865 0.00070982165614979337
leaf_weight=34 20 34 31 38 22 25 25
leaf_count=34 20 34 31 38 22 25 25
internal_value=0 -0.00107609 -0.0016 -0.00087931 -0.00266038 0.000619048 0.00166667
internal_weight=0 184 150 116 53 63 45
internal_count=229 184 150 116 53 63 45
is_linear=0
shrinkage=0.03


Tree=120
num_leaves=8
num_cat=0
split_feature=0 1 0 0 2 3 3
split_gain=0.310165 0.223621 0.269537 0.804357 0.178723 0.114219 0.0968878
threshold=0.027950000000000003 0.06975000000000002 0.85910000000000009 0.45270000000000005 1.0000000180025095e-35 0.0074000000000000012 0.044550000000000006
decision_type=2 2 2 2 2 2 2
left_child=-1 2 3 -2 6 -4 -3
right_child=1 4 5 -5 -6 -7 -8
leaf_value=-0.0019428259184409592 0.00044555572192082622 -0.00014379671420020567 -0.010016296869829308 -0.00040261754000656743 0.0032215289141171487 0.011353198750003396 0.0010013041316622507
leaf_weight=21 31 37 22 35 24 26 33
leaf_count=21 31 37 22 35 24 26 33
internal_value=0 -0.000317308 -0.00121053 -0.00245455 0.000765958 0.0005 1.11759e-10
internal_weight=0 208 114 66 94 48 70
internal_count=229 208 114 66 94 48 70
is_linear=0
shrinkage=0.03


Tree=121
num_leaves=8
num_cat=0
split_feature=1 0 4 4 3 4 1
split_gain=0.21566 0.463481 0.71243 0.374658 0.384127 0.212644 0.0833333
threshold=0.031800000000000009 0.85910000000000009 0.40630000000000005 0.063300000000000009 0.010600000000000002 0.20365000000000003 0.11500000000000002
decision_type=2 2 2 2 2 2 2
left_child=1 2 -1 4 -2 -5 -7
right_child=3 -3 -4 5 -6 6 -8
leaf_value=-0.0011071601484167455 0.012610974936738361 0.0093566351189385139 0.0013795611748018365 0.0053399832499513794 -0.00097571548079857017 0.00073411669997392403 -0.00015098723757183205
leaf_weight=27 28 30 22 37 35 20 30
leaf_count=27 28 30 22 37 35 20 30
internal_value=0 -0.00193671 -0.00373469 1.11759e-10 -0.0017619 0.00127586 1.11759e-10
internal_weight=0 79 49 150 63 87 50
internal_count=229 79 49 150 63 87 50
is_linear=0
shrinkage=0.03


Tree=122
num_leaves=8
num_cat=0
split_feature=2 1 4 4 3 4 2
split_gain=0.276728 0.23839 0.232258 0.331276 0.428379 0.410055 0.107143
threshold=1.0000000180025095e-35 0.32200000000000001 0.014350000000000002 0.047750000000000008 0.093600000000000017 0.38120000000000004 0.0018500000000000003
decision_type=2 2 2 2 2 2 2
left_child=1 2 -1 -4 -5 -6 -2
right_child=6 -3 3 4 5 -7 -8
leaf_value=0.0090271394584575792 0.0013158900726682938 0.00040999978595163535 -0.0014402808012009972 -0.00062769302977996378 -0.00079635021929581602 0.0019815795237310189 0.0019866449977678133
leaf_weight=31 27 26 27 30 38 29 21
leaf_count=31 27 26 27 30 38 29 21
internal_value=0 -0.000812155 -0.00125806 -0.00183871 -0.00102062 0.000313433 0.00175
internal_weight=0 181 155 124 97 67 48
internal_count=229 181 155 124 97 67 48
is_linear=0
shrinkage=0.03


Tree=123
num_leaves=8
num_cat=0
split_feature=1 4 3 1 1 3 0
split_gain=0.327123 0.551544 0.708239 0.163025 0.326541 0.143054 0.106061
threshold=0.046600000000000009 0.091450000000000017 0.13965000000000002 0.11500000000000002 0.22480000000000003 0.0074000000000000012 0.40330000000000005
decision_type=2 2 2 2 2 2 2
left_child=1 5 -3 -2 -5 -1 -6
right_child=3 2 -4 4 6 -7 -8
leaf_value=-0.011451992215779121 0.0019111609003780753 -0.0011971554253444503 -3.626382470616353e-05 -0.00049201218738293383 1.448825952196416e-05 0.0044862447930878084 0.019899335109294924
leaf_weight=21 39 22 31 33 33 29 21
leaf_count=21 39 22 31 33 33 29 21
internal_value=0 -0.00166019 -0.00379245 0.000619048 -0.000103448 0.0006 0.00133333
internal_weight=0 103 53 126 87 50 54
internal_count=229 103 53 126 87 50 54
is_linear=0
shrinkage=0.03


Tree=124
num_leaves=10
num_cat=0
split_feature=1 0 3 0 4 2 1 3 0
split_gain=0.302222 0.272741 0.334091 0.322689 0.281726 0.269906 0.22567 0.182002 0.0711111
threshold=0.25150000000000006 0.23015000000000005 0.25465000000000004 0.45270000000000005 0.021800000000000003 1.0000000180025095e-35 0.03815000000000001 0.0074000000000000012 0.23015000000000005
decision_type=2 2 2 2 2 2 2 2 2
left_child=1 2 -1 -3 7 6 -6 -5 -2
right_child=8 3 -4 4 5 -7 -8 -9 -10
leaf_value=-0.0020366144409441314 0.0018115803294205528 0.0046281502819573422 -0.0017262954383126747 -0.00038646590557112639 -0.00013730308688834691 0.00023980744479016117 -0.0011707037073280251 0.014082307982192456 0.00037435934187767791
leaf_weight=20 20 21 24 23 27 24 25 20 25
leaf_count=20 20 21 24 23 27 24 25 20 25
internal_value=0 -0.00107609 -0.00313636 -0.000428571 -0.00103361 -0.00213158 -0.00334615 0.000906977 0.00166667
internal_weight=0 184 44 140 119 76 52 43 45
internal_count=229 184 44 140 119 76 52 43 45
is_linear=0
shrinkage=0.03


Tree=125
num_leaves=9
num_cat=0
split_feature=0 2 1 4 0 4 3 0
split_gain=0.384295 0.215061 0.131125 0.261256 0.359772 0.241472 0.12803 0.120536
threshold=0.027950000000000003 0.00030000000000000008 0.12140000000000002 0.38120000000000004 0.85910000000000009 0.12835000000000002 0.008550000000000002 0.40330000000000005
decision_type=2 2 2 2 2 2 2 2
left_child=-1 2 3 4 5 -2 -6 -4
right_child=1 -3 7 -5 6 -7 -8 -9
leaf_value=-0.0018100840901117943 -0.00015880646972946642 0.0020763209160061693 -6.1226711629715685e-05 0.00053913429674488748 -0.011174059116117581 -0.00032265976104041975 0.0097437545967359682 0.006744057760363532
leaf_weight=21 20 37 24 25 20 26 24 32
leaf_count=21 20 37 24 25 20 26 24 32
internal_value=0 0.000115385 -0.000333333 -0.000913043 -0.00166667 -0.00352174 0.000272727 0.000857143
internal_weight=0 208 171 115 90 46 44 56
internal_count=229 208 171 115 90 46 44 56
is_linear=0
shrinkage=0.03


Tree=126
num_leaves=8
num_cat=0
split_feature=1 4 4 1 4 1 0
split_gain=0.302222 0.247575 0.295341 0.343963 0.359542 0.26949 0.0711111
threshold=0.25150000000000006 0.014350000000000002 0.047750000000000008 0.033950000000000008 0.40630000000000005 0.11500000000000002 0.23015000000000005
decision_type=2 2 2 2 2 2 2
left_child=1 -1 -3 4 -4 -5 -2
right_child=6 2 3 5 -6 -7 -8
leaf_value=0.0081370240430667096 0.001806288871591265 -0.0013768249526108726 -0.0010561125861652935 0.0012900234794994878 0.0013163606601332815 -0.00037827708902239113 0.0002833019420050417
leaf_weight=34 20 34 31 38 22 25 25
leaf_count=34 20 34 31 38 22 25 25
internal_value=0 -0.00107609 -0.0016 -0.00087931 -0.00266038 0.000619048 0.00166667
internal_weight=0 184 150 116 53 63 45
internal_count=229 184 150 116 53 63 45
is_linear=0
shrinkage=0.03


Tree=127
num_leaves=9
num_cat=0
split_feature=0 1 4 0 2 1 0 3
split_gain=0.287218 0.297734 0.330163 0.622241 0.241071 0.195558 0.191587 0.0665025
threshold=0.027950000000000003 0.046600000000000009 0.091450000000000017 0.45270000000000005 1.0000000180025095e-35 0.11500000000000002 0.40330000000000005 0.0074000000000000012
decision_type=2 2 2 2 2 2 2 2
left_child=-1 2 7 -4 5 -3 -7 -2
right_child=1 4 3 -5 -6 6 -8 -9
leaf_value=-0.0017952723848045455 -0.010696784825231261 0.0043270925882560318 0.00018811739353372217 -0.0004517622928701084 0.0035484112630486883 -0.00036813938870468716 0.0016064640435692508 0.0043624738758865772
leaf_weight=21 21 27 26 20 28 24 33 29
leaf_count=21 21 27 26 20 28 24 33 29
internal_value=0 -0.000461538 -0.0016875 -0.00352174 0.000589286 -0.000214286 -0.00121053 1.11759e-10
internal_weight=0 208 96 46 112 84 57 50
internal_count=229 208 96 46 112 84 57 50
is_linear=0
shrinkage=0.03


Tree=128
num_leaves=10
num_cat=0
split_feature=1 0 3 0 4 2 1 3 0
split_gain=0.302222 0.272741 0.334091 0.322689 0.281726 0.269906 0.22567 0.182002 0.0711111
threshold=0.25150000000000006 0.23015000000000005 0.25465000000000004 0.45270000000000005 0.021800000000000003 1.0000000180025095e-35 0.03815000000000001 0.0074000000000000012 0.23015000000000005
decision_type=2 2 2 2 2 2 2 2 2
left_child=1 2 -1 -3 7 6 -6 -5 -2
right_child=8 3 -4 4 5 -7 -8 -9 -10
leaf_value=-0.00191984395408793 0.0018016769792115216 0.004428787515475251 -0.0015870150608693866 -0.00045983771308066092 -0.00013611044194346747 0.00016394007856456775 -0.0014271109768927415 0.012992541167256002 0.00026215182210022532
leaf_weight=20 20 21 24 23 27 24 25 20 25
leaf_count=20 20 21 24 23 27 24 25 20 25
internal_value=0 -0.00107609 -0.00313636 -0.000428571 -0.00103361 -0.00213158 -0.00334615 0.000906977 0.00166667
internal_weight=0 184 44 140 119 76 52 43 45
internal_count=229 184 44 140 119 76 52 43 45
is_linear=0
shrinkage=0.03


Tree=129
num_leaves=9
num_cat=0
split_feature=0 2 3 3 4 4 0 0
split_gain=0.333993 0.215954 0.21951 0.122413 0.162422 0.225 0.225 0.111111
threshold=0.027950000000000003 1.0000000180025095e-35 0.23725000000000004 0.004850000000000001 0.039900000000000012 0.20675000000000002 0.68875000000000008 0.72525000000000006
decision_type=2 2 2 2 2 2 2 2
left_child=-1 2 3 -2 -5 6 -6 -3
right_child=1 7 -4 4 5 -7 -8 -9
leaf_value=-0.0016838188946377694 0.0069292062990869863 0.0028634508354129719 0.0010788407011291356 -0.0015061398430557032 0.00063710511954545189 -0.00038411663945715373 -6.8277754233418488e-05 0.001184524299752223
leaf_weight=21 26 25 26 39 20 32 20 20
leaf_count=21 26 25 26 39 20 32 20 20
internal_value=0 -0.000173077 -0.000680981 -0.00116058 -0.00159459 -0.00075 0.00075 0.00166667
internal_weight=0 208 163 137 111 72 40 45
internal_count=229 208 163 137 111 72 40 45
is_linear=0
shrinkage=0.03


Tree=130
num_leaves=9
num_cat=0
split_feature=1 0 4 4 4 0 1 0
split_gain=0.369983 0.463481 0.71243 0.239781 0.340003 0.179728 0.075287 0.0281069
threshold=0.031800000000000009 0.85910000000000009 0.40630000000000005 0.063300000000000009 0.032200000000000006 0.27480000000000004 0.21895000000000001 0.81950000000000012
decision_type=2 2 2 2 2 2 2 2
left_child=1 2 -1 4 7 6 -5 -2
right_child=3 -3 -4 5 -6 -7 -8 -9
leaf_value=-0.0010731982409464386 -9.0184050250851239e-05 0.0074503789387434342 0.0012918589097027256 0.00084849130600281157 -0.0010876495914928642 0.0040603519932324627 -6.12878771389381e-05 0.007187379141504047
leaf_weight=27 20 30 22 21 22 43 23 21
leaf_count=27 20 30 22 21 22 43 23 21
internal_value=0 -0.00193671 -0.00373469 0.0006 -0.000809524 0.00162069 0.000272727 0.000804878
internal_weight=0 79 49 150 63 87 44 41
internal_count=229 79 49 150 63 87 44 41
is_linear=0
shrinkage=0.03


Tree=131
num_leaves=8
num_cat=0
split_feature=1 4 4 1 4 1 0
split_gain=0.302222 0.247575 0.295341 0.343963 0.359542 0.26949 0.0711111
threshold=0.25150000000000006 0.014350000000000002 0.047750000000000008 0.033950000000000008 0.40630000000000005 0.11500000000000002 0.23015000000000005
decision_type=2 2 2 2 2 2 2
left_child=1 -1 -3 4 -4 -5 -2
right_child=6 2 3 5 -6 -7 -8
leaf_value=0.007199458692963851 0.0017930171029172418 -0.0012496615863824263 -0.0010191343218327999 0.0011665731135824943 0.0012531031424116434 -0.00032238492973944916 0.00022665160541090616
leaf_weight=34 20 34 31 38 22 25 25
leaf_count=34 20 34 31 38 22 25 25
internal_value=0 -0.00107609 -0.0016 -0.00087931 -0.00266038 0.000619048 0.00166667
internal_weight=0 184 150 116 53 63 45
internal_count=229 184 150 116 53 63 45
is_linear=0
shrinkage=0.03


Tree=132
num_leaves=9
num_cat=0
split_feature=0 1 4 0 2 1 1 3
split_gain=0.333993 0.286172 0.219203 0.385284 0.190476 0.134781 0.18797 0.0665025
threshold=0.027950000000000003 0.046600000000000009 0.091450000000000017 0.45270000000000005 1.0000000180025095e-35 0.11500000000000002 0.32200000000000001 0.0074000000000000012
decision_type=2 2 2 2 2 2 2 2
left_child=-1 2 7 -4 5 -3 -7 -2
right_child=1 4 3 -5 -6 6 -8 -9
leaf_value=-0.0017096531849969763 -0.01046601529872535 0.0039506121933956719 0.00013557787538997259 -0.00037396635771985958 0.003250053213945146 -0.00016219679695947701 0.00049054923748784629 0.0042197377876547898
leaf_weight=21 21 27 26 20 28 36 21 29
leaf_count=21 21 27 26 20 28 36 21 29
internal_value=0 -0.000173077 -0.001375 -0.00286957 0.000857143 0.000142857 -0.00068421 1.11759e-10
internal_weight=0 208 96 46 112 84 57 50
internal_count=229 208 96 46 112 84 57 50
is_linear=0
shrinkage=0.03


Tree=133
num_leaves=10
num_cat=0
split_feature=1 0 3 0 4 2 4 0 0
split_gain=0.267359 0.317617 0.334091 0.283613 0.215126 0.277149 0.436038 0.202149 0.0711111
threshold=0.25150000000000006 0.23015000000000005 0.25465000000000004 0.45270000000000005 0.014350000000000002 0.00030000000000000008 0.047750000000000008 0.70325000000000004 0.23015000000000005
decision_type=2 2 2 2 2 2 2 2 2
left_child=1 2 -1 -3 -5 6 -6 -8 -2
right_child=8 3 -4 4 5 -7 7 -9 -10
leaf_value=-0.0018462281319151855 0.0017839155799809576 0.0041465722978812937 -0.0014532680674784395 0.0068568827985452828 -0.0019064266675128513 0.00016850983463543421 -0.00011872821505030148 0.007033174672520336 0.0002051355801239458
leaf_weight=20 20 21 24 34 24 20 21 20 25
leaf_count=20 20 21 24 34 24 20 21 20 25
internal_value=0 -0.000913043 -0.00313636 -0.000214286 -0.000781512 -0.00158824 -0.00253846 -0.000658536 0.00166667
internal_weight=0 184 44 140 119 85 65 41 45
internal_count=229 184 44 140 119 85 65 41 45
is_linear=0
shrinkage=0.03


Tree=134
num_leaves=8
num_cat=0
split_feature=0 2 4 4 4 0 0
split_gain=0.358703 0.246016 0.143429 0.445062 0.174501 0.161477 0.0365801
threshold=0.027950000000000003 0.00030000000000000008 0.014350000000000002 0.039900000000000012 0.37555000000000005 0.52445000000000019 0.70325000000000004
decision_type=2 2 2 2 2 2 2
left_child=-1 2 -2 -4 5 -5 -7
right_child=1 -3 3 4 -6 6 -8
leaf_value=-0.0016029767454896137 0.0037359233424139032 0.001595679181358082 -0.0024377036924933715 0.00065743492294531016 -0.00067271381407792944 -1.9282261603164579e-05 0.0051571648230673379
leaf_weight=21 34 37 29 36 30 20 22
leaf_count=21 34 37 29 36 30 20 22
internal_value=0 -2.8846e-05 -0.000508772 -0.000941606 -5.55554e-05 0.000692308 -0.000571428
internal_weight=0 208 171 137 108 78 42
internal_count=229 208 171 137 108 78 42
is_linear=0
shrinkage=0.03


Tree=135
num_leaves=8
num_cat=0
split_feature=1 0 4 4 3 4 1
split_gain=0.231504 0.392477 0.634921 0.370879 0.377247 0.196973 0.105113
threshold=0.028450000000000007 0.85910000000000009 0.40630000000000005 0.063300000000000009 0.010600000000000002 0.20365000000000003 0.11500000000000002
decision_type=2 2 2 2 2 2 2
left_child=1 2 -1 4 -2 -5 -7
right_child=3 -3 -4 5 -6 6 -8
leaf_value=-0.0010295481645443724 0.011890249555354268 0.0056908920210573845 0.0012278229099592238 0.00446714962956485 -0.0005801412690448702 7.2407717896111616e-05 -0.00012958779606563951
leaf_weight=24 29 28 21 38 36 23 30
leaf_count=24 29 28 21 38 36 23 30
internal_value=0 -0.00193151 -0.00366667 0.000115385 -0.00161538 0.00135165 0.000169811
internal_weight=0 73 45 156 65 91 53
internal_count=229 73 45 156 65 91 53
is_linear=0
shrinkage=0.03


Tree=136
num_leaves=9
num_cat=0
split_feature=2 1 3 4 0 4 1 2
split_gain=0.276728 0.191255 0.361683 0.392297 0.149691 0.158781 0.268451 0.107143
threshold=1.0000000180025095e-35 0.0054500000000000009 0.004850000000000001 0.039900000000000012 0.61050000000000015 0.20365000000000003 0.11500000000000002 0.0018500000000000003
decision_type=2 2 2 2 2 2 2 2
left_child=1 -1 -3 -4 5 -5 -7 -2
right_child=7 2 3 4 -6 6 -8 -9
leaf_value=-0.0041217777310707891 0.00073884326794296554 0.0095422888942830811 -0.001757664198412195 0.00032399196903409573 -0.00016370149334336086 0.00043068036662042073 -0.00033654393875705182 0.0018313165382677244
leaf_weight=30 27 24 36 20 24 26 21 21
leaf_count=30 27 24 36 20 24 26 21 21
internal_value=0 -0.000812155 -0.000377483 -0.00101575 3.29671e-05 0.000761194 -0.000191489 0.00175
internal_weight=0 181 151 127 91 67 47 48
internal_count=229 181 151 127 91 67 47 48
is_linear=0
shrinkage=0.03


Tree=137
num_leaves=9
num_cat=0
split_feature=0 2 3 4 4 3 0 4
split_gain=0.333993 0.215954 0.21951 0.267642 0.198679 0.244265 0.111111 0.106983
threshold=0.027950000000000003 1.0000000180025095e-35 0.23725000000000004 0.20675000000000002 0.065150000000000013 0.019650000000000004 0.72525000000000006 0.016650000000000002
decision_type=2 2 2 2 2 2 2 2
left_child=-1 2 3 4 5 7 -3 -2
right_child=1 6 -4 -5 -6 -7 -8 -9
leaf_value=-0.0014680688021976146 -0.0028985647794184744 0.0024204932780133208 0.0010536979778891769 -0.00030481061482123714 0.00031950459651501492 -0.00013614639927118227 0.0010101665805839469 0.016475753380279075
leaf_weight=21 29 25 26 32 26 28 20 22
leaf_count=21 29 25 26 32 26 28 20 22
internal_value=0 -0.000173077 -0.000680981 -0.00116058 -0.000428571 -0.00117722 0.00166667 5.88236e-05
internal_weight=0 208 163 137 105 79 45 51
internal_count=229 208 163 137 105 79 45 51
is_linear=0
shrinkage=0.03


Tree=138
num_leaves=8
num_cat=0
split_feature=0 2 4 4 1 4 1
split_gain=0.310165 0.181334 0.125428 0.29021 0.170128 0.172857 0.12
threshold=0.027950000000000003 0.00065000000000000008 0.047750000000000008 0.014350000000000002 0.028450000000000007 0.31405000000000005 0.18615000000000001
decision_type=2 2 2 2 2 2 2
left_child=-1 2 3 -2 -4 6 -6
right_child=1 -3 4 -5 5 -7 -8
leaf_value=-0.0014240267381316857 0.0034119460614299869 0.0028309656225936862 -0.00018195600787881979 -0.0015944924241777035 0.0012505007778595629 -0.00012257027816552814 0.00025866939750586731
leaf_weight=21 34 28 39 37 30 20 20
leaf_count=21 34 28 39 37 30 20 20
internal_value=0 -0.000317308 -0.000666667 -0.00164789 -2.75228e-05 0.000857143 0.0018
internal_weight=0 208 180 71 109 70 50
internal_count=229 208 180 71 109 70 50
is_linear=0
shrinkage=0.03


Tree=139
num_leaves=9
num_cat=0
split_feature=0 3 4 0 0 4 3 3
split_gain=0.287218 0.211722 0.464087 0.200952 0.453232 0.221493 0.1 0.0983115
threshold=0.027950000000000003 0.18280000000000005 0.20675000000000002 0.72525000000000006 0.85910000000000009 0.063300000000000009 0.2829000000000001 0.0074000000000000012
decision_type=2 2 2 2 2 2 2 2
left_child=-1 2 3 5 -5 -2 -3 -6
right_child=1 6 -4 4 7 -7 -8 -9
leaf_value=-0.001381305935987735 0.0036588737178632458 0.0030740566140588215 -0.00024871518186678367 -0.00068260386923108289 -0.0069405960963371842 0.0014880540304111312 0.00011211315672107935 0.0090606473730074147
leaf_weight=21 23 20 34 30 24 30 20 27
leaf_count=21 23 20 34 30 24 30 20 27
internal_value=0 -0.000461538 -0.000928571 -0.000134328 -0.00107407 0.00130189 0.0015 0.000647059
internal_weight=0 208 168 134 81 53 40 51
internal_count=229 208 168 134 81 53 40 51
is_linear=0
shrinkage=0.03


Tree=140
num_leaves=9
num_cat=0
split_feature=0 2 0 0 1 4 4 3
split_gain=0.287218 0.205372 0.119572 0.161441 0.261941 0.432549 0.25 0.134444
threshold=0.027950000000000003 0.00065000000000000008 0.18435000000000004 0.85910000000000009 0.033950000000000008 0.063300000000000009 0.21895000000000003 0.008550000000000002
decision_type=2 2 2 2 2 2 2 2
left_child=-1 2 -2 4 -4 -6 -7 -5
right_child=1 -3 3 7 5 6 -8 -9
leaf_value=-0.0013398667579081031 0.00062858315605370289 0.0026680889768326463 -0.00017509242960229347 -0.01072355869413103 -0.00037835053702947786 0.0047051180321134867 -8.3977440199104679e-05 0.0080809463989756376
leaf_weight=21 29 28 29 20 32 25 20 25
leaf_count=21 29 28 29 20 32 25 20 25
internal_value=0 -0.000461538 -0.000833333 -0.00117219 -0.00181132 -0.000896104 0.001 0.000333333
internal_weight=0 208 180 151 106 77 45 45
internal_count=229 208 180 151 106 77 45 45
is_linear=0
shrinkage=0.03


Tree=141
num_leaves=10
num_cat=0
split_feature=0 2 0 0 1 4 3 3 0
split_gain=0.265153 0.230907 0.143229 0.206861 0.237384 0.581336 0.134444 0.124675 0.0484848
threshold=0.027950000000000003 0.00065000000000000008 0.18435000000000004 0.85910000000000009 0.12140000000000002 0.12435000000000002 0.008550000000000002 0.12600000000000003 0.53380000000000016
decision_type=2 2 2 2 2 2 2 2 2
left_child=-1 2 -2 4 5 -4 -5 -7 -6
right_child=1 -3 3 6 8 7 -8 -9 -10
leaf_value=-0.0012996707551708603 0.00060972566137209195 0.0025880463075276658 -0.00040515129055691173 -0.0104018519333071 -9.4742225904124273e-05 -0.00022027360185821544 0.0078385180070063669 0.00014732845166358873 0.017257796670676319
leaf_weight=21 29 28 20 20 20 20 25 22 24
leaf_count=21 29 28 20 20 20 20 25 22 24
internal_value=0 -0.000605769 -0.001 -0.00137086 -0.00209434 -0.00329032 0.000333333 -0.00128571 -0.000409091
internal_weight=0 208 180 151 106 62 45 42 44
internal_count=229 208 180 151 106 62 45 42 44
is_linear=0
shrinkage=0.03


Tree=142
num_leaves=9
num_cat=0
split_feature=0 2 0 4 4 0 3 1
split_gain=0.287218 0.267701 0.132249 0.204147 0.234325 0.336032 0.1 0.04
threshold=0.027950000000000003 0.00045000000000000004 0.18435000000000004 0.20675000000000002 0.047750000000000008 0.85910000000000009 0.0096500000000000023 0.035550000000000005
decision_type=2 2 2 2 2 2 2 2
left_child=-1 2 -2 4 5 -4 -7 -6
right_child=1 -3 3 -5 7 6 -8 -9
leaf_value=-0.0012606806325157333 0.00059143389153092974 0.0015727787026775649 -0.0006514071196872922 -0.00012088954340096951 0.00011124012011501074 -0.010089796375307892 0.0061305120423568293 0.0045723941207579276
leaf_weight=21 29 32 29 33 20 20 20 25
leaf_count=21 29 32 29 33 20 20 20 25
internal_value=0 -0.000461538 -0.000920454 -0.00128571 -0.00068421 -0.00178261 1.11759e-10 0.001
internal_weight=0 208 176 147 114 69 40 45
internal_count=229 208 176 147 114 69 40 45
is_linear=0
shrinkage=0.03


Tree=143
num_leaves=9
num_cat=0
split_feature=0 2 0 0 0 3 1 0
split_gain=0.24397 0.257937 0.16902 0.257905 0.155315 0.134444 0.132146 0.196988
threshold=0.027950000000000003 0.00065000000000000008 0.18435000000000004 0.85910000000000009 0.72525000000000006 0.008550000000000002 0.039200000000000006 0.45270000000000005
decision_type=2 2 2 2 2 2 2 2
left_child=-1 2 -2 4 6 -5 -4 -8
right_child=1 -3 3 5 -6 -7 7 -9
leaf_value=-0.0012228602135402617 0.00057369087478500178 0.0024632215572215096 -6.0065432932939188e-05 -0.0097871024840486594 -0.00052121421965270443 0.0074916783750503604 -0.00013603741581543329 0.0052106961551735657
leaf_weight=21 29 28 28 20 24 25 26 28
leaf_count=21 29 28 28 20 24 25 26 28
internal_value=0 -0.00075 -0.00116667 -0.00156954 -0.00237736 0.000333333 -0.0017561 -0.000888889
internal_weight=0 208 180 151 106 45 82 54
internal_count=229 208 180 151 106 45 82 54
is_linear=0
shrinkage=0.03


Tree=144
num_leaves=8
num_cat=0
split_feature=3 4 4 1 4 4 1
split_gain=0.206796 0.285714 0.235356 0.354704 0.365473 0.258065 0.16
threshold=0.018400000000000003 0.024850000000000004 0.42755000000000004 0.033950000000000008 0.063300000000000009 0.20365000000000003 0.043150000000000001
decision_type=2 2 2 2 2 2 2
left_child=1 6 3 -2 -5 -6 -1
right_child=2 -3 -4 4 5 -7 -8
leaf_value=0.004145981180852687 -0.00080295703128948617 0.014715473304400997 0.00075976726841463444 -0.00090662268821810408 0.0031740452810592387 -7.5238536956248223e-05 -0.0024382219541144519
leaf_weight=25 35 25 37 25 31 31 20
leaf_count=25 35 25 37 25 31 31 20
internal_value=0 0.000428572 -0.0015283 -0.00216393 -0.00113793 9.67743e-05 -0.001
internal_weight=0 70 159 122 87 62 45
internal_count=229 70 159 122 87 62 45
is_linear=0
shrinkage=0.03


Tree=145
num_leaves=10
num_cat=0
split_feature=0 3 3 4 1 4 4 4 3
split_gain=0.287218 0.211722 0.245578 0.251672 0.189037 0.227939 0.389401 0.182191 0.1
threshold=0.027950000000000003 0.18280000000000005 0.019650000000000004 0.024850000000000004 0.024300000000000006 0.063300000000000009 0.20675000000000002 0.013050000000000001 0.2829000000000001
decision_type=2 2 2 2 2 2 2 2 2
left_child=-1 2 3 7 -4 -6 -7 -2 -3
right_child=1 8 4 -5 5 6 -8 -9 -10
leaf_value=-0.0012089674236966253 0.0043756284611015696 0.002635758422895347 -0.00097614264464168177 0.014140705063409434 -0.00092139960770106475 0.0012976848209353921 -0.00019802185170021374 -0.0023650752954910204 0.00013379359043823403
leaf_weight=21 27 20 20 23 22 31 25 20 20
leaf_count=21 27 20 20 23 22 31 25 20 20
internal_value=0 -0.000461538 -0.000928571 0.000428572 -0.00189796 -0.00123077 -0.000214286 -0.000829787 0.0015
internal_weight=0 208 168 70 98 78 56 47 40
internal_count=229 208 168 70 98 78 56 47 40
is_linear=0
shrinkage=0.03


Tree=146
num_leaves=8
num_cat=0
split_feature=0 2 3 4 1 4 1
split_gain=0.310165 0.237981 0.235714 0.405751 0.117454 0.282997 0.0714286
threshold=0.027950000000000003 0.00045000000000000004 0.11425 0.20675000000000002 0.043150000000000001 0.039900000000000012 0.028450000000000007
decision_type=2 2 2 2 2 2 2
left_child=-1 2 3 4 -2 -6 -4
right_child=1 -3 6 -5 5 -7 -8
leaf_value=-0.0011726984009857279 0.0039324217176431777 0.0014012632277440931 9.407015886049549e-05 -0.00083695581348975647 -0.0027502505782503249 0.0026618474117151483 0.00045552822504526597
leaf_weight=21 38 32 28 22 33 27 28
leaf_count=21 38 32 28 22 33 27 28
internal_value=0 -0.000317308 -0.00075 -0.0015 -0.000673469 -0.0015 0.000857143
internal_weight=0 208 176 120 98 60 56
internal_count=229 208 176 120 98 60 56
is_linear=0
shrinkage=0.03


Tree=147
num_leaves=9
num_cat=0
split_feature=0 1 4 2 4 0 0 3
split_gain=0.246604 0.305203 0.71243 0.283588 0.228544 0.350725 0.110345 0.0983115
threshold=0.85910000000000009 0.033950000000000008 0.40630000000000005 0.00045000000000000004 0.24220000000000003 0.40330000000000005 0.72205000000000008 0.0074000000000000012
decision_type=2 2 2 2 2 2 2 2
left_child=1 2 -1 4 5 -3 -7 -2
right_child=7 3 -4 -5 -6 6 -8 -9
leaf_value=-0.0010911445121615324 -0.0054557707272660421 -0.00076825152958580475 0.0012059985201621575 0.0017189377254259713 0.00039599764023342182 0.003407356856315102 -0.00024943817912332749 0.0078217316728898898
leaf_weight=27 24 20 22 26 34 29 20 27
leaf_count=27 24 20 22 26 34 29 20 27
internal_value=0 -0.0017191 -0.00373469 -0.000953488 -0.00166019 -0.00265217 -0.00128571 0.000647059
internal_weight=0 178 49 129 103 69 49 51
internal_count=229 178 49 129 103 69 49 51
is_linear=0
shrinkage=0.03


Tree=148
num_leaves=10
num_cat=0
split_feature=0 3 4 1 3 0 3 1 1
split_gain=0.287218 0.274126 0.407638 0.191879 0.192329 0.180373 0.125939 0.1 0.0846169
threshold=0.027950000000000003 0.11425 0.077550000000000022 0.043150000000000001 0.010600000000000002 0.43025000000000008 0.17515000000000003 0.013800000000000002 0.028450000000000007
decision_type=2 2 2 2 2 2 2 2 2
left_child=-1 2 3 7 -5 -4 -3 -2 -8
right_child=1 6 5 4 -6 -7 8 -9 -10
leaf_value=-0.0011736974050196218 0.0017911536430767949 0.0011107437337894088 -8.8274588666487851e-06 0.010782939323105298 -0.0011597167704877091 -0.00061017899046960722 1.6853509884029908e-05 0.0045541517037716644 0.00065578711707610989
leaf_weight=21 20 22 25 26 31 21 22 20 21
leaf_count=21 20 22 25 26 31 21 22 20 21
internal_value=0 -0.000461538 -0.0011958 -9.27834e-05 -0.00121053 -0.00352174 0.00115385 0.0015 0.000209302
internal_weight=0 208 143 97 57 46 65 40 43
internal_count=229 208 143 97 57 46 65 40 43
is_linear=0
shrinkage=0.03


Tree=149
num_leaves=8
num_cat=0
split_feature=0 2 4 4 3 4 0
split_gain=0.265153 0.230907 0.232716 0.25792 0.26105 0.234295 0.121533
threshold=0.027950000000000003 0.00065000000000000008 0.014350000000000002 0.039900000000000012 0.18280000000000005 0.077550000000000022 0.47635000000000005
decision_type=2 2 2 2 2 2 2
left_child=-1 2 -2 -4 5 -5 -7
right_child=1 -3 3 4 -6 6 -8
leaf_value=-0.0011384864828690338 0.0035609208933194084 0.0021490188989030032 -0.0031619967547498067 0.0060286388466775486 0.00084035144836364822 -0.00032754787409120889 -0.00014489094068237125
leaf_weight=21 34 28 30 25 35 29 27
leaf_count=21 34 28 30 25 35 29 27
internal_value=0 -0.000605769 -0.001 -0.00152055 -0.00087931 -0.00181481 -0.00289286
internal_weight=0 208 180 146 116 81 56
internal_count=229 208 180 146 116 81 56
is_linear=0
shrinkage=0.03


Tree=150
num_leaves=10
num_cat=0
split_feature=0 3 3 4 1 4 4 3 1
split_gain=0.310165 0.181731 0.344388 0.211039 0.189037 0.227939 0.389401 0.1 0.0484848
threshold=0.027950000000000003 0.18280000000000005 0.019650000000000004 0.024100000000000003 0.024300000000000006 0.063300000000000009 0.20675000000000002 0.2829000000000001 0.043150000000000001
decision_type=2 2 2 2 2 2 2 2 2
left_child=-1 2 3 8 -4 -6 -7 -3 -2
right_child=1 7 4 -5 5 6 -8 -9 -10
leaf_value=-0.0011043318883829614 0.0034540932473134376 0.0023902386579294625 -0.00087995964039135413 0.011620409868623971 -0.0011962275999085191 0.0011009424983917059 -0.00020680362404973558 0.00013397586457668842 -0.002395376253207931
leaf_weight=21 24 20 20 26 22 31 25 20 20
leaf_count=21 24 20 20 26 22 31 25 20 20
internal_value=0 -0.000317308 -0.00075 0.000857143 -0.00189796 -0.00123077 -0.000214286 0.0015 -0.000409091
internal_weight=0 208 168 70 98 78 56 40 44
internal_count=229 208 168 70 98 78 56 40 44
is_linear=0
shrinkage=0.03


Tree=151
num_leaves=9
num_cat=0
split_feature=0 2 3 0 1 3 3 0
split_gain=0.287218 0.267701 0.140747 0.268889 0.326667 0.27 0.134444 0.114683
threshold=0.027950000000000003 0.00045000000000000004 0.11425 0.85910000000000009 0.12140000000000002 0.014050000000000002 0.008550000000000002 0.51245000000000007
decision_type=2 2 2 2 2 2 2 2
left_child=-1 2 3 4 -2 -6 -5 -4
right_child=1 -3 7 6 5 -7 -8 -9
leaf_value=-0.0010712019317314718 -0.00069992268516537166 0.0012045614460819642 0.00084602195811944768 -0.0093307413642610207 0.016165009057979254 -0.00044045245410735142 0.0064607230009242128 -1.3653715608981106e-05
leaf_weight=21 25 32 36 20 20 30 25 20
leaf_count=21 25 32 36 20 20 30 25 20
internal_value=0 -0.000461538 -0.000920454 -0.0015 -0.0026 -0.0012 0.000333333 0.000321429
internal_weight=0 208 176 120 75 50 45 56
internal_count=229 208 176 120 75 50 45 56
is_linear=0
shrinkage=0.03


Tree=152
num_leaves=10
num_cat=0
split_feature=0 2 4 0 0 1 3 3 0
split_gain=0.287218 0.205372 0.138368 0.317651 0.301117 0.6991 0.202149 0.134444 0.113043
threshold=0.027950000000000003 0.00065000000000000008 0.12435000000000002 0.2109 0.85910000000000009 0.12140000000000002 0.014050000000000002 0.008550000000000002 0.47635000000000005
decision_type=2 2 2 2 2 2 2 2 2
left_child=-1 2 4 -4 5 -2 -7 -6 -5
right_child=1 -3 3 8 7 6 -8 -9 -10
leaf_value=-0.0010390658737795271 -0.00032377399519195366 0.0019883079926952406 -0.0012274184997907792 0.00011799193566472561 -0.0090508191233331925 0.015680058786239875 -0.00033507833887199724 0.0062669013108964883 -1.2044411766075342e-05
leaf_weight=21 20 28 28 26 20 20 21 25 20
leaf_count=21 20 28 28 26 20 20 21 25 20
internal_value=0 -0.000461538 -0.000833333 0.000162162 -0.0015283 -0.00290164 -0.000658536 0.000333333 0.00169565
internal_weight=0 208 180 74 106 61 41 45 46
internal_count=229 208 180 74 106 61 41 45 46
is_linear=0
shrinkage=0.03


Tree=153
num_leaves=10
num_cat=0
split_feature=0 2 4 0 1 3 3 3 0
split_gain=0.287218 0.205372 0.138368 0.301117 0.6991 0.26208 0.202149 0.134444 0.109091
threshold=0.027950000000000003 0.00065000000000000008 0.12435000000000002 0.85910000000000009 0.12140000000000002 0.11425 0.014050000000000002 0.008550000000000002 0.2109
decision_type=2 2 2 2 2 2 2 2 2
left_child=-1 2 3 4 -2 -4 -6 -5 -7
right_child=1 -3 5 7 6 8 -8 -9 -10
leaf_value=-0.0010078938975661405 -0.00031406077533619928 0.0019286587529143838 -0.00034921382059957876 -0.0087792945496331914 0.015209657022652676 0.00052550233642601136 -0.00032502598870583633 0.0060788942715695876 0.00049351734789833922
leaf_weight=21 20 28 30 20 20 20 21 25 24
leaf_count=21 20 28 30 20 20 20 21 25 24
internal_value=0 -0.000461538 -0.000833333 -0.0015283 -0.00290164 0.000162162 -0.000658536 0.000333333 0.00163636
internal_weight=0 208 180 106 61 74 41 45 44
internal_count=229 208 180 106 61 74 41 45 44
is_linear=0
shrinkage=0.03


Tree=154
num_leaves=9
num_cat=0
split_feature=0 2 3 1 1 1 3 3
split_gain=0.333993 0.158791 0.168056 0.150904 0.342826 0.328571 0.12833 0.1
threshold=0.027950000000000003 0.00065000000000000008 0.18280000000000005 0.043150000000000001 0.12140000000000002 0.024300000000000006 0.014050000000000002 0.018400000000000003
decision_type=2 2 2 2 2 2 2 2
left_child=-1 2 3 5 -5 7 -6 -2
right_child=1 -3 -4 4 6 -7 -8 -9
leaf_value=-0.00097765708063915534 0.0023417942606823237 0.0018707989903269527 0.00035332298200359589 -0.0011394281219232433 0.014753367311973097 0.00092773968856153756 -0.00025949771629192174 -0.00054495754056677927
leaf_weight=21 20 28 36 28 20 23 33 20
leaf_count=21 20 28 36 28 20 23 33 20
internal_value=0 -0.000173077 -0.0005 -0.000958333 -0.00181481 0.000142857 -0.000396226 -0.0015
internal_weight=0 208 180 144 81 63 53 40
internal_count=229 208 180 144 81 63 53 40
is_linear=0
shrinkage=0.03


Tree=155
num_leaves=9
num_cat=0
split_feature=0 2 0 4 0 4 0 4
split_gain=0.287218 0.267701 0.155604 0.315434 0.173262 0.25098 0.2331 0.148842
threshold=0.027950000000000003 0.00045000000000000004 0.38355000000000006 0.014350000000000002 0.85910000000000009 0.047750000000000008 0.67320000000000013 0.37555000000000005
decision_type=2 2 2 2 2 2 2 2
left_child=-1 2 7 -4 5 -5 -7 -2
right_child=1 -3 3 4 -6 6 -8 -9
leaf_value=-0.00094832736821998153 7.8686024815863487e-05 0.00099479163062140977 0.0037083666890568453 -0.0030550715835849186 0.0071363579172706139 -0.00013985241529283738 0.004032271868403021 -0.00087693354062375994
leaf_weight=21 28 32 31 20 20 26 22 29
leaf_count=21 28 32 31 20 20 26 22 29
internal_value=0 -0.000461538 -0.000920454 -0.00153781 -0.00245455 -0.00317647 -0.002 0.000368421
internal_weight=0 208 176 119 88 68 48 57
internal_count=229 208 176 119 88 68 48 57
is_linear=0
shrinkage=0.03


Tree=156
num_leaves=10
num_cat=0
split_feature=0 3 3 4 1 4 4 4 3
split_gain=0.287218 0.211722 0.245578 0.251672 0.189037 0.227939 0.389401 0.182191 0.1
threshold=0.027950000000000003 0.18280000000000005 0.019650000000000004 0.024850000000000004 0.024300000000000006 0.063300000000000009 0.20675000000000002 0.013050000000000001 0.2829000000000001
decision_type=2 2 2 2 2 2 2 2 2
left_child=-1 2 3 7 -4 -6 -7 -2 -3
right_child=1 8 4 -5 5 6 -8 -9 -10
leaf_value=-0.00091987754717338032 0.0035780432554263163 0.0021040177974355713 -0.00083038044576901255 0.012685685799645905 -0.0012181540573648867 0.00082830065906075868 -0.00015922217352475982 -0.0038966011970919109 8.0253053711164469e-05
leaf_weight=21 27 20 20 23 22 31 25 20 20
leaf_count=21 27 20 20 23 22 31 25 20 20
internal_value=0 -0.000461538 -0.000928571 0.000428572 -0.00189796 -0.00123077 -0.000214286 -0.000829787 0.0015
internal_weight=0 208 168 70 98 78 56 47 40
internal_count=229 208 168 70 98 78 56 47 40
is_linear=0
shrinkage=0.03


Tree=157
num_leaves=8
num_cat=0
split_feature=0 2 0 0 3 4 4
split_gain=0.358703 0.183785 0.159235 0.311024 0.315119 0.324022 0.271022
threshold=0.027950000000000003 0.00045000000000000004 0.38355000000000006 0.61930000000000007 0.052500000000000012 0.021800000000000003 0.37555000000000005
decision_type=2 2 2 2 2 2 2
left_child=-1 2 6 -4 5 -5 -2
right_child=1 -3 3 4 -6 -7 -8
leaf_value=-0.00089228122075817907 7.1924011305529563e-05 0.00093627170874791942 -0.00022583652247106005 0.0034754700618735892 0.0038864546925791088 -0.0019384372379030975 -0.00084182192040592669
leaf_weight=21 28 32 32 38 22 27 29
leaf_count=21 28 32 32 38 22 27 29
internal_value=0 -2.8846e-05 -0.000409091 -0.00103361 -0.000103448 -0.00115385 0.000894737
internal_weight=0 208 176 119 87 65 57
internal_count=229 208 176 119 87 65 57
is_linear=0
shrinkage=0.03


Tree=158
num_leaves=9
num_cat=0
split_feature=0 0 4 4 1 1 3 0
split_gain=0.310165 0.25582 0.454815 0.277323 0.108798 0.157298 0.0455477 0.025
threshold=0.027950000000000003 0.38355000000000006 0.077550000000000022 0.37555000000000005 0.043150000000000001 0.11500000000000002 0.0074000000000000012 0.57005000000000006
decision_type=2 2 2 2 2 2 2 2
left_child=-1 3 4 -2 6 -6 -3 -4
right_child=1 2 7 -5 5 -7 -8 -9
leaf_value=-0.00086551278413543522 0.00033579739984851187 0.0019486840326711373 -6.9734641087524872e-06 -0.00023514948096805172 -0.0029034372019634586 0.002819630347616643 0.003460811349690879 -0.00055913387127595076
leaf_weight=21 36 20 20 31 20 34 27 20
leaf_count=21 36 20 20 31 20 34 27 20
internal_value=0 -0.000317308 -0.00104255 0.00120896 2.97031e-05 -0.000888889 0.00108511 -0.00375
internal_weight=0 208 141 67 101 54 47 40
internal_count=229 208 141 67 101 54 47 40
is_linear=0
shrinkage=0.03


Tree=159
num_leaves=8
num_cat=0
split_feature=0 2 0 4 3 3 4
split_gain=0.265153 0.230907 0.173556 0.335377 0.211972 0.25641 0.148842
threshold=0.027950000000000003 0.00065000000000000008 0.38355000000000006 0.014350000000000002 0.11230000000000001 0.037750000000000006 0.37555000000000005
decision_type=2 2 2 2 2 2 2
left_child=-1 2 6 -4 5 -5 -2
right_child=1 -3 3 4 -6 -7 -8
leaf_value=-0.00083954740061137388 5.969236897090925e-05 0.001695030117223135 0.00332704976585808 -0.0017709486770302286 -9.1016065913497585e-05 0.0050219468959907844 -0.00080951277836470751
leaf_weight=21 28 28 31 39 27 26 29
leaf_count=21 28 28 31 39 27 26 29
internal_value=0 -0.000605769 -0.001 -0.00163415 -0.00254348 -0.00161538 0.000368421
internal_weight=0 208 180 123 92 65 57
internal_count=229 208 180 123 92 65 57
is_linear=0
shrinkage=0.03


Tree=160
num_leaves=9
num_cat=0
split_feature=1 4 4 1 4 1 1 3
split_gain=0.201424 0.287162 0.415123 0.251324 0.359542 0.228571 0.198348 0.182002
threshold=0.25150000000000006 0.021800000000000003 0.047750000000000008 0.033950000000000008 0.40630000000000005 0.44870000000000004 0.093100000000000002 0.0074000000000000012
decision_type=2 2 2 2 2 2 2 2
left_child=1 7 -3 4 -4 -2 -5 -1
right_child=5 2 3 6 -6 -7 -8 -9
leaf_value=-0.00210798745544527 0.0021885258114800622 -0.00185329666791756 -0.00068888167203184632 0.00056306316711565642 0.0011928151299401475 -8.4412191268141781e-06 -0.00021684196004494708 0.0090011793265330677
leaf_weight=23 24 25 31 29 22 21 34 20
leaf_count=23 24 25 31 29 22 21 34 20
internal_value=0 -0.00123913 -0.00189362 -0.00113793 -0.00266038 0.001 0.000142857 0.000906977
internal_weight=0 184 141 116 53 45 63 43
internal_count=229 184 141 116 53 45 63 43
is_linear=0
shrinkage=0.03


Tree=161
num_leaves=9
num_cat=0
split_feature=1 0 1 4 3 2 4 3
split_gain=0.249372 0.298434 0.291149 0.182784 0.284378 0.179649 0.160952 0.1
threshold=0.018850000000000002 0.85910000000000009 0.03815000000000001 0.039900000000000012 0.011450000000000002 0.00045000000000000004 0.20365000000000003 0.12600000000000003
decision_type=2 2 2 2 2 2 2 2
left_child=1 -1 -2 4 -4 6 -5 -8
right_child=2 -3 3 5 -6 -7 7 -9
leaf_value=-0.0011129166925757071 8.7684484755234417e-05 0.0054828686998214327 0.0006083718873342765 0.0016311368210002401 -0.0028910149117973459 0.0018441635867452492 -0.00017546311274194338 0.0010120336038431607
leaf_weight=36 30 25 23 35 20 20 20 20
leaf_count=36 30 25 23 35 20 20 20 20
internal_value=0 -0.00191803 0.000321429 -0.000260869 -0.00188372 0.000473684 -0.0002 -0.0015
internal_weight=0 61 168 138 43 95 75 40
internal_count=229 61 168 138 43 95 75 40
is_linear=0
shrinkage=0.03


Tree=162
num_leaves=8
num_cat=0
split_feature=1 1 0 2 3 4 0
split_gain=0.211189 0.331263 0.298434 0.208992 0.237213 0.234415 0.168415
threshold=0.018850000000000002 0.03815000000000001 0.85910000000000009 0.00045000000000000004 0.014050000000000002 0.24220000000000003 0.61050000000000015
decision_type=2 2 2 2 2 2 2
left_child=2 -2 -1 4 -3 6 -6
right_child=1 3 -4 -5 5 -7 -8
leaf_value=-0.0010795291917984349 8.5053950212577866e-05 0.00030814749028852922 0.005318382638826784 0.0013903784481722069 -0.00030610646308996438 0.00023072386779879973 -0.00067087790267051045
leaf_weight=36 30 32 25 27 22 31 26
leaf_count=36 30 32 25 27 22 31 26
internal_value=0 0.000142857 -0.00191803 -0.000478261 -0.00105405 -0.00193671 -0.00325
internal_weight=0 168 61 138 111 79 48
internal_count=229 168 61 138 111 79 48
is_linear=0
shrinkage=0.03


Tree=163
num_leaves=8
num_cat=0
split_feature=1 0 1 2 3 3 3
split_gain=0.249372 0.298434 0.291149 0.172368 0.182019 0.320753 0.0612245
threshold=0.018850000000000002 0.85910000000000009 0.03815000000000001 0.00045000000000000004 0.014050000000000002 0.052500000000000012 0.11275000000000002
decision_type=2 2 2 2 2 2 2
left_child=1 -1 -2 4 -4 -6 -7
right_child=2 -3 3 -5 5 6 -8
leaf_value=-0.001047143316044482 8.2502331706200394e-05 0.0051588311596619807 0.00029890306557987713 0.0013486670947270396 -0.0027841581176182881 -3.2492127579638917e-05 0.00077867310020902751
leaf_weight=36 30 25 32 27 30 21 28
leaf_count=36 30 25 32 27 30 21 28
internal_value=0 -0.00191803 0.000321429 -0.000260869 -0.000783784 -0.00155696 -6.12244e-05
internal_weight=0 61 168 138 111 79 49
internal_count=229 61 168 138 111 79 49
is_linear=0
shrinkage=0.03


Tree=164
num_leaves=8
num_cat=0
split_feature=1 0 1 2 1 3 1
split_gain=0.249372 0.298434 0.291149 0.172368 0.206935 0.189426 0.219402
threshold=0.018850000000000002 0.85910000000000009 0.03815000000000001 0.00045000000000000004 0.06975000000000002 0.014050000000000002 0.21895000000000001
decision_type=2 2 2 2 2 2 2
left_child=1 -1 -2 4 -4 -6 -7
right_child=2 -3 3 -5 5 6 -8
leaf_value=-0.0010157290165631471 8.0027261755014485e-05 0.0050040662248721224 -0.001896160103566134 0.0013082070818852287 0.0078673164547393478 0.0037312685772718014 -0.0012256046048872882
leaf_weight=36 30 25 24 27 28 28 31
leaf_count=36 30 25 24 27 28 28 31
internal_value=0 -0.00191803 0.000321429 -0.000260869 -0.000783784 -0.000103448 -0.0010678
internal_weight=0 61 168 138 111 87 59
internal_count=229 61 168 138 111 87 59
is_linear=0
shrinkage=0.03


Tree=165
num_leaves=10
num_cat=0
split_feature=0 3 4 0 0 3 3 1 1
split_gain=0.384295 0.236364 0.230772 0.171948 0.282964 0.137268 0.0812033 0.0747419 0.0272727
threshold=0.027950000000000003 0.11425 0.20675000000000002 0.78655000000000019 0.87995000000000012 0.028950000000000004 0.0074000000000000012 0.018850000000000002 0.076250000000000012
decision_type=2 2 2 2 2 2 2 2 2
left_child=-1 2 3 5 -5 -2 -6 -3 -9
right_child=1 7 -4 4 6 -7 -8 8 -10
leaf_value=-0.00072248588809665506 0.01089226483840431 0.0012749257401980486 -0.00047212042922014789 -0.0014113024715565767 -0.0059269733272480181 0.0010605834829547976 0.0038607877634568833 1.8317678874829901e-05 0.0017196027723782982
leaf_weight=21 29 21 24 22 23 23 22 24 20
leaf_count=21 29 21 24 22 23 23 22 24 20
internal_value=0 0.000115385 -0.000566433 -2.521e-05 -0.00102985 0.00126923 0.000333333 0.00161538 0.00231818
internal_weight=0 208 143 119 67 52 45 65 44
internal_count=229 208 143 119 67 52 45 65 44
is_linear=0
shrinkage=0.03


Tree=166
num_leaves=8
num_cat=0
split_feature=0 2 0 4 4 4 4
split_gain=0.358703 0.183785 0.159235 0.271022 0.205044 0.292891 0.298862
threshold=0.027950000000000003 0.00045000000000000004 0.38355000000000006 0.37555000000000005 0.014350000000000002 0.039900000000000012 0.077550000000000022
decision_type=2 2 2 2 2 2 2
left_child=-1 2 3 -2 -4 -6 -7
right_child=1 -3 4 -5 5 6 -8
leaf_value=-0.00070081131145375566 9.0981958361949683e-05 0.00057106590801284964 0.0028393626343081813 -0.00093815070649706398 -0.0034002610118898258 0.0037991542953447802 -0.00024570664820006225
leaf_weight=21 28 32 31 29 29 26 33
leaf_count=21 28 32 31 29 29 26 33
internal_value=0 -2.8846e-05 -0.000409091 0.000894737 -0.00103361 -0.00177273 -0.000559322
internal_weight=0 208 176 57 119 88 59
internal_count=229 208 176 57 119 88 59
is_linear=0
shrinkage=0.03


Tree=167
num_leaves=9
num_cat=0
split_feature=0 3 4 1 0 0 4 0
split_gain=0.358703 0.28576 0.200438 0.260175 0.232687 0.356735 0.333333 0.025
threshold=0.027950000000000003 0.18280000000000005 0.014350000000000002 0.25150000000000006 0.85910000000000009 0.72525000000000006 0.20675000000000002 0.2109
decision_type=2 2 2 2 2 2 2 2
left_child=-1 2 -2 4 5 6 -4 -3
right_child=1 7 3 -5 -6 -7 -8 -9
leaf_value=-0.00067978697211014405 0.0027259393009739273 0.0011926343833352036 0.0056672443313494541 0.00012395379522163951 0.0080379693965467285 -0.001137193151468603 -0.00043103649430185957 7.9327342734710155e-05
leaf_weight=21 37 20 21 33 25 24 28 20
leaf_count=21 37 20 21 33 25 24 28 20
internal_value=0 -2.8846e-05 -0.000571428 -0.00112214 -0.00189796 -0.00275342 -0.00128571 0.00225
internal_weight=0 208 168 131 98 73 49 40
internal_count=229 208 168 131 98 73 49 40
is_linear=0
shrinkage=0.03


Tree=168
num_leaves=9
num_cat=0
split_feature=0 3 2 4 1 1 1 0
split_gain=0.384295 0.250733 0.1861 0.212298 0.211842 0.506674 0.0343027 0.025
threshold=0.027950000000000003 0.18280000000000005 0.00045000000000000004 0.014350000000000002 0.03815000000000001 0.12140000000000002 0.28480000000000005 0.2109
decision_type=2 2 2 2 2 2 2 2
left_child=-1 2 3 -2 -5 -6 -7 -3
right_child=1 7 -4 4 5 6 -8 -9
leaf_value=-0.00065939336294684021 0.0026229792923881273 0.0011568553518351483 0.00040695279095496898 4.1314140787813737e-05 -0.0009862448386407591 -0.0017995963334506743 1.9463229176506653e-05 7.6947522452669228e-05
leaf_weight=21 34 20 27 35 28 21 23 20
leaf_count=21 34 20 27 35 28 21 23 20
internal_value=0 0.000115385 -0.000392857 -0.000829787 -0.00148598 -0.00241667 -0.000409091 0.00225
internal_weight=0 208 168 141 107 72 44 40
internal_count=229 208 168 141 107 72 44 40
is_linear=0
shrinkage=0.03


Tree=169
num_leaves=9
num_cat=0
split_feature=0 3 2 1 1 1 3 0
split_gain=0.358703 0.28576 0.216368 0.155553 0.318287 0.308725 0.12833 0.025
threshold=0.027950000000000003 0.18280000000000005 0.00045000000000000004 0.03815000000000001 0.013800000000000002 0.12140000000000002 0.014050000000000002 0.2109
decision_type=2 2 2 2 2 2 2 2
left_child=-1 2 3 4 -2 -5 -7 -3
right_child=1 7 -4 5 -6 6 -8 -9
leaf_value=-0.00063961156205843473 -0.00048076978658334596 0.0011221496912800931 0.0003947442072263211 -0.000320082806344405 0.0030491547050927733 0.01322377315597865 -0.00042265718885403533 7.4639096779088651e-05
leaf_weight=21 32 20 27 34 22 20 33 20
leaf_count=21 32 20 27 34 22 20 33 20
internal_value=0 -2.8846e-05 -0.000571428 -0.00104255 0.000222222 -0.00182759 -0.000396226 0.00225
internal_weight=0 208 168 141 54 87 53 40
internal_count=229 208 168 141 54 87 53 40
is_linear=0
shrinkage=0.03


Tree=170
num_leaves=9
num_cat=0
split_feature=0 3 2 4 1 0 1 0
split_gain=0.310165 0.362683 0.283744 0.295251 0.245005 0.293088 0.191304 0.025
threshold=0.027950000000000003 0.18280000000000005 0.00045000000000000004 0.16300000000000003 0.043150000000000001 0.73990000000000011 0.013800000000000002 0.2109
decision_type=2 2 2 2 2 2 2 2
left_child=-1 2 3 4 6 -6 -2 -3
right_child=1 7 -4 -5 5 -7 -8 -9
leaf_value=-0.00062042321519668322 0.00033977788652741353 0.00108848520054169 0.00038290188100953225 -0.00030023776886395576 1.1781537134553234e-05 -0.0031218747687121371 0.0036494557303136232 7.2399923875716485e-05
leaf_weight=21 23 20 27 35 37 24 22 20
leaf_count=21 23 20 27 35 37 24 22 20
internal_value=0 -0.000317308 -0.000928571 -0.00146808 -0.000679245 -0.00191803 0.001 0.00225
internal_weight=0 208 168 141 106 61 45 40
internal_count=229 208 168 141 106 61 45 40
is_linear=0
shrinkage=0.03


Tree=171
num_leaves=9
num_cat=0
split_feature=0 1 4 0 2 3 3 3
split_gain=0.310165 0.221612 0.452246 1.17993 0.166896 0.143054 0.139682 0.358518
threshold=0.027950000000000003 0.046600000000000009 0.091450000000000017 0.45270000000000005 0.00045000000000000004 0.0074000000000000012 0.05390000000000001 0.014050000000000002
decision_type=2 2 2 2 2 2 2 2
left_child=-1 2 5 -4 6 -2 7 -3
right_child=1 4 3 -5 -6 -7 -8 -9
leaf_value=-0.00060181051874078138 -0.007902581119205743 0.011478572141491122 0.0002290115407117297 -0.00026214476192648221 0.0015947173784653644 0.0023575992215177565 0.00074777843728881057 -0.00184003420046131
leaf_weight=21 21 24 26 20 21 29 38 29
leaf_count=21 21 24 26 20 21 29 38 29
internal_value=0 -0.000317308 -0.001375 -0.00352174 0.000589286 0.0006 3.29671e-05 -0.000962264
internal_weight=0 208 96 46 112 50 91 53
internal_count=229 208 96 46 112 50 91 53
is_linear=0
shrinkage=0.03


Tree=172
num_leaves=9
num_cat=0
split_feature=0 3 2 3 4 1 4 1
split_gain=0.287218 0.251728 0.23551 0.212373 0.152384 0.152507 0.277582 0.204545
threshold=0.027950000000000003 0.23725000000000004 0.00065000000000000008 0.13455000000000003 0.20675000000000002 0.043150000000000001 0.039900000000000012 0.013800000000000002
decision_type=2 2 2 2 2 2 2 2
left_child=-1 2 3 4 5 7 -7 -2
right_child=1 -3 -4 -5 -6 6 -8 -9
leaf_value=-0.00058375620317855877 7.6825270009111678e-05 0.00039926719971823367 0.0010113399032838737 -2.4775411876976643e-05 -0.00038650424165493811 -0.003061167779102634 0.0028213471637538179 0.0034692440817586812
leaf_weight=21 22 31 25 21 25 34 28 22
leaf_count=21 22 31 25 21 25 34 28 22
internal_value=0 -0.000461538 -0.000898305 -0.00134211 -0.00089313 -0.000396226 -0.00135484 0.000954546
internal_weight=0 208 177 152 131 106 62 44
internal_count=229 208 177 152 131 106 62 44
is_linear=0
shrinkage=0.03


Tree=173
num_leaves=10
num_cat=0
split_feature=1 0 4 3 3 4 0 0 0
split_gain=0.308524 0.591096 0.946746 0.232363 0.312375 0.16224 0.107375 0.0450932 0.0267442
threshold=0.031800000000000009 0.85910000000000009 0.40630000000000005 0.028950000000000004 0.014050000000000002 0.20365000000000003 0.78655000000000019 0.18435000000000004 0.72205000000000008
decision_type=2 2 2 2 2 2 2 2 2
left_child=1 2 -1 4 6 8 -2 -7 -5
right_child=3 -3 -4 5 -6 7 -8 -9 -10
leaf_value=-0.00071537810887877516 0.013427086841230222 0.0028139764533920328 0.0011202069987505646 0.0020074555891952976 -0.0019197824353220665 0.00033830719224587475 -0.00054975967068506459 -1.2643598821746088e-05 0.00025433339124104627
leaf_weight=27 21 30 22 23 20 25 20 21 20
leaf_count=27 21 30 22 23 20 25 20 21 20
internal_value=0 -0.00231646 -0.00434694 1.11759e-10 -0.00142623 0.000977528 7.31708e-05 -0.000260869 0.00230233
internal_weight=0 79 49 150 61 89 41 46 43
internal_count=229 79 49 150 61 89 41 46 43
is_linear=0
shrinkage=0.03


Tree=174
num_leaves=9
num_cat=0
split_feature=0 2 3 3 1 4 0 4
split_gain=0.333993 0.215954 0.248874 0.502045 0.253461 0.111111 0.0909091 0.0650313
threshold=0.027950000000000003 1.0000000180025095e-35 0.052500000000000012 0.019650000000000004 0.039200000000000006 0.12435000000000002 0.45270000000000005 0.014350000000000002
decision_type=2 2 2 2 2 2 2 2
left_child=-1 2 3 7 6 -3 -4 -2
right_child=1 5 4 -5 -6 -7 -8 -9
leaf_value=-0.00059984973620417234 0.0024425031621562415 0.00095474054108456651 0.00010569835490860084 -0.001958632873003162 0.00032501526384759471 0.00024192959008643313 -1.129494309053881e-05 -0.0012942458161509843
leaf_weight=21 27 25 22 25 39 20 22 28
leaf_count=21 27 25 22 25 39 20 22 28
internal_value=0 -0.000173077 -0.000680981 -0.001875 0.00046988 0.00166667 -0.00109091 -0.000272727
internal_weight=0 208 163 80 83 45 44 55
internal_count=229 208 163 80 83 45 44 55
is_linear=0
shrinkage=0.03


Tree=175
num_leaves=8
num_cat=0
split_feature=0 0 4 4 4 4 0
split_gain=0.310165 0.25582 0.454815 0.277323 0.199302 0.321615 0.025
threshold=0.027950000000000003 0.38355000000000006 0.077550000000000022 0.37555000000000005 0.039900000000000012 0.014350000000000002 0.57005000000000006
decision_type=2 2 2 2 2 2 2
left_child=-1 3 4 -2 5 -3 -4
right_child=1 2 6 -5 -6 -7 -8
leaf_value=-0.00058185424411804655 0.00018030634254348561 0.0025438410726993993 -1.455527228972984e-05 -0.00036326206100382758 0.0019577481176437667 -0.0026429272308704987 -0.00026700684084434204
leaf_weight=21 36 34 20 31 31 36 20
leaf_count=21 36 34 20 31 31 36 20
internal_value=0 -0.000317308 -0.00104255 0.00120896 2.97031e-05 -0.000857143 -0.00375
internal_weight=0 208 141 67 101 70 40
internal_count=229 208 141 67 101 70 40
is_linear=0
shrinkage=0.03


Tree=176
num_leaves=9
num_cat=0
split_feature=0 0 4 1 1 4 3 0
split_gain=0.310165 0.25582 0.454815 0.280193 0.278018 0.277323 0.114894 0.025
threshold=0.027950000000000003 0.38355000000000006 0.077550000000000022 0.043150000000000001 0.12140000000000002 0.37555000000000005 0.0074000000000000012 0.57005000000000006
decision_type=2 2 2 2 2 2 2 2
left_child=-1 5 3 6 -5 -2 -3 -4
right_child=1 2 7 4 -6 -7 -8 -9
leaf_value=-0.00056439861679450493 0.00017489715226718023 0.001161880755500629 -1.4118614121038134e-05 -0.0019895891709760072 0.0096773823227063807 -0.00035236419917371396 0.0022929128351105782 -0.00025899663561901147
leaf_weight=21 36 20 20 21 33 31 27 20
leaf_count=21 36 20 20 21 33 31 27 20
internal_value=0 -0.000317308 -0.00104255 2.97031e-05 -0.00144444 0.00120896 0.0017234 -0.00375
internal_weight=0 208 141 101 54 67 47 40
internal_count=229 208 141 101 54 67 47 40
is_linear=0
shrinkage=0.03


Tree=177
num_leaves=8
num_cat=0
split_feature=0 2 0 0 4 3 4
split_gain=0.384295 0.159309 0.120322 0.376126 0.271022 0.248983 0.178153
threshold=0.027950000000000003 0.00045000000000000004 0.38355000000000006 0.61930000000000007 0.37555000000000005 0.052500000000000012 0.021800000000000003
decision_type=2 2 2 2 2 2 2
left_child=-1 2 4 -4 -2 6 -5
right_child=1 -3 3 5 -6 -7 -8
leaf_value=-0.00054746665829067092 4.7887709260424925e-05 0.00039550647486447658 -0.00021108246148461701 0.002253723582655816 -0.00086387003960782113 0.003054877740652297 -0.0019561101694355841
leaf_weight=21 28 32 32 38 29 22 27
leaf_count=21 28 32 32 38 29 22 27
internal_value=0 0.000115385 -0.000238636 -0.000781512 0.000894737 0.000241379 -0.000692308
internal_weight=0 208 176 119 57 87 65
internal_count=229 208 176 119 57 87 65
is_linear=0
shrinkage=0.03


Tree=178
num_leaves=9
num_cat=0
split_feature=0 0 4 4 1 1 3 0
split_gain=0.310165 0.25582 0.454815 0.277323 0.108798 0.157298 0.0455477 0.025
threshold=0.027950000000000003 0.38355000000000006 0.077550000000000022 0.37555000000000005 0.043150000000000001 0.11500000000000002 0.0074000000000000012 0.57005000000000006
decision_type=2 2 2 2 2 2 2 2
left_child=-1 3 4 -2 6 -6 -3 -4
right_child=1 2 7 -5 5 -7 -8 -9
leaf_value=-0.00053104265854195167 0.00016299932439339825 0.0010594126253559379 -7.3625818528689019e-06 -0.00031587717201026627 -0.0019860282654367853 0.0026588110124190706 0.002156513742577585 -0.0002448942627058999
leaf_weight=21 36 20 20 31 20 34 27 20
leaf_count=21 36 20 20 31 20 34 27 20
internal_value=0 -0.000317308 -0.00104255 0.00120896 2.97031e-05 -0.000888889 0.00108511 -0.00375
internal_weight=0 208 141 67 101 54 47 40
internal_count=229 208 141 67 101 54 47 40
is_linear=0
shrinkage=0.03


Tree=179
num_leaves=8
num_cat=0
split_feature=2 4 4 4 3 3 4
split_gain=0.298256 0.283502 0.539477 0.1 0.0974991 0.240196 0.224359
threshold=0.00045000000000000004 0.20365000000000003 0.38120000000000004 0.51200000000000012 0.052500000000000012 0.019650000000000004 0.024100000000000003
decision_type=2 2 2 2 2 2 2
left_child=1 4 -3 -4 5 6 -1
right_child=-2 2 3 -5 -6 -7 -8
leaf_value=-0.0048740254370684471 0.00027130154381337833 -0.00040863154625315129 0.0010600602760759388 -0.00075527868630231756 3.1159834040857094e-05 -0.0012486952360676146 0.012118473887730625
leaf_weight=39 35 33 20 20 36 25 21
leaf_count=39 35 33 20 20 36 25 21
internal_value=0 -0.000865979 -0.00234247 1.11759e-10 2.47935e-05 -0.000529412 0.0005
internal_weight=0 194 73 40 121 85 60
internal_count=229 194 73 40 121 85 60
is_linear=0
shrinkage=0.03


Tree=180
num_leaves=8
num_cat=0
split_feature=0 0 4 4 4 4 0
split_gain=0.310165 0.25582 0.454815 0.277323 0.199302 0.321615 0.025
threshold=0.027950000000000003 0.38355000000000006 0.077550000000000022 0.37555000000000005 0.039900000000000012 0.014350000000000002 0.57005000000000006
decision_type=2 2 2 2 2 2 2
left_child=-1 3 4 -2 5 -3 -4
right_child=1 2 6 -5 -6 -7 -8
leaf_value=-0.00049245301850654938 0.00015357242361805116 0.0024327053008786183 -9.7280730948781954e-06 -0.00029414191243203166 0.0017455286329790319 -0.0023482267286869052 -0.00022528848843712826
leaf_weight=21 36 34 20 31 31 36 20
leaf_count=21 36 34 20 31 31 36 20
internal_value=0 -0.000317308 -0.00104255 0.00120896 2.97031e-05 -0.000857143 -0.00375
internal_weight=0 208 141 67 101 70 40
internal_count=229 208 141 67 101 70 40
is_linear=0
shrinkage=0.03


Tree=181
num_leaves=9
num_cat=0
split_feature=2 0 4 0 0 0 4 3
split_gain=0.362723 0.148159 0.22031 0.19896 0.464017 0.237717 0.205782 0.134444
threshold=0.00045000000000000004 0.85910000000000009 0.039900000000000012 0.43025000000000008 0.2109 0.61930000000000007 0.40630000000000005 0.008550000000000002
decision_type=2 2 2 2 2 2 2 2
left_child=1 2 -1 4 6 -5 -4 -3
right_child=-2 7 3 5 -6 -7 -8 -9
leaf_value=-0.001137903023218002 0.00023513380122655179 -0.0075230543289214842 -0.00095855381960232048 -0.00016641645958997433 0.00090624917042352537 0.0010172317889648977 0.00063109004884279564 0.0042272235454704774
leaf_weight=25 35 20 21 23 27 25 28 25
leaf_count=25 35 20 21 23 27 25 28 25
internal_value=0 -0.00117526 -0.00163087 -0.0011129 -0.000157895 -0.002625 -0.00189796 0.000333333
internal_weight=0 194 149 124 76 48 49 45
internal_count=229 194 149 124 76 48 49 45
is_linear=0
shrinkage=0.03


Tree=182
num_leaves=8
num_cat=0
split_feature=2 4 4 4 4 0 4
split_gain=0.319365 0.280002 0.211985 0.308547 0.355556 0.1 0.0886447
threshold=0.00065000000000000008 0.014350000000000002 0.42755000000000004 0.20365000000000003 0.039900000000000012 0.30040000000000006 0.11175000000000002
decision_type=2 2 2 2 2 2 2
left_child=1 -1 3 4 -3 -5 -6
right_child=-2 2 -4 5 6 -7 -8
leaf_value=0.00194944684786801 0.00024103398526775904 -0.0030834272049084384 0.00059720666311191203 -0.0012122463736614149 -1.6296577695323491e-05 -4.7328671315965807e-05 4.9728341853814546e-05
leaf_weight=34 31 30 34 20 39 20 21
leaf_count=34 31 30 34 20 39 20 21
internal_value=0 -0.00124242 -0.0017561 -0.00230769 -0.00133333 -0.0045 1.11759e-10
internal_weight=0 198 164 130 90 40 60
internal_count=229 198 164 130 90 40 60
is_linear=0
shrinkage=0.03


Tree=183
num_leaves=8
num_cat=0
split_feature=2 1 4 0 3 0 1
split_gain=0.262993 0.142358 0.237627 0.394911 0.156358 0.191212 0.0888067
threshold=0.00065000000000000008 0.0054500000000000009 0.014350000000000002 0.72525000000000006 0.044550000000000006 0.45270000000000005 0.11500000000000002
decision_type=2 2 2 2 2 2 2
left_child=1 -1 -3 4 -4 6 -6
right_child=-2 2 3 -5 5 -7 -8
leaf_value=-0.0029221512931844741 0.00023380296570972632 0.0025228781379144898 -0.00053108686636034648 -0.0010112630952955231 0.0006633607146378053 -1.3632773047313362e-05 2.4852076933814037e-05
leaf_weight=31 31 28 30 35 24 27 23
leaf_count=31 31 28 30 35 24 27 23
internal_value=0 -0.000939394 -0.000592814 -0.00110072 -0.000173077 0.000567568 0.0017234
internal_weight=0 198 167 139 104 74 47
internal_count=229 198 167 139 104 74 47
is_linear=0
shrinkage=0.03


Tree=184
num_leaves=9
num_cat=0
split_feature=0 2 3 0 1 3 3 1
split_gain=0.333993 0.210009 0.188366 0.200556 0.426667 0.163333 0.134444 0.0446083
threshold=0.027950000000000003 0.00045000000000000004 0.11425 0.85910000000000009 0.12140000000000002 0.014050000000000002 0.008550000000000002 0.024900000000000002
decision_type=2 2 2 2 2 2 2 2
left_child=-1 2 3 4 -2 -6 -5 -4
right_child=1 -3 7 6 5 -7 -8 -9
leaf_value=-0.000426863789613207 -0.00030928208821172674 0.00034470595929767428 0.0004920243302664408 -0.0071838879449606799 0.01201449026656058 -0.00051515426036953494 0.0040322357113389143 5.0897817025083729e-07
leaf_weight=21 25 32 25 20 20 30 25 31
leaf_count=21 25 32 25 20 20 30 25 31
internal_value=0 -0.000173077 -0.000579545 -0.00125 -0.0022 -0.0006 0.000333333 0.000857143
internal_weight=0 208 176 120 75 50 45 56
internal_count=229 208 176 120 75 50 45 56
is_linear=0
shrinkage=0.03


Tree=185
num_leaves=8
num_cat=0
split_feature=2 1 1 4 0 1 4
split_gain=0.298256 0.154365 0.264659 0.218227 0.217503 0.172024 0.150213
threshold=0.00045000000000000004 0.0054500000000000009 0.03815000000000001 0.091450000000000017 0.73990000000000011 0.44870000000000004 0.20365000000000003
decision_type=2 2 2 2 2 2 2
left_child=1 -1 3 -3 5 6 -4
right_child=-2 2 4 -5 -6 -7 -8
leaf_value=-0.0028252082915848991 0.00020349349988150212 0.0027940299263167871 0.0060397106173447354 -1.9715922871306645e-06 -0.0021131933520944202 -0.00027555481625894565 -8.5119344873320151e-05
leaf_weight=31 35 29 27 23 27 20 37
leaf_count=31 35 29 27 23 27 20 37
internal_value=0 -0.000865979 -0.000496932 0.00126923 -0.00132432 -0.000571428 0.0001875
internal_weight=0 194 163 52 111 84 64
internal_count=229 194 163 52 111 84 64
is_linear=0
shrinkage=0.03


Tree=186
num_leaves=8
num_cat=0
split_feature=2 1 4 4 3 0 1
split_gain=0.298256 0.154365 0.22099 0.431165 0.188092 0.150907 0.0888067
threshold=0.00045000000000000004 0.0054500000000000009 0.014350000000000002 0.039900000000000012 0.044550000000000006 0.45270000000000005 0.11500000000000002
decision_type=2 2 2 2 2 2 2
left_child=1 -1 -3 -4 -5 6 -6
right_child=-2 2 3 4 5 -7 -8
leaf_value=-0.0027404520428373521 0.00019738869488505605 0.002477942434967476 -0.0031708315981148665 -0.00027329994565906713 0.00064425210148094409 -4.0127384536631025e-06 4.3257335798687565e-05
leaf_weight=31 35 28 29 29 24 30 23
leaf_count=31 35 28 29 29 24 30 23
internal_value=0 -0.000865979 -0.000496932 -0.001 -0.000113207 0.000662338 0.0017234
internal_weight=0 194 163 135 106 77 47
internal_count=229 194 163 135 106 77 47
is_linear=0
shrinkage=0.03


Tree=187
num_leaves=8
num_cat=0
split_feature=0 2 3 3 3 4 3
split_gain=0.358703 0.183785 0.14632 0.249314 0.192063 0.155172 0.11297
threshold=0.027950000000000003 0.00045000000000000004 0.11425 0.019650000000000004 0.27420000000000005 0.016650000000000002 0.05390000000000001
decision_type=2 2 2 2 2 2 2
left_child=-1 2 3 5 -4 -2 -5
right_child=1 -3 4 6 -6 -7 -8
leaf_value=-0.0002530774002308446 -0.0048104766581626998 0.00032233831467574751 3.9547610751461408e-05 -0.0012723769236414823 -3.9696782306616931e-06 0.010350019325543438 -3.3547400410117615e-05
leaf_weight=21 29 32 36 32 20 29 30
leaf_count=21 29 32 36 32 20 29 30
internal_value=0 -2.8846e-05 -0.000409091 -0.001 0.000857143 0.000413793 -0.00232258
internal_weight=0 208 176 120 56 58 62
internal_count=229 208 176 120 56 58 62
is_linear=0
shrinkage=0.03


Tree=188
num_leaves=8
num_cat=0
split_feature=2 3 3 4 4 1 1
split_gain=0.262993 0.192815 0.343636 0.465461 0.206617 0.293393 0.0581731
threshold=0.00065000000000000008 0.30785000000000007 0.18280000000000005 0.20365000000000003 0.039900000000000012 0.043150000000000001 0.21895000000000001
decision_type=2 2 2 2 2 2 2
left_child=1 2 3 4 5 -1 -6
right_child=-2 -3 -4 -5 6 -7 -8
leaf_value=0.0018578991259188566 0.00019475108267623449 -0.00049829821923489553 0.0026016552838221468 -0.00024069361389501639 0.00028044188251992062 -0.0023482912269310514 8.8844433586926676e-05
leaf_weight=29 31 23 21 39 32 34 20
leaf_count=29 31 23 21 39 32 34 20
internal_value=0 -0.000939394 -0.0006 -0.00109091 -0.000130435 -0.00128571 0.00126923
internal_weight=0 198 175 154 115 63 52
internal_count=229 198 175 154 115 63 52
is_linear=0
shrinkage=0.03


Tree=189
num_leaves=8
num_cat=0
split_feature=0 2 4 4 4 1 0
split_gain=0.333993 0.158791 0.155603 0.335539 0.166718 0.110274 0.102459
threshold=0.027950000000000003 0.00065000000000000008 0.039900000000000012 0.014350000000000002 0.37555000000000005 0.028450000000000007 0.43025000000000008
decision_type=2 2 2 2 2 2 2
left_child=-1 2 3 -2 5 -4 -7
right_child=1 -3 4 -5 -6 6 -8
leaf_value=-0.00023826426980706929 0.001727779863690587 0.0010143281105396151 1.6932238005142984e-07 -0.002827745232919726 -0.0001931999201026315 0.00066293864887316382 1.5512855195000773e-05
leaf_weight=21 34 28 23 30 32 25 36
leaf_count=21 34 28 23 30 32 25 36
internal_value=0 -0.000173077 -0.0005 -0.0016875 0.000155173 0.000857143 0.00152459
internal_weight=0 208 180 64 116 84 61
internal_count=229 208 180 64 116 84 61
is_linear=0
shrinkage=0.03


Tree=190
num_leaves=9
num_cat=0
split_feature=1 1 4 1 3 2 4 4
split_gain=0.22823 0.207827 0.241861 0.294246 0.191596 0.185846 0.1679 0.157935
threshold=0.0054500000000000009 0.44870000000000004 0.014350000000000002 0.25150000000000006 0.11425 1.0000000180025095e-35 0.065150000000000013 0.20675000000000002
decision_type=2 2 2 2 2 2 2 2
left_child=-1 2 -2 4 5 6 -4 -6
right_child=1 -3 3 -5 7 -7 -8 -9
leaf_value=-0.0024394237525658257 0.0081833194767917655 -0.00023111633788082777 -0.002487760593211214 0.0016900666267752665 -2.9583391616091037e-06 4.3223085213782309e-05 1.8008530877855476e-06 0.0010367794549185079
leaf_weight=32 28 21 24 24 21 24 23 32
leaf_count=32 28 21 24 24 21 24 23 32
internal_value=0 0.000106599 0.000443182 -4.05404e-05 -0.000629032 -0.00164789 -0.00274468 0.000735849
internal_weight=0 197 176 148 124 71 47 53
internal_count=229 197 176 148 124 71 47 53
is_linear=0
shrinkage=0.03


Tree=191
num_leaves=9
num_cat=0
split_feature=2 4 3 4 0 3 1 0
split_gain=0.262993 0.232546 0.545409 0.646998 0.185409 0.187835 0.242424 0.0905797
threshold=0.00065000000000000008 0.20365000000000003 0.11425 0.40630000000000005 0.47635000000000005 0.025900000000000003 0.043150000000000001 0.72525000000000006
decision_type=2 2 2 2 2 2 2 2
left_child=1 4 -3 -4 -1 6 -6 -7
right_child=-2 2 3 -5 5 7 -8 -9
leaf_value=-8.9611959246968146e-05 0.00013559176898189943 -0.00026784244593041837 -0.0005231176513012391 0.0089953562323294208 0.0015197056300603037 0.0015163449040113933 -0.0023674479276976209 2.2268004410602089e-05
leaf_weight=21 31 28 21 25 30 25 25 23
leaf_count=21 31 28 21 25 30 25 25 23
internal_value=0 -0.000939394 -0.00227027 -0.000260869 -0.000145161 0.000378641 -0.000818182 0.00175
internal_weight=0 198 74 46 124 103 55 48
internal_count=229 198 74 46 124 103 55 48
is_linear=0
shrinkage=0.03


Tree=192
num_leaves=8
num_cat=0
split_feature=0 1 4 2 3 0 0
split_gain=0.310165 0.19611 0.741838 0.262277 0.210035 0.272109 0.148659
threshold=0.027950000000000003 0.031800000000000009 0.1024 0.00045000000000000004 0.077300000000000021 0.47635000000000005 0.78655000000000019
decision_type=2 2 2 2 2 2 2
left_child=-1 2 -2 4 5 -3 -7
right_child=1 3 -4 -5 -6 6 -8
leaf_value=-0.00021614757622413839 0.00090186726701612209 -0.00026853270397865628 -0.0002301065414040902 0.0014720652940752271 0.00029572639337543147 0.0090640638980365625 -0.0017953396722749113
leaf_weight=21 37 21 35 27 39 23 26
leaf_count=21 37 21 35 27 39 23 26
internal_value=0 -0.000317308 -0.00158333 0.000352941 -0.000302752 -0.00128571 -6.12244e-05
internal_weight=0 208 72 136 109 70 49
internal_count=229 208 72 136 109 70 49
is_linear=0
shrinkage=0.03


Tree=193
num_leaves=8
num_cat=0
split_feature=2 3 4 1 1 3 3
split_gain=0.319365 0.197018 0.253778 0.406268 0.181159 0.142709 0.121906
threshold=0.00065000000000000008 0.019650000000000004 0.42755000000000004 0.033950000000000008 0.21895000000000001 0.0074000000000000012 0.11425
decision_type=2 2 2 2 2 2 2
left_child=1 5 3 -3 6 -1 -5
right_child=-2 2 -4 4 -6 -7 -8
leaf_value=-0.0015683622980948544 8.7362057090189789e-05 -2.5442487766975852e-05 0.00049232449278896505 -8.9364053748586209e-05 -0.00022415490105079066 0.0014280107116890356 0.00032676836879665398
leaf_weight=37 31 32 34 26 23 26 20
leaf_count=37 31 32 34 26 23 26 20
internal_value=0 -0.00124242 -0.00188889 -0.00264356 -0.00134783 0.000142857 -0.000260869
internal_weight=0 198 135 101 69 63 46
internal_count=229 198 135 101 69 63 46
is_linear=0
shrinkage=0.03


Tree=194
num_leaves=8
num_cat=0
split_feature=2 3 4 1 1 3 3
split_gain=0.319365 0.197018 0.253778 0.406268 0.181159 0.142709 0.121906
threshold=0.00065000000000000008 0.019650000000000004 0.42755000000000004 0.033950000000000008 0.21895000000000001 0.0074000000000000012 0.11425
decision_type=2 2 2 2 2 2 2
left_child=1 5 3 -3 6 -1 -5
right_child=-2 2 -4 4 -6 -7 -8
leaf_value=-0.0015213114291520087 8.474119537748209e-05 -2.4679213133966617e-05 0.00047755475800529611 -8.6683132136129956e-05 -0.000217430254019265 0.0013851703903383634 0.00031696531773275487
leaf_weight=37 31 32 34 26 23 26 20
leaf_count=37 31 32 34 26 23 26 20
internal_value=0 -0.00124242 -0.00188889 -0.00264356 -0.00134783 0.000142857 -0.000260869
internal_weight=0 198 135 101 69 63 46
internal_count=229 198 135 101 69 63 46
is_linear=0
shrinkage=0.03


Tree=195
num_leaves=9
num_cat=0
split_feature=0 2 4 3 0 0 3 4
split_gain=0.24397 0.257937 0.183993 0.407425 0.299574 0.178876 0.193514 0.357143
threshold=0.027950000000000003 0.00065000000000000008 0.27155000000000001 0.13455000000000003 0.2109 0.61930000000000007 0.037750000000000006 0.021800000000000003
decision_type=2 2 2 2 2 2 2 2
left_child=-1 2 3 5 -4 -2 7 -7
right_child=1 -3 4 -5 -6 6 -8 -9
leaf_value=-0.00016652097448660474 -0.00017712109216247465 0.00088814797647998784 -0.0016516990126475123 -1.2535239841896128e-05 0.0014311735382568443 0.0013436152796392352 0.0055512545990754588 -0.0022949180325709233
leaf_weight=21 30 28 25 21 22 36 26 20
leaf_count=21 30 28 25 21 22 36 26 20
internal_value=0 -0.00075 -0.00116667 -0.00173684 0.000446809 -0.00101786 -0.000292683 -0.00128571
internal_weight=0 208 180 133 47 112 82 56
internal_count=229 208 180 133 47 112 82 56
is_linear=0
shrinkage=0.03


Tree=196
num_leaves=9
num_cat=0
split_feature=2 0 1 4 4 4 3 3
split_gain=0.290495 0.178182 0.272246 0.674572 0.180556 0.191136 0.152381 0.136704
threshold=0.00065000000000000008 0.84310000000000007 0.033950000000000008 0.40630000000000005 0.063300000000000009 0.20365000000000003 0.008550000000000002 0.11425
decision_type=2 2 2 2 2 2 2 2
left_child=1 2 3 -1 -4 -6 -3 -7
right_child=-2 6 4 -5 5 7 -8 -9
leaf_value=-0.00025076059470435704 5.5554520221758605e-05 -0.0066147882866307347 -0.0011030690158211826 0.00086603467232481725 0.0033846884978109945 -0.0001171813451920094 0.00090791092376324043 0.000481021349258
leaf_weight=24 31 20 32 22 29 20 28 23
leaf_count=24 31 20 32 22 29 20 28 23
internal_value=0 -0.00109091 -0.0016 -0.00352174 -0.00075 8.33334e-05 0.0005 -0.00118605
internal_weight=0 198 150 46 104 72 48 43
internal_count=229 198 150 46 104 72 48 43
is_linear=0
shrinkage=0.03


Tree=197
num_leaves=9
num_cat=0
split_feature=1 0 4 2 1 0 4 3
split_gain=0.277048 0.537382 0.857143 0.31159 0.184381 0.10175 0.161477 0.0365801
threshold=0.028450000000000007 0.7895000000000002 0.40630000000000005 0.00045000000000000004 0.44870000000000004 0.78655000000000019 0.20365000000000003 0.13455000000000003
decision_type=2 2 2 2 2 2 2 2
left_child=1 2 -1 4 5 6 -2 -8
right_child=3 -3 -4 -5 -6 -7 7 -9
leaf_value=-0.00048691760047545377 0.0040522544075731878 0.001309993735639399 0.00080729687804383837 0.0012052435931134762 -0.0001319612956399685 -0.0016628604922418857 -5.0478591322649449e-05 3.9235219285615321e-05
leaf_weight=21 36 31 21 31 20 27 20 22
leaf_count=21 36 31 21 31 20 27 20 22
internal_value=0 -0.00193151 -0.00414286 0.000307692 -0.00036 0.000142857 0.000692308 -0.000571428
internal_weight=0 73 42 156 125 105 78 42
internal_count=229 73 42 156 125 105 78 42
is_linear=0
shrinkage=0.03


Tree=198
num_leaves=10
num_cat=0
split_feature=0 3 3 4 3 4 4 1 0
split_gain=0.333993 0.184965 0.406477 0.211039 0.160541 0.188676 0.117483 0.0484848 0.0030303
threshold=0.027950000000000003 0.11425 0.019650000000000004 0.024100000000000003 0.05390000000000001 0.058350000000000006 0.38120000000000004 0.043150000000000001 0.45270000000000005
decision_type=2 2 2 2 2 2 2 2 2
left_child=-1 2 3 7 5 -4 8 -2 -3
right_child=1 6 4 -5 -6 -7 -8 -9 -10
leaf_value=-0.00021172529004424156 0.0012770950408995151 5.9069589687472116e-06 -0.00013452531106220405 0.0093867566985007967 -3.2366137304137435e-05 -0.0016136214178504677 0.0011106455713422914 -0.0037107173529495946 3.3140723818720694e-06
leaf_weight=21 24 20 20 26 32 21 21 20 24
leaf_count=21 24 20 20 26 32 21 21 20 24
internal_value=0 -0.000173077 -0.000776224 0.000857143 -0.00234247 -0.00358537 0.00115385 -0.000409091 0.000272727
internal_weight=0 208 143 70 73 41 65 44 44
internal_count=229 208 143 70 73 41 65 44 44
is_linear=0
shrinkage=0.03


Tree=199
num_leaves=9
num_cat=0
split_feature=0 2 1 1 0 3 1 0
split_gain=0.358703 0.183785 0.160957 0.307147 0.250046 0.146766 0.12 0.0267442
threshold=0.027950000000000003 0.00045000000000000004 0.03815000000000001 0.0091000000000000022 0.73990000000000011 0.11275000000000002 0.25150000000000006 0.7360000000000001
decision_type=2 2 2 2 2 2 2 2
left_child=-1 2 3 -2 5 6 -4 -5
right_child=1 -3 4 7 -6 -7 -8 -9
leaf_value=-0.00020537353134291537 -0.0021328662712947993 0.00015138265363624621 -0.00036743906184445556 5.4834837750061836e-06 -0.0016089389181427583 0.0017182978685736491 5.2456993833466114e-06 0.0022009979167110028
leaf_weight=21 33 32 20 20 27 23 30 23
leaf_count=21 33 32 20 20 27 23 30 23
internal_value=0 -2.8846e-05 -0.000409091 0.000631579 -0.0012 -0.000287671 -0.0012 0.00230233
internal_weight=0 208 176 76 100 73 50 43
internal_count=229 208 176 76 100 73 50 43
is_linear=0
shrinkage=0.03


Tree=200
num_leaves=9
num_cat=0
split_feature=0 2 3 0 1 3 3 1
split_gain=0.333993 0.210009 0.188366 0.200556 0.426667 0.163333 0.134444 0.0446083
threshold=0.027950000000000003 0.00045000000000000004 0.11425 0.85910000000000009 0.12140000000000002 0.014050000000000002 0.008550000000000002 0.024900000000000002
decision_type=2 2 2 2 2 2 2 2
left_child=-1 2 3 4 -2 -6 -5 -4
right_child=1 -3 7 6 5 -7 -8 -9
leaf_value=-0.00019921232540262934 -0.00021532055302233519 0.00014684117402715918 0.0003056620044105751 -0.0062291793466210006 0.011211375279682568 -0.00048624299183019329 0.0032095488120442526 5.697119189754892e-06
leaf_weight=21 25 32 25 20 20 30 25 31
leaf_count=21 25 32 25 20 20 30 25 31
internal_value=0 -0.000173077 -0.000579545 -0.00125 -0.0022 -0.0006 0.000333333 0.000857143
internal_weight=0 208 176 120 75 50 45 56
internal_count=229 208 176 120 75 50 45 56
is_linear=0
shrinkage=0.03


Tree=201
num_leaves=8
num_cat=0
split_feature=0 2 0 4 4 4 4
split_gain=0.310165 0.237981 0.117168 0.257279 0.217583 0.160009 0.148842
threshold=0.027950000000000003 0.00045000000000000004 0.38355000000000006 0.014350000000000002 0.039900000000000012 0.077550000000000022 0.37555000000000005
decision_type=2 2 2 2 2 2 2
left_child=-1 2 6 -4 -5 -6 -2
right_child=1 -3 3 4 5 -7 -8
leaf_value=-0.00019323595564054976 8.481737043181841e-05 0.00014243593880634348 0.0012057000380181308 -0.002627551666382092 0.0028840246125603577 -1.7272900613504834e-05 -0.00071841706437155361
leaf_weight=21 28 32 31 29 26 33 29
leaf_count=21 28 32 31 29 26 33 29
internal_value=0 -0.000317308 -0.00075 -0.00128571 -0.00211364 -0.0010678 0.000368421
internal_weight=0 208 176 119 88 59 57
internal_count=229 208 176 119 88 59 57
is_linear=0
shrinkage=0.03


Tree=202
num_leaves=9
num_cat=0
split_feature=0 2 3 0 1 3 3 1
split_gain=0.333993 0.210009 0.188366 0.200556 0.426667 0.163333 0.134444 0.0446083
threshold=0.027950000000000003 0.00045000000000000004 0.11425 0.85910000000000009 0.12140000000000002 0.014050000000000002 0.008550000000000002 0.024900000000000002
decision_type=2 2 2 2 2 2 2 2
left_child=-1 2 3 4 -2 -6 -5 -4
right_child=1 -3 7 6 5 -7 -8 -9
leaf_value=-0.00018743887697133234 -0.00020834274941325758 0.00013816286064215262 0.00034773417270489437 -0.0059749771680882718 0.010946029737203331 -0.00047984140383515613 0.0030917670231180626 6.0443924955535171e-06
leaf_weight=21 25 32 25 20 20 30 25 31
leaf_count=21 25 32 25 20 20 30 25 31
internal_value=0 -0.000173077 -0.000579545 -0.00125 -0.0022 -0.0006 0.000333333 0.000857143
internal_weight=0 208 176 120 75 50 45 56
internal_count=229 208 176 120 75 50 45 56
is_linear=0
shrinkage=0.03


Tree=203
num_leaves=9
num_cat=0
split_feature=0 0 4 1 1 4 0 3
split_gain=0.310165 0.25582 0.454815 0.280193 0.278018 0.277323 0.225 0.114894
threshold=0.027950000000000003 0.38355000000000006 0.077550000000000022 0.043150000000000001 0.12140000000000002 0.37555000000000005 0.57005000000000006 0.0074000000000000012
decision_type=2 2 2 2 2 2 2 2
left_child=-1 5 3 7 -5 -2 -4 -3
right_child=1 2 6 4 -6 -7 -8 -9
leaf_value=-0.00018181571066219128 7.7155976028984945e-05 0.0014992006349552704 -2.8903002602819715e-06 -0.00099211329749820834 0.0085634158937754872 -0.0002480445096204345 -0.00014515343873303146 0.0013115115163865323
leaf_weight=21 36 20 20 21 33 31 20 27
leaf_count=21 36 20 20 21 33 31 20 27
internal_value=0 -0.000317308 -0.00104255 2.97031e-05 -0.00144444 0.00120896 -0.00375 0.0017234
internal_weight=0 208 141 101 54 67 40 47
internal_count=229 208 141 101 54 67 40 47
is_linear=0
shrinkage=0.03


Tree=204
num_leaves=8
num_cat=0
split_feature=2 4 0 0 0 0 4
split_gain=0.298256 0.202248 0.166672 0.17717 0.301855 0.314139 0.205782
threshold=0.00045000000000000004 0.014350000000000002 0.73990000000000011 0.61930000000000007 0.43025000000000008 0.2109 0.40630000000000005
decision_type=2 2 2 2 2 2 2
left_child=1 -1 3 4 5 6 -3
right_child=-2 2 -4 -5 -6 -7 -8
leaf_value=0.00094248586793630579 2.4852851291266512e-05 -0.00043694602027328372 -0.00070423012431716737 0.0046105532272450915 -8.2218790352834629e-05 0.000310690562818173 0.00047838190140573396
leaf_weight=34 35 21 34 22 25 30 28
leaf_count=34 35 21 34 22 25 30 28
internal_value=0 -0.000865979 -0.0013125 -0.000809524 -0.00132692 -0.000417721 -0.00189796
internal_weight=0 194 160 126 104 79 49
internal_count=229 194 160 126 104 79 49
is_linear=0
shrinkage=0.03


Tree=205
num_leaves=8
num_cat=0
split_feature=2 1 4 4 3 4 4
split_gain=0.313689 0.163375 0.239612 0.506888 0.169283 0.142053 0.0984848
threshold=1.0000000180025095e-35 0.0054500000000000009 0.014350000000000002 0.039900000000000012 0.18280000000000005 0.16300000000000003 0.12435000000000002
decision_type=2 2 2 2 2 2 2
left_child=1 -1 -3 -4 5 -5 -2
right_child=6 2 3 4 -6 -7 -8
leaf_value=-0.0031407268065162773 1.7123626675685464e-05 0.0022410878269036524 -0.0030545682323936041 6.3761134662508237e-05 0.00058057571109164786 -4.191057931006995e-05 0.00013095769315625124
leaf_weight=30 26 28 27 35 27 34 22
leaf_count=30 26 28 27 35 27 34 22
internal_value=0 -0.0009779 -0.000576159 -0.00114634 -0.000125 -0.000913043 0.00175
internal_weight=0 181 151 123 96 69 48
internal_count=229 181 151 123 96 69 48
is_linear=0
shrinkage=0.03


Tree=206
num_leaves=9
num_cat=0
split_feature=2 1 4 4 3 3 4 3
split_gain=0.313689 0.163375 0.239612 0.260163 0.442014 0.298882 0.0984848 0.0281069
threshold=1.0000000180025095e-35 0.0054500000000000009 0.014350000000000002 0.27155000000000001 0.11275000000000002 0.028950000000000004 0.12435000000000002 0.15100000000000002
decision_type=2 2 2 2 2 2 2 2
left_child=1 -1 -3 4 5 -4 -2 -5
right_child=6 2 3 7 -6 -7 -8 -9
leaf_value=-0.0030465050023207891 1.6609917875414726e-05 0.0021738551920965419 -0.0023794873435236249 0.00029946983959601913 -9.8419512865069689e-05 5.539108072066767e-05 0.00012702896236156232 0.001017137921591722
leaf_weight=30 26 28 38 20 20 24 22 21
leaf_count=30 26 28 38 20 20 24 22 21
internal_value=0 -0.0009779 -0.000576159 -0.00114634 -0.00212195 -0.000870968 0.00175 0.000804878
internal_weight=0 181 151 123 82 62 48 41
internal_count=229 181 151 123 82 62 48 41
is_linear=0
shrinkage=0.03


Tree=207
num_leaves=8
num_cat=0
split_feature=1 3 4 0 1 0 1
split_gain=0.203492 0.336407 0.285383 0.448522 0.5 0.15 0.13125
threshold=0.0054500000000000009 0.004850000000000001 0.12835000000000002 0.7895000000000002 0.23025000000000004 0.45270000000000005 0.11500000000000002
decision_type=2 2 2 2 2 2 2
left_child=-1 -2 3 4 -3 6 -4
right_child=1 2 5 -5 -6 -7 -8
leaf_value=-0.0021009439435665865 0.011065661234850355 -0.00098393842146433821 0.0005850771785727739 2.9016604795532155e-05 0.0012883534130877573 -2.8489989497973312e-05 1.1364097919763801e-05
leaf_weight=32 28 25 28 39 25 20 32
leaf_count=32 28 25 28 39 25 20 32
internal_value=0 -4.56852e-05 -0.000550296 -0.0017191 -0.0036 0.00075 0.0015
internal_weight=0 197 169 89 50 80 60
internal_count=229 197 169 89 50 80 60
is_linear=0
shrinkage=0.03


Tree=208
num_leaves=8
num_cat=0
split_feature=2 1 3 3 4 4 1
split_gain=0.213373 0.167224 0.180882 0.215137 0.177501 0.240601 0.228571
threshold=0.00045000000000000004 0.44870000000000004 0.31860000000000005 0.18280000000000005 0.20675000000000002 0.063300000000000009 0.043150000000000001
decision_type=2 2 2 2 2 2 2
left_child=1 2 3 4 5 6 -1
right_child=-2 -3 -4 -5 -6 -7 -8
leaf_value=0.0014473585678362803 3.0215152806390728e-05 -0.00023706966632083468 -0.00017519236820487681 0.001037984870284105 -0.00018479364177083476 0.0025512003446190186 -0.0016448714868750474
leaf_weight=35 35 20 21 22 36 25 35
leaf_count=35 35 20 21 22 36 25 35
internal_value=0 -0.000402062 -0.000103448 0.000254902 -0.000206107 0.000473684 -0.000428571
internal_weight=0 194 174 153 131 95 70
internal_count=229 194 174 153 131 95 70
is_linear=0
shrinkage=0.03


Tree=209
num_leaves=8
num_cat=0
split_feature=2 4 3 1 1 4 1
split_gain=0.329701 0.233111 0.695182 0.149524 0.274051 0.152044 0.275557
threshold=0.00045000000000000004 0.42755000000000004 0.17515000000000003 0.44870000000000004 0.22480000000000003 0.014350000000000002 0.03815000000000001
decision_type=2 2 2 2 2 2 2
left_child=1 2 3 4 5 -1 -7
right_child=-2 -3 -4 -5 -6 6 -8
leaf_value=0.00080528942561000464 2.9308698222198701e-05 0.00041322897062601329 -0.00020258145945944308 -0.00022995757633121177 0.0099269299021354385 0.0038637166742062734 -0.0011991486614944449
leaf_weight=29 35 34 27 20 20 26 38
leaf_count=29 35 34 27 20 20 26 38
internal_value=0 -0.00102062 -0.0015 -0.000609022 -0.000185841 -0.000870968 -0.0016875
internal_weight=0 194 160 133 113 93 64
internal_count=229 194 160 133 113 93 64
is_linear=0
shrinkage=0.03


Tree=210
num_leaves=8
num_cat=0
split_feature=2 4 3 3 3 3 4
split_gain=0.276728 0.285546 0.67186 0.173555 0.221053 0.119154 0.0984848
threshold=1.0000000180025095e-35 0.38120000000000004 0.17515000000000003 0.077300000000000021 0.019650000000000004 0.0074000000000000012 0.12435000000000002
decision_type=2 2 2 2 2 2 2
left_child=1 2 3 4 5 -1 -2
right_child=6 -3 -4 -5 -6 -7 -8
leaf_value=-0.0017229175769289181 2.864973092626182e-05 0.0002503847719761149 -0.00022914887688515231 0.0012408991045576774 -0.00024798409364983054 0.00069974952506346813 0.00012109145502226255
leaf_weight=37 26 39 23 24 35 23 22
leaf_count=37 26 39 23 24 35 23 22
internal_value=0 -0.000812155 -0.00143662 -0.000529412 -0.00110526 1.11759e-10 0.00175
internal_weight=0 181 142 119 95 60 48
internal_count=229 181 142 119 95 60 48
is_linear=0
shrinkage=0.03


Tree=211
num_leaves=8
num_cat=0
split_feature=2 4 3 1 1 0 4
split_gain=0.276728 0.285546 0.413529 0.148284 0.101654 0.119048 0.0984848
threshold=1.0000000180025095e-35 0.38120000000000004 0.15100000000000002 0.41135000000000005 0.013800000000000002 0.78655000000000019 0.12435000000000002
decision_type=2 2 2 2 2 2 2
left_child=1 2 3 4 -1 -6 -2
right_child=6 -3 -4 -5 5 -7 -8
leaf_value=-0.00029818159316269524 2.7790238998473318e-05 0.00024287322881683132 -0.0001896295493691056 -0.00021119452703470464 0.0029188500763360401 -0.00089148357801212849 0.00011745871137159475
leaf_weight=25 26 39 27 20 40 30 22
leaf_count=25 26 39 27 20 40 30 22
internal_value=0 -0.000812155 -0.00143662 -0.000652174 -0.000157895 0.000428572 0.00175
internal_weight=0 181 142 115 95 70 48
internal_count=229 181 142 115 95 70 48
is_linear=0
shrinkage=0.03


Tree=212
num_leaves=8
num_cat=0
split_feature=2 4 4 3 3 4 4
split_gain=0.242083 0.245432 0.398785 0.214881 0.433929 0.142333 0.0984848
threshold=1.0000000180025095e-35 0.38120000000000004 0.16300000000000003 0.05390000000000001 0.019650000000000004 0.016650000000000002 0.12435000000000002
decision_type=2 2 2 2 2 2 2
left_child=1 2 3 4 5 -1 -2
right_child=6 -3 -4 -5 -6 -7 -8
leaf_value=-0.0044771871773520927 2.6956531828519528e-05 0.00023558703195232603 -0.00031836554525873408 0.0011624281772253009 -0.00057300490059654591 0.0099423474682142597 0.00011393495003044713
leaf_weight=29 26 39 34 28 24 27 22
leaf_count=29 26 39 34 28 24 27 22
internal_value=0 -0.000646409 -0.00122535 -0.000333333 -0.001125 0.000321429 0.00175
internal_weight=0 181 142 108 80 56 48
internal_count=229 181 142 108 80 56 48
is_linear=0
shrinkage=0.03


Tree=213
num_leaves=9
num_cat=0
split_feature=4 3 4 3 3 4 4 3
split_gain=0.303851 0.422632 0.353132 0.299136 0.354888 0.272807 0.182191 0.106977
threshold=0.38120000000000004 0.15100000000000002 0.20365000000000003 0.05390000000000001 0.019650000000000004 0.024850000000000004 0.013050000000000001 0.15935000000000002
decision_type=2 2 2 2 2 2 2 2
left_child=1 2 3 4 5 6 -1 -2
right_child=7 -3 -4 -5 -6 -7 -8 -9
leaf_value=0.0008940713071579799 -0.00022392500470469826 -0.00012256285459980926 -0.00023377334820672374 0.0021441955480463047 -0.00055581474565080257 0.0083967911331234869 -0.0037967369851150908 0.0041138756824731088
leaf_weight=27 20 33 21 25 34 26 20 23
leaf_count=27 20 33 21 25 34 26 20 23
internal_value=0 -0.00119355 -0.000529412 4.54547e-05 -0.00064486 0.000534247 -0.000829787 0.00160465
internal_weight=0 186 153 132 107 73 47 43
internal_count=229 186 153 132 107 73 47 43
is_linear=0
shrinkage=0.03


Tree=214
num_leaves=9
num_cat=0
split_feature=4 3 4 3 3 4 3 0
split_gain=0.303851 0.449873 0.16761 0.259127 0.393695 0.208261 0.106977 0.0425177
threshold=0.38120000000000004 0.13455000000000003 0.20365000000000003 0.05390000000000001 0.018400000000000003 0.024100000000000003 0.15935000000000002 0.93500000000000016
decision_type=2 2 2 2 2 2 2 2
left_child=1 2 3 4 5 7 -2 -1
right_child=6 -3 -4 -5 -6 -7 -8 -9
leaf_value=-0.0036828348755616391 -0.00021720725456355743 -7.0931018757288368e-05 -0.00023748032463544809 0.0028625290537994514 -0.00027404650052845664 0.0090891460090524404 0.003990459411998915 0.00081299502275774247
leaf_weight=20 20 38 20 21 40 24 23 23
leaf_count=20 20 38 20 21 40 24 23 23
internal_value=0 -0.00119355 -0.000445946 -4.68749e-05 -0.00064486 0.000761194 0.00160465 -0.000488372
internal_weight=0 186 148 128 107 67 43 43
internal_count=229 186 148 128 107 67 43 43
is_linear=0
shrinkage=0.03


Tree=215
num_leaves=9
num_cat=0
split_feature=4 3 0 0 0 3 3 3
split_gain=0.339889 0.401413 0.145155 0.235647 0.229112 0.106977 0.0983115 0.0612271
threshold=0.38120000000000004 0.13455000000000003 0.85910000000000009 0.76035000000000019 0.61930000000000007 0.15935000000000002 0.0074000000000000012 0.049800000000000004
decision_type=2 2 2 2 2 2 2 2
left_child=1 2 3 4 7 -2 -4 -1
right_child=5 -3 6 -5 -6 -7 -8 -9
leaf_value=-0.00015849874197866934 -0.0002106910369266514 -6.88030881945692e-05 -0.0027579396295319214 -0.00069052757068617391 0.0045928276514808969 0.003870745629638947 0.0036392483116752805 -0.00014496334712094824
leaf_weight=31 20 38 24 21 25 23 27 20
leaf_count=31 20 38 24 21 25 23 27 20
internal_value=0 -0.00135484 -0.000648649 -0.0013299 -0.000552631 0.00160465 0.000647059 -0.00170588
internal_weight=0 186 148 97 76 43 51 51
internal_count=229 186 148 97 76 43 51 51
is_linear=0
shrinkage=0.03


Tree=216
num_leaves=9
num_cat=0
split_feature=4 3 0 0 0 3 3 3
split_gain=0.339889 0.401413 0.145155 0.235647 0.229112 0.106977 0.0983115 0.0612271
threshold=0.38120000000000004 0.13455000000000003 0.85910000000000009 0.76035000000000019 0.61930000000000007 0.15935000000000002 0.0074000000000000012 0.049800000000000004
decision_type=2 2 2 2 2 2 2 2
left_child=1 2 3 4 7 -2 -4 -1
right_child=5 -3 6 -5 -6 -7 -8 -9
leaf_value=-0.00015374377971930813 -0.00020437030581885285 -6.6738995548732127e-05 -0.0026752014406459653 -0.00066981174356559069 0.0044550428219364713 0.0037546232607497797 0.0035300708623250184 -0.00014061444670731836
leaf_weight=31 20 38 24 21 25 23 27 20
leaf_count=31 20 38 24 21 25 23 27 20
internal_value=0 -0.00135484 -0.000648649 -0.0013299 -0.000552631 0.00160465 0.000647059 -0.00170588
internal_weight=0 186 148 97 76 43 51 51
internal_count=229 186 148 97 76 43 51 51
is_linear=0
shrinkage=0.03


Tree=217
num_leaves=9
num_cat=0
split_feature=4 3 0 0 0 3 3 3
split_gain=0.339889 0.401413 0.145155 0.235647 0.229112 0.106977 0.0983115 0.0612271
threshold=0.38120000000000004 0.13455000000000003 0.85910000000000009 0.76035000000000019 0.61930000000000007 0.15935000000000002 0.0074000000000000012 0.049800000000000004
decision_type=2 2 2 2 2 2 2 2
left_child=1 2 3 4 7 -2 -4 -1
right_child=5 -3 6 -5 -6 -7 -8 -9
leaf_value=-0.0001491314663277316 -0.00019823919664428645 -6.473682568226976e-05 -0.0025949453974265877 -0.0006497173912586255 0.0043213915372783754 0.003641984562927286 0.0034241687364552709 -0.00013639601330609871
leaf_weight=31 20 38 24 21 25 23 27 20
leaf_count=31 20 38 24 21 25 23 27 20
internal_value=0 -0.00135484 -0.000648649 -0.0013299 -0.000552631 0.00160465 0.000647059 -0.00170588
internal_weight=0 186 148 97 76 43 51 51
internal_count=229 186 148 97 76 43 51 51
is_linear=0
shrinkage=0.03


Tree=218
num_leaves=9
num_cat=0
split_feature=4 3 0 0 0 3 3 3
split_gain=0.339889 0.401413 0.145155 0.235647 0.229112 0.106977 0.0983115 0.0612271
threshold=0.38120000000000004 0.13455000000000003 0.85910000000000009 0.76035000000000019 0.61930000000000007 0.15935000000000002 0.0074000000000000012 0.049800000000000004
decision_type=2 2 2 2 2 2 2 2
left_child=1 2 3 4 7 -2 -4 -1
right_child=5 -3 6 -5 -6 -7 -8 -9
leaf_value=-0.00014465752233789824 -0.00019229202074495742 -6.2794720911801049e-05 -0.0025170970355037846 -0.0006302258695208699 0.0041917497911600236 0.003532725026039467 0.0033214436743616103 -0.00013230413290691686
leaf_weight=31 20 38 24 21 25 23 27 20
leaf_count=31 20 38 24 21 25 23 27 20
internal_value=0 -0.00135484 -0.000648649 -0.0013299 -0.000552631 0.00160465 0.000647059 -0.00170588
internal_weight=0 186 148 97 76 43 51 51
internal_count=229 186 148 97 76 43 51 51
is_linear=0
shrinkage=0.03


Tree=219
num_leaves=9
num_cat=0
split_feature=1 0 1 1 4 2 0 0
split_gain=0.237502 0.516677 0.876587 0.387746 0.31345 0.177536 0.229641 0.564331
threshold=0.028450000000000007 0.85910000000000009 0.0046500000000000005 0.043150000000000001 0.24220000000000003 1.0000000180025095e-35 0.73990000000000011 0.47635000000000005
decision_type=2 2 2 2 2 2 2 2
left_child=1 2 -1 -2 5 6 7 -5
right_child=3 -3 -4 4 -6 -7 -8 -9
leaf_value=6.6615924674460236e-05 0.0004276452715650731 0.0019912162605130452 -0.00025587814039012554 -0.00028845828680809687 0.00097997676276803886 5.0092267876013229e-05 -0.0022474398578568042 0.0051509434442957008
leaf_weight=21 27 28 24 23 37 23 22 24
leaf_count=21 27 28 24 23 37 23 22 24
internal_value=0 -0.00234247 -0.00433333 -0.000269231 -0.000953488 -0.0018913 -0.00265217 -0.00146808
internal_weight=0 73 45 156 129 92 69 47
internal_count=229 73 45 156 129 92 69 47
is_linear=0
shrinkage=0.03


Tree=220
num_leaves=10
num_cat=0
split_feature=1 0 1 1 4 3 1 1 0
split_gain=0.283605 0.516677 0.876587 0.34347 0.303752 0.429501 0.216827 0.124675 0.00150502
threshold=0.028450000000000007 0.85910000000000009 0.0046500000000000005 0.043150000000000001 0.039900000000000012 0.010600000000000002 0.21895000000000001 0.36825000000000002 0.45270000000000005
decision_type=2 2 2 2 2 2 2 2 2
left_child=1 2 -1 -2 5 -5 8 -8 -6
right_child=3 -3 -4 4 6 -7 7 -9 -10
leaf_value=6.4617446934225368e-05 0.00041481591341811769 0.0019314797726976581 -0.00024820179617842162 0.0093871879869864058 0.00093904013889263213 -0.00072568706138820662 -0.003262210175125276 4.7811976896352067e-05 0.00012184216486036389
leaf_weight=21 27 28 24 21 26 20 20 22 20
leaf_count=21 27 28 24 21 26 20 20 22 20
internal_value=0 -0.00234247 -0.00433333 -7.6923e-05 -0.00072093 -0.00285366 0.000272727 -0.00128571 0.00169565
internal_weight=0 73 45 156 129 41 88 42 46
internal_count=229 73 45 156 129 41 88 42 46
is_linear=0
shrinkage=0.03


Tree=221
num_leaves=10
num_cat=0
split_feature=1 0 1 1 4 3 1 1 0
split_gain=0.243625 0.466667 0.857143 0.374433 0.303752 0.429501 0.216827 0.124675 0.00150502
threshold=0.024900000000000002 0.85910000000000009 0.0046500000000000005 0.043150000000000001 0.039900000000000012 0.010600000000000002 0.21895000000000001 0.36825000000000002 0.45270000000000005
decision_type=2 2 2 2 2 2 2 2 2
left_child=1 2 -1 -2 5 -5 8 -8 -6
right_child=3 -3 -4 4 6 -7 7 -9 -10
leaf_value=6.2678923526199334e-05 3.5114035497067901e-05 0.001873535379516734 -0.0003189678206216335 0.0091055723473768193 0.00091086893472585185 -0.00070391644954655727 -0.0031643438698715203 4.6377617589459892e-05 0.00011818689991455396
leaf_weight=21 30 28 21 21 26 20 20 22 20
leaf_count=21 30 28 21 21 26 20 20 22 20
internal_value=0 -0.00214286 -0.00414286 -1.88678e-05 -0.00072093 -0.00285366 0.000272727 -0.00128571 0.00169565
internal_weight=0 70 42 159 129 41 88 42 46
internal_count=229 70 42 159 129 41 88 42 46
is_linear=0
shrinkage=0.03


Tree=222
num_leaves=10
num_cat=0
split_feature=1 0 1 1 4 3 1 1 0
split_gain=0.243625 0.466667 0.857143 0.374433 0.303752 0.429501 0.216827 0.124675 0.00150502
threshold=0.024900000000000002 0.85910000000000009 0.0046500000000000005 0.043150000000000001 0.039900000000000012 0.010600000000000002 0.21895000000000001 0.36825000000000002 0.45270000000000005
decision_type=2 2 2 2 2 2 2 2 2
left_child=1 2 -1 -2 5 -5 8 -8 -6
right_child=3 -3 -4 4 6 -7 7 -9 -10
leaf_value=6.0798555820413854e-05 3.4060614432156327e-05 0.0018173293181312253 -0.0003093987860029846 0.008832405176955509 0.00088354286668407766 -0.0006827989560601594 -0.0030694135537753776 4.4986289061777579e-05 0.00011464129291711907
leaf_weight=21 30 28 21 21 26 20 20 22 20
leaf_count=21 30 28 21 21 26 20 20 22 20
internal_value=0 -0.00214286 -0.00414286 -1.88678e-05 -0.00072093 -0.00285366 0.000272727 -0.00128571 0.00169565
internal_weight=0 70 42 159 129 41 88 42 46
internal_count=229 70 42 159 129 41 88 42 46
is_linear=0
shrinkage=0.03


Tree=223
num_leaves=8
num_cat=0
split_feature=0 4 3 4 1 1 0
split_gain=0.270054 0.425429 0.303758 0.180176 0.0966555 0.1 0.0958405
threshold=0.34820000000000007 0.38120000000000004 0.11425 0.077550000000000022 0.043150000000000001 0.013800000000000002 0.78655000000000019
decision_type=2 2 2 2 2 2 2
left_child=1 -1 3 4 5 -2 -6
right_child=2 -3 -4 -5 6 -7 -8
leaf_value=-0.00015026383783887457 0.0011969440759733081 0.00014619660121476316 2.935916625039253e-05 -9.9735606398910801e-05 0.011338222660754863 0.00087146892827962507 -0.0015712709776780393
leaf_weight=39 20 37 33 28 27 20 25
leaf_count=39 20 37 33 28 27 20 25
internal_value=0 -0.00173684 0.00045098 -0.00025 0.000391304 0.0015 -0.000461538
internal_weight=0 76 153 120 92 40 52
internal_count=229 76 153 120 92 40 52
is_linear=0
shrinkage=0.03


Tree=224
num_leaves=9
num_cat=0
split_feature=0 3 3 4 4 0 0 1
split_gain=0.238817 0.358743 0.273117 0.225 0.219076 0.0610416 0.0425177 0.0307692
threshold=0.090150000000000008 0.11425 0.019650000000000004 0.47910000000000003 0.024100000000000003 0.57005000000000006 0.93500000000000016 0.051450000000000003
decision_type=2 2 2 2 2 2 2 2
left_child=3 2 4 -1 6 -4 -2 -3
right_child=1 7 5 -5 -6 -7 -8 -9
leaf_value=-0.00050033772777034009 -0.0041746202962472953 9.0465667044034048e-06 -1.2168470813526896e-05 4.4750237195289367e-05 0.0075848115028817548 -0.00035162913339006473 0.00015681789072319107 0.00072729643639669374
leaf_weight=20 20 32 31 20 26 37 23 20
leaf_count=20 20 32 31 20 26 37 23 20
internal_value=0 0.000301587 -0.00050365 -0.00225 0.000826087 -0.00185294 -0.000488372 0.00242308
internal_weight=0 189 137 40 69 68 43 52
internal_count=229 189 137 40 69 68 43 52
is_linear=0
shrinkage=0.03


Tree=225
num_leaves=9
num_cat=0
split_feature=0 3 4 3 2 1 1 1
split_gain=0.238817 0.358743 0.225 0.214328 0.253469 0.162669 0.250753 0.0307692
threshold=0.090150000000000008 0.11425 0.47910000000000003 0.046950000000000013 1.0000000180025095e-35 0.043150000000000001 0.22480000000000003 0.051450000000000003
decision_type=2 2 2 2 2 2 2 2
left_child=2 3 -1 4 5 -2 -7 -3
right_child=1 7 -4 -5 -6 6 -8 -9
leaf_value=-0.00048532759593722998 8.4774736450991172e-05 8.7751697032708601e-06 4.3407730079430328e-05 -0.00011389247884722274 0.0050415489389131901 -0.0032737801289667531 0.0011303770804911755 0.00070547754330479323
leaf_weight=20 31 32 20 39 23 21 23 20
leaf_count=20 31 32 20 39 23 21 23 20
internal_value=0 0.000301587 -0.00225 -0.00050365 0.000244898 -0.0006 -0.00177273 0.00242308
internal_weight=0 189 40 137 98 75 44 52
internal_count=229 189 40 137 98 75 44 52
is_linear=0
shrinkage=0.03


Tree=226
num_leaves=10
num_cat=0
split_feature=0 4 3 1 1 2 0 0 0
split_gain=0.278342 0.485541 0.283065 0.179604 0.381365 0.238832 0.342888 0.306973 0.0282609
threshold=0.097850000000000006 0.44185000000000002 0.18280000000000005 0.043150000000000001 0.0091000000000000022 1.0000000180025095e-35 0.73990000000000011 0.47635000000000005 0.85910000000000009
decision_type=2 2 2 2 2 2 2 2 2
left_child=1 -1 3 4 -2 6 7 -5 -6
right_child=2 -3 -4 5 8 -7 -8 -9 -10
leaf_value=-0.00047076776805911325 -0.002010864940428863 0.00058716945276000908 0.00017656576474284495 -0.000110960592249211 2.7444940722544468e-06 0.0053742855556615518 -0.0019702238468269758 0.0049996776004829413 0.0034356373318628272
leaf_weight=20 22 23 26 25 20 21 22 24 26
leaf_count=20 22 23 26 25 20 21 22 24 26
internal_value=0 -0.0025814 9.67743e-05 -0.000375 0.000794118 -0.00123913 -0.00207042 -0.000673469 0.00234783
internal_weight=0 43 186 160 68 92 71 49 46
internal_count=229 43 186 160 68 92 71 49 46
is_linear=0
shrinkage=0.03


Tree=227
num_leaves=8
num_cat=0
split_feature=0 4 3 3 3 0 0
split_gain=0.270692 0.583662 0.404412 0.107961 0.177926 0.089363 0.0869565
threshold=0.34820000000000007 0.38120000000000004 0.11425 0.010600000000000002 0.052500000000000012 0.84310000000000007 0.91580000000000006
decision_type=2 2 2 2 2 2 2
left_child=1 -1 3 6 5 -5 -2
right_child=2 -3 -4 4 -6 -7 -8
leaf_value=-0.00011627634857155409 0.0084264353496534741 0.00013797316336054967 2.3689694101041437e-05 -0.00078202680528091022 0.00037464901403037502 -1.8247426750769701e-05 -0.0035887238159046406
leaf_weight=39 23 37 33 27 25 22 23
leaf_count=39 23 37 33 27 25 22 23
internal_value=0 -0.00213158 5.88236e-05 -0.00075 -0.00145946 -0.0025102 0.000391304
internal_weight=0 76 153 120 74 49 46
internal_count=229 76 153 120 74 49 46
is_linear=0
shrinkage=0.03


Tree=228
num_leaves=8
num_cat=0
split_feature=3 4 4 3 0 0 0
split_gain=0.223083 0.414889 0.516504 0.370717 0.138619 0.0824551 0.025
threshold=0.05390000000000001 0.16300000000000003 0.38120000000000004 0.014050000000000002 0.47635000000000005 0.78655000000000019 0.9406000000000001
decision_type=2 2 2 2 2 2 2
left_child=3 -2 -3 5 -5 -1 -7
right_child=1 2 -4 4 -6 6 -8
leaf_value=0.0075685772822303753 3.3993208383833699e-05 -0.00023635274302429647 0.00016838206681919142 -0.00013610983861586228 -0.00024695810801856006 -0.0004196607478191525 0.0011747200715909358
leaf_weight=21 35 37 39 22 35 20 20
leaf_count=21 35 37 39 22 35 20 20
internal_value=0 0.000297297 -0.000947368 -0.00157627 -0.00331579 4.91804e-05 -0.00075
internal_weight=0 111 76 118 57 61 40
internal_count=229 111 76 118 57 61 40
is_linear=0
shrinkage=0.03


Tree=229
num_leaves=8
num_cat=0
split_feature=3 1 3 1 0 0 0
split_gain=0.292086 0.445977 0.370717 0.14026 0.138619 0.0824551 0.025
threshold=0.05390000000000001 0.018850000000000002 0.014050000000000002 0.093100000000000002 0.47635000000000005 0.78655000000000019 0.9406000000000001
decision_type=2 2 2 2 2 2 2
left_child=2 -2 5 -3 -4 -1 -7
right_child=1 3 4 -5 -6 6 -8
leaf_value=0.0073415199637634609 -7.5810436103027965e-05 2.1723120308597118e-05 -0.00013202654345738544 0.00031322561396566936 -0.00023954936477799997 -0.00040707092538458031 0.001139478469443205
leaf_weight=21 34 42 22 35 35 20 20
leaf_count=21 34 42 22 35 35 20 20
internal_value=0 0.000567568 -0.00157627 0.00183117 -0.00331579 4.91804e-05 -0.00075
internal_weight=0 111 118 77 57 61 40
internal_count=229 111 118 77 57 61 40
is_linear=0
shrinkage=0.03


Tree=230
num_leaves=9
num_cat=0
split_feature=0 4 3 3 0 1 0 1
split_gain=0.278342 0.485541 0.403064 0.252329 0.120723 0.224226 0.0897275 0.03
threshold=0.097850000000000006 0.44185000000000002 0.11425 0.014050000000000002 0.84310000000000007 0.099950000000000011 0.91580000000000006 0.04080000000000001
decision_type=2 2 2 2 2 2 2 2
left_child=1 -1 3 6 5 -5 -2 -4
right_child=2 -3 7 4 -6 -7 -8 -9
leaf_value=-0.00085595970141368917 0.0070080304546547983 0.00056030380867188689 5.6309746928822086e-06 -0.00030622166881700538 1.9846328886441165e-05 -7.5054363955540842e-06 -0.0022964332108566517 0.00069404549888621306
leaf_weight=20 29 23 30 23 21 37 26 20
leaf_count=20 29 23 30 23 21 37 26 20
internal_value=0 -0.0025814 9.67743e-05 -0.00075 -0.00181481 -0.0025 0.000818182 0.0024
internal_weight=0 43 186 136 81 60 55 50
internal_count=229 43 186 136 81 60 55 50
is_linear=0
shrinkage=0.03


Tree=231
num_leaves=8
num_cat=0
split_feature=0 4 3 3 3 0 0
split_gain=0.270692 0.583662 0.404412 0.107961 0.177926 0.089363 0.0869565
threshold=0.34820000000000007 0.38120000000000004 0.11425 0.010600000000000002 0.052500000000000012 0.84310000000000007 0.91580000000000006
decision_type=2 2 2 2 2 2 2
left_child=1 -1 3 6 5 -5 -2
right_child=2 -3 -4 4 -6 -7 -8
leaf_value=-0.00013192202668895923 0.0076105194471364091 0.0001280895610950407 2.146807387420214e-05 -0.00073478412687407227 0.00036850570450554617 -3.7362634037125868e-06 -0.0034062127392801424
leaf_weight=39 23 37 33 27 25 22 23
leaf_count=39 23 37 33 27 25 22 23
internal_value=0 -0.00213158 5.88236e-05 -0.00075 -0.00145946 -0.0025102 0.000391304
internal_weight=0 76 153 120 74 49 46
internal_count=229 76 153 120 74 49 46
is_linear=0
shrinkage=0.03


Tree=232
num_leaves=8
num_cat=0
split_feature=3 3 1 0 1 0 0
split_gain=0.292086 0.370717 0.318347 0.138619 0.132143 0.0824551 0.025
threshold=0.05390000000000001 0.014050000000000002 0.024300000000000006 0.47635000000000005 0.093100000000000002 0.78655000000000019 0.9406000000000001
decision_type=2 2 2 2 2 2 2
left_child=1 5 -2 -3 -4 -1 -7
right_child=2 3 4 -5 -6 6 -8
leaf_value=0.0069330769675558573 -5.4323626793328111e-05 -0.00010506028353051939 2.5671511800814601e-05 -0.000201132709963927 0.00029959305714955664 -0.00062783038402490195 0.0012763734938640082
leaf_weight=21 39 22 37 35 35 20 20
leaf_count=21 39 22 37 35 35 20 20
internal_value=0 -0.00157627 0.000567568 -0.00331579 0.00175 4.91804e-05 -0.00075
internal_weight=0 118 111 57 72 61 40
internal_count=229 118 111 57 72 61 40
is_linear=0
shrinkage=0.03


Tree=233
num_leaves=8
num_cat=0
split_feature=3 0 4 3 4 0 0
split_gain=0.292784 0.401961 0.201495 0.164721 0.32769 0.15354 0.108341
threshold=0.11425 0.2109 0.20365000000000003 0.010600000000000002 0.036200000000000003 0.68875000000000008 0.91580000000000006
decision_type=2 2 2 2 2 2 2
left_child=2 -2 3 6 -5 -6 -1
right_child=1 -3 -4 4 5 -7 -8
leaf_value=0.0087203397678964397 -7.6006507358702336e-05 1.7630146413114846e-05 -0.00024733763199334707 -0.0001445387005947804 0.0029485169070406201 -0.00019509873201383442 -0.0032966166707210716
leaf_weight=27 34 41 33 24 22 25 23
leaf_count=27 34 41 33 24 22 25 23
internal_value=0 0.001 -0.00128571 -0.000719008 -0.00164789 -0.000191489 0.0006
internal_weight=0 75 154 121 71 47 50
internal_count=229 75 154 121 71 47 50
is_linear=0
shrinkage=0.03


Tree=234
num_leaves=10
num_cat=0
split_feature=0 4 3 3 2 1 1 0 1
split_gain=0.278342 0.485541 0.403064 0.20998 0.244565 0.199154 0.195354 0.127235 0.03
threshold=0.097850000000000006 0.44185000000000002 0.11425 0.042250000000000003 1.0000000180025095e-35 0.043150000000000001 0.22480000000000003 0.57005000000000006 0.04080000000000001
decision_type=2 2 2 2 2 2 2 2 2
left_child=1 -1 3 4 5 -2 -7 -5 -4
right_child=2 -3 8 7 -6 6 -8 -9 -10
leaf_value=-0.001007508976768903 3.1249858878114095e-05 0.00054555035797444697 3.8176887074228233e-06 6.7155893607627295e-07 0.0065113660427443924 -0.0032533453897870472 0.0055673674876956158 -0.00024551527368237513 0.00067055488257677009
leaf_weight=20 31 23 30 23 20 21 20 21 20
leaf_count=20 31 23 30 23 20 21 20 21 20
internal_value=0 -0.0025814 9.67743e-05 -0.00075 6.52175e-05 -0.00075 -0.00212195 -0.00245455 0.0024
internal_weight=0 43 186 136 92 72 41 44 50
internal_count=229 43 186 136 92 72 41 44 50
is_linear=0
shrinkage=0.03


Tree=235
num_leaves=10
num_cat=0
split_feature=0 3 4 3 2 1 1 0 1
split_gain=0.44225 0.403064 0.307583 0.20998 0.244565 0.199154 0.195354 0.127235 0.03
threshold=0.097850000000000006 0.11425 0.44185000000000002 0.042250000000000003 1.0000000180025095e-35 0.043150000000000001 0.22480000000000003 0.57005000000000006 0.04080000000000001
decision_type=2 2 2 2 2 2 2 2 2
left_child=2 3 -1 4 5 -2 -7 -5 -3
right_child=1 8 -4 7 -6 6 -8 -9 -10
leaf_value=-0.00097728370746583571 3.0312363111769708e-05 3.7031580462003288e-06 0.00052918384723521397 6.5141216799245549e-07 0.006316025061462058 -0.0031557450280934388 0.0054003464630647509 -0.00023814981547190195 0.00065043823609946846
leaf_weight=20 31 30 23 23 20 21 20 21 20
leaf_count=20 31 30 23 23 20 21 20 21 20
internal_value=0 9.67743e-05 -0.00327907 -0.00075 6.52175e-05 -0.00075 -0.00212195 -0.00245455 0.0024
internal_weight=0 186 43 136 92 72 41 44 50
internal_count=229 186 43 136 92 72 41 44 50
is_linear=0
shrinkage=0.03


Tree=236
num_leaves=9
num_cat=0
split_feature=1 4 4 4 0 0 3 3
split_gain=0.169698 0.207812 0.182531 0.246287 0.328951 0.406772 0.112037 0.0318182
threshold=0.44870000000000004 0.51200000000000012 0.38120000000000004 0.20365000000000003 0.73990000000000011 0.84310000000000007 0.0074000000000000012 0.039500000000000007
decision_type=2 2 2 2 2 2 2 2
left_child=1 2 3 4 7 -6 -7 -1
right_child=-2 -3 -4 -5 5 6 -8 -9
leaf_value=0.0052924802549046213 -0.00052362622364808965 -0.00011995589091477545 0.0006599188543095825 -0.00021980978012715258 -0.00026463024013166636 -0.0023399110992370475 2.7449357249770295e-05 8.9872094851371589e-06
leaf_weight=20 21 21 22 35 21 24 30 35
leaf_count=20 21 21 22 35 21 24 30 35
internal_value=0 0.000115385 0.000433155 9.09092e-05 0.000692308 -0.0006 0.000777778 0.00245455
internal_weight=0 208 187 165 130 75 54 55
internal_count=229 208 187 165 130 75 54 55
is_linear=0
shrinkage=0.03


Tree=237
num_leaves=9
num_cat=0
split_feature=0 3 4 0 0 3 3 1
split_gain=0.238817 0.265931 0.180533 0.152466 0.406772 0.178161 0.112037 0.025
threshold=0.090150000000000008 0.18280000000000005 0.20675000000000002 0.73990000000000011 0.84310000000000007 0.028950000000000004 0.0074000000000000012 0.14375000000000002
decision_type=2 2 2 2 2 2 2 2
left_child=7 2 3 5 -5 -2 -6 -1
right_child=1 -3 -4 4 6 -7 -8 -9
leaf_value=-2.3185235214687241e-05 0.003228700956912565 0.00024475753567179475 -0.00020481883179276211 -0.00025669133292771597 -0.0022697137662599366 1.4389886682802596e-05 2.6625876532274691e-05 -0.00093316785860492928
leaf_weight=20 27 28 28 21 24 31 30 20
leaf_count=20 27 28 28 21 24 31 30 20
internal_value=0 0.000301587 -0.000167702 0.000293233 -0.0006 0.00144828 0.000777778 -0.00225
internal_weight=0 189 161 133 75 58 54 40
internal_count=229 189 161 133 75 58 54 40
is_linear=0
shrinkage=0.03


Tree=238
num_leaves=9
num_cat=0
split_feature=0 1 0 3 4 3 3 1
split_gain=0.183088 0.132133 0.171878 0.787447 0.230488 0.129848 0.110993 0.025
threshold=0.090150000000000008 0.099950000000000011 0.84310000000000007 0.11425 0.19070000000000001 0.0074000000000000012 0.028950000000000004 0.14375000000000002
decision_type=2 2 2 2 2 2 2 2
left_child=7 2 3 -2 -5 -4 -3 -1
right_child=1 6 5 4 -6 -7 -8 -9
leaf_value=-2.2489678158245794e-05 -0.00024284577139967566 -0.0001756623333586497 -0.0036103389153300182 -6.1538472487242322e-07 0.00061661622398210311 0.00034948565883435558 7.6687295061267892e-05 -0.00090517282284678137
leaf_weight=20 23 38 22 20 21 29 36 20
leaf_count=20 23 38 22 20 21 29 36 20
internal_value=0 -1.58729e-05 -0.000652174 -0.0016875 0.000804878 0.000647059 0.000972973 -0.00225
internal_weight=0 189 115 64 41 51 74 40
internal_count=229 189 115 64 41 51 74 40
is_linear=0
shrinkage=0.03


Tree=239
num_leaves=9
num_cat=0
split_feature=1 3 0 1 3 4 1 1
split_gain=0.277048 0.264829 0.246291 0.498701 0.245703 0.217778 0.112808 0.0311688
threshold=0.028450000000000007 0.052500000000000012 0.7895000000000002 0.0046500000000000005 0.014050000000000002 0.063300000000000009 0.093100000000000002 0.18615000000000001
decision_type=2 2 2 2 2 2 2 2
left_child=2 4 3 -1 7 -6 -3 -2
right_child=1 6 -4 -5 5 -7 -8 -9
leaf_value=2.2631414589284779e-05 0.0009306778219012545 0.00021420182514507335 1.729627352258012e-05 -0.00017619171049958117 -0.0012236220421101218 -5.365539320379678e-05 1.0649735502564558e-05 0.005002057380978359
leaf_weight=20 22 32 31 22 25 20 37 20
leaf_count=20 22 32 31 22 25 20 37 20
internal_value=0 0.000307692 -0.00193151 -0.00342857 -0.000793103 -0.00233333 0.00169565 0.000857143
internal_weight=0 156 73 42 87 45 69 42
internal_count=229 156 73 42 87 45 69 42
is_linear=0
shrinkage=0.03


Tree=240
num_leaves=9
num_cat=0
split_feature=0 3 1 3 1 1 3 1
split_gain=0.183088 0.238757 0.20119 0.190476 0.166667 0.311111 0.169697 0.025
threshold=0.090150000000000008 0.23725000000000004 0.12140000000000002 0.028950000000000004 0.043150000000000001 0.020100000000000003 0.016750000000000004 0.14375000000000002
decision_type=2 2 2 2 2 2 2 2
left_child=7 2 4 -4 5 6 -2 -1
right_child=1 -3 3 -5 -6 -7 -8 -9
leaf_value=-2.1897461044783992e-05 0.0015812139477291568 0.00031026948769321492 0.0018325115838884068 6.2293022892557948e-05 -0.00020814857349103064 2.177752478170268e-05 -0.000160963907713337 -0.0010131051408938348
leaf_weight=20 20 21 35 25 36 30 22 20
leaf_count=20 20 21 35 25 36 30 22 20
internal_value=0 -1.58729e-05 -0.000392857 0.001 -0.00116667 -0.000333333 -0.002 -0.00225
internal_weight=0 189 168 60 108 72 42 40
internal_count=229 189 168 60 108 72 42 40
is_linear=0
shrinkage=0.03


Tree=241
num_leaves=9
num_cat=0
split_feature=0 3 1 0 0 0 0 1
split_gain=0.210028 0.23125 0.183834 0.257974 0.160959 0.118788 0.113553 0.025
threshold=0.090150000000000008 0.11425 0.020100000000000003 0.38355000000000006 0.6966500000000001 0.83065000000000011 0.35520000000000002 0.14375000000000002
decision_type=2 2 2 2 2 2 2 2
left_child=7 2 -2 -4 -5 -6 -3 -1
right_child=1 6 3 4 5 -7 -8 -9
leaf_value=-2.1240537213441382e-05 -0.0010632749097997283 0.00030096140306241914 2.220802305143197e-05 -0.00038418337654446311 0.0010885824279641149 -2.7220524293472261e-05 5.2594018751255092e-06 -0.00098271198666701962
leaf_weight=20 33 21 22 27 25 30 31 20
leaf_count=20 33 21 22 27 25 30 31 20
internal_value=0 0.000142857 -0.00050365 0.000115385 -0.000658536 0.000272727 0.00184615 -0.00225
internal_weight=0 189 137 104 82 55 52 40
internal_count=229 189 137 104 82 55 52 40
is_linear=0
shrinkage=0.03


Tree=242
num_leaves=9
num_cat=0
split_feature=4 4 1 4 0 0 4 1
split_gain=0.187438 0.205283 0.13516 0.274044 0.346699 0.180513 0.177309 0.129538
threshold=0.51200000000000012 0.38120000000000004 0.0091000000000000022 0.014350000000000002 0.78655000000000019 0.6966500000000001 0.21895000000000003 0.25150000000000006
decision_type=2 2 2 2 2 2 2 2
left_child=1 2 -1 -4 5 6 7 -5
right_child=-2 -3 3 4 -6 -7 -8 -9
leaf_value=-0.0068398964690375231 -0.00010840707570117265 0.0005984805857946544 0.0018493512419599403 -0.00047642900105859972 -0.00072595572283850479 9.3796228516936637e-05 0.00053761640832627338 6.0695815078421873e-06
leaf_weight=23 21 22 27 20 36 22 27 31
leaf_count=23 21 22 27 20 36 22 27 31
internal_value=0 0.000259615 -6.4516e-05 0.000239264 -0.000308823 0.0006 -7.6923e-05 -0.00111765
internal_weight=0 208 186 163 136 100 78 51
internal_count=229 208 186 163 136 100 78 51
is_linear=0
shrinkage=0.03


Tree=243
num_leaves=9
num_cat=0
split_feature=2 0 3 3 4 3 4 1
split_gain=0.242083 0.362675 0.512942 0.338151 0.244901 0.11475 0.0984848 0.00182002
threshold=1.0000000180025095e-35 0.47635000000000005 0.093600000000000017 0.052500000000000012 0.40630000000000005 0.016750000000000004 0.12435000000000002 0.043150000000000001
decision_type=2 2 2 2 2 2 2 2
left_child=1 2 -1 5 -4 7 -2 -3
right_child=6 3 4 -5 -6 -7 -8 -9
leaf_value=-0.00069890385629150511 2.2231059740874778e-05 0.00082208343088129542 -0.00038471877537650555 4.499260038789619e-05 0.0022634535168759903 -0.00016144454471721324 0.00013435616739263849 -0.00040755622646475878
leaf_weight=34 26 23 22 34 26 22 22 20
leaf_count=34 26 23 22 34 26 22 22 20
internal_value=0 -0.000646409 -0.00212195 0.000575758 -0.000125 -0.000692308 0.00175 0.000209302
internal_weight=0 181 82 99 48 65 48 43
internal_count=229 181 82 99 48 65 48 43
is_linear=0
shrinkage=0.03


Tree=244
num_leaves=10
num_cat=0
split_feature=1 1 1 1 1 1 0 3 0
split_gain=0.225564 0.181229 0.228062 0.215715 0.163636 0.1443 0.126984 0.108413 0.00021645
threshold=0.44870000000000004 0.25150000000000006 0.17295000000000002 0.020100000000000003 0.010200000000000002 0.043150000000000001 0.80525000000000013 0.11275000000000002 0.37620000000000003
decision_type=2 2 2 2 2 2 2 2 2
left_child=1 2 3 4 7 -5 8 -1 -7
right_child=-2 -3 -4 5 -6 6 -8 -9 -10
leaf_value=-0.0020518076848398473 -0.00062056374966391599 0.0017032607193810216 -0.0032990432487892004 1.9595356545659565e-05 -3.9077537181772607e-05 0.00017417887849558187 -0.00017131347873621677 0.00029366740523846383 0.00068990310223392788
leaf_weight=21 21 24 21 36 20 22 21 23 20
leaf_count=21 21 24 21 36 20 22 21 23 20
internal_value=0 0.000548077 0.000228261 0.000607362 -0.00075 0.00148485 0.000619048 0.000272727 0.00157143
internal_weight=0 208 184 163 64 99 63 44 42
internal_count=229 208 184 163 64 99 63 44 42
is_linear=0
shrinkage=0.03


Tree=245
num_leaves=8
num_cat=0
split_feature=1 0 3 3 4 1 1
split_gain=0.29533 0.16868 0.160754 0.177244 0.158818 0.129216 0.0307201
threshold=0.18615000000000001 0.89395000000000013 0.046950000000000013 0.23725000000000004 0.20365000000000003 0.051450000000000003 0.39040000000000002
decision_type=2 2 2 2 2 2 2
left_child=1 2 -1 5 6 -4 -2
right_child=4 -3 3 -5 -6 -7 -8
leaf_value=0.00047624160020212815 0.001235445413375425 -0.00091286023153741146 9.0232524238100072e-07 0.00026603996610177804 -0.00062044150784022615 -0.00013692963531280965 -6.657878885991325e-05
leaf_weight=32 21 36 38 37 22 23 20
leaf_count=32 21 36 38 37 22 23 20
internal_value=0 0.000650603 0.00115385 0.000551021 -0.0017619 -0.000442623 -0.000658536
internal_weight=0 166 130 98 63 61 41
internal_count=229 166 130 98 63 61 41
is_linear=0
shrinkage=0.03


Tree=246
num_leaves=8
num_cat=0
split_feature=1 4 1 0 1 3 1
split_gain=0.29533 0.158818 0.147445 0.182104 0.263299 0.115385 0.0307201
threshold=0.18615000000000001 0.20365000000000003 0.12140000000000002 0.30040000000000006 0.043150000000000001 0.052500000000000012 0.39040000000000002
decision_type=2 2 2 2 2 2 2
left_child=2 6 3 -1 5 -5 -2
right_child=1 -3 -4 4 -6 -7 -8
leaf_value=-0.00015482323474853328 0.0011983820509741633 -0.00060182826260501965 0.0050731947687871629 5.4482683825355361e-05 -0.00010357730383515189 1.7910279807928204e-05 -6.4581425194114764e-05
leaf_weight=32 21 22 21 39 35 39 20
leaf_count=32 21 22 21 39 35 39 20
internal_value=0 -0.0017619 0.000650603 0.000310345 0.000876106 0.00184615 -0.000658536
internal_weight=0 63 166 145 113 78 41
internal_count=229 63 166 145 113 78 41
is_linear=0
shrinkage=0.03


Tree=247
num_leaves=10
num_cat=0
split_feature=1 4 3 3 0 1 1 3 1
split_gain=0.252741 0.158818 0.156382 0.233042 0.0797647 0.148707 0.0920454 0.0371212 0.0307201
threshold=0.18615000000000001 0.20365000000000003 0.23725000000000004 0.13455000000000003 0.61050000000000015 0.06975000000000002 0.036650000000000009 0.008550000000000002 0.39040000000000002
decision_type=2 2 2 2 2 2 2 2 2
left_child=2 8 3 4 -1 6 7 -6 -2
right_child=1 -3 -4 -5 5 -7 -8 -9 -10
leaf_value=-0.00013174704923640698 0.0011624305894449398 -0.00058377341472686905 0.00026270346416118088 -2.8189852914892576e-05 0.0015989060291352341 0.0046721684190821422 -0.0003202838466290713 5.7058483622024543e-05 -6.264398243829012e-05
leaf_weight=22 21 22 37 20 20 23 20 24 20
leaf_count=22 21 22 37 20 20 23 20 24 20
internal_value=0 -0.0017619 0.00046988 -2.32557e-05 0.000522936 0.000931035 0.0001875 0.000954546 -0.000658536
internal_weight=0 63 166 129 109 87 64 44 41
internal_count=229 63 166 129 109 87 64 44 41
is_linear=0
shrinkage=0.03


Tree=248
num_leaves=9
num_cat=0
split_feature=3 1 0 0 0 1 1 3
split_gain=0.230784 0.244826 0.229723 0.248091 0.208997 0.213333 0.116244 0.0281069
threshold=0.05390000000000001 0.043150000000000001 0.78655000000000019 0.47635000000000005 0.30040000000000006 0.035550000000000005 0.051450000000000003 0.0074000000000000012
decision_type=2 2 2 2 2 2 2 2
left_child=1 7 3 -3 5 -2 -6 -1
right_child=4 2 -4 -5 6 -7 -8 -9
leaf_value=0.0015509388482611763 -0.0003479488368841741 -0.00055085497003341723 -0.0012786254450238147 0.0064969362863644712 1.8575631711611299e-05 0.00010892775741658875 0.00093305888410253669 6.3665283318753028e-05
leaf_weight=20 20 32 24 21 39 30 22 21
leaf_count=20 20 32 24 21 39 30 22 21
internal_value=0 -0.0010678 -0.00206493 -0.000962264 0.000837838 -0.0006 0.00201639 0.000804878
internal_weight=0 118 77 53 111 50 61 41
internal_count=229 118 77 53 111 50 61 41
is_linear=0
shrinkage=0.03


Tree=249
num_leaves=9
num_cat=0
split_feature=3 3 0 4 1 0 0 0
split_gain=0.361657 0.231342 0.198433 0.137845 0.0865191 0.0824551 0.0484848 0.025
threshold=0.052500000000000012 0.014050000000000002 0.2109 0.063300000000000009 0.051450000000000003 0.78655000000000019 0.071800000000000017 0.9406000000000001
decision_type=2 2 2 2 2 2 2 2
left_child=1 5 6 -3 -4 -1 -2 -7
right_child=2 3 4 -5 -6 7 -8 -9
leaf_value=0.0063020281977735427 0.00013600953972939603 -0.00028657084022717342 1.3275421500707946e-05 -0.000459392458960543 1.3953735209023095e-05 -0.00048403169654939743 -0.00057006266538332372 0.0015044106828133381
leaf_weight=21 24 30 43 23 28 20 20 20
leaf_count=21 24 30 43 23 28 20 20 20
internal_value=0 -0.00121053 0.00117391 -0.00266038 0.00215493 4.91804e-05 -0.000409091 -0.00075
internal_weight=0 114 115 53 71 61 44 40
internal_count=229 114 115 53 71 61 44 40
is_linear=0
shrinkage=0.03


Tree=250
num_leaves=8
num_cat=0
split_feature=3 4 1 0 3 0 0
split_gain=0.220162 0.233948 0.203903 0.544283 0.154589 0.119861 0.276923
threshold=0.052500000000000012 0.014350000000000002 0.25150000000000006 0.85910000000000009 0.086650000000000019 0.2109 0.57005000000000006
decision_type=2 2 2 2 2 2 2
left_child=1 -1 3 -3 -2 -6 -7
right_child=4 2 -4 -5 5 6 -8
leaf_value=0.00082486291626113683 4.4838390335049886e-05 -0.0021336425224344762 3.5247707956176894e-05 0.0044405501944817117 -0.00023122740978016366 0.00017675069971954564 -4.3457142325360369e-06
leaf_weight=33 25 27 31 23 38 32 20
leaf_count=33 25 27 31 23 38 32 20
internal_value=0 -0.000947368 -0.00181481 -0.003 0.000913044 0.000333333 0.00126923
internal_weight=0 114 81 50 115 90 52
internal_count=229 114 81 50 115 90 52
is_linear=0
shrinkage=0.03


Tree=251
num_leaves=9
num_cat=0
split_feature=3 3 3 4 0 4 0 0
split_gain=0.220704 0.231342 0.195652 0.177638 0.185956 0.137845 0.0824551 0.025
threshold=0.052500000000000012 0.014050000000000002 0.086650000000000019 0.21895000000000003 0.2109 0.063300000000000009 0.78655000000000019 0.9406000000000001
decision_type=2 2 2 2 2 2 2 2
left_child=1 6 -2 -4 -5 -3 -1 -8
right_child=2 5 3 4 -6 -7 7 -9
leaf_value=0.0061769766275133675 4.3493238624997215e-05 -0.00023368700897528327 -4.5179664440397763e-06 2.939590602731544e-06 0.0011653432528375585 -0.00044666811643040883 -0.00042522404254672724 0.0014345324748411027
leaf_weight=21 25 30 31 35 24 23 20 20
leaf_count=21 25 30 31 35 24 23 20 20
internal_value=0 -0.00121053 0.000652174 1.11759e-10 0.000966102 -0.00266038 4.91804e-05 -0.00075
internal_weight=0 114 115 90 59 53 61 40
internal_count=229 114 115 90 59 53 61 40
is_linear=0
shrinkage=0.03


Tree=252
num_leaves=9
num_cat=0
split_feature=4 0 0 3 3 0 3 3
split_gain=0.173141 0.214531 0.258426 0.149358 0.28243 0.212675 0.128835 0.0311688
threshold=0.21895000000000003 0.2109 0.05995000000000001 0.014050000000000002 0.028950000000000004 0.72525000000000006 0.0020500000000000006 0.11965000000000002
decision_type=2 2 2 2 2 2 2 2
left_child=3 2 -2 6 -5 7 -1 -6
right_child=1 -3 -4 4 5 -7 -8 -9
leaf_value=-0.0018570718515528431 0.0012096463150749897 6.9570794468362232e-05 -0.0019472944510378592 -0.0013265033728935777 6.5236937199687414e-05 -2.0824786078542884e-05 0.0021660974502951767 1.2275124765912597e-07
leaf_weight=20 25 30 21 25 22 27 39 20
leaf_count=20 25 30 21 25 22 27 39 20
internal_value=0 0.00102632 -0.000260869 -0.00072549 -0.00146808 -0.000478261 0.000457627 0.000857143
internal_weight=0 76 46 153 94 69 59 42
internal_count=229 76 46 153 94 69 59 42
is_linear=0
shrinkage=0.03


Tree=253
num_leaves=8
num_cat=0
split_feature=3 4 1 0 3 0 0
split_gain=0.220162 0.233948 0.203903 0.544283 0.154589 0.119861 0.160256
threshold=0.052500000000000012 0.014350000000000002 0.25150000000000006 0.85910000000000009 0.086650000000000019 0.2109 0.52445000000000019
decision_type=2 2 2 2 2 2 2
left_child=1 -1 3 -3 -2 -6 -7
right_child=4 2 -4 -5 5 6 -8
leaf_value=0.00073673228477610887 2.6498419587934878e-05 -0.002042496091203889 4.5633212094414143e-05 0.0043592509464727884 -0.00023225570298374652 0.0012767012048998485 -1.430438008128383e-06
leaf_weight=33 25 27 31 23 38 25 27
leaf_count=33 25 27 31 23 38 25 27
internal_value=0 -0.000947368 -0.00181481 -0.003 0.000913044 0.000333333 0.00126923
internal_weight=0 114 81 50 115 90 52
internal_count=229 114 81 50 115 90 52
is_linear=0
shrinkage=0.03


Tree=254
num_leaves=9
num_cat=0
split_feature=3 4 3 1 3 1 1 1
split_gain=0.168722 0.114733 0.189963 0.118094 0.138942 0.0808081 0.189394 0.0272727
threshold=0.30785000000000007 0.47910000000000003 0.028950000000000004 0.043150000000000001 0.012550000000000002 0.12140000000000002 0.051450000000000003 0.020100000000000003
decision_type=2 2 2 2 2 2 2 2
left_child=1 2 3 -1 -5 6 7 -4
right_child=-2 -3 5 4 -6 -7 -8 -9
leaf_value=0.00094202735656785718 -2.7679932482791029e-05 -0.00035247470612438149 1.263490150559189e-05 0.00048222856757993977 -0.002071767736821961 0.00030266839102424767 -3.2378503074530683e-05 2.235847152541303e-05
leaf_weight=34 24 20 20 32 20 33 22 24
leaf_count=34 24 20 20 32 20 33 22 24
internal_value=0 0.000658537 0.000891892 -0.000139535 -0.00103846 0.00178788 0.00118182 0.00231818
internal_weight=0 205 185 86 52 99 66 44
internal_count=229 205 185 86 52 99 66 44
is_linear=0
shrinkage=0.03


Tree=255
num_leaves=9
num_cat=0
split_feature=2 4 3 3 0 3 0 4
split_gain=0.188691 0.136818 0.268141 0.303888 0.250401 0.206251 0.104762 0.08
threshold=0.00065000000000000008 0.24220000000000003 0.13455000000000003 0.028950000000000004 0.2109 0.014050000000000002 0.72205000000000008 0.014350000000000002
decision_type=2 2 2 2 2 2 2 2
left_child=1 2 3 5 -3 7 -5 -1
right_child=-2 4 -4 6 -6 -7 -8 -9
leaf_value=0.0011411635423210563 0.00011601037391424589 -0.00020238426316526137 -3.6850993193919971e-05 -9.8224397475439081e-08 0.00027897878361039758 -0.0018706799218762263 0.0011105801698784693 -0.00057248121767901404
leaf_weight=25 31 39 21 20 25 21 22 25
leaf_count=25 31 39 21 20 25 21 22 25
internal_value=0 -0.000484848 -0.00102985 -0.000451327 0.00065625 -0.00164789 0.00157143 -0.0006
internal_weight=0 198 134 113 64 71 42 50
internal_count=229 198 134 113 64 71 42 50
is_linear=0
shrinkage=0.03


Tree=256
num_leaves=8
num_cat=0
split_feature=2 1 1 4 3 3 3
split_gain=0.213373 0.141755 0.165913 0.122622 0.362319 0.140916 0.100595
threshold=0.00045000000000000004 0.024900000000000002 0.0054500000000000009 0.24220000000000003 0.072800000000000017 0.028950000000000004 0.011450000000000002
decision_type=2 2 2 2 2 2 2
left_child=1 2 -1 4 5 6 -3
right_child=-2 3 -4 -5 -6 -7 -8
leaf_value=-0.0018652621373684525 7.2371458136781132e-05 -0.00027310328032448445 2.6174889168507632e-05 0.00032675351983471764 -3.6981815770395188e-05 0.00021165336469449443 -0.0019534943070610143
leaf_weight=31 35 28 35 36 23 21 20
leaf_count=31 35 28 35 36 23 21 20
internal_value=0 -0.000402062 0.000727273 -0.000984375 -0.00156522 -0.000478261 -0.001375
internal_weight=0 194 66 128 92 69 48
internal_count=229 194 66 128 92 69 48
is_linear=0
shrinkage=0.03


Tree=257
num_leaves=8
num_cat=0
split_feature=2 1 3 3 0 3 1
split_gain=0.212091 0.170935 0.156547 0.138752 0.184627 0.14881 0.025
threshold=0.00065000000000000008 0.18615000000000001 0.014050000000000002 0.082900000000000015 0.89395000000000013 0.23725000000000004 0.033950000000000008
decision_type=2 2 2 2 2 2 2
left_child=1 3 -3 4 -1 6 -5
right_child=-2 2 -4 5 -6 -7 -8
leaf_value=0.0025153029640313821 0.00011035891895271591 0.0042057473454663727 -0.002334671192535043 -1.7705816494889421e-05 -0.0017559546572108284 0.00030815622106855942 -5.4640580973511418e-05
leaf_weight=39 31 20 33 20 31 35 20
leaf_count=39 31 20 33 20 31 35 20
internal_value=0 -0.000636364 -0.00209434 -0.000103448 0.000857143 -0.001 -0.00225
internal_weight=0 198 53 145 70 75 40
internal_count=229 198 53 145 70 75 40
is_linear=0
shrinkage=0.03


Tree=258
num_leaves=8
num_cat=0
split_feature=2 4 1 1 4 0 0
split_gain=0.188691 0.134954 0.373476 0.14766 0.228964 0.360772 0.0757576
threshold=0.00065000000000000008 0.014350000000000002 0.0039500000000000013 0.25150000000000006 0.047750000000000008 0.30040000000000006 0.6966500000000001
decision_type=2 2 2 2 2 2 2
left_child=1 -1 -3 4 -4 -6 -7
right_child=-2 2 3 -5 5 6 -8
leaf_value=0.00013865703509570343 0.00010704815138413419 0.00059007071549090236 -0.0012173821213870434 0.0001295448650086399 -0.0018087731188429338 -7.4441031442239665e-06 0.0010723016036368238
leaf_weight=34 31 20 24 34 31 33 22
leaf_count=34 31 20 24 34 31 33 22
internal_value=0 -0.000484848 -0.000841463 -0.001375 -0.00190909 -0.00118605 0.000272727
internal_weight=0 198 164 144 110 86 55
internal_count=229 198 164 144 110 86 55
is_linear=0
shrinkage=0.03


Tree=259
num_leaves=9
num_cat=0
split_feature=2 3 1 0 0 0 4 0
split_gain=0.145994 0.0998851 0.236527 0.203447 0.170455 0.137392 0.187329 0.112427
threshold=0.00065000000000000008 0.028950000000000004 0.043150000000000001 0.2109 0.68875000000000008 0.45270000000000005 0.1024 0.071800000000000017
decision_type=2 2 2 2 2 2 2 2
left_child=1 2 -1 7 -4 -5 -7 -3
right_child=-2 3 4 5 -6 6 -8 -9
leaf_value=0.00023697313877104638 0.0001038367068426104 2.9562563355190489e-05 0.0012032605900080008 6.7684144101720314e-05 -0.0031986591185819984 6.9240097756772222e-05 -1.0677919002127794e-05 -0.0019806596761586122
leaf_weight=30 31 21 24 26 20 30 27 20
leaf_count=30 31 21 24 26 20 30 27 20
internal_value=0 -0.000181818 -0.00105405 0.00033871 -0.00245455 0.00119277 0.000368421 -0.00139024
internal_weight=0 198 74 124 44 83 57 41
internal_count=229 198 74 124 44 83 57 41
is_linear=0
shrinkage=0.03


Tree=260
num_leaves=8
num_cat=0
split_feature=2 4 1 0 0 1 1
split_gain=0.145994 0.0915938 0.305725 0.168056 0.17507 0.257398 0.247036
threshold=0.00065000000000000008 0.014350000000000002 0.0039500000000000013 0.090150000000000008 0.38355000000000006 0.03815000000000001 0.099950000000000011
decision_type=2 2 2 2 2 2 2
left_child=1 -1 -3 -4 -5 -6 -7
right_child=-2 2 3 4 5 6 -8
leaf_value=0.00012738812987969698 0.00010072160563733216 0.00062575771929980646 -0.0022241271063353852 6.4751437783645385e-05 1.8756842067774756e-05 -0.00018470903422614598 -0.00026987856198503965
leaf_weight=34 31 20 24 35 30 23 32
leaf_count=34 31 20 24 35 30 23 32
internal_value=0 -0.000181818 -0.00047561 -0.000958333 -0.0005 -0.00123529 -0.00245455
internal_weight=0 198 164 144 120 85 55
internal_count=229 198 164 144 120 85 55
is_linear=0
shrinkage=0.03


Tree=261
num_leaves=9
num_cat=0
split_feature=2 0 0 0 1 3 1 3
split_gain=0.126696 0.10169 0.232092 0.182039 0.149205 0.148205 0.139296 0.0670635
threshold=0.00065000000000000008 0.2109 0.38355000000000006 0.53380000000000016 0.043150000000000001 0.23725000000000004 0.11500000000000002 0.011450000000000002
decision_type=2 2 2 2 2 2 2 2
left_child=1 5 -3 -4 7 -1 -6 -5
right_child=-2 2 3 4 6 -7 -8 -9
leaf_value=-0.00061861829403231751 9.769995746821184e-05 6.2808894515700931e-05 -1.0561545871128136e-05 -0.0007420303466021893 -0.00021304866498030248 0.00029686404104997449 0.0018964834465858079 3.3102668928098849e-05
leaf_weight=26 31 25 21 20 21 24 25 36
leaf_count=26 31 25 21 20 21 24 25 36
internal_value=0 -3.03029e-05 0.000364865 -0.000170732 0.000352941 -0.0012 -0.000913043 0.00139286
internal_weight=0 198 148 123 102 50 46 56
internal_count=229 198 148 123 102 50 46 56
is_linear=0
shrinkage=0.03


Tree=262
num_leaves=9
num_cat=0
split_feature=2 0 0 0 1 3 1 3
split_gain=0.126696 0.10169 0.232092 0.182039 0.149205 0.148205 0.139296 0.0670635
threshold=0.00065000000000000008 0.2109 0.38355000000000006 0.53380000000000016 0.043150000000000001 0.23725000000000004 0.11500000000000002 0.011450000000000002
decision_type=2 2 2 2 2 2 2 2
left_child=1 5 -3 -4 7 -1 -6 -5
right_child=-2 2 3 4 6 -7 -8 -9
leaf_value=-0.00060005974521134815 9.4768958744165165e-05 6.0924627680229659e-05 -1.0244699494993753e-05 -0.00071976943620411925 -0.00020665720503089391 0.00028795811981847485 0.0018395889431882346 3.2109588860256252e-05
leaf_weight=26 31 25 21 20 21 24 25 36
leaf_count=26 31 25 21 20 21 24 25 36
internal_value=0 -3.03029e-05 0.000364865 -0.000170732 0.000352941 -0.0012 -0.000913043 0.00139286
internal_weight=0 198 148 123 102 50 46 56
internal_count=229 198 148 123 102 50 46 56
is_linear=0
shrinkage=0.03


Tree=263
num_leaves=9
num_cat=0
split_feature=2 3 1 0 0 0 4 0
split_gain=0.145994 0.0998851 0.236527 0.203447 0.170455 0.137392 0.187329 0.112427
threshold=0.00065000000000000008 0.028950000000000004 0.043150000000000001 0.2109 0.68875000000000008 0.45270000000000005 0.1024 0.071800000000000017
decision_type=2 2 2 2 2 2 2 2
left_child=1 2 -1 7 -4 -5 -7 -3
right_child=-2 3 4 5 -6 6 -8 -9
leaf_value=0.00026531526005355466 9.1925889981840298e-05 4.6463294440395675e-05 0.0011420714049492845 5.999907097928091e-05 -0.0031944733371195642 6.4643821828386483e-05 -6.8130837440962928e-06 -0.0018797554541417935
leaf_weight=30 31 21 24 26 20 30 27 20
leaf_count=30 31 21 24 26 20 30 27 20
internal_value=0 -0.000181818 -0.00105405 0.00033871 -0.00245455 0.00119277 0.000368421 -0.00139024
internal_weight=0 198 74 124 44 83 57 41
internal_count=229 198 74 124 44 83 57 41
is_linear=0
shrinkage=0.03


Tree=264
num_leaves=9
num_cat=0
split_feature=2 0 0 0 1 3 1 3
split_gain=0.126696 0.10169 0.232092 0.182039 0.149205 0.148205 0.139296 0.0670635
threshold=0.00065000000000000008 0.2109 0.38355000000000006 0.53380000000000016 0.043150000000000001 0.23725000000000004 0.11500000000000002 0.011450000000000002
decision_type=2 2 2 2 2 2 2 2
left_child=1 5 -3 -4 7 -1 -6 -5
right_child=-2 2 3 4 6 -7 -8 -9
leaf_value=-0.00057099268873996533 8.9168113282384542e-05 5.7296916720443237e-05 -9.7329659978199372e-06 -0.00070613581091959394 -0.00020025309643152979 0.00029526144810844841 0.0018281969334487344 3.0278840011381536e-05
leaf_weight=26 31 25 21 20 21 24 25 36
leaf_count=26 31 25 21 20 21 24 25 36
internal_value=0 -3.03029e-05 0.000364865 -0.000170732 0.000352941 -0.0012 -0.000913043 0.00139286
internal_weight=0 198 148 123 102 50 46 56
internal_count=229 198 148 123 102 50 46 56
is_linear=0
shrinkage=0.03


Tree=265
num_leaves=9
num_cat=0
split_feature=3 3 4 3 2 1 3 3
split_gain=0.150659 0.186929 0.168587 0.105576 0.150443 0.154982 0.205594 0.0815603
threshold=0.30785000000000007 0.18280000000000005 0.37555000000000005 0.052500000000000012 1.0000000180025095e-35 0.043150000000000001 0.014050000000000002 0.11230000000000001
decision_type=2 2 2 2 2 2 2 2
left_child=1 2 3 4 5 -1 -7 -5
right_child=-2 -3 -4 7 -6 6 -8 -9
leaf_value=6.5292254520281517e-05 -6.8551204473590369e-06 0.0014197212441285432 -8.4315604687586809e-05 0.0015494198262861825 6.6413745571401915e-05 -9.0152827613793266e-05 -0.0013390757199140788 6.6913332746113952e-06
leaf_weight=31 24 24 23 23 28 30 22 24
leaf_count=31 24 24 23 23 28 30 22 24
internal_value=0 0.000512195 0.000182321 0.000531646 2.70271e-05 -0.000614458 -0.00161538 0.0017234
internal_weight=0 205 181 158 111 83 52 47
internal_count=229 205 181 158 111 83 52 47
is_linear=0
shrinkage=0.03


Tree=266
num_leaves=8
num_cat=0
split_feature=1 1 2 3 1 4 3
split_gain=0.179403 0.355178 0.228923 0.14718 0.184586 0.160256 0.108665
threshold=0.028450000000000007 0.011150000000000002 0.00045000000000000004 0.044550000000000006 0.18615000000000001 0.20365000000000003 0.10560000000000001
decision_type=2 2 2 2 2 2 2
left_child=1 6 3 4 -2 -5 -1
right_child=2 -3 -4 5 -6 -7 -8
leaf_value=-0.0014195055261495824 0.00021297576443820966 -2.4077597000961806e-05 0.0010742390412601423 0.00020481714073388466 -0.0026016605990324343 4.0484720220295773e-06 0.00038967505957713627
leaf_weight=22 28 26 31 25 33 39 25
leaf_count=22 28 26 31 25 33 39 25
internal_value=0 -0.00110959 0.000692308 0.00012 -0.000934426 0.001125 0.000446809
internal_weight=0 73 156 125 61 64 47
internal_count=229 73 156 125 61 64 47
is_linear=0
shrinkage=0.03


Tree=267
num_leaves=9
num_cat=0
split_feature=1 1 0 1 3 3 4 0
split_gain=0.176866 0.164859 0.282979 0.753463 0.070848 0.249323 0.146741 0.0846169
threshold=0.39040000000000002 0.028450000000000007 0.7895000000000002 0.0046500000000000005 0.044550000000000006 0.019650000000000004 0.20365000000000003 0.18435000000000004
decision_type=2 2 2 2 2 2 2 2
left_child=1 2 3 -1 5 -3 -6 -8
right_child=-2 4 -4 -5 6 -7 7 -9
leaf_value=0.00017687419218620262 -0.00010319158262071805 0.00019602068817778682 6.4055917919151749e-05 -3.5574332528832888e-05 0.0009722687365760239 -0.0014170375797536295 0.0008407494277166966 -1.1067314212438338e-06
leaf_weight=20 27 37 31 22 28 21 21 22
leaf_count=20 27 37 31 22 28 21 21 22
internal_value=0 2.97031e-05 -0.00110959 -0.00271429 0.000674419 -0.000103448 0.00130986 0.000209302
internal_weight=0 202 73 42 129 58 71 43
internal_count=229 202 73 42 129 58 71 43
is_linear=0
shrinkage=0.03


Tree=268
num_leaves=9
num_cat=0
split_feature=1 1 0 0 0 1 1 3
split_gain=0.157129 0.139583 0.157294 0.428949 0.23119 0.168415 0.10554 0.106977
threshold=0.39040000000000002 0.22480000000000003 0.7895000000000002 0.45270000000000005 0.2109 0.039200000000000006 0.043150000000000001 0.0074000000000000012
decision_type=2 2 2 2 2 2 2 2
left_child=1 2 3 4 -1 -5 7 -4
right_child=-2 -3 6 5 -6 -7 -8 -9
leaf_value=-4.8020368288167864e-05 -0.00010009583514209741 0.0018969355483202726 0.0013922458700888914 -1.0279149879882916e-05 0.00093794078475070719 -0.0001039725246321578 -1.7349491710365576e-05 0.0004661503896921192
leaf_weight=39 27 27 20 22 22 26 23 23
leaf_count=39 27 27 20 22 22 26 23 23
internal_value=0 -0.000118812 -0.000428571 -0.00112844 0.000540984 -0.00325 0.000727273 0.00160465
internal_weight=0 202 175 109 61 48 66 43
internal_count=229 202 175 109 61 48 66 43
is_linear=0
shrinkage=0.03


Tree=269
num_leaves=9
num_cat=0
split_feature=4 1 1 2 0 1 0 0
split_gain=0.17991 0.399762 0.654647 0.24363 0.221569 0.194655 0.0517695 0.0371212
threshold=0.014350000000000002 0.0039500000000000013 0.028450000000000007 0.00045000000000000004 0.73990000000000011 0.21895000000000001 0.30040000000000006 0.42035000000000006
decision_type=2 2 2 2 2 2 2 2
left_child=-1 -2 -3 4 5 7 -7 -4
right_child=1 2 3 -5 -6 6 -8 -9
leaf_value=0.00018093693205603744 0.00066419200672315098 -3.365969684627442e-05 0.00050917195695786039 0.00077431531097035215 -0.0012387658190716358 -0.0010943979166195006 0.00031864345975142732 2.5437785549174819e-05
leaf_weight=37 21 33 24 29 22 20 23 20
leaf_count=37 21 33 24 29 22 20 23 20
internal_value=0 -0.00090625 -0.00138596 -0.000478261 -0.00112844 -0.000448276 -0.00188372 0.000954546
internal_weight=0 192 171 138 109 87 43 44
internal_count=229 192 171 138 109 87 43 44
is_linear=0
shrinkage=0.03


Tree=270
num_leaves=9
num_cat=0
split_feature=0 1 1 1 0 4 4 1
split_gain=0.259784 0.35594 1.03052 0.34578 0.20202 0.158818 0.13515 0.0307201
threshold=0.7895000000000002 0.028450000000000007 0.0046500000000000005 0.18615000000000001 0.89395000000000013 0.20365000000000003 0.20675000000000002 0.39040000000000002
decision_type=2 2 2 2 2 2 2 2
left_child=1 2 -1 6 -2 7 -3 -5
right_child=4 3 -4 5 -6 -7 -8 -9
leaf_value=0.00015308281726756902 4.8187071092249219e-05 0.0020891162461103823 -3.2718474767191375e-05 0.00093270631868766615 -0.00064895462463330676 -0.00079990271676545397 2.0018935605473165e-05 -2.6505268252678711e-05
leaf_weight=20 30 27 22 21 36 22 31 20
leaf_count=20 30 27 22 21 36 22 31 20
internal_value=0 -0.00104908 -0.00342857 -0.00022314 0.00118182 -0.0017619 0.00144828 -0.000658536
internal_weight=0 163 42 121 66 63 58 41
internal_count=229 163 42 121 66 63 58 41
is_linear=0
shrinkage=0.03


Tree=271
num_leaves=9
num_cat=0
split_feature=0 4 0 1 0 1 3 4
split_gain=0.304417 0.341867 0.350009 0.241417 0.20202 0.185795 0.144141 0.0952381
threshold=0.7895000000000002 0.21895000000000003 0.34820000000000007 0.055250000000000007 0.89395000000000013 0.04080000000000001 0.031000000000000003 0.37555000000000005
decision_type=2 2 2 2 2 2 2 2
left_child=1 2 -1 -4 -2 -3 -5 -7
right_child=4 5 3 6 -6 7 -8 -9
leaf_value=-0.00012023332041896157 4.6741458959481943e-05 -5.2321476083333347e-06 -3.1805488656336333e-05 -0.0018365850202021565 -0.00062948598589431036 0.0020309693562062621 0.0028739614694937255 1.9418383802669336e-05
leaf_weight=20 30 34 21 25 36 21 21 21
leaf_count=20 30 34 21 25 36 21 21 21
internal_value=0 -0.00123313 -0.00251724 -0.00147761 0.00118182 0.000236842 -0.000260869 0.00157143
internal_weight=0 163 87 67 66 76 46 42
internal_count=229 163 87 67 66 76 46 42
is_linear=0
shrinkage=0.03


Tree=272
num_leaves=9
num_cat=0
split_feature=0 4 0 1 4 0 0 3
split_gain=0.352586 0.378571 0.347222 0.340278 0.245295 0.26501 0.20202 0.162645
threshold=0.7895000000000002 0.27155000000000001 0.34820000000000007 0.055250000000000007 0.37555000000000005 0.071800000000000017 0.89395000000000013 0.031000000000000003
decision_type=2 2 2 2 2 2 2 2
left_child=1 2 -1 -4 -3 -6 -2 -5
right_child=6 4 3 7 5 -7 -8 -9
leaf_value=-4.9265540514520942e-05 4.5339215190695986e-05 0.0024602326021541058 -2.3761022485002953e-05 -0.0017814874695960894 0.002691508382501403 -0.00096907245310435381 -0.0006106014063174814 0.0030460725353564171
leaf_weight=24 30 21 24 25 21 25 36 23
leaf_count=24 30 21 24 25 21 25 36 23
internal_value=0 -0.00141718 -0.002625 -0.00158333 0.000313433 -0.000913043 0.00118182 -0.000125
internal_weight=0 163 96 72 67 46 66 48
internal_count=229 163 96 72 67 46 66 48
is_linear=0
shrinkage=0.03


Tree=273
num_leaves=8
num_cat=0
split_feature=0 1 1 3 0 0 4
split_gain=0.304417 0.532248 0.728139 0.302846 0.260116 0.20202 0.110993
threshold=0.7895000000000002 0.028450000000000007 0.0046500000000000005 0.044550000000000006 0.47635000000000005 0.89395000000000013 0.24220000000000003
decision_type=2 2 2 2 2 2 2
left_child=1 2 -1 4 -3 -2 -5
right_child=5 3 -4 6 -6 -7 -8
leaf_value=7.4146491968563237e-05 4.3979038734975704e-05 -0.00055648295939393709 -0.00010355112628129541 -9.7365523872290177e-06 0.0047394159030319863 -0.00059228336412795574 0.00063575460648491306
leaf_weight=20 30 25 22 38 22 36 36
leaf_count=20 30 25 22 38 22 36 36
internal_value=0 -0.00123313 -0.00414286 -0.00022314 -0.00210638 0.00118182 0.000972973
internal_weight=0 163 42 121 47 66 74
internal_count=229 163 42 121 47 66 74
is_linear=0
shrinkage=0.03


Tree=274
num_leaves=8
num_cat=0
split_feature=1 0 1 1 4 1 0
split_gain=0.231504 0.537382 0.728139 0.301878 0.200879 0.177536 0.305572
threshold=0.028450000000000007 0.7895000000000002 0.0046500000000000005 0.043150000000000001 0.24220000000000003 0.099950000000000011 0.47635000000000005
decision_type=2 2 2 2 2 2 2
left_child=1 2 -1 -2 5 -5 -7
right_child=3 -3 -4 4 -6 6 -8
leaf_value=7.1922097209506022e-05 0.00041209603705498547 0.00011337351604262218 -0.00010044459249285663 -0.00030283891058152722 0.00062280219063216694 -8.8704824771817787e-05 0.0042718301765197223
leaf_weight=20 27 31 22 23 37 32 37
leaf_count=20 27 31 22 23 37 32 37
internal_value=0 -0.00193151 -0.00414286 0.000115385 -0.000488372 -0.00123913 -0.000478261
internal_weight=0 73 42 156 129 92 69
internal_count=229 73 42 156 129 92 69
is_linear=0
shrinkage=0.03


Tree=275
num_leaves=10
num_cat=0
split_feature=0 1 4 0 0 0 1 3 3
split_gain=0.191701 0.241429 0.213333 0.106791 0.121212 0.195346 0.10554 0.106977 0.0952381
threshold=0.30040000000000006 0.028450000000000007 0.27155000000000001 0.43025000000000008 0.7895000000000002 0.71340000000000015 0.043150000000000001 0.0074000000000000012 0.093600000000000017
decision_type=2 2 2 2 2 2 2 2 2
left_child=1 -1 -3 -2 5 8 7 -6 -5
right_child=3 2 -4 4 6 -7 -8 -9 -10
leaf_value=-0.00024522806841492569 0.0024752105227935648 -0.00012958733552660299 0.00056675426483053168 -5.0542789116980732e-06 0.0014160889419724423 -2.4535934621518011e-05 -7.365651721903373e-05 0.00048926094388891369 2.640821286363553e-06
leaf_weight=20 27 20 30 21 20 24 23 23 21
leaf_count=20 27 20 30 21 20 24 23 23 21
internal_value=0 -0.00171429 -0.0006 0.000169811 -0.000181818 -0.00109091 0.000727273 0.00160465 0.000142857
internal_weight=0 70 50 159 132 66 66 43 42
internal_count=229 70 50 159 132 66 66 43 42
is_linear=0
shrinkage=0.03


Tree=276
num_leaves=9
num_cat=0
split_feature=0 0 3 1 3 2 4 1
split_gain=0.223818 0.474094 0.119467 0.232769 0.245354 0.178234 0.118788 0.0726817
threshold=0.34820000000000007 0.14980000000000002 0.028950000000000004 0.043150000000000001 0.0096500000000000023 1.0000000180025095e-35 0.38120000000000004 0.03815000000000001
decision_type=2 2 2 2 2 2 2 2
left_child=1 6 3 -2 -5 7 -1 -4
right_child=2 -3 5 4 -6 -7 -8 -9
leaf_value=-0.0005027242328361389 0.00099534790203298514 -7.0583192505849069e-05 2.3758856850970038e-05 0.0043328456362292361 -0.001433738368482182 -2.3282543654372248e-05 0.00060482129441804611 0.00035159612107426907
leaf_weight=25 34 21 29 21 20 21 30 28
leaf_count=25 34 21 29 21 20 21 30 28
internal_value=0 -0.00173684 0.000254902 -0.0006 -0.00212195 0.00107692 -0.000272727 0.00194737
internal_weight=0 76 153 75 41 78 55 57
internal_count=229 76 153 75 41 78 55 57
is_linear=0
shrinkage=0.03


Tree=277
num_leaves=8
num_cat=0
split_feature=2 0 3 4 4 3 1
split_gain=0.290495 0.225296 0.398901 0.106538 0.463096 0.139312 0.1
threshold=0.00065000000000000008 0.34820000000000007 0.23725000000000004 0.014350000000000002 0.036200000000000003 0.082900000000000015 0.11080000000000002
decision_type=2 2 2 2 2 2 2
left_child=1 2 -1 -3 -5 6 -6
right_child=-2 3 -4 4 5 -7 -8
leaf_value=-0.00013083970053489027 2.1723500268098562e-05 0.00051122758270657294 9.0133793707691232e-05 -0.0032404356707661313 0.002428817378153693 -6.2139980739365205e-06 0.0019814783047664426
leaf_weight=35 31 32 30 24 20 37 20
leaf_count=35 31 32 30 24 20 37 20
internal_value=0 -0.00109091 -0.00253846 -0.000383459 -0.000861386 0.000272727 0.0015
internal_weight=0 198 65 133 101 77 40
internal_count=229 198 65 133 101 77 40
is_linear=0
shrinkage=0.03


Tree=278
num_leaves=8
num_cat=0
split_feature=2 0 3 1 1 0 1
split_gain=0.262993 0.274927 0.398901 0.162845 0.301382 0.14359 0.114433
threshold=0.00065000000000000008 0.34820000000000007 0.23725000000000004 0.03815000000000001 0.06975000000000002 0.72525000000000006 0.18615000000000001
decision_type=2 2 2 2 2 2 2
left_child=1 2 -1 5 -5 -3 -6
right_child=-2 3 -4 4 6 -7 -8
leaf_value=-0.00012691450951884421 2.1071795260056215e-05 1.6056062365287922e-05 8.7429779896460136e-05 -6.2086499545064861e-05 0.0040449971170311624 3.5598158590016038e-05 -0.00070372654596158758
leaf_weight=35 31 21 30 21 23 39 29
leaf_count=35 31 21 30 21 23 39 29
internal_value=0 -0.000939394 -0.00253846 -0.000157895 -0.00110959 0.001 0.000115385
internal_weight=0 198 65 133 73 60 52
internal_count=229 198 65 133 73 60 52
is_linear=0
shrinkage=0.03


Tree=279
num_leaves=8
num_cat=0
split_feature=2 0 0 3 4 0 3
split_gain=0.290495 0.131254 0.282794 0.338333 0.524949 0.31746 0.134444
threshold=0.00065000000000000008 0.85910000000000009 0.72525000000000006 0.11425 0.20365000000000003 0.30040000000000006 0.008550000000000002
decision_type=2 2 2 2 2 2 2
left_child=1 2 3 4 -1 -5 -3
right_child=-2 6 -4 5 -6 -7 -8
leaf_value=0.0003559629713332599 2.0439641402255972e-05 -0.0045688785291903653 -5.6884412333896227e-05 -6.9034369135518109e-05 -0.00057965246998549936 7.5738001586501166e-05 0.0015909937341114253
leaf_weight=38 31 20 24 35 28 28 25
leaf_count=38 31 20 24 35 28 28 25
internal_value=0 -0.00109091 -0.0015098 -0.000953488 -0.00245455 0.000619048 0.000333333
internal_weight=0 198 153 129 66 63 45
internal_count=229 198 153 129 66 63 45
is_linear=0
shrinkage=0.03


Tree=280
num_leaves=9
num_cat=0
split_feature=2 1 4 0 3 1 0 1
split_gain=0.212091 0.201656 0.358554 0.260192 0.171471 0.153483 0.143522 0.0846169
threshold=0.00065000000000000008 0.043150000000000001 0.24220000000000003 0.30040000000000006 0.049800000000000004 0.22480000000000003 0.72525000000000006 0.013800000000000002
decision_type=2 2 2 2 2 2 2 2
left_child=1 3 4 -1 5 -3 -5 -8
right_child=-2 2 -4 6 -6 -7 7 -9
leaf_value=-9.6670099744452004e-05 1.9826452160186872e-05 -0.0026980762562212285 0.00049778070114607942 1.5543724745231792e-05 -6.8833042390726966e-05 0.00033797808593687308 0.00022495877763289624 0.00022289351109881786
leaf_weight=22 31 23 32 27 23 28 22 21
leaf_count=22 31 23 32 27 23 28 22 21
internal_value=0 -0.000636364 -0.0015283 0.000391304 -0.00267568 -0.00170588 0.00128571 0.000209302
internal_weight=0 198 106 92 74 51 70 43
internal_count=229 198 106 92 74 51 70 43
is_linear=0
shrinkage=0.03


Tree=281
num_leaves=8
num_cat=0
split_feature=2 4 0 0 0 4 3
split_gain=0.212091 0.175564 0.466579 0.250401 0.208744 0.219003 0.15354
threshold=0.00065000000000000008 0.24220000000000003 0.47635000000000005 0.2109 0.72525000000000006 0.032200000000000006 0.0074000000000000012
decision_type=2 2 2 2 2 2 2
left_child=1 2 -1 -3 -4 6 -6
right_child=-2 3 4 -5 5 -7 -8
leaf_value=-0.00038406872660543971 1.9231658595382575e-05 -0.00011206018496373283 2.1250847127378632e-05 0.00019691747470665927 -0.0042735759584971592 -5.1595934596969731e-05 0.00088167589462973342
leaf_weight=27 31 39 38 25 25 22 22
leaf_count=27 31 39 38 25 25 22 22
internal_value=0 -0.000636364 -0.00125373 0.00065625 -0.000364486 -0.00134783 -0.000191489
internal_weight=0 198 134 64 107 69 47
internal_count=229 198 134 64 107 69 47
is_linear=0
shrinkage=0.03


Tree=282
num_leaves=9
num_cat=0
split_feature=2 1 3 4 0 4 3 1
split_gain=0.290495 0.146271 0.236403 0.29697 0.150488 0.222291 0.102931 0.0979426
threshold=0.00065000000000000008 0.011150000000000002 0.004850000000000001 0.024850000000000004 0.72525000000000006 0.37555000000000005 0.10560000000000001 0.21895000000000001
decision_type=2 2 2 2 2 2 2 2
left_child=1 6 -3 -4 5 7 -1 -5
right_child=-2 2 3 4 -6 -7 -8 -9
leaf_value=-0.0013135601767180628 1.8654708837520308e-05 0.01042488117016294 -0.0033053145250871679 1.5804797002774162e-05 -4.7509497799044582e-05 -7.093306414201629e-05 0.00026956389868410712 -2.4047797744142143e-05
leaf_weight=22 31 20 22 34 23 24 24 29
leaf_count=22 31 20 22 34 23 24 24 29
internal_value=0 -0.00109091 -0.00153947 -0.002 -0.00136364 -0.000793103 0.000391304 0.000142857
internal_weight=0 198 152 132 110 87 46 63
internal_count=229 198 152 132 110 87 46 63
is_linear=0
shrinkage=0.03


Tree=283
num_leaves=8
num_cat=0
split_feature=2 4 1 0 4 3 3
split_gain=0.188691 0.134954 0.373476 0.113426 0.206631 0.373881 0.119597
threshold=0.00065000000000000008 0.014350000000000002 0.0039500000000000013 0.72525000000000006 0.20365000000000003 0.11275000000000002 0.031000000000000003
decision_type=2 2 2 2 2 2 2
left_child=1 -1 -3 4 6 -6 -4
right_child=-2 2 3 -5 5 -7 -8
leaf_value=0.00013379995699149292 1.8095067572393778e-05 0.00059334115325613407 0.00034575022506790369 -5.2320274835299593e-05 -0.0010386058178442437 -3.7726600049177837e-05 6.5010407929363726e-05
leaf_weight=34 31 20 22 36 22 37 27
leaf_count=34 31 20 22 36 22 37 27
internal_value=0 -0.000484848 -0.000841463 -0.001375 -0.000888889 -0.00208475 0.000551021
internal_weight=0 198 164 144 108 59 49
internal_count=229 198 164 144 108 59 49
is_linear=0
shrinkage=0.03


Tree=284
num_leaves=9
num_cat=0
split_feature=2 4 0 4 1 1 3 1
split_gain=0.145994 0.119542 0.262681 0.220263 0.194803 0.396812 0.104762 0.025
threshold=0.00065000000000000008 0.21895000000000003 0.2109 0.077550000000000022 0.043150000000000001 0.22480000000000003 0.011450000000000002 0.051450000000000003
decision_type=2 2 2 2 2 2 2 2
left_child=1 3 7 4 6 -6 -1 -3
right_child=-2 2 -4 -5 5 -7 -8 -9
leaf_value=-0.00067194850533835733 1.7552215545220474e-05 -0.00022640192551085067 3.2446923721464418e-05 -7.1368474183733456e-05 -0.0018478607765625109 0.0053281001536214572 0.0010420035670070816 0.00054911201385561428
leaf_weight=20 31 20 29 37 27 23 22 20
leaf_count=20 31 20 29 37 27 23 22 20
internal_value=0 -0.000181818 0.000826087 -0.00072093 6.52175e-05 -0.0012 0.00157143 -0.00075
internal_weight=0 198 69 129 92 50 42 40
internal_count=229 198 69 129 92 50 42 40
is_linear=0
shrinkage=0.03


Tree=285
num_leaves=8
num_cat=0
split_feature=1 1 4 2 1 3 0
split_gain=0.225564 0.19424 0.264468 0.13545 0.143417 0.13363 0.204455
threshold=0.44870000000000004 0.028450000000000007 0.091450000000000017 0.00045000000000000004 0.043150000000000001 0.025900000000000003 0.2109
decision_type=2 2 2 2 2 2 2
left_child=1 2 -1 4 -3 -6 -7
right_child=-2 3 -4 -5 5 6 -8
leaf_value=0.00089743753392644478 -0.00012252247414429405 0.00027754697392494269 -5.6012252486038314e-05 0.00083603390919406424 -0.0019865738322229656 -0.00039961588460584233 3.1734071211967338e-05
leaf_weight=34 21 20 39 30 26 20 39
leaf_count=34 21 20 39 30 26 20 39
internal_value=0 0.000548077 -0.00069863 0.00122222 0.000714286 0.000176471 0.000966102
internal_weight=0 208 73 135 105 85 59
internal_count=229 208 73 135 105 85 59
is_linear=0
shrinkage=0.03


Tree=286
num_leaves=9
num_cat=0
split_feature=3 3 4 0 3 0 0 1
split_gain=0.300889 0.428127 0.210373 0.198777 0.104147 0.0745098 0.0425177 0.0425177
threshold=0.05390000000000001 0.018400000000000003 0.052500000000000012 0.2109 0.0074000000000000012 0.57005000000000006 0.91580000000000006 0.055250000000000007
decision_type=2 2 2 2 2 2 2 2
left_child=1 4 -3 7 6 -5 -1 -2
right_child=3 2 -4 5 -6 -7 -8 -9
leaf_value=0.005746429719792388 -0.00021792950017094433 -2.1737174427145157e-05 -0.00060353032386459532 2.2923193282045548e-05 0.00025756009072792939 2.3496618333058546e-05 -0.004034383016585227 0.00067725710073604148
leaf_weight=23 20 22 26 38 27 30 20 23
leaf_count=23 20 22 26 38 27 30 20 23
internal_value=0 -0.0010678 -0.00325 0.00110811 0.000428572 0.00211765 -0.000488372 -0.000488372
internal_weight=0 118 48 111 70 68 43 43
internal_count=229 118 48 111 70 68 43 43
is_linear=0
shrinkage=0.03


Tree=287
num_leaves=8
num_cat=0
split_feature=3 3 0 3 0 3 1
split_gain=0.300889 0.363152 0.198777 0.118735 0.0745098 0.06826 0.0425177
threshold=0.05390000000000001 0.014050000000000002 0.2109 0.0020500000000000006 0.57005000000000006 0.028950000000000004 0.055250000000000007
decision_type=2 2 2 2 2 2 2
left_child=1 3 6 -1 -4 -3 -2
right_child=2 5 4 -5 -6 -7 -8
leaf_value=-0.0012379570088275748 -0.00021139161516581608 -0.00051784554952524482 2.2235497483585261e-05 0.0026813598423733702 2.2791719783066651e-05 -2.7664390146661869e-05 0.00065693938771395929
leaf_weight=21 20 26 38 40 30 31 23
leaf_count=21 20 26 38 40 30 31 23
internal_value=0 -0.0010678 0.00110811 0.000540984 0.00211765 -0.00278947 -0.000488372
internal_weight=0 118 111 61 68 57 43
internal_count=229 118 111 61 68 57 43
is_linear=0
shrinkage=0.03


Tree=288
num_leaves=9
num_cat=0
split_feature=1 1 0 0 4 3 3 1
split_gain=0.20606 0.203177 0.25791 0.218684 0.338294 0.214286 0.201079 0.147478
threshold=0.44870000000000004 0.25150000000000006 0.2109 0.52445000000000019 0.091450000000000017 0.26200000000000007 0.028950000000000004 0.043150000000000001
decision_type=2 2 2 2 2 2 2 2
left_child=1 2 5 -4 6 -1 7 -5
right_child=-2 -3 3 4 -6 -7 -8 -9
leaf_value=-0.00018350110411348536 -0.00011736475202433046 0.0012543550666344976 0.00037511718908010444 0.0010060172938143846 -2.4688804821800873e-05 9.9096711182861734e-05 3.0576282851374504e-05 -0.0020944657384293608
leaf_weight=21 21 24 29 34 25 21 29 25
leaf_count=21 21 24 29 34 25 21 29 25
internal_value=0 0.000403846 6.52175e-05 0.000676056 7.96461e-05 -0.002 0.000954546 -5.08473e-05
internal_weight=0 208 184 142 113 42 88 59
internal_count=229 208 184 142 113 42 88 59
is_linear=0
shrinkage=0.03


Tree=289
num_leaves=8
num_cat=0
split_feature=3 3 0 4 0 3 0
split_gain=0.226917 0.486999 0.315844 0.403333 0.138619 0.118735 0.0677596
threshold=0.05390000000000001 0.014050000000000002 0.30040000000000006 0.40630000000000005 0.47635000000000005 0.0020500000000000006 0.57005000000000006
decision_type=2 2 2 2 2 2 2
left_child=1 5 3 -2 -3 -1 -4
right_child=2 4 6 -5 -6 -7 -8
leaf_value=-0.0011972973570063994 -0.0004229960628036248 -0.00010856489440159617 0.00045025466576897508 5.8547607240346867e-05 -2.255527080635035e-05 0.0025707385282877485 2.2848632334228495e-05
leaf_weight=21 20 22 31 30 35 40 30
leaf_count=21 20 22 31 30 35 40 30
internal_value=0 -0.00132203 0.000567568 -0.0012 -0.00331579 0.000540984 0.00201639
internal_weight=0 118 111 50 57 61 61
internal_count=229 118 111 50 57 61 61
is_linear=0
shrinkage=0.03


Tree=290
num_leaves=10
num_cat=0
split_feature=4 4 4 4 0 4 3 0 0
split_gain=0.186465 0.498405 0.282353 0.268323 0.26501 0.17507 0.1 0.0884804 0.0291667
threshold=0.077550000000000022 0.24220000000000003 0.016650000000000002 0.37555000000000005 0.071800000000000017 0.16300000000000003 0.0066500000000000005 0.87995000000000012 0.6966500000000001
decision_type=2 2 2 2 2 2 2 2 2
left_child=2 5 6 -3 -5 -2 -1 8 -4
right_child=1 3 7 4 -6 -7 -8 -9 -10
leaf_value=0.0015708441436925746 -2.1815319628479632e-05 0.00097778806724158366 0.0032801463958826906 0.0024718030042866837 -0.00088540025737347458 -0.00043219035490625764 -0.00055114902791155742 0.005025881554440643 2.8762626965028688e-05
leaf_weight=20 30 24 20 21 25 21 20 20 28
leaf_count=20 30 24 20 21 25 21 20 20 28
internal_value=0 -0.00121488 0.0005 0.000428572 -0.000913043 -0.00347059 -0.0015 0.00167647 0.002375
internal_weight=0 121 108 70 46 51 40 68 48
internal_count=229 121 108 70 46 51 40 68 48
is_linear=0
shrinkage=0.03


Tree=291
num_leaves=8
num_cat=0
split_feature=0 1 4 1 1 4 3
split_gain=0.245826 0.219423 0.331825 0.212598 0.152932 0.151744 0.184586
threshold=0.097850000000000006 0.028450000000000007 0.091450000000000017 0.043150000000000001 0.15345 0.081450000000000009 0.014050000000000002
decision_type=2 2 2 2 2 2 2
left_child=4 2 -2 -3 -1 6 -5
right_child=1 3 -4 5 -6 -7 -8
leaf_value=5.583256817230132e-06 0.00083366521789051806 0.00035429084006404014 -2.5655691748512734e-05 0.0027505997538669752 -0.0012938058239284466 0.00037926828927822972 -8.6670563890492495e-05
leaf_weight=23 34 27 25 28 20 39 33
leaf_count=23 34 27 25 28 20 39 33
internal_value=0 -6.4516e-05 -0.00157627 0.000637795 -0.0025814 1.11759e-10 -0.000934426
internal_weight=0 186 59 127 43 100 61
internal_count=229 186 59 127 43 100 61
is_linear=0
shrinkage=0.03


Tree=292
num_leaves=9
num_cat=0
split_feature=1 4 3 1 0 4 1 0
split_gain=0.262501 0.436341 0.773986 0.28735 0.132813 0.171631 0.0755735 0.0405482
threshold=0.031800000000000009 0.091450000000000017 0.23725000000000004 0.15345 0.47635000000000005 0.20675000000000002 0.043150000000000001 0.57005000000000006
decision_type=2 2 2 2 2 2 2 2
left_child=1 -1 -3 6 5 -5 -2 -8
right_child=3 2 -4 4 -6 -7 7 -9
leaf_value=0.0013454103443953254 0.00050132392538166336 -0.00013419255617283169 9.7750447962907533e-06 -0.00049871088274144805 0.0046259568988241363 0.00050256446132803669 0.00099928947803386292 2.5930402708511929e-06
leaf_weight=36 21 22 21 27 25 20 25 32
leaf_count=36 21 22 21 27 25 20 25 32
internal_value=0 -0.00193671 -0.00397674 0.0002 -0.00116667 -0.00210638 0.00146154 0.000894737
internal_weight=0 79 43 150 72 47 78 57
internal_count=229 79 43 150 72 47 78 57
is_linear=0
shrinkage=0.03


Tree=293
num_leaves=9
num_cat=0
split_feature=1 1 4 1 0 4 1 4
split_gain=0.308524 0.336721 0.239409 0.209402 0.132813 0.171631 0.128561 0.107744
threshold=0.031800000000000009 0.017050000000000006 0.091450000000000017 0.15345 0.47635000000000005 0.20675000000000002 0.046600000000000009 0.20675000000000002
decision_type=2 2 2 2 2 2 2 2
left_child=1 2 -1 6 5 -5 -2 -8
right_child=3 -3 -4 4 -6 -7 7 -9
leaf_value=0.0031994996446654336 -2.0106799198517752e-06 -3.68397928923405e-05 -3.3534603605182114e-05 -0.00048374955625920461 0.0044871781918594152 0.00048748752748819623 0.00028628148919872948 0.00055879190662945456
leaf_weight=28 24 21 30 27 25 20 32 22
leaf_count=28 24 21 30 27 25 20 32 22
internal_value=0 -0.00231646 -0.00113793 1.11759e-10 -0.00116667 -0.00210638 0.00107692 0.00188889
internal_weight=0 79 58 150 72 47 78 54
internal_count=229 79 58 150 72 47 78 54
is_linear=0
shrinkage=0.03


Tree=294
num_leaves=10
num_cat=0
split_feature=1 1 3 3 3 4 4 1 1
split_gain=0.237502 0.335504 0.319187 0.201519 0.230367 0.285234 0.273485 0.102439 0.0311688
threshold=0.028450000000000007 0.011150000000000002 0.11670000000000001 0.11275000000000002 0.014050000000000002 0.063300000000000009 0.20675000000000002 0.099950000000000011 0.18615000000000001
decision_type=2 2 2 2 2 2 2 2 2
left_child=1 2 -1 4 8 -6 -7 -5 -2
right_child=3 -3 -4 7 5 6 -8 -9 -10
leaf_value=-0.00093930450165993946 0.00053085938579413151 -5.0019013279250695e-05 0.0012173728361330343 0.00040518848204669212 -0.00025452833001400122 0.00060433664580191934 -7.2571844562063534e-05 0.00045626837565828938 0.0030713237088953525
leaf_weight=24 22 26 23 21 29 24 20 20 20
leaf_count=24 22 26 23 21 29 24 20 20 20
internal_value=0 -0.00234247 -0.000829787 -0.000269231 -0.000913043 -0.00193151 -0.000409091 0.00153659 0.000857143
internal_weight=0 73 47 156 115 73 44 41 42
internal_count=229 73 47 156 115 73 44 41 42
is_linear=0
shrinkage=0.03


Tree=295
num_leaves=8
num_cat=0
split_feature=4 3 4 0 0 3 0
split_gain=0.136292 0.503085 0.335093 0.415016 0.262932 0.155556 0.0846169
threshold=0.036200000000000003 0.010600000000000002 0.077550000000000022 0.43025000000000008 0.27480000000000004 0.23725000000000004 0.91580000000000006
decision_type=2 2 2 2 2 2 2
left_child=1 6 -2 4 5 -4 -1
right_child=2 -3 3 -5 -6 -7 -8
leaf_value=0.0086639044929882926 0.00052666918149671393 -5.8572735655471362e-05 -0.00018222731069012383 -1.541003404003244e-05 0.0039245424315099567 0.00034498346751238182 -0.0030480747669430265
leaf_weight=21 39 26 35 36 22 28 22
leaf_count=21 39 26 35 36 22 28 22
internal_value=0 -0.00178261 -0.0001875 -0.000966942 0.000176471 -0.000809524 0.000209302
internal_weight=0 69 160 121 85 63 43
internal_count=229 69 160 121 85 63 43
is_linear=0
shrinkage=0.03


Tree=296
num_leaves=9
num_cat=0
split_feature=4 3 4 0 0 3 3 0
split_gain=0.294242 0.464168 0.268323 0.26501 0.196803 0.225941 0.544806 0.0922911
threshold=0.24220000000000003 0.13455000000000003 0.37555000000000005 0.071800000000000017 0.40330000000000005 0.052500000000000012 0.019650000000000004 0.91580000000000006
decision_type=2 2 2 2 2 2 2 2
left_child=1 4 -2 -4 -1 6 7 -6
right_child=2 -3 3 -5 5 -7 -8 -9
leaf_value=-4.9654426574666103e-05 0.00089299968321945357 -2.6602936094407549e-05 0.0023985402951671067 -0.00086170647835272251 0.0035632639497919553 0.0014683426474499581 -0.00052903600820335161 -0.00076521193132163788
leaf_weight=22 24 24 21 25 33 25 26 29
leaf_count=22 24 24 21 25 33 25 26 29
internal_value=0 -0.00190566 0.000428572 -0.000913043 -0.00122222 -0.000716814 -0.00143182 9.67743e-05
internal_weight=0 159 70 46 135 113 88 62
internal_count=229 159 70 46 135 113 88 62
is_linear=0
shrinkage=0.03


Tree=297
num_leaves=9
num_cat=0
split_feature=1 1 1 4 4 0 3 3
split_gain=0.358261 0.58868 0.277829 0.254047 0.239409 0.200886 0.18761 0.245354
threshold=0.031800000000000009 0.017050000000000006 0.043150000000000001 0.24220000000000003 0.091450000000000017 0.34820000000000007 0.028950000000000004 0.0096500000000000023
decision_type=2 2 2 2 2 2 2 2
left_child=1 4 -2 5 -1 -4 7 -7
right_child=2 -3 3 -5 -6 6 -8 -9
leaf_value=0.0030728334332146461 0.00046463745593679158 -3.8089318360621076e-05 -5.1095797639882541e-05 0.00041675559055994653 -6.2326043413391425e-05 0.0030736409243771281 4.2645970337279032e-06 -0.0012157234994310338
leaf_weight=28 21 21 21 37 30 21 30 20
leaf_count=28 21 21 21 37 30 21 30 20
internal_value=0 -0.0026962 -0.0002 -0.00072093 -0.00113793 -0.00156522 -0.000802817 -0.00212195
internal_weight=0 79 150 129 58 92 71 41
internal_count=229 79 150 129 58 92 71 41
is_linear=0
shrinkage=0.03


Tree=298
num_leaves=9
num_cat=0
split_feature=1 1 1 4 4 4 3 0
split_gain=0.308524 0.697148 0.244186 0.27579 0.210131 0.173913 0.171237 0.10352
threshold=0.031800000000000009 0.017050000000000006 0.043150000000000001 0.036200000000000003 0.24220000000000003 0.20365000000000003 0.11275000000000002 0.61930000000000007
decision_type=2 2 2 2 2 2 2 2
left_child=1 4 -2 -4 -1 7 -7 -5
right_child=2 -3 3 5 -6 6 -8 -9
leaf_value=0.0026013433495863524 0.00045069833225868825 -3.6946638809800374e-05 -0.00043337582239379781 0.0013437102147623133 -0.00010842377475166475 -0.00055646224023028225 0.00038498494740956914 1.1768538790697707e-06
leaf_weight=31 21 21 37 25 27 20 26 21
leaf_count=31 21 21 37 25 27 20 26 21
internal_value=0 -0.00231646 1.11759e-10 -0.000488372 -0.00062069 0.000391304 -0.000913043 0.00169565
internal_weight=0 79 150 129 58 92 46 46
internal_count=229 79 150 129 58 92 46 46
is_linear=0
shrinkage=0.03


Tree=299
num_leaves=9
num_cat=0
split_feature=1 1 2 4 1 3 1 1
split_gain=0.303152 0.58868 0.24 0.239409 0.126312 0.156547 0.122942 0.0311688
threshold=0.031800000000000009 0.017050000000000006 0.00045000000000000004 0.091450000000000017 0.18615000000000001 0.014050000000000002 0.055250000000000007 0.11080000000000002
decision_type=2 2 2 2 2 2 2 2
left_child=1 3 4 -1 6 -6 -2 -8
right_child=2 -3 -4 -5 5 -7 7 -9
leaf_value=0.0029026081297306087 -5.1905497782843943e-06 -3.583823964550909e-05 0.00073190899707103443 -8.9678587618348719e-05 0.0025802815979043816 -0.0020611595814238751 0.0005025692983662021 0.00041606803762226453
leaf_weight=28 25 21 30 30 20 33 22 20
leaf_count=28 25 21 30 30 20 33 22 20
internal_value=0 -0.0026962 -0.0004 -0.00113793 -0.001 -0.00209434 -0.000134328 0.000857143
internal_weight=0 79 150 58 120 53 67 42
internal_count=229 79 150 58 120 53 67 42
is_linear=0
shrinkage=0.03


end of trees

feature_importances:
Column_0=669
Column_1=498
Column_4=455
Column_3=445
Column_2=125

parameters:
[boosting: gbdt]
[objective: quantile]
[metric: quantile]
[tree_learner: serial]
[device_type: cpu]
[data_sample_strategy: bagging]
[data: ]
[valid: ]
[num_iterations: 300]
[learning_rate: 0.03]
[num_leaves: 15]
[num_threads: 4]
[seed: 42]
[deterministic: 0]
[force_col_wise: 0]
[force_row_wise: 0]
[histogram_pool_size: -1]
[max_depth: -1]
[min_data_in_leaf: 20]
[min_sum_hessian_in_leaf: 0.001]
[bagging_fraction: 1]
[pos_bagging_fraction: 1]
[neg_bagging_fraction: 1]
[bagging_freq: 0]
[bagging_seed: 400]
[feature_fraction: 1]
[feature_fraction_bynode: 1]
[feature_fraction_seed: 30056]
[extra_trees: 0]
[extra_seed: 12879]
[early_stopping_round: 0]
[early_stopping_min_delta: 0]
[first_metric_only: 0]
[max_delta_step: 0]
[lambda_l1: 0]
[lambda_l2: 0]
[linear_lambda: 0]
[min_gain_to_split: 0]
[drop_rate: 0.1]
[max_drop: 50]
[skip_drop: 0.5]
[xgboost_dart_mode: 0]
[uniform_drop: 0]
[drop_seed: 17869]
[top_rate: 0.2]
[other_rate: 0.1]
[min_data_per_group: 100]
[max_cat_threshold: 32]
[cat_l2: 10]
[cat_smooth: 10]
[max_cat_to_onehot: 4]
[top_k: 20]
[monotone_constraints: ]
[monotone_constraints_method: basic]
[monotone_penalty: 0]
[feature_contri: ]
[forcedsplits_filename: ]
[refit_decay_rate: 0.9]
[cegb_tradeoff: 1]
[cegb_penalty_split: 0]
[cegb_penalty_feature_lazy: ]
[cegb_penalty_feature_coupled: ]
[path_smooth: 0]
[interaction_constraints: ]
[verbosity: -1]
[saved_feature_importance_type: 0]
[use_quantized_grad: 0]
[num_grad_quant_bins: 4]
[quant_train_renew_leaf: 0]
[stochastic_rounding: 1]
[linear_tree: 0]
[max_bin: 255]
[max_bin_by_feature: ]
[min_data_in_bin: 3]
[bin_construct_sample_cnt: 200000]
[data_random_seed: 175]
[is_enable_sparse: 1]
[enable_bundle: 1]
[use_missing: 1]
[zero_as_missing: 0]
[feature_pre_filter: 1]
[pre_partition: 0]
[two_round: 0]
[header: 0]
[label_column: ]
[weight_column: ]
[group_column: ]
[ignore_column: ]
[categorical_feature: ]
[forcedbins_filename: ]
[precise_float_parser: 0]
[parser_config_file: ]
[objective_seed: 16083]
[num_class: 1]
[is_unbalance: 0]
[scale_pos_weight: 1]
[sigmoid: 1]
[boost_from_average: 1]
[reg_sqrt: 0]
[alpha: 0.1]
[fair_c: 1]
[poisson_max_delta_step: 0.7]
[tweedie_variance_power: 1.5]
[lambdarank_truncation_level: 30]
[lambdarank_norm: 1]
[label_gain: ]
[lambdarank_position_bias_regularization: 0]
[eval_at: ]
[multi_error_top_k: 1]
[auc_mu_weights: ]
[num_machines: 1]
[local_listen_port: 12400]
[time_out: 120]
[machine_list_filename: ]
[machines: ]
[gpu_platform_id: -1]
[gpu_device_id: -1]
[gpu_use_dp: 0]
[num_gpu: 1]

end of parameters

pandas_categorical:null
