tree
version=v4
num_class=1
num_tree_per_iteration=1
label_index=0
max_feature_idx=18
objective=regression
feature_names=Column_0 Column_1 Column_2 Column_3 Column_4 Column_5 Column_6 Column_7 Column_8 Column_9 Column_10 Column_11 Column_12 Column_13 Column_14 Column_15 Column_16 Column_17 Column_18
monotone_constraints=1 -1 -1 0 -1 -1 1 -1 -1 1 -1 1 0 0 0 0 0 0 0
feature_infos=[0:0.99580000000000002] [0.0001:0.78290000000000004] [0:0.69810000000000005] [0:0.62419999999999998] [0.00029999999999999997:0.74690000000000001] [0.1142:0.52280000000000004] [-0.11260000000000001:0.12759999999999999] [-0.52839999999999998:0.0041000000000000003] [0.073300000000000004:0.2102] none none none [-2.1275101123595483:2.14111797752809] [-4.2194797752808988:5.2480528089887635] [-0.45291348314606739:0.67045730337078679] [-52.72835056179774:55.865649438202269] [-83.427149438202264:56.447850561797736] [-0.065894382022471887:0.064105617977528118] [3:6]
tree_sizes=2780 2468 2467 2822 2804 1710 2645 1614 2299 2636 2224 1942 1794 2834 2316 2566 2829 2380 2835 2834 2045 1790 2053 1791 2569 1881 2842 2298 2740 2842 2825 2844 1709 2849 2843 2067 1981 2397 2680 2494 2723 2381 2492 2568 2844 2822 2722 2563 2651 2839 1887 2849 2145 2841 2495 2859 2823 2747 2848 2835 1536 2070 2847 2842 2336 2134 1890 1961 2324 1727 1533 1537 2414 2148 1712 2838 1804 2750 2838 1874 1724 1553 1817 1284 1287 2079 2755 2859 2152 2853 1465 1710 1367 2666 2251 2489 2405 1547 2495 2821 1715 1446 1812 1547 1813 2163 1205 1202 1209 1638 1970 1371 1556 1450 1724 2160 2078 1724 1903 2087 2254 1290 2080 1293 2244 1200 1714 1464 1372 1458 1912 2592 2327 2869 1894 1213 1292 1206 1298 2260 2855 1813 2867 2690 2859 1293 1470 1557 1563 1279 1030 1286 1122 1460 1463 1907 1562 1469 1394 1204 1555 2506 1541 1454 1554 1721 1889 1983 1894 1552 1556 1814 1720 1641 2870 1724 2863 2778 2848 2854 1553 1636 1646 1804 1294 1287 2267 1301 1635 1645 1641 1552 1727 1387 1644 1728 1405 1554 1730 1564 1372 2345 1999 2248 1120 2500 1821 1568 1821 1876 1462 2145 1548 1642 1468 1551 1554 1295 1360 2070 1797 2161 1560 1900 2068 1912 1464 1454 1531 1914 1987 1907 1908 1817 1988 2618 2695 2341 2331 2870 1550 1548 1458 1368 1373 2166 2081 2693 2080 2169 1979 1638 1628 1714 1732 1367 1899 1711 1641 1381 1557 1734 1560 1745 1554 1631 1823 1198 1384 1560 2255 1489 1910 1810 1979 2065 1998 2056 1900 2242 1376 1466 1724 1379 1461 1387 1470 1635 1391 2102 1819 2001 1389 1918 1734 1905 2091 2098 1917 1908 1912 2094 1545 1715 1898 1827 1549 1577 1397 1567 1453 1723 1451 1655 1722 2157 1561 2084 1814 1458 1992 1554 2171 1898 2266 2332 2340 2421 2342 1638 1294 2187 1639 2179 2101 1383 1648 1480 2256 1386 1388 1915 1646 2347 2710 1635 1656 1818 1290 1569 2012 1830 2021 1996 2020 1392 1213 1030 1033 1114 1490 1479 1305 1486 1737 1824 1479 1563 1394 1288 2852 1731 2194 2105 1738 1552 1993 1908 1559 1653 2020 1667 1835 2370 1819 1662 1906 1737 2259 2348 1645 1207 1123 1123 1208 1370 1465 1651 1112 1643 2188 2019 1385 2191 1928 2079 1986 1987 1924 2079 2137 2776 2491 2327 1297 1547 1379 1380 1469 2259 1482 1578 1658 1740 1217 1558 1913 1736 1837 1577 2250 2176 2267 1623 2892 2332 1561 1918 1739 1820 1646 1645 1279 2265 1478 1384 1555 1378 2446 1827 1740 1991 1818 1563 2261 1487 1370 1310 1311 1208 1665 1910 1478 2080 1824 1294 1468 1297 1471 1548 1651 941 1214 1763 944 1727 1727 1459 1670 1302 2181 2087 2266 2448 1920 1727 1018 1549 1978 1025 1393 1297 1390 1390 1479 2074 2075 2081 2081 1657

Tree=0
num_leaves=31
num_cat=0
split_feature=3 17 15 16 2 3 13 2 1 17 13 13 13 15 15 17 3 3 1 17 14 3 3 3 17 17 16 3 17 15
split_gain=697.632 416.057 119.283 208.065 110.865 91.9403 74.3543 71.2016 66.5568 64.6548 61.0323 59.5736 44.9893 97.2591 32.1089 32.6181 28.6117 71.5475 35.1996 33.423 27.0961 22.7123 41.0383 15.4358 14.1782 12.2072 10.9336 10.7529 20.6983 8.16075
threshold=0.071700000000000014 0.0022775280898876264 -0.63070898876404413 -29.908859550561882 0.13485000000000003 0.31860000000000005 1.7265202247191029 0.042200000000000008 0.18320000000000003 -0.015320224719101131 2.2742084269662919 2.8921573033707877 -3.3162404494382041 0.53354101123595499 10.523291011235957 0.030277528089887654 0.13735000000000003 0.11275000000000002 0.093850000000000003 -0.004324157303370795 -0.13795393258426963 0.4391000000000001 0.34510000000000007 0.13735000000000003 -0.0035544943820224602 -0.028160112359550526 32.901350561797763 0.22055000000000002 -0.0042185393258427064 -3.1038719101123493
decision_type=2 2 2 2 2 2 2 2 2 2 2 2 2 2 2 2 2 2 2 2 2 2 2 2 2 2 2 2 2 2
left_child=1 4 3 8 6 12 9 14 -3 25 -5 26 13 -2 -4 -16 17 18 -14 -19 -11 22 -7 -15 -13 -1 -8 28 -18 -6
right_child=5 2 7 10 29 21 11 -9 -10 20 -12 24 16 23 15 -17 27 19 -20 -21 -22 -23 -24 -25 -26 -27 -28 -29 -30 -31
leaf_value=-0.90636334930139029 -0.84145979547763561 -0.81090967352322574 -0.88965868127167569 -0.88133332115391017 -0.96707171675987791 -0.84029538912652191 -0.94060113743993046 -0.94222489031357826 -0.86941538868053014 -0.93881539024459326 -0.92047211168317988 -0.92092844135002605 -0.87305087868399922 -0.90474197517080002 -0.92127868439214944 -0.8990997760656565 -0.86677316786674918 -0.919173314856639 -0.89654241967549464 -0.89486845139728766 -0.91563022897562385 -0.84518539003050086 -0.87979319236102738 -0.87942712908321319 -0.90027539006387947 -0.8871097901637679 -0.9272491047736936 -0.88843475527275817 -0.88650128753666113 -0.94759320286056159
leaf_weight=49 59 42 158 87 49 32 261 40 30 60 61 177 133 41 90 171 81 106 101 98 186 48 91 46 36 75 70 189 117 32
leaf_count=49 59 42 158 87 49 32 261 40 30 60 61 177 133 41 90 171 81 106 101 98 186 48 91 46 36 75 70 189 117 32
internal_value=-0.901171 -0.913383 -0.895278 -0.877116 -0.925738 -0.882971 -0.922757 -0.903983 -0.835287 -0.912382 -0.897465 -0.929814 -0.886543 -0.871193 -0.900332 -0.906794 -0.88926 -0.894511 -0.88319 -0.907497 -0.921285 -0.862687 -0.869517 -0.891357 -0.917438 -0.894718 -0.937777 -0.883316 -0.878431 -0.959377
internal_weight=0 1674 679 220 995 1142 914 459 72 370 148 544 971 146 419 261 825 438 234 204 246 171 123 87 213 124 331 387 198 81
internal_count=2816 1674 679 220 995 1142 914 459 72 370 148 544 971 146 419 261 825 438 234 204 246 171 123 87 213 124 331 387 198 81
is_linear=0
shrinkage=1


Tree=1
num_leaves=27
num_cat=0
split_feature=6 13 8 14 15 12 1 13 8 6 2 2 6 12 8 13 15 6 13 13 14 12 15 13 16 16
split_gain=658.74 231.803 181.342 154.076 215.03 103.548 89.736 88.853 88.4891 52.2956 39.1153 29.6948 23.5179 17.0276 15.8175 13.6672 16.1505 13.2945 9.42858 10.4261 3.87976 3.84655 2.00909 1.87027 1.44239 1.04461
threshold=-0.0016999999999999997 1.7265202247191029 0.17815000000000003 0.27495730337078667 8.3202910112359572 -0.77568426966292126 0.091100000000000014 -4.0152134831460655 0.19965000000000002 0.062550000000000008 0.13485000000000003 0.042200000000000008 0.024450000000000003 -0.17938202247190735 0.19885000000000003 1.7265202247191029 -9.9038932584269634 0.021850000000000005 3.0126398876404488 3.2241398876404497 -0.0049134831460674313 1.1112595505617977 -7.3955247191011235 5.1165528089887653 -10.558919101123648 28.96344494382021
decision_type=2 2 2 2 2 2 2 2 2 2 2 2 2 2 2 2 2 2 2 2 2 2 2 2 2 2
left_child=5 3 6 7 -5 11 25 -2 9 -9 13 -1 -8 -7 24 20 -17 -10 -4 -20 -15 -14 -12 -21 -6 -3
right_child=1 2 18 4 14 10 12 8 17 -11 22 -13 21 15 -16 16 -18 -19 19 23 -22 -23 -24 -25 -26 -27
leaf_value=-0.0094314521133064804 0.051783921439200638 0.044676208312157538 -0.0094314521133064804 0.097789058944453361 0.031599450838833074 -0.043838062997266836 0.0050817396339805365 0.010397808384317014 -0.0094314521133064804 0.02819760369866885 -0.061700574322180318 -0.034815106455768852 0.01457632677481425 -0.016786671195980866 0.0027579880170524123 -0.023392336577540491 -0.040914947246866569 -0.00027721338603517101 0.0050817396339805365 -0.0026714092138700367 -0.027220395025279787 0.027193330301101819 -0.050973695375025267 -0.0085642346155364053 0.02408670430375344 0.052125715613365174
leaf_weight=146 48 36 358 46 46 56 63 754 47 185 33 42 44 79 30 82 112 145 56 123 54 43 30 80 46 32
leaf_count=146 48 36 358 46 46 56 63 754 47 185 33 42 44 79 30 82 112 145 56 123 54 43 30 80 46 32
internal_value=0 0.00793826 -0.00448095 0.0156369 0.0425155 -0.0268012 0.0195949 0.0118068 0.0101102 0.0139047 -0.0346869 -0.00943145 0.00663552 -0.0310836 0.0216746 -0.0284303 -0.0335085 -0.00844719 -0.00943145 -0.00150126 -0.0210229 0.0208123 -0.0565925 -0.0049937 0.0278431 0.0481819
internal_weight=0 2182 835 1347 168 634 218 1179 1131 939 446 188 150 383 122 327 194 192 617 259 133 87 63 203 92 68
internal_count=2816 2182 835 1347 168 634 218 1179 1131 939 446 188 150 383 122 327 194 192 617 259 133 87 63 203 92 68
is_linear=0
shrinkage=0.03


Tree=2
num_leaves=27
num_cat=0
split_feature=3 17 7 7 2 2 1 8 12 12 13 17 13 14 17 3 17 5 3 7 17 18 8 17 13 17
split_gain=635.804 373.049 125.592 111.885 98.7742 87.2033 75.4818 100.166 72.6834 172.1 66.129 58.5546 55.9468 46.0743 45.0498 45.1643 43.7076 43.4651 37.8598 25.3528 15.4354 14.8847 6.74257 7.95064 5.47338 3.81307
threshold=0.071700000000000014 0.0022775280898876264 -0.3542499999999999 -0.44029999999999997 0.042200000000000008 0.13485000000000003 0.091100000000000014 0.18755000000000002 -1.9590101123595483 -2.0850101123595475 1.7265202247191029 -0.015320224719101131 2.8921573033707877 -0.34204269662921333 -0.0013202247191011205 0.098450000000000024 0.022179775280898904 0.23240000000000002 0.4391000000000001 -0.44479999999999992 0.044445505617977561 5.5000000000000009 0.19900000000000004 0.015281460674157312 -0.30544719101123613 -0.014058426966292127
decision_type=2 2 2 2 2 2 2 2 2 2 2 2 2 2 2 2 2 2 2 2 2 2 2 2 2 2
left_child=1 3 6 -1 8 10 7 16 9 -3 11 -5 -12 -10 15 -4 18 -15 -2 -8 22 25 -16 -24 -7 -17
right_child=2 4 14 5 -6 24 19 -9 13 -11 12 -13 -14 17 20 21 -18 -19 -20 -21 -22 -23 23 -25 -26 -27
leaf_value=0.027776127412814548 0.036311667927719178 -0.013989291935479228 0.014176010233988347 0.0011930657415988282 -0.036528588755333678 -0.045268578702403653 0.023655620597864992 0.023655620597864992 -0.013989291935479228 0.072412928106619964 -0.03725455892787586 -0.021449833564208459 -0.017197845827119008 0.014083847909998851 0.014176010233988347 -0.035125565596602182 0.081539433723495855 -0.0038209869386628269 0.073425714254379271 0.014176010233988347 -0.0075152063835941425 -0.00595881488872692 0.010170297032584166 -0.0062992997108449345 -0.061313056985288855 -0.020703861139376053
leaf_weight=37 141 35 37 119 47 31 122 212 34 47 319 233 206 318 120 33 31 198 30 207 33 48 63 32 50 33
leaf_count=37 141 35 37 119 47 31 122 212 34 47 319 233 206 318 120 33 31 198 30 207 33 48 63 32 50 33
internal_value=0 -0.0117139 0.0173188 -0.023413 0.00542969 -0.02539 0.0246094 0.0331352 0.00855 0.0348984 -0.0226393 -0.0125786 -0.0293847 0.00462169 0.00374264 -0.00917606 0.0487645 0.00721339 0.0428229 0.014176 0.0116085 -0.0186701 0.014176 0.00616458 -0.0551726 -0.0279147
internal_weight=0 1674 1142 995 679 958 743 414 632 82 877 352 525 550 399 151 202 516 171 329 248 114 215 95 81 66
internal_count=2816 1674 1142 995 679 958 743 414 632 82 877 352 525 550 399 151 202 516 171 329 248 114 215 95 81 66
is_linear=0
shrinkage=0.03


Tree=3
num_leaves=31
num_cat=0
split_feature=3 13 6 7 14 16 1 8 14 15 12 3 8 7 7 12 6 6 6 7 6 6 3 7 3 7 16 7 7 5
split_gain=597.143 326.685 215.426 115.99 79.056 74.3221 71.2304 95.0559 71.0859 45.9606 40.9713 40.9884 37.9081 37.5921 35.3738 33.0973 31.9526 31.5395 24.7126 24.1629 20.8951 18.0598 16.3167 14.1218 10.9126 10.0279 9.25304 7.73582 7.51888 9.45473
threshold=0.071700000000000014 1.7265202247191029 0.016500000000000004 -0.3542499999999999 0.27495730337078667 -50.577649438202279 0.091100000000000014 0.18755000000000002 0.17668651685393275 -0.21830112359550566 -1.5672831460674155 0.4391000000000001 0.19365000000000002 -0.28274999999999995 -0.38564999999999994 -0.19338202247190669 0.0048000000000000013 -0.0035499999999999998 0.025850000000000005 -0.44479999999999992 0.021850000000000005 -0.018399999999999996 0.30960000000000004 -0.3098999999999999 0.11585000000000002 -0.30104999999999993 8.636860674157278 -0.30609999999999998 -0.38564999999999994 0.30945000000000006
decision_type=2 2 2 2 2 2 2 2 2 2 2 2 2 2 2 2 2 2 2 2 2 2 2 2 2 2 2 2 2 2
left_child=1 2 5 6 9 -1 7 10 14 15 -2 -12 24 17 21 -4 -16 -7 28 -8 22 -3 -14 -22 -5 -11 -18 -20 -10 -30
right_child=3 8 4 12 -6 13 19 -9 18 25 11 -13 20 -15 16 -17 26 -19 27 -21 23 -23 -24 -25 -26 -27 -28 -29 29 -31
leaf_value=-0.0016698051260218972 0.077876985601403492 -0.02758256273751452 0.044949575041731193 0.013747553736751104 0.04586979467671231 -0.025476694789238911 0.02290278969962746 0.02290278969962746 -0.014832100326763549 0.0083080801441334194 0.035102201403401777 0.07194943249225616 -0.030282016154378651 -0.04877226826621265 -0.054133484277984888 0.013379350415489171 -0.02758256273751452 -0.0071973784078600937 0.0075343169998377552 0.013747553736751104 0.0047650933321191991 0.0016736660775495693 -0.0075719881502220067 -0.0075719881502220067 0.0047650933321191991 -0.0016698051260218972 -0.038256052651721988 -0.010185260172851164 -0.021312051203693061 -0.037670577581226827
leaf_weight=81 33 30 36 103 56 221 122 212 32 100 137 32 42 41 101 176 75 138 30 207 106 30 33 49 66 176 150 85 66 50
leaf_count=81 33 30 36 103 56 221 122 212 32 100 137 32 42 41 101 176 75 138 30 207 106 30 33 49 66 176 150 85 66 50
internal_value=0 -0.0113684 -0.000822877 0.0167678 0.0121096 -0.0154492 0.0237742 0.032058 -0.0280235 0.00823546 0.0473016 0.0413313 0.00372095 -0.0215581 -0.036219 0.0187403 -0.0401152 -0.0184501 -0.0159952 0.0137476 -0.00421737 -0.01505 -0.0172165 0.00207255 0.0137476 0.000166509 -0.0338225 -0.00556276 -0.0241014 -0.027792
internal_weight=0 1674 1025 1142 544 481 743 414 649 488 202 169 399 400 386 212 326 359 263 329 230 60 75 155 169 276 225 115 148 116
internal_count=2816 1674 1025 1142 544 481 743 414 649 488 202 169 399 400 386 212 326 359 263 329 230 60 75 155 169 276 225 115 148 116
is_linear=0
shrinkage=0.03


Tree=4
num_leaves=31
num_cat=0
split_feature=3 17 7 7 15 16 2 6 1 6 1 13 13 17 3 16 16 6 3 13 15 7 2 14 16 17 15 7 15 12
split_gain=559.556 332.633 107.043 103.24 102.368 175.732 79.3557 69.8875 67.1504 65.6421 58.4216 51.7751 45.424 42.5571 41.7277 36.9069 32.285 33.6204 36.3918 29.449 24.3379 23.0346 20.4209 18.9096 15.5164 10.6635 6.92383 4.41229 4.40982 4.01449
threshold=0.071700000000000014 0.0022775280898876264 -0.3542499999999999 -0.44029999999999997 -0.63070898876404413 -29.908859550561882 0.13485000000000003 -0.012549999999999997 0.091100000000000014 0.021150000000000006 0.18320000000000003 2.2742084269662919 1.0000000180025095e-35 -0.0013202247191011205 0.098450000000000024 -52.09964943820227 -50.577649438202279 0.063050000000000009 0.4391000000000001 1.7265202247191029 10.523291011235957 -0.44479999999999992 0.042200000000000008 0.058131460674157316 32.570215730337061 -0.012218539325842713 -3.1038719101123493 -0.29079999999999995 10.228291011235957 -1.0029707865168562
decision_type=2 2 2 2 2 2 2 2 2 2 2 2 2 2 2 2 2 2 2 2 2 2 2 2 2 2 2 2 2 2
left_child=1 3 8 -1 5 10 9 22 16 19 -3 -7 -11 14 -4 -15 -2 25 -19 -5 29 -10 -6 -22 -16 -18 -8 -13 -17 -9
right_child=2 4 13 6 7 11 26 20 21 12 -12 27 -14 15 24 28 17 18 -20 -21 23 -23 -24 -25 -26 -27 -28 -29 -30 -31
leaf_value=0.027117005125198646 0.056621580877108495 0.083286622422082082 0.013327331095015764 -0.02010458659945975 -0.016545387475481746 0.018162709379183323 -0.05945278107207648 0.018240811012685296 0.022165985900814061 0.00158160451204169 0.028472924191504715 -0.009684065443230791 -0.019172716184314022 -0.019362198159578837 -0.027105332467814578 0.013327331095015764 0.03313239897318377 0.03313239897318377 0.069790950603783125 -0.034496661829023521 0.0025501801535675796 0.013327331095015764 -0.047124137699604031 -0.012156126846061634 -0.0045454693492501972 0.022165985900814061 -0.041511062808567659 -0.025823078270881407 0.0036066363193094728 0.0081538581368834559
leaf_weight=37 40 42 37 229 57 87 49 60 122 122 30 30 236 32 68 159 77 66 32 290 158 207 30 67 46 199 32 31 57 87
leaf_count=37 40 42 37 229 57 87 49 60 122 122 30 30 236 32 68 159 77 66 32 290 158 207 30 67 46 199 32 31 57 87
internal_value=0 -0.0110075 0.0162288 -0.0220547 0.00518082 0.0220061 -0.0239538 -0.00288359 0.0229595 -0.0213298 0.0604476 0.00330485 -0.0114475 0.00369517 -0.00886102 0.0113403 0.0310046 0.0282649 0.0433597 -0.0281464 0.00277753 0.0133273 -0.0270898 -0.00342486 -0.0180022 0.0229051 -0.0523647 -0.0178859 0.0133273 0.012271
internal_weight=0 1674 1142 995 679 220 958 459 743 877 72 148 358 399 151 248 414 374 98 519 372 329 87 225 114 276 81 61 216 147
internal_count=2816 1674 1142 995 679 220 958 459 743 877 72 148 358 399 151 248 414 374 98 519 372 329 87 225 114 276 81 61 216 147
is_linear=0
shrinkage=0.03


Tree=5
num_leaves=18
num_cat=0
split_feature=6 7 17 12 3 15 7 12 7 3 3 8 2 6 2 14 12
split_gain=511.065 335.212 206.204 100.776 80.2707 78.6818 74.0983 52.3561 24.9703 20.271 28.0127 19.6204 19.0259 22.1633 16.9838 10.1156 4.89157
threshold=-0.0016999999999999997 -0.35244999999999999 0.0016758426966292097 -0.77568426966292126 0.4391000000000001 10.523291011235957 -0.3088499999999999 -2.084010112359548 -0.42724999999999996 0.06795000000000001 0.031000000000000003 0.19835000000000003 1.0000000180025095e-35 0.015400000000000002 0.042200000000000008 0.090631460674157352 -0.77568426966292126
decision_type=2 2 2 2 2 2 2 2 2 2 2 2 2 2 2 2 2
left_child=3 4 -3 14 7 -4 8 -2 -5 10 -10 15 13 -9 -1 -7 -14
right_child=1 2 5 6 -6 11 -8 12 9 -11 -12 -13 16 -15 -16 -17 -18
leaf_value=-0.0083867158067085518 0.054894387852903952 -0.0083867158067085518 0.0097690261131463309 -0.0083867158067085518 0.06853910665959119 0.0070831877024928949 -0.063342788525317842 0.015335225567034993 -0.026488343403876027 -0.018727543584120036 -0.045059515101646068 -0.0083867158067085518 0.015335225567034993 0.024313437871218837 -0.028576535050358089 -0.0030872350964272935 0.0097690261131463309
leaf_weight=153 37 635 454 31 32 132 57 109 222 54 92 92 44 470 42 30 122
leaf_count=153 37 635 454 31 32 132 57 109 222 54 92 92 44 470 42 30 122
internal_value=0 0.00677723 -0.00243002 -0.0235507 0.0219681 0.00976349 -0.0313471 0.0200624 -0.0267762 -0.0290684 -0.032271 -0.00692809 0.0183324 0.0209014 -0.00838672 0.00221225 0.00976903
internal_weight=0 2157 1343 651 814 708 456 782 399 368 314 254 745 579 195 162 166
internal_count=2808 2157 1343 651 814 708 456 782 399 368 314 254 745 579 195 162 166
is_linear=0
shrinkage=0.03


Tree=6
num_leaves=29
num_cat=0
split_feature=3 17 7 15 12 8 5 0 1 12 6 8 6 6 7 7 3 12 3 12 17 7 18 0 7 15 3 17
split_gain=477.8 334.157 108.536 108.221 167.831 92.2557 72.724 69.9566 67.4347 59.9275 58.0938 54.7905 49.435 37.2282 56.5554 31.7674 30.4245 36.241 27.8701 24.7404 23.2288 22.1165 10.3657 9.15354 7.72822 6.83225 3.48048 2.55045
threshold=0.071700000000000014 0.0022775280898876264 -0.43159999999999993 -1.2653011235955052 -0.47928314606741645 0.19365000000000002 0.29340000000000005 0.10110000000000001 0.091100000000000014 0.05071685393258641 0.016500000000000004 0.18755000000000002 0.021150000000000006 0.015400000000000002 -0.33544999999999997 -0.30104999999999993 0.4391000000000001 -1.5672831460674155 0.016750000000000004 -1.9340101123595479 -0.016218539325842701 -0.44479999999999992 3.5000000000000004 0.16445000000000004 -0.29124999999999995 -6.3738668539325838 0.077300000000000021 0.022179775280898904
decision_type=2 2 2 2 2 2 2 2 2 2 2 2 2 2 2 2 2 2 2 2 2 2 2 2 2 2 2 2
left_child=1 2 -1 4 6 8 -3 -4 11 -6 18 16 20 -7 -15 -14 17 -2 27 -12 -9 -10 -16 -20 -21 -11 -13 -5
right_child=5 3 7 10 9 13 -8 12 21 25 19 26 15 14 22 -17 -18 -19 23 24 -22 -23 -24 -25 -26 -27 -28 -29
leaf_value=0.019565837038680912 0.062881548422224376 0.081957491506700925 -0.062996191553771494 -0.01383187167027867 -0.032342128700746056 -0.024807313049166668 0.024573630988597869 -0.033396009123839797 0.020175383045757236 0.0065428234661292087 -0.0051350131588862825 0.029829902344334167 -0.0023118351155961229 0.011267176958012335 0.00081932736832000862 -0.020178393094449652 0.066482933219522242 0.029829902344334167 -0.039798401612788435 0.014565928893406754 -0.020919887682176813 0.011267176958012335 -0.0096285222213723168 -0.020430086116439532 0.0039060825911265882 0.021506010597958317 0.020175383045757236 -0.0051350131588862825
leaf_weight=54 34 46 40 38 33 41 35 315 128 57 31 44 119 196 32 231 32 150 32 138 220 253 93 70 110 53 143 40
leaf_count=54 34 46 40 38 33 41 35 315 128 57 31 44 119 196 32 231 32 150 32 138 220 253 93 70 110 53 143 40
internal_value=0 -0.0105403 -0.021776 0.00556471 0.0226589 0.0146385 0.057162 -0.0241895 0.0204224 0.00311517 -0.00277754 0.0289773 -0.0224355 0.00211198 0.00555027 -0.0136694 0.0394844 0.034789 -0.0160651 0.00579509 -0.0281704 0.0113735 -0.00962852 -0.0265064 0.00983777 0.0137524 0.0201754 -0.00513501
internal_weight=0 1662 979 683 224 1146 81 925 784 143 459 403 885 362 321 350 216 184 180 279 535 381 125 102 248 110 187 78
internal_count=2808 1662 979 683 224 1146 81 925 784 143 459 403 885 362 321 350 216 184 180 279 535 381 125 102 248 110 187 78
is_linear=0
shrinkage=0.03


Tree=7
num_leaves=17
num_cat=0
split_feature=6 7 17 12 15 3 7 12 0 7 3 1 3 3 8 12
split_gain=449.762 299.307 186.517 92.232 74.0514 71.0487 67.5874 48.5122 23.1836 22.2548 18.0663 19.3666 17.7914 25.9426 16.8472 8.88121
threshold=-0.0016999999999999997 -0.35244999999999999 0.0016758426966292097 -0.77568426966292126 10.523291011235957 0.4391000000000001 -0.3088499999999999 -2.084010112359548 0.10110000000000001 -0.42724999999999996 0.049800000000000004 0.091100000000000014 0.06795000000000001 0.031000000000000003 0.19835000000000003 -1.9055101123595468
decision_type=2 2 2 2 2 2 2 2 2 2 2 2 2 2 2 2
left_child=3 5 -3 8 -4 7 9 -2 -1 -5 -9 -12 13 -11 15 -6
right_child=1 2 4 6 14 -7 -8 10 -10 12 11 -13 -14 -15 -16 -17
leaf_value=-0.035553644299507137 0.052410287744290115 -0.0079054952953201609 0.0091469637497768458 -0.0079054952953201609 -0.0030388818714276716 0.064488446312025188 -0.060164271551429442 0.034449525436057768 -0.0079054952953201609 -0.02483484272958358 0.02081874083602378 0.010791565672372182 -0.017655745321701954 -0.042702725742859556 -0.0079054952953201609 0.0071035317397150008
leaf_weight=30 37 635 454 31 47 32 57 51 165 222 357 337 54 92 92 115
leaf_count=30 37 635 454 31 47 32 57 51 165 222 357 337 54 92 92 115
internal_value=0 0.00631994 -0.00238026 -0.0221309 0.00914696 0.0206742 -0.0296066 0.0188813 -0.0079055 -0.0252412 0.0172161 0.0159496 -0.027406 -0.0303998 -0.00705272 0.00182773
internal_weight=0 2157 1343 651 708 814 456 782 195 399 745 694 368 314 254 162
internal_count=2808 2157 1343 651 708 814 456 782 195 399 745 694 368 314 254 162
is_linear=0
shrinkage=0.03


Tree=8
num_leaves=25
num_cat=0
split_feature=3 17 7 8 14 6 6 1 16 8 7 16 13 13 6 7 7 3 12 7 13 8 13 3
split_gain=425.425 302.102 98.004 83.7606 73.9576 62.6756 61.7482 61.3552 53.6277 49.5509 45.8799 45.3835 226.885 42.3955 34.9862 52.082 29.396 26.3005 33.7181 20.8335 10.6819 10.2433 7.40537 3.90837
threshold=0.071700000000000014 0.0022775280898876264 -0.43159999999999993 0.19365000000000002 -0.34204269662921333 -0.0035499999999999998 -0.014399999999999998 0.091100000000000014 -50.577649438202279 0.18755000000000002 -0.35034999999999994 -52.09964943820227 -3.6674471910112358 1.7265202247191029 0.015400000000000002 -0.33544999999999997 -0.33334999999999998 0.4391000000000001 -1.5672831460674155 -0.44479999999999992 1.7265202247191029 0.20145000000000005 -1.4773426966292147 0.077300000000000021
decision_type=2 2 2 2 2 2 2 2 2 2 2 2 2 2 2 2 2 2 2 2 2 2 2 2
left_child=1 2 -1 7 -3 8 16 9 -6 17 -8 -7 -13 -12 -5 -16 20 18 -2 -9 -4 -17 -10 -11
right_child=3 4 6 14 5 11 10 19 22 23 13 12 -14 -15 15 21 -18 -19 -20 -21 -22 -23 -24 -25
leaf_value=0.018634952319294421 0.060175219550728798 -0.035903079661263805 -0.026787674742084881 -0.024239971843979705 0.0011798034860049716 0.0011798034860049716 -0.0021542009234394137 0.019067574512978028 -0.037572180402519945 0.028259636299277885 -0.011324175129095154 0.073328736302043701 0.0084882752034483016 -0.026456063826563743 0.010579660663479536 0.00052716268138486928 -0.061873900781978262 0.06255379205569625 0.028259636299277885 0.010579660663479536 -0.037669819973769683 -0.0095253353007097967 -0.019497127630473936 0.019067574512978028
leaf_weight=54 34 37 100 41 53 86 38 128 34 44 232 56 366 398 196 46 33 32 150 253 124 79 51 143
leaf_count=54 34 37 100 41 53 86 38 128 34 44 232 56 366 398 196 46 33 32 150 253 124 79 51 143
internal_value=0 -0.00996677 -0.02065 0.013792 0.00534634 0.00770892 -0.0229434 0.0193032 -0.0102197 0.0274633 -0.0181356 0.0125793 0.0170927 -0.0204941 0.00185615 0.0051893 -0.0354397 0.0374517 0.0330861 0.0106718 -0.0315454 -0.00952534 -0.0267271 0.0190676
internal_weight=0 1662 979 1146 683 646 925 784 138 403 668 508 422 630 362 321 257 216 184 381 224 125 85 187
internal_count=2808 1662 979 1146 683 646 925 784 138 403 668 508 422 630 362 321 257 216 184 381 224 125 85 187
is_linear=0
shrinkage=0.03


Tree=9
num_leaves=29
num_cat=0
split_feature=3 17 15 15 7 8 0 1 2 8 6 12 3 8 6 7 6 7 3 12 7 6 7 3 8 7 3 3
split_gain=397.737 283.152 95.8269 150.779 92.0033 77.7681 60.9237 57.6885 48.9965 47.143 42.5946 41.2959 33.186 33.0381 31.3829 29.1457 27.1096 25.4605 24.8018 31.8109 20.6937 20.0552 19.9117 14.9398 7.41976 6.28319 3.71707 2.23941
threshold=0.071700000000000014 0.0022775280898876264 -1.2653011235955052 -5.7213932584269651 -0.43159999999999993 0.19365000000000002 0.10110000000000001 0.091100000000000014 0.042200000000000008 0.18755000000000002 0.021150000000000006 0.070716853932585991 0.15970000000000004 0.20000000000000004 0.021850000000000005 -0.30104999999999993 -0.0024499999999999995 -0.29334999999999994 0.4391000000000001 -1.5672831460674155 -0.3088499999999999 -0.012549999999999997 -0.44479999999999992 0.11480000000000001 0.20145000000000005 -0.33849999999999997 0.077300000000000021 0.018400000000000003
decision_type=2 2 2 2 2 2 2 2 2 2 2 2 2 2 2 2 2 2 2 2 2 2 2 2 2 2 2 2
left_child=1 4 3 11 -1 7 -6 9 13 18 20 -3 14 21 -7 -12 -5 -18 19 -2 -8 -4 -9 -16 -25 -14 -11 -13
right_child=5 2 8 16 6 12 10 22 -10 26 15 27 25 -15 23 -17 17 -19 -20 -21 -22 -23 -24 24 -26 -27 -28 -29
leaf_value=0.01807590355268783 0.058369962914901617 -0.030545094013214112 -0.007074687788333517 0.023087309867143628 -0.058424135282635688 -0.025857528098858891 -0.023367426188155776 0.018409900794281883 -0.035294319123617912 0.027355339466677023 -0.0020667483685744424 0.0050201888864531237 0.010232683829265706 -0.017509587591205002 0.010232683829265706 -0.018693513599868452 0.072084684816817207 0.039927164790343098 0.060677179237827658 0.027355339466677023 -0.039498355696003455 0.0066723924017042654 0.010232683829265706 0.0043678355650627054 -0.012394353664094523 -0.0032107916416134683 0.018409900794281883 0.014959889685132484
leaf_weight=54 34 33 63 30 40 56 452 128 38 44 119 51 146 47 47 231 43 33 32 150 83 311 253 32 49 32 143 34
leaf_count=54 34 33 63 30 40 56 452 128 38 44 119 51 146 47 47 231 43 33 32 150 83 311 253 32 49 32 143 34
internal_value=0 -0.00964462 0.00518044 0.021266 -0.0199873 0.013328 -0.0222094 0.0186383 -0.0026696 0.0265509 -0.0205726 -0.00206205 0.00182702 0.000275144 -0.00712615 -0.0124355 0.047235 0.056767 0.0363008 0.0320614 -0.0258959 0.00336021 0.0102689 0.00106882 -0.00705028 0.0102327 0.0184099 0.00899607
internal_weight=0 1662 683 224 979 1146 925 784 459 403 885 118 362 421 184 350 106 76 216 184 535 374 381 128 81 178 187 85
internal_count=2808 1662 683 224 979 1146 925 784 459 403 885 118 362 421 184 350 106 76 216 184 535 374 381 128 81 178 187 85
is_linear=0
shrinkage=0.03


Tree=10
num_leaves=24
num_cat=0
split_feature=6 7 13 13 15 7 2 6 17 17 17 3 13 14 6 13 15 13 7 6 7 15 3
split_gain=405.786 274.953 155.533 80.1346 77.53 63.5949 39.2783 33.307 35.7647 27.5597 34.7292 19.2167 15.2386 18.0613 13.8411 12.7678 10.818 8.55195 6.15691 5.90988 4.82563 4.16281 3.66222
threshold=-0.0016999999999999997 -0.35244999999999999 1.7265202247191029 -3.100240449438203 10.523291011235957 -0.3088499999999999 1.0000000180025095e-35 0.015400000000000002 0.046605617977528137 0.0027814606741572994 -0.015320224719101131 0.41800000000000009 1.7265202247191029 0.12491573033707866 0.050050000000000004 -1.8418426966292143 -20.411350561797729 -2.9267404494382041 -0.38564999999999994 -0.014399999999999998 -0.28939999999999994 -0.21830112359550566 0.11370000000000001
decision_type=2 2 2 2 2 2 2 2 2 2 2 2 2 2 2 2 2 2 2 2 2 2 2
left_child=3 6 4 -1 9 12 7 -2 11 10 -3 -9 15 16 -6 17 -14 -5 -15 -17 -16 -7 -8
right_child=1 2 -4 5 14 21 22 8 -10 -11 -12 -13 13 18 20 19 -18 -19 -20 -21 -22 -23 -24
leaf_value=-0.0078106949106453724 0.016195326754473011 0.0088322386158242432 -0.0078106949106453724 -0.019613027392098536 -0.0078106949106453724 -0.06024924886991849 0.016195326754473011 0.023330186437929664 0.057092637156738957 0.0088322386158242432 -0.0078106949106453724 0.044595047480293679 -0.019711286731064318 -0.0091154487771647318 0.0088322386158242432 -0.016802360978443176 -0.037991655848460718 -0.037991655848460718 -0.024321738968260193 -0.0078106949106453724 -0.0018935040000527116 -0.045473028263077135 0.0088322386158242432
leaf_weight=96 106 99 508 52 173 37 32 428 34 376 138 42 30 35 52 115 87 31 76 52 37 32 142
leaf_count=96 106 99 508 52 173 37 32 428 34 376 138 42 30 35 52 115 87 31 76 52 37 32 142
internal_value=0 0.00575863 -0.00228715 -0.02138 0.00661843 -0.0264732 0.0199516 0.0235584 0.0273799 0.00883224 -0.00327528 0.0252305 -0.0225868 -0.0281958 -0.00781069 -0.0174714 -0.03642 -0.0270882 -0.019527 -0.0126918 0.00402369 -0.0533965 0.00883224
internal_weight=0 2167 1383 643 875 547 784 610 504 613 237 470 478 228 262 250 117 83 111 167 89 69 174
internal_count=2810 2167 1383 643 875 547 784 610 504 613 237 470 478 228 262 250 117 83 111 167 89 69 174
is_linear=0
shrinkage=0.03


Tree=11
num_leaves=21
num_cat=0
split_feature=6 7 13 12 8 7 12 3 6 6 3 16 3 6 7 3 0 0 7 3
split_gain=378.865 257.895 150.127 80.7158 70.9246 53.3638 49.3841 37.9658 21.4285 19.4634 31.9618 18.9083 14.1948 12.9267 11.1853 9.9861 9.76075 6.61842 5.29264 3.15808
threshold=-0.0016999999999999997 -0.35244999999999999 1.7265202247191029 -0.77568426966292126 0.20145000000000005 -0.3088499999999999 -2.084010112359548 0.31860000000000005 0.07690000000000001 0.025850000000000005 0.1082 -52.09964943820227 0.11055000000000001 -0.012549999999999997 -0.39534999999999992 0.016050000000000005 0.52975000000000005 0.10110000000000001 -0.33544999999999997 0.35670000000000007
decision_type=2 2 2 2 2 2 2 2 2 2 2 2 2 2 2 2 2 2 2 2
left_child=3 6 4 17 11 12 -2 9 19 16 -11 -3 13 14 -5 -15 -8 -1 -6 -9
right_child=1 2 -4 5 18 -7 7 8 -10 10 -12 -13 -14 15 -16 -17 -18 -19 -20 -21
leaf_value=-0.023750991804990917 0.054652969265247091 0.00047701082527383222 -0.0075670978710293399 -0.023104261625074413 0.00047701082527383222 -0.054815964275284818 0.0085211195215770044 0.031846345257671438 0.050808946857085598 0.036826839564393643 0.014496311770286411 0.0085211195215770044 -0.0079067532892028482 -0.023104261625074413 -0.034128479356474256 -0.0075670978710293399 0.013850854336980309 -0.0075670978710293399 -0.0075670978710293399 0.020501232948154209
leaf_weight=32 34 88 508 84 30 57 228 34 39 73 275 637 45 54 166 47 38 158 120 63
leaf_count=32 34 88 508 84 30 57 228 34 39 73 275 637 45 54 166 47 38 158 120 63
internal_value=0 0.00554438 -0.00224783 -0.0206786 0.00654453 -0.0276762 0.0192901 0.017687 0.0320287 0.0145103 0.0191806 0.00852112 -0.0237698 -0.0258035 -0.0294628 -0.0167457 0.00852112 -0.0075671 -0.0075671 0.0244779
internal_weight=0 2167 1383 643 875 453 784 750 136 614 348 725 396 351 250 101 266 190 150 97
internal_count=2810 2167 1383 643 875 453 784 750 136 614 348 725 396 351 250 101 266 190 150 97
is_linear=0
shrinkage=0.03


Tree=12
num_leaves=19
num_cat=0
split_feature=6 7 13 12 8 7 12 2 6 0 16 12 13 13 1 0 7 13
split_gain=353.136 244.384 143.58 76.8934 67.8776 50.2485 46.4898 27.5987 26.8932 25.1284 17.6563 12.9478 10.5367 13.0426 5.97154 5.95196 4.76696 2.12863
threshold=-0.0016999999999999997 -0.35244999999999999 1.7265202247191029 -0.77568426966292126 0.20145000000000005 -0.3088499999999999 -2.084010112359548 1.0000000180025095e-35 0.015400000000000002 0.32675000000000004 -52.09964943820227 -0.19338202247190669 1.7265202247191029 3.0847595505617957 0.38980000000000009 0.10110000000000001 -0.33544999999999997 -1.5368426966292146
decision_type=2 2 2 2 2 2 2 2 2 2 2 2 2 2 2 2 2 2
left_child=3 6 4 15 10 11 -2 8 -8 -10 -3 -5 14 -14 -13 -1 -6 -9
right_child=1 2 -4 5 16 -7 7 17 9 -11 -12 12 13 -15 -16 -17 -18 -19
leaf_value=-0.023038462260738014 0.053013379660380236 0.00044125584417647161 -0.0073368262840578452 -0.036140451002866031 0.00044125584417647161 -0.053171485409532718 0.014248177890319827 0.014248177890319827 0.019829852397326084 0.035351859748570857 0.0082193379724107875 -0.0087434809131694841 -0.031506320772802125 -0.016066658408381045 -0.021463815355199877 -0.0073368262840578452 -0.0073368262840578452 0.0082193379724107875
leaf_weight=32 34 88 508 58 30 57 102 55 352 128 637 76 119 84 59 158 120 113
leaf_count=32 34 88 508 58 30 57 102 55 352 128 637 76 119 84 59 158 120 113
internal_value=0 0.00532162 -0.00226371 -0.0199953 0.00638763 -0.0268359 0.0187024 0.017147 0.020277 0.0239691 0.00821934 -0.0230451 -0.020798 -0.0251175 -0.0143027 -0.00733683 -0.00733683 0.00821934
internal_weight=0 2167 1383 643 875 453 784 750 582 480 725 396 338 203 135 190 150 168
internal_count=2810 2167 1383 643 875 453 784 750 582 480 725 396 338 203 135 190 150 168
is_linear=0
shrinkage=0.03


Tree=13
num_leaves=31
num_cat=0
split_feature=3 13 15 16 8 13 1 2 3 17 8 1 17 2 12 15 2 7 0 7 17 8 17 7 15 0 15 0 3 17
split_gain=332.437 241.735 139.544 183.856 76.4509 64.9788 64.45 45.5104 40.4009 30.3431 27.5654 26.2752 24.868 22.6584 29.2539 21.9357 20.6968 18.2798 16.6008 16.3608 13.6011 12.7033 12.0841 20.6296 11.8883 11.2966 10.9177 10.0841 8.48376 7.14157
threshold=0.071700000000000014 1.7265202247191029 -0.90439325842696572 -29.908859550561882 0.19365000000000002 2.8921573033707877 0.091100000000000014 0.042200000000000008 0.15970000000000004 0.012175842696629221 0.20000000000000004 0.11920000000000001 -0.0042185393258427064 0.00030000000000000008 -1.9055101123595468 10.523291011235957 0.13485000000000003 -0.44479999999999992 0.80525000000000013 -0.38564999999999994 -0.0022185393258427051 0.19835000000000003 -0.0035544943820224602 -0.38564999999999994 -6.3738668539325838 0.10110000000000001 0.032698876404494655 0.68295000000000006 0.12005000000000002 -0.020324157303370779
decision_type=2 2 2 2 2 2 2 2 2 2 2 2 2 2 2 2 2 2 2 2 2 2 2 2 2 2 2 2 2 2
left_child=1 2 3 18 6 16 13 9 12 26 -11 21 29 14 -2 28 19 -8 -1 -3 -21 -5 23 -7 -13 -9 -4 -25 -14 -6
right_child=4 5 7 11 8 22 17 25 -10 10 -12 24 15 -15 -16 -17 -18 -19 -20 20 -22 -23 -24 27 -26 -27 -28 -29 -30 -31
leaf_value=0.043043003581902557 0.057888105565682052 -0.013661152167389026 -0.0055914611382975 0.018765270856263883 -0.012575699131497566 0.0058819136362184181 0.017474995049818511 -0.042255480747569248 0.0092065727976117957 0.0025939144952502888 -0.018137141872387418 -0.013360523059785079 0.0092065727976117957 0.017474995049818511 0.026778896233212036 -0.019722520588741948 -0.055157890617847441 0.0092065727976117957 0.071897998781580666 -0.035812056090852078 -0.022766163885291301 0.0031378325368855067 -0.00089803770840209086 -0.033000553244861161 0.0031378325368855067 -0.018137141872387418 -0.018137141872387418 -0.01565210355065861 -0.0062833962362492451 -0.031386515372074569
leaf_weight=34 30 52 89 102 34 33 117 37 185 354 40 78 48 81 292 36 30 241 38 220 84 49 68 41 40 31 141 114 32 39
leaf_count=34 30 52 89 102 34 33 117 37 185 354 40 78 48 81 292 36 30 241 38 220 84 49 68 41 40 31 141 114 32 39
internal_value=0 -0.00899865 -1.39989e-05 0.0156933 0.0120306 -0.0234553 0.0174889 -0.00775417 0.000924244 -0.00521445 -0.000159995 0.0042968 -0.00890772 0.0257434 0.0296773 -0.000275091 -0.0312279 0.00920657 0.058272 -0.0292113 -0.0318712 0.0125852 -0.0117356 -0.0156556 -0.00630954 -0.0310598 -0.013873 -0.020241 0.00847625 -0.0226253
internal_weight=0 1675 1033 341 1135 642 761 692 374 624 394 269 189 403 322 116 386 358 72 356 304 151 256 188 118 68 230 155 80 73
internal_count=2810 1675 1033 341 1135 642 761 692 374 624 394 269 189 403 322 116 386 358 72 356 304 151 256 188 118 68 230 155 80 73
is_linear=0
shrinkage=0.03


Tree=14
num_leaves=25
num_cat=0
split_feature=6 7 13 15 13 7 2 6 0 17 17 17 7 13 14 16 6 15 6 7 7 15 13 2
split_gain=315.321 218.227 130.835 68.8621 67.8035 51.7417 33.7904 28.812 44.8425 36.2422 19.9678 30.1201 13.6803 12.3734 15.6427 11.2631 10.8492 9.91239 5.81872 5.25021 4.24276 3.24754 2.1137 0.907152
threshold=-0.0016999999999999997 -0.35244999999999999 1.7265202247191029 10.523291011235957 -3.100240449438203 -0.3088499999999999 1.0000000180025095e-35 0.015400000000000002 0.32675000000000004 0.021285393258426991 0.0027814606741572994 -0.015320224719101131 -0.44029999999999997 1.7265202247191029 0.12491573033707866 -25.922139325842746 0.050050000000000004 -20.411350561797729 -0.014399999999999998 -0.38564999999999994 -0.28939999999999994 -0.21830112359550566 -1.5368426966292146 0.00055000000000000003
decision_type=2 2 2 2 2 2 2 2 2 2 2 2 2 2 2 2 2 2 2 2 2 2 2 2
left_child=4 6 3 10 -1 13 7 -2 12 -10 11 -3 -9 15 17 -6 -5 -15 -17 -16 -18 -7 23 -8
right_child=1 2 -4 16 5 21 22 8 9 -11 -12 -13 -14 14 19 18 20 -19 -20 -21 -22 -23 -24 -25
leaf_value=-0.0069921092163073486 0.01434050826331415 0.007707653903033667 -0.0069921092163073486 -0.0069921092163073486 -0.027879304494357333 -0.054055408371260036 0.01434050826331415 0.028213200814398699 0.031064533619210119 0.068453190743923184 0.007707653903033667 -0.0069921092163073486 0.019456601092512151 -0.016704335257410999 -0.0075845168850251603 -0.015964264606243807 0.007707653903033667 -0.034107465461636323 -0.0069921092163073486 -0.02162655693111255 -0.0016855941154781155 -0.041004307914990927 0.007707653903033667 0.0091996450680157816
leaf_weight=96 106 99 508 173 53 37 30 161 105 30 376 138 208 30 35 134 52 87 63 76 37 32 113 31
leaf_count=96 106 99 508 173 53 37 30 161 105 30 376 138 208 30 35 134 52 87 63 76 37 32 113 31
internal_value=0 0.0049694 -0.00219853 0.00608048 -0.0189536 -0.0237178 0.0176138 0.0209734 0.0245727 0.0393731 0.00770765 -0.00349897 0.0194566 -0.0202122 -0.0252664 -0.0156028 -0.00699211 -0.0329202 -0.0122999 -0.0171989 0.00362092 -0.0480027 0.00770765 0.0141245
internal_weight=0 2167 1383 875 643 547 784 610 504 135 613 237 369 478 228 250 262 117 197 111 89 69 174 61
internal_count=2810 2167 1383 875 643 547 784 610 504 135 613 237 369 478 228 250 262 117 197 111 89 69 174 61
is_linear=0
shrinkage=0.03


Tree=15
num_leaves=28
num_cat=0
split_feature=6 13 15 16 3 12 3 6 6 2 16 12 0 17 6 12 0 17 14 14 14 18 3 16 3 3 3
split_gain=282.654 127.204 96.5123 154.2 93.393 65.6324 57.0716 29.0758 27.3079 26.8593 26.2611 25.0525 18.3316 17.0033 15.3733 15.1505 12.9336 9.73284 10.9305 9.52289 8.91922 15.6313 7.53521 6.43561 4.17443 3.17444 2.87273
threshold=-0.0016999999999999997 1.7265202247191029 -0.90439325842696572 -29.908859550561882 0.13735000000000003 -0.77568426966292126 0.13735000000000003 0.021150000000000006 0.063050000000000009 0.13485000000000003 10.815749438202376 -0.84897078651685465 0.11895000000000001 0.048605617977528111 0.063050000000000009 -0.19338202247190669 0.10110000000000001 -0.012824157303370802 -0.0018685393258426883 -0.015913483146067438 -0.083584269662921359 4.5000000000000009 0.033000000000000008 -23.540555056179809 0.21215000000000003 0.012550000000000002 0.31860000000000005
decision_type=2 2 2 2 2 2 2 2 2 2 2 2 2 2 2 2 2 2 2 2 2 2 2 2 2 2 2
left_child=5 2 3 11 -3 12 7 -4 17 15 22 -2 -1 -9 23 -7 -11 24 -19 -12 25 -22 -5 -8 -6 -17 -16
right_child=1 4 6 10 8 9 14 13 -10 16 19 -13 -14 -15 26 20 -18 18 -20 -21 21 -23 -24 -25 -26 -27 -28
leaf_value=-0.030624751346079969 0.079300462961196902 -0.0064345323255539507 -0.0064345323255539507 0.014447531247224945 0.019087452062585726 -0.031284826215805313 0.016266446262948157 0.0076678368870032121 0.031096756613390012 -0.054724797580172034 0.0096720591715938418 0.044934136824948442 -0.0064345323255539507 -0.0010247829536351885 0.022860016277991235 -0.018567527094356981 -0.031284826215805313 -0.0061233804071568606 0.013341829272519265 -0.0064345323255539507 -0.01605691156844841 -0.031284826215805313 0.027468366424123255 0.0056206541796248542 0.0081701477793311439 -0.0083375761375869967 0.035318746589604884
leaf_weight=33 35 592 193 65 37 54 133 371 55 34 154 42 161 64 36 42 32 68 42 40 144 82 104 83 42 78 31
leaf_count=33 35 592 193 65 37 54 133 371 55 34 154 42 161 64 36 42 32 68 42 40 144 82 104 83 42 78 31
internal_value=0 0.00476543 0.0104569 0.0219945 -0.00443212 -0.0176345 0.00488436 -0.000156279 0.0124922 -0.0238821 0.013815 0.0605552 -0.00643453 0.00438497 0.0160699 -0.0209565 -0.0416131 0.00707815 0.00130879 0.00628375 -0.0185282 -0.022038 0.0224604 0.0121757 0.0151114 -0.0119181 0.0286245
internal_weight=0 2187 1351 440 836 660 911 628 244 466 363 77 194 435 283 400 66 189 110 194 346 226 169 216 79 120 67
internal_count=2847 2187 1351 440 836 660 911 628 244 466 363 77 194 435 283 400 66 189 110 194 346 226 169 216 79 120 67
is_linear=0
shrinkage=0.03


Tree=16
num_leaves=31
num_cat=0
split_feature=3 13 15 16 8 6 13 1 6 7 6 7 8 17 3 7 17 7 3 7 7 8 6 6 18 7 3 8 12 7
split_gain=265.671 192.411 128.573 178.454 61.1643 58.5237 57.2068 44.1363 39.8358 40.6511 38.4219 31.585 23.4013 20.9982 19.7772 25.5262 18.5061 16.3895 15.9708 14.5966 13.9506 13.8126 13.4181 11.5147 10.6886 10.1693 9.10606 8.74159 6.11923 5.627
threshold=0.071700000000000014 1.7265202247191029 -0.33095898876404556 -29.908859550561882 0.19365000000000002 0.016500000000000004 2.8921573033707877 0.091100000000000014 0.015400000000000002 -0.33544999999999997 0.021150000000000006 -0.38564999999999994 0.18755000000000002 0.048605617977528111 0.016750000000000004 -0.31124999999999997 -0.0022185393258427051 -0.44479999999999992 0.4391000000000001 -0.30104999999999993 -0.31124999999999997 0.20245000000000005 0.021150000000000006 0.010500000000000001 3.5000000000000004 -0.37284999999999996 0.27420000000000005 0.19835000000000003 -0.77568426966292126 -0.29994999999999994
decision_type=2 2 2 2 2 2 2 2 2 2 2 2 2 2 2 2 2 2 2 2 2 2 2 2 2 2 2 2 2 2
left_child=1 2 3 23 7 14 11 12 -6 -10 20 -3 18 19 28 -16 24 -9 26 -7 -5 -11 25 -1 -13 -8 -2 -12 -4 -24
right_child=4 6 5 10 8 13 22 17 9 21 27 16 -14 -15 15 -17 -18 -19 -20 -21 -22 -23 29 -25 -26 -27 -28 -29 -30 -31
leaf_value=0.040771317660808562 0.032456081402713374 -0.0078175075018200382 -0.0080587369516060495 -0.0029137954926762495 -0.025118321692571041 0.014507452211832922 -0.0097898197605987957 0.014869654335723152 0.0077295803144495235 -0.0010283492746305219 0.017435034732101486 -0.022373093218941771 0.014869654335723152 -0.0080587369516060495 -0.01839115172393363 -0.047272494961233702 -0.0201975600173076 0.0077295803144495235 0.048890466019511226 -0.00039081660697717148 -0.025327378149059686 -0.01048763792211525 0.005587904907763004 0.064765784144401539 -0.039020582307502626 -0.023056419295387279 0.021701925723042477 0.0026085248567602214 -0.016866618357279834 -0.0077028893879791593
leaf_weight=30 93 58 76 103 48 95 42 130 195 81 120 42 193 57 145 34 90 264 30 157 33 52 45 45 200 87 99 51 73 79
leaf_count=30 93 58 76 103 48 95 42 130 195 81 120 42 193 57 145 34 90 264 30 157 33 52 45 45 200 87 99 51 73 79
internal_value=0 -0.00818635 -7.78696e-05 0.013683 0.0104051 -0.00833008 -0.0210363 0.0150516 0.000407552 0.00414305 0.00354826 -0.0282435 0.0218792 0.00103853 -0.017156 -0.023877 -0.0318119 0.00786009 0.0285342 0.00522559 -0.00835239 -0.00978628 -0.00992639 0.055168 -0.0361313 -0.0167 0.0253535 0.0130131 -0.00908178 -0.00287962
internal_weight=0 1662 1019 382 1185 637 643 809 376 328 307 390 415 309 328 179 332 394 222 252 136 133 253 75 242 129 192 171 149 124
internal_count=2847 1662 1019 382 1185 637 643 809 376 328 307 390 415 309 328 179 332 394 222 252 136 133 253 75 242 129 192 171 149 124
is_linear=0
shrinkage=0.03


Tree=17
num_leaves=26
num_cat=0
split_feature=2 13 7 15 16 13 7 1 1 8 16 5 1 0 12 1 7 7 8 1 5 12 18 7 14
split_gain=173.386 161.017 137.816 120.122 206.211 56.3108 53.3778 47.3885 44.1452 43.734 33.4751 25.6819 23.1485 14.9019 14.0433 13.5988 11.7082 6.81177 5.8319 9.99353 4.57401 3.60971 2.59932 2.24667 1.24734
threshold=0.13485000000000003 1.7265202247191029 -0.3885499999999999 -0.90439325842696572 -29.908859550561882 2.8921573033707877 -0.44029999999999997 0.11920000000000001 0.31080000000000002 0.19965000000000002 10.815749438202376 0.30945000000000006 0.11920000000000001 0.10110000000000001 -1.5672831460674155 0.11500000000000002 -0.43159999999999993 -0.31324999999999997 0.19535000000000002 0.091100000000000014 0.37200000000000005 2.0298039325842727 4.5000000000000009 -0.30934999999999996 0.48391573033707874
decision_type=2 2 2 2 2 2 2 2 2 2 2 2 2 2 2 2 2 2 2 2 2 2 2 2 2
left_child=1 3 8 4 11 -4 20 9 18 -8 17 23 21 -2 -9 -12 -10 -6 19 -3 -5 -7 -22 -1 -14
right_child=13 2 5 6 10 12 7 14 16 -11 15 -13 24 -15 -16 -17 -18 -19 -20 -21 22 -23 -24 -25 -26
leaf_value=0.075532954156398782 -0.049596010628342624 0.028606110403071278 -0.018255155044739076 0.028553841354441827 0.023356274236854511 -0.0028102436684938393 0.0084424891657312161 -0.0033940606350255347 0.0074141037328003673 -0.0033940606350255347 0.007836482666852565 0.038694374039769171 -0.012048651400953531 -0.027335005128850877 -0.015164099911332935 -0.0066324741755072998 -0.0028102436684938393 0.012035936241969466 0.0074141037328003673 0.013733296759962809 0.021341605329279055 -0.010532699356616456 0.010848557719809198 0.063922595798969278 -0.018255155044739076
leaf_weight=30 50 69 452 38 119 154 512 126 33 164 152 40 30 59 206 95 66 80 30 99 42 74 43 30 54
leaf_count=30 50 69 452 38 119 154 512 126 33 164 152 40 30 59 206 95 66 80 30 99 42 74 43 30 54
internal_value=0 0.00103617 -0.00811023 0.00682288 0.0183787 -0.0148515 0.00124421 -0.00103242 0.00923105 0.00352609 0.00964873 0.0573144 -0.00444203 -0.0375465 -0.0103142 0.0022715 -0.00281024 0.0188054 0.0176385 0.0198418 0.0199015 -0.00281024 0.0160334 0.0697278 -0.0182552
internal_weight=0 2738 1061 1677 546 764 1131 1008 297 676 446 100 312 109 332 247 99 199 198 168 123 228 85 60 84
internal_count=2847 2738 1061 1677 546 764 1131 1008 297 676 446 100 312 109 332 247 99 199 198 168 123 228 85 60 84
is_linear=0
shrinkage=0.03


Tree=18
num_leaves=31
num_cat=0
split_feature=3 13 15 16 14 6 7 6 3 0 17 3 3 7 17 17 17 0 6 7 7 5 16 3 17 7 17 13 17 7
split_gain=241.143 172.306 115.09 158.839 54.1907 51.9912 44.6789 34.6719 32.0605 36.3517 28.8918 31.1786 33.6766 25.0235 23.0798 21.6633 19.9619 19.4344 16.9202 13.664 12.8813 11.5291 11.363 10.925 10.3834 9.8128 8.76567 8.64764 8.61603 8.88735
threshold=0.071700000000000014 1.7265202247191029 -0.21830112359550566 -29.908859550561882 0.12491573033707866 0.016500000000000004 -0.3885499999999999 0.021150000000000006 0.4391000000000001 0.30040000000000006 -0.0013202247191011205 0.098450000000000024 0.13455000000000003 -0.38564999999999994 -0.0022185393258427051 0.048605617977528111 0.048605617977528111 0.10110000000000001 -0.016649999999999998 -0.30104999999999993 -0.31124999999999997 0.28535000000000005 32.570215730337061 0.22055000000000002 -0.0053241573033707959 -0.37284999999999996 0.022179775280898904 2.7698550561797748 -0.0035544943820224602 -0.32904999999999995
decision_type=2 2 2 2 2 2 2 2 2 2 2 2 2 2 2 2 2 2 2 2 2 2 2 2 2 2 2 2 2 2
left_child=1 2 3 21 13 17 8 20 9 -2 11 -8 22 -3 27 -12 19 -4 25 -7 -5 -1 -13 -11 -14 -6 -19 -15 29 -20
right_child=6 4 5 7 18 16 10 -9 -10 23 15 12 24 14 -16 -17 -18 26 28 -21 -22 -23 -24 -25 -26 -27 -28 -29 -30 -31
leaf_value=0.061846442886374212 0.010602362264936877 -0.0076649909952412479 -0.037142321135227876 -0.0027438100025589975 -0.014806526309364845 0.01393162499652489 0.010602362264936877 0.01233181852826914 0.046576956823468206 0.041898834029833479 0.010602362264936877 -0.023712467825715684 0.010602362264936877 -0.043301053184388885 -0.019565131827093806 -0.010503895461813293 -0.0077654621269636001 -0.017069475654664205 0.0036225091936913402 -0.00048283427722372441 -0.024231462082402275 0.037960483489498015 -0.0041803467665847971 0.021710063951233257 -0.0087983015123754733 -0.034477395527064796 -0.0077654621269636001 -0.030917153869043378 0.0027606762020981738 -0.013797029324217152
leaf_weight=44 393 46 36 105 41 95 62 171 30 45 340 91 60 101 90 44 57 212 33 157 33 31 38 52 30 36 78 102 63 131
leaf_count=44 393 46 36 105 41 95 62 171 30 45 340 91 60 101 90 44 57 212 33 157 33 31 38 52 30 36 78 102 63 131
internal_value=0 -0.00782825 -0.000155084 0.01281 -0.0199884 -0.00799536 0.00988417 0.00330422 0.0164717 0.0146285 0.00473302 -0.00257685 -0.00813253 -0.0282357 -0.0314653 0.0100822 0.000821807 -0.0163527 -0.0107915 0.00495119 -0.00788216 0.0519736 -0.0179588 0.031076 0.00595183 -0.0229437 -0.013772 -0.0370786 -0.00666936 -0.0102919
internal_weight=0 1662 1019 384 643 635 1185 309 520 490 665 281 219 339 293 384 309 326 304 252 138 75 129 97 90 77 290 203 227 164
internal_count=2847 1662 1019 384 643 635 1185 309 520 490 665 281 219 339 293 384 309 326 304 252 138 75 129 97 90 77 290 203 227 164
is_linear=0
shrinkage=0.03


Tree=19
num_leaves=31
num_cat=0
split_feature=3 13 15 16 8 14 6 1 6 7 6 7 17 8 17 3 7 6 7 3 8 7 0 7 0 7 12 8 7 6
split_gain=227.829 161.846 108.451 149.452 53.3486 51 48.4807 39.47 36.8825 37.3162 32.6228 23.5303 21.769 19.5273 19.107 18.8725 22.4634 15.8727 14.5814 13.4655 12.9576 12.8564 12.3494 12.12 10.0508 9.53219 9.04284 8.20195 6.45059 5.26785
threshold=0.071700000000000014 1.7265202247191029 -0.21830112359550566 -29.908859550561882 0.19365000000000002 0.12491573033707866 0.016500000000000004 0.091100000000000014 0.015400000000000002 -0.33544999999999997 0.021150000000000006 -0.38564999999999994 -0.0022185393258427051 0.18755000000000002 0.048605617977528111 0.016750000000000004 -0.31124999999999997 0.021150000000000006 -0.44479999999999992 0.4391000000000001 0.20245000000000005 -0.30104999999999993 0.32675000000000004 -0.31124999999999997 0.79810000000000014 -0.31124999999999997 1.0767595505617982 0.19835000000000003 -0.30104999999999993 -0.016649999999999998
decision_type=2 2 2 2 2 2 2 2 2 2 2 2 2 2 2 2 2 2 2 2 2 2 2 2 2 2 2 2 2 2
left_child=1 2 3 24 7 11 15 13 -6 -10 23 -3 26 19 21 -4 -17 25 -9 22 -11 -8 -2 -5 -1 29 -13 -12 -19 -7
right_child=4 5 6 10 8 17 14 18 9 20 27 12 -14 -15 -16 16 -18 28 -20 -21 -22 -23 -24 -25 -26 -27 -28 -29 -30 -31
leaf_value=0.040141410693526267 0.020137765607708968 -0.0074350414068802542 -0.0079737267101100701 -0.0026614957357357651 -0.024278353555127977 -0.019178331565843629 0.013513676209669364 0.013787494227618295 0.0071213278096956337 -0.0012223252827944424 0.016246278120437635 -0.042585246936254893 -0.018974671527002041 0.013787494227618295 -0.0075486432353128879 -0.017252338743944474 -0.044381588811383522 0.0065389342766932462 0.0071213278096956337 0.045179648622870446 -0.010200450493288282 -0.00046834922010067164 0.031113950380098981 -0.023504518214613201 0.062154900108064924 -0.030874723032774293 -0.029909230824911367 0.0021580835796005007 -0.0073788565359613357 -0.0098256021626436357
leaf_weight=40 81 46 149 105 48 70 95 130 195 81 120 97 90 193 57 143 34 44 264 30 52 157 111 33 35 34 106 51 94 62
leaf_count=40 81 46 149 105 48 70 95 130 195 81 120 97 90 193 57 143 34 44 264 30 52 157 111 33 35 34 106 51 94 62
internal_value=0 -0.00759648 -0.000159869 0.0124257 0.00962002 -0.0193817 -0.00777064 0.0139596 0.000283094 0.00387745 0.00320509 -0.0273826 -0.0305143 0.0204162 0.000743645 -0.0158409 -0.0224636 -0.0104597 0.00715882 0.026488 -0.00956598 0.00480265 0.0235675 -0.0076457 0.0504144 -0.0167099 -0.0359662 0.0119619 -0.0029413 -0.0130614
internal_weight=0 1662 1019 384 1185 643 635 809 376 328 309 339 293 415 309 326 177 304 394 222 133 252 192 138 75 166 203 171 138 132
internal_count=2847 1662 1019 384 1185 643 635 809 376 328 309 339 293 415 309 326 177 304 394 222 133 252 192 138 75 166 203 171 138 132
is_linear=0
shrinkage=0.03


Tree=20
num_leaves=22
num_cat=0
split_feature=6 7 13 7 15 12 5 12 7 1 8 1 6 7 1 7 8 0 8 14 13
split_gain=239.057 154.45 117.954 52.0815 51.1274 36.8286 36.377 28.8667 22.2496 23.6958 17.2897 11.9257 11.5655 10.2838 13.8489 13.0044 8.72628 7.97027 6.05073 4.43403 0.993061
threshold=-0.0024499999999999995 -0.35244999999999999 1.7265202247191029 -0.3088499999999999 -0.21830112359550566 -2.0460101123595478 0.29340000000000005 -0.77568426966292126 -0.44029999999999997 0.091100000000000014 0.19965000000000002 0.076250000000000012 0.069650000000000017 -0.42724999999999996 0.38980000000000009 -0.34549999999999997 0.19915000000000002 0.15095000000000003 0.15470000000000003 -0.11695393258426963 3.403520224719101
decision_type=2 2 2 2 2 2 2 2 2 2 2 2 2 2 2 2 2 2 2 2 2
left_child=3 5 4 7 -3 -2 -5 17 12 16 11 -6 18 -9 15 -15 -10 -1 -7 -14 -16
right_child=1 2 -4 6 10 8 -8 13 9 -11 -12 -13 19 14 20 -17 -18 -19 -20 -21 -22
leaf_value=-0.024201434785500169 0.043604451331653089 0.0065812572774679862 -0.006201413158451026 -0.02635684282755598 0.0052836164926663891 0.023175910162350957 -0.056756405960395925 -0.006201413158451026 0.015540339736211392 0.0065812572774679862 -0.006201413158451026 -0.0025547582405306426 0.023175910162350957 -0.012902876947590992 -0.02635684282755598 -0.02066070630004134 0.01106079850683969 -0.006201413158451026 0.015540339736211392 0.036649394209750677 -0.02066070630004134
leaf_weight=32 38 359 541 30 263 30 50 35 218 212 118 145 38 109 100 110 112 119 123 44 31
leaf_count=32 38 359 541 30 263 30 50 35 218 212 118 145 38 109 100 110 112 119 123 44 31
internal_value=0 0.00434939 -0.00160467 -0.0167522 0.00620828 0.0147672 -0.0393315 -0.0133822 0.0133569 0.0100141 -0.00278434 0.0010919 0.0210666 -0.0180026 -0.0196043 -0.0149646 0.0155403 -0.00620141 0.0161943 0.0301575 -0.0263568
internal_weight=0 2241 1426 616 885 815 80 536 777 542 526 408 235 385 350 219 330 151 153 82 131
internal_count=2857 2241 1426 616 885 815 80 536 777 542 526 408 235 385 350 219 330 151 153 82 131
is_linear=0
shrinkage=0.03


Tree=21
num_leaves=19
num_cat=0
split_feature=6 7 17 7 15 5 12 3 12 3 3 16 3 7 6 0 16 3
split_gain=222.119 145.431 118.641 48.6299 42.2361 34.7702 34.7199 39.0515 27.7264 21.3316 12.3622 11.0468 9.82478 12.5169 14.2877 7.20357 2.06349 1.15538
threshold=-0.0024499999999999995 -0.35244999999999999 0.0016758426966292097 -0.3088499999999999 10.523291011235957 0.29340000000000005 -2.0460101123595478 0.4391000000000001 -0.77568426966292126 0.049800000000000004 0.13735000000000003 -79.803649438202271 0.11055000000000001 -0.42724999999999996 -0.012549999999999997 0.15095000000000003 -41.099750561797627 0.015200000000000002
decision_type=2 2 2 2 2 2 2 2 2 2 2 2 2 2 2 2 2 2
left_child=3 6 -3 8 -4 -5 -2 9 15 -8 -11 17 13 -10 -15 -1 -13 -6
right_child=1 2 4 5 11 -7 7 -9 12 10 -12 16 -14 14 -16 -17 -18 -19
leaf_value=-0.02347539154929109 0.042296317902050518 -0.0059823935035253697 0.0063534795828296218 -0.02543345182130605 0.00046539027150720353 -0.055053713786602024 0.031120226659039234 0.045920176304155777 -0.0059823935035253697 0.0063534795828296218 0.01328070115235189 -0.0059823935035253697 -0.0059823935035253697 -0.02543345182130605 -0.013619030159297441 -0.0059823935035253697 -7.0135774828183146e-05 0.0063534795828296218
leaf_weight=32 38 703 461 30 30 50 47 31 35 247 452 52 47 217 86 119 144 36
leaf_count=32 38 703 461 30 30 50 47 31 35 247 452 52 47 217 86 119 144 36
internal_value=0 0.00418776 -0.00158984 -0.0161525 0.00635348 -0.0379708 0.0142968 0.0129275 -0.0128961 0.0115564 0.010241 -0.0059019 -0.0174437 -0.0192409 -0.0212557 -0.00598239 -0.00598239 0.00629211
internal_weight=0 2241 1426 616 723 80 815 777 536 746 699 262 385 338 303 151 196 66
internal_count=2857 2241 1426 616 723 80 815 777 536 746 699 262 385 338 303 151 196 66
is_linear=0
shrinkage=0.03


Tree=22
num_leaves=22
num_cat=0
split_feature=6 7 17 7 15 5 12 12 7 0 6 6 16 7 6 0 14 7 7 16 12
split_gain=206.344 136.906 113.658 45.4466 40.4954 33.246 32.7046 26.5842 20.0804 16.7618 11.6696 10.5652 10.4489 9.30162 8.41633 6.50999 4.80444 4.11191 3.60789 1.33686 0.033402
threshold=-0.0024499999999999995 -0.35244999999999999 0.0016758426966292097 -0.3088499999999999 10.523291011235957 0.29340000000000005 -2.0460101123595478 -0.77568426966292126 -0.44029999999999997 0.29825000000000007 0.015400000000000002 0.026550000000000004 -79.803649438202271 -0.42724999999999996 -0.014399999999999998 0.15095000000000003 -0.11695393258426963 -0.35199999999999992 -0.33669999999999994 -41.099750561797627 -1.9055101123595468
decision_type=2 2 2 2 2 2 2 2 2 2 2 2 2 2 2 2 2 2 2 2 2
left_child=3 6 -3 7 -4 -5 -2 15 11 -10 -11 -8 20 -9 17 -1 -13 -15 -16 -14 -6
right_child=1 2 4 5 12 -7 8 13 9 10 -12 16 19 14 18 -17 -18 -19 -20 -21 -22
leaf_value=-0.022771129624452442 0.041027428837198961 -0.0057579876851156959 0.0061456678381928117 -0.024532357834272749 0.0051432049758732322 -0.053402102272957559 0.014597960205011669 -0.0057579876851156959 0.0061456678381928117 0.009947840944330634 0.014597960205011669 0.019549518075208865 -0.0057579876851156959 -0.018681347920650862 -0.01208430454002558 -0.0057579876851156959 0.029561811712940773 -0.024532357834272749 -0.016796438985382692 -6.8031726987101133e-05 0.0061456678381928117
leaf_weight=32 38 703 461 30 30 50 72 35 185 79 278 80 52 173 32 119 83 70 75 144 36
leaf_count=32 38 703 461 30 30 50 72 35 185 79 278 80 52 173 32 119 83 70 75 144 36
internal_value=0 0.00404438 -0.00156133 -0.0155604 0.00614567 -0.0366524 0.0138527 -0.0124123 0.0125237 0.00934802 0.01375 0.0198479 -0.00575799 -0.0168842 -0.0184106 -0.00575799 0.0245011 -0.0215086 -0.0120843 -0.00575799 0.00614567
internal_weight=0 2241 1426 616 723 80 815 536 777 542 357 235 262 385 350 151 163 243 107 196 66
internal_count=2857 2241 1426 616 723 80 815 536 777 542 357 235 262 385 350 151 163 243 107 196 66
is_linear=0
shrinkage=0.03


Tree=23
num_leaves=19
num_cat=0
split_feature=6 7 13 15 7 5 12 3 12 3 6 0 3 7 6 0 16 3
split_gain=191.483 128.37 106.854 44.7955 42.4322 31.7887 30.8852 36.0163 25.52 19.8383 15.6404 12.2544 9.16229 11.3678 13.2135 5.82106 4.3058 4.0798
threshold=-0.0024499999999999995 -0.35244999999999999 1.7265202247191029 -0.21830112359550566 -0.3088499999999999 0.29340000000000005 -2.0460101123595478 0.4391000000000001 -0.77568426966292126 0.049800000000000004 0.050050000000000004 0.52975000000000005 0.11055000000000001 -0.42724999999999996 -0.012549999999999997 0.15095000000000003 -79.803649438202271 0.018400000000000003
decision_type=2 2 2 2 2 2 2 2 2 2 2 2 2 2 2 2 2 2
left_child=4 6 3 -3 8 -6 -2 9 15 -8 16 -11 13 -10 -15 -1 -5 -12
right_child=1 2 -4 10 5 -7 7 -9 12 11 17 -13 -14 14 -16 -17 -18 -19
leaf_value=-0.022087995945475995 0.039796606323828823 0.0059256847048251614 -0.0055518142797553998 -0.00016795224318413127 -0.023663934012910146 -0.051800039528310297 0.029646985031505847 0.043781677676785376 -0.0055518142797553998 0.0082835634915355855 -0.00016795224318413127 0.022358015279560425 -0.0055518142797553998 -0.023663934012910146 -0.012784732141560288 -0.0055518142797553998 -0.0055518142797553998 0.0059256847048251614
leaf_weight=32 38 359 541 47 30 50 47 31 35 638 92 61 47 217 86 119 324 63
leaf_count=32 38 359 541 47 30 50 47 31 35 638 92 61 47 217 86 119 324 63
internal_value=0 0.00389096 -0.00153718 0.00592568 -0.0149946 -0.0353751 0.0133885 0.012097 -0.0119527 0.0107804 -0.00283064 0.00951181 -0.0163545 -0.0180946 -0.0200177 -0.00555181 -0.00555181 0.00521591
internal_weight=0 2241 1426 885 616 80 815 777 536 746 526 699 385 338 303 151 371 155
internal_count=2857 2241 1426 885 616 80 815 777 536 746 526 699 385 338 303 151 371 155
is_linear=0
shrinkage=0.03


Tree=24
num_leaves=28
num_cat=0
split_feature=6 13 15 12 7 7 7 12 5 12 6 8 7 17 7 1 7 2 6 1 0 12 8 17 13 13 15
split_gain=178.175 124.012 106.796 183.288 87.709 49.3883 39.6304 30.6258 30.4027 24.502 18.4213 12.5478 10.0331 9.12593 8.42128 11.8701 11.2696 8.04722 5.61127 5.57265 5.22089 4.38246 4.37149 2.92435 0.377525 0.23808 0.190093
threshold=-0.0024499999999999995 1.7265202247191029 -0.90439325842696572 -1.2398275280898881 -0.3885499999999999 -0.35244999999999999 -0.3088499999999999 -0.14738202247190732 0.29340000000000005 -0.77568426966292126 0.050050000000000004 0.19965000000000002 -0.44029999999999997 -0.0073202247191011252 -0.42724999999999996 0.38980000000000009 -0.34549999999999997 0.00055000000000000003 0.069650000000000017 0.091100000000000014 0.15095000000000003 -0.84247078651685381 0.20000000000000004 0.055605617977528117 3.403520224719101 2.8250528089887639 -9.9038932584269634
decision_type=2 2 2 2 2 2 2 2 2 2 2 2 2 2 2 2 2 2 2 2 2 2 2 2 2 2 2
left_child=6 2 3 -2 12 13 9 21 -8 20 22 -9 18 -4 -11 16 -16 -15 25 -14 -1 -5 -7 -12 -17 -3 -21
right_child=1 4 5 7 -6 10 8 11 -10 14 23 -13 19 17 15 24 -18 -19 -20 26 -22 -23 -24 -25 -26 -27 -28
leaf_value=-0.021425355994542768 0.079339948337186467 0.014511569629788576 0.0051289514777067809 0.035367666248764314 -0.0053327329328258398 -0.0016770991839655687 -0.022819714984928002 0.013253716034219607 -0.050246038010716434 -0.0053327329328258398 0.0051289514777067809 -0.0024773151596838776 0.014511569629788576 0.016401833896060428 -0.011310631511402382 -0.022819714984928002 -0.017878162926931118 0.0051289514777067809 0.030536053741616862 0.0084477146714925754 -0.0053327329328258398 0.022168142572045326 -0.0053327329328258398 -0.00010189072755952932 -0.0179395784997201 0.017477587584406137 0.0041604922519690455
leaf_weight=32 44 30 57 56 633 296 30 268 50 35 140 55 59 263 109 100 110 34 35 30 119 38 104 34 31 30 35
leaf_count=32 44 30 57 56 633 296 30 268 50 35 140 55 59 263 109 100 110 34 35 30 119 38 104 34 31 30 35
internal_value=0 0.00377602 0.00930315 0.0211056 -0.00523478 0.00344009 -0.0144415 0.014961 -0.0341377 -0.0115018 -0.00199498 0.0105751 0.0136537 0.0122529 -0.0158332 -0.0172885 -0.0129366 0.0145175 0.0209898 0.00803331 -0.00533273 0.0300317 -0.00533273 0.00512895 -0.0228197 0.0154212 0.00416049
internal_weight=0 2241 1389 461 852 928 616 417 80 536 574 323 219 354 385 350 219 297 95 124 151 94 400 174 131 60 65
internal_count=2857 2241 1389 461 852 928 616 417 80 536 574 323 219 354 385 350 219 297 95 124 151 94 400 174 131 60 65
is_linear=0
shrinkage=0.03


Tree=25
num_leaves=20
num_cat=0
split_feature=6 7 17 12 16 12 7 7 6 1 14 7 1 7 8 8 13 2 13
split_gain=149.42 117.366 82.714 49.9232 33.0258 28.2847 27.9807 23.1082 14.8748 13.7586 12.9155 11.2161 15.418 13.56 10.3786 9.65958 2.77779 1.68345 1.09716
threshold=-0.0016999999999999997 -0.35244999999999999 -0.0013202247191011205 -0.77568426966292126 -52.09964943820227 -2.084010112359548 -0.3088499999999999 -0.44029999999999997 0.038850000000000003 0.091100000000000014 -0.25504269662921325 -0.42724999999999996 0.38980000000000009 -0.34549999999999997 0.19915000000000002 0.14420000000000002 1.9001398876404496 0.042200000000000008 -0.47297977528089769
decision_type=2 2 2 2 2 2 2 2 2 2 2 2 2 2 2 2 2 2 2
left_child=3 5 -3 17 -4 -2 11 8 -7 14 18 -5 13 -13 -9 -10 -14 -1 -6
right_child=1 2 4 6 10 7 -8 9 15 -11 -12 12 16 -15 -16 -17 -18 -19 -20
leaf_value=-0.0041963849621249926 0.036897115481219121 -0.0041963849621249926 -0.0041963849621249926 -0.0041963849621249926 0.003903326162137091 0.013619397873679719 -0.037735794527750263 0.013619397873679719 0.039496264510294969 0.0057486640768596746 0.0057486640768596746 -0.010550254338392177 -0.019872960935092783 -0.018476218644909708 0.0091740154333956239 0.021330384998582301 -0.0265093235909383 -0.017218711512229801 -0.0041963849621249926
leaf_weight=152 42 576 106 34 40 99 57 215 34 206 574 105 66 126 111 117 73 42 73
leaf_count=152 42 576 106 34 40 99 57 215 34 206 574 105 66 126 111 117 73 42 73
internal_value=0 0.00396804 -0.00141633 -0.0123608 0.00574866 0.0129137 -0.018059 0.0116255 0.0191485 0.00809033 0.00574866 -0.0152829 -0.0169041 -0.0121537 0.0125994 0.0254207 -0.0247988 -0.00419638 -0.00419638
internal_weight=0 2193 1369 655 793 824 461 782 250 532 687 404 370 231 326 151 139 194 113
internal_count=2848 2193 1369 655 793 824 461 782 250 532 687 404 370 231 326 151 139 194 113
is_linear=0
shrinkage=0.03


Tree=26
num_leaves=31
num_cat=0
split_feature=3 13 15 12 7 8 1 12 13 12 12 17 17 12 15 8 17 8 3 14 17 7 17 2 3 14 12 7 17 17
split_gain=155.637 139.535 91.8398 124.458 56.0075 49.6325 54.9695 44.4734 43.315 33.603 31.6791 29.9381 21.5162 18.4106 16.3635 14.3291 12.1477 11.1345 14.8088 11.1262 9.64843 9.0582 8.19266 7.78847 10.0454 6.20723 5.91285 4.0389 2.64824 4.57919
threshold=0.064250000000000015 1.7265202247191029 -0.21830112359550566 -0.84247078651685381 -0.43159999999999993 0.19365000000000002 0.091100000000000014 -1.9340101123595479 2.8921573033707877 -1.911510112359547 -1.5672831460674155 -0.0042185393258427064 0.044445505617977561 -1.2398275280898881 -6.3738668539325838 0.20095000000000002 -0.025554494382022435 0.17485000000000003 0.4391000000000001 -0.015913483146067438 -0.0035544943820224602 -0.44479999999999992 0.022179775280898904 0.042200000000000008 0.011100000000000002 0.63245730337078687 -0.72932752808988954 -0.28939999999999994 0.015281460674157312 0.033675842696629217
decision_type=2 2 2 2 2 2 2 2 2 2 2 2 2 2 2 2 2 2 2 2 2 2 2 2 2 2 2 2 2 2
left_child=1 2 3 13 -3 6 9 -4 23 -2 22 16 28 -1 19 -12 -7 18 -11 -5 25 -8 -9 24 -6 -10 -19 -16 -13 -30
right_child=5 4 7 14 8 11 21 10 20 17 15 12 -14 -15 27 -17 -18 26 -20 -21 -22 -23 -24 -25 -26 -27 -28 -29 29 -31
leaf_value=0.05814293352158173 0.050276030840787793 0.023243042119662275 -0.037871612807723214 0.0030376950101173648 -0.029180645377568478 -0.0013779442830056678 0.013137329509814947 -0.0058322834585081123 -0.017040774360408677 0.019990361410046554 -0.0076276013628193504 0.0060664672699669671 -0.018849857901223004 0.029270409260477338 0.015359321199459854 -0.028650600462569856 -0.022294079146231525 0.019990361410046554 0.042637332135980775 -0.013178366012871265 0.0016887150628026573 0.0060664672699669671 0.007805895214060614 -0.038399559826939364 -0.018777299602529225 -0.0056274893871080638 0.013137329509814947 0.0042022424368837541 -0.0083324355658675932 0.0060664672699669671
leaf_weight=46 31 30 37 119 159 41 130 51 102 86 331 175 32 35 91 32 64 75 33 56 60 260 178 36 176 74 198 43 35 32
leaf_count=46 31 30 37 119 159 41 130 51 102 86 331 175 32 35 91 32 64 75 33 56 60 260 178 36 176 74 198 43 35 32
internal_value=0 -0.0057565 0.00112868 0.0125665 -0.0167706 0.00845957 0.0126392 -0.00596312 -0.0187482 0.0202082 -0.00396884 -0.000506293 0.00471325 0.0456672 0.00388962 -0.00948087 -0.0141268 0.0178304 0.0254885 -0.00215144 -0.0087003 0.00606647 0.00476857 -0.0251399 -0.023715 -0.012242 0.0144922 0.0117791 0.00606647 -0.000774173
internal_weight=0 1656 1019 390 637 1192 813 629 607 423 592 379 274 81 309 363 105 392 119 175 236 390 229 371 335 176 273 134 242 67
internal_count=2848 1656 1019 390 637 1192 813 629 607 423 592 379 274 81 309 363 105 392 119 175 236 390 229 371 335 176 273 134 242 67
is_linear=0
shrinkage=0.03


Tree=27
num_leaves=25
num_cat=0
split_feature=3 17 7 17 17 8 1 6 0 14 6 16 18 3 8 16 3 3 17 7 7 16 3 16
split_gain=145.977 117.303 67.09 63.2617 73.3824 45.6803 52.2574 41.6381 35.1601 31.5893 31.7671 27.4234 37.6368 25.9194 18.7416 20.0989 14.472 13.8541 11.6754 11.1358 8.42179 8.3558 6.03551 0.333696
threshold=0.064250000000000015 0.0016758426966292097 -0.43159999999999993 0.05910561797752812 0.046605617977528137 0.19365000000000002 0.091100000000000014 0.021850000000000005 0.10110000000000001 -0.32381348314606728 0.038850000000000003 43.358350561797756 3.5000000000000004 0.15970000000000004 0.18755000000000002 -41.099750561797627 0.0096500000000000023 0.4391000000000001 -0.004324157303370795 -0.3098999999999999 -0.44479999999999992 55.787850561797775 0.077300000000000021 -23.968639325842727
decision_type=2 2 2 2 2 2 2 2 2 2 2 2 2 2 2 2 2 2 2 2 2 2 2 2
left_child=1 2 -1 4 9 6 14 13 -4 -3 -11 12 -10 18 15 -2 -6 -17 -7 -9 23 -13 -16 -8
right_child=5 3 8 -5 16 7 20 19 11 10 -12 21 -14 -15 22 17 -18 -19 -20 -21 -22 -23 -24 -25
leaf_value=0.019697054651166709 0.048208252465352416 -0.023630193460446137 -0.042376261094683093 -0.037791349438409651 0.050254185207188128 -0.041398652623738014 0.0093124229396672042 0.0058881886117647022 -0.0049924910179554262 -0.0028531964254280965 0.01185318692360778 0.002790185423445367 -0.019805678204812691 -0.0045744207125146593 0.019012404787626683 0.019012404787626683 0.023232356404716319 0.040739867970347406 -0.016282012866189081 -0.0045744207125146593 0.0058881886117647022 -0.0089710767526179555 0.012736657267569706 0.012736657267569706
leaf_weight=56 30 39 38 31 30 31 35 216 221 270 259 81 512 53 47 173 44 30 36 43 260 75 143 95
leaf_count=56 30 39 38 31 30 31 35 216 221 270 259 81 512 53 47 173 44 30 36 43 260 75 143 95
internal_value=0 -0.0055838 -0.0121904 0.0040659 0.00608705 0.00818403 0.0121938 -0.00041745 -0.0141167 0.00242612 0.00434709 -0.0129087 -0.0153395 -0.015037 0.0195851 0.0252882 0.0341872 0.0219009 -0.0279031 0.00588819 0.00588819 -0.00148731 0.0127367 0.0127367
internal_weight=0 1656 983 673 642 1192 813 379 927 568 529 889 733 120 423 233 74 203 67 259 390 156 190 130
internal_count=2848 1656 983 673 642 1192 813 379 927 568 529 889 733 120 423 233 74 203 67 259 390 156 190 130
is_linear=0
shrinkage=0.03


Tree=28
num_leaves=30
num_cat=0
split_feature=3 12 17 12 6 8 1 6 7 12 7 6 3 17 16 16 5 17 12 17 7 8 3 3 6 7 12 8 12
split_gain=136.78 114.039 67.6513 107.909 65.3058 42.0239 49.5644 39.1185 32.4598 30.5651 26.4738 25.3822 24.6213 21.1547 22.6468 16.6932 15.3613 12.7562 11.9886 10.9853 10.6126 9.93532 13.183 9.64637 9.22845 7.88762 5.48751 1.42926 0.994345
threshold=0.064250000000000015 -0.77568426966292126 0.05910561797752812 -1.9590101123595483 0.021150000000000006 0.19365000000000002 0.091100000000000014 0.021850000000000005 -0.33469999999999994 -1.911510112359547 -0.3088499999999999 0.016500000000000004 0.15970000000000004 -0.0013202247191011205 15.368640449438148 43.358350561797756 0.29340000000000005 0.0086758426966292174 -0.20338202247190648 -0.004324157303370795 -0.3098999999999999 0.17485000000000003 0.4391000000000001 0.016750000000000004 -0.012549999999999997 -0.44479999999999992 -0.72932752808988954 0.18255000000000002 -0.77132752808988758
decision_type=2 2 2 2 2 2 2 2 2 2 2 2 2 2 2 2 2 2 2 2 2 2 2 2 2 2 2 2 2
left_child=1 2 3 -1 10 6 9 12 -6 -2 18 23 19 15 -15 -10 27 -13 -3 -7 -9 22 -11 -5 -20 28 -23 -12 -8
right_child=5 4 -4 11 8 7 25 20 13 21 16 17 -14 14 -16 -17 -18 -19 24 -21 -22 26 -24 -25 -26 -27 -28 -29 -30
leaf_value=0.051263532535153991 0.047646555569503576 -0.02321893366712242 -0.036657608665766256 0.0033765007119521272 0.024706254671726907 -0.040156692879334571 0.0090269858316915069 0.0057126297982749256 -0.010430782483276134 0.018742621212098586 -0.02321893366712242 0.02343050908885504 -0.00439820574360831 0.0097771157715417813 -0.0083769613754753336 0.003478333588797026 -0.048438789839432998 0.0070783252749744606 -0.017606483336276142 -0.015793552494530256 -0.00439820574360831 0.018742621212098586 0.040115648088130083 -0.0096807697896828075 -0.010430782483276134 0.0057126297982749256 0.012341341865108088 -0.029377162246143115 0.012341341865108088
leaf_weight=49 31 67 31 98 35 31 36 216 193 86 33 57 53 128 115 78 33 174 208 36 43 75 33 106 217 260 198 34 94
leaf_count=49 31 67 31 98 35 31 36 216 193 86 33 57 53 128 115 78 33 174 208 36 43 75 33 106 217 260 198 34 94
internal_value=0 -0.0054124 0.00630569 0.00905747 -0.0107015 0.00791467 0.0117606 -0.000335381 -0.00324849 0.0189701 -0.0176131 0.00430323 -0.014509 -0.00515202 0.00128639 -0.0104308 -0.0316849 0.0111133 -0.0147529 -0.0270661 0.00571263 0.0167023 0.0239362 -0.00340816 -0.0128093 0.00571263 0.013549 -0.023433 0.0123413
internal_weight=0 1656 515 484 1141 1192 813 379 549 423 592 435 120 514 243 271 100 231 492 67 259 392 119 204 425 390 273 67 130
internal_count=2848 1656 515 484 1141 1192 813 379 549 423 592 435 120 514 243 271 100 231 492 67 259 392 119 204 425 390 273 67 130
is_linear=0
shrinkage=0.03


Tree=29
num_leaves=31
num_cat=0
split_feature=3 13 15 16 7 14 12 6 6 3 17 15 16 6 7 3 12 12 5 7 6 6 3 18 6 3 7 7 3 15
split_gain=128.578 120.451 80.6725 113.452 49.4767 38.7581 38.1797 28.921 26.344 26.2658 28.403 34.7776 60.743 22.6016 22.4922 21.5429 17.2487 14.3536 13.8815 13.4498 11.555 11.5421 11.3516 11.2901 10.0201 13.8554 9.05403 8.33331 8.13519 7.90302
threshold=0.064250000000000015 1.7265202247191029 -0.21830112359550566 -29.908859550561882 -0.43159999999999993 0.12491573033707866 -1.9340101123595479 0.017550000000000003 0.038850000000000003 0.31860000000000005 -0.0013202247191011205 -0.48236685393258488 -29.908859550561882 0.07690000000000001 -0.36019999999999991 0.098450000000000024 -1.5672831460674155 -1.9340101123595479 0.32140000000000007 -0.44479999999999992 0.019600000000000003 0.021150000000000006 0.0096500000000000023 3.5000000000000004 -0.016649999999999998 0.013600000000000003 -0.30104999999999993 -0.28939999999999994 0.35670000000000007 -6.3738668539325838
decision_type=2 2 2 2 2 2 2 2 2 2 2 2 2 2 2 2 2 2 2 2 2 2 2 2 2 2 2 2 2 2
left_child=1 2 3 22 -3 24 -4 16 23 10 14 12 -12 28 18 -16 -8 -13 -2 -20 -17 -7 -1 -5 -6 -26 -9 -10 -11 -14
right_child=9 4 6 8 5 21 7 26 27 13 11 17 29 -15 15 20 -18 -19 19 -21 -22 -23 -24 -25 25 -27 -28 -29 -30 -31
leaf_value=0.058135151769965886 0.013442473020870238 0.022111139543354509 -0.035078348990630462 0.0054393247810283945 -0.034831644134290178 -0.015023406734011622 -0.0030131577170426803 0.01133255789240638 0.021481045107083284 0.02347938130072531 0.053195796049222713 -0.013571708535509449 0.0074633823484182354 0.035309127326309683 -0.0014705254205654547 -0.025391365482862437 -0.015013120918189925 0.0068605281199129774 0.0071152564211082407 -0.0014705254205654547 -0.0070006700383774085 -0.0029510841914970011 0.034762190063794447 -0.0082275654826397919 -0.028310484029610422 -0.01455556847155094 -0.0003226686823671281 0.0061417668095091358 0.0073753199844824842 0.022054393353814983
leaf_weight=32 120 30 37 53 67 151 117 91 68 33 41 35 105 50 46 62 208 267 82 141 61 135 45 132 131 123 176 60 100 49
leaf_count=32 120 30 37 53 67 151 117 91 68 33 41 35 105 50 46 62 208 267 82 141 61 135 45 132 131 123 176 60 100 49
internal_value=0 -0.00526409 0.00113294 0.0118528 -0.0154973 -0.0173561 -0.00551373 -0.00366594 0.0038274 0.00765719 0.00576067 0.0108694 0.0207454 0.018114 0.000801592 -0.0081563 -0.00967603 0.00449255 0.00521525 0.00078804 -0.0162708 -0.00932493 0.0444756 -0.00341211 -0.0245116 -0.0217893 0.00364971 0.0142908 0.0116496 0.012106
internal_weight=0 1656 1019 390 637 607 629 592 313 1192 1009 497 195 183 512 169 325 302 343 223 123 286 77 185 321 254 267 128 133 154
internal_count=2848 1656 1019 390 637 607 629 592 313 1192 1009 497 195 183 512 169 325 302 343 223 123 286 77 185 321 254 267 128 133 154
is_linear=0
shrinkage=0.03


Tree=30
num_leaves=31
num_cat=0
split_feature=3 13 15 16 0 14 1 8 8 1 7 7 7 17 15 2 16 3 15 5 7 7 17 16 7 5 0 3 15 7
split_gain=119.393 109.165 57.7096 59.93 40.457 29.8069 29.321 35.2557 23.6489 21.5952 19.3787 17.6345 17.5553 16.2208 16.1352 13.3799 12.6389 11.0795 10.9879 10.6229 10.0798 9.8562 9.81983 9.11739 7.0138 8.77781 6.09269 4.79089 4.31023 3.50541
threshold=0.061000000000000006 1.7265202247191029 -0.21830112359550566 -28.900139325842812 0.7793000000000001 0.12491573033707866 0.091100000000000014 0.19525000000000003 0.20000000000000004 0.033250000000000009 -0.29044999999999993 -0.38564999999999994 -0.44479999999999992 -0.004324157303370795 8.3202910112359572 0.00015000000000000004 8.8318606741572143 0.016750000000000004 -7.3955247191011235 0.34740000000000004 -0.3885499999999999 -0.32839999999999997 -0.0022185393258427051 32.901350561797763 -0.38564999999999994 0.26625000000000004 0.18995000000000004 0.017750000000000005 -7.1730247191011234 -0.28354999999999991
decision_type=2 2 2 2 2 2 2 2 2 2 2 2 2 2 2 2 2 2 2 2 2 2 2 2 2 2 2 2 2 2
left_child=1 2 3 4 -1 11 7 15 9 10 -4 -3 -8 20 -11 19 -5 -10 -18 21 26 -2 23 -13 -7 29 -14 -27 -22 -26
right_child=6 5 8 16 -6 24 12 -9 17 14 -12 22 13 -15 -16 -17 18 -19 -20 -21 28 -23 -24 -25 25 27 -28 -29 -30 -31
leaf_value=0.0073196027576923365 0.027240135032803783 -0.0054955270700156687 0.027288035940911087 0.010571078141434362 0.05271215082947598 0.0020247573591768743 0.005439806412624911 0.005439806412624911 -0.013252364915488101 -0.012377969169163018 0.0014335509807337382 -0.032198878742117236 -0.0091249238676830279 0.001046447917360141 -0.0010889648843748385 0.010598942107897035 0.0039753815064278355 -0.036243366619339211 -0.012232661837301517 0.014987041342640768 -0.022353326832609516 0.018950388871832785 -0.016515213289229131 -0.015368058436737855 -0.0044327727003544452 -0.011960046286029475 0.001046447917360141 -0.024861085302281108 -0.009953016049156967 -0.011474257906361428
leaf_weight=30 186 48 35 133 43 45 130 315 30 206 69 152 37 148 255 146 104 30 59 67 49 63 81 35 90 63 56 44 52 41
leaf_count=30 186 48 35 133 43 45 130 315 30 206 69 152 37 148 255 146 104 30 59 67 49 63 81 35 90 63 56 44 52 41
internal_value=0 -0.00579163 0.000304803 0.0097124 0.0340577 -0.0159082 0.0065973 0.0101798 -0.00524944 -0.00334776 0.00900061 -0.0222413 0.000699782 -0.00334691 -0.00613351 0.0157581 0.00370833 -0.023157 -0.00189133 0.0193751 -0.00940715 0.0229137 -0.0252406 -0.02902 -0.00883667 -0.0108903 -0.00228084 -0.0172651 -0.015969 -0.00568337
internal_weight=0 1593 994 369 73 599 1249 777 625 565 104 316 472 342 461 462 296 60 163 316 194 249 268 187 283 238 93 107 101 131
internal_count=2842 1593 994 369 73 599 1249 777 625 565 104 316 472 342 461 462 296 60 163 316 194 249 268 187 283 238 93 107 101 131
is_linear=0
shrinkage=0.03


Tree=31
num_leaves=31
num_cat=0
split_feature=3 13 6 14 14 1 8 13 15 6 3 2 13 13 12 3 3 3 15 15 3 14 3 15 3 8 17 6 17 3
split_gain=111.736 102.62 57.7543 33.5507 28.1068 26.4749 32.9656 22.9183 19.8164 18.3083 13.2914 12.4969 11.5631 12.6679 10.5451 10.2263 35.4234 15.4837 8.30795 11.0303 7.35603 7.04331 10.3967 5.58664 5.01566 4.74851 4.73781 4.36613 2.8665 2.61904
threshold=0.061000000000000006 1.7265202247191029 0.021150000000000006 0.27495730337078667 -0.26054269662921331 0.091100000000000014 0.19525000000000003 -3.100240449438203 -0.21830112359550566 0.021150000000000006 0.013850000000000001 0.00015000000000000004 -1.7933426966292154 -2.8697404494382037 -0.19338202247190669 0.11965000000000002 0.11275000000000002 0.080850000000000019 -10.040871910112347 -6.5933011235955048 0.031000000000000003 0.27495730337078667 0.27420000000000005 -3.1038719101123493 0.021000000000000001 0.19170000000000001 -0.004324157303370795 -0.016649999999999998 -0.015320224719101131 0.25665000000000004
decision_type=2 2 2 2 2 2 2 2 2 2 2 2 2 2 2 2 2 2 2 2 2 2 2 2 2 2 2 2 2 2
left_child=1 2 7 8 -3 6 11 20 14 18 -11 21 13 -9 -4 16 17 26 -6 -20 -1 28 -23 -18 -12 -19 -7 -14 -2 -17
right_child=5 4 3 -5 9 15 -8 12 -10 10 24 -13 27 -15 -16 29 23 25 19 -21 -22 22 -24 -25 -26 -27 -28 -29 -30 -31
leaf_value=0.00061539526816664929 0.020983451316849543 -0.028975405971307606 0.027010688148438929 0.029662977158856976 -0.011573672310100763 -0.016922375993647924 0.0052693364258768957 -0.010823471875462148 0.00061539526816664929 -0.011573672310100763 0.01054694313689002 0.010227599403716588 -0.011494621239385111 -0.030408581596819438 0.0088947124976566181 0.0052693364258768957 -0.03210126183927059 0.0052693364258768957 -0.029348351870264324 -0.013519710179418326 -0.015539829717150755 0.036346470756716161 0.014456527966727965 -0.014339474931578425 -0.0035157788526266808 -0.0097968007350230906 -0.00092254230271904692 -0.0035938200888058713 0.014456527966727965 0.00071984312202977502
leaf_weight=93 78 112 36 56 115 36 315 84 236 121 42 146 106 46 147 112 30 81 84 75 35 43 31 34 50 34 31 155 164 114
leaf_count=93 78 112 36 56 115 36 315 84 236 121 42 146 106 46 147 112 30 81 84 75 35 43 31 34 50 34 31 155 164 114
internal_value=0 -0.00561585 0.000294981 0.00785386 -0.0154245 0.00636922 0.00977343 -0.00662306 0.00493903 -0.012308 -0.00571074 0.0151859 -0.0104436 -0.0177536 0.0124585 0.000765238 -0.00346782 0.00328295 -0.0174366 -0.021882 0.000615395 0.0186855 0.0267849 -0.0226653 0.00290416 0.00526934 -0.00951947 -0.00680257 0.0162088 0.00526934
internal_weight=0 1593 994 475 599 1249 777 519 419 487 213 462 391 130 183 472 246 182 274 159 128 316 74 64 92 115 67 261 242 226
internal_count=2842 1593 994 475 599 1249 777 519 419 487 213 462 391 130 183 472 246 182 274 159 128 316 74 64 92 115 67 261 242 226
is_linear=0
shrinkage=0.03


Tree=32
num_leaves=18
num_cat=0
split_feature=6 7 17 12 7 2 14 7 1 1 8 12 2 7 13 7 18
split_gain=104.28 89.3271 89.4598 23.0093 21.1758 19.1499 11.5911 10.1618 8.52653 8.37004 14.5937 9.3202 6.1294 6.04187 3.72533 2.0238 0.207626
threshold=-0.014399999999999998 -0.35244999999999999 -0.0013202247191011205 -2.0850101123595475 -0.33334999999999998 0.00055000000000000003 -0.34204269662921333 -0.43159999999999993 0.38980000000000009 0.093100000000000002 0.19525000000000003 -1.5966842696629227 0.00015000000000000004 -0.42124999999999996 1.7265202247191029 -0.35034999999999994 4.5000000000000009
decision_type=2 2 2 2 2 2 2 2 2 2 2 2 2 2 2 2 2
left_child=4 5 -3 -4 7 9 -5 -1 15 10 11 -2 14 16 -10 -9 -11
right_child=1 2 3 6 -6 -7 -8 8 12 13 -12 -13 -14 -15 -16 -17 -18
leaf_value=-0.0059103738760915674 0.036066160400863738 -0.0059103738760915674 -0.0059103738760915674 -0.0059103738760915674 -0.033642133552242409 0.0039375462094426751 0.0039375462094426751 -0.0098430115318097113 -0.013661289843622366 0.012031423623311643 0.012031423623311643 0.018184861831952434 -0.022660479786714087 0.0079651205963057487 -0.018682617584063962 -0.013661289843622366 0.0099982721098086959
leaf_weight=31 30 721 41 45 44 99 764 85 111 91 127 209 43 192 72 45 92
leaf_count=31 30 721 41 45 44 99 764 85 111 91 127 209 43 192 72 45 92
internal_value=0 0.00210027 -0.00212219 0.00393755 -0.013921 0.00999728 0.00393755 -0.0116788 -0.0137756 0.0119927 0.0152201 0.0204294 -0.0174796 0.00884277 -0.0147048 -0.00984301 0.0120314
internal_weight=0 2411 1571 850 431 840 809 387 356 741 366 239 226 375 183 130 183
internal_count=2842 2411 1571 850 431 840 809 387 356 741 366 239 226 375 183 130 183
is_linear=0
shrinkage=0.03


Tree=33
num_leaves=31
num_cat=0
split_feature=3 13 15 12 5 14 12 17 1 8 6 7 7 17 8 13 6 17 12 7 6 7 7 14 15 13 0 7 14 15
split_gain=98.8505 95.3017 52.524 52.3686 46.6078 26.6589 26.481 32.1376 23.4208 30.2393 17.7551 16.6955 15.2954 14.5762 10.469 9.56336 8.61044 8.60954 9.12624 8.48702 8.24524 7.56711 6.8122 6.62406 10.5118 27.466 5.62229 4.69181 4.09733 3.91876
threshold=0.061000000000000006 1.7265202247191029 -0.21830112359550566 -0.84247078651685381 0.28305000000000008 0.12491573033707866 -1.9340101123595479 0.022179775280898904 0.091100000000000014 0.19525000000000003 0.038850000000000003 -0.38564999999999994 -0.44479999999999992 -0.004324157303370795 0.20000000000000004 -1.5998426966292134 0.021150000000000006 -0.0022185393258427051 1.0634898876404526 -0.3885499999999999 0.016500000000000004 -0.28039999999999993 -0.31124999999999997 -0.26054269662921331 -0.90439325842696572 -0.43024044943820344 0.18995000000000004 -0.29994999999999994 -0.17582359550561785 -7.1730247191011234
decision_type=2 2 2 2 2 2 2 2 2 2 2 2 2 2 2 2 2 2 2 2 2 2 2 2 2 2 2 2 2 2
left_child=1 2 3 4 -1 11 -4 14 9 23 15 -3 -10 19 -8 -5 22 18 -13 26 -9 -12 -7 -2 25 -25 -14 -18 -26 -21
right_child=8 5 6 10 -6 16 7 20 12 -11 21 17 13 -15 -16 -17 27 -19 -20 29 -22 -23 -24 24 28 -27 -28 -29 -30 -31
leaf_value=0.051060300707817079 0.0096569158775205565 -0.004448729958385229 -0.030649049536270252 0.0051325701515871998 0.0032556221994661516 -0.0092585227879263994 -0.0072270155858605838 -0.0014811319955076803 0.0049375215987305567 0.0049375215987305567 0.017944999038889187 -0.034538577960005826 -0.008647327588473178 0.00090578248044043607 -0.025429474385154825 -0.007321117568062618 0.0057537654349157077 -0.015490891834100089 -0.021214729442376443 -0.021014936282863717 0.010516754582751798 0.0051325701515871998 -0.023940059854774862 0.044557764430505194 0.021115313809545289 0.015558526518826299 0.00090578248044043607 -0.0064699804092038281 0.0096569158775205565 -0.0091911481063848798
leaf_weight=45 110 48 34 56 31 123 344 85 130 315 82 84 37 148 31 120 44 81 103 49 131 35 37 37 31 143 56 79 141 52
leaf_count=45 110 48 34 56 31 123 344 85 130 315 82 84 37 148 31 120 44 81 103 49 131 35 37 37 31 143 56 79 141 52
internal_value=0 -0.00530083 0.000395352 0.00937034 0.031561 -0.0147533 -0.00490348 -0.00342235 0.00597202 0.00917388 0.0036144 -0.0207426 0.000701167 -0.00312596 -0.00873175 -0.00240683 -0.00806552 -0.0236609 -0.0271998 -0.0089063 0.00579536 0.012672 -0.0126536 0.0143763 0.0164517 0.0215195 -0.00236721 -0.00209726 0.0111483 -0.0149274
internal_weight=0 1593 994 369 76 599 625 591 1249 777 293 316 472 342 375 176 283 268 187 194 216 117 160 462 352 180 93 123 172 101
internal_count=2842 1593 994 369 76 599 625 591 1249 777 293 316 472 342 375 176 283 268 187 194 216 117 160 462 352 180 93 123 172 101
is_linear=0
shrinkage=0.03


Tree=34
num_leaves=31
num_cat=0
split_feature=13 15 12 5 12 14 2 8 2 12 17 16 1 8 2 17 8 12 13 14 8 14 15 1 8 17 1 1 15 12
split_gain=81.6706 69.9962 78.2071 47.838 39.7397 39.5327 29.873 22.7372 21.3963 18.6916 24.6484 15.8348 14.19 14.1288 13.0149 11.0185 15.052 9.94509 9.24339 9.17798 6.73059 6.43628 6.42351 4.94662 4.8844 4.61481 4.4594 4.30819 2.35743 1.77075
threshold=1.7265202247191029 -0.90439325842696572 -0.84247078651685381 0.30945000000000006 -1.2398275280898881 0.048586516853932622 0.13485000000000003 0.17195000000000002 0.010100000000000003 -2.084010112359548 -0.004324157303370795 10.815749438202376 0.11500000000000002 0.19965000000000002 0.085700000000000012 -0.017320224719101131 0.17195000000000002 0.85598988764045292 -1.5368426966292146 -0.2838134831460673 0.20000000000000004 0.65695730337078662 -10.569524719101123 0.11920000000000001 0.19965000000000002 -0.02005449438202243 0.091100000000000014 0.14105000000000004 -12.580524719101122 0.74281573033707826
decision_type=2 2 2 2 2 2 2 2 2 2 2 2 2 2 2 2 2 2 2 2 2 2 2 2 2 2 2 2 2 2
left_child=1 2 3 4 -1 7 9 8 27 -3 18 20 19 -12 15 16 25 26 -11 -9 23 -18 -14 -4 -21 -7 -13 -2 -17 -24
right_child=5 6 11 -5 -6 14 -8 12 -10 10 13 17 22 -15 -16 28 21 -19 -20 24 -22 -23 29 -25 -26 -27 -28 -29 -30 -31
leaf_value=0.074899250590993505 0.019824569746851921 -0.011823769039968115 0.019711916969801464 0.0089494769700935919 0.030118679574557713 0.015606978998281236 -0.024151709253656801 -0.017407353011639946 -0.0077155378679319231 -0.010461816546511337 0.0061692765331463869 0.004125573733871216 -0.017407353011639946 -0.0045420411634675938 -0.019854221539271456 0.00165706131879662 -0.0082620401573824769 0.014310139556157779 -3.9250007328048018e-06 -0.0077155378679319231 0.00046126738952983527 0.0015848386936732765 -0.030176768348935769 0.0087390206738150334 -0.017407353011639946 0.0015848386936732765 -0.0047367351497523483 0.0049395414865908349 0.0094436299934693903 -0.022342171940420354
leaf_weight=31 30 65 102 42 42 43 46 122 35 168 641 89 35 134 31 53 224 47 139 135 31 50 68 58 43 31 120 42 103 42
leaf_count=31 30 65 102 42 42 43 46 122 35 168 641 89 35 134 31 53 224 47 139 135 31 50 68 58 43 31 120 42 103 42
internal_value=0 0.00366562 0.0123948 0.0344586 0.0491351 -0.00679874 -0.000446517 -0.0124311 -1.43489e-05 0.000504171 0.00146741 0.00671839 -0.0154167 0.00431726 -0.000987386 0.000173074 -0.00279681 0.00184119 -0.00572681 -0.0116923 0.0132554 -0.00603922 -0.0231224 0.0157342 -0.00771554 0.0092089 -0.000962833 0.0111416 0.00679819 -0.0271854
internal_weight=0 1755 562 115 73 1087 1193 552 107 1147 1082 447 445 775 535 504 348 256 307 300 191 274 145 160 178 74 209 72 156 110
internal_count=2842 1755 562 115 73 1087 1193 552 107 1147 1082 447 445 775 535 504 348 256 307 300 191 274 145 160 178 74 209 72 156 110
is_linear=0
shrinkage=0.03


Tree=35
num_leaves=22
num_cat=0
split_feature=6 7 7 3 6 17 3 3 7 14 15 3 8 17 7 8 3 17 7 17 3
split_gain=106.299 63.4174 53.5777 39.4608 37.6681 18.5696 18.2088 24.4482 34.8432 12.7377 11.6097 10.0627 9.62236 7.89311 7.80003 6.89208 5.6645 5.36381 4.74467 3.95801 3.72783
threshold=0.021150000000000006 -0.3098999999999999 -0.31124999999999997 0.016750000000000004 -0.014399999999999998 0.0072853932584269762 0.4391000000000001 0.11370000000000001 -0.35819999999999991 0.27495730337078667 11.054791011235956 0.064250000000000015 0.20170000000000002 -0.0067146067415730362 -0.33669999999999994 0.18650000000000003 0.31860000000000005 -0.0013202247191011205 -0.42724999999999996 -0.0013202247191011205 0.35670000000000007
decision_type=2 2 2 2 2 2 2 2 2 2 2 2 2 2 2 2 2 2 2 2 2
left_child=2 6 4 15 9 -3 7 8 13 18 -7 -10 -5 -2 -6 -4 19 -16 -1 -9 -18
right_child=1 5 3 12 14 10 -8 16 11 -11 -12 -13 -14 -15 17 -17 20 -19 -20 -21 -22
leaf_value=-0.0065398681714195399 0.024960600959137082 -0.0012923518712904512 -0.013281447536810077 -0.029477501058990649 -0.0012923518712904512 0.0044229109576321294 0.031985396837646313 0.0044229109576321294 0.0044229109576321294 -0.0065398681714195399 -0.0012923518712904512 0.016156160752602421 -0.050612444633787328 0.043410274554044004 -0.0065398681714195399 -0.029096066031605007 0.020803393836043054 -0.0039161100213549955 -0.013281447536810077 0.0086412562764111595 0.007457085759378969
leaf_weight=38 60 423 76 47 396 170 33 219 113 97 135 104 33 32 165 30 31 101 277 209 48
leaf_count=38 60 423 76 47 396 170 33 219 113 97 135 104 33 32 165 30 31 101 277 209 48
internal_value=0 0.00455131 -0.00713602 -0.0220013 -0.00456158 -0.00129235 0.0101382 0.00925465 0.0159062 -0.0117874 0.00442291 0.00934681 -0.0381957 0.0313779 -0.00129235 -0.0132814 0.00520073 -0.00653987 -0.0132814 0.00442291 0.0126942
internal_weight=0 1577 1260 186 1074 728 849 816 309 412 305 217 80 92 662 106 507 266 315 428 79
internal_count=2837 1577 1260 186 1074 728 849 816 309 412 305 217 80 92 662 106 507 266 315 428 79
is_linear=0
shrinkage=0.03


Tree=36
num_leaves=21
num_cat=0
split_feature=6 7 7 3 6 17 3 3 7 14 1 17 8 1 17 7 12 8 17 7
split_gain=98.0547 59.7475 49.8743 37.6789 35.9947 17.8673 17.2066 23.2377 32.8483 12.1271 11.7179 9.76407 9.05368 8.94876 7.42663 7.31057 6.56327 6.45723 5.19277 4.22515
threshold=0.021150000000000006 -0.3098999999999999 -0.31124999999999997 0.016750000000000004 -0.014399999999999998 0.0072853932584269762 0.4391000000000001 0.11370000000000001 -0.35819999999999991 0.27495730337078667 0.11185000000000002 0.048605617977528111 0.20170000000000002 0.039900000000000012 -0.0067146067415730362 -0.33669999999999994 -0.72932752808988954 0.18650000000000003 -0.0013202247191011205 -0.42724999999999996
decision_type=2 2 2 2 2 2 2 2 2 2 2 2 2 2 2 2 2 2 2 2
left_child=2 6 4 17 9 -3 7 8 14 19 -10 -7 -5 16 -2 -6 -9 -4 -17 -1
right_child=1 5 3 12 15 11 -8 13 10 -11 -12 -13 -14 -15 -16 18 -18 -19 -20 -21
leaf_value=-0.0063526401350232405 0.024211783049628136 -0.0012500688797434244 -0.012791772181195449 -0.028593176140430124 -0.0012500688797434244 0.0042691443630137778 0.031025835533033719 0.017049918569890514 0.013873374337895907 -0.0063526401350232405 0.0042691443630137778 -0.0012500688797434244 -0.049094071483070198 0.0042691443630137778 0.042107966376934196 -0.0063526401350232405 0.0073007028000344823 -0.028223183965776114 -0.0038013545073833331 -0.012791772181195449
leaf_weight=38 60 423 76 47 396 249 33 84 168 97 49 56 33 281 32 165 142 30 101 277
leaf_count=38 60 423 76 47 396 249 33 84 168 97 49 56 33 281 32 165 142 30 101 277
internal_value=0 0.0043624 -0.00686254 -0.0212049 -0.00437867 -0.00125007 0.00978836 0.00892949 0.0154143 -0.0114552 0.00904543 0.00426914 -0.0370498 0.00497721 0.0304365 -0.00125007 0.0103323 -0.0127918 -0.00635264 -0.0127918
internal_weight=0 1577 1260 186 1074 728 849 816 309 412 217 305 80 507 92 662 226 106 266 315
internal_count=2837 1577 1260 186 1074 728 849 816 309 412 217 305 80 507 92 662 226 106 266 315
is_linear=0
shrinkage=0.03


Tree=37
num_leaves=26
num_cat=0
split_feature=6 13 15 16 7 3 6 7 7 14 7 8 16 7 8 13 6 1 7 14 3 7 6 6 16
split_gain=90.1119 57.9932 46.4447 65.3306 46.4113 35.9819 34.3944 25.926 17.4529 11.5276 10.6619 8.5186 7.31886 6.79792 6.04437 4.56688 4.49832 4.31273 4.85251 3.89711 3.79676 3.71481 3.61434 1.3016 0.0146943
threshold=0.021150000000000006 1.7265202247191029 -0.90439325842696572 -28.900139325842812 -0.31124999999999997 0.016750000000000004 -0.014399999999999998 -0.44029999999999997 -0.31494999999999995 0.27495730337078667 -0.29124999999999995 0.20170000000000002 10.815749438202376 -0.33669999999999994 0.18650000000000003 -3.100240449438203 0.064850000000000019 0.039450000000000006 -0.46034999999999998 0.17668651685393275 0.039250000000000007 -0.42724999999999996 0.057100000000000005 0.069650000000000017 -24.753139325842763
decision_type=2 2 2 2 2 2 2 2 2 2 2 2 2 2 2 2 2 2 2 2 2 2 2 2 2
left_child=4 2 3 20 6 14 9 23 17 21 12 -7 -5 -8 -6 -15 24 19 -19 -4 -2 -1 -12 -3 -10
right_child=1 7 8 10 5 11 13 -9 16 -11 22 -13 -14 15 -16 -17 -18 18 -20 -21 -22 -23 -24 -25 -26
leaf_value=-0.0061761964770411289 0.050770617612770623 0.014942011416834943 0.01005695742350526 0.021497390573193512 -0.012317677174839097 -0.02773538067302805 -0.0012176375271384819 -0.0012176375271384819 -0.0012176375271384819 -0.0061761964770411289 -0.0012176375271384819 -0.04762124882502989 0.0096263521594549175 -0.0036969170020898054 -0.027376488921232522 -0.0061761964770411289 0.0037296397476457594 0.0090829744423263671 0.0037296397476457594 0.022116335853934289 0.036694634819731987 -0.012317677174839097 0.0081006557254967443 0.023441561612510872 0.0012560011102536388
leaf_weight=38 35 34 123 83 76 47 396 519 91 97 39 33 107 45 30 221 60 53 149 30 34 277 35 31 154
leaf_count=38 35 34 123 83 76 47 396 519 91 97 39 33 107 45 30 221 60 53 149 30 34 277 35 31 154
internal_value=0 0.00416272 0.00870884 0.0178429 -0.00659799 -0.0204334 -0.00420191 -0.00121764 0.00410029 -0.0111348 0.0110496 -0.0359383 0.0148121 -0.00121764 -0.0123177 -0.0061762 -0.00116288 0.00862216 0.00574441 0.0124215 0.0438346 -0.0123177 0.00138919 0.0189956 -0.00121764
internal_weight=0 1577 993 333 1260 186 1074 584 660 412 264 80 190 662 106 266 305 355 202 153 69 315 74 65 245
internal_count=2837 1577 993 333 1260 186 1074 584 660 412 264 80 190 662 106 266 305 355 202 153 69 315 74 65 245
is_linear=0
shrinkage=0.03


Tree=38
num_leaves=29
num_cat=0
split_feature=17 7 17 12 1 6 6 13 13 14 7 15 1 0 7 7 12 1 7 1 2 2 13 6 16 18 7 14
split_gain=85.9523 90.1348 59.7559 97.8747 46.7665 31.8118 31.4015 29.1924 28.8259 21.9585 21.5331 18.9891 17.6262 15.844 18.2062 13.9706 8.22756 8.13363 7.84452 6.42841 5.72837 5.13963 3.74109 2.69716 2.60956 1.72044 0.929858 0.0934829
threshold=-0.0013202247191011205 -0.3885499999999999 0.05910561797752812 -2.0460101123595478 0.19720000000000001 -0.012549999999999997 -0.014399999999999998 -4.0152134831460655 1.0000000180025095e-35 0.088001123595505673 -0.31324999999999997 0.032698876404494655 0.093100000000000002 0.29825000000000007 -0.44029999999999997 -0.33544999999999997 0.74281573033707826 0.035150000000000008 -0.28354999999999991 0.093850000000000003 0.096800000000000011 0.042200000000000008 2.8250528089887639 0.026550000000000004 -23.968639325842727 4.5000000000000009 -0.3783999999999999 -0.015913483146067438
decision_type=2 2 2 2 2 2 2 2 2 2 2 2 2 2 2 2 2 2 2 2 2 2 2 2 2 2 2 2
left_child=1 5 3 4 -2 -1 21 -8 11 12 -9 20 15 14 23 -10 -14 -4 19 -11 27 26 25 -7 -13 -15 -5 -3
right_child=2 8 17 6 -6 13 7 10 9 18 -12 24 16 22 -16 -17 -18 -19 -20 -21 -22 -23 -24 -25 -26 -27 -28 -29
leaf_value=-0.0028735807622702904 0.056990301953628655 -0.0028735807622702904 -0.013181739278137684 -0.0026061297211044188 0.012442595370505986 0.0078080443307897412 0.026824817460562499 0.0085373248359587334 -0.0028735807622702904 -0.0028735807622702904 -0.00031878223394544742 -0.020517959279739963 -0.03583360235507671 0.019610385918723685 0.0033107181962460232 -0.018088901146268956 -0.021504008263625481 -0.035272861316800116 -0.021471641282157696 -0.011376699208326282 -0.017628672171384096 -0.019751993619048825 0.027134120298283441 0.012305370465333459 -0.011037985088341699 0.012305370465333459 -0.0093379572085104893 -0.010251126466827194
leaf_weight=122 48 240 30 33 38 59 56 551 31 111 448 56 65 42 102 144 81 30 37 126 30 39 35 113 49 35 40 46
leaf_count=122 48 240 30 33 38 59 56 551 31 111 448 56 65 42 102 144 81 30 37 126 30 39 35 113 49 35 40 46
internal_value=0 -0.00545305 0.00501956 0.00642005 0.0373064 0.00486482 0.00414393 0.00574734 -0.010612 -0.0148626 0.00456582 -0.00460463 -0.0201872 0.00949502 0.0056091 -0.0137661 -0.0278836 -0.0242273 -0.00862462 -0.00661896 -0.00287358 -0.0109596 0.0190016 0.0123054 -0.016094 0.0153051 -0.00626229 -0.00287358
internal_weight=0 1524 1313 1253 86 508 1167 1055 1016 595 999 421 321 386 274 175 146 60 274 237 316 112 112 172 105 77 73 286
internal_count=2837 1524 1313 1253 86 508 1167 1055 1016 595 999 421 321 386 274 175 146 60 274 237 316 112 112 172 105 77 73 286
is_linear=0
shrinkage=0.03


Tree=39
num_leaves=27
num_cat=0
split_feature=17 7 17 12 5 6 6 13 13 7 1 8 15 0 7 13 1 17 16 0 0 13 6 16 18 7
split_gain=80.7672 83.1308 56.2246 92.0899 44.4282 30.1663 29.5434 27.5551 27.4671 20.2605 19.1492 26.2939 17.9956 15.0251 17.5773 11.8895 7.65293 7.55978 5.24794 4.98952 4.15223 3.53814 2.49448 2.45533 1.64104 1.01296
threshold=-0.0013202247191011205 -0.3885499999999999 0.05910561797752812 -2.0460101123595478 0.31805000000000005 -0.012549999999999997 -0.014399999999999998 1.0000000180025095e-35 -4.0152134831460655 -0.31324999999999997 0.093100000000000002 0.19965000000000002 0.032698876404494655 0.29825000000000007 -0.44029999999999997 3.3466398876404502 0.035150000000000008 -0.0042185393258427064 24.892749438202319 0.41815000000000008 0.10110000000000001 2.8250528089887639 0.026550000000000004 -23.968639325842727 4.5000000000000009 -0.3783999999999999
decision_type=2 2 2 2 2 2 2 2 2 2 2 2 2 2 2 2 2 2 2 2 2 2 2 2 2 2
left_child=1 5 3 4 -2 -1 20 12 -8 -10 11 17 19 14 22 18 -4 -9 -12 -3 -5 24 -7 -14 -15 -22
right_child=2 7 16 6 -6 13 8 10 9 -11 15 -13 23 21 -16 -17 -18 -19 -20 -21 25 -23 -24 -25 -26 -27
leaf_value=-0.002805562847320611 0.061001347526907918 -0.015888825064525009 -0.01278628703765571 -0.018379946054890749 0.017450053807424037 0.0075321897100088363 0.02602007286490074 -0.002805562847320611 0.0082812051237178379 -0.00030921875142796899 -0.018915294453596011 -0.014456381890788799 -0.019902420713998642 0.019022074416279792 0.0031740188654664435 -0.014456381890788799 -0.034214675202965734 -0.0086309723690547041 -0.029193550451721957 -0.002805562847320611 -0.0025276280260108416 0.026320096952574593 0.011890360554551229 -0.010706845609452195 0.011890360554551229 -0.0095982775493310048
leaf_weight=122 37 35 30 40 49 59 56 135 551 448 79 95 56 42 102 112 30 71 103 281 33 35 113 49 35 39
leaf_count=122 37 35 30 40 49 59 56 135 551 448 79 95 56 42 102 112 30 71 103 281 33 35 113 49 35 39
internal_value=0 -0.00528278 0.00486903 0.0062275 0.0361872 0.0046261 0.00401967 -0.0102372 0.00557492 0.00442884 -0.0143931 -0.00907408 -0.00436378 0.0091536 0.00536944 -0.0198387 -0.0235005 -0.00280556 -0.0247321 -0.00280556 -0.0106302 0.0184113 0.0118904 -0.0156112 0.0148164 -0.00632474
internal_weight=0 1524 1313 1253 86 508 1167 1016 1055 999 595 301 421 386 274 294 60 206 182 316 112 112 172 105 77 72
internal_count=2837 1524 1313 1253 86 508 1167 1016 1055 999 595 301 421 386 274 294 60 206 182 316 112 112 172 105 77 72
is_linear=0
shrinkage=0.03


Tree=40
num_leaves=30
num_cat=0
split_feature=13 15 7 5 17 17 3 16 14 6 3 6 14 7 3 3 15 13 17 7 0 7 7 17 7 0 0 17 5
split_gain=98.9223 168.4 77.3861 61.7744 57.7783 52.2714 38.4743 27.6784 32.2845 24.9036 17.5661 15.8397 15.3935 14.1983 12.4288 15.2551 8.86139 8.46765 8.19555 7.64447 4.59188 6.03668 3.88306 3.02464 2.84311 2.66558 1.81017 1.22214 0.732193
threshold=-3.2082404494382035 -3.1038719101123493 -0.44029999999999997 0.31655000000000005 -0.0013202247191011205 0.044445505617977561 0.13455000000000003 32.901350561797763 -0.13795393258426963 -0.0034499999999999995 0.036800000000000006 -0.016649999999999998 -0.18595393258426959 -0.33849999999999997 0.31860000000000005 0.25870000000000004 10.523291011235957 -3.9629471910112359 -0.0042185393258427064 -0.4713 0.27555000000000002 -0.36019999999999991 -0.38239999999999991 -0.011820224719101128 -0.35199999999999992 0.21825000000000003 0.14790000000000003 0.021285393258426991 0.42680000000000001
decision_type=2 2 2 2 2 2 2 2 2 2 2 2 2 2 2 2 2 2 2 2 2 2 2 2 2 2 2 2 2
left_child=1 3 14 -1 6 17 7 8 -4 24 -7 -9 27 22 15 19 -14 -3 25 -2 -19 -22 -12 -16 28 -8 -21 -11 -6
right_child=2 5 4 -5 9 10 18 11 -10 12 13 -13 16 -15 23 -17 -18 20 -20 26 21 -23 -24 -25 -26 -27 -28 -29 -30
leaf_value=0.082889091273148849 0.029993541932875109 0.023298564171892102 -0.024152127052657305 0.026917289793491363 -0.003545378779505874 -0.023689569985608058 -0.0051985312444823122 -0.01614912507433993 -0.0098706347694828608 -0.003545378779505874 0.014318543004192179 0.0017988098044636972 0.0048440688512977371 -0.016434194469270674 0.03009538248181343 0.0048440688512977371 -0.003545378779505874 0.0021678513011082691 -0.01013989576688883 0.00793273736955598 0.022917570535093544 0.0094171544551276253 -0.00070485816895961761 0.01768061228096485 -0.016253098876160735 0.0048440688512977371 0.016958116312162017 0.00040434587072408958 -0.0095988841848447925
leaf_weight=36 31 59 184 35 30 49 35 56 631 63 32 211 546 37 38 62 69 47 33 40 40 117 30 33 51 118 40 92 40
leaf_count=36 31 59 184 35 30 49 35 56 631 63 32 211 546 37 38 62 69 47 33 40 40 117 30 33 51 118 40 92 40
internal_value=0 0.0126334 -0.00225814 0.0552974 -0.004068 0.00526328 -0.00818192 -0.0103486 -0.0130949 0.00178662 -0.00899869 -0.00196555 0.00377482 -0.00172745 0.0137561 0.00941857 0.00484407 0.013289 0.00442196 0.0173463 0.0103941 0.0128568 0.00704916 0.0243251 -0.0108656 0.00484407 0.0124454 -0.00354538 -0.00694038
internal_weight=0 482 2403 71 2159 411 1268 1082 815 891 148 267 770 99 244 173 615 263 186 111 204 157 62 71 121 153 80 155 70
internal_count=2885 482 2403 71 2159 411 1268 1082 815 891 148 267 770 99 244 173 615 263 186 111 204 157 62 71 121 153 80 155 70
is_linear=0
shrinkage=0.03


Tree=41
num_leaves=26
num_cat=0
split_feature=13 15 7 1 1 7 14 15 2 7 1 6 13 13 16 13 8 7 0 6 8 0 15 18 14
split_gain=92.9364 158.448 72.0257 71.0481 51.3929 45.3341 39.7202 25.2616 20.4137 14.861 14.2862 10.6153 10.4495 17.7184 13.9365 9.47913 9.17903 8.56954 7.86166 6.46979 6.54298 8.64091 4.93818 1.66879 0.0978402
threshold=-3.2082404494382035 -3.1038719101123493 -0.44029999999999997 0.091100000000000014 0.18615000000000001 -0.31124999999999997 0.24095730337078661 32.275475280898881 0.13485000000000003 -0.31494999999999995 0.091100000000000014 0.034850000000000006 1.7265202247191029 3.0126398876404488 -25.922139325842746 1.7265202247191029 0.19965000000000002 -0.34824999999999995 0.27555000000000002 0.026550000000000004 0.14420000000000002 0.039700000000000006 -0.33095898876404556 4.5000000000000009 -0.040823595505617864
decision_type=2 2 2 2 2 2 2 2 2 2 2 2 2 2 2 2 2 2 2 2 2 2 2 2 2
left_child=1 4 19 5 -1 -4 7 10 12 -8 17 -9 14 -14 -5 16 -7 -3 -12 23 -21 -22 -10 -2 -23
right_child=2 6 3 8 -6 15 9 11 22 -11 18 -13 13 -15 -16 -17 -18 -19 -20 20 21 24 -24 -25 -26
leaf_value=0.075471392608270405 0.011289272957409804 0.031607108794684924 0.0046722603550122125 -0.015535277531615327 0.023800064712762831 0.00016476033895813062 -0.00096515437122434377 -0.020095846638083458 -0.030172261287984642 -0.029063051175326107 -0.0040317163165918615 0.0031557843946786812 -0.015804288113312318 -0.0043427396770959513 -0.0043427396770959513 -0.0043427396770959513 -0.0043427396770959513 0.015307363415275641 0.011534241755585093 0.029093735477616709 0.011478887490408563 0.0193028495198285 -0.016345571747961196 0.0046722603550122125 0.021441395277908042
leaf_weight=41 39 42 601 105 30 217 32 30 46 36 43 43 255 159 385 247 97 94 91 31 61 33 47 41 39
leaf_count=41 39 42 601 105 30 217 32 30 46 36 43 43 255 159 385 247 97 94 91 31 61 33 47 41 39
internal_value=0 0.0122544 -0.00217956 -0.00392561 0.0536384 0.00111538 0.00510538 0.00925792 -0.00980086 -0.0158405 0.0134913 -0.00639968 -0.008424 -0.011933 -0.00545926 -0.00434274 0.00016476 0.0203411 0.0065392 0.0132701 0.016682 0.0137891 -0.0231846 0.00627576 0.0214414
internal_weight=0 482 2403 2159 71 1162 411 343 997 68 270 73 904 414 490 561 314 136 134 244 164 133 93 80 72
internal_count=2885 482 2403 2159 71 1162 411 343 997 68 270 73 904 414 490 561 314 136 134 244 164 133 93 80 72
is_linear=0
shrinkage=0.03


Tree=42
num_leaves=27
num_cat=0
split_feature=12 15 7 5 1 7 15 8 17 6 2 12 1 15 3 3 17 8 12 6 15 17 12 1 0 3
split_gain=79.9025 168.473 72.5248 56.4135 53.4209 40.1794 36.7861 37.8695 21.9325 20.6496 19.0697 15.86 13.4911 11.3065 9.9169 10.7488 7.58349 7.15732 6.62473 4.43628 3.82092 3.35909 2.82144 2.74015 2.62072 0.359087
threshold=-0.77568426966292126 -3.1038719101123493 -0.44029999999999997 0.31655000000000005 0.091100000000000014 -0.31124999999999997 10.523291011235957 0.20145000000000005 0.05910561797752812 -0.016649999999999998 0.13485000000000003 -0.20338202247190648 0.29910000000000009 -0.33095898876404556 0.31860000000000005 0.25870000000000004 -0.018718539325842689 0.19965000000000002 -1.0029707865168562 0.038850000000000003 -7.4720247191011238 -0.012218539325842713 -0.14738202247190732 0.091100000000000014 0.10110000000000001 0.029650000000000003
decision_type=2 2 2 2 2 2 2 2 2 2 2 2 2 2 2 2 2 2 2 2 2 2 2 2 2 2
left_child=1 3 14 -1 5 22 9 8 12 25 11 -6 -8 23 15 19 -13 20 -15 -2 -7 -16 -4 -11 -12 -3
right_child=2 6 4 -5 10 17 7 -9 -10 13 24 16 -14 18 21 -17 -18 -19 -20 -21 -22 -23 -24 -25 -26 -27
leaf_value=0.078396633615096412 0.010473632245035521 -0.0037301421402803352 -0.00073350308225891977 0.02490858177627836 -0.017238496210706056 -0.0031735376614400474 0.0065752627273347776 -0.029540407875076283 -0.014582403438481297 0.024055297889787219 -0.031502779302271924 -0.011370584942025147 -0.0099302618809213681 0.014549066209791427 0.02867991409411556 0.0040765064147733343 -0.0055435125792911745 -0.0055435125792911745 0.0049599858033909259 0.023558531073280251 -0.00073350308225891977 0.015251205671578647 0.0040765064147733343 0.014474609864621676 -0.020205327320311751 -0.0082266268405047326
leaf_weight=36 58 31 87 35 106 178 235 43 43 69 33 268 55 112 38 52 366 144 154 39 144 30 410 44 42 33
leaf_count=36 58 31 87 35 106 178 235 43 43 69 33 268 55 112 38 52 366 144 154 39 144 30 410 44 42 33
internal_value=0 0.00769869 -0.00311087 0.0520293 -0.00510915 -0.000325311 0.00385562 -0.00304564 0.000375601 0.00971313 -0.0107617 -0.00930079 0.0034449 0.0123748 0.0132622 0.00892964 -0.00743769 -0.00554351 0.00899749 0.0157346 -0.000803563 0.0227555 0.00407651 0.0203248 -0.0251762 -0.00604864
internal_weight=0 890 1995 71 1778 963 819 376 333 443 815 740 290 379 217 149 634 466 266 97 322 68 497 113 75 64
internal_count=2885 890 1995 71 1778 963 819 376 333 443 815 740 290 379 217 149 634 466 266 97 322 68 497 113 75 64
is_linear=0
shrinkage=0.03


Tree=43
num_leaves=28
num_cat=0
split_feature=12 15 7 5 1 7 15 8 17 6 16 12 1 7 3 3 1 8 14 7 6 15 3 7 3 12 3
split_gain=75.2418 158.577 67.8631 53.0795 50.1164 38.6951 34.7223 35.5768 20.881 19.4292 19.9942 16.416 12.6938 12.112 9.44539 10.2692 9.18863 6.74098 5.66017 4.60018 4.1741 3.61766 3.19331 3.10398 4.0142 2.4788 0.337865
threshold=-0.77568426966292126 -3.1038719101123493 -0.44029999999999997 0.31655000000000005 0.091100000000000014 -0.31124999999999997 10.523291011235957 0.20145000000000005 0.05910561797752812 -0.016649999999999998 -28.900139325842812 -0.20338202247190648 0.29910000000000009 -0.27719999999999995 0.31860000000000005 0.25870000000000004 0.38980000000000009 0.19965000000000002 -0.11695393258426963 -0.28729999999999994 0.038850000000000003 -7.4720247191011238 0.063600000000000004 -0.35244999999999999 0.017750000000000005 -0.14738202247190732 0.029650000000000003
decision_type=2 2 2 2 2 2 2 2 2 2 2 2 2 2 2 2 2 2 2 2 2 2 2 2 2 2 2
left_child=1 3 14 -1 5 25 9 8 12 26 22 23 -8 16 15 20 -13 21 -16 -12 -2 -7 -11 -6 -25 -4 -3
right_child=2 6 4 -5 11 17 7 -9 -10 10 19 13 -14 -15 18 -17 -18 -19 -20 -21 -22 -23 -24 24 -26 -27 -28
leaf_value=0.076044734021027877 0.010159423356426172 -0.0036182377225017141 -0.00073073591535871985 0.024161324552127293 -0.015397593029686863 -0.0030624777807864672 0.0063780047796032522 -0.02865419573215551 -0.014156053217142358 0.020983804543652843 0.010589811949971287 -0.0055728641064894018 -0.0096323542395098643 -0.022197568549435925 0.012892496368149296 0.0039223911909352371 -0.014114732257023985 -0.0053838630216526771 0.030233106793214878 0.0030681641697693322 0.022851775020647506 -0.00073073591535871985 0.034713639676570894 -0.020288589162457359 -0.033413253113627431 0.0039223911909352371 -0.0079798277670686899
leaf_weight=36 58 31 87 35 53 178 235 43 43 31 270 495 55 55 32 52 147 144 36 48 39 144 30 35 30 410 33
leaf_count=36 58 31 87 35 53 178 235 43 43 31 270 495 55 55 32 52 147 144 36 48 39 144 30 35 30 410 33
internal_value=0 0.00745941 -0.00303016 0.0504684 -0.00496315 -0.000329634 0.00373091 -0.00297398 0.000342089 0.00942174 0.0120035 -0.0104381 0.00334156 -0.00868623 0.0128079 0.00857966 -0.00752871 -0.00538386 0.0220728 0.00898561 0.0152625 -0.000741093 0.0277362 -0.020786 -0.0251796 0.00392239 -0.00586718
internal_weight=0 890 1995 71 1778 963 819 376 333 443 379 815 290 697 217 149 642 466 68 318 97 322 61 118 65 497 64
internal_count=2885 890 1995 71 1778 963 819 376 333 443 379 815 290 697 217 149 642 466 68 318 97 322 61 118 65 497 64
is_linear=0
shrinkage=0.03


Tree=44
num_leaves=31
num_cat=0
split_feature=12 15 3 5 12 6 15 8 7 6 6 7 16 16 16 3 6 3 3 15 18 7 3 12 12 14 3 12 3 6
split_gain=70.77 149.301 64.0713 49.9425 39.6576 34.812 32.7222 33.4214 26.6097 18.3739 17.8642 17.3521 17.236 13.1091 13.5843 11.9815 8.14544 7.48846 7.44129 7.18361 6.66856 6.61126 7.11995 4.27205 3.99487 3.84299 3.00459 2.74262 2.60756 3.61519
threshold=-0.77568426966292126 -3.1038719101123493 0.13455000000000003 0.31655000000000005 -0.20338202247190648 0.021150000000000006 10.523291011235957 0.20145000000000005 -0.29994999999999994 -0.0016999999999999997 0.063050000000000009 -0.3088499999999999 -28.900139325842812 -54.493149438202259 -50.577649438202279 0.013850000000000001 -0.014399999999999998 0.31860000000000005 0.016750000000000004 32.275475280898881 3.5000000000000004 -0.36019999999999991 0.22055000000000002 -0.84897078651685465 0.29652921348314548 -0.18158426966292132 0.063600000000000004 1.1377595505617999 0.0064500000000000009 0.023600000000000006
decision_type=2 2 2 2 2 2 2 2 2 2 2 2 2 2 2 2 2 2 2 2 2 2 2 2 2 2 2 2 2 2
left_child=1 3 4 -1 28 11 9 13 15 23 20 16 26 19 -15 -7 -6 -12 -13 -8 -4 22 -22 -3 -10 -14 -11 -23 -2 -30
right_child=2 6 10 -5 5 8 7 -9 24 12 17 18 25 14 -16 -17 -18 -19 -20 -21 21 27 -24 -25 -26 -27 -28 -29 29 -31
leaf_value=0.073763392815987261 -0.025713507290929555 -0.0064637860691393999 0.0099573568946249736 0.023436484451804841 -0.011634827911838595 0.0011867738881117453 0.012901929567107952 -0.027794569346100785 0.0011867738881117453 0.020354290318585211 0.0099573568946249736 -0.014514905268345386 0.0051677314708780831 -0.013742471576795933 -0.00017623647228633398 0.0096455180829058147 -0.0043486773614086283 0.024640379589982331 -0.030815011576882427 -0.00079022424548106675 0.0099573568946249736 -0.0011998923071327486 -0.00030500706096949138 0.0051677314708780831 -0.0041531645154488711 0.011168919587553398 0.033672230303287511 -0.011561800535195149 -0.020299718398530966 -0.01021191426334863
leaf_weight=36 40 68 89 35 226 58 83 43 117 31 63 41 51 42 149 289 355 56 42 59 65 56 115 33 197 230 30 39 100 47
leaf_count=36 40 68 89 35 226 58 83 43 117 31 63 41 51 42 149 289 355 56 42 59 65 56 115 33 197 230 30 39 100 47
internal_value=0 0.00722229 -0.00295078 0.0489544 -0.00598942 -0.00416417 0.0036045 -0.00290442 0.000709555 0.00912899 0.00656149 -0.00901588 0.0124492 0.000309626 -0.00482268 0.00652671 -0.00718288 0.0166521 -0.0218469 0.00721294 0.00326264 0.000949096 0.00432836 -0.00211375 -0.00415316 0.00931133 0.0269041 -0.00545373 -0.0189223 -0.0170744
internal_weight=0 890 1995 71 1512 1325 819 376 661 443 483 664 342 333 191 347 581 119 83 142 364 275 180 101 314 281 61 95 187 147
internal_count=2885 890 1995 71 1512 1325 819 376 661 443 483 664 342 333 191 347 581 119 83 142 364 275 180 101 314 281 61 95 187 147
is_linear=0
shrinkage=0.03


Tree=45
num_leaves=31
num_cat=0
split_feature=17 7 17 13 13 1 13 1 6 15 15 15 3 0 16 7 6 3 3 7 0 0 17 6 16 7 0 0 8 7
split_gain=67.2232 66.5278 49.2235 56.4585 65.5116 36.5212 27.6411 23.3895 20.6997 18.8514 14.9326 14.3536 13.9936 13.2865 12.16 11.918 13.0345 10.6421 9.56856 9.10788 6.26513 6.05291 3.93786 3.46805 3.05362 2.45814 2.127 1.57996 1.40618 1.09356
threshold=-0.0013202247191011205 -0.3885499999999999 0.05910561797752812 -3.6674471910112358 -3.7259471910112358 0.19720000000000001 1.0000000180025095e-35 0.31080000000000002 -0.014399999999999998 32.275475280898881 26.914562359550562 0.032698876404494655 0.064250000000000015 0.30040000000000006 24.028249438202298 -0.28939999999999994 0.050050000000000004 0.098450000000000024 0.31860000000000005 -0.43159999999999993 0.21825000000000003 0.78655000000000019 -0.015320224719101131 0.039400000000000011 14.639140449438118 -0.35654999999999992 0.41285000000000011 0.36165000000000008 0.19365000000000002 -0.32644999999999996
decision_type=2 2 2 2 2 2 2 2 2 2 2 2 2 2 2 2 2 2 2 2 2 2 2 2 2 2 2 2 2 2
left_child=1 7 3 4 9 -6 11 13 25 20 12 26 14 18 -8 16 -10 -14 -1 -9 -2 -4 27 -11 -17 -5 -3 -15 29 -13
right_child=2 6 21 8 5 -7 10 19 15 23 -12 28 17 22 -16 24 -18 -19 -20 -21 -22 -23 -24 -25 -26 -27 -28 -29 -30 -31
leaf_value=0.0033905193448785444 0.0038726150393486019 -0.013319809666967818 -0.031427322443574671 -0.0080222559413489162 0.066544244316491211 0.020809500217437743 -0.011938884429823439 0.0033905193448785444 0.0031208473545477678 -0.010496526045063809 -0.00240739213447453 -0.0080083798535349887 -0.00240739213447453 0.017798462938517331 -0.022987433709738929 0.0010312953363303269 0.012435289778744106 -0.013138013863620363 0.011646778677674153 -0.00240739213447453 0.019280902939897617 -0.012370187643915414 0.011646778677674153 0.0031065354687539307 -0.0041037245015851879 -0.018844593603163956 -0.00240739213447453 0.027086021284408429 -0.019014928976306689 -0.015173841911988952
leaf_weight=148 30 35 30 51 33 30 157 74 526 31 87 41 37 32 209 107 182 118 74 117 114 30 35 37 58 30 288 34 30 36
leaf_count=148 30 35 30 51 33 30 157 74 526 31 87 41 37 32 209 107 182 118 74 117 114 30 35 37 58 30 288 34 30 36
internal_value=0 -0.0046353 0.00463394 0.00592927 0.0179054 0.0447658 -0.00900609 0.00419131 0.00247702 0.00992335 -0.0131231 -0.00318482 -0.0150485 0.00918843 -0.018248 0.00382308 0.00551524 -0.00749332 0.00508441 -0.00240739 0.0160708 -0.0218988 0.0182091 -0.00309486 -0.00343782 -0.0120305 -0.00240739 0.022583 -0.0135051 -0.0113585
internal_weight=0 1552 1289 1229 275 63 1038 514 954 212 608 430 521 323 366 873 708 155 222 191 144 60 101 68 165 81 323 66 107 77
internal_count=2841 1552 1289 1229 275 63 1038 514 954 212 608 430 521 323 366 873 708 155 222 191 144 60 101 68 165 81 323 66 107 77
is_linear=0
shrinkage=0.03


Tree=46
num_leaves=30
num_cat=0
split_feature=12 17 12 7 0 1 7 12 12 2 4 13 3 7 5 5 16 0 3 3 14 16 12 7 5 7 17 5 1
split_gain=68.9225 55.8361 77.3519 52.6632 41.7328 40.166 29.09 19.1627 16.1677 12.7722 10.2879 9.67465 9.53163 8.88731 7.87321 7.44558 7.1735 5.69518 4.9416 7.73947 7.28027 4.05253 3.10394 2.78615 2.29002 2.18404 1.16174 0.646853 0.185989
threshold=-0.77568426966292126 0.05910561797752812 -2.0460101123595478 -0.44029999999999997 0.38135000000000002 0.091100000000000014 -0.31124999999999997 -0.84897078651685465 -0.20338202247190648 0.085700000000000012 0.17430000000000004 1.7265202247191029 0.064250000000000015 -0.35244999999999999 0.34595000000000004 0.28440000000000004 7.7131404494380726 0.78655000000000019 0.31860000000000005 0.25870000000000004 -0.11695393258426963 6.3473606741572448 -0.2988820224719077 -0.28729999999999994 0.29645000000000005 -0.46834999999999999 -0.015320224719101131 0.23240000000000002 0.25150000000000006
decision_type=2 2 2 2 2 2 2 2 2 2 2 2 2 2 2 2 2 2 2 2 2 2 2 2 2 2 2 2 2
left_child=1 2 4 18 -1 6 21 13 22 16 -11 27 23 14 -4 -15 -10 -3 19 25 -20 -5 28 -9 -14 -2 -27 -8 -7
right_child=3 17 7 5 -6 8 11 12 9 10 -12 -13 24 15 -16 -17 -18 -19 20 -21 -22 -23 -24 -25 -26 26 -28 -29 -30
leaf_value=0.011239828090457354 0.019132339322141239 -0.030484502643346782 0.014400575291365384 -0.0012884726122774266 0.054872725732783054 -0.014125849159434437 -0.0012884726122774266 0.011824917358104224 -0.01237021548743799 -0.012942085674282384 -0.029274274435766197 -0.0054926206379631616 0.029331088046873767 0.002633963929050985 0.0037345285833639916 -0.0073004521329544086 -0.0054926206379631616 -0.011999081328511237 0.0084722793816278379 0.0029156754134083084 0.028305821233398969 0.0029156754134083084 -0.025685401658217109 0.0011401565447449683 0.017975943088531492 0.013939568819478155 0.0056582460906957422 -0.0054926206379631616 -0.017439361587166784
leaf_weight=34 35 30 91 99 47 30 178 82 159 40 47 233 31 238 120 95 460 30 36 40 31 405 54 30 33 30 31 41 31
leaf_count=34 35 30 91 99 47 30 178 82 159 40 47 233 31 238 120 95 460 30 36 40 31 405 54 30 33 30 31 41 31
internal_value=0 0.00667193 0.00876285 -0.00349531 0.0365577 -0.00514898 -0.000969236 0.00563593 -0.010016 -0.0083169 -0.01908 -0.00549262 0.0142404 0.00285211 0.00766924 -0.000200179 -0.00680415 -0.0212418 0.0109803 0.00769503 0.017649 0.00291568 -0.020447 0.00896293 0.0234761 0.0131586 0.00973103 -0.00128847 -0.0158098
internal_weight=0 861 801 1980 81 1777 956 720 821 706 87 452 176 544 211 333 619 60 203 136 67 504 115 112 64 96 61 219 61
internal_count=2841 861 801 1980 81 1777 956 720 821 706 87 452 176 544 211 333 619 60 203 136 67 504 115 112 64 96 61 219 61
is_linear=0
shrinkage=0.03


Tree=47
num_leaves=28
num_cat=0
split_feature=12 15 7 17 12 17 7 16 5 15 8 15 5 3 3 16 0 0 3 3 14 13 7 7 3 5 15
split_gain=64.7976 96.5062 49.2105 42.3893 34.0503 32.3739 22.7882 23.4163 19.9898 17.8882 15.3772 14.6424 13.5724 10.3019 8.31063 6.5789 6.11813 5.35859 4.72063 7.4008 6.85001 4.49218 2.38959 2.05497 1.84582 1.60943 1.25064
threshold=-0.77568426966292126 -3.1038719101123493 -0.44029999999999997 0.05910561797752812 -0.20338202247190648 -0.0013202247191011205 -0.36019999999999991 43.358350561797756 0.31805000000000005 1.0000000180025095e-35 0.20000000000000004 10.523291011235957 0.40000000000000008 0.13455000000000003 0.071700000000000014 33.094215730337062 0.14340000000000003 0.78655000000000019 0.31860000000000005 0.25870000000000004 -0.11695393258426963 -4.0862134831460661 -0.29124999999999995 -0.46834999999999999 0.056650000000000006 0.30245000000000005 -6.7057089887640435
decision_type=2 2 2 2 2 2 2 2 2 2 2 2 2 2 2 2 2 2 2 2 2 2 2 2 2 2 2
left_child=1 8 18 9 13 6 12 -8 -1 21 14 -12 -6 22 -11 16 -7 -5 19 23 -20 -3 25 -2 -23 -4 -25
right_child=2 3 4 17 5 15 7 -9 -10 10 11 -13 -14 -15 -16 -17 -18 -19 20 -21 -22 24 -24 26 -26 -27 -28
leaf_value=0.059382127254239969 0.018558369193758282 0.022182035491151629 -0.013902699876576661 -0.029569967456161975 0.0028058521626178204 -0.010311633416761955 -0.01313108795494141 -0.0048740253292733843 0.025580345280468462 0.0021675906566529604 -0.0021896038789589369 -0.023140227182839927 -0.0048740253292733843 -0.0015400656126439572 0.0099136679255795845 -0.0095276419101999361 0.0028058521626178204 -0.011639109110459686 0.0082181110419332973 0.0028058521626178204 0.027456646916126051 0.0078614080930128685 -0.026036616538961728 0.013664839577771003 0.017083097454160451 -0.020294463092532865 0.0050724962926469745
leaf_weight=31 35 53 65 30 236 36 531 179 32 323 34 39 128 36 203 39 413 30 36 40 31 56 36 31 30 78 30
leaf_count=31 35 53 65 30 236 36 531 179 32 323 34 39 128 36 203 39 413 30 36 40 31 56 36 31 30 78 30
internal_value=0 0.00646688 -0.00339142 0.00364482 -0.00498995 -0.00344926 -0.00636112 -0.00949005 0.042213 0.00561631 0.00336638 -0.00953625 -0.000258001 -0.0161833 0.00515705 0.00280585 0.00280585 -0.0206045 0.0106017 0.00739065 0.0171195 0.0153121 -0.0191283 0.0127638 0.0110783 -0.0173891 0.0094391
internal_weight=0 861 1980 798 1777 1562 1074 710 63 738 599 73 364 215 526 488 449 60 203 136 67 139 179 96 86 143 61
internal_count=2841 861 1980 798 1777 1562 1074 710 63 738 599 73 364 215 526 488 449 60 203 136 67 139 179 96 86 143 61
is_linear=0
shrinkage=0.03


Tree=48
num_leaves=29
num_cat=0
split_feature=12 15 7 12 12 6 6 5 15 7 3 8 15 6 3 6 6 3 13 6 4 6 3 0 0 14 18 3
split_gain=60.7702 90.7515 45.7957 32.2378 29.4117 26.5856 18.9008 18.8084 16.6573 16.5855 15.8034 13.1533 14.56 11.4329 9.69307 9.60514 8.48457 8.31878 6.09839 5.16407 4.99109 2.9467 5.37249 2.71511 2.06194 1.95357 1.33657 1.07273
threshold=-0.77568426966292126 -3.1038719101123493 -0.44029999999999997 -0.20338202247190648 -1.9340101123595479 0.023600000000000006 0.026550000000000004 0.31805000000000005 1.0000000180025095e-35 -0.28274999999999995 0.033000000000000008 0.20000000000000004 10.523291011235957 -0.0016999999999999997 0.13455000000000003 -0.014399999999999998 -0.0024499999999999995 0.018650000000000003 1.7265202247191029 0.026550000000000004 0.41790000000000005 0.023600000000000006 0.033000000000000008 0.38135000000000002 0.10535000000000001 -0.15508426966292135 4.5000000000000009 0.064250000000000015
decision_type=2 2 2 2 2 2 2 2 2 2 2 2 2 2 2 2 2 2 2 2 2 2 2 2 2 2 2 2
left_child=1 7 19 14 6 9 -3 -1 16 15 18 13 -13 -10 21 -5 -6 -11 -7 26 25 23 -23 -4 -12 -21 -2 -18
right_child=2 4 3 5 8 10 -8 -9 11 17 24 12 -14 -15 -16 -17 27 -19 -20 20 -22 22 -24 -25 -26 -27 -28 -29
leaf_value=0.057600663900375361 0.0086056745245766189 -0.032289278402924532 -0.029322456538677214 -0.010830577965644369 0.0015688489580696278 0.0027140201541704461 -0.0026867328001694245 0.02481293438002467 -0.0020254317938194636 -0.013362909353624879 -0.0031970176528850853 -0.0020254317938194636 -0.023716692480657782 0.0074599244122194805 -0.0014938637552162012 -0.0034361648134898369 0.016190092238156418 -0.0326908009234936 -0.0031970176528850853 0.01451981229078496 0.0090443204460030329 -0.017695148686508542 -0.0038713295156917269 -0.01872127233686138 0.0027140201541704461 0.025032460605990226 0.0027140201541704461 0.022243285273410834
leaf_weight=31 39 30 30 231 33 164 55 32 117 40 37 34 35 388 36 501 57 31 157 30 63 39 31 79 401 33 38 49
leaf_count=31 39 30 30 231 33 164 55 32 117 40 37 34 35 388 36 501 57 31 157 30 63 39 31 79 401 33 38 49
internal_value=0 0.00628266 -0.00326436 -0.00480644 0.00354603 -0.00330731 -0.0131347 0.0409466 0.00553462 -0.00711242 0.000718381 0.00327814 -0.00900766 0.0049568 -0.0156978 -0.00576965 0.0148527 -0.0209562 -0.00319702 0.0102345 0.013975 -0.0185544 -0.0137513 -0.021639 0.00271402 0.0199953 0.00411366 0.0189883
internal_weight=0 861 1980 1777 798 1562 85 63 713 803 759 574 69 505 215 732 139 71 321 203 126 179 70 109 438 63 77 106
internal_count=2841 861 1980 1777 798 1562 85 63 713 803 759 574 69 505 215 732 139 71 321 203 126 179 70 109 438 63 77 106
is_linear=0
shrinkage=0.03


Tree=49
num_leaves=31
num_cat=0
split_feature=12 17 12 7 0 1 7 12 12 2 8 1 4 13 6 7 6 6 0 4 12 17 17 16 8 12 14 8 7 4
split_gain=57.3539 47.4159 65.3827 42.967 36.8518 34.9524 26.5467 16.3199 13.4984 12.2214 11.6203 14.8932 10.2082 8.22725 7.92432 6.41358 5.34662 4.89013 4.82126 4.72204 3.76397 3.67373 2.94694 2.77793 2.6608 1.04108 0.866849 0.772313 0.473668 4.46973e-05
threshold=-0.77568426966292126 0.05910561797752812 -2.0460101123595478 -0.44029999999999997 0.38135000000000002 0.091100000000000014 -0.31124999999999997 -0.84897078651685465 -0.14738202247190732 0.085700000000000012 0.20000000000000004 0.091100000000000014 0.17430000000000004 1.7265202247191029 0.032200000000000006 -0.28729999999999994 -0.014399999999999998 0.026550000000000004 0.78655000000000019 0.41790000000000005 -0.84247078651685381 -0.0067146067415730362 -0.012824157303370802 6.3473606741572448 0.19965000000000002 -0.2988820224719077 -0.083584269662921359 0.19410000000000002 -0.35244999999999999 0.57935000000000014
decision_type=2 2 2 2 2 2 2 2 2 2 2 2 2 2 2 2 2 2 2 2 2 2 2 2 2 2 2 2 2 2
left_child=1 2 4 17 -1 6 23 10 21 16 11 -4 -11 24 -12 20 -10 26 -3 22 -9 25 -19 27 -8 -7 -2 -5 -23 -21
right_child=3 18 7 5 -6 8 13 15 9 12 14 -13 -14 -15 -16 -17 -18 19 -20 29 -22 28 -24 -25 -26 -27 -28 -29 -30 -31
leaf_value=0.0097880715745336869 0.0026144809615732427 -0.028128626167774201 0.0098689680975551416 0.0026144809615732427 0.050790065729871707 -0.017341889974147991 -0.0011880520111207465 0.023665687820086111 -0.010177096326296266 -0.01190568474200587 -0.019247799589697804 -0.00079031615633509992 -0.028459560810743519 -0.0049905849838147356 -0.0022277114942981335 0.00045739315822720527 -0.0049905849838147356 0.026233035327866673 -0.011120526602957398 0.010225041382218478 0.01277898537543402 -0.008668355192583535 0.014067664466395386 0.0026144809615732427 -0.0049905849838147356 -0.023465110002195134 0.0075242176432297322 -0.0011880520111207465 -0.013727341799531131 0.0087408181106862198
leaf_weight=34 39 30 225 57 47 49 156 39 190 37 35 248 45 233 36 30 382 30 30 32 107 31 33 405 63 51 38 42 36 31
leaf_count=34 39 30 225 57 47 49 156 39 190 37 35 248 45 233 36 30 382 30 30 32 107 31 33 405 63 51 38 42 36 31
internal_value=0 0.00609847 0.00802529 -0.00317633 0.0335794 -0.00467002 -0.000770967 0.00515045 -0.0092102 -0.00726636 0.00258142 0.00428017 -0.0180978 -0.00499058 -0.00873559 0.0130911 -0.00571361 0.00989898 -0.0196246 0.0135389 0.0156871 -0.0168226 0.0193945 0.00261448 -0.00118805 -0.0204647 0.00394272 -0.00118805 -0.0113866 0.00874082
internal_weight=0 861 801 1980 81 1777 956 720 821 654 544 473 82 452 71 176 572 203 60 126 146 167 63 504 219 100 77 99 67 63
internal_count=2841 861 801 1980 81 1777 956 720 821 654 544 473 82 452 71 176 572 203 60 126 146 167 63 504 219 100 77 99 67 63
is_linear=0
shrinkage=0.03


Tree=50
num_leaves=20
num_cat=0
split_feature=7 17 0 17 12 2 0 12 3 13 14 12 7 12 7 4 6 14 6
split_gain=50.6699 61.7254 34.172 22.9659 23.3785 17.7994 18.0774 20.7009 15.6945 13.3617 13.1765 11.3633 9.85632 6.87761 3.83303 3.66742 2.5579 1.38464 1.10331
threshold=-0.3885499999999999 -0.0013202247191011205 0.38355000000000006 -0.025554494382022435 -0.77568426966292126 0.00015000000000000004 0.30040000000000006 -0.96697078651685497 0.13455000000000003 -2.011842696629214 -0.2838134831460673 -2.0850101123595475 -0.44029999999999997 2.0448039325842733 -0.40879999999999994 0.41790000000000005 -0.0034499999999999995 -0.34204269662921333 -0.0035499999999999998
decision_type=2 2 2 2 2 2 2 2 2 2 2 2 2 2 2 2 2 2 2
left_child=5 3 9 13 18 6 12 -8 10 -3 -6 -4 15 16 -9 -1 -2 -13 -5
right_child=1 2 11 4 8 -7 7 14 -10 -11 -12 17 -14 -15 -16 -17 -18 -19 -20
leaf_value=0.011883568813099803 -0.0068254003487527365 -0.032419583619887227 -0.0082995324258116395 -0.0038020943138091 -0.023890547181280967 0.0020073453458502228 0.038480140079251102 0.0226205829475075 0.0020073453458502228 -0.0082995324258116395 -0.011638385247095939 -0.0082995324258116395 0.0055027169863862656 -0.0092727971518412229 0.011883568813099803 0.0085587184479178173 0.0020073453458502228 0.0020073453458502228 0.0020073453458502228
leaf_weight=131 41 34 54 34 92 117 34 30 55 39 559 57 242 50 98 111 116 895 70
leaf_count=131 41 34 54 34 92 117 34 30 55 39 559 57 242 50 98 111 116 895 70
internal_value=0 -0.00250722 0.00200735 -0.00782267 -0.0101017 0.00652191 0.00899809 0.0176725 -0.012065 -0.0186064 -0.0133699 0.00200735 0.00609469 0.00109518 0.0121454 0.0116147 0.00200735 0.00200735 0.00200735
internal_weight=0 2096 1079 1017 810 763 646 162 706 73 651 1006 484 207 128 242 157 952 104
internal_count=2859 2096 1079 1017 810 763 646 162 706 73 651 1006 484 207 128 242 157 952 104
is_linear=0
shrinkage=0.03


Tree=51
num_leaves=31
num_cat=0
split_feature=3 13 15 14 17 0 8 1 8 1 7 7 5 7 7 8 14 13 17 6 7 5 13 7 3 7 7 3 7 4
split_gain=48.4471 43.8087 31.1961 28.0082 21.2879 16.8659 19.031 27.734 15.2995 16.1566 15.1838 14.2897 13.4368 13.0145 10.8522 9.94018 11.4614 8.33717 7.51611 6.83886 6.49499 8.39503 6.05601 5.76559 5.22258 4.84995 3.1559 2.9997 2.54543 0.601625
threshold=0.062800000000000009 1.7265202247191029 -1.2653011235955052 0.089046067415730359 0.0072853932584269762 1.0000000180025095e-35 0.19925000000000001 0.093100000000000002 0.20000000000000004 0.035150000000000008 -0.33544999999999997 -0.29079999999999995 0.28670000000000007 -0.38564999999999994 -0.29334999999999994 0.18755000000000002 0.27495730337078667 -1.7933426966292154 -0.0022185393258427051 0.037250000000000012 -0.38564999999999994 0.30885000000000007 2.8250528089887639 -0.44479999999999992 0.083850000000000022 -0.3088499999999999 -0.29079999999999995 0.015200000000000002 -0.31324999999999997 0.49985000000000007
decision_type=2 2 2 2 2 2 2 2 2 2 2 2 2 2 2 2 2 2 2 2 2 2 2 2 2 2 2 2 2 2
left_child=1 2 4 13 19 -2 7 15 9 11 29 -4 14 -3 -6 16 -7 -11 22 25 -5 28 -15 -9 -17 -1 -21 -20 -22 -8
right_child=5 3 8 20 12 6 10 23 -10 17 -12 -13 -14 18 -16 24 -18 -19 27 26 21 -23 -24 -25 -26 -27 -28 -29 -30 -31
leaf_value=0.0022432629458415203 -0.017089541499735787 -0.00099954565825021769 0.02491332986857742 0.0068510729131987316 0.038284172294395312 0.012717112262442614 0.0021158404412308937 0.0068630438216411458 -0.018012941375501076 -0.0082141525267678157 -0.0060558444410336075 0.0016391241736203918 0.0024426558911800384 -0.02534782288368791 0.014824405106094975 0.012455943419794818 0.02920976908430457 -0.00028175775119702195 -0.017320115286755658 0.015839589631184935 0.00090830375470395673 -0.014861895021651002 -0.014695107149175152 0.0021158404412308937 0.0068630438216411458 -0.0098576163095422092 0.0044030983981268009 -0.0096064368708518293 -0.0040076270217495342 -0.0019700019999013569
leaf_weight=117 32 46 32 50 35 157 113 125 59 255 93 92 30 125 36 73 50 224 46 40 30 59 78 323 237 40 47 32 151 32
leaf_count=117 32 46 32 50 35 157 113 125 59 255 93 92 30 125 36 73 50 224 46 40 30 59 78 323 237 40 47 32 151 32
internal_value=0 -0.00347774 0.000379146 -0.00977252 0.00769351 0.00440607 0.00497785 0.00685174 -0.00343272 -0.00200613 -0.00262006 0.00764537 0.0192763 -0.0157918 0.0263891 0.0116102 0.0167008 -0.00450464 -0.0182133 0.002899 -0.00298523 -0.00503447 -0.0212547 0.00211584 0.00821104 -0.000839764 0.00964596 -0.0102981 -0.00183105 0.00211584
internal_weight=0 1624 1007 617 345 1235 1203 965 662 603 238 124 101 327 71 517 207 479 281 244 290 240 203 448 310 157 87 78 181 145
internal_count=2859 1624 1007 617 345 1235 1203 965 662 603 238 124 101 327 71 517 207 479 281 244 290 240 203 448 310 157 87 78 181 145
is_linear=0
shrinkage=0.03


Tree=52
num_leaves=23
num_cat=0
split_feature=2 17 7 15 13 3 8 16 5 12 6 3 3 13 13 12 1 7 16 3 5 3
split_gain=46.8544 41.8483 44.6267 30.7151 46.8898 29.5174 22.7103 20.176 18.6769 21.7667 18.3092 16.9966 12.8782 14.2655 11.3411 10.7365 10.5138 9.26425 7.721 3.35602 1.87388 0.554913
threshold=0.13485000000000003 -0.0013202247191011205 -0.36019999999999991 10.523291011235957 -3.2082404494382035 0.04735000000000001 0.20145000000000005 43.358350561797756 0.31430000000000008 -1.2398275280898881 -0.012549999999999997 0.049800000000000004 0.018400000000000003 -2.011842696629214 2.0710887640449429 -0.77568426966292126 0.091100000000000014 -0.42724999999999996 -54.493149438202259 0.25665000000000004 0.33285000000000003 0.04420000000000001
decision_type=2 2 2 2 2 2 2 2 2 2 2 2 2 2 2 2 2 2 2 2 2 2
left_child=1 2 10 4 8 20 17 15 9 -3 21 -12 14 -14 -6 -4 -13 19 -19 -5 -2 -1
right_child=5 3 7 6 12 -7 -8 -9 -10 -11 11 16 13 -15 -16 -17 -18 18 -20 -21 -22 -23
leaf_value=-0.0022750761199651294 -0.0089758617416209156 0.050671587022575168 -0.0022750761199651294 0.01735198471136391 0.0037279372840646596 -0.041733709331069672 -0.0089758617416209156 -0.0022750761199651294 0.009490597546100616 0.021516907755512651 0.022447835633961053 0.0098154459124265223 -0.0089758617416209156 0.0097646201425808307 -0.0089758617416209156 -0.0089758617416209156 0.0019905454234016326 0.0055807298780449566 -0.0030765449907262572 0.0055807298780449566 -0.01490669133112533 0.0019905454234016326
leaf_weight=107 34 37 76 40 155 35 64 166 45 45 52 191 40 404 66 552 235 109 253 36 48 69
leaf_count=107 34 37 76 40 155 35 64 166 45 45 52 191 40 404 66 552 235 109 253 36 48 69
internal_value=0 0.00071688 -0.00278668 0.0046374 0.00831716 -0.0186686 -0.00116812 -0.00756651 0.0250206 0.0335432 0.00301636 0.00625617 0.00512718 0.00807257 -0.000790266 -0.00897586 0.00427972 0.0018192 -0.000179931 0.0113414 -0.00897586 -0.00227508
internal_weight=0 2742 1448 1294 792 117 502 794 127 82 654 478 665 444 221 628 426 438 362 76 82 176
internal_count=2859 2742 1448 1294 792 117 502 794 127 82 654 478 665 444 221 628 426 438 362 76 82 176
is_linear=0
shrinkage=0.03


Tree=53
num_leaves=31
num_cat=0
split_feature=3 13 15 13 17 0 8 1 7 8 1 7 5 7 7 8 12 13 7 14 5 6 1 7 3 12 12 7 7 4
split_gain=43.1447 39.4571 28.204 26.0905 18.357 15.9578 17.6198 25.8734 14.5529 14.2702 14.9682 13.384 12.5611 11.788 9.90511 9.04935 14.8161 7.7684 7.29805 6.58285 6.33854 6.22861 5.91655 5.46367 5.04823 4.52193 4.48331 2.91915 2.43841 0.547958
threshold=0.062800000000000009 1.7265202247191029 -1.2653011235955052 3.0126398876404488 0.0072853932584269762 1.0000000180025095e-35 0.19925000000000001 0.093100000000000002 -0.33544999999999997 0.20000000000000004 0.035150000000000008 -0.29079999999999995 0.28670000000000007 -0.38564999999999994 -0.29334999999999994 0.18755000000000002 -1.5672831460674155 -1.7933426966292154 -0.38564999999999994 -0.2838134831460673 0.30885000000000007 0.037250000000000012 0.076250000000000012 -0.44479999999999992 0.083850000000000022 2.0298039325842727 -0.14738202247190732 -0.29079999999999995 -0.28939999999999994 0.49985000000000007
decision_type=2 2 2 2 2 2 2 2 2 2 2 2 2 2 2 2 2 2 2 2 2 2 2 2 2 2 2 2 2 2
left_child=1 2 4 13 21 -2 7 15 29 10 11 -4 14 -3 -6 16 -7 -12 -5 28 25 26 -21 -9 -17 -20 -1 -23 -15 -8
right_child=5 3 9 18 12 6 8 23 -10 -11 17 -13 -14 19 -16 24 -18 -19 20 22 -22 27 -24 -25 -26 -27 -28 -29 -30 -31
leaf_value=0.0042827289332115119 -0.016784582412801681 -0.00201824564486742 0.024099621739005671 0.010895648859053229 0.0362967774883977 0.034042617071639088 0.0019266853289716054 0.0065038181344317164 -0.0060520203775195564 -0.017360865658275406 -0.007887491193079554 0.0015750874737631934 0.0017796061187982559 -0.019296630970889427 0.013884046549598374 0.011887862626291571 0.012379973951237265 -0.00023045412546447808 0.0029377980703156033 -0.0092688909714636822 -0.013420237180717448 0.015243186085950581 -0.018015098594910194 0.0019266853289716054 0.0065038181344317164 -0.0071410665367810898 -0.0043052930713424259 0.0042827289332115119 -0.029058259300686215 -0.0020626675242739756
leaf_weight=49 32 60 32 36 35 34 113 125 93 59 255 92 30 61 36 73 173 224 101 95 47 40 124 323 237 56 108 47 37 32
leaf_count=49 32 60 32 36 35 34 113 125 93 59 255 92 30 61 36 73 173 224 101 95 47 40 124 323 237 56 108 47 37 32
internal_value=0 -0.00331552 0.000344802 -0.00928949 0.00729955 0.00412436 0.00468054 0.00648362 -0.00263025 -0.00327965 -0.00190188 0.00738787 0.0180555 -0.0142116 0.0249326 0.011081 0.0159381 -0.00430675 -0.00155761 -0.0165195 -0.00375524 0.0028473 -0.0136276 0.00192669 0.00783764 -0.000861896 -0.000720754 0.00928621 -0.0229821 0.00192669
internal_weight=0 1624 1007 617 345 1235 1203 965 238 662 603 124 101 377 71 517 207 479 240 317 204 244 219 448 310 157 157 87 98 145
internal_count=2859 1624 1007 617 345 1235 1203 965 238 662 603 124 101 377 71 517 207 479 240 317 204 244 219 448 310 157 157 87 98 145
is_linear=0
shrinkage=0.03


Tree=54
num_leaves=27
num_cat=0
split_feature=2 17 15 16 3 3 8 16 8 5 14 14 18 3 6 6 14 3 14 17 15 0 14 6 15 3
split_gain=42.4324 38.1225 28.5498 42.8097 27.9512 27.1085 21.0712 17.639 23.1037 16.8404 20.3878 15.7804 13.034 9.41248 8.90486 8.65402 8.53721 6.97783 6.2544 6.23465 5.79338 3.7917 2.88515 2.8121 2.68411 0.658851
threshold=0.13485000000000003 -0.0013202247191011205 10.523291011235957 -28.232139325842748 0.04735000000000001 0.13455000000000003 0.20145000000000005 43.358350561797756 0.17195000000000002 0.31430000000000008 0.21468651685393267 -0.18595393258426959 3.5000000000000004 0.036800000000000006 0.063050000000000009 0.024450000000000003 0.24095730337078661 0.013850000000000001 -0.023413483146067445 -0.014058426966292127 -47.932850561797736 0.10110000000000001 -0.11695393258426963 -0.016649999999999998 0.032698876404494655 0.080850000000000019
decision_type=2 2 2 2 2 2 2 2 2 2 2 2 2 2 2 2 2 2 2 2 2 2 2 2 2 2
left_child=1 5 3 9 21 7 16 8 15 10 -3 25 -10 -13 18 -1 17 -4 19 -7 -9 -2 -16 -22 -20 -5
right_child=4 2 6 11 -6 14 -8 20 12 -11 -12 13 -14 -15 22 -17 -18 -19 24 -21 23 -23 -24 -25 -26 -27
leaf_value=-0.0019021639540134107 -0.019084914337783573 0.020570027416043846 -0.0021033798231453191 -0.0085768177501708877 -0.04024959224249635 0.0054689275396038895 -0.0085768177501708877 0.015249819325343254 -0.0025265773516500514 0.009150281354784965 0.048586762402508706 0.0019651955012419979 -0.0085768177501708877 0.0095516857371149982 0.0069610282691428436 0.012171074829529971 -0.0034404134337550261 0.006660098316778819 0.0069387414498117425 -0.0077333682380253217 -0.0071991459187120193 -0.0085768177501708877 0.017114330351633844 0.0029906208987186592 -0.0016880514959550716 -0.0038551689893938598
leaf_weight=102 31 45 122 31 35 53 64 31 203 45 37 254 559 350 48 64 68 248 60 82 30 51 53 130 33 30
leaf_count=102 31 45 122 31 35 53 64 31 203 45 37 254 559 350 48 64 68 248 60 82 30 51 53 130 33 30
internal_value=0 0.000647212 0.00438914 0.00793683 -0.0178008 -0.00269675 -0.001208 -0.00492248 -0.00663126 0.023897 0.0319898 0.00488878 -0.00857682 0.00636134 0.00487344 0.00352366 0.00169599 0.00377052 0.00158848 -0.00255024 0.00337985 -0.00857682 0.012289 0.00108004 0.00693874 -0.00857682
internal_weight=0 2742 1294 792 117 1448 502 1119 928 127 82 665 762 604 329 166 438 370 228 135 191 82 101 160 93 61
internal_count=2859 2742 1294 792 117 1448 502 1119 928 127 82 665 762 604 329 166 438 370 228 135 191 82 101 160 93 61
is_linear=0
shrinkage=0.03


Tree=55
num_leaves=31
num_cat=0
split_feature=3 13 6 14 8 6 12 1 13 7 3 3 7 6 7 3 1 3 15 14 17 12 7 6 7 5 17 12 15 17
split_gain=41.6093 34.2932 22.3244 21.2225 16.3897 24.6956 20.6825 19.5406 17.83 14.1475 13.901 13.7233 25.6415 12.3984 12.2171 16.7938 9.49387 8.61357 6.09318 6.15 5.29656 7.76827 4.63122 4.61111 3.90518 5.15507 3.59788 3.15183 2.77299 2.65359
threshold=0.062800000000000009 1.7265202247191029 0.021150000000000006 0.12491573033707866 0.19365000000000002 0.022500000000000003 -1.911510112359547 0.091100000000000014 -3.8039471910112357 -0.38564999999999994 0.15205000000000005 0.016750000000000004 -0.31124999999999997 -0.016649999999999998 -0.29124999999999995 0.013850000000000001 0.038750000000000007 0.12005000000000002 -7.9742089887640439 -0.26054269662921331 -0.014058426966292127 -0.72932752808988954 -0.31494999999999995 0.057100000000000005 -0.38564999999999994 0.30945000000000006 -0.034894382022471852 2.0298039325842727 1.0000000180025095e-35 0.021285393258426991
decision_type=2 2 2 2 2 2 2 2 2 2 2 2 2 2 2 2 2 2 2 2 2 2 2 2 2 2 2 2 2 2
left_child=1 2 11 9 6 10 8 20 -2 -3 17 28 13 -13 15 -4 -17 -6 19 -11 26 -22 -7 -16 -5 27 -8 -26 -1 -30
right_child=4 3 14 24 5 22 7 -9 -10 18 -12 12 -14 -15 23 16 -18 -19 -20 -21 21 -23 -24 -25 25 -27 -28 -29 29 -31
leaf_value=-4.7147480829718842e-05 0.0061849545483146943 0.0014710268348624759 0.004633388762267431 0.0044793303229142814 -0.011293226455381954 0.0024024468039045327 0.006290705745729307 0.0024024468039045327 0.037869645451957527 -0.02042481689594022 -0.0048833360777671194 -0.011313353544328272 -0.02841136220294763 -4.7147480829718842e-05 -4.7147480829718842e-05 0.029172858177028645 0.011876771746446257 -0.033304885891266164 -0.026680708491401944 -0.010605524852031603 0.014776318060300711 0.0061460295690332076 -0.0048833360777671194 0.004633388762267431 -0.00015324271154089144 -0.012282409376554912 0.017254724318823106 -0.0072913617455143956 -0.0077368415975395365 -4.7147480829718842e-05
leaf_weight=91 31 44 87 49 32 201 36 390 33 101 66 123 51 85 131 38 115 32 47 133 98 152 57 121 129 62 107 58 85 58
leaf_count=91 31 44 87 49 32 201 36 390 33 101 66 123 51 85 131 38 115 32 47 133 98 152 57 121 129 62 107 58 85 58
internal_value=0 -0.00353597 -5.17327e-05 -0.00904477 0.00378601 -0.0013202 0.0061251 0.00478484 0.0225224 -0.0143468 -0.0121691 -0.00456355 -0.00934844 -0.00467435 0.00446926 0.00931393 0.0161725 -0.0222991 -0.0168236 -0.0148438 0.00988961 0.00725559 0.00240245 -4.71475e-05 -0.00326235 -0.00478582 0.0144946 -0.00230031 -4.71475e-05 -0.00434216
internal_weight=0 1608 985 623 1235 388 847 783 64 325 130 493 259 208 492 240 153 64 281 234 393 250 258 252 298 249 143 187 234 143
internal_count=2843 1608 985 623 1235 388 847 783 64 325 130 493 259 208 492 240 153 64 281 234 393 250 258 252 298 249 143 187 234 143
is_linear=0
shrinkage=0.03


Tree=56
num_leaves=31
num_cat=0
split_feature=3 13 2 14 14 5 16 6 8 6 1 3 8 2 0 12 8 0 3 3 16 3 16 3 3 6 3 8 6 8
split_gain=38.9846 34.1205 28.802 20.7139 17.5084 18.0023 17.2246 16.0773 15.7032 23.4607 17.7211 13.1905 11.293 10.3538 13.0368 14.0643 9.19278 8.60007 8.10451 7.69584 7.62821 7.95682 5.78073 5.21417 3.43928 2.90773 4.87485 4.42656 2.86312 2.17531
threshold=0.064250000000000015 1.7265202247191029 0.13485000000000003 0.12491573033707866 0.27495730337078667 0.29340000000000005 -9.9194191011236494 0.050800000000000005 0.19365000000000002 0.022500000000000003 0.091100000000000014 0.15205000000000005 0.17805000000000001 0.00030000000000000008 0.32675000000000004 -1.0029707865168562 0.20000000000000004 0.10110000000000001 0.12005000000000002 0.018400000000000003 33.030350561797782 0.013850000000000001 30.222860674157236 0.11275000000000002 0.088700000000000015 -0.014399999999999998 0.011100000000000002 0.18565000000000001 0.021150000000000006 0.20715000000000003
decision_type=2 2 2 2 2 2 2 2 2 2 2 2 2 2 2 2 2 2 2 2 2 2 2 2 2 2 2 2 2 2
left_child=1 2 4 20 7 6 -6 16 10 11 13 18 -7 14 -2 -16 -1 -4 -10 -9 22 -22 28 24 -12 -5 -27 -28 -3 -11
right_child=8 3 17 25 5 12 -8 19 9 29 23 -13 -14 -15 15 -17 -18 -19 -20 -21 21 -23 -24 -25 -26 26 27 -29 -30 -31
leaf_value=-0.0010449163822117359 0.0098812007883554171 -0.01719815650884109 -0.03034621817532987 -0.0081377156644773033 0.037065978736306231 0.011245241925185268 0.011245241925185268 0.0036178961385363588 -0.010954429563134908 0.0024684222148903911 0.0024684222148903911 -0.0046484899306511911 -0.0085786531166918492 0.0064674787163255263 0.033783828802406789 0.014601490072185867 -0.0085786531166918492 -0.0090538417839592222 -0.032305739717558027 0.016959900246425106 -0.015389638899692467 0.0030767189099320342 -0.022685247368179264 0.0024684222148903911 0.0064674787163255263 -0.0047806662829310053 0.012024432381286341 -0.00080525924950571991 -0.0091213011411549177 -0.0046484899306511911
leaf_weight=552 129 79 31 78 36 30 31 133 32 227 47 66 31 76 43 172 70 38 32 55 42 42 90 266 78 109 34 84 79 31
leaf_count=552 129 79 31 78 36 30 31 133 32 227 47 66 31 76 43 172 70 38 32 55 42 42 90 266 78 109 34 84 79 31
internal_value=0 -0.00335082 8.66048e-05 -0.00878486 0.00146268 0.0117732 0.0225084 -0.000166642 0.00376289 -0.00120075 0.0061376 -0.0117654 -1.78673e-05 0.0104665 0.0132949 0.018438 -0.00249028 -0.01862 -0.0216301 0.00752114 -0.01397 -0.00615646 -0.0166166 0.00246842 0.00646748 -0.00314067 -0.00142362 0.00289143 -0.0131597 0.00246842
internal_weight=0 1644 1007 637 938 128 67 810 1199 388 811 130 61 420 344 215 622 69 64 188 332 84 248 391 125 305 227 118 158 258
internal_count=2843 1644 1007 637 938 128 67 810 1199 388 811 130 61 420 344 215 622 69 64 188 332 84 248 391 125 305 227 118 158 258
is_linear=0
shrinkage=0.03


Tree=57
num_leaves=30
num_cat=0
split_feature=3 13 2 13 6 8 6 12 0 1 3 3 16 13 8 0 3 2 0 14 13 8 3 16 3 6 3 6 8
split_gain=36.5783 30.2355 26.6806 19.1171 16.5106 13.44 21.9905 19.3761 22.521 16.9889 12.4691 11.7938 10.8316 9.73765 8.1742 8.09181 7.62553 6.77225 7.18146 6.62422 6.32315 5.41384 5.93681 5.41128 4.78066 8.64222 2.5516 2.34561 1.81278
threshold=0.062800000000000009 1.7265202247191029 0.13485000000000003 2.8250528089887639 0.021150000000000006 0.19365000000000002 0.022500000000000003 -1.911510112359547 0.32675000000000004 0.091100000000000014 0.15205000000000005 0.013850000000000001 24.028249438202298 -3.100240449438203 0.18565000000000001 0.10110000000000001 0.12005000000000002 0.00015000000000000004 0.32675000000000004 0.27495730337078667 -1.7933426966292154 0.19885000000000003 0.033000000000000008 23.844249438202329 0.013850000000000001 -0.03524999999999999 0.0074000000000000012 0.0068500000000000011 0.20715000000000003
decision_type=2 2 2 2 2 2 2 2 2 2 2 2 2 2 2 2 2 2 2 2 2 2 2 2 2 2 2 2 2
left_child=1 2 4 12 13 7 10 8 -2 17 16 19 27 -1 -13 -4 -7 18 -9 -6 -15 22 -14 -5 26 -26 -25 -3 -8
right_child=5 3 15 23 11 6 28 9 -10 -11 -12 14 21 20 -16 -17 -18 -19 -20 -21 -22 -23 -24 24 25 -27 -28 -29 -30
leaf_value=0.0010632630978622444 0.0031497062358164019 -0.011613010477740316 -0.029435831404351177 -0.013056176732061432 0.0010632630978622444 -0.010625796679523774 0.0022688852534504343 0.0086885606803953439 0.03875932714478536 0.0022688852534504343 -0.0045531285524860656 0.022468800959842543 -0.019067741657152422 -0.0083889698387782149 0.0075583915750030428 -0.0087822266053483051 -0.031336567643011223 0.0057139712939561077 0.015741604502292592 0.014936360877848441 -0.0024375153257627435 -0.029995911747217177 -0.0049762425266261052 -0.0034207400652196476 -0.012124713016091845 0.0055187099613249304 -0.01206400210418823 -0.0017269624701131963 -0.0045531285524860656
leaf_weight=108 31 36 31 48 254 32 227 120 33 390 66 42 129 108 156 38 32 89 184 31 217 30 34 102 32 114 44 54 31
leaf_count=108 31 36 31 48 254 32 227 120 33 390 66 42 129 108 156 38 32 89 184 31 217 30 34 102 32 114 44 54 31
internal_value=0 -0.0033433 -7.1677e-05 -0.00851592 0.00128344 0.00352177 -0.00110218 0.00563995 0.0215109 0.00434271 -0.0113751 0.00509695 -0.0142761 -0.00297043 0.0107212 -0.0180614 -0.0209812 0.00915906 0.0116632 0.00118958 -0.00591121 -0.018284 -0.0161284 -0.00372143 -0.00218695 0.00165166 -0.00602556 -0.00568138 0.00226889
internal_weight=0 1608 985 623 916 1235 388 847 64 783 130 483 283 433 198 69 64 393 304 285 325 193 163 340 292 146 146 90 258
internal_count=2843 1608 985 623 916 1235 388 847 64 783 130 483 283 433 198 69 64 393 304 285 325 193 163 340 292 146 146 90 258
is_linear=0
shrinkage=0.03


Tree=58
num_leaves=31
num_cat=0
split_feature=3 13 2 15 14 16 7 3 3 3 3 3 1 14 7 12 0 17 17 3 0 18 1 7 15 14 13 1 16 7
split_gain=34.2144 30.0961 25.4134 24.0226 18.3337 16.1343 13.1714 12.2619 20.676 21.942 21.8768 19.1904 24.7845 15.9275 15.4704 14.6584 11.5439 10.5508 14.5746 9.4373 7.61358 6.74706 6.57828 5.47291 4.99669 5.51843 4.69226 4.18829 3.86861 3.65135
threshold=0.064250000000000015 1.7265202247191029 0.13485000000000003 -0.20636685393258422 0.12491573033707866 -29.908859550561882 -0.38564999999999994 0.31860000000000005 0.11275000000000002 0.13455000000000003 0.25665000000000004 0.12005000000000002 0.22395000000000001 0.27495730337078667 -0.35819999999999991 1.1047595505617986 0.29825000000000007 0.021285393258426991 0.044445505617977561 0.34510000000000007 0.10110000000000001 4.5000000000000009 0.15135000000000001 -0.37404999999999994 -7.9742089887640439 -0.26054269662921331 -1.5998426966292134 0.0018000000000000002 -24.753139325842763 -0.38564999999999994
decision_type=2 2 2 2 2 2 2 2 2 2 2 2 2 2 2 2 2 2 2 2 2 2 2 2 2 2 2 2 2 2
left_child=1 2 3 5 6 22 -3 8 13 11 14 12 -10 16 -11 -15 -2 28 -19 -9 -4 -12 -1 -18 25 -8 -7 -21 -5 -6
right_child=7 4 20 17 29 26 24 19 9 10 21 -13 -14 15 -16 -17 23 18 -20 27 -22 -23 -24 -25 -26 -27 -28 -29 -30 -31
leaf_value=0.027393123037847023 -0.011886076586828991 0.002129659844001501 -0.028552756682038306 -0.0080873809896713604 0.004533070477143842 0.0094797070110216718 -0.018972734528620847 0.025248644880273126 0.00075605949790064075 0.012133012221647031 -0.00022573414605197518 -0.030396470154519191 -0.027923631514696515 0.036160123273730277 -0.0015787220522761344 0.0099033337706001465 0.018023231889520371 0.0049831961594802672 -0.0080873809896713604 0.016845478456128726 -0.0085187596631677524 -0.012253279806705328 0.0091737460345029821 0.0050696296652441245 -0.024329375084489582 -0.0097818805017749894 0.0016853199103091978 0.0046723393011032727 -0.0032050537859511486 -0.004405744367520583
leaf_weight=42 33 44 31 101 49 100 103 33 134 208 86 32 34 31 115 50 35 219 63 33 38 82 31 182 48 137 228 111 154 256
leaf_count=42 33 44 31 101 49 100 103 33 134 208 86 32 34 31 115 50 35 219 63 33 38 82 31 182 48 137 228 111 154 256
internal_value=0 -0.00317616 5.2189e-05 0.00134478 -0.00827969 0.00690055 -0.0131579 0.00348813 0.00222557 -0.000727709 0.00268418 -0.00910389 -0.00504816 0.00839086 0.00725113 0.0199522 0.00464498 -0.00280394 0.00119479 0.0107782 -0.0175195 -0.00609632 0.0196561 0.00715892 -0.0154935 -0.0137263 0.00406166 0.00746202 -0.00722608 -0.00296967
internal_weight=0 1644 1007 938 637 401 332 1199 1022 691 491 200 168 331 323 81 250 537 282 177 69 168 73 217 288 240 328 144 255 305
internal_count=2843 1644 1007 938 637 401 332 1199 1022 691 491 200 168 331 323 81 250 537 282 177 69 168 73 217 288 240 328 144 255 305
is_linear=0
shrinkage=0.03


Tree=59
num_leaves=31
num_cat=0
split_feature=3 13 2 15 13 13 8 12 13 1 16 17 16 16 5 17 17 7 5 2 5 5 8 3 3 13 16 16 8 1
split_gain=32.3686 26.5233 23.5184 21.0039 17.0949 13.37 11.8282 18.2158 17.0191 15.5068 13.923 16.2723 10.5688 9.64489 9.42904 9.32167 14.0335 9.19633 8.7397 6.26819 6.04905 5.75253 5.02914 5.45891 5.00631 4.03647 3.946 3.74346 1.88098 1.87385
threshold=0.062800000000000009 1.7265202247191029 0.13485000000000003 -0.20636685393258422 2.8250528089887639 -1.5998426966292134 0.19365000000000002 -1.911510112359547 -3.8039471910112357 0.091100000000000014 -50.577649438202279 -0.0042185393258427064 33.325080898876372 24.028249438202298 0.29340000000000005 0.021285393258426991 0.044445505617977561 -0.38564999999999994 0.28440000000000004 0.00015000000000000004 0.30945000000000006 0.34740000000000004 0.19885000000000003 0.033000000000000008 0.011100000000000002 -0.34124044943820303 -24.753139325842763 -25.922139325842746 0.17830000000000004 0.046600000000000009
decision_type=2 2 2 2 2 2 2 2 2 2 2 2 2 2 2 2 2 2 2 2 2 2 2 2 2 2 2 2 2 2
left_child=1 2 3 5 13 14 7 8 -2 19 -8 12 18 29 -1 26 -17 -6 -12 21 24 -9 23 -15 -19 -7 -5 -4 -22 -3
right_child=6 4 27 15 17 25 10 9 -10 -11 11 -13 -14 22 -16 16 -18 20 -20 -21 28 -23 -24 -25 -26 -27 -28 -29 -30 -31
leaf_value=0.017911180116069451 0.0047037716642502813 0.00077226838929345825 -0.024730450333126128 -0.0079128099255861596 0.0075147014004668519 -0.0018335026487989654 -0.019385256907519171 0.013822677527522366 0.035659527514468541 0.0021144419424743112 -0.007000690654967911 0.0021144419424743112 0.0021144419424743112 -0.017982781952853466 0.0029001452362066816 0.0048501602381231705 -0.0079128099255861596 -0.0076799659191881522 -0.029539439860731362 0.0053832199171306725 -0.0079395238823382914 0.0082279608284110701 -0.028529952883720396 -0.0044703393619891039 0.00091069861828634989 0.0063152163888750548 -0.0029073538613622846 -0.010682602959537976 -0.016645904196069594 -0.0084105044536991035
leaf_weight=111 31 30 31 99 57 129 34 244 33 390 32 255 37 129 57 213 61 104 30 89 30 60 30 34 102 95 151 38 47 60
leaf_count=111 31 30 31 99 57 129 34 244 33 390 32 255 37 129 57 213 61 104 30 89 30 60 30 34 102 95 151 38 47 60
internal_value=0 -0.00316815 -0.000103947 0.00116833 -0.00801284 0.00642059 0.0032898 0.00527691 0.0206653 0.0040191 -0.00104802 0.00071318 -0.0103335 -0.0134598 0.0128182 -0.00276084 0.00106122 -0.00347902 -0.0179065 0.008652 -0.0056933 0.0110727 -0.0172418 -0.0151642 -0.00301177 0.00162243 -0.00694981 -0.016994 -0.0128673 -0.00534958
internal_weight=0 1608 985 916 623 392 1235 847 64 783 388 354 99 283 168 524 274 340 62 393 283 304 193 163 206 224 250 69 77 90
internal_count=2843 1608 985 916 623 392 1235 847 64 783 388 354 99 283 168 524 274 340 62 393 283 304 193 163 206 224 250 69 77 90
is_linear=0
shrinkage=0.03


Tree=60
num_leaves=16
num_cat=0
split_feature=6 8 7 7 6 1 8 0 3 7 7 3 3 4 15
split_gain=41.0877 29.0778 26.0794 25.6894 14.3451 14.1 15.7332 14.487 8.25583 8.19063 6.6056 4.89075 5.08394 3.33107 2.94417
threshold=0.021150000000000006 0.20170000000000002 -0.31124999999999997 -0.29124999999999995 -0.016649999999999998 0.038750000000000007 0.20000000000000004 0.89130000000000009 0.014400000000000001 -0.35034999999999994 -0.46034999999999998 0.04420000000000001 0.0070500000000000007 0.62970000000000004 -0.33095898876404556
decision_type=2 2 2 2 2 2 2 2 2 2 2 2 2 2 2
left_child=1 4 14 5 9 6 7 13 -6 11 -7 12 -1 -2 -3
right_child=3 2 -4 -5 8 10 -8 -9 -10 -11 -12 -13 -14 -15 -16
leaf_value=-0.004176383351813885 0.01311952754505457 -0.011650253565950609 -0.041634935911963968 -0.000796681298853327 -0.004176383351813885 0.0056729722119527965 0.0056729722119527965 0.028302635998139633 -0.000796681298853327 -0.011650253565950609 0.0022496315130684113 -0.004176383351813885 -0.0082887672181793104 0.0094172074700947187 -0.021844058854565501
leaf_weight=63 257 32 34 407 250 126 174 49 479 98 539 123 131 48 31
leaf_count=63 257 32 34 407 250 126 174 49 479 98 539 123 131 48 31
internal_value=0 -0.00443363 -0.0202041 0.00284026 -0.00309645 0.00529594 0.00895614 0.0131614 -0.000796681 -0.00755609 0.0023898 -0.00492728 -0.00828877 0.0107289 -0.0116503
internal_weight=0 1241 97 1600 1144 1193 528 354 729 415 665 317 194 305 63
internal_count=2841 1241 97 1600 1144 1193 528 354 729 415 665 317 194 305 63
is_linear=0
shrinkage=0.03


Tree=61
num_leaves=22
num_cat=0
split_feature=6 8 13 7 15 12 6 3 7 3 12 3 7 7 3 3 16 6 15 3 8
split_gain=37.6281 26.9221 26.5764 24.8545 22.3461 15.324 13.6799 13.3178 8.09996 9.38629 10.7471 7.86569 7.78516 7.65057 4.68589 4.75337 4.05315 3.41776 2.7683 1.87645 1.06475
threshold=0.021150000000000006 0.20170000000000002 1.7265202247191029 -0.31124999999999997 -0.90439325842696572 -0.84247078651685381 -0.016649999999999998 0.31860000000000005 -0.34824999999999995 0.25665000000000004 -1.5966842696629227 0.014400000000000001 -0.35034999999999994 -0.28354999999999991 0.04420000000000001 0.0070500000000000007 10.815749438202376 0.050050000000000004 -0.33095898876404556 0.019650000000000004 0.19885000000000003
decision_type=2 2 2 2 2 2 2 2 2 2 2 2 2 2 2 2 2 2 2 2 2
left_child=1 6 4 18 5 19 12 -4 9 10 -6 -8 14 16 15 -1 -7 -10 -3 -2 -19
right_child=2 3 7 -5 8 13 11 -9 17 -11 -12 -13 -14 -15 -16 -17 -18 20 -20 -21 -22
leaf_value=-0.0040626843170222847 0.019264885840006171 -0.011210894516873092 -0.00078646586947240225 -0.040385887723635223 0.024144497698162803 0.015235839727710624 -0.0040626843170222847 0.017122150351141771 -0.00078646586947240225 0.0032306684824971546 0.0065086661279201499 -0.00078646586947240225 -0.011210894516873092 -0.00078646586947240225 -0.0040626843170222847 -0.0079809503648876606 0.0073498090750383814 0.0032306684824971546 -0.021188736920875889 0.029361256812069865 0.0012221013065123762
leaf_weight=63 30 32 550 34 46 109 250 43 231 122 96 479 98 42 123 131 127 131 31 37 36
leaf_count=63 30 32 550 34 46 109 250 43 231 122 96 479 98 42 123 131 127 131 31 37 36
internal_value=0 -0.00426693 0.002694 -0.0194415 0.00577094 0.0119615 -0.00298028 -0.000786466 0.00254476 0.00661925 0.0122217 -0.000786466 -0.0073389 0.00885752 -0.00475101 -0.00798095 0.0109921 -0.000157915 -0.0112109 0.0248405 0.00323067
internal_weight=0 1241 1600 97 1007 345 1144 593 662 264 142 729 415 278 317 194 236 398 63 67 167
internal_count=2841 1241 1600 97 1007 345 1144 593 662 264 142 729 415 278 317 194 236 398 63 67 167
is_linear=0
shrinkage=0.03


Tree=62
num_leaves=31
num_cat=0
split_feature=13 15 7 17 12 5 13 6 15 3 7 3 7 12 1 17 12 0 12 12 7 7 6 13 3 7 14 6 7 3
split_gain=35.8003 43.2341 28.3607 28.304 26.9964 41.8036 19.604 14.9332 12.5014 10.7598 7.07227 7.04706 6.93471 6.46508 6.22905 5.96783 7.34676 5.62467 5.36686 4.30526 4.75275 3.91846 3.58204 3.12899 2.62318 2.45129 2.12913 3.63102 2.11686 2.00485
threshold=1.7265202247191029 -0.90439325842696572 -0.3885499999999999 0.05910561797752812 -1.2398275280898881 0.30945000000000006 2.8921573033707877 0.021150000000000006 -7.1730247191011234 0.31860000000000005 -0.28939999999999994 0.016650000000000002 -0.44479999999999992 0.85598988764045292 0.033950000000000008 0.04344550561797756 -1.5672831460674155 0.29825000000000007 2.0298039325842727 -1.5357831460674143 -0.46034999999999998 -0.29124999999999995 -0.0035499999999999998 2.0786573033707865 0.13735000000000003 -0.28939999999999994 0.3460865168539326 0.035150000000000008 -0.32839999999999997 0.11740000000000002
decision_type=2 2 2 2 2 2 2 2 2 2 2 2 2 2 2 2 2 2 2 2 2 2 2 2 2 2 2 2 2 2
left_child=1 4 9 7 5 -1 10 15 13 12 14 -12 24 25 29 16 -3 -14 -8 28 -21 22 -10 -16 -2 -6 -20 -28 -9 -4
right_child=2 3 6 -5 8 -7 18 19 21 -11 11 -13 17 -15 23 -17 -18 -19 26 20 -22 -23 -24 -25 -26 -27 27 -29 -30 -31
leaf_value=0.051039900109171865 0.014990782920503988 -0.00034775303902657517 -0.0020257387392579353 -0.022211473083330525 0.00097987394475910279 0.0045970121992600929 -0.0020257387392579353 0.0096469729639124119 0.0087158695785159637 0.015402898761359128 -0.014353066551906327 -0.031007191691547628 -0.0020257387392579353 0.011440632795520987 -0.0073413083857800394 -0.016799966517835857 -0.0059196073537800655 0.0033569698781391196 -0.0039113385465720458 0.010721714885772339 3.4935602964025873e-05 0.0040865852119616013 0.015393025584276319 -0.013579900580068194 0.0033569698781391196 -0.0081728943070817385 -0.019672713898122307 -0.0056280409016117852 0.0038790059133099199 -0.0073413083857800394
leaf_weight=33 32 152 52 54 175 37 214 100 30 55 61 30 92 52 62 30 320 71 54 42 346 52 167 222 36 31 30 37 134 38
leaf_count=33 32 152 52 54 175 37 214 100 30 55 61 30 92 52 62 30 320 71 54 42 346 52 167 222 36 31 30 37 134 38
internal_value=0 0.0022997 -0.00463051 -0.000995721 0.00902762 0.0264915 -0.00752921 2.35414e-05 0.00661643 0.00347774 -0.0115153 -0.0190158 0.000638412 0.00198849 -0.00969033 -0.00382554 -0.0030009 -0.00202574 -0.00202574 0.00313004 0.00119175 0.0114116 0.0133452 -0.0118698 0.00873968 -0.000397484 -0.00834406 -0.0119167 0.00634395 -0.00281278
internal_weight=0 1755 1086 1178 577 70 800 1124 507 286 465 91 231 258 374 502 472 163 335 622 388 249 197 284 68 206 121 67 234 90
internal_count=2841 1755 1086 1178 577 70 800 1124 507 286 465 91 231 258 374 502 472 163 335 622 388 249 197 284 68 206 121 67 234 90
is_linear=0
shrinkage=0.03


Tree=63
num_leaves=31
num_cat=0
split_feature=13 15 17 7 12 1 13 8 16 17 1 3 12 8 17 7 12 1 0 1 7 7 7 3 3 16 8 1 7 7
split_gain=33.5816 40.4777 26.6662 26.5693 25.4326 34.6797 22.0328 14.6393 11.9285 11.8482 11.5199 9.56604 7.81271 9.92102 6.89126 6.49062 6.11127 5.83005 4.74943 4.72246 4.43896 3.77039 3.45282 3.05937 3.8048 2.81376 3.89835 2.73422 2.34373 2.29262
threshold=1.7265202247191029 -0.90439325842696572 0.05910561797752812 -0.44029999999999997 -1.2398275280898881 0.18615000000000001 2.8921573033707877 0.20145000000000005 10.815749438202376 -0.004324157303370795 0.024900000000000002 0.019650000000000004 2.0298039325842727 0.19885000000000003 0.0081797752808988895 -0.36019999999999991 0.85598988764045292 0.10740000000000001 0.29825000000000007 0.076250000000000012 -0.30749999999999994 -0.28409999999999996 -0.44879999999999992 0.31860000000000005 0.13735000000000003 24.892749438202319 0.19835000000000003 0.11920000000000001 -0.34549999999999997 -0.28829999999999995
decision_type=2 2 2 2 2 2 2 2 2 2 2 2 2 2 2 2 2 2 2 2 2 2 2 2 2 2 2 2 2 2
left_child=1 4 7 23 5 -1 11 9 21 22 20 25 17 -14 -11 18 29 -8 -13 -17 -9 27 -3 24 -2 -5 -27 -6 -19 -10
right_child=3 2 -4 6 8 -7 12 10 16 14 -12 15 13 -15 -16 19 -18 28 -20 -21 -22 -23 -24 -25 -26 26 -28 -29 -30 -31
leaf_value=0.043983693004120139 0.014541059414623305 0.0044725904842773667 -0.021545129194855687 -0.0099697279857740885 0.014529915784150943 0.0013142087683081626 0.001970252787386116 -0.004246451712437131 0.00089318255440063647 0.017060629350598901 -0.025895004119724032 -0.0057998476419256198 -0.0021998756946186009 -0.021571847423911095 0.0028002446725391423 -0.0064309404211624803 0.011097413779621441 -0.0016818651332198397 0.001970252787386116 -0.015847092375836591 -0.014646297611824765 0.0014981039520353078 -0.004246451712437131 0.018024497587233783 0.001970252787386116 -0.014455416139676122 -0.02652639964967966 0.0070151723009864017 -0.010240989944085161 -0.0080754210948944093
leaf_weight=40 32 43 54 83 160 30 157 56 177 32 30 60 115 30 650 127 52 53 81 77 37 32 276 30 42 122 30 56 47 30
leaf_count=40 32 43 54 83 160 30 157 56 177 32 30 60 115 30 650 127 52 53 81 77 37 32 276 30 42 122 30 56 47 30
internal_value=0 0.00223631 -0.000952334 -0.00447572 0.00874623 0.0256968 -0.00600279 3.7e-05 0.00640592 0.00123715 -0.00973005 -0.00974389 -0.000605179 -0.00620787 0.00346935 -0.00656411 0.00190307 0.00197025 -0.00161462 -0.00998508 -0.00451555 0.0111085 -0.00353516 0.00994329 0.00666713 -0.0144121 -0.0168378 0.0125322 -0.00533398 -0.000406615
internal_weight=0 1755 1178 1086 577 70 982 1124 507 1001 123 580 402 145 682 345 259 257 141 204 93 248 319 104 74 235 152 216 100 207
internal_count=2841 1755 1178 1086 577 70 982 1124 507 1001 123 580 402 145 682 345 259 257 141 204 93 248 319 104 74 235 152 216 100 207
is_linear=0
shrinkage=0.03


Tree=64
num_leaves=25
num_cat=0
split_feature=6 17 13 8 1 15 16 17 1 16 16 8 15 13 2 8 8 6 13 13 13 13 16 4
split_gain=32.6803 24.5554 22.5234 19.4785 28.0488 18.6022 12.8467 12.2946 7.95652 6.17122 3.69604 3.3958 3.13808 3.83499 2.87592 2.80665 2.70069 2.29791 2.14487 1.51426 1.22406 1.06211 7.2616 0.219106
threshold=0.021150000000000006 0.051105617977528113 1.7265202247191029 0.20170000000000002 0.018300000000000004 -0.90439325842696572 -28.900139325842812 -0.016218539325842701 0.093850000000000003 33.030350561797782 10.815749438202376 0.18155000000000002 17.980628089887645 -2.9322404494382037 0.0012000000000000003 0.19835000000000003 0.19965000000000002 0.069650000000000017 -0.34124044943820303 -3.9134471910112358 2.8921573033707877 -3.2082404494382035 -25.922139325842746 0.066900000000000015
decision_type=2 2 2 2 2 2 2 2 2 2 2 2 2 2 2 2 2 2 2 2 2 2 2 2
left_child=1 3 5 7 -5 6 23 8 -1 -10 15 17 13 -7 -15 -8 19 20 -12 -14 -4 -9 -23 -2
right_child=2 -3 11 4 -6 12 10 21 9 -11 18 -13 16 14 -16 -17 -18 -19 -20 -21 -22 22 -24 -25
leaf_value=-0.00071859358055556793 0.024383828065668543 -0.030773637135513128 0.001906355876480516 -0.0094728939392309652 -0.032014173624121539 -0.00071859358055556793 0.014788786638683328 -0.00071859358055556793 -0.0094728939392309652 -0.0043659225642674162 0.0016274691664148121 -0.00071859358055556793 0.003479407507179978 0.0042346764310937498 -0.00071859358055556793 0.0048775485088117425 -0.00071859358055556793 0.0099644151945332323 0.0087647483188387325 0.0097453708957158484 0.0060802182324906397 -0.0094728939392309652 -0.0008218809585811798 0.020943073764924078
leaf_weight=55 36 30 71 31 59 134 90 155 256 134 80 430 43 319 38 36 30 49 72 98 43 105 416 31
leaf_count=55 36 30 71 31 59 134 90 155 256 134 80 430 43 319 38 36 30 49 72 98 43 105 416 31
internal_value=0 -0.00396217 0.00252498 -0.00329797 -0.0167259 0.00535153 0.0109997 -0.0022199 -0.00624521 -0.00801325 0.0081577 -0.000718594 0.00240799 0.00118905 0.00311195 0.011957 0.00590798 0.00453131 0.00500829 0.00767741 0.00219602 -0.000718594 -0.00260172 0.0227918
internal_weight=0 1241 1600 1211 90 1007 345 1121 445 390 278 593 662 491 357 126 171 163 152 141 114 676 521 67
internal_count=2841 1241 1600 1211 90 1007 345 1121 445 390 278 593 662 491 357 126 171 163 152 141 114 676 521 67
is_linear=0
shrinkage=0.03


Tree=65
num_leaves=23
num_cat=0
split_feature=7 4 17 17 12 0 7 7 3 16 14 18 13 13 7 4 7 12 5 14 3 4
split_gain=29.7805 38.7136 24.0159 19.4736 24.9349 27.8278 22.093 19.4174 11.6031 10.0949 8.64441 11.7798 7.53868 5.92383 5.62014 5.33665 6.0317 2.21831 1.88909 1.19248 0.880418 0.235378
threshold=-0.28354999999999991 0.17430000000000004 -0.0013202247191011205 0.05910561797752812 -1.911510112359547 0.18995000000000004 -0.35244999999999999 -0.44029999999999997 0.13455000000000003 43.358350561797756 -0.18158426966292132 3.5000000000000004 1.7265202247191029 2.8443550561797761 -0.42724999999999996 0.41790000000000005 -0.46799999999999992 -0.77568426966292126 0.34515000000000001 -0.14745393258426964 0.36100000000000004 0.43420000000000009
decision_type=2 2 2 2 2 2 2 2 2 2 2 2 2 2 2 2 2 2 2 2 2 2
left_child=2 12 7 4 5 -4 -7 15 9 17 14 -12 -2 -14 -6 16 -1 -9 -11 -18 -17 -10
right_child=1 -3 3 -5 10 6 -8 8 21 18 11 -13 13 -15 -16 20 19 -19 -20 -21 -22 -23
leaf_value=0.021289710883478013 -0.00428438774951353 -0.039939879415112296 -0.00428438774951353 -0.00428438774951353 0.010901390310376883 0.038084467360201997 0.012124309123310792 0.0017053038193203687 0.0017053038193203687 0.0017053038193203687 0.012180430251586286 0.0028269207503539154 -0.018948971501969055 -0.00428438774951353 -0.0028710301923565566 0.0017053038193203687 0.0064716029149082975 -0.00428438774951353 -0.00428438774951353 0.011473663861451801 0.0064716029149082975 -0.0033163674540687784
leaf_weight=36 162 33 37 49 30 51 70 107 145 134 158 520 58 41 240 61 30 737 44 43 33 43
leaf_count=36 162 33 37 49 30 51 70 107 145 134 158 520 58 41 240 61 30 737 44 43 33 43
internal_value=0 -0.00932428 0.000755502 0.00396438 0.0050378 0.0160716 0.0230662 -0.00186747 -0.00330793 -0.00428439 0.00319884 0.00500665 -0.00545334 -0.0127777 -0.00134076 0.00671853 0.0112379 -0.00428439 0.0017053 0.0064716 0.0017053 0.0017053
internal_weight=0 294 2568 1155 1106 158 121 1413 1210 1022 948 678 261 99 270 203 109 844 178 73 94 188
internal_count=2862 294 2568 1155 1106 158 121 1413 1210 1022 948 678 261 99 270 203 109 844 178 73 94 188
is_linear=0
shrinkage=0.03


Tree=66
num_leaves=20
num_cat=0
split_feature=17 13 3 0 15 6 6 3 2 14 17 14 3 3 3 8 13 17 6
split_gain=28.991 43.0101 25.4305 21.22 37.3338 41.9888 19.1644 13.4036 15.5911 10.3205 7.73326 6.96234 6.34099 6.87329 7.20202 6.78075 4.16713 1.72704 0.17153
threshold=0.05910561797752812 -3.2082404494382035 0.13455000000000003 0.10110000000000001 -3.1038719101123493 0.010800000000000002 0.021150000000000006 0.011100000000000002 0.085700000000000012 -0.43491348314606731 0.044445505617977561 0.17668651685393275 0.41800000000000009 0.22055000000000002 0.31860000000000005 0.20050000000000004 -3.8804471910112359 0.0086758426966292174 0.034850000000000006
decision_type=2 2 2 2 2 2 2 2 2 2 2 2 2 2 2 2 2 2 2
left_child=1 3 6 -1 5 -5 9 17 -9 -3 16 -11 13 15 -15 -4 -6 -8 -12
right_child=-2 2 12 4 10 -7 7 8 -10 11 18 -13 -14 14 -16 -17 -18 -19 -20
leaf_value=-0.010564638586093982 -0.022272999244478512 -0.019484193676896393 0.0090362219721178659 0.008564935841343619 0.01368712281610943 0.057187786073453963 -0.0031444596966100418 0.0050444130257291855 -0.0031444596966100418 -0.0072840260266886035 0.00032869310398369543 -0.0031444596966100418 0.013749357495456933 -0.0034851136791061552 0.0064704638004535802 -0.0056629438909955995 0.0057957133383308417 0.0016938868700103326 0.0034188437725727757
leaf_weight=45 53 50 196 33 118 31 237 516 30 639 30 229 55 189 100 33 123 110 45
leaf_count=45 53 50 196 33 118 31 237 516 30 639 30 229 55 189 100 33 123 110 45
internal_value=0 0.000123169 -0.0014442 0.0089152 0.011222 0.0321166 -0.00318707 -5.80696e-05 0.00299342 -0.00623085 0.00699021 -0.00546741 0.00406422 0.00303587 -4.02772e-05 0.006918 0.00965956 -0.00314446 0.000328693
internal_weight=0 2809 2384 425 380 64 1811 893 546 918 316 868 573 518 289 229 241 347 75
internal_count=2862 2809 2384 425 380 64 1811 893 546 918 316 868 573 518 289 229 241 347 75
is_linear=0
shrinkage=0.03


Tree=67
num_leaves=21
num_cat=0
split_feature=17 13 3 7 1 7 15 1 17 13 14 6 18 16 13 3 3 18 3 5
split_gain=27.2332 40.4466 24.0825 25.3462 21.6402 20.6397 17.9093 31.204 9.2535 8.95459 8.7343 6.21089 5.37495 4.68578 3.75804 5.52067 3.48168 1.47785 1.42234 1.18091
threshold=0.05910561797752812 -3.2082404494382035 0.13455000000000003 -0.43744999999999995 0.076250000000000012 -0.31124999999999997 -3.1038719101123493 0.18615000000000001 0.044445505617977561 -3.9884471910112356 0.28777191011235975 0.063050000000000009 3.5000000000000004 -23.540555056179809 -3.8804471910112359 0.013850000000000001 0.31860000000000005 4.5000000000000009 0.016750000000000004 0.31655000000000005
decision_type=2 2 2 2 2 2 2 2 2 2 2 2 2 2 2 2 2 2 2 2
left_child=1 6 3 17 5 -5 7 -1 14 -10 -6 12 -4 -14 15 -8 19 -3 -16 -13
right_child=-2 2 11 4 10 -7 8 -9 9 -11 -12 16 13 -15 18 -17 -18 -19 -20 -21
leaf_value=0.040464404947482616 -0.021604809190304775 0.017258186591572539 0.0059977799340936817 0.0048158127405630588 -0.0088913657523893661 -0.0037520567895001139 0.0029092015501541585 0.0011441668703713838 0.0057411639813333745 -0.013578901931667994 -0.0037520567895001139 0.012039332901127636 0.0059977799340936817 -0.0012566917847344201 0.009247166178556282 0.016445341995299866 0.015304427942947337 0.0090193896725152926 0.0028566701838682435 0.0059977799340936817
leaf_weight=39 53 43 108 289 680 546 39 34 50 38 217 30 46 290 49 89 57 36 87 42
leaf_count=39 53 43 108 289 680 546 39 34 50 38 217 30 46 290 49 89 57 36 87 42
internal_value=0 0.000101794 -0.00141815 -0.00311419 -0.00387217 -0.000396562 0.00862779 0.0221509 0.00582328 -0.00260159 -0.00710755 0.00394229 0.00225875 0.000264436 0.00863157 0.012321 0.00973681 0.0135038 0.00515913 0.00599778
internal_weight=0 2809 2384 1811 1732 835 425 73 352 88 897 573 444 336 264 128 129 79 136 72
internal_count=2862 2809 2384 1811 1732 835 425 73 352 88 897 573 444 336 264 128 129 79 136 72
is_linear=0
shrinkage=0.03


Tree=68
num_leaves=25
num_cat=0
split_feature=2 3 14 16 1 18 16 6 3 8 3 6 6 14 12 14 0 8 6 1 15 3 12 17
split_gain=25.9044 24.8528 21.3069 36.4287 23.1951 20.3503 16.7131 16.1036 10.5855 7.00655 5.95477 6.11185 5.83296 5.80499 6.6376 3.60613 2.91322 2.22401 2.06367 2.02178 1.9644 1.39063 1.19794 0.327918
threshold=0.085700000000000012 0.04735000000000001 0.27495730337078667 -10.932419101123626 0.093850000000000003 3.5000000000000004 -79.803649438202271 0.021150000000000006 0.018400000000000003 0.19965000000000002 0.011100000000000002 -0.016649999999999998 -0.0035499999999999998 -0.15508426966292135 0.29652921348314548 -0.31731348314606733 0.10110000000000001 0.17515000000000003 0.032200000000000006 0.18320000000000003 -10.569524719101123 0.04420000000000001 1.1112595505617977 -0.0073202247191011252
decision_type=2 2 2 2 2 2 2 2 2 2 2 2 2 2 2 2 2 2 2 2 2 2 2 2
left_child=2 16 5 4 -4 12 15 20 -9 10 22 -12 21 17 -15 -7 -2 -14 -11 -17 -8 23 -5 -1
right_child=1 -3 3 9 -6 6 7 8 -10 18 11 -13 13 14 -16 19 -18 -19 -20 -21 -22 -23 -24 -25
leaf_value=-0.0028804641030728815 -0.016413964001694693 -0.02951947804253835 0.042937172067944299 0.0036754442802022979 0.011229546691424081 0.0021438809113793209 -0.0035270652112957906 -0.0035270652112957906 0.0016963008300074549 -0.0061046181339713063 -0.0012457049123693531 0.007404612388674927 0.0080657654812256261 0.010898242186921746 0.0012430609411234789 0.017908902388298883 -0.0061046181339713063 0.0012430609411234789 -0.0012457049123693531 0.0074757260690842351 -0.0061046181339713063 0.0012430609411234789 -0.0012457049123693531 -0.0061046181339713063
leaf_weight=30 32 52 33 46 56 56 122 284 553 31 46 295 43 201 62 32 62 140 41 35 458 33 88 31
leaf_count=30 32 52 33 46 56 56 122 284 553 31 46 295 43 201 62 32 62 140 41 35 458 33 88 31
internal_value=0 -0.0125905 0.000381304 0.00518659 0.0229863 -0.00108801 -0.00284517 -0.00376595 -0.000949512 0.00229048 0.00361321 0.00572587 0.00392316 0.00535457 0.00820954 0.00776254 -0.00610462 0.00125152 -0.00610462 0.0124587 -0.00610462 -0.00286845 -0.0012457 -0.00558094
internal_weight=0 146 2716 636 89 2080 1540 1417 837 547 475 341 540 446 263 123 94 183 72 67 580 94 134 61
internal_count=2862 146 2716 636 89 2080 1540 1417 837 547 475 341 540 446 263 123 94 183 72 67 580 94 134 61
is_linear=0
shrinkage=0.03


Tree=69
num_leaves=18
num_cat=0
split_feature=7 3 17 17 12 7 5 6 6 3 16 13 3 3 13 14 12
split_gain=25.7762 34.9818 20.116 16.6258 19.3407 16.413 11.2912 9.54902 7.36882 14.7795 6.79126 6.6937 6.38364 5.85221 5.5545 0.564419 0.311346
threshold=-0.28354999999999991 0.029650000000000003 -0.0013202247191011205 0.05910561797752812 -2.0460101123595478 -0.3885499999999999 0.30945000000000006 -0.014399999999999998 -0.012549999999999997 0.049800000000000004 43.358350561797756 1.7265202247191029 0.013600000000000003 0.31860000000000005 2.8250528089887639 -0.25504269662921325 -0.77568426966292126
decision_type=2 2 2 2 2 2 2 2 2 2 2 2 2 2 2 2 2
left_child=2 11 5 4 6 8 -4 15 -1 -10 16 -2 -9 -11 -13 -6 -7
right_child=1 -3 3 -5 7 10 -8 12 9 13 -12 14 -14 -15 -16 -17 -18
leaf_value=-0.00075026701057390242 -0.0040245121854124164 -0.037815930572423072 0.032489273780956861 -0.0040245121854124164 0.00012241596284394079 -0.00075026701057390242 0.0097555312163689553 0.00020854489703781245 0.020370086850598455 0.0019979027409363914 -0.00075026701057390242 -0.018615655125874393 0.0057231751668824979 0.0098838839655870508 -0.0043679607165572438 -0.0040245121854124164 -0.0040245121854124164
leaf_weight=114 162 33 32 49 39 83 51 189 48 268 177 53 731 87 46 64 636
leaf_count=114 162 33 32 49 39 83 51 189 48 268 177 53 731 87 46 64 636
internal_value=0 -0.00871334 0.000664317 0.00360112 0.00459266 -0.00173625 0.0185203 0.00346265 0.00252398 0.00474607 -0.00402451 -0.0050337 0.0044416 0.00263353 -0.0119955 -0.00402451 -0.00402451
internal_weight=0 294 2568 1155 1106 1413 83 1023 517 403 896 261 920 355 99 103 719
internal_count=2862 294 2568 1155 1106 1413 83 1023 517 403 896 261 920 355 99 103 719
is_linear=0
shrinkage=0.03


Tree=70
num_leaves=16
num_cat=0
split_feature=17 12 5 3 17 15 8 1 13 1 3 3 3 8 5
split_gain=27.3081 47.152 26.1387 18.3467 20.5576 13.9943 12.5402 15.9795 8.14291 6.03892 5.30509 7.86506 6.21351 6.05239 4.74373
threshold=0.05910561797752812 -2.0460101123595478 0.30945000000000006 0.13455000000000003 -0.0035544943820224602 30.472062359550563 0.20000000000000004 0.076250000000000012 -3.6674471910112358 0.018300000000000004 0.41800000000000009 0.22055000000000002 0.31860000000000005 0.19170000000000001 0.35360000000000008
decision_type=2 2 2 2 2 2 2 2 2 2 2 2 2 2 2
left_child=1 2 -1 4 6 8 7 -3 -6 -8 11 13 -13 -5 -12
right_child=-2 3 -4 10 5 -7 9 -9 -10 -11 14 12 -14 -15 -16
leaf_value=0.04099819983884289 -0.020918899825774131 0.0029625495857191985 0.0080101996373671738 0.01170870428386655 0.010536896235746098 -0.012735128013481353 -0.0086920239409052635 -0.00563645138241724 0.0014240108197503356 -0.020355953359532924 0.020883590504527091 -0.0031763377526404283 0.0058480316251787604 0.0025918605296517444 0.0044006823367354541
leaf_weight=37 56 260 52 124 100 58 52 772 751 63 30 206 103 139 33
leaf_count=37 56 260 52 124 100 58 52 772 751 63 30 206 103 139 33
internal_value=0 0.000240525 0.0217243 -0.000470013 -0.00184665 0.00152309 -0.00451717 -0.00347004 0.00249486 -0.013914 0.00398724 0.00307722 -0.000168215 0.0068903 0.0122497
internal_weight=0 2780 89 2691 2056 909 1147 1032 851 115 635 572 309 263 63
internal_count=2836 2780 89 2691 2056 909 1147 1032 851 115 635 572 309 263 63
is_linear=0
shrinkage=0.03


Tree=71
num_leaves=16
num_cat=0
split_feature=17 12 5 7 13 6 8 13 3 3 3 12 7 16 3
split_gain=25.6978 44.3592 24.5939 19.2553 20.4064 15.2484 17.6178 14.7043 9.17465 8.80451 9.52847 8.72874 2.89496 0.443808 0.164293
threshold=0.05910561797752812 -2.0460101123595478 0.30945000000000006 -0.44029999999999997 1.7265202247191029 0.021150000000000006 0.20170000000000002 2.8921573033707877 0.011600000000000001 0.11965000000000002 0.4391000000000001 2.0298039325842727 -0.29124999999999995 8.636860674157278 0.25870000000000004
decision_type=2 2 2 2 2 2 2 2 2 2 2 2 2 2 2
left_child=1 2 -1 9 5 6 -5 8 -6 13 14 -9 -7 -3 -11
right_child=-2 3 -4 4 7 12 -8 11 -10 10 -12 -13 -14 -15 -16
leaf_value=0.039768254279687595 -0.020291333135683088 0.014858430163934826 0.0077698934307465183 -0.0010623051706457236 -0.013688396366609431 0.0030567881552589393 -0.019253412030744724 0.0030567881552589393 -0.005313788376949102 0.0061038634977661644 0.020257082920521495 -0.0063643279666377398 0.00028278714432688893 0.020018706820905209 0.0030567881552589393
leaf_weight=37 56 30 52 610 165 576 52 250 411 65 30 132 240 30 100
leaf_count=37 56 30 52 610 165 576 52 250 411 65 30 132 240 30 100
internal_value=0 0.000234758 0.0210726 -0.000454415 -0.00127547 0.000935141 -0.00249121 -0.00468599 -0.00771276 0.00738904 0.00429688 -0.000122049 0.00305679 0.0174386 0.00305679
internal_weight=0 2780 89 2691 2436 1478 662 958 576 255 195 382 816 60 165
internal_count=2836 2780 89 2691 2436 1478 662 958 576 255 195 382 816 60 165
is_linear=0
shrinkage=0.03


Tree=72
num_leaves=26
num_cat=0
split_feature=2 3 13 15 12 7 5 14 6 14 1 6 6 3 3 3 12 16 3 7 1 7 14 3 1
split_gain=25.2529 26.1516 19.6348 34.5387 34.3835 23.1837 21.1027 11.2505 9.98393 7.82159 7.21523 7.00087 6.10337 5.81763 5.30105 5.27948 5.0384 4.08029 3.77965 3.06259 2.54162 1.3488 0.751274 0.508645 6.82331
threshold=0.085700000000000012 0.04735000000000001 1.7265202247191029 -0.90439325842696572 -1.2398275280898881 -0.3885499999999999 0.31075000000000003 0.41254606741573041 0.021150000000000006 0.088001123595505673 0.31080000000000002 -0.0034499999999999995 0.0089000000000000017 0.11965000000000002 0.013850000000000001 0.13455000000000003 2.0298039325842727 10.815749438202376 0.31860000000000005 -0.43159999999999993 0.11920000000000001 -0.37284999999999996 0.3460865168539326 0.018400000000000003 0.28680000000000005
decision_type=2 2 2 2 2 2 2 2 2 2 2 2 2 2 2 2 2 2 2 2 2 2 2 2 2
left_child=2 23 3 4 6 10 -1 8 15 -7 13 21 -9 -4 -10 -5 20 -13 -15 -12 -11 -6 -18 -2 -25
right_child=1 -3 5 7 11 9 -8 12 14 16 19 17 -14 18 -16 -17 22 -19 -20 -21 -22 -23 -24 24 -26
leaf_value=0.047627378642559046 -0.0057684493638832778 -0.030074869349598885 0.018024094549007712 -0.0057684493638832778 0.0023400662466883655 -0.0057684493638832778 0.013338582209178379 0.0021136590692913157 -0.0017502121782028732 -0.00059233597256724087 0.0036191218114717217 0.010379446402458208 0.020367896563976126 0.0036191218114717217 0.003006698117572038 -0.0017502121782028732 -0.001063563959270885 0.004392105557117611 0.011760725461951407 -0.00059233597256724087 -0.0057684493638832778 -0.0057684493638832778 -0.0057684493638832778 -0.0057684493638832778 -0.019971072614813842
leaf_weight=30 31 50 40 373 30 380 35 32 170 169 38 210 34 97 450 67 44 200 57 53 69 44 62 35 36
leaf_count=30 31 50 40 373 30 380 35 32 170 169 38 210 34 97 450 67 44 200 57 53 69 44 62 35 36
internal_value=0 -0.0120532 0.000516282 0.00250779 0.00867729 -0.00278974 0.0291642 -0.000500251 -0.00124852 -0.00564286 0.00445819 0.00592595 0.0115174 0.00783058 0.00120421 -0.00470464 -0.00124112 0.00745879 0.00518291 -0.000592336 -0.000592336 -0.00256685 -0.00576845 -0.00576845 -0.00974149
internal_weight=0 152 2684 1675 549 1009 65 1126 1060 724 285 484 66 194 620 440 344 410 154 91 238 74 106 102 71
internal_count=2836 152 2684 1675 549 1009 65 1126 1060 724 285 484 66 194 620 440 344 410 154 91 238 74 106 102 71
is_linear=0
shrinkage=0.03


Tree=73
num_leaves=23
num_cat=0
split_feature=7 3 17 15 12 5 7 17 12 1 4 16 4 14 15 17 14 3 7 8 5 3
split_gain=24.311 31.8156 18.507 18.2287 26.0339 20.2167 15.4388 12.1312 9.87474 8.97727 11.6706 8.76704 7.15562 7.03856 5.45595 5.13261 3.94845 2.67652 2.41765 1.92611 1.59294 1.14097
threshold=-0.28354999999999991 0.016750000000000004 -0.0013202247191011205 -0.48236685393258488 -1.2398275280898881 0.31530000000000008 -0.3885499999999999 0.044445505617977561 -1.753382022471907 0.31080000000000002 0.41790000000000005 24.33174943820234 0.17430000000000004 0.41254606741573041 -38.199350561797736 0.0011758426966292093 -0.14745393258426964 0.038500000000000006 -0.43159999999999993 0.17485000000000003 0.32820000000000005 0.11370000000000001
decision_type=2 2 2 2 2 2 2 2 2 2 2 2 2 2 2 2 2 2 2 2 2 2
left_child=2 -2 6 4 5 -4 9 8 17 10 16 20 -3 -10 -8 -13 -1 -5 -11 -16 -6 -12
right_child=1 12 3 7 11 -7 14 -9 13 18 21 15 -14 -15 19 -17 -18 -19 -20 -21 -22 -23
leaf_value=0.0076436855662848037 -0.0038086252461822807 -0.017075149201137837 0.042813564073294397 0.020008954585555329 0.010595155214012733 0.0095909826720462117 -0.00058809647938831591 -0.0038086252461822807 5.9944110482779569e-05 0.0025866853268638177 0.0076436855662848037 0.0090854746364057073 -0.034870199046351691 0.010457663015712665 -0.00058809647938831591 -0.0026697699520736931 0.016566330361628471 0.007640345293930882 -0.00058809647938831591 -0.0038086252461822807 0.0032168925000775244 0.0025866853268638177
leaf_weight=47 204 53 32 32 175 34 87 134 467 70 36 45 33 67 66 130 88 31 98 719 31 157
leaf_count=47 204 53 32 32 175 34 87 134 467 70 36 45 33 67 66 130 88 31 98 719 31 157
internal_value=0 -0.00839234 0.000775088 0.00353142 0.00830376 0.0256989 -0.00159842 0.000613171 0.00268977 0.00263243 0.00576147 0.00529043 -0.0239035 0.00136453 -0.00380863 0.000353007 0.0127007 0.0139228 -0.000588096 -0.00380863 0.00948483 0.00258669
internal_weight=0 290 2546 1178 447 66 1368 731 597 496 328 381 86 534 872 175 135 63 168 785 206 193
internal_count=2836 290 2546 1178 447 66 1368 731 597 496 328 381 86 534 872 175 135 63 168 785 206 193
is_linear=0
shrinkage=0.03


Tree=74
num_leaves=18
num_cat=0
split_feature=17 12 0 6 7 6 13 3 7 1 6 3 7 3 3 16 7
split_gain=23.8241 37.4621 28.3895 17.2855 18.5626 16.7658 12.2638 9.70905 14.1002 11.3927 7.38212 7.12713 6.89066 5.19193 4.44276 2.33584 0.593585
threshold=0.05910561797752812 -1.911510112359547 0.14690000000000003 -0.014399999999999998 -0.33669999999999994 0.015400000000000002 1.7265202247191029 0.049800000000000004 -0.35034999999999994 0.091100000000000014 0.021150000000000006 0.016750000000000004 -0.35034999999999994 0.04420000000000001 0.0070500000000000007 23.844249438202329 -0.33334999999999998
decision_type=2 2 2 2 2 2 2 2 2 2 2 2 2 2 2 2 2
left_child=1 2 -1 12 7 11 10 8 -5 -9 -6 -4 13 14 -3 16 -14
right_child=-2 3 5 4 6 -7 -8 9 -10 -11 -12 -13 15 -15 -16 -17 -18
leaf_value=-0.011482787739951162 -0.019554390679778794 -0.0031066705682655212 0.021320833341980521 0.022425414390995033 -0.0031066705682655212 0.03195631902964817 -0.0031066705682655212 0.0061810203862036964 0.00087258829851323278 0.00087258829851323278 0.00087258829851323278 0.0042201385190898744 -0.0089709439974686722 -0.0031066705682655212 -0.0089709439974686722 -0.020225568999303504 -0.013550014980137349
leaf_weight=32 56 54 33 56 239 59 516 450 37 358 572 44 31 140 97 32 30
leaf_count=32 56 54 33 56 239 59 516 450 37 358 572 44 31 140 97 32 30
internal_value=0 0.000209209 0.013941 -0.000673999 0.000339174 0.0199231 -0.00191719 0.00366237 0.0128417 0.00260584 0.000872588 0.0107028 -0.00655251 -0.00428066 -0.00890334 -0.0136612 -0.0102176
internal_weight=0 2780 168 2612 2228 136 1327 901 93 808 811 77 384 291 151 93 61
internal_count=2836 2780 168 2612 2228 136 1327 901 93 808 811 77 384 291 151 93 61
is_linear=0
shrinkage=0.03


Tree=75
num_leaves=31
num_cat=0
split_feature=13 15 12 1 3 13 17 12 12 12 6 17 18 3 8 1 17 1 13 12 3 6 12 12 1 3 4 12 8 3
split_gain=24.6803 24.9252 26.1348 46.8055 16.371 16.1709 10.837 11.8629 13.8388 8.5021 6.649 5.90157 5.66605 5.41382 4.57633 4.74098 4.47739 4.26808 3.91915 3.86255 3.97078 6.36392 3.08165 3.04515 2.76681 1.77131 5.89588 1.32401 0.257507 0.129945
threshold=1.7265202247191029 -0.90439325842696572 -0.84897078651685465 0.18615000000000001 0.31860000000000005 2.8250528089887639 0.05910561797752812 -1.5672831460674155 -1.2398275280898881 1.1112595505617977 0.048750000000000009 -0.0073202247191011252 3.5000000000000004 0.028200000000000006 0.20000000000000004 0.091100000000000014 0.044445505617977561 0.091100000000000014 -3.9884471910112356 1.5263157303370785 0.011100000000000002 -0.014399999999999998 0.85598988764045292 0.71181573033707946 0.068750000000000019 0.018400000000000003 0.10385000000000001 1.1112595505617977 0.19280000000000003 0.011100000000000002
decision_type=2 2 2 2 2 2 2 2 2 2 2 2 2 2 2 2 2 2 2 2 2 2 2 2 2 2 2 2 2 2
left_child=1 2 3 -1 5 19 7 16 -9 13 12 -10 29 -7 15 -11 17 -3 -18 20 23 -22 -14 -2 -15 28 -27 -6 -12 -4
right_child=4 6 10 -5 27 9 -8 8 11 14 25 -13 22 24 -16 -17 18 -19 -20 -21 21 -23 -24 -25 -26 26 -28 -29 -30 -31
leaf_value=0.04204435881068732 -0.010394116763025523 0.0095096086738311551 0.0021360417976975439 -0.0059185602776706215 0.0060458530300820709 -0.0017450759707329175 -0.013178535491099645 -0.020580641320773533 -0.005967410718785377 0.0023039148587488778 0.0093150900062173598 0.0003856684990385166 -0.0012451365572939577 0.016248735126394492 -0.011909289364988097 -0.0046495201179547413 0.0036063008787683565 0.0025226304163354345 -0.009167189688698665 -0.001443686588961435 -0.017671788003689681 -0.0061860364719432117 0.0065106072429670092 -0.02071788996985803 0.0047153166277954977 0.023461509541638437 0.0065106072429670092 0.014432641970682501 0.0065106072429670092 0.0065106072429670092
leaf_weight=47 60 153 30 30 32 54 58 35 177 137 30 513 228 39 49 248 52 162 37 57 52 263 31 45 36 31 35 36 30 77
leaf_count=47 60 153 30 30 32 54 58 35 177 137 30 513 228 39 49 248 52 162 37 57 52 263 31 45 36 31 35 36 30 77
internal_value=0 0.00194296 0.00710532 0.0233575 -0.00377513 -0.00470758 -0.000531662 0.000118044 -0.00217753 -0.00126427 0.00456178 -0.00124403 0.00251552 0.00549781 -0.00327419 -0.00217518 0.00423757 0.00591631 -0.00170403 -0.0087717 -0.00976622 -0.0080821 1.11072e-05 -0.0148186 0.0107127 0.0105057 0.0138972 0.0104859 0.00677509 0.00651061
internal_weight=0 1756 569 77 1108 1040 1187 1129 725 563 492 690 366 129 434 385 404 315 89 477 420 315 259 105 75 126 66 68 60 107
internal_count=2864 1756 569 77 1108 1040 1187 1129 725 563 492 690 366 129 434 385 404 315 89 477 420 315 259 105 75 126 66 68 60 107
is_linear=0
shrinkage=0.03


Tree=76
num_leaves=19
num_cat=0
split_feature=6 7 0 13 4 7 15 0 6 16 16 15 1 17 15 17 17 12
split_gain=23.5087 24.811 31.4067 19.9924 19.0725 10.7183 10.4403 10.3792 11.7287 6.40284 5.39398 2.54838 1.72893 1.69349 1.68911 0.888857 7.50868 0.402878
threshold=-0.014399999999999998 -0.36019999999999991 0.45575000000000004 1.7265202247191029 0.27155000000000001 -0.35034999999999994 10.523291011235957 0.29825000000000007 0.015400000000000002 -5.8954191011236494 -79.803649438202271 -3.1038719101123493 0.0059000000000000016 -0.020324157303370779 -9.9038932584269634 0.0027814606741572994 -0.015320224719101131 -0.88332752808988768
decision_type=2 2 2 2 2 2 2 2 2 2 2 2 2 2 2 2 2 2
left_child=4 2 7 6 5 13 15 12 -9 -4 -8 -7 -2 14 -1 16 -3 -10
right_child=1 3 9 -5 -6 11 10 8 17 -11 -12 -13 -14 -15 -16 -17 -18 -19
leaf_value=-0.0029354289898665497 0.005753648999757866 0.0021503222972699557 0.033429489458212627 -0.0029354289898665497 -0.028658888096159154 -0.016787437096438627 0.0021503222972699557 0.005753648999757866 0.013111856443926609 0.0162442986253649 -0.0029354289898665497 -0.0084448308969030574 0.0021503222972699557 -0.0029354289898665497 -0.0081987891693755376 0.0021503222972699557 -0.0029354289898665497 0.0094327527218422361
leaf_weight=33 69 124 32 637 33 52 89 63 38 50 227 49 400 219 41 414 199 95
leaf_count=33 69 124 32 637 33 52 89 63 38 50 227 49 400 219 41 414 199 95
internal_value=0 0.00088006 0.00543307 -0.00113242 -0.00675092 -0.00491599 0.00178737 0.003273 0.00935698 0.0229507 -0.00293543 -0.0134621 0.00215032 -0.00293543 -0.00786357 0.00215032 -0.00104852 0.0131119
internal_weight=0 2437 747 1690 427 394 1053 665 196 82 316 101 469 293 74 737 323 133
internal_count=2864 2437 747 1690 427 394 1053 665 196 82 316 101 469 293 74 737 323 133
is_linear=0
shrinkage=0.03


Tree=77
num_leaves=30
num_cat=0
split_feature=12 15 1 7 12 12 1 17 8 1 7 15 12 12 17 16 4 7 8 12 0 6 6 17 18 1 0 7 0
split_gain=22.4119 32.812 44.6648 19.3637 17.1099 15.8011 12.9391 10.9074 12.536 15.8758 6.87446 6.57546 7.4752 14.3976 4.53068 3.71138 3.48527 4.21134 3.09914 3.0761 2.88703 2.68463 2.43983 3.90788 1.20452 1.17466 1.15942 0.450325 0.312901
threshold=-0.77568426966292126 -3.1038719101123493 0.14630000000000001 -0.44029999999999997 -0.14738202247190732 -1.9340101123595479 0.019500000000000003 -0.0035544943820224602 0.19965000000000002 0.091100000000000014 -0.31124999999999997 1.0000000180025095e-35 -1.5672831460674155 -1.0029707865168562 -0.0053241573033707959 32.901350561797763 0.41790000000000005 -0.46799999999999992 0.19365000000000002 -1.911510112359547 0.29825000000000007 -0.0012499999999999996 0.046400000000000004 0.0062775280898876304 4.5000000000000009 0.091100000000000014 0.14790000000000003 -0.3098999999999999 0.42035000000000006
decision_type=2 2 2 2 2 2 2 2 2 2 2 2 2 2 2 2 2 2 2 2 2 2 2 2 2 2 2 2 2
left_child=1 2 -1 16 14 6 -3 8 9 -6 -10 25 19 -14 18 21 17 -2 20 -13 -5 -9 23 -16 -18 27 -19 -7 -27
right_child=3 5 -4 4 7 11 -8 15 10 -11 -12 12 13 -15 22 -17 24 26 -20 -21 -22 -23 -24 -25 -26 28 -28 -29 -30
leaf_value=0.050324080581776794 0.019391428195012848 0.0044606199930422004 0.001800137208284516 -0.015205235875773724 0.0017451843485243475 0.014256964353753574 -0.019969227974116804 -0.0067758296047603439 -0.0072735280138978816 -0.0053469838057844232 -0.018491409108228982 0.010317473270132074 -0.019972830291305269 0.0010752316434825822 -0.0041040509367337467 -0.0069237056716034808 0.0063690970381718144 0.0063690970381718144 -0.020083540957421063 0.0033546790915875576 -0.0076160009237890109 0.0017451843485243475 -0.00030214193764687428 -0.013718659250989113 0.0017451843485243475 0.0042854434214532377 0.011479497636901214 0.0094396739501145573 0.0086183446235954756
leaf_weight=31 32 32 38 30 281 40 50 42 48 525 75 70 35 178 75 45 52 39 38 310 98 407 53 59 50 30 40 31 30
leaf_count=31 32 32 38 30 281 40 50 42 48 525 75 70 35 178 75 45 52 39 38 310 98 407 53 59 50 30 40 31 30
internal_value=0 0.00374545 0.0236007 -0.00201592 -0.00304102 0.00204568 -0.0104356 -0.00157443 -0.00349377 -0.00213239 -0.0124147 0.00345931 0.00211554 -0.00238337 -0.00895307 0.00174518 0.00653139 0.01021 -0.0125604 0.0046373 -0.0103269 0.00174518 -0.00575087 -0.00790596 0.00252816 0.00954215 0.00649099 0.0121536 0.00645189
internal_weight=0 875 69 1989 1776 806 82 1423 929 806 123 724 593 213 353 494 213 111 166 380 128 449 187 134 102 131 79 71 60
internal_count=2864 875 69 1989 1776 806 82 1423 929 806 123 724 593 213 353 494 213 111 166 380 128 449 187 134 102 131 79 71 60
is_linear=0
shrinkage=0.03


Tree=78
num_leaves=31
num_cat=0
split_feature=13 15 12 7 13 3 17 12 12 16 3 16 12 0 7 7 13 3 7 16 16 12 8 3 3 3 13 12 4 3
split_gain=21.6995 22.4635 22.7623 17.0094 13.4524 13.2679 9.56006 10.3841 12.267 10.6013 7.13657 6.52046 7.30464 5.02865 5.253 4.95561 4.21941 3.95273 3.86602 3.61472 4.18037 2.96034 3.00926 2.76456 1.83626 1.67153 1.44806 1.16241 0.868241 0.763453
threshold=1.7265202247191029 -0.90439325842696572 -1.2398275280898881 -0.36019999999999991 2.8921573033707877 0.033000000000000008 0.05910561797752812 -1.5672831460674155 -1.2398275280898881 -25.922139325842746 0.31860000000000005 10.815749438202376 0.85598988764045292 0.45575000000000004 -0.44479999999999992 -0.28939999999999994 -3.9134471910112358 0.016050000000000005 -0.29124999999999995 32.901350561797763 24.028249438202298 2.0298039325842727 0.19550000000000003 0.013600000000000003 0.077300000000000021 0.013600000000000003 -0.40309382022472023 1.1377595505617999 0.45180000000000003 0.037600000000000001
decision_type=2 2 2 2 2 2 2 2 2 2 2 2 2 2 2 2 2 2 2 2 2 2 2 2 2 2 2 2 2 2
left_child=1 2 5 10 15 -1 7 16 -9 -10 13 18 26 14 28 19 24 -17 25 20 -5 -6 -23 -18 -3 -4 -13 -12 -2 -21
right_child=3 6 11 4 21 -7 -8 8 9 -11 27 12 -14 -15 -16 17 23 -19 -20 29 -22 22 -24 -25 -26 -27 -28 -29 -30 -31
leaf_value=0.011354832101899843 0.0042023954218603663 -0.0073747799367023005 0.0055583983994166681 -0.005382436145787481 -0.002423616301327616 0.037891990132629866 -0.012388029734379257 -0.019373645718608584 -0.0092726560095325108 0.00053797487902920694 0.0065595311112701896 0.0036043558962410315 0.011700049533136189 0.0099976075109780606 -0.002423616301327616 -0.012239276455289352 0.001212327763946219 -0.025087170604616401 0.00084357086978852742 -0.0072692360330838708 -0.012239276455289352 -0.004213172865676738 -0.015396204753355546 0.0072042758149614963 0.0020802157482218094 0.011657638507611999 -0.0022887103858425521 0.014779320600209757 0.00088938956026637494 -0.002423616301327616
leaf_weight=39 38 36 32 116 196 30 58 35 120 570 30 48 50 38 224 54 99 30 50 30 152 63 33 231 38 148 172 32 35 37
leaf_count=39 38 36 32 116 196 30 58 35 120 570 30 48 50 38 224 54 99 30 50 30 152 63 33 231 38 148 172 32 35 37
internal_value=0 0.00183965 0.00674044 -0.00352203 -0.00629954 0.0228927 -0.000509597 0.000100632 -0.0020471 -0.00116822 0.00145231 0.00451143 0.00134946 -0.000278082 -0.00159282 -0.00979841 0.00395486 -0.0163139 0.0082233 -0.00816468 -0.00972695 -0.00242362 -0.00805734 0.00540669 -0.00251951 0.0102732 -0.00100295 0.010802 0.0042024 -0.00242362
internal_weight=0 1756 569 1108 711 69 1187 1129 725 690 397 500 270 335 297 419 404 84 230 335 268 292 96 330 74 180 220 62 73 67
internal_count=2864 1756 569 1108 711 69 1187 1129 725 690 397 500 270 335 297 419 404 84 230 335 268 292 96 330 74 180 220 62 73 67
is_linear=0
shrinkage=0.03


Tree=79
num_leaves=20
num_cat=0
split_feature=6 7 4 13 16 0 14 7 3 3 7 0 17 5 16 7 17 7 16
split_gain=21.2683 21.7872 17.8872 13.8353 13.2649 18.0449 24.0356 9.93576 7.66165 7.77913 12.4889 7.42397 6.22646 4.70327 4.11213 2.0312 1.52753 0.774511 0.345042
threshold=-0.014399999999999998 -0.33849999999999997 0.27155000000000001 1.7265202247191029 -29.349859550561913 0.29825000000000007 0.090631460674157352 -0.35034999999999994 0.4391000000000001 0.049800000000000004 -0.35034999999999994 0.57005000000000006 0.048605617977528111 0.30945000000000006 -50.577649438202279 -0.33334999999999998 -0.020324157303370779 -0.35874999999999996 38.352350561797728
decision_type=2 2 2 2 2 2 2 2 2 2 2 2 2 2 2 2 2 2 2
left_child=2 4 7 12 5 14 17 16 9 10 -6 -11 13 -3 -2 -9 18 -7 -1
right_child=1 3 -4 -5 8 6 -8 15 -10 11 -12 -13 -14 -15 -16 -17 -18 -19 -20
leaf_value=-0.0078139217851240714 0.0013095167691890995 0.0013095167691890995 -0.027611595527692271 -0.0027661891540788721 0.019618942508074853 0.015552189232360934 0.042608106229454275 -0.0087903903197083209 0.017302755658184329 0.0013095167691890995 0.0013095167691890995 0.010489480119547806 -0.0027661891540788721 -0.0027661891540788721 0.010771815099773176 -0.016114959060344314 -0.0027661891540788721 0.010771815099773176 -0.0048015207996691713
leaf_weight=39 43 743 33 529 56 31 30 54 31 646 45 80 85 51 30 47 219 37 35
leaf_count=39 43 743 33 529 56 31 30 54 31 646 45 80 85 51 30 47 219 37 35
internal_value=0 0.000862942 -0.00639532 -0.00156199 0.00418103 0.0118108 0.0202341 -0.00461832 0.00266041 0.00211155 0.00994583 0.00130952 0.00129443 0.00130952 0.00130952 -0.0128617 -0.00276619 0.0107718 -0.00750478
internal_weight=0 2437 427 1408 1029 171 98 394 858 827 101 726 879 794 73 101 293 68 74
internal_count=2864 2437 427 1408 1029 171 98 394 858 827 101 726 879 794 73 101 293 68 74
is_linear=0
shrinkage=0.03


Tree=80
num_leaves=18
num_cat=0
split_feature=0 3 8 6 3 3 8 17 1 6 3 13 3 3 3 1 5
split_gain=24.152 18.1565 14.408 14.0234 25.7344 23.9647 12.3696 18.8703 15.3874 14.2408 5.49976 4.22455 3.15243 2.78515 3.43081 1.06117 0.817016
threshold=1.0000000180025095e-35 0.062800000000000009 0.20155000000000003 -0.014399999999999998 0.013850000000000001 0.04735000000000001 0.19365000000000002 0.046605617977528137 0.10295000000000001 0.015400000000000002 0.077300000000000021 -0.30544719101123613 0.0070500000000000007 0.11740000000000002 0.15970000000000004 0.018300000000000004 0.20865000000000003
decision_type=2 2 2 2 2 2 2 2 2 2 2 2 2 2 2 2 2
left_child=11 2 3 12 16 -6 7 8 10 -8 -3 -1 -2 -11 -15 -4 -5
right_child=1 6 15 4 5 -7 9 -9 -10 13 -12 -13 -14 14 -16 -17 -18
leaf_value=-0.02646625432593282 -0.0024166230163867918 0.018006046653381024 -0.0053048244582804601 0.00019234009672720878 0.0091176394328173014 -0.0024166230163867918 -0.009417522263126395 0.02364672028236901 0.0016760406611301759 0.0016760406611301759 0.0069865038049172845 -0.010796151077374815 -0.0053048244582804601 -0.0042069730039347667 0.0012236628234667717 -0.009417522263126395 -0.0024166230163867918
leaf_weight=32 63 46 87 229 407 81 46 46 348 102 358 30 289 73 149 30 412
leaf_count=32 63 46 87 229 407 81 46 46 348 102 358 30 289 73 149 30 412
internal_value=0 4.89018e-05 -0.00202909 -0.00119213 0.000471578 0.00575404 0.00289191 0.00499413 0.00385314 -0.00164204 0.0082412 -0.0188839 -0.00530482 0.00100358 -0.001781 -0.00941752 -0.00241662
internal_weight=0 2766 1598 1481 1129 488 1168 798 752 370 404 62 352 324 222 117 641
internal_count=2828 2766 1598 1481 1129 488 1168 798 752 370 404 62 352 324 222 117 641
is_linear=0
shrinkage=0.03


Tree=81
num_leaves=16
num_cat=0
split_feature=0 3 7 12 8 1 3 1 8 15 3 7 3 16 1
split_gain=22.601 17.3108 21.0165 15.5175 12.1176 14.4583 15.538 8.7254 13.3379 8.46153 8.15039 5.85811 5.01803 3.77665 0.832807
threshold=1.0000000180025095e-35 0.062800000000000009 -0.43159999999999993 -2.084010112359548 0.20155000000000003 0.033250000000000009 0.018400000000000003 0.093850000000000003 0.19900000000000004 -6.3738668539325838 0.080850000000000019 -0.39794999999999997 0.077300000000000021 7.7131404494380726 0.018300000000000004
decision_type=2 2 2 2 2 2 2 2 2 2 2 2 2 2 2
left_child=13 2 -2 -3 5 6 -4 8 12 -7 -9 -12 -5 -1 -6
right_child=1 3 4 7 14 9 -8 10 -10 -11 11 -13 -14 -15 -16
leaf_value=-0.025964462898671627 0.017732150990595209 0.018956182279130991 8.6619519369401306e-05 0.015397621212947752 -0.0054953798493299934 -0.0054953798493299934 0.0075508179273900489 -0.0091600091122482005 0.0013085133237369178 -0.0011177805570782983 0.0013085133237369178 -0.0048786495262947002 0.0062190093772369441 -0.011148332674638368 -0.0091600091122482005
leaf_weight=30 47 51 270 62 87 472 62 56 248 630 208 147 396 32 30
leaf_count=30 47 51 270 62 87 472 62 56 248 630 208 147 396 32 30
internal_value=0 -2.59028e-06 -0.00203161 0.00277342 -0.00263052 -0.00183075 0.00365741 0.00203455 0.00405759 -0.00348417 -0.00144057 0.00030851 0.00746153 -0.0183174 -0.00916001
internal_weight=0 2766 1598 1168 1551 1434 332 1117 706 1102 411 355 458 62 117
internal_count=2828 2766 1598 1168 1551 1434 332 1117 706 1102 411 355 458 62 117
is_linear=0
shrinkage=0.03


Tree=82
num_leaves=19
num_cat=0
split_feature=0 7 1 7 4 15 4 15 6 13 6 5 8 8 7 6 7 5
split_gain=21.2385 16.2205 19.3013 19.3241 11.0209 9.32317 8.37871 6.08762 4.23631 3.84805 3.80572 3.73662 2.94152 1.86779 1.57838 1.33374 0.330768 0.237603
threshold=1.0000000180025095e-35 -0.43159999999999993 0.093850000000000003 -0.31124999999999997 0.41790000000000005 -6.4344589887640451 0.22315000000000004 -10.569524719101123 0.025850000000000005 -0.30544719101123613 0.025850000000000005 0.37200000000000005 0.16510000000000002 0.20000000000000004 -0.32039999999999996 0.069650000000000017 -0.3088499999999999 0.20865000000000003
decision_type=2 2 2 2 2 2 2 2 2 2 2 2 2 2 2 2 2 2
left_child=9 4 3 -3 11 7 16 14 -8 -1 -9 -2 -13 17 -4 -6 -7 -5
right_child=1 2 5 13 15 6 8 10 -10 -11 -12 12 -14 -15 -16 -17 -18 -19
leaf_value=-0.025004454072914087 0.020124411757948785 0.0030234976807307049 -0.0012134384183052514 0.00090502963121272685 0.0030234976807307049 -0.0012134384183052514 -0.0088908048271249349 -0.0088908048271249349 -0.0050521216227150927 -0.010048919580876826 -0.0012134384183052514 0.014895961595655873 0.0078344009608785885 -0.0012134384183052514 -0.0074101764700608324 0.0078344009608785885 -0.0048872033703341103 -0.00011648443062801048
leaf_weight=32 43 736 108 281 84 387 62 269 39 30 32 45 63 178 40 45 107 247
leaf_count=32 43 736 108 281 84 387 62 269 39 30 32 45 63 178 40 45 107 247
internal_value=0 -1.37045e-05 -0.000784708 0.00146451 0.0068317 -0.00389139 -0.00142865 -0.00715492 -0.0088908 -0.0177679 -0.0088908 0.0126453 0.00966751 -0.00121344 -0.00209662 0.0030235 -0.00121344 0.00090503
internal_weight=0 2766 2486 1442 280 1044 595 449 101 62 301 151 108 706 148 129 494 528
internal_count=2828 2766 2486 1442 280 1044 595 449 101 62 301 151 108 706 148 129 494 528
is_linear=0
shrinkage=0.03


Tree=83
num_leaves=13
num_cat=0
split_feature=0 7 6 3 3 12 8 7 3 7 13 16
split_gain=19.9755 15.6937 17.8844 10.7343 9.85286 9.31757 12.2225 11.1929 5.444 5.20354 3.62063 1.38287
threshold=1.0000000180025095e-35 -0.28354999999999991 0.021150000000000006 0.13455000000000003 0.016750000000000004 -2.0460101123595478 0.14540000000000003 -0.31599999999999995 0.033000000000000008 -0.43159999999999993 -0.30544719101123613 31.104215730336993
decision_type=2 2 2 2 2 2 2 2 2 2 2 2
left_child=10 2 3 9 11 7 -7 -4 -8 -2 -1 -3
right_child=1 4 5 -5 -6 6 8 -9 -10 -11 -12 -13
leaf_value=-0.024254320070031098 0.00056945096459920931 -0.0029172764417668569 0.026091477726312241 0.00056945096459920931 -0.0086257606691663418 0.021477792724967002 0.00056945096459920931 0.0011668605958261797 0.0036443344282324711 -0.0029172764417668569 -0.009747452173382045 -0.0086257606691663418
leaf_weight=32 64 169 34 161 80 30 411 31 823 920 30 43
leaf_count=32 64 169 34 161 80 30 411 31 823 920 30 43
internal_value=0 -1.66535e-05 0.000759682 -0.00198833 -0.00659423 0.00312723 0.0025576 0.0142044 0.00209763 -0.00291728 -0.0172349 -0.00291728
internal_weight=0 2766 2474 1145 292 1329 1264 65 1234 984 62 212
internal_count=2828 2766 2474 1145 292 1329 1264 65 1234 984 62 212
is_linear=0
shrinkage=0.03


Tree=84
num_leaves=13
num_cat=0
split_feature=0 8 1 3 3 12 6 18 13 3 13 4
split_gain=18.777 14.9777 20.3295 16.6439 19.586 11.5543 11.4999 5.57097 3.40665 2.10748 1.70604 0.439564
threshold=1.0000000180025095e-35 0.20155000000000003 0.093850000000000003 0.018400000000000003 0.021000000000000001 -1.911510112359547 0.024450000000000003 3.5000000000000004 -0.30544719101123613 0.22055000000000002 -3.2082404494382035 0.17430000000000004
decision_type=2 2 2 2 2 2 2 2 2 2 2 2
left_child=8 2 3 -2 -5 -6 10 -3 -1 -9 11 -4
right_child=1 7 6 4 5 -7 -8 9 -10 -11 -12 -13
leaf_value=-0.023526690404978581 0.00075561091898235938 -0.0029499633571507611 -0.0010971762190842009 0.025272060230212369 0.019175952235046697 0.004101140047481161 0.00075561091898235938 -0.0083709859269468657 -0.0094550284413853665 -0.0029499633571507611 -0.0029499633571507611 -0.0029499633571507611
leaf_weight=32 438 62 118 46 49 692 270 182 30 35 835 39
leaf_count=32 438 62 118 46 49 692 270 182 30 35 835 39
internal_value=0 -2.41501e-05 0.000715254 0.00346827 0.00627716 0.00509799 -0.00195705 -0.00661518 -0.0167178 -0.00837099 -0.00294996 -0.00109718
internal_weight=0 2766 2487 1225 787 741 1262 279 62 217 992 157
internal_count=2828 2766 2487 1225 787 741 1262 279 62 217 992 157
is_linear=0
shrinkage=0.03


Tree=85
num_leaves=22
num_cat=0
split_feature=14 17 2 15 12 5 8 8 17 6 14 7 18 17 18 3 3 7 15 15 14
split_gain=15.6739 13.837 16.8032 13.7445 21.2927 23.5824 12.977 11.6591 8.29579 10.2677 6.82315 6.39779 6.37811 5.14249 4.29185 4.25751 3.70058 3.00686 2.45856 2.15664 1.57452
threshold=-0.35131348314606736 -0.0035544943820224602 0.13485000000000003 -0.48236685393258488 -0.86468426966292344 0.31030000000000008 0.20170000000000002 0.20000000000000004 -0.012218539325842713 0.023600000000000006 -0.083584269662921359 -0.31124999999999997 3.5000000000000004 0.05910561797752812 4.5000000000000009 0.016750000000000004 0.11370000000000001 -0.3885499999999999 0.032698876404494655 10.523291011235957 -0.43491348314606731
decision_type=2 2 2 2 2 2 2 2 2 2 2 2 2 2 2 2 2 2 2 2 2
left_child=17 7 3 4 5 -3 13 8 9 10 -2 -9 -6 -5 18 -13 -11 -1 -10 -8 -19
right_child=1 2 -4 6 12 -7 19 11 14 16 -12 15 -14 -15 -16 -17 -18 20 -20 -21 -22
leaf_value=-0.0031457670794233028 0.0012197075885407615 0.040067322718746523 -0.017597974156205717 0.0027960457325149567 0.0091289145569002396 0.0064581386532102311 -0.0026948515553311143 -0.0057581088986884289 0.0026828748762388437 0.0072582881043140018 -0.0044017336781363627 -0.010894775706063979 0.0012940333327040165 -0.0026948515553311143 -0.0057581088986884289 -0.021737100372967475 0.0012197075885407615 -0.015942184272118739 -0.0046211750059673151 -0.0073437396887208089 -0.0088235978469260613
leaf_weight=46 207 34 37 656 148 42 47 50 85 191 395 31 254 45 155 51 154 54 81 48 58
leaf_count=46 207 34 37 656 148 42 47 50 85 191 395 31 254 45 155 51 154 54 81 48 58
internal_value=0 0.000116861 0.00233169 0.00291049 0.00693158 0.0214938 0.000495824 -0.00195717 -0.00107385 0.000338907 -0.00202589 -0.0104424 0.00417852 0.00195404 -0.00524171 -0.0160314 0.0044653 -0.00960349 -0.000881149 -0.00734374 -0.0122558
internal_weight=0 2711 1311 1274 478 76 796 1400 1268 947 602 132 402 701 321 82 345 158 166 95 112
internal_count=2869 2711 1311 1274 478 76 796 1400 1268 947 602 132 402 701 321 82 345 158 166 95 112
is_linear=0
shrinkage=0.03


Tree=86
num_leaves=30
num_cat=0
split_feature=13 15 2 12 1 7 1 8 16 8 7 13 3 1 16 3 1 16 16 12 8 3 8 2 7 2 12 13 13
split_gain=15.3795 23.0852 18.5469 18.9821 21.3569 16.198 14.0025 13.8501 12.7425 12.0832 7.80162 6.92427 6.27895 6.10786 4.31204 5.16849 4.29374 3.80809 3.35824 6.24529 2.95597 2.50367 2.43154 2.02107 1.94844 1.63016 0.709757 0.691479 0.278089
threshold=1.7265202247191029 -0.90439325842696572 0.066450000000000023 -1.2398275280898881 0.14630000000000001 -0.31124999999999997 0.076250000000000012 0.20170000000000002 -41.099750561797627 0.20170000000000002 -0.3885499999999999 2.8250528089887639 0.11480000000000001 0.34970000000000007 -54.493149438202259 0.016050000000000005 0.033250000000000009 26.560249438202337 10.815749438202376 0.85598988764045292 0.17485000000000003 0.019050000000000001 0.19835000000000003 0.00015000000000000004 -0.31124999999999997 0.00015000000000000004 0.71181573033707946 2.8443550561797761 2.8250528089887639
decision_type=2 2 2 2 2 2 2 2 2 2 2 2 2 2 2 2 2 2 2 2 2 2 2 2 2 2 2 2 2
left_child=1 2 3 4 -1 6 12 13 -9 11 25 17 23 14 15 -3 -16 -7 22 -20 -14 -15 -5 28 -10 -8 -19 -22 -2
right_child=5 7 -4 18 -6 9 10 8 24 -11 -12 -13 20 21 16 -17 -18 26 19 -21 27 -23 -24 -25 -26 -27 -28 -29 -30
leaf_value=0.041354601234197617 0.011254998590797186 -0.0022283334180678892 -0.015594766830856147 0.0098105812495006099 0.0068599129659788942 -0.0048325689975090621 0.00037122196482524864 -0.02769279852602631 -0.0053839979241388893 -0.024261952929664401 -0.0048325689975090621 -0.0048325689975090621 0.0099707573857158414 -0.0022283334180678892 0.0037868450313124436 0.010242062133024721 -0.0011834133600188397 -0.011245755503575008 0.00061097223599700578 0.012597735650678241 0.00037122196482524864 -0.0053839979241388893 0.0027781494118083836 0.0043048574266140345 -0.012582899914397035 -0.0022306735163419062 -0.015458112961918997 0.0037913530743541889 0.01509688974931263
leaf_weight=30 30 34 33 177 35 38 183 30 55 40 278 153 30 69 213 85 589 36 194 49 78 82 59 32 34 39 58 67 39
leaf_count=30 30 34 33 177 35 38 183 30 55 40 278 153 30 69 213 85 589 36 194 49 78 82 59 32 34 39 58 67 39
internal_value=0 0.00131808 0.00624317 0.0075679 0.0227805 -0.00319865 -0.000843766 -0.00106797 -0.0107779 -0.00882137 -0.00383784 -0.00665427 0.00458029 9.90746e-06 0.000927331 0.00625634 0.000136618 -0.0122066 0.00550355 0.00302806 0.00114272 -0.005384 0.00805247 0.0105365 -0.005384 0.000371222 -0.0154542 0.000371222 0.0134265
internal_weight=0 1768 577 544 65 1101 776 1191 119 325 500 285 276 1072 921 119 802 132 479 243 175 151 236 101 89 222 94 145 69
internal_count=2869 1768 577 544 65 1101 776 1191 119 325 500 285 276 1072 921 119 802 132 479 243 175 151 236 101 89 222 94 145 69
is_linear=0
shrinkage=0.03


Tree=87
num_leaves=31
num_cat=0
split_feature=13 15 0 12 6 14 8 7 15 6 3 13 17 7 17 6 7 3 6 18 17 12 7 3 6 14 17 3 12 3
split_gain=14.5777 21.7249 17.3439 31.5679 19.2528 15.6408 12.8406 10.8487 10.2616 8.22951 6.37151 7.01592 6.22377 6.95007 5.46098 5.11411 4.50127 6.00506 4.12198 3.10594 2.14391 2.09383 2.65058 1.99 4.5465 1.60736 1.53906 1.09413 1.0831 0.732807
threshold=1.7265202247191029 -0.90439325842696572 0.097850000000000006 -0.84897078651685465 0.010800000000000002 0.048586516853932622 0.20170000000000002 -0.44879999999999992 10.523291011235957 -0.014399999999999998 0.011600000000000001 2.8250528089887639 -0.004324157303370795 -0.36019999999999991 -0.017320224719101131 0.025850000000000005 -0.31124999999999997 0.016650000000000002 0.050800000000000005 3.5000000000000004 0.0022775280898876264 1.541315730337079 -0.3088499999999999 0.098450000000000024 0.022500000000000003 -0.026868539325842707 -0.0035544943820224602 0.12705000000000002 -0.053882022471908535 0.061000000000000006
decision_type=2 2 2 2 2 2 2 2 2 2 2 2 2 2 2 2 2 2 2 2 2 2 2 2 2 2 2 2 2 2
left_child=1 2 -1 4 -4 7 9 -2 -8 28 21 15 -11 -14 16 -12 23 -18 19 -5 26 22 -9 24 -7 -20 -16 -25 -3 -28
right_child=5 6 3 18 -6 14 8 10 -10 12 11 -13 13 -15 20 -17 17 -19 25 -21 -22 -23 -24 27 -26 -27 29 -29 -30 -31
leaf_value=-0.009808801632773664 0.006932502401878639 -0.0051923500875770872 0.010381367775526913 0.0068047604135808293 0.042321162624018534 0.00013695861183186158 -0.0051923500875770872 -0.0095228885263204579 -0.020373539034691121 -0.002001740733355831 -0.012028965753062998 -0.00044933088139603071 0.0076267280128965295 0.00077188654214535883 0.0027284728116481688 -0.0038478482264595534 -0.0031389101091679663 -0.01686704219939808 0.013227595637727062 0.0013989294494478766 0.00020293164614807157 -0.0072730486786791258 -0.018965123603120443 -0.0031389101091679663 0.012358609743258806 0.0068047604135808293 0.0072236588959183005 0.00086549490615124656 -0.002001740733355831 0.013362652020795004
leaf_weight=56 49 132 33 114 35 141 65 45 54 248 146 93 188 456 37 130 63 36 64 238 51 42 66 36 34 37 35 62 48 35
leaf_count=56 49 132 33 114 35 141 65 45 54 248 146 93 188 456 37 130 63 36 64 238 51 42 66 36 34 37 35 62 48 35
internal_value=0 0.00127809 0.00605587 0.0077611 0.026821 -0.00311932 -0.00103659 -0.00656423 -0.010386 1.25628e-06 -0.00783116 -0.00569694 0.00118887 0.00277299 0.000592078 -0.00817554 -0.00139253 -0.00687254 0.00490002 0.00336711 0.00526471 -0.0129784 -0.0151372 0.000594722 0.00251145 0.0102424 0.00767733 -0.00282801 -0.00519235 0.0102932
internal_weight=0 1768 577 521 68 1101 1191 571 119 1072 522 369 892 644 530 276 372 99 453 352 158 153 111 273 175 101 107 98 180 70
internal_count=2869 1768 577 521 68 1101 1191 571 119 1072 522 369 892 644 530 276 372 99 453 352 158 153 111 273 175 101 107 98 180 70
is_linear=0
shrinkage=0.03


Tree=88
num_leaves=23
num_cat=0
split_feature=7 3 17 15 16 7 3 4 14 16 17 15 17 7 17 18 8 1 1 3 6 3
split_gain=14.1785 28.6041 14.8782 12.3297 14.5963 10.0582 12.9983 8.86603 15.6639 8.86542 8.08616 6.18449 5.07155 4.72928 3.83988 2.98 2.65173 2.58093 2.48686 1.75617 0.977648 0.505142
threshold=-0.28354999999999991 0.016750000000000004 -0.0013202247191011205 -0.48236685393258488 8.8318606741572143 -0.43159999999999993 0.11370000000000001 0.27155000000000001 0.17668651685393275 32.901350561797763 0.044445505617977561 -3.1038719101123493 0.030277528089887654 -0.44879999999999992 0.0011758426966292093 3.5000000000000004 0.1867 0.55480000000000007 0.033250000000000009 0.31860000000000005 -0.016649999999999998 0.011100000000000002
decision_type=2 2 2 2 2 2 2 2 2 2 2 2 2 2 2 2 2 2 2 2 2 2
left_child=2 -2 5 4 7 6 17 8 -4 15 12 -3 13 -5 -6 21 -14 -1 -16 -8 -11 -7
right_child=1 11 3 10 14 9 19 -9 -10 20 -12 -13 16 -15 18 -17 -18 -19 -20 -21 -22 -23
leaf_value=0.019589837232174782 -0.0031834695872714571 -0.031170338855401887 0.0091577906723001156 0.010334204266975192 0.0087702223995270636 -0.0022944089102667647 0.00042222186784801136 -8.2980554837446944e-07 0.028920880063013594 -0.0031834695872714571 -0.0031834695872714571 -0.014613672690466047 0.011340527540072799 -0.00076713355937554917 0.0038072590338997544 -0.0031834695872714571 0.003786075097032944 0.0085291225280663043 -0.0031834695872714571 0.006382371966182342 0.00042222186784801136 0.00042222186784801136
leaf_weight=39 209 37 105 38 52 77 117 39 55 48 126 45 60 379 70 625 138 37 100 53 236 184
leaf_count=39 209 37 105 38 52 77 117 39 55 48 126 45 60 379 70 625 138 37 100 53 236 184
internal_value=0 -0.00667635 0.000309412 0.00282526 0.00692506 -0.00175514 0.00375896 0.012825 0.0159514 -0.00291452 0.000495948 -0.0220844 0.00212173 0.000244499 0.00163633 -0.00318347 0.0060753 0.014205 -0.000545796 0.000422222 0.000422222 0.000422222
internal_weight=0 291 2578 1162 421 1416 246 199 160 1170 741 82 615 417 222 886 198 76 170 170 284 261
internal_count=2869 291 2578 1162 421 1416 246 199 160 1170 741 82 615 417 222 886 198 76 170 170 284 261
is_linear=0
shrinkage=0.03


Tree=89
num_leaves=31
num_cat=0
split_feature=13 15 2 12 1 13 8 16 7 6 1 17 7 16 7 12 7 1 8 8 6 7 1 7 17 12 15 16 18 7
split_gain=13.2866 19.8825 16.5465 15.3683 19.4863 14.0938 11.7945 11.7035 10.2685 7.73628 6.79508 5.79268 6.36331 5.48632 4.98461 4.63375 4.30838 5.29608 5.20434 3.60597 3.16238 3.41177 2.82808 2.19925 1.92561 1.7702 1.59322 1.58842 1.48503 1.37635
threshold=1.7265202247191029 -0.90439325842696572 0.066450000000000023 -1.2398275280898881 0.18320000000000003 2.8250528089887639 0.20170000000000002 -41.099750561797627 -0.31124999999999997 -0.014399999999999998 0.076250000000000012 -0.004324157303370795 -0.36019999999999991 24.028249438202298 -0.43159999999999993 1.1112595505617977 -0.31124999999999997 0.091100000000000014 0.19835000000000003 0.19855000000000003 0.050800000000000005 -0.29994999999999994 0.076250000000000012 -0.3885499999999999 0.025175842696629234 2.0298039325842727 -7.9742089887640439 32.570215730337061 4.5000000000000009 -0.36449999999999994
decision_type=2 2 2 2 2 2 2 2 2 2 2 2 2 2 2 2 2 2 2 2 2 2 2 2 2 2 2 2 2 2
left_child=1 2 3 4 -1 8 9 -8 10 -3 26 -11 -13 -10 -12 22 17 25 -18 -15 21 -5 -7 -19 -9 -17 27 -2 -22 -24
right_child=5 6 -4 20 -6 15 7 24 13 11 14 12 -14 19 -16 16 18 23 -20 -21 28 -23 29 -25 -26 -27 -28 -29 -30 -31
leaf_value=0.035922090206827434 -0.0028871681655924081 -0.0049927307343509801 -0.014851416664367371 0.0049756280726762072 0.0029726305305957795 0.0096529173402814198 -0.026191403761506079 -0.010540667199039538 -0.0084563652852336652 -0.0019275468216703904 -0.0028871681655924081 0.0073112172715024066 0.00075211593769429442 -0.013323563296118215 -0.0084563652852336652 0.0086999363928501085 -0.0027508083402970635 0.0016966099364317856 -0.0158606213621263 -0.024925559101005395 0.0068660210045202123 -0.0033901698920218381 0.0052597338538822331 -0.0027508083402970635 -0.0049927307343509801 0.0016966099364317856 0.006685924075443197 0.0041341076055541629 0.013930463944236899 -0.0029338452722999808
leaf_weight=35 62 180 33 314 30 64 30 57 46 248 49 188 456 73 170 70 89 96 35 36 71 51 30 119 32 47 37 40 43 38
leaf_count=35 62 180 33 314 30 64 30 57 46 248 49 188 456 73 170 70 89 96 35 36 71 51 30 119 32 47 37 40 43 38
internal_value=0 0.00120451 0.00577522 0.00702647 0.0207146 -0.00299365 -0.00100985 -0.00997029 -0.00662753 -1.51728e-05 -0.00383473 0.00113764 0.00266688 -0.013078 -0.00712751 0.000176733 -0.00125613 0.000525997 -0.00602761 -0.0171554 0.00516899 0.00380671 0.00512661 -0.00226914 -0.00499273 0.00566236 0.00135317 -0.000581258 0.00953068 0.00086655
internal_weight=0 1768 577 544 65 1101 1191 119 513 1072 358 892 644 155 219 588 456 332 124 109 479 365 132 215 89 117 139 102 114 68
internal_count=2869 1768 577 544 65 1101 1191 119 513 1072 358 892 644 155 219 588 456 332 124 109 479 365 132 215 89 117 139 102 114 68
is_linear=0
shrinkage=0.03


Tree=90
num_leaves=15
num_cat=0
split_feature=7 6 2 8 14 5 5 2 7 0 7 13 13 6
split_gain=13.2684 15.2085 13.1244 11.6882 7.14896 6.36217 4.29373 3.94846 6.39903 9.65429 2.16428 0.788955 1.48832 0.511333
threshold=-0.29124999999999995 0.021150000000000006 0.27755000000000002 0.20425000000000001 0.27495730337078667 0.20655000000000004 0.33285000000000003 0.0018500000000000003 -0.32839999999999997 0.30040000000000006 -0.43159999999999993 2.0710887640449429 2.8443550561797761 0.050050000000000004
decision_type=2 2 2 2 2 2 2 2 2 2 2 2 2 2
left_child=1 4 3 6 10 -3 11 8 9 -7 -1 -2 -13 -10
right_child=2 5 -4 -5 -6 7 -8 -9 13 -11 -12 12 -14 -15
leaf_value=0.00052010561718876373 -0.0022048800409024396 0.015005985697927443 -0.023502876847051084 -0.013558677972818648 0.00052010561718876373 0.0037063567998711156 -0.0078817790068605453 0.00052010561718876373 0.0019103597202788265 0.0087675813602218731 -0.0022048800409024396 -0.005043329523881492 -0.0022048800409024396 0.0037063567998711156
leaf_weight=73 241 38 32 35 280 325 34 89 291 280 820 73 64 163
leaf_count=73 241 38 32 35 280 325 34 89 291 280 820 73 64 163
internal_value=0 0.00053338 -0.00494314 -0.00361448 -0.00188873 0.00292894 -0.00220488 0.00252918 0.00330061 0.00550235 -0.00220488 -0.00220488 -0.00504333 0.00191036
internal_weight=0 2359 479 447 1173 1186 412 1148 1059 605 893 378 137 454
internal_count=2838 2359 479 447 1173 1186 412 1148 1059 605 893 378 137 454
is_linear=0
shrinkage=0.03


Tree=91
num_leaves=18
num_cat=0
split_feature=7 3 6 3 3 3 3 3 1 8 7 3 1 6 1 13 13
split_gain=12.2831 32.5448 14.099 13.4485 22.1293 8.64637 12.2767 7.69617 5.13391 4.87081 3.76412 3.13242 2.85462 2.48636 1.16886 0.156999 3.28569
threshold=-0.29124999999999995 0.023950000000000003 0.021150000000000006 0.11370000000000001 0.013850000000000001 0.021000000000000001 0.033000000000000008 0.13455000000000003 0.065400000000000014 0.20290000000000002 -0.43159999999999993 0.31860000000000005 0.10740000000000001 0.07690000000000001 0.05655000000000001 2.0710887640449429 2.8250528089887639
decision_type=2 2 2 2 2 2 2 2 2 2 2 2 2 2 2 2 2
left_child=2 9 7 4 -4 8 -7 10 -6 15 -1 -5 -3 14 -13 -2 -17
right_child=1 12 3 11 5 6 -8 -9 -10 -11 -12 13 -14 -15 -16 16 -18
leaf_value=0.00047212525422958074 -0.0021497240742628944 -0.01772008717060089 0.00047212525422958074 0.00047212525422958074 0.028048319227527825 0.00047212525422958074 0.010092422086980402 0.00047212525422958074 0.012329871957500776 -0.013666178654769764 -0.0021497240742628944 0.0066387647559696976 -0.030018781274656899 0.011353465339330874 0.00047212525422958074 -0.0079079513645163302 -0.0021497240742628944
leaf_weight=85 240 33 153 472 32 36 337 152 45 34 936 33 35 46 32 64 73
leaf_count=85 240 33 153 472 32 36 337 152 45 34 936 33 35 46 32 64 73
internal_value=0 -0.00478435 0.000484907 0.00279143 0.00600858 0.00970969 0.00782029 -0.00184718 0.0188622 -0.00214972 -0.00214972 0.000472125 -0.0240503 0.00601619 0.00223905 -0.00214972 -0.00505582
internal_weight=0 479 2359 1186 603 450 373 1173 77 411 1021 583 68 111 65 377 137
internal_count=2838 479 2359 1186 603 450 373 1173 77 411 1021 583 68 111 65 377 137
is_linear=0
shrinkage=0.03


Tree=92
num_leaves=14
num_cat=0
split_feature=7 8 1 5 12 3 6 3 1 12 7 8 2
split_gain=11.5856 24.0297 30.2044 17.2409 15.8476 19.8085 11.7206 14.7722 6.76897 6.76561 4.35059 5.6468 3.34542
threshold=-0.34549999999999997 0.20155000000000003 0.024900000000000002 0.30945000000000006 -2.084010112359548 0.11255000000000003 0.015400000000000002 0.075750000000000012 0.091100000000000014 -1.5357831460674143 -0.3098999999999999 0.20425000000000001 0.27755000000000002
decision_type=2 2 2 2 2 2 2 2 2 2 2 2 2
left_child=4 3 10 12 5 -1 -6 -8 9 -9 -3 -12 -2
right_child=1 2 -4 -5 6 -7 7 8 -10 -11 11 -13 -14
leaf_value=0.033443069681525231 -0.00026870935402492022 -0.0065235489455968791 -0.037390231332076446 -0.0065235489455968791 -0.00026870935402492022 0.00051209429332188191 0.02322614334961947 0.014719668007879095 0.0018385229100596747 0.0042480099292871139 -0.0093797704914111973 -0.020281361306414884 -0.0033961291498108997
leaf_weight=31 1132 32 35 174 558 35 34 66 239 350 69 51 32
leaf_count=31 1132 32 35 174 558 35 34 66 239 350 69 51 32
internal_value=0 -0.00219087 -0.0122641 -0.000783027 0.00165345 0.0159797 0.000895203 0.00394576 0.00294494 0.00590938 -0.00652355 -0.012236 -0.000268709
internal_weight=0 1525 187 1338 1313 66 1247 689 655 416 152 120 1164
internal_count=2838 1525 187 1338 1313 66 1247 689 655 416 152 120 1164
is_linear=0
shrinkage=0.03


Tree=93
num_leaves=29
num_cat=0
split_feature=12 15 8 2 12 12 6 3 2 6 3 6 3 8 13 6 15 3 4 8 12 1 3 1 17 13 8 17
split_gain=10.8874 13.2652 17.038 12.8883 10.8318 10.224 14.4611 7.29763 13.3136 6.3084 9.82418 5.27023 4.86285 8.07689 5.89906 4.48475 4.1942 3.95611 3.84459 3.58516 2.95367 4.02532 2.37477 2.03338 3.85129 1.7995 1.61093 1.11986
threshold=-0.77568426966292126 10.523291011235957 0.20145000000000005 0.042200000000000008 -0.14738202247190732 -1.6572831460674153 0.015400000000000002 0.033000000000000008 0.066450000000000023 0.022500000000000003 0.11425 0.048750000000000009 0.028950000000000004 0.14960000000000004 2.0710887640449429 -0.016649999999999998 20.332649438202257 0.012550000000000002 0.22315000000000004 0.20130000000000001 -1.911510112359547 0.18320000000000003 0.018400000000000003 0.093850000000000003 -0.0067146067415730362 -3.8039471910112357 0.17485000000000003 0.0062775280898876304
decision_type=2 2 2 2 2 2 2 2 2 2 2 2 2 2 2 2 2 2 2 2 2 2 2 2 2 2 2 2
left_child=1 3 16 5 11 6 -1 12 9 18 -11 19 13 -6 -15 -7 25 -17 -9 23 21 -18 -13 27 -25 -3 -22 -2
right_child=4 2 -4 -5 7 15 -8 8 -10 10 -12 22 -14 14 -16 17 20 -19 -20 -21 26 -23 -24 24 -26 -27 -28 -29
leaf_value=0.0054767756089568135 -0.0037056565850973533 -0.0090560507233264313 -0.018631933413416846 -0.010631119648062782 0.012527293901075608 -0.0018612093205583251 0.032775329312970558 0.001061818639355223 -0.017088197659810674 0.0096181106782843549 0.0015100921511420093 -0.0037056565850973533 -0.012586535044707532 0.00026803332293229043 -0.0055854782514626437 0.0021391412959401632 0.013149952493946661 0.0082523656519920933 -0.00590021757289235 -0.01711342114434742 0.0049118811843243048 -0.00059372905587010518 0.0044399365758608011 -0.011950219000695164 -0.0061166662143133975 -0.00040268943458795549 -0.0015688651647562018 -0.0061166662143133975
leaf_weight=40 47 39 48 41 32 39 31 223 34 189 311 30 43 284 341 110 44 249 105 34 47 34 55 114 77 30 130 37
leaf_count=40 47 39 48 41 32 39 31 223 34 189 311 30 43 284 341 110 44 249 105 34 47 34 55 114 77 30 130 37
internal_value=0 0.00235646 -0.00195136 0.00549864 -0.00165841 0.0069087 0.0173959 -0.000537181 0.00131067 0.00206618 0.00418707 -0.00610348 -0.00281268 -0.00217299 -0.00292564 0.00503788 0.000519832 0.00613949 -0.00116688 -0.00792326 0.00229536 0.00715912 0.000511942 -0.00678702 -0.00852768 -0.00604191 0.000152011 -0.00370566
internal_weight=0 882 372 510 1956 469 71 1562 862 828 500 394 700 657 625 398 324 359 328 309 255 78 85 275 191 69 177 84
internal_count=2838 882 372 510 1956 469 71 1562 862 828 500 394 700 657 625 398 324 359 328 309 255 78 85 275 191 69 177 84
is_linear=0
shrinkage=0.03


Tree=94
num_leaves=24
num_cat=0
split_feature=14 17 8 15 2 8 16 1 1 16 13 1 13 17 6 13 18 4 18 13 12 1 6
split_gain=11.5385 9.46809 10.0455 9.89733 17.005 13.8065 11.9413 7.08625 7.07485 5.19977 4.04505 3.89243 3.81797 3.7946 4.42688 3.44601 3.05276 3.04175 3.07841 3.03556 1.77772 1.57491 0.417248
threshold=-0.35131348314606736 -0.0013202247191011205 0.20000000000000004 10.523291011235957 0.042200000000000008 0.20145000000000005 -25.296639325842758 0.038750000000000007 0.093850000000000003 26.560249438202337 -3.8334797752808982 0.024900000000000002 -2.011842696629214 -0.012218539325842713 0.023600000000000006 -3.8039471910112357 4.5000000000000009 0.62970000000000004 4.5000000000000009 -3.9134471910112358 0.85598988764045292 0.038750000000000007 -0.0024499999999999995
decision_type=2 2 2 2 2 2 2 2 2 2 2 2 2 2 2 2 2 2 2 2 2 2 2
left_child=9 2 7 4 6 10 8 17 -3 -1 19 20 -8 14 -9 -12 -15 18 -2 -5 -4 -11 -23
right_child=1 3 11 5 -6 -7 12 13 -10 21 15 -13 -14 16 -16 -17 -18 -19 -20 -21 -22 22 -24
leaf_value=-0.0192796240337193 0.011781272199985229 0.019087901154819589 -0.011536756234189783 -5.5875708349049091e-05 -0.016217078833707741 -0.015037373329095287 -0.0046225044015794983 -0.0023194418629256031 0.0053200253073946904 -0.0013772738738379513 -0.007245225915938458 -0.017042754640337079 0.004056139683398738 -0.0005554031416259963 0.001079507459260108 -7.179426957991244e-05 -0.0049120580233494573 0.001079507459260108 0.0035836610964955699 0.009080744428016865 -0.0049120580233494573 -0.01055676856667132 -0.0063436251640918533
leaf_weight=30 57 78 38 60 35 58 50 557 59 52 39 40 521 145 213 263 135 31 149 72 66 34 56
leaf_count=30 57 78 38 60 35 58 50 557 59 52 39 40 521 145 213 263 135 31 149 72 66 34 56
internal_value=0 8.56293e-05 -0.00157524 0.00201009 0.00419551 -0.00129025 0.00520461 -0.00073447 0.0131587 -0.00793128 0.000546921 -0.00908965 0.00329619 -0.00179207 -0.000704531 -0.00136787 -0.00478279 0.00395108 0.00585193 0.00492774 -0.00603076 -0.00553374 -0.00793526
internal_weight=0 2666 1431 1235 743 492 708 1287 137 172 434 144 571 1050 770 302 280 237 206 132 104 142 90
internal_count=2838 2666 1431 1235 743 492 708 1287 137 172 434 144 571 1050 770 302 280 237 206 132 104 142 90
is_linear=0
shrinkage=0.03


Tree=95
num_leaves=27
num_cat=0
split_feature=14 16 1 6 4 3 3 6 4 12 4 15 14 12 1 12 8 17 5 14 15 14 3 14 8 3
split_gain=11.4552 15.2678 29.4083 9.9066 13.6418 12.0776 21.223 7.7699 6.41344 6.0287 4.22375 3.4197 10.5032 3.62662 3.20913 2.94165 2.80296 2.48442 2.37082 2.26687 1.99079 1.44379 1.27574 0.983538 0.841806 0.429841
threshold=0.27495730337078667 -10.932419101123626 0.091100000000000014 -0.014399999999999998 0.22900000000000001 0.013850000000000001 0.016650000000000002 0.050050000000000004 0.083550000000000013 -0.77568426966292126 0.41790000000000005 10.523291011235957 0.63245730337078687 2.0576179775280932 0.11920000000000001 1.1112595505617977 0.18545000000000003 -0.017320224719101131 0.34515000000000001 0.41254606741573041 -31.911850561797731 0.3460865168539326 0.085450000000000012 -0.13795393258426963 0.17880000000000004 0.030300000000000004
decision_type=2 2 2 2 2 2 2 2 2 2 2 2 2 2 2 2 2 2 2 2 2 2 2 2 2 2
left_child=3 2 -2 4 17 20 23 9 -4 -8 -9 15 -13 14 -14 18 22 25 19 -3 -5 -18 -17 -7 -19 -1
right_child=1 11 8 5 -6 6 7 10 -10 -11 -12 12 13 -15 -16 16 21 24 -20 -21 -22 -23 -24 -25 -26 -27
leaf_value=-0.010495983410759696 0.037092263450955641 0.0051274517638511341 0.01159822715954347 0.005119239892307165 -0.022338589862562142 0.02204917951673269 0.0021951673742961293 0.007819823285681194 -0.0075672442317008971 -0.0021997921979317737 0.0021951673742961293 -0.016243272651918231 0.013147098872471938 -0.0045303828871630604 0.00099420143989846109 0.0016933732971665448 0.0007370436486442665 -0.0028570322447930923 -0.00062889408126162987 0.013265439887763932 -0.0028570322447930923 -0.0050437083393587044 0.0080232788683117732 0.014739595120521009 -0.0081006214314618633 -0.0058387192966596734
leaf_weight=42 34 86 33 37 39 30 280 192 30 673 94 36 33 47 48 76 31 183 36 48 513 74 46 37 37 31
leaf_count=42 34 86 33 37 39 30 280 192 30 673 94 36 33 47 48 76 31 183 36 48 513 74 46 37 37 31
internal_value=0 0.00361695 0.0146068 -0.00089748 -0.00567035 -4.37113e-05 0.00156687 0.000677559 0.00247181 -0.000623898 0.00501423 0.00171674 -0.0019275 0.00209881 0.00594538 0.00322217 0.000987402 -0.00345171 0.00620625 0.00804255 -0.00285703 -0.00260597 0.00408006 0.0180125 -0.00285703 -0.00851824
internal_weight=0 658 97 2188 332 1856 1306 1239 63 953 286 561 164 128 81 397 227 293 170 134 550 105 122 67 220 73
internal_count=2846 658 97 2188 332 1856 1306 1239 63 953 286 561 164 128 81 397 227 293 170 134 550 105 122 67 220 73
is_linear=0
shrinkage=0.03


Tree=96
num_leaves=26
num_cat=0
split_feature=14 13 16 1 14 7 6 0 14 8 16 16 3 7 8 7 1 1 7 3 12 3 13 8 17
split_gain=10.8238 14.3745 14.3561 27.6703 11.231 9.86609 9.65149 11.8124 9.67875 6.75865 6.58033 5.6133 3.88115 3.73208 3.36783 6.37405 3.00199 2.68155 2.17916 1.85837 1.6586 1.4167 1.36443 1.10637 0.41793
threshold=0.27495730337078667 1.7265202247191029 -10.932419101123626 0.091100000000000014 0.24095730337078661 -0.44029999999999997 -0.014399999999999998 0.097850000000000006 0.10100112359550563 0.19965000000000002 32.901350561797763 31.104215730336993 0.011100000000000002 -0.31034999999999996 0.20000000000000004 -0.31124999999999997 0.033250000000000009 0.10740000000000001 -0.3885499999999999 0.028200000000000006 0.74281573033707826 0.019650000000000004 3.403520224719101 0.17485000000000003 -0.0035544943820224602
decision_type=2 2 2 2 2 2 2 2 2 2 2 2 2 2 2 2 2 2 2 2 2 2 2 2 2
left_child=1 4 3 -2 6 20 7 -1 9 -8 11 17 -12 -13 16 -16 21 -7 24 -5 -3 -4 -20 -9 -18
right_child=2 5 14 19 -6 10 8 23 -10 -11 12 13 -14 -15 15 -17 18 -19 22 -21 -22 -23 -24 -25 -26
leaf_value=-0.021149244667454197 0.035979495747014881 0.0019255878951619653 0.0042703068901242987 0.0074689953541383141 -0.013723404198250872 -0.0032595070505398328 0.002735971753932085 -0.0011966066653674643 0.014380643973542776 -0.0011966066653674643 -0.0099519431565634232 -0.0089818243312594637 0.00034453951992388708 -0.020355838440092547 -0.0010891211512644074 -0.015675282127434208 0.0042703068901242987 -0.0084347200253694424 0.0020831645570290598 -0.0028372719018690045 0.011520211444867234 0.010593872889876366 -0.0010891211512644074 -0.004495413029071642 0.0020831645570290598
leaf_weight=33 34 34 46 32 47 200 1013 94 56 193 33 68 84 42 35 31 87 164 95 31 31 53 184 96 30
leaf_count=33 34 34 46 32 47 200 1013 94 56 193 33 68 84 42 35 31 87 164 95 31 31 53 184 96 30
internal_value=0 -0.000876322 0.00351194 0.0141686 0.000714845 -0.00459228 0.00117181 -0.00458169 0.00218848 0.00162234 -0.00581241 -0.00738588 0.00034454 -0.0133246 0.00166934 -0.00469635 0.0025181 -0.0055912 0.00134997 0.00239766 0.00650149 0.00719065 -0.000103978 -0.00170417 0.00427031
internal_weight=0 2188 658 97 1532 656 1485 223 1262 1206 591 474 117 110 561 66 495 364 396 63 65 99 279 190 117
internal_count=2846 2188 658 97 1532 656 1485 223 1262 1206 591 474 117 110 561 66 495 364 396 63 65 99 279 190 117
is_linear=0
shrinkage=0.03


Tree=97
num_leaves=16
num_cat=0
split_feature=7 8 5 15 17 5 12 13 7 3 14 13 14 14 3
split_gain=10.5199 18.3012 15.2109 13.3491 9.19443 7.34596 12.1447 5.77864 4.87502 4.00473 3.56545 2.58295 1.80202 1.30884 0.78995
threshold=-0.34549999999999997 0.20170000000000002 0.31235000000000007 10.523291011235957 -0.0048241573033707954 0.34595000000000004 -2.0460101123595478 1.7265202247191029 -0.42724999999999996 0.32895000000000008 0.089046067415730359 -3.2082404494382035 0.41254606741573041 -0.14745393258426964 0.011100000000000002
decision_type=2 2 2 2 2 2 2 2 2 2 2 2 2 2 2
left_child=5 2 7 4 -3 6 -1 -2 -7 11 -9 -8 -13 -11 -12
right_child=1 3 -4 -5 -6 8 9 10 -10 13 14 12 -14 -15 -16
leaf_value=0.021971139513394411 0.00024612115148809027 -0.018731407057307661 -0.0058651573340897925 -0.025077683379252751 -0.0058651573340897925 0.0024036256938442264 0.0087420455740507812 -0.002809518091300851 0.00024612115148809027 0.005364254268351942 -0.002809518091300851 0.0024036256938442264 0.007963669918477535 0.013377069797973299 0.00024612115148809027
leaf_weight=34 761 50 127 45 62 301 58 247 442 32 94 368 60 43 122
leaf_count=34 761 50 127 45 62 301 58 247 442 32 94 368 60 43 122
internal_value=0 -0.00158108 -0.000454443 -0.0112759 -0.00586516 0.00207332 0.00456113 0.000246121 0.000246121 0.00350598 -0.00280952 0.00251025 0.00240363 0.00995827 0.000246121
internal_weight=0 1508 1351 157 112 1338 595 1224 743 561 463 486 428 75 216
internal_count=2846 1508 1351 157 112 1338 595 1224 743 561 463 486 428 75 216
is_linear=0
shrinkage=0.03


Tree=98
num_leaves=27
num_cat=0
split_feature=14 16 1 7 6 0 7 6 0 4 7 15 14 12 1 0 6 12 7 18 5 14 17 14 14 7
split_gain=10.1106 13.2143 25.8832 12.697 10.8626 20.0963 8.01957 8.40755 6.06278 5.9996 4.87425 3.1763 9.80989 3.34101 2.97418 2.80813 2.77987 2.70491 3.86929 2.53515 2.22826 2.08198 2.0106 1.21635 0.468443 0.158548
threshold=0.27495730337078667 -10.932419101123626 0.091100000000000014 -0.43159999999999993 -0.014399999999999998 0.097850000000000006 -0.33849999999999997 0.048750000000000009 0.14895000000000003 0.083550000000000013 -0.50119999999999987 10.523291011235957 0.63245730337078687 2.0576179775280932 0.11920000000000001 0.29825000000000007 0.07690000000000001 1.1112595505617977 -0.36019999999999991 3.5000000000000004 0.34515000000000001 0.41254606741573041 -0.02005449438202243 0.3460865168539326 0.3460865168539326 -0.35034999999999994
decision_type=2 2 2 2 2 2 2 2 2 2 2 2 2 2 2 2 2 2 2 2 2 2 2 2 2 2
left_child=3 2 -2 8 5 -5 15 19 10 -4 -1 17 -13 14 -14 -6 -12 20 24 -8 21 -3 -7 -20 -19 -24
right_child=1 11 9 4 6 22 7 -9 -10 -11 16 12 13 -15 -16 -17 -18 18 23 -21 -22 -23 25 -25 -26 -27
leaf_value=0.010371784573430985 0.034713563706232776 0.0049257372435622948 0.011061359779401259 -0.027896474425991375 -0.00010772387124210289 -0.010003510634315775 -0.0019344652283039218 -0.00010772387124210289 0.01710598115463342 -0.0074754512533545493 0.0019326094659927382 -0.015720501766384887 0.012630909518762069 -0.0043569658849229838 0.00093134784256108103 0.0019326094659927382 0.0061521970197118614 0.0029226353053342213 0.0017636679550567687 -0.0037612065853657403 -0.00068725731379042066 0.0127247997187078 -0.0037612065853657403 -0.004216861082392785 0.0074139822996221487 -0.0064089576562866568
leaf_weight=36 34 86 33 36 128 47 194 355 35 30 130 36 33 47 48 396 48 33 45 558 36 48 175 92 57 50
leaf_count=36 34 86 33 36 128 47 194 355 35 30 130 36 33 47 48 396 48 33 45 558 36 48 175 92 57 50
internal_value=0 0.00339466 0.0136188 -0.000846565 -0.00166552 -0.00683267 -0.000689746 -0.00214806 0.00553074 0.00223431 0.00363759 0.00162685 -0.00188531 0.00200584 0.00569784 0.00193261 0.00193261 0.00307771 0.000934752 -0.00376121 0.00593919 0.00771943 -0.00404481 -0.00223982 0.00576716 -0.00376121
internal_weight=0 658 97 2188 1939 308 1631 1107 249 63 214 561 164 128 81 524 178 397 227 752 170 134 272 137 90 225
internal_count=2846 658 97 2188 1939 308 1631 1107 249 63 214 561 164 128 81 524 178 397 227 752 170 134 272 137 90 225
is_linear=0
shrinkage=0.03


Tree=99
num_leaves=31
num_cat=0
split_feature=14 13 16 1 15 3 0 3 7 7 16 16 0 8 4 16 12 3 7 16 15 14 12 1 12 7 1 14 5 14
split_gain=9.46006 13.1305 12.4332 24.3535 11.4656 9.2207 9.39123 14.8396 8.63608 8.06749 7.29168 6.27024 6.01791 5.66327 5.64502 5.24684 5.20087 3.47365 3.44044 3.20084 2.98874 9.23013 3.14355 2.7984 2.54481 3.64026 2.46183 2.109 2.09657 1.95894
threshold=0.27495730337078667 1.7265202247191029 -10.932419101123626 0.091100000000000014 0.032698876404494655 0.1082 0.27555000000000002 0.035050000000000005 -0.44029999999999997 -0.33849999999999997 -23.644359550561884 32.901350561797763 0.52975000000000005 0.19965000000000002 0.083550000000000013 31.104215730336993 0.85598988764045292 0.011100000000000002 -0.31034999999999996 -24.753139325842763 10.523291011235957 0.63245730337078687 2.0576179775280932 0.11920000000000001 1.1112595505617977 -0.36019999999999991 0.10740000000000001 -0.13795393258426963 0.34515000000000001 0.41254606741573041
decision_type=2 2 2 2 2 2 2 2 2 2 2 2 2 2 2 2 2 2 2 2 2 2 2 2 2 2 2 2 2 2
left_child=1 4 3 -2 10 6 7 -6 -3 12 -1 15 -7 -8 -5 26 27 -13 -17 -11 24 -22 23 -23 28 -26 -10 -12 29 -4
right_child=2 8 20 14 5 9 13 -9 11 19 16 17 -14 -15 -16 18 -18 -19 -20 -21 21 22 -24 -25 25 -27 -28 -29 -30 -31
leaf_value=0.0090979088906637702 0.033672157455893123 0.0060180799606112901 0.0047779651268840184 0.010729518424380909 -0.0091007809419756617 0.0028236041532955685 -0.0014884017709768018 -0.032020041838288306 -0.0030722496193600819 -0.01387632561547141 -0.0028820350119629157 -0.0095163295350291499 0.015578991745303316 -0.0091007809419756617 -0.0072511878982186315 -0.0086134295143625323 0.01080495279387764 0.00025770025114092514 -0.019534011928896818 -0.00090963234122685152 -0.015248886595169701 0.012251982445066626 -0.00422625697871789 0.00090340744471177463 0.0055941404166320961 -0.0021722455683714933 -0.0080309019567304362 0.0018671750046667598 -0.0006666396046057343 0.012343055808451027
leaf_weight=157 34 65 86 33 30 177 390 30 200 31 104 33 41 47 30 68 53 84 42 31 36 33 47 48 90 137 164 441 36 48
leaf_count=157 34 65 86 33 30 177 390 30 200 31 104 33 41 47 30 68 53 84 42 31 36 33 47 48 90 137 164 441 36 48
internal_value=0 -0.00080961 0.00329289 0.0132102 0.00071115 -0.00184716 -0.00430014 -0.0154295 -0.00436114 0.00250687 0.00334401 -0.00550268 0.00522255 -0.00277208 0.00216728 -0.00704148 0.00183337 0.0002577 -0.0127831 -0.00704182 0.00157813 -0.00182875 0.00194566 0.0055269 0.00298551 0.000906938 -0.00530637 0.000960904 0.00576102 0.00748785
internal_weight=0 2188 658 97 1532 777 497 60 656 280 755 591 218 437 63 474 598 117 110 62 561 164 128 81 397 227 364 545 170 134
internal_count=2846 2188 658 97 1532 777 497 60 656 280 755 591 218 437 63 474 598 117 110 62 561 164 128 81 397 227 364 545 170 134
is_linear=0
shrinkage=0.03


Tree=100
num_leaves=18
num_cat=0
split_feature=17 13 0 15 7 3 8 17 16 7 12 6 13 5 3 15 0
split_gain=12.5609 13.287 22.8756 19.1987 19.2059 10.9022 9.19375 6.60196 8.75132 8.36251 6.89802 4.15729 3.33438 5.97429 5.50028 2.10823 2.07311
threshold=0.05910561797752812 -3.2082404494382035 0.097850000000000006 -3.1038719101123493 -0.34549999999999997 0.31860000000000005 0.19965000000000002 -0.0035544943820224602 32.901350561797763 -0.43159999999999993 2.0448039325842733 0.07690000000000001 -2.011842696629214 0.22620000000000004 0.036800000000000006 32.275475280898881 0.13570000000000002
decision_type=2 2 2 2 2 2 2 2 2 2 2 2 2 2 2 2 2
left_child=1 2 -1 4 -4 7 15 8 9 -3 -10 16 13 -9 -14 -5 -7
right_child=-2 5 3 6 -6 11 -8 12 10 -11 -12 -13 14 -15 -16 -17 -18
leaf_value=-0.014409917778886701 -0.015324806707854174 0.0025522861761948018 0.038739779982715841 0.007994376221907129 0.0065834472094263349 -0.0002452125446651271 -0.0035152534413095075 0.0083136178366839883 0.0034432426261316452 -0.0054074772044638963 -0.0075696499545925416 0.015075832263433508 -0.0014894569409689684 -0.0067057321450255548 0.0035971031630102753 0.001588412947453601 0.0083614407316781585
leaf_weight=49 49 139 32 210 35 53 52 30 273 817 63 42 346 116 428 48 48
leaf_count=49 49 139 32 210 35 53 52 30 273 817 63 42 346 116 428 48 48
internal_value=0 -2.43882e-06 0.00487313 0.00737941 0.0219417 -0.000884388 0.00423208 -0.00140338 -0.0027864 -0.00425015 0.00137833 0.00714362 0.00053886 -0.00361956 0.00132327 0.00669208 0.00384508
internal_weight=0 2781 426 377 67 2355 310 2212 1292 956 336 143 920 146 774 258 101
internal_count=2830 2781 426 377 67 2355 310 2212 1292 956 336 143 920 146 774 258 101
is_linear=0
shrinkage=0.03


Tree=101
num_leaves=15
num_cat=0
split_feature=17 13 0 15 3 3 8 1 16 13 14 3 0 15
split_gain=11.8141 12.4198 21.4815 18.117 11.77 10.2579 8.76711 6.30528 5.88255 8.43796 5.31181 2.45496 2.09883 1.99347
threshold=0.05910561797752812 -3.2082404494382035 0.097850000000000006 -3.1038719101123493 0.018850000000000002 0.31860000000000005 0.19965000000000002 0.69905000000000006 -25.922139325842746 1.7265202247191029 0.037086516853932612 0.41800000000000009 0.072950000000000015 32.275475280898881
decision_type=2 2 2 2 2 2 2 2 2 2 2 2 2 2
left_child=1 2 -1 4 -4 7 13 8 10 -10 -3 12 -7 -5
right_child=-2 5 3 6 -6 11 -8 -9 9 -11 -12 -13 -14 -15
leaf_value=-0.013977619861537704 -0.014865062210936935 -0.0080973251176756911 0.0073193842917680741 0.0077545449492920715 0.032605655821594026 -0.00083435205786034109 -0.0034201534317974446 -0.015021181615767999 0.0011942939095007364 -0.0026906714466413809 0.0004487818904535871 0.012208714397411847 0.008247437024755137 0.0015339244254390855
leaf_weight=49 49 98 30 210 37 43 52 30 1020 993 71 51 49 48
leaf_count=49 49 98 30 210 37 43 52 30 1020 993 71 51 49 48
internal_value=0 -5.17391e-06 0.0047086 0.00713731 0.0212834 -0.000857857 0.00407992 -0.00136128 -0.00117347 -0.000722135 -0.00654942 0.00692931 0.00400269 0.006488
internal_weight=0 2781 426 377 67 2355 310 2212 2182 2013 169 143 92 258
internal_count=2830 2781 426 377 67 2355 310 2212 2182 2013 169 143 92 258
is_linear=0
shrinkage=0.03


Tree=102
num_leaves=19
num_cat=0
split_feature=17 13 4 14 6 3 17 17 16 14 12 14 6 3 1 3 12 14
split_gain=11.1058 11.6258 13.9256 12.0087 13.8584 9.6629 7.67979 6.00888 8.17716 11.3909 6.43592 4.65638 3.7861 3.54329 2.09544 1.34667 0.635545 0.531944
threshold=0.05910561797752812 -3.2082404494382035 0.41790000000000005 0.27495730337078667 0.015400000000000002 0.31860000000000005 0.044445505617977561 -0.0035544943820224602 32.901350561797763 -0.15232359550561794 2.0448039325842733 0.40500112359550566 0.07690000000000001 0.036800000000000006 0.091100000000000014 0.062800000000000009 0.85598988764045292 -0.023413483146067445
decision_type=2 2 2 2 2 2 2 2 2 2 2 2 2 2 2 2 2 2
left_child=1 2 3 6 -5 7 15 8 9 -3 -10 13 16 -9 -13 -1 17 -7
right_child=-2 5 -4 4 -6 12 -8 11 10 -11 -12 14 -14 -15 -16 -17 -18 -19
leaf_value=0.0047738131937559002 -0.014419110358065488 -0.0098941943885486033 -0.011233580638188868 0.0065492391027510161 0.032036730316467581 -0.00019455190339102976 -0.0024102088853892845 -0.0026088927854661325 0.0033757832787091749 -0.0022215782075890107 -0.0072618402861103059 0.0098986014141319474 0.014291249675443396 0.0014315875486467669 0.0020978866544153008 0.0096173662799954804 0.0072346091438084846 0.0050623610746115448
leaf_weight=157 49 229 45 48 32 41 67 344 273 727 63 61 42 452 63 77 30 30
leaf_count=157 49 229 45 48 32 41 67 344 273 727 63 61 42 452 63 77 30 30
internal_value=0 -1.15412e-05 0.00454907 0.00641316 0.0167442 -0.000836518 0.00366736 -0.00132512 -0.00264455 -0.00405947 0.00138123 0.000527826 0.00672143 -0.00031455 0.00593534 0.00636763 0.00357359 0.00202668
internal_weight=0 2781 426 381 80 2355 301 2212 1292 956 336 920 143 796 124 234 101 71
internal_count=2830 2781 426 381 80 2355 301 2212 1292 956 336 920 143 796 124 234 101 71
is_linear=0
shrinkage=0.03


Tree=103
num_leaves=16
num_cat=0
split_feature=17 13 4 15 6 3 8 1 14 17 6 15 15 15 14
split_gain=10.4458 10.8726 13.0755 13.1466 19.0267 9.09182 6.63749 5.90832 5.27612 5.32644 3.56234 2.38213 2.11729 0.607473 0.607549
threshold=0.05910561797752812 -3.2082404494382035 0.41790000000000005 -3.1038719101123493 0.010500000000000001 0.31860000000000005 0.19965000000000002 0.69905000000000006 -0.35131348314606736 -0.0035544943820224602 0.07690000000000001 -9.3568668539325817 32.275475280898881 -8.6613668539325825 -0.023413483146067445
decision_type=2 2 2 2 2 2 2 2 2 2 2 2 2 2 2
left_child=1 2 3 4 -1 7 12 8 11 -10 13 -3 -5 -7 -15
right_child=-2 5 -4 6 -6 10 -8 -9 9 -11 -12 -13 -14 14 -16
leaf_value=0.0036733391632636386 -0.013986537153927647 -0.0024967428989617559 -0.010896573357594509 0.0070585434239991522 0.036022540062665934 0.0069625491114153008 -0.002346747728064045 -0.014508284570649265 -0.0020210052748896004 0.0010837355957177656 0.013862512117650891 -0.0078059253982748315 0.0016867032589829832 -0.00087679895013570788 0.0047129552683659957
leaf_weight=36 49 82 45 216 30 31 49 30 1183 858 42 59 50 35 35
leaf_count=36 49 82 45 216 30 31 49 30 1183 858 42 59 50 35 35
internal_value=0 -1.36185e-05 0.00439678 0.00620308 0.0183775 -0.000811423 0.00365224 -0.00128537 -0.00110357 -0.000715828 0.00651979 -0.00671615 0.00572015 0.00346638 0.00191808
internal_weight=0 2781 426 381 66 2355 315 2212 2182 2041 143 141 266 101 70
internal_count=2830 2781 426 381 66 2355 315 2212 2182 2041 143 141 266 101 70
is_linear=0
shrinkage=0.03


Tree=104
num_leaves=19
num_cat=0
split_feature=17 13 0 14 7 7 1 4 7 17 13 4 17 17 12 7 8 6
split_gain=9.81869 10.1467 18.9846 14.673 20.9451 9.54789 9.91694 9.61464 8.80969 7.32766 6.91872 6.22483 4.23548 2.77299 2.79081 1.86437 1.39842 0.49627
threshold=0.05910561797752812 -3.2082404494382035 0.097850000000000006 0.27495730337078667 -0.35244999999999999 -0.43159999999999993 0.093850000000000003 0.41790000000000005 -0.31124999999999997 0.044445505617977561 -1.8418426966292143 0.20455000000000004 -0.014058426966292127 -0.0073202247191011252 1.0987595505618002 -0.30349999999999994 0.19965000000000002 0.035150000000000008
decision_type=2 2 2 2 2 2 2 2 2 2 2 2 2 2 2 2 2 2
left_child=1 2 -1 9 -5 7 8 13 -7 15 11 -8 -12 14 -3 -4 -10 -11
right_child=-2 5 3 4 -6 6 10 -9 16 17 12 -13 -14 -15 -16 -17 -18 -19
leaf_value=-0.01332600311851319 -0.013566940819122353 0.0056128194257183562 0.0077272993258441823 0.035338495986802235 0.0042417155612598772 0.0013943594953324625 -0.0063841387295464338 0.0013943594953324625 -0.00018468196118799133 -0.0034010596375396982 -0.004876646529654337 -0.020749637060931751 -0.0017637234177084451 0.015922403317341145 0.013859022102295988 0.001798406100220311 -0.0017637234177084451 0.0013051264834856348
leaf_weight=49 49 68 166 35 44 605 121 135 395 30 456 35 294 47 41 67 158 35
leaf_count=49 49 68 166 35 44 605 121 135 395 30 456 35 294 47 41 67 158 35
internal_value=0 -1.99546e-05 0.00424068 0.00652388 0.0180188 -0.000790668 -0.00150792 0.00429664 0.000331433 0.00347658 -0.00385888 -0.00960717 -0.00266324 0.00983128 0.00720483 0.00602242 -0.00176372 -0.00340106
internal_weight=0 2781 426 377 79 2355 2064 291 1158 298 906 156 750 156 109 233 553 65
internal_count=2830 2781 426 377 79 2355 2064 291 1158 298 906 156 750 156 109 233 553 65
is_linear=0
shrinkage=0.03


Tree=105
num_leaves=23
num_cat=0
split_feature=0 3 17 16 16 6 3 3 18 13 3 13 8 18 3 3 14 13 6 3 13 6
split_gain=12.7474 10.945 7.91758 25.6651 7.62486 7.2301 8.89184 15.2358 5.14672 7.29133 4.73034 4.56697 4.22973 4.05906 3.86386 5.82955 2.44309 3.02958 2.36703 1.64456 0.993393 0.983813
threshold=1.0000000180025095e-35 0.062800000000000009 0.046605617977528137 -52.09964943820227 -41.099750561797627 -0.014399999999999998 0.013600000000000003 0.037750000000000006 3.5000000000000004 -2.9457404494382042 0.098450000000000024 -3.100240449438203 0.17345000000000002 4.5000000000000009 0.010600000000000002 0.0039500000000000013 -0.15232359550561794 1.7265202247191029 0.031500000000000007 0.13455000000000003 -0.20197977528089781 -0.077549999999999994
decision_type=2 2 2 2 2 2 2 2 2 2 2 2 2 2 2 2 2 2 2 2 2 2
left_child=13 4 8 18 14 12 11 -8 16 19 -11 -7 21 -1 15 -2 20 -18 -4 -10 -3 -6
right_child=1 2 3 -5 5 6 7 -9 9 10 -12 -13 -14 -15 -16 -17 17 -19 -20 -21 -22 -23
leaf_value=-0.0066958979225058678 -0.0066958979225058678 -0.00083422213984728861 -0.0064915470829000699 0.032865466648532501 -0.0045301677185935526 0.005729626336334539 0.0072824737548024482 -0.002364437514681236 -0.0066958979225058678 0.0061252936286891393 -3.0371704594371923e-05 -0.002364437514681236 -0.0066958979225058678 -0.020617824582013246 -0.0066958979225058678 0.010436178359293167 0.010427987874118668 0.0029484241475802265 0.0049922409781387872 -0.0010932935792952775 0.0052416849415749308 -0.002364437514681236
leaf_weight=32 32 74 30 31 75 63 310 171 46 141 553 553 120 34 87 31 99 96 35 50 36 128
leaf_count=32 32 74 30 31 75 63 310 171 46 141 553 553 120 34 87 31 99 96 35 50 36 128
internal_value=0 -2.53723e-05 0.00214328 0.0104043 -0.00167051 -0.000972705 0.00018887 0.00324542 0.00141903 0.00014107 0.00122027 -0.00219782 -0.00491774 -0.0133664 -0.0066959 0.00112365 0.00472914 0.00674574 -0.000307969 -0.0066959 0.00115426 -0.00236444
internal_weight=0 2761 1191 96 1570 1420 1097 481 1095 790 694 616 323 66 150 63 305 195 65 96 110 203
internal_count=2827 2761 1191 96 1570 1420 1097 481 1095 790 694 616 323 66 150 63 305 195 65 96 110 203
is_linear=0
shrinkage=0.03


Tree=106
num_leaves=12
num_cat=0
split_feature=0 7 12 5 8 8 1 0 3 2 6
split_gain=11.9263 12.5565 15.727 12.1058 10.5088 9.2434 8.89641 7.0056 3.79985 3.61562 0.862259
threshold=1.0000000180025095e-35 -0.34549999999999997 -2.084010112359548 0.31075000000000003 0.19965000000000002 0.14540000000000003 0.093850000000000003 0.52975000000000005 0.011100000000000002 0.085700000000000012 0.054100000000000002
decision_type=2 2 2 2 2 2 2 2 2 2 2
left_child=9 2 -2 4 8 -4 7 -7 10 -1 -3
right_child=1 3 5 -5 -6 6 -8 -9 -10 -11 -12
leaf_value=-0.0064982731118554439 0.017426605590715488 -0.0017804275067970494 0.017873206274583938 -0.0064982731118554439 -0.0036993835409631919 0.00243634665934682 0.00013852852736909318 0.0094406712345649069 0.00013852852736909318 -0.020193186583346685 0.00013852852736909318
leaf_weight=34 58 324 30 139 254 357 704 106 628 32 161
leaf_count=34 58 324 30 139 254 357 704 106 628 32 161
internal_value=0 -4.61568e-05 0.00217007 -0.00189301 -0.000900494 0.00143082 0.00100814 0.00452023 0.000138529 -0.0129504 -0.00178043
internal_weight=0 2761 1255 1506 1367 1197 1167 463 1113 66 485
internal_count=2827 2761 1255 1506 1367 1197 1167 463 1113 66 485
is_linear=0
shrinkage=0.03


Tree=107
num_leaves=12
num_cat=0
split_feature=0 7 12 5 8 8 6 0 18 2 7
split_gain=11.1854 11.7656 14.8354 11.6219 10.1155 8.71876 5.57663 8.74293 3.81044 2.39726 0.190371
threshold=1.0000000180025095e-35 -0.34549999999999997 -2.084010112359548 0.31075000000000003 0.19965000000000002 0.14540000000000003 0.015400000000000002 0.52975000000000005 4.5000000000000009 0.27755000000000002 -0.43159999999999993
decision_type=2 2 2 2 2 2 2 2 2 2 2
left_child=8 2 -2 4 9 -4 10 -8 -1 -3 -7
right_child=1 3 5 -5 -6 6 7 -9 -10 -11 -12
leaf_value=-0.0063077434780765282 0.016903807246607953 0.00011952974289993458 0.017337010228307914 -0.0063077434780765282 -0.0035886775779903736 0.0016404506053516138 0.0016404506053516138 0.009147277441847193 -0.01959891795180738 -0.0017345739175452196 0.00011952974289993458
leaf_weight=32 58 1080 30 139 254 76 525 106 34 33 460
leaf_count=32 58 1080 30 139 254 76 525 106 34 33 460
internal_value=0 -5.92443e-05 0.00208604 -0.00184698 -0.000869612 0.00136806 0.000957545 0.00316137 -0.0125562 0.00011953 0.00011953
internal_weight=0 2761 1255 1506 1367 1197 1167 631 66 1113 536
internal_count=2827 2761 1255 1506 1367 1197 1167 631 66 1113 536
is_linear=0
shrinkage=0.03


Tree=108
num_leaves=12
num_cat=0
split_feature=0 7 12 5 8 8 1 0 3 2 1
split_gain=10.4564 11.0695 14.0002 11.1215 9.70411 8.22721 8.24902 6.28672 3.44575 3.39362 0.286835
threshold=1.0000000180025095e-35 -0.34549999999999997 -2.084010112359548 0.31075000000000003 0.19965000000000002 0.14540000000000003 0.093850000000000003 0.52975000000000005 0.011100000000000002 0.085700000000000012 0.035150000000000008
decision_type=2 2 2 2 2 2 2 2 2 2 2
left_child=9 2 -2 4 8 -4 7 -7 10 -1 -3
right_child=1 3 5 -5 -6 6 -8 -9 -10 -11 -12
leaf_value=-0.0061201723889833214 0.016396693031078782 9.4661262576965468e-05 0.016816900070756674 -0.0061201723889833214 -0.0034856783605606411 0.002317621398681947 9.4661262576965468e-05 0.0088613803778535005 9.4661262576965468e-05 -0.019186330572701991 -0.001695508548991838
leaf_weight=34 58 181 30 139 254 357 704 106 628 32 304
leaf_count=34 58 181 30 139 254 357 704 106 628 32 304
internal_value=0 -7.87436e-05 0.00200212 -0.00181279 -0.000851184 0.00130463 0.000905861 0.00430102 9.46613e-05 -0.0121616 -0.00169551
internal_weight=0 2761 1255 1506 1367 1197 1167 463 1113 66 485
internal_count=2827 2761 1255 1506 1367 1197 1167 463 1113 66 485
is_linear=0
shrinkage=0.03


Tree=109
num_leaves=17
num_cat=0
split_feature=17 1 8 0 16 3 13 8 2 6 3 3 3 3 3 13
split_gain=10.532 8.61654 8.77135 12.3399 6.27797 6.25252 4.84582 6.39357 4.74305 3.53788 4.34282 6.79389 3.85506 2.36825 1.69636 0.950146
threshold=0.05910561797752812 0.091100000000000014 0.18495000000000003 0.32675000000000004 -23.586859550561879 0.063600000000000004 1.9001398876404496 0.20155000000000003 0.27755000000000002 -0.016649999999999998 0.0070500000000000007 0.046950000000000013 0.11275000000000002 0.013850000000000001 0.018400000000000003 2.2316573033707869
decision_type=2 2 2 2 2 2 2 2 2 2 2 2 2 2 2 2
left_child=1 2 3 -1 -5 -2 7 14 9 10 -3 -12 13 -11 -4 -6
right_child=5 8 6 4 15 -7 -8 -9 -10 12 11 -13 -14 -15 -16 -17
leaf_value=0.0037388338769253531 -0.022431600734591481 -0.0021628729860678243 0.0017951560857811771 0.025176751232839058 0.0091693481899433622 -0.003367813701624982 -0.000148521705362999 -0.000148521705362999 -0.011185054971658169 -0.0021628729860678243 -0.0063337367855899242 -0.0021628729860678243 -0.0021628729860678243 -0.000148521705362999 0.0037388338769253531 0.014166363681045671
leaf_weight=111 30 65 254 35 43 32 448 169 47 300 231 92 262 337 335 36
leaf_count=111 30 65 254 35 43 32 448 169 47 300 231 92 262 337 335 36
internal_value=0 -8.97343e-05 0.00152722 0.00696495 0.0145999 -0.0125922 0.000512721 0.00239102 -0.00182427 -0.00148242 -0.00387666 -0.00611621 -0.000449087 -0.000148522 0.00373883 0.0099139
internal_weight=0 2765 1431 225 114 62 1206 758 1334 1287 388 323 899 637 589 79
internal_count=2827 2765 1431 225 114 62 1206 758 1334 1287 388 323 899 637 589 79
is_linear=0
shrinkage=0.03


Tree=110
num_leaves=21
num_cat=0
split_feature=0 14 7 3 13 16 1 0 3 16 18 3 14 6 12 14 14 18 6 18
split_gain=8.96514 8.23552 10.7427 13.4021 11.9987 9.48704 14.791 8.07361 6.96632 5.27933 4.64055 4.36744 3.91764 3.47534 2.39142 4.71654 4.54403 1.73282 1.56232 0.997599
threshold=1.0000000180025095e-35 0.27495730337078667 -0.43159999999999993 0.11965000000000002 2.0710887640449429 -10.932419101123626 0.18615000000000001 0.38135000000000002 0.15970000000000004 32.901350561797763 4.5000000000000009 0.011600000000000001 -0.015913483146067438 0.062850000000000003 2.0298039325842727 0.37513146067415737 0.40500112359550566 4.5000000000000009 0.069650000000000017 4.5000000000000009
decision_type=2 2 2 2 2 2 2 2 2 2 2 2 2 2 2 2 2 2 2 2
left_child=10 2 3 17 7 6 -3 8 -4 -6 -1 -11 -9 14 16 -16 -7 -2 -5 -15
right_child=1 5 4 18 9 13 -8 12 -10 11 -12 -13 -14 19 15 -17 -18 -19 -20 -21
leaf_value=-0.005588909206322535 0.021756923148298964 0.022009127082096205 -0.005588909206322535 0.0019358663506872887 -0.005588909206322535 -0.003433711707389148 -0.0026139623661701741 0.0019358663506872887 -0.0018129419874082597 -0.005588909206322535 -0.019554153514327481 0.0019358663506872887 -0.0014890572849928746 0.0045754974123767833 0.0027452610517655937 -0.005588909206322535 0.0040765652510723468 0.011864850411191582 0.0072621659258917219 0.012134282648563385
leaf_weight=33 34 54 165 96 376 101 37 739 128 34 32 83 388 33 76 55 257 30 59 30
leaf_count=33 34 54 165 96 376 101 37 739 128 34 32 83 388 33 76 55 257 30 59 30
internal_value=0 4.66997e-05 -0.000850827 0.00544309 -0.00157135 0.00302263 0.0119975 -0.000171403 -0.00460789 -0.00558891 -0.0112245 0.00078378 0.000982005 0.00154308 0.000688666 -0.0027795 0.00195774 0.01712 0.00193587 0.00817492
internal_weight=0 2775 2132 219 1913 643 91 1420 293 493 65 117 1127 552 489 131 358 64 155 63
internal_count=2840 2775 2132 219 1913 643 91 1420 293 493 65 117 1127 552 489 131 358 64 155 63
is_linear=0
shrinkage=0.03


Tree=111
num_leaves=14
num_cat=0
split_feature=17 15 13 0 14 6 7 4 6 14 14 7 15
split_gain=10.6298 7.41232 10.8764 14.4706 8.9709 22.6818 6.27722 8.79859 7.786 5.40969 2.47679 2.30686 1.55758
threshold=0.05910561797752812 38.740149438202259 -3.2082404494382035 0.097850000000000006 0.27495730337078667 0.010800000000000002 -0.43159999999999993 0.41790000000000005 -0.014399999999999998 0.088001123595505673 -0.12895393258426963 -0.34549999999999997 0.53354101123595499
decision_type=2 2 2 2 2 2 2 2 2 2 2 2 2
left_child=1 2 3 -1 12 -6 7 10 11 -10 -4 -8 -5
right_child=-2 -3 6 4 5 -7 8 -9 9 -11 -12 -13 -14
leaf_value=-0.01337142755743116 -0.013527708700243033 -0.014553076317233423 0.0051102745566959972 0.0069040485132276881 -0.00052463124833396961 0.032923329751938575 -0.004093201713230122 0.0011895028872294707 -0.0015456063293376467 0.0011895028872294707 0.012114709509137839 -0.01033875403248451 0.0024212885811575689
leaf_weight=36 53 31 61 116 37 36 275 137 1190 533 94 66 175
leaf_count=36 53 31 61 116 37 36 275 137 1190 533 94 66 175
internal_value=0 3.46856e-05 0.000198771 0.00477263 0.0065671 0.0159703 -0.000577775 0.00353922 -0.00116022 -0.000340513 0.00903105 -0.00530202 0.00420823
internal_weight=0 2787 2756 400 364 73 2356 292 2064 1723 155 341 291
internal_count=2840 2787 2756 400 364 73 2356 292 2064 1723 155 341 291
is_linear=0
shrinkage=0.03


Tree=112
num_leaves=16
num_cat=0
split_feature=17 14 16 8 7 6 3 6 3 8 13 8 6 6 3
split_gain=10.0022 6.76913 6.2137 5.94627 11.6931 11.998 5.98716 9.45052 13.6742 4.47218 2.85394 4.13669 2.83697 0.925161 0.899599
threshold=0.05910561797752812 -0.35131348314606736 28.526944943820187 0.20000000000000004 -0.31124999999999997 0.021850000000000005 0.011100000000000002 -0.014399999999999998 0.040500000000000008 0.20485000000000003 -3.100240449438203 0.18220000000000003 -0.0016999999999999997 0.035150000000000008 0.046950000000000013
decision_type=2 2 2 2 2 2 2 2 2 2 2 2 2 2 2
left_child=1 2 13 6 -5 -6 10 14 -9 -7 11 -3 -4 -1 -8
right_child=-2 3 12 4 5 9 7 8 -10 -11 -12 -13 -14 -15 -16
leaf_value=-0.016741379138082269 -0.013121876717316655 0.013003184616024935 -0.0078498694859445092 -0.0012198190398298966 -0.026204721913381943 -0.0054426130932824467 -0.0012198190398298966 0.0076441262121471404 0.0010869164056728187 -0.016003465725194593 -0.0012198190398298966 9.4455154845491046e-05 0.0037765443670179913 -0.0097339033306791233 0.0008719645046188926
leaf_weight=30 53 31 30 163 32 105 187 401 1000 32 495 80 51 39 111
leaf_count=30 53 31 30 163 32 105 187 401 1000 32 495 80 51 39 111
internal_value=0 3.40599e-05 -0.00616504 0.000386682 -0.00336698 -0.00966541 0.000927339 0.0018504 0.00296375 -0.00580221 -0.00121982 0.0036996 -0.000529535 -0.0127806 -0.00121982
internal_weight=0 2787 150 2637 332 169 2305 1699 1401 137 606 111 81 69 298
internal_count=2840 2787 150 2637 332 169 2305 1699 1401 137 606 111 81 69 298
is_linear=0
shrinkage=0.03


Tree=113
num_leaves=15
num_cat=0
split_feature=17 15 13 0 14 6 7 1 3 7 1 3 15 18
split_gain=9.40016 6.88557 10.0695 13.5945 8.40079 21.4109 5.69736 7.99427 7.98333 6.46325 4.02787 2.67665 1.43347 1.33812
threshold=0.05910561797752812 38.740149438202259 -3.2082404494382035 0.097850000000000006 0.27495730337078667 0.010800000000000002 -0.43744999999999995 0.091100000000000014 0.11965000000000002 -0.31124999999999997 0.52265000000000017 0.31860000000000005 0.53354101123595499 4.5000000000000009
decision_type=2 2 2 2 2 2 2 2 2 2 2 2 2 2
left_child=1 2 3 -1 12 -6 8 9 13 -8 -9 -10 -5 -4
right_child=-2 -3 6 4 5 -7 7 10 11 -11 -12 -13 -14 -15
leaf_value=-0.013001479888334869 -0.012728220504128708 -0.014034236723617199 0.016136149134682979 0.0066274954926158333 -0.00060263031539884771 0.031894715335220092 0.0012762625351461225 -0.002469057510906291 0.0012762625351461225 -0.0012889541147492836 -0.0088414922125171873 0.0074648228746407959 0.0023270460683852434 0.0078786456991325714
leaf_weight=36 53 31 38 116 37 36 606 832 121 559 100 67 175 33
leaf_count=36 53 31 38 116 37 36 606 832 121 559 100 67 175 33
internal_value=0 2.56421e-05 0.00018379 0.0045847 0.006324 0.0154235 -0.000563394 -0.00108186 0.00363439 0.000574887 -0.0031528 0.00127626 0.00404131 0.0122982
internal_weight=0 2787 2756 400 364 73 2356 2097 259 1165 932 188 291 71
internal_count=2840 2787 2756 400 364 73 2356 2097 259 1165 932 188 291 71
is_linear=0
shrinkage=0.03


Tree=114
num_leaves=18
num_cat=0
split_feature=17 1 12 7 3 7 3 3 6 8 3 17 3 4 1 1 3
split_gain=8.84508 6.42779 11.1513 8.46043 6.22698 5.32353 4.43551 18.6577 5.49784 10.4264 12.5818 3.98344 3.63152 5.219 2.56609 1.84285 1.67575
threshold=0.05910561797752812 0.091100000000000014 -2.0460101123595478 -0.31149999999999994 0.077300000000000021 -0.31759999999999994 0.11275000000000002 0.11965000000000002 -0.016649999999999998 0.17830000000000004 0.031000000000000003 -0.015320224719101131 0.25665000000000004 0.45985000000000004 0.22395000000000001 0.69905000000000006 0.013850000000000001
decision_type=2 2 2 2 2 2 2 2 2 2 2 2 2 2 2 2 2
left_child=1 2 -1 4 5 -4 8 14 9 15 -11 -6 -9 -14 -8 -3 -10
right_child=-2 6 3 -5 11 -7 7 12 16 10 -12 -13 13 -15 -16 -17 -18
leaf_value=0.019198001555858119 -0.012346373892758252 -0.0018948174018052722 0.01470534161293275 -4.5707299623353839e-05 0.006689408436184748 0.0027349818647518509 -0.01286539938793901 -4.5707299623353839e-05 -0.0018948174018052722 -0.0078247529763352253 -0.028738323692232368 0.00170903253208434 -0.00012213527210629902 -0.01341284511083116 -0.024608926210891117 -0.0078247529763352253 -4.5707299623353839e-05
leaf_weight=31 53 271 74 683 150 61 34 116 301 44 32 463 65 45 33 35 349
leaf_count=31 53 271 74 683 150 61 34 116 301 44 32 463 65 45 33 35 349
internal_value=0 2.52003e-05 0.00139677 0.00101114 0.00346377 0.00929651 -0.00148818 -0.00474574 -0.000563318 -0.00374393 -0.0137547 0.00217924 -0.000623815 -0.00555924 -0.0186495 -0.00189482 -4.57073e-05
internal_weight=0 2787 1462 1431 748 135 1325 293 1032 382 76 613 226 110 67 306 650
internal_count=2840 2787 1462 1431 748 135 1325 293 1032 382 76 613 226 110 67 306 650
is_linear=0
shrinkage=0.03


Tree=115
num_leaves=23
num_cat=0
split_feature=7 4 12 15 12 1 4 3 8 3 7 7 12 12 15 13 2 8 3 3 15 14
split_gain=8.11835 17.3775 6.40869 12.7767 6.82115 6.63723 4.84755 9.10864 4.59012 4.47439 8.81655 3.86701 3.64654 3.51379 3.71367 3.33017 1.7653 1.75131 0.979469 0.752057 0.41815 0.349313
threshold=-0.28274999999999995 0.17430000000000004 -0.77568426966292126 1.0000000180025095e-35 -0.14738202247190732 0.033250000000000009 0.22315000000000004 0.037600000000000001 0.20290000000000002 0.11740000000000002 -0.29124999999999995 -0.3885499999999999 -1.9340101123595479 -1.911510112359547 10.523291011235957 2.0710887640449429 0.00015000000000000004 0.19900000000000004 0.038500000000000006 0.0070500000000000007 -7.999708988764044 -0.083584269662921359
decision_type=2 2 2 2 2 2 2 2 2 2 2 2 2 2 2 2 2 2 2 2 2 2
left_child=2 8 3 6 -4 9 7 19 20 10 -6 16 -5 18 -15 -13 -7 -11 -14 -1 21 -2
right_child=1 -3 4 12 5 11 -8 -9 -10 17 -12 15 13 14 -16 -17 -18 -19 -20 -21 -22 -23
leaf_value=0.011955739172408357 -0.0079339182784775395 -0.02565529158920981 -0.0021618115537473536 -0.0021618115537473536 0.012669193171264635 0.0017866967107157659 0.001692198321595788 0.022219018138582923 -0.013706025003207726 0.0070210517534082207 0.0017866967107157659 6.384584079499947e-06 0.012405829191207885 0.0032871571415038743 -0.0021193080344373018 -0.0021618115537473536 6.384584079499947e-06 0.0017866967107157659 0.0048018666751487478 0.0071542338115512388 -0.0021618115537473536 -0.0038846880272030834
leaf_weight=32 31 32 341 75 118 278 50 54 31 68 77 332 30 257 206 399 52 106 31 50 150 30
leaf_count=32 31 32 341 75 118 278 50 54 31 68 77 332 30 257 206 399 52 106 31 50 150 30
internal_value=0 -0.00487864 0.00055502 0.00281134 -0.000445097 0.000656505 0.00967969 0.0126163 -0.00216181 0.00412221 0.00735202 -0.000548814 0.00067859 0.00177339 0.000881689 -0.00177393 0.0017867 0.0017867 0.00854152 0.00715423 -0.00216181 -0.00622806
internal_weight=0 274 2556 785 1771 1430 186 136 242 369 195 1061 599 524 463 731 330 174 61 82 211 61
internal_count=2830 274 2556 785 1771 1430 186 136 242 369 195 1061 599 524 463 731 330 174 61 82 211 61
is_linear=0
shrinkage=0.03


Tree=116
num_leaves=22
num_cat=0
split_feature=7 4 12 15 12 0 3 12 1 8 3 7 7 12 12 15 13 2 8 3 15
split_gain=7.36446 16.4548 6.07317 11.9718 6.41667 6.27922 10.5284 22.3354 6.0886 4.33063 4.27231 8.38211 3.69579 3.48299 3.30612 3.49419 3.14191 1.67816 1.64235 0.921582 0.353473
threshold=-0.28274999999999995 0.17430000000000004 -0.77568426966292126 1.0000000180025095e-35 -0.14738202247190732 0.20895000000000002 0.012550000000000002 -1.2398275280898881 0.033250000000000009 0.20290000000000002 0.11740000000000002 -0.29124999999999995 -0.3885499999999999 -1.9340101123595479 -1.911510112359547 10.523291011235957 2.0710887640449429 0.00015000000000000004 0.19900000000000004 0.038500000000000006 -7.999708988764044
decision_type=2 2 2 2 2 2 2 2 2 2 2 2 2 2 2 2 2 2 2 2 2
left_child=2 9 3 5 -4 -1 -7 -8 10 20 11 -6 17 -5 19 -16 -14 -10 -12 -15 -2
right_child=1 -3 4 13 8 6 7 -9 12 -11 18 -13 16 14 15 -17 -18 -19 -20 -21 -22
leaf_value=-0.0020794303353474462 -0.0060497890925798256 -0.02488563295744825 -0.0020794303353474462 -0.0020794303353474462 0.012289117220552417 0.0048722581282098229 0.038481979714706536 0.0084228753211767707 0.0016983644396670571 -0.01329484403163435 0.0068104201155416797 0.0016983644396670571 -2.0125386527249655e-05 0.012033654324710369 0.003188542412767904 -0.0020557287978731744 -0.0020794303353474462 -2.0125386527249655e-05 0.0016983644396670571 0.0046578107140357455 -0.0020794303353474462
leaf_weight=31 61 32 341 75 118 50 32 73 278 31 68 77 332 30 257 206 399 52 106 31 150
leaf_count=31 61 32 341 75 118 50 32 73 278 31 68 77 332 30 257 206 399 52 106 31 150
internal_value=0 -0.00466704 0.000508182 0.00270464 -0.000465404 0.00935312 0.0118239 0.0175837 0.000615891 -0.00207943 0.00393527 0.00710086 -0.000538539 0.00064017 0.00172019 0.000855238 -0.00173862 0.00169836 0.00169836 0.00828527 -0.00207943
internal_weight=0 274 2556 785 1771 186 155 105 1430 242 369 195 1061 599 524 463 731 330 174 61 211
internal_count=2830 274 2556 785 1771 186 155 105 1430 242 369 195 1061 599 524 463 731 330 174 61 211
is_linear=0
shrinkage=0.03


Tree=117
num_leaves=18
num_cat=0
split_feature=14 4 7 12 0 1 3 6 6 18 7 3 1 16 3 3 12
split_gain=7.11569 6.15027 7.55194 10.8809 19.1971 14.1731 7.45924 7.16246 5.75702 4.15468 3.28812 2.99341 2.77229 2.43606 2.33107 0.742005 0.031567
threshold=-0.35131348314606736 0.49985000000000007 -0.33849999999999997 -1.911510112359547 0.29825000000000007 0.19720000000000001 0.13965000000000002 0.047700000000000006 0.063050000000000009 3.5000000000000004 -0.31859999999999994 0.021000000000000001 0.11500000000000002 1.0000000180025095e-35 0.011100000000000002 0.26600000000000007 0.15421685393258325
decision_type=2 2 2 2 2 2 2 2 2 2 2 2 2 2 2 2 2
left_child=10 2 3 4 -2 -6 -3 11 9 -5 12 14 -1 -10 -4 -8 -17
right_child=1 6 7 8 5 -7 15 -9 13 -11 -12 -13 -14 -15 -16 16 -18
leaf_value=0.0018922196871179315 0.00085899392903529233 -0.016450487758432115 -0.0024986170274759415 0.0044865722887656089 0.037186786123821813 0.011692154413078354 -0.0024986170274759415 0.00085899392903529233 0.014734286185210714 0.00085899392903529233 -0.011842434764036845 -0.0024986170274759415 -0.0073849306246751342 0.005130800648846935 -0.00079235882522333937 -0.0055339255472645161 -0.0069101600805297489
leaf_weight=53 34 42 312 285 31 32 41 449 39 677 58 421 51 42 203 30 30
leaf_count=53 34 42 312 285 31 32 41 449 39 677 58 421 51 42 203 30 30
internal_value=0 0.000356268 0.000699046 0.00250744 0.0121182 0.0225253 -0.00569628 -0.000789449 0.00161363 0.000966882 -0.00611922 -0.00244371 -0.00292743 0.00929472 -0.000792359 -0.00249862 -0.00622204
internal_weight=0 2668 2525 1140 97 63 143 1385 1043 962 162 936 104 81 515 101 60
internal_count=2830 2668 2525 1140 97 63 143 1385 1043 962 162 936 104 81 515 101 60
is_linear=0
shrinkage=0.03


Tree=118
num_leaves=20
num_cat=0
split_feature=14 4 3 7 5 12 13 15 7 7 16 1 5 3 16 14 3 15 12
split_gain=6.69468 5.63153 7.09985 6.90008 10.1382 16.9934 5.25402 6.02351 3.21925 3.1114 2.8433 3.83436 2.28769 2.28128 1.2384 0.713612 0.692882 0.864543 0.11665
threshold=-0.35131348314606736 0.49985000000000007 0.13965000000000002 -0.33849999999999997 0.34515000000000001 -1.911510112359547 2.0355202247191007 10.523291011235957 -0.38239999999999991 -0.29994999999999994 28.526944943820187 0.11080000000000002 0.30945000000000006 0.031000000000000003 -79.803649438202271 0.65695730337078662 0.26600000000000007 -0.63070898876404413 1.5618157303370774
decision_type=2 2 2 2 2 2 2 2 2 2 2 2 2 2 2 2 2 2 2
left_child=9 3 -3 4 5 -2 7 12 -7 10 -1 -12 -5 18 -9 -8 -4 -18 -6
right_child=1 2 16 6 13 8 15 14 -10 -11 11 -13 -14 -15 -16 -17 17 -19 -20
leaf_value=-0.0090994245255177908 0.024228872653187773 -0.015956972835452429 -0.0023916819061115652 0.00082104591332543976 0.0032757583430315079 0.0081470326599560727 -0.0023916819061115652 0.00082104591332543976 0.0032757583430315079 -0.014320744383148849 0.0081139270419953394 -0.0054525431768037381 -0.0023916819061115652 0.00082104591332543976 -0.0023916819061115652 0.00082104591332543976 -0.009636512354016304 -0.0024342508111149072 0.00082104591332543976
leaf_weight=50 41 42 41 618 190 134 411 73 321 32 30 50 62 415 190 31 30 30 39
leaf_count=50 41 42 41 618 190 134 411 73 321 32 30 50 62 415 190 31 30 30 39
internal_value=0 0.000340153 -0.00545152 0.000668157 0.00239674 0.00573047 -0.000754648 0.000600044 0.00406358 -0.00594085 -0.0038781 -0.000365117 0.000821046 0.000821046 -0.00239168 -0.00239168 -0.00239168 -0.00603538 0.00327576
internal_weight=0 2668 143 2525 1140 496 1385 943 455 162 130 80 680 644 263 442 101 60 229
internal_count=2830 2668 143 2525 1140 496 1385 943 455 162 130 80 680 644 263 442 101 60 229
is_linear=0
shrinkage=0.03


Tree=119
num_leaves=22
num_cat=0
split_feature=7 4 12 15 12 1 0 12 17 8 17 5 7 12 1 7 7 1 8 15 14
split_gain=6.36051 15.473 5.29557 10.9838 5.82586 5.70268 5.66124 6.83539 5.22656 4.04577 3.85399 3.48547 4.46261 3.43882 2.91099 2.84278 1.16831 0.257127 0.184579 0.160274 0.304582
threshold=-0.28274999999999995 0.17430000000000004 -0.77568426966292126 1.0000000180025095e-35 -0.14738202247190732 0.033250000000000009 0.20895000000000002 -1.2398275280898881 0.044445505617977561 0.20290000000000002 0.030277528089887654 0.28440000000000004 -0.29124999999999995 0.15421685393258325 0.091100000000000014 -0.44879999999999992 -0.36019999999999991 0.039200000000000006 0.19900000000000004 -7.999708988764044 -0.083584269662921359
decision_type=2 2 2 2 2 2 2 2 2 2 2 2 2 2 2 2 2 2 2 2 2
left_child=2 9 3 6 -4 11 -1 -8 10 19 14 12 -6 -7 -5 -15 -12 -9 -13 20 -2
right_child=1 -3 4 8 5 13 7 17 -10 -11 16 18 -14 15 -16 -17 -18 -19 -20 -21 -22
leaf_value=-0.0019698123133873205 -0.0073951017612612253 -0.023985599191946674 -0.0019698123133873205 0.0033962795619338162 0.0097390497848693896 0.0016149247501360379 0.019940496116156146 0.0089390214712869731 -0.0019698123133873205 -0.012820391209135132 0.01057271190169381 0.0039098163006609744 0.0039098163006609744 0.0016149247501360379 -0.0019698123133873205 -0.0019698123133873205 0.0046244625524721203 0.0056642170203931646 0.0016149247501360379 -0.0019698123133873205 -0.0034988950602710248
leaf_weight=31 31 32 341 152 154 191 53 31 137 31 41 54 77 97 161 773 108 71 84 150 30
leaf_count=31 31 32 341 152 154 191 53 31 137 31 41 54 77 97 161 773 108 71 84 150 30
internal_value=0 -0.00437459 0.000434964 0.00248599 -0.00047416 0.000567319 0.00885423 0.0112007 0.000508543 -0.00196981 0.00228991 0.00377978 0.00620471 -0.000549926 0.000399415 -0.00143021 0.00626123 0.0066595 0.00161492 -0.00196981 -0.00567117
internal_weight=0 274 2556 785 1771 1430 186 155 599 242 462 369 231 1061 313 870 149 102 138 211 61
internal_count=2830 274 2556 785 1771 1430 186 155 599 242 462 369 231 1061 313 870 149 102 138 211 61
is_linear=0
shrinkage=0.03


Tree=120
num_leaves=24
num_cat=0
split_feature=17 13 13 0 12 12 7 3 12 14 17 18 15 6 3 6 7 3 17 6 13 14 3
split_gain=11.4864 8.02178 14.3506 6.55498 15.2869 13.1312 6.07782 4.98756 4.56834 4.29426 3.94312 3.61676 3.68841 3.61267 3.54575 3.1132 2.98427 2.85644 1.55761 1.43774 1.27584 0.534228 0.479924
threshold=0.05910561797752812 1.7265202247191029 2.8250528089887639 0.38135000000000002 -1.9340101123595479 -2.0460101123595478 -0.32039999999999996 0.011100000000000002 1.1112595505617977 0.65695730337078662 -0.015320224719101131 4.5000000000000009 7.5527910112359562 0.042200000000000008 0.028950000000000004 0.047700000000000006 -0.44879999999999992 0.0079000000000000025 -0.0048241573033707954 0.044850000000000008 3.0847595505617957 -0.13795393258426963 0.11230000000000001
decision_type=2 2 2 2 2 2 2 2 2 2 2 2 2 2 2 2 2 2 2 2 2 2 2
left_child=1 3 6 4 -1 -5 16 17 22 -10 19 -6 -13 14 -8 -12 -3 20 -18 -7 -4 -15 -9
right_child=-2 2 7 5 11 10 13 8 9 -11 15 12 -14 21 -16 -17 18 -19 -20 -21 -22 -23 -24
leaf_value=-0.018806434310972689 -0.013652672841479734 0.0041137653551995747 -0.0064182940565726977 0.016769657079130411 0.00056727225808794052 0.0049129911922663454 -0.010092399238244825 0.010025232873522328 -0.00021664431218856148 0.0096738152319322465 0.00056727225808794052 -0.0068380566345924727 0.00056727225808794052 -0.010027588648455484 -0.021512790071112769 0.0041886695833220746 -0.0060046290610748605 -0.011681297764182089 -0.0011878700992827744 0.01222625633701682 0.00046747395809698889 -0.0064044348642438454 0.0058033741648810411
leaf_weight=42 56 45 33 56 262 125 66 64 280 46 729 122 92 42 35 241 166 30 95 30 91 53 39
leaf_count=42 56 45 33 56 262 125 66 64 280 46 729 122 92 42 35 241 166 30 95 30 91 53 39
internal_value=0 7.01617e-05 -0.00194497 0.00135705 -0.0014566 0.00259115 -0.0056631 0.00125657 0.00291907 0.00117894 0.00188537 7.42645e-05 -0.00340152 -0.00978764 -0.0137804 0.00117539 -0.00302123 -0.00337469 -0.0042514 0.00632846 -0.00136503 -0.00640443 0.00842667
internal_weight=0 2784 1085 1699 518 1181 502 583 429 326 1125 476 214 196 101 970 306 154 261 155 124 95 103
internal_count=2840 2784 1085 1699 518 1181 502 583 429 326 1125 476 214 196 101 970 306 154 261 155 124 95 103
is_linear=0
shrinkage=0.03


Tree=121
num_leaves=13
num_cat=0
split_feature=17 14 0 12 7 16 3 2 15 7 16 6
split_gain=10.8189 6.61341 5.99437 5.85599 5.79974 5.11828 4.58911 4.513 7.75597 3.40735 2.40152 0.83111
threshold=0.05910561797752812 -0.35131348314606736 1.0000000180025095e-35 -0.77568426966292126 -0.44879999999999992 43.358350561797756 0.11965000000000002 0.20440000000000003 -1.8483011235955054 -0.31124999999999997 28.526944943820187 0.014300000000000002
decision_type=2 2 2 2 2 2 2 2 2 2 2 2
left_child=1 9 -3 7 6 -6 -5 8 -4 10 -1 -12
right_child=-2 2 3 4 5 -7 -8 -9 -10 -11 11 -13
leaf_value=-0.0082504671024388743 -0.013243093678528176 -0.0090269407358462526 0.0098639454133808615 0.01582595247534975 -0.0015090268866368934 0.0024607808079832954 0.0026302987340075037 -0.0041912132701563201 0.0018999617716164668 -0.013266489138560636 -0.0030429851737889379 0.0036403249499990659
leaf_weight=44 56 59 133 31 1402 235 101 32 638 42 33 34
leaf_count=44 56 59 133 31 1402 235 101 32 638 42 33 34
internal_value=0 7.50306e-05 0.000427632 0.000644514 -0.000319936 -0.000807716 0.00572928 0.00276919 0.00327377 -0.00598834 -0.00323445 0.000348545
internal_weight=0 2784 2631 2572 1769 1637 132 803 771 153 111 67
internal_count=2840 2784 2631 2572 1769 1637 132 803 771 153 111 67
is_linear=0
shrinkage=0.03


Tree=122
num_leaves=22
num_cat=0
split_feature=0 7 13 14 7 3 18 0 14 0 13 14 7 6 16 6 18 16 3 12 15
split_gain=8.93737 7.41752 6.74492 4.91879 5.41408 12.365 4.73862 4.40513 13.4499 3.89374 3.64594 2.71427 2.65364 1.93598 1.69939 1.52883 1.19774 0.728037 0.284338 0.133255 0.11534
threshold=1.0000000180025095e-35 -0.3098999999999999 -0.16197977528089777 0.27495730337078667 -0.43159999999999993 0.11965000000000002 4.5000000000000009 0.18995000000000004 0.31913146067415737 0.40330000000000005 -3.8334797752808982 0.40500112359550566 -0.3885499999999999 0.025850000000000005 9.1191651685393271 0.069650000000000017 5.5000000000000009 -52.09964943820227 0.011100000000000002 0.38502921348314351 -3.1038719101123493
decision_type=2 2 2 2 2 2 2 2 2 2 2 2 2 2 2 2 2 2 2 2 2
left_child=6 3 9 4 5 20 -1 16 -9 -3 -6 14 -10 -12 19 -7 -5 -11 -13 -4 -2
right_child=1 2 11 7 10 15 -8 8 12 17 13 18 -14 -15 -16 -17 -18 -19 -20 -21 -22
leaf_value=-0.0056415898251916032 0.015133092880489364 -0.0056415898251916032 -0.002346635400317609 0.0024684556903311868 0.0020671795859956315 0.0020671795859956315 -0.019481894336640833 0.018963356045673466 0.00901558761484921 -0.0031039671694186332 -0.00056634451364566375 -0.0029882020470474594 0.0024684556903311868 0.0019781350780927187 -0.0056415898251916032 0.0080516551597975185 -0.00056634451364566375 -0.00056634451364566375 -0.00056634451364566375 -0.00056634451364566375 0.01774245711788535
leaf_weight=30 31 39 38 62 173 102 33 56 57 64 727 44 233 351 186 56 39 397 46 46 30
leaf_count=30 31 39 38 62 173 102 33 56 57 64 727 44 233 351 186 56 39 397 46 46 30
internal_value=0 7.18417e-05 -0.00224302 0.00111033 0.000272347 0.00462377 -0.011355 0.00386611 0.00550326 -0.000566345 -0.000489414 -0.00542207 0.00290406 -0.000566345 -0.00564159 0.00206718 -0.000566345 -0.000566345 -0.000566345 -0.000644218 0.0164164
internal_weight=0 2777 860 1917 1470 219 63 447 346 500 1251 360 290 1078 270 158 101 461 90 84 61
internal_count=2840 2777 860 1917 1470 219 63 447 346 500 1251 360 290 1078 270 158 101 461 90 84 61
is_linear=0
shrinkage=0.03


Tree=123
num_leaves=13
num_cat=0
split_feature=17 14 0 12 7 16 3 2 15 7 16 6
split_gain=10.0974 6.15796 5.14825 5.30878 5.15729 4.78316 4.14963 4.14331 6.96691 3.07657 2.27612 0.767933
threshold=0.05910561797752812 -0.35131348314606736 1.0000000180025095e-35 -0.77568426966292126 -0.44879999999999992 43.358350561797756 0.11965000000000002 0.20440000000000003 -1.8483011235955054 -0.31124999999999997 28.526944943820187 0.014300000000000002
decision_type=2 2 2 2 2 2 2 2 2 2 2 2
left_child=1 9 -3 7 6 -6 -5 8 -4 10 -1 -12
right_child=-2 2 3 4 5 -7 -8 -9 -10 -11 11 -13
leaf_value=-0.0079474158244725295 -0.012813404053283323 -0.0083687240693528786 0.0093515593611768321 0.014981313826414877 -0.0014652053927474611 0.0022981065070032517 0.002433407126676558 -0.0038872596148132234 0.0018035503490771412 -0.012713747660496403 -0.0029484478451988912 0.0034758243833065911
leaf_weight=44 56 59 133 31 1402 235 101 32 638 42 33 34
leaf_count=44 56 59 133 31 1402 235 101 32 638 42 33 34
internal_value=0 5.29678e-05 0.000393212 0.000594205 -0.000324079 -0.000784051 0.00538026 0.00261717 0.00310561 -0.00579789 -0.00318108 0.000311631
internal_weight=0 2784 2631 2572 1769 1637 132 803 771 153 111 67
internal_count=2840 2784 2631 2572 1769 1637 132 803 771 153 111 67
is_linear=0
shrinkage=0.03


Tree=124
num_leaves=24
num_cat=0
split_feature=17 13 13 16 7 7 15 3 8 16 3 12 8 8 18 17 16 3 7 13 13 6 3
split_gain=9.50125 6.83233 12.7576 5.18592 6.43873 5.02236 5.33518 6.29065 4.85349 4.66738 4.46246 4.45368 4.13293 3.93304 3.61685 3.49173 3.01241 2.68233 1.47045 1.17887 1.00462 0.756199 0.46322
threshold=0.05910561797752812 1.7265202247191029 2.8250528089887639 24.028249438202298 -0.31324999999999997 -0.25914999999999994 0.032698876404494655 0.25665000000000004 0.19965000000000002 -23.644359550561884 0.011100000000000002 1.1112595505617977 0.20000000000000004 0.19885000000000003 4.5000000000000009 -0.0013202247191011205 32.901350561797763 0.0079000000000000025 -0.42254999999999993 3.0847595505617957 1.9001398876404496 0.035150000000000008 0.11230000000000001
decision_type=2 2 2 2 2 2 2 2 2 2 2 2 2 2 2 2 2 2 2 2 2 2 2
left_child=1 5 3 18 16 6 7 9 15 -1 17 22 -13 -6 -9 -8 -5 19 -3 -4 -20 -10 -12
right_child=-2 2 10 4 13 -7 8 14 21 -11 11 12 -14 -15 -16 -17 -18 -19 20 -21 -22 -23 -24
leaf_value=0.0081138298119802846 -0.012429002174675198 0.0048707314406431492 -0.00608000629581511 -0.0057885592434472038 -0.0098897515165228995 -0.010725088537700713 -0.001929557954096465 0.0033906814445029288 -0.0046316431099082513 0.0026778441025678713 0.009791761008964386 0.0022736937599619174 -0.0083753235708620092 -0.022381867848336696 -0.0046316431099082513 0.001879524085344825 0.0043407690380850138 -0.011219498867169022 -0.0056515579094859551 0.00053890963931245591 -0.00036939566524504401 -0.001929557954096465 0.0056440241561862281
leaf_weight=198 56 31 33 179 93 31 155 51 72 504 64 289 37 30 42 593 31 30 52 91 86 53 39
leaf_count=198 56 31 33 179 93 31 155 51 72 504 64 289 37 30 42 593 31 30 52 91 86 53 39
internal_value=0 5.17876e-05 -0.00180796 -0.00531364 -0.00748586 0.00123944 0.0014618 0.00323976 -0.0001573 0.00421107 0.00121066 0.00278322 0.00106506 -0.0129366 -0.00409207 0.000772527 -0.00429328 -0.00317003 -0.00103347 -0.00122258 -0.00235978 -0.00463164 0.00822126
internal_weight=0 2784 1085 502 333 1699 1668 795 873 702 583 429 326 123 93 748 210 154 169 124 138 125 103
internal_count=2840 2784 1085 502 333 1699 1668 795 873 702 583 429 326 123 93 748 210 154 169 124 138 125 103
is_linear=0
shrinkage=0.03


Tree=125
num_leaves=12
num_cat=0
split_feature=7 3 3 3 1 3 3 14 3 3 7
split_gain=6.5211 20.89 7.66549 24.0065 10.4779 21.0741 10.8536 6.14602 1.81995 0.954608 0.298019
threshold=-0.29124999999999995 0.016650000000000002 0.013850000000000001 0.017750000000000005 0.22395000000000001 0.021000000000000001 0.11370000000000001 0.12491573033707866 0.023950000000000003 0.0012500000000000002 -0.42724999999999996
decision_type=2 2 2 2 2 2 2 2 2 2 2
left_child=2 -2 9 -4 5 -5 -7 8 -3 -1 -6
right_child=1 7 3 4 10 6 -8 -9 -10 -11 -12
leaf_value=0.0071356442299756132 -0.0011205914956918736 -0.0056800427988944746 0.022734137254301456 0.021748472362663595 0.00075308784830592891 0.0052323903678666277 0.00075308784830592891 -0.023953104897712667 -0.013659002293646335 -0.0011205914956918736 -0.0011205914956918736
leaf_weight=33 330 53 48 50 100 576 759 36 50 470 317
leaf_count=33 330 53 48 50 100 576 759 36 50 470 317
internal_value=0 -0.00305761 0.000816422 0.00179511 0.00123736 0.00262677 0.0019106 -0.0132828 -0.00955332 -0.00112059 -0.00112059
internal_weight=0 469 2353 1850 1802 1385 1335 139 103 503 417
internal_count=2822 469 2353 1850 1802 1385 1335 139 103 503 417
is_linear=0
shrinkage=0.03


Tree=126
num_leaves=18
num_cat=0
split_feature=6 3 3 3 12 3 3 4 3 17 15 15 12 3 3 12 13
split_gain=4.76076 7.20249 19.7399 10.3936 11.708 6.93033 6.66311 4.42898 3.81384 2.78514 2.00045 1.17947 1.02471 0.57903 4.48193 0.760923 0.378439
threshold=-0.014399999999999998 0.013850000000000001 0.016650000000000002 0.11275000000000002 -1.911510112359547 0.064250000000000015 0.31860000000000005 0.27155000000000001 0.35670000000000007 -0.020324157303370779 -9.9038932584269634 -31.911850561797731 -0.19338202247190669 0.046200000000000012 0.019050000000000001 0.076716853932586218 -3.9629471910112359
decision_type=2 2 2 2 2 2 2 2 2 2 2 2 2 2 2 2 2
left_child=7 11 12 4 -4 -6 16 9 -8 10 -1 -2 -3 14 -11 -16 -5
right_child=1 2 3 6 5 -7 8 -9 -10 13 -12 -13 -14 -15 15 -17 -18
leaf_value=-0.0010486035758620494 0.0061941360999994413 0.019962620977038405 0.016751425290214162 0.0074559357298177578 0.00021347423164635461 0.0062704025598474015 0.012605496829686065 -0.013322639844634315 0.00216677655402704 -0.0010486035758620494 -0.0076041233727156751 -0.0010486035758620494 0.013212111092358828 -0.0010486035758620494 -0.0076041233727156751 -0.0028860228751727843 -0.0010486035758620494
leaf_weight=40 34 34 56 31 448 274 45 33 105 117 54 651 50 94 61 32 663
leaf_count=40 34 34 56 31 448 274 45 33 105 117 54 651 50 94 61 32 663
internal_value=0 0.000664089 0.00176401 0.00102963 0.00353703 0.00251209 -0.0010486 -0.0027613 0.00529839 -0.00188561 -0.00649218 -0.0010486 0.0159445 -0.0010486 -0.00277517 -0.00760412 -0.0010486
internal_weight=0 2391 1706 1622 778 722 844 431 150 398 94 685 84 304 210 93 694
internal_count=2822 2391 1706 1622 778 722 844 431 150 398 94 685 84 304 210 93 694
is_linear=0
shrinkage=0.03


Tree=127
num_leaves=15
num_cat=0
split_feature=8 7 15 6 3 3 8 7 0 7 7 13 3 3
split_gain=7.14917 10.8786 6.73462 5.91211 7.9945 17.1234 18.0738 7.72765 5.50144 10.3304 4.52106 2.12691 1.6603 1.24562
threshold=0.20000000000000004 -0.31124999999999997 10.523291011235957 -0.014399999999999998 0.013850000000000001 0.040500000000000008 0.18545000000000003 -0.30834999999999996 0.45575000000000004 -0.35819999999999991 -0.29994999999999994 2.0710887640449429 0.31860000000000005 0.0070500000000000007
decision_type=2 2 2 2 2 2 2 2 2 2 2 2 2 2
left_child=3 -2 11 13 -5 6 7 -6 12 -10 -8 -3 -7 -1
right_child=1 2 -4 4 5 8 10 -9 9 -11 -12 -13 -14 -15
leaf_value=-0.00012190641921210703 -0.0016245299926510273 -0.0058338643097102872 -0.019780036465963349 -0.00012190641921210703 0.024935368278772747 -0.00012190641921210703 0.0076662842665251541 0.011060460749476289 0.014724256774144514 0.0016907341902440735 -0.00012190641921210703 -0.012464385998848063 0.0016397388050844496 -0.0016245299926510273
leaf_weight=60 181 74 46 612 67 474 131 47 63 417 116 44 119 371
leaf_count=60 181 74 46 612 67 474 131 47 63 417 116 44 119 371
internal_value=0 -0.00392929 -0.0100432 0.000680226 0.00138072 0.00274845 0.00840027 0.018281 0.000846956 0.00340138 0.00383994 -0.00624748 -0.000121906 -0.00162453
internal_weight=0 345 164 2477 2046 1434 361 114 1073 480 247 118 593 431
internal_count=2822 345 164 2477 2046 1434 361 114 1073 480 247 118 593 431
is_linear=0
shrinkage=0.03


Tree=128
num_leaves=14
num_cat=0
split_feature=8 7 1 7 0 15 7 3 6 3 3 16 3
split_gain=6.41942 10.2517 7.91081 10.3787 22.4243 6.40395 3.91418 3.85701 5.676 3.77454 3.63624 2.56697 0.400896
threshold=0.20000000000000004 -0.31124999999999997 0.038750000000000007 -0.29079999999999995 0.89130000000000009 7.5527910112359562 -0.3098999999999999 0.11275000000000002 -0.014399999999999998 0.25465000000000004 0.17570000000000005 10.237249438202356 0.31860000000000005
decision_type=2 2 2 2 2 2 2 2 2 2 2 2 2
left_child=2 -2 3 4 9 11 7 8 -4 10 -1 -3 -9
right_child=1 5 6 -5 -6 -7 -8 12 -10 -11 -12 -13 -14
leaf_value=0.0061545185622526328 -0.0015554047610897566 -0.0056264339989556666 -0.00053999121198608426 0.0015084246338201047 0.025874825234011727 -0.018397689278667362 -0.0015554047610897566 -0.00053999121198608426 0.0015084246338201047 0.0041530607455365683 0.015079837268130798 -0.012167454485057129 0.0015084246338201047
leaf_weight=180 181 58 363 247 49 52 371 361 621 148 44 54 93
leaf_count=180 181 58 363 247 49 52 371 361 621 148 44 54 93
internal_value=0 -0.00373937 0.000628558 0.00341853 0.0067977 -0.00969746 -0.000401681 0.000475422 0.00150842 0.00428485 0.00805106 -0.00565807 -0.000539991
internal_weight=0 345 2477 668 421 164 1809 1438 984 372 224 112 454
internal_count=2822 345 2477 668 421 164 1809 1438 984 372 224 112 454
is_linear=0
shrinkage=0.03


Tree=129
num_leaves=15
num_cat=0
split_feature=8 7 1 7 0 0 14 7 18 3 3 4 3 13
split_gain=5.72429 9.62355 7.18676 9.80343 21.2279 4.99754 4.37129 3.95726 3.709 3.65806 3.4336 1.96976 1.09831 0.634255
threshold=0.20000000000000004 -0.31124999999999997 0.038750000000000007 -0.29079999999999995 0.89130000000000009 0.96535000000000015 0.27495730337078667 -0.43159999999999993 4.5000000000000009 0.25465000000000004 0.17570000000000005 0.41790000000000005 0.25665000000000004 -3.8334797752808982
decision_type=2 2 2 2 2 2 2 2 2 2 2 2 2 2
left_child=2 -2 3 4 9 8 7 12 -3 10 -1 -8 -4 -9
right_child=1 5 6 -5 -6 -7 11 13 -10 -11 -12 -13 -14 -15
leaf_value=0.0059698830724228174 -0.0014838571430271673 -0.0095044145890652611 0.0014171070102041176 0.0014171070102041176 0.025098580475896595 -0.0054132160391142329 0.0014171070102041176 -3.337506641152479e-05 -0.019403503785053126 0.0039772174448653528 0.014595506090047439 -0.0014838571430271673 -3.337506641152479e-05 -0.0014838571430271673
leaf_weight=180 181 53 140 247 49 59 402 141 52 148 44 32 96 998
leaf_count=180 181 53 140 247 49 59 402 141 52 148 44 32 96 998
internal_value=0 -0.00354619 0.000578472 0.0032377 0.00653733 -0.00934257 -0.000403488 -0.00127027 -0.0135956 0.00409243 0.00781383 0.00141711 0.00141711 -0.00148386
internal_weight=0 345 2477 668 421 164 1809 1375 105 372 224 434 236 1139
internal_count=2822 345 2477 668 421 164 1809 1375 105 372 224 434 236 1139
is_linear=0
shrinkage=0.03


Tree=130
num_leaves=20
num_cat=0
split_feature=1 7 0 13 13 15 6 3 3 3 16 6 4 17 3 16 3 0 1
split_gain=5.48995 5.50891 9.81733 6.943 6.58138 5.08962 5.05171 3.63336 3.37294 3.09958 3.02273 2.42339 2.66885 1.69735 3.22114 1.55991 3.2836 1.18902 0.711349
threshold=0.69905000000000006 -0.36019999999999991 0.52975000000000005 2.0710887640449429 2.8921573033707877 10.523291011235957 0.050050000000000004 0.0070500000000000007 0.31860000000000005 0.34510000000000007 -79.803649438202271 -0.0035499999999999998 0.024400000000000002 -0.0035544943820224602 0.045700000000000011 32.901350561797763 0.011600000000000001 0.29825000000000007 0.010500000000000001
decision_type=2 2 2 2 2 2 2 2 2 2 2 2 2 2 2 2 2 2 2
left_child=1 2 7 5 15 11 10 -1 17 -10 -7 12 -3 14 -6 18 -17 -9 -5
right_child=-2 3 -4 4 13 6 -8 8 9 -11 -12 -13 -14 -15 -16 16 -18 -19 -20
leaf_value=0.0089827449378022482 -0.012724629257890311 -0.0024145397210929504 0.01728044283302391 -0.0007822533845901489 -0.00019370309608625889 -0.0030011010438054219 4.5318478433712463e-05 4.5318478433712463e-05 0.0090705104404148352 0.0021871755285145238 -0.0065705550814626696 4.5318478433712463e-05 -0.0065705550814626696 4.5318478433712463e-05 -0.0065705550814626696 -0.0065705550814626696 4.5318478433712463e-05 0.0019431024868855206 -0.0065705550814626696
leaf_weight=47 33 35 34 30 131 64 82 344 30 129 182 729 117 98 50 37 52 357 252
leaf_count=47 33 35 34 30 131 64 82 344 30 129 182 729 117 98 50 37 52 357 252
internal_value=0 -0.000416481 0.00145386 -0.00136322 -0.00386363 -1.89123e-05 -0.00369375 0.000860578 0.000416692 0.00449932 -0.00604752 4.53185e-05 -0.0048744 -0.000382601 -0.002908 -0.00648144 -0.00259469 4.53185e-05 -0.00657056
internal_weight=0 2800 941 1859 650 1209 328 907 860 159 246 881 152 279 181 371 89 701 282
internal_count=2833 2800 941 1859 650 1209 328 907 860 159 246 881 152 279 181 371 89 701 282
is_linear=0
shrinkage=0.03


Tree=131
num_leaves=28
num_cat=0
split_feature=18 0 13 7 16 1 15 1 14 3 3 18 15 1 7 7 6 16 16 3 16 7 0 6 3 12 0
split_gain=5.92701 5.05662 4.70591 7.75571 4.21034 4.86518 17.1522 4.09675 3.7328 3.62113 3.56911 3.06616 2.91137 3.10872 3.11965 2.76736 2.49021 2.48267 2.47491 2.20809 1.01701 0.965218 1.55675 0.711762 0.448548 1.00946 0.356267
threshold=3.5000000000000004 1.0000000180025095e-35 1.9001398876404496 -0.3885499999999999 -16.688834831460664 0.16420000000000004 -1.6509589887640448 0.31080000000000002 0.63245730337078687 0.11965000000000002 0.25665000000000004 4.5000000000000009 1.0000000180025095e-35 0.038750000000000007 -0.3098999999999999 -0.3885499999999999 0.064850000000000019 24.892749438202319 8.8318606741572143 0.11370000000000001 29.233444943820249 -0.29794999999999994 0.53320000000000001 0.044850000000000008 0.011100000000000002 -0.72932752808988954 0.24995000000000003
decision_type=2 2 2 2 2 2 2 2 2 2 2 2 2 2 2 2 2 2 2 2 2 2 2 2 2 2 2
left_child=12 -2 4 7 5 6 -3 9 17 -4 16 -7 13 21 20 19 -6 -5 -12 -14 26 22 -1 24 -17 -26 -15
right_child=1 2 3 8 10 11 -8 -9 -10 -11 18 -13 15 14 -16 23 -18 -19 -20 -21 -22 -23 -24 -25 25 -27 -28
leaf_value=0.0066205325721885745 -0.011162459549048672 0.020663334939847972 0.014725870264153326 -0.002792517337895168 0.0022903564914631236 -0.0026677826860787329 -0.0014147821052567641 -0.0010624709008315617 -0.0010624709008315617 0.0029176022631949498 -0.0061344643704049594 -0.0061344643704049594 0.0094946258400495243 0.0017967721006761374 -0.0048059776008806442 -0.0061318621482398051 0.010595206445881298 -0.0061344643704049594 0.0023596033064479174 0.00092819652809299691 -0.00019566038262163255 0.0042975837763644231 0.012825742939829217 0.00092819652809299691 -0.0011510834980232411 -0.00519321190172445 0.0042975837763644231
leaf_weight=41 46 34 31 220 454 84 462 70 86 95 32 117 39 52 55 37 35 326 33 46 58 54 49 48 58 67 104
leaf_count=41 46 34 31 220 454 84 462 70 86 95 32 117 39 52 55 37 35 326 33 46 58 54 49 48 58 67 104
internal_value=0 -0.00132415 -0.00110647 -0.00286087 5.47189e-05 -0.00149692 9.86372e-05 0.00235284 -0.00447778 0.00582281 0.00200687 -0.0054342 0.00184517 0.00347105 0.00156672 -0.000431067 0.00288477 -0.00549582 -0.00459769 0.00413606 0.00320456 0.00702845 0.00894348 -0.00227967 -0.00323036 -0.00237152 0.00429758
internal_weight=0 2125 2079 828 1251 697 496 196 632 126 554 201 708 413 269 295 489 546 65 85 214 144 90 210 162 125 156
internal_count=2833 2125 2079 828 1251 697 496 196 632 126 554 201 708 413 269 295 489 546 65 85 214 144 90 210 162 125 156
is_linear=0
shrinkage=0.03


Tree=132
num_leaves=25
num_cat=0
split_feature=18 0 3 3 7 1 3 3 15 17 7 18 3 7 0 1 7 3 6 14 3 12 7 3
split_gain=5.6247 4.74858 3.95783 9.91836 10.3196 8.11768 5.22734 3.92813 2.73481 3.35845 2.57162 2.26493 2.09062 1.56532 2.05622 1.42674 2.34217 1.22723 0.662453 0.562355 0.428633 0.961584 0.415048 0.0822499
threshold=3.5000000000000004 1.0000000180025095e-35 0.31860000000000005 0.25665000000000004 -0.43159999999999993 0.20860000000000004 0.35670000000000007 0.41800000000000009 1.0000000180025095e-35 -0.017320224719101131 -0.3885499999999999 4.5000000000000009 0.11370000000000001 -0.35244999999999999 0.35930000000000001 0.037300000000000007 -0.32039999999999996 0.026800000000000004 0.044850000000000008 -0.14745393258426964 0.011100000000000002 -0.72932752808988954 -0.31124999999999997 0.080850000000000019
decision_type=2 2 2 2 2 2 2 2 2 2 2 2 2 2 2 2 2 2 2 2 2 2 2 2
left_child=8 -2 3 4 11 -6 -4 -8 9 13 12 -3 -10 14 -1 19 23 -15 20 -11 -12 -22 -21 -17
right_child=1 2 6 -5 5 -7 7 -9 10 15 18 -13 -14 17 -16 16 -18 -19 -20 22 21 -23 -24 -25
leaf_value=0.00025799972224182279 -0.010827585811848225 0.01504107837784378 0.013910031033945934 -0.0059551447861716979 -0.000128060097922571 -0.0048355867750435868 -0.0059551447861716979 0.0062785916420398276 0.0092097869738399125 0.005806067640389519 -0.0059479062946362262 0.0053781996438371348 0.00089796165441174633 -0.00015406883630805231 0.0093848150018602614 0.0044139395265665364 -0.0020428564575622264 -0.007628017181064933 0.00089796165441174633 0.011429610167185522 -0.0011067947182798585 -0.0050374154443505095 0.0071185332881538443 0.005806067640389519
leaf_weight=44 46 34 35 109 1306 441 45 48 39 30 37 61 46 58 30 48 46 30 48 44 58 67 37 46
leaf_count=44 46 34 35 109 1306 441 45 48 39 30 37 61 46 58 30 48 46 30 48 44 58 67 37 46
internal_value=0 -0.00129365 -0.0010827 -0.00141798 -0.000792765 -0.00131639 0.00402759 0.000308397 0.00179379 0.0033696 -0.000412351 0.00883649 0.0039903 2.19678e-06 0.00321801 0.00554298 0.003529 -0.00270201 -0.00219438 0.00808313 -0.00311155 -0.00227199 0.00946035 0.00580607
internal_weight=0 2125 2079 1951 1842 1747 128 93 708 413 295 95 85 162 74 251 140 88 210 111 162 125 81 94
internal_count=2833 2125 2079 1951 1842 1747 128 93 708 413 295 95 85 162 74 251 140 88 210 111 162 125 81 94
is_linear=0
shrinkage=0.03


Tree=133
num_leaves=31
num_cat=0
split_feature=18 0 13 14 8 3 16 1 15 17 3 18 15 17 16 8 1 1 8 3 3 17 14 0 3 1 3 8 1 3
split_gain=5.33552 4.45892 4.43972 5.14962 4.48777 5.25778 3.96102 4.494 16.132 3.63983 3.44371 2.81759 2.56625 3.18118 2.27379 2.26254 1.52518 1.3212 1.24317 1.22186 0.613984 0.590363 0.534908 0.314233 0.303778 0.43034 0.303741 0.52449 0.292991 0.579324
threshold=3.5000000000000004 1.0000000180025095e-35 1.9001398876404496 0.65695730337078662 0.17445000000000002 0.085450000000000012 -16.688834831460664 0.16420000000000004 -1.6509589887640448 -0.0030544943820224597 0.25665000000000004 4.5000000000000009 1.0000000180025095e-35 -0.017320224719101131 8.8318606741572143 0.20155000000000003 0.14455000000000004 0.037300000000000007 0.17515000000000003 0.080850000000000019 0.04735000000000001 -0.0013202247191011205 -0.14745393258426964 0.14340000000000003 0.018400000000000003 0.033250000000000009 0.098450000000000024 0.19185000000000002 0.093850000000000003 0.04200000000000001
decision_type=2 2 2 2 2 2 2 2 2 2 2 2 2 2 2 2 2 2 2 2 2 2 2 2 2 2 2 2 2 2
left_child=12 -2 6 4 5 -4 7 8 -3 -6 15 -9 13 23 -12 -8 -5 22 20 21 -14 -19 -15 -1 25 -20 -26 -28 -25 -30
right_child=1 2 3 16 9 -7 10 11 -10 -11 14 -13 18 17 -16 -17 -18 19 24 -21 -22 -23 -24 28 26 -27 27 -29 29 -31
leaf_value=-0.0027241037894160515 -0.010502758072436098 0.020040314756333829 -0.0019041642946688538 0.010340725433081389 -0.0057812652359859364 0.0070021856456112704 0.0035428897804452172 -0.0025622121203650529 -0.0013711358001228882 -0.0019041642946688538 -0.0057812652359859364 -0.0057812652359859364 0.0055346652482812465 0.0056377295325058469 0.0022882005953314627 -0.0029678814151945215 0.0010602272789487065 0.0035500362748280166 -0.00060704064308939618 0.0056377295325058469 0.00046432019605154696 -0.0012608799826755949 0.0091765422909089404 0.0027367733240627294 0.00046432019605154696 -0.0051007897940210318 0.00046432019605154696 -0.0045147496101593503 0.0012069521514638287 -0.0010446874123247606
leaf_weight=31 46 34 93 30 393 76 435 84 462 202 32 117 37 30 33 54 34 48 34 48 51 44 81 41 60 44 31 38 60 30
leaf_count=31 46 34 93 30 393 76 435 84 462 202 32 117 37 30 33 54 34 48 34 48 51 44 81 41 60 44 31 38 60 30
internal_value=0 -0.00126419 -0.00105977 -0.00276383 -0.00344859 0.000865655 6.80962e-05 -0.0014369 9.65846e-05 -0.00467398 0.00196156 -0.00522101 0.00174284 0.00326931 -0.00452594 0.00282391 0.00541046 0.00538456 -0.000394231 0.00344651 0.00259266 0.00124916 0.00782895 -8.01064e-06 -0.00166402 -0.00314198 -0.000770372 -0.00214565 0.000634729 -0.000322869
internal_weight=0 2125 2079 828 764 169 1251 697 496 595 554 201 708 413 65 489 64 251 295 140 88 92 111 162 207 78 129 69 131 90
internal_count=2833 2125 2079 828 764 169 1251 697 496 595 554 201 708 413 65 489 64 251 295 140 88 92 111 162 207 78 129 69 131 90
is_linear=0
shrinkage=0.03


Tree=134
num_leaves=20
num_cat=0
split_feature=1 18 3 3 3 12 7 3 3 15 7 1 7 3 16 7 4 6 3
split_gain=5.11483 4.67893 3.78431 11.3361 7.32417 8.94541 6.32798 4.90116 3.66937 2.5248 2.39288 2.38283 2.97475 2.1266 0.963246 0.865395 1.40906 0.612833 0.417899
threshold=0.69905000000000006 3.5000000000000004 0.31860000000000005 0.25665000000000004 0.17680000000000004 -0.47928314606741645 -0.42254999999999993 0.35670000000000007 0.41800000000000009 1.0000000180025095e-35 -0.3885499999999999 0.038750000000000007 -0.3098999999999999 0.11370000000000001 29.233444943820249 -0.29794999999999994 0.30820000000000003 0.044850000000000008 0.052800000000000007
decision_type=2 2 2 2 2 2 2 2 2 2 2 2 2 2 2 2 2 2 2
left_child=1 9 3 4 6 -6 -3 -4 -9 11 13 15 14 -11 -13 16 -1 18 -12
right_child=-2 2 7 -5 5 -7 -8 8 -10 10 17 12 -14 -15 -16 -17 -18 -19 -20
leaf_value=0.011767532144261237 -0.012246150526810776 0.0058016240623472003 0.013493075915745325 -0.0063060475640215928 0.019057434300581613 0.00078392722159612135 -0.0016640909680364462 -0.0058318202967445054 0.0060924439704103861 0.0094226294111561127 -0.0042841062299988197 0.0039873910127866882 -0.0046191433409059589 0.00093554978556818823 -0.00017862093683920408 0.0039873910127866882 0.0061004661450026485 0.00090442098677158357 -0.0012082120801455208
leaf_weight=52 33 109 35 120 36 73 1633 45 48 37 92 152 55 46 57 54 38 48 70
leaf_count=52 33 109 35 120 36 73 1633 45 48 37 92 152 55 46 57 54 38 48 70
internal_value=0 -0.000365945 -0.00107465 -0.00139927 -0.0007249 0.00681921 -0.00119695 0.00392393 0.000322639 0.00175614 -0.000368436 0.00328188 0.00158864 0.00394396 0.00322227 0.00638614 0.00821354 -0.00207286 -0.00295502
internal_weight=0 2800 2099 1971 1851 109 1742 128 93 701 293 408 264 83 209 144 90 210 162
internal_count=2833 2800 2099 1971 1851 109 1742 128 93 701 293 408 264 83 209 144 90 210 162
is_linear=0
shrinkage=0.03


Tree=135
num_leaves=12
num_cat=0
split_feature=4 7 3 1 12 12 8 17 7 4 3
split_gain=4.92774 5.33678 9.45533 8.30239 8.88546 23.5958 4.3559 5.30056 2.5565 0.990296 0.780261
threshold=0.68835000000000013 -0.28939999999999994 0.016650000000000002 0.091100000000000014 -1.911510112359547 -2.0850101123595475 0.20000000000000004 -0.015320224719101131 -0.44479999999999992 0.22315000000000004 0.0055500000000000002
decision_type=2 2 2 2 2 2 2 2 2 2 2
left_child=1 3 -3 4 5 -1 7 -6 -5 10 -10
right_child=-2 2 -4 8 6 -7 -8 -9 9 -11 -12
leaf_value=0.00050271650403955408 -0.011437692395810571 -0.0014456516117940152 -0.0057741382732139721 0.00050271650403955408 0.0069413751085754486 0.028628766252659262 0.00050271650403955408 0.0017586961471302925 -0.00095855958283562297 -0.0014456516117940152 -0.00047146755387723064
leaf_weight=39 35 278 122 179 225 40 257 582 161 252 654
leaf_count=39 35 278 122 179 225 40 257 582 161 252 654
internal_value=0 -0.000110584 -0.0033177 0.000426396 0.0022729 0.0119801 0.00155216 0.00301468 -0.00126747 -0.00144565 -0.000471468
internal_weight=0 2789 400 2389 1143 79 1064 807 1246 1067 815
internal_count=2824 2789 400 2389 1143 79 1064 807 1246 1067 815
is_linear=0
shrinkage=0.03


Tree=136
num_leaves=13
num_cat=0
split_feature=0 7 8 1 12 8 12 4 16 8 17 4
split_gain=5.53364 5.21288 8.94727 8.25063 5.95214 4.09064 4.01872 3.32857 1.86621 1.78194 1.41734 2.05038
threshold=1.0000000180025095e-35 -0.28939999999999994 0.14540000000000003 0.093100000000000002 -1.911510112359547 0.20000000000000004 -2.0850101123595475 0.17430000000000004 7.7131404494380726 0.19610000000000002 -0.004324157303370795 0.22315000000000004
decision_type=2 2 2 2 2 2 2 2 2 2 2 2
left_child=8 2 -2 4 6 -6 -4 9 -1 -3 -5 -12
right_child=1 7 3 10 5 -7 -8 -9 -10 -11 11 -13
leaf_value=-0.01432387208626155 0.013870357295408293 -0.0013829606483025758 0.00031242096301110553 -0.0013829606483025758 0.0027491269539553077 0.00031242096301110553 0.0070423318736978413 -0.0045637382397853143 -0.0045637382397853143 -0.0029756725180284109 0.00031242096301110553 -0.0013829606483025758
leaf_weight=31 44 174 39 758 822 257 42 33 32 193 268 131
leaf_count=31 44 174 39 758 822 257 42 33 32 193 268 131
internal_value=0 -6.77457e-05 0.000468803 0.000214306 0.0020078 0.0013666 0.00704233 -0.00323472 -0.00905973 -0.00138761 -0.00138296 0.000312421
internal_weight=0 2761 2361 2317 1160 1079 81 400 63 367 1157 399
internal_count=2824 2761 2361 2317 1160 1079 81 400 63 367 1157 399
is_linear=0
shrinkage=0.03


Tree=137
num_leaves=12
num_cat=0
split_feature=4 7 3 1 12 12 8 1 7 4 3
split_gain=4.5339 4.74069 9.08599 7.34291 8.1963 22.0917 4.03725 5.00078 2.40134 0.940625 0.70309
threshold=0.68835000000000013 -0.28939999999999994 0.016650000000000002 0.091100000000000014 -1.911510112359547 -2.0850101123595475 0.20000000000000004 0.035550000000000005 -0.44479999999999992 0.22315000000000004 0.0055500000000000002
decision_type=2 2 2 2 2 2 2 2 2 2 2
left_child=1 3 -3 4 5 -1 7 -6 -5 10 -10
right_child=-2 2 -4 8 6 -7 -8 -9 9 -11 -12
leaf_value=0.00043827432975749231 -0.011004641459456512 -0.0013979045066046495 -0.0055721228307955223 0.00043827432975749231 0.0060176734130827601 0.027558632813394067 0.00043827432975749231 0.001637182934735152 -0.000938859797514114 -0.0013979045066046495 -0.0004798150884235786
leaf_weight=39 35 278 122 179 295 40 257 512 161 252 654
leaf_count=39 35 278 122 179 295 40 257 512 161 252 654
internal_value=0 -0.000139604 -0.00316231 0.000366499 0.00210303 0.0114262 0.0014108 0.00283609 -0.00122648 -0.0013979 -0.000479815
internal_weight=0 2789 400 2389 1143 79 1064 807 1246 1067 815
internal_count=2824 2789 400 2389 1143 79 1064 807 1246 1067 815
is_linear=0
shrinkage=0.03


Tree=138
num_leaves=13
num_cat=0
split_feature=0 7 8 1 7 14 4 18 8 8 17 4
split_gain=5.02487 4.62019 8.48048 7.31755 4.09342 5.89618 3.2534 2.43636 1.71134 1.64749 1.28174 1.9409
threshold=1.0000000180025095e-35 -0.28939999999999994 0.14540000000000003 0.093850000000000003 -0.3169499999999999 0.089046067415730359 0.17430000000000004 4.5000000000000009 0.20000000000000004 0.19610000000000002 -0.004324157303370795 0.22315000000000004
decision_type=2 2 2 2 2 2 2 2 2 2 2 2
left_child=7 2 -2 4 5 -4 9 -1 -6 -3 -5 -12
right_child=1 6 3 10 8 -7 -8 -9 -10 -11 11 -13
leaf_value=-0.0043849964621094995 0.013451739709337494 -0.0013388598041167955 0.0017831240942607276 -0.0013388598041167955 0.0017831240942607276 0.0068042142870514228 -0.0043849964621094995 -0.014615336666211077 0.00024148343634133206 -0.0028619281331131474 0.00024148343634133206 -0.0013388598041167955
leaf_weight=31 44 174 488 756 373 209 33 32 108 193 268 115
leaf_count=31 44 174 488 756 373 209 33 32 108 193 268 115
internal_value=0 -0.000100669 0.000404458 0.000156689 0.00182183 0.00332476 -0.00308218 -0.00866932 0.000241483 -0.00133886 -0.00133886 0.000241483
internal_weight=0 2761 2361 2317 1178 697 400 63 481 367 1139 383
internal_count=2824 2761 2361 2317 1178 697 400 63 481 367 1139 383
is_linear=0
shrinkage=0.03


Tree=139
num_leaves=24
num_cat=0
split_feature=0 12 15 1 7 12 16 13 3 7 5 7 7 3 18 3 15 18 7 8 3 3 18
split_gain=4.67441 4.38682 10.8144 9.99243 11.7999 7.34635 5.34669 4.86615 4.58759 4.08823 3.57521 4.52595 3.34952 2.83151 2.44781 3.07948 2.99703 2.30872 2.08692 1.0958 0.266591 0.789159 0.257252
threshold=1.0000000180025095e-35 -0.77568426966292126 10.523291011235957 0.093100000000000002 -0.36019999999999991 -0.14738202247190732 -79.803649438202271 -1.5368426966292146 0.016050000000000005 -0.42724999999999996 0.29340000000000005 -0.34549999999999997 -0.31759999999999994 0.061000000000000006 4.5000000000000009 0.11670000000000001 -23.788350561797738 4.5000000000000009 -0.43159999999999993 0.19140000000000004 0.016650000000000002 0.0064500000000000009 4.5000000000000009
decision_type=2 2 2 2 2 2 2 2 2 2 2 2 2 2 2 2 2 2 2 2 2 2 2
left_child=17 2 3 4 -2 18 8 19 -4 -8 -5 -12 -6 -10 15 -9 -16 -1 -3 -7 21 -20 -11
right_child=1 5 6 10 12 7 9 14 13 22 11 -13 -14 -15 16 -17 -18 -19 20 -21 -22 -23 -24
leaf_value=-0.0042496635292957625 0.022756871273106133 0.0020108208945952355 -0.0042496635292957625 0.0042092454295788433 0.011627782536379527 0.012266514255560093 0.0051887069908635956 -0.00026878194835195995 0.014292183895745584 -0.00074246371949575546 0.00084547069438647504 -0.0042496635292957625 0.0042092454295788433 0.0027071829107875121 0.0016144848545330192 0.0042194098985329741 -0.0025487025532185165 -0.014176876434066798 -0.0042496635292957625 0.0042236533444374794 -0.0042496635292957625 -0.0011194213173502637 -0.0042496635292957625
leaf_weight=31 44 50 40 52 64 31 42 492 31 127 115 46 155 49 211 191 593 32 65 30 206 51 76
leaf_count=31 44 50 40 52 64 31 42 492 31 127 115 46 155 49 211 191 593 32 65 30 206 51 76
internal_value=0 -0.000117444 0.00168938 0.00466836 0.00858006 -0.00090887 -0.00219554 6.40427e-06 0.00302593 -0.00424966 -0.000161572 -0.0025183 0.00573175 0.00719637 -0.000334269 0.000986335 -0.00145612 -0.00838188 -0.00424966 0.00831101 -0.00424966 -0.00134787 -0.00424966
internal_weight=0 2761 841 476 263 1920 365 1548 120 245 213 161 219 80 1487 683 804 63 372 61 322 116 203
internal_count=2824 2761 841 476 263 1920 365 1548 120 245 213 161 219 80 1487 683 804 63 372 61 322 116 203
is_linear=0
shrinkage=0.03


Tree=140
num_leaves=31
num_cat=0
split_feature=13 13 0 7 6 16 7 5 15 7 1 16 1 12 7 12 6 1 18 7 1 12 16 17 13 13 15 13 15 16
split_gain=5.53858 9.09738 5.06828 5.01161 4.96328 4.72634 4.16613 4.75717 4.1565 3.79273 5.99159 3.2258 2.82827 2.56513 2.4113 2.29806 3.0549 2.24871 1.71387 1.55151 1.45342 1.28363 1.12331 1.56482 1.11863 1.56764 0.898164 0.78552 0.539055 0.433777
threshold=1.7265202247191029 2.8250528089887639 1.0000000180025095e-35 -0.3098999999999999 0.047700000000000006 24.028249438202298 -0.34549999999999997 0.30945000000000006 10.228291011235957 -0.31324999999999997 0.039450000000000006 -23.540555056179809 0.039200000000000006 1.1047595505617986 -0.29079999999999995 -0.16388202247190617 0.042200000000000008 0.10580000000000002 4.5000000000000009 -0.43159999999999993 0.20860000000000004 2.0298039325842727 56.153350561797716 -0.020324157303370779 2.5704061797752815 1.9001398876404496 -10.092958988764044 -0.28444719101123622 8.9967910112359579 32.123080898876317
decision_type=2 2 2 2 2 2 2 2 2 2 2 2 2 2 2 2 2 2 2 2 2 2 2 2 2 2 2 2 2 2
left_child=2 5 -1 13 6 24 11 8 -8 10 29 -4 14 20 18 -11 -17 21 -6 -12 -3 26 23 -15 25 -2 -5 -13 -16 -7
right_child=1 3 4 17 12 9 7 -9 -10 15 19 27 -14 22 28 16 -18 -19 -20 -21 -22 -23 -24 -25 -26 -27 -28 -29 -30 -31
leaf_value=-0.010139347117316599 -0.0013989770068773921 0.011431127531512174 0.0022602151912486067 -0.0056324703662744193 0.0066496593143142756 0.0012079603882927086 0.0003578108178110903 -0.0044512946911654137 -0.0022550193474503441 -0.0073979518255816159 -0.0017900062826944685 0.0003578108178110903 0.0022602151912486067 -0.00060404331278187718 0.0041610177770917819 -0.019818069193046541 -0.0080183721477022542 -0.009674058403886323 0.013107249520544428 -0.0073979518255816159 0.0031815667488734943 -0.0056324703662744193 0.0054978306376590172 0.002993144352082163 -0.0039550944625992663 0.0060268902699463067 -0.00060404331278187718 0.0022602151912486067 0.0066496593143142756 0.0062266304488143619
leaf_weight=36 71 40 320 31 72 31 380 105 168 53 38 257 117 152 94 40 39 42 56 119 37 37 52 150 55 40 50 60 55 31
leaf_count=36 71 40 320 31 72 31 380 105 168 53 38 257 117 152 94 40 39 42 56 119 37 37 52 150 55 40 50 60 55 31
internal_value=0 -0.00172108 0.000998653 0.000821423 0.00123676 -0.0046275 0.000336663 -0.0013472 -5.8744e-05 -0.0066001 -0.00417902 0.00206282 0.00418377 0.00250463 0.00606182 -0.0106169 -0.0139929 -0.00371272 0.0091383 -0.00729731 0.00746705 -0.00159088 0.00142523 0.00072399 -0.000456518 0.00127701 -0.000604043 0.000357811 0.00416102 0.0037173
internal_weight=0 1108 1720 591 1684 517 1290 653 548 351 219 637 394 431 277 132 79 160 128 157 77 118 354 302 166 111 81 317 149 62
internal_count=2828 1108 1720 591 1684 517 1290 653 548 351 219 637 394 431 277 132 79 160 128 157 77 118 354 302 166 111 81 317 149 62
is_linear=0
shrinkage=0.03


Tree=141
num_leaves=19
num_cat=0
split_feature=8 1 1 4 13 18 5 14 8 8 15 8 13 13 0 15 15 14
split_gain=5.36791 9.87059 5.54173 3.62947 3.20848 2.07918 2.04863 2.0113 1.72092 1.55603 1.54201 1.26814 1.916 1.14283 1.44203 0.265345 0.726822 0.0536804
threshold=0.20000000000000004 0.038750000000000007 0.024650000000000002 0.024400000000000002 -3.3162404494382041 3.5000000000000004 0.31235000000000007 0.0095865168539325824 0.20375000000000001 0.19235000000000002 10.523291011235957 0.17485000000000003 2.0355202247191007 2.0355202247191007 0.69785000000000019 7.5527910112359562 28.896062359550566 -0.0018685393258426883
decision_type=2 2 2 2 2 2 2 2 2 2 2 2 2 2 2 2 2 2
left_child=1 4 8 6 9 -5 -3 -4 -2 -1 -10 12 -6 14 -13 -7 -17 -15
right_child=2 3 7 5 11 15 -8 -9 10 -11 -12 13 -14 17 -16 16 -18 -19
leaf_value=0.013380567273125052 -0.0015401482101726762 0.0013949631309598013 -0.013684554518096977 -4.1108997360848227e-05 0.0041899168814647069 -0.0015401482101726762 -4.1108997360848227e-05 -0.0057465706885580338 -0.0033504988916620011 0.0054567361773095197 -0.0057465706885580338 0.0013949631309598013 0.0117444238687555 0.0013949631309598013 0.0041899168814647069 -4.1108997360848227e-05 -0.0015401482101726762 0.0032850044306511296
leaf_weight=38 148 300 54 352 43 723 114 36 88 54 31 73 36 114 222 178 130 94
leaf_count=38 148 300 54 352 43 723 114 36 88 54 31 73 36 114 222 178 130 94
internal_value=0 0.000427572 -0.00350787 -0.000733643 0.00352357 -0.00147718 0.00139496 -0.00995299 -0.00154015 0.00872962 -0.00516085 0.00270062 0.00623419 0.00214564 0.00350386 -0.00154015 -4.1109e-05 0.00139496
internal_weight=0 2471 357 1797 674 1383 414 90 267 92 119 582 79 503 295 1031 308 208
internal_count=2828 2471 357 1797 674 1383 414 90 267 92 119 582 79 503 295 1031 308 208
is_linear=0
shrinkage=0.03


Tree=142
num_leaves=31
num_cat=0
split_feature=13 13 0 7 16 6 7 8 7 8 1 0 16 3 4 3 2 12 6 1 1 4 17 16 17 7 13 1 3 7
split_gain=5.14496 8.5328 4.77234 4.66015 4.45276 4.30807 3.97258 4.43684 3.52052 6.3805 5.13814 3.21131 2.95428 2.84544 2.62806 3.96794 2.50649 2.44785 1.54407 1.36097 1.22849 1.10121 1.04914 1.04697 1.48521 0.94575 0.666075 0.568597 0.193472 0.105449
threshold=1.7265202247191029 2.8250528089887639 1.0000000180025095e-35 -0.3098999999999999 24.028249438202298 0.047700000000000006 -0.34549999999999997 0.20170000000000002 -0.34744999999999998 0.20000000000000004 0.04080000000000001 0.67740000000000011 -23.540555056179809 0.021000000000000001 0.38120000000000004 0.018400000000000003 1.0000000180025095e-35 1.1047595505617986 0.021150000000000006 0.20860000000000004 0.072550000000000017 0.12700000000000003 -0.017320224719101131 56.153350561797716 -0.020324157303370779 -0.43159999999999993 -0.28444719101123622 0.033950000000000008 0.0092000000000000016 -0.32264999999999994
decision_type=2 2 2 2 2 2 2 2 2 2 2 2 2 2 2 2 2 2 2 2 2 2 2 2 2 2 2 2 2 2
left_child=2 4 -1 17 21 6 12 11 10 20 -6 -8 -4 18 15 -7 -17 19 -5 -3 -10 27 -23 24 -19 -12 -14 -2 -20 -29
right_child=1 3 5 13 8 14 7 -9 9 -11 25 -13 26 -15 -16 16 -18 23 28 -21 -22 22 -24 -25 -26 -27 -28 29 -30 -31
leaf_value=-0.0098537234892137338 0.0051841817004606126 0.011101932416204363 0.0021387721566723025 -0.0076414053682237852 0.0062892694110050799 0.0037823538465125263 -0.0022601582163311708 -0.004334232299002979 -0.0059729627483510513 -0.020847070063738263 -0.0012140688256017471 0.00036732832793215598 0.00036732832793215598 -0.011278622911640387 0.0021387721566723025 0.01397620645092159 0.0059662274664537187 -0.00057932696765450905 -0.0027012055336963384 0.0031190564124404475 -0.01021060130587564 -0.00064023185786464358 -0.0068790629971772427 0.0052957055355923677 0.0029048485489562154 -0.0059729627483510513 0.0021387721566723025 0.0014423618260771035 -0.00057932696765450905 -0.00064023185786464358
leaf_weight=36 30 40 320 30 40 192 96 71 101 34 38 486 257 34 58 61 83 152 60 37 65 40 36 52 150 73 60 30 36 30
leaf_count=36 30 40 320 30 40 192 96 71 101 34 38 486 257 34 58 61 83 152 60 37 65 40 36 52 150 73 60 30 36 30
internal_value=0 -0.0016671 0.00095421 0.000795246 -0.00448188 0.00118526 0.000346678 -0.0012976 -0.00639654 -0.00900717 -0.00293876 -0.000186084 0.00203226 -0.00357701 0.00393087 0.00542594 0.00935934 0.00241836 -0.0014988 0.007266 -0.00658213 -0.000433421 -0.00309241 0.00136393 0.000686933 -0.00597296 0.000367328 0.00181195 -0.000579327 0.000125835
internal_weight=0 1108 1720 591 517 1684 1290 653 351 200 151 582 637 160 394 336 144 431 126 77 166 166 76 354 302 111 317 90 96 60
internal_count=2828 1108 1720 591 517 1684 1290 653 351 200 151 582 637 160 394 336 144 431 126 77 166 166 76 354 302 111 317 90 96 60
is_linear=0
shrinkage=0.03


Tree=143
num_leaves=29
num_cat=0
split_feature=18 8 7 1 5 12 15 17 3 3 5 3 17 14 7 7 3 12 3 1 3 12 7 1 3 3 3 7
split_gain=4.97638 7.13525 11.3182 7.44592 6.59211 5.70368 18.1708 5.8777 4.97766 3.49137 3.14282 3.08238 1.80079 2.68552 2.3171 1.45241 1.38195 1.26886 1.17064 1.0129 0.603924 0.531565 0.513747 0.286798 0.255479 0.190477 1.11992 0.13998
threshold=3.5000000000000004 0.20170000000000002 -0.31124999999999997 0.091100000000000014 0.22590000000000002 -1.5672831460674155 10.228291011235957 -0.015320224719101131 0.045700000000000011 0.018400000000000003 0.19930000000000003 0.0055500000000000002 -0.017320224719101131 -0.15232359550561794 -0.3885499999999999 -0.35244999999999999 0.011600000000000001 1.0092595505617992 0.021000000000000001 0.03815000000000001 0.19675000000000001 -0.84247078651685381 -0.33669999999999994 0.024650000000000002 0.021000000000000001 0.12005000000000002 0.22055000000000002 -0.34889999999999993
decision_type=2 2 2 2 2 2 2 2 2 2 2 2 2 2 2 2 2 2 2 2 2 2 2 2 2 2 2 2
left_child=12 3 25 5 -4 6 -2 9 11 -7 -8 27 15 14 -14 17 21 -1 -17 20 -18 -15 -21 -16 -25 -3 -27 -5
right_child=1 2 4 8 -6 7 10 -9 -10 -11 -12 -13 13 16 23 18 19 -19 -20 22 -22 -23 -24 24 -26 26 -28 -29
leaf_value=-0.00058528032947068932 0.023890537922838476 -0.0032053122716442597 -0.0089064448192398282 -0.00017680276223937618 -0.021881870517753203 -0.00017680276223937618 0.0092245210174516576 -0.00017680276223937618 -0.0032053122716442597 0.0072304673735082 -0.00015482919133227667 -0.00017680276223937618 0.0055702647648286068 -0.0011514657245089229 0.00051038256877412402 -0.00070992770991375978 0.010529940814737512 0.0055620433534792754 -0.0080492190869464984 0.0057868811342017502 0.0064135948148339988 0.0034448698111292386 0.0022364376525615998 -0.0009021027386192723 -0.0035403108558702198 -0.0089064448192398282 -0.0032053122716442597 -0.0032053122716442597
leaf_weight=32 41 45 39 33 53 78 41 459 437 157 149 413 56 39 45 53 53 47 31 92 32 54 61 49 66 35 30 108
leaf_count=32 41 45 39 33 53 78 41 459 437 157 149 413 56 39 45 53 53 47 31 92 32 54 61 49 66 35 30 108
internal_value=0 -0.000806643 -0.00616936 -0.000241263 -0.0146076 0.00169448 0.0057777 0.000335375 -0.00204809 0.00464865 0.00186914 -0.000176803 0.00209554 0.0029203 0.000318169 -0.000672188 0.00461836 0.00224792 -0.00341848 0.00583009 0.00845584 0.00151737 0.00437134 -0.00152007 -0.00231459 -0.00320531 -0.00877246 -0.00320531
internal_weight=0 2118 202 1916 92 925 231 694 991 235 190 554 710 547 216 163 331 79 84 238 85 93 153 160 115 110 65 141
internal_count=2828 2118 202 1916 92 925 231 694 991 235 190 554 710 547 216 163 331 79 84 238 85 93 153 160 115 110 65 141
is_linear=0
shrinkage=0.03


Tree=144
num_leaves=31
num_cat=0
split_feature=13 13 3 14 6 7 4 8 7 16 7 1 8 0 3 5 13 17 16 14 14 7 16 15 4 17 8 4 7 3
split_gain=4.71719 7.88619 4.79085 7.88349 4.51858 5.03203 7.139 4.44385 4.26357 4.18127 3.27395 5.33888 4.369 2.82432 2.62836 2.55586 1.90472 1.79087 1.70894 1.70653 1.45007 1.40348 1.39746 1.13971 1.05563 1.01956 1.01464 0.831113 1.09662 0.757151
threshold=1.7265202247191029 2.8250528089887639 0.25665000000000004 0.24095730337078661 0.047700000000000006 -0.35244999999999999 0.20455000000000004 0.20170000000000002 -0.3098999999999999 24.028249438202298 -0.31324999999999997 0.039450000000000006 0.19900000000000004 0.85910000000000009 0.13615000000000002 0.34595000000000004 -1.2829112359550556 -0.020324157303370779 -22.692750561797705 0.65695730337078662 -0.15232359550561794 -0.43159999999999993 -22.692750561797705 -12.533024719101123 0.12700000000000003 -0.017320224719101131 0.19885000000000003 0.30820000000000003 -0.3885499999999999 0.011100000000000002
decision_type=2 2 2 2 2 2 2 2 2 2 2 2 2 2 2 2 2 2 2 2 2 2 2 2 2 2 2 2 2 2
left_child=2 9 4 15 5 20 7 -7 17 24 11 -11 29 -10 18 22 -17 19 -6 -3 -1 -13 -4 -15 -2 -26 -20 28 -19 -12
right_child=1 8 3 -5 14 6 -8 -9 13 10 12 21 -14 23 -16 16 -18 27 26 -21 -22 -23 -24 -25 25 -27 -28 -29 -30 -31
leaf_value=0.00081727681185368858 0.0018100831969641148 -0.0005529712143627362 0.0059954610236977431 -0.016830697776749729 0.0025617852135585467 0.00056505337261360418 -0.014152781268315654 -0.0070266290596471383 -0.01010116582586696 0.0035364219456190059 -0.01053060749044212 -0.0016622549429765874 -0.019548221756704152 -0.0055717449418038519 0.011747684337431563 -0.0093072701764426048 -0.0012075562534058246 0.010062964197303003 0.007237473291101023 0.005130075023939403 0.0025617852135585467 -0.0069080824655831374 -0.0012075562534058246 -0.0005529712143627362 -0.00059081011154002666 -0.006727430778555572 0.0025617852135585467 0.001164020462587598 0.0040162922641198426 -0.0069080824655831374
leaf_weight=159 90 153 49 33 144 629 35 78 42 62 52 38 32 32 40 42 35 34 126 52 272 119 46 86 40 36 32 61 131 48
leaf_count=159 90 153 49 33 144 629 35 78 42 62 52 38 32 32 40 42 35 34 126 52 272 119 46 86 40 36 32 61 131 48
internal_value=0 -0.00160539 0.000904576 -0.00339962 0.00148699 0.000602325 -0.000927232 -0.000272501 0.000761814 -0.00431143 -0.0061668 -0.00391739 -0.00989878 -0.00342027 0.00452125 -0.000822733 -0.00488476 0.00231433 0.0035641 0.000283877 0.00256179 -0.00686093 0.00246964 -0.00104232 -0.000388325 -0.0029917 0.00597568 0.00415611 0.00526227 -0.00690808
internal_weight=0 1108 1720 205 1515 1173 742 707 591 517 351 219 132 160 342 172 77 431 302 205 431 157 95 118 166 76 158 226 165 100
internal_count=2828 1108 1720 205 1515 1173 742 707 591 517 351 219 132 160 342 172 77 431 302 205 431 157 95 118 166 76 158 226 165 100
is_linear=0
shrinkage=0.03


Tree=145
num_leaves=13
num_cat=0
split_feature=17 4 14 8 1 3 0 1 4 3 3 8
split_gain=6.84484 4.89913 4.0201 3.82136 6.80841 7.9128 8.85785 2.86434 2.80656 2.12146 1.54239 0.266285
threshold=0.05910561797752812 0.53545000000000009 0.27495730337078667 0.20000000000000004 0.038750000000000007 0.018400000000000003 0.86180000000000012 0.018300000000000004 0.024400000000000002 0.026800000000000004 0.028950000000000004 0.14540000000000003
decision_type=2 2 2 2 2 2 2 2 2 2 2 2
left_child=1 3 11 4 5 -1 -7 -5 10 -10 -6 -3
right_child=-2 2 -4 7 8 6 -8 -9 9 -11 -12 -13
leaf_value=0.0011928955446109401 -0.011327459114419191 -0.0032129737204910878 -0.014889171018132141 -0.0014096648302879232 0.0011928955446109401 0.0045886951613175854 0.019339569280190125 -0.0032129737204910878 -0.0014096648302879232 -7.0794129174670499e-05 -7.0794129174670499e-05 -0.0053405322097241871
leaf_weight=258 53 35 35 200 317 287 42 153 419 930 81 55
leaf_count=258 53 35 35 200 317 287 42 153 419 930 81 55
internal_value=0 -0.000445183 -0.00625085 -0.000175102 0.000264878 0.00306013 0.00647179 -0.00308421 -0.00067434 -0.00133448 0.0011929 -0.00321297
internal_weight=0 2812 125 2687 2334 587 329 353 1747 1349 398 90
internal_count=2865 2812 125 2687 2334 587 329 353 1747 1349 398 90
is_linear=0
shrinkage=0.03


Tree=146
num_leaves=15
num_cat=0
split_feature=17 4 7 3 14 1 7 3 1 3 17 4 4 5
split_gain=6.41815 4.5229 4.09112 4.30637 3.81153 3.5383 5.49995 5.46248 2.52574 1.03554 0.454829 0.424258 0.21084 0.0791167
threshold=0.05910561797752812 0.53545000000000009 -0.44879999999999992 0.11965000000000002 0.27495730337078667 0.093100000000000002 -0.31124999999999997 0.045700000000000011 0.38980000000000009 0.12005000000000002 -0.014058426966292127 0.38120000000000004 0.62970000000000004 0.20865000000000003
decision_type=2 2 2 2 2 2 2 2 2 2 2 2 2 2
left_child=1 2 3 10 12 6 9 8 -7 -4 -1 -5 -3 -8
right_child=-2 4 5 11 -6 7 13 -9 -10 -11 -12 -13 -14 -15
leaf_value=0.012558982487818275 -0.01098763602926343 -0.0031093975526018947 0.0018581556115900399 0.0054196904413402079 -0.014442495877621695 -0.00059683522319402998 0.00063066019419800491 -0.0031093975526018947 -0.0031093975526018947 0.00063066019419800491 0.0076327143825830942 0.0018581556115900399 -0.0055407479119158401 -0.00059683522319402998
leaf_weight=37 53 56 326 48 35 500 318 436 213 369 31 61 34 348
leaf_count=37 53 56 326 48 35 500 318 436 213 369 31 61 34 348
internal_value=0 -0.000450007 -0.000190503 0.00421767 -0.00602829 -0.000501358 0.000533575 -0.00172725 -0.000596835 0.00185816 0.0103132 0.00185816 -0.0031094 -0.000596835
internal_weight=0 2812 2687 177 125 2510 1361 1149 713 695 68 109 90 666
internal_count=2865 2812 2687 177 125 2510 1361 1149 713 695 68 109 90 666
is_linear=0
shrinkage=0.03


Tree=147
num_leaves=16
num_cat=0
split_feature=17 15 18 8 17 1 5 7 7 15 7 0 6 1 15
split_gain=6.039 4.48092 3.15007 4.2333 9.42861 5.47412 3.42568 5.34302 2.73586 1.8657 2.22343 2.85546 0.779684 0.274584 0.0520963
threshold=0.05910561797752812 38.740149438202259 3.5000000000000004 0.20170000000000002 -0.0048241573033707954 0.012900000000000002 0.30245000000000005 -0.3098999999999999 -0.33669999999999994 -10.055393258426964 -0.34549999999999997 0.67740000000000011 -0.03524999999999999 0.035550000000000005 10.523291011235957
decision_type=2 2 2 2 2 2 2 2 2 2 2 2 2 2 2
left_child=1 2 9 6 5 -5 7 -4 -8 13 12 -12 -11 -1 -6
right_child=-2 -3 3 4 14 -7 8 -9 -10 10 11 -13 -14 -15 -16
leaf_value=0.0082088950682770133 -0.010658006681445635 -0.011598431307356804 0.0036161269920309104 -0.0065131038439369968 -0.0028526314562732683 -0.024489460020326079 -0.00077161565677644586 -0.00044158830357213122 -0.0028526314562732683 0.00098691910000948979 -0.0079822944180476807 0.00027888663043959603 0.0035419345154043503 0.0042432702528312797 -0.0080732203433581153
leaf_weight=33 53 32 383 31 93 30 849 522 111 65 43 303 255 30 32
leaf_count=33 53 32 383 31 93 30 849 522 111 65 43 303 255 30 32
internal_value=0 -0.000436369 -0.000307885 -0.000909945 -0.00522574 -0.0153539 -0.000479522 0.000844718 -0.00172789 0.00138598 0.000919198 -0.000747792 0.00272163 0.0063205 -0.00285263
internal_weight=0 2812 2780 2051 186 61 1865 905 960 729 666 346 320 63 125
internal_count=2865 2812 2780 2051 186 61 1865 905 960 729 666 346 320 63 125
is_linear=0
shrinkage=0.03


Tree=148
num_leaves=16
num_cat=0
split_feature=4 13 7 3 6 7 0 3 6 7 12 4 6 3 13
split_gain=4.28492 5.47779 4.0009 4.13035 4.05348 4.60963 4.34775 1.57289 1.05805 0.791374 0.587294 0.513514 0.445982 0.0985191 0.619413
threshold=0.49985000000000007 -1.8418426966292143 -0.44479999999999992 0.11965000000000002 0.047700000000000006 -0.3098999999999999 0.27555000000000002 0.018400000000000003 0.0014500000000000001 -0.34549999999999997 1.1112595505617977 0.009700000000000002 0.07690000000000001 0.0034000000000000007 -0.16197977528089777
decision_type=2 2 2 2 2 2 2 2 2 2 2 2 2 2 2
left_child=2 -2 3 8 5 6 -4 13 -1 -8 -3 -7 -5 14 -6
right_child=1 10 4 12 7 11 9 -9 -10 -11 -12 -13 -14 -15 -16
leaf_value=0.0064693330259372782 -0.013720947840437293 -0.0028091023850262686 -0.0015735278111698803 0.0017008498333781752 0.0017008498333781752 -0.0015735278111698803 0.00023407500747131264 0.0017008498333781752 0.013966599960112944 -0.00066972640184928382 -0.0072878851300543718 -0.0028091023850262686 0.0060712318957666864 0.00023407500747131264 0.00023407500747131264
leaf_weight=36 50 82 262 77 107 83 710 224 32 529 34 435 32 101 71
leaf_count=36 50 82 262 77 107 83 710 224 32 529 34 435 32 101 71
internal_value=0 -0.00529206 -0.000326143 0.00403384 -0.000632137 -0.0012327 -0.000337953 0.00170085 0.00999746 0.000234075 -0.0028091 -0.0028091 0.00170085 0.000234075 0.00167117
internal_weight=0 166 2699 177 2522 2019 1501 503 68 1239 116 518 109 279 178
internal_count=2865 166 2699 177 2522 2019 1501 503 68 1239 116 518 109 279 178
is_linear=0
shrinkage=0.03


Tree=149
num_leaves=13
num_cat=0
split_feature=17 15 4 13 7 15 7 3 15 13 12 12
split_gain=5.65781 4.19242 4.30143 4.7318 4.86747 6.39899 4.80618 6.87632 3.68128 2.86493 2.00185 1.034
threshold=0.05910561797752812 38.740149438202259 0.53545000000000009 -3.2082404494382035 -0.30934999999999996 -3.1038719101123493 -0.43159999999999993 0.11965000000000002 -10.055393258426964 -1.5368426966292146 -1.9055101123595468 1.0902595505618005
decision_type=2 2 2 2 2 2 2 2 2 2 2 2
left_child=1 2 3 4 5 -1 7 -5 -8 -4 -6 -11
right_child=-2 -3 9 6 10 -7 8 -9 -10 11 -12 -13
leaf_value=0.015301353191025555 -0.010308822425750066 -0.011211809053929754 -0.012917348444461822 0.010597318435854772 -0.0029308340201039699 0.003143932647611676 0.0012272946983048569 0.001272279973174461 -0.0017346259826820998 -0.0029308340201039699 0.0017893528636367176 -0.008413017858946395
leaf_weight=48 53 32 36 85 35 207 499 145 1553 54 87 31
leaf_count=48 53 32 36 85 35 207 499 145 1553 54 87 31
internal_value=0 -0.000415046 -0.000290767 -3.9035e-05 0.00307456 0.00543239 -0.00055342 0.00355891 -0.00101435 -0.00582263 -0.00185368 -0.00293083
internal_weight=0 2812 2780 2659 377 255 2282 230 2052 121 122 85
internal_count=2865 2812 2780 2659 377 255 2282 230 2052 121 122 85
is_linear=0
shrinkage=0.03


Tree=150
num_leaves=10
num_cat=0
split_feature=2 8 0 7 8 13 1 6 3
split_gain=4.30414 8.89794 5.50916 12.5512 7.31332 5.10467 5.02734 3.41838 0.8959
threshold=0.27755000000000002 0.13235000000000005 0.24995000000000003 -0.3885499999999999 0.17485000000000003 -1.4773426966292147 0.52265000000000017 0.047700000000000006 0.04420000000000001
decision_type=2 2 2 2 2 2 2 2 2
left_child=1 -1 5 6 -5 -3 -4 -6 -7
right_child=-2 2 3 4 7 8 -8 -9 -10
leaf_value=0.014770981942613918 -0.0091075898538110767 -0.0045773551833747841 0.0072650099865673853 0.0034728024711748132 -0.0012503357226003439 -0.0045773551833747841 0.0034728024711748132 0.0013046956752661015 -0.0012503357226003439
leaf_weight=36 48 187 168 117 1392 53 49 477 309
leaf_count=36 48 187 168 117 1392 53 49 477 309
internal_value=0 -4.71205e-05 -0.000240962 0.000429106 -0.000319405 -0.00292978 0.00726501 -0.000863411 -0.00125034
internal_weight=0 2788 2752 2203 1986 549 217 1869 362
internal_count=2836 2788 2752 2203 1986 549 217 1869 362
is_linear=0
shrinkage=0.03


Tree=151
num_leaves=13
num_cat=0
split_feature=0 7 12 0 0 8 7 1 18 18 3 3
split_gain=4.1233 3.25384 8.41589 6.5086 4.96583 4.50824 4.0179 2.93491 3.18232 2.68053 1.75479 1.60956
threshold=1.0000000180025095e-35 -0.34549999999999997 -2.084010112359548 0.67740000000000011 0.57005000000000006 0.20155000000000003 -0.43159999999999993 0.19720000000000001 4.5000000000000009 4.5000000000000009 0.015200000000000002 0.11965000000000002
decision_type=2 2 2 2 2 2 2 2 2 2 2 2
left_child=9 2 -2 -3 6 10 11 8 -6 -1 -5 -4
right_child=1 3 4 5 7 -7 -8 -9 -10 -11 -12 -13
leaf_value=-0.0037809011812078622 0.012388204304795515 -0.0037809011812078622 0.0030955133401979144 -0.00093057454291290928 0.0067420867025869786 -0.0019563293529679246 9.5180267142106064e-05 0.0030955133401979144 0.017191296174856169 -0.014031918137770844 9.5180267142106064e-05 0.0015953468036700102
leaf_weight=35 57 163 75 603 37 178 780 60 35 32 588 193
leaf_count=35 57 163 75 603 37 178 780 60 35 32 588 193
internal_value=0 -1.50082e-05 0.00112946 -0.000939097 0.000585603 -0.000131758 9.51803e-05 0.00609585 0.0103887 -0.00754679 9.51803e-05 0.00309551
internal_weight=0 2769 1237 1532 1180 1369 1048 132 72 67 1191 268
internal_count=2836 2769 1237 1532 1180 1369 1048 132 72 67 1191 268
is_linear=0
shrinkage=0.03


Tree=152
num_leaves=11
num_cat=0
split_feature=2 8 0 8 6 13 13 15 3 14
split_gain=3.94253 8.38603 5.21829 9.02528 5.17087 4.86812 3.9658 5.61985 0.782642 0.463112
threshold=0.27755000000000002 0.13235000000000005 0.24995000000000003 0.17485000000000003 -0.0016999999999999997 -1.4773426966292147 2.0710887640449429 0.032698876404494655 0.04420000000000001 0.65695730337078662
decision_type=2 2 2 2 2 2 2 2 2 2
left_child=1 -1 5 4 -4 -3 7 -5 -7 -8
right_child=-2 2 3 6 -6 8 9 -9 -10 -11
leaf_value=0.014336119368672372 -0.008720935193850891 -0.0043851764204107403 0.0029140554285856505 0.0028390353832349067 0.0070492594123474127 -0.0043851764204107403 -0.0012199659476947815 -0.0011397300195314418 -0.0012199659476947815 0.0029140554285856505
leaf_weight=36 48 187 113 639 115 53 654 639 309 43
leaf_count=36 48 187 113 639 115 53 654 639 309 43
internal_value=0 -4.94176e-05 -0.000237601 0.000414538 0.00606599 -0.00285447 -0.000237883 0.000849653 -0.00121997 -0.00121997
internal_weight=0 2788 2752 2203 228 549 1975 1278 362 697
internal_count=2836 2788 2752 2203 228 549 1975 1278 362 697
is_linear=0
shrinkage=0.03


Tree=153
num_leaves=15
num_cat=0
split_feature=0 3 3 7 1 3 8 3 3 4 18 4 16 7
split_gain=3.73792 3.04281 21.1065 12.33 8.96482 18.2719 5.63663 5.02211 10.1798 5.98663 2.5342 1.9782 1.81082 0.342046
threshold=1.0000000180025095e-35 0.013850000000000001 0.016650000000000002 -0.29124999999999995 0.22395000000000001 0.021000000000000001 0.18545000000000003 0.0070500000000000007 0.0064500000000000009 0.012450000000000001 4.5000000000000009 0.04370000000000001 8.2705808988763483 -0.42724999999999996
decision_type=2 2 2 2 2 2 2 2 2 2 2 2 2 2
left_child=10 7 6 4 5 -4 -3 8 11 -9 -1 12 -2 -6
right_child=1 2 3 -5 13 -7 -8 9 -10 -11 -12 -13 -14 -15
leaf_value=-0.0036146964029277135 0.0017378601716455291 0.021080813850793571 0.020144250289660555 -0.0036146964029277135 0.00039368847267932505 0.0014816015183492304 0.0050312635162845249 0.01050418813014403 0.017209702797234057 -0.0036146964029277135 -0.01352391617372632 -0.0036146964029277135 -0.0018409998008755508 -0.0013741277624286883
leaf_weight=35 239 54 49 143 89 1296 31 30 30 245 32 39 216 308
leaf_count=35 239 54 49 143 89 1296 31 30 30 245 32 39 216 308
internal_value=0 -2.91089e-05 0.000604232 -5.517e-05 0.000866441 0.0021615 0.0152274 -0.00159066 0.000241788 -0.0036147 -0.00720028 -0.000788652 -6.73032e-05 -0.00137413
internal_weight=0 2769 1970 1885 1742 1345 85 799 524 275 67 494 455 397
internal_count=2836 2769 1970 1885 1742 1345 85 799 524 275 67 494 455 397
is_linear=0
shrinkage=0.03


Tree=154
num_leaves=15
num_cat=0
split_feature=2 6 3 3 3 3 3 3 3 3 3 4 3 16
split_gain=3.6211 5.15856 6.32493 19.4706 10.9845 11.048 4.32097 8.70395 3.70328 3.62814 3.28591 1.56051 3.92618 1.52782
threshold=0.27755000000000002 -0.016649999999999998 0.013850000000000001 0.037750000000000006 0.033000000000000008 0.016650000000000002 0.11275000000000002 0.11055000000000001 0.0070500000000000007 0.046950000000000013 0.31860000000000005 0.011650000000000002 0.0032500000000000007 7.1178606741572716
decision_type=2 2 2 2 2 2 2 2 2 2 2 2 2 2
left_child=1 8 11 4 5 -4 7 -5 -1 -10 -8 12 -3 -14
right_child=-2 2 3 6 -6 -7 10 -9 9 -11 -12 -13 13 -15
leaf_value=-0.0013893618902012163 -0.0083954588555207009 -0.00011396799444554333 0.014770624991287203 0.00052548303879066587 0.021013918398138213 0.0019248808547938784 -0.0013893618902012163 0.012344613500899868 -0.0042402026923970913 -0.0013893618902012163 0.0030468106663952403 -0.0013893618902012163 0.011970726388760589 0.0033447959839499422
leaf_weight=60 48 179 85 453 49 207 667 64 226 117 151 455 33 42
leaf_count=60 48 179 85 453 49 207 667 64 226 117 151 455 33 42
internal_value=0 -8.49465e-05 0.000445507 0.00147201 0.0078699 0.00566422 -0.000162213 0.00198859 -0.00322423 -0.0042402 -0.00138936 -0.00138936 0.00116143 0.00714021
internal_weight=0 2788 2385 1676 341 292 1335 517 403 343 818 709 254 75
internal_count=2836 2788 2385 1676 341 292 1335 517 403 343 818 709 254 75
is_linear=0
shrinkage=0.03


Tree=155
num_leaves=20
num_cat=0
split_feature=1 12 4 7 3 12 1 3 7 0 1 16 3 3 8 1 8 13 3
split_gain=4.27337 13.902 6.50577 4.58328 9.0689 9.14688 5.61562 3.23843 12.8595 6.4918 4.21011 2.11217 2.04467 2.68768 1.7374 0.954238 0.927312 0.706815 0.204327
threshold=0.091100000000000014 -1.9340101123595479 0.083550000000000013 -0.31149999999999994 0.11965000000000002 -1.753382022471907 0.017300000000000006 0.045700000000000011 -0.35244999999999999 0.61650000000000016 0.23025000000000004 32.901350561797763 0.25665000000000004 0.31860000000000005 0.18755000000000002 0.58310000000000006 0.19835000000000003 2.0710887640449429 0.088700000000000015
decision_type=2 2 2 2 2 2 2 2 2 2 2 2 2 2 2 2 2 2 2
left_child=3 2 -2 4 5 -1 -7 15 12 -10 -11 -8 18 -14 -6 -3 17 -5 -9
right_child=1 7 -4 16 14 6 11 8 9 10 -12 -13 13 -15 -16 -17 -18 -19 -20
leaf_value=0.021689831911353395 -0.0053768261630208255 -0.00044295620910338347 -0.024515987445007673 0.00093982173533072402 0.0047582477310465447 0.014366688311413821 0.0016239360604951686 -0.0034854025207459922 -0.020733864262500509 -0.0057103837186413464 -0.013604440891265786 0.0086416029944677824 -0.0057103837186413464 -0.00044295620910338347 0.00093982173533072402 -0.0057415053927363287 -0.00044295620910338347 0.00024843276311367027 -0.00044295620910338347
leaf_weight=32 31 637 33 281 162 46 197 111 42 58 33 41 72 34 334 59 302 141 204
leaf_count=32 31 637 33 281 162 46 197 111 42 58 33 41 72 34 334 59 302 141 204
internal_value=0 -0.00160817 -0.0152455 0.000722258 0.0023226 0.00648441 0.00477112 -0.000909941 -0.00284151 -0.0109778 -0.00647502 0.00291652 -0.000442956 -0.00462359 0.000939822 -0.000442956 -0.000442956 0.000939822 -0.000442956
internal_weight=0 1314 64 1536 812 316 284 1250 554 133 91 238 421 106 496 696 724 422 315
internal_count=2850 1314 64 1536 812 316 284 1250 554 133 91 238 421 106 496 696 724 422 315
is_linear=0
shrinkage=0.03


Tree=156
num_leaves=16
num_cat=0
split_feature=17 0 1 12 12 3 7 0 8 7 4 3 1 12 3
split_gain=6.04858 5.52488 3.96362 15.9522 8.47532 3.28963 12.1433 6.16386 3.28186 2.35021 7.56845 2.1734 1.31083 1.22402 0.101213
threshold=0.05910561797752812 0.78655000000000019 0.091100000000000014 -1.9590101123595483 -1.9340101123595479 0.045700000000000011 -0.35244999999999999 0.61650000000000016 0.19835000000000003 -0.36019999999999991 0.22900000000000001 0.25665000000000004 0.58310000000000006 1.1047595505617986 0.0055500000000000002
decision_type=2 2 2 2 2 2 2 2 2 2 2 2 2 2 2
left_child=2 -2 3 -1 -4 12 11 -8 9 10 -5 -7 14 -11 -6
right_child=1 -3 4 8 5 6 7 -9 -10 13 -12 -13 -14 -15 -16
leaf_value=0.02257999443169683 -0.01856154168565427 -0.00079114022199064491 -0.01286657481843775 0.014843100757990032 -0.0028882405669701859 -0.00020722082649475448 -0.020111848275576317 -0.0062178256551115923 -0.00020722082649475448 0.0023000884993127518 0.0025590350668098132 -0.0045029626502369894 -0.0055692603074456171 0.00079797228934339623 -0.00020722082649475448
leaf_weight=30 31 32 55 50 134 315 42 91 552 489 201 106 59 160 503
leaf_count=30 31 32 55 50 134 315 42 91 552 489 201 106 59 160 503
internal_value=0 -0.00953531 -0.000135224 0.000926423 -0.00134086 -0.000833734 -0.00270318 -0.0106054 0.000479035 0.00180317 0.00426829 -0.000207221 -0.000207221 0.000849782 -0.000207221
internal_weight=0 63 2787 1482 1305 1250 554 133 1452 900 251 421 696 649 637
internal_count=2850 63 2787 1482 1305 1250 554 133 1452 900 251 421 696 649 637
is_linear=0
shrinkage=0.03


Tree=157
num_leaves=15
num_cat=0
split_feature=12 1 12 12 3 3 7 4 7 3 1 3 8 1
split_gain=3.50874 4.81941 22.8439 18.3379 4.76037 3.03295 11.4968 5.79957 2.85027 3.61451 5.65984 2.00304 1.08235 1.07574
threshold=-2.0850101123595475 0.091100000000000014 -1.911510112359547 -1.9340101123595479 0.11230000000000001 0.045700000000000011 -0.35244999999999999 0.17430000000000004 -0.31124999999999997 0.12005000000000002 0.017300000000000006 0.25665000000000004 0.18755000000000002 0.58310000000000006
decision_type=2 2 2 2 2 2 2 2 2 2 2 2 2 2
left_child=4 2 -2 -3 -1 13 11 -8 9 10 -4 -7 -11 -5
right_child=1 3 8 5 -6 6 7 -9 -10 12 -12 -13 -14 -15
leaf_value=-0.00016327623550484819 0.022302241032858463 -0.018949292290669217 0.013726820724550634 -0.00024134669161670944 -0.015742108449339865 -0.00024134669161670944 -0.0060312907784604106 -0.01950849311692374 -0.00024134669161670944 0.0037038918010372395 0.0026161037619957432 -0.0043678737861622685 0.00074605407761645299 -0.0054021824743219855
leaf_weight=41 44 52 48 637 31 315 91 42 643 151 294 106 296 59
leaf_count=41 44 52 48 637 31 315 91 42 643 151 294 106 296 59
internal_value=0 -0.000162927 0.00101066 -0.00149335 -0.00687083 -0.000767183 -0.00259742 -0.0102872 0.000356446 0.00173345 0.0041755 -0.000241347 0.000746054 -0.000241347
internal_weight=0 2778 1476 1302 72 1250 554 133 1432 789 342 421 447 696
internal_count=2850 2778 1476 1302 72 1250 554 133 1432 789 342 421 447 696
is_linear=0
shrinkage=0.03


Tree=158
num_leaves=14
num_cat=0
split_feature=17 0 4 1 12 3 3 12 17 3 3 15 18
split_gain=5.54007 5.0406 3.68199 3.937 16.5307 4.16842 3.81291 3.3083 3.26808 2.80869 3.09747 1.25291 0.90394
threshold=0.05910561797752812 0.78655000000000019 0.62970000000000004 0.091100000000000014 -1.9340101123595479 0.045700000000000011 0.0055500000000000002 -0.14738202247190732 -0.018718539325842689 0.038500000000000006 0.11480000000000001 -9.9038932584269634 3.5000000000000004
decision_type=2 2 2 2 2 2 2 2 2 2 2 2 2
left_child=2 -2 3 4 -1 6 11 12 -9 -6 -11 -5 -7
right_child=1 -3 -4 5 9 7 -8 8 -10 10 -12 -13 -14
leaf_value=0.023127730663865805 -0.017742667037152472 -0.00076896411250345405 -0.0089402077151628737 -4.5899511137545737e-05 -4.5899511137545737e-05 -4.5899511137545737e-05 -4.5899511137545737e-05 -0.0044650818313098049 -4.5899511137545737e-05 0.0044304458590756568 0.00056092758687160342 -0.0044650818313098049 -0.0044650818313098049
leaf_weight=30 31 32 42 39 593 59 555 141 186 287 530 133 192
leaf_count=30 31 32 42 39 593 59 555 141 186 287 530 133 192
internal_value=0 -0.0091211 -0.000124836 1.00441e-05 0.00109162 -0.00118342 -4.58995e-05 -0.00311381 -0.000953259 0.000622766 0.00192023 -0.00446508 -0.00446508
internal_weight=0 63 2787 2745 1440 1305 727 578 327 1410 817 172 251
internal_count=2850 63 2787 2745 1440 1305 727 578 327 1410 817 172 251
is_linear=0
shrinkage=0.03


Tree=159
num_leaves=12
num_cat=0
split_feature=17 0 4 14 1 12 12 7 3 13 1
split_gain=5.21151 4.7427 3.46361 3.67545 3.51977 20.3937 3.84241 2.50047 2.34054 1.84848 1.05565
threshold=0.05910561797752812 0.78655000000000019 0.62970000000000004 -0.35131348314606736 0.091100000000000014 -1.911510112359547 -1.9340101123595479 -0.34824999999999995 0.045700000000000011 2.7237084269662906 0.10740000000000001
decision_type=2 2 2 2 2 2 2 2 2 2 2
left_child=2 -2 3 9 5 -5 -6 -7 -8 -1 -11
right_child=1 -3 -4 4 6 7 8 -9 -10 10 -12
leaf_value=-0.0043316138035991367 -0.017210387034762287 -0.00074589503696188332 -0.0086720016625310686 0.021668886634152989 -0.0043316138035991367 0.0027463396904975966 0.00023090827971967366 0.00023090827971967366 -0.0020043110276712194 0.0046898234048858281 -0.0024557355973793536
leaf_weight=83 31 32 42 43 52 396 660 914 518 30 49
leaf_count=83 31 32 42 43 52 396 660 914 518 30 49
internal_value=0 -0.00884747 -0.000122045 8.77406e-06 0.000283703 0.0013396 -0.000877779 0.000672298 -0.000408455 -0.00433161 0.000257768
internal_weight=0 63 2787 2745 2583 1353 1230 1310 1178 162 79
internal_count=2850 63 2787 2745 2583 1353 1230 1310 1178 162 79
is_linear=0
shrinkage=0.03


Tree=160
num_leaves=16
num_cat=0
split_feature=4 15 13 12 4 12 13 8 17 3 3 6 15 3 15
split_gain=3.75931 3.84223 3.57596 5.23789 4.39094 11.5384 2.85364 2.79719 4.38694 3.63748 5.39615 2.61365 1.1882 0.866563 0.446276
threshold=0.68835000000000013 30.472062359550563 -3.2082404494382035 -2.0850101123595475 0.26255000000000001 -1.9340101123595479 -3.9884471910112356 0.19965000000000002 -0.0053241573033707959 0.011100000000000002 0.016650000000000002 0.031500000000000007 -31.911850561797731 0.11310000000000002 10.523291011235957
decision_type=2 2 2 2 2 2 2 2 2 2 2 2 2 2 2
left_child=1 2 3 13 5 -5 -3 9 -9 12 -11 -6 -4 -1 -10
right_child=-2 6 7 4 11 -7 -8 8 14 10 -12 -13 -14 -15 -16
leaf_value=-0.00026304695077917795 -0.010217011042616584 0.0019535420218912453 0.0049052073653129968 0.01781270258192872 -0.0051252150170401035 0.002756814529388767 -0.0051252150170401035 -0.0051252150170401035 -0.0013786980271492848 0.0065037403794679233 0.00034110289432289376 0.0017143917538273371 -0.0013786980271492848 -0.0051252150170401035 -0.0051252150170401035
leaf_weight=33 33 52 34 58 30 218 52 115 171 141 1374 40 492 30 30
leaf_count=33 33 52 34 58 30 218 52 115 171 141 1374 40 492 30 30
internal_value=0 -3.3419e-05 0.000180573 0.00277004 0.00421875 0.00592073 -0.00512522 -0.000268766 -0.00289528 0.000137888 0.000914655 -0.00249195 -0.0013787 -0.00512522 -0.0013787
internal_weight=0 2870 2766 409 346 276 104 2357 316 2041 1515 70 526 63 201
internal_count=2903 2870 2766 409 346 276 104 2357 316 2041 1515 70 526 63 201
is_linear=0
shrinkage=0.03


Tree=161
num_leaves=27
num_cat=0
split_feature=15 13 13 15 13 3 18 12 5 3 8 1 12 8 17 13 13 12 8 3 0 3 17 3 1 5
split_gain=3.65181 6.62565 3.13633 7.02253 5.45102 5.42573 5.35173 4.57908 8.29814 3.39096 3.33558 3.86713 2.40198 2.39787 2.33753 2.46342 3.04533 2.24101 2.15433 1.9383 1.87267 1.5505 1.45391 0.962328 0.801408 0.294489
threshold=30.472062359550563 -3.9884471910112356 1.7265202247191029 1.0000000180025095e-35 2.8921573033707877 0.25665000000000004 4.5000000000000009 -0.86468426966292344 0.30945000000000006 0.011100000000000002 0.20000000000000004 0.038750000000000007 1.1112595505617977 0.19550000000000003 -0.0073202247191011252 -3.8334797752808982 -3.8039471910112357 1.0634898876404526 0.20000000000000004 0.028200000000000006 0.30040000000000006 0.0074000000000000012 -0.02005449438202243 0.011100000000000002 0.035750000000000011 0.30175000000000007
decision_type=2 2 2 2 2 2 2 2 2 2 2 2 2 2 2 2 2 2 2 2 2 2 2 2 2 2
left_child=2 -2 3 5 9 7 -7 8 -1 21 11 -11 24 -9 20 19 -17 -12 23 -16 -5 22 -4 -14 -6 -22
right_child=1 -3 4 14 12 6 -8 13 -10 10 17 -13 18 -15 15 16 -18 -19 -20 -21 25 -23 -24 -25 -26 -27
leaf_value=0.022814307453170896 0.0018949357893031378 -0.013249347399060543 -0.010482778058786477 -0.011092597703364761 0.0094579164669113727 0.0024672169174919738 -0.012903964351862668 0.0041575246047209982 0.002981796624252991 0.0044124049039023436 -0.013103154194415422 -0.0022569357166815148 -0.0014551534548171616 -0.00021290992903660107 0.00012274806960844075 -0.0083571718487402673 -0.00039376732223940736 -0.0042745626772634094 -0.0062268054771881833 0.0097080428827856034 -0.00011952535063028336 -0.012648268477810967 -0.0033875757734300473 0.002181290858406423 0.0029581170350373269 -0.0042263701380315152
leaf_weight=31 52 52 35 33 38 47 36 432 49 102 37 336 89 153 39 46 715 31 39 37 30 31 101 248 31 33
leaf_count=31 52 52 35 33 38 47 36 432 49 102 37 336 89 153 39 46 715 31 39 37 30 31 101 248 31 33
internal_value=0 -0.00567721 4.7862e-05 0.000866831 -0.00118352 0.00303241 -0.0041998 0.00393508 0.0106669 -0.0028869 -0.00166353 -0.000703802 0.0013926 0.00301449 -0.000869347 -0.000360799 -0.000875129 -0.00784532 0.00044842 0.00478927 -0.00530325 -0.00659364 -0.00521355 0.00122092 0.00653772 -0.00227073
internal_weight=0 104 2799 1681 1118 748 83 665 80 673 506 438 445 585 933 837 761 68 376 76 96 167 136 337 69 63
internal_count=2903 104 2799 1681 1118 748 83 665 80 673 506 438 445 585 933 837 761 68 376 76 96 167 136 337 69 63
is_linear=0
shrinkage=0.03


Tree=162
num_leaves=16
num_cat=0
split_feature=7 4 5 4 12 16 1 3 3 14 7 3 18 13 13
split_gain=4.80269 11.716 9.61949 6.64624 17.3106 5.98812 5.87358 4.87313 3.14933 2.3956 1.561 1.43603 0.855187 0.462274 0.378143
threshold=-0.33849999999999997 0.17430000000000004 0.30945000000000006 0.22315000000000004 -1.911510112359547 -52.09964943820227 0.19720000000000001 0.17570000000000005 0.12005000000000002 -0.12895393258426963 -0.36019999999999991 0.035050000000000005 4.5000000000000009 -1.2509112359550565 -3.9884471910112356
decision_type=2 2 2 2 2 2 2 2 2 2 2 2 2 2 2
left_child=3 2 5 4 -1 14 7 12 -7 -4 -9 -5 -6 -10 -2
right_child=1 -3 9 11 6 8 -8 10 13 -11 -12 -13 -14 -15 -16
leaf_value=0.019247611019956437 -0.00011759479076638698 -0.018746962306664925 -0.0047394814453130037 0.0016878809030996956 0.0097079396872397743 -0.00011759479076638698 0.0016878809030996956 0.01238794438180048 -0.0010549940931825683 -0.0098396472259109635 0.0043597075035252562 -0.00011759479076638698 0.015567398318555206 -0.0047394814453130037 -0.0047394814453130037
leaf_weight=57 39 34 44 37 51 1132 377 30 39 71 65 754 40 65 68
leaf_count=57 39 34 44 37 51 1132 377 30 39 71 65 754 40 65 68
internal_value=0 -0.0013383 -0.000932332 0.00110311 0.00349336 -0.000219267 0.00189834 0.00703153 -0.000117595 -0.0092597 0.00435971 -0.000117595 0.0122835 -0.00473948 -0.00473948
internal_weight=0 1492 1458 1411 620 1343 563 186 1236 115 95 791 91 104 107
internal_count=2903 1492 1458 1411 620 1343 563 186 1236 115 95 791 91 104 107
is_linear=0
shrinkage=0.03


Tree=163
num_leaves=15
num_cat=0
split_feature=1 15 13 3 3 12 3 3 4 3 8 13 3 18
split_gain=3.58505 4.18264 7.58943 3.75037 10.1027 9.09633 6.1237 12.46 5.98796 3.29661 3.02267 2.63986 2.4359 2.19984
threshold=0.00035000000000000005 30.472062359550563 -3.9884471910112356 0.25665000000000004 0.31860000000000005 -0.93697078651685384 0.13455000000000003 0.12005000000000002 0.53545000000000009 0.37115000000000004 0.19185000000000002 1.5700202247191017 0.15205000000000005 4.5000000000000009
decision_type=2 2 2 2 2 2 2 2 2 2 2 2 2 2
left_child=-1 3 -3 6 5 -5 7 8 -2 -6 -8 -11 -12 -7
right_child=1 2 -4 4 9 13 10 -9 -10 11 12 -13 -14 -15
leaf_value=0.0095210718407350431 0.0002853958257069326 0.0017953626921071726 -0.014737293704279831 -0.022239225601608101 0.0046215049149803591 -0.0013808665732638194 0.0046215049149803591 -0.018231398342040312 -0.012055339911021293 -0.0072205493209320437 -0.0072801200682297345 0.0041592101496644319 0.0022617150698864804 -0.0089860897946369943
leaf_weight=34 2077 51 49 33 79 78 144 34 36 43 30 32 122 61
leaf_count=34 2077 51 49 33 79 78 144 34 36 43 30 32 122 61
internal_value=0 -0.000278062 -0.00630564 -6.03814e-05 -0.00308276 -0.00807996 0.000342933 -0.000214761 7.51419e-05 0.00249852 0.0043881 -0.00236519 0.000378458 -0.00471841
internal_weight=0 2869 100 2769 326 172 2443 2147 2113 154 296 75 152 139
internal_count=2903 2869 100 2769 326 172 2443 2147 2113 154 296 75 152 139
is_linear=0
shrinkage=0.03


Tree=164
num_leaves=16
num_cat=0
split_feature=7 4 8 1 5 0 3 16 13 3 1 3 13 3 3
split_gain=4.42667 11.0459 9.43447 8.23203 6.8072 6.1058 16.6823 8.25026 4.84283 3.00177 2.75027 2.19901 0.850381 0.467567 1.63333
threshold=-0.33849999999999997 0.17430000000000004 0.20170000000000002 0.018300000000000004 0.30945000000000006 0.52975000000000005 0.11055000000000001 -23.769555056179737 -0.38244719101123609 0.031000000000000003 0.52265000000000017 0.31860000000000005 2.7514061797752798 0.014400000000000001 0.010600000000000002
decision_type=2 2 2 2 2 2 2 2 2 2 2 2 2 2 2
left_child=5 2 4 -4 13 9 -7 -8 -9 10 -1 -11 -10 14 -2
right_child=1 -3 3 -5 -6 6 7 8 12 11 -12 -13 -14 -15 -16
leaf_value=0.0025354223176390321 -0.00027193445118353188 -0.018193115083610309 -0.0039209262888853158 -0.0095442908614378052 -0.0039209262888853158 0.0025354223176390321 0.026203823140689305 0.0025354223176390321 0.010736342928207972 -0.00011770839322263745 -0.00011770839322263745 0.0025354223176390321 0.01749669159847227 -0.00011770839322263745 -0.0020193173410539768
leaf_weight=86 499 34 93 69 115 147 35 33 34 760 114 169 33 598 84
leaf_count=86 499 34 93 69 115 147 35 33 34 760 114 169 33 598 84
internal_value=0 -0.00128965 -0.000895467 -0.00772414 -0.000117708 0.00105423 0.00500291 0.013668 0.00928041 6.79379e-05 0.00253542 -0.000117708 0.0140661 -0.000117708 -0.00171604
internal_weight=0 1492 1458 162 1296 1411 282 135 100 1129 200 929 67 1181 583
internal_count=2903 1492 1458 162 1296 1411 282 135 100 1129 200 929 67 1181 583
is_linear=0
shrinkage=0.03


Tree=165
num_leaves=18
num_cat=0
split_feature=6 16 7 0 14 5 17 15 16 8 1 15 0 15 1 8 7
split_gain=5.67231 4.95521 4.87903 11.9197 2.96234 2.93589 2.58321 2.79707 2.10445 1.8677 1.3564 1.1634 1.55061 1.04854 0.947831 0.753875 1.95887
threshold=-0.014399999999999998 -41.099750561797627 -0.3885499999999999 0.29825000000000007 -0.15508426966292135 0.30245000000000005 -0.020324157303370779 -9.9038932584269634 43.358350561797756 0.20155000000000003 0.0059000000000000016 -7.1730247191011234 0.35930000000000001 6.775791011235957 0.11500000000000002 0.17830000000000004 -0.35034999999999994
decision_type=2 2 2 2 2 2 2 2 2 2 2 2 2 2 2 2 2
left_child=1 -1 3 10 8 9 7 -3 -4 -6 -2 12 -5 -13 -7 -8 -17
right_child=2 6 4 11 5 14 15 -9 -10 -11 -12 13 -14 -15 -16 16 -18
leaf_value=-0.013484800921883 0.0049928276339046918 -0.0019542759583217853 -0.0019542759583217853 0.0075431578035932024 0.00072340418995936332 -0.00061543588418121111 -0.0019542759583217853 -0.011657539945768399 0.00072340418995936332 -0.00061543588418121111 0.00072340418995936332 0.0049928276339046918 0.016966933912851593 0.010589942477672592 -0.0019542759583217853 -0.0035566545932317712 -0.011269795457747849
leaf_weight=43 63 41 527 30 811 152 212 54 87 144 363 56 33 48 135 45 33
leaf_count=43 63 41 527 30 811 152 212 54 87 144 363 56 33 48 135 45 33
internal_value=0 -0.00382593 -8.2625e-05 0.00228632 -0.000839514 4.66394e-05 -0.00274714 -0.00715237 -0.00195428 0.000723404 0.000723404 0.00926225 0.0124794 0.00731339 -0.00195428 -0.00195428 -0.00515903
internal_weight=0 428 2449 593 1856 1242 385 95 614 955 426 167 63 104 287 290 78
internal_count=2877 428 2449 593 1856 1242 385 95 614 955 426 167 63 104 287 290 78
is_linear=0
shrinkage=0.03


Tree=166
num_leaves=20
num_cat=0
split_feature=6 17 3 3 3 3 8 12 3 8 13 17 15 3 15 14 8 12 5
split_gain=5.16029 4.71619 4.62032 4.8871 9.81735 13.6049 6.8633 6.56563 3.6157 3.40813 3.04477 2.47384 2.64267 1.81249 1.52519 0.87762 0.763824 1.24075 0.59632
threshold=-0.014399999999999998 0.039179775280898867 0.31860000000000005 0.11275000000000002 0.013850000000000001 0.016650000000000002 0.18545000000000003 -1.9590101123595483 0.34510000000000007 0.17880000000000004 -3.9884471910112356 -0.020324157303370779 -9.9038932584269634 0.41800000000000009 -5.7213932584269651 -0.023413483146067445 0.17830000000000004 -0.053882022471908535 0.18055000000000002
decision_type=2 2 2 2 2 2 2 2 2 2 2 2 2 2 2 2 2 2 2
left_child=1 11 3 4 9 6 -6 -7 -4 14 -5 12 -1 15 -2 -10 -13 -18 -11
right_child=2 -3 8 10 5 7 -8 -9 13 18 -12 16 -14 -15 -16 -17 17 -19 -20
leaf_value=-0.0018840360674875181 0.0015663743529678016 -0.01285651778926452 0.013705037044128402 0.0075102682752268652 0.021247026680409908 0.014557534672997214 0.0034546186765510357 0.00088526398276001178 -0.0018840360674875181 0.0012395764073060654 -0.0018840360674875181 -0.0018840360674875181 -0.011307813793213831 0.0073369600425163897 0.009397657852087701 0.0031465368764474985 -0.0094319666086352966 -0.0035238619958844267 -0.0018840360674875181
leaf_weight=41 30 45 33 35 50 33 32 751 39 110 677 210 54 45 35 40 38 40 539
leaf_count=41 30 45 33 35 50 33 32 751 39 110 677 210 54 45 35 40 38 40 539
internal_value=0 -0.00366922 -9.88559e-05 -0.000439896 0.000526181 0.00267683 0.0143036 0.00146075 0.00487989 -0.00188404 -0.00188404 -0.00258977 -0.00692827 0.00253127 0.00501678 -0.000206153 -0.00188404 -0.00516369 -0.00188404
internal_weight=0 428 2449 2292 1580 866 82 784 157 714 712 383 95 124 65 79 288 78 649
internal_count=2877 428 2449 2292 1580 866 82 784 157 714 712 383 95 124 65 79 288 78 649
is_linear=0
shrinkage=0.03


Tree=167
num_leaves=21
num_cat=0
split_feature=17 1 16 13 12 12 18 16 16 7 14 1 7 1 17 17 5 7 7 0
split_gain=5.03503 21.7927 18.2911 6.35901 3.80785 11.9044 3.78368 5.03238 4.10094 3.30007 1.64691 1.4599 1.21418 2.06846 3.29355 1.92223 1.71216 1.18466 1.13912 0.911649
threshold=0.044445505617977561 0.18615000000000001 -52.09964943820227 -3.9884471910112356 -1.5672831460674155 -1.2398275280898881 3.5000000000000004 -24.753139325842763 -23.540555056179809 -0.33849999999999997 -0.15232359550561794 0.038750000000000007 -0.30349999999999994 0.091100000000000014 0.030277528089887654 0.030277528089887654 0.19715000000000002 -0.36609999999999993 -0.34824999999999995 0.30040000000000006
decision_type=2 2 2 2 2 2 2 2 2 2 2 2 2 2 2 2 2 2 2 2
left_child=4 2 3 -2 12 -6 10 19 -9 -5 17 -12 13 14 -1 -15 -14 -7 -16 -8
right_child=1 -3 -4 9 5 6 7 8 -10 -11 11 -13 16 15 18 -17 -18 -19 -20 -21
leaf_value=0.01508272077408037 0.0029165012016892432 -0.024424145700676102 0.019026066771575381 -0.0021076011992990969 -0.019174290153107815 0.0024003909227871137 -0.011715719251131469 0.0066773675813428341 -0.001142232391397074 -0.012283610441622192 0.0047249011528940534 0.0012076348618871567 0.0015596944084613192 0.0015596944084613192 0.010315902819857002 0.0042923166077174684 -0.0049313064950207873 -0.0023186931273975996 0.0042923166077174684 -0.0057071696170797083
leaf_weight=32 49 42 35 30 31 71 33 63 1441 46 158 324 32 98 30 57 45 147 40 73
leaf_count=32 49 42 35 30 31 71 33 63 1441 46 158 324 32 98 30 57 45 147 40 73
internal_value=0 -0.00519161 -0.000143075 -0.00551043 -0.000279658 -0.000707193 -0.000459367 -0.00125995 -0.000814683 -0.0109436 0.00138198 0.0023606 0.00271693 0.003707 0.00702494 0.00155969 -0.000587616 -0.000781744 0.00429232 -0.00757776
internal_weight=0 202 160 125 2675 2341 2310 1610 1504 76 700 482 334 257 102 155 77 218 70 106
internal_count=2877 202 160 125 2675 2341 2310 1610 1504 76 700 482 334 257 102 155 77 218 70 106
is_linear=0
shrinkage=0.03


Tree=168
num_leaves=20
num_cat=0
split_feature=3 3 6 4 3 3 8 7 8 3 8 7 17 18 4 15 1 1 15
split_gain=4.83393 9.66302 4.67886 6.56383 4.43065 16.4902 6.48323 5.79833 3.98971 3.68773 3.21971 2.4605 1.88191 1.58588 1.56325 1.45831 0.881059 0.856265 0.186128
threshold=0.31860000000000005 0.29390000000000011 -0.014399999999999998 0.27155000000000001 0.013850000000000001 0.016650000000000002 0.18545000000000003 -0.29124999999999995 0.17830000000000004 0.34510000000000007 0.17880000000000004 -0.35034999999999994 -0.012218539325842713 4.5000000000000009 0.011650000000000002 -5.7213932584269651 0.0049000000000000007 0.69905000000000006 0.53354101123595499
decision_type=2 2 2 2 2 2 2 2 2 2 2 2 2 2 2 2 2 2 2
left_child=1 2 3 8 10 6 -6 -7 17 -2 15 -10 -11 -3 -12 -4 -14 -1 -18
right_child=9 13 4 -5 5 7 -8 -9 11 12 14 -13 16 -15 -16 -17 18 -19 -20
leaf_value=-0.0018348407491099745 0.013272398154843936 -0.0071657953173853454 0.0015226614046453099 -0.01600261506544692 0.020660621039396209 0.0009772674149807906 0.0033678816330211703 -0.0018348407491099745 -0.0049474730107811607 0.0074373071061979443 0.00091018830263597328 -0.0092119256584478424 0.0036635522062757183 -0.01650515021639876 -0.0018348407491099745 0.0091669242238359792 -0.00056274866499006742 -0.0049474730107811607 -0.0038277267359874464
leaf_weight=251 33 30 30 35 50 1322 32 108 46 42 258 50 35 36 391 35 30 30 33
leaf_count=251 33 30 30 35 50 1322 32 108 46 42 258 50 35 36 391 35 30 30 33
internal_value=0 -0.000921905 -0.000638238 -0.00357499 -9.46873e-05 0.000828875 0.0139122 7.864e-05 -0.00242124 0.00425077 -0.00183484 -0.00806011 0.00212424 -0.01226 -0.00183484 0.00488016 -0.000152787 -0.00183484 -0.00227298
internal_weight=0 2704 2638 412 2226 1512 82 1430 377 173 714 96 140 66 649 65 98 281 63
internal_count=2877 2704 2638 412 2226 1512 82 1430 377 173 714 96 140 66 649 65 98 281 63
is_linear=0
shrinkage=0.03


Tree=169
num_leaves=16
num_cat=0
split_feature=17 1 13 6 3 14 3 3 12 12 12 12 3 3 15
split_gain=4.75289 20.3539 14.7817 8.37555 4.42908 3.74617 3.08734 5.36087 3.26021 5.19766 1.97713 1.77354 1.28099 1.11141 0.916315
threshold=0.044445505617977561 0.18615000000000001 -3.7709471910112358 0.029500000000000002 0.036800000000000006 -0.43491348314606731 0.31860000000000005 0.30785000000000007 -1.5672831460674155 -0.96697078651685497 1.1047595505617986 -0.72932752808988954 0.013850000000000001 0.016750000000000004 -1.6509589887640448
decision_type=2 2 2 2 2 2 2 2 2 2 2 2 2 2 2
left_child=5 2 3 -2 -5 13 7 8 12 -10 11 -8 -7 -1 -13
right_child=1 -3 -4 4 -6 6 10 -9 9 -11 -12 14 -14 -15 -16
leaf_value=-0.0018300741109997032 -0.011903982879419345 -0.023636912195943296 0.01738265950451879 -0.0058013016412821689 0.0060248782158881988 5.4097013257512256e-05 0.0079271192764016722 -0.010832662816432867 -0.0083315077167004353 -0.00028734397403864311 0.0098900101247888332 0.0022549122307753684 0.0040690272710680103 -0.009008458845486695 -0.0042720820364775137
leaf_weight=30 34 42 34 39 53 109 33 43 75 2002 39 49 208 55 32
leaf_count=30 34 42 34 39 53 109 33 43 75 2002 39 49 208 55 32
internal_value=0 -0.00505009 -0.000171054 -0.00490777 0.00030138 -0.00027774 -7.43577e-05 -0.000333884 -0.00014531 -0.000577817 0.00405941 0.00206473 0.0026885 -0.00647491 -0.000323653
internal_weight=0 202 160 126 92 2675 2590 2437 2394 2077 153 114 317 85 81
internal_count=2877 202 160 126 92 2675 2590 2437 2394 2077 153 114 317 85 81
is_linear=0
shrinkage=0.03


Tree=170
num_leaves=16
num_cat=0
split_feature=7 12 8 1 6 7 3 7 14 6 3 14 3 8 1
split_gain=6.16363 19.6178 7.59824 25.6042 7.05549 2.97715 6.85598 2.08223 1.91731 1.31327 1.08717 1.07478 0.76373 0.535666 0.0167876
threshold=-0.34549999999999997 -2.0460101123595478 0.20155000000000003 0.024900000000000002 -0.0034499999999999995 -0.43159999999999993 0.11370000000000001 -0.28939999999999994 0.28777191011235975 0.069650000000000017 0.31860000000000005 -0.12895393258426963 0.016050000000000005 0.17645000000000002 0.018300000000000004
decision_type=2 2 2 2 2 2 2 2 2 2 2 2 2 2 2
left_child=1 -1 4 14 13 6 11 -6 -7 -8 -11 -3 -9 -2 -4
right_child=2 5 3 -5 7 8 9 12 -10 10 -12 -13 -14 -15 -16
leaf_value=0.018639818557120602 -0.0017638289560953603 0.0068343267853303658 -0.0037087859899797319 -0.031224203306165606 0.0001811280777890118 0.0001811280777890118 0.0017544591654760494 -0.00079135043915317424 0.0017544591654760494 0.0038375445296012106 0.009131607620843819 0.013358081085607409 -0.0017638289560953603 -0.0037087859899797319 -0.008166841003386412
leaf_weight=58 67 41 115 33 871 740 135 187 195 42 49 51 102 121 34
leaf_count=58 67 41 115 33 871 740 135 187 195 42 49 51 102 121 34
internal_value=0 0.00158264 -0.00122039 -0.00697401 -0.000443564 0.000793086 0.00332779 0.000181128 0.000181128 0.00175446 0.00592063 0.0104508 -0.00176383 -0.00370879 -0.00370879
internal_weight=0 1311 1530 182 1348 1253 318 1160 935 226 91 92 289 188 149
internal_count=2841 1311 1530 182 1348 1253 318 1160 935 226 91 92 289 188 149
is_linear=0
shrinkage=0.03


Tree=171
num_leaves=19
num_cat=0
split_feature=12 6 16 8 1 1 15 17 3 0 3 3 3 15 8 4 6 13
split_gain=3.84786 6.37272 13.3641 4.2881 9.55534 4.21521 2.71542 2.6797 2.67845 15.819 1.98367 2.41312 1.76275 1.58889 0.730582 0.166094 1.15118 0.0325572
threshold=-2.0460101123595478 0.015400000000000002 -52.09964943820227 0.19965000000000002 0.024650000000000002 0.033250000000000009 7.5527910112359562 -0.012218539325842713 0.018400000000000003 0.89130000000000009 0.011100000000000002 0.017000000000000005 0.31860000000000005 -8.6613668539325825 0.20715000000000003 0.024400000000000002 -0.048999999999999995 -3.100240449438203
decision_type=2 2 2 2 2 2 2 2 2 2 2 2 2 2 2 2 2 2
left_child=1 -1 -3 5 14 8 7 -6 17 13 15 -12 -13 -10 -5 16 -7 -2
right_child=3 2 -4 4 6 10 -8 -9 9 -11 11 12 -14 -15 -16 -17 -18 -19
leaf_value=-0.0035907203937899702 0.0041160167742054906 0.0032012921549069004 0.025185348215428265 -0.001458551975961027 -0.015669753791824462 -0.00080384942321095405 -0.019107854956761001 -0.006568891963817586 0.006409383423160761 0.024985716078550584 0.0011992367740415058 -0.00089361093819817353 0.0011992367740415058 0.0011992367740415058 -0.006568891963817586 -0.001458551975961027 0.0011992367740415058 0.0011992367740415058
leaf_weight=49 40 52 33 240 31 30 30 32 64 31 146 1168 104 192 32 176 228 163
leaf_count=49 40 52 33 240 31 30 30 32 64 31 146 1168 104 192 32 176 228 163
internal_value=0 0.00502601 0.0099933 -0.000181976 -0.0032065 0.000289395 -0.0116792 -0.00814179 0.00276374 0.00474582 -0.000365264 0.000220775 -0.000466497 0.00229489 -0.00145855 -0.00145855 -0.000149147 0.00119924
internal_weight=0 134 85 2707 365 2342 93 63 490 287 1852 1418 1272 256 272 434 258 203
internal_count=2841 134 85 2707 365 2342 93 63 490 287 1852 1418 1272 256 272 434 258 203
is_linear=0
shrinkage=0.03


Tree=172
num_leaves=18
num_cat=0
split_feature=7 12 4 4 5 3 7 3 18 15 13 6 16 3 13 12 6
split_gain=5.66499 16.2181 16.2008 11.2607 8.65397 6.59968 2.67999 6.59537 2.06255 1.72382 1.58841 1.2163 1.06436 1.02491 0.770181 0.714093 0.398302
threshold=-0.33849999999999997 -2.0460101123595478 0.27430000000000004 0.15585000000000002 0.30945000000000006 0.11740000000000002 -0.43159999999999993 0.11370000000000001 4.5000000000000009 -3.1038719101123493 3.0126398876404488 0.069650000000000017 -54.493149438202259 0.31860000000000005 -3.9884471910112356 -0.77568426966292126 0.051900000000000009
decision_type=2 2 2 2 2 2 2 2 2 2 2 2 2 2 2 2 2
left_child=1 2 -1 4 5 12 7 8 -3 -6 15 -9 14 -13 -2 -8 -7
right_child=3 6 -4 -5 9 16 10 11 -10 -11 -12 13 -14 -15 -16 -17 -18
leaf_value=0.032300256179383723 0.00012155080239760841 0.014364286159754406 0.001122539386153221 -0.015996898181736469 -0.0083767362928865198 -0.0042309686393594906 0.0016414247237917211 0.0016414247237917211 0.0053613323094539866 -0.0042309686393594906 0.0016414247237917211 0.0036667084095013858 0.00012155080239760841 0.0088089227136604643 -0.0042309686393594906 0.00012155080239760841 0.00012155080239760841
leaf_weight=30 35 49 30 45 56 116 261 135 43 54 164 42 1111 49 32 556 33
leaf_count=30 35 49 30 45 56 116 261 135 43 54 164 42 1111 49 32 556 33
internal_value=0 0.00146244 0.0167114 -0.00121934 -0.000756574 -8.5201e-05 0.000758099 0.0031613 0.0101564 -0.00837674 0.000121551 0.00164142 0.000121551 0.00569199 -0.00423097 0.000121551 -0.00423097
internal_weight=0 1359 60 1482 1437 1327 1299 318 92 110 981 226 1178 91 67 817 149
internal_count=2841 1359 60 1482 1437 1327 1299 318 92 110 981 226 1178 91 67 817 149
is_linear=0
shrinkage=0.03


Tree=173
num_leaves=17
num_cat=0
split_feature=7 12 4 4 5 8 8 0 13 14 3 3 2 17 15 3
split_gain=5.18575 15.329 15.2434 10.598 8.29483 7.85651 2.78905 2.9668 2.52218 2.3826 1.44657 0.898174 0.647424 0.370091 0.305565 0.193415
threshold=-0.33849999999999997 -2.0460101123595478 0.27430000000000004 0.15585000000000002 0.30945000000000006 0.20000000000000004 0.14420000000000002 1.0000000180025095e-35 3.0126398876404488 -0.083584269662921359 0.31860000000000005 0.037750000000000006 1.0000000180025095e-35 -0.0048241573033707954 1.856041011235954 0.0070500000000000007
decision_type=2 2 2 2 2 2 2 2 2 2 2 2 2 2 2 2
left_child=1 2 -1 4 5 -2 7 -3 10 -6 15 13 -10 -7 -12 -8
right_child=3 6 -4 -5 9 11 8 -9 12 -11 14 -13 -14 -15 -16 -17
leaf_value=0.031331247381865976 0.00010204856738255046 0.0030418096294354438 0.0010888632088899611 -0.015516991441448528 -0.004099372698045934 -0.004099372698045934 0.0030418096294354438 0.01147796713370592 0.0030418096294354438 -0.0081244609509304715 0.0011763470809392888 -0.004099372698045934 0.00010204856738255046 -0.0019986620653316919 0.0030418096294354438 0.00010204856738255046
leaf_weight=30 1081 44 30 45 46 50 64 47 159 64 87 120 36 76 43 819
leaf_count=30 1081 44 30 45 46 50 64 47 159 64 87 120 36 76 43 819
internal_value=0 0.00138497 0.0162101 -0.00118087 -0.00073193 -7.42844e-05 0.000700205 0.00576495 0.000318672 -0.00812446 0.000102049 -0.00409937 0.00304181 -0.00199866 0.00304181 0.000102049
internal_weight=0 1359 60 1482 1437 1327 1299 91 1208 110 1013 246 195 126 130 883
internal_count=2841 1359 60 1482 1437 1327 1299 91 1208 110 1013 246 195 126 130 883
is_linear=0
shrinkage=0.03


Tree=174
num_leaves=31
num_cat=0
split_feature=14 13 12 8 12 5 2 3 6 8 14 14 8 17 13 3 13 14 12 8 3 4 12 13 13 12 3 3 3 3
split_gain=3.91124 5.8743 4.97342 3.9117 3.09251 4.20986 5.21814 6.2233 3.6639 2.8352 2.07092 4.22383 2.92744 1.94926 2.88642 2.42446 1.93498 2.93871 2.38812 3.52749 2.35969 2.3248 1.8887 1.8447 3.15331 3.15561 1.79388 1.48063 0.958986 0.635018
threshold=0.088001123595505673 1.0000000180025095e-35 0.85598988764045292 0.17230000000000004 -1.5357831460674143 0.19930000000000003 0.0014500000000000001 0.018850000000000002 0.015400000000000002 0.18650000000000003 -0.15232359550561794 -0.015913483146067438 0.16905000000000001 -0.0022185393258427051 -0.30544719101123613 0.013850000000000001 1.9001398876404496 0.12491573033707866 2.0298039325842727 0.19855000000000003 0.013850000000000001 0.22315000000000004 0.74281573033707826 2.8250528089887639 2.8003550561797748 1.0092595505617992 0.021000000000000001 0.25665000000000004 0.17060000000000003 0.0092000000000000016
decision_type=2 2 2 2 2 2 2 2 2 2 2 2 2 2 2 2 2 2 2 2 2 2 2 2 2 2 2 2 2 2
left_child=1 2 10 22 5 -2 7 9 -9 -7 13 27 -13 14 -1 -15 17 -6 20 28 -18 -22 -3 24 25 -5 -19 -12 -20 -25
right_child=4 3 -4 23 16 6 -8 8 -10 -11 11 12 -14 15 -16 -17 18 26 19 -21 21 -23 -24 29 -26 -27 -28 -29 -30 -31
leaf_value=-0.0060456994294442916 0.014981375284492969 -0.0014720691803697908 0.0096294185735285275 -0.0066011342239126114 0.0035282807143151079 0.0067825457338681989 -0.0086428708136081691 0.00055127295407843074 0.0090228249732080337 -0.0019570365491460005 0.0038008225573531907 0.0040600862464395494 -0.0026683514186210335 -0.003746962197474204 0.0015389280863614245 0.0013872993626602792 -0.0012520736019224535 -0.00030992686868675293 -0.00087380461257539292 -0.010852416406385599 0.007145746679166118 0.00084111925665638406 0.0051527827445534058 -0.0055863607395440339 -0.013434766590958687 -0.0014720691803697908 -0.0093952057873039445 -0.0022866565799340606 0.0052788119092583652 -0.0014720691803697908
leaf_weight=143 30 52 50 218 44 34 30 47 96 34 356 73 287 116 66 289 86 31 95 30 131 88 64 35 41 84 53 40 30 68
leaf_count=143 30 52 50 218 44 34 30 47 96 34 356 73 287 116 66 289 86 31 95 30 131 88 64 35 41 84 53 40 30 68
internal_value=0 -0.000691572 0.000335904 -0.00328768 0.00173206 0.00438351 0.00306427 0.0047288 0.00829597 -0.00195704 -3.27581e-06 0.00104788 -0.00130397 -0.00129753 -0.00365055 -8.32546e-05 0.000510041 -0.00275242 0.00141786 -0.00161432 0.0029588 0.00461238 0.00161998 -0.00456411 -0.00562804 -0.00456818 -0.00604231 0.00318593 0.000602823 -0.00147207
internal_weight=0 1982 1420 562 859 271 241 211 143 68 1370 756 360 614 209 405 588 128 460 155 305 219 116 446 343 302 84 396 125 103
internal_count=2841 1982 1420 562 859 271 241 211 143 68 1370 756 360 614 209 405 588 128 460 155 305 219 116 446 343 302 84 396 125 103
is_linear=0
shrinkage=0.03


Tree=175
num_leaves=18
num_cat=0
split_feature=14 16 14 16 8 1 16 12 3 7 4 7 7 3 12 6 6
split_gain=3.03859 3.40823 3.22618 5.3962 8.91261 4.39362 25.3243 7.14908 3.3557 2.26426 2.05944 1.76316 1.63584 1.52535 2.90406 1.0206 0.660559
threshold=-0.35131348314606736 28.526944943820187 -0.3100426966292133 -52.09964943820227 0.18755000000000002 0.091100000000000014 -41.099750561797627 -1.753382022471907 0.045700000000000011 -0.31759999999999994 0.22315000000000004 -0.30349999999999994 -0.36449999999999994 0.016050000000000005 -1.8815101123595477 0.035150000000000008 0.047700000000000006
decision_type=2 2 2 2 2 2 2 2 2 2 2 2 2 2 2 2 2
left_child=1 15 10 4 -4 6 -5 -7 -9 -8 11 13 -3 -2 -15 -1 -13
right_child=2 12 3 5 -6 7 9 8 -10 -11 -12 16 -14 14 -16 -17 -18
leaf_value=-0.013194109897012822 0.0032563411782240929 0.0040412605851888658 0.0034020839333534243 0.02532961201023411 -0.018347724252022229 -0.011964174652921742 0.0016948065191005051 -0.00040060975846735182 -0.0031414801030390958 -0.00040060975846735182 -0.0023729462516975811 0.00077922434395533244 -0.0043412582051347605 0.013970192938523236 0.0040093336956959005 -0.0061527858801524752 0.0032563411782240929
leaf_weight=32 50 40 30 37 39 58 534 608 485 619 58 39 44 43 68 44 38
leaf_count=32 50 40 30 37 39 58 534 608 485 619 58 39 44 43 68 44 38
internal_value=0 -0.00451437 -0.000259642 -0.000622669 -0.00889129 -0.000378955 0.000899237 -0.00170046 -0.00115581 0.000115261 0.00269608 0.00393139 -0.000349583 0.00573346 0.00786804 -0.00911755 0.000779224
internal_weight=0 160 2706 2410 69 2341 1190 1151 1093 1153 296 238 84 161 111 76 77
internal_count=2866 160 2706 2410 69 2341 1190 1151 1093 1153 296 238 84 161 111 76 77
is_linear=0
shrinkage=0.03


Tree=176
num_leaves=31
num_cat=0
split_feature=13 13 12 8 15 1 17 3 7 3 14 14 8 5 3 12 17 7 3 14 14 1 7 5 1 16 12 3 12 7
split_gain=3.19466 3.97297 4.35751 3.56229 3.4527 4.62192 6.12654 5.68763 4.55652 4.18183 3.60336 3.52119 8.89189 8.01219 4.32542 8.48323 5.80281 2.89285 2.50191 2.18733 1.82094 3.03473 1.73005 1.67309 1.53654 1.47747 1.41658 1.17183 1.15391 0.864972
threshold=1.7265202247191029 2.8921573033707877 2.0298039325842727 0.19855000000000003 -0.90439325842696572 0.091100000000000014 0.0086758426966292174 0.045700000000000011 -0.35244999999999999 0.11275000000000002 0.41254606741573041 0.24095730337078661 0.19835000000000003 0.23090000000000002 0.13455000000000003 -1.753382022471907 0.044445505617977561 -0.44879999999999992 0.011600000000000001 -0.2838134831460673 -0.083584269662921359 0.22395000000000001 -0.34634999999999999 0.30245000000000005 0.035750000000000011 29.666444943820185 -0.16388202247190617 0.0045500000000000011 0.85598988764045292 -0.3088499999999999
decision_type=2 2 2 2 2 2 2 2 2 2 2 2 2 2 2 2 2 2 2 2 2 2 2 2 2 2 2 2 2 2
left_child=4 17 18 -4 5 6 28 29 9 -9 11 14 13 -13 16 -16 -6 -2 27 22 -21 -22 -19 -12 25 -20 -24 -3 -1 -7
right_child=1 2 3 -5 10 7 -8 8 -10 -11 23 12 -14 -15 15 -17 -18 19 24 20 21 -23 26 -25 -26 -27 -28 -29 -30 -31
leaf_value=0.0018865345681195042 0.0033426337919451972 0.0011571593899279832 -0.0012398124530230562 -0.012515061591727772 -0.00091194308231584069 0.0018865345681195042 0.013138613647124806 0.0018865345681195042 -0.015909084645250152 -0.0089376950853092708 0.011045032613445074 0.0095295556110182884 -0.018918206764056401 -0.0087456175625324241 0.016459794159357749 0.00064633491449058052 -0.011691069751395843 -0.0025763506828787221 0.0054586312448726701 -0.00025195052967004033 -0.0020572667207625042 -0.0087477039139379157 -0.0064876220892117892 0.002208893443069731 0.0026529360480670788 0.013011879738187416 -0.013664477025403788 -0.0066863802950829264 0.006771104306134642 -0.0029306386519069414
leaf_weight=215 55 40 119 32 707 113 61 32 31 43 30 38 34 50 36 201 48 58 31 145 199 88 71 54 145 32 38 30 49 41
leaf_count=215 55 40 119 32 707 113 61 32 31 43 30 38 34 50 36 201 48 58 31 145 199 88 71 54 145 32 38 30 49 41
internal_value=0 -0.00177029 0.000473202 -0.00362927 0.000295477 0.00218467 0.00456973 -0.00079666 -0.00623445 -0.0022356 -0.000627041 -0.00107884 -0.00588833 -0.000854066 -0.000487348 0.00304838 -0.00159724 -0.00324194 0.00270152 -0.00384653 -0.00271939 -0.00410869 -0.00676227 0.00536466 0.00435254 0.00826433 -0.00898964 -0.00220436 0.0025898 0.00188653
internal_weight=0 1083 429 151 1783 585 325 260 106 75 1198 1114 122 88 992 237 755 654 278 599 432 287 167 84 208 63 109 70 264 154
internal_count=2866 1083 429 151 1783 585 325 260 106 75 1198 1114 122 88 992 237 755 654 278 599 432 287 167 84 208 63 109 70 264 154
is_linear=0
shrinkage=0.03


Tree=177
num_leaves=30
num_cat=0
split_feature=13 13 12 4 6 17 7 12 6 8 7 3 3 13 16 16 7 4 3 1 16 3 3 3 3 3 7 1 3
split_gain=3.03129 3.72486 4.09062 3.42576 11.3676 9.63946 4.39017 10.0863 3.44803 3.35176 2.72029 2.34711 2.19826 2.07494 1.63698 2.57556 2.45244 2.03019 1.61732 1.42935 1.40409 1.10258 0.869412 3.4185 0.753504 0.737375 0.585343 0.585041 0.387045
threshold=1.7265202247191029 2.8921573033707877 2.0298039325842727 0.22315000000000004 0.022850000000000006 0.039179775280898867 -0.33849999999999997 -1.911510112359547 0.047700000000000006 0.19855000000000003 -0.44879999999999992 0.011600000000000001 0.0070500000000000007 -1.4773426966292147 32.901350561797763 24.028249438202298 -0.34549999999999997 0.22315000000000004 0.012550000000000002 0.035750000000000011 29.666444943820185 0.0045500000000000011 0.25665000000000004 0.31860000000000005 0.11310000000000002 0.029650000000000003 -0.3885499999999999 0.18020000000000005 0.11230000000000001
decision_type=2 2 2 2 2 2 2 2 2 2 2 2 2 2 2 2 2 2 2 2 2 2 2 2 2 2 2 2 2
left_child=3 10 11 6 5 13 7 -1 -8 25 -2 21 -9 -5 15 17 -17 -12 -16 20 -13 -3 -6 -24 -20 -4 -27 -14 -21
right_child=1 2 9 4 22 -7 8 12 -10 -11 14 19 27 -15 18 16 -18 -19 24 28 -22 -23 23 -25 -26 26 -28 -29 -30
leaf_value=0.015608943096095959 0.0032423546830700201 0.0011224445952102541 0.0016199412328495207 -0.010717928509952294 -0.00038770898027839449 -0.024354632288217545 -0.00038770898027839449 0.0084554929589416745 0.0019493031845939435 -0.012139609629957703 -0.00040806571992044768 0.0052794091656719212 0.0053216935558788921 -0.0047989745277252083 -0.0063938711547794251 -0.0032135895225464512 -0.0090680631460860681 -0.0071773937386724182 -0.00024336653487130349 0.0038028151603949289 0.012621523247798904 -0.0064857888724654915 -0.0047989745277252083 -0.00038770898027839449 -0.0063279047389514743 -0.00043508299786065304 -0.005921736184374562 0.0019493031845939435 0.00061937328644229902
leaf_weight=56 55 40 49 54 197 30 641 47 297 32 161 31 91 61 39 114 148 53 54 89 32 30 72 67 30 35 35 170 56
leaf_count=56 55 40 49 54 197 30 641 47 297 32 161 31 91 61 39 114 148 53 54 89 32 30 72 67 30 35 35 170 56
internal_value=0 -0.00171785 0.000454464 0.000294408 -0.00186909 -0.00921024 0.00109367 0.00389012 8.48348e-06 -0.00352039 -0.0031428 0.00261347 0.0019493 -0.00525953 -0.00372909 -0.00452631 -0.0065207 -0.00208458 -0.000643907 0.0042126 0.00798547 -0.00213823 -0.000387709 -0.0039241 -0.000243367 -0.00120262 -0.00317841 0.0019493 0.00257335
internal_weight=0 1083 429 1783 481 145 1302 364 938 151 654 278 308 115 599 476 262 214 123 208 63 70 336 139 84 119 70 261 145
internal_count=2866 1083 429 1783 481 145 1302 364 938 151 654 278 308 115 599 476 262 214 123 208 63 70 336 139 84 119 70 261 145
is_linear=0
shrinkage=0.03


Tree=178
num_leaves=31
num_cat=0
split_feature=13 14 15 0 18 14 14 6 3 17 17 17 1 12 3 3 15 6 3 3 3 1 16 12 15 14 12 16 1 3
split_gain=2.83492 3.53208 3.25612 5.89941 4.9687 3.38401 3.31103 6.54064 4.17357 8.06523 5.41753 3.29632 7.53173 3.02644 2.57109 2.30008 2.58535 3.62584 2.54714 2.33095 2.22986 2.15217 2.73407 1.81752 1.76049 1.65411 1.88684 1.39463 1.3642 1.23051
threshold=1.7265202247191029 0.048586516853932622 -0.90439325842696572 0.10110000000000001 4.5000000000000009 0.41254606741573041 0.24095730337078661 0.047700000000000006 0.13455000000000003 -0.0076601123595505518 0.044445505617977561 0.0086758426966292174 0.093850000000000003 2.0298039325842727 0.13455000000000003 0.013600000000000003 -8.6613668539325825 0.022750000000000003 0.1082 0.008550000000000002 0.016650000000000002 0.072550000000000017 29.666444943820185 0.85598988764045292 -10.080393258426964 -0.26054269662921331 1.5618157303370774 10.815749438202376 0.033250000000000009 0.0055500000000000002
decision_type=2 2 2 2 2 2 2 2 2 2 2 2 2 2 2 2 2 2 2 2 2 2 2 2 2 2 2 2 2 2
left_child=2 15 3 4 -1 6 8 14 10 -10 -4 23 -13 21 -8 19 25 -18 -19 29 -15 22 -3 27 -24 28 -27 -5 -17 -2
right_child=1 13 5 11 -6 -7 7 -9 9 -11 -12 12 -14 20 -16 16 17 18 -20 -21 -22 -23 24 -25 -26 26 -28 -29 -30 -31
leaf_value=-0.0016051126160376813 -0.0061507047072518611 0.00186887822586675 -0.00089998934931787651 0.0030837972784193896 -0.015258311654906719 0.0051988124542627443 -0.01571425747041675 0.0035392829467838795 -0.01153597101382911 0.0051080365721946179 -0.01131512396299513 0.015085719973480297 -0.00074027218222618102 0.0020082181548709646 -0.0047302451094283771 0.0018115020194090902 -0.010523446049541234 0.0042963063925868126 -0.0057913770446553822 -0.012912797503569792 -0.0058655571173977265 -0.00045844310972218712 0.0047187476265493642 0.0071428509425582746 0.014233978411182759 0.0059490677702429126 -0.0018131408270667582 -0.00066132885281727208 -0.0045159185481379212 0.00052835286457968112
leaf_weight=33 92 91 707 177 32 84 44 44 30 207 48 59 50 47 34 46 65 41 50 37 104 198 42 53 30 63 51 181 92 34
leaf_count=33 92 91 707 177 32 84 44 44 30 207 48 59 50 47 34 46 65 41 50 37 104 198 42 53 30 63 51 181 92 34
internal_value=0 -0.00165776 0.000288224 0.00212284 -0.0063982 -0.000607647 -0.00104548 -0.00570924 -0.000471909 0.0030012 -0.00156214 0.00318797 0.00782609 0.000151518 -0.0109264 -0.00328009 -0.00207661 -0.00511182 -0.00124638 -0.00629248 -0.00341478 0.00164324 0.0041962 0.00195791 0.00868343 -0.000197676 0.0024765 0.00119031 -0.00240678 -0.00434842
internal_weight=0 1083 1783 585 65 1198 1114 122 992 237 755 520 109 512 78 571 408 156 91 163 151 361 163 411 72 252 114 358 138 126
internal_count=2866 1083 1783 585 65 1198 1114 122 992 237 755 520 109 512 78 571 408 156 91 163 151 361 163 411 72 252 114 358 138 126
is_linear=0
shrinkage=0.03


Tree=179
num_leaves=31
num_cat=0
split_feature=13 13 12 8 15 4 17 12 1 3 3 16 1 8 3 3 3 18 6 15 3 18 16 16 3 3 6 18 0 1
split_gain=2.68207 3.29073 3.62737 3.14277 3.12614 6.68322 11.4643 3.98018 6.60457 3.66517 3.81945 4.89613 8.12704 3.95946 3.78376 3.46548 5.68685 3.5406 2.67892 2.66788 2.20734 1.89116 1.56678 2.64236 1.79966 3.87857 1.43819 2.27553 1.35392 1.5323
threshold=1.7265202247191029 2.8921573033707877 2.0298039325842727 0.19855000000000003 0.032698876404494655 0.22315000000000004 0.0086758426966292174 -0.93697078651685384 0.16420000000000004 0.13455000000000003 0.021000000000000001 -24.753139325842763 0.31270000000000003 0.18650000000000003 0.0092000000000000016 0.25665000000000004 0.31860000000000005 4.5000000000000009 0.017900000000000003 10.523291011235957 0.011600000000000001 4.5000000000000009 32.901350561797763 24.028249438202298 0.013850000000000001 0.11370000000000001 0.050800000000000005 4.5000000000000009 0.47635000000000005 0.033950000000000008
decision_type=2 2 2 2 2 2 2 2 2 2 2 2 2 2 2 2 2 2 2 2 2 2 2 2 2 2 2 2 2 2
left_child=4 22 20 -4 5 7 21 8 -1 10 13 12 -12 14 -6 17 -17 -11 -15 -13 -3 -7 23 -2 -24 -26 -9 -28 -22 -30
right_child=1 2 3 -5 9 6 -8 26 -10 15 11 19 -14 18 -16 16 -18 -19 -20 -21 28 -23 24 -25 25 -27 27 -29 29 -31
leaf_value=0.01990276303142309 -0.0013193641976710962 -0.0021442674258058624 -0.0010679872437309819 -0.011658507924512378 0.00068535123418289536 0.00011532128861753788 -0.01893339323592098 0.0015775863079430439 0.00047342173755168912 7.0281816760496218e-05 -0.0043277721739911901 0.0017284139694082874 -0.019948016656072515 -0.0092508719192950853 0.009818833752302452 -0.0079561299792137632 0.0050136691935404086 0.010785748098569456 -0.00067260295894909527 -0.0058439317359138404 0.0015707727854854417 -0.0045867381644036087 -0.0051117422292008994 -0.0056028800053605776 0.0073146527734669776 -0.0056948258179578591 0.0034146265933396405 0.010812930698196093 0.011142127147087684 0.0039912783438131542
leaf_weight=32 235 70 119 32 92 102 34 435 31 49 142 129 38 42 60 58 64 64 149 62 103 77 42 289 55 33 78 45 39 66
leaf_count=32 235 70 119 32 92 102 34 435 31 49 142 129 38 42 60 58 64 64 149 62 103 77 42 289 55 33 78 45 39 66
internal_value=0 -0.00161111 0.000430689 -0.00331234 0.000281686 0.00162167 -0.00296383 0.00319448 0.0103423 -0.000895919 -0.00196552 -0.00407527 -0.00762538 0.000316469 0.00392963 0.00235383 -0.0011523 0.00613922 -0.00255892 -0.000729625 0.00246377 6.94909e-05 -0.00295046 -0.00368184 -2.43479e-06 0.0024361 0.00238746 0.00525167 0.00401455 0.00641178
internal_weight=0 1083 429 151 1783 834 213 621 63 949 714 371 180 343 152 235 122 113 191 191 278 179 654 524 130 88 558 123 208 105
internal_count=2866 1083 429 151 1783 834 213 621 63 949 714 371 180 343 152 235 122 113 191 191 278 179 654 524 130 88 558 123 208 105
is_linear=0
shrinkage=0.03


Tree=180
num_leaves=16
num_cat=0
split_feature=15 13 7 5 3 12 3 1 5 4 18 8 14 3 14
split_gain=4.68462 5.79699 3.48504 13.8415 10.1621 4.17275 10.4491 2.90079 4.34516 2.5095 2.36836 2.19587 0.797373 0.405026 0.0657741
threshold=30.472062359550563 -3.9884471910112356 -0.3098999999999999 0.29340000000000005 0.040500000000000008 -2.084010112359548 0.11585000000000002 0.024650000000000002 0.29645000000000005 0.10385000000000001 3.5000000000000004 0.20425000000000001 0.65695730337078662 0.17570000000000005 -0.14745393258426964
decision_type=2 2 2 2 2 2 2 2 2 2 2 2 2 2 2
left_child=2 -2 5 4 11 6 -1 8 9 -7 13 -4 -12 -9 -6
right_child=1 -3 3 -5 14 7 -8 10 -10 -11 12 -13 -14 -15 -16
leaf_value=0.015407992766091699 0.00091115124275286991 -0.014002433827298941 -0.00049888689510829579 -0.016806020063950735 -0.0051242751732934267 0.015317747897258208 -0.00049888689510829579 0.0015851713580653851 0.0015851713580653851 0.0052634793834295118 -0.00049888689510829579 -0.0087445107888064165 0.0015851713580653851 -0.00049888689510829579 -0.0087445107888064165
leaf_weight=57 45 49 671 51 32 31 34 343 144 80 1091 32 52 75 59
leaf_count=57 45 49 671 51 32 31 34 343 144 80 1091 32 52 75 59
internal_value=0 -0.00686295 -5.23144e-05 -0.00165611 -0.000683002 0.000658333 0.00692727 0.000344196 0.00331075 0.00807143 -0.000140412 -0.000498887 -0.000498887 0.00158517 -0.00874451
internal_weight=0 94 2752 845 794 1907 91 1816 255 111 1561 703 1143 418 91
internal_count=2846 94 2752 845 794 1907 91 1816 255 111 1561 703 1143 418 91
is_linear=0
shrinkage=0.03


Tree=181
num_leaves=17
num_cat=0
split_feature=7 4 6 3 4 12 1 3 3 3 18 7 6 3 18 1
split_gain=2.95252 8.03769 8.50028 6.32854 4.86403 12.9592 4.60442 5.07054 4.25654 1.61868 1.50593 1.39413 1.23619 1.5027 1.19907 0.710661
threshold=-0.33849999999999997 0.17430000000000004 -0.0034499999999999995 0.012550000000000002 0.22315000000000004 -1.9340101123595479 0.19720000000000001 0.17570000000000005 0.11740000000000002 0.051100000000000007 4.5000000000000009 -0.36019999999999991 0.022850000000000006 0.25665000000000004 3.5000000000000004 0.20860000000000004
decision_type=2 2 2 2 2 2 2 2 2 2 2 2 2 2 2 2
left_child=4 2 3 -2 5 -1 7 10 15 -5 -7 -9 -6 -14 -10 -4
right_child=1 -3 8 9 12 6 -8 11 14 -11 -12 -13 13 -15 -16 -17
leaf_value=0.021389498007483781 -0.008356236182242462 -0.015843740031123162 -0.00023860687793950859 -0.0039155337239877019 -0.00023860687793950859 0.0082769674435257904 0.001282692889502862 0.011646789353220693 -0.00023860687793950859 -0.008356236182242462 0.016199951777234673 0.0036960297492343399 0.001282692889502862 0.00052204300578167671 -0.0039155337239877019 -0.0039155337239877019
leaf_weight=32 33 33 1088 82 216 50 396 31 34 37 38 65 330 220 110 51
leaf_count=32 33 33 1088 82 216 50 396 31 34 37 38 65 330 220 110 51
internal_value=0 -0.00120536 -0.000868732 -0.00759246 0.00072815 0.00280399 0.00177859 0.00610937 -0.000238607 -0.00391553 0.0116983 0.00369603 -0.000238607 0.00128269 -0.00391553 -0.000238607
internal_weight=0 1468 1435 152 1378 612 580 184 1283 119 88 96 766 550 144 1139
internal_count=2846 1468 1435 152 1378 612 580 184 1283 119 88 96 766 550 144 1139
is_linear=0
shrinkage=0.03


Tree=182
num_leaves=17
num_cat=0
split_feature=15 13 7 5 8 12 5 8 18 2 15 17 16 17 17 12
split_gain=4.40908 5.48331 2.96237 12.6657 5.11569 3.64697 2.90504 4.15475 2.53425 2.1599 1.87 1.45858 0.919194 0.80645 3.25355 0.514469
threshold=30.472062359550563 -3.9884471910112356 -0.3098999999999999 0.29340000000000005 0.20425000000000001 -2.084010112359548 0.30175000000000007 0.17715000000000003 3.5000000000000004 0.27755000000000002 -10.569524719101123 -0.026054494382022435 56.153350561797716 -0.0067146067415730362 0.0072853932584269762 -0.72932752808988954
decision_type=2 2 2 2 2 2 2 2 2 2 2 2 2 2 2 2
left_child=2 -2 5 4 9 6 -1 -8 13 -4 11 -10 -12 15 -15 -7
right_child=1 -3 3 -5 -6 8 7 -9 10 -11 12 -13 -14 14 -16 -17
leaf_value=0.014097881667315959 0.00089223513007163999 -0.013612245990210497 -0.00047303265644694798 -0.016032105197253472 -0.0083206006965407774 0.0025245996030204207 0.0083967344809140337 -0.00047303265644694798 -0.00047303265644694798 -0.0043968166764938622 -0.00047303265644694798 0.0031506012667247038 0.0042516986825415545 0.008102778873461133 0.00079929004732008657 -0.00022589651937759316
leaf_weight=30 45 49 715 51 48 107 31 30 80 31 964 229 53 85 155 143
leaf_count=30 45 49 715 51 48 107 31 30 80 31 964 229 53 85 155 143
internal_value=0 -0.00666861 -6.13071e-05 -0.00153995 -0.000609096 0.000593887 0.00645459 0.00269559 0.000300207 -0.000473033 -0.000381056 0.00186852 -0.000473033 0.00214379 0.00338594 0.000951316
internal_weight=0 94 2752 845 794 1907 91 61 1816 746 1326 309 1017 490 240 250
internal_count=2846 94 2752 845 794 1907 91 61 1816 746 1326 309 1017 490 240 250
is_linear=0
shrinkage=0.03


Tree=183
num_leaves=19
num_cat=0
split_feature=15 13 3 3 6 3 7 3 8 12 3 1 8 14 5 3 8 1
split_gain=4.13934 5.15924 2.87812 12.8109 10.9118 7.42952 8.79832 5.94196 5.35644 5.2403 20.3225 5.07554 2.4014 5.51272 3.44687 2.96371 1.76371 0.323362
threshold=30.472062359550563 -3.9884471910112356 0.013600000000000003 0.010600000000000002 0.014700000000000001 0.016650000000000002 -0.29124999999999995 0.040500000000000008 0.18545000000000003 -2.084010112359548 0.11585000000000002 0.22395000000000001 0.18220000000000003 0.27495730337078667 0.30945000000000006 0.008550000000000002 0.19885000000000003 0.53665000000000007
decision_type=2 2 2 2 2 2 2 2 2 2 2 2 2 2 2 2 2 2
left_child=2 -2 3 12 -5 8 9 16 -4 10 -7 -11 13 17 15 -14 -8 -1
right_child=1 -3 5 4 -6 6 7 -9 -10 11 -12 -13 14 -15 -16 -17 -18 -19
leaf_value=0.0028779456843833692 0.00086546811709801357 -0.013203878558373877 0.015630103957896328 -0.026658818689325164 -0.0046759472915239757 0.022640476777803065 -0.0032057294669712694 -0.018245511656119064 0.0014542842295734173 0.0012856869362047605 -0.0032057294669712694 -0.0026264088036675407 0.00048659189811898346 0.011319799867272377 -0.0088822411739134365 -0.0046964560452583881 -0.0083857970419339845 0.00063176235625219442
leaf_weight=88 45 49 49 31 59 43 46 33 47 1251 37 392 398 50 49 60 60 59
leaf_count=88 45 49 49 31 59 43 46 33 47 1251 37 392 398 50 49 60 60 59
internal_value=0 -0.00646855 -6.65499e-05 -0.00159007 -0.0122478 0.000551261 0.000131656 -0.00712884 0.00868986 0.000717384 0.00821513 0.000352308 -0.000227572 0.00258328 -0.00131976 -0.000510671 -0.00366799 0.000631762
internal_weight=0 94 2752 794 90 1958 1862 139 96 1723 80 1643 704 197 507 458 106 147
internal_count=2846 94 2752 794 90 1958 1862 139 96 1723 80 1643 704 197 507 458 106 147
is_linear=0
shrinkage=0.03


Tree=184
num_leaves=13
num_cat=0
split_feature=15 13 4 3 3 7 12 3 8 13 15 13
split_gain=3.88883 4.85433 2.87325 3.19818 6.70334 7.53363 7.19248 6.24071 5.03988 2.39239 2.02113 1.80284
threshold=30.472062359550563 -3.9884471910112356 0.68835000000000013 0.013600000000000003 0.016650000000000002 -0.29124999999999995 -2.084010112359548 0.010600000000000002 0.18545000000000003 2.0710887640449429 1.0000000180025095e-35 3.0847595505617957
decision_type=2 2 2 2 2 2 2 2 2 2 2 2
left_child=2 -2 3 7 8 6 -6 9 -5 10 -1 -11
right_child=1 -3 -4 4 5 -7 -8 -9 -10 11 -12 -13
leaf_value=0.0032062528566962527 0.00083950407803058615 -0.012807762333030374 -0.0086099607019319326 0.015161200779471168 0.0097822275184668035 -0.0042845867304526063 0.00045426956963832402 -0.0042845867304526063 0.0014106557054564038 -0.0042845867304526063 -0.00082958366891312005 0.00053056860722384405
leaf_weight=212 45 49 35 49 78 139 1610 90 47 153 236 103
leaf_count=212 45 49 35 49 78 139 1610 90 47 153 236 103
internal_value=0 -0.0062745 -6.92332e-05 4.07872e-05 0.000702163 0.000296147 0.000885301 -0.00156101 0.00842916 -0.000241769 0.00108023 -0.00255527
internal_weight=0 94 2752 2717 1923 1827 1688 794 96 704 448 256
internal_count=2846 94 2752 2717 1923 1827 1688 794 96 704 448 256
is_linear=0
shrinkage=0.03


Tree=185
num_leaves=13
num_cat=0
split_feature=17 4 18 16 7 12 5 8 0 5 2 4
split_gain=8.45824 3.82546 4.60517 6.04676 3.08565 5.81524 4.21773 3.23545 2.75509 2.54229 1.68081 0.467877
threshold=0.05910561797752812 0.49985000000000007 4.5000000000000009 7.7131404494380726 -0.33849999999999997 -2.0460101123595478 0.30085000000000006 0.20155000000000003 0.57005000000000006 0.29340000000000005 0.00015000000000000004 0.15585000000000002
decision_type=2 2 2 2 2 2 2 2 2 2 2 2
left_child=1 4 -3 -4 5 -1 10 9 -8 11 -7 -6
right_child=-2 2 3 -5 7 6 8 -9 -10 -11 -12 -13
leaf_value=0.011557823589869906 -0.012042634093536521 -0.0021354586650443519 -0.019452406381922107 -0.0022760005997350583 0.00040691481001533028 0.0092187674564038272 0.00040691481001533028 -0.0021354586650443519 0.00352648670385756 -0.0010281303608214382 0.00352648670385756 -0.00031060777540305396
leaf_weight=49 53 77 35 39 1028 79 919 172 136 207 30 33
leaf_count=49 53 77 35 39 1028 79 919 172 136 207 30 33
internal_value=0 5.46923e-05 -0.00458997 -0.0104 0.000319051 0.0014338 0.00100762 -0.000619969 0.000427157 7.91979e-05 0.00662582 0.000406915
internal_weight=0 2804 151 74 2653 1213 1164 1440 1055 1268 109 1061
internal_count=2857 2804 151 74 2653 1213 1164 1440 1055 1268 109 1061
is_linear=0
shrinkage=0.03


Tree=186
num_leaves=24
num_cat=0
split_feature=12 0 7 18 8 7 6 12 3 3 3 3 3 3 7 6 14 12 7 0 15 14 13
split_gain=4.29262 11.0306 19.501 3.09491 4.37368 5.92651 6.91593 3.31525 2.73612 2.24851 5.37208 1.50717 1.40434 0.854831 1.17062 1.04728 0.920298 1.1381 0.735088 0.766225 0.694428 0.624734 0.308389
threshold=-1.9340101123595479 0.18995000000000004 -0.34549999999999997 3.5000000000000004 0.19965000000000002 -0.31124999999999997 0.031500000000000007 -1.911510112359547 0.016650000000000002 0.011100000000000002 0.021000000000000001 0.0034000000000000007 0.023950000000000003 0.011600000000000001 -0.32494999999999996 0.013000000000000003 -0.15232359550561794 0.27402921348314463 -0.41099999999999998 0.69445000000000012 -10.055393258426964 -0.11695393258426963 1.7265202247191029
decision_type=2 2 2 2 2 2 2 2 2 2 2 2 2 2 2 2 2 2 2 2 2 2 2
left_child=1 -1 -3 13 7 -6 -7 -5 -4 11 -11 -9 -8 14 -2 -16 18 21 -15 -20 -19 -18 -17
right_child=3 2 8 4 5 6 12 9 -10 10 -12 -13 -14 16 15 22 17 20 19 -21 -22 -23 -24
leaf_value=-0.020119096526383037 0.0047748645624289144 0.013643379279971122 -0.0018340741605921223 0.0070200992568190826 -0.0020805270703618648 -0.02181310971453786 -0.0056472942150468854 0.00049236022540163698 -0.010474829299143909 0.0048529678448170849 -0.00045211089907633604 -0.0020805270703618648 -0.011861785118552771 0.0040302184823809602 -0.0057833435166288506 -0.0007603750649102769 0.0039983357924859237 0.0048450242464120191 -0.0029201077687598409 0.0017110180388568196 0.00055726706085512212 0.0082194465198894822 0.001878394723968421
leaf_weight=34 39 50 33 59 126 30 64 205 41 207 1010 239 33 41 33 91 137 45 63 60 139 41 37
leaf_count=34 39 50 33 59 126 30 64 205 41 207 1010 239 33 41 33 91 137 45 63 60 139 41 37
internal_value=0 -0.00498126 -0.000830562 0.000106279 -0.000509959 -0.00419282 -0.00921406 3.17635e-05 -0.0104748 -0.000216468 0.000450232 -0.00204389 -0.00564729 0.00178099 0.000111548 -0.00101808 0.00241576 0.00326037 0.000551418 -0.000608182 0.0016059 0.00497061 0.000210471
internal_weight=0 158 124 2699 1973 253 127 1720 74 1661 1217 444 97 726 200 161 526 362 164 123 184 178 128
internal_count=2857 158 124 2699 1973 253 127 1720 74 1661 1217 444 97 726 200 161 526 362 164 123 184 178 128
is_linear=0
shrinkage=0.03


Tree=187
num_leaves=13
num_cat=0
split_feature=17 4 17 3 7 3 0 12 3 3 5 12
split_gain=7.78369 3.48085 3.71002 3.11916 4.47703 5.73672 12.7011 4.95264 2.15901 6.55025 1.49588 0.783852
threshold=0.05910561797752812 0.49985000000000007 0.012175842696629221 0.011100000000000002 -0.28939999999999994 0.021000000000000001 0.69445000000000012 -2.0460101123595478 0.0070500000000000007 0.0064500000000000009 0.21020000000000003 1.0987595505618002
decision_type=2 2 2 2 2 2 2 2 2 2 2 2
left_child=1 3 11 8 5 6 -5 -7 9 10 -1 -3
right_child=-2 2 -4 4 -6 7 -8 -9 -10 -11 -12 -13
leaf_value=0.00088463287878481379 -0.011561192890523739 -0.0020454447762629836 -0.012657505103537964 -0.00032186269288737385 -0.0020454447762629836 0.0099283735497909427 0.011846490334377022 0.00042063238031262812 -0.0020454447762629836 0.012737744687234653 -0.0020454447762629836 -0.0067851674073608594
leaf_weight=242 53 82 37 98 154 51 136 1487 176 34 275 32
leaf_count=242 53 82 37 98 154 51 136 1487 176 34 275 32
internal_value=0 4.37305e-05 -0.00438679 0.000295901 0.000927891 0.00140172 0.00577786 0.000735909 -0.00137839 -1.72449e-05 -0.000856064 -0.00204544
internal_weight=0 2804 151 2653 1926 1772 234 1538 727 551 517 114
internal_count=2857 2804 151 2653 1926 1772 234 1538 727 551 517 114
is_linear=0
shrinkage=0.03


Tree=188
num_leaves=17
num_cat=0
split_feature=17 4 18 3 3 3 7 7 3 7 14 17 3 1 17 4
split_gain=7.30774 3.2419 2.87902 2.38447 6.43461 5.72977 5.15325 3.11873 2.22659 0.91567 1.01612 1.35133 0.772008 2.84248 0.611416 0.509805
threshold=0.05910561797752812 0.68835000000000013 3.5000000000000004 0.22055000000000002 0.31860000000000005 0.17680000000000004 -0.35874999999999996 -0.43159999999999993 0.35670000000000007 -0.36019999999999991 -0.15232359550561794 -0.020324157303370779 0.11275000000000002 0.36825000000000002 -0.0013202247191011205 0.12025000000000001
decision_type=2 2 2 2 2 2 2 2 2 2 2 2 2 2 2 2
left_child=1 2 9 5 -5 7 -7 -4 -6 12 15 -12 13 -1 -14 -11
right_child=-2 -3 3 4 8 6 -8 -9 -10 10 11 -13 14 -15 -16 -17
leaf_value=0.012561630852181803 -0.011214356944667844 -0.0091771369876668726 0.004430044422318276 -0.0045169789328108126 0.0094041897158604112 0.016305514537380075 -0.0001071190055121075 -0.0007072080019843109 0.00028984722263198726 -0.00013033564118907235 -0.0031795939846440799 0.002176791433699221 0.002176791433699221 0.002176791433699221 0.0051642015902325505 -0.0044572715076708017
leaf_weight=33 53 34 114 154 32 36 33 1586 98 117 43 292 76 62 63 31
leaf_count=33 53 34 114 154 32 36 33 1586 98 117 43 292 76 62 63 31
internal_value=0 3.01653e-05 0.000143179 -0.00042839 -0.00298008 -1.87356e-05 0.00845599 -0.00036271 0.00253338 0.00177977 0.00103355 0.00194814 0.00332003 0.00542227 0.00217679 -0.00103665
internal_weight=0 2804 2770 2053 284 1769 69 1700 130 717 483 335 234 95 139 148
internal_count=2857 2804 2770 2053 284 1769 69 1700 130 717 483 335 234 95 139 148
is_linear=0
shrinkage=0.03


Tree=189
num_leaves=17
num_cat=0
split_feature=17 4 17 3 3 5 3 3 3 8 17 3 8 1 12 16
split_gain=6.8679 3.15614 3.53413 2.93892 3.54937 5.95838 15.2605 3.30954 8.21942 2.93987 3.79658 1.63894 1.19914 0.968727 0.714876 0.515927
threshold=0.05910561797752812 0.49985000000000007 0.012175842696629221 0.011100000000000002 0.021000000000000001 0.30565000000000003 0.018950000000000005 0.026800000000000004 0.028950000000000004 0.18220000000000003 0.021285393258426991 0.0039500000000000013 0.17075000000000004 0.53665000000000007 1.0987595505618002 31.104215730336993
decision_type=2 2 2 2 2 2 2 2 2 2 2 2 2 2 2 2
left_child=1 3 14 9 5 6 -5 -6 -9 10 13 15 -7 -1 -3 -11
right_child=-2 2 -4 4 7 12 -8 8 -10 11 -12 -13 -14 -15 -16 -17
leaf_value=0.0029321797788989814 -0.010877926864854569 -0.0019663954002275448 -0.012274179655957866 0.0032060857223150953 -0.0019663954002275448 0.0023549473739157703 0.025037804337985376 0.015100048781505653 0.00039035281901493585 -3.9367445324349768e-05 0.010404406429366454 -0.0019663954002275448 -0.0019663954002275448 -3.9367445324349768e-05 -0.0065111220959806811 -0.0019663954002275448
leaf_weight=99 53 82 37 189 77 35 34 35 1474 255 38 213 82 59 32 63
leaf_count=99 53 82 37 189 77 35 34 35 1474 255 38 213 82 59 32 63
internal_value=0 2.29508e-05 -0.00419586 0.000263072 0.000876531 0.00365804 0.00653469 0.000280242 0.000731532 -0.00136213 0.00188766 -0.0019664 -0.00182479 -3.93674e-05 -0.0019664 -3.93674e-05
internal_weight=0 2804 151 2653 1926 340 223 1586 1509 727 196 531 117 158 114 318
internal_count=2857 2804 151 2653 1926 340 223 1586 1509 727 196 531 117 158 114 318
is_linear=0
shrinkage=0.03


Tree=190
num_leaves=17
num_cat=0
split_feature=1 3 3 7 12 3 3 7 2 3 3 12 6 16 6 0
split_gain=3.8512 3.57123 7.93523 6.27141 10.684 5.97906 4.76177 4.96854 3.41749 3.26652 3.15201 3.09114 1.56249 1.72051 1.21222 0.106798
threshold=0.69905000000000006 0.25665000000000004 0.31860000000000005 -0.33669999999999994 -2.084010112359548 0.11585000000000002 0.11865000000000002 -0.43744999999999995 0.27755000000000002 0.34510000000000007 0.012550000000000002 -1.5672831460674155 0.086800000000000016 -23.769555056179737 0.051900000000000009 0.52445000000000019
decision_type=2 2 2 2 2 2 2 2 2 2 2 2 2 2 2 2
left_child=1 3 15 4 -1 8 7 -6 10 -4 -5 -8 13 -11 -7 -3
right_child=-2 2 9 5 6 14 11 -9 -10 12 -12 -13 -14 -15 -16 -17
leaf_value=0.015850270457413732 -0.010361082996665076 -0.0052071130509281716 0.010670531985524576 -0.0016046122582916687 0.0084966437122171844 -0.0052071130509281716 0.01216538383016913 0.00064887266736700128 -0.0052071130509281716 0.0021515904880651522 0.00064887266736700128 0.0034983850569607548 0.0058543452417308631 -0.0039845696303163125 0.00064887266736700128 -4.6873582260949264e-05
leaf_weight=49 33 156 32 634 76 130 44 599 33 32 636 234 33 83 33 35
leaf_count=49 33 156 32 634 76 130 44 599 33 32 636 234 33 83 33 35
internal_value=0 -5.31431e-05 -0.00279745 0.000359393 0.00218861 -0.000890862 0.00148617 0.000648873 -0.000198082 0.00197926 9.98809e-05 0.00487014 0.000100064 -0.00155116 -0.00520711 -0.00520711
internal_weight=0 2839 371 2468 1002 1466 953 675 1303 180 1270 278 148 115 163 191
internal_count=2872 2839 371 2468 1002 1466 953 675 1303 180 1270 278 148 115 163 191
is_linear=0
shrinkage=0.03


Tree=191
num_leaves=16
num_cat=0
split_feature=1 14 12 0 7 12 5 6 1 15 7 13 6 5 15
split_gain=3.61332 3.29899 4.07763 3.14316 3.22847 6.79573 14.6998 3.51945 2.78265 4.87965 2.70346 1.23355 1.20622 0.588076 1.20097
threshold=0.69905000000000006 0.40500112359550566 2.0448039325842733 1.0000000180025095e-35 -0.33849999999999997 -2.0460101123595478 0.34515000000000001 0.047700000000000006 0.091100000000000014 -9.9038932584269634 -0.42464999999999992 2.8250528089887639 0.041250000000000009 0.29340000000000005 8.9967910112359579
decision_type=2 2 2 2 2 2 2 2 2 2 2 2 2 2 2
left_child=1 3 8 -1 5 6 -5 11 9 -3 -7 -6 -4 -10 -15
right_child=-2 2 12 4 7 10 -8 -9 13 -11 -12 -13 -14 14 -16
leaf_value=-0.0050579938336096988 -0.010050250442529267 0.0045347609500090277 -0.0050579938336096988 0.025072094611823557 -0.002670244416132245 0.0030533125217156996 -0.0002020859136474201 -0.0002020859136474201 0.0045347609500090277 0.014598049092261742 -0.0002020859136474201 -0.0013625624289306049 0.0010639590541832149 0.0026399465951313932 -0.0017329043679567705
leaf_weight=55 33 72 34 32 769 254 38 419 34 54 797 110 30 58 83
leaf_count=55 33 72 34 32 769 254 38 419 34 54 797 110 30 58 83
internal_value=0 -6.57372e-05 0.00259672 -0.000458541 -0.000282495 0.000896838 0.00994767 -0.00130101 0.00405885 0.00745824 0.000294023 -0.00252304 -0.00427986 0.00161129 0.000745132
internal_weight=0 2839 365 2474 2419 1121 70 1298 301 126 1051 879 64 175 141
internal_count=2872 2839 365 2474 2419 1121 70 1298 301 126 1051 879 64 175 141
is_linear=0
shrinkage=0.03


Tree=192
num_leaves=18
num_cat=0
split_feature=1 3 3 7 17 1 14 5 7 3 3 4 3 6 16 17 5
split_gain=3.39853 3.54849 7.37032 5.55565 6.20821 10.2716 10.7587 5.93418 3.96028 3.70272 3.03709 2.66683 2.23289 1.42052 1.61852 0.782821 0.643188
threshold=0.69905000000000006 0.25665000000000004 0.31860000000000005 -0.33669999999999994 0.030277528089887654 0.21470000000000003 0.17668651685393275 0.30945000000000006 -0.43744999999999995 0.11740000000000002 0.34510000000000007 0.15585000000000002 0.11865000000000002 0.086800000000000016 -23.769555056179737 -0.0073202247191011252 0.30345000000000005
decision_type=2 2 2 2 2 2 2 2 2 2 2 2 2 2 2 2 2
left_child=1 3 16 4 8 6 -6 9 15 11 -4 -5 -10 14 -12 -1 -3
right_child=-2 2 10 7 5 -7 -8 -9 12 -11 13 -13 -14 -15 -16 -17 -18
leaf_value=0.0044731892101713506 -0.0097487430359152229 0.0018322515689900942 0.010255201489999309 0.0006181428311170644 0.0077552909126348815 0.0006181428311170644 0.026369662033393977 -0.0049071405837109163 0.0006181428311170644 -0.0025426872776477551 0.002018818814392117 -0.0025426872776477551 0.0033833198342323751 0.0055493517016822636 -0.0038820692294288476 0.0095399732533388015 -0.0049071405837109163
leaf_weight=83 33 35 32 1164 42 54 40 138 553 131 32 33 189 33 83 41 156
leaf_count=83 33 35 32 1164 42 54 40 138 553 131 32 33 189 33 83 41 156
internal_value=0 -6.55381e-05 -0.0028011 0.000345683 0.00206735 0.00802617 0.0148924 -0.000831064 0.00113155 -0.000178234 0.00187471 0.000455059 0.000618143 6.27128e-05 -0.00151171 0.0061485 -0.00490714
internal_weight=0 2839 371 2468 1002 136 82 1466 866 1328 180 1197 742 148 115 124 191
internal_count=2872 2839 371 2468 1002 136 82 1466 866 1328 180 1197 742 148 115 124 191
is_linear=0
shrinkage=0.03


Tree=193
num_leaves=14
num_cat=0
split_feature=4 1 3 3 7 1 5 8 3 4 7 15 5
split_gain=3.24424 2.91158 3.40803 4.93211 4.24353 6.34669 5.49428 4.37507 2.65168 2.37086 1.24271 1.20132 0.507077
threshold=0.68835000000000013 0.00035000000000000005 0.25665000000000004 0.31860000000000005 -0.33669999999999994 0.22395000000000001 0.30945000000000006 0.20155000000000003 0.35670000000000007 0.22315000000000004 -0.43159999999999993 -6.1164589887640446 0.30345000000000005
decision_type=2 2 2 2 2 2 2 2 2 2 2 2 2
left_child=1 -1 4 12 5 9 7 -6 -5 -3 -7 -10 -4
right_child=-2 2 3 8 6 10 -8 -9 11 -11 -12 -13 -14
leaf_value=0.0090609491304043804 -0.0090237741791517334 0.0044386082669860601 0.001777284005124654 0.0044386082669860601 0.00044429476955294841 0.0023965176907966108 -0.0045532092725306325 -0.0023691386091837276 0.0021721462346613405 0.0023965176907966108 0.00044429476955294841 -0.0039549467817414545 -0.0045532092725306325
leaf_weight=31 37 146 35 45 1142 110 138 186 48 334 409 72 139
leaf_count=31 37 146 35 45 1142 110 138 186 48 334 409 72 139
internal_value=0 -8.26444e-05 -0.000183733 -0.00300401 0.000204128 0.00171199 -0.000823397 -0.000185068 0.00108889 0.00434874 0.000444295 -0.00150411 -0.00455321
internal_weight=0 2835 2804 339 2465 999 1466 1328 165 480 519 120 174
internal_count=2872 2835 2804 339 2465 999 1466 1328 165 480 519 120 174
is_linear=0
shrinkage=0.03


Tree=194
num_leaves=17
num_cat=0
split_feature=1 3 3 7 12 5 7 3 1 3 3 4 6 16 5 14
split_gain=3.18349 3.25786 6.92883 4.92703 9.26885 5.48773 4.10976 3.5384 3.24882 2.77298 2.69184 2.56354 1.28357 1.56228 0.619728 0.0835806
threshold=0.69905000000000006 0.25665000000000004 0.31860000000000005 -0.33669999999999994 -2.084010112359548 0.30945000000000006 -0.42254999999999993 0.11740000000000002 0.19720000000000001 0.34510000000000007 0.11370000000000001 0.15585000000000002 0.086800000000000016 -23.769555056179737 0.30345000000000005 -0.083584269662921359
decision_type=2 2 2 2 2 2 2 2 2 2 2 2 2 2 2 2
left_child=1 3 14 4 -1 7 10 11 -8 -4 -6 -5 13 -11 -3 -7
right_child=-2 2 9 5 6 15 8 -9 -10 12 -12 -13 -14 -15 -16 -17
leaf_value=0.014642347900234923 -0.0094696095352992411 0.001723965475335717 0.0098143873061599142 0.00055285418915468473 0.0091487675159905735 -0.0024851274884258607 0.0029757841661651003 -0.0024851274884258607 0.00055285418915468473 0.0019345746933935365 0.0029757841661651003 -0.0024851274884258607 0.0052906092662702905 -0.0037703106403126413 -0.0047836796977249645 -0.0047836796977249645
leaf_weight=49 33 35 32 1164 91 60 394 131 381 32 87 33 33 83 156 78
leaf_count=49 33 35 32 1164 91 60 394 131 381 32 87 33 33 83 156 78
internal_value=0 -9.77499e-05 -0.00271889 0.000296271 0.00191761 -0.000811904 0.00126335 -0.000186575 0.000552854 0.00180657 0.00539871 0.00043412 7.51501e-05 -0.00142146 -0.00478368 -0.00478368
internal_weight=0 2839 371 2468 1002 1466 953 1328 775 180 178 1197 148 115 191 138
internal_count=2872 2839 371 2468 1002 1466 953 1328 775 180 178 1197 148 115 191 138
is_linear=0
shrinkage=0.03


Tree=195
num_leaves=18
num_cat=0
split_feature=1 3 3 12 7 16 17 14 4 6 13 8 3 15 13 16 13
split_gain=3.23805 3.22961 5.78376 6.23227 3.57543 2.73317 3.1632 2.52825 6.16107 16.9118 5.63429 3.66444 1.77737 1.49127 1.01718 0.452059 0.297897
threshold=0.0010500000000000002 0.25665000000000004 0.31860000000000005 -1.0029707865168562 -0.43159999999999993 30.222860674157236 -0.0067146067415730362 0.24095730337078661 0.22315000000000004 0.022850000000000006 2.0710887640449429 0.20155000000000003 0.35670000000000007 -0.61430112359550548 -0.72147977528089846 24.33174943820234 5.2250528089887647
decision_type=2 2 2 2 2 2 2 2 2 2 2 2 2 2 2 2 2
left_child=13 4 3 -3 -2 6 -5 8 10 -10 -6 16 -4 -1 -14 -13 -9
right_child=1 2 12 5 7 -7 -8 11 9 -11 -12 15 14 -15 -16 -17 -18
leaf_value=0.0031605695717343567 0.0031605695717343567 -0.017652393733906382 0.0031605695717343567 -0.0065986288130721622 0.0012358491531675455 -0.010893928223813418 0.0031605695717343567 0.0014859066767302115 -0.014185599915717904 -0.0023723438588273697 -0.0023723438588273697 -0.0085354089476168161 -0.0051290007537374126 0.01136745155518574 0.0011586033756305512 -0.0033273818623274563 -0.0022227443641209617
leaf_weight=34 171 37 43 51 1025 36 51 467 121 164 391 30 39 31 57 30 34
leaf_count=34 171 37 43 51 1025 36 51 467 121 164 391 30 39 31 57 30 34
internal_value=0 -0.000226741 -0.00309008 -0.00671877 0.000142798 -0.00378729 -0.00127907 -0.000188756 -0.000765122 -0.00478957 4.48833e-05 0.00148591 0.00147841 0.00654788 -0.00139574 -0.0059314 0.00148591
internal_weight=0 2747 314 175 2433 138 102 2262 1701 285 1416 561 139 65 96 60 501
internal_count=2812 2747 314 175 2433 138 102 2262 1701 285 1416 561 139 65 96 60 501
is_linear=0
shrinkage=0.03


Tree=196
num_leaves=14
num_cat=0
split_feature=2 8 17 17 14 14 12 14 14 0 8 6 18
split_gain=2.56733 2.56437 2.62674 2.84514 3.72339 3.67338 3.53823 2.65458 2.45584 2.24455 5.12826 3.34477 1.74424
threshold=0.27755000000000002 0.13235000000000005 -0.0035544943820224602 -0.012824157303370802 -0.12895393258426963 -0.083584269662921359 0.85598988764045292 0.048586516853932622 0.029631460674157343 0.11895000000000001 0.17515000000000003 0.047700000000000006 5.5000000000000009
decision_type=2 2 2 2 2 2 2 2 2 2 2 2 2
left_child=1 -1 3 5 -5 6 -3 -7 -6 12 -11 -12 -4
right_child=-2 2 9 4 8 7 -8 -9 -10 10 11 -13 -14
leaf_value=0.00865003770157214 -0.0067889995627105236 2.0128458156250417e-05 -0.00068448429016661411 -0.0033594029263955068 0.003577965708742528 -0.0033594029263955068 0.0043114201429956915 -2.7095145864462724e-05 -0.0033594029263955068 0.0043114201429956915 -0.0006233153309543138 0.0024492862496353807 -0.0033594029263955068
leaf_weight=31 50 285 103 195 116 220 129 387 75 104 717 367 33
leaf_count=31 50 285 103 195 116 220 129 387 75 104 717 367 33
internal_value=0 7.01937e-05 -2.71974e-05 -0.000929736 -0.00312378 -0.000100254 0.00207864 -0.00158635 0.000842618 0.00093192 0.00134985 0.000587152 -0.00271882
internal_weight=0 2762 2731 1407 386 1021 414 607 191 1324 1188 1084 136
internal_count=2812 2762 2731 1407 386 1021 414 607 191 1324 1188 1084 136
is_linear=0
shrinkage=0.03


Tree=197
num_leaves=16
num_cat=0
split_feature=1 3 3 12 7 0 16 12 12 3 1 3 15 15 0
split_gain=3.0184 2.99559 5.507 5.88279 3.35887 5.70112 2.58124 2.41695 5.38531 1.68673 1.66997 1.61094 1.41577 0.711486 0.107917
threshold=0.0010500000000000002 0.25665000000000004 0.31860000000000005 -1.0029707865168562 -0.43159999999999993 0.081650000000000014 30.222860674157236 -0.77568426966292126 -0.14738202247190732 0.35670000000000007 0.10295000000000001 0.013600000000000003 -0.61430112359550548 -6.1164589887640446 1.0000000180025095e-35
decision_type=2 2 2 2 2 2 2 2 2 2 2 2 2 2 2
left_child=12 4 3 -3 14 -6 10 11 -9 -4 -5 -7 -1 -11 -2
right_child=1 2 9 6 5 7 -8 8 -10 13 -12 -13 -14 -15 -16
leaf_value=0.0030677809798448042 0.0014496890552520342 -0.017123727926329987 0.0030677809798448042 0.0021279320634644606 -0.010739784707470487 -0.0010284248211780635 -0.010559268842140833 -0.0042950253275259205 0.00024298615402540562 0.0017874635347666647 -0.0056226738396270024 0.0014496890552520342 0.011038294203218913 -0.0034711391228790345 0.0030677809798448042
leaf_weight=34 32 37 43 58 45 237 36 290 1249 39 44 441 31 57 139
leaf_count=34 32 37 43 58 45 237 36 290 1249 39 44 441 31 57 139
internal_value=0 -0.000202621 -0.00296027 -0.00650108 0.000153279 -0.000168403 -0.00365298 4.61719e-05 -0.00061213 0.00149758 -0.00121547 0.00144969 0.00633818 -0.00133483 0.00306778
internal_weight=0 2747 314 175 2433 2262 138 2217 1539 139 102 678 65 96 171
internal_count=2812 2747 314 175 2433 2262 138 2217 1539 139 102 678 65 96 171
is_linear=0
shrinkage=0.03


Tree=198
num_leaves=18
num_cat=0
split_feature=1 3 3 12 3 3 7 0 17 7 3 15 16 15 15 13 0
split_gain=2.81472 2.80353 5.24063 5.53512 3.26274 8.52421 2.75869 5.22666 2.46105 2.33659 1.6067 1.33951 0.961918 0.989311 0.914514 0.912721 0.169018
threshold=0.0010500000000000002 0.25665000000000004 0.31860000000000005 -1.0029707865168562 0.13455000000000003 0.12005000000000002 -0.43159999999999993 0.090150000000000008 -0.0067146067415730362 -0.35819999999999991 0.35670000000000007 -0.61430112359550548 -23.769555056179737 -0.48236685393258488 -8.6613668539325825 -0.72147977528089846 0.029800000000000004
decision_type=2 2 2 2 2 2 2 2 2 2 2 2 2 2 2 2 2
left_child=11 4 3 -3 5 6 16 -8 14 -6 -4 -1 -11 -14 -5 -12 -2
right_child=1 2 10 8 9 -7 7 -9 -10 12 15 -13 13 -15 -16 -17 -18
leaf_value=0.0029739774887694646 0.0013316326043000563 -0.016610016160820786 0.0029739774887694646 -0.0032922250404953954 0.0029739774887694646 -0.015623438326001632 -0.010417591070135434 -7.4815212976159923e-05 0.0010924584644262569 0.00081591254197402221 -0.0048311729156053978 0.010707145316240889 -0.00081515764365113288 -0.00763270583958365 -0.0098112740206221724 0.0011248456598504594 0.0029739774887694646
leaf_weight=34 48 37 43 34 193 32 45 1928 59 30 39 31 53 30 45 57 74
leaf_count=34 48 37 43 34 193 32 45 1928 59 30 39 31 53 30 45 57 74
internal_value=0 -0.000184154 -0.00285194 -0.00630605 0.000160146 -0.000256701 -2.19822e-05 -0.000310712 -0.00354339 0.00297398 0.00149676 0.00613211 -0.00134215 -0.00327933 -0.00700561 -0.00129479 0.00297398
internal_weight=0 2747 314 175 2433 2127 2095 1973 138 306 139 65 113 83 79 96 122
internal_count=2812 2747 314 175 2433 2127 2095 1973 138 306 139 65 113 83 79 96 122
is_linear=0
shrinkage=0.03


Tree=199
num_leaves=16
num_cat=0
split_feature=1 14 16 4 6 16 7 5 6 6 17 6 14 13 4
split_gain=2.62432 2.53534 2.46336 2.10891 11.1977 15.2554 4.2102 1.91797 1.88367 1.84805 1.3998 1.15871 0.864204 0.789674 0.110416
threshold=0.0010500000000000002 -0.35131348314606736 28.526944943820187 0.22315000000000004 0.022850000000000006 -29.908859550561882 -0.34549999999999997 0.39145000000000008 0.035150000000000008 0.048750000000000009 -0.01782415730337079 -0.0016999999999999997 -0.11695393258426963 2.0710887640449429 0.0087500000000000026
decision_type=2 2 2 2 2 2 2 2 2 2 2 2 2 2 2
left_child=12 2 8 6 5 -5 7 -3 -2 14 -7 -4 -1 -11 -8
right_child=1 3 11 4 -6 10 9 -9 -10 13 -12 -13 -14 -15 -16
leaf_value=0.0028827975184538323 -0.013137248923832719 0.0028827975184538323 -0.0049818368661217393 -0.027494777887593955 -0.00042306383040990609 -0.0092411446990445251 0.00043123794200186752 0.0012855397144136411 -0.0036084192722689273 0.0012855397144136411 -0.004110489534172191 0.0023963273125524927 0.0092588261210852681 0.00043123794200186752 -0.00042306383040990609
leaf_weight=31 33 289 30 30 462 48 75 232 43 289 119 53 34 141 903
leaf_count=31 33 289 30 30 462 48 75 232 43 289 119 53 34 141 903
internal_value=0 -0.000166651 -0.00384365 5.92543e-05 -0.00140593 -0.00779792 0.000559802 0.00286384 -0.00774594 -0.000292756 -0.00425956 -0.000270479 0.00593225 0.00128554 -0.000423064
internal_weight=0 2747 159 2588 659 197 1929 521 76 1408 167 83 65 430 978
internal_count=2812 2747 159 2588 659 197 1929 521 76 1408 167 83 65 430 978
is_linear=0
shrinkage=0.03


Tree=200
num_leaves=14
num_cat=0
split_feature=1 8 7 3 7 12 17 0 7 6 6 3 3
split_gain=2.01702 9.16874 3.95084 7.83801 15.0621 6.8172 3.76753 2.82949 3.54992 2.4471 0.97791 0.659934 0.423157
threshold=0.38980000000000009 0.17545000000000002 -0.33849999999999997 0.045700000000000011 -0.35034999999999994 -2.0460101123595478 0.039179775280898867 0.61050000000000015 -0.34549999999999997 0.047700000000000006 -0.072449999999999987 0.022050000000000004 0.4391000000000001
decision_type=2 2 2 2 2 2 2 2 2 2 2 2 2
left_child=2 6 3 4 -1 -5 10 12 -9 -4 -2 -6 -7
right_child=1 -3 9 5 11 7 -8 8 -10 -11 -12 -13 -14
leaf_value=0.020523729064645103 -0.0071683619141970807 -0.017343358288918222 -0.0015205473549797083 0.01083599884636127 -9.1712464209788006e-05 -9.1712464209788006e-05 -0.0094319528219489641 0.012479233439080417 0.0028973860903598564 -9.1712464209788006e-05 -0.0015205473549797083 0.0036630007046339814 0.0028973860903598564
leaf_weight=52 57 35 986 52 32 800 30 42 32 459 197 43 44
leaf_count=52 57 35 986 52 32 800 30 42 32 459 197 43 44
internal_value=0 -0.00278593 -0.000255164 0.00110224 0.00811041 0.000184673 -0.00152055 -9.17125e-05 0.00588648 -0.00128566 -0.00152055 -9.17125e-05 -9.17125e-05
internal_weight=0 319 2542 1097 127 970 284 918 74 1445 254 75 844
internal_count=2861 319 2542 1097 127 970 284 918 74 1445 254 75 844
is_linear=0
shrinkage=0.03


Tree=201
num_leaves=25
num_cat=0
split_feature=14 16 18 0 12 7 12 14 0 7 17 8 17 15 12 4 5 4 17 7 7 1 4 1
split_gain=2.28392 3.50248 2.06289 4.67043 13.3586 9.74829 19.0643 2.63568 2.4534 2.37133 2.00311 2.99392 1.86941 1.76519 1.80276 2.30279 1.63519 1.21806 1.11801 1.72676 0.98143 1.17627 0.932464 0.0789831
threshold=-0.3468134831460673 26.560249438202337 4.5000000000000009 0.29825000000000007 -1.9340101123595479 -0.34549999999999997 -2.0460101123595478 -0.3100426966292133 0.57005000000000006 -0.43159999999999993 -0.014058426966292127 0.14540000000000003 -0.0165584269662921 0.032698876404494655 -1.6888820224719081 0.22315000000000004 0.19250000000000003 0.38120000000000004 -0.004324157303370795 -0.3885499999999999 -0.3098999999999999 0.039900000000000012 0.31385000000000002 0.20860000000000004
decision_type=2 2 2 2 2 2 2 2 2 2 2 2 2 2 2 2 2 2 2 2 2 2 2 2
left_child=1 -1 9 4 -4 6 -5 -7 -8 12 -6 -12 -2 18 -15 -16 -9 -14 19 -11 21 -3 -20 -23
right_child=2 20 3 5 10 7 8 16 -10 13 11 -13 17 14 15 -17 -18 -19 22 -21 -22 23 -24 -25
leaf_value=-0.011640924093313515 0.0022228345296196068 0.0050514340233057736 -0.02268568896688521 0.022814685702323912 -0.0022407361605559744 0.00079451522430072912 0.00079451522430072912 0.00079451522430072912 0.0069506221001234937 0.0022228345296196068 -0.0022407361605559744 -0.00828752595363412 0.01086668764609237 0.0022228345296196068 -0.0011821633070850603 -0.0075346607412211594 -0.0022407361605559744 0.0040117963665055436 0.0022228345296196068 -0.0012263954210352407 -0.005369394837679075 -0.0010444984808564185 -0.0017564584768183951 -0.0026158341273255781
leaf_weight=40 41 30 32 42 130 137 269 82 61 91 32 123 43 59 260 64 511 51 289 314 42 35 53 30
leaf_count=40 41 30 32 42 130 137 269 82 61 91 32 123 43 59 260 64 511 51 289 314 42 35 53 30
internal_value=0 -0.00383089 -0.000312509 -0.00109778 -0.00430678 -0.000174688 0.00377793 -0.0021889 0.00135507 0.000568365 -0.00224319 -0.00565116 0.00432626 0.000119414 -0.00153651 -0.00243698 -0.00224074 0.00714754 0.000968432 -9.81036e-05 -0.00155059 0.000137727 0.00222283 -0.00213014
internal_weight=0 177 2684 1419 317 1102 372 730 330 1265 285 155 135 1130 383 324 593 94 747 405 137 95 342 65
internal_count=2861 177 2684 1419 317 1102 372 730 330 1265 285 155 135 1130 383 324 593 94 747 405 137 95 342 65
is_linear=0
shrinkage=0.03


Tree=202
num_leaves=21
num_cat=0
split_feature=2 14 6 7 16 17 3 17 5 17 15 12 7 12 3 3 3 5 7 3
split_gain=2.31695 2.22254 4.06619 4.46536 3.48702 4.40072 2.34871 3.10485 2.08432 2.93148 1.76321 3.79336 2.02077 1.76238 2.31221 1.40902 2.71935 1.32257 0.719718 0.232643
threshold=0.27755000000000002 -0.15232359550561794 -0.0035499999999999998 -0.34549999999999997 32.901350561797763 -0.0030544943820224597 0.013850000000000001 0.04344550561797756 0.18055000000000002 0.0086758426966292174 10.228291011235957 -0.22238202247190661 -0.34889999999999993 0.85598988764045292 0.029650000000000003 0.033000000000000008 0.11370000000000001 0.39340000000000003 -0.31149999999999994 0.0089000000000000017
decision_type=2 2 2 2 2 2 2 2 2 2 2 2 2 2 2 2 2 2 2 2
left_child=1 4 3 17 5 -1 18 -8 9 -4 11 -10 -12 14 -6 19 -17 -3 -7 -15
right_child=-2 2 8 -5 13 6 7 -9 10 -11 12 -13 -14 15 -16 16 -18 -19 -20 -21
leaf_value=-0.0039577379189944892 -0.0075069834158888876 -0.00083119292313422067 0.0030493827675041668 -0.0039577379189944892 0.0042098772022873161 0.00069570637214928853 0.0024271488277780185 -0.0039577379189944892 0.0030493827675041668 0.01310580903243634 0.0028813041694690103 0.00013931595543574494 -0.00083119292313422067 0.0026676719836250416 -0.0039577379189944892 0.013760346975177525 0.0012805828581225465 -0.002394465421064355 -0.0039577379189944892 -0.001068445423617959
leaf_weight=260 42 77 53 124 40 30 249 81 254 31 139 838 187 30 51 30 33 188 94 30
leaf_count=260 42 77 53 124 40 30 249 81 254 31 139 838 187 30 51 30 33 188 94 30
internal_value=0 -0.000408492 0.00018161 -0.00255196 -0.00161095 -0.00261773 -0.000559524 0.000763767 0.00088957 0.0054812 0.00061757 0.001213 -0.000831193 0.0017481 -0.00141706 0.00408981 0.00722333 -0.000831193 -0.00395774 0.000799613
internal_weight=0 2819 1891 389 928 714 454 330 1502 84 1418 1092 326 214 91 123 63 265 124 60
internal_count=2861 2819 1891 389 928 714 454 330 1502 84 1418 1092 326 214 91 123 63 265 124 60
is_linear=0
shrinkage=0.03


Tree=203
num_leaves=24
num_cat=0
split_feature=14 16 18 3 3 16 3 14 16 1 13 7 3 15 12 4 3 3 15 7 1 6 3
split_gain=2.08941 3.29712 1.95205 3.0978 9.08578 10.2875 5.48146 5.11113 3.03486 6.34195 3.06957 2.15476 3.08018 1.65348 1.67696 2.20729 1.46026 3.50712 1.40689 0.913606 1.08198 0.593872 0.466741
threshold=-0.3468134831460673 26.560249438202337 4.5000000000000009 0.25665000000000004 0.17680000000000004 -4.3259191011236444 0.31860000000000005 -0.040823595505617864 -24.753139325842763 0.38980000000000009 -1.2509112359550565 -0.43159999999999993 0.11370000000000001 0.032698876404494655 -1.6888820224719081 0.22315000000000004 0.11670000000000001 0.098450000000000024 -1.6509589887640448 -0.3098999999999999 0.039900000000000012 0.069650000000000017 0.049800000000000004
decision_type=2 2 2 2 2 2 2 2 2 2 2 2 2 2 2 2 2 2 2 2 2 2 2
left_child=1 -1 11 4 8 -6 7 -5 9 -4 -10 12 -2 16 -15 -16 17 -13 -8 20 -3 -14 -22
right_child=2 19 3 6 5 -7 18 -9 10 -11 -12 13 21 14 15 -17 -18 -19 -20 -21 22 -23 -24
leaf_value=-0.011244794198311866 0.011471958373624242 0.0048868335131555798 -0.0018663785736210109 -0.0038592519991575399 0.022826820325046297 4.2726256485496244e-05 0.0047563522715905774 -0.018880941582222779 0.0022937533998150946 -0.013665732475833928 -0.0015123258627145972 0.00086143501316287641 0.0021320335386066352 0.0021320335386066352 -0.0011165117851073424 -0.0073358942521736022 0.0021320335386066352 -0.007168242702674534 -0.003006464041214674 -0.0051392380274566159 0.0012050621934758963 0.006240393137559295 -0.0024825250613468145
leaf_weight=40 38 30 251 47 31 42 38 36 280 49 598 524 61 59 260 64 169 54 47 42 32 36 33
leaf_count=40 38 30 251 47 31 42 38 36 280 49 598 524 61 59 260 64 169 54 47 42 32 36 33
internal_value=0 -0.00366719 -0.000301959 -0.00106585 -0.000552179 0.00971816 -0.00489084 -0.0103747 -0.00118863 -0.00379361 -0.000298542 0.000554923 0.0041371 0.000126964 -0.0014757 -0.00234503 0.000948677 0.000111258 0.000463971 -0.00145475 0.000174188 0.00213203 -0.00200088
internal_weight=0 177 2684 1419 1251 73 168 83 1178 300 878 1265 135 1130 383 324 747 578 85 137 95 97 65
internal_count=2861 177 2684 1419 1251 73 168 83 1178 300 878 1265 135 1130 383 324 747 578 85 137 95 97 65
is_linear=0
shrinkage=0.03


Tree=204
num_leaves=11
num_cat=0
split_feature=2 8 1 7 4 6 3 3 17 12
split_gain=2.17341 2.35208 3.60051 2.95831 6.89691 3.41148 2.61722 1.26203 0.882976 0.663463
threshold=0.27755000000000002 0.13235000000000005 0.38980000000000009 -0.34549999999999997 0.22315000000000004 0.021150000000000006 0.019050000000000001 0.25870000000000004 0.048605617977528111 1.1112595505617977
decision_type=2 2 2 2 2 2 2 2 2 2
left_child=1 -1 3 4 7 -5 -4 -3 -6 -7
right_child=-2 2 6 5 8 9 -8 -9 -10 -11
leaf_value=0.0076935414160107024 -0.0072686657352772138 0.0036035605657948129 -0.001894980040310778 -0.001894980040310778 4.4483377341565066e-05 4.4483377341565066e-05 -0.0038311154159481487 0.0018240219715681889 0.0018240219715681889 -0.00092524833148460652
leaf_weight=32 42 246 129 486 693 768 158 81 32 194
leaf_count=32 42 246 129 486 693 768 158 81 32 194
internal_value=0 -0.000393565 -0.00048642 -0.000121073 0.00108966 -0.0010007 -0.00366889 0.00360356 4.44834e-05 4.44834e-05
internal_weight=0 2819 2787 2500 1052 1448 287 327 725 962
internal_count=2861 2819 2787 2500 1052 1448 287 327 725 962
is_linear=0
shrinkage=0.03


Tree=205
num_leaves=27
num_cat=0
split_feature=16 6 7 7 0 3 0 15 15 16 12 3 17 14 17 6 12 3 3 12 1 14 3 3 3 1
split_gain=1.88916 7.13318 5.23614 4.01389 8.80929 2.93888 2.76891 1.92283 1.87411 5.37417 3.35848 3.3713 1.82209 3.47229 2.74702 1.77942 1.41464 2.49054 1.32237 1.13784 2.15871 2.35845 1.7771 0.82912 0.497356 0.180761
threshold=-41.099750561797627 0.021150000000000006 -0.33849999999999997 -0.34824999999999995 0.23015000000000005 0.0051000000000000012 0.37620000000000003 24.618062359550567 -23.788350561797738 31.104215730336993 1.1112595505617977 0.013850000000000001 -0.004324157303370795 -0.15232359550561794 0.014679775280898895 0.040050000000000009 0.85598988764045292 0.028950000000000004 0.011600000000000001 2.0448039325842733 0.091100000000000014 0.090631460674157352 0.04735000000000001 0.04735000000000001 0.012550000000000002 0.031100000000000006
decision_type=2 2 2 2 2 2 2 2 2 2 2 2 2 2 2 2 2 2 2 2 2 2 2 2 2 2
left_child=1 2 6 4 -3 -5 -1 8 16 12 11 -11 13 -10 -14 -12 17 -2 -18 20 21 25 24 -20 -22 -9
right_child=7 3 -4 5 -6 -7 -8 19 9 10 15 -13 14 -15 -16 -17 18 -19 23 -21 22 -23 -24 -25 -26 -27
leaf_value=-0.008896631260446642 0.0053333791881436258 0.0026099085416042174 -0.014842316137833727 0.0026099085416042174 0.020339912682655267 -0.0029509463830595588 -0.0029509463830595588 0.0059565734976316769 -0.0042322873049415654 -0.010036406225298304 -0.015851525652687996 0.00073840288623246587 0.0022943401978760261 1.0479032723914745e-05 -0.0010017739048150058 -0.0060636340889281461 9.8449501674622287e-05 -0.004513574729778997 0.010952022775774822 -0.0018111972815046708 0.00021311515057459473 0.013719116974622012 -0.0053705562371760603 0.0044537702785821106 0.0036600232823862152 0.0036600232823862152
leaf_weight=35 41 37 54 30 30 71 49 31 225 37 32 89 535 760 396 35 36 53 30 45 40 30 32 43 36 34
leaf_count=35 41 37 54 30 30 71 49 31 225 37 32 89 535 760 396 35 36 53 30 45 40 30 32 43 36 34
internal_value=0 -0.00249972 -0.0075535 0.00165161 0.00734502 -0.00212521 -0.00295095 -5.62084e-06 -0.000274901 -0.000539894 -0.00531143 -0.00242563 -5.92542e-05 -0.000958681 0.000892341 -0.0107384 0.00247816 -0.000218627 0.00480383 0.00250476 0.0034615 0.00676003 0.000560019 0.00712429 0.0030571 0.00366002
internal_weight=0 306 138 168 67 101 84 2560 2312 2109 193 126 1916 985 931 67 203 94 109 248 203 95 108 73 76 65
internal_count=2866 306 138 168 67 101 84 2560 2312 2109 193 126 1916 985 931 67 203 94 109 248 203 95 108 73 76 65
is_linear=0
shrinkage=0.03


Tree=206
num_leaves=19
num_cat=0
split_feature=5 14 12 8 6 3 3 15 15 8 15 12 17 12 16 1 3 12
split_gain=1.83353 4.57553 4.09834 6.22612 15.1403 8.01401 7.68585 1.3785 3.09092 3.43202 2.04751 1.98482 1.31219 0.763421 3.23991 2.77053 0.708325 0.287139
threshold=0.19250000000000003 0.24095730337078661 -1.9055101123595468 0.19185000000000002 0.030400000000000003 0.080850000000000019 0.010150000000000001 -10.055393258426964 -7.8332089887640439 0.19855000000000003 -8.6613668539325825 2.0448039325842733 0.014679775280898895 1.1377595505617999 24.028249438202298 0.036400000000000009 0.018400000000000003 1.1112595505617977
decision_type=2 2 2 2 2 2 2 2 2 2 2 2 2 2 2 2 2 2
left_child=1 16 3 5 -5 6 -2 13 9 10 -9 12 -10 -4 -15 -16 -1 -11
right_child=2 -3 7 4 -6 -7 -8 8 11 17 -12 -13 -14 14 15 -17 -18 -19
leaf_value=0.00089805020944389838 0.00089805020944389838 0.010094496177302468 0.00089805020944389838 -0.029697033859789373 -0.0069337494858761279 0.00089805020944389838 -0.0069337494858761279 0.00037996791925979777 0.0008969613818511638 -0.011611111094243825 -0.0045391599397937004 -0.0055091407410800455 -0.0010442279593348256 0.00089805020944389838 -8.7956118469054875e-05 -0.011192178072940026 0.0055006030118583057 -0.0074604056589305402
leaf_weight=141 35 54 340 30 31 61 69 180 1012 30 132 55 454 93 39 42 38 30
leaf_count=141 35 54 340 30 31 61 69 180 1012 30 132 55 454 93 39 42 38 30
internal_value=0 0.00228631 -0.000490207 -0.00435284 -0.0125423 -0.00132524 -0.00693375 -0.000127533 -0.000513617 -0.00296484 -0.0017012 8.58926e-05 0.000295802 0.00089805 -0.0012026 -0.0058457 0.00089805 -0.00953576
internal_weight=0 233 2633 226 61 165 104 2407 1893 372 312 1521 1466 514 174 81 179 60
internal_count=2866 233 2633 226 61 165 104 2407 1893 372 312 1521 1466 514 174 81 179 60
is_linear=0
shrinkage=0.03


Tree=207
num_leaves=16
num_cat=0
split_feature=15 6 5 17 7 3 3 5 14 7 18 17 7 3 3
split_gain=1.68642 2.77425 1.90145 4.89397 3.72103 10.4368 3.88962 4.42148 2.17084 2.07046 1.97425 1.27124 1.22659 0.526034 0.00944336
threshold=30.472062359550563 0.034850000000000006 0.19250000000000003 0.022179775280898904 -0.29994999999999994 0.021000000000000001 0.013850000000000001 0.34515000000000001 -0.0049134831460674313 -0.35034999999999994 4.5000000000000009 0.040945505617977558 -0.28829999999999995 0.11370000000000001 0.0070500000000000007
decision_type=2 2 2 2 2 2 2 2 2 2 2 2 2 2 2
left_child=2 -2 3 12 6 11 9 13 -7 14 -9 -6 -1 -8 -4
right_child=1 -3 4 -5 5 8 7 10 -10 -11 -12 -13 -14 -15 -16
leaf_value=0.0067252383352472229 -0.0097089917322790084 0.00039758191088383845 0.0011023900385639608 0.011391581798012813 -0.0015410941654880937 -0.0086576246970798826 0.0011023900385639608 -0.00017287309093779813 -0.018854747928185936 -0.0015410941654880937 -0.0015410941654880937 -0.0078503655476143235 0.0011023900385639608 -0.00017287309093779813 -0.00021935206346206644
leaf_weight=39 44 55 82 46 240 42 550 331 34 334 304 37 138 545 45
leaf_count=39 44 55 82 46 240 42 550 331 34 334 304 37 138 545 45
internal_value=0 -0.00409423 -0.000109306 0.00254692 -0.000342144 -0.00320058 0.000118389 0.000806506 -0.0132195 -0.00154109 -0.00144814 -0.00154109 0.00110239 0.00110239 0.00110239
internal_weight=0 99 2767 223 2544 353 2191 1730 76 461 635 277 177 1095 127
internal_count=2866 99 2767 223 2544 353 2191 1730 76 461 635 277 177 1095 127
is_linear=0
shrinkage=0.03


Tree=208
num_leaves=19
num_cat=0
split_feature=15 15 6 4 12 8 3 4 14 12 0 8 1 7 7 5 15 7
split_gain=1.6714 3.36553 2.16366 11.4796 14.116 3.28278 2.58686 2.14342 1.65273 1.77041 3.42669 1.81492 1.14885 1.05181 0.548331 0.895074 0.510518 0.343989
threshold=-23.788350561797738 -20.411350561797729 0.021150000000000006 0.22315000000000004 -1.6888820224719081 0.19900000000000004 0.11965000000000002 0.21930000000000002 -0.15232359550561794 -1.5357831460674143 0.14790000000000003 0.18240000000000003 0.018300000000000004 -0.31324999999999997 -0.34549999999999997 0.27100000000000007 -10.040871910112347 -0.29994999999999994
decision_type=2 2 2 2 2 2 2 2 2 2 2 2 2 2 2 2 2 2
left_child=7 13 3 5 -5 -3 -6 14 16 10 -10 -11 -7 -2 -1 17 -4 -16
right_child=1 2 8 4 6 12 -8 -9 9 11 -12 -13 -14 -15 15 -17 -18 -19
leaf_value=0.0071541653573513027 -0.003499241647818549 -0.00036469398989671909 0.0045483210954048179 -0.026042014329868832 -0.0088637287247151416 -0.0022039162814418171 -0.0040431385729869148 -0.0027270586804176368 -0.00036469398989671909 0.0027955077282624829 0.005301337043926554 -0.00036025878028085319 -0.0040431385729869148 -0.011194828633339173 0.00513166150658078 0.00076115124428934359 -0.00036469398989671909 0.0029464063754350619
leaf_weight=42 33 838 34 32 101 30 74 54 34 229 206 578 73 31 31 38 370 38
leaf_count=42 33 838 34 32 101 30 74 54 34 229 206 578 73 31 31 38 370 38
internal_value=0 -0.000430447 -0.000263088 -0.00123623 -0.00772158 -0.000364694 -0.00437156 0.00239356 0.000506839 0.00120799 0.00347012 0.000535244 -0.00404314 -0.00722679 0.00424936 0.00310916 -0.000364694 0.00513166
internal_weight=0 2663 2599 1148 207 941 175 203 1451 1047 240 807 103 64 149 107 404 69
internal_count=2866 2663 2599 1148 207 941 175 203 1451 1047 240 807 103 64 149 107 404 69
is_linear=0
shrinkage=0.03


Tree=209
num_leaves=20
num_cat=0
split_feature=14 5 15 16 3 3 15 13 7 5 12 12 1 12 3 3 3 5 3
split_gain=1.63362 3.17777 1.71384 3.24121 3.63197 3.76833 2.21231 3.90151 2.03214 1.86339 5.08951 2.57969 1.64457 1.30746 2.28703 1.25998 0.765529 0.713104 0.202837
threshold=0.65695730337078662 0.30945000000000006 -23.788350561797738 31.104215730336993 0.033000000000000008 0.11425 30.472062359550563 -3.9884471910112356 -0.36019999999999991 0.19250000000000003 -1.0029707865168562 -1.9340101123595479 0.048050000000000002 0.85598988764045292 0.028950000000000004 0.011600000000000001 0.04735000000000001 0.20865000000000003 0.011600000000000001
decision_type=2 2 2 2 2 2 2 2 2 2 2 2 2 2 2 2 2 2 2
left_child=2 -2 13 6 17 12 9 -8 -7 10 -4 -11 -6 14 -1 -15 -17 -5 -19
right_child=1 -3 3 4 5 8 7 -9 -10 11 -12 -13 -14 15 -16 16 -18 18 -20
leaf_value=0.005054319591783896 0.011658090039854869 -0.0015622450411319731 0.012547598279546945 -0.0050047832616389948 0.0097737098596990101 -0.0001998610652394985 0.0010979629319626837 -0.011344417093191729 -0.0098876361343427557 -0.0042272583417513445 0.0013270225234064351 1.7478075200616402e-05 0.00013681047869955793 -3.0618292900423212e-05 -0.0043817490788246941 0.010505501387640833 0.0042614182406971448 -0.011954604689031839 -0.0085209636110812424
leaf_weight=41 30 36 40 39 30 38 48 43 40 138 140 1945 34 36 53 30 43 30 32
leaf_count=41 30 36 40 39 30 38 48 43 40 138 140 1945 34 36 53 30 43 30 32
internal_value=0 0.004447 -0.00032811 -0.00053562 -0.00383429 -0.000741108 -0.000195103 -0.0047814 -0.00516795 -1.06787e-05 0.00291778 -0.000263738 0.00465411 0.00232659 -0.000266017 0.00456242 0.00682748 -0.00818312 -0.0101824
internal_weight=0 66 2800 2597 243 142 2354 91 78 2263 180 2083 64 203 94 109 73 101 62
internal_count=2866 66 2800 2597 243 142 2354 91 78 2263 180 2083 64 203 94 109 73 101 62
is_linear=0
shrinkage=0.03


Tree=210
num_leaves=15
num_cat=0
split_feature=0 8 3 3 3 1 3 8 8 3 8 16 3 16
split_gain=2.58017 2.66737 3.34352 4.27217 5.02734 4.12251 4.55371 4.06022 2.85986 2.77067 2.53632 1.99957 1.15621 1.04948
threshold=1.0000000180025095e-35 0.14540000000000003 0.033000000000000008 0.021000000000000001 0.018400000000000003 0.22395000000000001 0.23790000000000003 0.18220000000000003 0.20050000000000004 0.04735000000000001 0.16270000000000004 7.1178606741572716 0.31860000000000005 10.815749438202376
decision_type=2 2 2 2 2 2 2 2 2 2 2 2 2 2
left_child=11 9 3 4 7 6 8 -3 -4 13 -7 -1 -8 -2
right_child=1 2 5 -5 -6 10 12 -9 -10 -11 -12 -13 -14 -15
leaf_value=-0.011799959734082223 0.0055306521044289894 0.0024256277422796731 0.0024256277422796731 -0.002869375249609315 0.0024256277422796731 -0.0003719379935916377 -0.0003719379935916377 -0.0020401893232868821 -0.0003719379935916377 0.0024256277422796731 -0.002869375249609315 -0.002869375249609315 0.0023748923776860625 0.012317504887343258
leaf_weight=30 46 174 676 163 96 63 171 751 208 31 187 30 182 37
leaf_count=30 46 174 676 163 96 63 171 751 208 31 187 30 182 37
internal_value=0 0.000274523 8.27156e-05 -0.00110679 -0.000154866 0.00102984 0.00173996 -0.00107316 0.00242563 0.00476854 -0.00248383 -0.00601327 -0.000371938 0.00855612
internal_weight=0 2785 2671 1184 1021 1487 1237 925 884 114 250 60 353 83
internal_count=2845 2785 2671 1184 1021 1487 1237 925 884 114 250 60 353 83
is_linear=0
shrinkage=0.03


Tree=211
num_leaves=23
num_cat=0
split_feature=3 3 3 16 12 4 8 6 3 4 16 8 6 3 17 16 12 1 3 3 3 17
split_gain=2.15621 7.52188 5.62159 5.46022 4.66734 3.2131 3.03884 3.974 3.99543 3.70959 2.99281 2.90152 2.88288 2.87584 2.44173 2.08451 1.54789 1.04784 1.01475 0.892049 1.15521 0.445628
threshold=0.25465000000000004 0.31860000000000005 0.15970000000000004 -23.968639325842727 -1.0029707865168562 0.49985000000000007 0.16270000000000004 0.021150000000000006 0.018400000000000003 0.22315000000000004 8.8318606741572143 0.19685000000000002 0.035150000000000008 0.34510000000000007 -0.0022185393258427051 27.881444943820217 0.85598988764045292 0.38980000000000009 0.27420000000000005 0.37115000000000004 0.41800000000000009 0.0011758426966292093
decision_type=2 2 2 2 2 2 2 2 2 2 2 2 2 2 2 2 2 2 2 2 2 2
left_child=2 4 5 -4 -2 6 15 9 -9 -8 -7 16 -6 -3 18 17 -5 -1 -14 -15 -21 -22
right_child=1 13 3 11 12 10 7 8 -10 -11 -12 -13 14 19 -16 -17 -18 -19 -20 20 21 -23
leaf_value=0.0056250873986970294 -0.015225919719058567 0.010316804578019815 0.013722197750869851 0.0024613339772278611 -0.011660470166243612 -0.013534543742425739 -0.00055699507317002062 -0.00021571944889523521 0.0018447785267200689 -0.0031705072109744982 -0.0031705072109744982 -0.0037371462895138623 -0.0065450969758147201 0.0036992659939166445 0.005252806715776815 0.008754487859593197 0.010759748143027536 0.0018447785267200689 -0.0012007638134739615 -0.0056271721997900922 0.0037178400131233501 -0.0013290295016861731
leaf_weight=66 41 33 52 55 32 32 849 520 580 84 32 47 32 52 34 55 32 76 44 34 32 31
leaf_count=66 41 33 52 55 32 32 849 520 580 84 32 47 32 52 34 55 32 76 44 34 32 31
internal_value=0 -0.00201481 0.000454845 0.00547093 -0.00630966 4.81352e-05 0.000238341 -0.000106395 0.00111515 -0.00154659 -0.00657936 0.00226895 -0.00373524 0.00230365 -0.00142972 0.00379595 0.00551362 0.00187539 -0.00441928 0.000528919 -0.00117065 0.00123446
internal_weight=0 365 2480 186 183 2294 2230 2033 1100 933 64 134 142 182 110 197 87 142 76 149 97 63
internal_count=2845 365 2480 186 183 2294 2230 2033 1100 933 64 134 142 182 110 197 87 142 76 149 97 63
is_linear=0
shrinkage=0.03


Tree=212
num_leaves=16
num_cat=0
split_feature=0 8 3 3 3 8 3 3 7 5 3 16 3 12 0
split_gain=2.34835 2.33749 3.08923 4.09653 4.65789 3.82617 3.61602 4.56483 2.84251 5.27048 2.57767 1.84698 1.24778 0.967899 0.212716
threshold=1.0000000180025095e-35 0.14540000000000003 0.033000000000000008 0.021000000000000001 0.018400000000000003 0.18220000000000003 0.25465000000000004 0.31860000000000005 -0.34549999999999997 0.31235000000000007 0.04735000000000001 7.1178606741572716 0.37115000000000004 0.31202921348314488 0.29825000000000007
decision_type=2 2 2 2 2 2 2 2 2 2 2 2 2 2 2
left_child=11 10 3 4 5 -3 8 -8 14 -10 13 -1 -9 -2 -4
right_child=1 2 6 -5 -6 -7 7 12 9 -11 -12 -13 -14 -15 -16
leaf_value=-0.011313184155151248 0.0055139922718517483 0.0022673189164190369 0.0010893595692960682 -0.0027457216964111119 0.0022673189164190369 -0.0019689266493087619 -0.0027457216964111119 0.0022673189164190369 0.0010893595692960682 -0.0027457216964111119 0.0022673189164190369 -0.0027457216964111119 -0.0011355288853849639 0.012133617600934071 0.0022673189164190369
leaf_weight=30 50 174 183 163 96 751 170 85 460 44 31 30 97 33 448
leaf_count=30 50 174 183 163 96 751 170 85 460 44 31 30 97 33 448
internal_value=0 0.00025362 7.4065e-05 -0.00106931 -0.00012464 -0.0010262 0.00098446 -0.00167203 0.00180832 -8.85998e-05 0.00446057 -0.00574506 0.00223454 0.00814589 0.00226732
internal_weight=0 2785 2671 1184 1021 925 1487 352 1135 504 114 60 182 83 631
internal_count=2845 2785 2671 1184 1021 925 1487 352 1135 504 114 60 182 83 631
is_linear=0
shrinkage=0.03


Tree=213
num_leaves=17
num_cat=0
split_feature=0 3 3 1 7 3 3 7 3 14 7 15 16 13 15 15
split_gain=2.18091 2.10734 6.15776 5.10602 4.57239 14.9382 3.16968 2.9575 2.73093 1.89417 2.36701 3.02809 1.75601 1.7548 1.82389 0.63811
threshold=1.0000000180025095e-35 0.012550000000000002 0.016650000000000002 0.22395000000000001 -0.29124999999999995 0.021000000000000001 0.010600000000000002 -0.42724999999999996 0.014400000000000001 0.12491573033707866 -0.34889999999999993 8.9967910112359579 7.1178606741572716 1.5700202247191017 1.0000000180025095e-35 -3.1038719101123493
decision_type=2 2 2 2 2 2 2 2 2 2 2 2 2 2 2 2
left_child=12 6 8 4 5 -4 9 -5 -3 13 -11 -12 -1 14 -2 -10
right_child=1 2 3 7 -6 -7 -8 -9 15 10 11 -13 -14 -15 -16 -17
leaf_value=-0.01097378826048225 0.0026530642449282679 0.0022469442594877402 0.018571966978463719 -0.00065104807253464506 -0.00065104807253464506 0.0013573101767227211 -0.0026437460625995954 -0.0026437460625995954 0.015047099951654671 0.0096341043491573897 -0.0026437460625995954 0.0052942725817661145 -0.0026437460625995954 -0.0026437460625995954 -0.0016795108546586251 0.0089095864174587123
leaf_weight=30 156 46 47 95 110 1306 77 333 30 34 92 76 30 153 199 31
leaf_count=30 156 46 47 95 110 1306 77 333 30 34 92 76 30 153 199 31
internal_value=0 0.000246688 0.000764611 0.000368442 0.00121161 0.00195531 -0.00106819 -0.00251371 0.00776607 -4.19214e-05 0.00241537 0.000954441 -0.00553418 -0.00101904 0.000224381 0.011928
internal_weight=0 2785 1998 1891 1463 1353 787 428 107 710 202 168 60 508 355 61
internal_count=2845 2785 1998 1891 1463 1353 787 428 107 710 202 168 60 508 355 61
is_linear=0
shrinkage=0.03


Tree=214
num_leaves=15
num_cat=0
split_feature=0 8 3 3 3 1 3 8 3 8 8 16 16 3
split_gain=2.01057 2.09973 2.92964 3.71871 4.28821 3.668 4.01607 3.5726 2.43612 2.35782 2.13977 1.66809 0.915235 0.902174
threshold=1.0000000180025095e-35 0.14540000000000003 0.033000000000000008 0.021000000000000001 0.018400000000000003 0.22395000000000001 0.25465000000000004 0.18220000000000003 0.04735000000000001 0.20050000000000004 0.16270000000000004 7.1178606741572716 10.815749438202376 0.31860000000000005
decision_type=2 2 2 2 2 2 2 2 2 2 2 2 2 2
left_child=11 8 3 4 7 6 9 -3 12 -4 -7 -1 -2 -8
right_child=1 2 5 -5 -6 10 13 -9 -10 -11 -12 -13 -14 -15
leaf_value=-0.010644575335085392 0.0049915854513402219 0.0021291531375273042 0.0021291531375273042 -0.0025546540105426704 0.0021291531375273042 -0.00038524936670727918 -0.00038524936670727918 -0.0019187410032381609 0.0021291531375273042 -0.00038524936670727918 -0.0025546540105426704 -0.0025546540105426704 0.011329506866482866 0.0021291531375273042
leaf_weight=30 46 174 676 163 96 63 156 751 31 223 187 30 37 182
leaf_count=30 46 174 676 163 96 63 156 751 31 223 187 30 37 182
internal_value=0 0.000220609 5.04303e-05 -0.00106302 -0.000134285 0.000936997 0.00160683 -0.00100568 0.00420788 0.00212915 -0.00237733 -0.00532992 0.00781692 -0.000385249
internal_weight=0 2785 2671 1184 1021 1487 1237 925 114 899 250 60 83 338
internal_count=2845 2785 2671 1184 1021 1487 1237 925 114 899 250 60 83 338
is_linear=0
shrinkage=0.03


Tree=215
num_leaves=16
num_cat=0
split_feature=0 3 7 3 1 12 16 0 3 8 6 8 14 7 3
split_gain=3.15291 2.54693 6.21636 6.14488 11.2216 5.54234 16.6585 4.9605 4.04176 2.87071 2.31812 4.49551 1.60579 1.03793 0.175084
threshold=1.0000000180025095e-35 0.012550000000000002 -0.29124999999999995 0.021000000000000001 0.048800000000000003 -2.0460101123595478 -52.09964943820227 0.68295000000000006 0.010600000000000002 0.14540000000000003 -0.067999999999999991 0.17485000000000003 0.018131460674157333 -0.34889999999999993 0.016750000000000004
decision_type=2 2 2 2 2 2 2 2 2 2 2 2 2 2 2
left_child=12 8 3 4 -3 6 -5 -6 10 -7 -2 -12 -1 -13 -4
right_child=1 2 14 5 7 9 -8 -9 -10 -11 11 13 -14 -15 -16
leaf_value=-0.0033162972090317547 -0.0033162972090317547 0.022654420057951936 -0.0010352142736580439 -0.0010352142736580439 -0.0010352142736580439 0.0093116578405662894 0.021981066550527298 0.0082981890146262369 -0.0033162972090317547 9.1808450865176315e-05 0.008396584335714578 0.0039884931716660504 -0.011820898756384849 -0.00075782632870492999 -0.0033162972090317547
leaf_weight=30 34 32 46 50 65 31 42 78 77 1554 57 41 30 559 128
leaf_count=30 34 32 46 50 65 31 42 78 77 1554 57 41 30 559 128
internal_value=0 0.000158944 0.000716614 0.00124587 0.00659527 0.000687643 0.00784614 0.00300161 -0.0013122 0.000272134 -0.000197294 0.000345276 -0.00679154 -0.000419598 -0.0033163
internal_weight=0 2794 2026 1852 175 1677 92 143 768 1585 691 657 60 600 174
internal_count=2854 2794 2026 1852 175 1677 92 143 768 1585 691 657 60 600 174
is_linear=0
shrinkage=0.03


Tree=216
num_leaves=16
num_cat=0
split_feature=0 1 12 16 1 7 16 7 0 17 17 4 14 4 6
split_gain=2.93159 1.8288 2.05472 5.95297 14.857 13.0427 2.81307 2.3513 2.45413 1.98723 2.62472 1.85122 1.52168 1.0882 1.07196
threshold=1.0000000180025095e-35 0.69905000000000006 -1.5672831460674155 -52.09964943820227 0.093100000000000002 -0.36019999999999991 -79.803649438202271 -0.42994999999999994 0.14895000000000003 0.014679775280898895 -0.0035544943820224602 0.061200000000000011 0.018131460674157333 0.21895000000000003 0.069650000000000017
decision_type=2 2 2 2 2 2 2 2 2 2 2 2 2 2 2
left_child=12 2 3 6 5 -5 11 8 14 10 -9 -2 -1 -6 -4
right_child=1 -3 7 4 13 -7 -8 9 -10 -11 -12 -13 -14 -15 -16
leaf_value=-0.0032134302968296388 0.0071029590795698913 -0.0032134302968296388 0.0010634364254267226 0.028788207239234788 0.001454169157244589 0.0068827106101199548 -0.001483963770979581 -0.00086936156865129036 0.0088655312789563574 -0.001483963770979581 0.0010634364254267226 -0.00054293713581405191 -0.011466271933168173 -0.001483963770979581 0.0048087343840819341
leaf_weight=30 57 34 133 31 115 116 91 1183 46 242 578 57 30 42 69
leaf_count=30 57 34 133 31 115 116 91 1183 46 242 578 57 30 42 69
internal_value=0 0.00013762 0.000245503 0.00196686 0.00464485 0.0115022 -0.00148396 -0.000143734 0.00261178 -0.000484906 -1.73686e-05 0.00328001 -0.00656448 -0.00148396 0.00118766
internal_weight=0 2794 2760 509 304 147 205 2251 248 2003 1761 114 60 157 202
internal_count=2854 2794 2760 509 304 147 205 2251 248 2003 1761 114 60 157 202
is_linear=0
shrinkage=0.03


Tree=217
num_leaves=13
num_cat=0
split_feature=1 0 3 7 3 3 12 8 17 3 5 3
split_gain=2.76464 2.51274 2.36402 5.074 9.41613 10.6005 5.08118 3.04184 5.54289 1.65433 1.52446 0.249362
threshold=0.69905000000000006 1.0000000180025095e-35 0.012550000000000002 -0.29124999999999995 0.021000000000000001 0.018950000000000005 -2.0460101123595478 0.18220000000000003 0.011281460674157308 0.008550000000000002 0.30945000000000006 0.0070500000000000007
decision_type=2 2 2 2 2 2 2 2 2 2 2 2
left_child=1 -1 7 4 5 -4 -6 8 11 10 -9 -3
right_child=-2 2 3 -5 6 -7 -8 9 -10 -11 -12 -13
leaf_value=-0.0042205246087452224 -0.0085235483960851149 0.0024533387020108152 0.0042945901252659817 -0.0019991563657242623 0.0074870590642904453 0.023426836005158044 0.00023499561339395146 0.00030366799298320817 0.013754220021187393 -0.0019991563657242623 -0.0019991563657242623 0.00030366799298320817
leaf_weight=60 34 61 124 174 92 33 1585 416 32 138 47 58
leaf_count=60 34 61 124 174 92 33 1585 416 32 138 47 58
internal_value=0 8.24992e-05 0.000222212 0.000759514 0.00129056 0.00831602 0.000632843 -0.0012125 0.00260649 -0.00199916 -0.000195121 0.000303668
internal_weight=0 2820 2760 2008 1834 157 1677 752 151 601 463 119
internal_count=2854 2820 2760 2008 1834 157 1677 752 151 601 463 119
is_linear=0
shrinkage=0.03


Tree=218
num_leaves=14
num_cat=0
split_feature=0 1 12 16 1 16 8 12 16 5 12 16 14
split_gain=2.59941 1.6498 1.73889 3.44961 6.49669 21.2087 3.0171 2.65495 4.5063 2.53229 2.31103 1.45501 0.745058
threshold=1.0000000180025095e-35 0.69905000000000006 -0.77568426966292126 -52.09964943820227 0.093850000000000003 -41.099750561797627 0.1867 -0.14738202247190732 -5.8954191011236494 0.29340000000000005 1.1112595505617977 8.8318606741572143 -0.3100426966292133
decision_type=2 2 2 2 2 2 2 2 2 2 2 2 2
left_child=11 2 3 6 5 -5 12 -4 -9 -6 -10 -1 -2
right_child=1 -3 7 4 9 -7 -8 8 10 -11 -12 -13 -14
leaf_value=-0.01103491173312068 0.0071184612438082691 -0.0030621791241512539 -0.0014329342766301661 0.028421235415153203 0.0020887588078908207 0.0028273648188158048 -0.0014329342766301661 0.011306769830936734 0.00094965586320380085 -0.0014329342766301661 -0.0014329342766301661 -0.0030621791241512539 0.0015313345214300811
leaf_weight=30 44 34 380 32 66 326 125 33 985 222 511 30 36
leaf_count=30 44 34 380 32 66 326 125 33 985 222 511 30 36
internal_value=0 9.33109e-05 0.000196311 0.00132413 0.00241669 0.00511509 -0.00143293 -0.000306454 0.000341068 -0.000937567 9.91777e-05 -0.00621767 0.0044956
internal_weight=0 2794 2760 851 646 358 205 1909 1529 288 1496 60 80
internal_count=2854 2794 2760 851 646 358 205 1909 1529 288 1496 60 80
is_linear=0
shrinkage=0.03


Tree=219
num_leaves=22
num_cat=0
split_feature=3 3 4 7 3 6 3 7 14 6 3 3 6 8 17 4 4 12 8 16 14
split_gain=2.04564 9.16504 16.0118 5.80412 5.89347 8.93701 9.38361 17.3201 4.24361 4.0855 3.59996 6.71978 6.05358 3.07114 5.74547 4.07311 2.28475 1.60298 1.19739 0.552836 0.288105
threshold=0.012550000000000002 0.010600000000000002 0.012700000000000001 -0.29124999999999995 0.021000000000000001 -0.011999999999999999 0.016050000000000005 -0.29249999999999993 0.12491573033707866 -0.067999999999999991 0.026800000000000004 0.045700000000000011 -0.012549999999999997 0.18220000000000003 0.011281460674157308 0.030400000000000003 0.22315000000000004 -1.9055101123595468 0.18565000000000001 8.636860674157278 -0.12895393258426963
decision_type=2 2 2 2 2 2 2 2 2 2 2 2 2 2 2 2 2 2 2 2 2
left_child=1 9 -3 4 5 -2 -7 -8 18 -1 -6 12 -12 14 20 17 -13 -15 -5 -20 -11
right_child=3 2 -4 8 10 6 7 -9 -10 13 11 16 -14 15 -16 -17 -18 -19 19 -21 -22
leaf_value=-0.01043364395140944 -0.0019411247024217798 0.0050351505452999844 -0.022723972863207261 -0.0019411247024217798 -0.0019411247024217798 0.0042865522853234913 0.034349060961976645 0.0042865522853234913 -0.01228714288345405 0.0040447194068407525 -0.0019411247024217798 0.0012442846806879969 0.0077800627597316638 -0.0024231729900782255 0.01580389958061278 -0.0051040759005826185 -0.0011831168589506427 0.00091981007123088574 -0.0039035256825739207 -0.0089602836333215231 0.0015946312452070957
leaf_weight=34 49 32 45 55 61 61 32 33 49 49 63 672 200 34 30 67 726 423 40 30 69
leaf_count=34 49 32 45 55 61 61 32 33 49 49 63 672 200 34 30 67 726 423 40 30 69
internal_value=0 -0.00135973 -0.0111877 0.000440352 0.000921347 0.00616665 0.0105142 0.0186081 -0.0048036 -0.000287837 0.000388288 0.000811337 0.0052107 0.000225492 0.0040416 -0.000852341 -1.62972e-05 0.00025773 -0.00194112 -0.00586593 0.00159463
internal_weight=0 783 77 2071 1897 175 126 65 174 706 1722 1661 263 672 148 524 1398 457 125 70 118
internal_count=2854 783 77 2071 1897 175 126 65 174 706 1722 1661 263 672 148 524 1398 457 125 70 118
is_linear=0
shrinkage=0.03


Tree=220
num_leaves=19
num_cat=0
split_feature=15 3 3 5 3 16 3 3 3 15 17 2 14 4 14 8 18 12
split_gain=4.1707 2.99146 8.28866 10.3582 6.7104 9.43772 6.02643 5.13173 10.7528 4.91191 6.24218 4.64472 4.40653 4.34571 2.46513 2.35595 2.3175 0.0934982
threshold=38.740149438202259 0.11275000000000002 0.13455000000000003 0.31805000000000005 0.22055000000000002 -23.769555056179737 0.11055000000000001 0.098450000000000024 0.085450000000000012 6.775791011235957 -0.0048241573033707954 0.0024500000000000004 0.058131460674157316 0.22770000000000004 0.24095730337078661 0.19170000000000001 4.5000000000000009 -0.96697078651685497
decision_type=2 2 2 2 2 2 2 2 2 2 2 2 2 2 2 2 2 2
left_child=1 6 3 9 5 17 7 8 13 10 -3 14 -5 -1 -6 -7 -8 -4
right_child=-2 2 4 12 11 15 16 -9 -10 -11 -12 -13 -14 -15 -16 -17 -18 -19
leaf_value=0.000537495200346511 -0.011120123190865401 -0.0059691874771378934 0.015281426187965177 -0.0096212291366492321 -3.6342240107024167e-05 0.0041788028731711748 0.0039359497739111671 -0.0094062100001610811 0.013719945278846556 -0.0081336973562243006 0.01015470971036306 -0.013752469143422786 -0.023911033841450848 -0.0052393223618024155 -0.0058207348245196047 -0.0021692004417747501 0.01509616428139535 0.012932084281928836
leaf_weight=1678 31 40 31 52 269 97 34 48 54 39 47 30 31 126 88 115 33 30
leaf_count=1678 31 40 31 52 269 97 34 48 54 39 47 30 31 126 88 115 33 30
internal_value=0 -5.64203e-05 -0.001523 -0.00672957 0.000125754 0.00372737 0.000589527 0.000278668 0.000528869 -0.00130901 0.00274142 -0.00241492 -0.0149584 0.000134015 -0.00146219 0.000735311 0.00943277 0.014126
internal_weight=0 2842 869 209 660 273 1973 1906 1858 126 87 387 83 1804 357 212 67 61
internal_count=2873 2842 869 209 660 273 1973 1906 1858 126 87 387 83 1804 357 212 67 61
is_linear=0
shrinkage=0.03


Tree=221
num_leaves=23
num_cat=0
split_feature=15 3 3 1 3 7 3 16 6 8 3 3 7 2 7 13 17 0 8 12 3 0
split_gain=3.92354 2.82285 7.82786 8.92837 8.20148 6.67609 6.31381 8.87995 4.64924 5.80992 10.6991 5.42795 7.50746 4.37022 3.08707 2.53165 2.44018 2.3637 1.6711 1.39253 0.929916 0.261727
threshold=38.740149438202259 0.11275000000000002 0.13455000000000003 0.22395000000000001 0.12005000000000002 -0.42724999999999996 0.22055000000000002 -23.769555056179737 -0.014399999999999998 0.17830000000000004 0.031000000000000003 0.014400000000000001 -0.29124999999999995 0.0024500000000000004 -0.35819999999999991 -1.4773426966292147 -0.014058426966292127 0.090150000000000008 0.17880000000000004 -0.77568426966292126 0.046950000000000013 0.39080000000000009
decision_type=2 2 2 2 2 2 2 2 2 2 2 2 2 2 2 2 2 2 2 2 2 2
left_child=1 5 3 4 16 19 7 21 9 17 -11 18 -13 15 -9 -8 -3 -7 -10 -1 -21 -4
right_child=-2 2 6 -5 -6 8 13 14 11 10 -12 12 -14 -15 -16 -17 -18 -19 -20 20 -22 -23
leaf_value=0.012837162556296045 -0.010786519396990057 -0.0059330776783273267 0.011769106444572248 -0.019909021349976193 -0.011786602770841188 -0.0055751136170347493 -0.0050137208627292216 0.0039135782585291981 0.0038967991664764722 -0.0055751136170347493 -0.023511553603623593 0.0038967991664764722 -0.0010315574356368491 -0.013339894988574087 -0.0033817909315093271 0.00035681319839241191 0.0024847627803131836 -0.0010315574356368491 -0.0010315574356368491 0.0038967991664764722 0.0091430593870188061 0.0156997948018834
leaf_weight=33 31 46 31 37 31 31 118 119 51 44 35 681 138 30 93 239 95 247 633 42 38 30
leaf_count=33 31 46 31 37 31 31 118 119 51 44 35 681 138 30 93 239 95 247 633 42 38 30
internal_value=0 -5.56378e-05 -0.00148028 -0.00654006 -0.00366418 0.000571841 0.000121982 0.00361555 0.000141709 -0.00293581 -0.0101187 0.000872698 0.00252083 -0.00234247 0.000713251 -0.00141832 -0.000261483 -0.00103156 -0.00103156 0.00765189 0.00551296 0.0137022
internal_weight=0 2842 869 209 172 1973 660 273 1860 357 79 1503 819 387 212 357 141 278 684 113 80 61
internal_count=2873 2842 869 209 172 1973 660 273 1860 357 79 1503 819 387 212 357 141 278 684 113 80 61
is_linear=0
shrinkage=0.03


Tree=222
num_leaves=16
num_cat=0
split_feature=15 4 6 12 7 12 1 8 6 17 3 3 4 14 3
split_gain=3.6872 2.76327 10.9403 21.599 4.25729 5.83551 3.05775 8.11399 2.28041 2.104 0.514421 1.32359 0.511474 0.463817 0.0893794
threshold=38.740149438202259 0.22315000000000004 0.022850000000000006 -1.6266842696629238 -0.34549999999999997 -1.753382022471907 0.29910000000000009 0.18270000000000003 0.047700000000000006 -0.01782415730337079 0.021000000000000001 0.011100000000000002 0.68835000000000013 -0.14745393258426964 0.0070500000000000007
decision_type=2 2 2 2 2 2 2 2 2 2 2 2 2 2 2
left_child=1 4 3 -3 5 -1 7 -7 10 -5 11 -6 -4 -10 -8
right_child=-2 2 12 9 8 6 14 -9 13 -11 -12 -13 -14 -15 -16
leaf_value=0.012003492240201342 -0.010462923783305732 -0.030364042801083995 -0.00054992039980554096 -0.010701598576270044 -0.00054992039980554096 0.019439304355531931 0.0030821642043599661 0.0030821642043599661 0.00032180273006854879 -0.0040765227838281994 -0.00054992039980554096 0.00032180273006854879 -0.0040765227838281994 0.0011935258599426386 0.0011935258599426386
leaf_weight=55 31 32 515 44 326 30 69 173 177 139 500 228 32 279 243
leaf_count=55 31 32 515 44 326 30 69 173 177 139 500 228 32 279 243
internal_value=0 -6.02576e-05 -0.00160578 -0.00760313 0.000505938 0.002715 0.00172302 0.0049708 -0.000327944 -0.00407652 -0.00054992 0.000321803 -0.00054992 0.00119353 0.00119353
internal_weight=0 2842 762 215 2080 570 515 203 1510 183 1054 554 547 456 312
internal_count=2873 2842 762 215 2080 570 515 203 1510 183 1054 554 547 456 312
is_linear=0
shrinkage=0.03


Tree=223
num_leaves=20
num_cat=0
split_feature=15 3 3 1 3 7 3 16 2 3 4 16 3 7 13 17 12 3 12
split_gain=3.46902 2.59993 7.29563 8.23171 7.73223 6.24545 5.90771 8.40831 4.19085 3.98316 4.45413 8.1098 3.41388 2.85966 2.38802 2.27355 1.29812 0.910062 0.0935197
threshold=38.740149438202259 0.11275000000000002 0.13455000000000003 0.22395000000000001 0.12005000000000002 -0.42724999999999996 0.22055000000000002 -23.769555056179737 0.0024500000000000004 0.10560000000000001 0.22315000000000004 -25.922139325842746 0.062800000000000009 -0.35819999999999991 -1.4773426966292147 -0.014058426966292127 -0.77568426966292126 0.046950000000000013 -0.96697078651685497
decision_type=2 2 2 2 2 2 2 2 2 2 2 2 2 2 2 2 2 2 2
left_child=1 5 3 4 15 16 7 18 14 10 12 -12 -7 -9 -8 -3 -1 -18 -4
right_child=-2 2 6 -5 -6 9 8 13 -10 -11 11 -13 -14 -15 -16 -17 17 -19 -20
leaf_value=0.012397663305428894 -0.01014903590804146 -0.0057075739898921358 0.014470813420991742 -0.019147611150669083 -0.01134851310695059 -0.00019046206253901785 -0.0048500514518611633 0.0037561347249684021 -0.01303248620033264 0.0037592863404992062 -0.016486233877284186 -0.0023422907821943396 0.0037592863404992062 -0.0032653945650634986 0.00036591130090832599 0.0024177813810345372 0.0037592863404992062 0.0089286478304941401 0.012121200680732728
leaf_weight=33 31 46 31 37 31 1465 118 119 30 82 42 121 150 93 239 95 42 38 30
leaf_count=33 31 46 31 37 31 1465 118 119 30 82 42 121 150 93 239 95 42 38 30
internal_value=0 -5.88384e-05 -0.00142608 -0.00631082 -0.00354942 0.000543356 0.00012076 0.00350011 -0.00226312 0.000127328 -0.000217611 -0.004944 0.000259418 0.000675936 -0.00135813 -0.000233044 0.00739124 0.0053261 0.0133153
internal_weight=0 2842 869 209 172 1973 660 273 387 1860 1778 163 1615 212 357 141 113 80 61
internal_count=2873 2842 869 209 172 1973 660 273 387 1860 1778 163 1615 212 357 141 113 80 61
is_linear=0
shrinkage=0.03


Tree=224
num_leaves=22
num_cat=0
split_feature=15 3 3 5 7 7 3 16 14 3 4 0 3 1 3 7 3 15 13 17 0
split_gain=3.26627 2.48777 6.93599 8.56892 9.16458 5.84256 5.55856 7.91138 4.0765 3.95727 4.19955 8.81262 3.92551 3.3474 3.25818 2.69066 2.41593 1.37907 0.785053 0.85389 0.228283
threshold=38.740149438202259 0.11275000000000002 0.13455000000000003 0.31805000000000005 -0.33544999999999997 -0.43159999999999993 0.22055000000000002 -23.769555056179737 0.058131460674157316 0.10560000000000001 0.22315000000000004 0.29825000000000007 0.31860000000000005 0.04080000000000001 0.062800000000000009 -0.35819999999999991 0.34510000000000007 0.032698876404494655 -1.3783426966292127 -0.017054494382022441 0.39080000000000009
decision_type=2 2 2 2 2 2 2 2 2 2 2 2 2 2 2 2 2 2 2 2 2
left_child=1 5 3 4 -3 18 7 20 -5 10 14 -12 13 -8 -7 -9 -14 -6 -1 -20 -4
right_child=-2 2 6 8 17 9 12 15 -10 -11 11 -13 16 -15 -16 -17 -18 -19 19 -21 -22
leaf_value=0.0039191823945894395 -0.009844564918368574 0.0098214775459332902 0.011110411946691812 -0.0085049146220374551 -0.0023327678459463641 -0.00014520393590430251 -0.0016188351360465129 0.0036434506324800747 -0.022249183347148281 0.0039191823945894395 -0.014466732918052002 -0.0022392022799833694 0.0085180918601426205 -0.009125183924798547 0.0039191823945894395 -0.0031674327844032836 -0.00053049435352851804 -0.0074310113603077666 0.0062034185992723163 0.013081175847910345 0.014781384315807371
leaf_weight=33 31 44 31 52 48 1480 124 119 31 82 60 103 33 94 150 93 136 34 33 32 30
leaf_count=33 31 44 31 52 48 1480 124 119 31 82 60 103 33 94 150 93 136 34 33 32 30
internal_value=0 -5.36678e-05 -0.00139109 -0.00615391 -0.00122371 0.000535394 0.000117137 0.00339511 -0.0136383 0.000162168 -0.000173134 -0.0047644 -0.00219523 -0.00485552 0.000285993 0.000655657 0.00123639 -0.00715039 0.0076762 0.00958939 0.0129158
internal_weight=0 2842 869 209 126 1973 660 273 83 1875 1793 163 387 218 1630 212 169 82 98 65 61
internal_count=2873 2842 869 209 126 1973 660 273 83 1875 1793 163 387 218 1630 212 169 82 98 65 61
is_linear=0
shrinkage=0.03


Tree=225
num_leaves=20
num_cat=0
split_feature=3 3 3 17 1 17 12 3 8 1 15 17 1 14 17 12 12 15 12
split_gain=1.92924 7.67774 2.81247 2.20541 3.47732 7.44612 3.44415 7.03761 2.8165 3.74162 2.63938 2.63914 4.24245 2.00937 1.78467 1.26559 1.48494 1.44673 0.166613
threshold=0.31860000000000005 0.29390000000000011 0.34510000000000007 -0.0035544943820224602 0.38980000000000009 0.039179775280898867 -1.911510112359547 0.016050000000000005 0.20000000000000004 0.024900000000000002 10.523291011235957 -0.015320224719101131 0.076250000000000012 -0.13795393258426963 0.0062775280898876304 1.1047595505617986 -0.72932752808988954 -1.6509589887640448 0.84248988764045241
decision_type=2 2 2 2 2 2 2 2 2 2 2 2 2 2 2 2 2 2 2
left_child=1 3 -2 8 6 -6 7 -5 11 18 -8 12 -1 -13 -3 16 -4 -18 -10
right_child=2 14 15 4 5 -7 10 -9 9 -11 -12 13 -14 -15 -16 -17 17 -19 -20
leaf_value=0.0039909693764959365 0.010541965599087152 -0.0061153850045341709 0.0038341377915944467 -0.0018912620029556172 -0.0018912620029556172 -0.016578812334952609 0.0013849045836098414 0.0090335475599531805 -0.0055843366639545325 -0.012687009015976082 -0.0018912620029556172 -0.002955414406852036 -0.00097537602964863546 -0.00039721352020344157 -0.015758908685416944 0.0062352339442699189 0.00043486036992232717 -0.008109337026553769 -0.002955414406852036
leaf_weight=209 33 39 43 52 63 35 686 121 39 43 295 140 597 284 31 31 42 31 56
leaf_count=209 33 39 43 52 63 35 686 121 39 43 295 140 597 284 31 31 42 31 56
internal_value=0 -0.000580729 0.00262733 -0.000318754 0.000591067 -0.00483433 0.0010518 0.00495455 -0.00115143 -0.00521536 0.00036355 -0.000695473 0.000312423 -0.00261143 -0.0103861 0.000850577 -0.000588426 -0.0031935 -0.00295541
internal_weight=0 2690 180 2620 1252 98 1154 173 1368 138 981 1230 806 424 70 147 116 73 95
internal_count=2870 2690 180 2620 1252 98 1154 173 1368 138 981 1230 806 424 70 147 116 73 95
is_linear=0
shrinkage=0.03


Tree=226
num_leaves=15
num_cat=0
split_feature=16 16 8 8 14 18 17 6 16 7 4 5 7 4
split_gain=2.46006 2.32769 4.47226 1.93834 1.56662 1.21591 1.8465 8.02716 3.12335 0.787581 1.03038 0.99273 0.769131 0.557139
threshold=-79.803649438202271 -52.09964943820227 0.18700000000000003 0.1867 -0.43491348314606731 3.5000000000000004 0.025175842696629234 -0.0035499999999999998 -24.753139325842763 -0.34824999999999995 0.21930000000000002 0.27055000000000001 -0.3885499999999999 0.071050000000000016
decision_type=2 2 2 2 2 2 2 2 2 2 2 2 2 2
left_child=3 2 -2 -1 12 9 8 -8 -7 10 -6 -11 -3 -5
right_child=1 4 -4 13 5 6 7 -9 -10 11 -12 -13 -14 -15
leaf_value=0.0079589978431097476 0.0028536503718179815 -0.00084226655828602173 -0.011307096428484941 0.0028891092421192868 0.0040531824925921917 -0.0046702508500877865 -0.011809132867642947 0.0048960237031221198 -0.00053607133559332141 0.00088082680794264315 0.00088082680794264315 -0.0022331654858124207 -0.006623275844195752 -0.0024835021897160912
leaf_weight=55 34 34 49 38 124 185 31 157 1482 265 198 133 53 32
leaf_count=55 34 34 49 38 124 185 31 157 1482 265 198 133 53 32
internal_value=0 -0.000558904 -0.00550631 0.00374447 -0.000404646 -0.000270873 -0.000677014 0.00214145 -0.000994874 0.000775505 0.00187861 -0.000116955 -0.00436403 0.000433058
internal_weight=0 2745 83 125 2662 2575 1855 188 1667 720 322 398 87 70
internal_count=2870 2745 83 125 2662 2575 1855 188 1667 720 322 398 87 70
is_linear=0
shrinkage=0.03


Tree=227
num_leaves=15
num_cat=0
split_feature=16 16 7 1 12 4 7 5 17 5 7 4 7 5
split_gain=2.31534 2.18957 3.62335 2.1526 6.2891 1.82866 8.10401 6.89837 1.95919 1.50681 5.6052 1.32634 2.55564 0.304403
threshold=-79.803649438202271 -52.09964943820227 -0.35024999999999995 0.031100000000000006 -1.7362831460674142 0.024400000000000002 -0.31219999999999992 0.26635000000000003 0.022179775280898904 0.28440000000000004 -0.29519999999999996 0.1014 -0.30349999999999994 0.31235000000000007
decision_type=2 2 2 2 2 2 2 2 2 2 2 2 2 2
left_child=11 2 -2 4 -3 13 8 -8 -7 10 -6 12 -1 -5
right_child=1 3 -4 5 9 6 7 -9 -10 -11 -12 -13 -14 -15
leaf_value=0.011450100920033143 0.0016478828748537077 0.013593226047232747 -0.010962708094056048 3.8599405137279465e-05 0.0061429642938398915 -0.00070684951176327331 -0.003334376530364236 -0.013750195928702228 -0.003334376530364236 3.8599405137279465e-05 0.00090550309180937238 -9.0275429735329988e-05 0.0030536544529092286 -0.00070684951176327331
leaf_weight=43 37 34 46 298 197 1099 219 76 141 218 281 51 31 99
leaf_count=43 37 34 46 298 197 1099 219 76 141 218 281 51 31 99
internal_value=0 -0.000542739 -0.00534112 -0.000393127 0.000994719 -0.000917521 -0.0014523 -0.0059619 -0.00070685 0.000379275 0.00177241 0.00363214 0.00619758 3.85994e-05
internal_weight=0 2745 83 2662 730 1932 1535 295 1240 696 478 125 74 397
internal_count=2870 2745 83 2662 730 1932 1535 295 1240 696 478 125 74 397
is_linear=0
shrinkage=0.03


Tree=228
num_leaves=16
num_cat=0
split_feature=16 3 4 16 7 3 3 17 1 16 13 7 1 0 13
split_gain=2.14432 2.42806 4.41127 2.06113 3.40921 2.13274 5.37232 5.07664 3.23507 3.05551 2.27018 2.19895 3.74217 3.34228 0.725116
threshold=-79.803649438202271 0.016050000000000005 0.1014 -52.09964943820227 -0.35024999999999995 0.31860000000000005 0.25665000000000004 0.015281460674157312 0.04080000000000001 -23.968639325842727 -0.47297977528089769 -0.43159999999999993 0.38980000000000009 0.15095000000000003 2.8003550561797748
decision_type=2 2 2 2 2 2 2 2 2 2 2 2 2 2 2
left_child=1 -1 -3 4 -2 6 11 8 -8 -7 -11 13 -13 -5 -12
right_child=3 2 -4 5 -6 9 7 -9 -10 10 14 12 -14 -15 -16
leaf_value=-0.0023853760171498703 0.0015984462407996525 0.014979821773753923 0.00084792926341469867 0.0013184052271065221 -0.010633826823297726 0.011593031615018845 0.001723484045578516 -0.016131381110342985 -0.0076085509578032147 -0.0053194610819824644 0.0014963870023136899 -2.9586477347444359e-05 -0.0039457620164724972 0.011836997983627952 0.0069480039913426429
leaf_weight=42 37 33 50 133 46 30 64 34 70 37 62 1918 248 32 34
leaf_count=42 37 33 50 133 46 30 64 34 70 37 62 1918 248 32 34
internal_value=0 0.00349236 0.00646663 -0.000525375 -0.00518089 -0.000380218 -0.000597086 -0.00577835 -0.00315146 0.00294466 0.000993895 -0.000223662 -0.000477976 0.00311479 0.00342717
internal_weight=0 125 83 2745 83 2662 2499 168 134 163 133 2331 2166 165 96
internal_count=2870 125 83 2745 83 2662 2499 168 134 163 133 2331 2166 165 96
is_linear=0
shrinkage=0.03


Tree=229
num_leaves=20
num_cat=0
split_feature=3 3 3 17 1 17 12 3 8 1 17 1 15 14 17 12 12 15 12
split_gain=1.68026 7.11191 2.64927 1.98224 3.03338 7.13417 3.33163 6.59427 2.62912 3.4395 2.53105 3.90796 2.50539 1.88624 1.61571 1.15505 1.36236 1.3493 0.179818
threshold=0.31860000000000005 0.29390000000000011 0.34510000000000007 -0.0035544943820224602 0.38980000000000009 0.039179775280898867 -1.911510112359547 0.016050000000000005 0.20000000000000004 0.024900000000000002 -0.015320224719101131 0.076250000000000012 10.523291011235957 -0.13795393258426963 0.0062775280898876304 1.1047595505617986 -0.72932752808988954 -1.6509589887640448 0.84248988764045241
decision_type=2 2 2 2 2 2 2 2 2 2 2 2 2 2 2 2 2 2 2
left_child=1 3 -2 8 6 -6 7 -5 10 18 11 -1 -8 -12 -3 16 -4 -18 -10
right_child=2 14 15 4 5 -7 12 -9 9 -11 13 -13 -14 -15 -16 -17 17 -19 -20
leaf_value=0.0038927665200868718 0.010147406286136669 -0.0059016773076011582 0.0036027832747285451 -0.0017318323038279662 -0.0017318323038279662 -0.016035899520618839 0.0013382746418675001 0.0088079971215910893 -0.0054297023481474473 -0.012151215105035969 -0.0028082957997490935 -0.00087377400013390603 -0.0017318323038279662 -0.0003347615943893685 -0.015077363694567353 0.0058855270912810675 0.00037549937077398807 -0.0078759605203184389 -0.0028082957997490935
leaf_weight=209 33 39 43 52 63 35 686 121 39 43 140 597 295 284 31 31 42 31 56
leaf_count=209 33 39 43 52 63 35 686 121 39 43 140 597 295 284 31 31 42 31 56
internal_value=0 -0.000528066 0.00246584 -0.000275929 0.000586632 -0.00448062 0.00101695 0.00485542 -0.00106535 -0.00499177 -0.000624824 0.000362215 0.000340037 -0.00250113 -0.0099652 0.00074141 -0.000633311 -0.00312855 -0.0028083
internal_weight=0 2690 180 2620 1252 98 1154 173 1368 138 1230 806 981 424 70 147 116 73 95
internal_count=2870 2690 180 2620 1252 98 1154 173 1368 138 1230 806 981 424 70 147 116 73 95
is_linear=0
shrinkage=0.03


Tree=230
num_leaves=21
num_cat=0
split_feature=17 1 16 3 15 12 12 15 16 16 3 12 3 14 3 3 15 1 7 17
split_gain=3.3143 13.5602 4.93625 3.09237 4.52173 1.9999 7.87701 1.64796 2.72916 2.25156 2.18824 2.13174 1.724 1.69546 1.05438 1.69344 1.38047 0.92911 1.43523 0.991746
threshold=0.044445505617977561 0.18615000000000001 -52.09964943820227 0.11670000000000001 27.98214943820226 -1.5672831460674155 -1.2398275280898881 0.032698876404494655 -24.753139325842763 -23.644359550561884 0.098450000000000024 2.0448039325842733 0.11865000000000002 -0.12995393258426963 0.015200000000000002 0.031000000000000003 29.104062359550564 0.091100000000000014 -0.35819999999999991 0.025175842696629234
decision_type=2 2 2 2 2 2 2 2 2 2 2 2 2 2 2 2 2 2 2 2
left_child=5 2 3 4 -2 14 -7 9 12 13 -11 -10 -9 -8 16 -16 -1 18 -17 -19
right_child=1 -3 -4 -5 -6 6 7 8 11 10 -12 -13 -14 -15 15 17 -18 19 -20 -21
leaf_value=0.0029959126153045286 0.0090296359275552351 -0.018529775937398275 0.008390272907588793 -0.0086796178088451807 -0.0063444634329061951 -0.015099081366788595 0.0020803875521268334 -0.0077778222092541021 0.00037066153546218153 0.00081185311168397454 -0.0015660295142489397 -0.0054901498031014436 0.0003787379183631856 0.0094825697717412054 0.0086526779731114709 0.0095544128175824878 -0.0037434667136574929 -0.0034572269163221461 0.001968667219498013 0.001968667219498013
leaf_weight=59 33 45 46 52 36 32 123 86 397 1031 526 65 32 36 45 30 51 44 52 32
leaf_count=59 33 45 46 52 36 32 123 86 397 1031 526 65 32 36 45 30 51 44 52 32
internal_value=0 -0.00391344 2.50882e-05 -0.00315506 0.00100837 -1.47772e-05 -0.000317484 -0.000111468 -0.00149393 0.000355798 8.53502e-06 -0.000453911 -0.00556587 0.00375635 0.00223666 0.00351839 -0.000128709 0.00205609 0.00427085 -0.000333515
internal_weight=0 212 167 121 69 2641 2328 2296 580 1716 1557 462 118 159 313 203 110 158 82 76
internal_count=2853 212 167 121 69 2641 2328 2296 580 1716 1557 462 118 159 313 203 110 158 82 76
is_linear=0
shrinkage=0.03


Tree=231
num_leaves=20
num_cat=0
split_feature=17 1 16 3 13 7 3 1 3 17 13 7 8 16 3 3 16 16 15
split_gain=3.1189 12.7588 4.64452 2.90961 4.25449 1.7295 3.60969 3.4464 2.41488 2.4132 2.52647 2.02351 2.76258 2.01808 1.55772 1.05814 0.518419 0.360201 0.0577461
threshold=0.044445505617977561 0.18615000000000001 -52.09964943820227 0.11670000000000001 -3.8334797752808982 -0.43159999999999993 0.11255000000000003 0.52265000000000017 0.075750000000000012 -0.0013202247191011205 -2.011842696629214 -0.32039999999999996 0.19965000000000002 7.1178606741572716 0.12705000000000002 0.046950000000000013 -5.8954191011236494 -27.153139325842798 -7.9742089887640439
decision_type=2 2 2 2 2 2 2 2 2 2 2 2 2 2 2 2 2 2 2
left_child=5 2 3 4 -2 6 15 8 11 14 -11 -7 -13 -9 -10 -1 17 -8 -15
right_child=1 -3 -4 -5 -6 7 16 13 9 10 -12 12 -14 18 -16 -17 -18 -19 -20
leaf_value=0.0050361955718447758 -0.0061541297059496472 -0.017973882074157396 0.0081385648801274909 -0.0084192291811968269 0.0087587469155815511 0.00093464497383190183 0.0013784403229753176 -0.010688583254481531 -0.0027766982265885407 -0.0027766982265885407 0.00093464497383190183 0.00022141383454798359 -0.0027766982265885407 -0.0027766982265885407 -2.9334541105000475e-05 0.012309931658208369 0.00093464497383190183 0.0053849919784166233 -0.0042280576901291217
leaf_weight=45 36 45 46 52 33 515 36 42 199 107 291 801 136 32 190 30 137 46 34
leaf_count=45 36 45 46 52 33 515 36 42 199 107 291 801 136 32 190 30 137 46 34
internal_value=0 -0.00379604 2.43356e-05 -0.00306041 0.000978116 -1.40501e-05 0.00215506 -0.000285766 -3.3283e-05 -0.00137153 0.000282926 0.000692064 -0.000491817 -0.00552011 -0.0027767 0.00794569 0.000934645 0.00362602 -0.0027767
internal_weight=0 212 167 121 69 2641 294 2347 2239 787 398 1452 937 108 389 75 219 82 66
internal_count=2853 212 167 121 69 2641 294 2347 2239 787 398 1452 937 108 389 75 219 82 66
is_linear=0
shrinkage=0.03


Tree=232
num_leaves=20
num_cat=0
split_feature=17 1 16 3 13 8 1 3 3 3 8 1 3 7 15 14 17 6 13
split_gain=2.93321 12.0047 4.37003 2.73765 4.00305 1.58279 5.07722 2.47447 1.41207 3.91465 8.90937 2.01151 3.21885 2.74548 1.54969 0.833993 0.496735 1.16207 0.196967
threshold=0.044445505617977561 0.18615000000000001 -52.09964943820227 0.11670000000000001 -3.8334797752808982 0.19965000000000002 0.024650000000000002 0.11480000000000001 0.011100000000000002 0.016650000000000002 0.18545000000000003 0.033250000000000009 0.048450000000000007 -0.3885499999999999 -31.911850561797731 0.029631460674157343 0.016777528089887642 0.048750000000000009 -2.011842696629214
decision_type=2 2 2 2 2 2 2 2 2 2 2 2 2 2 2 2 2 2 2
left_child=5 2 3 4 -2 8 18 -8 14 10 -10 12 -11 -13 -1 -12 -16 -18 -7
right_child=1 -3 -4 -5 -6 6 7 -9 9 11 15 13 -14 -15 16 -17 17 -19 -20
leaf_value=0.0060713239833712577 -0.0059695056038132554 -0.017434665570656458 0.0078944075723057193 -0.0081666521638488546 0.008495984186672351 -0.0037830256123773079 -0.015103509174960273 -0.0046351886389114083 0.016514151942916215 0.0082391213173704115 -0.00080161164143241752 0.0011075640611254577 0.0011075640611254577 -0.00080161164143241752 -0.00080161164143241752 0.0042076505044181091 -0.00053502140960223234 0.0062097043494748717 -0.00080161164143241752
leaf_weight=30 36 45 46 52 33 55 31 59 45 68 68 463 231 780 458 38 71 34 210
leaf_count=30 36 45 46 52 33 55 31 59 45 68 68 463 231 780 458 38 71 34 210
internal_value=0 -0.00368216 2.36055e-05 -0.0029686 0.000948772 -1.4477e-05 -0.00187816 -0.00824094 0.000274941 0.000720088 0.00533 0.000268663 0.00247789 -0.00026276 -0.000801612 0.000582017 -0.000801612 0.00164899 -0.000801612
internal_weight=0 212 167 121 69 2641 355 90 2286 1693 151 1542 299 1243 593 106 563 105 265
internal_count=2853 212 167 121 69 2641 355 90 2286 1693 151 1542 299 1243 593 106 563 105 265
is_linear=0
shrinkage=0.03


Tree=233
num_leaves=19
num_cat=0
split_feature=12 0 3 3 8 15 6 17 13 3 3 3 8 0 12 15 17 5
split_gain=3.04125 8.97469 6.8626 7.28856 1.65275 2.23381 4.52289 2.24814 2.15213 1.42484 3.43708 3.56946 4.16791 2.00712 1.51402 1.48958 0.363445 0.399223
threshold=-1.9340101123595479 0.15095000000000003 0.015200000000000002 0.11275000000000002 0.19965000000000002 10.523291011235957 0.032200000000000006 -0.0073202247191011252 2.0786573033707865 0.011100000000000002 0.021000000000000001 0.018950000000000005 0.18805000000000002 0.89520000000000011 -1.5966842696629227 -31.911850561797731 0.016777528089887642 0.21020000000000003
decision_type=2 2 2 2 2 2 2 2 2 2 2 2 2 2 2 2 2 2
left_child=1 -1 -3 -4 9 7 -7 8 -6 15 11 12 -11 14 -12 -2 -17 -18
right_child=4 2 3 -5 5 6 -8 -9 -10 10 13 -13 -14 -15 -16 16 17 -19
leaf_value=-0.018811892457907237 0.0058891842961311339 -0.0097736078778693676 0.010847489420535429 -0.007465662857697856 -0.0014298758096992969 -0.014107527336156046 -0.0008420156971606867 -0.0008420156971606867 -0.010425073004349373 0.006024130094078377 0.0027452950857230459 0.011269397167235856 -0.0008420156971606867 0.0077412441968917846 -0.00044550623314355045 -0.0008420156971606867 0.003422566733012597 -0.00016998077857576004
leaf_weight=31 30 38 53 31 54 37 43 188 43 131 150 46 130 30 1242 458 45 73
leaf_count=31 30 38 53 31 54 37 43 188 43 131 150 46 130 30 1242 458 45 73
internal_value=0 -0.0043979 -0.000735323 0.00408906 -5.00821e-05 -0.00192741 -0.00636518 -0.000842016 -0.00541744 0.000243375 0.000685288 0.003564 0.00220597 6.37924e-05 -0.00010167 -0.000842016 -0.000842016 0.00120006
internal_weight=0 153 122 84 2700 365 80 285 97 2335 1729 307 261 1422 1392 606 576 118
internal_count=2853 153 122 84 2700 365 80 285 97 2335 1729 307 261 1422 1392 606 576 118
is_linear=0
shrinkage=0.03


Tree=234
num_leaves=21
num_cat=0
split_feature=12 0 7 0 7 3 4 13 12 3 3 3 3 3 8 3 12 12 5 16
split_gain=2.87625 8.42966 16.0957 6.43337 1.91344 3.91075 1.57657 4.33825 7.41523 2.08842 1.6685 1.46315 2.16241 0.940337 0.784962 0.710234 0.654538 1.89421 0.559135 0.00637672
threshold=-1.9340101123595479 0.15095000000000003 -0.3542499999999999 0.79810000000000014 -0.43159999999999993 0.11370000000000001 0.22315000000000004 -1.4773426966292147 -0.77568426966292126 0.11425 0.071700000000000014 0.037750000000000006 0.012550000000000002 0.046950000000000013 0.19925000000000001 0.4391000000000001 1.1752595505617995 1.7234028089887661 0.31430000000000008 -23.540555056179809
decision_type=2 2 2 2 2 2 2 2 2 2 2 2 2 2 2 2 2 2 2 2
left_child=1 -1 -3 -4 5 13 10 8 18 -10 11 12 -6 -2 -12 -7 -9 -18 -8 -16
right_child=4 2 3 -5 6 15 7 16 9 -11 14 -13 -14 -15 19 -17 17 -19 -20 -21
leaf_value=-0.018247535352805447 0.0046457524383440611 0.015787523370739576 -0.0094879969841645973 0.0018102908913204645 -0.00092019899695910338 0.00093130338877233461 -0.00092019899695910338 -0.00092019899695910338 -0.019938643977046012 -0.0089209518861025575 0.00093130338877233461 -0.00092019899695910338 0.00093130338877233461 0.01084963914093583 5.5521959066155873e-06 0.0061520376897627304 -0.010105347921771387 -0.00092019899695910338 -0.0047479490765059982 -0.00092019899695910338
leaf_weight=31 45 37 38 47 728 184 43 253 30 32 301 272 485 43 34 31 31 47 36 105
leaf_count=31 45 37 38 47 728 184 43 253 30 32 301 272 485 43 34 31 31 47 36 105
internal_value=0 -0.00427808 -0.000728459 -0.00791777 -4.9854e-05 0.00219641 -0.000333799 -0.00188758 -0.0064721 -0.0142521 4.7179e-05 -0.000491544 0.000224593 0.0076772 0.000931303 0.000931303 -0.000920199 -0.00433695 -0.000920199 -0.000920199
internal_weight=0 153 122 85 2700 303 2397 472 141 62 1925 1485 1213 88 440 215 331 78 79 139
internal_count=2853 153 122 85 2700 303 2397 472 141 62 1925 1485 1213 88 440 215 331 78 79 139
is_linear=0
shrinkage=0.03


Tree=235
num_leaves=28
num_cat=0
split_feature=17 0 7 17 4 0 18 8 16 12 4 14 1 7 15 7 7 17 12 6 0 7 1 15 7 12 1
split_gain=5.44019 13.2094 14.4522 12.1474 3.35691 2.15364 1.77726 2.96864 3.09757 2.44691 1.77464 1.17362 1.1587 5.23723 1.11971 1.14809 1.08874 1.05237 1.18731 0.976396 0.939984 0.825904 0.552584 0.520789 0.481067 0.262231 0.120557
threshold=0.044445505617977561 0.10110000000000001 -0.35244999999999999 0.051105617977528113 0.26255000000000001 0.81210000000000016 3.5000000000000004 0.19855000000000003 -24.753139325842763 2.0298039325842727 0.22315000000000004 -0.15232359550561794 0.40030000000000004 -0.36019999999999991 0.75510674157303381 -0.36609999999999993 -0.31124999999999997 -0.017320224719101131 0.34752921348314386 0.024450000000000003 0.57220000000000015 -0.35244999999999999 0.038750000000000007 1.0000000180025095e-35 -0.29794999999999994 0.31202921348314488 0.036400000000000009
decision_type=2 2 2 2 2 2 2 2 2 2 2 2 2 2 2 2 2 2 2 2 2 2 2 2 2 2 2
left_child=6 -2 4 -4 -3 -5 11 10 -9 16 12 14 13 -8 26 -16 -10 18 20 -12 -13 -20 24 -24 -19 -17 -1
right_child=1 2 3 5 -6 -7 7 8 9 -11 19 17 -14 -15 15 25 -18 22 21 -21 -22 -23 23 -25 -26 -27 -28
leaf_value=-0.0026274307155981658 -0.023405145343393087 0.017276198081672189 -0.012686952002227622 -0.0069973939862102265 0.0030841394290328024 0.0012583001839229834 0.008885508538782597 -0.0098755309965499489 -0.0013532147970571487 -0.010046288078650831 -0.0013532147970571487 -0.0059867388813290741 -0.00028885831476326538 0.00060953811447493015 0.0041243598908896287 0.00030708739559420133 -0.0039733913319104121 0.0061482695105055775 0.0054716372533169166 -0.00028885831476326538 0.00077805152550960576 -0.00067551477535350904 0.0030416127367061561 -0.0002469682782107303 0.0032865614351128779 -0.0027107830242995095 -0.0052951579689491362
leaf_weight=30 30 30 42 30 30 56 75 49 153 30 140 38 176 835 59 55 149 78 42 289 36 37 144 62 57 49 31
leaf_count=30 30 30 42 30 30 56 75 49 153 30 140 38 176 835 59 55 149 78 42 289 36 37 144 62 57 49 31
internal_value=0 -0.00491872 -0.00196876 -0.00766357 0.0101802 0.000145889 1.40854e-05 -0.000467293 -0.00283444 -0.00179524 0.000128009 0.00128525 0.000775498 0.00129162 -0.000515956 0.000781587 -0.00135321 0.00210199 3.48268e-05 -0.00135321 -0.00269576 0.00259259 0.00302948 0.00205185 0.00452128 -0.00111479 -0.00398316
internal_weight=0 218 188 128 60 86 2614 1896 381 332 1515 718 1086 910 224 163 302 494 153 429 74 79 341 206 135 104 61
internal_count=2832 218 188 128 60 86 2614 1896 381 332 1515 718 1086 910 224 163 302 494 153 429 74 79 341 206 135 104 61
is_linear=0
shrinkage=0.03


Tree=236
num_leaves=29
num_cat=0
split_feature=17 0 7 17 3 4 18 8 16 12 3 15 3 3 15 17 4 7 13 7 7 3 17 12 3 4 1 7
split_gain=5.20476 12.3699 13.7119 11.6806 3.24349 3.15851 1.67234 2.6916 2.9485 2.31962 2.01231 2.74407 2.55179 2.86208 1.08468 1.30326 1.34616 1.37771 1.04507 1.02617 0.941595 0.728164 0.800027 0.537037 0.504905 0.278349 0.263122 0.119606
threshold=0.044445505617977561 0.10110000000000001 -0.35244999999999999 0.051105617977528113 0.061000000000000006 0.26255000000000001 3.5000000000000004 0.19855000000000003 -24.753139325842763 2.0298039325842727 0.31860000000000005 -0.20636685393258422 0.075750000000000012 0.071700000000000014 1.0000000180025095e-35 -0.016218539325842701 0.21930000000000002 -0.34549999999999997 -0.85197977528089808 -0.31124999999999997 -0.3885499999999999 0.078850000000000017 -0.0013202247191011205 0.2500292134831455 0.17060000000000003 0.16300000000000003 0.035750000000000011 -0.43744999999999995
decision_type=2 2 2 2 2 2 2 2 2 2 2 2 2 2 2 2 2 2 2 2 2 2 2 2 2 2 2 2
left_child=6 -2 5 -4 -5 -3 14 10 -9 19 12 -12 13 -8 15 16 17 -1 26 -10 27 22 -17 -22 -23 -14 -16 -20
right_child=1 2 3 4 -6 -7 7 8 9 -11 11 -13 25 -15 18 21 -18 -19 20 -21 23 24 -24 -25 -26 -27 -28 -29
leaf_value=0.0060143422387267022 -0.022702991068363189 0.016757911071181297 -0.012330968085016332 0.0011843836975185698 -0.0088212844766676415 0.0029916155664250254 0.00046953450839503367 -0.0095792649834587854 -0.0012992698866260636 -0.0097448992598801847 0.00028294526430016216 0.011028406539399708 0.0011640689092430124 0.0095943823945708571 -0.0015596172117417857 0.0052622087552611314 -0.0038348172062363192 -0.00063219592208042742 0.005022521123173646 -0.0038541895916197918 0.0015876056389563633 0.0077048593529445283 0.00082205556991643135 -0.0018715153368693603 0.0032334665707653251 -0.0012992698866260636 -0.0054086520290002223 0.0025478391087828921
leaf_weight=46 30 30 42 56 30 30 931 49 153 30 55 35 92 32 31 56 52 72 32 149 62 51 105 98 41 370 33 39
leaf_count=46 30 30 42 56 30 30 931 49 153 30 55 35 92 32 31 56 52 72 32 149 62 51 105 98 41 370 33 39
internal_value=0 -0.00481363 -0.00195895 -0.007506 0.000194537 0.00987476 1.12556e-05 -0.000455699 -0.00270969 -0.0016958 0.000111145 0.00446174 -0.000163629 0.000772749 0.00124433 0.00221809 0.000186654 0.00195883 -0.000151945 -0.00129927 0.000787922 0.00358308 0.00236646 -0.000487977 0.00571217 -0.00129927 -0.00354428 0.00366319
internal_weight=0 218 188 128 86 60 2614 1896 381 332 1515 90 1425 963 718 423 170 118 295 302 231 253 161 160 92 462 64 71
internal_count=2832 218 188 128 86 60 2614 1896 381 332 1515 90 1425 963 718 423 170 118 295 302 231 253 161 160 92 462 64 71
is_linear=0
shrinkage=0.03


Tree=237
num_leaves=25
num_cat=0
split_feature=17 0 7 17 3 4 14 12 4 3 3 7 14 18 1 17 12 12 1 3 14 4 7 14
split_gain=4.96555 11.5938 12.9894 11.2607 3.05128 2.97185 1.62343 3.93697 1.64891 2.14455 1.30548 1.2536 2.19583 2.17392 2.31134 2.02198 1.95041 1.9466 3.23385 1.13636 1.12986 1.03116 0.435074 0.428683
threshold=0.044445505617977561 0.10110000000000001 -0.35244999999999999 0.051105617977528113 0.061000000000000006 0.26255000000000001 0.40500112359550566 2.0448039325842733 0.22315000000000004 0.06795000000000001 0.11275000000000002 -0.43159999999999993 -0.083584269662921359 4.5000000000000009 0.19720000000000001 -0.0067146067415730362 -0.14738202247190732 1.1112595505617977 0.036400000000000009 0.11370000000000001 -0.43491348314606731 0.015200000000000002 -0.31149999999999994 -0.023413483146067445
decision_type=2 2 2 2 2 2 2 2 2 2 2 2 2 2 2 2 2 2 2 2 2 2 2 2
left_child=6 -2 5 -4 -5 -3 11 8 9 21 -10 15 17 16 -15 19 -14 20 -19 -1 -13 -8 -9 -17
right_child=1 2 3 4 -6 -7 7 22 10 -11 -12 12 13 14 -16 23 -18 18 -20 -21 -22 -23 -24 -25
leaf_value=0.0050611718473109329 -0.022021901480853558 0.016255174711346625 -0.011980551290609428 0.001120193791568454 -0.0085566457808017738 0.0029018669801298531 0.0071753480356267609 -0.0024342518234373748 0.0023746814234198821 0.010799086757524069 -0.0033461728810261077 -0.0035659686695518234 -0.0028391182295483897 -0.00244433383444978 -0.0092949281616842953 0.0034069128294608418 0.00054525490284476293 0.00054525490284476293 -0.0097979358142368835 0.00054525490284476293 0.00054525490284476293 0.0023746814234198821 -0.0072523477832756693 0.0076681914352162107
leaf_weight=55 30 30 42 56 30 30 46 37 35 43 52 63 245 188 58 42 392 64 44 127 931 118 31 43
leaf_count=55 30 30 42 56 30 30 46 37 35 43 52 63 245 188 58 42 392 64 44 127 931 118 31 43
internal_value=0 -0.00470288 -0.0019392 -0.00733813 0.000263716 0.00957852 9.83464e-06 0.00187456 0.00337919 0.00483572 -8.63547e-05 -0.000289912 -0.000549505 -0.00166419 -0.00405951 0.00164001 -0.000739147 0.000343658 -0.00353351 0.000545255 0.000545255 0.00327215 -0.00463074 0.00556262
internal_weight=0 218 188 128 86 60 2614 362 294 207 87 2252 1985 883 246 267 637 1102 108 182 994 164 68 85
internal_count=2832 218 188 128 86 60 2614 362 294 207 87 2252 1985 883 246 267 637 1102 108 182 994 164 68 85
is_linear=0
shrinkage=0.03


Tree=238
num_leaves=25
num_cat=0
split_feature=17 17 7 6 16 14 12 4 3 13 12 8 14 16 13 7 3 14 8 5 4 7 12 5
split_gain=4.74352 8.62313 10.3453 4.45725 5.20101 1.52632 3.70524 1.52594 2.02526 1.35474 1.64399 3.12276 3.65139 2.26334 1.96491 1.89067 1.24319 1.05917 2.5979 2.01785 0.972966 0.409361 0.178132 0.165461
threshold=0.044445505617977561 0.048605617977528111 -0.35244999999999999 0.029500000000000002 -54.493149438202259 0.40500112359550566 2.0448039325842733 0.22315000000000004 0.06795000000000001 -3.2082404494382035 -0.14738202247190732 0.20130000000000001 0.0050865168539325776 -5.8954191011236494 1.7265202247191029 -0.43159999999999993 0.11275000000000002 -0.14745393258426964 0.19355000000000003 0.34595000000000004 0.015200000000000002 -0.31149999999999994 -1.2398275280898881 0.34595000000000004
decision_type=2 2 2 2 2 2 2 2 2 2 2 2 2 2 2 2 2 2 2 2 2 2 2 2
left_child=5 2 -2 -3 -5 9 7 8 20 17 11 15 -13 -12 -15 -11 -9 18 19 -1 -7 -8 -19 -24
right_child=1 3 -4 4 -6 6 21 16 -10 10 13 12 -14 14 -16 -17 -18 22 -20 -21 -22 -23 23 -25
leaf_value=0.0056668702304887115 -0.0020183520139012809 -0.0075875655734954873 -0.02261187108499663 -0.0016841612674134904 0.012031485890038312 0.0069600876258261012 -0.0023612242307816003 0.0023124791749211475 0.010475114094916471 0.0030874739844624979 0.0078426360372792579 -0.0042161281565693508 -0.015682762664171956 0.0011192730307638117 -0.0012540350590302886 -0.0016817143582444627 -0.0032457878548078811 0.0022542669024551289 -0.0067589569013982425 -0.0021320422949036078 0.0023124791749211475 -0.007034777276097766 0.0056227846909314393 0.0028046025382354855
leaf_weight=64 46 43 42 46 41 46 37 35 43 87 33 46 31 603 655 534 52 48 38 33 118 31 50 30
leaf_count=64 46 43 42 46 41 46 37 35 43 87 33 46 31 603 655 534 52 48 38 33 118 31 50 30
internal_value=0 -0.00459511 -0.0118471 0.000313914 0.00421924 1.10331e-05 0.00181913 0.0032788 0.00467997 -0.000279611 -0.000547174 -0.00172015 -0.00741869 8.70145e-05 -0.000116432 -0.00101357 -5.50145e-05 0.00174389 -0.000109909 0.00249487 0.00316052 -0.00449181 0.00369908 0.00456597
internal_weight=0 218 88 130 87 2614 362 294 207 2252 1989 698 77 1291 1258 621 87 263 135 97 164 68 128 80
internal_count=2832 218 88 130 87 2614 362 294 207 2252 1989 698 77 1291 1258 621 87 263 135 97 164 68 128 80
is_linear=0
shrinkage=0.03


Tree=239
num_leaves=31
num_cat=0
split_feature=17 0 7 17 3 4 18 8 7 1 8 3 15 3 3 15 17 3 12 16 7 3 17 12 3 3 16 1 4 4
split_gain=4.47813 10.8856 12.1367 10.3575 2.92455 2.84358 1.40228 2.33502 2.73556 4.41122 1.95841 1.8277 2.51018 2.45991 2.67672 0.956164 1.19852 1.27561 1.04475 0.951239 0.856672 0.706025 0.884282 0.528425 0.286314 0.261051 0.428353 0.252386 0.217767 0.158715
threshold=0.044445505617977561 0.10110000000000001 -0.35244999999999999 0.051105617977528113 0.061000000000000006 0.26255000000000001 3.5000000000000004 0.19855000000000003 -0.31124999999999997 0.033950000000000008 0.20425000000000001 0.31860000000000005 -0.20636685393258422 0.075750000000000012 0.071700000000000014 1.0000000180025095e-35 -0.016218539325842701 0.075750000000000012 0.38502921348314351 -23.644359550561884 -0.3885499999999999 0.03160000000000001 0.0027814606741572994 0.2500292134831455 0.13965000000000002 0.12005000000000002 30.253665168539332 0.035750000000000011 0.31385000000000002 0.16300000000000003
decision_type=2 2 2 2 2 2 2 2 2 2 2 2 2 2 2 2 2 2 2 2 2 2 2 2 2 2 2 2 2 2
left_child=6 -2 5 -4 -5 -3 15 11 25 10 -10 13 -13 14 -8 16 17 18 -1 27 -21 22 -18 -22 -19 -9 -27 -17 -23 -15
right_child=1 2 3 4 -6 -7 7 8 9 -11 -12 12 -14 29 -16 19 21 24 -20 20 23 28 -24 -25 -26 26 -28 -29 -30 -31
leaf_value=-0.00067560034264859401 -0.021245697781443595 0.015878193087875841 -0.011515863012251234 0.0011712392673216524 -0.0083216406833380458 0.0028162352100480348 0.00048887809786478734 -0.0012018306916245539 -0.003201673183770481 -0.015579776465892791 -0.0094097738620958563 0.00026134371198713779 0.010538661659296069 0.0011520277365596723 0.0093133027490694079 -0.0014630658401837272 0.0036858832710277055 -0.0053347360369779403 0.0052659052003640678 0.0034688777183051363 0.0014891043828254519 0.0054351172226348088 -0.001957368984315885 -0.0018653057213654095 -0.0012893769907532258 -0.003201673183770481 -0.0012018306916245539 -0.0052327611754563715 0.0029004615359008311 -0.0012018306916245539
leaf_weight=57 30 30 42 56 30 30 931 76 129 31 35 55 35 92 32 31 64 31 50 71 62 105 41 98 32 72 38 33 43 370
leaf_count=57 30 30 42 56 30 30 931 76 129 31 35 55 35 92 32 31 64 31 50 71 62 105 41 98 32 72 38 33 43 370
internal_value=0 -0.00446396 -0.00178603 -0.00700474 0.000260417 0.00934721 1.14698e-05 -0.000416121 -0.0025155 -0.00520152 -0.00323977 0.000111842 0.00425808 -0.000150025 0.000782109 0.0011406 0.00205485 0.00010676 0.0021008 -0.000170349 0.000726335 0.00336384 0.00148233 -0.000490669 -0.00327995 -0.00120183 -0.00320167 -0.00340681 0.0046987 -0.00120183
internal_weight=0 218 188 128 86 60 2614 1896 381 195 164 1515 90 1425 963 718 423 170 107 295 231 253 105 160 63 186 110 64 148 462
internal_count=2832 218 188 128 86 60 2614 1896 381 195 164 1515 90 1425 963 718 423 170 107 295 231 253 105 160 63 186 110 64 148 462
is_linear=0
shrinkage=0.03


Tree=240
num_leaves=16
num_cat=0
split_feature=12 0 8 16 16 8 6 1 8 17 15 12 15 16 4
split_gain=6.26117 14.7353 7.829 3.00062 5.25165 1.61069 1.33738 1.26224 1.30015 2.65061 1.23146 1.34294 0.868168 0.781602 0.523471
threshold=-1.9590101123595483 0.37620000000000003 0.18650000000000003 -79.803649438202271 -41.099750561797627 0.18895000000000003 0.031500000000000007 0.033250000000000009 0.19855000000000003 -0.0048241573033707954 -10.055393258426964 1.1377595505617999 24.618062359550567 31.104215730336993 0.044950000000000011
decision_type=2 2 2 2 2 2 2 2 2 2 2 2 2 2 2
left_child=1 -1 -3 5 -5 14 -4 10 13 -10 11 -6 -12 -9 -2
right_child=3 2 6 4 7 -7 -8 8 9 -11 12 -13 -14 -15 -16
leaf_value=-0.020729096124569576 0.010294348473385484 0.012778619751334189 -0.010343710067579554 -0.012187844003730623 0.0053675161598715935 0.00071307009069382084 -0.0018448602325106794 -5.2108878976102478e-05 -0.010848143063485622 -0.0021970704914772254 0.00015833297265565794 0.00015833297265565794 0.0033562659604063671 -0.0016300437899807846 0.0050277399577732598
leaf_weight=45 33 30 30 33 100 56 37 1340 36 58 513 59 77 358 35
leaf_count=45 33 30 30 33 100 56 37 1340 36 58 513 59 77 358 35
internal_value=0 -0.00654061 4.1676e-05 -7.74808e-05 -0.000297071 0.00448078 -0.00566143 -0.000142645 -0.000574922 -0.00400935 0.000891588 0.00323484 0.000260102 -0.000384795 0.00758359
internal_weight=0 142 97 2698 2574 124 67 2541 1792 94 749 159 590 1698 68
internal_count=2840 142 97 2698 2574 124 67 2541 1792 94 749 159 590 1698 68
is_linear=0
shrinkage=0.03


Tree=241
num_leaves=16
num_cat=0
split_feature=12 0 8 3 16 16 3 3 1 3 3 3 3 3 13
split_gain=5.88982 13.8641 7.36658 7.28963 2.82437 4.94051 2.39686 2.23827 1.1692 1.48162 13.3046 1.21137 1.95772 1.63209 0.301582
threshold=-1.9590101123595483 0.37620000000000003 0.18650000000000003 0.037600000000000001 -79.803649438202271 -41.099750561797627 0.012550000000000002 0.061000000000000006 0.033250000000000009 0.019650000000000004 0.048450000000000007 0.25665000000000004 0.31860000000000005 0.011100000000000002 -2.9457404494382042
decision_type=2 2 2 2 2 2 2 2 2 2 2 2 2 2 2
left_child=1 -1 -3 -4 6 -6 -2 -8 9 14 -11 13 -13 -10 -7
right_child=4 2 3 -5 5 8 7 -9 11 10 -12 12 -14 -15 -16
leaf_value=-0.020107222706079481 -0.001481578110584191 0.012395260632038116 -0.010033513799098502 0.0034516684242538111 -0.01182220872237601 0.0039833973803678931 0.013075005499912159 0.0030542324509154604 -0.0019240032557391333 0.014770901007286738 0.00015039907836302753 -0.0059573527229646135 0.00015039907836302753 0.00015039907836302753 0.00015039907836302753
leaf_weight=45 42 30 33 34 33 46 35 47 414 64 386 92 93 1193 253
leaf_count=45 42 30 33 34 33 46 35 47 414 64 386 92 93 1193 253
internal_value=0 -0.00634455 4.01951e-05 -0.00549192 -7.60111e-05 -0.000289054 0.00434635 0.00733139 -0.000139273 0.000856111 0.00209775 -0.000555312 -0.00285417 -0.000290665 0.000150399
internal_weight=0 142 97 67 2698 2574 124 82 2541 749 450 1792 185 1607 299
internal_count=2840 142 97 67 2698 2574 124 82 2541 749 450 1792 185 1607 299
is_linear=0
shrinkage=0.03


Tree=242
num_leaves=15
num_cat=0
split_feature=12 0 8 3 16 16 3 3 3 7 2 3 16 17
split_gain=5.59257 12.9812 6.98649 6.9672 2.66334 4.64438 2.25521 2.10599 1.07391 3.2788 2.90205 2.64321 1.17458 1.1253
threshold=-1.9590101123595483 0.37620000000000003 0.18650000000000003 0.037600000000000001 -79.803649438202271 -41.099750561797627 0.012550000000000002 0.061000000000000006 0.22055000000000002 -0.43744999999999995 0.0024500000000000004 0.12705000000000002 8.2705808988763483 -0.0073202247191011252
decision_type=2 2 2 2 2 2 2 2 2 2 2 2 2 2
left_child=1 -1 -3 -4 6 -6 -2 -8 9 13 12 -11 -10 -7
right_child=4 2 3 -5 5 8 7 -9 10 11 -12 -13 -14 -15
leaf_value=-0.019504006291429201 -0.0014371309655585459 0.012023403137922287 -0.009756355298580632 0.0033135940182620464 -0.01146754235103303 0.0030757985318059775 0.01268275581180517 0.0029626053643036394 -0.0030156345460721451 -0.00056400574067059844 -0.010596943291835486 0.002293209822060418 0.00064846898490620935 0.009444599569747773
leaf_weight=45 42 30 33 34 33 94 35 47 133 1834 30 223 193 34
leaf_count=45 42 30 33 34 33 94 35 47 133 1834 30 223 193 34
internal_value=0 -0.00618679 -8.70431e-06 -0.00539622 -7.84829e-05 -0.000285364 0.00421596 0.00711145 -0.000140141 0.000108804 -0.00166807 -0.000181092 -0.000846395 0.00476751
internal_weight=0 142 97 67 2698 2574 124 82 2541 2185 356 2057 326 128
internal_count=2840 142 97 67 2698 2574 124 82 2541 2185 356 2057 326 128
is_linear=0
shrinkage=0.03


Tree=243
num_leaves=14
num_cat=0
split_feature=12 0 8 3 12 13 13 1 8 3 3 1 13
split_gain=5.32233 12.1532 6.62674 6.6605 1.38331 1.29554 3.78255 1.05326 1.63634 1.48025 0.714092 0.68267 1.04727
threshold=-1.9590101123595483 0.37620000000000003 0.18650000000000003 0.037600000000000001 -1.911510112359547 -3.9884471910112356 -3.8547134831460665 0.033250000000000009 0.19855000000000003 0.019650000000000004 0.035050000000000005 0.038750000000000007 -4.0862134831460661
decision_type=2 2 2 2 2 2 2 2 2 2 2 2 2
left_child=1 -1 -3 -4 10 11 -7 9 -9 -8 -2 12 -6
right_child=4 2 3 -5 5 6 7 8 -10 -11 -12 -13 -14
leaf_value=-0.018918885747591652 0.0066085088143988356 0.011662700437009335 -0.0094872082702405873 0.0031801002183512077 0.0023805244401335431 -0.010264000533258212 9.803086964763912e-05 -0.00036924807082128956 -0.0044786797479078495 0.002061562056672604 0.00072823599857442512 -0.00013635338186041306 0.0088166169627484949
leaf_weight=45 41 30 33 34 34 34 286 1674 92 432 34 38 33
leaf_count=45 41 30 33 34 34 34 286 1674 92 432 34 38 33
internal_value=0 -0.00603335 -5.55308e-05 -0.0053025 -7.4455e-05 -0.000189321 -0.00032547 -0.000189435 -0.000583329 0.000779391 0.00394279 0.00307566 0.0048974
internal_weight=0 142 97 67 2698 2623 2518 2484 1766 718 75 105 67
internal_count=2840 142 97 67 2698 2623 2518 2484 1766 718 75 105 67
is_linear=0
shrinkage=0.03


Tree=244
num_leaves=14
num_cat=0
split_feature=12 0 7 4 12 13 13 7 1 0 1 13 7
split_gain=5.05515 11.3769 6.42769 6.1833 1.30455 1.2129 3.55585 1.11329 1.84157 1.35678 0.637179 0.993422 0.476001
threshold=-1.9590101123595483 0.37620000000000003 -0.33849999999999997 0.024400000000000002 -1.911510112359547 -3.9884471910112356 -3.8547134831460665 -0.44479999999999992 0.52265000000000017 0.14895000000000003 0.038750000000000007 -4.0862134831460661 -0.34104999999999996
decision_type=2 2 2 2 2 2 2 2 2 2 2 2 2
left_child=1 -1 -3 -4 12 10 -7 9 -9 -8 11 -6 -2
right_child=4 2 3 -5 5 6 7 8 -10 -11 -12 -13 -14
leaf_value=-0.018351319352785746 0.0060009180659019359 0.011167833201827541 0.0028874235123920304 -0.0092258362662290382 0.0022993117455433407 -0.0099560806226423569 0.00091704757261547917 -0.00018628073396717402 -0.0041149834886325138 0.0078054269482381649 -0.00013226261901620187 0.0085521185994994909 0.0011999992631814059
leaf_weight=45 41 31 34 32 34 34 181 2160 113 30 38 33 34
leaf_count=45 41 31 34 32 34 34 181 2160 113 30 38 33 34
internal_value=0 -0.00588411 -0.000100353 -0.00539299 -7.67001e-05 -0.000188248 -0.000319983 -0.000188088 -0.000381592 0.00189644 0.00297089 0.00473089 0.0038245
internal_weight=0 142 97 66 2698 2623 2518 2484 2273 211 105 67 75
internal_count=2840 142 97 66 2698 2623 2518 2484 2273 211 105 67 75
is_linear=0
shrinkage=0.03


Tree=245
num_leaves=23
num_cat=0
split_feature=12 4 13 12 1 15 4 16 12 5 17 1 3 13 13 12 12 17 15 12 14 5
split_gain=2.32979 5.38486 4.02204 3.08968 2.75836 9.39902 3.5191 1.78147 2.74798 4.13215 1.86531 2.75379 1.74327 1.51684 2.60214 1.33211 1.3019 1.17802 1.17732 1.1498 0.33203 0.109918
threshold=-1.5672831460674155 0.45985000000000004 -3.9134471910112358 -1.0029707865168562 0.18320000000000003 8.3202910112359572 0.032200000000000006 43.358350561797756 2.0448039325842733 0.30245000000000005 -0.020324157303370779 0.091100000000000014 0.038500000000000006 2.8250528089887639 2.7698550561797748 -1.6888820224719081 -1.6266842696629238 0.0022775280898876264 -38.199350561797736 1.1112595505617977 0.65695730337078662 0.26485000000000009
decision_type=2 2 2 2 2 2 2 2 2 2 2 2 2 2 2 2 2 2 2 2 2 2
left_child=1 2 -1 -2 5 -4 -6 10 9 18 11 12 -5 14 -12 -8 -7 -15 -9 -13 -11 -10
right_child=3 -3 4 7 6 16 15 8 21 20 13 19 -14 17 -16 -17 -18 -19 -20 -21 -22 -23
leaf_value=-0.0030908515911468406 -0.0092585509611914554 -0.0087543504426210381 0.020201565086403313 -0.0021095092973331111 0.0028302985486880375 0.0028302985486880375 -0.0030908515911468406 0.0057555328746852668 -0.0022647459120039015 0.00086566255521029224 -0.00051991542115819125 -0.0086157826960627584 0.0047200995378403193 0.0024395392706567016 -0.0073539444840011684 -0.00013027652122940138 0.0089537171985615369 -0.0025267300265085606 0.012793754027375289 -0.0034634921211483221 -0.0024600679378702557 -0.0047347205707474662
leaf_weight=68 36 41 34 35 32 208 54 69 31 70 1405 62 54 248 52 51 33 52 31 105 44 34
leaf_count=68 36 41 34 35 32 208 54 69 31 70 1405 62 54 248 52 51 33 52 31 105 44 34
internal_value=0 0.00168127 0.00257265 -0.000538024 0.00370291 0.00543548 0.000225113 -0.000401052 0.00184553 0.00348641 -0.000712427 -0.00310487 0.0011573 -0.000363842 -0.00076382 -0.00309085 0.0033523 0.00157872 0.00793738 -0.00537632 -0.000417953 -0.00355673
internal_weight=0 521 480 2328 412 275 137 2292 279 214 2013 256 89 1757 1457 105 241 300 100 167 114 65
internal_count=2849 521 480 2328 412 275 137 2292 279 214 2013 256 89 1757 1457 105 241 300 100 167 114 65
is_linear=0
shrinkage=0.03


Tree=246
num_leaves=22
num_cat=0
split_feature=12 4 8 5 1 12 7 17 5 12 17 1 7 12 8 13 13 17 15 6 12
split_gain=2.1891 5.06414 4.06354 4.53135 3.2701 2.90639 2.90357 1.35616 2.49538 2.66567 1.77249 1.96491 2.39063 1.74262 1.54141 1.4272 2.44836 1.1084 0.882298 0.348995 0.780645
threshold=-1.5672831460674155 0.45985000000000004 0.17515000000000003 0.34515000000000001 0.38980000000000009 -1.0029707865168562 -0.33849999999999997 -0.023925842696629198 0.30245000000000005 2.0448039325842733 -0.020324157303370779 0.091100000000000014 -0.3169499999999999 1.0767595505617982 0.16270000000000004 2.8250528089887639 2.7698550561797748 0.0022775280898876264 10.228291011235957 -0.016649999999999998 0.85598988764045292
decision_type=2 2 2 2 2 2 2 2 2 2 2 2 2 2 2 2 2 2 2 2 2
left_child=1 2 4 6 -1 -2 -4 8 9 13 11 12 -9 -7 -13 16 -12 -17 -8 -10 -21
right_child=5 -3 3 -5 -6 7 18 10 19 -11 15 14 -14 -15 -16 17 -18 -19 -20 20 -22
leaf_value=0.013051188607471731 -0.0089807944341252239 -0.0084917200708807244 0.0042141909324799193 -0.002999469852176933 0.0042141909324799193 0.0045901710660147827 0.0023043414729054172 0.0071572636550461706 -0.0033737985172774638 0.0014513310427348252 -0.00050431796257550661 -0.0020481668659592155 -0.0020481668659592155 0.012761127636494006 -0.0068137332513678543 0.0023663530907604932 -0.0071333261052719671 -0.0024509281263453884 -0.00026153772628516368 -0.0018275280007555219 0.0014513310427348252
leaf_weight=53 36 41 81 39 60 76 49 33 48 44 1405 34 39 34 123 248 52 52 198 47 57
leaf_count=53 36 41 81 39 60 76 49 33 48 44 1405 34 39 34 123 248 52 52 198 47 57
internal_value=0 0.00162836 0.00249278 0.000961132 0.00746725 -0.000522889 0.00247639 -0.000390042 0.00146904 0.00416051 -0.000676487 -0.003159 0.000944543 0.00711574 -0.00504088 -0.000352927 -0.000740906 0.00153136 0.000394492 -0.00125785 -0.000281257
internal_weight=0 521 480 367 113 2328 328 2292 306 154 1986 229 72 110 157 1757 1457 300 247 152 104
internal_count=2849 521 480 367 113 2328 328 2292 306 154 1986 229 72 110 157 1757 1457 300 247 152 104
is_linear=0
shrinkage=0.03


Tree=247
num_leaves=29
num_cat=0
split_feature=14 8 14 4 16 6 16 1 14 16 3 13 3 3 1 17 6 16 6 14 7 14 17 13 3 7 3 7
split_gain=1.73442 2.3712 2.88861 1.9178 3.42073 6.56147 4.1701 8.58733 2.52959 1.65034 1.49905 1.39337 2.35896 2.54866 1.97554 1.31675 1.47601 1.13209 1.11312 1.05738 1.76099 1.06429 0.81625 0.728015 0.363352 0.270312 0.102943 0.0492768
threshold=0.088001123595505673 0.14540000000000003 0.018131460674157333 0.45985000000000004 -10.558919101123648 -0.0035499999999999998 -52.09964943820227 0.085150000000000017 0.3460865168539326 -23.540555056179809 0.04735000000000001 2.4782084269662925 0.098450000000000024 0.019650000000000004 0.039900000000000012 0.044445505617977561 0.036650000000000009 8.2705808988763483 0.021150000000000006 0.31913146067415737 -0.31759999999999994 0.65695730337078662 -0.015320224719101131 -2.9677404494382045 0.016650000000000002 -0.2715999999999999 0.033000000000000008 -0.31494999999999995
decision_type=2 2 2 2 2 2 2 2 2 2 2 2 2 2 2 2 2 2 2 2 2 2 2 2 2 2 2 2
left_child=1 10 11 4 5 -2 27 -8 -5 26 25 15 13 -13 -14 22 -17 24 23 20 -19 -21 -3 -11 -6 -1 -4 -7
right_child=3 2 9 8 17 6 7 -9 -10 18 -12 12 14 -15 -16 16 -18 19 -20 21 -22 -23 -24 -25 -26 -27 -28 -29
leaf_value=0.0086351072722498107 -0.0011067817842802265 0.0013323501733760619 -0.0014307263704540674 -0.0097251985384768022 0.0025533414154273008 0.0060295957699418061 0.023259632695760382 0.0042567253726705596 -0.0011067817842802265 -0.0053176629124473858 0.0013323501733760619 -0.003521232804388649 -0.0012395264117923729 0.0013323501733760619 -0.0091272524695556884 -0.0090676382100209601 -0.00031089073637636697 0.0086520174355525954 -0.0024779816198861227 -0.00027125287102568434 -0.0010158657643478365 0.0039019590563310136 -0.00020109834518487158 -0.010650007330114021 -0.0011067817842802265 0.0047281033415347336 0.0010154010290279983 0.0035897612310439629
leaf_weight=34 60 246 32 37 46 30 38 49 37 40 52 124 51 94 65 30 41 39 48 330 30 66 1014 48 78 30 30 30
leaf_count=34 60 246 32 37 46 30 38 49 37 40 52 124 51 94 65 30 41 39 48 330 30 66 1014 48 78 30 30 30
internal_value=0 -0.000618886 -0.000878009 0.000988284 0.00141774 0.00473513 0.0082863 0.0125568 -0.00363131 -0.00430359 0.00354271 -0.000470642 -0.0022031 -0.000363986 -0.00565937 -3.59003e-05 -0.00401092 0.000251869 -0.00615286 0.00102144 0.00444859 0.000424282 0.000188089 -0.00815734 -0.00110678 0.0068037 -0.000247116 0.00358976
internal_weight=0 1979 1863 870 796 207 147 87 74 198 116 1665 334 218 116 1331 71 589 136 465 69 396 1260 88 124 64 62 60
internal_count=2849 1979 1863 870 796 207 147 87 74 198 116 1665 334 218 116 1331 71 589 136 465 69 396 1260 88 124 64 62 60
is_linear=0
shrinkage=0.03


Tree=248
num_leaves=22
num_cat=0
split_feature=12 13 12 5 7 0 6 16 12 5 17 16 3 13 13 6 6 3 17 6 14
split_gain=1.92862 3.06965 2.73191 2.62223 6.23303 4.48174 5.53524 1.47435 2.49854 3.65507 1.60126 2.30698 2.11346 1.36105 2.25446 1.34644 1.19219 1.14665 1.05282 0.772606 0.32885
threshold=-1.5672831460674155 -3.9134471910112358 -1.0029707865168562 0.19250000000000003 -0.29334999999999994 0.10110000000000001 0.015400000000000002 43.358350561797756 2.0448039325842733 0.30245000000000005 -0.020324157303370779 31.104215730336993 0.014400000000000001 2.8250528089887639 2.7698550561797748 0.040050000000000009 0.036650000000000009 0.0092000000000000016 0.0022775280898876264 0.021150000000000006 0.65695730337078662
decision_type=2 2 2 2 2 2 2 2 2 2 2 2 2 2 2 2 2 2 2 2 2
left_child=1 16 -2 -3 5 -5 -7 10 9 17 11 12 -4 14 -12 -10 -1 -9 -15 -13 -11
right_child=2 3 7 4 -6 6 -8 8 15 20 13 19 -14 18 -16 -17 -18 -19 -20 -21 -22
leaf_value=-0.0087956087840138936 -0.0086968040132584662 0.010863242299566344 -0.0059521074370690145 -0.0024105098761296375 -0.0080069374319111149 0.00108342051993213 0.0063417622734730757 0.0034975504995230279 -0.0075982342435814004 0.00084589978014784194 -0.00048005485282883587 -0.0090284657963323155 0.0014882369905219251 0.0023256916715833922 -0.0068411626466191727 0.0010464850218305664 -0.0009653684922627041 0.0097446926039728241 -0.0023692626807874499 -0.003465273236282743 -0.002463866956108673
leaf_weight=30 36 31 49 49 51 157 161 34 34 70 1405 53 115 248 52 31 42 66 52 39 44
leaf_count=30 36 31 49 49 51 157 161 34 34 70 1405 53 115 248 52 31 42 66 52 39 44
internal_value=0 0.0015225 -0.000496703 0.00244463 0.00182028 0.00318592 0.00457735 -0.000367905 0.00167588 0.00324051 -0.000651171 -0.00286781 -0.000734793 -0.0003282 -0.000707081 -0.00347537 -0.00422797 0.00742666 0.0015119 -0.00667016 -0.000431554
internal_weight=0 521 2328 449 418 367 318 2292 279 214 2013 256 164 1757 1457 65 72 100 300 92 114
internal_count=2849 521 2328 449 418 367 318 2292 279 214 2013 256 164 1757 1457 65 72 100 300 92 114
is_linear=0
shrinkage=0.03


Tree=249
num_leaves=23
num_cat=0
split_feature=12 4 8 5 3 3 3 12 15 16 12 5 17 16 3 6 14 7 16 3 6 5
split_gain=1.82539 4.56032 3.86782 4.22555 5.06845 2.91249 3.50318 2.5703 2.19872 1.38466 2.34891 3.43381 1.50662 2.17064 1.98855 1.26686 1.19615 2.07897 2.04842 1.08393 0.726945 0.320107
threshold=-1.5672831460674155 0.45985000000000004 0.17515000000000003 0.34515000000000001 0.013600000000000003 0.019050000000000001 0.085450000000000012 -1.0029707865168562 32.275475280898881 43.358350561797756 2.0448039325842733 0.30245000000000005 -0.020324157303370779 31.104215730336993 0.014400000000000001 0.040050000000000009 -0.2838134831460673 -0.3885499999999999 6.3473606741572448 0.0092000000000000016 0.021150000000000006 0.38735000000000003
decision_type=2 2 2 2 2 2 2 2 2 2 2 2 2 2 2 2 2 2 2 2 2 2
left_child=1 2 5 4 -4 -1 -7 -2 -6 12 11 19 13 14 -9 -12 17 -14 -18 -11 -15 -13
right_child=7 -3 3 -5 8 6 -8 9 -10 10 15 21 16 20 -16 -17 18 -19 -20 -21 -22 -23
leaf_value=0.013332468800376666 -0.0084358998814908163 -0.0081211118029839366 -0.00030834748951989076 -0.0029092222170792209 0.0039821108996265942 0.0039821108996265942 0.014110012657700045 -0.0057735441766717296 -0.00030834748951989076 0.0033897138798989258 -0.0073702872413046218 0.00079555004602298134 0.0025167436885953666 -0.0087576117194345521 0.0014435899299569427 0.0010150904340609427 -0.0012214220384956294 -0.0032226014478237627 0.0010669315262317755 0.0094523518921976728 -0.0033613149348932963 -0.0025000202635835321
leaf_weight=43 36 41 112 39 175 39 31 49 41 34 34 72 73 53 115 31 630 256 798 66 39 42
leaf_count=43 36 41 112 39 175 39 31 49 41 34 34 72 73 53 115 31 630 256 798 66 39 42
internal_value=0 0.00148237 0.00230267 0.000808359 0.00229253 0.00715586 0.00398211 -0.000482051 0.00398211 -0.000357122 0.00162351 0.00314057 -0.000631636 -0.00278178 -0.000712749 -0.00337111 -0.000318354 -0.00194913 5.73638e-05 0.00719804 -0.00647005 -0.000418607
internal_weight=0 521 480 367 328 113 70 2328 216 2292 279 214 2013 256 164 65 1757 329 1428 100 92 114
internal_count=2849 521 480 367 328 113 70 2328 216 2292 279 214 2013 256 164 65 1757 329 1428 100 92 114
is_linear=0
shrinkage=0.03


Tree=250
num_leaves=21
num_cat=0
split_feature=16 3 4 16 3 15 16 3 8 6 2 14 16 14 8 15 4 17 3 3
split_gain=2.46981 6.6254 18.5948 8.2507 7.74871 1.9067 2.70472 1.65927 1.33164 3.35069 2.04116 1.324 1.87422 1.2512 1.39627 1.14147 0.846013 0.795914 0.318252 0.312579
threshold=-41.099750561797627 0.14580000000000001 0.12530000000000005 -79.803649438202271 0.26600000000000007 17.263128089887644 -79.803649438202271 0.016050000000000005 0.14420000000000002 -0.077549999999999994 0.27755000000000002 -0.15232359550561794 -24.753139325842763 -0.10782359550561792 0.17485000000000003 1.856041011235954 0.20455000000000004 -0.0076601123595505518 0.21750000000000003 0.11865000000000002
decision_type=2 2 2 2 2 2 2 2 2 2 2 2 2 2 2 2 2 2 2 2
left_child=1 2 5 -4 -3 -1 7 -7 10 -10 16 12 19 18 -15 -14 -2 -18 -13 -11
right_child=8 4 3 -5 -6 6 -8 -9 9 11 -12 13 15 14 -16 -17 17 -19 -20 -21
leaf_value=0.0056151696046193439 0.010353027817703062 0.01694257279485464 -0.0091363219195037919 -0.028644429065287112 -0.0035743391805806673 -0.0024001350657393531 -0.0073997639197235301 0.0069130093355091625 -0.0072338054065846586 -0.0034886943557953273 0.0015808842521991152 0.0015808842521991152 -0.00096842215829061199 0.0015808842521991152 -0.00024118619828752925 0.0015808842521991152 0.0039132614472731676 0.007363090109171971 -0.0027085432123679382 0.00010984048576039426
leaf_weight=45 31 30 30 35 37 36 45 33 55 68 43 269 463 245 1060 189 37 31 39 34
leaf_count=45 31 30 30 35 37 36 45 33 55 68 43 269 463 245 1060 189 37 31 39 34
internal_value=0 -0.00266455 -0.00514023 -0.0186589 0.00561234 0.000386275 -0.00167776 0.00205398 0.000251869 8.63249e-05 0.00307544 0.000256417 -0.000781345 0.00074152 0.00026418 -0.000162505 0.00624564 0.00437315 0.00158088 -0.00348869
internal_weight=0 291 224 65 67 159 114 69 2564 2422 142 2367 754 1613 1305 652 99 68 308 102
internal_count=2855 291 224 65 67 159 114 69 2564 2422 142 2367 754 1613 1305 652 99 68 308 102
is_linear=0
shrinkage=0.03


Tree=251
num_leaves=17
num_cat=0
split_feature=12 0 3 8 7 7 3 5 12 17 18 17 6 15 5 16
split_gain=2.96491 5.69824 13.326 4.84041 5.22047 1.64965 2.19275 1.70409 1.45822 3.40253 1.1865 1.17348 1.00037 0.965912 0.377902 0.371792
threshold=-1.9055101123595468 0.37620000000000003 0.15970000000000004 0.19195000000000004 -0.33669999999999994 -0.43159999999999993 0.11370000000000001 0.45840000000000009 -1.5672831460674155 0.014679775280898895 4.5000000000000009 -0.0013202247191011205 0.069650000000000017 -0.21830112359550566 0.20865000000000003 1.0000000180025095e-35
decision_type=2 2 2 2 2 2 2 2 2 2 2 2 2 2 2 2
left_child=1 2 -1 4 -3 6 10 8 -7 11 -2 -10 -8 -9 -11 -14
right_child=5 3 -4 -5 -6 7 12 13 9 14 -12 -13 15 -15 -16 -17
leaf_value=-0.022188427012778171 0.0095432527235243467 0.012989825637151415 -0.0047510730214442975 -0.0047510730214442975 -0.00010331066696953578 0.0011662481558473055 0.0011662481558473055 -0.0022579687823838183 -0.00021984127296860947 0.0011662481558473055 0.0026387691098664488 0.0011662481558473055 0.0071943582540317892 -0.0087505295611917961 -0.0022579687823838183 0.0030127067175228146
leaf_weight=46 48 39 35 54 53 281 124 40 1255 46 42 493 31 30 188 50
leaf_count=46 48 39 35 54 53 281 124 40 1255 46 42 493 31 30 188 50
internal_value=0 -0.00333057 -0.00971192 0.000209771 0.00454445 0.000243018 0.00235675 -2.42563e-05 0.000118343 -0.00021793 0.00632116 0.0002858 0.00116625 -0.00463428 -0.00225797 0.00461309
internal_weight=0 227 81 146 92 2628 295 2333 2263 1982 90 1748 205 70 234 81
internal_count=2855 227 81 146 92 2628 295 2333 2263 1982 90 1748 205 70 234 81
is_linear=0
shrinkage=0.03


Tree=252
num_leaves=17
num_cat=0
split_feature=12 4 6 3 5 8 12 12 2 8 1 12 1 8 1 3
split_gain=2.74377 5.37553 15.411 2.89693 6.25005 1.95336 1.27917 3.98075 1.38702 3.7236 2.27735 0.983535 2.22569 0.766223 0.870718 0.538119
threshold=-1.9055101123595468 0.12530000000000005 0.015400000000000002 0.015200000000000002 0.31030000000000008 0.18700000000000003 -1.5672831460674155 -1.2398275280898881 0.27755000000000002 0.13650000000000004 0.38980000000000009 -1.6266842696629238 0.10740000000000001 0.17485000000000003 0.11500000000000002 0.023950000000000003
decision_type=2 2 2 2 2 2 2 2 2 2 2 2 2 2 2 2
left_child=1 3 -3 5 -5 -1 11 -8 9 -9 -11 13 -13 -2 15 -15
right_child=6 2 -4 4 -6 -7 7 8 -10 10 -12 12 -14 14 -16 -17
leaf_value=0.0038546264267736866 0.0054586508758366105 -0.025101354705136535 -0.0036761996876066272 0.014518039707433093 -0.0036761996876066272 -0.0036761996876066272 -0.010200301522169919 0.0085924316510716647 -0.0055426674017584636 0.00038426092207473101 -0.0026527439898343238 0.011360963580198585 0.0012347157758943338 0.0028836211378875307 -0.0043022869426720478 -0.00023069779021721898
leaf_weight=31 30 35 67 33 31 30 34 47 38 1974 224 30 56 65 31 99
leaf_count=31 30 35 67 33 31 30 34 47 38 1974 224 30 56 65 31 99
internal_value=0 -0.00320602 -0.00831664 0.000964246 0.00542304 -0.0036762 0.000231714 -1.07742e-05 0.000140975 0.000237179 5.85184e-05 0.00203829 0.00476713 0.000995266 0.000308591 0.00118016
internal_weight=0 227 102 125 64 61 2628 2317 2283 2245 2198 311 86 225 195 164
internal_count=2855 227 102 125 64 61 2628 2317 2283 2245 2198 311 86 225 195 164
is_linear=0
shrinkage=0.03


Tree=253
num_leaves=18
num_cat=0
split_feature=16 3 0 3 7 3 3 14 8 6 2 7 0 0 3 1 16
split_gain=2.00057 6.21413 15.2824 7.20157 4.27407 5.16191 2.87268 1.23465 1.28443 2.71223 1.60397 1.26358 1.79119 1.40597 0.897943 0.5378 0.113114
threshold=-41.099750561797627 0.14580000000000001 0.37620000000000003 0.26600000000000007 -0.33669999999999994 0.042750000000000003 0.015200000000000002 -0.43491348314606731 0.14420000000000002 -0.077549999999999994 0.27755000000000002 -0.3885499999999999 0.57005000000000006 0.27555000000000002 0.022050000000000004 0.51270000000000016 10.815749438202376
decision_type=2 2 2 2 2 2 2 2 2 2 2 2 2 2 2 2 2
left_child=1 2 -1 -3 -4 6 -6 14 10 -10 15 13 -13 -11 -2 16 -9
right_child=7 3 4 -5 5 -7 -8 8 9 11 -12 12 -14 -15 -16 -17 -18
leaf_value=-0.020001643292130306 0.00023190223398463178 0.016541315957903861 0.0069959803246595759 -0.0032379750826874291 -0.0050355892424427326 -0.010379407295656283 0.0017178732576595586 0.0064614406593746553 -0.0066573689990978248 0.00078374347287342189 0.0016952469471959713 -0.001832095553217542 0.0004635467783707594 0.0016952469471959713 -0.0060358736431226131 0.0038520507555147212 0.008988810250535606
leaf_weight=47 36 30 47 37 63 31 36 34 51 358 40 394 1368 175 48 30 30
leaf_count=47 36 30 47 37 63 31 36 34 51 358 40 394 1368 175 48 30 30
internal_value=0 -0.00239746 -0.00479507 0.00561842 -0.000757171 -0.00356023 1.23468e-05 0.000227334 0.000348491 0.000185321 0.00320517 0.000337381 -4.97807e-05 0.00161727 -0.00334968 0.00600885 0.00764615
internal_weight=0 291 224 67 177 130 99 2564 2480 2346 134 2295 1762 533 84 94 64
internal_count=2855 291 224 67 177 130 99 2564 2480 2346 134 2295 1762 533 84 94 64
is_linear=0
shrinkage=0.03


Tree=254
num_leaves=18
num_cat=0
split_feature=12 6 16 7 1 0 6 14 16 16 13 12 3 12 1 0 14
split_gain=2.41409 11.3222 11.4046 1.52782 2.68357 1.98255 1.48571 1.46207 1.82248 1.35301 1.26663 1.35851 1.04321 0.919741 0.424613 0.395206 0.177083
threshold=-1.9590101123595483 0.015150000000000002 -52.09964943820227 -0.43159999999999993 0.52265000000000017 0.14895000000000003 0.069650000000000017 -0.2838134831460673 43.358350561797756 -79.803649438202271 -1.6228426966292149 -0.77568426966292126 0.0070500000000000007 2.0298039325842727 0.56910000000000005 0.57005000000000006 -0.11695393258426963
decision_type=2 2 2 2 2 2 2 2 2 2 2 2 2 2 2 2 2
left_child=1 -1 -3 5 7 6 -2 8 9 -5 11 -9 -6 -12 -14 -10 -8
right_child=3 2 -4 4 12 -7 16 10 15 -11 13 -13 14 -15 -16 -17 -18
leaf_value=-0.014949400866260894 0.0010180114554738627 -0.0052931781092827972 0.017701572358608246 0.0010180114554738627 -0.0023116430658301221 0.0078843267934153912 0.0027648833667577757 0.0004657689559120518 -0.0023116430658301221 -0.0023116430658301221 0.0010180114554738627 -0.0023116430658301221 -0.0042284470421145668 -0.0015565884881210512 -0.0087701965453611183 0.0010180114554738627 0.0045117552780416896
leaf_weight=52 181 55 30 102 31 46 36 335 37 303 1131 194 32 125 44 72 49
leaf_count=52 181 55 30 102 31 46 36 335 37 303 1131 194 32 125 44 72 49
internal_value=0 -0.00392297 0.00282262 0.000158494 -9.76371e-05 0.00213366 0.00113918 0.000118511 -0.00129134 -0.00227112 0.000524485 -0.000707336 -0.0047418 0.00101801 -0.00685788 0.00101801 0.00451176
internal_weight=0 137 85 2718 2406 312 266 2299 514 405 1785 529 107 1256 76 109 85
internal_count=2855 137 85 2718 2406 312 266 2299 514 405 1785 529 107 1256 76 109 85
is_linear=0
shrinkage=0.03


Tree=255
num_leaves=14
num_cat=0
split_feature=7 0 1 3 3 3 8 0 5 7 1 15 12
split_gain=2.05505 3.86441 4.00917 3.07066 2.66623 2.37758 2.30531 5.31302 3.078 1.8649 0.983985 0.730072 0.439793
threshold=-0.3885499999999999 0.27555000000000002 0.52265000000000017 0.30785000000000007 0.10560000000000001 0.37115000000000004 0.17545000000000002 0.38355000000000006 0.39145000000000008 -0.28939999999999994 0.0059000000000000016 -0.21830112359550566 -0.2988820224719077
decision_type=2 2 2 2 2 2 2 2 2 2 2 2 2
left_child=1 10 4 6 11 -5 -2 -8 9 -9 -1 -3 -6
right_child=3 2 -4 5 12 -7 7 8 -10 -11 -12 -13 -14
leaf_value=0.0024396260873519432 0.00031366948604399729 0.013319126313851614 0.0024396260873519432 -0.013065982113081602 0.0095319332825320371 -0.0012188704907894134 -0.010958899184466993 -0.00034565197939306181 -0.0058484218997618747 -0.0027146106079284065 0.00031366948604399729 0.0080125350382877509 0.0050200074058463877
leaf_weight=62 224 56 53 31 31 30 47 1404 39 309 448 40 47
leaf_count=62 224 56 53 31 31 30 47 1404 39 309 448 40 47
internal_value=0 0.00123523 0.00456558 -0.000607886 0.00760039 -0.00723953 -0.00040792 -0.00100497 -0.000737945 -0.000525946 0.000313669 0.011108 0.00502001
internal_weight=0 737 227 2084 174 61 2023 1799 1752 1713 510 96 78
internal_count=2821 737 227 2084 174 61 2023 1799 1752 1713 510 96 78
is_linear=0
shrinkage=0.03


Tree=256
num_leaves=20
num_cat=0
split_feature=17 0 8 12 4 1 1 3 4 1 14 3 5 12 13 14 12 3 3
split_gain=2.13342 2.51882 2.26214 3.51923 6.7883 4.75191 3.06813 2.18449 5.95829 2.56812 2.16455 2.14201 1.87869 1.37361 1.7754 0.630219 0.438444 0.147285 2.09472
threshold=0.05910561797752812 0.74755000000000005 0.17485000000000003 -1.5966842696629227 0.37785000000000007 0.39140000000000003 0.40030000000000004 0.018400000000000003 0.024100000000000003 0.21470000000000003 -0.17732359550561785 0.045700000000000011 0.27625000000000005 1.0902595505618005 2.8443550561797761 0.48391573033707874 2.0298039325842727 0.018650000000000003 0.0092000000000000016
decision_type=2 2 2 2 2 2 2 2 2 2 2 2 2 2 2 2 2 2 2
left_child=2 -2 3 4 5 -1 7 8 10 16 -4 -11 -10 17 -15 -16 -9 18 -5
right_child=1 -3 6 13 -6 -7 -8 9 12 11 -12 -13 -14 14 15 -17 -18 -19 -20
leaf_value=0.020627335401421244 -0.011870474472641944 0.00022937749628908932 -0.0020673094157012714 0.0004693415743284777 0.0004693415743284777 0.0063086402041224558 -0.0085331061854958534 0.0004693415743284777 -0.0020673094157012714 -0.0014807226107652757 0.0004693415743284777 -0.0044365141197009739 -0.0044365141197009739 0.0098063653297722347 0.0004693415743284777 0.0039398774589327248 -0.0014807226107652757 0.0004693415743284777 0.0082218792590384292
leaf_weight=33 30 32 157 61 30 40 42 1024 156 44 358 108 97 30 72 66 53 349 39
leaf_count=33 30 32 157 61 30 40 42 1024 156 44 358 108 97 30 72 66 53 349 39
internal_value=0 -0.00562539 1.77326e-06 0.00144737 0.00658075 0.0121479 -0.000508688 -0.000339922 -0.00159509 0.000444431 0.000301895 -0.00343079 -0.00443651 0.000590422 0.00319192 0.001754 0.000469342 0.000469342 0.00261113
internal_weight=0 62 2759 720 103 73 2039 1997 768 1229 515 152 253 617 168 138 1077 449 100
internal_count=2821 62 2759 720 103 73 2039 1997 768 1229 515 152 253 617 168 138 1077 449 100
is_linear=0
shrinkage=0.03


Tree=257
num_leaves=18
num_cat=0
split_feature=7 0 8 4 6 18 16 16 7 5 3 13 15 6 16 8 3
split_gain=1.68816 3.52391 3.76666 3.20576 10.5937 7.67364 1.84911 2.19035 1.61152 1.2601 1.52437 0.904162 0.774108 0.718552 0.615876 0.421317 0.0561956
threshold=-0.3885499999999999 0.27555000000000002 0.17155000000000004 0.22315000000000004 0.019600000000000003 4.5000000000000009 -52.09964943820227 10.237249438202356 -0.32039999999999996 0.43275000000000002 0.22055000000000002 -0.85197977528089808 14.504220224719107 -0.0034499999999999995 43.358350561797756 0.1867 0.11255000000000003
decision_type=2 2 2 2 2 2 2 2 2 2 2 2 2 2 2 2 2
left_child=1 12 -3 6 5 -5 15 -8 13 10 11 -4 -1 -9 -10 -2 -14
right_child=3 2 9 4 -6 -7 7 8 14 -11 -12 -13 16 -15 -16 -17 -18
leaf_value=0.00027384446852968719 0.00027384446852968719 0.013673093921758911 0.0038172680845145277 -0.0076293035161126618 -0.002047782025265297 -0.023434036391738213 0.00027384446852968719 -0.0008869687783678048 -0.002047782025265297 0.0022885710152492208 0.0038172680845145277 0.0081912800720878656 0.00027384446852968719 0.00027384446852968719 -0.0008869687783678048 -0.002047782025265297 0.0022885710152492208
leaf_weight=396 38 33 33 45 142 38 873 133 405 69 48 44 31 191 113 106 83
leaf_count=396 38 33 33 45 142 38 873 133 405 69 48 44 31 191 113 106 83
internal_value=0 0.00110909 0.0043033 -0.000561406 -0.0039435 -0.0132108 -0.000152061 0.000158093 -0.00126516 0.00270947 0.00534597 0.00819128 0.000273844 0.000273844 -0.00204778 -0.00204778 0.00228857
internal_weight=0 737 227 2084 225 83 1859 1715 842 194 125 77 510 324 518 144 114
internal_count=2821 737 227 2084 225 83 1859 1715 842 194 125 77 510 324 518 144 114
is_linear=0
shrinkage=0.03


Tree=258
num_leaves=17
num_cat=0
split_feature=17 0 8 17 7 4 3 15 3 4 14 12 4 3 12 3
split_gain=1.95276 2.34883 1.92787 3.28767 2.12426 3.19734 10.6184 1.76679 1.45089 3.06797 1.24503 0.709657 1.25842 0.614324 0.354144 0.266423
threshold=0.05910561797752812 0.74755000000000005 0.17485000000000003 0.044445505617977561 -0.3885499999999999 0.22315000000000004 0.11310000000000002 -3.1038719101123493 0.036800000000000006 0.024100000000000003 0.4226764044943821 -0.88332752808988768 0.37785000000000007 0.04735000000000001 1.0987595505618002 0.30785000000000007
decision_type=2 2 2 2 2 2 2 2 2 2 2 2 2 2 2 2
left_child=2 -2 3 10 -4 8 7 -7 9 -6 11 12 -1 -12 -13 -10
right_child=1 -3 4 -5 5 6 -8 -9 15 -11 13 14 -14 -15 -16 -17
leaf_value=0.0047116801638117769 -0.011411370106041431 0.00027304699004162099 0.00043457505926301917 0.009283412203870035 -0.00026628615301522144 -0.020500751253097287 -0.0026371525263049938 -0.010526831149208275 -0.00026628615301522144 -0.0026371525263049938 0.0075217995995824983 0.00043457505926301917 0.00043457505926301917 0.0020800873590633272 0.0028411915459008396 -0.0026371525263049938
leaf_weight=97 30 32 220 44 595 31 119 33 631 370 33 377 31 43 95 40
leaf_count=97 30 32 220 44 595 31 119 33 631 370 33 377 31 43 95 40
internal_value=0 -0.0053807 2.93253e-06 0.00133746 -0.000468307 -0.000967147 -0.00472782 -0.0153579 -0.000546485 -0.00148541 0.000820265 0.000434575 0.00267397 0.00444294 0.000434575 -0.000266286
internal_weight=0 62 2759 720 2039 1819 183 64 1636 965 676 600 128 76 472 671
internal_count=2821 62 2759 720 2039 1819 183 64 1636 965 676 600 128 76 472 671
is_linear=0
shrinkage=0.03


Tree=259
num_leaves=14
num_cat=0
split_feature=1 7 5 3 7 4 8 3 8 8 1 15 13
split_gain=1.94946 1.21677 9.94003 2.1907 2.49284 1.66427 2.26177 1.68158 2.20176 1.29573 1.11039 0.631361 0.430769
threshold=0.00035000000000000005 -0.3098999999999999 0.29340000000000005 0.040500000000000008 -0.28649999999999992 0.22315000000000004 0.17075000000000004 0.071700000000000014 0.19685000000000002 0.20425000000000001 0.034700000000000009 6.3787910112359567 -0.38244719101123609
decision_type=2 2 2 2 2 2 2 2 2 2 2 2 2
left_child=-1 5 3 9 12 6 -2 10 -9 -3 -8 -7 -5
right_child=1 2 -4 4 -6 11 7 8 -10 -11 -12 -13 -14
leaf_value=0.0072608690542256228 0.0035373726174056804 -0.0004399196957133721 -0.013474229846827007 -0.0004399196957133721 -0.0069570747712701898 -0.0004399196957133721 0.0020267363736665945 0.0020267363736665945 0.00026518311348022679 -0.0069570747712701898 0.00026518311348022679 0.00026518311348022679 -0.0037775911011333979
leaf_weight=32 109 689 55 34 30 494 30 252 142 33 661 230 30
leaf_count=32 109 689 55 34 30 494 30 252 142 33 661 230 30
internal_value=0 -0.000186124 -0.00111598 -0.00043992 -0.00504302 0.000236142 0.000970286 0.0005161 0.00202674 -0.00043992 0.000265183 -0.00043992 -0.000598107
internal_weight=0 2789 871 816 94 1918 1194 1085 394 722 691 724 64
internal_count=2821 2789 871 816 94 1918 1194 1085 394 722 691 724 64
is_linear=0
shrinkage=0.03


Tree=260
num_leaves=16
num_cat=0
split_feature=1 17 3 3 3 3 18 14 1 6 3 13 7 14 7
split_gain=1.32649 1.49884 1.90981 3.61614 3.02702 2.89553 2.27196 2.29918 1.9521 1.0971 1.05024 1.13385 0.985252 0.286222 0.00914086
threshold=0.0007000000000000001 0.05910561797752812 0.22055000000000002 0.12705000000000002 0.11965000000000002 0.31860000000000005 4.5000000000000009 0.018131460674157333 0.076250000000000012 0.035150000000000008 0.37115000000000004 -0.34124044943820303 -0.35819999999999991 -0.12195393258426963 -0.32839999999999997
decision_type=2 2 2 2 2 2 2 2 2 2 2 2 2 2 2
left_child=-1 2 3 4 8 6 9 -8 -2 -4 13 -12 -5 -7 -14
right_child=1 -3 5 12 -6 10 7 -9 -10 -11 11 -13 14 -15 -16
leaf_value=0.0050896321064995038 0.0011007798281959353 -0.0050434491431938025 -0.0051425519151809184 0.0025214706037474093 -0.0077919200460116059 -0.00064771058330578455 -0.0044061181669973809 -0.014033891120078889 -0.0007607095112680736 0.0013513552498255596 -0.0047317286741665812 0.002447325635390977 -0.00053030565042387352 0.0025214706037474093 -0.0011259293503826484
leaf_weight=46 919 53 38 166 45 35 69 33 1131 61 44 36 33 44 78
leaf_count=46 919 53 38 166 45 35 69 33 1131 61 44 36 33 44 78
internal_value=0 -4.66909e-05 5.02447e-05 0.000359253 -9.51705e-05 -0.00198577 -0.00437873 -0.00752099 7.37825e-05 -0.00114126 0.00103928 -0.00150115 0.00252147 0.00252147 -0.000948852
internal_weight=0 2785 2732 2372 2095 360 201 102 2050 99 159 80 277 79 111
internal_count=2831 2785 2732 2372 2095 360 201 102 2050 99 159 80 277 79 111
is_linear=0
shrinkage=0.03


Tree=261
num_leaves=18
num_cat=0
split_feature=4 3 3 3 12 6 16 8 3 6 17 13 3 18 0 15 6
split_gain=1.18802 5.10161 1.81589 19.1606 2.38283 2.37206 8.63384 2.67128 2.61813 2.59436 2.25861 1.75048 1.26715 0.956051 0.447729 0.261781 0.144724
threshold=0.0087500000000000026 0.0055500000000000002 0.012550000000000002 0.010600000000000002 -0.19338202247190669 -0.016649999999999998 -40.50575056179769 0.17830000000000004 0.037750000000000006 0.023600000000000006 -0.014058426966292127 1.5700202247191017 0.11370000000000001 4.5000000000000009 0.7793000000000001 -10.092958988764044 -0.056649999999999992
decision_type=2 2 2 2 2 2 2 2 2 2 2 2 2 2 2 2 2
left_child=1 -1 3 11 -5 6 -4 -8 -7 -10 -9 16 -11 15 -15 -13 -2
right_child=2 -3 5 4 -6 8 7 10 9 12 -12 13 -14 14 -16 -17 -18
leaf_value=0.0010235293299910091 -0.0023971005273051558 0.01132437745038339 -0.017454483371227979 -0.022795407577232842 -0.011448620523636538 0.0010235293299910091 -0.00072367652408952127 -0.011238576253486234 -0.00072367652408952127 0.0010235293299910091 -0.0034068048869614243 0.0010235293299910091 0.0001409451732554415 -0.0065688685786265593 -0.0024399268505658255 -0.0014190436928998677 0.0010235293299910091
leaf_weight=171 32 46 30 31 36 373 192 43 524 281 41 41 570 39 60 50 271
leaf_count=171 32 46 30 31 36 373 192 43 524 281 41 41 570 39 60 50 271
internal_value=0 0.00217855 -0.000131491 -0.00164582 -0.0166986 0.000281373 -0.00215528 -0.000723677 0.000707926 -0.000333052 -0.00608993 0.000399898 0.00100557 -0.00202621 -0.00406648 0.000193429 0.00102353
internal_weight=0 217 2614 560 67 2054 306 276 1748 1375 84 493 851 190 99 91 303
internal_count=2831 217 2614 560 67 2054 306 276 1748 1375 84 493 851 190 99 91 303
is_linear=0
shrinkage=0.03


Tree=262
num_leaves=16
num_cat=0
split_feature=1 17 3 3 3 3 18 14 7 6 3 13 7 14 7
split_gain=1.22811 1.40918 1.80373 3.49038 2.84596 2.78571 2.13719 2.16361 1.82226 1.03115 0.995939 1.06902 0.861818 0.255095 0.00887186
threshold=0.0007000000000000001 0.05910561797752812 0.22055000000000002 0.12705000000000002 0.11965000000000002 0.31860000000000005 4.5000000000000009 0.018131460674157333 -0.42724999999999996 0.035150000000000008 0.37115000000000004 -0.34124044943820303 -0.35819999999999991 -0.12195393258426963 -0.32839999999999997
decision_type=2 2 2 2 2 2 2 2 2 2 2 2 2 2 2
left_child=-1 2 3 4 8 6 9 -8 -2 -4 13 -12 -5 -7 -14
right_child=1 -3 5 12 -6 10 7 -9 -10 -11 11 -13 14 -15 -16
leaf_value=0.004924080709359892 0.0024529886276947696 -0.0048631055378970103 -0.0049890907422645561 0.0024529886276947696 -0.0075364521536976092 -0.00062139102337615821 -0.0042759073521617961 -0.013615530871532179 -0.00015873536524773531 0.0013065860851011316 -0.0045615995586426421 0.0024091898153225581 -0.00050526249137791712 0.0024529886276947696 -0.001092056588565286
leaf_weight=46 132 53 38 166 45 35 69 33 1918 61 44 36 33 44 78
leaf_count=46 132 53 38 166 45 35 69 33 1918 61 44 36 33 44 78
internal_value=0 -1.81035e-05 7.58882e-05 0.000376192 -7.34326e-05 -0.00190278 -0.00424992 -0.00729755 9.03898e-05 -0.00110994 0.00106436 -0.00142474 0.00245299 0.00245299 -0.000917604
internal_weight=0 2785 2732 2372 2095 360 201 102 2050 99 159 80 277 79 111
internal_count=2831 2785 2732 2372 2095 360 201 102 2050 99 159 80 277 79 111
is_linear=0
shrinkage=0.03


Tree=263
num_leaves=18
num_cat=0
split_feature=4 3 3 3 7 3 6 12 3 13 16 3 13 3 15 15 6
split_gain=1.05401 4.82188 1.72687 18.0729 3.05572 7.16741 3.48637 2.24015 2.09217 1.65606 0.916257 0.758547 0.692775 0.62385 0.359004 0.278692 0.117669
threshold=0.0087500000000000026 0.0055500000000000002 0.012550000000000002 0.010600000000000002 -0.29124999999999995 0.040500000000000008 -0.014399999999999998 -0.19338202247190669 0.075750000000000012 1.5700202247191017 31.104215730336993 0.046200000000000012 2.8250528089887639 0.31860000000000005 -10.055393258426964 6.3787910112359567 -0.056649999999999992
decision_type=2 2 2 2 2 2 2 2 2 2 2 2 2 2 2 2 2
left_child=1 -1 3 9 6 15 11 -5 -8 16 14 -4 -12 -10 -11 -6 -2
right_child=2 -3 4 7 5 -7 8 -9 13 10 12 -13 -14 -15 -16 -17 -18
leaf_value=0.0009931797501951218 -0.0023473588947672398 0.010989408107555429 -0.0013672552850797453 -0.022102230926675182 -0.0013672552850797453 -0.015514349858276546 0.0009931797501951218 -0.011100399910161892 -0.00018703776744231177 0.0009931797501951218 -0.0076306809910706109 -0.00018703776744231177 -0.001816789972810791 0.0009931797501951218 -0.0017202438946613775 -0.0042516182399476351 0.0009931797501951218
leaf_weight=171 32 46 168 31 100 36 498 36 920 46 35 122 39 164 70 46 271
leaf_count=171 32 46 168 31 100 36 498 36 920 46 35 122 39 164 70 46 271
internal_value=0 0.00208111 -9.47512e-05 -0.00157149 0.000307865 -0.00340317 0.000668661 -0.0161908 0.00099318 0.000415311 -0.00195825 -0.00136726 -0.0045666 -0.000187038 -0.000294303 -0.00136726 0.00099318
internal_weight=0 217 2614 560 2054 182 1872 67 1582 493 190 290 74 1084 116 146 303
internal_count=2831 217 2614 560 2054 182 1872 67 1582 493 190 290 74 1084 116 146 303
is_linear=0
shrinkage=0.03


Tree=264
num_leaves=16
num_cat=0
split_feature=1 17 3 3 3 3 18 14 1 6 3 13 7 14 7
split_gain=1.13428 1.33442 1.73013 3.3487 2.68965 2.62605 2.01088 2.03574 1.74955 0.970206 0.958667 1.00622 0.742662 0.239801 0.00834753
threshold=0.0007000000000000001 0.05910561797752812 0.22055000000000002 0.12705000000000002 0.11965000000000002 0.31860000000000005 4.5000000000000009 0.018131460674157333 0.076250000000000012 0.035150000000000008 0.37115000000000004 -0.34124044943820303 -0.35819999999999991 -0.12195393258426963 -0.32839999999999997
decision_type=2 2 2 2 2 2 2 2 2 2 2 2 2 2 2
left_child=-1 2 3 4 8 6 9 -8 -2 -4 13 -12 -5 -7 -14
right_child=1 -3 5 12 -6 10 7 -9 -10 -11 11 -13 14 -15 -16
leaf_value=0.004758108520030003 0.0010819464179236743 -0.0047062569322451108 -0.0048338068613635468 0.0023832962664782705 -0.0073047476861005023 -0.00063254481154893132 -0.0041420189956324575 -0.013201453840487045 -0.00068032207776450471 0.0012729996671808548 -0.0044489140283655035 0.0023140034529690939 -0.00048449342223730953 0.0023832962664782705 -0.0010536837282304008
leaf_weight=46 919 53 38 166 45 35 69 33 1131 61 44 36 33 44 78
leaf_count=46 919 53 38 166 45 35 69 33 1131 61 44 36 33 44 78
internal_value=0 8.48401e-06 9.99486e-05 0.000394061 -4.957e-05 -0.00183793 -0.00411681 -0.00707301 0.00010969 -0.00107103 0.00104292 -0.0014056 0.0023833 0.0023833 -0.000884465
internal_weight=0 2785 2732 2372 2095 360 201 102 2050 99 159 80 277 79 111
internal_count=2831 2785 2732 2372 2095 360 201 102 2050 99 159 80 277 79 111
is_linear=0
shrinkage=0.03


Tree=265
num_leaves=17
num_cat=0
split_feature=17 17 3 4 4 7 0 8 13 12 7 7 3 13 8 3
split_gain=6.7397 4.0845 6.76293 6.88338 1.4364 2.27219 6.22309 2.05104 1.82108 5.27379 6.76919 1.13931 1.87548 0.965742 0.379867 0.146296
threshold=0.05910561797752812 0.046605617977528137 0.016050000000000005 0.13030000000000003 0.22315000000000004 -0.32039999999999996 0.78890000000000005 0.16510000000000002 -1.4773426966292147 -0.77568426966292126 -0.42464999999999992 -0.35874999999999996 0.1082 -0.16197977528089777 0.19835000000000003 0.078850000000000017
decision_type=2 2 2 2 2 2 2 2 2 2 2 2 2 2 2 2
left_child=1 4 -3 -4 5 6 7 -1 9 -6 -11 15 -13 14 -7 -10
right_child=-2 2 3 -5 8 13 -8 -9 11 10 -12 12 -14 -15 -16 -17
leaf_value=0.0063499641313404442 -0.010213188411475255 -0.0043125665285017175 0.017341096632555127 0.0010715821929360655 -0.0005008256092203147 0.00044409842967815561 0.011900324605521744 0.00044409842967815561 -0.0024053970913636177 -0.0005008256092203147 -0.015427213320037544 -0.009867886079741376 -0.0024053970913636177 -0.0005008256092203147 -0.0005008256092203147 -0.0005008256092203147
leaf_weight=49 58 46 50 44 108 386 48 807 51 47 58 35 37 460 175 387
leaf_count=49 58 46 50 44 108 386 48 807 51 47 58 35 37 460 175 387
internal_value=0 0.000119153 0.00511305 0.00972558 -0.000144875 0.000283332 0.00138902 0.000799604 -0.00128498 -0.00362843 -0.00856601 -0.000500826 -0.00430997 -0.000500826 0.000444098 -0.000500826
internal_weight=0 2788 140 94 2648 1925 904 856 723 213 105 510 72 1021 561 438
internal_count=2846 2788 140 94 2648 1925 904 856 723 213 105 510 72 1021 561 438
is_linear=0
shrinkage=0.03


Tree=266
num_leaves=19
num_cat=0
split_feature=17 17 3 4 4 13 12 8 3 3 1 3 4 16 3 2 4 3
split_gain=6.34473 3.83891 6.36324 6.47657 1.27876 1.71569 4.99732 2.8205 1.45157 6.21302 1.5634 9.29818 1.16231 1.0581 0.972498 0.866191 1.41288 0.0286388
threshold=0.05910561797752812 0.046605617977528137 0.016050000000000005 0.13030000000000003 0.22315000000000004 -1.4773426966292147 -0.77568426966292126 0.17770000000000002 0.071700000000000014 0.11230000000000001 0.033250000000000009 0.019650000000000004 0.015200000000000002 -23.769555056179737 0.080850000000000019 0.00015000000000000004 0.31385000000000002 0.10560000000000001
decision_type=2 2 2 2 2 2 2 2 2 2 2 2 2 2 2 2 2 2
left_child=1 4 -3 -4 8 6 -6 -8 10 14 11 -1 -12 -11 -10 17 -17 -7
right_child=-2 2 3 -5 5 15 7 -9 9 13 12 -13 -14 -15 -16 16 -18 -19
leaf_value=0.00054575967545438854 -0.0099067926695891491 -0.0041831899045602135 0.016820863640494645 0.0010394343821628189 -0.00047359880873064537 -0.0020098177722414571 -0.0050482403448693551 -0.01573000237578526 0.011636953131528571 0.0034869680778501786 0.00054575967545438854 0.011808644052463299 -0.00047359880873064537 -0.00047359880873064537 0.0054981999311906598 -0.0020098177722414571 -0.007183510992549021 -0.00047359880873064537
leaf_weight=301 58 46 50 44 108 90 73 32 48 64 229 69 893 276 45 30 55 335
leaf_count=301 58 46 50 44 108 90 73 32 48 64 229 69 893 276 45 30 55 335
internal_value=0 0.00011822 0.00495965 0.00943381 -0.000137747 -0.00121348 -0.00349147 -0.00830363 0.00026628 0.00179548 -0.000177516 0.00156512 -0.000473599 -8.39674e-05 0.00866659 -0.000473599 -0.00354604 -0.000473599
internal_weight=0 2788 140 94 2648 723 213 105 1925 433 1492 370 1122 340 93 510 85 425
internal_count=2846 2788 140 94 2648 723 213 105 1925 433 1492 370 1122 340 93 510 85 425
is_linear=0
shrinkage=0.03


Tree=267
num_leaves=12
num_cat=0
split_feature=17 17 7 1 14 16 16 16 0 13 1
split_gain=5.96677 3.61578 6.65654 3.65826 1.17833 2.79652 1.7549 2.07773 1.20454 0.894407 1.07433
threshold=0.05910561797752812 0.046605617977528137 -0.34549999999999997 0.076250000000000012 0.63245730337078687 45.096850561797744 43.358350561797756 31.104215730336993 0.45270000000000005 5.2250528089887647 0.20860000000000004
decision_type=2 2 2 2 2 2 2 2 2 2 2
left_child=1 4 -3 -4 5 6 7 -1 -8 10 -6
right_child=-2 2 3 -5 9 -7 8 -9 -10 -11 -12
leaf_value=-2.8001151477218991e-05 -0.0096095891653335298 0.012588983510444261 0.0041222068945913071 -0.0090331592895090563 0.0076602099041144052 -0.0093742814492434254 -0.0015577727614436297 -0.0028737396029683555 0.0052600931989158998 -0.0011854071109829579 0.00053373703225092454
leaf_weight=2129 58 58 52 30 45 30 32 259 86 34 33
leaf_count=2129 58 58 52 30 45 30 32 259 86 34 33
internal_value=0 0.000112237 0.00481086 -0.000690732 -0.000136179 -0.000269173 -0.000160173 -0.000336647 0.00341118 0.00287517 0.00464516
internal_weight=0 2788 140 82 2648 2536 2506 2388 118 112 78
internal_count=2846 2788 140 82 2648 2536 2506 2388 118 112 78
is_linear=0
shrinkage=0.03


Tree=268
num_leaves=14
num_cat=0
split_feature=17 12 7 13 7 0 12 15 15 3 8 15 3
split_gain=5.61413 3.48702 9.34286 1.22542 2.33678 8.83705 2.06347 1.71041 1.52593 1.78214 1.20659 1.72668 1.19047
threshold=0.05910561797752812 -2.0460101123595478 -0.34549999999999997 1.7265202247191029 -0.32039999999999996 0.7793000000000001 0.85598988764045292 -8.6613668539325825 -20.411350561797729 0.021000000000000001 0.15335000000000001 1.0000000180025095e-35 0.04735000000000001
decision_type=2 2 2 2 2 2 2 2 2 2 2 2 2
left_child=1 2 -1 6 5 7 10 -5 -6 -10 12 -12 -3
right_child=-2 3 -4 4 8 -7 -8 -9 9 -11 11 -13 -14
leaf_value=0.015716572482223537 -0.0093213008267098441 0.0062853323415883126 -0.0040649341525776043 0.00096137522659627342 -0.0074051887728273863 0.015607682730769738 0.0063204421212251947 -0.0012179843513174284 -0.0012179843513174284 -0.0050506365029370321 0.0012735150233697862 -0.00083640484384096478 0.0015935925918219957
leaf_weight=44 58 62 42 385 53 32 52 256 232 122 583 870 55
leaf_count=44 58 62 42 385 53 32 52 256 232 122 583 870 55
internal_value=0 0.00010887 0.00605584 -8.04114e-05 -0.000863363 0.000221833 0.000440912 -0.000546259 -0.0026578 -0.00194703 0.000246176 1.01769e-05 0.00317701
internal_weight=0 2788 86 2702 1080 673 1622 641 407 354 1570 1453 117
internal_count=2846 2788 86 2702 1080 673 1622 641 407 354 1570 1453 117
is_linear=0
shrinkage=0.03


Tree=269
num_leaves=16
num_cat=0
split_feature=17 12 3 13 13 12 12 8 16 15 15 3 8 15 3
split_gain=5.27855 3.28467 5.70209 1.15952 2.03161 1.94284 1.71545 2.33759 1.42115 1.14137 2.46079 2.16653 1.11535 1.62463 1.13401
threshold=0.05910561797752812 -2.0460101123595478 0.018650000000000003 1.7265202247191029 2.8921573033707877 0.85598988764045292 2.0298039325842727 0.19550000000000003 30.253665168539332 -8.6613668539325825 -7.8332089887640439 0.011100000000000002 0.15335000000000001 1.0000000180025095e-35 0.04735000000000001
decision_type=2 2 2 2 2 2 2 2 2 2 2 2 2 2 2
left_child=1 2 -1 5 9 12 8 -8 -6 11 -11 -5 14 -14 -3
right_child=-2 3 -4 4 6 -7 7 -9 -10 10 -12 -13 13 -15 -16
leaf_value=-0.0036790920837837106 -0.009041662243644482 0.0060967722646291219 0.012120520551330767 -0.0046574379244888634 0.0007207110566063063 0.0061308287905278399 8.5276636744896733e-05 -0.0091718560225901094 0.0053537879452964857 -0.0054243499966773407 0.00020605408258950419 0.00065426885969294547 0.0012353095726196305 -0.0008113127057801868 0.0015322427044819193
leaf_weight=34 58 62 52 94 194 52 118 31 86 183 113 261 583 870 55
leaf_count=34 58 62 52 94 194 52 118 31 86 183 113 261 583 870 55
internal_value=0 0.000102326 0.00587416 -8.13811e-05 -0.000842989 0.000425731 0.000759857 -0.0018407 0.00214373 -0.00189924 -0.00327491 -0.000752211 0.000236773 9.87159e-06 0.00305461
internal_weight=0 2788 86 2702 1080 1622 429 149 280 651 296 355 1570 1453 117
internal_count=2846 2788 86 2702 1080 1622 429 149 280 651 296 355 1570 1453 117
is_linear=0
shrinkage=0.03


Tree=270
num_leaves=24
num_cat=0
split_feature=4 12 7 0 3 3 7 3 3 13 13 15 16 15 12 3 13 3 15 3 2 5 16
split_gain=1.64853 1.61144 5.13677 4.53493 2.535 3.96151 3.89393 3.56052 1.81476 1.27289 1.29263 2.20278 1.63718 1.26291 1.20602 1.67587 1.61967 1.44554 1.18395 1.38597 1.1621 0.545896 0.374202
threshold=0.68835000000000013 -1.5966842696629227 -0.3885499999999999 0.11895000000000001 0.045700000000000011 0.015200000000000002 -0.35244999999999999 0.0070500000000000007 0.088700000000000015 2.8921573033707877 2.2316573033707869 0.032698876404494655 -24.753139325842763 -7.1730247191011234 2.0298039325842727 0.014400000000000001 4.0547595505617968 0.021000000000000001 -8.6613668539325825 0.011100000000000002 1.0000000180025095e-35 0.23090000000000002 29.666444943820185
decision_type=2 2 2 2 2 2 2 2 2 2 2 2 2 2 2 2 2 2 2 2 2 2 2
left_child=1 2 3 -1 5 7 -6 -4 -5 10 11 13 -13 -3 15 22 17 -16 19 -12 -17 -20 -11
right_child=-2 9 4 8 6 -7 -8 -9 -10 14 18 12 -14 -15 16 20 -18 -19 21 -21 -22 -23 -24
leaf_value=0.0039050736262339633 -0.0067081074908492151 -0.00069610363219688187 0.0032422131947355297 0.0086055871441610369 0.0039050736262339633 0.0039050736262339633 -0.0032840889621882016 -0.0032840889621882016 0.018180268652398475 -0.003058950885065964 -0.0032840889621882016 -0.0032840889621882016 -0.00055557704965526614 0.0016555112931376493 0.0070728516363305965 0.0056636531011006516 -0.0032840889621882016 -0.0013480234289336083 0.0013499920620233751 0.00036402427976889935 0.00063837864543082282 -0.0032840889621882016 0.00099545078189112231
leaf_weight=38 32 314 82 30 58 82 83 48 33 42 94 132 414 595 32 129 70 43 32 244 61 99 40
leaf_count=38 32 314 82 30 58 82 83 48 33 42 94 132 414 595 32 129 70 43 32 244 61 99 40
internal_value=0 0.00013993 0.00177566 0.00774141 6.87407e-05 0.00214205 -0.00304858 -0.00179534 0.0133061 -0.000177294 -0.000502966 -6.14863e-05 -0.00156761 0.000843182 0.00132533 0.00250329 -0.000884357 0.00224488 -0.00187259 -0.000851594 0.00405028 -0.00328409 -0.00108119
internal_weight=0 2795 454 101 353 212 141 130 63 2341 1924 1455 546 909 417 272 145 75 469 338 190 131 82
internal_count=2827 2795 454 101 353 212 141 130 63 2341 1924 1455 546 909 417 272 145 75 469 338 190 131 82
is_linear=0
shrinkage=0.03


Tree=271
num_leaves=15
num_cat=0
split_feature=17 4 17 14 17 17 8 15 13 1 13 12 13 14
split_gain=1.9302 1.49761 0.9802 1.76733 2.74675 1.23158 1.05257 1.40992 1.10814 0.988613 0.875496 1.67349 1.27791 0.815572
threshold=0.05910561797752812 0.68835000000000013 -0.0013202247191011205 -0.15232359550561794 -0.012824157303370802 0.0011758426966292093 0.19835000000000003 29.104062359550564 -1.3783426966292127 0.043150000000000001 -0.38244719101123609 -0.053882022471908535 2.8921573033707877 0.40500112359550566
decision_type=2 2 2 2 2 2 2 2 2 2 2 2 2 2
left_child=1 2 3 4 9 13 8 -8 -7 -1 11 -5 -12 -4
right_child=-2 -3 5 10 -6 6 7 -9 -10 -11 12 -13 -14 -15
leaf_value=0.0027598497591150755 0.0060764448677605772 -0.0065068642271216958 0.0072406202335841951 -4.7649089760585301e-05 -0.0032430192793871785 0.001875382573338973 -0.00013824730758770946 -0.0032430192793871785 -0.00013824730758770946 -0.0010444043102838536 -0.0015513287603668867 0.0045847576398567822 0.0010519431906868704 0.0013531935513019561
leaf_weight=88 47 32 40 204 200 481 253 39 402 204 375 107 310 45
leaf_count=88 47 32 40 204 200 481 253 39 402 204 375 107 310 45
internal_value=0 -5.43132e-05 2.08257e-05 -0.000500554 -0.0019716 0.00063655 0.000384285 -0.00117712 0.000900628 0.000102083 0.000226107 0.00154614 -0.000373206 0.00412375
internal_weight=0 2780 2748 1488 492 1260 1175 292 883 292 996 311 685 85
internal_count=2827 2780 2748 1488 492 1260 1175 292 883 292 996 311 685 85
is_linear=0
shrinkage=0.03


Tree=272
num_leaves=20
num_cat=0
split_feature=17 3 3 3 7 0 2 16 4 7 0 14 14 1 14 14 13 17 16
split_gain=1.81998 1.4736 3.1797 5.05207 3.05763 2.72413 2.52455 2.46677 2.39581 2.85598 1.61103 2.48717 1.89245 0.948754 0.787275 0.401152 0.380839 0.0796281 0.0649543
threshold=0.05910561797752812 0.22055000000000002 0.13455000000000003 0.12005000000000002 -0.35874999999999996 0.34820000000000007 0.0018500000000000003 1.0000000180025095e-35 0.53545000000000009 -0.42724999999999996 0.13570000000000002 0.058131460674157316 1.0000000180025095e-35 0.052700000000000004 -0.12032359550561793 0.3460865168539326 2.0946573033707865 -0.0013202247191011205 8.8318606741572143
decision_type=2 2 2 2 2 2 2 2 2 2 2 2 2 2 2 2 2 2 2
left_child=1 2 3 8 5 18 10 -7 9 -1 11 16 17 14 -6 -14 -3 -12 -4
right_child=-2 6 4 -5 13 7 -8 -9 -10 -11 12 -13 15 -15 -16 -17 -18 -19 -20
leaf_value=0.0046135754859525221 0.0058941515376593201 -0.00073840257664588294 0.0031169483089019041 -0.011816145413639869 0.0031169483089019041 0.017455740855075421 -0.0086493014704522708 0.0071265368384458485 -0.0080064464250410149 -0.00013583925885172986 -0.00073840257664588294 -0.0047858911553893919 0.0077509305068815589 -0.0046635276433681285 -0.0013511039877823572 0.0029625356810227513 -0.0044960943968035284 0.00080331160230034916 0.0045151287842064014
leaf_weight=121 47 98 41 33 43 30 43 31 33 1956 35 52 32 31 49 31 30 53 38
leaf_count=121 47 98 41 33 43 30 43 31 33 1956 35 52 32 31 49 31 30 53 38
internal_value=0 -5.89938e-05 0.000213324 -0.000168738 0.00332647 0.00635844 -0.00181086 0.0111361 1.34257e-05 0.000140848 -0.000922481 -0.00283943 0.00136263 -0.000124545 0.0014049 0.00539474 -0.000738403 -0.000738403 0.00311695
internal_weight=0 2780 2406 2143 263 140 374 61 2110 2077 331 180 151 123 92 63 128 88 79
internal_count=2827 2780 2406 2143 263 140 374 61 2110 2077 331 180 151 123 92 63 128 88 79
is_linear=0
shrinkage=0.03


Tree=273
num_leaves=19
num_cat=0
split_feature=17 3 3 3 7 0 2 18 16 3 3 3 16 16 3 0 17 12
split_gain=1.71433 1.40829 2.97322 4.7535 2.83323 2.56215 2.36354 2.63973 2.34081 2.08623 4.01105 1.35086 1.63864 0.735307 0.663952 0.583833 0.423576 0.149706
threshold=0.05910561797752812 0.22055000000000002 0.13455000000000003 0.12005000000000002 -0.35874999999999996 0.34820000000000007 0.0018500000000000003 4.5000000000000009 1.0000000180025095e-35 0.11865000000000002 0.11275000000000002 0.31860000000000005 -4.3259191011236444 -22.692750561797705 0.26200000000000007 0.21825000000000003 0.0062775280898876304 -0.053882022471908535
decision_type=2 2 2 2 2 2 2 2 2 2 2 2 2 2 2 2 2 2
left_child=1 2 3 9 5 17 7 14 -7 10 -1 -9 -13 -6 -3 -16 -15 -4
right_child=-2 6 4 -5 13 8 -8 11 -10 -11 -12 12 -14 16 15 -17 -18 -19
leaf_value=0.00020227989853445944 0.0057173268512842506 -0.0024992076214984987 0.0030144541048088259 -0.011461661194175989 0.0030144541048088259 0.016932068666443228 -0.0083898223900820967 -0.0046516419898970538 0.0068921926797822957 0.0062627601937608832 -0.0054057094208193853 0.0049799946574494236 -0.0040322008834260958 0.00023234140779823065 0.0008394362969027662 0.004677211591450031 -0.003969613116933033 0.004828438045831559
leaf_weight=1941 47 30 33 33 35 30 43 77 31 47 122 30 46 50 88 60 38 46
leaf_count=1941 47 30 33 33 35 30 43 77 31 47 122 30 46 50 88 60 38 46
internal_value=0 -6.04418e-05 0.000205773 -0.000163675 0.00321615 0.00613473 -0.00177304 -0.000913462 0.0107699 1.3023e-05 -0.000129361 -0.00380315 -0.000474755 -0.000105827 0.00157038 0.00239529 -0.00158214 0.00301445
internal_weight=0 2780 2406 2143 263 140 374 331 61 2110 2063 153 76 123 178 148 88 79
internal_count=2827 2780 2406 2143 263 140 374 331 61 2110 2063 153 76 123 178 148 88 79
is_linear=0
shrinkage=0.03


Tree=274
num_leaves=21
num_cat=0
split_feature=17 1 3 3 3 7 18 3 1 4 7 2 4 17 13 4 14 17 13 14
split_gain=1.63562 7.22559 1.48353 2.55912 4.46506 2.89826 2.55335 2.81196 2.95038 2.20351 2.6623 2.15612 2.1097 1.18479 0.734929 0.715855 1.5747 0.622053 0.964026 0.603762
threshold=0.055605617977528117 0.019500000000000003 0.22055000000000002 0.13455000000000003 0.12005000000000002 -0.35874999999999996 4.5000000000000009 0.31860000000000005 0.04080000000000001 0.53545000000000009 -0.42724999999999996 0.00015000000000000004 0.29375000000000001 -0.0048241573033707954 -3.8334797752808982 0.31435000000000007 0.048586516853932622 0.014679775280898895 2.0710887640449429 -0.12995393258426963
decision_type=2 2 2 2 2 2 2 2 2 2 2 2 2 2 2 2 2 2 2 2
left_child=2 -2 3 4 9 12 11 8 -8 10 -1 15 -5 -9 -3 -4 -17 18 -7 -14
right_child=1 14 6 5 -6 17 7 13 -10 -11 -12 -13 19 -15 -16 16 -18 -19 -20 -21
leaf_value=0.0044450581995558666 0.016061209661420436 0.0013621144977514631 0.0044421123017573021 0.011175634010654427 -0.011117811019278384 0.0026974064325910171 -0.003545524303594397 -0.0033578111181656518 -0.01437413797642176 -0.0076856526326049461 -0.0001427768369371315 -0.0068661249009329042 0.0026974064325910171 0.0043388983297627413 -0.0051191301884189726 0.0023890348353651563 -0.0025646220421520383 -0.0040698256752511952 -0.0024144869242710147 0.006074364258606425
leaf_weight=121 30 32 58 46 33 39 54 45 39 33 1923 31 43 30 31 75 37 32 44 51
leaf_count=121 30 32 58 46 33 39 54 45 39 33 1923 31 43 30 31 75 37 32 44 51
internal_value=0 0.00394334 -0.000102269 0.000173768 -0.0001693 0.00301248 -0.00187145 -0.0046011 -0.00808656 4.65366e-06 0.000128812 0.000410049 0.00591119 -0.000279127 -0.00182707 0.00173688 0.000335957 -0.000516378 0.000853626 0.00333497
internal_weight=0 93 2734 2365 2110 255 369 168 93 2077 2044 201 140 75 63 170 112 115 83 94
internal_count=2827 93 2734 2365 2110 255 369 168 93 2077 2044 201 140 75 63 170 112 115 83 94
is_linear=0
shrinkage=0.03


Tree=275
num_leaves=22
num_cat=0
split_feature=3 12 3 3 3 1 7 12 7 3 3 2 7 1 8 7 3 5 3 12 15
split_gain=1.55771 5.20969 4.03872 3.8295 6.01396 6.78798 4.2753 3.48773 2.92456 1.99643 1.55448 1.91749 1.67959 1.52847 7.5894 5.84469 12.332 4.57042 2.98267 1.25001 1.22695
threshold=0.11275000000000002 -2.084010112359548 0.10560000000000001 0.13455000000000003 0.12005000000000002 0.091100000000000014 -0.32949999999999996 -1.753382022471907 -0.3885499999999999 0.092400000000000024 0.17515000000000003 0.0024500000000000004 -0.32839999999999997 0.033250000000000009 0.19855000000000003 -0.29519999999999996 0.048450000000000007 0.23240000000000002 0.0051000000000000012 -1.8815101123595477 -0.90439325842696572
decision_type=2 2 2 2 2 2 2 2 2 2 2 2 2 2 2 2 2 2 2 2 2
left_child=2 -2 9 4 5 6 -3 -5 -7 13 12 -12 -9 15 18 16 -1 -16 -15 -17 -4
right_child=1 3 20 7 -6 8 -8 10 -10 -11 11 -13 -14 14 17 19 -18 -19 -20 -21 -22
leaf_value=0.020997742251182595 -0.011847250839838614 0.012231211496347729 0.0095623798301333884 0.0097171097775655135 -0.015928674208169635 -0.0024013778233174009 -0.0012123260218650104 0.0057176738154889961 -0.01342982811294496 -0.0074717076339067953 -0.00031893661766032992 -0.008036180897315422 -0.0011464128106493841 -0.0030980654901129755 -0.0051286364107561251 0.0043126089436904946 0.0043126089436904946 -0.018503972085362131 0.0007247261345933693 0.0007247261345933693 0.0028053453453290075
leaf_weight=45 39 33 51 35 33 35 60 77 45 31 444 31 55 208 30 30 66 33 1093 301 46
leaf_count=45 39 33 51 35 33 35 60 77 45 31 444 31 55 208 30 30 66 33 1093 301 46
internal_value=0 -0.00112636 0.000392007 -0.000633297 -0.0041923 -0.00195357 0.00355796 0.000508688 -0.00836072 7.69809e-05 -2.22756e-05 -0.000822588 0.00285764 0.000206554 -0.000290261 0.00173971 0.00790049 -0.0104594 0.000202174 0.000724726 0.00635801
internal_weight=0 887 1934 848 206 173 93 642 80 1837 607 475 132 1806 1364 442 111 63 1301 331 97
internal_count=2821 887 1934 848 206 173 93 642 80 1837 607 475 132 1806 1364 442 111 63 1301 331 97
is_linear=0
shrinkage=0.03


Tree=276
num_leaves=21
num_cat=0
split_feature=14 15 8 1 4 17 7 13 5 1 5 12 1 12 7 4 12 17 17 7
split_gain=1.12541 1.73196 6.14632 5.99548 1.66646 5.72767 4.8248 6.87896 2.15189 1.59528 1.37021 1.92495 1.28282 1.21192 0.945419 2.23018 1.7315 0.848059 0.558093 0.15811
threshold=0.63245730337078687 6.775791011235957 0.20145000000000005 0.018300000000000004 0.21930000000000002 0.016777528089887642 -0.34549999999999997 -3.2082404494382035 0.39145000000000008 0.031100000000000006 0.34515000000000001 2.0576179775280932 0.55480000000000007 1.541315730337079 -0.42464999999999992 0.38120000000000004 -1.5672831460674155 -0.027160112359550525 -0.012218539325842713 -0.40289999999999992
decision_type=2 2 2 2 2 2 2 2 2 2 2 2 2 2 2 2 2 2 2 2
left_child=1 4 12 -4 6 13 7 -1 -9 18 11 -2 14 17 15 -3 -16 -6 -8 -15
right_child=10 2 3 -5 5 -7 9 8 -10 -11 -12 -13 -14 19 16 -17 -18 -19 -20 -21
leaf_value=0.014175757353897301 0.0084341776091605425 0.0089290840000224598 -0.0048170503283589535 -0.018527810879372612 -0.0052321451004933225 -0.01255971414414612 0.00078101172309260366 0.0051170423028192354 0.0017496906100799984 -0.00018766716389479086 -0.0026251103796742182 0.00091801862695898608 -0.0048170503283589535 -0.0029347568119485528 0.00063711655299636741 0.0010126081085737415 -0.0024916278475602114 -0.00018766716389479086 0.0017496906100799984 -0.0059898466281592842
leaf_weight=49 52 36 46 37 33 37 104 175 155 704 33 44 32 31 342 54 186 414 227 30
leaf_count=49 52 36 46 37 33 37 104 175 155 704 33 44 32 31 342 54 186 414 227 30
internal_value=0 -0.000220053 -0.00146405 -0.00915171 0.000245413 -0.00116397 0.000788632 0.00368705 0.00212963 -0.000187667 0.00264838 0.00446115 -0.000482391 -0.000333961 -0.000166205 0.00267587 -0.000650649 -0.000187667 0.00174969 -0.00443726
internal_weight=0 2692 733 83 1959 545 1414 379 330 1035 129 96 650 508 618 90 528 447 331 61
internal_count=2821 2692 733 83 1959 545 1414 379 330 1035 129 96 650 508 618 90 528 447 331 61
is_linear=0
shrinkage=0.03


Tree=277
num_leaves=22
num_cat=0
split_feature=3 12 3 3 3 1 16 13 7 7 13 15 3 3 3 3 15 15 4 3 18
split_gain=1.40178 4.81474 3.77728 3.54147 5.5946 6.38459 4.36652 7.42049 4.00903 2.75926 1.91932 4.34292 1.84046 1.46719 3.15589 5.08725 1.25874 1.15168 0.767816 0.258653 0.036273
threshold=0.11275000000000002 -2.084010112359548 0.10560000000000001 0.13455000000000003 0.12005000000000002 0.091100000000000014 -23.769555056179737 -1.4773426966292147 -0.32949999999999996 -0.3885499999999999 -3.7709471910112358 6.775791011235957 0.092400000000000024 0.080850000000000019 0.075750000000000012 0.071700000000000014 -7.3955247191011235 -0.90439325842696572 0.30820000000000003 0.26600000000000007 4.5000000000000009
decision_type=2 2 2 2 2 2 2 2 2 2 2 2 2 2 2 2 2 2 2 2 2
left_child=2 -2 12 4 5 8 10 19 -3 -7 18 -12 13 14 15 -1 -9 -4 -5 -8 -15
right_child=1 3 17 6 -6 9 7 16 -10 -11 11 -13 -14 20 -16 -17 -18 -19 -20 -21 -22
leaf_value=-5.401305275436293e-05 -0.011390132084488868 0.011871162783566185 0.0092309319293674297 0.0041186436515213368 -0.015351960716599769 -0.0023072068781545951 -0.008586380187954221 -0.00095024382629755721 -0.0011469979844987391 -0.013010884499798217 0.017092035047709939 0.0029021258679303255 -0.0071957550342044525 0.0055267759123817086 -0.0072617490876179473 0.0093893663089652107 0.0023353675445131573 0.002684443000420604 -0.0022273343754932282 -0.01238251837901771 0.0040515194907784465
leaf_weight=1641 39 33 51 37 33 35 35 230 60 45 30 55 31 30 52 53 193 46 32 30 30
leaf_count=1641 39 33 51 37 33 35 35 230 60 45 30 55 31 30 52 53 193 46 32 30 30
internal_value=0 -0.00108363 0.000356739 -0.000609626 -0.00403217 -0.0018729 0.000488573 -0.000901289 0.00347235 -0.00808676 0.00489281 0.00791033 5.20797e-05 0.000176489 1.79783e-05 0.000241441 0.000548865 0.00612641 0.00117558 -0.0103384 0.00478915
internal_weight=0 887 1934 848 206 173 642 488 93 80 154 85 1837 1806 1746 1694 423 97 69 65 60
internal_count=2821 887 1934 848 206 173 642 488 93 80 154 85 1837 1806 1746 1694 423 97 69 65 60
is_linear=0
shrinkage=0.03


Tree=278
num_leaves=20
num_cat=0
split_feature=3 12 3 3 1 16 13 3 5 14 3 6 3 12 3 3 4 15 16
split_gain=1.31771 4.53078 3.55404 3.35639 4.28586 1.80044 7.45094 4.31249 3.12477 1.79242 1.73169 1.46274 3.44717 7.11031 2.5722 2.53818 1.20911 1.08361 1.07387
threshold=0.11275000000000002 -2.084010112359548 0.10560000000000001 0.11670000000000001 0.11500000000000002 -22.692750561797705 -1.4773426966292147 0.13455000000000003 0.30035000000000006 0.0095865168539325824 0.092400000000000024 -0.014399999999999998 0.014400000000000001 -1.911510112359547 0.0070500000000000007 0.046950000000000013 0.011650000000000002 -0.90439325842696572 23.844249438202329
decision_type=2 2 2 2 2 2 2 2 2 2 2 2 2 2 2 2 2 2 2
left_child=2 -2 10 4 -3 7 8 -5 -7 -9 11 14 16 -14 -1 -16 -13 -4 -8
right_child=1 3 17 5 -6 6 18 9 -10 -11 -12 12 13 -15 15 -17 -18 -19 -20
leaf_value=-0.00038356386522353996 -0.011048427527913679 0.00020274273290926095 0.008954004127093974 -0.0073533486907170816 -0.012620557950188717 -0.0027941384911537169 0.0021367668933382471 0.002745837156354145 -0.015672534479258149 0.01034762904924505 -0.0069798822725011447 0.0019134223657619942 0.012948976403430981 0.0013168650534951391 -0.0047219743792051346 -0.00038356386522353996 -0.00038356386522353996 0.0026039095222949982 -0.00078395816079898585
leaf_weight=63 39 49 51 35 45 30 202 156 39 34 31 243 51 651 267 81 450 46 258
leaf_count=63 39 49 51 35 45 30 202 156 39 34 31 243 51 651 267 81 450 46 258
internal_value=0 -0.00105047 0.000346036 -0.000590655 -0.00593607 7.575e-05 -0.000880316 0.00232357 -0.0100732 0.00410616 5.05173e-05 0.000171194 0.00063462 0.00216193 -0.00140175 -0.00319009 -0.000383564 0.00594262 0.000498621
internal_weight=0 887 1934 848 94 754 529 225 69 190 1837 1806 1395 702 411 348 693 97 460
internal_count=2821 887 1934 848 94 754 529 225 69 190 1837 1806 1395 702 411 348 693 97 460
is_linear=0
shrinkage=0.03


Tree=279
num_leaves=24
num_cat=0
split_feature=3 3 3 1 3 17 15 3 14 13 14 3 2 3 3 3 3 3 3 18 3 4 18
split_gain=1.23459 3.34753 3.28375 7.80533 6.61037 2.44134 2.93508 2.10248 2.32218 3.84207 2.68198 1.62791 1.55627 1.34347 3.02593 4.72019 1.21359 2.17669 1.65023 1.61227 1.05916 0.489389 0.0369599
threshold=0.11275000000000002 0.10560000000000001 0.13455000000000003 0.22395000000000001 0.12005000000000002 -0.014058426966292127 8.9967910112359579 0.21215000000000003 0.24095730337078661 3.0847595505617957 0.069001123595505656 0.092400000000000024 0.00015000000000000004 0.080850000000000019 0.075750000000000012 0.071700000000000014 0.17680000000000004 0.17515000000000003 0.15970000000000004 4.5000000000000009 0.11230000000000001 0.41790000000000005 4.5000000000000009
decision_type=2 2 2 2 2 2 2 2 2 2 2 2 2 2 2 2 2 2 2 2 2 2 2
left_child=1 11 3 4 5 -2 -7 16 10 -10 12 13 -9 14 15 -1 17 18 -4 -18 -3 -11 -15
right_child=2 20 7 -5 -6 6 -8 8 9 21 -12 -13 -14 22 -16 -17 19 -19 -20 -21 -22 -23 -24
leaf_value=-5.4474954720241971e-05 -0.0042473010070630752 0.0089316694886656476 0.00069654854417249955 -0.018167570449051356 -0.010034639437682012 0.0073601228189231318 -0.003711136342026293 0.00025853641316961643 -0.012592316229756061 0.0017905207417960114 0.0083991644735778529 -0.0067704856323619039 -0.0050993831047878389 0.0053214665111154316 -0.0071169566492048589 0.0090418424384387311 0.00095114481984637678 -0.0061272625659148615 0.0080881673408051327 0.010401853338222612 0.0026616508658139073 -0.0033784732551430351 0.00383230747282505
leaf_weight=1641 53 48 111 31 34 66 32 229 39 34 31 31 62 30 52 53 32 32 36 33 49 32 30
leaf_count=1641 53 48 111 31 34 66 32 229 39 34 31 31 62 30 52 53 32 32 36 33 49 32 30
internal_value=0 0.000332788 -0.00101895 -0.00423616 -0.00190171 0.000939767 0.00374502 1.66911e-05 -0.00125273 -0.00512699 1.06124e-05 4.59829e-05 -0.000883013 0.000162988 1.13073e-05 0.000230121 0.00223818 0.000963232 0.00250674 0.0057492 0.00576434 -0.000715658 0.00457689
internal_weight=0 1934 887 216 185 151 98 671 427 105 322 1837 291 1806 1746 1694 244 179 147 65 97 66 60
internal_count=2821 1934 887 216 185 151 98 671 427 105 322 1837 291 1806 1746 1694 244 179 147 65 97 66 60
is_linear=0
shrinkage=0.03


Tree=280
num_leaves=14
num_cat=0
split_feature=1 3 3 3 12 3 12 3 15 8 18 1 7
split_gain=1.94761 1.53296 3.14863 3.10047 4.26296 3.64398 2.29371 2.23141 2.00446 1.70511 1.12978 0.949258 0.691774
threshold=0.69905000000000006 0.31860000000000005 0.25665000000000004 0.13455000000000003 -1.753382022471907 0.12005000000000002 -0.72932752808988954 0.11865000000000002 -6.1164589887640446 0.19170000000000001 4.5000000000000009 0.026750000000000006 -0.40289999999999992
decision_type=2 2 2 2 2 2 2 2 2 2 2 2 2
left_child=1 2 3 5 -5 7 -3 -1 12 -6 11 -4 -8
right_child=-2 6 10 4 9 -7 8 -9 -10 -11 -12 -13 -14
leaf_value=-0.00037008987535342065 -0.0077014241460710764 0.0075888394404734875 0.0032485438929870723 0.012557360901098165 0.0042483989821630527 -0.0039212293367298255 0.0065215512011200186 0.0059814761916983546 -0.0039212293367298255 -0.00038392437030008785 -0.0039212293367298255 -0.0030887211695573148 0.00041871514098602348
leaf_weight=2082 31 56 36 35 120 33 35 51 50 177 87 52 32
leaf_count=2082 31 56 36 35 120 33 35 51 50 177 87 52 32
internal_value=0 -0.000141035 -0.000318165 -4.48959e-05 0.0026547 -0.000458685 0.00259578 -0.000218224 0.000205939 0.00148772 -0.00392123 -0.000496204 0.00360676
internal_weight=0 2846 2673 2498 332 2166 173 2133 117 297 175 88 67
internal_count=2877 2846 2673 2498 332 2166 173 2133 117 297 175 88 67
is_linear=0
shrinkage=0.03


Tree=281
num_leaves=15
num_cat=0
split_feature=1 3 3 3 12 16 3 16 8 13 8 1 16 12
split_gain=1.82844 1.44717 3.03826 2.92791 4.01102 3.7332 7.24579 2.76638 2.2761 2.13229 1.60434 0.935693 0.49893 0.413161
threshold=0.69905000000000006 0.31860000000000005 0.25665000000000004 0.13455000000000003 -1.753382022471907 -25.922139325842746 0.021000000000000001 -23.968639325842727 0.16270000000000004 -0.47297977528089769 0.19170000000000001 0.026750000000000006 6.8233606741572439 1.1047595505617986
decision_type=2 2 2 2 2 2 2 2 2 2 2 2 2 2
left_child=1 2 3 5 -5 6 -1 -3 -7 -9 -6 12 -4 -11
right_child=-2 7 11 4 10 8 -8 9 -10 13 -12 -13 -14 -15
leaf_value=0.0017140888035059565 -0.0074703815108120072 0.0090098275815729389 -0.0019996677884429651 0.012180640261620282 0.0041209470140747724 0.0034991546275383837 -0.003807669941780369 -0.003807669941780369 -0.00014502992372832145 0.0013028881580640491 -0.00037240666802972554 -0.003807669941780369 0.0023585183362343481 0.0054837814625352619
leaf_weight=233 31 44 31 35 120 172 266 41 1495 52 177 109 35 36
leaf_count=233 31 44 31 35 120 172 266 41 1495 52 177 109 35 36
internal_value=0 -0.000144958 -0.000317061 -4.83365e-05 0.00257506 -0.000450445 -0.00272685 0.00251418 0.000230975 0.000298608 0.00144309 -0.00380767 -0.000191666 0.00301325
internal_weight=0 2846 2673 2498 332 2166 499 173 1667 129 297 175 66 88
internal_count=2877 2846 2673 2498 332 2166 499 173 1667 129 297 175 66 88
is_linear=0
shrinkage=0.03


Tree=282
num_leaves=18
num_cat=0
split_feature=1 16 16 7 1 7 0 15 12 12 12 1 12 4 16 6 13
split_gain=1.71451 1.27716 2.21908 3.93816 2.12184 1.84272 6.62868 1.93523 1.13782 1.90929 1.23265 1.72169 0.997169 0.506001 0.458448 0.332894 0.232786
threshold=0.69905000000000006 -25.922139325842746 -23.769555056179737 -0.33849999999999997 0.38980000000000009 -0.3885499999999999 0.29825000000000007 0.53354101123595499 -1.5357831460674143 -0.93697078651685384 -1.6266842696629238 0.10295000000000001 2.0298039325842727 0.13600000000000004 -79.803649438202271 0.040300000000000009 -3.7259471910112358
decision_type=2 2 2 2 2 2 2 2 2 2 2 2 2 2 2 2 2
left_child=1 4 3 -3 5 6 16 13 10 15 -4 -12 -11 -7 -9 -10 -1
right_child=-2 2 8 -5 -6 7 -8 14 9 12 11 -13 -14 -15 -16 -17 -18
leaf_value=0.0036096131851988244 -0.0072462700697923854 0.01343385485571719 -0.0008388525802852972 -0.00089145615267065845 -0.0036995012788674925 0.00034988960120548517 0.013120320557034573 0.00034988960120548517 -0.0036995012788674925 0.00023148213643823178 0.01074192031053826 0.0016511998572852462 -0.0022786570694147338 -0.0021429602683474026 -0.0021429602683474026 3.0304203342114177e-05 0.00034988960120548517
leaf_weight=61 31 31 53 39 74 98 40 96 33 1757 30 50 155 30 214 35 50
leaf_count=61 31 31 53 39 74 98 40 96 33 1757 30 50 155 30 214 35 50
internal_value=0 -0.000152732 0.0001975 0.00545261 -0.00130591 -0.000586419 0.00227144 -0.00157166 2.34075e-05 -0.000157019 0.00270946 0.00506022 2.79928e-05 0.00034989 -0.00214296 -0.0036995 0.00034989
internal_weight=0 2846 2183 70 663 589 151 438 2113 1980 133 80 1912 128 310 68 111
internal_count=2877 2846 2183 70 663 589 151 438 2113 1980 133 80 1912 128 310 68 111
is_linear=0
shrinkage=0.03


Tree=283
num_leaves=14
num_cat=0
split_feature=1 3 3 3 12 3 3 12 15 8 18 12 7
split_gain=1.60754 1.33459 2.91798 2.72469 3.75308 3.32496 2.11044 2.08435 1.85893 1.50483 0.924205 0.875717 0.652309
threshold=0.69905000000000006 0.31860000000000005 0.25665000000000004 0.13455000000000003 -1.753382022471907 0.12005000000000002 0.11865000000000002 -0.72932752808988954 -6.1164589887640446 0.19170000000000001 4.5000000000000009 -0.053882022471908535 -0.40289999999999992
decision_type=2 2 2 2 2 2 2 2 2 2 2 2 2
left_child=1 2 3 5 -5 6 -1 -3 12 -6 11 -4 -9
right_child=-2 7 10 4 9 -7 -8 8 -10 -11 -12 -13 -14
leaf_value=-0.00035817175468486789 -0.0070288818196633891 0.0071531431495843985 -0.0034304846518948165 0.011761434342179978 0.0039683505157008768 -0.0035945401182030752 0.0058188371776657947 0.0062361574892420314 -0.0035945401182030752 -0.00038341429305531211 -0.0035945401182030752 0.0025548951881302689 0.00030995485751191156
leaf_weight=2082 31 56 44 35 120 33 51 35 50 177 87 44 32
leaf_count=2082 31 56 44 35 120 33 51 35 50 177 87 44 32
internal_value=0 -0.000160198 -0.000325471 -6.08733e-05 0.00246984 -0.000448776 -0.00021048 0.00239341 0.000115247 0.00137487 -0.00359454 -0.000437795 0.00340573
internal_weight=0 2846 2673 2498 332 2166 2133 173 117 297 175 88 67
internal_count=2877 2846 2673 2498 332 2166 2133 173 117 297 175 88 67
is_linear=0
shrinkage=0.03


Tree=284
num_leaves=15
num_cat=0
split_feature=1 3 3 3 3 7 17 3 3 1 18 1 15 15
split_gain=1.50868 1.25818 2.81688 2.57381 3.21448 2.93676 5.49841 1.98572 1.35982 1.08481 0.860234 0.842068 0.601855 1.39315
threshold=0.69905000000000006 0.31860000000000005 0.25665000000000004 0.13455000000000003 0.12005000000000002 -0.35819999999999991 0.033675842696629217 0.11865000000000002 0.34510000000000007 0.047500000000000007 4.5000000000000009 0.026750000000000006 -6.1164589887640446 1.856041011235954
decision_type=2 2 2 2 2 2 2 2 2 2 2 2 2 2
left_child=1 2 3 4 7 6 -5 -1 -3 -7 11 -4 -10 -14
right_child=-2 8 10 5 -6 9 -8 -9 12 -11 -12 -13 13 -15
leaf_value=-0.00034742659912551587 -0.0068180152377293954 0.0078986200917279346 0.0031023276711736494 0.002404021189220291 -0.0034909525605562176 0.00077017406551503989 0.015564255672780906 0.0056442719287074661 0.0035740417437100745 -0.0034909525605562176 -0.0034909525605562176 -0.0028664221982706711 -0.0034909525605562176 0.0025676087099210623
leaf_weight=2082 31 32 36 179 33 83 34 51 53 36 87 52 32 56
leaf_count=2082 31 32 36 179 33 83 34 51 53 36 87 52 32 56
internal_value=0 -0.00016389 -0.000324362 -6.39047e-05 -0.000440915 0.00239575 0.00450472 -0.000204165 0.00231554 -0.00137913 -0.00349095 -0.000424661 0.00104846 -0.000472626
internal_weight=0 2846 2673 2498 2166 332 213 2133 173 119 175 88 141 88
internal_count=2877 2846 2673 2498 2166 332 213 2133 173 119 175 88 141 88
is_linear=0
shrinkage=0.03


Tree=285
num_leaves=14
num_cat=0
split_feature=7 4 3 3 8 1 1 0 18 3 6 3 15
split_gain=1.75301 5.66041 2.892 5.89917 2.63843 4.37242 2.04083 4.57673 4.68067 3.32081 1.98785 0.358714 0.292357
threshold=-0.33849999999999997 0.15585000000000002 0.0070500000000000007 0.0064500000000000009 0.20155000000000003 0.024900000000000002 0.22395000000000001 0.57005000000000006 4.5000000000000009 0.098450000000000024 -0.0034499999999999995 0.0039500000000000013 27.98214943820226
decision_type=2 2 2 2 2 2 2 2 2 2 2 2 2
left_child=2 4 3 11 10 -6 7 9 -9 -4 -2 -1 -12
right_child=1 -3 6 -5 5 -7 -8 8 -10 -11 12 -13 -14
leaf_value=-3.8544510154988126e-06 -0.0019653879837590363 -0.010777155117568922 0.00401964781738425 0.015163512162209764 -0.0019653879837590363 -0.0055910008520253084 -3.8544510154988126e-06 0.00401964781738425 0.013898183492266319 0.00077984432986744664 -3.8544510154988126e-06 0.0031741991153103298 -0.00098462121738726767
leaf_weight=31 147 49 106 37 136 33 440 55 55 597 954 32 138
leaf_count=31 147 49 106 37 136 33 440 55 55 597 954 32 138
internal_value=0 -0.000753675 0.000745966 0.00565558 -0.000404847 -0.00392692 0.000354137 0.00156354 0.00725945 0.000779844 -3.85445e-06 7.15575e-05 -3.85445e-06
internal_weight=0 1457 1353 100 1408 169 1253 813 110 703 1239 63 1092
internal_count=2810 1457 1353 100 1408 169 1253 813 110 703 1239 63 1092
is_linear=0
shrinkage=0.03


Tree=286
num_leaves=15
num_cat=0
split_feature=15 7 2 5 3 3 14 1 4 8 3 3 14 3
split_gain=1.73366 1.13882 5.77806 5.55488 2.75485 5.58549 2.60652 1.7277 3.89445 3.38944 1.33837 1.17363 1.54263 0.323778
threshold=38.740149438202259 -0.33849999999999997 0.27755000000000002 0.30945000000000006 0.0070500000000000007 0.0064500000000000009 0.27495730337078667 0.22395000000000001 0.22315000000000004 0.18755000000000002 0.098450000000000024 0.083850000000000022 -0.11695393258426963 0.0039500000000000013
decision_type=2 2 2 2 2 2 2 2 2 2 2 2 2 2
left_child=1 4 3 11 5 13 -5 8 9 -6 -10 -3 -13 -1
right_child=-2 2 -4 6 7 -7 -8 -9 10 -11 -12 12 -14 -15
leaf_value=6.0853200509957787e-05 -0.0072168449708260593 6.0853200509957787e-05 -0.013359772181438823 -0.0030991330091315497 0.012240079122773827 0.014708606667212538 -0.0068135979449162063 6.0853200509957787e-05 0.0029833967170904336 0.003029110412314242 0.00077310537490862276 6.0853200509957787e-05 -0.0030991330091315497 0.0030789729612297379
leaf_weight=31 30 1086 31 95 47 37 34 433 89 153 506 94 112 32
leaf_count=31 30 1086 31 95 47 37 34 433 89 153 506 94 112 32
internal_value=0 3.37428e-05 -0.000546944 -0.000267424 0.00066865 0.00545683 -0.00625912 0.000278733 0.00148536 0.00519369 0.000773105 6.08532e-05 -0.00230232 6.08532e-05
internal_weight=0 2780 1452 1421 1328 100 129 1228 795 200 595 1292 206 63
internal_count=2810 2780 1452 1421 1328 100 129 1228 795 200 595 1292 206 63
is_linear=0
shrinkage=0.03


Tree=287
num_leaves=17
num_cat=0
split_feature=17 1 7 0 17 7 17 8 12 2 8 1 8 7 4 7
split_gain=1.41619 8.97683 6.80391 5.84048 2.33168 1.52043 1.02422 2.53589 2.65938 1.14188 3.1998 1.11587 1.62681 0.993597 0.937041 0.548323
threshold=0.044445505617977561 0.18615000000000001 -0.33849999999999997 0.36165000000000008 0.055605617977528117 -0.30609999999999998 0.033675842696629217 0.19325000000000003 -1.6266842696629238 0.27755000000000002 0.13235000000000005 0.033250000000000009 0.19855000000000003 -0.29124999999999995 0.025500000000000005 -0.34104999999999996
decision_type=2 2 2 2 2 2 2 2 2 2 2 2 2 2 2 2
left_child=6 2 3 -2 -4 -6 9 14 -9 10 -1 13 -13 -12 -8 -16
right_child=1 -3 4 -5 5 -7 7 8 -10 -11 11 12 -14 -15 15 -17
leaf_value=0.0098036214091116562 0.0022188501904468884 -0.013546953931823372 -0.0063401967407902705 0.018040649976821675 0.0022188501904468884 -0.0043121695172573839 0.0094472281570779151 -0.0088889208712404771 0.0014528784169172565 -0.0049219939295601636 0.0019088127140437043 -0.00019779085431985579 -0.002426803896024655 0.0002358746332269223 0.0055486642226497537 0.0014528784169172565
leaf_weight=30 37 50 34 31 31 42 32 31 38 42 447 1543 98 244 47 33
leaf_count=30 37 50 34 31 31 42 32 31 38 42 447 1543 98 244 47 33
internal_value=0 -0.00233644 0.00086656 0.00828682 -0.00384912 -0.000188578 0.000145055 0.00232134 -0.00220275 -1.88002e-05 6.83861e-05 -5.68527e-05 -0.000482694 0.000954443 0.00510851 0.00337302
internal_weight=0 225 175 68 107 73 2585 181 69 2404 2362 2332 1641 691 112 80
internal_count=2810 225 175 68 107 73 2585 181 69 2404 2362 2332 1641 691 112 80
is_linear=0
shrinkage=0.03


Tree=288
num_leaves=14
num_cat=0
split_feature=15 4 1 3 14 3 3 8 8 15 3 3 3
split_gain=1.6005 0.925532 0.94194 1.64141 1.33087 1.15027 14.0953 2.11786 0.990529 0.925138 0.328559 0.126251 1.5934
threshold=38.740149438202259 0.68835000000000013 0.033250000000000009 0.0051000000000000012 -0.35522808988764037 0.019650000000000004 0.039500000000000007 0.19685000000000002 0.19855000000000003 -9.9038932584269634 0.035050000000000005 0.0034000000000000007 0.0020500000000000006
decision_type=2 2 2 2 2 2 2 2 2 2 2 2 2
left_child=1 2 5 9 10 11 -7 -8 -6 -4 -5 12 -1
right_child=-2 -3 3 4 8 6 7 -9 -10 -11 -12 -13 -14
leaf_value=0.00052026605467711171 -0.0069509864427091091 -0.0052252424489706755 0.00033651812847466207 0.00033651812847466207 0.00033651812847466207 0.018826299100977984 0.003988243164714439 0.00033651812847466207 -0.0025762402210963114 -0.0025762402210963114 -0.0025762402210963114 0.00033651812847466207 0.0076176413196577314
leaf_weight=175 30 30 47 33 1568 41 143 269 107 152 58 123 34
leaf_count=175 30 30 47 33 1568 41 143 269 107 152 58 123 34
internal_value=0 1.55893e-05 7.2762e-05 -0.000278168 1.46562e-05 0.000951204 0.00205118 0.000381812 0.00021527 -0.00257624 -0.00257624 0.000336518 0.00167486
internal_weight=0 2780 2750 1965 1766 785 453 412 1675 199 91 332 209
internal_count=2810 2780 2750 1965 1766 785 453 412 1675 199 91 332 209
is_linear=0
shrinkage=0.03


Tree=289
num_leaves=22
num_cat=0
split_feature=15 14 6 16 8 17 3 3 14 12 12 17 14 1 17 1 17 8 13 13 14
split_gain=1.49937 0.885141 2.19162 11.6354 1.93153 3.97908 1.78137 4.86871 1.4168 2.12274 2.28056 2.28926 1.08212 1.03119 0.770445 0.576675 0.505076 0.418307 0.193438 0.171 0.0676024
threshold=38.740149438202259 -0.083584269662921359 -0.0035499999999999998 -41.099750561797627 0.19835000000000003 0.05910561797752812 0.012550000000000002 0.0070500000000000007 -0.15232359550561794 1.1112595505617977 0.85598988764045292 -0.0067146067415730362 -0.27054269662921332 0.091100000000000014 0.0081797752808988895 0.038750000000000007 -0.0073202247191011252 0.19325000000000003 -1.3098426966292125 2.0946573033707865 0.45004606741573044
decision_type=2 2 2 2 2 2 2 2 2 2 2 2 2 2 2 2 2 2 2 2 2
left_child=1 8 3 -3 5 13 7 -5 9 10 11 -1 -12 -4 15 18 -17 -16 -10 -6 -21
right_child=-2 2 4 6 19 -7 -8 -9 14 -11 12 -13 -14 -15 17 16 -18 -19 -20 20 -22
leaf_value=-0.0025630450576496237 -0.0067424567276611917 -0.019134077348879404 0.0015271652209038354 -0.0013264362899293074 -0.0013264362899293074 0.011406769038688751 -0.0013264362899293074 -0.014929024062373421 0.0021141252145171164 -0.0062189136864617463 0.0069599931019391596 0.00087571803988198394 0.001648447084551056 -0.00023485915870383219 0.0077076235488057129 0.0018838191553950307 -0.00094560172358926914 0.0026977912485599514 0.0047664523202621814 -0.00023485915870383219 -0.0013264362899293074
leaf_weight=279 30 35 425 42 187 31 200 33 50 48 56 464 90 393 30 135 98 30 49 74 31
leaf_count=279 30 35 425 42 187 31 200 33 50 48 56 464 90 393 30 135 98 30 49 74 31
internal_value=0 4.24038e-07 -0.000511887 -0.00274871 9.5839e-05 0.000856718 -0.00132644 -0.0061211 0.000559765 -7.37934e-05 0.000258002 -0.000415554 0.00368575 0.000456899 0.00207416 0.00150876 0.000693762 0.00520271 0.00342689 -0.00132644 -0.000234859
internal_weight=0 2780 1451 310 1141 849 275 75 1329 937 889 743 146 818 392 332 233 60 99 292 105
internal_count=2810 2780 1451 310 1141 849 275 75 1329 937 889 743 146 818 392 332 233 60 99 292 105
is_linear=0
shrinkage=0.03


Tree=290
num_leaves=19
num_cat=0
split_feature=3 3 3 3 14 12 3 3 2 6 3 3 3 3 3 6 4 14
split_gain=1.58481 11.2831 6.28688 8.05329 3.12983 2.83985 2.60805 11.4195 4.69414 4.40975 10.7975 1.68991 5.29381 2.62519 2.52772 4.52887 1.50664 0.374535
threshold=0.021000000000000001 0.019050000000000001 0.026800000000000004 0.028950000000000004 -0.0049134831460674313 -1.9340101123595479 0.036800000000000006 0.037750000000000006 0.13485000000000003 0.017550000000000003 0.031000000000000003 0.013850000000000001 0.016650000000000002 0.018400000000000003 0.010600000000000002 0.011050000000000003 0.04370000000000001 -0.10782359550561792
decision_type=2 2 2 2 2 2 2 2 2 2 2 2 2 2 2 2 2 2
left_child=1 5 4 -4 -2 -1 9 -8 -9 10 -5 14 17 -14 16 -16 -7 -13
right_child=2 -3 3 6 -6 11 7 8 -10 -11 -12 12 13 -15 15 -17 -18 -19
leaf_value=0.0070553693133923743 -0.003628744329008358 0.019015308178029957 0.01494962130372803 -0.0017970106464747721 -0.015747643059448285 0.00057883611326073998 0.017580138156199607 -0.00029218798918478688 -0.012278151230886578 0.0047255037480499595 -0.02193023376844146 0.011219216644425285 -0.0057538558276309095 0.002577789432230079 -0.014619576487570039 -0.00090483076870441438 -0.0035134991285133551 0.0069254882436063951
leaf_weight=54 44 30 31 53 34 584 32 1488 30 32 33 33 61 77 31 72 94 41
leaf_count=54 44 30 31 53 34 584 32 1488 30 32 33 33 61 77 31 72 94 41
internal_value=0 0.000875162 -0.000583267 -0.00020093 -0.00891134 0.000355387 -0.000482505 -0.000155197 -0.000529065 -0.00478189 -0.00831953 -8.9623e-06 0.00236643 -0.00110504 -0.000653756 -0.00503257 1.14622e-05 0.00884026
internal_weight=0 1077 1777 1699 78 1047 1668 1550 1518 118 86 993 212 138 781 103 678 74
internal_count=2854 1077 1777 1699 78 1047 1668 1550 1518 118 86 993 212 138 781 103 678 74
is_linear=0
shrinkage=0.03


Tree=291
num_leaves=21
num_cat=0
split_feature=3 3 3 3 8 17 1 4 6 3 8 3 14 3 3 8 5 1 14 16
split_gain=1.48747 10.6163 5.91789 7.57546 5.11538 5.4288 4.33284 4.1467 12.9505 5.77271 3.93876 3.80557 2.94486 2.439 1.92449 1.83199 1.42195 0.984871 0.78056 0.0983948
threshold=0.021000000000000001 0.019050000000000001 0.026800000000000004 0.028950000000000004 0.18220000000000003 0.022179775280898904 0.024650000000000002 0.016650000000000002 -0.0028499999999999997 0.012550000000000002 0.20170000000000002 0.048450000000000007 -0.0049134831460674313 0.062800000000000009 0.0092000000000000016 0.19835000000000003 0.27350000000000008 0.20860000000000004 0.24095730337078661 6.8233606741572439
decision_type=2 2 2 2 2 2 2 2 2 2 2 2 2 2 2 2 2 2 2 2
left_child=1 4 12 -4 5 14 11 15 9 -9 13 -5 -2 -8 -1 -6 -16 -10 -13 -17
right_child=2 -3 3 6 7 -7 10 8 17 -11 -12 18 -14 -15 16 19 -18 -19 -20 -21
leaf_value=0.0014756616228324376 -0.0035198820158554803 0.018444848835002629 0.014501132577687741 0.012535797649573894 0.0014756616228324376 0.014074843816459178 -0.0029701157914474603 -0.023461837402234474 -0.00084413095746390505 -0.0080152545976699668 -0.0097824934531161763 0.0026092736226827149 -0.015275213906870169 -8.8535860218793717e-05 0.0097829993881962517 0.00031576533268426634 0.0026040617861834013 -0.005922487803302439 0.00062342090748469835 -0.00084413095746390505
leaf_weight=134 44 30 31 31 211 40 375 36 296 30 47 244 34 896 44 78 57 35 75 86
leaf_count=134 44 30 31 31 211 40 375 36 296 30 47 244 34 896 44 78 57 35 75 86
internal_value=0 0.000848907 -0.000564022 -0.000193076 0.000344726 0.00385814 -0.000466169 -0.000906813 -0.00304371 -0.0151864 -0.0012541 0.00250094 -0.008644 -0.000938727 0.00211912 0.00135545 0.00573152 -0.000844131 0.00152576 -0.000844131
internal_weight=0 1077 1777 1699 1047 275 1668 772 397 66 1318 350 78 1271 235 375 101 331 319 164
internal_count=2854 1077 1777 1699 1047 275 1668 772 397 66 1318 350 78 1271 235 375 101 331 319 164
is_linear=0
shrinkage=0.03


Tree=292
num_leaves=14
num_cat=0
split_feature=7 4 3 12 3 18 1 12 6 3 4 1 15
split_gain=1.43531 4.77652 4.48151 3.79116 11.7288 2.32243 1.7886 2.4308 1.55788 5.20853 1.38156 1.2963 0.423734
threshold=-0.33849999999999997 0.15585000000000002 0.11585000000000002 -2.084010112359548 0.11255000000000003 3.5000000000000004 0.010150000000000001 -0.19338202247190669 -0.0034499999999999995 0.012550000000000002 0.22315000000000004 0.40030000000000004 29.580475280898877
decision_type=2 2 2 2 2 2 2 2 2 2 2 2 2
left_child=3 2 8 4 -1 -4 7 -5 9 -2 11 -8 -10
right_child=1 -3 5 6 -6 -7 10 -9 12 -11 -12 -13 -14
leaf_value=0.020615003663389121 -0.0053370609226836433 -0.010299867863456408 -1.9250337977337951e-06 0.0092614783009048549 -1.9250337977337951e-06 -0.0053370609226836433 0.0018671910879289543 0.0018671910879289543 -1.9250337977337951e-06 -0.0016846711282666454 -1.9250337977337951e-06 0.00073510962488981357 -0.0016846711282666454
leaf_weight=34 36 45 44 48 30 138 342 77 1066 96 608 231 59
leaf_count=34 36 45 44 48 30 138 342 77 1066 96 608 231 59
internal_value=0 -0.000675233 -0.000374254 0.000671383 0.00780038 -0.00482452 0.000322029 0.00373631 -1.92503e-06 -0.00336742 -1.92503e-06 0.00147214 -1.92503e-06
internal_weight=0 1484 1439 1370 64 182 1306 125 1257 132 1181 573 1125
internal_count=2854 1484 1439 1370 64 182 1306 125 1257 132 1181 573 1125
is_linear=0
shrinkage=0.03


Tree=293
num_leaves=20
num_cat=0
split_feature=3 3 3 3 7 8 17 4 6 7 3 3 6 14 3 8 3 12 12
split_gain=1.43776 9.97031 5.59268 7.06349 4.69231 4.62468 5.01191 3.86003 11.9713 5.40657 3.14714 10.2012 3.261 2.78692 1.8425 1.73427 0.948672 0.807152 0.11683
threshold=0.021000000000000001 0.019050000000000001 0.026800000000000004 0.028950000000000004 -0.28649999999999992 0.18220000000000003 0.022179775280898904 0.016650000000000002 -0.0028499999999999997 -0.32264999999999994 0.036800000000000006 0.037750000000000006 0.017550000000000003 -0.0049134831460674313 0.0092000000000000016 0.19835000000000003 0.018400000000000003 1.1112595505617977 0.82240280898876439
decision_type=2 2 2 2 2 2 2 2 2 2 2 2 2 2 2 2 2 2 2
left_child=1 5 13 -4 10 6 14 15 9 -9 12 -12 -5 -2 -1 -7 -16 -10 -17
right_child=2 -3 3 4 -6 7 -8 8 17 -11 11 -13 -14 -15 16 18 -18 -19 -20
leaf_value=0.0014181830977620016 -0.0034276712383143602 0.017883662501350043 0.013991939873704987 -0.0049457381724905642 -0.0097046143759507691 0.0014181830977620016 0.013500090764835476 -0.0076847584161204531 -0.00078666482221839533 -0.022597870857765275 0.016914039101684465 -0.00020566633541258659 0.0046551490493584426 -0.014863432892324294 0.0080737931837713151 -0.00078666482221839533 0.0021935967886603852 -0.0039714366127417923 0.00031575913777180312
leaf_weight=134 44 30 31 69 48 211 40 30 258 36 32 1487 32 34 58 115 43 73 49
leaf_count=134 44 30 31 69 48 211 40 30 258 36 32 1487 32 34 58 115 43 73 49
internal_value=0 0.000831459 -0.00055766 -0.00019705 -0.000460754 0.000342857 0.00368351 -0.000847142 -0.00290886 -0.0145829 -0.000186862 0.000154986 -0.00494574 -0.00841249 0.0020126 0.00133553 0.00557034 -0.000786665 -0.000786665
internal_weight=0 1077 1777 1699 1668 1047 275 772 397 66 1620 1519 101 78 235 375 101 331 164
internal_count=2854 1077 1777 1699 1668 1047 275 772 397 66 1620 1519 101 78 235 375 101 331 164
is_linear=0
shrinkage=0.03


Tree=294
num_leaves=18
num_cat=0
split_feature=3 3 3 3 7 8 17 1 3 8 14 5 12 7 5 3 5
split_gain=1.38591 9.3691 5.25409 6.65194 4.40887 4.24096 4.74597 3.23172 3.44022 2.84196 2.62221 2.5413 3.52429 3.26333 3.24032 1.74555 1.32865
threshold=0.021000000000000001 0.019050000000000001 0.026800000000000004 0.028950000000000004 -0.28649999999999992 0.18220000000000003 0.022179775280898904 0.024650000000000002 0.048450000000000007 0.20170000000000002 -0.0049134831460674313 0.30945000000000006 -0.2988820224719077 -0.3098999999999999 0.23240000000000002 0.0092000000000000016 0.27350000000000008
decision_type=2 2 2 2 2 2 2 2 2 2 2 2 2 2 2 2 2
left_child=1 5 10 -4 7 6 15 8 -5 -9 -2 13 -13 -7 -15 -1 -17
right_child=2 -3 3 4 -6 11 -8 9 -10 -11 -12 12 -14 14 -16 16 -18
leaf_value=0.0013731809715502147 -0.0033248411196241659 0.017347152749251107 0.013572181583111806 0.011905757530832723 -0.0094134759827284135 0.0013731809715502147 0.013095087831839918 -0.00056230560782394919 0.0014375540499829433 -0.004800568353418553 -0.014417529578923304 -0.014285574294626712 -0.0030151398226138538 -6.8188616325480579e-05 -0.0030151398226138538 0.0093195450847799125 0.002380114683979436
leaf_weight=134 44 30 31 31 48 130 40 1223 319 47 34 30 51 463 98 44 57
leaf_count=134 44 30 31 31 48 130 40 1223 319 47 34 30 51 463 98 44 57
internal_value=0 0.000817073 -0.000546769 -0.000197245 -0.000453152 0.000343432 0.00354249 -0.000187661 0.00236474 -0.000891078 -0.00816012 -0.00079613 -0.00582346 -0.000206819 -0.00150956 0.00191652 0.00540323
internal_weight=0 1077 1777 1699 1668 1047 275 1620 350 1270 78 772 81 691 561 235 101
internal_count=2854 1077 1777 1699 1668 1047 275 1620 350 1270 78 772 81 691 561 235 101
is_linear=0
shrinkage=0.03


Tree=295
num_leaves=20
num_cat=0
split_feature=14 12 12 8 6 5 12 16 3 3 5 7 0 3 3 7 4 3 16
split_gain=2.43792 2.15115 1.73213 1.52751 3.20328 1.15067 2.59326 1.58102 1.50646 4.38206 5.31004 2.24918 3.15506 2.1036 1.4395 0.954112 1.53391 0.932214 0.768729
threshold=-0.2838134831460673 1.1377595505617999 0.85598988764045292 0.19965000000000002 0.032200000000000006 0.18055000000000002 -0.84897078651685465 -52.09964943820227 0.011100000000000002 0.0074000000000000012 0.29340000000000005 -0.28939999999999994 0.24995000000000003 0.029650000000000003 0.0051000000000000012 -0.42724999999999996 0.20455000000000004 0.11230000000000001 24.892749438202319
decision_type=2 2 2 2 2 2 2 2 2 2 2 2 2 2 2 2 2 2 2
left_child=1 2 3 15 -5 6 -2 17 9 14 -11 12 -10 -13 -9 18 -17 -7 -1
right_child=5 -3 -4 4 -6 7 -8 8 11 10 -12 13 -14 -15 -16 16 -18 -19 -20
leaf_value=0.0051901900914271132 0.010849621209490578 -0.0082883940510717884 0.0044647060284412213 -0.013674042227212338 -0.0035541998538825797 -0.00085336608271444991 0.0018243688749403971 -0.0010079391552567014 -0.0010937668577216339 -0.0016699003362634652 -0.015814206401507058 -0.0010937668577216339 0.0018243688749403971 -0.0091013564600756283 0.0018243688749403971 -0.00057079859860872809 -0.0035541998538825797 -0.0082716341018676757 0.00012419116114052069
leaf_weight=37 32 42 44 32 34 31 79 238 405 71 36 70 1060 38 114 295 79 30 38
leaf_count=37 32 42 44 32 34 31 79 238 405 71 36 70 1060 38 114 295 79 30 38
internal_value=0 -0.00174051 -0.00124854 -0.00173666 -0.00599814 0.000415019 0.00339158 0.00025716 0.00040002 -0.00111214 -0.00642873 0.000841266 0.00114927 -0.00333681 0.000503988 -0.00111026 -0.00172954 -0.00450169 0.00197793
internal_weight=0 601 559 515 66 2204 111 2093 2032 459 107 1573 1465 108 352 449 374 61 75
internal_count=2805 601 559 515 66 2204 111 2093 2032 459 107 1573 1465 108 352 449 374 61 75
is_linear=0
shrinkage=0.03


Tree=296
num_leaves=22
num_cat=0
split_feature=14 12 12 17 18 3 3 17 3 8 6 14 14 17 15 17 7 17 7 4 15
split_gain=2.31347 2.02136 1.6324 1.57406 1.8582 4.11932 6.24997 6.04584 4.14685 1.38299 3.04959 1.12414 1.43895 2.58224 1.91305 0.960605 1.66165 1.18618 0.895973 1.45379 0.73095
threshold=-0.2838134831460673 1.1377595505617999 0.85598988764045292 0.05910561797752812 5.5000000000000009 0.22055000000000002 0.016050000000000005 -0.0042185393258427064 0.0079000000000000025 0.19965000000000002 0.032200000000000006 0.0050865168539325776 -0.14745393258426964 -0.0067146067415730362 -7.1730247191011234 0.025175842696629234 -0.34824999999999995 0.013175842696629221 -0.42724999999999996 0.20455000000000004 16.246606741573036
decision_type=2 2 2 2 2 2 2 2 2 2 2 2 2 2 2 2 2 2 2 2 2
left_child=1 2 9 4 11 6 8 -8 -6 18 -11 12 13 -2 -14 17 -17 -13 20 -20 -1
right_child=3 -3 -4 -5 5 -7 7 -9 -10 10 -12 15 14 -15 -16 16 -18 -19 19 -21 -22
leaf_value=0.00010285459793531358 -0.004495065154533389 -0.0080397423822432743 0.0043307648249901829 -0.0045131190317241766 0.0024429073016489704 -0.005506885943914506 0.0037654535100801242 0.015962894834437458 -0.01085470545629505 -0.01326382110652048 -0.0034188555987438858 -0.00037605992402866715 -7.5024120457356375e-05 0.0013317550845132918 0.0032184265464665772 0.0073272642943387235 -0.00048063414416263828 -0.0033032880575478733 -0.00055367462970000707 -0.0034188555987438858 0.0050344841791367207
leaf_weight=38 109 42 44 57 62 47 118 53 32 32 34 635 294 184 345 36 77 155 295 79 37
leaf_count=38 109 42 44 57 62 47 118 53 32 32 34 635 294 184 345 36 77 155 295 79 37
internal_value=0 -0.00169247 -0.00121557 0.000407324 0.000537955 0.00267834 0.00413006 0.00754595 -0.00208394 -0.00168943 -0.00574432 0.00017403 0.000904915 -0.000835902 0.00170313 -0.000580327 0.00200684 -0.000950389 -0.00109339 -0.00169351 0.00189922
internal_weight=0 601 559 2204 2147 312 265 171 94 515 66 1835 932 293 639 903 113 790 449 374 75
internal_count=2805 601 559 2204 2147 312 265 171 94 515 66 1835 932 293 639 903 113 790 449 374 75
is_linear=0
shrinkage=0.03


Tree=297
num_leaves=22
num_cat=0
split_feature=14 12 12 17 18 3 3 17 3 8 6 14 14 17 15 14 6 3 6 3 3
split_gain=2.18594 1.89924 1.53857 1.48103 1.74838 3.87587 5.8806 5.68853 3.90177 1.24987 2.90344 1.0577 1.35391 2.42963 1.79998 0.966068 1.28629 0.773693 1.04817 0.978355 0.499666
threshold=-0.2838134831460673 1.1377595505617999 0.85598988764045292 0.05910561797752812 5.5000000000000009 0.22055000000000002 0.016050000000000005 -0.0042185393258427064 0.0079000000000000025 0.19965000000000002 0.032200000000000006 0.0050865168539325776 -0.14745393258426964 -0.0067146067415730362 -7.1730247191011234 0.40500112359550566 0.047700000000000006 0.06795000000000001 0.051900000000000009 0.028200000000000006 0.098450000000000024
decision_type=2 2 2 2 2 2 2 2 2 2 2 2 2 2 2 2 2 2 2 2 2
left_child=1 2 9 4 11 6 8 -8 -6 17 -11 12 13 -2 -14 16 -13 19 -19 -1 -17
right_child=3 -3 -4 -5 5 -7 7 -9 -10 10 -12 15 14 -15 -16 20 -18 18 -20 -21 -22
leaf_value=-0.0013178412520067125 -0.0043602133065744073 -0.0077985500850315604 0.0042008418848060751 -0.0043777259301982421 0.0023696200465483049 -0.0053416793923106711 0.0036524898887974984 0.015484008273144938 -0.010529064140282571 -0.012865906358056236 -0.0032878469658549213 -0.0018255553150017723 -7.2773409934894992e-05 0.0012918024589041875 0.0031218737624585627 0.0021870873868784367 0.0012376075961499802 -0.0032878469658549213 0.0013314989540958776 0.0025315080553991718 -0.00092632866930216547
leaf_weight=183 109 42 44 57 62 47 118 53 32 32 34 528 294 184 345 146 161 130 48 88 68
leaf_count=183 109 42 44 57 62 47 118 53 32 32 34 528 294 184 345 146 161 130 48 88 68
internal_value=0 -0.00164599 -0.00118373 0.000395104 0.000521816 0.00259799 0.00400616 0.00731957 -0.00202142 -0.00164377 -0.00549855 0.00016881 0.000877768 -0.000810825 0.00165204 -0.000562917 -0.00110978 -0.00107714 -0.00261373 -6.7868e-05 0.00119778
internal_weight=0 601 559 2204 2147 312 265 171 94 515 66 1835 932 293 639 903 689 449 178 271 214
internal_count=2805 601 559 2204 2147 312 265 171 94 515 66 1835 932 293 639 903 689 449 178 271 214
is_linear=0
shrinkage=0.03


Tree=298
num_leaves=20
num_cat=0
split_feature=14 12 12 17 18 3 3 6 3 8 14 6 14 14 12 3 1 14 6
split_gain=2.05065 1.78876 1.44589 1.3935 1.64505 3.64681 5.53305 5.57631 3.67118 1.15699 4.44943 1.01842 1.04283 1.27335 1.14329 0.973682 0.741591 0.635434 0.241303
threshold=-0.2838134831460673 1.1377595505617999 0.85598988764045292 0.05910561797752812 5.5000000000000009 0.22055000000000002 0.016050000000000005 -0.018399999999999996 0.0079000000000000025 0.18885000000000005 -0.31731348314606733 -0.077549999999999994 0.0050865168539325776 -0.14745393258426964 -1.5672831460674155 0.06795000000000001 0.038750000000000007 -0.3468134831460673 0.063050000000000009
decision_type=2 2 2 2 2 2 2 2 2 2 2 2 2 2 2 2 2 2 2
left_child=1 2 9 4 11 6 8 -8 -6 15 16 -2 13 -13 -14 17 -11 -1 -17
right_child=3 -3 -4 -5 5 -7 7 -9 -10 10 -12 12 14 -15 -16 18 -18 -19 -20
leaf_value=-0.0017156833666816071 -0.0043987461104772465 -0.0075645935189511092 0.0040748166712000966 -0.0042463940578071693 0.0022985316679302241 -0.0051814292071070125 -0.0028667169293532004 0.01004468811421909 -0.010213192524388431 -0.0018347398810356894 -0.01327497792594573 -0.0006605270467791223 0.0012542477571498602 0.0017494307351680442 -0.0011429428004253088 -0.0018347398810356894 -0.0051756754803604314 0.0021905022363353055 0.00099710235239139616
leaf_weight=53 43 42 44 57 62 47 39 132 32 117 34 289 250 622 631 85 63 128 35
leaf_count=53 43 42 44 57 62 47 39 132 32 117 34 289 250 622 631 85 63 128 35
internal_value=0 -0.00159368 -0.00114506 0.000383251 0.000506162 0.00252005 0.00388598 0.00709998 -0.00196078 -0.00159103 -0.00327742 0.000163745 0.000273225 0.000984911 -0.000462696 -0.000392063 -0.00183474 0.0010467 -0.00183474
internal_weight=0 601 559 2204 2147 312 265 171 94 515 214 1835 1792 911 881 301 180 181 120
internal_count=2805 601 559 2204 2147 312 265 171 94 515 214 1835 1792 911 881 301 180 181 120
is_linear=0
shrinkage=0.03


Tree=299
num_leaves=20
num_cat=0
split_feature=14 12 12 17 17 7 0 5 17 12 6 17 7 12 3 1 6 7 1
split_gain=1.91899 1.68607 1.35743 1.31114 1.55778 3.54813 8.06606 3.62631 1.54796 2.23783 5.04275 1.42353 1.12606 3.19855 3.10685 1.124 0.938122 0.563136 0.47555
threshold=-0.2838134831460673 1.1377595505617999 0.85598988764045292 0.05910561797752812 0.033675842696629217 -0.34549999999999997 0.20895000000000002 0.26090000000000008 0.014679775280898895 -1.5672831460674155 0.047700000000000006 0.013175842696629221 -0.37404999999999994 -1.9055101123595468 0.035050000000000005 0.085150000000000017 -0.077549999999999994 -0.42464999999999992 0.038750000000000007
decision_type=2 2 2 2 2 2 2 2 2 2 2 2 2 2 2 2 2 2 2
left_child=1 2 12 4 8 6 -6 -7 11 15 -11 16 14 -14 -1 -10 -2 -16 -15
right_child=3 -3 -4 -5 5 7 -8 -9 9 10 -12 -13 13 18 17 -17 -18 -19 -20
leaf_value=0.0088333039248192843 -0.003785412913471784 -0.0073376556805201934 0.0039525721112096852 -0.0041190021877226075 0.0036241872401278205 0.0036241872401278205 0.018094765034371189 -0.0091909932065755116 0.0034248610490134786 -0.0091430104571031175 0.0035413624073898551 0.0055272612983689583 -0.0095094652902334917 -0.0009564395176910078 0.001978074905964044 -0.0021707997638732196 0.00055829770270258039 -0.0009564395176910078 -0.0025807247173140514
leaf_weight=33 46 42 44 57 30 48 42 30 70 82 43 51 50 128 65 60 1645 61 178
leaf_count=33 46 42 44 57 30 48 42 30 70 82 43 51 50 128 65 60 1645 61 178
internal_value=0 -0.00154066 -0.00110511 0.000371753 0.000490977 0.00343948 0.00824186 -0.000993487 0.000269507 -0.00191355 -0.00477959 0.000589071 -0.00153722 -0.00247472 0.000561842 0.000842248 0.000440136 -0.00095644 -0.00132525
internal_weight=0 601 559 2204 2147 150 72 78 1997 255 125 1742 515 356 159 130 1691 126 306
internal_count=2805 601 559 2204 2147 150 72 78 1997 255 125 1742 515 356 159 130 1691 126 306
is_linear=0
shrinkage=0.03


Tree=300
num_leaves=20
num_cat=0
split_feature=4 7 12 15 16 16 2 13 16 0 13 14 7 16 4 2 7 15 15
split_gain=1.88477 4.66563 11.097 2.97077 2.34525 2.898 4.31452 1.54686 1.06487 0.97583 0.952487 0.802862 0.783334 0.354284 0.397285 0.345033 0.314212 0.307182 0.168456
threshold=0.22315000000000004 -0.34549999999999997 -1.911510112359547 -9.9038932584269634 8.2705808988763483 -22.692750561797705 0.00055000000000000003 -1.4773426966292147 -4.3259191011236444 0.45120000000000005 -1.9368426966292132 0.65695730337078662 -0.40879999999999994 -79.803649438202271 0.0087500000000000026 0.0018500000000000003 -0.30349999999999994 0.61460674157303441 -12.533024719101123
decision_type=2 2 2 2 2 2 2 2 2 2 2 2 2 2 2 2 2 2 2
left_child=1 2 -1 9 5 6 10 -7 -9 12 -2 13 -4 16 17 -6 -3 -15 -11
right_child=4 11 3 -5 15 7 -8 8 -10 18 -12 -13 -14 14 -16 -17 -18 -19 -20
leaf_value=0.016365456905588507 -0.00034492086721181291 0.0012783193848626701 0.0058024025524541075 0.0012783193848626701 -0.00034492086721181291 -0.010630380798898199 -0.011710081035571713 -0.0013366733444854617 -0.008164422327159521 0.0098827192033914945 -0.0046248219362883406 0.0012783193848626701 0.0012783193848626701 0.0012783193848626701 -0.00034492086721181291 -0.0046005701254277177 -0.00034492086721181291 0.00039127430334637818 0.0068500715779373422
leaf_weight=50 160 41 32 378 334 51 31 52 34 34 55 34 31 143 1213 36 30 70 32
leaf_count=50 160 41 32 378 334 51 31 52 34 34 55 34 31 143 1213 36 30 70 32
internal_value=0 0.000530452 0.00288155 0.00155178 -0.00122029 -0.00299399 -0.00104655 -0.00649085 -0.00403602 0.0058631 -0.000344921 -0.000324912 0.00319246 -0.000344921 -0.000344921 -0.000344921 0.00127832 0.00112747 0.00841234
internal_weight=0 2088 557 507 753 383 246 137 86 129 215 1531 63 1497 1426 370 71 213 66
internal_count=2841 2088 557 507 753 383 246 137 86 129 215 1531 63 1497 1426 370 71 213 66
is_linear=0
shrinkage=0.03


Tree=301
num_leaves=22
num_cat=0
split_feature=4 12 13 16 16 3 15 14 13 12 3 16 1 3 12 13 15 0 12 12 2
split_gain=1.67243 2.23721 9.95847 2.19691 2.77926 5.83931 1.71822 1.89909 1.45544 1.15004 3.75505 1.00194 0.997722 3.11699 0.964411 0.803098 2.24214 0.58181 0.395139 0.36716 0.306172
threshold=0.22315000000000004 -1.911510112359547 -3.7709471910112358 8.2705808988763483 -22.692750561797705 0.077300000000000021 -10.055393258426964 0.65695730337078662 -1.4773426966292147 -1.9590101123595483 0.016050000000000005 -4.3259191011236444 0.034700000000000009 0.019650000000000004 1.1047595505617986 -1.2829112359550556 0.032698876404494655 0.049150000000000006 0.85598988764045292 2.0006179775280946 0.0018500000000000003
decision_type=2 2 2 2 2 2 2 2 2 2 2 2 2 2 2 2 2 2 2 2 2
left_child=1 2 9 4 5 -2 12 15 -6 -1 -11 -10 13 -3 18 16 -8 -7 -14 -16 -5
right_child=3 6 -4 20 8 17 7 -9 11 10 -12 -13 14 -15 19 -17 -18 -19 -20 -21 -22
leaf_value=-0.00032229055851430656 -0.013063119367103684 0.0025797099400597916 0.01434798006306995 -0.00032229055851430656 -0.010311469269149444 -0.0052417095441903384 0.0030036355742078741 0.0052669481111859732 -0.0012965731569924033 -0.00032229055851430656 0.011797095334172369 -0.0079194896331276077 0.00068903803825378414 0.010122547649185767 -0.00032229055851430656 -0.00032229055851430656 -0.00032229055851430656 -0.00032229055851430656 0.0025797099400597916 0.0025444577567448668 -0.0044625528733013191
leaf_weight=47 33 69 55 334 51 35 250 55 52 30 31 34 100 55 55 803 413 178 70 55 36
leaf_count=47 33 69 55 334 51 35 250 55 52 30 31 34 100 55 55 803 413 178 70 55 36
internal_value=0 0.000502301 0.00387696 -0.00114688 -0.00287166 -0.000964532 0.00021655 -0.000245376 -0.00629613 -0.000322291 0.00406421 -0.00391494 0.00195563 0.00419592 0.000963504 -0.000322291 0.00073954 -0.000322291 0.0024757 -0.000322291 -0.000322291
internal_weight=0 2088 163 753 383 246 1925 1521 137 108 61 86 404 124 280 1466 663 213 170 110 370
internal_count=2841 2088 163 753 383 246 1925 1521 137 108 61 86 404 124 280 1466 663 213 170 110 370
is_linear=0
shrinkage=0.03


Tree=302
num_leaves=16
num_cat=0
split_feature=17 3 12 4 7 2 4 16 16 5 14 3 3 12 12
split_gain=2.34803 2.0744 4.40431 6.70034 1.71841 1.67629 3.03041 2.14148 1.74071 1.54928 1.5644 1.08046 1.07056 0.823859 0.814981
threshold=0.05910561797752812 0.22055000000000002 -1.9590101123595483 0.083550000000000013 -0.43744999999999995 0.0018500000000000003 0.31435000000000007 7.1178606741572716 -23.644359550561884 0.50590000000000013 0.41254606741573041 0.11965000000000002 0.04420000000000001 0.85598988764045292 1.0092595505617992
decision_type=2 2 2 2 2 2 2 2 2 2 2 2 2 2 2
left_child=1 2 3 -1 11 6 8 -8 -3 10 -6 12 -4 -10 -9
right_child=-2 5 4 -5 9 -7 7 14 13 -11 -12 -13 -14 -15 -16
leaf_value=0.014830786449753721 -0.0060283776173102009 0.0088670387945228041 0.0018133843805091089 -0.0032141443173731524 -0.00014316641540829648 -0.0068084044931269738 -0.003939796176488629 -0.00022416926101998108 -0.00022416926101998108 -0.0065893548787120853 0.0018133843805091089 0.0018133843805091089 0.0090344748136897881 0.0046454682168276867 -0.003939796176488629
leaf_weight=46 56 31 31 31 1893 53 101 70 56 31 257 59 45 34 47
leaf_count=46 56 31 31 31 1893 53 101 70 56 31 257 59 45 34 47
internal_value=0 0.000176057 0.000507437 0.00756594 0.000272763 -0.00184688 -0.00107119 -0.00318437 0.00273603 6.94555e-05 0.000165466 0.00355731 0.0060792 0.000624238 -0.000224169
internal_weight=0 2785 2393 77 2316 392 339 218 121 2181 2150 135 76 90 117
internal_count=2841 2785 2393 77 2316 392 339 218 121 2181 2150 135 76 90 117
is_linear=0
shrinkage=0.03


Tree=303
num_leaves=18
num_cat=0
split_feature=17 3 12 7 7 1 2 16 0 16 3 13 13 3 3 0 17
split_gain=2.20837 1.97756 4.14294 6.09144 1.59579 2.02129 1.56798 2.09174 1.5717 1.34782 2.51318 1.27425 1.22679 1.02817 1.02239 1.0075 0.216022
threshold=0.05910561797752812 0.22055000000000002 -1.9590101123595483 -0.34549999999999997 -0.43744999999999995 0.52265000000000017 0.0018500000000000003 8.2705808988763483 0.13570000000000002 -22.692750561797705 0.31860000000000005 2.7237084269662906 2.2316573033707869 0.11965000000000002 0.0070500000000000007 0.029800000000000004 -0.012824157303370802
decision_type=2 2 2 2 2 2 2 2 2 2 2 2 2 2 2 2 2
left_child=1 2 3 -1 13 11 7 9 12 10 -3 -6 -9 15 -7 -4 -10
right_child=-2 6 4 -5 5 14 -8 8 16 -11 -12 -13 -14 -15 -16 -17 -18
leaf_value=0.015887200316708341 -0.0058475263217197997 -0.003829771390875088 0.0017501417712798993 -0.00099008292532884153 -0.00017752546622296924 -0.0018689355568556893 -0.0066041523308651342 0.0013722976866248832 0.0022369082758743916 -0.003829771390875088 0.0044471392720280322 0.0014969554015889506 -0.003829771390875088 0.0017501417712798993 -0.0062749158785057558 0.0087634405953188731 0.0054008381883613767
leaf_weight=38 56 50 31 39 1517 32 53 37 31 63 51 560 55 59 72 45 52
leaf_count=38 56 50 31 39 1517 32 53 37 31 63 51 560 55 59 72 45 52
internal_value=0 0.000169554 0.000493107 0.00733897 0.000265503 6.95827e-05 -0.00180561 -0.00105539 0.00122589 -0.00348968 -0.000337195 0.000273947 -0.00147453 0.0034307 -0.00401182 0.00589653 0.00421913
internal_weight=0 2785 2393 77 2316 2181 392 339 175 164 101 2077 92 135 104 76 83
internal_count=2841 2785 2393 77 2316 2181 392 339 175 164 101 2077 92 135 104 76 83
is_linear=0
shrinkage=0.03


Tree=304
num_leaves=20
num_cat=0
split_feature=17 12 4 7 0 13 12 5 13 15 5 7 15 17 16 14 5 13 7
split_gain=2.07527 1.83156 9.43884 10.3928 5.23648 1.49993 2.05089 1.48817 1.24675 1.70635 2.15382 1.85736 1.30239 2.37558 1.34633 1.11897 1.82419 1.22158 0.701309
threshold=0.05910561797752812 -1.911510112359547 0.15585000000000002 -0.34549999999999997 0.21825000000000003 2.8250528089887639 1.1047595505617986 0.27350000000000008 2.0786573033707865 -8.6613668539325825 0.23090000000000002 -0.31859999999999994 0.53354101123595499 -0.0067146067415730362 -23.644359550561884 0.65695730337078662 0.30885000000000007 5.1165528089887653 -0.33669999999999994
decision_type=2 2 2 2 2 2 2 2 2 2 2 2 2 2 2 2 2 2 2
left_child=1 2 3 -1 -4 8 18 -5 12 11 -11 -10 14 -14 -3 17 -17 -8 -7
right_child=-2 5 4 7 -6 6 15 -9 9 10 -12 -13 13 -15 -16 16 -18 -19 -20
leaf_value=0.022266271364710787 -0.0056721005681902165 0.003298148979941018 -0.015205248177051543 0.0069077633126357263 0.0011728916820055938 0.0082674502604641025 0.00071232722338649876 0.0011728916820055938 0.0024807954876762644 0.0020019730314379557 -0.0059106915910476752 -0.0033620846660101207 -0.005642661407843909 -0.00038160739632789781 0.00017905758922868087 0.0093832578579076658 -0.00022662557009607551 -0.0035923555358903297 0.0027421448365426977
leaf_weight=34 56 148 30 43 31 44 361 30 112 40 137 87 88 632 786 32 40 71 39
leaf_count=34 56 148 30 43 31 44 361 30 112 40 137 87 88 632 786 32 40 71 39
internal_value=0 0.000160842 0.00319729 0.00856636 -0.00622058 -3.40846e-05 0.00130154 0.00218559 -0.000420297 -0.00197962 -0.00412252 -7.36295e-05 -6.58191e-05 -0.00102463 0.000673303 0.000581929 0.00404443 4.84464e-06 0.00567122
internal_weight=0 2785 168 107 61 2617 587 73 2030 376 177 199 1654 720 934 504 72 432 83
internal_count=2841 2785 168 107 61 2617 587 73 2030 376 177 199 1654 720 934 504 72 432 83
is_linear=0
shrinkage=0.03


Tree=305
num_leaves=19
num_cat=0
split_feature=1 8 15 15 3 3 7 1 8 8 3 3 12 12 1 3 4 13
split_gain=1.34094 4.52949 2.11152 2.44134 1.67392 7.21404 14.767 11.3301 9.78079 1.7469 2.39472 1.72848 4.13618 1.16401 0.867394 1.8721 0.540061 0.171902
threshold=0.38980000000000009 0.17545000000000002 0.032698876404494655 16.246606741573036 0.012550000000000002 0.037750000000000006 -0.29994999999999994 0.038750000000000007 0.18545000000000003 0.18220000000000003 0.0066500000000000005 0.31860000000000005 -1.0029707865168562 1.1047595505617986 0.091100000000000014 0.078850000000000017 0.011650000000000002 -3.100240449438203
decision_type=2 2 2 2 2 2 2 2 2 2 2 2 2 2 2 2 2 2
left_child=4 2 -2 -4 9 6 7 -6 -9 10 -1 14 -13 -14 15 -7 -11 -8
right_child=1 -3 3 -5 5 11 17 8 -10 16 -12 12 13 -15 -16 -17 -18 -19
leaf_value=0.0016432112425912651 -0.00063781697569783582 -0.012572344279577655 -0.0066050806276377457 -0.00063781697569783582 0.026137054586771784 0.0029305724478511158 0.0042743787732102759 0.014032943829013262 0.0042743787732102759 0.0013805714565369494 0.0089477314427495007 0.011907968937552402 -0.00063781697569783582 0.0050220690846342489 -0.00063781697569783582 -0.00012517721502059098 -0.00063781697569783582 -0.00063781697569783582
leaf_weight=30 184 31 43 51 31 202 31 106 108 243 48 35 101 37 507 564 333 132
leaf_count=30 184 31 43 51 31 202 31 106 108 243 48 35 101 37 507 564 333 132
internal_value=0 -0.00168506 -0.000637817 -0.00514325 0.000409422 0.00087749 0.00440047 0.00918657 0.00673113 -0.000637817 0.00392424 -0.000116544 0.00269704 0.000360941 -0.00049891 0.000387463 -0.000637817 -0.000637817
internal_weight=0 309 278 94 2508 1854 408 245 214 654 78 1446 173 138 1273 766 576 163
internal_count=2817 309 278 94 2508 1854 408 245 214 654 78 1446 173 138 1273 766 576 163
is_linear=0
shrinkage=0.03


Tree=306
num_leaves=16
num_cat=0
split_feature=3 12 3 0 7 14 17 8 7 7 3 3 12 16 16
split_gain=1.23878 3.90255 2.63913 2.05542 5.5124 2.37202 1.98353 1.43877 2.27063 1.23684 3.01962 1.2888 1.15618 0.76929 0.37503
threshold=0.31860000000000005 -1.0029707865168562 0.30785000000000007 0.24995000000000003 -0.39534999999999992 0.048586516853932622 0.039179775280898867 0.16270000000000004 -0.42724999999999996 -0.34549999999999997 0.11055000000000001 0.045700000000000011 1.1047595505617986 8.2705808988763483 8.2705808988763483
decision_type=2 2 2 2 2 2 2 2 2 2 2 2 2 2 2
left_child=2 -2 3 6 5 14 7 -1 -9 10 -6 -11 13 -3 -5
right_child=1 12 -4 4 9 -7 -8 8 -10 11 -12 -13 -14 -15 -16
leaf_value=-0.00061470538086557671 0.011550729816380357 -0.0042482091082880888 -0.0069141301006192752 0.003468486969846515 0.00046359801061255518 0.012857274021953344 -0.0075620153332327262 -0.0019946707021630764 -0.0074224733947603786 0.00046359801061255518 0.003468486969846515 -0.00061470538086557671 0.0048714070520489601 0.0010195582832342811 0.006711262402717362
leaf_weight=223 35 45 49 46 327 39 47 99 81 1030 274 396 37 56 33
leaf_count=223 35 45 49 46 327 39 47 99 81 1030 274 396 37 56 33
internal_value=0 0.00260372 -1.66259e-05 0.000113616 0.000500335 0.00680358 -0.00172975 -0.00104956 -0.00337464 0.000133398 0.00127489 -0.000347694 0.00033455 -0.00132747 0.00381504
internal_weight=0 173 2644 2595 2145 118 450 403 180 2027 601 1426 138 101 79
internal_count=2817 173 2644 2595 2145 118 450 403 180 2027 601 1426 138 101 79
is_linear=0
shrinkage=0.03


Tree=307
num_leaves=16
num_cat=0
split_feature=1 0 7 13 4 15 13 8 17 17 14 14 5 1 15
split_gain=1.1881 1.37966 5.5172 1.64746 2.69701 5.28898 1.15724 1.53312 1.0961 0.766286 1.26192 0.984102 0.745006 0.628165 0.347338
threshold=0.00035000000000000005 0.24995000000000003 -0.3885499999999999 -1.0639112359550562 0.31405000000000005 -0.21830112359550566 -1.2829112359550556 0.19835000000000003 -0.004324157303370795 -0.01782415730337079 0.45004606741573044 -0.083584269662921359 0.30175000000000007 0.091100000000000014 -47.932850561797736
decision_type=2 2 2 2 2 2 2 2 2 2 2 2 2 2 2
left_child=-1 3 -3 4 8 -6 7 12 -2 10 11 -5 -4 -7 -8
right_child=1 2 6 9 5 13 14 -9 -10 -11 -12 -13 -14 -15 -16
leaf_value=0.0060715445112437009 -0.0033405645300900711 0.0030704276625917737 0.0014618919052044183 -0.0010927504813298581 -0.017061003253104223 -0.0033405645300900711 0.0014618919052044183 -0.00040705625431354325 -0.00040705625431354325 -0.00040705625431354325 -0.00040705625431354325 -0.0070026439457433294 0.00052741782544543756 -0.0067106225151779509 -0.00040705625431354325
leaf_weight=30 44 220 362 42 31 41 52 197 63 192 54 64 220 53 1152
leaf_count=30 44 220 362 42 31 41 52 197 63 192 54 64 220 53 1152
internal_value=0 6.93108e-05 0.000412978 -0.00122709 -0.00325025 -0.00627407 -0.000146644 0.00082161 -0.000407056 -0.000407056 -0.00261845 -0.00466099 0.00146189 -0.00334056 -0.000407056
internal_weight=0 2787 2203 584 232 125 1983 779 107 352 160 106 582 94 1204
internal_count=2817 2787 2203 584 232 125 1983 779 107 352 160 106 582 94 1204
is_linear=0
shrinkage=0.03


Tree=308
num_leaves=14
num_cat=0
split_feature=1 1 8 15 15 7 13 12 16 14 8 15 15
split_gain=1.11321 1.0329 4.32085 1.95379 2.34232 1.16911 1.3624 0.920319 1.12875 1.00748 0.39557 0.0879033 0.550808
threshold=0.00035000000000000005 0.38980000000000009 0.17545000000000002 0.032698876404494655 16.246606741573036 -0.34549999999999997 -1.2829112359550556 -1.911510112359547 8.2705808988763483 -0.29454269662921323 0.19835000000000003 -10.055393258426964 -20.411350561797729
decision_type=2 2 2 2 2 2 2 2 2 2 2 2 2
left_child=-1 5 3 -3 -5 7 10 -2 -9 -10 -7 12 -8
right_child=1 2 -4 4 -6 6 11 8 9 -11 -12 -13 -14
leaf_value=0.0058893980458378783 0.0029844174979119609 -0.00063634780350693265 -0.012206817950692868 -0.0064215828770999009 -0.00063634780350693265 0.00040925950795787382 -0.00063634780350693265 0.00040925950795787382 0.00040925950795787382 0.0027925677827949497 -0.00063634780350693265 -0.00063634780350693265 0.00040925950795787382
leaf_weight=30 72 184 31 43 51 431 141 442 128 362 156 598 148
leaf_count=30 72 184 31 43 51 431 141 442 128 362 156 598 148
internal_value=0 7.94369e-05 -0.00155608 -0.000636348 -0.00498593 0.000283381 -0.000254414 0.00107293 0.000787884 0.00194089 0.00040926 -0.000636348 0.000366344
internal_weight=0 2787 309 278 94 2478 1474 1004 932 490 587 887 289
internal_count=2817 2787 309 278 94 2478 1474 1004 932 490 587 887 289
is_linear=0
shrinkage=0.03


Tree=309
num_leaves=16
num_cat=0
split_feature=3 12 3 0 17 3 3 6 13 3 3 3 4 3 15
split_gain=1.14378 3.66677 2.46391 1.68912 1.86461 1.83761 6.03941 1.69621 1.65419 1.02395 1.00694 1.87808 0.928123 1.65452 0.317413
threshold=0.31860000000000005 -1.0029707865168562 0.30785000000000007 0.24995000000000003 0.039179775280898867 0.015200000000000002 0.016650000000000002 -0.014399999999999998 -0.72147977528089846 0.41800000000000009 0.075750000000000012 0.11965000000000002 0.011650000000000002 0.0032500000000000007 -7.3955247191011235
decision_type=2 2 2 2 2 2 2 2 2 2 2 2 2 2 2
left_child=2 -2 3 4 10 12 -7 -8 -3 14 -1 -12 13 -5 -10
right_child=1 8 -4 5 -6 6 7 -9 9 -11 11 -13 -14 -15 -16
leaf_value=-0.00055303160299796064 0.011171757647235478 -0.0050285520036949926 -0.0066832276498328663 0.00038849182888855922 -0.007218577090967843 0.011348785716108978 -0.00055303160299796064 0.0012412478329986017 -0.0021305694192415101 0.0062020283765894801 -0.0072671170885963681 -0.00099123114406723858 -0.00055303160299796064 0.0051242413947750866 0.0021647345257224514
leaf_weight=180 35 38 49 167 47 50 180 1157 32 38 58 165 515 76 30
leaf_count=180 35 38 49 167 47 50 180 1157 32 38 58 165 515 76 30
internal_value=0 0.00249923 -1.86337e-05 0.00010721 -0.00156384 0.000457781 0.00111206 0.000729234 0.000299681 0.00232441 -0.000904359 -0.00262352 -0.000553032 0.00133002 -5.21965e-05
internal_weight=0 173 2644 2595 450 2145 1387 1337 138 100 403 223 758 243 62
internal_count=2817 173 2644 2595 450 2145 1387 1337 138 100 403 223 758 243 62
is_linear=0
shrinkage=0.03


Tree=310
num_leaves=15
num_cat=0
split_feature=12 3 0 3 3 8 6 2 0 7 7 16 8 5
split_gain=3.40002 6.60211 8.88098 5.06288 1.23868 1.15384 2.34316 1.43649 1.32316 2.34258 1.78507 1.15645 0.225387 0.211356
threshold=-1.9340101123595479 0.063600000000000004 0.78655000000000019 0.12005000000000002 0.41800000000000009 0.14420000000000002 -0.077549999999999994 0.27755000000000002 0.24995000000000003 -0.34824999999999995 -0.42994999999999994 27.881444943820217 0.13650000000000004 0.35360000000000008
decision_type=2 2 2 2 2 2 2 2 2 2 2 2 2 2
left_child=1 2 -1 -3 5 7 -7 11 10 -10 -8 12 -2 -6
right_child=4 3 -4 -5 13 6 8 -9 9 -11 -12 -13 -14 -15
leaf_value=-0.022615782821720297 0.0053416578958813956 0.010840316936148391 -0.0014697656895105657 -0.0050642158688847406 0.0058734095067484301 -0.0062079433237748408 -0.00078890210637042025 0.001093315753652859 0.001093315753652859 -0.00054846127523862668 -0.0031572548251330625 0.0094242186328130102 0.0030257552120266538 0.0023977049956879306
leaf_weight=33 39 31 39 43 32 58 221 48 655 1409 146 35 31 31
leaf_count=33 39 31 39 43 32 58 221 48 655 1409 146 35 31 31
internal_value=0 -0.0046942 -0.0111617 0.00159849 5.82881e-06 -9.33047e-05 -0.000248744 0.00243538 -0.000106566 0.000188563 -0.00176637 0.00495819 0.00302576 0.00416314
internal_weight=0 146 72 74 2705 2642 2489 153 2431 2064 367 105 70 63
internal_count=2851 146 72 74 2705 2642 2489 153 2431 2064 367 105 70 63
is_linear=0
shrinkage=0.03


Tree=311
num_leaves=18
num_cat=0
split_feature=12 3 0 3 3 8 0 7 5 7 2 8 16 5 14 17 5
split_gain=3.20096 6.21193 8.35611 4.76367 1.1647 1.03101 1.4394 2.33512 3.2899 1.71833 1.36273 1.10545 1.10341 0.643977 0.449005 0.354152 0.198865
threshold=-1.9340101123595479 0.063600000000000004 0.78655000000000019 0.12005000000000002 0.41800000000000009 0.14420000000000002 0.24995000000000003 -0.42724999999999996 0.37380000000000008 -0.34824999999999995 0.27755000000000002 0.19965000000000002 27.881444943820217 0.40000000000000008 0.41254606741573041 -0.0073202247191011252 0.35360000000000008
decision_type=2 2 2 2 2 2 2 2 2 2 2 2 2 2 2 2 2
left_child=1 2 -1 -3 5 10 7 14 -9 13 12 -11 15 -8 -7 -2 -6
right_child=4 3 -4 -5 16 6 9 8 -10 11 -12 -13 -14 -15 -16 -17 -18
leaf_value=-0.021937310038642452 0.0029050922496909582 0.010515107805089604 -0.0014256732165813446 -0.0049122897206350814 0.0056972071656491603 -0.00090549746573046137 0.0010325528875525594 -0.0029551813215080523 -0.010747707943447817 0.00010666078810340537 0.0010325528875525594 -0.00090549746573046137 0.0091414921777322883 0.00025027272625010845 -0.0029551813215080523 0.0058708312312090718 0.0023257739721767364
leaf_weight=33 33 31 39 43 32 216 544 89 59 1163 48 246 35 138 34 37 31
leaf_count=33 33 31 39 43 32 216 544 89 59 1163 48 246 35 138 34 37 31
internal_value=0 -0.00455337 -0.0108268 0.00155054 6.99665e-06 -8.91308e-05 -0.000236064 -0.00188968 -0.00500487 7.86848e-05 0.00230117 -0.000532007 0.00477763 0.00103255 -0.000905497 0.00290509 0.00403825
internal_weight=0 146 72 74 2705 2642 2489 398 148 2091 153 1409 105 682 250 70 63
internal_count=2851 146 72 74 2705 2642 2489 398 148 2091 153 1409 105 682 250 70 63
is_linear=0
shrinkage=0.03


Tree=312
num_leaves=15
num_cat=0
split_feature=12 3 5 3 3 14 3 3 3 3 8 7 15 5
split_gain=3.00843 5.8448 7.90198 4.48213 1.09724 1.02582 1.93363 0.916337 3.77361 2.75402 8.12928 2.67426 1.00325 0.187112
threshold=-1.9340101123595479 0.063600000000000004 0.28305000000000008 0.12005000000000002 0.41800000000000009 -0.43491348314606731 0.037750000000000006 0.011600000000000001 0.010600000000000002 0.016650000000000002 0.18545000000000003 -0.25914999999999994 -31.911850561797731 0.35360000000000008
decision_type=2 2 2 2 2 2 2 2 2 2 2 2 2 2
left_child=1 2 -1 -3 5 6 -2 8 12 10 -9 -11 -7 -6
right_child=4 3 -4 -5 13 7 -8 9 -10 11 -12 -13 -14 -15
leaf_value=-0.0018600808938102024 0.0015978204729035494 0.010199654370906853 -0.021931715321636968 -0.0047649205155497372 0.0055262909136945381 0.0045397864528805816 -0.00733314782497473 0.015563194864406818 -0.0083781632521588885 0.0002296251827000107 -0.0012146123486216848 -0.0088050588779151444 -0.00055096361342695855 0.0022560007635676754
leaf_weight=41 40 31 31 43 32 37 48 41 56 1722 71 30 597 31
leaf_count=41 40 31 31 43 32 37 48 41 56 1722 71 30 597 31
internal_value=0 -0.00441677 -0.010502 0.00150402 4.3198e-06 -8.89827e-05 -0.00327362 2.07463e-05 -0.000913232 0.000366479 0.00492726 7.49217e-05 -0.000253869 0.0039171
internal_weight=0 146 72 74 2705 2642 88 2554 690 1864 112 1752 634 63
internal_count=2851 146 72 74 2705 2642 88 2554 690 1864 112 1752 634 63
is_linear=0
shrinkage=0.03


Tree=313
num_leaves=17
num_cat=0
split_feature=17 6 7 6 7 14 1 7 7 8 17 0 16 1 8 8
split_gain=2.6078 5.33689 2.93022 3.67572 1.92881 0.952728 0.952383 2.47557 1.05959 1.67151 1.48351 0.907955 0.704191 0.416942 0.291099 0.168515
threshold=0.044445505617977561 -0.0031499999999999996 -0.37044999999999989 0.027200000000000005 -0.30799999999999994 -0.43491348314606731 0.52265000000000017 -0.41499999999999998 -0.3098999999999999 0.14420000000000002 -0.0076601123595505518 0.24995000000000003 8.2705808988763483 0.043150000000000001 0.18370000000000003 0.18495000000000003
decision_type=2 2 2 2 2 2 2 2 2 2 2 2 2 2 2 2
left_child=5 -2 -3 -4 -5 14 8 -8 9 10 -7 -11 13 -10 -1 -14
right_child=1 2 3 4 -6 6 7 -9 12 11 -12 -13 15 -15 -16 -17
leaf_value=-0.0017571004130482926 -0.014512463177723639 0.0047794049989432095 -0.0079389836048821133 0.00048772250111325685 -0.0037812739043618271 0.0028519213590215767 -0.0009581919189839773 -0.0075213853463738855 4.4052903604011817e-05 4.4052903604011817e-05 0.0097811559091011673 0.0010241607573384904 4.4052903604011817e-05 -0.0009581919189839773 -0.0053476086493221024 -0.0009581919189839773
leaf_weight=59 33 50 47 31 48 36 89 57 226 356 36 1212 58 139 31 343
leaf_count=59 33 50 47 31 48 36 89 57 226 356 36 1212 58 139 31 343
internal_value=0 -0.00344134 -0.0013655 -0.00380396 0.000376436 3.97695e-05 0.000146754 -0.0022059 0.000289517 0.000719781 0.00518929 0.000514548 -0.000631675 4.40529e-05 -0.00299383 -0.000958192
internal_weight=0 209 176 126 79 2642 2552 146 2406 1640 72 1568 766 365 90 401
internal_count=2851 209 176 126 79 2642 2552 146 2406 1640 72 1568 766 365 90 401
is_linear=0
shrinkage=0.03


Tree=314
num_leaves=18
num_cat=0
split_feature=12 3 0 3 3 8 15 0 7 5 7 8 5 3 14 7 5
split_gain=2.67948 5.872 8.37442 3.61672 1.0392 0.950472 1.39714 1.24164 2.0977 3.27618 1.56238 1.02525 0.608406 0.602982 0.413245 0.26205 0.173886
threshold=-1.9590101123595483 0.063600000000000004 0.78655000000000019 0.12705000000000002 0.41800000000000009 0.14420000000000002 16.246606741573036 0.24995000000000003 -0.42724999999999996 0.37380000000000008 -0.34824999999999995 0.19965000000000002 0.40000000000000008 0.018650000000000003 0.41254606741573041 -0.2715999999999999 0.35360000000000008
decision_type=2 2 2 2 2 2 2 2 2 2 2 2 2 2 2 2 2
left_child=1 2 -1 -3 5 6 13 8 14 -10 12 -12 -9 -2 -7 -15 -6
right_child=4 3 -4 -5 16 7 -8 10 9 -11 11 -13 -14 15 -16 -17 -18
leaf_value=-0.022042838844560805 0.0047898516196169345 0.0097373854201287021 -0.0010316499832429384 -0.0041967710734982233 0.0053536790175712666 -0.00085561067574457036 0.0076840394836935125 0.0009770238485491418 -0.0027730931632533296 -0.010414809337409679 0.00010596969007837259 -0.00085561067574457036 0.00022564849269764408 0.0046567936357029749 -0.0027730931632533296 0.0009770238485491418 0.002201085998676717
leaf_weight=31 38 30 38 38 32 216 33 547 91 60 1164 247 138 46 34 37 31
leaf_count=31 38 30 38 38 32 216 33 547 91 60 1164 247 138 46 34 37 31
internal_value=0 -0.00430574 -0.0104715 0.00195065 -5.62567e-06 -9.6122e-05 0.00219124 -0.000237193 -0.00176664 -0.00469058 5.54155e-05 -0.000525727 0.000977024 0.000977024 -0.000855611 0.000977024 0.0038024
internal_weight=0 137 69 68 2714 2651 154 2497 401 151 2096 1411 685 121 250 83 63
internal_count=2851 137 69 68 2714 2651 154 2497 401 151 2096 1411 685 121 250 83 63
is_linear=0
shrinkage=0.03


Tree=315
num_leaves=23
num_cat=0
split_feature=16 3 3 7 0 18 17 0 3 15 3 3 3 3 7 1 13 7 0 3 5 13
split_gain=1.09313 3.65028 5.9464 5.82265 6.55155 4.64833 3.3898 4.21143 2.29039 1.89994 0.948433 3.41027 3.89277 2.73328 2.21065 4.27512 1.70054 2.69914 4.32579 1.97366 1.84623 1.65339
threshold=-23.769555056179737 0.15205000000000005 0.12005000000000002 -0.42724999999999996 0.38135000000000002 4.5000000000000009 0.051105617977528113 0.32675000000000004 0.31860000000000005 -3.1038719101123493 0.098450000000000024 0.080850000000000019 0.075750000000000012 0.11055000000000001 -0.32039999999999996 0.11185000000000002 -1.4773426966292147 -0.33669999999999994 0.52975000000000005 0.15970000000000004 0.28230000000000005 -1.2829112359550556
decision_type=2 2 2 2 2 2 2 2 2 2 2 2 2 2 2 2 2 2 2 2 2 2
left_child=1 2 3 -1 5 -5 7 8 -3 -6 11 12 14 -12 15 -2 19 18 -18 -15 -19 -16
right_child=10 6 -4 4 9 -7 -8 -9 -10 -11 13 -13 -14 16 21 -17 17 20 -20 -21 -22 -23
leaf_value=0.012277716894944508 0.0085899420466218415 -0.0062628113099395533 -0.012138535239866801 -0.0036308782735724699 0.0060354875044798997 -0.015491538341157138 0.013516145687211642 0.0094700325280427933 0.0039406194735341999 0.00051316383396848462 -0.0090952622826750342 0.0071386355149038764 -0.010569303583761212 0.00019720484079285101 0.00024225413171599064 0.00048319917886115507 -0.00048488675193485771 -0.0020102260318777426 0.00727303143716059 -0.0083984495289096562 -0.010536595689913919 -0.0018754475860943782
leaf_weight=36 67 43 35 32 45 42 33 51 36 390 38 59 32 44 153 464 379 87 78 53 31 600
leaf_count=36 67 43 35 32 45 42 33 51 36 390 38 59 32 44 153 464 379 87 78 53 31 600
internal_value=0 0.000962863 -0.000151866 0.00061792 -0.000206742 -0.00845882 0.00492939 0.00274967 -0.00158879 0.00119706 -0.000377273 8.25061e-05 -0.00023384 -0.00126769 2.37415e-05 0.00150608 -0.00082506 -0.000205217 0.000839222 -0.00449939 -0.0042502 -0.00102158
internal_weight=0 743 580 545 509 74 163 130 79 435 2085 1375 1316 710 1284 531 672 575 457 97 118 753
internal_count=2828 743 580 545 509 74 163 130 79 435 2085 1375 1316 710 1284 531 672 575 457 97 118 753
is_linear=0
shrinkage=0.03


Tree=316
num_leaves=16
num_cat=0
split_feature=8 1 8 7 13 15 0 8 15 15 15 6 15 8 0
split_gain=1.17631 1.31503 4.46154 1.50894 1.52684 1.29579 1.06341 0.490206 0.479755 0.522147 0.471919 0.56119 0.344025 0.261117 0.171761
threshold=0.14420000000000002 0.38980000000000009 0.17545000000000002 -0.34549999999999997 -1.2829112359550556 0.032698876404494655 0.24995000000000003 0.19835000000000003 2.518041011235955 24.618062359550567 -10.055393258426964 -0.0034499999999999995 6.775791011235957 0.19235000000000002 0.10110000000000001
decision_type=2 2 2 2 2 2 2 2 2 2 2 2 2 2 2
left_child=5 3 8 6 7 14 -2 -5 -3 -10 11 -6 -9 -8 -1
right_child=1 2 -4 4 10 -7 13 12 9 -11 -12 -13 -14 -15 -16
leaf_value=0.0011641640020706738 0.00018730345005974768 -0.0011171839289988935 -0.011948519221230133 0.00018730345005974768 -0.0011171839289988935 0.0061581990142063848 0.0011641640020706738 -0.00046494023946957292 -0.0065328515751145134 -0.0013300253789533269 -0.0011171839289988935 0.00018730345005974768 -0.0011171839289988935 0.00067573372606521075 0.0038117810723281675
leaf_weight=69 370 142 37 415 31 58 441 87 30 33 585 242 85 172 31
leaf_count=69 370 142 37 415 31 58 441 87 30 33 585 242 85 172 31
internal_value=0 -0.000167844 -0.00227672 4.23482e-05 -0.000574496 0.00249617 0.000949103 0.000187303 -0.00111718 -0.00394056 -0.00111718 0.000187303 -0.00111718 0.00116416 0.00116416
internal_weight=0 2670 242 2428 1445 158 983 587 205 63 858 273 172 613 100
internal_count=2828 2670 242 2428 1445 158 983 587 205 63 858 273 172 613 100
is_linear=0
shrinkage=0.03


Tree=317
num_leaves=22
num_cat=0
split_feature=12 12 4 15 1 8 12 3 12 7 3 13 3 6 8 17 15 3 12 16 8
split_gain=1.1169 4.50997 4.26553 4.41558 18.8228 2.20987 2.08742 1.55086 2.65404 0.999198 1.38149 3.12138 1.13679 3.82402 1.02698 1.38662 0.936192 1.66731 0.581664 0.350822 0.328096
threshold=-1.5672831460674155 -1.2398275280898881 0.45985000000000004 8.9967910112359579 0.18615000000000001 0.18650000000000003 -1.9055101123595468 0.0092000000000000016 -1.911510112359547 -0.3098999999999999 0.040500000000000008 -0.16197977528089777 0.011100000000000002 0.011050000000000003 0.14540000000000003 -0.0076601123595505518 -10.040871910112347 0.098450000000000024 -0.77568426966292126 -9.9194191011236494 0.20000000000000004
decision_type=2 2 2 2 2 2 2 2 2 2 2 2 2 2 2 2 2 2 2 2 2
left_child=2 -2 3 4 -1 7 -7 -5 -9 14 12 -12 13 -11 15 -3 17 -16 -18 -8 -14
right_child=1 9 -4 5 -6 6 19 8 -10 10 11 -13 20 -15 16 -17 18 -19 -20 -21 -22
leaf_value=0.023720145718635698 -0.010991593071392605 0.001817401785018106 -0.0076297546500960984 0.0012360338402724925 -0.0028058102266014934 -0.0028058102266014934 0.0012360338402724925 0.011273822019497552 0.0022996143155313768 -0.011391821637128789 -0.00039581637312893802 -0.010697649789451645 -0.00039581637312893802 -0.0010655818150889199 0.001817401785018106 0.0088698166050016885 0.001266598099861049 -0.00039581637312893802 -0.00039581637312893802 -0.0015529762055134263 -0.0057781578191114878
leaf_weight=38 35 53 45 43 33 70 137 45 87 36 37 41 239 312 218 30 190 177 883 41 38
leaf_count=38 35 53 45 43 33 70 137 45 87 36 37 41 239 312 218 30 190 177 883 41 38
internal_value=0 -0.000305274 0.00121265 0.00201813 0.0089411 0.000856123 -0.00096537 0.00343744 0.005359 -0.000139337 -0.00107754 -0.00484207 -0.000607731 -0.00213381 0.000285911 0.00353245 0.000102353 0.00135101 -0.00035731 0.00110234 -0.000395816
internal_weight=0 2289 539 494 71 423 248 175 132 2254 703 78 625 348 1551 83 1468 395 1073 178 277
internal_count=2828 2289 539 494 71 423 248 175 132 2254 703 78 625 348 1551 83 1468 395 1073 178 277
is_linear=0
shrinkage=0.03


Tree=318
num_leaves=19
num_cat=0
split_feature=8 7 5 15 4 12 1 7 3 3 3 7 7 7 4 3 3 3
split_gain=1.07178 2.50489 3.2511 2.60528 1.44908 4.12189 3.35782 2.33036 1.26718 2.22428 2.0046 1.4988 1.37178 0.615706 0.235248 0.147872 0.111215 1.32691
threshold=0.19835000000000003 -0.29994999999999994 0.21230000000000002 0.53354101123595499 0.22315000000000004 -1.9055101123595468 0.18615000000000001 -0.31324999999999997 0.064250000000000015 0.11055000000000001 0.074450000000000016 -0.43159999999999993 -0.36019999999999991 -0.35109999999999991 0.015200000000000002 0.035050000000000005 0.12005000000000002 0.15205000000000005
decision_type=2 2 2 2 2 2 2 2 2 2 2 2 2 2 2 2 2 2
left_child=4 16 -3 -4 5 6 7 -1 11 10 -10 -7 -11 -8 -13 -6 -2 -18
right_child=1 2 3 -5 15 8 13 -9 9 12 -12 14 -14 -15 -16 -17 17 -19
leaf_value=0.016247276715002954 -0.00044377589999050837 -0.0021146262467011431 -0.0054318538989682249 -0.015817863246425985 0.00017915786288139946 0.0060020652188118107 0.0044570411711690886 0.0054447081085385344 0.0027786422370829518 0.0045881142971607352 0.012349848880642843 0.001600847572946314 0.00017915786288139946 0.00017915786288139946 0.00017915786288139946 -0.00044377589999050837 -0.0021146262467011431 -0.00044377589999050837
leaf_weight=32 150 148 51 30 30 43 31 41 54 65 31 267 152 30 857 619 46 151
leaf_count=32 150 148 51 30 30 43 31 41 54 65 31 267 152 30 857 619 46 151
internal_value=0 -0.00116886 -0.00378548 -0.00874908 0.000281307 0.000802092 0.00583897 0.0101801 0.000342635 0.00215561 0.00626932 0.000179158 0.000544251 0.00064387 0.000179158 -0.000443776 -0.000443776 -0.00195229
internal_weight=0 576 229 81 2252 1603 134 73 1469 302 85 1167 217 61 1124 649 347 197
internal_count=2828 576 229 81 2252 1603 134 73 1469 302 85 1167 217 61 1124 649 347 197
is_linear=0
shrinkage=0.03


Tree=319
num_leaves=15
num_cat=0
split_feature=8 3 0 1 8 7 4 13 5 15 15 15 15 16
split_gain=1.01401 1.89082 1.99825 1.26981 4.21379 1.41661 1.66146 1.41877 0.940067 0.48738 0.486465 0.483775 0.473491 0.445266
threshold=0.14420000000000002 0.04735000000000001 0.10110000000000001 0.38980000000000009 0.17545000000000002 -0.34549999999999997 0.22315000000000004 -1.2829112359550556 0.30945000000000006 2.518041011235955 -10.055393258426964 -12.533024719101123 24.618062359550567 7.1178606741572716
decision_type=2 2 2 2 2 2 2 2 2 2 2 2 2 2
left_child=1 2 13 5 9 6 -2 8 -7 -5 11 -9 -11 -1
right_child=3 -3 -4 4 -6 7 -8 10 -10 12 -12 -13 -14 -15
leaf_value=0.0052306694686412806 0.0010736494283871375 0.0010736494283871375 0.011553265553983776 -0.0010959389532218331 -0.011631079790358607 0.00018393482365319634 0.00018393482365319634 -0.0010959389532218331 -0.0010959389532218331 -0.0063635093717902208 -0.0010959389532218331 0.00018393482365319634 -0.0014318757042796773 0.0010736494283871375
leaf_weight=30 307 62 33 142 37 532 676 175 55 30 585 98 33 33
leaf_count=30 307 62 33 142 37 532 676 175 55 30 585 98 33 33
internal_value=0 0.00231036 0.00557295 -0.000163063 -0.00223536 4.34841e-05 0.000922061 -0.000554191 0.000183935 -0.00109594 -0.00109594 0.000183935 -0.00391904 0.0024404
internal_weight=0 158 96 2670 242 2428 983 1445 587 205 858 273 63 63
internal_count=2828 158 96 2670 242 2428 983 1445 587 205 858 273 63 63
is_linear=0
shrinkage=0.03


Tree=320
num_leaves=21
num_cat=0
split_feature=4 12 15 3 16 7 14 1 7 4 3 5 3 6 3 3 16 7 7 5
split_gain=1.48666 9.50921 1.37317 2.69305 3.47058 3.58145 1.90674 1.79058 11.563 1.44235 1.18114 1.0764 0.787018 0.661721 2.28194 3.79214 1.18464 0.398792 0.256703 0.123339
threshold=0.21930000000000002 -2.0460101123595478 10.228291011235957 0.062800000000000009 -23.769555056179737 -0.33849999999999997 0.088001123595505673 0.033250000000000009 -0.29794999999999994 0.024400000000000002 0.11480000000000001 0.19375000000000001 0.0018000000000000002 0.022850000000000006 0.11965000000000002 0.075750000000000012 7.7131404494380726 -0.33849999999999997 -0.29249999999999993 0.31235000000000007
decision_type=2 2 2 2 2 2 2 2 2 2 2 2 2 2 2 2 2 2 2 2
left_child=2 -2 3 7 5 -5 10 8 -1 19 -6 12 -4 14 15 -3 -17 -8 -10 -9
right_child=1 13 11 4 6 -7 17 9 18 -11 -12 -13 -14 -15 -16 16 -18 -19 -20 -21
leaf_value=0.01773064809071051 -0.015920818092731329 -0.0015520564294854643 0.0014072700823177145 0.016661101873032748 0.0032586072075709298 0.0024397513078635229 0.0070652451345939995 0.00056986370228327352 0.0044366848163190295 -0.00071399578743710698 -0.00071399578743710698 -0.00071399578743710698 0.0067905782034088456 -0.00071399578743710698 -0.0015520564294854643 -0.014231599140912293 -0.0065353570195535822 0.0031149412493180965 0.00056986370228327352 -7.2066042576916735e-05
leaf_weight=37 39 42 33 30 74 34 46 233 32 559 152 448 35 527 98 36 36 46 228 80
leaf_count=37 39 42 33 30 74 34 46 233 32 559 152 448 35 527 98 36 36 46 228 80
internal_value=0 -0.00148326 5.52723e-05 0.000545155 0.00273198 0.00910601 0.00144915 -0.000169444 0.00185372 -0.000713996 -3.30024e-05 -0.000713996 0.00352854 -0.000721336 -0.00239012 -0.00594767 -0.0103835 0.00509009 0.000569864 0.000569864
internal_weight=0 778 2067 1551 382 64 318 1169 297 872 226 516 68 739 212 114 72 92 260 313
internal_count=2845 778 2067 1551 382 64 318 1169 297 872 226 516 68 739 212 114 72 92 260 313
is_linear=0
shrinkage=0.03


Tree=321
num_leaves=16
num_cat=0
split_feature=4 17 15 17 5 8 13 17 5 8 2 1 7 7 8
split_gain=1.29636 6.23953 1.29163 2.00187 6.75333 1.0281 3.45566 1.56237 0.963318 0.916005 1.65502 1.19258 1.12966 0.919487 0.113924
threshold=0.21930000000000002 0.046605617977528137 10.228291011235957 0.037179775280898865 0.30565000000000003 0.19365000000000002 -2.011842696629214 -0.0022185393258427051 0.19375000000000001 0.16510000000000002 0.27755000000000002 0.033250000000000009 -0.29519999999999996 -0.34549999999999997 0.19480000000000003
decision_type=2 2 2 2 2 2 2 2 2 2 2 2 2 2 2
left_child=2 5 3 9 -5 -2 -7 -8 14 10 -1 12 -11 -13 -4
right_child=1 -3 8 4 -6 6 7 -9 -10 11 -12 13 -14 -15 -16
leaf_value=0.0071160364251485779 -0.00068925595767704091 -0.011344260460222667 0.0047056091677222861 0.015794180806260556 -0.00068925595767704091 -0.012506064478307962 -0.0079775364573525138 -0.0019523481688232798 -0.00068925595767704091 0.0016400679284183277 0.0016400679284183277 0.00047513821440175433 0.00047513821440175433 -0.00068925595767704091 0.002245490048468734
leaf_weight=57 580 53 32 32 32 30 43 72 448 178 35 334 242 641 36
leaf_count=57 580 53 32 32 32 30 43 72 448 178 35 334 242 641 36
internal_value=0 -0.0014076 2.9093e-05 0.000509574 0.00570473 -0.000689256 -0.00321544 -0.00195235 -0.000689256 0.000285976 0.00318537 9.47616e-05 0.00143122 -0.000480944 0.00340319
internal_weight=0 778 2067 1551 64 725 145 115 516 1487 92 1395 420 975 68
internal_count=2845 778 2067 1551 64 725 145 115 516 1487 92 1395 420 975 68
is_linear=0
shrinkage=0.03


Tree=322
num_leaves=23
num_cat=0
split_feature=3 3 3 3 8 3 1 8 1 3 12 0 3 3 3 18 3 0 3 3 7 18
split_gain=0.997786 4.52771 3.38098 7.80151 4.47888 3.45855 10.9684 2.75706 5.18531 4.23353 2.58568 4.08195 2.08771 1.82338 1.52588 1.15909 1.13729 5.26175 5.77669 3.19009 1.23857 1.09324
threshold=0.045700000000000011 0.048450000000000007 0.036800000000000006 0.037750000000000006 0.19865000000000002 0.031000000000000003 0.38980000000000009 0.18220000000000003 0.51270000000000016 0.021000000000000001 -1.9590101123595483 0.46205000000000002 0.012550000000000002 0.023950000000000003 0.028200000000000006 4.5000000000000009 0.098450000000000024 0.29825000000000007 0.071700000000000014 0.11055000000000001 -0.33849999999999997 4.5000000000000009
decision_type=2 2 2 2 2 2 2 2 2 2 2 2 2 2 2 2 2 2 2 2 2 2
left_child=2 21 5 -4 15 7 -7 8 14 12 11 -3 -9 -11 -1 -5 17 -12 -19 -18 -21 -2
right_child=1 10 3 4 -6 6 -8 9 -10 13 16 -13 -14 -15 -16 -17 19 18 -20 20 -22 -23
leaf_value=0.0044027579975611875 -0.0047756598909355456 -0.012458807501010596 0.015969113779182618 0.00046588988128033548 -0.0090833762713418767 0.0047946665611650263 -0.019313022171739826 -0.0013516747140073209 0.00068395978818382142 -0.012216794183729469 -0.007967121890017196 0.0020447102140995761 0.00068395978818382142 -0.0033939158911721742 0.010657918505197346 0.0072411294336965741 -0.0086388342069800596 -0.0013588634182233363 0.0076921031912488324 0.00022517277159540055 -0.0024614157567548591 -0.012680509686470031
leaf_weight=191 31 40 39 44 32 35 33 595 130 37 46 31 192 49 43 47 44 130 124 702 198 32
leaf_count=191 31 40 39 44 32 35 33 595 130 37 46 31 192 49 43 47 44 130 124 702 198 32
internal_value=0 -0.000934329 0.000189866 0.00427753 0.000570441 -0.000317568 -0.00690465 4.45352e-05 0.00223792 -0.000870005 -0.000557934 -0.00612629 -0.000179404 -0.00718981 0.00555221 0.00396519 -0.000240126 0.00136894 0.00305972 -0.000751481 -0.000365877 -0.00879082
internal_weight=0 1378 1467 162 123 1305 68 1237 364 873 1315 71 787 86 234 91 1244 300 254 944 900 63
internal_count=2845 1378 1467 162 123 1305 68 1237 364 873 1315 71 787 86 234 91 1244 300 254 944 900 63
is_linear=0
shrinkage=0.03


Tree=323
num_leaves=20
num_cat=0
split_feature=3 3 3 12 14 14 12 3 3 5 3 14 8 17 14 5 7 3 13
split_gain=0.986647 1.78026 6.30187 2.24549 1.76251 2.94464 2.26233 1.52534 2.85753 5.39349 1.92105 1.30398 1.67366 1.25632 0.996434 0.993786 1.14408 0.720674 0.547725
threshold=0.23790000000000003 0.13455000000000003 0.12005000000000002 -1.753382022471907 0.24095730337078661 0.36067640449438215 -1.0029707865168562 0.11865000000000002 0.11275000000000002 0.31805000000000005 0.11245000000000001 -0.040823595505617864 0.18420000000000003 0.015281460674157312 -0.026868539325842707 0.30345000000000005 -0.46764999999999995 0.17570000000000005 -1.5368426966292146
decision_type=2 2 2 2 2 2 2 2 2 2 2 2 2 2 2 2 2 2 2
left_child=1 2 7 -3 6 -6 -2 8 10 -10 -1 15 -13 14 18 -8 -17 -16 -5
right_child=4 3 -4 13 5 -7 11 -9 9 -11 -12 12 -14 -15 17 16 -18 -19 -20
leaf_value=-0.00016873626033846908 0.0058101640059612684 0.0094447037018835552 -0.013234595421920804 0.0035831080672933772 -0.01223664090782404 -0.0011054119878363879 0.0016003199485385266 0.0051871932253403502 -9.86234174000428e-05 -0.012763029222396459 0.0072424864664208145 0.0051587614825542045 -0.0038598705843211176 -0.0036824386804251044 0.006855206438340246 -0.0013296479771085746 -0.0058752333027465888 0.0014894074665186584 -0.00086651861006694459
leaf_weight=1928 42 33 34 34 35 55 32 46 85 47 32 46 31 41 50 32 108 41 93
leaf_count=1928 42 33 34 34 35 55 32 46 85 47 32 46 31 41 50 32 108 41 93
internal_value=0 -0.000124762 -0.00042043 0.00207452 -0.0017652 -0.00543422 -0.000630454 -0.00021665 -0.000335473 -0.00460792 -4.77367e-05 -0.00171682 0.00152788 0.00113547 0.00204158 -0.0031694 -0.00425962 0.00443765 0.00032472
internal_weight=0 2464 2172 292 381 90 291 2138 2092 132 1960 249 77 259 218 172 140 91 127
internal_count=2845 2464 2172 292 381 90 291 2138 2092 132 1960 249 77 259 218 172 140 91 127
is_linear=0
shrinkage=0.03


Tree=324
num_leaves=24
num_cat=0
split_feature=4 12 15 3 16 7 1 7 3 18 4 5 12 17 17 7 6 7 18 13 7 5 5
split_gain=1.0555 8.23158 1.20579 2.56157 3.23186 3.33688 1.60411 10.5641 1.29893 1.33508 1.24177 0.828231 0.649221 0.534437 2.57288 2.07847 1.84238 1.82752 1.25144 0.988605 0.213541 0.10025 0.0932685
threshold=0.21930000000000002 -2.0460101123595478 10.228291011235957 0.062800000000000009 -23.769555056179737 -0.33849999999999997 0.033250000000000009 -0.29794999999999994 0.11480000000000001 3.5000000000000004 0.024400000000000002 0.19375000000000001 1.0000000180025095e-35 -0.0013202247191011205 -0.012218539325842713 -0.42254999999999993 0.022850000000000006 -0.39244999999999997 4.5000000000000009 -1.8418426966292143 -0.29249999999999993 0.17235000000000003 0.31235000000000007
decision_type=2 2 2 2 2 2 2 2 2 2 2 2 2 2 2 2 2 2 2 2 2 2 2
left_child=2 -2 3 6 5 -5 7 -1 12 -10 22 21 -6 14 16 19 17 -3 -17 -16 -9 -4 -8
right_child=1 13 11 4 8 -7 10 20 9 -11 -12 -13 -14 -15 15 18 -18 -19 -20 -21 -22 -23 -24
leaf_value=0.016928647729014423 -0.014710303269899808 -0.0028938524989596359 0.0044015023764222864 0.016071631260121646 0.00031331466510891914 0.002344449104549473 0.00055343890251387858 0.0042736961465561765 0.0043030765290670795 -0.00062694239628744482 -0.00062694239628744482 -0.00062694239628744482 0.0055063535882016786 -0.00062694239628744482 -0.00062694239628744482 -0.0051300886547068084 -0.00062694239628744482 -0.010708677444387884 -0.012534194950896657 -0.0051300886547068084 0.00055343890251387858 0.002093738221519743 -3.6751746886783101e-05
leaf_weight=37 39 50 36 30 30 34 233 32 53 157 559 448 78 294 31 30 228 34 38 34 228 32 80
leaf_count=37 39 50 36 30 30 34 233 32 53 157 559 448 78 294 31 30 228 34 38 34 228 32 80
internal_value=0 -0.00127513 2.12465e-05 0.000495382 0.00262815 0.00877907 -0.000201554 0.00173382 0.00139023 1.5231e-05 -0.000626942 -0.000626942 0.00406384 -0.000626942 -0.00166955 -0.0052147 -0.000626942 -0.00516076 -0.00888136 -0.00137882 0.000553439 0.0033155 0.000553439
internal_weight=0 778 2067 1551 382 64 1169 297 318 210 872 516 108 739 445 133 312 84 68 65 260 68 313
internal_count=2845 778 2067 1551 382 64 1169 297 318 210 872 516 108 739 445 133 312 84 68 65 260 68 313
is_linear=0
shrinkage=0.03


Tree=325
num_leaves=25
num_cat=0
split_feature=12 1 3 16 8 14 12 13 3 12 8 15 15 15 8 13 1 3 3 13 17 8 3 16
split_gain=2.30358 2.65847 4.10204 3.82494 3.05878 1.18269 1.72647 2.07225 1.67297 1.18256 1.45622 0.912139 1.42811 0.996726 1.01189 0.826478 0.708656 0.611264 1.61458 1.0383 0.598959 1.29603 0.765437 0.544749
threshold=-1.911510112359547 0.18615000000000001 0.031000000000000003 -52.09964943820227 0.1867 -0.18158426966292132 1.1112595505617977 2.7514061797752798 0.018650000000000003 0.23352921348314484 0.20130000000000001 -7.1730247191011234 -8.4318668539325827 -6.7057089887640435 0.15335000000000001 -0.34124044943820303 0.016450000000000003 0.11670000000000001 0.075750000000000012 3.2241398876404497 -0.0022185393258427051 0.17605000000000001 0.0051000000000000012 -10.932419101123626
decision_type=2 2 2 2 2 2 2 2 2 2 2 2 2 2 2 2 2 2 2 2 2 2 2 2
left_child=1 3 -3 4 -1 6 7 9 -9 10 -2 12 17 -13 23 -11 -16 18 -7 -19 21 -14 -22 -15
right_child=5 2 -4 -5 -6 11 -8 8 -10 15 -12 13 20 14 16 -17 -18 19 -20 -21 22 -23 -24 -25
leaf_value=0.011700290843844413 -0.0017855753611850864 0.0020939182148680888 -0.010254941077902913 0.013049573691731148 0.0020939182148680888 0.0011604428773301023 -0.0064202712918631734 -0.0016158379850188091 0.0071890092727083426 -0.0028900649173672056 -0.0083820271951678595 0.0061282843351364137 -0.00019409045803031938 0.0060389324387206747 0.0022399722634663987 0.00090581233515934665 0.00028473724808359514 0.0074360542425945877 -0.0051254662617363708 0.00076367145533171987 0.0033000182993710037 -0.0057803806044155713 -0.0018050087467660582 0.0022399722634663987
leaf_weight=30 216 40 30 44 73 224 48 31 52 66 35 33 68 51 182 237 976 31 44 65 35 83 108 41
leaf_count=30 216 40 30 44 73 224 48 31 52 66 35 33 68 51 182 237 976 31 44 65 35 83 108 41
internal_value=0 0.00335418 -0.00145772 0.00564556 0.00248268 0.000138048 -0.000933661 -0.000520227 0.00390045 -0.00118253 -0.0027054 0.000516265 -0.000391847 0.000982 0.000846138 7.89876e-05 0.000605551 0.000864217 0.000128428 0.0029183 -0.00194697 -0.0032647 -0.000555527 0.00387439
internal_weight=0 217 70 147 103 2626 685 637 83 554 251 1941 658 1283 1250 303 1158 364 268 96 294 151 143 92
internal_count=2843 217 70 147 103 2626 685 637 83 554 251 1941 658 1283 1250 303 1158 364 268 96 294 151 143 92
is_linear=0
shrinkage=0.03


Tree=326
num_leaves=25
num_cat=0
split_feature=12 3 5 3 8 14 12 13 3 12 13 15 15 15 8 13 0 3 3 13 16 14 3 7
split_gain=2.14368 2.48797 7.69216 14.6155 3.3223 1.11211 1.62443 1.94978 1.5741 1.11267 1.41189 0.857396 1.34371 0.938063 0.943365 0.777633 0.713987 0.575139 1.51916 0.976937 0.517779 0.46232 0.61113 0.58224
threshold=-1.911510112359547 0.015200000000000002 0.34515000000000001 0.051100000000000007 0.18520000000000003 -0.18158426966292132 1.1112595505617977 2.7514061797752798 0.018650000000000003 0.23352921348314484 -3.9884471910112356 -7.1730247191011234 -8.4318668539325827 -6.7057089887640435 0.15335000000000001 -0.34124044943820303 0.24995000000000003 0.11670000000000001 0.075750000000000012 3.2241398876404497 -10.932419101123626 0.018131460674157333 0.029650000000000003 -0.37284999999999996
decision_type=2 2 2 2 2 2 2 2 2 2 2 2 2 2 2 2 2 2 2 2 2 2 2 2
left_child=1 4 3 -3 -1 6 7 9 -9 10 -2 12 17 -13 20 -11 -16 18 -7 -19 -15 23 -23 -14
right_child=5 2 -4 -5 -6 11 -8 8 -10 15 -12 13 21 14 16 -17 -18 19 -20 -21 -22 22 -24 -25
leaf_value=0.0052105488966811787 0.001831446983577574 0.025691615477747596 -0.0038077182090788513 0.0032984776185270947 -0.0081517719981424944 0.0011256296024852678 -0.0062276631401618938 -0.0015673628536563727 0.0069733388474784216 -0.0028033629463011904 -0.0037604368437314404 0.005944435625252399 0.0024657327944243492 0.0058577644036096679 -0.0010279288095722591 0.00087863798402072974 0.00093123608838805816 0.0072129725646828445 -0.0049717022838409652 0.00074076137820688578 0.0021659028964106236 -0.0066656768490635857 -0.0011357507786846587 -0.0018530455124305769
leaf_weight=33 51 36 53 61 34 224 48 31 52 66 200 33 33 51 203 237 955 31 44 65 41 37 35 189
leaf_count=33 51 36 53 61 34 224 48 31 52 66 200 33 33 51 203 237 955 31 44 65 41 37 35 189
internal_value=0 0.00323609 0.00538296 0.0104047 -0.00157033 0.000133589 -0.000905651 -0.00050462 0.00378344 -0.00114705 -0.00262424 0.000500349 -0.000380091 0.000951891 0.000820088 7.6618e-05 0.00058779 0.000838291 0.000124575 0.00283075 0.00374402 -0.00188856 -0.00397752 -0.00121106
internal_weight=0 217 150 97 67 2626 685 637 83 554 251 1941 658 1283 1250 303 1158 364 268 96 92 294 72 222
internal_count=2843 217 150 97 67 2626 685 637 83 554 251 1941 658 1283 1250 303 1158 364 268 96 92 294 72 222
is_linear=0
shrinkage=0.03


Tree=327
num_leaves=26
num_cat=0
split_feature=12 1 16 13 8 14 12 13 12 8 17 15 12 15 13 14 16 8 17 12 1 13 14 7 7
split_gain=1.99605 2.33379 3.64809 3.08856 2.82463 1.04537 1.52843 1.83455 1.04691 1.37228 0.815276 1.15028 5.26346 0.901456 1.40169 0.855238 2.37973 3.40192 1.09377 0.78172 0.803167 0.731675 0.626166 0.601252 0.399192
threshold=-1.911510112359547 0.18615000000000001 -52.09964943820227 -3.7709471910112358 0.1867 -0.18158426966292132 1.1112595505617977 2.7514061797752798 0.23352921348314484 0.20130000000000001 -0.0073202247191011252 10.523291011235957 -1.5672831460674155 -7.0234589887640446 -2.9322404494382037 0.63245730337078687 30.222860674157236 0.17515000000000003 -0.012218539325842713 2.0576179775280932 0.19720000000000001 -0.34124044943820303 0.40500112359550566 -0.36449999999999994 -0.3885499999999999
decision_type=2 2 2 2 2 2 2 2 2 2 2 2 2 2 2 2 2 2 2 2 2 2 2 2 2
left_child=1 2 4 -3 -1 6 7 8 9 -2 15 13 23 22 -15 16 18 -18 -7 20 -17 -10 -12 -13 -9
right_child=5 3 -4 -5 -6 10 -8 24 21 -11 11 12 -14 14 -16 19 17 -19 -20 -21 -22 -23 -24 -25 -26
leaf_value=0.01115806408971548 -0.0016525909670033593 0.0019420570048185215 0.012500579526478595 -0.0084369043057615101 0.0019420570048185215 0.00062828342486691659 -0.0060408332665974739 0.0064352873396128409 -0.002719262059227648 -0.0080560973271993647 -0.00070611674384071571 0.0045919426830133064 -0.012369154422513901 -4.820858964042083e-05 0.0030813801210244044 0.0066042180572597614 0.00094483908883725791 -0.0096224668942359749 -0.0027839769585768933 -0.00078542399704456328 0.00032878367771064078 0.00085227885299739487 0.0032001604139804841 0.00010964499426666986 0.0021046412985701608
leaf_weight=30 216 37 44 33 73 579 48 30 66 35 206 37 31 185 424 45 52 58 99 50 31 237 45 99 53
leaf_count=30 216 37 44 33 73 579 48 30 66 35 206 37 31 185 424 45 52 58 99 50 31 237 45 99 53
internal_value=0 0.00312286 0.00526976 -0.00138565 0.00218087 0.000129089 -0.000878481 -0.000489481 -0.00111264 -0.00254551 0.000484672 0.0010647 -0.00121369 0.00150713 0.00213068 -0.000167066 -0.000534022 -0.00462701 0.000130033 0.00212786 0.0040445 7.43194e-05 -5.78817e-06 0.00132909 0.00366994
internal_weight=0 217 147 70 103 2626 685 637 554 251 1941 1027 167 860 609 914 788 110 678 126 76 303 251 136 83
internal_count=2843 217 147 70 103 2626 685 637 554 251 1941 1027 167 860 609 914 788 110 678 126 76 303 251 136 83
is_linear=0
shrinkage=0.03


Tree=328
num_leaves=25
num_cat=0
split_feature=12 4 3 7 5 14 12 13 3 12 13 4 14 4 16 14 7 7 3 0 16 14 16 1
split_gain=1.85272 3.35449 6.64099 4.56373 6.40235 0.983585 1.4381 1.72613 1.46389 0.98504 1.3305 0.835943 0.720565 1.17837 1.50472 1.24394 1.51489 1.14617 1.08782 1.53406 2.73722 1.47854 0.890413 0.0092385
threshold=-1.911510112359547 0.10385000000000001 0.085450000000000012 -0.30609999999999998 0.30175000000000007 -0.18158426966292132 1.1112595505617977 2.7514061797752798 0.018650000000000003 0.23352921348314484 -3.9884471910112356 0.16300000000000003 -0.10782359550561792 0.0087500000000000026 8.2705808988763483 0.029631460674157343 -0.44879999999999992 -0.3098999999999999 0.0051000000000000012 0.38135000000000002 -3.9884191011236108 -0.14745393258426964 -24.753139325842763 0.077550000000000022
decision_type=2 2 2 2 2 2 2 2 2 2 2 2 2 2 2 2 2 2 2 2 2 2 2 2
left_child=1 3 -3 4 -1 6 7 9 -9 10 -2 -11 18 14 -14 16 -15 -17 21 20 -20 -7 -21 -4
right_child=5 2 23 -5 -6 12 -8 8 -10 11 -12 -13 13 15 -16 17 -18 -19 19 22 -22 -23 -24 -25
leaf_value=0.022225062616409795 0.0018562154148650519 -0.012871965412651339 0.0024711203347373332 0.0024711203347373332 0.0069541422394406522 -0.0067847318343410732 -0.0058596081804716954 -0.0016002449913010482 0.0066360397725992908 0.0012447787449480249 -0.0035721117938635871 -0.0020452650752849875 0.0073964547266950828 0.0015513561777025168 0.0015513561777025168 0.0012056041860523691 -0.0019102274886798115 -0.0014062246260106224 0.0014390024187896074 0.0014390024187896074 -0.0073245118787655461 0.0019675366683421947 0.0047485077805666078 -0.00047818537056446074
leaf_weight=31 51 31 32 51 42 32 48 31 52 195 200 108 48 41 55 640 450 198 115 122 39 38 163 30
leaf_count=31 51 31 32 51 42 32 48 31 52 195 200 108 48 41 55 640 450 198 115 122 39 38 163 30
internal_value=0 0.00300949 -0.0012975 0.00623974 0.0114372 0.000125217 -0.000852127 -0.000474797 0.00355984 -0.00107926 -0.00246914 7.20899e-05 0.000470132 0.000125518 0.00321677 -0.00011406 -0.00131312 0.00058849 0.00143965 0.00199346 -0.000419066 -0.0020335 0.00329707 0.00247112
internal_weight=0 217 93 124 73 2626 685 637 83 554 251 303 1941 1432 103 1329 491 838 509 439 154 70 285 62
internal_count=2843 217 93 124 73 2626 685 637 83 554 251 303 1941 1432 103 1329 491 838 509 439 154 70 285 62
is_linear=0
shrinkage=0.03


Tree=329
num_leaves=17
num_cat=0
split_feature=17 7 7 15 16 4 17 16 8 16 13 13 8 7 13 5
split_gain=1.65616 6.30761 1.31468 1.10149 1.17034 2.03297 2.4557 1.727 3.00266 1.4813 1.2915 0.949841 1.68988 1.63707 0.710748 0.456887
threshold=0.048605617977528111 -0.3542499999999999 -0.30609999999999998 30.472062359550563 24.028249438202298 0.22315000000000004 0.042839887640449471 -45.316199999999974 0.17830000000000004 26.560249438202337 -1.4773426966292147 2.8250528089887639 0.17000000000000001 -0.28939999999999994 -1.2829112359550556 0.23090000000000002
decision_type=2 2 2 2 2 2 2 2 2 2 2 2 2 2 2 2
left_child=3 -2 -3 4 5 7 10 8 -1 15 -7 13 -13 -11 -9 -6
right_child=1 2 -4 -5 9 6 -8 14 -10 11 -12 12 -14 -15 -16 -17
leaf_value=0.011879367230309022 0.014973407008431174 0.0030773086840501771 -0.00388516415072524 -0.0046450314804678781 -0.0021240405663847921 -0.0024402906074054895 -0.0082941895664522536 0.0017099059402818583 0.0012030886489347637 -0.00043646113695371342 0.00016666762219650028 0.0051497806318323404 -0.0001244215452943438 -0.0054642157251124871 0.0002483019011245125 -0.0070765791853007508
leaf_weight=37 33 52 46 42 30 188 38 608 66 408 252 68 279 68 590 38
leaf_count=37 33 52 46 42 30 188 38 608 66 408 252 68 279 68 590 38
internal_value=0 0.0036292 -0.000190791 0.000175533 0.000251362 0.000695863 -0.000977242 0.00131058 0.00503826 -0.000636142 -0.000345324 -0.000284534 0.00090914 -0.00115471 0.000990084 -0.00489164
internal_weight=0 131 98 2712 2670 1779 478 1301 103 891 440 823 347 476 1198 68
internal_count=2843 131 98 2712 2670 1779 478 1301 103 891 440 823 347 476 1198 68
is_linear=0
shrinkage=0.03


Tree=330
num_leaves=13
num_cat=0
split_feature=17 4 7 3 5 3 4 3 8 7 7 8
split_gain=1.77621 1.19529 1.39053 1.75962 1.95763 1.52159 4.3585 5.8229 1.55862 1.96434 1.25056 0.351481
threshold=0.05910561797752812 0.62970000000000004 -0.3098999999999999 0.040500000000000008 0.27055000000000001 0.017750000000000005 0.025500000000000005 0.010150000000000001 0.14280000000000001 -0.3885499999999999 -0.35939999999999994 0.20425000000000001
decision_type=2 2 2 2 2 2 2 2 2 2 2 2
left_child=1 2 5 4 11 6 7 -1 -7 -10 -8 -4
right_child=-2 -3 3 -5 -6 8 10 -9 9 -11 -12 -13
leaf_value=0.0032188001657879454 0.0053211990351739683 -0.0048244165084527241 -0.00022389733097702888 -0.002386094447102984 -0.002386094447102984 0.0053112979374825954 0.0028817445989895302 0.017892307890579103 0.0015158777959065652 -0.00022389733097702888 -0.00022389733097702888 -0.0013049958890400065
leaf_weight=129 57 46 646 91 76 50 76 30 595 882 110 34
leaf_count=129 57 46 646 91 76 50 76 30 595 882 110 34
internal_value=0 -2.89028e-05 5.22276e-05 -0.000956369 -0.000292066 0.000508575 0.00230797 0.00598739 0.000102031 -7.43152e-05 -0.000223897 -0.000223897
internal_weight=0 2765 2719 847 756 1872 345 159 1527 1477 186 680
internal_count=2822 2765 2719 847 756 1872 345 159 1527 1477 186 680
is_linear=0
shrinkage=0.03


Tree=331
num_leaves=23
num_cat=0
split_feature=17 14 4 8 17 5 14 14 8 3 3 7 13 17 3 13 3 15 8 13 8 7
split_gain=1.68094 1.15646 2.07417 2.88242 2.7653 2.22572 1.89439 1.74133 1.71707 1.70149 1.64838 1.54994 1.57269 1.49318 1.27318 1.25649 0.887951 0.822215 0.936749 0.779578 0.387262 0.14553
threshold=0.05910561797752812 -0.083584269662921359 0.53545000000000009 0.17515000000000003 -0.0035544943820224602 0.30245000000000005 0.17668651685393275 -0.13795393258426963 0.19685000000000002 0.035050000000000005 0.11865000000000002 -0.29994999999999994 2.6790528089887649 0.013175842696629221 0.088700000000000015 2.5704061797752815 0.033000000000000008 1.0000000180025095e-35 0.19575000000000001 2.4782084269662925 0.19855000000000003 -0.34549999999999997
decision_type=2 2 2 2 2 2 2 2 2 2 2 2 2 2 2 2 2 2 2 2 2 2
left_child=1 7 3 4 14 8 -4 11 -5 -6 -7 12 13 -1 -3 17 -14 18 -9 20 -13 -19
right_child=-2 2 6 5 9 10 -8 15 -10 -11 -12 19 16 -15 -16 -17 -18 21 -20 -21 -22 -23
leaf_value=-0.00075761831368514497 0.0051615632678333086 0.00033662103135857074 -0.003155962529414308 0.00033662103135857074 0.01169062102479405 -0.003155962529414308 -0.011568216841307377 0.0062076047443163892 -0.0016882185078343774 0.0034082478192209711 -0.0016882185078343774 -0.00075761831368514497 0.00042124808375393189 0.0016838977279852122 0.00384947128654007 -0.0016125142988283186 0.0049652996452895981 0.0022607498505914751 0.0011143987243995071 -0.0058424182874815805 -0.003190325415470516 -0.0005358997929622145
leaf_weight=387 57 166 33 415 33 229 31 117 244 69 102 119 62 289 93 50 103 33 45 42 69 34
leaf_count=387 57 166 33 415 33 229 31 117 244 69 102 119 62 289 93 50 103 33 45 42 69 34
internal_value=0 -4.30837e-05 -0.000642361 -0.000392369 0.00190238 -0.00122914 -0.00591956 0.000585048 -0.000220474 0.00608784 -0.00315596 3.51251e-05 0.000631953 -8.98022e-06 0.000336621 0.00269604 0.00325784 0.00363678 0.00479283 -0.00214719 -0.00132166 0.000841555
internal_weight=0 2765 1415 1351 361 990 64 1350 659 102 331 1071 841 676 259 279 165 229 162 230 188 67
internal_count=2822 2765 1415 1351 361 990 64 1350 659 102 331 1071 841 676 259 279 165 229 162 230 188 67
is_linear=0
shrinkage=0.03


Tree=332
num_leaves=17
num_cat=0
split_feature=7 4 5 12 8 3 4 3 0 3 7 16 16 4 3 13
split_gain=1.52314 6.07936 3.77305 2.66854 2.31894 1.56684 4.17184 5.47496 2.29549 1.39478 1.1536 0.729387 1.9073 0.221185 0.0689861 0.0531635
threshold=-0.3098999999999999 0.17430000000000004 0.27055000000000001 -2.0850101123595475 0.20425000000000001 0.017750000000000005 0.025500000000000005 0.010150000000000001 0.78890000000000005 0.41800000000000009 -0.35939999999999994 7.7131404494380726 23.844249438202329 0.16185000000000002 0.31860000000000005 -0.40309382022472023
decision_type=2 2 2 2 2 2 2 2 2 2 2 2 2 2 2 2
left_child=3 2 4 -1 -2 6 7 8 -5 11 13 14 -13 -8 -7 -11
right_child=1 -3 -4 5 -6 9 10 -9 -10 15 -12 12 -14 -15 -16 -17
leaf_value=0.0083935992468736672 -0.00023270831688124697 -0.013617235032672231 -0.0070536600823360726 0.0027841337063886952 -0.0036431841996086597 -0.00023270831688124697 0.0027841337063886952 0.017344740662723779 0.011111158704385161 0.0035089552029967308 -0.00023270831688124697 0.0028733687491224306 -0.00023270831688124697 0.0012757126947537242 0.0034777154757038632 0.005280498091221577
leaf_weight=38 728 33 59 99 52 688 45 30 30 30 110 246 521 31 51 31
leaf_count=38 728 33 59 99 52 688 45 30 30 30 110 246 521 31 51 31
internal_value=0 -0.000986869 -0.000490085 0.000521453 -0.000232708 0.000364998 0.00219526 0.00580098 0.00311638 -3.7964e-05 -0.000232708 -0.000218097 0.000692648 0.00278413 -0.000232708 0.00440925
internal_weight=0 872 839 1950 780 1912 345 159 129 1567 186 1506 767 76 739 61
internal_count=2822 872 839 1950 780 1912 345 159 129 1567 186 1506 767 76 739 61
is_linear=0
shrinkage=0.03


Tree=333
num_leaves=23
num_cat=0
split_feature=17 14 4 8 0 18 1 3 14 14 3 8 3 3 13 4 14 18 15 8 7 7
split_gain=1.52708 1.09629 1.91664 2.68444 2.77655 3.94555 2.55475 1.88495 1.79541 1.63488 1.44986 1.40923 1.25375 1.55978 1.1742 1.1314 1.0368 1.58018 0.767756 0.872612 0.136687 0.103377
threshold=0.05910561797752812 -0.083584269662921359 0.53545000000000009 0.17515000000000003 0.38135000000000002 4.5000000000000009 0.11920000000000001 0.088700000000000015 0.17668651685393275 -0.13795393258426963 0.0055500000000000002 0.19685000000000002 0.0074000000000000012 0.011600000000000001 2.5704061797752815 0.024400000000000002 -0.31731348314606733 4.5000000000000009 1.0000000180025095e-35 0.19575000000000001 -0.34549999999999997 -0.28409999999999996
decision_type=2 2 2 2 2 2 2 2 2 2 2 2 2 2 2 2 2 2 2 2 2 2
left_child=1 9 3 4 7 -6 11 -3 -4 10 16 -5 -12 -14 18 -8 21 -18 19 -11 -20 -1
right_child=-2 2 8 6 5 -7 15 -9 -10 14 12 -13 13 -15 -16 -17 17 -19 20 -21 -22 -23
leaf_value=0.0012795098110412559 0.0049027807971364573 0.00030239428665158722 -0.0030576878694497417 0.00030239428665158722 0.0036815603757032042 0.015330481559503823 -0.0016369536864054681 0.0036815603757032042 -0.011224376323723024 0.0059910807111419927 0.0054945014048974174 -0.0016369536864054681 -0.0040137579244836951 0.00062831832679272981 -0.0015659996591275559 -0.0030576878694497417 -0.00020804836210317726 -0.0080515225421426435 0.002182822555980899 0.0010753267845138906 -0.00052752771140897976 -0.00097859194653259732
leaf_weight=36 57 161 33 422 44 32 101 124 31 117 43 282 71 790 50 185 41 53 33 45 34 37
leaf_count=36 57 161 33 422 44 32 101 124 31 117 43 282 71 790 50 185 41 53 33 45 34 37
internal_value=0 -5.79471e-05 -0.000641427 -0.000401115 0.00181343 0.00690833 -0.00120864 0.000454789 -0.00571426 0.000553626 2.07768e-05 -0.00021622 0.000495197 0.000245522 0.00259908 -0.00305769 -0.00254734 -0.00463043 0.00350849 0.00462559 0.000807421 0.000134992
internal_weight=0 2765 1415 1351 361 76 990 285 64 1350 1071 704 904 861 279 286 167 94 229 162 67 73
internal_count=2822 2765 1415 1351 361 76 990 285 64 1350 1071 704 904 861 279 286 167 94 229 162 67 73
is_linear=0
shrinkage=0.03


Tree=334
num_leaves=22
num_cat=0
split_feature=17 14 4 7 14 1 7 4 14 4 17 7 13 1 17 13 15 16 13 14 7
split_gain=1.4404 1.05242 1.76642 2.1034 1.70577 1.61168 1.54597 1.53969 1.53826 1.37633 2.6365 1.32651 1.49812 3.40353 1.37252 1.10481 0.722381 0.736757 0.711792 0.292383 0.128609
threshold=0.05910561797752812 -0.083584269662921359 0.53545000000000009 -0.42724999999999996 0.17668651685393275 0.093850000000000003 -0.31859999999999994 0.024400000000000002 -0.13795393258426963 0.41790000000000005 -0.004324157303370795 -0.29994999999999994 2.6790528089887649 0.038750000000000007 0.013175842696629221 2.5704061797752815 1.0000000180025095e-35 6.8233606741572439 2.4782084269662925 -0.31731348314606733 -0.34549999999999997
decision_type=2 2 2 2 2 2 2 2 2 2 2 2 2 2 2 2 2 2 2 2 2
left_child=1 8 3 9 -4 6 -5 -7 11 10 -3 12 14 -14 -1 16 17 -10 19 -13 -18
right_child=-2 2 4 5 -6 7 -8 -9 15 -11 -12 18 13 -15 -16 -17 20 -19 -20 -21 -22
leaf_value=-0.00071323090803913892 0.0047556971131186739 0.0031527138884666645 -0.0029535162011125955 0.0010695009312813874 -0.010887644947055847 -0.00090795993713274419 -0.00090795993713274419 -0.0029535162011125955 0.0083406659844996664 0.0010695009312813874 0.012389505224471742 -0.00071323090803913892 0.010508636438420841 0.00061739582889259049 0.0015874445245463874 -0.0015190197546849958 0.0021173378351059826 0.0034247437788276222 -0.005529677070943372 -0.0024814311262558804 -0.00051170200438183891
leaf_weight=387 57 69 33 250 31 151 399 402 35 47 33 89 42 123 289 50 33 127 42 99 34
leaf_count=387 57 69 33 250 31 151 399 402 35 47 33 89 42 123 289 50 33 127 42 99 34
internal_value=0 -6.21925e-05 -0.000633877 -0.000403175 -0.00550386 -0.000819943 0.000194083 -0.00201 0.000537017 0.00295895 0.00523593 2.01535e-05 0.000572292 0.00313517 -5.32611e-05 0.00252111 0.00340323 0.00448683 -0.00199875 -0.00120993 0.000783198
internal_weight=0 2765 1415 1351 64 1202 649 553 1350 149 102 1071 841 165 676 279 229 162 230 188 67
internal_count=2822 2765 1415 1351 64 1202 649 553 1350 149 102 1071 841 165 676 279 229 162 230 188 67
is_linear=0
shrinkage=0.03


Tree=335
num_leaves=14
num_cat=0
split_feature=12 1 7 3 8 0 7 13 7 1 17 16 4
split_gain=5.86894 7.5764 7.32491 1.95857 1.14935 1.64797 1.79546 3.40168 1.39242 0.995808 0.90902 0.509041 0.347347
threshold=-1.9590101123595483 0.18615000000000001 -0.32904999999999995 0.41800000000000009 0.14540000000000003 0.24995000000000003 -0.43159999999999993 -1.4773426966292147 -0.3885499999999999 0.034700000000000009 -0.0053241573033707959 28.526944943820187 0.41790000000000005
decision_type=2 2 2 2 2 2 2 2 2 2 2 2 2
left_child=1 2 -1 4 10 6 12 -8 -7 -10 11 -2 -6
right_child=3 -3 -4 -5 5 8 7 -9 9 -11 -12 -13 -14
leaf_value=0.0077529705833734542 0.0010335328268424244 -0.017538577816807309 -0.008935727983979241 0.0055165182120215737 -0.000996887174279989 0.0010335328268424244 -0.010712235079951246 -0.0026498048095052809 0.00038116315603755501 -0.00078776783919343315 0.0054927028465000067 0.0041888737339684937 -0.0026498048095052809
leaf_weight=41 62 39 56 57 111 219 55 133 653 1248 55 47 89
leaf_count=41 62 39 56 57 111 219 55 133 653 1248 55 47 89
internal_value=0 -0.00637157 -0.00188174 1.38907e-05 -0.000103493 -0.000262599 -0.00206016 -0.00430272 6.63889e-05 -0.000271207 0.00232966 0.00103353 -0.000996887
internal_weight=0 136 97 2729 2672 2508 388 188 2120 1901 164 109 200
internal_count=2865 136 97 2729 2672 2508 388 188 2120 1901 164 109 200
is_linear=0
shrinkage=0.03


Tree=336
num_leaves=17
num_cat=0
split_feature=17 6 14 3 3 3 3 3 6 3 8 3 2 13 3 16
split_gain=3.74363 8.51278 3.24454 4.89249 1.65276 1.04198 1.14117 5.5091 2.44665 1.87486 5.04248 1.51892 0.963537 1.14185 0.874433 0.390962
threshold=0.046605617977528137 -0.0035499999999999998 0.24095730337078661 0.04735000000000001 0.41800000000000009 0.22055000000000002 0.011100000000000002 0.010150000000000001 -0.067999999999999991 0.016650000000000002 0.18545000000000003 0.018400000000000003 0.0018500000000000003 -0.72147977528089846 0.26200000000000007 -23.644359550561884
decision_type=2 2 2 2 2 2 2 2 2 2 2 2 2 2 2 2
left_child=4 -2 -3 -4 5 6 7 8 -1 10 -8 -11 13 15 -15 -7
right_child=1 2 3 -5 -6 12 9 -9 -10 11 -12 -13 -14 14 -16 -17
leaf_value=-0.0085022896658929602 -0.019012954644858839 0.0043021319177509714 0.0020351070329546928 -0.010296964918873332 0.005116513272514567 -0.0010213945152093497 0.012015351566445568 -0.01250671285284417 0.00013862002436659473 -0.0045525187041995851 0.00037261463139524182 0.00040040440549147409 -0.005910411418664681 -0.0034851163016025753 0.001762652832433612 -0.0034851163016025753
leaf_weight=31 30 55 50 53 56 58 46 35 606 58 123 1421 43 35 121 44
leaf_count=31 30 55 50 53 56 58 46 35 606 58 123 1421 43 35 121 44
internal_value=0 -0.00436267 -0.00158098 -0.00472244 1.685e-05 -9.21089e-05 0.000123347 -0.000918604 -0.000281895 0.00054822 0.00354164 0.000206172 -0.00175276 -0.00105982 0.000554146 -0.00348512
internal_weight=0 188 158 103 2677 2621 2320 672 637 1648 169 1479 301 258 156 102
internal_count=2865 188 158 103 2677 2621 2320 672 637 1648 169 1479 301 258 156 102
is_linear=0
shrinkage=0.03


Tree=337
num_leaves=15
num_cat=0
split_feature=12 1 16 3 8 0 18 16 17 3 17 5 16 13
split_gain=5.17325 6.90011 3.47986 1.74241 0.978334 1.48654 1.65524 1.17505 1.0292 1.10808 0.879302 0.540224 0.459591 0.234524
threshold=-1.9590101123595483 0.18615000000000001 -52.09964943820227 0.41800000000000009 0.14540000000000003 0.24995000000000003 4.5000000000000009 8.636860674157278 0.014679775280898895 0.011100000000000002 -0.0053241573033707959 0.20820000000000002 28.526944943820187 -2.9457404494382042
decision_type=2 2 2 2 2 2 2 2 2 2 2 2 2 2
left_child=1 2 -1 4 10 6 13 -8 9 -7 12 -10 -2 -6
right_child=3 -3 -4 -5 5 8 7 -9 11 -11 -12 -13 -14 -15
leaf_value=-0.0065521753413070524 0.00095844345383590149 -0.016631900117947504 0.0049505865101407212 0.0052102269511669873 -0.0047068056901916856 -0.00072162995078357633 -0.0062762424209401669 -0.0015448935028821737 0.00095844345383590149 0.00095844345383590149 0.0052773047455332489 -0.00093477670200315505 0.0039809590159974838 -0.00093477670200315505
leaf_weight=56 62 39 41 57 30 511 102 88 89 1129 55 391 47 168
leaf_count=56 62 39 41 57 30 511 102 88 89 1129 55 391 47 168
internal_value=0 -0.00597494 -0.00169018 2.01288e-05 -9.05881e-05 -0.000237381 -0.00194463 -0.00408488 7.50781e-05 0.000437482 0.00215427 -0.000934777 0.000958443 -0.000934777
internal_weight=0 136 97 2729 2672 2508 388 190 2120 1640 164 480 109 198
internal_count=2865 136 97 2729 2672 2508 388 190 2120 1640 164 480 109 198
is_linear=0
shrinkage=0.03


Tree=338
num_leaves=24
num_cat=0
split_feature=16 3 3 3 16 3 14 1 7 0 3 3 3 3 6 3 3 3 7 3 1 16 15
split_gain=3.2402 7.22091 11.1589 7.06406 4.42255 4.18836 1.63188 0.867396 0.932953 3.29896 0.55586 6.46875 1.00491 5.54361 2.80626 0.754852 2.59242 1.013 0.599825 1.25777 0.629708 0.363078 0.266154
threshold=-41.099750561797627 0.085450000000000012 0.046950000000000013 0.026800000000000004 -52.09964943820227 0.008550000000000002 -0.3100426966292133 0.013800000000000002 -0.3098999999999999 0.61275000000000013 0.098450000000000024 0.11055000000000001 0.011100000000000002 0.010150000000000001 -0.067999999999999991 0.11670000000000001 0.11275000000000002 0.17515000000000003 -0.28939999999999994 0.029650000000000003 0.28480000000000005 1.0000000180025095e-35 3.0270623595505683
decision_type=2 2 2 2 2 2 2 2 2 2 2 2 2 2 2 2 2 2 2 2 2 2 2
left_child=1 2 3 5 6 -1 -3 8 9 22 12 -12 13 14 -9 16 -13 -17 20 -20 -14 -10 -2
right_child=7 4 -4 -5 -6 -7 -8 10 21 -11 11 15 18 -15 -16 17 -18 -19 19 -21 -22 -23 -24
leaf_value=-0.0014731925510262189 0.002000323330627443 0.0034526555297442856 -0.023720553897321223 0.0085791640288450498 0.012344811573143927 -0.013025027632413965 -0.0051770433291179561 -0.0089590247176820417 0.002000323330627443 0.012385752167552708 -0.014014676422812044 0.00064889924214705326 0.00064889924214705326 -0.012796969986097379 0.00052196265303931344 0.00064889924214705326 -0.0061269283406436437 -0.0010357378231893692 -0.00038193973843362 -0.0058788397682032409 -0.00038193973843362 0.00064889924214705326 0.0053703749764920962
leaf_weight=57 85 38 30 33 31 56 41 30 82 30 32 55 611 33 443 206 75 350 87 42 254 133 31
leaf_count=57 85 38 30 33 31 56 41 30 82 30 32 55 611 33 443 206 75 350 87 42 254 133 31
internal_value=0 -0.00328757 -0.00705612 -0.00363193 0.0027421 -0.007198 -0.00102605 7.80101e-05 0.00144175 0.00335175 -0.000143951 -0.000830398 0.000184628 -0.000908777 -7.93685e-05 -0.000215388 -0.00227344 0.000265811 0.000648899 -0.00141278 0.000648899 0.000648899 0.00200032
internal_weight=0 286 176 146 110 113 79 2579 361 146 2218 718 1500 506 473 686 130 556 994 129 865 215 116
internal_count=2865 286 176 146 110 113 79 2579 361 146 2218 718 1500 506 473 686 130 556 994 129 865 215 116
is_linear=0
shrinkage=0.03


Tree=339
num_leaves=14
num_cat=0
split_feature=12 1 7 3 8 0 7 16 7 1 17 16 4
split_gain=4.69141 6.49599 6.92751 1.61061 0.91892 1.34834 1.666 2.83675 1.29896 0.875705 0.850666 0.435578 0.287453
threshold=-1.9590101123595483 0.18615000000000001 -0.32904999999999995 0.41800000000000009 0.14540000000000003 0.24995000000000003 -0.43159999999999993 8.636860674157278 -0.3885499999999999 0.034700000000000009 -0.0053241573033707959 28.526944943820187 0.41790000000000005
decision_type=2 2 2 2 2 2 2 2 2 2 2 2 2
left_child=1 2 -1 4 10 6 12 -8 -7 -10 11 -2 -6
right_child=3 -3 -4 -5 5 8 7 -9 9 -11 -12 -13 -14
leaf_value=0.0078470441172035724 0.00093922885372062974 -0.016020237986858074 -0.0083826292758541442 0.0050189423215526502 -0.00088390435597910744 0.00093922885372062974 -0.0081521967533908241 -0.0024558924821255442 0.00033873087077434204 -0.00074791276688651685 0.0051730237477882338 0.0038885150647702369 -0.0024558924821255442
leaf_weight=41 62 39 56 57 111 219 93 95 653 1248 55 47 89
leaf_count=41 62 39 56 57 111 219 93 95 653 1248 55 47 89
internal_value=0 -0.00568006 -0.00152266 2.89974e-05 -7.74498e-05 -0.000219715 -0.00184567 -0.00402788 7.78659e-05 -0.000261767 0.00209817 0.000939229 -0.000883904
internal_weight=0 136 97 2729 2672 2508 388 188 2120 1901 164 109 200
internal_count=2865 136 97 2729 2672 2508 388 188 2120 1901 164 109 200
is_linear=0
shrinkage=0.03


Tree=340
num_leaves=14
num_cat=0
split_feature=7 4 12 7 6 8 8 6 7 0 14 17 8
split_gain=1.61356 1.82666 3.11231 7.12526 2.74453 1.99453 1.16202 0.755465 1.5617 0.575874 0.439916 0.302411 0.0366353
threshold=-0.25914999999999994 0.22315000000000004 -1.911510112359547 -0.34549999999999997 0.022850000000000006 0.18860000000000002 0.16510000000000002 -0.0034499999999999995 -0.32039999999999996 0.13570000000000002 0.27495730337078667 -0.017054494382022441 0.16270000000000004
decision_type=2 2 2 2 2 2 2 2 2 2 2 2 2
left_child=1 2 3 -1 12 -5 11 -8 -9 10 -6 -4 -3
right_child=-2 4 6 5 9 -7 7 8 -10 -11 -12 -13 -14
leaf_value=0.013894321437174222 -0.0054698756618463259 -0.0015507386875755768 0.001927658015397884 0.006077927288345315 -0.00096403221834472953 -0.00037732574911388217 -0.00037732574911388217 0.001927658015397884 3.2468325121219546e-05 -0.00037732574911388217 -0.0015507386875755768 0.005616011741571128 -0.0027241516260372712
leaf_weight=50 49 47 33 44 180 65 421 456 935 293 62 40 171
leaf_count=50 49 47 33 44 180 65 421 456 935 293 62 40 171
internal_value=0 2.15724e-05 0.000486902 0.00451759 -0.00124155 0.00021634 0.000146913 -2.59188e-06 0.000442262 -0.000377326 -0.00155074 0.00385791 -0.00272415
internal_weight=0 2797 2044 159 753 109 1885 1812 1391 535 242 73 218
internal_count=2846 2797 2044 159 753 109 1885 1812 1391 535 242 73 218
is_linear=0
shrinkage=0.03


Tree=341
num_leaves=20
num_cat=0
split_feature=7 15 17 15 3 14 14 7 14 14 0 7 3 1 14 13 15 17 1
split_gain=1.51211 1.24299 1.81545 1.76476 1.97304 1.97532 1.42916 1.12723 1.10262 1.21825 0.993422 0.735023 1.40241 1.71572 1.50025 0.870795 0.77914 0.417736 0.384437
threshold=-0.25914999999999994 -10.055393258426964 -0.0073202247191011252 30.472062359550563 0.26600000000000007 -0.15232359550561794 -0.14745393258426964 -0.35244999999999999 -0.083584269662921359 0.63245730337078687 0.35155000000000008 -0.3098999999999999 0.028950000000000004 0.03815000000000001 -0.27054269662921332 2.8003550561797748 -12.580524719101122 0.055605617977528117 0.28480000000000005
decision_type=2 2 2 2 2 2 2 2 2 2 2 2 2 2 2 2 2 2 2
left_child=1 11 6 4 7 -6 -3 -4 10 -10 -8 12 18 14 -14 -13 -17 -5 -1
right_child=-2 2 3 17 5 -7 8 -9 9 -11 -12 15 13 -15 -16 16 -18 -19 -20
leaf_value=0.0068783319903151039 -0.0053057793938383769 -0.0026477744522262229 0.0024427563257208968 -0.0026477744522262229 0.0035058108519049401 -0.0026477744522262229 -0.0020703532773649739 0.00042668427203655787 -0.0021610509843516855 0.0012328135392560464 0.0030873990050194976 0.0007761573384032493 0.0090973227013918488 0.0007761573384032493 0.0028102970755764086 -0.0026477744522262229 0.0007761573384032493 0.00072815741367756996 0.0030096089978497928
leaf_weight=53 49 118 351 40 47 92 49 864 421 123 107 54 44 197 50 54 45 47 41
leaf_count=53 49 118 351 40 47 92 49 864 421 123 107 54 44 197 50 54 45 47 41
internal_value=0 1.02305e-05 -0.000298402 0.000342365 0.000621546 -0.00264777 -0.00142718 0.00100911 -0.000756089 -0.00139369 0.00146734 0.00130614 0.00200517 0.000976101 0.00484444 -0.000452857 -0.00242551 -0.00264777 0.00519091
internal_weight=0 2797 2259 1441 1354 139 818 1215 700 544 156 538 385 291 94 153 99 87 94
internal_count=2846 2797 2259 1441 1354 139 818 1215 700 544 156 538 385 291 94 153 99 87 94
is_linear=0
shrinkage=0.03


Tree=342
num_leaves=17
num_cat=0
split_feature=4 12 7 12 1 7 0 7 15 18 4 6 1 18 7 16
split_gain=1.44825 5.51168 2.621 7.88055 1.74759 1.74688 1.00565 0.949608 0.876647 0.704145 0.585322 0.420464 0.374156 0.36113 0.166324 0.0230508
threshold=0.22315000000000004 -1.9055101123595468 -0.34549999999999997 -1.911510112359547 0.28480000000000005 -0.36204999999999993 0.21825000000000003 -0.35774999999999996 -6.3738668539325838 5.5000000000000009 0.0087500000000000026 0.048750000000000009 0.22395000000000001 4.5000000000000009 -0.28529999999999994 8.2705808988763483
decision_type=2 2 2 2 2 2 2 2 2 2 2 2 2 2 2 2
left_child=2 6 3 -1 5 -5 -2 12 -9 -7 14 -12 -3 -14 -4 -16
right_child=1 7 10 4 -6 9 -8 8 -10 -11 11 -13 13 -15 15 -17
leaf_value=0.013432148733548819 -0.013781448058784007 -0.00045395480105066353 0.00086619152345581785 0.0091528977027961183 0.00086619152345581785 0.0023104313097148665 -0.006076513028012649 -0.0080915013588964933 -0.0023103570926022621 0.0057316645062554924 -0.00045395480105066353 0.00020611836120257713 -0.0013821559468264629 -0.0023103570926022621 0.00053615494232919748 0.00020611836120257713
leaf_weight=50 30 514 64 42 324 117 31 30 32 30 980 318 62 54 83 85
leaf_count=50 30 514 64 42 324 117 31 30 32 30 980 318 62 54 83 85
internal_value=0 -0.00122105 0.000313139 0.00206323 0.000955152 0.00375467 -0.00986583 -0.000459009 -0.00416676 0.00231043 -0.00033085 -0.000453955 -0.000453955 -0.00231036 0.000866192 0.000206118
internal_weight=0 753 2093 563 513 189 61 692 62 147 1530 1298 630 116 232 168
internal_count=2846 753 2093 563 513 189 61 692 62 147 1530 1298 630 116 232 168
is_linear=0
shrinkage=0.03


Tree=343
num_leaves=25
num_cat=0
split_feature=4 12 3 12 3 8 15 12 13 17 8 17 3 3 8 4 1 3 3 12 12 3 1 1
split_gain=1.30828 5.20768 4.77715 1.3176 2.62078 3.6243 1.22975 0.982066 1.19916 0.946444 3.48718 2.69166 0.860439 4.58015 0.586253 0.855532 0.546301 0.799641 0.628098 0.483242 0.440604 0.325552 0.212232 0.142569
threshold=0.22315000000000004 -1.9055101123595468 0.17515000000000003 -1.911510112359547 0.0070500000000000007 0.18755000000000002 -10.055393258426964 1.1377595505617999 3.6676398876404499 -0.0073202247191011252 0.19325000000000003 -0.012218539325842713 0.071700000000000014 0.080850000000000019 0.16610000000000003 0.16185000000000002 0.043150000000000001 0.019650000000000004 0.028950000000000004 1.1752595505617995 -1.9340101123595479 0.016750000000000004 0.22395000000000001 0.033250000000000009
decision_type=2 2 2 2 2 2 2 2 2 2 2 2 2 2 2 2 2 2 2 2 2 2 2 2
left_child=3 2 -2 4 -1 20 7 16 -9 10 11 22 14 -14 15 -8 17 -5 -18 -15 -6 -10 -3 -16
right_child=1 9 -4 6 5 -7 12 8 21 -11 -12 -13 13 19 23 -17 18 -19 -20 -21 -22 -23 -24 -25
leaf_value=0.0096623981973299605 -0.018104011157862258 -0.00043769026626558821 -0.0013109862708276317 0.003141665871655883 0.0045628895927220586 -0.00043769026626558821 0.0054218220772842569 -0.00043769026626558821 0.0057631903473520651 -0.00043769026626558821 -0.011602838842814127 -0.00633386242607874 0.010621146657038479 -0.00043769026626558821 0.00075734733798411445 0.00088043833396529388 0.003141665871655883 0.0075811864732531825 -0.00036860691048204897 0.0027318438114193469 0.0097045066431164732 0.0015766075671251331 -0.0024761045808819205 -0.00043769026626558821
leaf_weight=39 30 208 31 41 30 65 45 80 32 341 31 46 40 274 316 46 92 46 75 46 30 35 66 761
leaf_count=39 30 208 31 41 30 65 45 80 32 341 31 46 40 274 316 46 92 46 75 46 30 35 66 761
internal_value=0 -0.00116677 -0.00956985 0.000291394 0.0028729 0.000754576 7.19191e-05 0.00155053 -0.000401013 -0.00043769 -0.00199559 -0.00106489 -0.000316119 0.0010502 -0.00043769 0.00219857 0.00267996 0.00460757 0.00167576 -0.000146164 0.0071337 0.00357617 -0.00043769 -0.00043769
internal_weight=0 753 61 2093 164 125 1929 401 147 692 351 320 1528 360 1168 91 254 87 167 320 60 67 274 1077
internal_count=2846 753 61 2093 164 125 1929 401 147 692 351 320 1528 360 1168 91 254 87 167 320 60 67 274 1077
is_linear=0
shrinkage=0.03


Tree=344
num_leaves=29
num_cat=0
split_feature=15 17 14 15 17 3 14 15 3 16 0 0 14 14 8 3 3 1 3 3 3 17 8 3 8 17 3 3
split_gain=1.13142 1.47911 2.2644 1.72259 2.40219 1.73663 6.12271 2.50484 1.21301 3.55483 1.69868 1.13695 0.973137 1.14491 2.4051 0.930731 0.733281 0.729432 0.973066 1.88734 0.871812 0.842704 1.01152 1.30741 0.499641 0.330946 0.225165 0.107197
threshold=-10.055393258426964 -0.0073202247191011252 -0.14745393258426964 30.472062359550563 0.055605617977528117 0.26600000000000007 0.24095730337078661 -0.33095898876404556 0.13455000000000003 -23.769555056179737 0.38135000000000002 0.30040000000000006 -0.083584269662921359 0.63245730337078687 0.19965000000000002 0.010600000000000002 0.0092000000000000016 0.031800000000000009 0.019650000000000004 0.17680000000000004 0.028950000000000004 -0.026054494382022435 0.17830000000000004 0.064250000000000015 0.17830000000000004 -0.0165584269662921 0.11255000000000003 0.04735000000000001
decision_type=2 2 2 2 2 2 2 2 2 2 2 2 2 2 2 2 2 2 2 2 2 2 2 2 2 2 2 2
left_child=17 2 11 5 -5 8 7 -7 10 -10 -3 -2 15 14 -14 -4 -15 18 -1 -20 25 -22 26 -24 -17 -19 -23 -13
right_child=1 3 12 4 -6 6 -8 -9 9 -11 -12 27 13 16 -16 24 -18 20 19 -21 21 22 23 -25 -26 -27 -28 -29
leaf_value=0.001608061532558853 -0.008779253505344968 -0.0024483057749369796 0.0051329978232804154 -0.0093126756353303797 0.00068976259240484297 -0.0047668679896742108 -0.01448645725005096 0.0045002872909286193 0.0089715787417972911 0.00012570258682488556 0.00091900450600628251 -0.0037951530394859088 -0.0014108028417544891 -0.0025258901836350558 -0.0095098008898397285 0.0017548667370465409 0.0025837128811034855 0.001608061532558853 0.0089564902485849765 0.001608061532558853 -0.0043546659057028588 0.001608061532558853 -0.0065202762881243553 -0.00015032435823778432 -0.0021253589121624826 -0.00081235531709646265 -0.00015032435823778432 -0.0014585854057222603
leaf_weight=60 48 159 42 40 47 45 31 63 61 124 887 43 396 35 36 64 91 101 52 51 48 40 37 68 56 59 32 30
leaf_count=60 48 159 42 40 47 45 31 63 61 124 887 43 396 35 36 64 91 101 52 51 48 40 37 68 56 59 32 30
internal_value=0 -0.000393918 -0.00139571 0.000184331 -0.00390906 0.000444276 -0.00273432 0.000638973 0.000803192 0.00304245 0.000407148 -0.005193 -0.000757558 -0.00135183 -0.00208572 0.00128937 0.00116438 0.00112308 0.00280521 0.00488991 0.000410908 -0.000829062 0.000127034 -0.00190871 -5.59052e-05 0.00160806 0.00160806 -0.00283492
internal_weight=0 2298 841 1457 87 1370 139 108 1231 185 1046 121 720 558 432 162 126 548 163 103 385 225 177 105 120 160 72 73
internal_count=2846 2298 841 1457 87 1370 139 108 1231 185 1046 121 720 558 432 162 126 548 163 103 385 225 177 105 120 160 72 73
is_linear=0
shrinkage=0.03


Tree=345
num_leaves=17
num_cat=0
split_feature=12 1 16 7 0 6 1 2 6 8 0 8 14 14 12 5
split_gain=1.53145 8.08944 13.8336 5.11626 5.12306 5.80462 1.42047 0.932703 1.35183 0.866681 2.38624 1.06145 1.02571 1.2912 0.854564 0.439392
threshold=-1.9055101123595468 0.16420000000000004 -54.493149438202259 -0.31149999999999994 0.18995000000000004 0.025850000000000005 0.034700000000000009 0.27755000000000002 -0.077549999999999994 0.17485000000000003 0.27555000000000002 0.17285000000000003 -0.10782359550561792 0.088001123595505673 1.0987595505618002 0.31655000000000005
decision_type=2 2 2 2 2 2 2 2 2 2 2 2 2 2 2 2
left_child=1 3 -3 4 -1 -6 -5 8 -2 10 15 -12 14 -14 -11 -10
right_child=7 2 -4 6 5 -7 -8 -9 9 12 11 -13 13 -15 -16 -17
leaf_value=0.00047687013363651565 -0.0022303604550828202 -0.0046546485212594349 -0.026094396033070306 0.00047687013363651565 0.0056769103200480491 0.020250465951182624 -0.0046546485212594349 -0.0044090589384237922 0.0022735901436186606 0.0004532335693893081 0.0061404721430265525 0.0022735901436186606 -0.0010740854482485555 0.00044878587591497656 -0.0010740854482485555 0.0004532335693893081
leaf_weight=30 56 45 33 31 33 33 31 45 41 787 104 77 507 520 98 332
leaf_count=30 56 45 33 31 33 33 31 45 41 787 104 77 507 520 98 332
internal_value=0 -0.00265336 -0.0105584 0.00124914 0.00560839 0.010877 -0.00465465 -0.000128048 -5.1662e-05 8.21896e-05 0.00112701 0.00409395 -0.000220547 -0.000867395 0.000453234 0.000453234
internal_weight=0 236 78 158 96 66 62 2567 2522 2466 554 181 1912 1027 885 373
internal_count=2803 236 78 158 96 66 62 2567 2522 2466 554 181 1912 1027 885 373
is_linear=0
shrinkage=0.03


Tree=346
num_leaves=17
num_cat=0
split_feature=1 17 17 1 15 2 6 8 4 5 14 15 18 13 13 13
split_gain=1.11658 3.12562 2.27182 14.8102 1.56812 0.738498 0.974666 1.00574 0.658947 0.529482 0.377409 0.664192 0.196762 0.128287 0.0353247 0.00721721
threshold=0.034700000000000009 0.05910561797752812 0.046605617977528137 0.16420000000000004 -10.055393258426964 0.27755000000000002 -0.077549999999999994 0.18565000000000001 0.015200000000000002 0.30035000000000006 0.3460865168539326 -21.139350561797738 3.5000000000000004 -0.85197977528089808 1.7265202247191029 -3.8547134831460665
decision_type=2 2 2 2 2 2 2 2 2 2 2 2 2 2 2 2
left_child=1 4 5 -4 9 6 -2 -8 -9 10 11 -1 13 15 -15 -6
right_child=2 -3 3 -5 12 -7 7 8 -10 -11 -12 -13 -14 14 -16 -17
leaf_value=0.0025208925510841335 -0.0022787538258030667 0.010074253231287002 -8.8056486042066402e-05 -0.02004620741168037 -8.8056486042066402e-05 -0.0041836578343459902 -8.8056486042066402e-05 -0.00066109082258599316 -0.0012464755563736107 -8.8056486042066402e-05 0.0018475970010116505 0.0079353738630092464 -8.8056486042066402e-05 0.0020586107990200296 0.00088919423593324608 0.00040242683828661314
leaf_weight=44 59 30 85 40 31 47 1012 98 612 40 49 38 463 85 32 38
leaf_count=44 59 30 85 40 31 47 1012 98 612 40 49 38 463 85 32 38
internal_value=0 0.000563253 -0.000739366 -0.00465219 0.00021529 -0.000471804 -0.00037385 -0.000214197 -0.00123413 0.00286059 0.00378325 0.00503004 -8.80565e-05 0.00113373 0.00173877 0.000107781
internal_weight=0 850 1953 125 820 1828 1781 1722 710 171 131 82 649 186 117 69
internal_count=2803 850 1953 125 820 1828 1781 1722 710 171 131 82 649 186 117 69
is_linear=0
shrinkage=0.03


Tree=347
num_leaves=19
num_cat=0
split_feature=12 1 16 7 3 1 15 17 8 1 13 3 7 13 3 3 4 3
split_gain=1.40032 6.89152 12.5645 4.81583 10.169 1.19749 0.987907 0.732979 2.47473 2.10932 2.0051 1.53559 1.34489 1.57315 2.45384 1.65055 1.17471 0.979584
threshold=-1.9055101123595468 0.16420000000000004 -54.493149438202259 -0.31149999999999994 0.12005000000000002 0.034700000000000009 32.275475280898881 -0.0076601123595505518 0.20155000000000003 0.048050000000000002 2.0786573033707865 0.045700000000000011 -0.43159999999999993 -2.011842696629214 0.021000000000000001 0.036800000000000006 0.38120000000000004 0.11480000000000001
decision_type=2 2 2 2 2 2 2 2 2 2 2 2 2 2 2 2 2 2
left_child=1 3 -3 4 -1 -5 7 8 9 17 -10 -11 16 14 -14 -15 -9 -2
right_child=6 2 -4 5 -6 -7 -8 12 10 11 -12 -13 13 15 -16 -17 -18 -19
leaf_value=0.016559093384580181 0.003345661135661134 -0.0043914267912093545 -0.024710177806290715 0.00045673112751422464 0.00045673112751422464 -0.0043914267912093545 0.0040461631884332744 0.007616496330925396 -0.0033500457228367708 1.8715349432172863e-05 -0.011872942570427602 -0.0025935407186625523 0.0014862400612770772 -0.00078405829890103892 -0.0039795797105486455 0.0017074795172765736 0.0018810897598319943 0.00038597519221080119
leaf_weight=44 172 45 33 31 52 31 50 42 36 446 33 371 121 431 190 538 50 87
leaf_count=44 172 45 33 31 52 31 50 42 36 446 33 371 121 431 190 538 50 87
internal_value=0 -0.00254426 -0.00984058 0.00105772 0.00530489 -0.00439143 -0.000129476 -0.000212425 -0.000772827 -0.000419643 -0.00628045 -0.00116751 0.000255258 3.44512e-06 -0.00185301 0.000599272 0.00375873 0.00193946
internal_weight=0 236 78 158 96 62 2567 2517 1145 1076 69 817 1372 1280 311 969 92 259
internal_count=2803 236 78 158 96 62 2567 2517 1145 1076 69 817 1372 1280 311 969 92 259
is_linear=0
shrinkage=0.03


Tree=348
num_leaves=13
num_cat=0
split_feature=12 1 16 15 8 3 15 2 6 3 8 5
split_gain=1.34762 6.26243 11.9094 4.35282 4.36492 4.18491 0.930036 0.781762 1.20749 0.890158 2.15499 0.509438
threshold=-1.9055101123595468 0.16420000000000004 -54.493149438202259 14.504220224719107 0.19835000000000003 0.061000000000000006 32.275475280898881 0.27755000000000002 -0.077549999999999994 0.22055000000000002 0.16270000000000004 0.29645000000000005
decision_type=2 2 2 2 2 2 2 2 2 2 2 2
left_child=1 3 -3 -1 5 -5 7 8 -2 10 -10 -11
right_child=6 2 -4 4 -6 -7 -8 -9 9 11 -12 -13
leaf_value=0.0090811848883018947 -0.0021308450816665127 -0.0042564552053292268 -0.023968872455033388 0.010720703219504732 -0.0042564552053292268 -0.00061319512026460922 0.0039247782089863901 -0.0041258305013179772 0.0034172824522565033 0.0022046799027668116 -5.4163398821593111e-05 -0.0010675919835802308
leaf_weight=43 56 45 33 38 31 46 50 45 176 47 1881 312
leaf_count=43 56 45 33 38 31 46 50 45 176 47 1881 312
internal_value=0 -0.00249561 -0.00945094 0.000938033 -0.0021068 0.00303006 -0.000126712 -0.000207194 -0.00013586 -4.33889e-06 0.000242859 -0.00106759
internal_weight=0 236 78 158 115 84 2567 2517 2472 2416 2057 359
internal_count=2803 236 78 158 115 84 2567 2517 2472 2416 2057 359
is_linear=0
shrinkage=0.03


Tree=349
num_leaves=16
num_cat=0
split_feature=7 3 6 17 7 4 3 7 16 17 3 13 8 17 3
split_gain=1.25857 1.29164 1.97401 3.30315 4.22725 2.83332 1.89338 1.84218 1.65743 1.45102 1.97057 0.745937 0.609376 0.466276 0.185625
threshold=-0.25914999999999994 0.25665000000000004 0.021150000000000006 0.046605617977528137 -0.31494999999999995 0.22315000000000004 0.31860000000000005 -0.3088499999999999 -23.968639325842727 -0.015320224719101131 0.0092000000000000016 2.8003550561797748 0.18240000000000003 -0.014058426966292127 0.0092000000000000016
decision_type=2 2 2 2 2 2 2 2 2 2 2 2 2 2 2
left_child=1 2 5 9 -5 7 -3 -1 -8 10 -4 13 -11 -10 -6
right_child=-2 6 3 4 14 -7 8 -9 11 12 -12 -13 -14 -15 -16
leaf_value=-3.6164039585833622e-05 -0.0049938781910082867 -0.0026157693095256803 -3.6164039585833622e-05 0.013434174565552938 -3.6164039585833622e-05 -0.0026157693095256803 0.0056959053344855255 -0.0013663835672796147 0.0011531104315072296 0.0024324449764951913 0.0035973914282260693 0.0029249023832380772 -3.6164039585833622e-05 -0.0026157693095256803 0.0027445607944665581
leaf_weight=832 51 178 78 41 32 190 44 113 30 101 247 32 733 67 34
leaf_count=832 51 178 78 41 32 190 44 113 30 101 247 32 733 67 34
internal_value=0 -0.00023766 1.0839e-05 0.000825319 0.00586866 -0.000897647 -0.00193751 -0.000116998 0.000668028 0.000359713 0.00210325 -0.00104691 -3.6164e-05 -0.00235719 0.00116888
internal_weight=0 2752 2401 1266 107 1135 351 945 173 1159 325 129 834 97 66
internal_count=2803 2752 2401 1266 107 1135 351 945 173 1159 325 129 834 97 66
is_linear=0
shrinkage=0.03


Tree=350
num_leaves=21
num_cat=0
split_feature=12 4 13 7 0 8 15 16 15 1 16 16 0 17 8 13 16 4 17 7
split_gain=5.3043 8.26058 4.65874 1.1294 2.30997 1.92221 3.8143 1.1318 3.09917 1.07205 0.901643 0.932854 0.797657 0.437094 0.373212 0.361227 0.269081 0.299619 0.131603 0.0242304
threshold=-1.9340101123595479 0.15585000000000002 -3.8039471910112357 -0.34824999999999995 0.57005000000000006 0.19965000000000002 10.523291011235957 10.237249438202356 -9.3568668539325817 0.19720000000000001 8.2705808988763483 23.844249438202329 0.67740000000000011 0.033675842696629217 0.17645000000000002 2.7237084269662906 29.233444943820249 0.015200000000000002 0.0062775280898876304 -0.3885499999999999
decision_type=2 2 2 2 2 2 2 2 2 2 2 2 2 2 2 2 2 2 2 2
left_child=1 2 -1 4 10 12 7 -7 -9 -6 13 18 14 -2 -5 -13 -14 -18 -12 -15
right_child=3 -3 -4 5 9 6 -8 8 -10 -11 11 15 16 19 -16 -17 17 -19 -20 -21
leaf_value=-0.0077514396303079349 -2.6646232259688524e-05 -0.015006485351893518 0.0054547404062073182 -0.00082250766305239965 0.0082277261711498507 -0.0016183690938451109 -0.010093807938085359 -0.0016183690938451109 -0.012289201670928913 0.0025146909317292783 0.0025146909317292783 -2.6646232259688524e-05 -2.6646232259688524e-05 0.0025146909317292783 -0.0016183690938451109 0.0012116578531882758 -2.6646232259688524e-05 -0.00082250766305239965 0.00094863987044443065 0.00055748262908309691
leaf_weight=44 479 56 53 87 47 101 55 55 34 58 86 141 770 32 118 257 80 185 79 30
leaf_count=44 479 56 53 87 47 101 55 55 34 58 86 141 770 32 118 257 80 185 79 30
internal_value=0 -0.00583219 -0.000535692 -8.99092e-05 0.000590856 -0.000644148 -0.00307236 -0.00161837 -0.00510545 0.00484294 0.000186446 0.00121044 -0.000164381 -2.66462e-05 -0.00161837 0.000389662 -2.66462e-05 -0.000822508 0.00251469 0.00251469
internal_weight=0 153 97 2694 1209 1485 245 190 89 105 1104 563 1240 541 205 398 1035 265 165 62
internal_count=2847 153 97 2694 1209 1485 245 190 89 105 1104 563 1240 541 205 398 1035 265 165 62
is_linear=0
shrinkage=0.03


Tree=351
num_leaves=19
num_cat=0
split_feature=17 17 4 3 5 3 7 0 8 15 16 3 16 3 3 3 3 17
split_gain=3.59146 1.18503 5.16716 5.94994 5.05328 0.993812 0.961641 2.11692 1.68506 4.00574 1.07386 1.01565 0.864773 1.07304 0.744997 1.67916 0.447245 0.417451
threshold=0.05910561797752812 0.044445505617977561 0.13030000000000003 0.15970000000000004 0.29340000000000005 0.016650000000000002 -0.34824999999999995 0.57005000000000006 0.19965000000000002 10.523291011235957 10.237249438202356 0.11245000000000001 8.2705808988763483 0.098450000000000024 0.045700000000000011 0.064250000000000015 0.011100000000000002 0.033675842696629217
decision_type=2 2 2 2 2 2 2 2 2 2 2 2 2 2 2 2 2 2
left_child=1 6 4 -4 5 -3 7 12 14 10 -10 -9 17 -14 16 -16 -8 -1
right_child=-2 2 3 -5 -6 -7 8 11 9 -11 -12 -13 13 -15 15 -17 -18 -19
leaf_value=-2.5328221331686189e-05 -0.0078390460931941075 0.0031752802506089211 -0.019202350867281275 -0.0038602783334507058 -0.0038602783334507058 0.010775628720293752 -0.0010967668772764528 0.0024109614767105956 -0.0015271875835841159 -0.010723121485789307 -0.00493460307127974 0.0080590930605928101 0.0024109614767105956 0.00011359823589294177 -0.0015271875835841159 -2.5328221331686189e-05 -2.5328221331686189e-05 0.0024109614767105956
leaf_weight=479 57 30 31 32 32 32 453 58 101 48 89 45 218 345 87 232 434 44
leaf_count=479 57 30 31 32 32 32 453 58 101 48 89 45 218 345 87 232 434 44
internal_value=0 -0.000232092 -0.00276407 -0.00941206 0.00169151 0.00709804 -8.11159e-05 0.000550707 -0.000601363 -0.00290827 -0.00152719 0.00466106 0.000160867 0.00117853 -0.000146102 -0.00149401 -2.53282e-05 -2.53282e-05
internal_weight=0 2790 157 63 94 62 2633 1189 1444 238 190 103 1086 563 1206 319 887 523
internal_count=2847 2790 157 63 94 62 2633 1189 1444 238 190 103 1086 563 1206 319 887 523
is_linear=0
shrinkage=0.03


Tree=352
num_leaves=21
num_cat=0
split_feature=12 4 13 7 3 4 13 3 3 16 16 3 8 1 16 3 4 12 12 14
split_gain=4.67059 7.52252 4.27952 0.921978 1.66288 3.86687 2.04806 1.39855 1.35808 1.18357 1.76632 0.980967 0.712517 3.79863 0.684834 0.506236 0.957884 0.317374 0.704288 0.192062
threshold=-1.9340101123595479 0.15585000000000002 -3.7709471910112358 -0.34824999999999995 0.11230000000000001 0.13030000000000003 1.9001398876404496 0.0070500000000000007 0.0064500000000000009 8.2705808988763483 10.815749438202376 0.098450000000000024 0.19965000000000002 0.018300000000000004 31.104215730336993 0.011100000000000002 0.016650000000000002 -1.5966842696629227 -1.9055101123595468 0.0095865168539325824
decision_type=2 2 2 2 2 2 2 2 2 2 2 2 2 2 2 2 2 2 2 2
left_child=1 2 -1 7 12 6 19 8 -2 17 -11 -12 15 -14 -8 16 -5 18 -9 -6
right_child=3 -3 -4 4 5 -7 14 9 -10 10 11 -13 13 -15 -16 -17 -18 -19 -20 -21
leaf_value=-0.0069129573371499138 0.0014128200179439479 -0.014222833258765085 0.0056957507014274598 -2.2456759677928707e-05 -2.2456759677928707e-05 -0.01196256910256731 -0.0023346719424276112 -2.2456759677928707e-05 0.0090882762602996076 0.0068402449581391953 0.0025690672523700272 -2.2456759677928707e-05 -0.0010807349545049283 -0.0099082169424155302 -0.0066031676302964661 -2.2456759677928707e-05 -0.0010807349545049283 -2.2456759677928707e-05 0.0043763913623600581 -0.0034824714472051709
leaf_weight=47 59 56 50 199 87 36 39 40 32 49 195 326 102 46 33 645 266 436 72 32
leaf_count=47 59 56 50 199 87 36 39 40 32 49 195 326 102 46 33 645 266 436 72 32
internal_value=0 -0.00546797 -0.000413623 -7.96159e-05 -0.000580379 -0.00294366 -0.00124377 0.000535466 0.00411188 0.000244362 0.00139473 0.000882583 -0.000153936 -0.00213901 -0.00545915 -2.24568e-05 -0.00103348 -2.24568e-05 0.00258134 -2.24568e-05
internal_weight=0 153 97 2694 1485 227 191 1209 91 1118 570 521 1258 148 72 1110 465 548 112 119
internal_count=2847 153 97 2694 1485 227 191 1209 91 1118 570 521 1258 148 72 1110 465 548 112 119
is_linear=0
shrinkage=0.03


Tree=353
num_leaves=21
num_cat=0
split_feature=17 1 3 7 3 14 7 2 15 8 3 3 0 3 7 3 3 14 6 6
split_gain=3.19275 8.0325 4.52338 6.12156 4.5792 3.22129 0.803188 2.30829 2.15564 1.2825 0.897118 3.14477 1.45129 3.85897 1.25529 2.98905 0.854691 0.788941 0.445472 0.400176
threshold=0.044445505617977561 0.18615000000000001 0.11670000000000001 -0.31599999999999995 0.008550000000000002 0.21468651685393267 -0.3098999999999999 0.27755000000000002 29.104062359550564 0.20425000000000001 0.031000000000000003 0.028200000000000006 0.68295000000000006 0.012550000000000002 -0.42994999999999994 0.11255000000000003 0.0070500000000000007 0.41254606741573041 0.069650000000000017 0.010000000000000002
decision_type=2 2 2 2 2 2 2 2 2 2 2 2 2 2 2 2 2 2 2 2
left_child=6 2 3 -2 -5 -4 10 8 9 19 11 12 16 -14 15 -12 -1 -16 -17 -8
right_child=1 -3 5 4 -6 -7 7 -9 -10 -11 14 -13 13 -15 17 18 -18 -19 -20 -21
leaf_value=0.0011303659189982834 0.013319672089179647 -0.015306535078720615 0.0016100878800235448 0.0056305137738831253 -0.008115810949362836 -0.008115810949362836 -0.0024427335972955363 -0.0086382842605764211 -0.004585692307321523 -0.004585692307321523 0.0086971484871700092 0.0085908040123022344 0.0011303659189982834 0.011104806575100296 -0.00029977488726954987 0.00072959029396066648 -0.00029977488726954987 0.00072959029396066648 0.0029802459843732889 -0.00029977488726954987
leaf_weight=78 34 44 31 32 42 31 62 33 32 39 47 49 160 39 963 144 151 125 86 625
leaf_count=78 34 44 31 32 42 31 62 33 32 39 47 49 160 39 963 144 151 125 86 625
internal_value=0 -0.00388202 -0.000925087 0.00278268 -0.00205864 -0.00738377 -7.1665e-05 -0.000871243 -0.0005331 -0.000299775 0.000271694 0.00139167 0.000567468 0.00256051 -0.000119682 0.00175896 -0.000299775 -0.000299775 0.00072959 -0.000299775
internal_weight=0 214 170 108 74 62 2633 791 758 726 1842 477 428 199 1365 277 229 1088 230 687
internal_count=2847 214 170 108 74 62 2633 791 758 726 1842 477 428 199 1365 277 229 1088 230 687
is_linear=0
shrinkage=0.03


Tree=354
num_leaves=21
num_cat=0
split_feature=12 4 15 7 3 4 17 3 3 16 16 3 8 1 1 3 4 17 12 12
split_gain=4.19552 8.10589 4.09418 0.766242 1.53447 3.66466 1.45229 1.32992 1.27782 1.12843 1.67274 0.909238 0.637591 3.55216 0.539961 0.459459 0.893815 0.266893 1.34863 0.11867
threshold=-1.9590101123595483 0.15585000000000002 17.263128089887644 -0.34824999999999995 0.11230000000000001 0.13030000000000003 -0.0013202247191011205 0.0070500000000000007 0.0064500000000000009 8.2705808988763483 10.815749438202376 0.098450000000000024 0.19965000000000002 0.018300000000000004 0.039900000000000012 0.011100000000000002 0.016650000000000002 0.025175842696629234 -1.9055101123595468 -1.0029707865168562
decision_type=2 2 2 2 2 2 2 2 2 2 2 2 2 2 2 2 2 2 2 2
left_child=1 2 -1 7 12 6 14 8 -2 17 -11 -12 15 -14 -6 16 -5 -9 -19 -8
right_child=3 -3 -4 4 5 -7 19 9 -10 10 11 -13 13 -15 -16 -17 -18 18 -20 -21
leaf_value=0.0053592495353154412 0.0013365243518946028 -0.015107924562692641 -0.0071809281674878938 -4.1419707546764638e-05 -0.0020281958710402248 -0.011599597387248649 -0.0026878429129719734 -4.1419707546764638e-05 0.0087817170575726772 0.0066296957369314088 0.0024555150173568669 -4.1419707546764638e-05 -0.0010330913342480512 -0.0095585972003122462 -0.0063822070467596656 -4.1419707546764638e-05 -0.0010330913342480512 -4.1419707546764638e-05 0.0067071903114705239 -4.1419707546764638e-05
leaf_weight=53 59 50 42 199 35 36 30 465 32 49 195 326 103 46 34 646 266 46 43 92
leaf_count=53 59 50 42 199 35 36 30 465 32 49 195 326 103 46 34 646 266 46 43 92
internal_value=0 -0.00533072 -0.000184829 -9.25357e-05 -0.000549197 -0.00281967 -0.00116482 0.000466357 0.00395461 0.000183945 0.0013304 0.000831997 -0.000140151 -0.00202476 -0.00477812 -4.14197e-05 -0.00101402 -4.14197e-05 0.00285106 -4.14197e-05
internal_weight=0 145 95 2702 1487 227 191 1215 91 1124 570 521 1260 149 69 1111 465 554 89 122
internal_count=2847 145 95 2702 1487 227 191 1215 91 1124 570 521 1260 149 69 1111 465 554 89 122
is_linear=0
shrinkage=0.03


Tree=355
num_leaves=14
num_cat=0
split_feature=7 14 14 18 7 14 3 14 15 3 12 3 0
split_gain=1.65354 0.979251 0.842993 0.825524 1.59097 1.47434 3.97164 1.58889 1.46885 0.697071 0.747934 0.642844 0.601473
threshold=-0.25914999999999994 0.63245730337078687 -0.43491348314606731 4.5000000000000009 -0.3885499999999999 0.27495730337078667 0.010600000000000002 0.048586516853932622 -7.0234589887640446 0.011100000000000002 2.0576179775280932 0.022050000000000004 0.67740000000000011
decision_type=2 2 2 2 2 2 2 2 2 2 2 2 2
left_child=1 2 11 4 8 7 -7 -5 -4 -3 -11 -1 -6
right_child=-2 9 3 5 12 6 -8 -9 -10 10 -12 -13 -14
leaf_value=0.00095428617804178177 -0.0060177206297715507 -0.001246797608380968 0.0048459507970230048 -0.00060463635574439941 -0.0014301794908745259 0.0053483061164617532 -0.0031194254237431425 0.0041369539948509018 0.00084581706091851081 0.0061882189825615457 0.00044391072991215074 -0.0031194254237431425 0.0001735832507687085
leaf_weight=35 45 33 113 984 309 50 189 68 234 51 34 50 660
leaf_count=35 45 33 113 984 309 50 189 68 234 51 34 50 660
internal_value=0 -0.00022113 -0.000338382 -0.000242379 0.000286371 -0.000781369 -0.00290836 -0.000298146 0.00202947 0.0024538 0.0038905 -0.00311943 -0.000337833
internal_weight=0 2810 2692 2607 1316 1291 239 1052 347 118 85 85 969
internal_count=2855 2810 2692 2607 1316 1291 239 1052 347 118 85 85 969
is_linear=0
shrinkage=0.03


Tree=356
num_leaves=12
num_cat=0
split_feature=7 17 17 3 3 3 3 3 3 6 4
split_gain=1.55245 1.3398 1.46577 3.83652 1.00883 1.89289 1.62786 2.78601 2.11527 1.5151 0.368428
threshold=-0.25914999999999994 0.05910561797752812 0.044445505617977561 0.010600000000000002 0.011100000000000002 0.008550000000000002 0.021000000000000001 0.019050000000000001 0.028200000000000006 -0.067999999999999991 0.024400000000000002
decision_type=2 2 2 2 2 2 2 2 2 2 2
left_child=1 2 4 -4 5 9 7 -6 -8 -1 -7
right_child=-2 -3 3 -5 6 10 8 -9 -10 -11 -12
leaf_value=-0.0030288892033056903 -0.0058371892025073369 0.004331957101821899 0.0067661883806188899 -0.0030288892033056903 0.0012395733986970787 0.00058629470538686622 -0.0030288892033056903 0.010605077969958073 0.00011619152055106415 0.00017252408334687507 -0.0030288892033056903
leaf_weight=30 45 57 36 123 268 66 86 32 1528 537 47
leaf_count=30 45 57 36 123 268 66 86 32 1528 537 47
internal_value=0 -0.000220589 -0.000314848 -0.00302889 -0.000143395 -0.00113597 0.000209243 0.00223856 -0.000167953 -0.000326697 -0.00302889
internal_weight=0 2810 2753 159 2594 680 1914 300 1614 567 113
internal_count=2855 2810 2753 159 2594 680 1914 300 1614 567 113
is_linear=0
shrinkage=0.03


Tree=357
num_leaves=10
num_cat=0
split_feature=7 17 17 3 8 6 0 7 17
split_gain=1.4537 1.2681 1.43391 3.61228 1.34934 1.50407 1.37612 1.00418 0.549259
threshold=-0.25914999999999994 0.05910561797752812 0.044445505617977561 0.010600000000000002 0.15335000000000001 -0.072449999999999987 0.10110000000000001 -0.3885499999999999 -0.0053241573033707959
decision_type=2 2 2 2 2 2 2 2 2
left_child=1 2 4 -4 6 -6 8 -7 -1
right_child=-2 -3 3 -5 5 7 -8 -9 -10
leaf_value=0.0011576225274510861 -0.0056620735948284462 0.004201998659654667 0.006563203067829212 -0.002944559287532992 -0.002944559287532992 0.00094525666699530101 0.0079323129161425355 -0.00051549700023200144 0.0045449677217968111
leaf_weight=72 45 57 36 123 64 551 34 1831 42
leaf_count=72 45 57 36 123 64 551 34 1831 42
internal_value=0 -0.000227045 -0.000318747 -0.00294456 -0.000149024 -0.00031733 0.00263258 -0.000177598 0.00115762
internal_weight=0 2810 2753 159 2594 2446 148 2382 114
internal_count=2855 2810 2753 159 2594 2446 148 2382 114
is_linear=0
shrinkage=0.03


Tree=358
num_leaves=10
num_cat=0
split_feature=7 17 17 3 8 6 17 7 16
split_gain=1.364 1.19721 1.40778 3.39754 1.25746 1.45735 0.927115 0.765241 0.113226
threshold=-0.25914999999999994 0.05910561797752812 0.044445505617977561 0.010600000000000002 0.14540000000000003 -0.077549999999999994 -0.0053241573033707959 -0.3885499999999999 23.844249438202329
decision_type=2 2 2 2 2 2 2 2 2
left_child=1 2 4 -4 6 -6 8 -7 -1
right_child=-2 -3 3 -5 5 7 -8 -9 -10
leaf_value=0.003041674400385665 -0.005492211384077867 0.0040759382357722831 0.0063663071145613984 -0.0028598740218856991 -0.0028598740218856991 0.00080956294823087446 0.0064881396479904655 -0.00045126937367645872 0.0012995614963438149
leaf_weight=38 45 57 36 123 64 566 42 1847 37
leaf_count=38 45 57 36 123 64 566 42 1847 37
internal_value=0 -0.000227537 -0.000316639 -0.00285987 -0.000148243 -0.000291796 0.00289092 -0.000155525 0.00129956
internal_weight=0 2810 2753 159 2594 2477 117 2413 75
internal_count=2855 2810 2753 159 2594 2477 117 2413 75
is_linear=0
shrinkage=0.03


Tree=359
num_leaves=11
num_cat=0
split_feature=17 12 4 14 14 16 8 6 1 0
split_gain=1.17356 1.98142 7.73263 0.953599 0.649179 1.01005 0.708115 0.552506 0.462527 0.157943
threshold=0.05910561797752812 -1.9590101123595483 0.15585000000000002 -0.43491348314606731 0.63245730337078687 45.096850561797744 0.15335000000000001 0.021150000000000006 0.031800000000000009 0.46205000000000002
decision_type=2 2 2 2 2 2 2 2 2 2
left_child=1 2 -1 7 5 6 -5 -3 -6 -10
right_child=-2 3 -4 4 8 -7 -8 -9 9 -11
leaf_value=0.0025717305681771702 0.0039536600756017778 -0.0051604319871403279 -0.015092306623333379 0.0016754365652842922 0.0050998605272616262 -0.0057192230973159893 -0.00032026483691540466 -0.0002503062446009029 -0.00087909526098519557 0.0018021587481705174
leaf_weight=54 57 55 38 172 32 30 2296 33 30 58
leaf_count=54 57 55 38 172 32 30 2296 33 30 58
internal_value=0 -0.000394603 -0.00472428 -0.0002474 -0.000144149 -0.00024769 -0.00018118 -0.00331913 0.00201123 0.000888095
internal_weight=0 2798 92 2706 2618 2498 2468 88 120 88
internal_count=2855 2798 92 2706 2618 2498 2468 88 120 88
is_linear=0
shrinkage=0.03


Tree=360
num_leaves=15
num_cat=0
split_feature=0 7 17 16 1 4 6 16 16 15 0 8 17 7
split_gain=1.90467 1.67443 8.17316 3.74206 3.01949 1.47174 0.887424 0.798236 1.50295 0.710253 0.706985 0.634825 0.483568 0.316351
threshold=1.0000000180025095e-35 -0.35244999999999999 0.046605617977528137 -41.099750561797627 0.11705000000000002 0.20455000000000004 -0.0034499999999999995 8.2705808988763483 22.737249438202358 -3.1038719101123493 0.14895000000000003 0.17645000000000002 -0.0165584269662921 -0.29994999999999994
decision_type=2 2 2 2 2 2 2 2 2 2 2 2 2 2
left_child=9 2 7 -3 -4 6 11 -2 10 -1 -9 -5 -10 -8
right_child=1 3 4 5 -6 -7 13 8 12 -11 -12 -13 -14 -15
leaf_value=-0.0086295595642877747 -2.1710379024213291e-05 -0.0028270708579711725 0.017001439545303584 -0.00072305049876095315 0.0041442763757321144 -0.0028270708579711725 -2.1710379024213291e-05 0.0010851246395179907 0.0013185860411400292 -0.0028270708579711725 0.0052748167618212509 -0.0014243906184976929 -2.1710379024213291e-05 -0.00072305049876095315
leaf_weight=32 507 177 35 48 31 44 771 59 246 31 94 178 117 498
leaf_count=32 507 177 35 48 31 44 771 59 246 31 94 178 117 498
internal_value=0 -0.000189805 0.000730291 -0.000773712 0.0109625 -0.000202278 -2.17104e-05 7.01505e-05 0.0011653 -0.00546434 0.00365918 -0.00142439 0.000114164 -2.17104e-05
internal_weight=0 2805 1089 1716 66 1539 1495 1023 516 63 153 226 363 1269
internal_count=2868 2805 1089 1716 66 1539 1495 1023 516 63 153 226 363 1269
is_linear=0
shrinkage=0.03


Tree=361
num_leaves=15
num_cat=0
split_feature=0 7 12 0 12 12 3 3 3 12 15 8 3 12
split_gain=1.77934 1.55633 5.54472 4.31783 2.59717 0.911575 1.23942 1.70512 0.803277 0.677209 0.67161 0.616152 0.510281 0.286426
threshold=1.0000000180025095e-35 -0.3885499999999999 -2.0460101123595478 0.42035000000000006 -1.9055101123595468 0.05071685393258641 0.021000000000000001 0.12705000000000002 0.30785000000000007 1.0000000180025095e-35 -3.1038719101123493 0.17880000000000004 0.4391000000000001 2.0298039325842727
decision_type=2 2 2 2 2 2 2 2 2 2 2 2 2 2
left_child=10 2 -2 12 11 6 9 -8 13 -6 -1 -3 -4 -7
right_child=1 4 3 -5 5 8 7 -9 -10 -11 -12 -13 -14 -15
leaf_value=-0.0083706727519165715 0.012324046416057123 0.00020436194546039996 0.00020436194546039996 0.011091465596109629 0.00020436194546039996 0.00020436194546039996 -0.0027420828583603887 0.00020436194546039996 -0.0027420828583603887 -0.0027420828583603887 -0.0027420828583603887 -0.0027420828583603887 0.00437748923161698 -0.0015934758894749952
leaf_weight=32 37 33 614 33 351 964 332 112 33 30 31 131 31 104
leaf_count=32 37 33 614 33 351 964 332 112 33 30 31 131 31 104
internal_value=0 -0.00019306 0.0010151 0.000397948 -0.000606379 -0.000259493 -0.00101906 -0.00209639 0.000204362 0.000204362 -0.00529111 -0.00274208 0.000204362 0.000204362
internal_weight=0 2805 715 678 2090 1926 825 444 1101 381 63 164 645 1068
internal_count=2868 2805 715 678 2090 1926 825 444 1101 381 63 164 645 1068
is_linear=0
shrinkage=0.03


Tree=362
num_leaves=13
num_cat=0
split_feature=0 14 7 12 16 4 6 16 16 0 3 16
split_gain=1.66562 1.72676 1.44412 8.54204 3.4868 1.39746 1.2686 0.72994 1.43507 0.669121 0.513722 0.458
threshold=1.0000000180025095e-35 -0.0049134831460674313 -0.35244999999999999 -2.0460101123595478 -41.099750561797627 0.16820000000000004 -0.0034499999999999995 8.2705808988763483 22.737249438202358 0.14895000000000003 0.04735000000000001 33.030350561797782
decision_type=2 2 2 2 2 2 2 2 2 2 2 2
left_child=1 -1 3 -2 -4 6 -6 -5 9 -9 -7 -10
right_child=2 -3 4 7 5 10 -8 8 11 -11 -12 -13
leaf_value=-0.0026568558764210343 0.012296027570135062 -0.010692738159559666 -0.0026568558764210343 -3.4530591403813139e-05 -0.0013456932339124235 -0.0013456932339124235 -3.4530591403813139e-05 0.0010339592132812081 -3.4530591403813139e-05 0.0051099151706798587 -0.0026568558764210343 0.0016902522132731972
leaf_weight=33 54 30 177 519 208 33 1228 59 223 94 70 140
leaf_count=33 54 30 177 519 208 33 1228 59 223 94 70 140
internal_value=0 -0.00512307 -0.000190637 0.000663842 -0.000732904 -0.000173637 -3.45306e-05 5.69457e-05 0.00110122 0.00353814 -0.00265686 7.40923e-05
internal_weight=0 63 2805 1089 1716 1539 1436 1035 516 153 103 363
internal_count=2868 63 2805 1089 1716 1539 1436 1035 516 153 103 363
is_linear=0
shrinkage=0.03


Tree=363
num_leaves=15
num_cat=0
split_feature=0 7 12 0 12 12 3 3 3 12 16 3 7 12
split_gain=1.53412 1.35617 4.91969 4.06336 2.42826 0.845843 1.17316 1.57916 0.742743 0.627363 0.513019 0.476023 0.311763 0.235053
threshold=1.0000000180025095e-35 -0.3885499999999999 -2.0460101123595478 0.42035000000000006 -1.9055101123595468 0.05071685393258641 0.021000000000000001 0.12705000000000002 0.30785000000000007 1.0000000180025095e-35 7.7131404494380726 0.4391000000000001 -0.35244999999999999 2.0298039325842727
decision_type=2 2 2 2 2 2 2 2 2 2 2 2 2 2
left_child=10 2 -2 11 12 6 9 -8 13 -6 -1 -4 -3 -7
right_child=1 4 3 -5 5 8 7 -9 -10 -11 -12 -13 -14 -15
leaf_value=-0.0077727405782788998 0.011585443801171071 0.00017614209671825098 0.00017614209671825098 0.010733210453763605 0.00017614209671825098 0.00017614209671825098 -0.0025617076226655891 0.00017614209671825098 -0.0025617076226655891 -0.0025617076226655891 -0.0025617076226655891 0.0042322517129322213 -0.0025617076226655891 -0.0015442783772911528
leaf_weight=30 37 31 614 33 351 964 332 112 33 30 33 31 133 104
leaf_count=30 37 31 614 33 351 964 332 112 33 30 33 31 133 104
internal_value=0 -0.000194845 0.000932955 0.000351625 -0.000580671 -0.000239342 -0.000975267 -0.00202418 0.000176142 0.000176142 -0.00492857 0.000176142 -0.00256171 0.000176142
internal_weight=0 2805 715 678 2090 1926 825 444 1101 381 63 645 164 1068
internal_count=2868 2805 715 678 2090 1926 825 444 1101 381 63 645 164 1068
is_linear=0
shrinkage=0.03


Tree=364
num_leaves=18
num_cat=0
split_feature=16 8 1 4 7 3 1 7 1 16 12 14 16 3 4 13 6
split_gain=1.45546 5.51978 9.96192 5.931 2.42651 3.43822 1.06514 2.28984 0.817043 0.612022 1.30652 0.760659 0.746458 0.479575 0.458603 0.41722 0.192103
threshold=-50.577649438202279 0.17515000000000003 0.18615000000000001 0.31145000000000006 -0.33544999999999997 0.040500000000000008 0.51270000000000016 -0.39534999999999992 0.0007000000000000001 43.358350561797756 2.0448039325842733 0.41254606741573041 24.028249438202298 0.010600000000000002 0.36690000000000006 -0.85197977528089808 -0.0035499999999999998
decision_type=2 2 2 2 2 2 2 2 2 2 2 2 2 2 2 2 2
left_child=1 3 4 -1 -3 13 8 15 -2 11 16 12 -10 -6 -13 -8 -11
right_child=6 2 -4 -5 5 -7 7 -9 9 10 -12 14 -14 -15 -16 -17 -18
leaf_value=0.012453240197236565 0.0039569859475159317 -0.00020156190679916766 -0.020288649149006233 -0.00020156190679916766 -0.0025435390759530538 -0.011178161817114273 -0.0048723554572400948 -0.0088247297399793746 3.0731090915230674e-05 -0.00077081704319159432 -0.0012165505849653171 0.0019803967945247348 -0.0012165505849653171 -0.0060613738724854416 -0.0012165505849653171 -0.0012165505849653171 0.0019803967945247348
leaf_weight=44 48 46 32 33 54 34 36 40 1479 41 62 117 515 39 31 75 142
leaf_count=44 48 46 32 33 54 34 36 40 1479 41 62 117 515 39 31 75 142
internal_value=0 -0.0023396 -0.00491192 0.0045088 -0.00206767 -0.00488552 -6.98825e-05 -0.00251484 8.17348e-05 3.80764e-06 0.00142419 -0.000158654 -0.000312674 -0.00254354 0.00191644 -0.00121655 0.0019804
internal_weight=0 282 205 77 173 127 2586 151 2435 2387 245 2142 1994 93 148 111 183
internal_count=2868 282 205 77 173 127 2586 151 2435 2387 245 2142 1994 93 148 111 183
is_linear=0
shrinkage=0.03


Tree=365
num_leaves=19
num_cat=0
split_feature=7 0 12 12 4 13 0 14 3 4 6 13 2 16 15 15 15 15
split_gain=0.883508 4.61174 4.45579 3.56669 3.71901 2.51336 1.5329 1.19624 0.911499 0.866493 3.75146 0.782289 0.520689 0.262804 1.07639 0.260481 0.185361 0.0687793
threshold=-0.3885499999999999 0.29825000000000007 -1.6266842696629238 -1.9055101123595468 0.12025000000000001 -3.8039471910112357 0.38135000000000002 -0.3100426966292133 0.30785000000000007 0.22315000000000004 0.014300000000000002 -2.011842696629214 0.00015000000000000004 10.237249438202356 -10.055393258426964 14.504220224719107 6.775791011235957 26.914562359550562
decision_type=2 2 2 2 2 2 2 2 2 2 2 2 2 2 2 2 2 2
left_child=1 15 -3 4 5 7 16 -2 9 13 -11 -12 -10 -5 -15 -1 -4 -17
right_child=3 2 6 8 -6 -7 -8 -9 12 10 11 -13 -14 14 -16 17 -18 -19
leaf_value=0.00028578652967474585 -0.0016602392352651806 0.01537501217737313 0.0025800299942349181 0.00028578652967474585 -0.012526442199479789 0.00028578652967474585 0.0083948524600626628 -0.0072559348038878663 -0.00086897211091127244 -0.0096449387272198994 -0.0051865846318775756 -0.00072823053653525282 -0.0063703398574143644 0.00028578652967474585 -0.00072823053653525282 0.0025800299942349181 0.0054874412271487911 0.0016305274542578508
leaf_weight=422 40 31 106 842 40 43 42 39 32 45 31 120 30 364 455 51 31 71
leaf_count=422 40 31 106 842 40 43 42 39 32 45 31 120 30 364 455 51 31 71
internal_value=0 0.000885096 0.00487427 -0.000313523 -0.00458815 -0.00198543 0.00305571 -0.00576395 4.7336e-05 0.000166804 -0.00174225 -0.000728231 -0.00353092 0.000285787 -0.000272521 0.000285787 0.00258003 0.00258003
internal_weight=0 754 210 2081 162 122 179 79 1919 1857 196 151 62 1661 819 544 137 122
internal_count=2835 754 210 2081 162 122 179 79 1919 1857 196 151 62 1661 819 544 137 122
is_linear=0
shrinkage=0.03


Tree=366
num_leaves=15
num_cat=0
split_feature=1 7 17 0 16 6 17 4 8 7 15 0 16 15
split_gain=0.806519 1.0795 4.56426 5.13052 2.10241 1.30924 0.924752 1.89837 1.58824 0.917821 0.65808 0.221002 0.783138 0.0232161
threshold=0.69905000000000006 -0.3885499999999999 0.044445505617977561 0.42035000000000006 -41.099750561797627 0.025450000000000004 -0.0048241573033707954 0.015200000000000002 0.17605000000000001 -0.30749999999999994 -20.411350561797729 0.27555000000000002 -23.586859550561879 10.523291011235957
decision_type=2 2 2 2 2 2 2 2 2 2 2 2 2 2
left_child=1 2 3 11 5 -3 7 -6 -9 -7 -8 -1 -13 -12
right_child=-2 4 -4 -5 6 9 10 8 -10 -11 13 12 -14 -15
leaf_value=0.00038381398562965558 -0.0048866399712860576 -0.0024140729405826957 0.009709131821223042 0.012790337899699807 0.00038381398562965558 0.00038381398562965558 -0.0024140729405826957 -0.00061650345586266046 -0.0024140729405826957 -0.0010151294774765199 0.00038381398562965558 0.0052102310280315572 0.0011145040344269399 -0.00086979137087219338
leaf_weight=455 30 121 51 30 214 38 43 176 512 56 715 48 140 206
leaf_count=455 30 121 51 30 214 38 43 176 512 56 715 48 140 206
internal_value=0 5.84941e-05 0.00105627 0.000400555 -0.000288642 -0.00241407 4.6005e-05 -0.00069265 -0.00161682 0.000383814 0.000383814 0.000383814 0.00184519 0.000383814
internal_weight=0 2805 724 673 2081 215 1866 902 688 94 964 643 188 921
internal_count=2835 2805 724 673 2081 215 1866 902 688 94 964 643 188 921
is_linear=0
shrinkage=0.03


Tree=367
num_leaves=16
num_cat=0
split_feature=1 7 17 16 6 7 3 17 3 15 4 1 15 3 3
split_gain=0.759902 0.94943 4.32399 2.05578 1.24262 0.871498 0.852361 0.850702 2.76523 0.735683 0.653613 1.32307 0.324681 0.157695 3.08974
threshold=0.69905000000000006 -0.3885499999999999 0.044445505617977561 -41.099750561797627 0.025450000000000004 -0.30749999999999994 0.30785000000000007 -0.0048241573033707954 0.021000000000000001 16.246606741573036 0.42755000000000004 0.31080000000000002 -20.411350561797729 0.035050000000000005 0.023950000000000003
decision_type=2 2 2 2 2 2 2 2 2 2 2 2 2 2 2
left_child=1 2 9 4 -3 -6 7 8 -5 13 11 -11 -9 14 -1
right_child=-2 3 -4 6 5 -7 -8 12 -10 10 -12 -13 -14 -15 -16
leaf_value=0.00036514406773704685 -0.0047400408573448653 -0.0023399944363598464 0.0094178582051330628 0.00036514406773704685 0.00036514406773704685 -0.00098742518431139958 -0.0023399944363598464 -0.0023399944363598464 -0.0023399944363598464 0.0085505731994859301 0.00036514406773704685 0.0023418880140021925 0.00036514406773704685 0.00036514406773704685 0.0094898796675575749
leaf_weight=62 30 121 51 465 38 56 60 40 429 39 46 41 872 448 37
leaf_count=62 30 121 51 465 38 56 60 40 429 39 46 41 872 448 37
internal_value=0 6.0052e-05 0.000995788 -0.000265499 -0.00233999 0.000365144 6.64379e-05 0.000191422 -0.000592654 0.000365144 0.00265756 0.00431863 0.000365144 0.000365144 0.00210559
internal_weight=0 2805 724 2081 215 94 1866 1806 894 673 126 80 912 547 99
internal_count=2835 2805 724 2081 215 94 1866 1806 894 673 126 80 912 547 99
is_linear=0
shrinkage=0.03


Tree=368
num_leaves=14
num_cat=0
split_feature=1 7 12 0 12 17 3 12 3 8 3 3 0
split_gain=0.714266 0.838252 4.17345 4.69746 2.4862 0.801735 2.78528 1.17115 0.683154 0.483965 0.405412 0.391306 0.0225401
threshold=0.69905000000000006 -0.3885499999999999 -2.0460101123595478 0.42035000000000006 -1.9055101123595468 -0.0048241573033707954 0.021000000000000001 0.84248988764045241 0.0062000000000000015 0.19235000000000002 0.30785000000000007 0.4391000000000001 0.27555000000000002
decision_type=2 2 2 2 2 2 2 2 2 2 2 2 2
left_child=1 2 -1 11 9 6 8 -8 -6 -3 -7 12 -4
right_child=-2 4 3 -5 5 10 7 -9 -10 -11 -12 -13 -14
leaf_value=0.011041033629860196 -0.004597839651629328 0.00034255672559079371 0.00034255672559079371 0.012219753851124551 -0.0019469032742252402 0.00034255672559079371 -0.0022709779463137209 6.5994913474871569e-05 0.00034255672559079371 -0.0022709779463137209 -0.0022709779463137209 0.0043853973364457489 0.001612452928065544
leaf_weight=35 30 100 440 30 165 963 242 195 300 62 54 30 189
leaf_count=35 30 100 440 30 165 963 242 195 300 62 54 30 189
internal_value=0 5.58838e-05 0.000935127 0.000421764 -0.000250013 9.44194e-05 -0.000622301 -0.00227098 0.000342557 -0.00227098 0.000342557 0.000342557 0.000342557
internal_weight=0 2805 724 689 2081 1919 902 437 465 162 1017 659 629
internal_count=2835 2805 724 689 2081 1919 902 437 465 162 1017 659 629
is_linear=0
shrinkage=0.03


Tree=369
num_leaves=13
num_cat=0
split_feature=13 13 8 3 13 17 17 8 15 4 3 6
split_gain=0.64914 1.42051 4.57702 0.868733 0.710184 1.63065 0.951303 3.1045 0.838776 0.410487 0.41412 0.174077
threshold=-3.9884471910112356 -3.8547134831460665 0.19155000000000003 0.028200000000000006 -3.8334797752808982 0.05910561797752812 0.025175842696629234 0.17830000000000004 -10.055393258426964 0.10385000000000001 0.018950000000000005 0.010500000000000001
decision_type=2 2 2 2 2 2 2 2 2 2 2 2
left_child=9 2 3 -2 11 6 8 -8 -6 10 -1 -3
right_child=1 4 -4 -5 5 -7 7 -9 -10 -11 -12 -13
leaf_value=0.0017954724259990533 -0.003760611361433421 0.0017290242705997583 -0.013422459453344346 0.0025618358046905895 0.00088957023962330786 -0.0053334680900854218 0.0090721678632226851 0.00030462392500043862 -0.00044603798805248796 -0.00022491539163248877 0.0062464325156179256 0.0048041838151402765
leaf_weight=32 31 37 30 53 565 51 44 209 1686 35 32 30
leaf_count=32 31 37 30 53 565 51 44 209 1686 35 32 30
internal_value=0 -8.55095e-05 -0.00336382 0.000228552 5.70257e-05 -2.29268e-05 8.52352e-05 0.00182941 -0.000110801 0.0023873 0.00381586 0.00310596
internal_weight=0 2736 114 84 2622 2555 2504 253 2251 99 64 67
internal_count=2835 2736 114 84 2622 2555 2504 253 2251 99 64 67
is_linear=0
shrinkage=0.03


Tree=370
num_leaves=31
num_cat=0
split_feature=16 7 15 5 15 12 4 5 8 0 16 15 8 7 5 15 12 0 4 5 7 13 13 8 14 14 0 14 0 7
split_gain=0.773764 1.6655 2.21476 2.1085 1.72578 2.5453 3.94728 1.4257 1.32637 1.28455 1.23476 0.844029 1.28292 1.03706 1.00628 0.836977 1.39633 1.38917 0.87966 0.727225 0.689465 0.623614 0.6046 1.3799 0.678901 0.524281 0.989848 0.646607 0.303335 0.162749
threshold=6.3473606741572448 -0.42724999999999996 10.523291011235957 0.43275000000000002 10.228291011235957 -0.77568426966292126 0.1024 0.20820000000000002 0.18565000000000001 0.11895000000000001 10.815749438202376 -10.055393258426964 0.19885000000000003 -0.31494999999999995 0.19250000000000003 -20.411350561797729 1.1047595505617986 0.57220000000000015 0.16185000000000002 0.41730000000000006 -0.3885499999999999 2.0786573033707865 1.5700202247191017 0.19525000000000003 -0.12032359550561793 -0.31731348314606733 0.39080000000000009 -0.27054269662921332 0.38355000000000006 -0.32039999999999996
decision_type=2 2 2 2 2 2 2 2 2 2 2 2 2 2 2 2 2 2 2 2 2 2 2 2 2 2 2 2 2 2
left_child=1 2 9 4 5 -3 -7 -6 -9 -1 19 15 14 -14 -13 25 17 -17 -18 22 -16 -15 23 24 -2 26 -12 -27 -24 -30
right_child=10 3 -4 -5 7 6 -8 8 -10 -11 11 12 13 21 20 16 18 -19 -20 -21 -22 -23 28 -25 -26 27 -28 -29 29 -31
leaf_value=0.00055716042139085712 0.0037565676026189553 0.00055716042139085712 0.0073236561129045369 -0.0071677600470138715 0.00055716042139085712 0.00055716042139085712 -0.0039542604855032498 -0.0014164778239550485 -0.0039542604855032498 0.0061338838204168357 -0.0033500426392043554 0.0045199163730901019 -0.00188820419777389 -0.0041214043008348409 0.0010769251989737405 0.0015512151018573115 0.0019620757857876374 0.00870821855192923 -0.0024324873729699081 -0.0022594400681555269 -0.0011947410364076495 -0.0093667360402469053 0.0002065503603013382 0.0002065503603013382 0.008851640272214141 -0.0039019717056243148 0.0025906892965205622 0.00016638348532661078 0.0034988536228960812 0.0012226161805871968
leaf_weight=83 52 394 53 48 61 208 120 94 194 39 34 39 48 32 177 52 121 46 62 30 375 32 31 41 43 61 98 83 47 47
leaf_count=83 52 394 53 48 61 208 120 94 194 39 34 39 48 32 177 52 121 46 62 30 375 32 31 41 43 61 98 83 47 47
internal_value=0 -0.000590821 0.00213077 -0.00101645 -0.000740761 9.65043e-05 -0.00217252 -0.00247287 -0.00339012 0.00055716 0.000402738 -4.05029e-06 -0.000695188 -0.00363912 -0.000137285 0.000868247 0.00202078 0.00491062 0.000473207 0.00216409 -0.000466326 -0.0063546 0.00267254 0.00405681 0.00606276 -0.000305161 0.0010605 -0.00155702 0.00116646 0.00223868
internal_weight=0 1294 175 1119 1071 722 328 349 288 122 1551 1260 703 112 591 557 281 98 183 291 552 64 261 136 95 276 132 144 125 94
internal_count=2845 1294 175 1119 1071 722 328 349 288 122 1551 1260 703 112 591 557 281 98 183 291 552 64 261 136 95 276 132 144 125 94
is_linear=0
shrinkage=0.03


Tree=371
num_leaves=18
num_cat=0
split_feature=3 3 17 3 6 3 4 7 3 3 5 3 4 3 8 4 7
split_gain=0.92663 1.13637 5.92873 2.35712 6.22619 3.87984 2.35745 2.30824 4.47071 2.60712 9.2894 2.03264 1.88996 1.69928 1.34483 1.0273 0.870934
threshold=1.0000000180025095e-35 0.0070500000000000007 0.046605617977528137 0.012550000000000002 -0.0034499999999999995 0.011450000000000002 0.025500000000000005 -0.29124999999999995 0.040500000000000008 0.021000000000000001 0.36195000000000005 0.033000000000000008 0.024400000000000002 0.0064500000000000009 0.19885000000000003 0.04370000000000001 -0.32039999999999996
decision_type=2 2 2 2 2 2 2 2 2 2 2 2 2 2 2 2 2
left_child=-1 2 13 4 12 6 -6 9 14 10 -5 -11 -3 15 -9 16 -2
right_child=1 3 -4 7 5 -7 -8 8 -10 11 -12 -13 -14 -15 -16 -17 -18
leaf_value=-0.0049715676438063378 0.0037536432846739403 -0.0058543370841917667 0.013595338355411182 0.00943790038157853 0.0052286208564739515 -0.0055115293742401305 -0.0042247063170361794 -0.001458637890101297 -0.012910440658884388 -0.001458637890101297 -0.001458637890101297 0.00041336045607396948 -0.016007609384303744 0.0073475242815911768 -0.005439480398548766 -0.0043265014377733063 -0.00014555259801888931
leaf_weight=34 61 33 33 112 92 48 32 57 35 155 65 1567 33 30 80 45 333
leaf_count=34 61 33 33 112 92 48 32 57 35 155 65 1567 33 30 80 45 333
internal_value=0 1.0913e-05 0.00130455 -0.000270336 -0.00309783 -9.20855e-05 0.00278905 5.46001e-05 -0.0032733 0.000356021 0.00382315 -3.55978e-07 -0.010931 0.000439736 -0.00145864 -3.2322e-05 0.00045813
internal_weight=0 2811 502 2309 238 172 124 2071 172 1899 177 1722 66 469 137 439 394
internal_count=2845 2811 502 2309 238 172 124 2071 172 1899 177 1722 66 469 137 439 394
is_linear=0
shrinkage=0.03


Tree=372
num_leaves=23
num_cat=0
split_feature=1 16 1 3 3 14 3 3 3 16 8 16 15 17 15 17 3 0 3 13 8 17
split_gain=1.43739 1.06103 1.27443 1.82589 3.15852 2.37469 1.24758 3.01282 1.73571 2.8694 1.54605 1.13691 0.84097 0.916544 1.90917 0.736999 1.58816 0.698942 0.698713 0.628307 0.400352 0.0459929
threshold=0.0007000000000000001 6.3473606741572448 0.38980000000000009 0.0070500000000000007 0.04420000000000001 -0.083584269662921359 0.037750000000000006 0.018400000000000003 0.085450000000000012 -23.540555056179809 0.18220000000000003 10.815749438202376 -9.3568668539325817 -0.0048241573033707954 26.914562359550562 -0.027160112359550525 0.029650000000000003 0.35155000000000008 0.13735000000000003 2.8003550561797748 0.18565000000000001 -0.017320224719101131
decision_type=2 2 2 2 2 2 2 2 2 2 2 2 2 2 2 2 2 2 2 2 2 2
left_child=-1 2 6 -4 5 -5 7 10 -8 -10 -2 17 15 14 -14 16 -13 18 -3 -17 -15 -19
right_child=1 11 3 4 -6 -7 8 -9 9 -11 -12 12 13 20 -16 19 -18 21 -20 -21 -22 -23
leaf_value=0.0051514920333222032 0.002506364461927557 -0.0042164779175072904 -0.0019681337774521274 -0.0037036243494367226 -0.0019681337774521274 -0.014444265669709156 -0.0019681337774521274 0.002506364461927557 0.0017930626932201458 -0.0019681337774521274 -0.0016969893647414396 0.002506364461927557 -0.0038914174185569594 0.0020804567484923736 0.0010152456135965155 0.002506364461927557 -0.0048669314477592703 0.0012475803084248168 0.00094086597098714012 0.00055870680128523712 -0.00033148427434444294 0.002506364461927557
leaf_weight=47 33 30 30 32 33 44 179 130 313 156 321 39 183 87 117 145 57 55 39 398 215 162
leaf_count=47 33 30 30 32 33 44 179 130 313 156 321 39 183 87 117 145 57 55 39 398 215 162
internal_value=0 -0.000138763 -0.000779099 -0.00349005 -0.0062143 -0.00992189 -0.000446217 0.000706167 -0.00130695 1.55004e-05 -0.000970778 0.000394221 1.24881e-06 -0.000803347 -0.00197782 0.000759256 -0.00166383 0.00209939 -0.000624633 0.00118765 0.000363346 0.00250636
internal_weight=0 2798 1271 139 109 76 1132 484 648 469 354 1527 1241 602 300 639 96 286 69 543 302 217
internal_count=2845 2798 1271 139 109 76 1132 484 648 469 354 1527 1241 602 300 639 96 286 69 543 302 217
is_linear=0
shrinkage=0.03


Tree=373
num_leaves=22
num_cat=0
split_feature=1 16 14 16 12 6 3 7 3 16 14 7 5 4 3 6 0 3 8 5 7
split_gain=1.35008 1.00343 1.16221 2.11069 2.73852 3.87622 2.14901 3.33501 2.84263 1.09159 0.763111 0.739846 2.83085 3.49486 1.99226 1.99174 0.654225 0.663279 0.476325 0.271875 0.145224
threshold=0.0007000000000000001 6.3473606741572448 0.41254606741573041 -22.692750561797705 1.3651724719101106 0.048750000000000009 0.085450000000000012 -0.33849999999999997 0.021000000000000001 10.815749438202376 -0.083584269662921359 -0.32039999999999996 0.26485000000000009 0.015200000000000002 0.098450000000000024 -0.012549999999999997 0.35155000000000008 0.13735000000000003 0.19965000000000002 0.34515000000000001 -0.28939999999999994
decision_type=2 2 2 2 2 2 2 2 2 2 2 2 2 2 2 2 2 2 2 2 2
left_child=-1 2 3 6 5 -5 8 -8 -2 16 -6 14 18 -14 15 -11 17 -3 -13 -4 -18
right_child=1 9 19 4 10 -7 7 -9 -10 11 -12 12 13 -15 -16 -17 20 -19 -20 -21 -22
leaf_value=0.0049969473490095199 0.00033451371344538067 -0.00408998353779316 0.0024334076721536412 -0.0099298022467022139 0.0019739005061141638 0.00093521497736880771 0.0024334076721536412 -0.0046487752057146276 -0.0039282434070640696 -0.00014941400045157655 -0.0024221803493459115 -0.00014941400045157655 -0.0027550273662283269 -0.010636668865730415 -0.00014941400045157655 0.0024334076721536412 0.0024334076721536412 0.00092390942095694724 -0.002710001538568116 -0.00039497736572229768 0.00092390942095694724
leaf_weight=47 349 30 46 90 66 44 267 64 236 163 77 313 42 62 374 210 183 39 77 32 34
leaf_count=47 349 30 46 90 66 44 267 64 236 163 77 313 42 62 374 210 183 39 77 32 34
internal_value=0 -0.000130132 -0.000752844 -0.000986056 -0.00328073 -0.00636218 -0.000292142 0.00163963 -0.00138516 0.000388183 -0.00039322 3.12215e-06 -0.000897625 -0.00536064 0.000598797 0.00228537 0.00205902 -0.000585589 -0.000149414 0.00243341 0.00243341
internal_weight=0 2798 1271 1193 277 134 916 331 585 1527 143 1241 494 104 747 373 286 69 390 78 217
internal_count=2845 2798 1271 1193 277 134 916 331 585 1527 143 1241 494 104 747 373 286 69 390 78 217
is_linear=0
shrinkage=0.03


Tree=374
num_leaves=18
num_cat=0
split_feature=1 3 2 3 7 12 0 3 3 8 1 18 13 16 0 3 14
split_gain=1.2642 1.03453 5.10017 1.70053 1.01123 3.84598 5.92512 2.50526 1.336 1.04923 3.96334 1.00702 0.786487 2.26 0.845145 0.654808 0.534131
threshold=0.0007000000000000001 0.22055000000000002 0.0018500000000000003 0.26200000000000007 -0.34549999999999997 -2.084010112359548 0.80525000000000013 0.10560000000000001 0.0070500000000000007 0.19965000000000002 0.024650000000000002 4.5000000000000009 -0.72147977528089846 -22.692750561797705 0.072950000000000015 0.011100000000000002 0.088001123595505673
decision_type=2 2 2 2 2 2 2 2 2 2 2 2 2 2 2 2 2
left_child=-1 4 3 -3 7 6 -6 8 -2 15 -11 16 13 -5 -14 -7 -9
right_child=1 2 -4 12 5 9 -8 11 -10 10 -12 -13 14 -15 -16 -17 -18
leaf_value=0.0048470387617720566 0.0023663735028131229 -0.0055510412214789537 -0.011573157890177354 0.0015579179407613553 -0.016774702168477235 -0.00082626644807492957 0.00023982185468657835 0.00023982185468657835 0.00023982185468657835 -0.00082626644807492957 -0.0079247719649911709 0.0023663735028131229 -0.0010796122082022271 -0.00595697928032671 0.0023663735028131229 0.00023982185468657835 0.0023663735028131229
leaf_weight=47 93 48 41 83 32 467 41 139 470 155 76 200 66 37 89 701 60
leaf_count=47 93 48 41 83 32 467 41 139 470 155 76 200 66 37 89 701 60
internal_value=0 -0.000114292 -0.00160598 -0.000340801 0.000108788 -0.000385544 -0.00709857 0.000865188 0.000239822 -3.52574e-05 -0.00189235 0.00236637 0.000568623 -0.00125475 0.00198027 0.000239822 0.000239822
internal_weight=0 2798 364 323 2434 1472 73 962 563 1399 231 399 275 120 155 1168 199
internal_count=2845 2798 364 323 2434 1472 73 962 563 1399 231 399 275 120 155 1168 199
is_linear=0
shrinkage=0.03


Tree=375
num_leaves=16
num_cat=0
split_feature=12 3 3 3 8 8 3 4 3 8 3 3 5 17 3
split_gain=2.05938 1.83316 5.09597 4.86554 4.73802 1.19522 0.601043 1.10699 1.80055 0.693845 0.878362 5.03644 1.07607 0.61509 0.305438
threshold=-1.9055101123595468 0.080850000000000019 0.031000000000000003 0.12005000000000002 0.18985000000000005 0.18095000000000003 0.00040000000000000002 0.0087500000000000026 0.0059500000000000013 0.15335000000000001 0.033000000000000008 0.028950000000000004 0.28440000000000004 0.016777528089887642 0.04735000000000001
decision_type=2 2 2 2 2 2 2 2 2 2 2 2 2 2 2
left_child=1 2 4 -3 5 -1 -2 8 13 14 11 -11 -12 -8 -9
right_child=6 3 -4 -5 -6 -7 7 9 -10 10 12 -13 -14 -15 -16
leaf_value=0.0084552872255444535 -0.0029067923084886418 0.010160292180315141 -0.013154471189431522 -0.0045623870500451722 -0.0092105481573022327 -1.3078857213258742e-05 0.0012723708709169979 0.0012723708709169979 0.0090745085045214613 -0.00034170085462852811 0.00056891519209997213 -0.010553301609242739 -0.00048006253376547053 0.0055223659245717902 0.00056891519209997213
leaf_weight=30 58 31 46 58 39 30 107 87 31 790 441 46 955 31 86
leaf_count=30 58 31 46 58 39 30 107 87 31 790 441 46 955 31 86
internal_value=0 -0.00282351 -0.0049038 0.000565737 -0.00107015 0.0042211 0.000113308 0.00018136 0.0025283 1.64396e-05 -0.00013454 -0.000903583 0.000326004 0.00127237 0.00127237
internal_weight=0 234 145 89 99 60 2632 2574 169 2405 2232 836 1396 138 173
internal_count=2866 234 145 89 99 60 2632 2574 169 2405 2232 836 1396 138 173
is_linear=0
shrinkage=0.03


Tree=376
num_leaves=21
num_cat=0
split_feature=12 13 4 8 17 3 3 15 3 15 14 17 12 3 4 12 8 4 17 16
split_gain=1.94825 1.731 7.91762 7.27041 1.2459 1.38316 1.20419 0.571397 0.643615 0.588785 1.38378 1.05065 1.88697 1.41926 1.32752 0.933121 0.751574 2.15677 0.906472 0.749458
threshold=-1.9055101123595468 -3.7709471910112358 0.13925000000000001 0.19835000000000003 0.044445505617977561 0.080850000000000019 0.028200000000000006 32.275475280898881 0.042750000000000003 -10.055393258426964 -0.32381348314606728 -0.026054494382022435 1.1047595505617986 0.098450000000000024 0.18590000000000004 -0.16388202247190617 0.15335000000000001 0.16185000000000002 -0.0048241573033707954 24.028249438202298
decision_type=2 2 2 2 2 2 2 2 2 2 2 2 2 2 2 2 2 2 2 2
left_child=1 3 -3 4 6 -6 -1 9 -9 11 15 14 13 -13 -2 -11 17 -12 -18 -14
right_child=7 2 -4 -5 5 -7 -8 8 -10 10 16 12 19 -15 -16 -17 18 -19 -20 -21
leaf_value=-0.0048220056836162841 0.0011983306333422661 0.0020495271943509578 -0.018338582009077072 -0.012755594047138819 0.0098796373581694005 0.00091790205791532516 0.0033533129424733275 -0.00023990526795387266 0.0058314714163002048 -0.0015135822605225257 0.00880662731881089 0.0050190728941278042 0.0017607469630059891 -6.2775824044365426e-05 -0.0059423686091655062 -0.0082581831165589384 -0.00088689184792890624 0.00090204191336109142 0.00046491628828724581 -0.0017627448996883146
leaf_weight=31 53 40 30 37 31 31 34 30 33 48 34 158 88 72 42 30 883 116 903 142
leaf_count=31 53 40 30 37 31 31 34 30 33 48 34 158 88 72 42 30 883 116 903 142
internal_value=0 -0.0027388 -0.00668823 -0.00105307 0.00235633 0.00539877 -0.000545685 0.000117677 0.00294034 4.8456e-05 -0.000189959 0.000913625 0.0015068 0.00342823 -0.00195861 -0.00410766 -3.21181e-05 0.0020075 -0.000203419 -0.000414626
internal_weight=0 234 70 164 127 62 65 2632 63 2569 2014 555 460 230 95 78 1936 150 1786 230
internal_count=2866 234 70 164 127 62 65 2632 63 2569 2014 555 460 230 95 78 1936 150 1786 230
is_linear=0
shrinkage=0.03


Tree=377
num_leaves=20
num_cat=0
split_feature=12 7 4 0 5 7 15 15 14 17 12 4 12 16 8 4 17 4 7
split_gain=1.83155 6.14145 4.88371 4.71906 4.14813 1.03927 0.538088 0.555576 1.30095 0.988552 1.77545 1.24906 0.877973 0.705165 0.693644 2.03894 0.8529 0.596326 0.291419
threshold=-1.9055101123595468 -0.37044999999999989 0.12895000000000004 0.11895000000000001 0.30175000000000007 -0.29124999999999995 32.275475280898881 -10.055393258426964 -0.32381348314606728 -0.026054494382022435 1.1047595505617986 0.18590000000000004 -0.16388202247190617 24.028249438202298 0.15335000000000001 0.16185000000000002 -0.0048241573033707954 0.21930000000000002 -0.31494999999999995
decision_type=2 2 2 2 2 2 2 2 2 2 2 2 2 2 2 2 2 2 2
left_child=1 3 4 -1 5 -3 7 9 12 11 17 -2 -9 -12 15 -10 -16 -11 -8
right_child=6 2 -4 -5 -6 -7 18 8 14 10 13 -13 -14 -15 16 -17 -18 -19 -20
leaf_value=-0.0015039525154667594 0.0011623806632914632 -0.0015039525154667594 -0.017046992417064404 0.00916870800986592 -0.010326091736374842 -0.0059150221259208005 0.0049251524395038998 -0.0014681748852308375 0.0085424286001087989 0.0043047468659847951 0.0017079245434830556 -0.0057640975753643683 -0.0080104374699294569 -0.0017098625846089085 -0.00086028510023079981 0.00086468699739034158 0.0004509687992439379 0.00094276274272949616 0.00084388853138079862
leaf_weight=33 53 50 31 57 33 30 31 48 34 163 88 42 30 142 883 116 903 67 32
leaf_count=33 53 50 31 57 33 30 31 48 34 163 88 42 30 142 883 116 903 67 32
internal_value=0 -0.00265664 -0.00649891 0.00349101 -0.00360519 -0.00150395 0.000112973 4.58003e-05 -0.000185794 0.000886216 0.0014616 -0.00189985 -0.00398443 -0.000402188 -3.27497e-05 0.00192669 -0.000197316 0.00332539 0.00285213
internal_weight=0 234 144 90 113 80 2632 2569 2014 555 460 95 78 230 1936 150 1786 230 63
internal_count=2866 234 144 90 113 80 2632 2569 2014 555 460 95 78 230 1936 150 1786 230 63
is_linear=0
shrinkage=0.03


Tree=378
num_leaves=16
num_cat=0
split_feature=12 7 4 0 5 7 3 4 3 8 3 3 13 17 3
split_gain=1.71735 5.66965 4.62996 4.49368 3.97415 0.956627 0.573278 1.00302 1.70488 0.585491 0.872939 4.72615 1.02189 0.575531 0.316131
threshold=-1.9055101123595468 -0.37044999999999989 0.12895000000000004 0.11895000000000001 0.30175000000000007 -0.29124999999999995 0.00040000000000000002 0.0087500000000000026 0.0059500000000000013 0.15335000000000001 0.033000000000000008 0.028950000000000004 -2.9457404494382042 0.016777528089887642 0.04735000000000001
decision_type=2 2 2 2 2 2 2 2 2 2 2 2 2 2 2
left_child=1 3 4 -1 5 -3 -2 8 13 14 11 -11 -12 -8 -9
right_child=6 2 -4 -5 -6 -7 7 9 -10 10 12 -13 -14 -15 -16
leaf_value=-0.0014659226031120244 -0.002841094083249055 -0.0014659226031120244 -0.016535582585680868 0.0088936465924703747 -0.0099916158452903331 -0.0057287692242011792 0.0012134029846873954 0.0012134029846873954 0.0087822992631023927 -0.00034166354273852618 -0.0016829384815392231 -0.010233695793836175 0.0005470530457049635 0.0053313312655495059 0.0005470530457049635
leaf_weight=33 58 50 31 57 33 30 107 87 31 790 197 46 1199 31 86
leaf_count=33 58 50 31 57 33 30 107 87 31 790 197 46 1199 31 86
internal_value=0 -0.00257345 -0.00626519 0.00333335 -0.00344765 -0.00146592 0.000108424 0.000174886 0.00240891 1.79006e-05 -0.000119297 -0.000885962 0.000339823 0.0012134 0.0012134
internal_weight=0 234 144 90 113 80 2632 2574 169 2405 2232 836 1396 138 173
internal_count=2866 234 144 90 113 80 2632 2574 169 2405 2232 836 1396 138 173
is_linear=0
shrinkage=0.03


Tree=379
num_leaves=17
num_cat=0
split_feature=12 7 0 1 0 3 15 3 17 7 17 3 16 3 3 7
split_gain=1.61367 5.23029 4.33661 4.36958 4.27954 0.540027 0.876799 0.483051 1.54115 2.64112 1.59904 1.32804 2.46056 1.54462 0.281853 0.181632
threshold=-1.9055101123595468 -0.37044999999999989 0.57005000000000006 0.13865000000000002 0.11895000000000001 0.00040000000000000002 32.275475280898881 0.045700000000000011 -0.0048241573033707954 -0.35244999999999999 0.014679775280898895 0.033000000000000008 30.253665168539332 0.021000000000000001 0.056650000000000006 -0.30234999999999995
decision_type=2 2 2 2 2 2 2 2 2 2 2 2 2 2 2 2
left_child=1 4 -3 15 -1 -2 7 11 9 -9 -10 13 -13 -7 -8 -4
right_child=5 2 3 -5 -6 6 14 8 10 -11 -12 12 -14 -15 -16 -17
leaf_value=-0.0014290699339083706 -0.0027558613566135795 -0.01597834016526899 -0.0014290699339083706 -0.0096450741159299757 0.0086268373598393632 0.00062460973539084472 0.001652242049574852 -0.00020205470732621478 0.0019249591469410949 -0.0045311593802288431 -0.0012509748085805798 0.001085663581641553 0.0097976509234993844 -0.0024091553852533931 0.0057312674601111679 -0.0053737391071284517
leaf_weight=33 58 31 49 30 57 888 30 483 387 172 226 138 37 182 31 34
leaf_count=33 58 31 49 30 57 888 30 483 387 172 226 138 37 182 31 34
internal_value=0 -0.00249281 -0.00603863 -0.00331181 0.00318049 0.000106841 0.000171346 8.50811e-05 -0.000327061 -0.00133886 0.00075406 0.000504837 0.00292763 0.000108586 0.00372519 -0.00142907
internal_weight=0 234 144 113 90 2632 2574 2513 1268 655 613 1245 175 1070 61 83
internal_count=2866 234 144 113 90 2632 2574 2513 1268 655 613 1245 175 1070 61 83
is_linear=0
shrinkage=0.03


Tree=380
num_leaves=21
num_cat=0
split_feature=4 12 3 3 7 14 7 17 7 8 3 3 8 3 8 16 14 17 17 6
split_gain=0.958648 5.09608 1.61677 2.89098 3.57272 6.23587 2.29838 2.4624 1.47456 1.08154 0.833742 2.03822 1.25047 0.794325 0.735347 0.57083 0.346985 0.988549 0.654174 0.0446356
threshold=0.22315000000000004 -1.9590101123595483 0.062800000000000009 0.11585000000000002 -0.32784999999999992 0.21468651685393267 -0.36019999999999991 -0.011820224719101128 -0.43159999999999993 0.20400000000000004 0.021000000000000001 0.014400000000000001 0.18220000000000003 0.071700000000000014 0.19480000000000003 6.8233606741572439 -0.12995393258426963 -0.0067146067415730362 -0.015320224719101131 0.038850000000000003
decision_type=2 2 2 2 2 2 2 2 2 2 2 2 2 2 2 2 2 2 2 2
left_child=2 -2 8 4 5 13 7 -5 -1 16 11 12 -10 -4 -13 -6 17 18 -3 -19
right_child=1 9 3 6 15 -7 -8 -9 10 -11 -12 14 -14 -15 -16 -17 -18 19 -20 -21
leaf_value=0.0048552222824189807 -0.011822289269719575 -0.00033917536732458068 0.0033169906739299346 0.0022650110673651854 -0.00033917536732458068 0.017474415317962046 -0.00033917536732458068 0.011374376802281899 0.0022028118048595001 -0.0050001874278920383 -0.00033917536732458068 0.0022580234575472003 -0.00033917536732458068 0.0064064692109823225 -0.00033917536732458068 0.0033169906739299346 -0.00033917536732458068 -0.0016987637682095839 -0.0026696813976083097 -0.00033917536732458068
leaf_weight=50 37 86 37 44 31 38 250 33 175 45 452 147 612 75 100 34 407 89 70 46
leaf_count=50 37 86 37 44 31 38 250 33 175 45 452 147 612 75 100 34 407 89 70 46
internal_value=0 -0.000955887 0.000277536 0.00168624 0.00438832 0.00697316 -9.03609e-05 0.0048692 -0.000219545 -0.00041476 -0.000339175 0.000514903 -0.000256526 0.00341023 0.00225802 -0.000339175 -0.000339175 -0.00142972 -0.00266968 -0.000339175
internal_weight=0 780 2078 542 215 150 327 77 1536 743 1486 1034 787 112 247 65 698 291 156 135
internal_count=2858 780 2078 542 215 150 327 77 1536 743 1486 1034 787 112 247 65 698 291 156 135
is_linear=0
shrinkage=0.03


Tree=381
num_leaves=17
num_cat=0
split_feature=3 17 12 1 6 12 4 7 15 17 6 17 3 6 7 7
split_gain=0.872714 2.89795 1.12076 0.879521 2.79428 1.20931 0.968844 3.78371 0.500647 0.627088 0.638045 0.526103 0.909541 0.737406 0.447786 0.427757
threshold=0.25665000000000004 0.044445505617977561 -2.0850101123595475 0.51270000000000016 -0.072449999999999987 -2.084010112359548 0.22315000000000004 -0.38564999999999994 -12.654524719101122 0.0086758426966292174 0.035150000000000008 -0.0067146067415730362 0.31860000000000005 0.033000000000000008 -0.39534999999999992 -0.3885499999999999
decision_type=2 2 2 2 2 2 2 2 2 2 2 2 2 2 2 2
left_child=2 8 -1 5 -5 -4 7 -7 -2 11 -11 12 -10 -13 -6 -8
right_child=1 -3 3 4 14 6 15 -9 9 10 -12 13 -14 -15 -16 -17
leaf_value=0.0044846556135095077 -0.0038936670602777524 -0.010074577331542968 0.0047590315517257236 -0.0086129236254719604 -0.00091204915837759138 0.010982529024593532 -0.00024574527526288731 0.00023536917915383232 -0.0029677075037302879 -0.0054673950044172148 -0.00011718400731742223 -0.00095916537698940367 0.0022001934656873346 0.0048960660540793401 -0.0047624863919247754 -0.00091204915837759138
leaf_weight=52 37 32 51 46 96 30 295 1711 65 35 47 32 58 49 33 189
leaf_count=52 37 32 51 46 96 30 295 1711 65 35 47 32 58 49 33 189
internal_value=0 -0.00146308 0.000126356 3.38909e-05 -0.00201557 0.000191473 8.67779e-05 0.000420559 -0.000609932 -0.000185113 -0.00240081 0.000705511 -0.000530811 0.00258289 -0.000912049 -0.000912049
internal_weight=0 355 2503 2451 175 2276 2225 1741 323 286 82 204 123 81 129 484
internal_count=2858 355 2503 2451 175 2276 2225 1741 323 286 82 204 123 81 129 484
is_linear=0
shrinkage=0.03


Tree=382
num_leaves=19
num_cat=0
split_feature=3 17 1 6 7 4 3 3 7 3 3 5 5 15 17 15 7 13
split_gain=0.82106 2.72668 0.859987 2.67395 1.04121 3.4644 4.05465 5.11632 3.13886 1.42661 0.628188 0.911973 0.530229 0.734935 0.878996 0.799302 0.446104 0.138743
threshold=0.25665000000000004 0.044445505617977561 0.51270000000000016 -0.072449999999999987 -0.34549999999999997 0.22315000000000004 0.11055000000000001 0.17060000000000003 -0.38564999999999994 0.045700000000000011 0.014400000000000001 0.27545000000000003 0.30345000000000005 -12.654524719101122 0.0086758426966292174 15.312628089887648 -0.39534999999999992 2.4782084269662925
decision_type=2 2 2 2 2 2 2 2 2 2 2 2 2 2 2 2 2 2
left_child=2 12 4 -4 5 6 8 -8 -1 10 11 -6 -2 -14 17 -16 -5 -15
right_child=1 -3 3 16 9 -7 7 -9 -10 -11 -12 -13 13 14 15 -17 -18 -19
leaf_value=0.011737962574364928 0.0020341277350694568 -0.0097723395839057047 -0.0083545358342424787 -0.00081537222328794778 0.00046872707636899896 0.00046872707636899896 0.014146954498830295 0.0021126000118823597 0.0021126000118823597 -0.00081537222328794778 0.00046872707636899896 -0.00081537222328794778 -0.0054959780152045905 0.00043991532100171347 -0.006733291502836543 -1.4881047885864972e-05 -0.0045849540287652129 -0.00095599579553191461
leaf_weight=32 57 32 46 96 504 502 63 46 181 386 471 143 31 106 34 30 33 65
leaf_count=32 57 32 46 96 504 502 63 46 181 386 471 143 31 106 34 30 33 65
internal_value=0 -0.00141919 0.000122493 -0.0019057 0.000274956 0.00113211 0.00375647 0.00855168 0.0021126 -0.000194655 0.000468727 -0.000466107 -0.000591634 -0.0011543 -0.000581565 -0.00358404 -0.000815372 0.000439915
internal_weight=0 355 2503 175 2328 824 322 109 213 1504 1118 647 323 266 235 64 129 171
internal_count=2858 355 2503 175 2328 824 322 109 213 1504 1118 647 323 266 235 64 129 171
is_linear=0
shrinkage=0.03


Tree=383
num_leaves=25
num_cat=0
split_feature=12 16 12 4 16 12 8 12 12 8 1 12 0 8 17 12 17 12 13 14 16 6 17 0
split_gain=0.81911 1.90296 1.32535 3.59677 2.38371 1.07326 0.991605 2.70801 1.3342 0.8993 0.792934 0.763989 1.70534 1.58729 0.756616 0.731506 0.680465 1.69606 0.875446 0.666227 0.603687 0.601003 0.405492 0.245526
threshold=-0.14738202247190732 -5.8954191011236494 -0.19338202247190669 0.076300000000000021 -22.692750561797705 0.15421685393258325 0.19855000000000003 -1.9055101123595468 -2.0850101123595475 0.19685000000000002 0.043150000000000001 -1.9590101123595483 0.45575000000000004 0.15335000000000001 -0.012824157303370802 -0.77568426966292126 -0.0035544943820224602 0.82240280898876439 -0.31394719101123675 -0.015913483146067438 32.901350561797763 0.036650000000000009 0.0022775280898876264 0.27555000000000002
decision_type=2 2 2 2 2 2 2 2 2 2 2 2 2 2 2 2 2 2 2 2 2 2 2 2
left_child=2 -2 6 10 -5 9 8 -8 -1 14 -4 12 -10 -13 23 -9 17 19 -19 -7 22 -16 -18 -3
right_child=1 5 3 4 -6 16 7 15 11 -11 -12 13 -14 -15 21 -17 20 18 -20 -21 -22 -23 -24 -25
leaf_value=0.0050011442205868655 0.0076181263464968653 0.00071333352846561916 0.0047356132591175994 -0.0036321168231364881 -0.01421576289460063 -0.0060047768175601956 -0.0092216864777728922 -0.00098279054518948437 -0.00098279054518948437 -0.0014423800488425928 -0.0016001797306817024 0.004329563856708428 0.0089733761548995965 -0.00015007119443483438 0.0019404010148718952 -0.0049997341411924644 0.0026832152067706168 0.0039040316630373981 -0.00018622396660332636 -0.0020222536432481703 -0.0021680822984602014 0.0072264261856230865 0.00058069672345500512 0.0024709436391300013
leaf_weight=48 32 35 32 33 33 50 40 140 30 55 40 79 30 720 32 43 124 51 615 155 52 49 247 93
leaf_count=48 32 35 32 33 33 50 40 140 30 55 40 79 30 720 32 43 124 51 615 155 52 49 247 93
internal_value=0 0.00037634 -0.000645929 -0.00342134 -0.00847996 0.0002276 -0.000306985 -0.00209925 0.000133671 0.00197083 0.00121573 -0.000138318 -0.000982791 0.000292846 0.00286905 -0.000982791 -0.000128052 -0.000607474 0.000126994 -0.0029936 0.000859126 0.00513812 0.00128343 0.00143315
internal_weight=0 1590 1268 138 66 1558 1130 223 907 264 72 859 60 799 209 183 1294 871 666 205 423 81 371 128
internal_count=2858 1590 1268 138 66 1558 1130 223 907 264 72 859 60 799 209 183 1294 871 666 205 423 81 371 128
is_linear=0
shrinkage=0.03


Tree=384
num_leaves=19
num_cat=0
split_feature=4 17 3 7 3 18 3 7 3 3 3 5 13 16 3 4 15 15
split_gain=0.761163 2.99589 1.45753 2.60221 5.38614 5.60443 1.9283 1.43008 1.12914 0.749488 1.97587 0.746748 0.704473 3.08749 0.853386 0.574927 0.0914743 0.066753
threshold=0.22315000000000004 0.046605617977528137 0.062800000000000009 -0.33849999999999997 0.17060000000000003 5.5000000000000009 0.083850000000000022 -0.43159999999999993 0.11245000000000001 0.021000000000000001 0.014400000000000001 0.36195000000000005 -1.4773426966292147 -22.692750561797705 0.1082 0.011650000000000002 -21.139350561797738 -43.623350561797743
decision_type=2 2 2 2 2 2 2 2 2 2 2 2 2 2 2 2 2 2
left_child=2 12 7 4 5 8 -5 -1 -4 10 15 -12 13 14 -2 -9 17 -14
right_child=1 -3 3 6 -6 -7 -8 9 -10 -11 11 -13 16 -15 -16 -17 -18 -19
leaf_value=0.0047633126271190126 -0.0045954233174060662 -0.0079821691788733006 0.0018826166603793488 0.0018057770789405337 0.0018057770789405337 0.019894542900785323 -0.0003284691898819118 0.0011373567856532668 0.0089999862919960712 -0.0003284691898819118 0.0022174217186185503 -0.0003284691898819118 -0.0014748840257525445 -0.0085122194195933198 -0.0003284691898819118 -0.0003284691898819118 -0.0003284691898819118 -0.0034599735828176621
leaf_weight=50 43 50 47 82 126 31 221 242 35 452 200 47 30 51 119 545 456 31
leaf_count=50 43 50 47 82 126 31 221 242 35 452 200 47 30 51 119 545 456 31
internal_value=0 -0.000877999 0.000221061 0.00155859 0.00389913 0.00902844 -0.000287574 -0.000250907 0.00492052 -0.000328469 0.000486577 0.00221742 -0.000391412 -0.0020577 -0.000328469 -0.000271681 -0.000328469 -0.0024837
internal_weight=0 780 2078 542 239 113 303 1536 82 1486 1034 247 730 213 162 787 517 61
internal_count=2858 780 2078 542 239 113 303 1536 82 1486 1034 247 730 213 162 787 517 61
is_linear=0
shrinkage=0.03


Tree=385
num_leaves=17
num_cat=0
split_feature=4 7 12 4 8 6 1 15 16 16 16 14 15 17 8 14
split_gain=0.628039 0.741007 3.40639 3.61011 1.3497 0.926243 0.748216 1.10846 0.340246 0.52171 0.284491 0.240179 0.237924 0.1571 0.128583 0.00177968
threshold=0.68835000000000013 -0.34549999999999997 -2.0460101123595478 0.22315000000000004 0.20155000000000003 -0.0034499999999999995 0.010150000000000001 5.636198876404495 -23.540555056179809 -25.922139325842746 19.109944943820214 -0.15232359550561794 6.3787910112359567 -0.0076601123595505518 0.17645000000000002 0.4226764044943821
decision_type=2 2 2 2 2 2 2 2 2 2 2 2 2 2 2 2
left_child=1 2 3 -1 5 14 7 10 9 -8 -4 13 -6 -7 -3 -10
right_child=-2 4 6 -5 12 11 8 -9 15 -11 -12 -13 -14 -15 -16 -17
leaf_value=0.014819638653658328 -0.0041388465628466181 -0.00055521710642845621 0.0013283561801848709 0.00063743410578795835 -0.0011130456735503416 2.6114606934292923e-06 2.6114606934292923e-06 0.007577664183103479 2.6114606934292923e-06 0.0013283561801848709 0.0043997273943386971 2.6114606934292923e-06 -0.0020880314526383927 -0.00055521710642845621 -0.0011130456735503416 0.0013057080068921839
leaf_weight=30 34 67 37 35 115 108 239 30 704 77 32 786 62 266 134 121
leaf_count=30 34 67 37 35 115 108 239 30 704 77 32 786 62 266 134 121
internal_value=0 -3.72163e-05 0.000488579 0.00718307 -0.000483356 -0.00013806 0.000137658 0.0026541 2.61146e-06 0.00099966 0.00132836 2.61146e-06 -0.00208803 -0.000555217 -0.00111305 2.61146e-06
internal_weight=0 2843 1305 65 1538 1361 1240 99 1141 316 69 1160 177 374 201 825
internal_count=2877 2843 1305 65 1538 1361 1240 99 1141 316 69 1160 177 374 201 825
is_linear=0
shrinkage=0.03


Tree=386
num_leaves=20
num_cat=0
split_feature=3 3 7 3 3 3 13 3 3 12 17 6 8 7 4 13 18 6 3
split_gain=0.849103 4.8684 2.58647 2.10293 2.23492 3.30492 2.00812 2.77973 3.34874 3.99849 3.72594 1.69134 1.71217 1.59787 1.53646 1.34576 0.993782 0.833915 0.638426
threshold=0.021000000000000001 0.026800000000000004 -0.28649999999999992 0.028950000000000004 0.033000000000000008 0.037750000000000006 -2.8697404494382037 0.015200000000000002 0.0070500000000000007 -1.6888820224719081 0.046605617977528137 -0.077549999999999994 0.17285000000000003 -0.31034999999999996 0.017550000000000003 -1.5368426966292146 4.5000000000000009 0.042200000000000008 0.018400000000000003
decision_type=2 2 2 2 2 2 2 2 2 2 2 2 2 2 2 2 2 2 2
left_child=6 15 3 -3 -5 -6 7 8 10 -10 17 -8 16 14 -14 -2 -13 -1 -15
right_child=1 2 -4 4 5 -7 11 -9 9 -11 -12 12 13 18 -16 -17 -18 -19 -20
leaf_value=-0.0017865983062588116 -0.012609714262187481 0.0076725110714323816 -0.0070074907341040665 -0.0034754865402927136 0.0070645717801526182 -0.00011582754783474294 -0.0055048231897875657 0.0088516975139077258 -0.011407753636731821 0.002506773190618288 0.011648064224821765 0.0020932232745363489 0.0020932232745363489 -0.0016900353849667311 0.00026657881171943029 -0.004710718734867194 0.007914596171836959 0.0039598426720263754 0.00026657881171943029
leaf_weight=51 30 32 48 67 60 1499 50 55 34 41 41 37 52 441 173 55 39 41 31
leaf_count=51 30 32 48 67 60 1499 50 55 34 41 41 37 52 441 173 55 39 41 31
internal_value=0 -0.000491365 -0.000142235 5.65177e-05 -9.33666e-05 0.000160519 0.00057182 0.00285386 0.00126789 -0.00380115 0.00412637 -0.000157434 0.000188451 -0.000277773 0.00180267 -0.0074986 0.00446422 0.000774316 -0.00126951
internal_weight=0 1791 1706 1658 1626 1559 1086 263 208 75 133 823 773 697 225 85 76 92 472
internal_count=2877 1791 1706 1658 1626 1559 1086 263 208 75 133 823 773 697 225 85 76 92 472
is_linear=0
shrinkage=0.03


Tree=387
num_leaves=18
num_cat=0
split_feature=3 3 7 3 1 3 3 3 7 5 3 12 3 3 3 5 5
split_gain=0.818048 4.57686 2.43143 1.98029 2.40845 3.42311 2.52875 1.92972 1.45398 9.23934 4.00299 1.272 1.09798 0.833021 4.41295 0.782403 0.447
threshold=0.021000000000000001 0.026800000000000004 -0.28649999999999992 0.028950000000000004 0.22395000000000001 0.037750000000000006 0.046200000000000012 0.018850000000000002 -0.3098999999999999 0.29340000000000005 0.016050000000000005 -0.19338202247190669 0.016050000000000005 0.0055500000000000002 0.0070500000000000007 0.18480000000000005 0.27055000000000001
decision_type=2 2 2 2 2 2 2 2 2 2 2 2 2 2 2 2 2
left_child=7 11 3 -3 5 -5 -6 8 10 12 13 -2 16 -1 -15 -14 -10
right_child=1 2 -4 4 6 -7 -8 -9 9 -11 -12 -13 15 14 -16 -17 -18
leaf_value=0.00054531161771785108 -0.011996652312227525 0.0074423356004990632 -0.0067972658970393241 0.0058588277580862748 -0.0033727526967325073 3.114001718125512e-05 -0.001008828948180087 0.0059371946462871208 0.00054531161771785108 -0.016074308411599219 0.011874078856199049 -0.0044220123469899848 0.00054531161771785108 0.010097584383418927 0.00054531161771785108 -0.0046893700645887293 -0.0031289231608388943
leaf_weight=146 32 32 48 98 66 1220 242 57 478 33 32 53 31 52 161 64 32
leaf_count=146 32 32 48 98 66 1220 242 57 478 33 32 53 31 52 161 64 32
internal_value=0 -0.000479458 -0.000140944 5.17605e-05 -9.36875e-05 0.000464458 -0.00248212 0.000564103 0.000266468 -0.000616349 0.00170697 -0.00727364 0.000226812 0.000800712 0.0024505 -0.00277854 0.000545312
internal_weight=0 1791 1706 1658 1626 1318 308 1086 1029 638 391 85 605 359 213 95 510
internal_count=2877 1791 1706 1658 1626 1318 308 1086 1029 638 391 85 605 359 213 95 510
is_linear=0
shrinkage=0.03


Tree=388
num_leaves=24
num_cat=0
split_feature=3 3 3 3 3 8 3 0 3 6 12 0 6 12 1 3 3 3 2 16 12 3 3
split_gain=0.77119 4.29985 1.96339 1.88026 4.96873 6.50463 3.71903 3.09386 2.30445 5.10252 4.41587 2.2723 2.01688 1.6327 1.58545 4.83277 3.56817 6.25127 1.6301 1.35004 1.19683 1.18658 0.44069
threshold=0.021000000000000001 0.026800000000000004 0.028950000000000004 0.014400000000000001 0.016650000000000002 0.18545000000000003 0.018400000000000003 0.85910000000000009 0.010600000000000002 0.011050000000000003 -1.9340101123595479 0.93500000000000016 -0.067999999999999991 -0.053882022471908535 0.22395000000000001 0.046200000000000012 0.037750000000000006 0.033000000000000008 0.00045000000000000004 -16.688834831460664 -0.19338202247190669 0.0062000000000000015 0.013600000000000003
decision_type=2 2 2 2 2 2 2 2 2 2 2 2 2 2 2 2 2 2 2 2 2 2 2
left_child=3 20 -3 8 5 -5 13 -8 10 -10 -1 22 -12 -6 16 19 17 -4 -18 -16 -2 -14 -11
right_child=1 2 14 4 6 -7 7 -9 9 11 12 -13 21 -15 15 -17 18 -19 -20 -21 -22 -23 -24
leaf_value=0.010940311368022645 -0.011636753007187507 0.0072190655142185273 -0.00099657147529027125 0.018252094973986215 -0.010721329884603619 -6.782620171592994e-05 -0.00098248637016413033 0.0095001389937630527 -0.014195433020358904 -0.0062232868801220314 -0.0071075023688814219 0.0058697420977713429 -0.00041821962716536516 -0.0010513300558721477 -0.013680548965930938 -0.00099657147529027125 0.0004240660864362752 0.013909547920028369 -0.00099657147529027125 -0.0057164702716037494 -0.0042893521013704812 0.0024206735095185401 -0.001204458342624768
leaf_weight=35 32 32 53 37 30 33 58 45 32 32 34 34 467 33 30 242 1062 45 189 53 53 185 31
leaf_count=35 32 32 53 37 30 33 58 45 32 32 34 34 467 33 30 242 1062 45 189 53 53 185 31
internal_value=0 -0.000470062 -0.000141951 0.000543171 0.00291219 0.00961556 8.54714e-05 0.0035973 -0.000114581 -0.00380749 0.000546147 -0.000380538 1.58323e-05 -0.00565609 -0.000282664 -0.00216364 0.0001705 0.00568306 -0.000261339 -0.00859505 -0.00705543 0.000387295 -0.0037537
internal_weight=0 1791 1706 1086 236 70 166 103 850 129 721 97 686 63 1674 325 1349 98 1251 83 85 652 63
internal_count=2877 1791 1706 1086 236 70 166 103 850 129 721 97 686 63 1674 325 1349 98 1251 83 85 652 63
is_linear=0
shrinkage=0.03


Tree=389
num_leaves=25
num_cat=0
split_feature=3 3 3 8 3 8 15 7 14 1 1 3 17 4 7 7 16 18 13 1 15 15 13 16
split_gain=0.750813 3.38147 2.84462 5.56033 3.28994 5.97113 2.93057 2.83199 4.57624 2.75305 1.95499 3.97509 1.54907 1.46354 2.3085 1.35166 1.29985 3.23408 1.3457 0.924121 0.890147 0.788364 0.473148 0.00734811
threshold=0.0074000000000000012 0.0062000000000000015 0.011100000000000002 0.18650000000000003 0.016650000000000002 0.18545000000000003 -3.1038719101123493 -0.29124999999999995 0.12491573033707866 0.50305000000000011 0.22395000000000001 0.021000000000000001 0.046605617977528137 0.012700000000000001 -0.30609999999999998 -0.42724999999999996 -23.540555056179809 4.5000000000000009 -0.38244719101123609 0.41135000000000005 0.032698876404494655 -10.055393258426964 -2.9457404494382042 24.892749438202319
decision_type=2 2 2 2 2 2 2 2 2 2 2 2 2 2 2 2 2 2 2 2 2 2 2 2
left_child=1 12 3 19 5 -4 -5 10 23 -3 11 -6 16 -7 -15 -12 17 22 20 -2 -18 -20 -1 -9
right_child=2 9 4 6 7 13 -8 8 -10 -11 15 -13 -14 14 -16 -17 18 -19 21 -21 -22 -23 -24 -25
leaf_value=0.0022562446506120834 0.006122153039661145 0.011142746259029081 0.012394130125982113 -0.01486048046770224 0.0092151346147681269 0.0056936498479369813 -0.0037188687281949182 -0.0022795528664457652 -0.012614420449361204 0.00016795977028474834 -0.00072789900354411645 0.00015157975952825357 0.0057676532511648374 0.001695391242756159 -0.0082787785357645444 -0.0022795528664457652 0.0060006153678449871 -0.011418454792583362 0.0011776954450925707 -0.0012030514939021574 0.00039445576686412097 -0.0021839976767697913 -0.0024795574750247841 -0.0050781608601100743
leaf_weight=39 31 48 52 43 45 34 42 69 45 36 99 1352 38 64 31 317 52 32 106 31 50 154 37 30
leaf_count=39 31 48 52 43 45 34 42 69 45 36 99 1352 38 64 31 317 52 32 106 31 50 154 37 30
internal_value=0 0.000863486 -0.000335332 -0.00437212 -5.77793e-05 0.00381183 -0.00935521 -0.000415674 -0.00446506 0.00643927 -9.40459e-05 0.000443534 -5.8494e-05 0.000352302 -0.00155934 -0.00189933 -0.000529544 -0.00341797 0.000332196 0.00245955 0.0032525 -0.000813461 -4.93432e-05 -0.00227955
internal_weight=0 592 2285 147 2138 181 85 1957 144 84 1813 1397 508 129 95 416 470 108 362 62 102 260 76 99
internal_count=2877 592 2285 147 2138 181 85 1957 144 84 1813 1397 508 129 95 416 470 108 362 62 102 260 76 99
is_linear=0
shrinkage=0.03


Tree=390
num_leaves=17
num_cat=0
split_feature=12 3 3 4 3 7 18 7 3 13 15 5 1 7 7 8
split_gain=1.93707 1.94021 1.72037 0.602032 1.70908 1.95017 5.012 1.76896 1.38543 1.36403 2.41892 2.09347 0.804652 0.412919 0.245794 1.3042
threshold=-2.0850101123595475 0.11255000000000003 1.0000000180025095e-35 0.22315000000000004 0.062800000000000009 -0.33849999999999997 5.5000000000000009 -0.42724999999999996 0.083850000000000022 -1.4773426966292147 6.3787910112359567 0.31655000000000005 0.033250000000000009 -0.42464999999999992 -0.35819999999999991 0.19365000000000002
decision_type=2 2 2 2 2 2 2 2 2 2 2 2 2 2 2 2
left_child=1 -1 -2 4 7 6 -6 -4 -7 10 11 -5 -9 -12 -11 -16
right_child=2 -3 3 9 5 8 -8 12 -10 14 13 -13 -14 -15 15 -17
leaf_value=-0.00014060318872163239 -0.0069859532043337821 -0.010682011619210242 0.0057162558013212168 1.4402552856947799e-05 0.0021758494924253298 0.0021758494924253298 0.011825270084174055 0.0014531935208401592 1.4402552856947799e-05 1.4402552856947799e-05 1.4402552856947799e-05 -0.007577679214447638 1.4402552856947799e-05 -0.0025463243489419773 -0.0011006929330511729 -0.0073559903286513871
leaf_weight=33 30 30 49 39 177 77 57 384 210 447 45 95 1041 70 31 32
leaf_count=33 30 30 49 39 177 77 57 384 210 447 45 95 1041 70 31 32
internal_value=0 -0.00516032 0.000159331 0.000237167 0.000510756 0.00198816 0.00402086 1.44026e-05 0.000330843 -0.00048195 -0.00236912 -0.00516279 1.44026e-05 1.44026e-05 1.44026e-05 -0.00221579
internal_weight=0 63 2784 2754 1995 521 234 1474 287 759 249 134 1425 115 510 63
internal_count=2847 63 2784 2754 1995 521 234 1474 287 759 249 134 1425 115 510 63
is_linear=0
shrinkage=0.03


Tree=391
num_leaves=12
num_cat=0
split_feature=12 3 3 2 4 8 3 14 13 13 7
split_gain=1.82054 1.82555 1.61734 0.830624 0.626343 1.8863 2.09617 1.23687 1.21236 0.469495 0.24181
threshold=-2.0850101123595475 0.11255000000000003 1.0000000180025095e-35 0.27755000000000002 0.22315000000000004 0.17075000000000004 0.071700000000000014 0.27495730337078667 -1.4773426966292147 -3.8804471910112359 -0.36449999999999994
decision_type=2 2 2 2 2 2 2 2 2 2 2
left_child=1 -1 -2 4 5 7 -7 -4 9 -6 -10
right_child=2 -3 3 -5 8 6 -8 -9 10 -11 -12
leaf_value=-0.00013638511744581839 -0.0067763744232943283 -0.010361551351845263 0.0022620766735880786 -0.0037703730684259659 7.1818360486104992e-05 7.1818360486104992e-05 0.0021928808084998937 0.0087919780373340462 7.1818360486104992e-05 -0.001737677614875638 -0.001737677614875638
leaf_weight=33 30 30 95 46 55 1377 441 36 428 194 82
leaf_count=33 30 30 95 46 55 1377 441 36 428 194 82
internal_value=0 -0.00500551 0.000151645 0.000227114 0.000295018 0.000579738 0.000329208 0.00405655 -0.000436101 -0.00173768 7.18184e-05
internal_weight=0 63 2784 2754 2708 1949 1818 131 759 249 510
internal_count=2847 63 2784 2754 2708 1949 1818 131 759 249 510
is_linear=0
shrinkage=0.03


Tree=392
num_leaves=11
num_cat=0
split_feature=12 3 3 2 15 15 1 16 1 3
split_gain=1.71034 1.71766 1.52003 0.779983 0.657439 1.45639 1.53321 0.793215 1.20538 1.02002
threshold=-2.0850101123595475 0.11255000000000003 1.0000000180025095e-35 0.27755000000000002 -8.6613668539325825 -7.8332089887640439 0.0007000000000000001 23.844249438202329 0.031800000000000009 0.056650000000000006
decision_type=2 2 2 2 2 2 2 2 2 2
left_child=1 -1 -2 4 7 -6 -7 9 -9 -4
right_child=2 -3 3 -5 5 6 -8 8 -10 -11
leaf_value=-0.00013229377461935986 -0.0065730833942070606 -0.010050704784691333 0.00039921887817659547 -0.0036572620037781155 -0.0016875056818253774 0.0069920215532183645 0.00015187386480514044 0.0026986129316332328 -0.00014947299830636126 0.0064315569364071746
leaf_weight=33 30 30 49 46 171 30 1744 186 476 52
leaf_count=33 30 30 49 46 171 30 1744 186 476 52
internal_value=0 -0.00485535 0.000143286 0.000216449 0.000282251 -1.05197e-05 0.000267547 0.00102857 0.000650744 0.00350498
internal_weight=0 63 2784 2754 2708 1945 1774 763 662 101
internal_count=2847 63 2784 2754 2708 1945 1774 763 662 101
is_linear=0
shrinkage=0.03


Tree=393
num_leaves=11
num_cat=0
split_feature=12 3 3 2 15 15 1 16 1 3
split_gain=1.60778 1.61614 1.42922 0.733007 0.6225 1.39322 1.4426 0.746336 1.13415 0.959733
threshold=-2.0850101123595475 0.11255000000000003 1.0000000180025095e-35 0.27755000000000002 -8.6613668539325825 -7.8332089887640439 0.0007000000000000001 23.844249438202329 0.031800000000000009 0.056650000000000006
decision_type=2 2 2 2 2 2 2 2 2 2
left_child=1 -1 -2 4 7 -6 -7 9 -9 -4
right_child=2 -3 3 -5 5 6 -8 8 -10 -11
leaf_value=-0.00012832507279447535 -0.0063758908547461033 -0.0097491837069392205 0.00038724241692724885 -0.0035475438533593777 -0.0016380243428823426 0.0067822609916329381 0.00014731764295568113 0.0026176545550040302 -0.00014498878454426576 0.0062386101249677058
leaf_weight=33 30 30 49 46 171 30 1744 186 476 52
leaf_count=33 30 30 49 46 171 30 1744 186 476 52
internal_value=0 -0.00470969 0.000136762 0.000207706 0.000271495 -1.33896e-05 0.000259521 0.000997709 0.000631222 0.00339983
internal_weight=0 63 2784 2754 2708 1945 1774 763 662 101
internal_count=2847 63 2784 2754 2708 1945 1774 763 662 101
is_linear=0
shrinkage=0.03


Tree=394
num_leaves=12
num_cat=0
split_feature=12 3 3 2 4 12 1 13 3 15 14
split_gain=1.51133 1.52063 1.34381 0.688836 0.603403 1.71285 1.8113 1.11686 0.974001 0.596192 0.224362
threshold=-2.0850101123595475 0.11255000000000003 1.0000000180025095e-35 0.27755000000000002 0.22315000000000004 -1.9340101123595479 0.15135000000000001 -1.4773426966292147 0.071700000000000014 6.3787910112359567 -0.29454269662921323
decision_type=2 2 2 2 2 2 2 2 2 2 2
left_child=1 -1 -2 4 5 6 -4 9 -7 -6 -9
right_child=2 -3 3 -5 7 8 -8 10 -10 -11 -12
leaf_value=-0.00012447522233494302 -0.0061846140734851361 -0.0094567081406712519 0.010743142232298851 -0.003441117361349904 -0.0015900264212792069 4.1990476143329411e-05 0.00031825628876686095 -0.0015900264212792069 0.0016088896538752168 4.1990476143329411e-05 4.1990476143329411e-05
leaf_weight=33 30 30 30 46 134 1443 30 98 446 115 412
leaf_count=33 30 30 30 46 134 1443 30 98 446 115 412
internal_value=0 -0.0045684 0.000130436 0.000199227 0.000261065 0.000540522 0.0055307 -0.000456541 0.00038202 -0.00159003 4.19905e-05
internal_weight=0 63 2784 2754 2708 1949 60 759 1889 249 510
internal_count=2847 63 2784 2754 2708 1949 60 759 1889 249 510
is_linear=0
shrinkage=0.03


Tree=395
num_leaves=14
num_cat=0
split_feature=17 17 8 3 0 8 6 4 3 3 14 16 16
split_gain=0.729635 0.905612 2.96831 3.8678 7.09612 0.901787 1.54485 1.21276 1.92944 0.592932 0.564621 0.528491 0.69966
threshold=0.05910561797752812 0.044445505617977561 0.17515000000000003 0.1082 0.79810000000000014 0.14540000000000003 -0.077549999999999994 0.22315000000000004 0.11310000000000002 0.17570000000000005 -0.083584269662921359 -10.932419101123626 29.233444943820249
decision_type=2 2 2 2 2 2 2 2 2 2 2 2 2
left_child=1 5 -3 4 -4 11 10 9 -9 -8 -7 -1 -13
right_child=-2 2 3 -5 -6 6 7 8 -10 -11 -12 12 -14
leaf_value=0.0046510101369533095 0.0035487238656390797 0.0044716474426571614 -0.020279207120882346 -0.00011499943420832381 -0.0013574880471622401 -0.002253449798556881 0.00077173650715658005 -0.002253449798556881 -0.00019887005292788075 -0.00019887005292788075 -0.0076213233137968931 0.0011653225895633327 0.0050849631183394568
leaf_weight=57 55 44 30 40 44 31 1673 214 426 132 30 75 41
leaf_count=57 55 44 30 40 44 31 1673 214 426 132 30 75 41
internal_value=0 6.00342e-05 -0.00214706 -0.00470165 -0.00902846 0.000190202 4.55854e-05 0.000163237 -0.000958829 0.000561089 -0.00467014 0.00228506 0.00116532
internal_weight=0 2837 158 114 74 2679 2506 2445 640 1805 61 173 116
internal_count=2892 2837 158 114 74 2679 2506 2445 640 1805 61 173 116
is_linear=0
shrinkage=0.03


Tree=396
num_leaves=15
num_cat=0
split_feature=17 17 7 4 17 8 4 7 1 3 3 13 16 16
split_gain=0.687862 0.828942 4.06107 6.20092 5.10695 0.82883 0.90424 4.10907 1.58921 0.835932 1.02891 0.879777 0.509411 0.66351
threshold=0.05910561797752812 0.044445505617977561 -0.35284999999999994 0.30820000000000003 0.051105617977528113 0.14540000000000003 0.22315000000000004 -0.35244999999999999 0.22395000000000001 0.036800000000000006 0.17570000000000005 -2.9457404494382042 -10.932419101123626 29.233444943820249
decision_type=2 2 2 2 2 2 2 2 2 2 2 2 2 2
left_child=1 5 3 -3 -4 12 9 8 -8 11 -11 -7 -1 -14
right_child=-2 2 4 -5 -6 6 7 -9 -10 10 -12 -13 13 -15
leaf_value=0.0045114799613427178 0.0034422618042338981 0.013112208085846812 -0.014374089259654284 -0.00144293477746936 -0.00144293477746936 0.0011142910816265565 -0.00027885527314776461 -0.011241814197908918 -0.0042726347694794333 0.0011142910816265565 -0.00027885527314776461 -0.00027885527314776461 0.0011142910816265565 0.0049324141583609862
leaf_weight=57 55 34 40 35 49 185 517 33 90 617 132 932 75 41
leaf_count=57 55 34 40 35 49 185 517 33 90 617 132 932 75 41
internal_value=0 5.49114e-05 -0.00205669 0.00340571 -0.00629158 0.000179448 4.08039e-05 -0.000932253 -0.000371766 0.000374543 0.00111429 -0.00014575 0.00218778 0.00111429
internal_weight=0 2837 158 69 89 2679 2506 640 607 1866 749 1117 173 116
internal_count=2892 2837 158 69 89 2679 2506 640 607 1866 749 1117 173 116
is_linear=0
shrinkage=0.03


Tree=397
num_leaves=17
num_cat=0
split_feature=1 7 0 1 4 18 3 1 3 8 3 3 4 4 15 13
split_gain=0.649388 0.810951 3.90902 2.70097 3.70008 1.52731 1.2451 2.48807 1.91146 1.53659 0.325911 2.41343 1.17393 0.580958 0.119897 0.0820304
threshold=0.69905000000000006 -0.3885499999999999 0.27555000000000002 0.52265000000000017 0.28330000000000005 4.5000000000000009 0.021000000000000001 0.024650000000000002 0.062800000000000009 0.19365000000000002 0.012550000000000002 0.008550000000000002 0.012450000000000001 0.030400000000000003 14.504220224719107 -0.10697977528089807
decision_type=2 2 2 2 2 2 2 2 2 2 2 2 2 2 2 2
left_child=1 2 14 4 5 -4 10 -8 -9 -10 11 13 -13 -3 -1 -16
right_child=-2 6 3 -5 -6 -7 7 8 9 -11 -12 12 -14 -15 15 -17
leaf_value=0.00044992783036034334 -0.0042733755074441434 0.00044992783036034334 0.0087200936810550248 0.0025176682606745534 0.0047443418536065761 0.017551513109731697 0.00044992783036034334 -0.0020549383949963335 -0.00060938915407576062 -0.0020549383949963335 0.00044992783036034334 0.00044992783036034334 -0.0020549383949963335 -0.0020549383949963335 0.0025176682606745534 0.0010774906291752249
leaf_weight=387 30 490 35 50 104 31 244 349 407 153 252 33 144 65 81 37
leaf_count=387 30 490 35 50 104 31 244 349 407 153 252 33 144 65 81 37
internal_value=0 0.000163499 0.00103049 0.00458541 0.00697102 0.0126958 -0.000130639 -0.00081364 -0.00166871 -0.000609389 0.000449928 -0.000232434 -0.00205494 0.000449928 0.000449928 0.00251767
internal_weight=0 2862 725 220 170 66 2137 1153 909 560 984 732 177 555 505 118
internal_count=2892 2862 725 220 170 66 2137 1153 909 560 984 732 177 555 505 118
is_linear=0
shrinkage=0.03


Tree=398
num_leaves=11
num_cat=0
split_feature=17 8 17 7 4 8 6 4 16 16
split_gain=0.652931 0.807234 0.706641 2.27077 5.04196 0.729672 1.15679 1.0384 0.489383 0.623156
threshold=0.05910561797752812 0.20715000000000003 0.044445505617977561 -0.35284999999999994 0.30820000000000003 0.14540000000000003 -0.077549999999999994 0.22315000000000004 -10.932419101123626 29.233444943820249
decision_type=2 2 2 2 2 2 2 2 2 2
left_child=1 2 5 4 -4 8 -7 -8 -1 -10
right_child=-2 -3 3 -5 -6 6 7 -9 9 -11
leaf_value=0.0043827051075641067 0.003349665028127757 -0.0046884233792661685 0.012662770192084068 -0.0022924650195492481 0.00046824123398677244 -0.0022924650195492481 0.00057273659904289332 -0.00084761488375836044 0.0010950558572642083 0.0047984324250279408
leaf_weight=57 55 32 34 88 34 61 1790 625 75 41
leaf_count=57 55 32 34 88 34 61 1790 625 75 41
internal_value=0 4.94428e-05 0.000103493 -0.00185866 0.00322895 0.000219045 8.74339e-05 0.000205151 0.00210268 0.00109506
internal_weight=0 2837 2805 156 68 2649 2476 2415 173 116
internal_count=2892 2837 2805 156 68 2649 2476 2415 173 116
is_linear=0
shrinkage=0.03


Tree=399
num_leaves=17
num_cat=0
split_feature=1 3 17 3 7 3 3 7 3 3 14 18 1 0 3 14
split_gain=0.635258 0.884133 2.70109 1.69637 2.14368 1.34264 6.76682 3.83881 1.42023 1.68036 0.68526 1.07158 0.606563 0.434759 0.684629 0.338211
threshold=0.00035000000000000005 0.25665000000000004 0.04344550561797756 0.12705000000000002 -0.35819999999999991 0.098450000000000024 0.1082 -0.33669999999999994 0.088700000000000015 0.075750000000000012 -0.12032359550561793 4.5000000000000009 0.14630000000000001 0.072950000000000015 0.31860000000000005 0.058131460674157316
decision_type=2 2 2 2 2 2 2 2 2 2 2 2 2 2 2 2
left_child=-1 3 12 5 -5 8 -7 -8 9 -2 -6 -12 13 15 -15 -3
right_child=1 2 -4 4 10 6 7 -9 -10 -11 11 -13 -14 14 -16 -17
leaf_value=0.0043035819701435687 0.00026800251232965487 -0.00033138006909478641 -0.0096946336419205179 0.0021783452257652012 0.00012069851666839798 -0.01452139881083413 0.0021783452257652012 -0.00460972285956294 0.0021783452257652012 -0.0037110410989861526 -7.7780198771506542e-05 -0.0075557607960488118 -0.0045588514464325264 -0.00033138006909478641 0.0021783452257652012 -0.0023080339365802831
leaf_weight=32 1760 69 32 218 45 34 160 112 35 101 34 35 30 80 81 34
leaf_count=32 1760 69 32 218 45 34 160 112 35 101 34 35 30 80 81 34
internal_value=0 5.31085e-05 -0.00141748 0.0002423 0.00217835 -5.92302e-05 -0.00190318 -0.000325907 0.00023837 5.20523e-05 -0.00193695 -0.00387096 -0.000516567 -5.72164e-05 0.000916537 -0.0015793
internal_weight=0 2860 326 2534 332 2202 306 272 1896 1861 114 69 294 264 161 103
internal_count=2892 2860 326 2534 332 2202 306 272 1896 1861 114 69 294 264 161 103
is_linear=0
shrinkage=0.03


Tree=400
num_leaves=23
num_cat=0
split_feature=4 12 13 17 3 14 17 5 14 7 7 14 0 12 8 12 17 6 13 14 6 3
split_gain=1.13134 0.813971 1.76335 1.00965 1.97498 1.51274 1.41712 1.62101 3.22076 1.37513 1.1631 1.1596 1.1403 0.972803 0.87444 1.31222 0.772661 0.757374 0.660104 0.659533 0.974549 0.541639
threshold=0.68835000000000013 0.85598988764045292 2.5704061797752815 -0.0073202247191011252 0.021000000000000001 -0.040823595505617864 0.011281460674157308 0.19250000000000003 0.0050865168539325776 -0.30234999999999995 -0.28939999999999994 0.088001123595505673 0.38135000000000002 1.0987595505618002 0.17155000000000004 1.1752595505617995 -0.0048241573033707954 -0.014399999999999998 1.5700202247191017 -0.15232359550561794 0.023600000000000006 0.064250000000000015
decision_type=2 2 2 2 2 2 2 2 2 2 2 2 2 2 2 2 2 2 2 2 2 2
left_child=1 3 21 4 5 12 10 8 -8 -9 16 -7 -1 -4 15 -15 -5 -16 -12 -6 -21 -3
right_child=-2 2 13 6 19 11 7 9 -10 -11 18 -13 -14 14 17 -17 -18 -19 -20 20 -22 -23
leaf_value=-0.0027370116967441781 -0.0058927448967006054 0.0022143510077148676 0.0049001315132890999 -0.00012388498845245064 -0.0030565140691994914 -0.0030565140691994914 0.00096401631357164645 -0.00063629467656420443 0.0096268013903913503 -0.0030565140691994914 -0.0001395277292115732 0.0027197868470102545 0.003304413107087041 0.0069437734174885241 -0.0030565140691994914 0.00083145002003570429 0.0025775189074269604 -0.00017959580115122935 -0.0030565140691994914 -0.0030565140691994914 0.00086513667290588625 0.007606704544864203
leaf_weight=35 32 30 37 137 183 64 39 654 44 132 54 32 143 38 66 78 313 478 33 120 97 38
leaf_count=35 32 30 37 137 183 64 39 654 44 132 54 32 143 38 66 78 313 478 33 120 97 38
internal_value=0 -0.000220283 0.000616447 -0.000528023 -0.00148266 0.000479473 -7.03962e-05 -0.000819099 0.00316818 -0.00124015 0.00114119 -0.00255583 0.00211649 0.000166567 -9.88e-05 0.00226595 0.00175509 -0.000603048 -0.00203415 -0.00282672 -0.00137344 0.00522773
internal_weight=0 2845 765 2080 674 274 1406 869 83 786 537 96 178 697 660 116 450 544 87 400 217 68
internal_count=2877 2845 765 2080 674 274 1406 869 83 786 537 96 178 697 660 116 450 544 87 400 217 68
is_linear=0
shrinkage=0.03


Tree=401
num_leaves=21
num_cat=0
split_feature=15 15 1 8 12 16 1 12 3 1 3 3 14 17 3 3 15 3 15 17
split_gain=0.949673 1.29473 0.991854 1.10537 2.62427 0.943912 0.769137 0.998142 0.817862 0.566469 1.49665 1.94223 1.01646 0.9664 0.607076 2.04728 0.673051 0.261243 0.73256 0.182568
threshold=-8.6613668539325825 -8.0048668539325831 0.0007000000000000001 0.19835000000000003 -1.9055101123595468 30.222860674157236 0.19720000000000001 -1.911510112359547 0.031000000000000003 0.028600000000000004 0.019650000000000004 0.11740000000000002 -0.2838134831460673 0.0022775280898876264 0.098450000000000024 0.11865000000000002 -20.411350561797729 0.011100000000000002 -10.055393258426964 -0.026054494382022435
decision_type=2 2 2 2 2 2 2 2 2 2 2 2 2 2 2 2 2 2 2 2
left_child=9 -2 -3 6 -5 -6 7 -4 -8 10 -1 -12 -13 14 17 -16 -17 18 -11 -19
right_child=1 2 3 4 5 -7 8 -9 -10 13 11 12 -14 -15 15 16 -18 19 -20 -21
leaf_value=0.0010579454811886931 -0.0066073377066641114 0.0045552797571701154 0.0019718716896601394 -0.0089292723270641122 -0.0011357275940079149 -0.0050668429830534887 -0.00047546997752373542 -0.00013032638079816554 -0.0011357275940079149 0.0010579454811886931 0.0099222882991520378 0.0064488546751619484 0.0010579454811886931 -0.0037708106972527623 -0.0068234470015762251 -0.0025349460264786762 0.0010579454811886931 -0.0022063726877026698 -0.0038064524161898973 0.0010579454811886931
leaf_weight=83 32 34 104 44 307 55 283 1004 227 94 41 33 43 52 41 47 70 34 38 211
leaf_count=83 32 34 104 44 307 55 283 1004 227 94 41 33 43 52 41 47 70 34 38 211
internal_value=0 -0.000619285 -0.000526176 -0.000611536 -0.00201111 -0.00117023 -0.000260346 0.000184788 -0.00113573 0.000603409 0.00198229 0.00465978 0.00182079 0.000133604 0.000513098 -0.00105469 0.000966846 0.00105795 -0.000290077 0.00105795
internal_weight=0 2090 2058 2024 406 362 1618 1108 510 787 200 117 76 587 535 158 117 377 132 245
internal_count=2877 2090 2058 2024 406 362 1618 1108 510 787 200 117 76 587 535 158 117 377 132 245
is_linear=0
shrinkage=0.03


Tree=402
num_leaves=14
num_cat=0
split_feature=4 17 3 6 7 14 3 3 3 3 14 1 17
split_gain=1.07161 0.47479 3.722 2.68588 2.29915 0.521273 1.22845 0.555604 4.57108 2.05268 0.947939 1.47669 1.1279
threshold=0.68835000000000013 0.044445505617977561 0.010600000000000002 0.025850000000000005 -0.31494999999999995 -0.43491348314606731 0.016750000000000004 0.018950000000000005 0.021000000000000001 0.028200000000000006 -0.17732359550561785 0.51270000000000016 -0.042394382022471859
decision_type=2 2 2 2 2 2 2 2 2 2 2 2 2
left_child=1 5 -3 -4 -5 6 -1 10 -9 -10 12 -12 -7
right_child=-2 2 3 4 -6 7 -8 8 9 -11 11 -13 -14
leaf_value=0.0031754598787520081 -0.0057330451416783036 0.0053963576588365765 -0.0029727030574337038 0.0069099680857978895 -0.000235514589987671 0.0032344596982002254 -0.0029727030574337038 0.010328447051695546 -0.0029727030574337038 0.00032974397071195859 0.00044026906281989292 -0.0029727030574337038 -0.0029727030574337038
leaf_weight=30 32 54 78 53 32 30 56 40 78 1494 622 64 214
leaf_count=30 32 54 78 53 32 30 56 40 78 1494 622 64 214
internal_value=0 -0.000212361 -0.00156106 -0.0029727 0.00250167 -0.000100996 -0.00239809 -2.32816e-05 0.000313598 5.87676e-05 -0.000607207 -3.59877e-05 -0.00221318
internal_weight=0 2845 217 163 85 2628 86 2542 1612 1572 930 686 244
internal_count=2877 2845 217 163 85 2628 86 2542 1612 1572 930 686 244
is_linear=0
shrinkage=0.03


Tree=403
num_leaves=23
num_cat=0
split_feature=4 12 13 17 3 17 1 12 7 3 12 3 8 12 16 16 0 12 7 6 17 3
split_gain=1.00364 0.757179 1.63659 0.958103 1.79358 1.34467 1.60788 1.45417 1.10515 1.02047 0.90701 0.83591 0.809819 1.24028 0.859995 0.775549 1.13993 0.989825 0.63871 0.591801 0.548151 0.495144
threshold=0.68835000000000013 0.85598988764045292 2.5704061797752815 -0.0073202247191011252 0.021000000000000001 0.011281460674157308 0.18615000000000001 -1.911510112359547 -0.36609999999999993 0.031000000000000003 1.0987595505618002 0.092400000000000024 0.17155000000000004 1.1752595505617995 24.028249438202298 10.237249438202356 0.40330000000000005 -0.16388202247190617 -0.28939999999999994 0.023600000000000006 -0.015320224719101131 0.064250000000000015
decision_type=2 2 2 2 2 2 2 2 2 2 2 2 2 2 2 2 2 2 2 2 2 2
left_child=1 3 21 4 15 8 7 -7 11 -8 -4 -5 13 -12 -14 16 -1 -17 -10 -6 -21 -3
right_child=-2 2 10 5 19 6 9 -9 18 -11 12 -13 14 -15 -16 17 -18 -19 -20 20 -22 -23
leaf_value=-0.0028896883921671395 -0.0055610538669861849 0.0021499968841671943 0.0047259726667323631 0.0018378030578084462 -0.0028896883921671395 0.0025604451447083002 -0.0014956896658352753 -0.00083001118895755909 0.00093601829030281894 -0.0028896883921671395 0.0067265849379136372 0.0050757542453357014 0.00079426218067616577 0.00079426218067616577 -0.001436087239094227 0.0030941435309775572 0.0033853003589084016 -0.0027911412526286906 -0.0019749442531309764 0.00046775083716884993 -0.002028132441040094 0.0073057125025048943
leaf_weight=31 32 30 37 38 217 145 112 530 308 82 38 104 180 78 364 35 111 97 87 101 82 38
leaf_count=31 32 30 37 38 217 145 112 530 308 82 38 104 180 78 364 35 111 97 87 101 82 38
internal_value=0 -0.000218323 0.00058869 -0.000515133 -0.00144508 -6.93402e-05 -0.000798654 -0.000101691 0.00111087 -0.00288969 0.00015528 0.00338074 -0.000100955 0.00217474 -0.000586213 0.00042477 0.00196361 -0.00123065 0.00029487 -0.00272593 -0.00116658 0.00503113
internal_weight=0 2845 765 2080 674 1406 869 675 537 194 697 142 660 116 544 274 142 132 395 400 183 68
internal_count=2877 2845 765 2080 674 1406 869 675 537 194 697 142 660 116 544 274 142 132 395 400 183 68
is_linear=0
shrinkage=0.03


Tree=404
num_leaves=20
num_cat=0
split_feature=4 15 5 14 12 15 3 12 1 3 4 17 14 14 14 3 3 17 1
split_gain=0.941654 0.803389 0.988325 4.17852 1.62604 1.58008 1.07496 0.816687 0.570022 1.26559 1.9881 0.8967 0.89191 0.470053 1.10095 0.579334 0.195739 0.184635 0.0489084
threshold=0.68835000000000013 -8.6613668539325825 0.19250000000000003 0.24095730337078661 -1.9055101123595468 -7.8332089887640439 0.15205000000000005 2.0448039325842733 0.033250000000000009 0.019650000000000004 0.10385000000000001 0.0022775280898876264 -0.2838134831460673 -0.2838134831460673 -0.29754269662921323 0.011100000000000002 0.008550000000000002 -0.0022185393258427051 0.011750000000000002
decision_type=2 2 2 2 2 2 2 2 2 2 2 2 2 2 2 2 2 2 2
left_child=1 8 3 18 6 17 16 -7 9 -1 -11 13 -12 14 -10 -15 -4 -6 -3
right_child=-2 2 4 -5 5 7 -8 -9 11 10 12 -13 -14 15 -16 -17 -18 -19 -20
leaf_value=0.00099716808133079832 -0.0053942222264595331 0.0025621126659421457 0.00048862093664821347 0.01167221967712976 -0.0028066599114562447 5.980293860271532e-05 0.00048862093664821347 -0.0028066599114562447 0.00064429794206947392 0.009859199858698188 0.0057807297191607787 -0.0028066599114562447 0.00099716808133079832 -0.0015443033167365484 -0.0028066599114562447 0.00099716808133079832 -0.0028066599114562447 -0.0013618584218553116 0.00048862093664821347
leaf_weight=93 32 54 40 32 97 1447 42 58 146 39 37 48 50 82 34 249 133 85 79
leaf_count=93 32 54 40 32 97 1447 42 58 146 39 37 48 50 82 34 249 133 85 79
internal_value=0 -0.000219098 -0.000528385 0.00169884 -0.000721599 -0.000404781 -0.00280666 -8.42398e-05 0.000602622 0.00189998 0.00423083 9.43531e-05 0.00170777 0.000477503 -0.000768309 0.000997168 -0.00280666 -0.00280666 0.000488621
internal_weight=0 2845 2067 165 1902 1687 215 1505 778 219 126 559 87 511 180 331 173 182 133
internal_count=2877 2845 2067 165 1902 1687 215 1505 778 219 126 559 87 511 180 331 173 182 133
is_linear=0
shrinkage=0.03


Tree=405
num_leaves=22
num_cat=0
split_feature=17 3 3 16 3 7 1 16 17 3 18 1 15 7 17 12 0 18 0 17 18
split_gain=2.78437 1.15246 2.54518 2.42972 1.89032 3.70767 3.35717 2.54788 2.47816 1.56402 2.1945 1.55758 1.49675 1.33262 1.14436 1.15035 0.800218 0.93907 0.702688 0.548088 0.291084
threshold=0.05910561797752812 0.22055000000000002 0.12705000000000002 -23.769555056179737 0.11275000000000002 -0.42724999999999996 0.22395000000000001 -25.922139325842746 -0.0013202247191011205 0.31860000000000005 5.5000000000000009 0.047500000000000007 10.523291011235957 -0.35819999999999991 0.0086758426966292174 0.71181573033707946 0.072950000000000015 4.5000000000000009 0.35520000000000002 -0.011820224719101128 4.5000000000000009
decision_type=2 2 2 2 2 2 2 2 2 2 2 2 2 2 2 2 2 2 2 2 2
left_child=1 2 4 11 5 8 12 -7 -1 10 14 -4 -6 18 15 -3 19 -18 -5 -11 -15
right_child=-2 9 3 13 6 7 -8 -9 -10 16 -12 -13 -14 20 -16 -17 17 -19 -20 -21 -22
leaf_value=0.0026065508601597594 -0.0072977021634578702 0.002180297692191436 0.012715884316712616 0.00089374827390367327 0.00034978152912094434 -0.0024437319067565294 -0.011977475378662348 0.00028903137771776676 0.012734577966853976 0.00026716024118673601 -0.0085091420578008344 0.0038509641676633191 -0.0064222377939866133 -0.00036520843697792808 -0.0053228979881924498 -0.0040404176002186605 0.00026716024118673601 0.0053104113635359974 0.0053795518032275138 -0.0040015008316064875 -0.0040258489190326896
leaf_weight=79 50 77 30 66 119 392 32 1417 30 34 55 44 39 46 52 41 48 49 60 45 34
leaf_count=79 50 77 30 66 119 392 32 1417 30 34 55 44 39 46 52 41 48 49 60 45 34
internal_value=0 -0.000155072 9.48274e-05 0.00278215 -0.000262122 2.06306e-05 -0.00311643 -0.000303143 0.00539408 -0.00164325 -0.0033003 0.00744485 -0.00132179 0.00110719 -0.00161509 1.88627e-05 0.000475136 0.0023007 0.00302985 -0.00176638 -0.00192098
internal_weight=0 2789 2388 280 2108 1918 190 1809 109 401 225 74 158 206 170 118 176 97 126 79 80
internal_count=2839 2789 2388 280 2108 1918 190 1809 109 401 225 74 158 206 170 118 176 97 126 79 80
is_linear=0
shrinkage=0.03


Tree=406
num_leaves=21
num_cat=0
split_feature=17 3 3 3 1 8 3 12 3 18 13 18 15 3 17 12 14 3 15 15
split_gain=2.61966 1.08613 2.39476 1.7786 3.15876 2.15418 4.98377 4.04925 1.46906 2.06481 1.43706 2.05487 1.40829 1.18689 1.07673 1.08237 0.986104 0.778524 0.937019 0.628936
threshold=0.05910561797752812 0.22055000000000002 0.12705000000000002 0.11275000000000002 0.22395000000000001 0.17075000000000004 0.085450000000000012 -1.9340101123595479 0.31860000000000005 5.5000000000000009 -1.7933426966292154 4.5000000000000009 10.523291011235957 0.13735000000000003 0.0086758426966292174 0.71181573033707946 -0.12895393258426963 0.37115000000000004 -6.1164589887640446 1.856041011235954
decision_type=2 2 2 2 2 2 2 2 2 2 2 2 2 2 2 2 2 2 2 2
left_child=1 2 3 5 12 6 -1 -7 9 14 11 -4 -5 -12 15 -3 -15 19 -19 -10
right_child=-2 8 10 4 -6 7 -8 -9 17 -11 13 -13 -14 16 -16 -17 -18 18 -20 -21
leaf_value=0.00095746346009346265 -0.0070787706255912774 0.0021148888210995825 0.0018785880656635506 0.00033928801145643273 -0.01161815095343627 -0.0089999603241449205 0.0099929936445738755 -0.00015393733147668617 0.0005370612865313887 -0.0082538677347315965 0.006591268722550012 0.011403320084015529 -0.0062295705882402562 -0.0027500891915262964 -0.0051632111250476623 -0.0039192050621027078 0.002054352530439456 0.0020346610743279861 -0.0039807919185194697 0.0059758384536290838
leaf_weight=243 50 77 47 119 32 48 62 1565 50 55 32 36 39 61 52 41 104 41 54 31
leaf_count=243 50 77 47 119 32 48 62 1565 50 55 32 36 39 61 52 41 104 41 54 31
internal_value=0 -0.000150618 9.19826e-05 -0.000254258 -0.00302294 2.00116e-05 0.00233211 -0.000417179 -0.00159533 -0.00320129 0.00269868 0.0060098 -0.00128214 0.00130364 -0.00156663 1.82969e-05 0.000278165 0.000457741 -0.00138465 0.00261857
internal_weight=0 2789 2388 2108 190 1918 305 1613 401 225 280 83 158 197 170 118 165 176 95 81
internal_count=2839 2789 2388 2108 190 1918 305 1613 401 225 280 83 158 197 170 118 165 176 95 81
is_linear=0
shrinkage=0.03


Tree=407
num_leaves=21
num_cat=0
split_feature=12 1 7 12 14 7 0 15 0 13 16 14 0 15 1 8 0 1 7 7
split_gain=1.97711 5.12874 8.64485 0.603993 1.21595 0.920416 2.46103 1.56767 0.824044 0.76413 0.671807 1.17907 1.82145 0.517294 1.28984 1.0277 0.417173 0.396756 0.257077 0.0894404
threshold=-1.9590101123595483 0.18615000000000001 -0.31599999999999995 2.0298039325842727 0.41254606741573041 -0.42994999999999994 0.14895000000000003 30.472062359550563 0.081650000000000014 4.0547595505617968 29.233444943820249 0.4226764044943821 0.48960000000000009 26.914562359550562 0.19720000000000001 0.17805000000000001 0.57220000000000015 0.05655000000000001 -0.33544999999999997 -0.33544999999999997
decision_type=2 2 2 2 2 2 2 2 2 2 2 2 2 2 2 2 2 2 2 2
left_child=1 2 -1 4 5 6 17 8 -7 16 11 12 -6 15 -15 -12 -5 -2 -11 -9
right_child=3 -3 -4 9 10 7 -8 19 -10 18 13 -13 -14 14 -16 -17 -18 -19 -20 -21
leaf_value=0.0079608086457377981 0.0036361583028184739 -0.012820369700901208 -0.0064916507450420661 -0.0018302270158768652 -0.0032897308211335364 -0.0036806180583862742 0.0086580219915187023 -0.0033019732628017662 -0.00013754699218436516 -0.0022088760808110239 0.0026028573131311292 0.0088501568353385653 0.0062101743441934764 0.0057474166614448893 -0.0018342575943097472 -0.0042061516037210827 0.0024959397624645914 0.00052174660998855968 -0.0059238444413303544 -0.0053900866629555816
leaf_weight=57 38 40 46 47 34 61 37 30 1876 30 38 30 39 46 36 42 35 191 38 48
leaf_count=57 38 40 46 47 34 61 37 30 1876 30 38 30 39 46 36 42 35 191 38 48
internal_value=0 -0.00370347 -0.000162932 -8.3614e-05 2.53778e-05 -0.000198087 0.00146054 -0.000417042 -0.000249125 -0.00193357 0.00194886 0.00384321 0.00178556 0.000744433 0.00241888 -0.000971872 1.63076e-05 0.000521747 -0.00428489 -0.00458697
internal_weight=0 143 103 2696 2546 2281 266 2015 1937 150 265 103 73 162 82 80 82 229 68 78
internal_count=2839 143 103 2696 2546 2281 266 2015 1937 150 265 103 73 162 82 80 82 229 68 78
is_linear=0
shrinkage=0.03


Tree=408
num_leaves=20
num_cat=0
split_feature=17 18 8 1 0 8 0 14 0 12 8 14 1 14 17 12 12 1 0
split_gain=2.45189 0.641764 1.63857 7.57466 1.00612 0.639652 0.592249 0.50175 0.805749 0.895272 0.829108 0.471888 1.42898 0.854734 0.418243 0.540608 0.301938 0.279024 0.00534722
threshold=0.05910561797752812 3.5000000000000004 0.20170000000000002 0.024900000000000002 0.029800000000000004 0.18220000000000003 0.61050000000000015 0.41254606741573041 0.67740000000000011 2.0576179775280932 0.16745000000000002 0.0085865168539325815 0.091100000000000014 -0.15232359550561794 -0.0067146067415730362 1.1112595505617977 0.2500292134831455 0.043150000000000001 0.24995000000000003
decision_type=2 2 2 2 2 2 2 2 2 2 2 2 2 2 2 2 2 2 2
left_child=1 4 7 -4 -1 14 16 11 10 -10 -9 13 -13 -3 15 -6 -7 -8 -16
right_child=-2 2 3 -5 5 6 17 8 9 -11 -12 12 -14 -15 18 -17 -18 -19 -20
leaf_value=-0.0043948746393160784 -0.0068461645290255543 -0.00065839133357613994 -0.0015944152827013268 -0.016389243826270106 0.0012043020292259428 -0.00046736399672358398 0.0012043020292259428 0.001478056740710324 0.0058124121590517452 0.001478056740710324 -0.0015944152827013268 0.00092325845473002657 -0.0015944152827013268 0.0010088391023716076 0.0039004903230816126 0.0044706972439408953 -0.0017498810103229456 -0.00020773469504140513 0.0044427974172867833
leaf_weight=34 50 667 159 33 117 54 191 46 60 32 73 229 313 473 30 46 44 152 36
leaf_count=34 50 667 159 33 117 54 191 46 60 32 73 229 313 473 30 46 44 152 36
internal_value=0 -0.000143532 -0.000407966 -0.0030487 0.00063963 0.000895113 0.000227147 -0.000140126 0.00123886 0.0033473 -0.000391183 -0.000313114 -0.00104187 3.3363e-05 0.00218146 0.00136563 -0.00174988 0.000815153 0.00419629
internal_weight=0 2789 2085 192 704 670 441 1893 211 92 119 1682 542 1140 229 163 98 343 66
internal_count=2839 2789 2085 192 704 670 441 1893 211 92 119 1682 542 1140 229 163 98 343 66
is_linear=0
shrinkage=0.03


Tree=409
num_leaves=22
num_cat=0
split_feature=17 3 3 16 3 7 1 17 16 1 3 18 7 17 12 3 0 18 0 17 18
split_gain=2.30489 1.04417 2.24991 2.1948 1.61199 3.26695 2.99094 2.36817 2.21309 1.45663 1.36282 1.94558 1.2361 1.00431 1.02017 0.970595 0.751793 0.890704 0.637593 0.508705 0.272465
threshold=0.05910561797752812 0.22055000000000002 0.12705000000000002 -23.769555056179737 0.11275000000000002 -0.42724999999999996 0.22395000000000001 -0.0013202247191011205 -25.922139325842746 0.047500000000000007 0.31860000000000005 5.5000000000000009 -0.35819999999999991 0.0086758426966292174 0.71181573033707946 0.11965000000000002 0.072950000000000015 4.5000000000000009 0.35520000000000002 -0.011820224719101128 4.5000000000000009
decision_type=2 2 2 2 2 2 2 2 2 2 2 2 2 2 2 2 2 2 2 2 2
left_child=1 2 4 9 5 7 15 -1 -7 -4 11 13 18 14 -3 -6 19 -18 -5 -12 -14
right_child=-2 10 3 12 6 8 -8 -9 -10 -11 16 -13 20 -15 -16 -17 17 -19 -20 -21 -22
leaf_value=0.002391228025413231 -0.0066407798811793329 0.0020474144064990636 0.012151253346353769 0.00084737043404443696 0.00027898247616050007 -0.0022777305025523005 -0.011239486802369355 0.012241277018561958 0.00026917139528238393 0.003578426728596572 0.00021713811073713045 -0.0080100361501628699 -0.00038084923411193101 -0.0049922668041947945 -0.0038107404473135473 -0.0049665544795888389 0.00021713811073713045 0.0051212841987001651 0.0051203502030111852 -0.0039053003735219438 -0.0039224778696456374
leaf_weight=79 50 77 30 66 114 392 32 30 1417 44 34 55 46 52 41 44 48 49 60 45 34
leaf_count=79 50 77 30 66 114 392 32 30 1417 44 34 55 46 52 41 44 48 49 60 45 34
internal_value=0 -0.000142176 9.56931e-05 0.00262233 -0.000239913 2.11942e-05 -0.00287573 0.00506518 -0.000282728 0.0070539 -0.00155871 -0.00310551 0.00103041 -0.00151875 1.19538e-05 -0.0011818 0.000418723 0.00218819 0.00288212 -0.00175391 -0.00188604
internal_weight=0 2789 2388 280 2108 1918 190 109 1809 74 401 225 206 170 118 158 176 97 126 79 80
internal_count=2839 2789 2388 280 2108 1918 190 109 1809 74 401 225 206 170 118 158 176 97 126 79 80
is_linear=0
shrinkage=0.03


Tree=410
num_leaves=23
num_cat=0
split_feature=16 16 1 8 3 3 3 3 2 8 6 4 7 7 6 5 3 0 16 16 3 2
split_gain=2.61999 6.57051 12.7447 5.81908 4.46807 3.33639 1.15699 0.725775 1.4336 1.17303 1.49178 1.39422 1.79076 1.07955 2.13659 1.07277 0.904422 0.52921 0.494863 1.02112 0.446552 0.376428
threshold=-45.316199999999974 -52.09964943820227 0.18615000000000001 0.1867 0.039250000000000007 0.040500000000000008 0.11965000000000002 0.22055000000000002 0.0018500000000000003 0.16270000000000004 -0.072449999999999987 0.31405000000000005 -0.27719999999999995 -0.35244999999999999 -0.0035499999999999998 0.29645000000000005 0.04420000000000001 0.27555000000000002 -22.692750561797705 8.2705808988763483 0.31860000000000005 0.27755000000000002
decision_type=2 2 2 2 2 2 2 2 2 2 2 2 2 2 2 2 2 2 2 2 2 2
left_child=1 3 -3 5 -5 -1 -6 9 15 11 -11 12 16 17 -15 -9 -2 -12 20 -20 -17 -14
right_child=7 2 -4 4 6 -7 -8 8 -10 10 13 -13 21 14 -16 18 -18 -19 19 -21 -22 -23
leaf_value=0.013752160845324397 0.0054150745708565259 0.020218039459370552 -0.004809694707393646 -0.011239919721556361 0.00092748523190008347 0.0014403226857001964 -0.0045302628765680952 0.004463300370364724 -0.006291473286847273 -0.0049055146465876269 0.00033874366586299616 0.0010463561348795802 0.0054150745708565259 -0.0024219098578136672 9.2685746914447431e-05 -0.0018632926689460872 0.01137386094174675 0.0010463561348795802 -0.0034379666581544049 -0.00042187843063240586 0.001650491123996892 0.0027040281421480336
leaf_weight=32 31 47 30 48 31 52 35 34 45 56 117 92 42 168 1248 35 37 390 62 163 37 31
leaf_count=32 31 47 30 48 31 52 35 34 45 56 117 92 42 168 1248 35 37 390 62 163 37 31
internal_value=0 0.00303094 0.010467 0.000139143 -0.00427558 0.00613055 0.000789401 -4.89432e-05 -0.00126748 0.000158186 -7.88628e-05 0.00217158 0.0043617 6.16949e-05 -0.000368869 -0.00058446 0.00812612 0.00104636 -0.00116232 -0.00185504 0.00100245 0.00270403
internal_weight=0 275 77 198 114 84 66 2588 376 2212 1979 233 141 1923 1416 331 68 507 297 225 72 73
internal_count=2863 275 77 198 114 84 66 2588 376 2212 1979 233 141 1923 1416 331 68 507 297 225 72 73
is_linear=0
shrinkage=0.03


Tree=411
num_leaves=30
num_cat=0
split_feature=17 15 1 8 0 7 13 6 17 5 8 15 17 7 14 4 5 7 7 0 1 0 15 1 5 4 17 1 8
split_gain=3.07906 6.08226 7.3844 3.22845 2.58935 2.52656 3.27552 1.34366 0.531812 1.35688 1.69597 1.09712 0.656212 1.71205 1.56222 1.32955 1.8841 4.03376 1.3392 1.37412 1.05806 1.01024 0.815359 0.600164 0.526046 0.379965 0.297726 0.348991 0.169161
threshold=0.033675842696629217 10.228291011235957 0.18615000000000001 0.1867 0.38355000000000006 -0.31494999999999995 -3.8039471910112357 0.029500000000000002 0.014679775280898895 0.28440000000000004 0.19195000000000004 0.61460674157303441 -0.0048241573033707954 -0.33849999999999997 -0.2838134831460673 0.015200000000000002 0.31235000000000007 -0.31034999999999996 -0.32264999999999994 0.24995000000000003 0.034700000000000009 0.61050000000000015 -6.8223011235955049 0.036400000000000009 0.20865000000000003 0.37785000000000007 0.021285393258426991 0.043150000000000001 0.17075000000000004
decision_type=2 2 2 2 2 2 2 2 2 2 2 2 2 2 2 2 2 2 2 2 2 2 2 2 2 2 2 2 2
left_child=8 2 -2 4 -3 7 -7 -5 12 11 25 -10 15 21 24 16 17 -1 19 -17 -20 22 -14 -16 -15 28 -13 -28 -11
right_child=1 3 -4 5 -6 6 -8 -9 9 10 -12 26 13 14 23 18 -18 -19 20 -21 -22 -23 -24 -25 -26 -27 27 -29 -30
leaf_value=0.012971199487025539 0.017014292534898712 0.002028709363218226 -0.0013704561162739993 -0.0012254814365877332 0.011342563846936592 -0.0096355001076831141 -0.0012254814365877332 0.002028709363218226 0.0054637272407500334 -0.0011201034291255468 -0.0091617922628806393 -0.0011201034291255468 0.0011282500946327917 -0.0010791918587933797 0.0011282500946327917 -0.0013566724173921009 0.00052239921121845169 0.0022436214730657822 -0.0013566724173921009 0.00052239921121845169 -0.0039677206636869492 0.0078248005509376529 0.0037322732138757903 -0.00094470397270135921 -0.0060532373839057982 -0.0046491110312842547 0.0026114583054246999 -0.0011201034291255468 -0.0024856694716042563
leaf_weight=36 51 54 32 57 39 58 51 41 35 36 33 46 109 31 207 350 46 137 89 548 198 30 135 166 50 31 45 37 85
leaf_count=36 51 54 32 57 39 58 51 41 35 36 33 46 109 31 207 350 46 137 89 548 198 30 135 166 50 31 45 37 85
internal_value=0 0.00273873 0.0099262 0.000750194 0.00539322 -0.0013358 -0.00447967 0.00202871 -0.000151394 -0.00123877 -0.00299714 0.000756929 2.60951e-05 0.000757011 -0.000373206 -0.000352898 0.00179457 0.00396484 -0.000749772 -0.000179624 -0.00253372 0.00262971 0.00199096 0.000446867 -0.00414959 -0.00165876 -0.000530087 0.000832109 -0.0011201
internal_weight=0 383 83 300 93 207 109 98 2480 348 185 163 2132 728 454 1404 219 173 1185 898 287 274 244 373 81 152 128 82 121
internal_count=2863 383 83 300 93 207 109 98 2480 348 185 163 2132 728 454 1404 219 173 1185 898 287 274 244 373 81 152 128 82 121
is_linear=0
shrinkage=0.03


Tree=412
num_leaves=27
num_cat=0
split_feature=17 15 3 8 3 3 3 3 14 3 2 5 8 4 2 14 14 14 5 13 1 17 16 16 3 15
split_gain=2.9478 5.6867 11.0172 2.97811 2.44234 5.05421 2.32239 1.33435 2.62529 0.570428 1.22932 1.00568 0.845975 1.26714 1.52823 0.825657 0.808955 1.20378 1.27082 1.08918 0.808147 0.576181 0.516361 1.16885 0.430396 0.212487
threshold=0.033675842696629217 10.228291011235957 0.062800000000000009 0.1867 0.039250000000000007 0.011100000000000002 0.040500000000000008 0.11425 0.24095730337078661 0.22055000000000002 0.0018500000000000003 0.29645000000000005 0.16270000000000004 0.31405000000000005 0.27755000000000002 -0.12895393258426963 -0.015913483146067438 0.088001123595505673 0.25580000000000008 -0.16197977528089777 0.010150000000000001 0.0022775280898876264 -22.692750561797705 8.2705808988763483 0.31860000000000005 6.775791011235957
decision_type=2 2 2 2 2 2 2 2 2 2 2 2 2 2 2 2 2 2 2 2 2 2 2 2 2 2
left_child=9 2 -2 6 5 -5 -3 -6 -9 12 11 -11 13 14 15 -1 19 18 -18 25 -21 -19 24 -24 -13 -14
right_child=1 3 -4 4 7 -7 -8 8 -10 10 -12 22 16 -15 -16 -17 17 21 -20 20 -22 -23 23 -25 -26 -27
leaf_value=0.0044816141560323885 0.00074887436628341675 0.010959262353809255 0.023082254053178156 0.00066782452166080474 0.0019837519557199166 -0.014097841361208873 0.0019837519557199166 0.0019837519557199166 -0.0084399957819418468 0.0044319688929317638 -0.00601686249730762 -0.001816414697361844 0.00079174455137049867 0.00079174455137049867 0.0023466240389402688 0.0089377279148705434 0.00046639072311927964 0.00066931299292557545 -0.0035626418885436623 0.00079174455137049867 -0.0013398835512884997 -0.0015127229839321467 -0.0033120228935774655 -0.00026560292346403 0.0016254659868644148 -0.001529667182767298
leaf_weight=35 50 38 33 54 42 34 55 44 33 32 43 35 526 90 46 59 103 372 223 39 413 154 53 156 37 64
leaf_count=35 50 38 33 54 42 34 55 44 33 32 43 35 526 90 46 59 103 372 223 39 413 154 53 156 37 64
internal_value=0 0.00267859 0.00962841 0.000755807 -0.00124768 -0.00503709 0.00521519 0.00155457 -0.00200134 -0.000149257 -0.0012606 -0.000607183 3.70136e-05 0.00175512 0.0039015 0.0066166 -0.000171626 -0.000857284 -0.00228967 0.000389008 -0.000802821 3.0466e-05 -0.00118104 -0.00193585 0.00101001 0.000791745
internal_weight=0 383 83 300 207 88 93 119 77 2480 356 313 2124 230 140 94 1894 852 326 1042 452 526 281 209 72 590
internal_count=2863 383 83 300 207 88 93 119 77 2480 356 313 2124 230 140 94 1894 852 326 1042 452 526 281 209 72 590
is_linear=0
shrinkage=0.03


Tree=413
num_leaves=25
num_cat=0
split_feature=17 15 1 8 0 1 13 13 14 15 14 8 17 0 16 8 13 16 13 1 5 14 17 4
split_gain=2.81277 5.31928 6.74443 2.75268 2.37697 2.07295 1.56619 2.67947 0.488975 1.25716 4.46981 0.803033 1.87924 0.728234 0.982111 0.923711 1.28167 0.671343 0.604618 0.39786 0.168157 0.14156 0.120245 0.0106756
threshold=0.033675842696629217 10.228291011235957 0.18615000000000001 0.1867 0.38355000000000006 0.018300000000000004 -3.8039471910112357 -3.9629471910112359 0.63245730337078687 10.523291011235957 0.31913146067415737 0.18610000000000002 0.021285393258426991 0.24995000000000003 10.237249438202356 0.15470000000000003 -1.3098426966292125 43.358350561797756 -2.9322404494382037 0.031800000000000009 0.34515000000000001 -0.31731348314606733 0.015281460674157312 0.046000000000000006
decision_type=2 2 2 2 2 2 2 2 2 2 2 2 2 2 2 2 2 2 2 2 2 2 2 2
left_child=8 2 -2 4 -3 21 7 -7 9 13 11 22 -13 15 18 -1 -17 -16 -15 -10 23 -5 -11 -21
right_child=1 3 -4 5 -6 6 -8 -9 19 10 -12 12 -14 14 17 16 -18 -19 -20 20 -22 -23 -24 -25
leaf_value=-0.00036779975575423885 0.016113553588442943 0.0019389251720949628 -0.0014564960449934005 -0.00069266949954908334 0.01076326416232265 -0.0007260612908376624 -0.0007260612908376624 -0.010818182601533988 0.0046200110841422316 0.0022430356799935298 -0.0115681868361739 -0.0088628883185165527 -0.00080997496792814658 -0.00034658559139303329 -0.00036779975575423885 -0.0051124084927505458 -0.0012744421287077935 0.0020544528932525561 0.0015040163731916069 0.0020125761027297664 -0.0010236265351572498 0.0019389251720949628 0.0003172197859420116 0.0012372756719758564
leaf_weight=149 51 54 32 32 39 30 59 47 31 45 39 31 67 214 686 96 221 104 617 31 33 39 83 33
leaf_count=149 51 54 32 32 39 30 59 47 31 45 39 31 67 214 686 96 221 104 617 31 33 39 83 33
internal_value=0 0.002618 0.00933956 0.000758369 0.00504565 -0.0011678 -0.00339105 -0.00628036 -0.000144318 -0.000242589 -0.00218901 -0.000570474 -0.00261421 4.56014e-06 0.000305027 -0.00104063 -0.00218108 -0.0003678 0.00102745 0.00166141 0.000715879 0.00193893 0.000994264 0.00161281
internal_weight=0 383 83 300 93 207 136 77 2480 2352 265 226 98 2087 1621 466 317 790 831 128 97 71 128 64
internal_count=2863 383 83 300 93 207 136 77 2480 2352 265 226 98 2087 1621 466 317 790 831 128 97 71 128 64
is_linear=0
shrinkage=0.03


Tree=414
num_leaves=13
num_cat=0
split_feature=12 7 0 8 6 17 18 0 7 7 4 13
split_gain=3.19633 9.57568 11.533 0.594634 1.25278 1.05692 0.981102 0.860012 1.88767 1.2746 0.73447 0.0255284
threshold=-2.0460101123595478 -0.32339999999999997 0.24245000000000003 0.14055000000000004 -0.077549999999999994 -0.014058426966292127 4.5000000000000009 0.24995000000000003 -0.36449999999999994 -0.42254999999999993 0.015200000000000002 2.4782084269662925
decision_type=2 2 2 2 2 2 2 2 2 2 2 2
left_child=1 2 -1 5 6 -2 -5 9 -9 11 -10 -6
right_child=3 -3 -4 4 7 -7 -8 8 10 -11 -12 -13
leaf_value=0.0031000269032139555 0.00097547859905699206 -0.0049269214645028111 0.020326334884882252 -0.0021920122215007371 -0.00044157778473168644 0.005429767261513254 -0.0084410565742291509 0.00097547859905699206 0.00034213838853474092 -0.0021920122215007371 -0.00044157778473168644 -0.0013167950031162117
leaf_weight=30 66 56 53 30 213 55 30 359 442 173 1266 90
leaf_count=30 66 56 53 30 213 55 30 359 442 173 1266 90
internal_value=0 0.00465922 0.011127 -4.65385e-06 -0.000100219 0.00205118 -0.0043849 8.74788e-07 0.000265623 -0.00114878 -0.000291202 -0.000441578
internal_weight=0 139 83 2724 2603 121 60 2543 2067 476 1708 303
internal_count=2863 139 83 2724 2603 121 60 2543 2067 476 1708 303
is_linear=0
shrinkage=0.03


Tree=415
num_leaves=16
num_cat=0
split_feature=12 3 5 3 12 7 8 8 6 3 0 0 7 13 17
split_gain=2.38584 4.37741 6.03731 2.03258 1.28473 3.40237 0.909718 0.856623 1.09508 0.624931 2.82291 0.619592 1.11507 1.10275 0.228727
threshold=-2.084010112359548 0.015200000000000002 0.34595000000000004 0.098450000000000024 -1.9055101123595468 -0.3885499999999999 0.18735000000000004 0.14540000000000003 -0.077549999999999994 0.04735000000000001 0.10110000000000001 0.24995000000000003 -0.3885499999999999 -1.4773426966292147 -0.014058426966292127
decision_type=2 2 2 2 2 2 2 2 2 2 2 2 2 2 2
left_child=1 -1 3 -3 5 -2 -7 9 -9 10 -6 13 -13 -10 -11
right_child=4 2 -4 -5 7 6 -8 8 11 14 -12 12 -14 -15 -16
leaf_value=-0.0041722791478401274 0.003226062777851309 0.018479510349852426 -0.0031665474017180742 0.0075256300419569017 0.00098748307594427576 -0.0042490261711645872 -0.01145992155457216 -0.0041799174946480257 -0.0021117431754875786 0.00098748307594427576 0.010999953530051492 0.00098748307594427576 -0.00013902011150289731 -0.00048204590028149428 0.0036921405047178266
leaf_weight=41 42 31 31 30 54 32 31 59 109 35 33 167 1873 286 39
leaf_count=41 42 31 31 30 54 32 31 59 109 35 33 167 1873 286 39
internal_value=0 0.00398051 0.00761381 0.0130924 -0.000133224 -0.00338792 -0.00779724 -4.5073e-06 -0.000141422 0.00211639 0.00395787 -4.35689e-05 0.000167007 -0.0011311 0.000987483
internal_weight=0 133 92 61 2760 105 63 2655 2494 161 87 2435 2040 395 74
internal_count=2893 133 92 61 2760 105 63 2655 2494 161 87 2435 2040 395 74
is_linear=0
shrinkage=0.03


Tree=416
num_leaves=14
num_cat=0
split_feature=12 3 4 12 7 3 8 4 6 17 0 13 7
split_gain=2.24357 4.1187 3.3427 1.20966 3.20129 0.894798 0.768425 1.2351 1.03262 0.630532 0.594507 1.06115 1.05127
threshold=-2.084010112359548 0.015200000000000002 0.12895000000000004 -1.9055101123595468 -0.3885499999999999 0.030300000000000004 0.14540000000000003 0.16185000000000002 -0.077549999999999994 -0.0053241573033707959 0.24995000000000003 -1.4773426966292147 -0.3885499999999999
decision_type=2 2 2 2 2 2 2 2 2 2 2 2 2
left_child=1 -1 -3 4 -2 -6 7 -5 -8 -9 11 -10 -12
right_child=3 2 -4 6 5 -7 8 9 10 -11 12 -13 -14
leaf_value=-0.004047111051111686 0.0031292806632284603 0.013358092093522745 0.0019104284280911086 0.0074012430613079371 -0.0041544056040319528 -0.011313140988349913 -0.004054519957073538 0.00093633077072417239 -0.0020461890459588365 0.0041687869160160545 0.00093633077072417239 -0.00046736748390728338 -0.00013484951244905596
leaf_weight=41 42 44 48 31 33 30 59 92 109 38 167 286 1873
leaf_count=41 42 44 48 31 33 30 59 92 109 38 167 286 1873
internal_value=0 0.00386109 0.0073854 -0.000128105 -0.00328628 -0.00756333 -3.20495e-06 0.00200554 -0.000132879 0.000936331 -3.78581e-05 -0.00110315 0.000168411
internal_weight=0 133 92 2760 105 63 2655 161 2494 130 2435 395 2040
internal_count=2893 133 92 2760 105 63 2655 161 2494 130 2435 395 2040
is_linear=0
shrinkage=0.03


Tree=417
num_leaves=14
num_cat=0
split_feature=12 3 5 3 12 6 8 6 16 0 13 3 16
split_gain=2.10849 3.87529 5.63455 1.86227 1.13987 2.94576 0.700535 0.973815 0.70717 0.57074 1.02121 0.945007 0.551613
threshold=-2.084010112359548 0.015200000000000002 0.34595000000000004 0.098450000000000024 -1.9055101123595468 0.015400000000000002 0.14540000000000003 -0.077549999999999994 31.104215730336993 0.24995000000000003 -1.4773426966292147 0.033000000000000008 -10.932419101123626
decision_type=2 2 2 2 2 2 2 2 2 2 2 2 2
left_child=1 -1 3 -3 5 -2 8 -8 12 10 -9 -11 -6
right_child=4 2 -4 -5 6 -7 7 9 -10 11 -12 -13 -14
leaf_value=-0.0039256975454528154 -0.0078880365711769887 0.017613009189465834 -0.0032507264974617187 0.0071280712410807601 0.0041140754788648341 0.0021841231155760431 -0.0039328844123914589 -0.0019825812819430915 0.0055585697439587299 -0.00045311443822435889 -0.00045311443822435889 0.00083027110444643386 0.00089633250897108978
leaf_weight=41 56 31 31 30 48 49 59 109 37 1043 286 997 76
leaf_count=41 56 31 31 30 48 49 59 109 37 1043 286 997 76
internal_value=0 0.00374526 0.00716384 0.0124565 -0.000121983 -0.0031877 -7.402e-07 -0.000124554 0.00191722 -3.22782e-05 -0.00107605 0.000169826 0.000896333
internal_weight=0 133 92 61 2760 105 2655 2494 161 2435 395 2040 124
internal_count=2893 133 92 61 2760 105 2655 2494 161 2435 395 2040 124
is_linear=0
shrinkage=0.03


Tree=418
num_leaves=15
num_cat=0
split_feature=12 3 4 12 3 3 3 4 3 3 3 17 17 16
split_gain=1.98677 3.64626 3.05299 1.07054 2.11001 2.15149 0.641544 0.909362 1.33172 0.763977 5.66852 0.61918 0.368196 0.199679
threshold=-2.084010112359548 0.015200000000000002 0.12895000000000004 -1.9055101123595468 0.11255000000000003 0.030300000000000004 0.00040000000000000002 0.0087500000000000026 0.0059500000000000013 0.011600000000000001 0.010600000000000002 -0.034894382022471852 0.0011758426966292093 10.815749438202376
decision_type=2 2 2 2 2 2 2 2 2 2 2 2 2 2
left_child=1 -1 -3 4 5 -2 13 8 12 10 -9 -11 -8 -5
right_child=3 2 -4 6 -6 -7 7 9 -10 11 -12 -13 -14 -15
leaf_value=-0.0038079261961506631 -0.001544369749724865 0.012656925590920515 0.001716583902016282 -0.0048010818995535371 0.0029222126241241183 -0.012172314353287221 0.0035564934666145521 -0.00013714207828761081 0.0077024696383159608 -0.0015786382618996246 -0.011544757792509571 0.00034812642277251771 0.0010464562713475341 -0.0013397576860152184
leaf_weight=41 40 44 48 30 35 30 53 444 32 164 43 1772 87 30
leaf_count=41 40 44 48 30 35 30 53 444 32 164 43 1772 87 30
internal_value=0 0.0036329 0.00694892 -0.000121048 -0.00309206 -0.0060992 -3.55054e-06 6.73597e-05 0.00217518 -8.22667e-05 -0.00114439 0.000184909 0.00104646 -0.00307042
internal_weight=0 133 92 2760 105 70 2655 2595 172 2423 487 1936 140 60
internal_count=2893 133 92 2760 105 70 2655 2595 172 2423 487 1936 140 60
is_linear=0
shrinkage=0.03


Tree=419
num_leaves=24
num_cat=0
split_feature=12 3 5 3 15 3 12 17 3 3 6 15 15 3 15 15 12 15 8 6 1 17 3
split_gain=1.87104 3.43077 5.25912 1.7063 1.03615 1.8642 1.66776 1.45953 1.34101 1.14088 0.985926 0.887565 1.36076 1.18106 1.12848 0.934949 1.38677 1.15985 0.813458 1.66472 0.781078 0.758468 0.534057
threshold=-2.084010112359548 0.015200000000000002 0.34595000000000004 0.098450000000000024 0.53354101123595499 0.31860000000000005 -1.9055101123595468 0.025175842696629234 0.031000000000000003 0.22055000000000002 0.04370000000000001 -7.1730247191011234 -6.7057089887640435 0.29390000000000011 -10.055393258426964 -20.411350561797729 1.1047595505617986 -23.788350561797738 0.17230000000000004 -0.029149999999999999 0.011150000000000002 -0.017320224719101131 0.085450000000000012
decision_type=2 2 2 2 2 2 2 2 2 2 2 2 2 2 2 2 2 2 2 2 2 2 2
left_child=1 -1 3 -3 11 6 8 9 -6 -8 -7 14 -13 21 15 17 -17 -2 22 -20 -9 -14 -16
right_child=4 2 -4 -5 5 10 7 20 -10 -11 -12 12 13 -15 18 16 -18 -19 19 -21 -22 -23 -24
leaf_value=-0.0036936889080012715 0.00052702642380404209 0.0167896108305262 -0.0033211630276374277 0.0067533284276723856 -0.00090989053158498383 0.00032194106127409372 -0.0011986994484714446 0.0054359029888042384 -0.0080779095579954704 -0.0060715333810274271 0.007601152618246323 0.0069119721028421607 -0.0015583750826016357 -0.0034092738898470996 -0.00031432705528619949 0.0047111964918440203 0.00039035392019023984 -0.0040512131368741393 -0.0077780165111548021 -0.001204509724361053 0.00051203679782476209 0.0016299533081403101 0.0033765723040470709
leaf_weight=41 213 31 31 30 41 34 541 35 55 47 33 35 77 54 54 102 194 65 38 396 169 525 52
leaf_count=41 213 31 31 30 41 34 541 35 55 47 33 35 77 54 54 102 194 65 38 396 169 525 52
internal_value=0 0.00352391 0.00674045 0.0118537 -0.000119068 -0.000918193 -0.00128227 -0.000829631 -0.00501657 -0.00158819 0.00390722 0.000303738 0.00114841 0.000840899 -0.000220199 0.000705921 0.00187929 -0.000543425 -0.00120463 -0.00178007 0.00135682 0.00122214 0.00115142
internal_weight=0 133 92 61 2760 955 888 792 96 588 67 1805 691 656 1114 574 296 278 540 434 204 602 106
internal_count=2893 133 92 61 2760 955 888 792 96 588 67 1805 691 656 1114 574 296 278 540 434 204 602 106
is_linear=0
shrinkage=0.03


Tree=420
num_leaves=15
num_cat=0
split_feature=1 12 0 16 12 7 7 12 3 12 4 12 16 17
split_gain=1.28564 0.959043 0.670833 1.475 1.39129 1.4617 0.576931 0.497458 0.72925 0.539479 0.270857 0.465351 0.101089 0.0592226
threshold=0.0010500000000000002 -0.070382022471907377 0.072950000000000015 -40.204750561797702 -2.0460101123595478 -0.34549999999999997 -0.44479999999999992 -0.14738202247190732 0.12705000000000002 1.1047595505617986 0.32190000000000007 0.78690280898876541 23.844249438202329 -0.00071460674157303161
decision_type=2 2 2 2 2 2 2 2 2 2 2 2 2 2
left_child=1 -1 3 -2 5 -4 12 8 -8 -9 -5 13 -6 -12
right_child=2 -3 4 10 6 -7 7 9 -10 -11 11 -13 -14 -15
leaf_value=0.008103253273293377 -0.007450307550174849 0.001887275731701007 0.001887275731701007 -0.00091867432810723731 0.001887275731701007 -0.00091867432810723731 -0.00091867432810723731 0.00047386307187651205 0.0007576618690505059 -0.00074921444136829337 -0.0015398157695477547 -0.0044691831760740441 0.0007576618690505059 -0.0031514391551415127
leaf_weight=30 35 35 57 53 66 72 772 830 180 533 68 56 30 36
leaf_count=30 35 35 57 53 66 72 772 830 180 533 68 56 30 36
internal_value=0 0.0040213 -0.000246744 -0.00173601 -0.000101335 0.00188728 -0.000277329 -0.000371952 -0.000898155 -4.42036e-06 -0.000918674 -0.00216096 0.00188728 -0.00153982
internal_weight=0 65 2788 248 2540 129 2411 2315 952 1363 213 160 96 104
internal_count=2853 65 2788 248 2540 129 2411 2315 952 1363 213 160 96 104
is_linear=0
shrinkage=0.03


Tree=421
num_leaves=16
num_cat=0
split_feature=1 0 13 17 7 17 7 3 3 3 6 14 3 14 17
split_gain=1.19381 0.599394 1.46381 1.29177 1.50361 0.56728 0.559934 0.529564 1.00083 0.728648 0.431884 0.21093 0.183928 0.807213 0.160805
threshold=0.0010500000000000002 0.072950000000000015 -3.100240449438203 0.046605617977528137 -0.34549999999999997 0.0027814606741572994 -0.44479999999999992 0.045700000000000011 0.011100000000000002 0.12705000000000002 0.021150000000000006 -0.12895393258426963 0.11370000000000001 0.17668651685393275 -0.011820224719101128
decision_type=2 2 2 2 2 2 2 2 2 2 2 2 2 2 2
left_child=5 2 -2 6 -5 -1 11 8 -8 -9 -6 -3 -4 14 -14
right_child=1 3 12 4 10 -7 7 9 -10 -11 -12 -13 13 -15 -16
leaf_value=0.0018222171065871006 -0.0071627360481668154 0.00071862499339785558 -0.0008693209713961079 0.0018222171065871006 -0.0008693209713961079 0.0067008056914941829 -0.00082687588155488316 -0.0008693209713961079 0.00071862499339785558 0.00037790544527490131 0.00047644806759549634 0.0018222171065871006 -0.0008693209713961079 -0.0062577558296822728 -0.0026457139374093802
leaf_weight=32 37 42 84 71 30 33 626 591 623 422 81 54 49 31 47
leaf_count=32 37 42 84 71 30 33 626 591 623 422 81 54 49 31 47
internal_value=0 -0.000234176 -0.00164191 -9.67274e-05 0.00182222 0.00387861 -0.000289562 -0.000384967 2.87106e-05 -0.000869321 -0.000869321 0.00182222 -0.000869321 -0.00203848 -0.000869321
internal_weight=0 2788 248 2540 182 65 2358 2262 1249 1013 111 96 211 127 96
internal_count=2853 2788 248 2540 182 65 2358 2262 1249 1013 111 96 211 127 96
is_linear=0
shrinkage=0.03


Tree=422
num_leaves=17
num_cat=0
split_feature=1 15 4 3 13 3 17 13 15 16 13 8 13 8 1 15
split_gain=1.11495 1.0396 0.603328 2.75915 4.27125 2.775 1.19503 1.13751 0.814917 0.689978 0.349727 0.496761 0.314131 0.925252 0.142559 0.134475
threshold=0.0010500000000000002 -0.61430112359550548 0.22315000000000004 0.085450000000000012 -1.4773426966292147 0.075750000000000012 0.046605617977528137 -3.8039471910112357 -9.9038932584269634 -50.577649438202279 2.8003550561797748 0.17815000000000003 -2.8697404494382037 0.18650000000000003 0.34970000000000007 -21.139350561797738
decision_type=2 2 2 2 2 2 2 2 2 2 2 2 2 2 2 2
left_child=1 -1 6 4 -4 -6 8 -8 10 -5 14 -12 13 -10 -2 -11
right_child=2 -3 3 9 5 -7 7 -9 12 15 11 -13 -14 -15 -16 -17
leaf_value=0.0017623193280816483 0.0017623193280816483 0.007964175267205123 -0.012448878541588783 -0.004006786969756441 -0.00045624623900009933 -0.0092264515229246846 -0.00045624623900009933 0.0017623193280816483 0.0017623193280816483 -0.0033127075449817557 0.0017623193280816483 -0.00040030356875175367 -0.00045624623900009933 -0.00045624623900009933 -0.00042986362613737584 -0.00045624623900009933
leaf_weight=34 133 31 45 56 57 33 82 69 152 55 63 230 1082 200 30 501
leaf_count=34 133 31 45 56 57 33 82 69 152 55 63 230 1082 200 30 501
internal_value=0 0.00374964 -0.000225 -0.000954479 -0.00490236 -0.0011291 4.19869e-05 0.00176232 -0.000178056 -0.000456246 0.000932692 0.000297591 -0.000456246 0.000452656 0.00176232 -0.000456246
internal_weight=0 65 2788 747 135 90 2041 151 1890 612 456 293 1434 352 163 556
internal_count=2853 65 2788 747 135 90 2041 151 1890 612 456 293 1434 352 163 556
is_linear=0
shrinkage=0.03


Tree=423
num_leaves=18
num_cat=0
split_feature=3 3 12 13 3 4 6 18 3 15 17 0 7 17 14 18 0
split_gain=0.657335 2.83662 2.33725 1.05013 0.84633 2.53805 4.77458 6.80692 2.38181 1.95127 3.38773 0.743188 0.708472 1.82719 0.835486 0.559173 0.0595581
threshold=0.31860000000000005 0.30785000000000007 -0.72932752808988954 -0.47297977528089769 0.12705000000000002 0.22315000000000004 0.022850000000000006 5.5000000000000009 0.13615000000000002 3.0270623595505683 0.016777528089887642 0.072950000000000015 -0.35874999999999996 0.033675842696629217 -0.10782359550561792 3.5000000000000004 0.30040000000000006
decision_type=2 2 2 2 2 2 2 2 2 2 2 2 2 2 2 2 2
left_child=1 4 -2 -4 5 9 7 -7 -6 10 -1 -5 13 -10 -14 -11 -8
right_child=2 -3 3 11 8 6 16 -9 12 15 -12 -13 14 -15 -16 -17 -18
leaf_value=0.000318718181261872 0.0066548093668136153 -0.0073183044182136654 -0.0054693779445463614 -0.0019632991836514586 0.0089602148334961378 -0.0041512325544432781 -0.0041512325544432781 -0.017897994140019781 0.00040536792648686884 0.00097148833623577951 0.0062722932723080433 0.0034409110711849464 2.7408815921457702e-05 0.0075502579608881792 -0.003629083134441611 -0.0013185470954748917 -0.0013185470954748917
leaf_weight=1146 57 50 31 43 32 116 55 39 249 96 93 49 66 37 74 489 131
leaf_count=1146 57 50 31 43 32 116 55 39 249 96 93 49 66 37 74 489 131
internal_value=0 -0.000239876 0.00163309 -0.000694048 -0.000104946 -0.0003528 -0.00272842 -0.00698392 0.00106668 9.13271e-05 0.000765597 0.00091503 0.000473736 0.00132971 -0.00127489 -0.00131855 -0.00131855
internal_weight=0 2673 180 123 2623 2165 341 155 458 1824 1239 92 426 286 140 585 186
internal_count=2853 2673 180 123 2623 2165 341 155 458 1824 1239 92 426 286 140 585 186
is_linear=0
shrinkage=0.03


Tree=424
num_leaves=12
num_cat=0
split_feature=1 15 1 17 7 3 4 8 17 7 4
split_gain=1.00272 0.974328 0.569421 1.35866 0.867955 1.29151 0.695712 3.2333 1.21988 0.605462 0.352399
threshold=0.0010500000000000002 -0.61430112359550548 0.034700000000000009 0.055605617977528117 -0.29124999999999995 0.11670000000000001 0.22315000000000004 0.19365000000000002 0.04344550561797756 -0.33669999999999994 0.023350000000000003
decision_type=2 2 2 2 2 2 2 2 2 2 2
left_child=1 -1 4 6 5 -2 9 8 -8 -4 -11
right_child=2 -3 3 -5 -6 -7 7 -9 -10 10 -12
leaf_value=0.0016860519433289532 0.0016860519433289532 0.00766387888620938 1.6929369070463156e-06 -0.0053540982685983179 1.6929369070463156e-06 0.00069150518742349103 -0.00062259878221932114 -0.010501911838073284 -0.005589082592854685 -0.00031045292265613743 -0.00062259878221932114
leaf_weight=34 192 31 542 50 299 313 486 32 33 310 531
leaf_count=34 192 31 542 50 299 313 486 32 33 310 531
internal_value=0 0.00357069 -0.00019859 -0.000471519 0.000474905 0.00138132 -0.000345289 -0.00124689 -0.000676253 1.69294e-06 -0.000622599
internal_weight=0 65 2788 1984 804 505 1934 551 519 1383 841
internal_count=2853 65 2788 1984 804 505 1934 551 519 1383 841
is_linear=0
shrinkage=0.03


Tree=425
num_leaves=16
num_cat=0
split_feature=3 3 12 12 1 7 7 3 3 0 3 18 12 16 3
split_gain=1.07401 2.024 1.91713 0.916229 0.851176 2.75074 0.72589 2.08176 3.36887 1.82783 1.30593 0.617636 0.603974 0.522276 0.370621
threshold=0.31860000000000005 0.29390000000000011 -1.0029707865168562 1.1047595505617986 0.51270000000000016 -0.41499999999999998 -0.33669999999999994 0.031000000000000003 0.026800000000000004 0.61050000000000015 0.04735000000000001 4.5000000000000009 0.15421685393258325 7.7131404494380726 0.012550000000000002
decision_type=2 2 2 2 2 2 2 2 2 2 2 2 2 2 2
left_child=1 4 -2 12 6 -6 7 8 -1 -9 14 -3 -4 -7 -8
right_child=2 11 3 -5 5 13 10 9 -10 -11 -12 -13 -14 -15 -16
leaf_value=0.00081336965987059055 0.0084193601661494803 -0.0026724061859567882 0.0011981576096651884 0.0046399608392872519 -0.0010840766414986498 -0.010383031521473201 -0.00064647039728707846 9.9603662238865621e-05 0.010325506993436387 0.0045317914536488904 -0.0010840766414986498 -0.008613988434550383 -0.0033775898525392279 -0.0049193474004277961 9.9603662238865621e-05
leaf_weight=106 35 32 58 37 114 31 619 726 49 84 353 31 47 32 474
leaf_count=106 35 32 58 37 114 31 619 726 49 84 353 31 47 32 474
internal_value=0 -0.000283123 0.00213052 0.000580458 -0.00015379 -0.00216178 -6.37669e-06 0.000630827 0.00382043 9.96037e-05 -0.00043162 -0.00559604 -0.000850034 -0.00760783 9.96037e-05
internal_weight=0 2651 177 142 2588 177 2411 965 155 810 1446 63 105 63 1093
internal_count=2828 2651 177 142 2588 177 2411 965 155 810 1446 63 105 63 1093
is_linear=0
shrinkage=0.03


Tree=426
num_leaves=20
num_cat=0
split_feature=3 3 13 3 16 4 7 1 7 3 17 3 7 0 13 17 17 14 14
split_gain=1.01156 1.9035 1.71251 0.785142 1.90043 1.44411 2.57638 1.27389 1.83771 9.48512 1.81944 1.86944 1.21085 0.97778 0.675142 0.977424 0.532117 0.473966 0.303232
threshold=0.31860000000000005 0.29390000000000011 -1.8418426966292143 0.11865000000000002 23.844249438202329 0.10385000000000001 -0.34824999999999995 0.033250000000000009 -0.29519999999999996 0.048450000000000007 0.055605617977528117 0.11275000000000002 -0.33544999999999997 0.35520000000000002 2.8003550561797748 -0.011820224719101128 -0.0013202247191011205 -0.026868539325842707 0.24095730337078661
decision_type=2 2 2 2 2 2 2 2 2 2 2 2 2 2 2 2 2 2 2
left_child=1 3 -2 7 5 17 -7 8 9 -1 11 -9 13 -6 15 -4 -3 -5 -10
right_child=2 16 14 4 12 6 -8 10 18 -11 -12 -13 -14 -15 -16 -17 -18 -19 -20
leaf_value=0.016631591320719296 0.0067695355542004105 -0.0027144706403123562 0.0026316750611966614 0.0087957407889718356 -0.0023505508991611469 0.0023172539599139348 -0.006870750196713714 -0.00042793560665699233 3.4026791379452911e-05 0.0017787025349514066 -0.0074953091330826286 -0.0051378782393876462 -0.0061777190534715977 0.0030705036601640892 0.0040642730134629428 -0.0035318433591409733 -0.0082293889094744964 0.0037904324760601907 0.0017787025349514066
leaf_weight=41 50 32 39 33 77 241 31 1460 255 126 36 80 41 49 31 57 31 30 88
leaf_count=41 50 32 39 33 77 241 31 1460 255 126 36 80 41 49 31 57 31 30 88
internal_value=0 -0.000275814 0.00206661 -0.000150389 0.00091478 0.00221804 0.00127009 -0.000406724 0.00089651 0.00352338 -0.000828456 -0.000672608 -0.00169955 -0.000242363 0.000215061 -0.00102791 -0.00542816 0.00631077 3.40268e-05
internal_weight=0 2651 177 2588 502 335 272 2086 510 167 1576 1540 167 126 127 96 63 63 343
internal_count=2828 2651 177 2588 502 335 272 2086 510 167 1576 1540 167 126 127 96 63 63 343
is_linear=0
shrinkage=0.03


Tree=427
num_leaves=18
num_cat=0
split_feature=12 5 14 12 1 17 12 17 1 7 8 1 7 1 7 17 5
split_gain=1.01322 4.56771 3.48474 1.3578 3.4686 0.730458 1.24933 3.43999 1.56902 0.970674 0.742894 1.49691 0.740988 0.575349 0.507311 0.496477 0.260925
threshold=-2.084010112359548 0.30175000000000007 0.27495730337078667 -1.911510112359547 0.15380000000000002 -0.004324157303370795 1.1112595505617977 -0.0030544943820224597 0.035750000000000011 -0.43159999999999993 0.20145000000000005 0.024900000000000002 -0.3098999999999999 0.043150000000000001 -0.3098999999999999 -0.015320224719101131 0.23045000000000002
decision_type=2 2 2 2 2 2 2 2 2 2 2 2 2 2 2 2 2
left_child=1 2 -1 4 -2 10 7 -7 12 -9 13 -12 -8 15 -15 -5 -10
right_child=3 -3 -4 5 -6 6 8 9 16 -11 11 -13 -14 14 -16 -17 -18
leaf_value=-0.0035448737905579963 0.0097612151798120751 -0.0092689171257344157 0.009397996027361263 0.0018166902502461408 -0.0020904765221411766 0.010452760756015778 0.0042898660283648381 0.0039562453934227802 -0.0034908154997974634 0.0002216750762949111 -0.0018010516616241211 -0.0085009558389292049 -0.0016852211696591149 -0.00041565703943644353 -0.0018010516616241211 4.894692333276886e-05 -0.0072557274720354663
leaf_weight=40 43 55 33 195 46 32 31 67 30 962 59 34 47 861 184 72 37
leaf_count=40 43 55 33 195 46 32 31 67 30 962 59 34 47 861 184 72 37
internal_value=0 -0.00273993 0.00217917 -8.27085e-06 0.00363562 -0.000132479 0.000409123 0.000766077 -0.0022028 0.00046484 -0.000597369 -0.0031884 0.000689493 -0.000413707 -0.00073126 0.000829154 -0.00556995
internal_weight=0 128 73 2700 89 2611 1206 1061 145 1029 1405 93 78 1312 1045 267 67
internal_count=2828 128 73 2700 89 2611 1206 1061 145 1029 1405 93 78 1312 1045 267 67
is_linear=0
shrinkage=0.03


Tree=428
num_leaves=19
num_cat=0
split_feature=12 5 13 12 3 17 12 17 3 7 3 7 12 5 16 14 17 14
split_gain=0.954003 4.29482 3.28226 1.27846 3.01658 0.690674 1.1755 3.23669 0.947023 2.54155 2.83627 0.913307 0.910124 1.56889 1.12261 0.535996 0.463328 0.0977234
threshold=-2.084010112359548 0.30175000000000007 -3.8039471910112357 -1.911510112359547 0.016050000000000005 -0.004324157303370795 1.1112595505617977 -0.0030544943820224597 0.045700000000000011 -0.35244999999999999 0.063600000000000004 -0.43159999999999993 0.82240280898876439 0.39340000000000003 9.1191651685393271 0.3460865168539326 -0.0022185393258427051 0.39250112359550565
decision_type=2 2 2 2 2 2 2 2 2 2 2 2 2 2 2 2 2 2
left_child=1 2 -1 4 -2 8 7 -7 12 15 -11 -9 14 -14 -5 -10 -8 -18
right_child=3 -3 -4 5 -6 6 16 11 9 10 -12 -13 13 -15 -16 -17 17 -19
leaf_value=-0.003440430190808523 -0.0040281461491700138 -0.0089908493594689793 0.0091160561347549615 0.00035464007061617483 0.0075644095672358722 0.010139177961973472 -0.0043709950393311815 0.0038375580187803553 -0.00072218042529318381 -0.010857338502031305 -0.0023262129002198442 0.00021502483960094893 0.0023682138757563239 -0.0027123602402760929 -0.0029085554003162144 0.0019093565966408384 2.7088382938767178e-05 -0.0019400616803365511
leaf_weight=40 31 55 33 271 58 32 53 67 386 46 138 962 264 69 146 85 51 41
leaf_count=40 31 55 33 271 58 32 53 67 386 46 138 962 264 69 146 85 51 41
internal_value=0 -0.0026599 0.00210999 -9.27286e-06 0.00352655 -0.000129797 0.000396849 0.000743095 -0.000581851 -0.00141529 -0.00440515 0.000450894 0.000146019 0.00131548 -0.00078787 -0.000247275 -0.00213672 -0.000849576
internal_weight=0 128 73 2700 89 2611 1206 1061 1405 655 184 1029 750 333 417 471 145 92
internal_count=2828 128 73 2700 89 2611 1206 1061 1405 655 184 1029 750 333 417 471 145 92
is_linear=0
shrinkage=0.03


Tree=429
num_leaves=16
num_cat=0
split_feature=12 5 13 17 17 12 17 8 8 12 4 5 7 17 14
split_gain=0.899202 4.03816 3.09161 1.24064 0.703318 1.13128 3.02477 0.918737 0.676191 0.985069 0.504204 1.5211 0.829582 0.435945 0.091948
threshold=-2.084010112359548 0.30175000000000007 -3.8039471910112357 0.051105617977528113 -0.004324157303370795 1.1112595505617977 -0.0030544943820224597 0.19550000000000003 0.20145000000000005 0.82240280898876439 0.015200000000000002 0.31235000000000007 -0.3885499999999999 -0.0022185393258427051 0.39250112359550565
decision_type=2 2 2 2 2 2 2 2 2 2 2 2 2 2 2
left_child=1 2 -1 4 8 6 -6 -8 10 -10 11 -2 -12 -7 -15
right_child=3 -3 -4 -5 5 13 7 -9 9 -11 12 -13 -14 14 -16
leaf_value=-0.0033391043310834192 0.00312478225499105 -0.0087211241918531326 0.0088425748287276791 0.0042936093048823957 0.0098350026668049383 -0.0042398651084809931 0.0010690766143686761 -0.00083719704506266012 -0.0069678544650148399 -0.0017125566263901297 0.00014068514571849127 0.00014068514571849127 -0.0013696441044459069 2.6275809470783261e-05 -0.0018818598599513855
leaf_weight=40 169 55 33 59 32 53 728 331 38 55 467 48 628 51 41
leaf_count=40 169 55 33 59 32 53 728 331 38 55 467 48 628 51 41
internal_value=0 -0.00258226 0.00204292 -8.8846e-06 -0.000105002 0.000416963 0.000747842 0.000473254 -0.000564184 -0.00303615 -0.00038896 0.000932137 -0.000650767 -0.00207261 -0.000824089
internal_weight=0 128 73 2700 2641 1236 1091 1059 1405 93 1312 217 1095 145 92
internal_count=2828 128 73 2700 2641 1236 1091 1059 1405 93 1312 217 1095 145 92
is_linear=0
shrinkage=0.03


Tree=430
num_leaves=24
num_cat=0
split_feature=12 1 3 3 14 16 12 3 3 3 3 3 3 3 4 16 0 3 16 12 14 14 3
split_gain=1.26532 2.23418 4.83497 11.3809 5.32626 0.723852 1.25447 0.686997 1.63252 1.60433 2.64907 1.61631 1.17739 1.06653 0.885215 0.673142 0.546771 0.678822 0.446575 0.353488 0.287943 0.258279 0.0662162
threshold=-1.911510112359547 0.38980000000000009 0.015200000000000002 0.045700000000000011 0.24095730337078661 43.358350561797756 2.0448039325842733 0.012550000000000002 0.010600000000000002 0.021000000000000001 0.018950000000000005 0.016650000000000002 0.028200000000000006 0.037750000000000006 0.04370000000000001 31.104215730336993 0.53320000000000001 0.012550000000000002 7.1178606741572716 0.84248988764045241 -0.0049134831460674313 0.029631460674157343 0.1082
decision_type=2 2 2 2 2 2 2 2 2 2 2 2 2 2 2 2 2 2 2 2 2 2 2
left_child=1 2 -1 -4 -5 7 16 8 14 10 11 -9 20 -14 15 -2 19 -18 -10 -7 -11 -16 -8
right_child=5 -3 3 4 -6 6 22 9 18 12 -12 -13 13 -15 21 -17 17 -19 -20 -21 -22 -23 -24
leaf_value=-0.00073787701215518881 0.00022041173553496182 -0.0048553740563137193 0.020694184058198804 0.010985067830862182 -0.00073787701215518881 -0.0017342956296422264 -0.003068726372505937 0.0038815655938328007 -0.0033584976556801029 -0.0024268843587487935 0.0092720922175794831 -0.0016083552504820877 0.0024147977158316368 -0.00047654899260586261 -0.0050317413908933118 -0.0019553780796368663 0.0022859791885249644 0.006220780883550419 -0.0084929230294656013 0.002250501405009452 -0.0060052895814399513 -0.0019553780796368663 -0.0012362119475922858
leaf_weight=58 431 35 38 38 60 33 35 86 31 50 40 110 126 1294 49 59 54 58 30 51 34 30 36
leaf_count=58 431 35 38 38 60 33 35 86 31 50 40 110 126 1294 49 59 54 58 30 51 34 30 36
internal_value=0 0.002121 0.00337962 0.00675747 0.00135343 -0.000203807 0.00127704 -0.000370636 -0.00121948 -6.32958e-05 0.00223635 0.000800488 -0.000424145 -0.000219993 -0.00071946 -0.000244338 0.00251468 0.00388691 -0.00588362 0.000685045 -0.00387529 -0.00366642 -0.00213956
internal_weight=0 229 194 136 98 2637 267 2370 630 1740 236 196 1504 1420 569 490 196 112 61 84 84 79 71
internal_count=2866 229 194 136 98 2637 267 2370 630 1740 236 196 1504 1420 569 490 196 112 61 84 84 79 71
is_linear=0
shrinkage=0.03


Tree=431
num_leaves=23
num_cat=0
split_feature=12 1 3 3 14 7 0 3 3 1 1 16 3 16 3 4 3 3 4 7 17 5
split_gain=1.12916 2.06478 4.57213 10.7925 5.06238 0.793898 1.93688 1.06339 6.04709 1.45298 1.04176 0.958377 1.04469 1.16071 0.880529 2.60747 0.586496 4.0969 2.05728 0.200372 0.18825 0.0483592
threshold=-1.911510112359547 0.38980000000000009 0.015200000000000002 0.045700000000000011 0.24095730337078661 -0.34889999999999993 0.57005000000000006 0.045700000000000011 0.063600000000000004 0.10740000000000001 0.19720000000000001 8.2705808988763483 0.06795000000000001 10.815749438202376 0.12005000000000002 0.13030000000000003 0.011100000000000002 0.010150000000000001 0.04370000000000001 -0.44029999999999997 -0.0067146067415730362 0.40000000000000008
decision_type=2 2 2 2 2 2 2 2 2 2 2 2 2 2 2 2 2 2 2 2 2 2
left_child=1 2 -1 -4 -5 6 11 16 9 -9 -8 19 21 -14 -10 -16 17 18 -7 20 -2 -13
right_child=5 -3 3 4 -6 7 10 8 14 -11 -12 12 13 -15 15 -17 -18 -19 -20 -21 -22 -23
leaf_value=-0.00075139248857822609 0.0010378607072489777 -0.004709713007722582 0.020073358718501893 0.010655515776260904 -0.00075139248857822609 -0.00014261324985070399 0.0077966168728914667 -0.0042201366778463123 -0.00014261324985070399 -0.012603257626143036 0.0023203639335768805 0.0023203639335768805 0.0023203639335768805 -0.00014261324985070399 -0.00017342085183782318 -0.010372053081635385 -0.00014261324985070399 -0.011543882267433218 -0.0068819303493936395 -0.00014261324985070399 0.0023203639335768805 0.00088768645338232392
leaf_weight=58 59 35 38 38 60 464 47 30 203 49 43 36 46 368 91 30 520 32 42 393 68 116
leaf_count=58 59 35 38 38 60 464 47 30 203 49 43 36 46 368 91 30 520 32 42 393 68 116
internal_value=0 0.00199696 0.00320693 0.00650169 0.0012392 -0.000199203 0.000380987 -0.000666214 -0.0019776 -0.00941979 0.00461023 3.04973e-05 0.00111493 0.000256961 -0.000162995 -0.00270201 -0.000166696 -0.00113371 -0.000475356 -0.000142613 0.00221833 0.00232036
internal_weight=0 229 194 136 98 2637 1176 1461 403 79 90 1086 566 414 324 121 1058 538 506 520 127 152
internal_count=2866 229 194 136 98 2637 1176 1461 403 79 90 1086 566 414 324 121 1058 538 506 520 127 152
is_linear=0
shrinkage=0.03


Tree=432
num_leaves=24
num_cat=0
split_feature=12 7 0 13 7 3 7 0 3 3 1 1 8 3 3 5 3 3 8 3 3 7 3
split_gain=0.998019 2.02547 3.15827 3.81223 8.04588 0.990735 0.703841 1.81679 0.99495 5.72532 1.36711 0.989309 0.943595 0.844724 1.54047 1.14226 0.549751 3.85966 0.409979 0.378069 0.32135 0.293628 0.244098
threshold=-1.911510112359547 -0.29179999999999995 0.11895000000000001 -3.8039471910112357 -0.34549999999999997 0.049800000000000004 -0.34889999999999993 0.57005000000000006 0.045700000000000011 0.063600000000000004 0.10740000000000001 0.19720000000000001 0.20245000000000005 0.06795000000000001 0.033000000000000008 0.40000000000000008 0.011100000000000002 0.010150000000000001 0.20000000000000004 0.0039500000000000013 0.15055000000000004 -0.46034999999999998 0.13735000000000003
decision_type=2 2 2 2 2 2 2 2 2 2 2 2 2 2 2 2 2 2 2 2 2 2 2
left_child=1 2 -1 5 -5 -4 7 13 16 10 -10 -9 20 14 15 -2 17 19 -18 -8 -11 22 -15
right_child=6 -3 3 4 -6 -7 8 11 9 12 -12 -13 -14 21 -16 -17 18 -19 -20 -21 -22 -23 -24
leaf_value=-0.00091216752079012085 0.0022370847573541749 -0.0048796498709741763 0.0067102401909676004 0.019749689350585239 0.0020990386313556554 0.0020990386313556554 -0.0001342143190170875 0.0075627185023845502 -0.0040935325706377623 -0.0001342143190170875 -0.012225160017533569 0.0022370847573541749 -0.0044309292150580357 0.0022370847573541749 0.0022370847573541749 -0.0001342143190170875 -0.0001342143190170875 -0.011197565541369841 -0.0036156621487634121 -0.0015783935779596658 -0.0022825717670375621 -0.0001342143190170875 0.00064203833683683538
leaf_weight=32 31 34 47 39 32 45 318 47 30 221 49 43 46 36 122 152 449 32 71 188 57 616 129
leaf_count=32 31 34 47 39 32 45 318 47 30 221 49 43 46 36 122 152 449 32 71 188 57 616 129
internal_value=0 0.0018772 0.00305531 0.00511024 0.0104141 0.00209904 -0.000187497 0.000358795 -0.000627223 -0.00189571 -0.0091372 0.00445482 -0.000134214 1.93445e-05 0.00147096 -0.000134214 -0.000144046 -0.0010933 -0.000134214 -0.000454296 -0.000134214 -0.000134214 0.00141829
internal_weight=0 229 195 163 71 92 2637 1176 1461 403 79 90 324 1086 305 183 1058 538 520 506 278 781 165
internal_count=2866 229 195 163 71 92 2637 1176 1461 403 79 90 324 1086 305 183 1058 538 520 506 278 781 165
is_linear=0
shrinkage=0.03


Tree=433
num_leaves=17
num_cat=0
split_feature=7 17 4 5 8 4 16 17 16 14 13 16 16 14 7 7
split_gain=0.85931 2.22085 6.28087 1.65907 4.26087 1.93664 1.63158 1.6492 1.52078 0.679895 0.44725 0.4379 0.544679 0.435819 0.241671 0.00408173
threshold=-0.34549999999999997 0.046605617977528137 0.26255000000000001 0.31235000000000007 0.17880000000000004 0.12895000000000004 32.123080898876317 -0.026054494382022435 7.1178606741572716 0.4226764044943821 2.8250528089887639 24.028249438202298 43.358350561797756 0.63245730337078687 -0.4713 -0.50119999999999987
decision_type=2 2 2 2 2 2 2 2 2 2 2 2 2 2 2 2
left_child=1 6 -3 5 -5 11 9 13 -6 14 -9 -2 -13 -8 15 -1
right_child=3 2 -4 4 8 -7 7 10 -10 -11 -12 12 -14 -15 -16 -17
leaf_value=0.0027738722258557873 1.0736687173194693e-05 0.014120739687234164 1.0736687173194693e-05 -0.0019784168269425416 -0.01481003095846503 -0.0019784168269425416 1.0736687173194693e-05 0.0081635952240057211 -0.005957377287283773 0.0034221500810235738 0.0035824100955334655 -0.0009838400698846735 1.0736687173194693e-05 0.0028708973583868808 1.0736687173194693e-05 0.0023280965698282479
leaf_weight=36 881 40 45 63 31 99 74 44 36 60 34 285 124 54 922 38
leaf_count=36 881 40 45 63 31 99 74 44 36 60 34 285 124 54 922 38
internal_value=0 0.000531142 0.00522486 -0.000509669 -0.00375048 -0.000206353 0.000215004 0.00272807 -0.00993634 1.07367e-05 0.00616667 1.07367e-05 -0.00098384 0.000632674 1.07367e-05 0.00254496
internal_weight=0 1347 85 1519 130 1389 1262 206 67 1056 78 1290 409 128 996 74
internal_count=2866 1347 85 1519 130 1389 1262 206 67 1056 78 1290 409 128 996 74
is_linear=0
shrinkage=0.03


Tree=434
num_leaves=31
num_cat=0
split_feature=12 3 3 5 3 3 12 7 3 13 7 14 3 5 4 13 3 13 17 7 14 14 18 17 7 13 3 12 3 3
split_gain=0.809291 2.06983 7.05192 7.79449 13.7162 0.627559 0.616778 1.07055 1.00179 0.844085 0.742439 1.76745 2.52282 1.14446 0.707562 2.28522 1.11089 1.13454 0.764715 0.610957 0.594696 0.567765 0.549933 0.667027 1.41472 1.0382 0.381152 0.27618 0.230368 0.182585
threshold=-1.911510112359547 0.0070500000000000007 0.015200000000000002 0.34515000000000001 0.04735000000000001 0.11965000000000002 0.05071685393258641 -0.44029999999999997 0.13735000000000003 1.7265202247191029 -0.34889999999999993 -0.10782359550561792 0.22055000000000002 0.31235000000000007 0.12835000000000002 -1.3398426966292136 0.036800000000000006 -0.51036011235955125 -0.034894382022471852 -0.32039999999999996 0.45004606741573044 -0.13795393258426963 3.5000000000000004 -0.0053241573033707959 -0.29994999999999994 -2.011842696629214 0.011100000000000002 -0.84897078651685465 0.31860000000000005 0.17060000000000003
decision_type=2 2 2 2 2 2 2 2 2 2 2 2 2 2 2 2 2 2 2 2 2 2 2 2 2 2 2 2 2 2
left_child=1 -1 -3 4 -4 -6 7 8 -2 14 11 12 -11 21 16 -16 19 -18 -17 -8 -13 -12 26 24 -24 -25 27 -9 -10 -28
right_child=6 2 3 -5 5 -7 9 22 28 10 13 20 -14 -15 15 18 17 -19 -20 -21 -22 -23 23 25 -26 -27 29 -29 -30 -31
leaf_value=0.00770483244742666 0.0064741845158013426 -0.012733861058950424 0.023431988449164613 -0.0061553041934967042 0.0049427709758684442 0.00086256875646402009 0.0039776414800680388 -0.0034606859849121135 0.000521188007090767 0.0090647824108600616 -0.0027247661299613208 -0.00026045493157711436 -0.00026045493157711436 -0.0048863843757481797 -0.00614511846980833 -0.0037221157519767684 0.0093641881849616769 0.0026368489455186076 0.00086283650699712719 0.00086283650699712719 0.0018530891722766682 -0.00026045493157711436 -0.0017280883178978923 -0.00200234977793703 -0.0082647286632800375 0.000521188007090767 0.000521188007090767 0.00029976118676131589 0.0030598608455197377 -0.0017782712561657298
leaf_weight=42 33 31 34 55 37 30 57 39 49 48 67 240 31 63 47 36 30 91 120 172 120 373 173 316 36 243 151 32 33 37
leaf_count=42 33 31 34 55 37 30 57 39 49 48 67 240 31 63 47 36 30 91 120 172 120 373 173 316 36 243 151 32 33 37
internal_value=0 0.00168662 0.000334937 0.00293194 0.00788044 0.000862569 -0.000172634 -0.000697584 0.00204733 0.000228365 -0.000317808 0.000583717 0.00464826 -0.00110463 0.00115874 -0.000250315 0.00197599 0.00430478 0.000862837 0.000862837 -0.000260455 -0.000563148 -0.00100495 -0.00140809 -0.00285402 -0.000867489 0.000190473 -0.00176584 0.000521188 0.000521188
internal_weight=0 229 187 156 101 67 2637 1142 115 1495 942 439 79 503 553 203 350 121 156 229 360 440 1027 768 209 559 259 71 82 188
internal_count=2866 229 187 156 101 67 2637 1142 115 1495 942 439 79 503 553 203 350 121 156 229 360 440 1027 768 209 559 259 71 82 188
is_linear=0
shrinkage=0.03


Tree=435
num_leaves=25
num_cat=0
split_feature=12 3 3 0 17 8 3 3 3 3 3 7 15 12 3 3 3 17 14 6 18 4 12 12
split_gain=1.43572 8.11447 8.91554 1.06758 0.948257 0.936265 1.13582 1.15269 0.66261 1.10029 1.03711 1.55305 2.08934 1.25502 1.11444 2.86717 2.46816 0.534431 1.24305 0.489214 0.922329 0.781868 0.208713 0.082759
threshold=-2.0460101123595478 0.010600000000000002 0.062800000000000009 0.45575000000000004 0.025175842696629234 0.17285000000000003 0.06795000000000001 0.016050000000000005 0.22055000000000002 0.26200000000000007 0.11670000000000001 -0.34824999999999995 6.3787910112359567 1.1377595505617999 0.098450000000000024 0.080850000000000019 0.1082 0.040945505617977558 -0.31731348314606733 0.033000000000000008 4.5000000000000009 0.38120000000000004 -1.753382022471907 0.076716853932586218
decision_type=2 2 2 2 2 2 2 2 2 2 2 2 2 2 2 2 2 2 2 2 2 2 2 2
left_child=1 -1 -3 -4 8 -6 7 22 10 23 14 12 -12 -13 15 -2 -16 -8 -19 20 -11 -21 -7 -10
right_child=4 2 3 -5 5 6 17 -9 9 19 11 13 -14 -15 16 -17 -18 18 -20 21 -22 -23 -24 -25
leaf_value=0.010169159760698676 -0.0001638853339618768 -0.017568148103174426 -0.0037659016251564027 0.0041727178063123462 0.0064868493564426899 -0.0015606325635543234 0.0020204741317138542 0.0038052923218400655 -0.0059194120830826221 -0.0011694363156612387 0.0018331852522963771 0.00095239925131733927 0.0097247197341762091 -0.0060293080280825959 -0.01024712204374373 0.0063686573580794383 -0.00082609366249703235 0.00049723733621446988 -0.0073520809561014172 0.0028159583249444168 -0.0065346916556796603 -0.0011205093978372003 0.0014226465719326844 -0.003790851673377412
leaf_weight=32 1505 43 30 31 33 39 32 68 31 35 147 84 38 32 30 63 151 46 30 71 34 126 46 35
leaf_count=32 1505 43 30 31 33 39 32 68 31 35 147 84 38 32 30 63 151 46 30 71 34 126 46 35
internal_value=0 -0.00304147 -0.00710628 0.000268479 0.000118264 0.00172572 0.00112374 0.00278647 -8.01371e-05 -0.00132347 0.000121222 0.00174778 0.00345415 -0.000973589 -0.000158705 9.85829e-05 -0.00238759 -0.0012318 -0.00260118 -0.000463197 -0.00263709 0.000298218 5.38479e-05 -0.00479063
internal_weight=0 136 104 61 2676 294 261 153 2382 332 2050 301 185 116 1749 1568 181 108 76 266 69 197 85 66
internal_count=2812 136 104 61 2676 294 261 153 2382 332 2050 301 185 116 1749 1568 181 108 76 266 69 197 85 66
is_linear=0
shrinkage=0.03


Tree=436
num_leaves=16
num_cat=0
split_feature=12 3 3 16 3 0 0 1 7 14 14 3 17 0 18
split_gain=1.35328 7.6349 8.38864 1.04533 1.7405 2.14287 1.00449 0.793764 1.78036 0.916081 0.881539 0.954299 0.806287 0.60607 0.248423
threshold=-2.0460101123595478 0.010600000000000002 0.062800000000000009 -79.803649438202271 0.016050000000000005 0.61050000000000015 0.45575000000000004 0.51270000000000016 -0.41499999999999998 -0.18158426966292132 -0.17732359550561785 0.22055000000000002 -0.017054494382022441 0.36165000000000008 4.5000000000000009
decision_type=2 2 2 2 2 2 2 2 2 2 2 2 2 2 2
left_child=1 -1 -3 4 -2 -6 -4 9 14 12 -11 -12 13 -5 -9
right_child=3 2 6 7 5 -7 -8 8 -10 10 11 -13 -14 -15 -16
leaf_value=0.0098640849022194731 -0.0021348238667083341 -0.017041103591016214 -0.0036529245153069496 -0.00095491091693300934 0.0010351867632980042 0.010687012497817065 0.0040475365825958787 -0.00095491091693300934 -0.0064679210692233707 0.0044327123151445876 0.00065495254391601454 -0.00095491091693300934 -0.00095491091693300934 0.0025444620914416962 -0.00371141599307819
leaf_weight=32 43 43 30 30 47 37 31 57 59 49 1477 260 465 104 48
leaf_count=32 43 43 30 30 47 37 31 57 59 49 1477 260 465 104 48
internal_value=0 -0.00295023 -0.00689309 0.000117453 0.00277383 0.00528659 0.000260425 -1.48966e-05 -0.00203375 0.000123926 0.000464426 0.000352482 -0.00089132 0.00137606 -0.000954911
internal_weight=0 136 104 2676 127 84 61 2549 164 2385 1786 1737 599 134 105
internal_count=2812 136 104 2676 127 84 61 2549 164 2385 1786 1737 599 134 105
is_linear=0
shrinkage=0.03


Tree=437
num_leaves=20
num_cat=0
split_feature=12 3 6 13 17 8 3 12 4 1 7 14 14 3 17 0 3 1 18
split_gain=1.27184 7.18368 8.08557 5.23552 0.87624 0.905358 1.14704 1.19459 0.988856 0.66464 1.69236 0.753652 0.867104 0.817491 0.757132 0.578642 0.449023 0.277678 0.206024
threshold=-2.0460101123595478 0.010600000000000002 0.015400000000000002 -3.8039471910112357 0.025175842696629234 0.19185000000000002 0.0062000000000000015 -1.911510112359547 0.12700000000000003 0.51270000000000016 -0.41499999999999998 -0.18158426966292132 -0.17732359550561785 0.22055000000000002 -0.017054494382022441 0.36165000000000008 0.061000000000000006 0.031800000000000009 4.5000000000000009
decision_type=2 2 2 2 2 2 2 2 2 2 2 2 2 2 2 2 2 2 2
left_child=1 -1 -3 -4 9 6 -6 -8 17 11 18 14 -13 -14 15 -2 -9 -7 -11
right_child=4 2 3 -5 5 8 7 16 -10 10 -12 12 13 -15 -16 -17 -18 -19 -20
leaf_value=0.0095681619923561802 -0.00093181237361965124 -0.018688738464432603 -0.0092989033241482333 0.007116797014605253 0.0016347811675422627 0.0016347811675422627 0.0089839508483807243 0.0055044597996906797 -0.0034999601039275223 -0.00093181237361965124 -0.0062738833661976469 0.0042997310983435236 0.00054084764289643401 -0.00093181237361965124 -0.00093181237361965124 0.0024681282381509217 0.0016347811675422627 -0.00093258946819262979 -0.0036028478699086492
leaf_weight=32 30 34 34 36 32 63 45 33 49 57 59 49 1395 245 395 104 39 33 48
leaf_count=32 30 34 34 36 32 63 45 33 49 57 59 49 1395 245 395 104 39 33 48
internal_value=0 -0.00286172 -0.0066863 -0.000856543 0.000112225 0.00165743 0.00329972 0.00514954 -3.0156e-05 -7.84932e-05 -0.0019214 5.7772e-05 0.000367257 0.000249762 -0.000930355 0.00132323 0.00275303 0.00163478 -0.000931812
internal_weight=0 136 104 70 2676 294 149 117 145 2382 164 2218 1689 1640 529 134 72 96 105
internal_count=2812 136 104 70 2676 294 149 117 145 2382 164 2218 1689 1640 529 134 72 96 105
is_linear=0
shrinkage=0.03


Tree=438
num_leaves=18
num_cat=0
split_feature=12 3 3 0 16 3 0 1 7 16 15 3 1 16 12 3 16
split_gain=1.19385 6.75913 7.72328 0.996714 0.910086 1.62571 2.05057 0.627005 1.62709 0.873532 1.29303 0.943961 0.640167 0.587356 0.606955 0.185502 0.184408
threshold=-2.0460101123595478 0.010600000000000002 0.062800000000000009 0.45575000000000004 -79.803649438202271 0.016050000000000005 0.61050000000000015 0.51270000000000016 -0.41499999999999998 24.028249438202298 -8.1577089887640426 0.17570000000000005 0.091100000000000014 43.358350561797756 2.0448039325842733 0.30960000000000004 10.815749438202376
decision_type=2 2 2 2 2 2 2 2 2 2 2 2 2 2 2 2 2
left_child=1 -1 -3 -4 5 -2 -7 9 16 10 12 -12 -6 15 -15 -11 -9
right_child=4 2 3 -5 7 6 -8 8 -10 13 11 -13 -14 14 -16 -17 -18
leaf_value=0.0092811168590560544 -0.002159984720827535 -0.016222957671988149 -0.003519929014146328 0.0041506835372157151 0.0055819069878358784 0.00085368873313703428 0.010295347410782769 -0.0034695811136548913 -0.0060856669236041636 -0.00085349530370561818 0.00064023916476223426 -0.00085349530370561818 0.0016615751921638564 0.001621833673872364 -0.00085349530370561818 0.001333821687628241 -0.00085349530370561818
leaf_weight=32 43 43 30 31 58 47 37 50 59 548 1106 272 106 180 64 51 55
leaf_count=32 43 43 30 31 58 47 37 50 59 548 1106 272 106 180 64 51 55
internal_value=0 -0.00277587 -0.00648571 0.000378251 0.000105453 0.00258403 0.00501251 -1.80378e-05 -0.00181233 0.000105344 0.000529854 0.000230157 0.00304803 -0.000671162 0.000656914 -0.000853495 -0.000853495
internal_weight=0 136 104 61 2676 127 84 2549 164 2385 1542 1378 164 843 244 599 105
internal_count=2812 136 104 61 2676 127 84 2549 164 2385 1542 1378 164 843 244 599 105
is_linear=0
shrinkage=0.03


Tree=439
num_leaves=19
num_cat=0
split_feature=12 3 3 0 16 3 0 16 1 18 16 7 8 1 3 3 13 5
split_gain=1.12077 6.35966 7.26684 0.937809 0.858537 1.52963 1.92938 0.584819 1.09855 2.74474 1.01419 1.0327 1.65931 1.04458 0.905984 1.41366 0.608922 0.177867
threshold=-2.0460101123595478 0.010600000000000002 0.062800000000000009 0.45575000000000004 -79.803649438202271 0.016050000000000005 0.61050000000000015 24.028249438202298 0.53665000000000007 4.5000000000000009 26.560249438202337 -0.31149999999999994 0.20000000000000004 0.039450000000000006 0.17570000000000005 0.15205000000000005 -0.47297977528089769 0.25100000000000006
decision_type=2 2 2 2 2 2 2 2 2 2 2 2 2 2 2 2 2 2
left_child=1 -1 -3 -4 5 -2 -7 8 14 -10 17 13 -13 -12 15 -6 -16 -9
right_child=4 2 3 -5 7 6 -8 10 9 -11 11 12 -14 -15 16 -17 -18 -19
leaf_value=0.0090026836842298508 -0.0020951850071202877 -0.015736268722820419 -0.0034143311381340026 0.0040261630341410634 0.00067455657926252389 0.00082807816921713498 0.0099864869559737456 -0.0026115705263509881 -0.0012353191452978804 -0.010621623548889351 0.0025670057622562735 -0.0007848807193067234 -0.0069289347709855066 -0.00038613540545395276 -0.0012353191452978804 0.006705662085053821 0.0011420407749130391 -0.00572778030517785
leaf_weight=32 43 43 30 31 1232 47 37 32 56 31 146 225 48 412 197 36 100 34
leaf_count=32 43 43 30 31 1232 47 37 32 56 31 146 225 48 412 197 36 100 34
internal_value=0 -0.00269259 -0.00629114 0.000366904 9.91514e-05 0.00250651 0.00486214 -2.07915e-05 0.000314049 -0.00296709 -0.000637466 -0.000353179 -0.00186515 0.00038655 0.000496451 0.000845787 -0.000994989 -0.00421689
internal_weight=0 136 104 61 2676 127 84 2549 1652 87 897 831 273 558 1565 1268 297 66
internal_count=2812 136 104 61 2676 127 84 2549 1652 87 897 831 273 558 1565 1268 297 66
is_linear=0
shrinkage=0.03


Tree=440
num_leaves=17
num_cat=0
split_feature=17 3 3 16 3 4 3 3 3 16 3 17 16 13 13 4
split_gain=1.27758 1.2286 5.23393 2.13195 1.42886 5.7086 2.89244 2.42939 1.9614 4.77521 2.58001 0.688568 1.41492 1.55637 0.614058 0.126768
threshold=0.05910561797752812 0.0062000000000000015 0.0070500000000000007 -41.099750561797627 0.011100000000000002 0.024400000000000002 0.0092000000000000016 0.0096500000000000023 0.021000000000000001 -45.316199999999974 0.022050000000000004 0.014679775280898895 -2.4819191011236508 -2.9457404494382042 -0.38244719101123609 0.014250000000000002
decision_type=2 2 2 2 2 2 2 2 2 2 2 2 2 2 2 2
left_child=1 3 -3 -1 5 6 -4 -7 9 -6 -10 12 13 -5 -14 -13
right_child=-2 2 4 11 8 7 -8 -9 10 -11 -12 15 14 -15 -16 -17
leaf_value=-0.0080430490190261279 -0.0044685177586295385 0.0097559142610462342 -0.0021710427978884101 0.00090223845771767873 0.013727074646421016 -0.0039087895200957843 0.0077004188536243003 -0.015029579430599424 -0.0080382863198007852 0.001393891871734566 0.00019031256107917877 0.0027252413136610652 0.0035444044337297476 -0.0071624343959434374 -0.00066550705025308302 0.00038071160264579313
leaf_weight=38 55 53 68 33 31 30 44 34 35 319 1699 51 36 62 233 35
leaf_count=38 55 53 68 33 31 30 44 34 35 319 1699 51 36 62 233 35
internal_value=0 0.000148441 0.000437038 -0.00121944 0.000218497 -0.0023772 0.00170703 -0.00952461 0.000437712 0.00248626 2.4222e-05 -0.000643221 -0.00121363 -0.00436102 -0.000102099 0.00177107
internal_weight=0 2801 2313 488 2260 176 112 64 2084 350 1734 450 364 95 269 86
internal_count=2856 2801 2313 488 2260 176 112 64 2084 350 1734 450 364 95 269 86
is_linear=0
shrinkage=0.03


Tree=441
num_leaves=17
num_cat=0
split_feature=17 3 3 12 12 4 3 14 12 12 14 17 16 18 13 4
split_gain=1.20218 1.15634 4.92434 2.00595 1.42922 7.12266 7.04303 2.85127 1.08585 1.68097 0.972279 0.647874 1.3313 1.4852 0.577767 0.119276
threshold=0.05910561797752812 0.0062000000000000015 0.0070500000000000007 -1.753382022471907 -1.911510112359547 0.13925000000000001 0.018650000000000003 -0.29454269662921323 0.85598988764045292 1.0987595505618002 -0.29454269662921323 0.014679775280898895 -2.4819191011236508 4.5000000000000009 -0.38244719101123609 0.014250000000000002
decision_type=2 2 2 2 2 2 2 2 2 2 2 2 2 2 2 2
left_child=1 3 -3 -1 5 6 -4 -7 10 -10 -6 12 13 -5 -14 -13
right_child=-2 2 4 11 8 7 -8 -9 9 -11 -12 15 14 -15 -16 -17
leaf_value=-0.0078017574960463918 -0.0043344621224836871 0.0094632370609192638 0.0030125832516584433 -0.0011674812627270033 -0.0020012026570827334 0.0027357031800784169 0.019132596800053438 -0.0095717680470746302 0.0053183454544459647 0.0005001439865560854 -4.9155707400248574e-05 0.0026434840540134567 0.0034380722433949508 -0.0088242559012417718 -0.00064554181628432845 0.00036929029206346189
leaf_weight=38 55 53 34 57 283 32 37 36 74 546 1218 51 36 38 233 35
leaf_count=38 55 53 34 57 283 32 37 36 74 546 1218 51 36 38 233 35
internal_value=0 0.000144188 0.000424169 -0.00118285 0.000212191 0.00315919 0.00980518 -0.00378002 1.9059e-05 0.00107522 -0.000417197 -0.000623924 -0.00117722 -0.00423019 -9.90358e-05 0.00171794
internal_weight=0 2801 2313 488 2260 139 71 68 2121 620 1501 450 364 95 269 86
internal_count=2856 2801 2313 488 2260 139 71 68 2121 620 1501 450 364 95 269 86
is_linear=0
shrinkage=0.03


Tree=442
num_leaves=13
num_cat=0
split_feature=17 12 4 14 12 3 8 3 14 3 14 7
split_gain=1.13049 1.13775 9.18646 1.1307 0.818275 0.898881 0.755883 0.747756 0.712686 0.885655 0.68523 0.235746
threshold=0.05910561797752812 -2.0460101123595478 0.15585000000000002 0.40500112359550566 2.0448039325842733 0.22055000000000002 0.16710000000000003 0.00040000000000000002 0.36067640449438215 0.1082 -0.43491348314606731 -0.31219999999999992
decision_type=2 2 2 2 2 2 2 2 2 2 2 2
left_child=1 2 -1 7 5 6 -5 -3 10 -10 -9 -6
right_child=-2 3 -4 4 11 -7 -8 8 9 -11 -12 -13
leaf_value=0.010799847669703396 -0.0042044284018603233 -0.0036385362883863438 -0.0089034658407463746 0.0062600876830835291 0.00026230461709201338 -0.0023070410287805965 0.0020721580678081087 -0.0027825322783407696 -0.0063743909914046526 0.00060493808239698405 6.2450702383567188e-05 -0.0034986458607017992
leaf_weight=57 55 56 34 47 30 35 222 79 36 30 2145 30
leaf_count=57 55 56 34 47 30 35 222 79 36 30 2145 30
internal_value=0 0.000138639 0.00343817 2.78433e-05 0.00158353 0.00221545 0.00280388 -0.000213534 -0.000129779 -0.00320197 -3.86076e-05 -0.00161817
internal_weight=0 2801 91 2710 364 304 269 2346 2290 66 2224 60
internal_count=2856 2801 91 2710 364 304 269 2346 2290 66 2224 60
is_linear=0
shrinkage=0.03


Tree=443
num_leaves=24
num_cat=0
split_feature=14 12 3 7 12 3 4 3 18 15 12 4 3 3 1 15 8 1 3 3 16 7 8
split_gain=1.01897 0.769915 0.845757 0.766756 3.91036 9.12549 3.02855 1.35247 1.56016 1.31356 1.33722 1.32041 0.948334 0.758202 0.739708 1.41292 0.99777 1.06572 0.711692 2.25621 0.675596 0.221813 0.0322193
threshold=0.40500112359550566 2.0448039325842733 0.22055000000000002 -0.33849999999999997 -2.084010112359548 0.11275000000000002 0.15585000000000002 0.11230000000000001 3.5000000000000004 -12.533024719101123 0.85598988764045292 0.31145000000000006 0.15205000000000005 0.26200000000000007 0.076250000000000012 -9.9038932584269634 0.17000000000000001 0.34970000000000007 0.011100000000000002 0.008550000000000002 -22.692750561797705 -0.31219999999999992 0.14055000000000004
decision_type=2 2 2 2 2 2 2 2 2 2 2 2 2 2 2 2 2 2 2 2 2 2 2
left_child=3 2 14 4 5 -1 7 18 -9 10 -6 -12 -10 22 15 -2 -16 -18 19 -5 -15 -3 -11
right_child=1 21 -4 6 9 -7 -8 8 12 13 11 -13 -14 20 16 -17 17 -19 -20 -21 -22 -23 -24
leaf_value=0.019898723080754278 0.0032300619361241754 0.00025443560676649215 -0.0022378298422055585 -0.00028972000353867167 -0.0001386969199033844 -0.0001386969199033844 -0.0084022566815838209 -0.0001386969199033844 -0.0043987912683826702 0.0038955527521796858 0.0073615135660483723 0.00083230859376490121 -0.0001386969199033844 0.0038063243090767748 0.0032300619361241754 0.0094853355604797018 0.0015004924771229494 -0.0049224100015576805 -0.0001386969199033844 -0.0043987912683826702 0.00032690027637634041 -0.0033936865683645008 -0.0001386969199033844
leaf_weight=30 54 30 35 409 59 32 44 44 105 44 63 50 36 88 52 39 93 31 571 95 117 30 705
leaf_count=30 54 30 35 409 59 32 44 44 105 44 63 50 36 88 52 39 93 31 571 95 117 30 705
internal_value=0 0.00153603 0.00214899 -0.000163219 0.000388105 0.00772302 -0.000665498 -0.000395326 -0.00278976 -1.57717e-05 0.0025018 0.00447248 -0.00439879 -0.000138697 0.00271976 0.00488393 0.0015762 -0.000105233 -0.000138697 -0.00128866 0.00182051 -0.00156963 -0.000138697
internal_weight=0 364 304 2492 1188 62 1304 1260 185 1126 172 113 141 954 269 93 176 124 1075 504 205 60 749
internal_count=2856 364 304 2492 1188 62 1304 1260 185 1126 172 113 141 954 269 93 176 124 1075 504 205 60 749
is_linear=0
shrinkage=0.03


Tree=444
num_leaves=15
num_cat=0
split_feature=17 3 3 12 3 4 7 3 12 4 17 13 16 17
split_gain=1.07087 1.06251 4.61348 1.97187 1.29029 5.29517 4.89027 2.76216 2.38781 12.4147 1.30935 0.609896 1.78418 0.508125
threshold=0.05910561797752812 0.0062000000000000015 0.0070500000000000007 -1.753382022471907 0.011100000000000002 0.024400000000000002 -0.3088499999999999 0.0092000000000000016 -1.911510112359547 0.083550000000000013 0.014679775280898895 -3.100240449438203 -23.769555056179737 -0.0022185393258427051
decision_type=2 2 2 2 2 2 2 2 2 2 2 2 2 2
left_child=1 3 -3 -1 5 7 -7 -4 9 -6 -10 -5 -13 -14
right_child=-2 2 4 11 8 6 -8 -9 10 -11 -12 12 13 -15
leaf_value=-0.0077060979996856887 -0.0040985862721096382 0.0091458883910562911 -0.0021311967493795022 0.0026445445807729943 0.018423923587856383 -0.0037501088114394012 -0.017975780093636842 0.0075154024608094583 0.00052368761622127139 -0.0021370059853737674 -0.0014492379695562742 -0.0072447742010793978 -0.0013226129001165489 0.00092932823196527846
leaf_weight=38 55 53 68 47 39 33 31 44 1589 82 374 37 205 161
leaf_count=38 55 53 68 47 39 33 31 44 1589 82 374 37 205 161
internal_value=0 0.000128398 0.00039678 -0.00114367 0.000191601 -0.00227502 -0.00915876 0.00165854 0.000399915 0.00449007 0.000147797 -0.000589504 -0.000966676 -0.000332005
internal_weight=0 2801 2313 488 2260 176 64 112 2084 121 1963 450 403 366
internal_count=2856 2801 2313 488 2260 176 64 112 2084 121 1963 450 403 366
is_linear=0
shrinkage=0.03


Tree=445
num_leaves=14
num_cat=0
split_feature=12 3 12 5 7 15 15 1 12 7 1 13 4
split_gain=1.39094 5.40308 0.716731 17.3552 0.832836 1.54097 0.863456 1.07353 0.909977 0.39106 1.07179 0.305845 0.541168
threshold=-2.0850101123595475 0.11255000000000003 -1.9590101123595483 0.30945000000000006 -0.42994999999999994 29.104062359550564 -10.055393258426964 0.53665000000000007 -1.5672831460674155 -0.3098999999999999 0.048050000000000002 -1.5368426966292146 0.29375000000000001
decision_type=2 2 2 2 2 2 2 2 2 2 2 2 2
left_child=1 -1 3 -2 5 11 9 8 -8 -6 -11 -4 -13
right_child=2 -3 4 -5 6 -7 7 -9 -10 10 -12 12 -14
leaf_value=0.012190754506736992 0.014179459913549098 -0.0047514529223553837 0.0027691934042071041 -0.013636075120705825 0.00056114446670305757 0.0072236336953938 0.00056114446670305757 -0.0045970650259895543 -0.00075425864170625449 -0.00020296603168907726 -0.0046094834308764389 0.0037736728814814022 0.00056114446670305757
leaf_weight=36 33 32 57 52 326 36 345 57 1482 122 55 51 192
leaf_count=36 33 32 57 52 326 36 345 57 1482 122 55 51 192
internal_value=0 0.00421795 -0.000124319 -0.0028371 -3.96376e-05 0.00135877 -0.000236481 -0.000542732 -0.000416242 0.000561144 -0.000967077 0.000654986 0.000561144
internal_weight=0 68 2808 85 2723 336 2387 1884 1827 503 177 300 243
internal_count=2876 68 2808 85 2723 336 2387 1884 1827 503 177 300 243
is_linear=0
shrinkage=0.03


Tree=446
num_leaves=16
num_cat=0
split_feature=12 3 4 12 12 1 12 3 3 13 7 4 18 5 8
split_gain=1.30571 5.08375 0.69848 9.3764 2.04771 4.10771 2.49911 0.83213 3.1144 1.16507 1.03556 0.617911 0.564119 0.525644 0.338688
threshold=-2.0850101123595475 0.11255000000000003 0.22315000000000004 -1.9340101123595479 -1.911510112359547 0.18615000000000001 -1.9340101123595479 0.064250000000000015 0.11230000000000001 -1.3783426966292127 -0.43159999999999993 0.015200000000000002 3.5000000000000004 0.43890000000000001 0.20400000000000004
decision_type=2 2 2 2 2 2 2 2 2 2 2 2 2 2 2
left_child=1 -1 4 -4 5 6 -2 10 9 -9 -6 -12 -10 14 -5
right_child=2 -3 3 13 7 -7 -8 8 12 -11 11 -13 -14 -15 -16
leaf_value=0.011825031749904156 0.015305386242689564 -0.0046089094108901912 -0.017346391312777994 -0.00036236914564550469 0.0043067319461599337 -0.00036236914564550469 0.0044980974314569972 0.00083392214912332975 0.0019744722642832538 0.0071764093785580381 0.00083545994412453537 -0.00036236914564550469 -0.00036236914564550469 -0.0042109160032123326 -0.0022866425744289187
leaf_weight=36 32 32 30 648 43 57 31 38 93 83 429 982 265 33 44
leaf_count=36 32 32 30 648 43 57 31 38 93 83 429 982 265 33 44
internal_value=0 0.00409141 -0.000115722 -0.000895948 0.00017121 0.00397386 0.00935856 -6.48572e-05 0.00102352 0.00518455 -0.000362369 -0.000362369 -0.000362369 -0.000362369 -0.000362369
internal_weight=0 68 2808 755 2053 120 63 1933 479 121 1454 1411 358 725 692
internal_count=2876 68 2808 755 2053 120 63 1933 479 121 1454 1411 358 725 692
is_linear=0
shrinkage=0.03


Tree=447
num_leaves=14
num_cat=0
split_feature=12 3 12 4 12 15 7 0 1 1 12 3 3
split_gain=1.23396 4.79741 0.685472 16.2775 0.774327 0.685995 1.03505 1.43023 1.05081 0.863059 1.4502 0.949782 0.378653
threshold=-2.0850101123595475 0.11670000000000001 -1.9590101123595483 0.15585000000000002 -1.911510112359547 -10.055393258426964 -0.43159999999999993 0.14895000000000003 0.53665000000000007 0.035750000000000011 1.1047595505617986 0.019650000000000004 0.035050000000000005
decision_type=2 2 2 2 2 2 2 2 2 2 2 2 2
left_child=1 -1 3 -2 12 9 7 -7 -8 11 -11 -6 -4
right_child=2 -3 4 -5 5 6 8 -9 -10 10 -12 -13 -14
leaf_value=0.011048763351220833 0.0076840979774267628 -0.0049994478672742843 0.0046895901132374997 -0.019253960495645348 0.0012621329774012695 0.00050106268124839974 -0.00049163291802996919 0.0069576583166296281 -0.0044347579686325935 0.0012621329774012695 -0.0023749522839126912 0.0046038530272541241 0.00052907737025192805
leaf_weight=38 52 30 45 33 77 217 1762 36 63 241 145 102 35
leaf_count=38 52 30 45 33 77 217 1762 36 63 241 145 102 35
internal_value=0 0.00396867 -0.00012124 -0.00277421 -3.84257e-05 -0.000126441 -0.00037846 0.00141979 -0.000627752 0.000800457 2.00255e-06 0.00252226 0.00286937
internal_weight=0 68 2808 85 2723 2643 2078 253 1825 565 386 179 80
internal_count=2876 68 2808 85 2723 2643 2078 253 1825 565 386 179 80
is_linear=0
shrinkage=0.03


Tree=448
num_leaves=26
num_cat=0
split_feature=13 3 14 15 1 13 16 7 1 1 13 3 14 7 18 8 15 7 1 1 7 3 15 14 5
split_gain=1.04159 1.53237 1.57344 0.832134 1.40597 7.6047 3.33518 0.856749 1.07311 0.906855 1.30672 0.997332 0.735203 0.873925 0.643313 1.0757 0.585311 1.0268 0.869502 0.323507 0.138107 0.0613299 0.0494065 0.182588 0.00524337
threshold=-3.7709471910112358 0.28140000000000004 -0.11695393258426963 -10.055393258426964 0.19720000000000001 -3.100240449438203 -45.316199999999974 -0.3098999999999999 0.048050000000000002 0.034700000000000009 3.0847595505617957 0.028950000000000004 0.63245730337078687 -0.46604999999999996 4.5000000000000009 0.16270000000000004 32.275475280898881 -0.30104999999999993 0.28480000000000005 0.035550000000000005 -0.3885499999999999 0.040500000000000008 -12.580524719101122 -0.29754269662921323 0.38340000000000002
decision_type=2 2 2 2 2 2 2 2 2 2 2 2 2 2 2 2 2 2 2 2 2 2 2 2 2
left_child=1 2 16 7 6 -6 -5 9 22 10 -2 24 13 -8 -7 -16 17 18 -1 -14 -13 -18 23 -9 -11
right_child=3 -3 -4 4 5 14 12 8 -10 11 -12 20 19 -15 15 -17 21 -19 -20 -21 -22 -23 -24 -25 -26
leaf_value=0.0044358531109198246 0.0085075363297281506 -0.0043936653233443701 0.0066087174171517637 0.0076434624217906781 -0.015376066982746125 -0.00095753876380071166 0.0030930713769038412 0.00030219793466319312 -0.0044584433201023121 0.0026729331615870538 0.0026729331615870538 0.0019944357175875125 0.0046007287595763472 -0.00067533437453439198 -0.00095753876380071166 -0.0039939545901558765 -0.0023517408445477487 -0.002011145868986521 0.00053353583999532039 0.00090324032169423595 0.00030219793466319312 -0.00047756556252186947 0.00030219793466319312 -0.0018012253568507732 0.000978829976367323
leaf_weight=119 42 36 58 49 35 265 58 31 55 55 34 79 34 1229 54 168 30 46 40 57 140 33 41 50 38
leaf_count=119 42 36 58 49 35 265 58 31 55 55 34 79 34 1229 54 168 30 46 40 57 140 33 41 50 38
internal_value=0 0.00147996 0.00212858 -0.000241221 -0.00053509 -0.00186732 -4.77566e-05 0.000772497 -0.000957133 0.00156153 0.00450016 0.000845709 -0.000321247 -0.000505507 -0.000957539 -0.00257501 0.001159 0.00193621 0.00307822 0.00228472 0.000302198 -0.00137003 0.000302198 -0.000535868 0.00267293
internal_weight=0 362 326 2514 1949 522 1427 565 177 388 76 312 1378 1287 487 222 268 205 159 91 219 63 122 81 93
internal_count=2876 362 326 2514 1949 522 1427 565 177 388 76 312 1378 1287 487 222 268 205 159 91 219 63 122 81 93
is_linear=0
shrinkage=0.03


Tree=449
num_leaves=19
num_cat=0
split_feature=12 0 4 12 12 1 7 8 15 7 1 8 7 18 1 7 16 2
split_gain=1.07318 1.26297 0.650642 8.32853 1.79886 3.67593 2.44483 0.502781 0.47519 0.978196 1.25135 0.802052 0.664227 0.315556 0.155441 0.0947046 0.0873326 0.0611824
threshold=-2.0850101123595475 0.74755000000000005 0.22315000000000004 -1.9340101123595479 -1.911510112359547 0.18615000000000001 -0.3098999999999999 0.20400000000000004 -10.055393258426964 -0.3098999999999999 0.034700000000000009 0.16510000000000002 -0.2715999999999999 3.5000000000000004 0.036400000000000009 -0.35819999999999991 6.3473606741572448 0.0018500000000000003
decision_type=2 2 2 2 2 2 2 2 2 2 2 2 2 2 2 2 2 2
left_child=1 -1 4 -4 5 6 -2 15 9 10 -6 12 -10 -13 -11 17 -17 -5
right_child=2 -3 3 7 8 -7 -8 -9 11 14 -12 13 -14 -15 -16 16 -18 -19
leaf_value=-3.8049001548741313e-05 0.014577912251380356 0.0081709436399321402 -0.016364487811923029 -0.00034792341197327942 0.0075503051162443373 -0.00034792341197327942 0.0042402828682419277 -0.0035956421231491151 0.0051943838568404314 0.00088758091115814417 0.0012620359260948203 0.00048193998412073897 0.0010334793323919236 -0.00034792341197327942 -0.00034792341197327942 -0.0019717827675611974 -0.0010918802354412584 -0.0010918802354412584
leaf_weight=37 33 31 30 549 33 57 30 44 45 98 208 450 50 970 79 31 44 57
leaf_count=37 33 31 30 549 33 57 30 44 45 98 208 450 50 970 79 31 44 57
internal_value=0 0.00370429 -0.000109872 -0.000862906 0.00016706 0.00373117 0.00882849 -0.000347923 -5.4199e-05 0.000841284 0.00212309 -0.00030127 0.00241488 -0.000347923 -0.000347923 -0.000347923 -0.00183584 -0.000347923
internal_weight=0 68 2808 755 2053 120 63 725 1933 418 241 1515 95 1420 177 681 75 606
internal_count=2876 68 2808 755 2053 120 63 725 1933 418 241 1515 95 1420 177 681 75 606
is_linear=0
shrinkage=0.03


Tree=450
num_leaves=18
num_cat=0
split_feature=12 3 1 3 4 6 7 15 3 17 8 3 3 7 8 18 0
split_gain=2.8985 8.60039 6.53368 2.18985 1.2506 2.20688 3.1123 4.38089 1.73719 0.489643 0.502738 0.696799 1.99464 0.165951 0.158576 0.0834778 0.00253133
threshold=-2.084010112359548 0.010600000000000002 0.11920000000000001 0.11370000000000001 0.21930000000000002 0.022850000000000006 -0.3885499999999999 0.032698876404494655 0.092400000000000024 0.055605617977528117 0.19965000000000002 0.011100000000000002 0.016650000000000002 -0.32039999999999996 0.20445000000000005 3.5000000000000004 0.21825000000000003
decision_type=2 2 2 2 2 2 2 2 2 2 2 2 2 2 2 2 2
left_child=1 -1 3 -3 9 6 8 -8 -6 10 11 13 -13 -2 16 -12 -7
right_child=4 2 -4 -5 5 14 7 -9 -10 -11 15 12 -14 -15 -16 -17 -18
leaf_value=0.016843772502364341 0.0012648767446304596 0.010650155022740363 -0.011506084922340608 -0.00054888531565666198 -0.0050192129279986609 -0.0011190831801448917 -0.0050192129279986609 -0.017657081764191389 -0.0019312274683617656 0.0037491048915454972 0.00013830851219401535 0.0045282200828222624 0.00058703428154566152 0.00013830851219401535 -0.0019312274683617656 -0.00030693889192801786 -0.00030693889192801786
leaf_weight=37 211 33 31 30 44 264 59 30 92 39 70 133 882 380 33 209 209
leaf_count=37 211 33 31 30 44 264 59 30 92 39 70 133 882 380 33 209 209
internal_value=0 0.00459175 -0.000230852 0.00531728 2.05506e-05 -0.00103576 -0.00355552 -0.0081072 -0.00193123 0.000421883 0.000353044 0.000583556 0.00110347 0.000138309 -0.000306939 -0.000306939 -0.000306939
internal_weight=0 131 94 63 2655 731 225 89 136 1924 1885 1606 1015 591 506 279 473
internal_count=2786 131 94 63 2655 731 225 89 136 1924 1885 1606 1015 591 506 279 473
is_linear=0
shrinkage=0.03


Tree=451
num_leaves=21
num_cat=0
split_feature=12 5 7 14 16 5 8 7 16 7 8 14 16 15 5 5 5 13 1 8
split_gain=2.72482 2.75513 8.24538 0.432062 0.448523 1.57821 1.91925 1.3347 1.01747 1.00116 1.58808 0.861487 0.788925 0.77454 0.746017 0.561722 0.425179 0.413963 0.192623 0.157644
threshold=-2.084010112359548 0.23090000000000002 -0.34889999999999993 -0.43491348314606731 7.7131404494380726 0.30245000000000005 0.19365000000000002 -0.37189999999999995 -5.8954191011236494 -0.31149999999999994 0.19965000000000002 -0.14745393258426964 10.815749438202376 -10.055393258426964 0.26625000000000004 0.28440000000000004 0.33955000000000007 -3.2082404494382035 0.011150000000000002 0.18465000000000004
decision_type=2 2 2 2 2 2 2 2 2 2 2 2 2 2 2 2 2 2 2 2
left_child=1 -1 -3 19 5 11 8 -8 -7 12 14 18 16 -12 -11 -14 -6 -13 -5 -2
right_child=3 2 -4 4 9 6 7 -9 -10 10 13 17 15 -15 -16 -17 -18 -19 -20 -21
leaf_value=0.011521526755144198 -0.0011338977065303774 0.0066486526149602829 -0.0091031166968437351 0.001656597023302654 0.0051328975693551732 -0.00034655283515047896 -0.003419781329767343 -0.010470131760572685 -0.003419781329767343 0.00021080711767769718 -0.0019838230322633231 0.0038464118266997283 0.0022707556707723189 -0.0064176172484515289 -0.0019838230322633231 0.00029543331485067629 0.0013586115214275197 0.0011700198114457797 -0.00034655283515047896 -0.003790061321109533
leaf_weight=36 61 56 39 53 61 433 37 34 105 295 34 61 167 58 60 578 48 353 187 30
leaf_count=36 61 56 39 53 61 433 37 34 105 295 34 61 167 58 60 578 48 353 187 30
internal_value=0 0.004454 0.00177578 2.18666e-05 9.39647e-05 -0.000308745 -0.0014077 -0.00604367 -0.000795894 0.000484912 -0.000665384 0.000714598 0.001087 -0.00417845 0.000210807 0.000738224 0.00347083 0.00156437 -0.000346553 -0.00200956
internal_weight=0 131 95 2655 2564 1263 609 71 538 1301 447 654 854 92 355 745 109 414 240 91
internal_count=2786 131 95 2655 2564 1263 609 71 538 1301 447 654 854 92 355 745 109 414 240 91
is_linear=0
shrinkage=0.03


Tree=452
num_leaves=19
num_cat=0
split_feature=12 3 1 3 3 3 3 12 1 3 3 16 16 6 7 3 3 8
split_gain=2.60353 8.08987 6.05596 2.04671 1.00744 4.39952 3.20029 2.71507 2.43596 2.2868 1.99227 0.723799 1.89018 3.00377 1.30544 1.62038 1.16856 0.836633
threshold=-2.084010112359548 0.010600000000000002 0.11920000000000001 0.11370000000000001 0.037750000000000006 0.033000000000000008 0.031000000000000003 -1.9055101123595468 0.11285000000000002 0.028200000000000006 0.021000000000000001 8.2705808988763483 -23.540555056179809 0.051900000000000009 -0.31124999999999997 0.098450000000000024 0.056650000000000006 0.20050000000000004
decision_type=2 2 2 2 2 2 2 2 2 2 2 2 2 2 2 2 2 2
left_child=1 -1 3 -3 5 6 9 -6 -7 10 -2 12 16 -14 15 -13 -9 -16
right_child=4 2 -4 -5 7 8 -8 11 -10 -11 -12 14 13 -15 17 -17 -18 -19
leaf_value=0.016237864953440588 0.00058527382843218156 0.010174870826303958 -0.011177438401406812 -0.00065198633074760434 -0.0073947914466261861 0.013975670125166123 -0.0092841719920116073 -0.0035337796598637044 0.0022642773983158893 0.0068253889539260041 -0.0040247847675092758 0.0030863761408881354 -0.0040609896007099949 0.0034449639708056287 -0.0013799346168188468 -0.00019323334242400369 0.0013688217031987099 -0.0073741021081805231
leaf_weight=37 1017 33 31 30 50 33 31 52 31 49 92 195 257 59 38 445 276 30
leaf_count=37 1017 33 31 30 50 33 31 52 31 49 92 195 257 59 38 445 276 30
internal_value=0 0.00435505 -0.000322228 0.00501922 2.26813e-05 0.000640836 0.000228409 -0.000529778 0.00830296 0.000483063 0.000202834 -0.000275894 -0.0010037 -0.00265956 0.000386121 0.000806023 0.00059158 -0.00356589
internal_weight=0 131 94 63 2655 1253 1189 1402 64 1158 1109 1352 644 316 708 640 328 68
internal_count=2786 131 94 63 2655 1253 1189 1402 64 1158 1109 1352 644 316 708 640 328 68
is_linear=0
shrinkage=0.03


Tree=453
num_leaves=16
num_cat=0
split_feature=12 7 5 4 6 7 15 17 8 12 8 2 17 18 18
split_gain=2.44925 2.65163 9.10658 1.08156 1.97658 2.89558 4.10397 0.46142 0.445316 0.589477 0.557123 0.397351 0.381896 0.168427 0.0774791
threshold=-2.084010112359548 -0.34889999999999993 0.26090000000000008 0.21930000000000002 0.022850000000000006 -0.3885499999999999 0.032698876404494655 0.055605617977528117 0.19965000000000002 -1.5672831460674155 0.19430000000000003 1.0000000180025095e-35 -0.012824157303370802 4.5000000000000009 3.5000000000000004
decision_type=2 2 2 2 2 2 2 2 2 2 2 2 2 2 2
left_child=1 -1 -3 7 5 -5 -7 8 9 10 -2 -6 -11 -13 -10
right_child=3 2 -4 4 11 6 -8 -9 14 12 -12 13 -14 -15 -16
leaf_value=0.0091638481044875719 0.0027974261680491649 0.0048500623640471271 -0.013030632391571999 -0.0018150738853104928 -0.00028220001792793857 -0.0047824553360823344 -0.016998904852429404 0.003625487113514772 0.00013242659435962111 0.00089649500492970538 0.00013242659435962111 -0.0018150738853104928 0.00013242659435962111 -0.0010486369516192159 -0.00028220001792793857
leaf_weight=56 177 45 30 136 428 59 30 39 70 676 34 43 719 35 209
leaf_count=56 177 45 30 136 428 59 30 39 70 676 34 43 719 35 209
internal_value=0 0.0042244 0.000536277 2.23532e-05 -0.000959978 -0.00334795 -0.00774984 0.000395578 0.000328752 0.000547053 0.00202489 -0.0002822 0.000323523 -0.00181507 -0.0002822
internal_weight=0 131 75 2655 731 225 89 1924 1885 1606 211 506 1395 78 279
internal_count=2786 131 75 2655 731 225 89 1924 1885 1606 211 506 1395 78 279
is_linear=0
shrinkage=0.03


Tree=454
num_leaves=24
num_cat=0
split_feature=12 3 1 3 4 6 18 3 7 3 3 7 7 14 7 1 7 18 2 5 3 17 18
split_gain=2.35943 7.70113 5.60389 1.9629 0.969021 1.83145 2.75563 3.34713 4.47313 0.513968 2.98445 0.834004 0.808803 0.89573 0.631003 0.724195 1.00143 0.446268 0.379728 0.375138 0.346074 0.231726 0.150118
threshold=-2.084010112359548 0.010600000000000002 0.11920000000000001 0.11370000000000001 0.21930000000000002 0.022850000000000006 4.5000000000000009 0.15970000000000004 -0.3885499999999999 0.071700000000000014 0.11480000000000001 -0.36204999999999993 -0.32784999999999992 -0.083584269662921359 -0.41499999999999998 0.033250000000000009 -0.29519999999999996 4.5000000000000009 1.0000000180025095e-35 0.28440000000000004 0.017000000000000005 -0.012824157303370802 4.5000000000000009
decision_type=2 2 2 2 2 2 2 2 2 2 2 2 2 2 2 2 2 2 2 2 2 2 2
left_child=1 -1 3 -3 9 6 21 8 -8 14 12 -12 13 -11 17 16 -16 -2 -7 -13 -17 -6 -20
right_child=4 2 -4 -5 5 18 7 -9 -10 10 11 19 -14 -15 15 20 -18 -19 22 -21 -22 -23 -24
leaf_value=0.015740220134926809 0.0045818235632032155 0.0097701046090911733 -0.010859288121423415 -0.00083275717496871947 -0.0059695455831426537 -0.00026612446010331234 -0.0042860278179869052 -0.0017377706789732969 -0.019468606575241972 0.0045539381180190186 0.003818006560051193 0.0014655570686389241 0.0020105139496312901 0.010208073443770067 0.0012572412680652509 0.00040387616706722828 0.00040387616706722828 0.0012572412680652509 -0.0017377706789732969 -0.00026612446010331234 -0.00026612446010331234 -0.0017377706789732969 -0.0010019475695383045
leaf_weight=37 50 33 31 30 38 428 40 37 31 37 45 155 44 41 64 508 337 39 43 113 491 79 35
leaf_count=37 50 33 31 30 38 428 40 37 31 37 45 155 44 41 64 508 337 39 43 113 491 79 35
internal_value=0 0.00414642 -0.000417098 0.00472112 2.21491e-05 -0.000907672 -0.00320942 -0.00697949 -0.010915 0.000375423 0.00128259 -0.000266124 0.00526276 0.00709736 0.0001104 -4.53116e-05 0.00107388 0.00255979 -0.000266124 -0.000266124 -0.000266124 -0.00173777 -0.00173777
internal_weight=0 131 94 63 2655 731 225 108 71 1924 435 313 122 78 1489 1400 401 89 506 268 999 117 78
internal_count=2786 131 94 63 2655 731 225 108 71 1924 435 313 122 78 1489 1400 401 89 506 268 999 117 78
is_linear=0
shrinkage=0.03


Tree=455
num_leaves=15
num_cat=0
split_feature=3 1 17 3 17 3 3 13 17 7 0 17 3 3
split_gain=1.55691 0.915054 1.25573 3.76695 5.90167 2.49263 2.28181 1.32758 0.978685 0.903986 0.902677 0.854066 0.515871 0.0667601
threshold=1.0000000180025095e-35 0.00035000000000000005 0.044445505617977561 0.010600000000000002 0.048605617977528111 0.071700000000000014 0.13455000000000003 -3.2082404494382035 0.014679775280898895 -0.30234999999999995 0.8822000000000001 -0.0035544943820224602 0.011100000000000002 0.17515000000000003
decision_type=2 2 2 2 2 2 2 2 2 2 2 2 2 2
left_child=-1 -2 7 -4 5 -5 -6 9 11 13 -10 -9 -11 -3
right_child=1 2 3 4 6 -7 -8 8 10 12 -12 -13 -14 -15
leaf_value=-0.0067832928845150903 0.0048967438970782583 0.0023053771488755711 0.0023053771488755711 -0.017566853836178779 -0.0044669803243004161 -0.0059065936133265492 0.0023053771488755711 -0.00045764549462522458 -0.0024142325306944902 0.00044214549801019327 0.0010683923720327371 0.00092723814479847382 -0.0043049719363916668 0.00044214549801019327
leaf_weight=33 31 157 49 33 59 33 43 1350 316 31 85 570 30 39
leaf_count=33 31 157 49 33 59 33 43 1350 316 31 85 570 30 39
internal_value=0 -0.000229137 -0.00028599 -0.00247773 -0.00474665 -0.0117367 -0.000223654 -0.000101502 -0.00032804 0.00194439 -0.00167602 -4.65082e-05 -0.00142109 0.00230538
internal_weight=0 2826 2795 217 168 66 102 2578 2321 257 401 1920 61 196
internal_count=2859 2826 2795 217 168 66 102 2578 2321 257 401 1920 61 196
is_linear=0
shrinkage=0.03


Tree=456
num_leaves=14
num_cat=0
split_feature=3 12 6 3 3 12 6 4 3 16 3 16 17
split_gain=1.46746 0.747239 6.53243 6.07598 1.70485 0.828608 1.41493 0.854877 1.80335 1.02734 1.33385 0.839632 0.206494
threshold=1.0000000180025095e-35 -2.084010112359548 0.023600000000000006 0.031000000000000003 0.1082 -1.911510112359547 0.014700000000000001 0.0087500000000000026 0.0059500000000000013 -41.099750561797627 0.13455000000000003 -23.769555056179737 0.016777528089887642
decision_type=2 2 2 2 2 2 2 2 2 2 2 2 2
left_child=-1 2 3 -2 -4 6 -3 8 12 10 -9 -11 -7
right_child=1 5 4 -5 -6 7 -8 9 -10 11 -12 -13 -14
leaf_value=-0.0065797940916805103 -0.0027993562113803501 -0.00087575666963102966 0.0078127901015303484 -0.019374801613390443 -0.0015983230769634248 0.00067786737552446327 0.006654783706505631 -0.0073829841647031049 0.0084897715933620922 0.00067786737552446327 0.00042903183078443676 -0.00051420607817517002 0.0030260257311165331
leaf_weight=33 33 47 41 30 30 128 43 42 30 400 37 1930 35
leaf_count=33 33 47 41 30 30 128 43 42 30 400 37 1930 35
internal_value=0 -0.000216697 -0.0024032 -0.00943498 0.00383626 -0.000107859 0.00272217 -0.000205746 0.0017154 -0.00035966 -0.00372419 -0.000245584 0.000677867
internal_weight=0 2826 134 63 71 2692 90 2602 193 2409 79 2330 163
internal_count=2859 2826 134 63 71 2692 90 2602 193 2409 79 2330 163
is_linear=0
shrinkage=0.03


Tree=457
num_leaves=13
num_cat=0
split_feature=3 1 17 6 3 13 13 17 6 8 3 0
split_gain=1.38127 0.856662 1.06339 7.49581 4.25127 1.27393 1.22853 0.919599 1.20269 0.800003 0.666729 0.223002
threshold=1.0000000180025095e-35 0.00035000000000000005 0.044445505617977561 0.023600000000000006 0.031000000000000003 -3.8547134831460665 -3.2082404494382035 0.014679775280898895 0.047700000000000006 0.14540000000000003 0.0032500000000000007 0.24995000000000003
decision_type=2 2 2 2 2 2 2 2 2 2 2 2
left_child=-1 -2 6 4 -4 -5 10 9 -9 -8 -3 -12
right_child=1 2 3 5 -6 -7 7 8 -10 -11 11 -13
leaf_value=-0.0063824002410877824 0.0047506320578489273 -0.0022830931256495176 -0.0033314239359299156 -0.0022488732843071613 -0.014305053142661398 0.0022433083352645608 0.0022433083352645608 -0.0026163006026564809 0.0010872981139174146 -0.00019613352591741918 0.00015261147753335537 0.0022433083352645608
leaf_weight=33 31 31 35 57 55 70 118 293 108 1802 48 178
leaf_count=33 31 31 35 57 55 70 118 293 108 1802 48 178
internal_value=0 -0.000209007 -0.000264015 -0.00228093 -0.00890616 0.00224331 -9.42436e-05 -0.000312166 -0.00161882 -3.92657e-05 0.00187384 0.00224331
internal_weight=0 2826 2795 217 90 127 2578 2321 401 1920 257 226
internal_count=2859 2826 2795 217 90 127 2578 2321 401 1920 257 226
is_linear=0
shrinkage=0.03


Tree=458
num_leaves=13
num_cat=0
split_feature=3 1 17 6 3 13 13 17 6 17 3 3
split_gain=1.30212 0.804119 0.953355 7.09008 4.04076 1.19675 1.17436 0.865486 1.13161 0.803913 0.631033 0.154179
threshold=1.0000000180025095e-35 0.00035000000000000005 0.044445505617977561 0.023600000000000006 0.031000000000000003 -3.8547134831460665 -3.2082404494382035 0.014679775280898895 0.047700000000000006 -0.0035544943820224602 0.0032500000000000007 0.17515000000000003
decision_type=2 2 2 2 2 2 2 2 2 2 2 2
left_child=-1 -2 6 4 -4 -5 10 9 -9 -8 -3 -12
right_child=1 2 3 5 -6 -7 7 8 -10 -11 11 -13
leaf_value=-0.00619092837060717 0.0046081128779558401 -0.002214600304742494 -0.0032130653762342085 -0.0021814070509035923 -0.013875901551409201 0.0021788996041274961 -0.00043676268081310098 -0.0025378115878380045 0.0010546791005941081 0.00090684406363135699 0.0021788996041274961 0.00022534657717467499
leaf_weight=33 31 31 35 57 55 70 1350 293 108 570 187 39
leaf_count=33 31 31 35 57 55 70 1350 293 108 570 187 39
internal_value=0 -0.000197019 -0.000250314 -0.00216003 -0.00860503 0.0021789 -8.95655e-05 -0.000302629 -0.00157026 -3.78794e-05 0.00183464 0.0021789
internal_weight=0 2826 2795 217 90 127 2578 2321 401 1920 257 226
internal_count=2859 2826 2795 217 90 127 2578 2321 401 1920 257 226
is_linear=0
shrinkage=0.03


Tree=459
num_leaves=12
num_cat=0
split_feature=3 1 12 6 3 12 7 17 3 17 3
split_gain=1.22741 0.754864 0.866191 4.7646 5.19187 0.716256 1.48895 0.88607 1.51542 0.673198 0.557597
threshold=1.0000000180025095e-35 0.00035000000000000005 -2.084010112359548 0.023600000000000006 0.031000000000000003 -1.911510112359547 -0.37284999999999996 0.014679775280898895 0.0034000000000000007 0.013175842696629221 0.10560000000000001
decision_type=2 2 2 2 2 2 2 2 2 2 2
left_child=-1 -2 3 4 -3 6 -4 9 -9 -7 -5
right_child=1 2 5 10 -6 7 -8 8 -10 -11 -12
leaf_value=-0.0060052003950642587 0.0044698694973222671 -0.0032462730579809265 0.0021162301209667906 0.0021162301209667906 -0.01794812897965312 -3.0505901372768397e-05 -0.0027644443064682969 0.0021162301209667906 -0.0019935245572179111 0.0021162301209667906 -0.0021079016178846355
leaf_weight=33 31 33 32 40 30 2011 57 72 441 49 30
leaf_count=33 31 33 32 40 30 2011 57 72 441 49 30
internal_value=0 -0.000185772 -0.000237409 -0.00260015 -0.00860878 -0.000119361 0.00211623 -0.000212134 -0.00132774 6.56837e-05 0.00211623
internal_weight=0 2826 2795 133 63 2662 89 2573 513 2060 70
internal_count=2859 2826 2795 133 63 2662 89 2573 513 2060 70
is_linear=0
shrinkage=0.03


Tree=460
num_leaves=17
num_cat=0
split_feature=12 0 7 4 8 16 3 17 12 12 7 3 14 14 3 17
split_gain=2.65171 4.02128 10.9682 1.73886 0.994214 1.10642 0.795748 0.66811 1.10911 4.07883 0.591911 0.755049 0.58669 1.29906 0.433876 0.408364
threshold=-1.9590101123595483 0.79810000000000014 -0.35244999999999999 0.30820000000000003 0.15335000000000001 -10.932419101123626 0.018400000000000003 0.025175842696629234 -1.2398275280898881 -1.5672831460674155 -0.30349999999999994 0.0034000000000000007 0.089046067415730359 0.018131460674157333 0.021000000000000001 -0.055394382022471871
decision_type=2 2 2 2 2 2 2 2 2 2 2 2 2 2 2 2
left_child=1 2 3 -1 5 -2 -7 8 9 14 -9 -12 13 -10 -6 -14
right_child=4 -3 -4 -5 7 6 -8 10 12 -11 11 -13 15 -15 -16 -17
leaf_value=-0.0021726368014865064 0.0054382332342933735 0.0032103781439363956 -0.020791880901198129 -0.010059012040495873 0.00081987534439427467 0.0056842208966132127 0.00081987534439427467 0.00081987534439427467 -0.00030323839839368192 -0.012458292771480046 -0.0004749047004044874 -0.0051117525119824623 -0.0014860469110310078 -0.0032962977436757986 -0.0021402659400233197 0.00081987534439427467
leaf_weight=35 58 45 37 30 53 31 109 220 1393 32 44 38 75 144 63 452
leaf_count=35 58 45 37 30 53 31 109 220 1393 32 44 38 75 144 63 452
internal_value=0 -0.00425993 -0.00755565 -0.00217264 -0.000122903 0.00192385 0.000819875 -0.000284104 -0.00046737 -0.00297602 0.000819875 -0.00176968 -0.000287486 -0.000583655 -0.000360223 0.000576292
internal_weight=0 147 102 65 2712 198 140 2514 2212 148 302 82 2064 1537 116 527
internal_count=2859 147 102 65 2712 198 140 2514 2212 148 302 82 2064 1537 116 527
is_linear=0
shrinkage=0.03


Tree=461
num_leaves=20
num_cat=0
split_feature=17 1 3 7 3 17 7 3 3 8 16 3 3 16 8 1 3 3 16
split_gain=1.91958 4.7363 2.25781 3.9083 3.06421 1.051 1.61017 1.16844 3.04016 0.881814 0.969173 0.836569 0.818351 0.769609 1.40194 0.668601 0.52039 2.09746 0.824098
threshold=0.044445505617977561 0.16420000000000004 0.25665000000000004 -0.34824999999999995 0.021000000000000001 0.025175842696629234 -0.30349999999999994 0.061000000000000006 0.016050000000000005 0.15335000000000001 -10.932419101123626 0.0034000000000000007 0.018400000000000003 -39.770250561797688 0.18370000000000003 0.024650000000000002 0.021000000000000001 0.03160000000000001 30.222860674157236
decision_type=2 2 2 2 2 2 2 2 2 2 2 2 2 2 2 2 2 2 2
left_child=5 2 3 -2 -5 9 7 8 -7 10 -1 -8 -12 14 -11 -9 18 -18 -15
right_child=1 -3 -4 4 -6 6 11 15 -10 13 12 -13 -14 16 -16 -17 17 -19 -20
leaf_value=0.0054331812918919356 0.0099387201507274495 -0.011129002891480923 -0.0058736186621658306 0.0033140395581722258 -0.0058736186621658306 0.00059682335810531321 0.00059682335810531321 0.0050752469380809509 0.012087023227205989 0.00029362491403634729 0.0055136941769911392 -0.0054829953567754912 0.00062329142546887085 0.00062329142546887085 -0.0081787993505713519 0.00059682335810531321 -0.0044154542589001358 -0.0003319766911736224 -0.00147427047488208
leaf_weight=47 34 50 32 53 50 30 34 33 38 39 31 34 108 621 32 73 125 1200 195
leaf_count=47 34 50 32 53 50 30 34 33 38 39 31 34 108 621 32 73 125 1200 195
internal_value=0 -0.00301795 -0.000618234 0.00111942 -0.00179181 -9.50981e-05 0.00178915 0.00331893 0.00638829 -0.000285252 0.00169865 -0.00212528 0.000623291 -0.000452072 -0.00352493 0.00134991 -0.00035017 -0.00071721 0.000245822
internal_weight=0 219 169 137 103 2640 242 174 68 2398 186 68 139 2212 71 106 2141 1325 816
internal_count=2859 219 169 137 103 2640 242 174 68 2398 186 68 139 2212 71 106 2141 1325 816
is_linear=0
shrinkage=0.03


Tree=462
num_leaves=15
num_cat=0
split_feature=12 1 3 8 16 3 1 8 7 3 7 15 7 0
split_gain=2.30378 5.90165 3.966 0.834106 1.02148 0.704664 0.626463 1.69267 2.33132 0.835197 1.80749 0.65726 0.367915 0.235342
threshold=-1.9590101123595483 0.16420000000000004 0.04735000000000001 0.15335000000000001 -10.932419101123626 0.018400000000000003 0.013800000000000002 0.20170000000000002 -0.33544999999999997 0.021000000000000001 -0.35244999999999999 -0.20636685393258422 -0.30749999999999994 0.41815000000000008
decision_type=2 2 2 2 2 2 2 2 2 2 2 2 2 2
left_child=1 2 -1 4 -2 -6 12 9 -9 13 -11 -10 -5 -8
right_child=3 -3 -4 6 5 -7 7 8 11 10 -12 -13 -14 -15
leaf_value=0.0064730884176274033 0.005147072057849888 -0.013318674290054585 -0.0053225420087832827 0.00074921081410388298 0.0053482834249734875 0.00074921081410388298 -0.0020166887933961474 -0.0022052382206390266 -0.0055426328563161435 0.00014267576872729505 -0.0021430045600637306 -0.011771561310975811 0.00014267576872729505 0.00014267576872729505
leaf_weight=46 58 43 58 170 31 109 78 46 31 738 521 30 214 686
leaf_count=46 58 43 58 170 31 109 78 46 31 738 521 30 214 686
internal_value=0 -0.0039704 -0.000105244 -0.000114325 0.0017604 0.000749211 -0.000261976 -0.000463859 -0.00414111 -0.000269363 -0.000789979 -0.00860604 0.000749211 0.000142676
internal_weight=0 147 104 2712 198 140 2514 2130 107 2023 1259 61 384 764
internal_count=2859 147 104 2712 198 140 2514 2130 107 2023 1259 61 384 764
is_linear=0
shrinkage=0.03


Tree=463
num_leaves=22
num_cat=0
split_feature=12 1 0 7 17 7 14 12 12 13 7 14 15 1 12 12 16 12 5 7 7
split_gain=2.17639 5.55286 1.45272 1.02246 0.617042 1.27031 1.47511 0.746399 4.20528 0.671712 0.851311 0.56079 0.837389 0.794242 0.74804 0.550231 0.539232 0.217284 0.912242 0.13284 0.113918
threshold=-1.9590101123595483 0.16420000000000004 0.46205000000000002 -0.30749999999999994 0.025175842696629234 -0.34824999999999995 0.0095865168539325824 -1.2398275280898881 -1.5672831460674155 -3.9134471910112358 -0.30349999999999994 0.63245730337078687 17.980628089887645 0.20860000000000004 2.0576179775280932 -1.6572831460674153 24.028249438202298 -1.5966842696629227 0.31235000000000007 -0.34744999999999998 -0.37404999999999994
decision_type=2 2 2 2 2 2 2 2 2 2 2 2 2 2 2 2 2 2 2 2 2
left_child=1 2 -1 -4 7 6 20 8 17 -7 -11 12 16 14 -13 -12 -9 19 -19 -2 -6
right_child=4 -3 3 -5 5 9 -8 11 -10 10 15 13 -14 -15 -16 -17 -18 18 -20 -21 -22
leaf_value=-0.0051895996599512946 0.00038398950030246086 -0.012919113970643211 0.0059947151477847778 -0.0012567332328180781 0.003102205933964982 -0.0036052328616973349 0.008670326334734758 0.0002036968768724289 -0.011978928234893828 0.0016231865107700252 -0.0049075804602100766 0.0060471313423477108 -0.0049080518130486936 -0.0024121141415089369 0.00068378143608570092 -0.00021802801572679817 -0.00080222566189972323 0.00521536332834512 -0.0018679499843468267 -0.0022783146672756284 0.0016231865107700252
leaf_weight=34 31 43 35 35 49 44 36 1321 32 83 33 44 34 30 50 35 753 30 36 37 34
leaf_count=34 31 43 35 35 49 44 36 1321 32 83 33 44 34 30 50 35 753 30 36 37 34
internal_value=0 -0.00385129 -0.000102087 0.00236899 -0.000103339 0.00114719 0.0035898 -0.000267086 -0.00220786 -0.000343432 0.000607027 -0.000122745 -0.000238077 0.0018379 0.00319429 -0.00205924 -0.00016152 0.000125528 0.00135174 -0.00106462 0.00162319
internal_weight=0 147 104 70 2712 314 119 2398 166 195 151 2232 2108 124 94 68 2074 134 66 68 83
internal_count=2859 147 104 70 2712 314 119 2398 166 195 151 2232 2108 124 94 68 2074 134 66 68 83
is_linear=0
shrinkage=0.03


Tree=464
num_leaves=19
num_cat=0
split_feature=12 1 8 5 8 16 14 14 8 15 15 1 16 15 16 17 16 15
split_gain=2.0482 5.22468 1.44364 2.57913 0.7531 0.974461 0.59589 1.45578 1.4893 0.596036 2.95029 0.749932 0.548803 0.453978 0.946841 0.632579 0.396855 0.153231
threshold=-1.9590101123595483 0.16420000000000004 0.19835000000000003 0.26835000000000003 0.15335000000000001 -10.932419101123626 0.088001123595505673 0.018131460674157333 0.19365000000000002 10.523291011235957 24.618062359550567 0.11920000000000001 -22.359750561797679 30.472062359550563 -79.803649438202271 -0.0048241573033707954 32.123080898876317 -12.580524719101122
decision_type=2 2 2 2 2 2 2 2 2 2 2 2 2 2 2 2 2 2
left_child=1 2 3 -1 5 -2 7 13 12 17 -11 -12 -9 15 -15 -6 -7 -8
right_child=4 -3 -4 -5 6 16 9 8 -10 10 11 -13 -14 14 -16 -17 -18 -19
leaf_value=0.0089701428563566873 0.0049953152918545849 -0.012531540953056064 -0.0056502533778548239 -0.0017493896490180033 -0.00074127160536360587 0.00072067499610973 -0.0010489046504934792 -0.00033706905629143729 -0.0081621935334987936 -0.0083651346340775489 0.00072067499610973 -0.0034505800316110254 -0.0042255242736725018 4.6652596105228767e-06 -0.0065514547624174625 0.00046706473472447554 0.0042840877040289348 0.00072067499610973
leaf_weight=30 58 43 30 44 758 110 61 98 40 39 84 40 49 55 31 803 30 456
leaf_count=30 58 43 30 44 758 110 61 98 40 39 84 40 49 55 31 803 30 456
internal_value=0 -0.00373575 -9.90242e-05 0.00215147 -9.98581e-05 0.00168151 -0.000240157 -0.000521396 -0.00302979 0.000518363 -0.0011399 0.000720675 -0.00163322 -0.000236593 -0.00235859 -0.000119687 0.000720675 0.000720675
internal_weight=0 147 104 74 2712 198 2514 1834 187 680 163 124 147 1647 86 1561 140 517
internal_count=2859 147 104 74 2712 198 2514 1834 187 680 163 124 147 1647 86 1561 140 517
is_linear=0
shrinkage=0.03


Tree=465
num_leaves=13
num_cat=0
split_feature=17 3 16 7 8 3 17 3 5 3 3 8
split_gain=2.34479 5.57289 5.77128 1.83124 1.11619 2.30473 5.42726 2.99985 1.24351 1.18017 0.96859 0.967404
threshold=0.048605617977528111 0.036800000000000006 -54.493149438202259 -0.25914999999999994 0.17830000000000004 0.11275000000000002 0.037179775280898865 0.088700000000000015 0.40000000000000008 0.011100000000000002 0.008550000000000002 0.19685000000000002
decision_type=2 2 2 2 2 2 2 2 2 2 2 2
left_child=3 -2 -3 4 5 6 7 -1 9 10 -6 -11
right_child=1 2 -4 -5 8 -7 -8 -9 -10 11 -12 -13
leaf_value=0.00058349323996582014 -0.0045211387788665226 0.0023329861237503147 0.018434056334874847 -0.0058342943363822999 -0.00012590013825846088 0.00030428054195077628 0.011453510063389937 0.0079632993581305652 -0.0028784798328839833 0.00030428054195077628 -0.0015373772549939788 -0.0010790496682159725
leaf_weight=432 44 51 33 48 444 336 54 56 43 789 86 455
leaf_count=432 44 51 33 48 444 336 54 56 43 789 86 455
internal_value=0 0.00412794 0.00865841 -2.61134e-05 7.73347e-05 0.000955632 0.00242897 0.00143036 -0.000347071 -0.000196275 -0.00138175 0.000304281
internal_weight=0 128 84 2743 2695 878 542 488 1817 1774 530 1244
internal_count=2871 128 84 2743 2695 878 542 488 1817 1774 530 1244
is_linear=0
shrinkage=0.03


Tree=466
num_leaves=15
num_cat=0
split_feature=7 12 7 4 8 12 3 12 1 14 7 8 7 18
split_gain=1.82893 2.66034 5.10451 3.9855 0.778467 1.6102 2.00267 0.897222 0.829956 0.592964 0.564447 0.246143 0.186427 0.179135
threshold=-0.25914999999999994 -2.0460101123595478 -0.30749999999999994 0.13600000000000004 0.17000000000000001 -0.93697078651685384 0.11370000000000001 -1.9055101123595468 0.52265000000000017 0.48391573033707874 -0.34889999999999993 0.18610000000000002 -0.46799999999999992 4.5000000000000009
decision_type=2 2 2 2 2 2 2 2 2 2 2 2 2 2
left_child=1 2 3 -1 5 6 -3 11 10 12 -9 -6 -7 -10
right_child=-2 4 -4 -5 7 9 -8 8 13 -11 -12 -13 -14 -15
leaf_value=0.013375499505135746 -0.0056592650501988825 0.0093662666804580526 -0.0027064899742537223 0.0024444128296474544 -3.2435193657875059e-05 0.0023041895065851669 0.00049698514526780356 0.00049698514526780356 -0.0013385222378007643 0.0040875901248572126 -0.00033641837344852135 -0.0027064899742537223 0.00049698514526780356 -0.0027064899742537223
leaf_weight=54 48 44 34 54 40 91 33 707 38 42 1392 30 231 33
leaf_count=54 48 44 34 54 40 91 33 707 38 42 1392 30 231 33
internal_value=0 0.000246285 0.00424793 0.00759532 3.43369e-05 0.00118646 0.00513845 -0.000192487 -8.04265e-05 0.000496985 2.94455e-05 -0.00270649 0.000496985 -0.00270649
internal_weight=0 2823 142 108 2681 441 77 2240 2170 364 2099 70 322 71
internal_count=2871 2823 142 108 2681 441 77 2240 2170 364 2099 70 322 71
is_linear=0
shrinkage=0.03


Tree=467
num_leaves=13
num_cat=0
split_feature=17 3 17 7 8 3 17 3 5 3 4 8
split_gain=2.14937 5.16732 4.16166 1.61145 0.958434 2.17615 4.95364 2.80345 1.17604 1.16198 0.968389 0.865385
threshold=0.048605617977528111 0.036800000000000006 0.05910561797752812 -0.25914999999999994 0.17830000000000004 0.11275000000000002 0.037179775280898865 0.088700000000000015 0.40000000000000008 0.011100000000000002 0.016650000000000002 0.19685000000000002
decision_type=2 2 2 2 2 2 2 2 2 2 2 2
left_child=3 -2 -3 4 5 6 7 -1 9 10 -6 -11
right_child=1 2 -4 -5 8 -7 -8 -9 -10 11 -12 -13
leaf_value=0.00054389324588959833 -0.0043922325514325743 0.0030604028506562688 0.016810871413908898 -0.0054894875141326335 0.00026633152918950506 0.00026633152918950506 0.010938389235072666 0.0076780396595131604 -0.0027167266718243033 0.00026633152918950506 -0.0014522262249699459 -0.0010443906107595047
leaf_weight=432 44 52 32 48 273 336 54 56 43 789 257 455
leaf_count=432 44 52 32 48 273 336 54 56 43 789 257 455
internal_value=0 0.00393618 0.00829868 -4.10074e-05 5.60342e-05 0.000869901 0.00231661 0.00136257 -0.000337238 -0.000187726 -0.00136562 0.000266332
internal_weight=0 128 84 2743 2695 878 542 488 1817 1774 530 1244
internal_count=2871 128 84 2743 2695 878 542 488 1817 1774 530 1244
is_linear=0
shrinkage=0.03


Tree=468
num_leaves=15
num_cat=0
split_feature=17 3 17 7 8 3 17 3 3 3 4 7 3 18
split_gain=2.02821 4.86193 3.9157 1.513 0.869715 2.0819 4.66088 2.63777 0.869466 2.18885 1.36526 0.983774 0.607117 0.0820099
threshold=0.048605617977528111 0.036800000000000006 0.05910561797752812 -0.25914999999999994 0.17830000000000004 0.11275000000000002 0.037179775280898865 0.088700000000000015 0.011100000000000002 0.008550000000000002 0.04370000000000001 -0.28939999999999994 0.045700000000000011 4.5000000000000009
decision_type=2 2 2 2 2 2 2 2 2 2 2 2 2 2
left_child=3 -2 -3 4 5 6 7 -1 9 10 -6 12 -10 -13
right_child=1 2 -4 -5 8 -7 -8 -9 11 -11 -12 13 -14 -15
leaf_value=0.00052757643657969306 -0.0042604655946541408 0.0029685908210320541 0.016306545061524957 -0.0053248026833171026 0.00024898500773516783 0.00024898500773516783 0.010610237510667907 0.0074476984681262235 0.00024898500773516783 -0.0026380727390184935 -0.0026380727390184935 -0.0011945438656416627 -0.00059139332915321516 -0.0026380727390184935
leaf_weight=432 44 52 32 48 411 336 54 56 434 86 33 40 779 34
leaf_count=432 44 52 32 48 411 336 54 56 434 86 33 40 779 34
internal_value=0 0.00381809 0.00804972 -4.53734e-05 4.86572e-05 0.000823941 0.00224712 0.00132169 -0.000325971 -0.00134861 -0.000103978 9.51619e-05 0.000248985 -0.00263807
internal_weight=0 128 84 2743 2695 878 542 488 1817 530 444 1287 1213 74
internal_count=2871 128 84 2743 2695 878 542 488 1817 530 444 1287 1213 74
is_linear=0
shrinkage=0.03


Tree=469
num_leaves=16
num_cat=0
split_feature=17 3 16 7 3 12 8 3 12 12 16 7 3 18 3
split_gain=1.91357 4.57459 4.78958 1.42074 0.828383 1.98482 5.83402 1.27819 1.40661 1.11416 0.981615 1.17374 0.797482 0.547357 0.666523
threshold=0.048605617977528111 0.036800000000000006 -54.493149438202259 -0.25914999999999994 0.22055000000000002 -2.0460101123595478 0.17830000000000004 0.31860000000000005 -0.72932752808988954 1.1377595505617999 -41.099750561797627 -0.37404999999999994 0.018400000000000003 4.5000000000000009 0.26200000000000007
decision_type=2 2 2 2 2 2 2 2 2 2 2 2 2 2 2
left_child=3 -2 -3 4 5 6 -1 13 -9 -10 11 -7 -12 14 -6
right_child=1 2 -4 -5 7 10 -8 8 9 -11 12 -13 -14 -15 -16
leaf_value=0.015137699902057648 -0.0041326514258980748 0.0020458384630653789 0.016713730814782054 -0.0051650587712356354 -0.0025615396688254792 0.0034310929849743839 -0.0025615396688254792 0.0052575067949170865 -0.0025583617352684467 0.003840189347551628 -0.00047530040875671419 -0.0025615396688254792 0.00070470344045006443 -0.0025615396688254792 0.0012984313502769312
leaf_weight=30 44 51 33 48 44 30 35 45 95 33 855 57 1298 99 74
leaf_count=30 44 51 33 48 44 30 35 45 95 33 855 57 1298 99 74
internal_value=0 0.00370355 0.00780822 -4.9139e-05 4.19794e-05 0.000258328 0.00542622 -0.0012367 0.000695201 -0.000908735 0.000108367 -0.00256154 0.0002361 -0.00256154 -0.000497556
internal_weight=0 128 84 2743 2695 2305 65 390 173 128 2240 87 2153 217 118
internal_count=2871 128 84 2743 2695 2305 65 390 173 128 2240 87 2153 217 118
is_linear=0
shrinkage=0.03


Tree=470
num_leaves=17
num_cat=0
split_feature=12 7 4 12 12 3 3 8 0 15 3 15 3 8 16 14
split_gain=1.48655 2.83302 1.30019 5.30556 4.43137 9.7675 0.877433 3.51881 2.36277 0.560729 0.680892 1.38669 0.627273 0.345355 0.182705 0.00433398
threshold=-2.0850101123595475 -0.31324999999999997 0.22315000000000004 -1.9340101123595479 -1.9590101123595483 0.016050000000000005 0.10560000000000001 0.19235000000000002 0.29825000000000007 10.228291011235957 0.064250000000000015 6.3787910112359567 0.045700000000000011 0.20400000000000004 -79.803649438202271 -0.31731348314606733
decision_type=2 2 2 2 2 2 2 2 2 2 2 2 2 2 2 2
left_child=1 -1 4 -4 5 -2 7 8 -5 10 12 -12 -6 -8 15 -11
right_child=2 -3 3 6 9 -7 13 -9 -10 14 11 -13 -14 -15 -16 -17
leaf_value=0.0017540234109037554 -0.00035192410302893319 -0.01077366735108874 -0.013444054394960403 -0.0054834360925963633 0.00052897367611855076 0.020780037507414816 -0.00035192410302893319 -0.011509946089136065 -0.00035192410302893319 0.0016328710035943403 0.0010146107064169232 0.0076458267624219577 -0.00035192410302893319 -0.0032765281593310643 -0.00035192410302893319 0.001226928407725479
leaf_weight=32 30 33 30 81 1010 30 491 32 70 41 336 31 123 48 372 56
leaf_count=32 30 33 30 81 1010 30 491 32 70 41 336 31 123 48 372 56
internal_value=0 -0.00460619 -1.66222e-05 -0.00108213 0.000378283 0.00840978 -0.000568478 -0.00247331 -0.000558257 0.000133545 0.000451697 0.00157474 8.7922e-05 -0.000351924 -0.000351924 0.00139851
internal_weight=0 65 2781 752 2029 60 722 183 151 1969 1500 367 1133 539 469 97
internal_count=2846 65 2781 752 2029 60 722 183 151 1969 1500 367 1133 539 469 97
is_linear=0
shrinkage=0.03


Tree=471
num_leaves=9
num_cat=0
split_feature=17 4 12 3 18 17 3 17
split_gain=4.00744 0.743198 1.69983 4.91418 0.825134 0.411655 0.40944 0.421865
threshold=0.05910561797752812 0.57935000000000014 -1.9340101123595479 0.038500000000000006 4.5000000000000009 -0.055394382022471871 0.00040000000000000002 0.055605617977528117
decision_type=2 2 2 2 2 2 2 2
left_child=1 2 3 -1 -3 -4 -7 -8
right_child=-2 4 5 -5 -6 6 7 -9
leaf_value=-0.0013272825045390891 -0.0082141646297855496 -0.0013272825045390891 -0.0013272825045390891 0.011054220089609636 -0.0060511187164158358 -0.0013272825045390891 6.998725717604918e-05 0.0030341087175871839
leaf_weight=51 54 41 82 47 41 67 2419 44
leaf_count=51 54 41 82 47 41 67 2419 44
internal_value=0 3.70482e-05 0.000122189 0.00400113 -0.00277675 -2.33454e-05 5.17742e-05 0.000122939
internal_weight=0 2792 2710 98 82 2612 2530 2463
internal_count=2846 2792 2710 98 82 2612 2530 2463
is_linear=0
shrinkage=0.03


Tree=472
num_leaves=12
num_cat=0
split_feature=17 4 17 8 3 18 16 17 3 3 3
split_gain=3.76908 0.684497 1.47268 4.50174 4.28698 0.785374 0.407844 0.555824 0.84338 0.513379 0.274426
threshold=0.05910561797752812 0.57935000000000014 0.046605617977528137 0.17515000000000003 0.04200000000000001 4.5000000000000009 -41.099750561797627 -0.0067146067415730362 0.098450000000000024 0.036800000000000006 0.037750000000000006
decision_type=2 2 2 2 2 2 2 2 2 2 2
left_child=1 2 6 -4 -5 -3 10 8 -8 -9 -1
right_child=-2 5 3 4 -6 -7 7 9 -10 -11 -12
leaf_value=0.0014439724412347588 -0.007967739909266431 -0.0012750269407378893 0.011772324801064455 -0.0012750269407378893 0.0058193548351109393 -0.0058695852633838244 0.00011462836688140903 -0.00022489131942039911 -0.0012750269407378893 0.0010206768062244465 -0.0012750269407378893
leaf_weight=42 54 41 39 59 48 41 872 520 373 697 60
leaf_count=42 54 41 39 59 48 41 872 520 373 697 60
internal_value=0 3.43149e-05 0.000116024 0.00304674 -0.000133615 -0.00266608 -5.08573e-05 3.25538e-05 -0.000413109 0.00048847 -0.00127503
internal_weight=0 2792 2710 146 107 82 2564 2462 1245 1217 102
internal_count=2846 2792 2710 146 107 82 2564 2462 1245 1217 102
is_linear=0
shrinkage=0.03


Tree=473
num_leaves=18
num_cat=0
split_feature=17 4 12 3 12 3 8 0 3 3 1 3 4 14 17 8 2
split_gain=3.54164 0.633881 2.56065 5.90238 1.71307 0.735485 4.61277 0.927903 0.486131 2.43345 0.460255 4.11752 0.448499 0.436913 0.419083 0.411958 0.0740921
threshold=0.05910561797752812 0.22315000000000004 -1.9590101123595483 0.016050000000000005 -2.0460101123595478 0.11310000000000002 0.19365000000000002 0.29825000000000007 0.071700000000000014 0.11230000000000001 0.034700000000000009 0.019650000000000004 0.015200000000000002 -0.0049134831460674313 -0.0048241573033707954 0.20400000000000004 0.0018500000000000003
decision_type=2 2 2 2 2 2 2 2 2 2 2 2 2 2 2 2 2
left_child=1 2 3 -1 -3 6 7 -6 10 13 11 -4 -12 -10 -11 16 -7
right_child=-2 4 8 -5 5 15 -8 -9 9 14 12 -13 -14 -15 -16 -17 -18
leaf_value=-0.00020410684532482748 -0.0077287075171868008 -0.0077378574013710023 0.00029877345969361115 0.014864236207778698 -0.0031391935244193011 -0.00020410684532482748 -0.01214481087100199 -0.00020410684532482748 0.0034748176712652338 -0.00020410684532482748 0.00029877345969361115 0.0072002785542863417 -0.00020410684532482748 0.0076342645687300986 0.0010609728740410336 -0.0041923233514535238 -0.0021982150983891756
leaf_weight=30 54 30 334 35 97 401 34 118 51 130 231 80 865 41 237 32 46
leaf_count=30 54 30 334 35 97 401 34 118 51 130 231 80 865 41 237 32 46
internal_value=0 2.81551e-05 0.000304103 0.00616261 -0.000712316 -0.000422802 -0.00187689 -0.000253129 0.000110703 0.000965686 -0.000149189 0.000801654 -0.000204107 0.00532848 -0.000127986 -0.000204107 -0.000204107
internal_weight=0 2792 2034 65 758 728 249 215 1969 459 1510 414 1096 92 367 479 447
internal_count=2846 2792 2034 65 758 728 249 215 1969 459 1510 414 1096 92 367 479 447
is_linear=0
shrinkage=0.03


Tree=474
num_leaves=9
num_cat=0
split_feature=17 4 12 3 14 17 3 16
split_gain=3.32825 0.608566 1.38306 4.54827 0.831325 0.373846 0.375879 0.377157
threshold=0.05910561797752812 0.57935000000000014 -1.9340101123595479 0.038500000000000006 0.029631460674157343 -0.055394382022471871 0.00040000000000000002 -81.076149438202251
decision_type=2 2 2 2 2 2 2 2
left_child=1 2 3 -1 -3 -4 -7 -8
right_child=-2 4 5 -5 -6 6 7 -9
leaf_value=-0.0012118759726604143 -0.0074968461899293792 -0.0012118759726604143 -0.0012118759726604143 0.010421970889289327 -0.0064834472344955426 -0.0012118759726604143 0.0028641487926837393 6.1489750701825715e-05
leaf_weight=51 54 50 82 47 32 67 44 2419
leaf_count=51 54 50 82 47 32 67 44 2419
internal_value=0 2.27098e-05 9.97539e-05 0.00359865 -0.00252351 -3.15216e-05 4.16715e-05 0.000111558
internal_weight=0 2792 2710 98 82 2612 2530 2463
internal_count=2846 2792 2710 98 82 2612 2530 2463
is_linear=0
shrinkage=0.03


Tree=475
num_leaves=18
num_cat=0
split_feature=12 12 4 3 3 15 3 3 3 3 3 3 3 3 7 8 14
split_gain=1.2566 2.32975 5.05497 6.66354 3.53348 0.731004 1.00499 0.704282 0.737212 0.65642 0.445197 2.14492 1.59118 1.30417 2.22379 1.29293 1.09264
threshold=-2.0850101123595475 -1.9055101123595468 0.083550000000000013 0.11255000000000003 0.0074000000000000012 -20.411350561797729 0.15055000000000004 0.11055000000000001 0.051100000000000007 0.1082 0.11865000000000002 0.098450000000000024 0.085450000000000012 0.17515000000000003 -0.33544999999999997 0.18755000000000002 0.018131460674157333
decision_type=2 2 2 2 2 2 2 2 2 2 2 2 2 2 2 2 2
left_child=9 2 4 -4 -2 6 7 8 -3 -1 11 12 -7 14 -12 -15 -13
right_child=1 5 3 -5 -6 10 -8 -9 -10 -11 13 16 -14 15 -16 -17 -18
leaf_value=0.0072775560356676573 -0.0032555609864391238 -0.00037235439436247684 -0.016627632308196513 -0.0032555609864391238 0.0066853655419415901 0.00011940622427535824 -0.0052958950982429087 0.0035706040569611131 -0.0051036483155110397 0.0010017941370606422 0.0058007755475567666 -0.0013021289382200939 0.0065019966413577398 0.0013410820505434125 -0.00067115673827457007 -0.0018891728194347737 -0.0059521343116019226
leaf_weight=30 32 149 47 49 54 1495 51 31 37 30 106 118 36 257 87 197 74
leaf_count=30 32 149 47 49 54 1495 51 31 37 30 106 118 36 257 87 197 74
internal_value=0 -0.000247817 -0.00353069 -0.00826284 0.00175171 -2.13268e-05 -0.00150641 -0.000615793 -0.00131353 0.00413968 0.000146607 -0.000105354 0.000269487 0.000817593 0.00288338 -6.05924e-05 -0.00309432
internal_weight=0 2820 182 96 86 2638 268 217 186 60 2370 1723 1531 647 193 454 192
internal_count=2880 2820 182 96 86 2638 268 217 186 60 2370 1723 1531 647 193 454 192
is_linear=0
shrinkage=0.03


Tree=476
num_leaves=18
num_cat=0
split_feature=12 12 4 3 3 15 3 3 3 3 3 3 3 3 7 8 14
split_gain=1.18209 2.18324 4.67507 6.31886 3.35782 0.687802 0.945599 0.662659 0.693643 0.617625 0.418886 2.01815 1.49714 1.22709 2.09236 1.21652 1.02806
threshold=-2.0850101123595475 -1.9055101123595468 0.083550000000000013 0.11255000000000003 0.0074000000000000012 -20.411350561797729 0.15055000000000004 0.11055000000000001 0.051100000000000007 0.1082 0.11865000000000002 0.098450000000000024 0.085450000000000012 0.17515000000000003 -0.33544999999999997 0.18755000000000002 0.018131460674157333
decision_type=2 2 2 2 2 2 2 2 2 2 2 2 2 2 2 2 2
left_child=9 2 4 -4 -2 6 7 8 -3 -1 11 12 -7 14 -12 -15 -13
right_child=1 5 3 -5 -6 10 -8 -9 -10 -11 13 16 -14 15 -16 -17 -18
leaf_value=0.0070592294000089159 -0.0031533226452640606 -0.00036118370196438278 -0.016128803925945401 -0.0031533226452640606 0.006484804808989995 0.00011582402201282969 -0.0051370184408391214 0.0034634858345793137 -0.0049505388293088082 0.00097173983603715899 0.0056267523045985483 -0.0012630651047121795 0.006306936788993577 0.0013008496670074152 -0.00065102197422549639 -0.0018324976575177937 -0.0057735701649279858
leaf_weight=30 32 149 47 49 54 1495 51 31 37 30 106 118 36 257 87 197 74
leaf_count=30 32 149 47 49 54 1495 51 31 37 30 106 118 36 257 87 197 74
internal_value=0 -0.00023994 -0.00341791 -0.00796877 0.00166212 -2.0687e-05 -0.00146122 -0.000597319 -0.00127412 0.00401548 0.000142208 -0.000102193 0.000261402 0.000793065 0.00279687 -5.87746e-05 -0.00300149
internal_weight=0 2820 182 96 86 2638 268 217 186 60 2370 1723 1531 647 193 454 192
internal_count=2880 2820 182 96 86 2638 268 217 186 60 2370 1723 1531 647 193 454 192
is_linear=0
shrinkage=0.03


Tree=477
num_leaves=15
num_cat=0
split_feature=12 12 4 3 3 15 3 3 3 3 3 3 3 13
split_gain=1.11199 2.04575 4.32594 5.85807 4.3838 0.647153 0.889714 0.623496 0.652649 0.581124 0.417222 0.431952 0.566609 0.521518
threshold=-2.0850101123595475 -1.9055101123595468 0.12835000000000002 0.13735000000000003 0.016050000000000005 -20.411350561797729 0.15055000000000004 0.11055000000000001 0.051100000000000007 0.1082 0.00040000000000000002 0.0016000000000000001 0.012550000000000002 -0.85197977528089808
decision_type=2 2 2 2 2 2 2 2 2 2 2 2 2 2
left_child=9 2 4 -4 -2 6 7 8 -3 -1 -7 13 -13 -12
right_child=1 5 3 -5 -6 10 -8 -9 -10 -11 11 12 -14 -15
leaf_value=0.006847452603280544 -0.0036654115088607126 -0.00035034820079590952 -0.015447653584620531 -0.0036654115088607126 0.0080648090817372897 -0.0024444653474387122 -0.0049829078153433163 0.0033595813305920832 -0.0048020227168485323 0.00094258821010589596 0.0044751325890082742 -0.00078491828809341155 0.00036863601891031818 0.00014644604481079361
leaf_weight=30 54 149 51 33 44 55 51 31 37 30 46 493 1721 55
leaf_count=30 54 149 51 33 44 55 51 31 37 30 46 493 1721 55
internal_value=0 -0.000232303 -0.00330857 -0.0083043 0.000973482 -2.00664e-05 -0.00141738 -0.0005794 -0.0012359 0.00389502 0.000137942 0.000199295 0.00011177 0.00211793
internal_weight=0 2820 182 84 98 2638 268 217 186 60 2370 2315 2214 101
internal_count=2880 2820 182 84 98 2638 268 217 186 60 2370 2315 2214 101
is_linear=0
shrinkage=0.03


Tree=478
num_leaves=17
num_cat=0
split_feature=12 12 4 1 7 4 15 4 7 14 7 17 17 7 0 15
split_gain=1.04544 1.89518 4.05424 3.10514 4.19656 1.30322 0.608906 0.700713 0.641484 0.56527 0.437893 0.389167 1.54023 0.504553 0.409984 0.577259
threshold=-2.0850101123595475 -1.9055101123595468 0.024400000000000002 0.38980000000000009 -0.33544999999999997 0.41790000000000005 -20.411350561797729 0.31575000000000003 -0.36564999999999998 -0.31731348314606733 -0.32419999999999999 -0.0048241573033707954 -0.0030544943820224597 -0.41099999999999998 1.0000000180025095e-35 -8.6613668539325825
decision_type=2 2 2 2 2 2 2 2 2 2 2 2 2 2 2 2
left_child=10 2 -2 4 5 -4 7 8 -3 -10 -1 14 -13 -14 -8 -16
right_child=1 6 3 -5 -6 -7 11 -9 9 -11 -12 12 13 -15 15 -17
leaf_value=0.006341057244688272 0.0046279376031210023 0.0023904109777922325 -0.00056143804434052413 -0.014280497007071971 -0.0088199053519692639 -0.0046906716981548946 -0.0034051022430260976 -0.0050372231081128116 0.00014348291771506868 -0.0028847811634738095 0.001215282555669546 0.0058985389931046437 0.0021847035983708972 8.967999270860551e-05 0.00093220161065406531 -0.00057254246380297736
leaf_weight=30 45 47 43 30 33 31 36 40 91 90 30 46 115 1031 318 824
leaf_count=30 45 47 43 30 33 31 36 40 91 90 30 46 115 1031 318 824
internal_value=0 -0.000223742 -0.00318464 -0.00575081 -0.00335931 -0.000561438 -1.94644e-05 -0.00137486 -0.000732339 -0.00154322 0.00377817 0.000133804 0.000515968 0.000299914 -0.000252902 -0.000153533
internal_weight=0 2820 182 137 107 74 2638 268 228 181 60 2370 1192 1146 1178 1142
internal_count=2880 2820 182 137 107 74 2638 268 228 181 60 2370 1192 1146 1178 1142
is_linear=0
shrinkage=0.03


Tree=479
num_leaves=13
num_cat=0
split_feature=0 17 16 8 16 15 1 8 3 8 16 15
split_gain=0.891847 0.914805 0.718163 0.876635 0.624931 0.588081 0.54212 0.809182 0.506521 0.433273 0.8616 0.249381
threshold=1.0000000180025095e-35 0.05910561797752812 -56.395149438202274 0.18815000000000001 7.1178606741572716 -20.411350561797729 0.58310000000000006 0.17830000000000004 0.062800000000000009 0.16710000000000003 43.358350561797756 -5.7213932584269651
decision_type=2 2 2 2 2 2 2 2 2 2 2 2
left_child=4 2 3 8 -1 9 7 -7 -2 -4 -11 -8
right_child=1 -3 5 -5 -6 6 11 -9 -10 10 -12 -13
leaf_value=-0.0068643261250108485 0.0036039536511120588 0.0039273533400367294 0.0019786710484373956 -0.0018050676679064567 -0.0018050676679064567 0.0011018502425882005 -0.00079054535261203368 -0.00014003256616744431 -0.00018095564341463158 -0.0018050676679064567 9.1047332807121445e-05 -0.0018050676679064567
leaf_weight=30 46 51 31 70 37 668 31 1611 31 119 114 41
leaf_count=30 46 51 31 70 37 668 31 1611 31 119 114 41
internal_value=0 -5.39701e-05 -0.000127485 -0.00180507 -0.00355617 -1.07277e-05 0.00014003 0.000223977 0.00144316 -0.00135327 -0.00179658 -0.00180507
internal_weight=0 2813 2762 147 67 2615 2351 2279 77 264 233 72
internal_count=2880 2813 2762 147 67 2615 2351 2279 77 264 233 72
is_linear=0
shrinkage=0.03


Tree=480
num_leaves=23
num_cat=0
split_feature=15 12 5 3 12 17 8 6 3 12 4 17 15 17 0 13 3 15 4 3 3 3
split_gain=0.972613 2.59741 3.48087 1.62677 5.24804 4.35832 1.6965 1.50054 1.57858 1.03914 0.898107 1.00573 1.34132 0.734362 0.722648 0.591506 1.22185 0.547433 1.46469 0.666083 0.452201 0.427058
threshold=1.0000000180025095e-35 -0.86468426966292344 0.30945000000000006 0.15205000000000005 -1.9340101123595479 0.048605617977528111 0.16905000000000001 -0.014399999999999998 0.080850000000000019 -1.5966842696629227 0.44185000000000002 0.023074157303370816 6.3787910112359567 0.022179775280898904 0.029800000000000004 3.9167595505617965 0.030300000000000004 -0.21830112359550566 0.12700000000000003 0.011100000000000002 0.13965000000000002 0.088700000000000015
decision_type=2 2 2 2 2 2 2 2 2 2 2 2 2 2 2 2 2 2 2 2 2 2
left_child=1 2 -1 4 -2 10 9 13 -9 -6 11 12 -5 -8 20 17 -17 19 -19 -16 -3 -11
right_child=3 14 -4 5 6 -7 7 8 -10 21 -12 -13 -14 -15 15 16 -18 18 -20 -21 -22 -23
leaf_value=0.013037041415843893 -0.010355583467292337 -0.0047116712659639728 0.00090848634656714761 -0.0010475195093034061 0.0067934376777460176 0.011365011950688703 -0.0029392351129952864 0.00023855066276339611 -0.0025484974996936426 0.00059788493868974911 -0.0032496551738059399 -0.0010475195093034061 0.0053568008803236093 -0.0084525837670080366 -0.0010007503497109107 0.0076114244982600204 -0.00069512377164381392 0.0059690412058856102 -0.0010868716689144623 0.00050312992164773464 -0.0010868716689144623 0.0040984022745396941
leaf_weight=34 53 44 57 31 36 35 79 474 147 71 58 48 69 30 358 30 34 49 30 1021 36 32
leaf_count=34 53 44 57 31 36 35 79 474 147 71 58 48 69 30 358 30 34 49 30 1021 36 32
internal_value=0 0.000509736 0.00544003 -0.000617078 -0.00119072 0.0015775 -0.000631754 -0.00121016 -0.000640324 0.00240593 -8.54214e-05 0.00115462 0.00298096 -0.00445667 0.000229675 0.000375756 0.00319857 0.000251846 0.00268056 0.00011271 -0.0025495 0.000872435
internal_weight=0 1693 91 1163 922 241 869 730 621 139 206 148 100 109 1602 1522 64 1458 79 1379 80 103
internal_count=2856 1693 91 1163 922 241 869 730 621 139 206 148 100 109 1602 1522 64 1458 79 1379 80 103
is_linear=0
shrinkage=0.03


Tree=481
num_leaves=22
num_cat=0
split_feature=15 12 5 3 12 17 1 7 16 1 3 17 17 3 16 3 3 17 16 13 16
split_gain=0.929526 2.444 3.27515 1.52234 4.92994 4.11323 1.49659 1.3629 1.15154 1.13661 1.96364 0.527398 0.515909 0.866684 0.831364 0.532257 3.80321 1.27926 0.490659 0.281588 0.126725
threshold=1.0000000180025095e-35 -0.86468426966292344 0.30945000000000006 0.15205000000000005 -1.9340101123595479 0.048605617977528111 0.10295000000000001 -0.43159999999999993 -23.769555056179737 0.011750000000000002 0.075750000000000012 0.013175842696629221 -0.034894382022471852 0.06795000000000001 33.325080898876372 0.098450000000000024 0.080850000000000019 -0.004324157303370795 -23.644359550561884 -2.9267404494382041 -9.9194191011236494
decision_type=2 2 2 2 2 2 2 2 2 2 2 2 2 2 2 2 2 2 2 2 2
left_child=1 2 -1 4 -2 6 8 18 19 20 -11 -10 13 -3 15 16 -14 -17 -6 -5 -9
right_child=3 12 -4 5 7 -7 -8 9 11 10 -12 -13 14 -15 -16 17 -18 -19 -20 -21 -22
leaf_value=0.012645930440767722 -0.010044916062000787 0.00031682577501568527 0.00088123231096879425 0.0026025382836814969 0.0062781632859259841 0.011024061482931885 -0.0043898136789600048 0.0011939447430788874 0.0023137723145427534 -0.00059974472196774777 -0.0045069328114096937 -0.001482730556900813 0.00024075440444964674 -0.0058542004244571382 0.0040427116627963083 -0.001966069139147454 0.0096930540455505247 0.0010297504744746469 0.0012293668718236248 0.0067129250271245836 -0.00010747407530153945
leaf_weight=34 53 54 57 30 30 35 54 56 37 559 146 55 907 33 53 273 40 242 41 30 37
leaf_count=34 53 54 57 30 30 35 54 56 37 559 146 55 907 33 53 273 40 242 41 30 37
internal_value=0 0.000494344 0.00527683 -0.000607227 -0.00116215 0.00151574 -9.97493e-05 -0.00062039 0.00142435 -0.000974772 -0.00140889 -0.000684373 0.00022268 -0.00202391 0.000351692 0.000217886 0.000640007 -0.000558325 0.00336266 0.00465773 0.00119394
internal_weight=0 1693 91 1163 922 241 206 869 152 798 705 92 1602 87 1515 1462 947 515 71 60 93
internal_count=2856 1693 91 1163 922 241 206 869 152 798 705 92 1602 87 1515 1462 947 515 71 60 93
is_linear=0
shrinkage=0.03


Tree=482
num_leaves=24
num_cat=0
split_feature=15 12 8 1 13 15 7 15 7 12 1 0 4 13 0 18 15 4 8 17 4 8 18
split_gain=0.870984 2.29956 3.19684 1.23248 3.12973 1.38559 1.4327 0.823507 0.758743 3.0177 0.692794 0.651609 0.598523 0.556054 0.683422 0.532631 0.504443 1.393 0.529929 0.357733 0.338061 0.160505 0.0874092
threshold=1.0000000180025095e-35 -0.86468426966292344 0.17605000000000001 0.36825000000000002 -2.9677404494382045 20.332649438202257 -0.36449999999999994 30.472062359550563 -0.3169499999999999 -1.7362831460674142 0.012900000000000002 0.029800000000000004 0.017550000000000003 3.9167595505617965 0.57220000000000015 4.5000000000000009 -0.21830112359550566 0.12700000000000003 0.14540000000000003 0.042839887640449471 0.43420000000000009 0.17230000000000004 4.5000000000000009
decision_type=2 2 2 2 2 2 2 2 2 2 2 2 2 2 2 2 2 2 2 2 2 2 2
left_child=1 2 -1 5 -5 8 19 12 9 -2 -11 15 -8 16 -15 -3 18 -18 -13 20 -7 -6 -10
right_child=3 11 -4 4 21 6 7 -9 22 10 -12 13 -14 14 -16 -17 17 -19 -20 -21 -22 -23 -24
leaf_value=0.012231011241674423 0.0085317530753937637 -0.0047867516241967677 0.00067322707019879348 -0.011059208529380461 -0.0017322587433124083 0.0053575194525447758 0.0021758649368062793 -0.0017322587433124083 -0.00093860722933751853 0.0032233769582671809 -0.00093860722933751853 0.004044618217041716 -0.00015151534423038556 8.693943985483863e-05 0.0062901682815244119 -0.0010341637294740285 0.0057836153252021766 -0.0010341637294740285 1.3312966514437813e-05 0.0065195772854181435 0.0021758649368062793 -0.0043138586431741713 -0.0017322587433124083
leaf_weight=35 33 45 56 36 58 33 64 53 128 36 318 30 154 33 31 35 49 30 1349 39 30 45 136
leaf_count=35 33 45 56 36 58 33 64 53 128 36 318 30 154 33 31 35 49 30 1349 39 30 45 136
internal_value=0 0.000479514 0.00511853 -0.000586805 -0.00323753 -0.000226991 0.0012309 9.02287e-05 -0.00106231 -0.000144956 -0.000938607 0.000215999 0.0010116 0.000354714 0.00309163 -0.00242304 0.000234575 0.00256598 0.000101014 0.0042615 0.00286364 -0.00173226 -0.00173226
internal_weight=0 1693 91 1163 139 1024 373 271 651 387 354 1602 218 1522 64 80 1458 79 1379 102 63 103 264
internal_count=2856 1693 91 1163 139 1024 373 271 651 387 354 1602 218 1522 64 80 1458 79 1379 102 63 103 264
is_linear=0
shrinkage=0.03


Tree=483
num_leaves=26
num_cat=0
split_feature=15 16 8 15 17 13 1 8 1 7 13 8 14 7 15 4 0 13 0 8 13 14 17 4 4
split_gain=0.830135 1.7359 2.77995 1.16767 2.04336 1.27894 1.63157 2.67306 0.91824 1.32055 0.844499 0.779481 0.81559 0.721768 0.531433 1.12842 0.496055 0.562983 0.643031 0.492568 0.452377 0.447135 0.342188 0.320689 0.277499
threshold=1.0000000180025095e-35 -30.741859550561909 0.17605000000000001 20.332649438202257 -0.0073202247191011252 -2.011842696629214 0.17295000000000002 0.19835000000000003 0.34970000000000007 -0.36449999999999994 -1.8418426966292143 0.18650000000000003 0.63245730337078687 -0.41994999999999999 -0.33095898876404556 0.12835000000000002 0.029800000000000004 3.9167595505617965 0.57220000000000015 0.14540000000000003 -0.8109797752808986 -0.0049134831460674313 0.042839887640449471 0.43420000000000009 0.068550000000000014
decision_type=2 2 2 2 2 2 2 2 2 2 2 2 2 2 2 2 2 2 2 2 2 2 2 2 2
left_child=1 2 -1 4 13 6 7 -6 9 22 -7 -11 -13 -2 16 -16 21 19 -19 -18 -12 -3 23 -5 -15
right_child=3 14 -4 8 5 10 -8 -9 -10 11 20 12 -14 24 15 -17 17 18 -20 -21 -22 -23 -24 -25 -26
leaf_value=0.01180491306608723 -0.0013893834405368374 -0.0010111208423868297 -3.9002506860664907e-05 0.0051967936881225215 0.0028003484593785329 0.0037882858094293623 -0.0079270356392953534 -0.0045048733352130244 -0.0029781706838144196 0.0021111391167606833 -0.0010819861503615458 -0.00088463642749541836 0.00065797956497100601 -0.0051986499060876663 0.0054115924406617595 -0.0011571613928779614 0.0039232797492295508 8.4331367503512976e-05 0.0061014633048926629 3.6928439063959265e-05 0.00092328848940303066 -0.0048646017757377454 0.0063239900294977877 0.0021111391167606833 -0.0089467643550597119
leaf_weight=31 31 39 42 33 69 50 44 40 54 58 270 144 67 40 52 43 30 33 31 1357 162 35 39 30 32
leaf_count=31 31 39 42 33 69 50 44 40 54 58 270 144 67 40 52 43 30 33 31 1357 162 35 39 30 32
internal_value=0 0.000465272 0.00499061 -0.000575742 -0.00129711 -0.000661345 -0.00305101 -0.00108271 0.000676894 0.0012089 9.72008e-05 0.000106759 -0.00079518 -0.00521663 0.000261353 0.00243837 0.000125735 0.000247925 0.00299888 0.000120988 -0.000330008 -0.00227017 0.00411552 0.00274837 -0.00686448
internal_weight=0 1693 73 1163 738 635 153 109 425 371 482 269 211 103 1620 95 1525 1451 64 1387 432 74 102 63 72
internal_count=2856 1693 73 1163 738 635 153 109 425 371 482 269 211 103 1620 95 1525 1451 64 1387 432 74 102 63 72
is_linear=0
shrinkage=0.03


Tree=484
num_leaves=20
num_cat=0
split_feature=0 14 12 7 6 12 1 14 7 0 12 16 16 14 13 12 6 6 13
split_gain=0.73006 1.56724 1.28388 9.46394 6.01301 0.827905 0.74013 0.753478 0.675663 1.0314 0.576368 0.491187 0.465994 0.400438 0.371747 0.255592 0.223197 0.160384 0.123799
threshold=0.027950000000000003 0.21468651685393267 -2.0460101123595478 -0.34549999999999997 0.015400000000000002 -0.053882022471908535 0.011750000000000002 -0.17732359550561785 -0.31324999999999997 0.78890000000000005 0.15421685393258325 24.33174943820234 26.560249438202337 -0.31731348314606733 5.1930528089887646 -1.5672831460674155 0.044850000000000008 0.038850000000000003 1.7265202247191029
decision_type=2 2 2 2 2 2 2 2 2 2 2 2 2 2 2 2 2 2 2
left_child=1 17 3 4 -2 6 7 13 9 10 -7 18 15 -4 -13 -8 -9 -1 -10
right_child=2 -3 5 -5 -6 8 12 16 11 -11 -12 14 -14 -15 -16 -17 -18 -19 -20
leaf_value=-0.0035049494449049235 0.005551883319277297 -0.007736332345221723 0.0016635248488323254 -0.0010120722009676997 0.021445087858010081 0.0023271888208285609 -0.00012035807880403643 0.00022916158499876354 -0.00060573528018060391 0.0048867345125680516 0.00033490907857903503 -0.0010120722009676997 0.00022916158499876354 0.0064524918664246797 0.00027463160578724953 -0.0010120722009676997 0.0028526885449690251 -0.0010120722009676997 0.00027463160578724953
leaf_weight=36 30 35 33 73 32 159 330 41 176 56 734 228 114 30 49 512 38 58 92
leaf_count=36 30 35 33 73 32 159 330 41 176 56 734 228 114 30 49 512 38 58 92
internal_value=0 -0.00216689 0.000142743 0.00299502 0.0121158 -5.81346e-06 -0.000631228 0.00138974 0.000453829 0.000937306 0.000689637 -0.000388043 -0.000931413 0.00394399 -0.00101207 -0.00101207 0.000229162 -0.00101207 0.000274632
internal_weight=0 129 2727 135 62 2592 1098 142 1494 949 893 545 956 63 277 842 79 94 268
internal_count=2856 129 2727 135 62 2592 1098 142 1494 949 893 545 956 63 277 842 79 94 268
is_linear=0
shrinkage=0.03


Tree=485
num_leaves=18
num_cat=0
split_feature=7 17 0 15 5 13 5 8 0 18 8 14 13 15 2 5 16
split_gain=0.715493 2.87662 4.79177 2.47284 1.7027 2.51354 1.13862 2.60724 0.821789 1.78923 0.762204 0.646062 0.460284 0.311345 0.2095 0.100858 0.0219103
threshold=-0.34549999999999997 0.030277528089887654 0.54965000000000008 30.472062359550563 0.34595000000000004 -3.7709471910112358 0.31235000000000007 0.17880000000000004 0.57005000000000006 4.5000000000000009 0.20155000000000003 -0.0049134831460674313 -3.7709471910112358 6.775791011235957 0.27755000000000002 0.30245000000000005 7.1178606741572716
decision_type=2 2 2 2 2 2 2 2 2 2 2 2 2 2 2 2 2
left_child=1 8 4 6 5 -3 10 -8 15 -10 14 -9 -6 -12 -2 16 -1
right_child=3 2 -4 -5 12 -7 7 11 9 -11 13 -13 -14 -15 -16 -17 -18
leaf_value=0.0014673016370858555 0.00025765906564964016 0.0031198741725509895 0.015038482640539447 -0.0073094426060831821 0.0031198741725509895 0.0085249998554758049 -0.0012912345822356983 -0.0046357835829257963 0.0014673016370858555 0.0071819335545667195 -0.00051678775829302895 -0.010763780302513622 0.00025765906564964016 -0.0012912345822356983 -0.00051678775829302895 0.00025765906564964016 0.00086248035136774783
leaf_weight=38 1140 30 31 43 47 30 57 30 72 55 127 32 34 43 30 951 54
leaf_count=38 1140 30 31 43 47 30 57 30 72 55 127 32 34 43 30 951 54
internal_value=0 0.000734252 0.0043594 -0.000218934 0.00201152 0.00598209 -9.9605e-06 -0.00282226 0.000257659 0.00267694 0.000239788 -0.00779862 0.000257659 -0.00129123 0.000257659 0.000257659 0.0014673
internal_weight=0 1342 172 1502 141 60 1459 119 1170 127 1340 62 81 170 1170 1043 92
internal_count=2844 1342 172 1502 141 60 1459 119 1170 127 1340 62 81 170 1170 1043 92
is_linear=0
shrinkage=0.03


Tree=486
num_leaves=10
num_cat=0
split_feature=12 3 12 1 3 2 8 4 16
split_gain=0.804433 2.85186 1.30615 18.7805 0.718 0.70698 0.842673 2.04753 0.646658
threshold=-2.0850101123595475 0.11230000000000001 -2.0460101123595478 0.18615000000000001 1.0000000180025095e-35 0.27755000000000002 0.14540000000000003 0.35910000000000003 -25.922139325842746
decision_type=2 2 2 2 2 2 2 2 2
left_child=1 -1 3 -2 -4 6 7 -6 -8
right_child=2 -3 4 -5 5 -7 8 -9 -10
leaf_value=0.0027378963263971464 0.018162378190085291 -0.0098672323632054016 -0.0044265264887362711 -0.012164071522214832 0.0084292524359947038 -0.003446505912275904 -0.00080121088726885334 0.0015404626659974146 0.00042556573696490564
leaf_weight=35 40 30 30 34 43 46 477 66 2043
leaf_count=35 40 30 30 34 43 46 477 66 2043
internal_value=0 -0.00307986 0.000296358 0.0042286 0.000188785 0.000240545 0.000305058 0.00288757 0.000193354
internal_weight=0 65 2779 74 2705 2675 2629 109 2520
internal_count=2844 65 2779 74 2705 2675 2629 109 2520
is_linear=0
shrinkage=0.03


Tree=487
num_leaves=16
num_cat=0
split_feature=12 12 12 1 15 7 12 2 15 0 7 16 14 16 0
split_gain=0.756145 1.29742 2.63123 2.37413 3.96809 5.63925 1.62175 0.993382 0.82488 0.788849 0.698674 0.679272 1.63902 1.3661 0.368849
threshold=-2.0850101123595475 -1.5672831460674155 -1.2398275280898881 0.38980000000000009 8.9967910112359579 -0.34549999999999997 -1.7362831460674142 0.27755000000000002 32.275475280898881 0.32675000000000004 -0.34824999999999995 -25.922139325842746 -0.14745393258426964 -23.769555056179737 0.74755000000000005
decision_type=2 2 2 2 2 2 2 2 2 2 2 2 2 2 2
left_child=14 3 -3 4 5 -2 -5 11 9 -6 -10 12 -4 -13 -1
right_child=1 2 7 6 8 -7 -8 -9 10 -11 -12 13 -14 -15 -16
leaf_value=-0.0051453553727718402 0.018955661445856094 -0.0088266716189682477 -0.0022488953453344666 -0.0083931748501279123 -0.00044694098447043145 0.0012303527867687598 -0.00044694098447043145 -0.0046944560530276869 0.0046107036639004943 0.0029032024791854063 -0.00044694098447043145 0.004193035700289463 0.002285090236549788 0.00021648419972051288 -0.00062073512062911062
leaf_weight=34 30 30 158 33 36 35 32 38 30 215 40 81 82 1939 31
leaf_count=34 30 30 158 33 36 35 32 38 30 215 40 81 82 1939 31
internal_value=0 0.000285855 5.47354e-07 0.00175857 0.00265177 0.00941126 -0.00354566 0.000115785 0.00128303 0.0021579 -0.000446941 0.000196665 -0.00131223 0.00037594 -0.00298746
internal_weight=0 2779 2328 451 386 65 65 2298 321 251 70 2260 240 2020 65
internal_count=2844 2779 2328 451 386 65 65 2298 321 251 70 2260 240 2020 65
is_linear=0
shrinkage=0.03


Tree=488
num_leaves=21
num_cat=0
split_feature=12 3 12 12 3 12 17 5 3 17 15 16 13 16 7 3 12 3 16 7
split_gain=0.70951 2.63811 1.19918 2.47463 2.29426 9.02843 3.53373 11.4991 1.3342 1.19463 0.771034 0.563204 1.36955 1.34914 2.70168 0.80853 0.494564 0.407941 0.38021 0.625512
threshold=-2.0850101123595475 0.11230000000000001 -1.5672831460674155 -1.2398275280898881 0.062800000000000009 -1.9340101123595479 0.044445505617977561 0.29340000000000005 0.008550000000000002 0.037179775280898865 29.104062359550564 -25.922139325842746 -3.8334797752808982 -23.769555056179737 -0.34104999999999996 0.088700000000000015 2.0298039325842727 0.17060000000000003 -40.204750561797702 -0.36449999999999994
decision_type=2 2 2 2 2 2 2 2 2 2 2 2 2 2 2 2 2 2 2 2
left_child=1 -1 4 -4 6 -6 8 -8 10 -10 -2 12 17 14 -13 -14 -15 -5 19 -7
right_child=2 -3 3 11 5 18 7 -9 9 -11 -12 13 15 16 -16 -17 -18 -19 -20 -21
leaf_value=0.002697650948805468 0.001614958021876424 -0.0094259039387106901 -0.0085618713796138755 0.001329167873066451 0.019367589056491854 0.0029888730291277167 0.003970512844389304 -0.019246271329466252 0.0017593148044709648 0.0078288422612116694 -0.0045351047950680365 0.010348413363365189 -0.0061864251346560196 0.00025358106212046444 -0.00071190534604956268 -0.00039589837960460605 -0.0015330817258380205 -0.0024864049179814172 0.0034270989573997211 -0.0019607949321572148
leaf_weight=35 43 30 30 119 30 40 48 32 77 47 32 35 60 1821 46 34 151 32 48 54
leaf_count=35 43 30 30 119 30 40 48 32 77 47 32 35 60 1821 46 34 151 32 48 54
internal_value=0 -0.00289784 0.00027293 -1.36322e-06 0.0016888 0.00441396 8.76918e-06 -0.0053162 0.00214946 0.00405986 -0.00100907 0.000110393 -0.00124914 0.000272636 0.00406724 -0.00409198 0.000116773 0.00052057 0.00125474 0.000145447
internal_weight=0 65 2779 2328 451 172 279 80 199 124 75 2298 245 2053 81 94 1972 151 142 94
internal_count=2844 65 2779 2328 451 172 279 80 199 124 75 2298 245 2053 81 94 1972 151 142 94
is_linear=0
shrinkage=0.03


Tree=489
num_leaves=10
num_cat=0
split_feature=12 3 12 1 3 3 3 3 12
split_gain=0.667577 2.4822 1.15801 16.7439 0.668514 0.509647 0.537387 0.800191 0.788684
threshold=-2.0850101123595475 0.11230000000000001 -2.0460101123595478 0.18615000000000001 1.0000000180025095e-35 0.4391000000000001 0.22055000000000002 0.26200000000000007 2.0298039325842727
decision_type=2 2 2 2 2 2 2 2 2
left_child=1 -1 3 -2 -4 6 8 -8 -6
right_child=2 -3 4 -5 5 -7 7 -9 -10
leaf_value=0.0026167216843792371 0.01712386133149266 -0.0091431267075240616 -0.0042899724077433352 -0.011511021254255491 0.00045423372020541143 0.0033438734586715047 -0.0036010371242160611 -0.00015188052473611352 -0.0020441827884642404
leaf_weight=35 40 30 30 34 2171 46 79 259 120
leaf_count=35 40 30 30 34 2171 46 79 259 120
internal_value=0 -0.0028109 0.000264742 0.00396729 0.000163453 0.000213398 0.000158623 -0.000958044 0.000323369
internal_weight=0 65 2779 74 2705 2675 2629 338 2291
internal_count=2844 65 2779 74 2705 2675 2629 338 2291
is_linear=0
shrinkage=0.03


Tree=490
num_leaves=14
num_cat=0
split_feature=12 7 0 7 3 3 3 3 6 7 14 17 16
split_gain=2.66559 4.34425 4.90535 3.16109 1.00913 0.785108 2.52039 1.83264 1.03284 1.51419 0.985403 1.27788 0.925966
threshold=-1.9590101123595483 -0.30934999999999996 0.38135000000000002 -0.33849999999999997 0.4391000000000001 0.021000000000000001 0.019050000000000001 0.022050000000000004 -0.077549999999999994 -0.3098999999999999 0.0050865168539325776 0.013175842696629221 -25.922139325842746
decision_type=2 2 2 2 2 2 2 2 2 2 2 2 2
left_child=1 2 -1 -4 5 6 8 -7 -2 -10 12 -12 -9
right_child=4 -3 3 -5 -6 7 -8 10 9 -11 11 -13 -14
leaf_value=-0.0063789831284542103 -0.0037909706214442848 -0.012055376619100571 0.011871470239013433 -0.00074913584578591966 0.0045697211848261454 -0.0077160438746213906 0.0087170671090921938 -0.0013653404441012771 0.0022512549067435833 -0.00024569841207278711 -0.00035929627265745537 -0.0034470857467582346 0.00085067951347567649
leaf_weight=42 50 43 30 31 45 30 34 218 337 622 464 163 766
leaf_count=42 50 43 30 31 45 30 34 218 337 622 464 163 766
internal_value=0 -0.00404622 -0.00070259 0.00488071 0.00011441 3.97119e-05 0.000683298 -0.000369344 0.000412587 0.00063175 -0.000232534 -0.00116202 0.000359732
internal_weight=0 146 103 61 2729 2684 1043 1641 1009 959 1611 627 984
internal_count=2875 146 103 61 2729 2684 1043 1641 1009 959 1611 627 984
is_linear=0
shrinkage=0.03


Tree=491
num_leaves=13
num_cat=0
split_feature=17 4 14 8 7 1 4 4 7 1 14 3
split_gain=1.59942 0.702707 3.45489 0.967679 0.725246 1.37385 0.529574 0.470127 0.641952 0.732125 0.330858 0.282135
threshold=0.05910561797752812 0.53545000000000009 0.27495730337078667 0.15470000000000003 -0.27719999999999995 0.51270000000000016 0.17430000000000004 0.0087500000000000026 -0.29994999999999994 0.031100000000000006 -0.14745393258426964 0.0034000000000000007
decision_type=2 2 2 2 2 2 2 2 2 2 2 2
left_child=1 3 -3 4 5 -1 -6 10 9 -9 -5 -10
right_child=-2 2 -4 7 6 -7 -8 8 11 -11 -12 -13
leaf_value=0.0099530075296699518 -0.0053090060308862196 -0.0010527563615137835 -0.011500687613151967 0.00054170645841383226 0.0030971232577058183 0.0030971232577058183 0.0012403992698510273 0.00054170645841383226 -0.00049869677221809716 -0.00029317063090530574 0.0012403992698510273 -0.0010527563615137835
leaf_weight=31 52 94 30 80 48 33 30 374 81 1623 141 258
leaf_count=31 52 94 30 80 48 33 30 374 81 1623 141 258
internal_value=0 6.3026e-07 -0.0022076 0.000102083 0.00251258 0.00495385 0.0012404 -3.17815e-05 -0.000156986 5.53628e-05 0.0012404 -0.00105276
internal_weight=0 2823 124 2699 142 64 78 2557 2336 1997 221 339
internal_count=2875 2823 124 2699 142 64 78 2557 2336 1997 221 339
is_linear=0
shrinkage=0.03


Tree=492
num_leaves=14
num_cat=0
split_feature=12 7 0 7 3 3 3 3 6 7 17 17 3
split_gain=2.4649 4.03803 4.64441 2.98255 0.948602 0.728273 2.37068 1.7165 0.966455 1.42522 0.866838 2.16282 1.36533
threshold=-1.9590101123595483 -0.30934999999999996 0.38135000000000002 -0.33849999999999997 0.4391000000000001 0.021000000000000001 0.019050000000000001 0.022050000000000004 -0.077549999999999994 -0.3098999999999999 0.015281460674157312 1.0000000180025095e-35 0.038500000000000006
decision_type=2 2 2 2 2 2 2 2 2 2 2 2 2
left_child=1 2 -1 -4 5 6 8 -7 -2 -10 11 -9 -12
right_child=4 -3 3 -5 -6 7 -8 10 9 -11 12 -13 -14
leaf_value=-0.0061370926285925879 -0.0036684462692588567 -0.011609764476848203 0.011567593734711409 -0.00068054507698741271 0.0044325194976991044 -0.0074636142104864116 0.0084518271838040903 -0.00061617576997974668 0.0021809812516988963 -0.00024150339047053281 -0.0066001015425074926 0.0021567229536746668 -0.0008473293703761608
leaf_weight=42 50 43 30 31 45 30 34 951 337 622 43 345 272
leaf_count=42 50 43 30 31 45 30 34 951 337 622 43 345 272
internal_value=0 -0.00388805 -0.000664421 0.004776 0.000112891 4.04677e-05 0.000660322 -0.000353504 0.000397773 0.000609776 -0.0002211 0.00012198 -0.00163263
internal_weight=0 146 103 61 2729 2684 1043 1641 1009 959 1611 1296 315
internal_count=2875 146 103 61 2729 2684 1043 1641 1009 959 1611 1296 315
is_linear=0
shrinkage=0.03


Tree=493
num_leaves=14
num_cat=0
split_feature=12 3 5 3 3 3 3 3 6 8 17 17 3
split_gain=2.3529 2.28726 8.31434 1.11307 0.892539 0.685232 2.23057 1.61506 0.909338 1.14113 0.815608 2.035 1.28464
threshold=-1.9590101123595483 0.062800000000000009 0.29340000000000005 0.12705000000000002 0.4391000000000001 0.021000000000000001 0.019050000000000001 0.022050000000000004 -0.077549999999999994 0.18220000000000003 0.015281460674157312 1.0000000180025095e-35 0.038500000000000006
decision_type=2 2 2 2 2 2 2 2 2 2 2 2 2
left_child=1 2 -1 -3 5 6 8 -7 -2 -10 11 -9 -12
right_child=4 3 -4 -5 -6 7 -8 10 9 -11 12 -13 -14
leaf_value=0.00035775890459819714 -0.0035583929356187583 0.0045721177272498607 -0.019695737287402152 -0.0032039296163900478 0.0042995438389480112 -0.0072397055998444553 0.0081982724216547523 -0.00059769048866282809 0.0025823273924727211 5.3559615786745529e-05 -0.0064020983974427681 0.0020920212855157641 -0.00082190949199310338
leaf_weight=49 50 30 30 37 45 30 34 951 204 755 43 345 272
leaf_count=49 50 30 30 37 45 30 34 951 204 755 43 345 272
internal_value=0 -0.00379948 -0.00725749 0.000277883 0.000109504 3.92537e-05 0.000640512 -0.000342899 0.00038584 0.000591483 -0.000214467 0.000118321 -0.00158365
internal_weight=0 146 79 67 2729 2684 1043 1641 1009 959 1611 1296 315
internal_count=2875 146 79 67 2729 2684 1043 1641 1009 959 1611 1296 315
is_linear=0
shrinkage=0.03


Tree=494
num_leaves=15
num_cat=0
split_feature=12 0 8 8 6 4 1 8 16 16 4 6 5 8
split_gain=2.21384 1.98005 4.49769 0.542531 0.959876 0.805138 0.707523 1.46662 0.695362 0.678555 1.20166 0.536315 0.200688 0.151604
threshold=-1.9590101123595483 0.38135000000000002 0.19185000000000002 0.14540000000000003 -0.077549999999999994 0.015200000000000002 0.034700000000000009 0.18465000000000004 7.7131404494380726 -10.932419101123626 0.17430000000000004 0.011050000000000003 0.28440000000000004 0.19855000000000003
decision_type=2 2 2 2 2 2 2 2 2 2 2 2 2 2
left_child=1 -1 11 9 8 13 12 -8 -5 -2 -11 -3 -7 -6
right_child=3 2 -4 4 5 6 7 -9 -10 10 -12 -13 -14 -15
leaf_value=-0.008919536213080087 0.0046163766521890208 0.0015956522226333618 -0.0051365154752440181 -0.0069552336927623509 0.00087780586432464631 0.00035238541260338736 -0.00010377422111791727 -0.0016520276961950347 -0.0017262814552199029 0.0069427589662373066 0.00087780586432464631 0.0072682960778474807 -0.00010377422111791727 0.00035238541260338736
leaf_weight=45 53 30 41 31 308 394 768 676 36 30 85 30 209 139
leaf_count=45 53 30 41 31 308 394 768 676 36 30 85 30 209 139
internal_value=0 -0.00368549 -0.00135349 0.000106219 -2.11932e-06 9.30755e-05 -0.000173035 -0.000559934 -0.00354564 0.00175773 0.000877806 0.00443197 0.000352385 0.000877806
internal_weight=0 146 101 2729 2561 2494 2047 1444 67 168 115 60 603 447
internal_count=2875 146 101 2729 2561 2494 2047 1444 67 168 115 60 603 447
is_linear=0
shrinkage=0.03


Tree=495
num_leaves=22
num_cat=0
split_feature=3 12 3 3 7 3 3 0 3 18 14 7 5 5 3 3 0 12 7 16 3
split_gain=0.767115 2.9135 2.81524 2.04923 3.50042 1.83853 2.68617 2.584 2.2036 1.66026 1.59946 1.47533 1.21967 0.685166 2.12896 1.31538 1.16998 0.349245 0.392803 0.267332 0.409002
threshold=0.012550000000000002 -1.9055101123595468 0.016650000000000002 0.014400000000000001 -0.28829999999999995 0.018400000000000003 0.021000000000000001 0.88640000000000019 0.022050000000000004 4.5000000000000009 -0.0049134831460674313 -0.28649999999999992 0.27185000000000009 0.23240000000000002 0.010600000000000002 0.0092000000000000016 0.93500000000000016 1.5618157303370774 -0.3098999999999999 8.2705808988763483 0.0025500000000000006
decision_type=2 2 2 2 2 2 2 2 2 2 2 2 2 2 2 2 2 2 2 2 2
left_child=1 12 3 -2 -5 9 7 10 -8 -4 -7 -10 -1 15 17 19 -17 18 -15 20 -3
right_child=2 13 5 4 -6 6 8 -9 11 -11 -12 -13 -14 14 -16 16 -18 -19 -20 -21 -22
leaf_value=-0.0027324672754515302 0.00034422320715913718 0.0023888371602008374 -0.00014790017479647169 0.015741805138386553 0.0015970338472435549 -0.0015039114373212213 -0.0074869206412272009 0.01185926899094792 0.00048453606838083684 -0.009830671761184932 0.0069409065547362814 -0.0049612439278280364 -0.011090319574810563 1.8805783205125548e-05 -0.0071744378952872615 0.00086544840686744251 0.009176068898290396 -0.0023840792304412883 -0.0027435389533638954 1.8805783205125548e-05 1.8805783205125548e-05
leaf_weight=33 44 109 34 32 31 48 33 34 1678 30 34 46 30 226 43 31 30 55 51 151 45
leaf_count=33 44 109 34 32 31 48 33 34 1678 30 34 46 30 226 43 31 30 55 51 151 45
internal_value=0 -0.000518852 0.000574987 0.00531207 0.00878168 0.00031331 0.000484159 0.00490572 0.00019224 -0.0046867 0.00202254 0.000339231 -0.0067124 7.72511e-06 -0.000893503 0.000931115 0.00495264 -8.00087e-05 1.88058e-05 0.00012681 0.00127795
internal_weight=0 804 2044 107 63 1937 1873 116 1757 64 82 1724 63 741 375 366 61 332 277 305 154
internal_count=2848 804 2044 107 63 1937 1873 116 1757 64 82 1724 63 741 375 366 61 332 277 305 154
is_linear=0
shrinkage=0.03


Tree=496
num_leaves=22
num_cat=0
split_feature=3 12 3 8 3 8 3 3 13 3 18 7 13 5 5 3 3 16 13 7 5
split_gain=0.721066 2.74181 2.64882 4.01588 2.56187 1.863 1.7299 2.528 2.43009 2.07337 1.56214 1.38814 0.782293 0.757797 0.543121 1.97424 1.24711 0.429046 0.427423 0.184909 0.14215
threshold=0.012550000000000002 -1.9055101123595468 0.016650000000000002 0.19155000000000003 0.015200000000000002 0.18650000000000003 0.018400000000000003 0.021000000000000001 -1.7933426966292154 0.022050000000000004 4.5000000000000009 -0.28649999999999992 -2.9457404494382042 0.36040000000000005 0.23240000000000002 0.010600000000000002 0.0092000000000000016 -2.4819191011236508 -3.8547134831460665 -0.29334999999999994 0.23760000000000003
decision_type=2 2 2 2 2 2 2 2 2 2 2 2 2 2 2 2 2 2 2 2 2
left_child=1 5 3 4 -2 -1 10 8 -8 -9 -4 -11 18 -10 16 17 19 -16 -3 -14 -20
right_child=2 12 6 -5 -6 -7 7 9 13 11 -12 -13 14 -15 15 -17 -18 -19 20 -21 -22
leaf_value=-0.0011003274600952862 0.0041659587131192277 -0.00052365015548489554 -0.00014346318600206253 -0.0041584629707504062 0.01526955086417729 -0.01142984133891084 0.01150235116646132 -0.0072623129595409744 0.0044518071995612151 0.00046999997271113714 -0.0095357516855001448 -0.0048124066421397675 0.001869896982303437 -0.0013789047905593177 -0.0024291156572708336 -0.0075752108913953765 0.0047520519914821943 -0.00034401086430580841 0.0046069147760669392 -0.00034401086430580841 0.0020577414754245965
leaf_weight=30 45 34 34 30 32 33 34 33 47 1678 30 46 34 35 89 39 52 208 45 205 35
leaf_count=30 45 34 34 30 32 33 34 33 47 1678 30 46 34 35 89 39 52 208 45 205 35
internal_value=0 -0.000502732 0.000557767 0.00515271 0.00878044 -0.00651103 0.000303942 0.000469667 0.00475908 0.000186473 -0.0045461 0.000329054 8.09414e-06 0.00196309 -0.000407544 -0.00122924 0.000541221 -0.000395934 0.00229411 -0.000344011 0.00349165
internal_weight=0 804 2044 107 77 63 1937 1873 116 1757 64 1724 741 82 627 336 291 297 114 239 80
internal_count=2848 804 2044 107 77 63 1937 1873 116 1757 64 1724 741 82 627 336 291 297 114 239 80
is_linear=0
shrinkage=0.03


Tree=497
num_leaves=22
num_cat=0
split_feature=3 12 3 8 4 8 3 3 13 3 18 7 13 5 5 3 3 16 13 4 7
split_gain=0.674152 2.58266 2.49228 3.77854 2.41046 1.75289 1.62766 2.3786 2.28647 1.95083 1.46982 1.31408 0.73371 0.713011 0.497007 1.86675 1.17804 0.405421 0.402162 0.403684 0.173172
threshold=0.012550000000000002 -1.9055101123595468 0.016650000000000002 0.19155000000000003 0.044950000000000011 0.18650000000000003 0.018400000000000003 0.021000000000000001 -1.7933426966292154 0.022050000000000004 4.5000000000000009 -0.2715999999999999 -2.9457404494382042 0.36040000000000005 0.23240000000000002 0.010600000000000002 0.0092000000000000016 -2.4819191011236508 -3.8547134831460665 0.018850000000000002 -0.29334999999999994
decision_type=2 2 2 2 2 2 2 2 2 2 2 2 2 2 2 2 2 2 2 2 2
left_child=1 5 3 4 -2 -1 10 8 -8 -9 -4 -11 18 -10 16 17 20 -16 -3 -20 -14
right_child=2 12 6 -5 -6 -7 7 9 13 11 -12 -13 14 -15 15 -17 -18 -19 19 -21 -22
leaf_value=-0.0010673178527504203 0.014811464256345061 -0.00050794059205252454 -0.0001391592952559757 -0.0040337090536486358 0.0040409799876312416 -0.011086946197531439 0.011157280737054808 -0.0070444436574524103 0.0043182529600218258 0.00043125937201872239 -0.0092496790223522106 -0.0058016638391681251 0.0018137999885456176 -0.0013375375106198979 -0.0023562421649694441 -0.0073479547716963746 0.004609490420239476 -0.00033035552561854603 0.0052663250528275961 0.00097050077574593668 -0.00033035552561854603
leaf_weight=30 32 34 34 30 45 33 34 33 47 1693 30 31 34 35 89 39 52 208 45 35 205
leaf_count=30 32 34 34 30 45 33 34 33 47 1693 30 31 34 35 89 39 52 208 45 35 205
internal_value=0 -0.000484386 0.000541034 0.00499813 0.00851703 -0.00631569 0.000294824 0.000455577 0.00461631 0.000180879 -0.00440972 0.000319182 1.13933e-05 0.0019042 -0.000391132 -0.00117717 0.000516462 -0.000366869 0.00222528 0.0033869 -0.000330356
internal_weight=0 804 2044 107 77 63 1937 1873 116 1757 64 1724 741 82 627 336 291 297 114 80 239
internal_count=2848 804 2044 107 77 63 1937 1873 116 1757 64 1724 741 82 627 336 291 297 114 80 239
is_linear=0
shrinkage=0.03


Tree=498
num_leaves=22
num_cat=0
split_feature=3 12 3 8 4 8 3 3 13 7 3 18 14 13 7 3 4 3 3 13 4
split_gain=0.630218 2.43279 2.34498 3.55523 2.268 1.6493 1.53146 2.23802 2.15134 1.85603 1.38485 1.38295 1.0693 0.688108 0.581661 0.421335 0.491885 1.69423 1.04961 0.378394 0.379826
threshold=0.012550000000000002 -1.9055101123595468 0.016650000000000002 0.19155000000000003 0.044950000000000011 0.18650000000000003 0.018400000000000003 0.021000000000000001 -1.7933426966292154 -0.29994999999999994 0.098450000000000024 4.5000000000000009 0.029631460674157343 -2.9457404494382042 -0.29249999999999993 0.011450000000000002 0.016650000000000002 0.010150000000000001 0.008550000000000002 -3.8547134831460665 0.018850000000000002
decision_type=2 2 2 2 2 2 2 2 2 2 2 2 2 2 2 2 2 2 2 2 2
left_child=1 5 3 4 -2 -1 11 8 -8 10 -9 -4 -11 19 -10 16 17 -15 -18 -3 -21
right_child=2 13 6 -5 -6 -7 7 9 14 12 -12 -13 -14 15 -16 -17 18 -19 -20 20 -22
leaf_value=-0.0010352981928735971 0.014367120192400761 -0.00049270241534994804 -0.00013498448848943499 -0.0039126979710999875 0.0039197505104045073 -0.010754337940703738 0.010822562356205547 0.0014481442385144072 0.0045659117673915858 -0.0017592365383445894 -0.00031276542941084776 -0.0089721885649487378 -0.0085992810223251576 -7.2757893622937524e-05 -0.00050102040340954603 -0.0033544126027263699 -0.00014911570452844327 0.0075053549408912656 -0.0045705491907389482 0.0051083352596809463 0.00094138562200324881
leaf_weight=30 32 34 34 30 45 33 34 680 38 64 983 30 30 231 44 40 267 30 59 45 35
leaf_count=30 32 34 34 30 45 33 34 680 38 64 983 30 30 231 44 40 267 30 59 45 35
internal_value=0 -0.000466641 0.000524803 0.00484818 0.00826151 -0.00612622 0.000285979 0.00044191 0.00447782 0.000175452 0.00040727 -0.00427742 -0.00392574 1.45378e-05 0.00184707 -0.000375278 -0.00017227 0.00079829 -0.000949314 0.00215852 0.00328529
internal_weight=0 804 2044 107 77 63 1937 1873 116 1757 1663 64 94 741 82 627 587 261 326 114 80
internal_count=2848 804 2044 107 77 63 1937 1873 116 1757 1663 64 94 741 82 627 587 261 326 114 80
is_linear=0
shrinkage=0.03


Tree=499
num_leaves=17
num_cat=0
split_feature=17 3 3 3 12 3 16 12 14 4 3 12 13 16 14 12
split_gain=0.602435 0.781418 4.43161 1.39065 2.62838 1.45296 1.87433 1.87374 1.52036 1.32373 1.04339 0.839713 0.628051 0.488329 0.456329 0.29705
threshold=0.05910561797752812 0.011100000000000002 0.010150000000000001 0.045700000000000011 -1.911510112359547 0.052800000000000007 -23.769555056179737 -2.0460101123595478 -0.18595393258426959 0.010200000000000002 0.033000000000000008 -1.9055101123595468 -2.9457404494382042 -2.4819191011236508 -0.10782359550561792 -0.84247078651685381
decision_type=2 2 2 2 2 2 2 2 2 2 2 2 2 2 2 2
left_child=1 2 11 4 -3 6 -5 -7 -9 -6 -11 -1 15 -14 -8 -13
right_child=-2 3 -4 5 9 7 14 8 -10 10 -12 12 13 -15 -16 -17
leaf_value=-0.0043205039303463233 -0.0028717002177780322 0.0085963468124037185 -0.011465914219734259 -0.0096838096193969242 0.0073455768274143336 0.00736955063925548 0.0019652543384807123 -0.0015980307097145227 0.0007807884159849156 0.00014984752733661103 0.0028391017847461627 0.0006360063717875163 -0.0016715811465496235 0.00035110596332592271 -0.0027237207508903549 0.0038656373193318191
leaf_weight=39 55 46 32 30 30 33 31 334 876 466 180 48 147 399 47 55
leaf_count=39 55 46 32 30 30 33 31 334 876 466 180 48 147 399 47 55
internal_value=0 0.000298812 -0.000552641 0.000594541 0.00165743 2.65117e-05 -0.00331117 0.000316511 0.000124156 0.00118526 0.000899175 -4.50472e-05 0.000211876 -0.000193464 -0.000860154 0.00236057
internal_weight=0 2793 720 2073 722 1351 108 1243 1210 676 646 688 649 546 78 103
internal_count=2848 2793 720 2073 722 1351 108 1243 1210 676 646 688 649 546 78 103
is_linear=0
shrinkage=0.03


end of trees

feature_importances:
Column_3=1859
Column_7=1011
Column_12=795
Column_17=667
Column_8=603
Column_1=595
Column_16=529
Column_13=512
Column_15=507
Column_6=468
Column_14=466
Column_0=389
Column_4=382
Column_5=271
Column_18=168
Column_2=129

parameters:
[boosting: gbdt]
[objective: regression]
[metric: l2]
[tree_learner: serial]
[device_type: cpu]
[data_sample_strategy: bagging]
[data: ]
[valid: ]
[num_iterations: 500]
[learning_rate: 0.03]
[num_leaves: 31]
[num_threads: 4]
[seed: 42]
[deterministic: 0]
[force_col_wise: 0]
[force_row_wise: 0]
[histogram_pool_size: -1]
[max_depth: 6]
[min_data_in_leaf: 30]
[min_sum_hessian_in_leaf: 0.001]
[bagging_fraction: 0.8]
[pos_bagging_fraction: 1]
[neg_bagging_fraction: 1]
[bagging_freq: 5]
[bagging_seed: 400]
[feature_fraction: 0.8]
[feature_fraction_bynode: 1]
[feature_fraction_seed: 30056]
[extra_trees: 0]
[extra_seed: 12879]
[early_stopping_round: 0]
[early_stopping_min_delta: 0]
[first_metric_only: 0]
[max_delta_step: 0]
[lambda_l1: 0]
[lambda_l2: 0]
[linear_lambda: 0]
[min_gain_to_split: 0]
[drop_rate: 0.1]
[max_drop: 50]
[skip_drop: 0.5]
[xgboost_dart_mode: 0]
[uniform_drop: 0]
[drop_seed: 17869]
[top_rate: 0.2]
[other_rate: 0.1]
[min_data_per_group: 100]
[max_cat_threshold: 32]
[cat_l2: 10]
[cat_smooth: 10]
[max_cat_to_onehot: 4]
[top_k: 20]
[monotone_constraints: 1,-1,-1,0,-1,-1,1,-1,-1,1,-1,1,0,0,0,0,0,0,0]
[monotone_constraints_method: basic]
[monotone_penalty: 0]
[feature_contri: ]
[forcedsplits_filename: ]
[refit_decay_rate: 0.9]
[cegb_tradeoff: 1]
[cegb_penalty_split: 0]
[cegb_penalty_feature_lazy: ]
[cegb_penalty_feature_coupled: ]
[path_smooth: 0]
[interaction_constraints: ]
[verbosity: -1]
[saved_feature_importance_type: 0]
[use_quantized_grad: 0]
[num_grad_quant_bins: 4]
[quant_train_renew_leaf: 0]
[stochastic_rounding: 1]
[linear_tree: 0]
[max_bin: 255]
[max_bin_by_feature: ]
[min_data_in_bin: 3]
[bin_construct_sample_cnt: 200000]
[data_random_seed: 175]
[is_enable_sparse: 1]
[enable_bundle: 1]
[use_missing: 1]
[zero_as_missing: 0]
[feature_pre_filter: 1]
[pre_partition: 0]
[two_round: 0]
[header: 0]
[label_column: ]
[weight_column: ]
[group_column: ]
[ignore_column: ]
[categorical_feature: ]
[forcedbins_filename: ]
[precise_float_parser: 0]
[parser_config_file: ]
[objective_seed: 16083]
[num_class: 1]
[is_unbalance: 0]
[scale_pos_weight: 1]
[sigmoid: 1]
[boost_from_average: 1]
[reg_sqrt: 0]
[alpha: 0.9]
[fair_c: 1]
[poisson_max_delta_step: 0.7]
[tweedie_variance_power: 1.5]
[lambdarank_truncation_level: 30]
[lambdarank_norm: 1]
[label_gain: ]
[lambdarank_position_bias_regularization: 0]
[eval_at: ]
[multi_error_top_k: 1]
[auc_mu_weights: ]
[num_machines: 1]
[local_listen_port: 12400]
[time_out: 120]
[machine_list_filename: ]
[machines: ]
[gpu_platform_id: -1]
[gpu_device_id: -1]
[gpu_use_dp: 0]
[num_gpu: 1]

end of parameters

pandas_categorical:null
