tree
version=v4
num_class=1
num_tree_per_iteration=1
label_index=0
max_feature_idx=4
objective=quantile
feature_names=Column_0 Column_1 Column_2 Column_3 Column_4
feature_infos=[0:1] [0:0.94989999999999997] [0:0.69810000000000005] [0:0.67030000000000001] [0:0.87009999999999998]
tree_sizes=464 482 566 565 741 655 740 741 657 650 653 651 656 651 651 651 654 654 664 663 662 658 657 661 661 736 736 737 657 737 656 735 656 736 657 742 742 743 661 830 661 746 829 752 744 829 828 818 833 822 820 816 822 814 736 821 826 825 750 751 830 749 751 831 751 750 829 833 746 836 916 738 823 737 918 831 833 826 836 824 825 824 836 824 825 902 824 903 828 833 823 823 832 915 914 917 827 833 835 836 825 909 832 838 906 908 906 827 909 834 831 822 834 836 834 831 925 836 904 838 914 913 915 913 923 827 914 914 923 920 826 918 835 921 834 930 838 1008 925 838 837 825 829 831 835 828 928 902 829 832 920 919 748 923 918 917 920 834 825 915 841 848 835 912 928 834 837 757 909 835 841 839 919 923 836 918 924 915 911 919 839 931 848 833 915 914 913 845 831 913 842 927 929 1007 921 997 1002 917 918 820 1010 991 834 919 838 841 926 840 841 929 843 923 919 833 1003 920 927 931 838 915 914 1007 1006 921 898 834 918 839 841 834 835 826 916 836 821 837 911 989 933 914 928 835 896 897 923 895 835 919 838 825 834 844 908 981 910 833 984 993 924 1010 753 999 894 909 925 825 912 904 907 914 907 909 916 915 899 981 833 1000 900 919 910 914 927 829 915 831 1017 909 831 836 910 815 909 832 839 922 926 927 929 925

Tree=0
num_leaves=4
num_cat=0
split_feature=0 3 0
split_gain=4.85828 2.45573 0.502705
threshold=0.85910000000000009 0.010600000000000002 0.7360000000000001
decision_type=2 2 2
left_child=2 -2 -1
right_child=1 -3 -4
leaf_value=3.5510996981859022 3.5864997057676336 3.5716197048950171 3.5720397015905347
leaf_weight=151 28 23 27
leaf_count=151 28 23 27
internal_value=3.57 3.57818 3.56767
internal_weight=0 51 178
internal_count=229 51 178
is_linear=0
shrinkage=1


Tree=1
num_leaves=4
num_cat=0
split_feature=0 3 0
split_gain=4.85828 2.45573 0.502705
threshold=0.85910000000000009 0.010600000000000002 0.7360000000000001
decision_type=2 2 2
left_child=2 -2 -1
right_child=1 -3 -4
leaf_value=-0.018332996739166954 0.016005010615112177 0.0015714097686742789 0.0019788065633266029
leaf_weight=151 28 23 27
leaf_count=151 28 23 27
internal_value=0 0.00817647 -0.00232584
internal_weight=0 51 178
internal_count=229 51 178
is_linear=0
shrinkage=0.03


Tree=2
num_leaves=5
num_cat=0
split_feature=3 0 3 3
split_gain=6.08388 1.00438 0.35554 0.0407225
threshold=0.0039500000000000013 0.7360000000000001 0.018400000000000003 0.31860000000000005
decision_type=2 2 2 2
left_child=-1 3 -3 -2
right_child=1 2 -4 -5
leaf_value=0.014924860725812391 -0.020663005492291071 0.0076048543743405172 -0.00069573680161086663 -0.075083006193242693
leaf_weight=30 124 23 31 21
leaf_count=30 124 23 31 21
internal_value=0 -0.00149246 0.002 -0.0027931
internal_weight=0 199 54 145
internal_count=229 199 54 145
is_linear=0
shrinkage=0.03


Tree=3
num_leaves=5
num_cat=0
split_feature=3 0 3 3
split_gain=6.08388 1.00438 0.35554 0.0407225
threshold=0.0039500000000000013 0.7360000000000001 0.018400000000000003 0.31860000000000005
decision_type=2 2 2 2
left_child=-1 3 -3 -2
right_child=1 2 -4 -5
leaf_value=0.014477114904038016 -0.020043115327522343 0.0073767087431103068 -0.0006748646975625449 -0.072830516007445403
leaf_weight=30 124 23 31 21
leaf_count=30 124 23 31 21
internal_value=0 -0.00149246 0.002 -0.0027931
internal_weight=0 199 54 145
internal_count=229 199 54 145
is_linear=0
shrinkage=0.03


Tree=4
num_leaves=7
num_cat=0
split_feature=3 1 0 3 3 0
split_gain=4.41644 2.57075 0.413719 0.0402661 0.0307201 2.22045e-16
threshold=0.010600000000000002 0.14375000000000002 0.7360000000000001 0.31860000000000005 0.037750000000000006 0.67320000000000013
decision_type=2 2 2 2 2 2
left_child=1 -1 3 5 -4 -2
right_child=2 -3 4 -5 -6 -7
leaf_value=0.015030001518821161 -0.033361826931715376 -0.00036506174280905853 0.0024248187581914714 -0.070645600527222047 -0.00065462270237784273 -0.018271822275395672
leaf_weight=31 95 21 20 21 21 20
leaf_count=31 95 21 20 21 21 20
internal_value=0 0.00796154 -0.00198305 -0.00277941 0.000658536 -0.003
internal_weight=0 52 177 136 41 115
internal_count=229 52 177 136 41 115
is_linear=0
shrinkage=0.03


Tree=5
num_leaves=6
num_cat=0
split_feature=0 3 4 4 3
split_gain=4.0399 2.10512 0.519211 0.0611501 0.113043
threshold=0.85910000000000009 0.012550000000000002 0.027000000000000003 0.11175000000000002 0.052500000000000012
decision_type=2 2 2 2 2
left_child=2 -2 -1 4 -4
right_child=1 -3 3 -5 -6
leaf_value=0.0019564973799261962 0.013291902913388132 0.00044672248064030304 -0.010387315128844023 -0.044783126348751603 -0.011190853752870333
leaf_weight=23 31 20 26 109 20
leaf_count=23 31 20 26 109 20
internal_value=0 0.00758823 -0.00198876 -0.0026129 -0.00169565
internal_weight=0 51 178 155 46
internal_count=229 51 178 155 46
is_linear=0
shrinkage=0.03


Tree=6
num_leaves=7
num_cat=0
split_feature=3 1 0 3 3 0
split_gain=3.91888 1.92308 0.413719 0.0402661 0.0307201 2.22045e-16
threshold=0.010600000000000002 0.099950000000000011 0.7360000000000001 0.31860000000000005 0.037750000000000006 0.67320000000000013
decision_type=2 2 2 2 2 2
left_child=1 -1 3 5 -4 -2
right_child=2 -3 4 -5 -6 -7
leaf_value=0.014393143465643438 -0.031017478333301367 0.00073991126556294902 0.0019918524747781336 -0.067182738720942839 -0.0006483855292488493 -0.017449079423044116
leaf_weight=26 95 26 20 21 21 20
leaf_count=26 95 26 20 21 21 20
internal_value=0 0.00738461 -0.00198305 -0.00277941 0.000658536 -0.003
internal_weight=0 52 177 136 41 115
internal_count=229 52 177 136 41 115
is_linear=0
shrinkage=0.03


Tree=7
num_leaves=7
num_cat=0
split_feature=3 1 0 3 3 0
split_gain=3.91888 1.92308 0.413719 0.0402661 0.0307201 2.22045e-16
threshold=0.010600000000000002 0.099950000000000011 0.7360000000000001 0.31860000000000005 0.037750000000000006 0.67320000000000013
decision_type=2 2 2 2 2 2
left_child=1 -1 3 5 -4 -2
right_child=2 -3 4 -5 -6 -7
leaf_value=0.013961349161674134 -0.030086953983302332 0.00071771392759606401 0.0019320969005347881 -0.065167256559314546 -0.00062893396337138075 -0.016925607040352793
leaf_weight=26 95 26 20 21 21 20
leaf_count=26 95 26 20 21 21 20
internal_value=0 0.00738461 -0.00198305 -0.00277941 0.000658536 -0.003
internal_weight=0 52 177 136 41 115
internal_count=229 52 177 136 41 115
is_linear=0
shrinkage=0.03


Tree=8
num_leaves=6
num_cat=0
split_feature=3 1 4 1 1
split_gain=3.77835 1.92308 0.413305 0.0774782 0.163333
threshold=0.010600000000000002 0.099950000000000011 0.11175000000000002 0.18615000000000001 0.033950000000000008
decision_type=2 2 2 2 2
left_child=1 -1 3 4 -2
right_child=2 -3 -4 -5 -6
leaf_value=0.013542508686823903 -0.0082275847530428117 0.00069618250976818377 -0.043038928723807768 -0.010392105184675877 0.0024999529610607871
leaf_weight=26 20 26 106 21 30
leaf_count=26 20 26 106 21 30
internal_value=0 0.00738461 -0.00181356 -4.22542e-05 0.000599999
internal_weight=0 52 177 71 50
internal_count=229 52 177 71 50
is_linear=0
shrinkage=0.03


Tree=9
num_leaves=6
num_cat=0
split_feature=3 4 3 4 0
split_gain=3.72609 0.693035 0.170305 0.0831169 0.04
threshold=0.0039500000000000013 0.11175000000000002 0.012550000000000002 0.063300000000000009 0.84310000000000007
decision_type=2 2 2 2 2
left_child=-1 2 -2 4 -4
right_child=1 -3 3 -5 -6
leaf_value=0.011936234284526344 0.0018818981246769449 -0.04174776086209353 -0.010089984494922852 0.00069554946028813416 0.00041322053360516863
leaf_weight=30 27 106 25 21 20
leaf_count=30 27 106 25 21 20
internal_value=0 -0.00134171 0.000548386 -0.000272728 -0.001
internal_weight=0 199 93 66 45
internal_count=229 199 93 66 45
is_linear=0
shrinkage=0.03


Tree=10
num_leaves=6
num_cat=0
split_feature=3 4 3 4 0
split_gain=3.72609 0.693035 0.170305 0.0831169 0.04
threshold=0.0039500000000000013 0.11175000000000002 0.012550000000000002 0.063300000000000009 0.84310000000000007
decision_type=2 2 2 2 2
left_child=-1 2 -2 4 -4
right_child=1 -3 3 -5 -6
leaf_value=0.011578147255990552 0.0018254411809366386 -0.040495328036230724 -0.0097872849600751707 0.00067468297647948604 0.00040082391759701407
leaf_weight=30 27 106 25 21 20
leaf_count=30 27 106 25 21 20
internal_value=0 -0.00134171 0.000548386 -0.000272728 -0.001
internal_weight=0 199 93 66 45
internal_count=229 199 93 66 45
is_linear=0
shrinkage=0.03


Tree=11
num_leaves=6
num_cat=0
split_feature=3 4 3 4 0
split_gain=3.72609 0.693035 0.170305 0.0831169 0.04
threshold=0.0039500000000000013 0.11175000000000002 0.012550000000000002 0.063300000000000009 0.84310000000000007
decision_type=2 2 2 2 2
left_child=-1 2 -2 4 -4
right_child=1 -3 3 -5 -6
leaf_value=0.011230802838310834 0.0017706779455085328 -0.039280468195143803 -0.0094936664112729111 0.000654442487185103 0.00038879920006909763
leaf_weight=30 27 106 25 21 20
leaf_count=30 27 106 25 21 20
internal_value=0 -0.00134171 0.000548386 -0.000272728 -0.001
internal_weight=0 199 93 66 45
internal_count=229 199 93 66 45
is_linear=0
shrinkage=0.03


Tree=12
num_leaves=6
num_cat=0
split_feature=0 4 0 0 3
split_gain=2.7603 0.639221 0.194655 0.170455 0.147422
threshold=0.89805000000000013 0.11175000000000002 0.7360000000000001 0.61050000000000015 0.035050000000000005
decision_type=2 2 2 2 2
left_child=1 2 3 -1 -4
right_child=-2 -3 4 -5 -6
leaf_value=-0.0002728942149401073 0.010353880426858831 -0.037311140979558864 0.0092702568453427552 -0.0078755899996413008 -0.00051118020076670921
leaf_weight=24 33 109 23 20 20
leaf_count=24 33 109 23 20 20
internal_value=0 -0.00146939 0.000448275 -0.000954546 0.00188372
internal_weight=0 196 87 44 43
internal_count=229 196 87 44 43
is_linear=0
shrinkage=0.03


Tree=13
num_leaves=6
num_cat=0
split_feature=3 4 3 4 0
split_gain=3.098 0.693035 0.170305 0.0831169 0.04
threshold=0.0039500000000000013 0.11175000000000002 0.012550000000000002 0.063300000000000009 0.84310000000000007
decision_type=2 2 2 2 2
left_child=-1 2 -2 4 -4
right_child=1 -3 3 -5 -6
leaf_value=0.010583262340355745 0.0014069411943375084 -0.036982719919902721 -0.0090686424030276703 0.00064299604242646442 0.00036312645188004198
leaf_weight=30 27 106 25 21 20
leaf_count=30 27 106 25 21 20
internal_value=0 -0.00134171 0.000548386 -0.000272728 -0.001
internal_weight=0 199 93 66 45
internal_count=229 199 93 66 45
is_linear=0
shrinkage=0.03


Tree=14
num_leaves=6
num_cat=0
split_feature=3 4 3 4 0
split_gain=3.098 0.693035 0.170305 0.0831169 0.04
threshold=0.0039500000000000013 0.11175000000000002 0.012550000000000002 0.063300000000000009 0.84310000000000007
decision_type=2 2 2 2 2
left_child=-1 2 -2 4 -4
right_child=1 -3 3 -5 -6
leaf_value=0.010265764470145076 0.0013647329585073872 -0.035873238322305635 -0.0087965831309368379 0.00062370616115367398 0.00035223265832363623
leaf_weight=30 27 106 25 21 20
leaf_count=30 27 106 25 21 20
internal_value=0 -0.00134171 0.000548386 -0.000272728 -0.001
internal_weight=0 199 93 66 45
internal_count=229 199 93 66 45
is_linear=0
shrinkage=0.03


Tree=15
num_leaves=6
num_cat=0
split_feature=3 4 3 4 0
split_gain=3.098 0.693035 0.170305 0.0831169 0.04
threshold=0.0039500000000000013 0.11175000000000002 0.012550000000000002 0.063300000000000009 0.84310000000000007
decision_type=2 2 2 2 2
left_child=-1 2 -2 4 -4
right_child=1 -3 3 -5 -6
leaf_value=0.009957791536040728 0.0013237909697521664 -0.034797041172636468 -0.0085326856370087373 0.00060499497631906626 0.00034166567857392747
leaf_weight=30 27 106 25 21 20
leaf_count=30 27 106 25 21 20
internal_value=0 -0.00134171 0.000548386 -0.000272728 -0.001
internal_weight=0 199 93 66 45
internal_count=229 199 93 66 45
is_linear=0
shrinkage=0.03


Tree=16
num_leaves=6
num_cat=0
split_feature=0 3 0 4 0
split_gain=2.7603 0.435828 0.262286 0.101587 0.0517695
threshold=0.89805000000000013 0.042250000000000003 0.56030000000000013 0.11175000000000002 0.83065000000000011
decision_type=2 2 2 2 2
left_child=1 2 -1 -3 -4
right_child=-2 3 4 -5 -6
leaf_value=-0.015442877731016833 0.009119059463656827 -0.0076329380463865341 0.00010551825219200202 -0.035853135444922794 0.010345738983718374
leaf_weight=27 33 30 23 96 20
leaf_count=27 33 30 23 96 20
internal_value=0 -0.00146939 0.000428571 -0.00252381 0.00188372
internal_weight=0 196 70 126 43
internal_count=229 196 70 126 43
is_linear=0
shrinkage=0.03


Tree=17
num_leaves=6
num_cat=0
split_feature=0 3 0 4 0
split_gain=2.7603 0.435828 0.262286 0.101587 0.0517695
threshold=0.89805000000000013 0.042250000000000003 0.56030000000000013 0.11175000000000002 0.83065000000000011
decision_type=2 2 2 2 2
left_child=1 2 -1 -3 -4
right_child=-2 3 4 -5 -6
leaf_value=-0.014979591399086325 0.008845487679747124 -0.0074039499049949409 0.00010235270462624654 -0.034777541381575114 0.010035366814206826
leaf_weight=27 33 30 23 96 20
leaf_count=27 33 30 23 96 20
internal_value=0 -0.00146939 0.000428571 -0.00252381 0.00188372
internal_weight=0 196 70 126 43
internal_count=229 196 70 126 43
is_linear=0
shrinkage=0.03


Tree=18
num_leaves=6
num_cat=0
split_feature=3 4 3 3 1
split_gain=2.62369 0.719457 0.256568 0.110067 0.0425177
threshold=0.0020500000000000006 0.11175000000000002 0.010600000000000002 0.025900000000000003 0.06975000000000002
decision_type=2 2 2 2 2
left_child=-1 2 -2 -4 -5
right_child=1 -3 3 4 -6
leaf_value=0.0088201220193837981 0.0042920941854325025 -0.031634209632662433 -0.0030794507808367278 -0.0027876661864546992 0.0016872888533230829
leaf_weight=21 31 106 28 23 20
leaf_count=21 31 106 28 23 20
internal_value=0 -0.00126923 0.000529411 -0.000464789 0.000488371
internal_weight=0 208 102 71 43
internal_count=229 208 102 71 43
is_linear=0
shrinkage=0.03


Tree=19
num_leaves=6
num_cat=0
split_feature=3 4 3 3 1
split_gain=2.62369 0.719457 0.256568 0.110067 0.0425177
threshold=0.0020500000000000006 0.11175000000000002 0.010600000000000002 0.025900000000000003 0.06975000000000002
decision_type=2 2 2 2 2
left_child=-1 2 -2 -4 -5
right_child=1 -3 3 4 -6
leaf_value=0.0085555183588022776 0.0041633313598695336 -0.030685183343682566 -0.0029870672574116267 -0.002704036200861063 0.0016366701877233917
leaf_weight=21 31 106 28 23 20
leaf_count=21 31 106 28 23 20
internal_value=0 -0.00126923 0.000529411 -0.000464789 0.000488371
internal_weight=0 208 102 71 43
internal_count=229 208 102 71 43
is_linear=0
shrinkage=0.03


Tree=20
num_leaves=6
num_cat=0
split_feature=3 0 0 4 3
split_gain=2.16395 0.527958 0.0925926 0.0699748 0.102439
threshold=0.0039500000000000013 0.7360000000000001 0.87995000000000012 0.11175000000000002 0.025900000000000003
decision_type=2 2 2 2 2
left_child=-1 3 -3 4 -2
right_child=1 2 -4 -5 -6
leaf_value=0.0086256126237836388 -0.0044739472837605973 0.0048931247133933977 -8.140892409654789e-05 -0.030244628429890605 -0.007194845925657104
leaf_weight=30 21 30 24 104 20
leaf_count=30 21 30 24 104 20
internal_value=0 -0.00164322 0.000888888 -0.00258621 -0.00153659
internal_weight=0 199 54 145 41
internal_count=229 199 54 145 41
is_linear=0
shrinkage=0.03


Tree=21
num_leaves=6
num_cat=0
split_feature=3 1 4 3 1
split_gain=2.2259 1.4041 0.303652 0.110067 0.0425177
threshold=0.010600000000000002 0.061650000000000003 0.11175000000000002 0.025900000000000003 0.06975000000000002
decision_type=2 2 2 2 2
left_child=1 -1 3 -2 -5
right_child=2 -3 -4 4 -6
leaf_value=0.010000646426580627 -0.0028950129719663778 -0.00029913590022700727 -0.028857288990475374 -0.0026503201272146766 0.0018034154598614031
leaf_weight=25 28 27 106 23 20
leaf_count=25 28 27 106 23 20
internal_value=0 0.00507692 -0.00198305 -0.000464789 0.000488371
internal_weight=0 52 177 71 43
internal_count=229 52 177 71 43
is_linear=0
shrinkage=0.03


Tree=22
num_leaves=6
num_cat=0
split_feature=0 3 0 4 0
split_gain=2.25111 0.435828 0.262286 0.101587 0.0517695
threshold=0.89805000000000013 0.042250000000000003 0.56030000000000013 0.11175000000000002 0.83065000000000011
decision_type=2 2 2 2 2
left_child=1 2 -1 -3 -4
right_child=-2 3 4 -5 -6
leaf_value=-0.014640673927953148 0.0075535875596630143 -0.0071013395127504618 -7.665347703362297e-05 -0.030091575828226538 0.0099393172451636026
leaf_weight=27 33 30 23 96 20
leaf_count=27 33 30 23 96 20
internal_value=0 -0.00146939 0.000428571 -0.00252381 0.00188372
internal_weight=0 196 70 126 43
internal_count=229 196 70 126 43
is_linear=0
shrinkage=0.03


Tree=23
num_leaves=6
num_cat=0
split_feature=0 3 4 3 0
split_gain=2.23091 1.18596 0.196697 0.135433 0.0408257
threshold=0.83065000000000011 0.010600000000000002 0.11175000000000002 0.025900000000000003 0.027950000000000003
decision_type=2 2 2 2 2
left_child=2 -2 3 -1 -4
right_child=1 -3 4 -5 -6
leaf_value=-0.0018549627210251995 0.010961893783267954 -5.1551693690064017e-05 -0.064624230358968499 -0.00018685282937283483 -0.025284010556246864
leaf_weight=31 30 27 20 32 89
leaf_count=31 30 27 20 32 89
internal_value=0 0.00489474 -0.00195349 -0.000619048 -0.00272477
internal_weight=0 57 172 63 109
internal_count=229 57 172 63 109
is_linear=0
shrinkage=0.03


Tree=24
num_leaves=6
num_cat=0
split_feature=0 3 4 3 0
split_gain=2.23091 1.18596 0.196697 0.135433 0.0408257
threshold=0.83065000000000011 0.010600000000000002 0.11175000000000002 0.025900000000000003 0.027950000000000003
decision_type=2 2 2 2 2
left_child=2 -2 3 -1 -4
right_child=1 -3 4 -5 -6
leaf_value=-0.0017993138393944386 0.010633036969769919 -5.0005142879368032e-05 -0.062685503448199439 -0.00018124724449165394 -0.024525490239559449
leaf_weight=31 30 27 20 32 89
leaf_count=31 30 27 20 32 89
internal_value=0 0.00489474 -0.00195349 -0.000619048 -0.00272477
internal_weight=0 57 172 63 109
internal_count=229 57 172 63 109
is_linear=0
shrinkage=0.03


Tree=25
num_leaves=7
num_cat=0
split_feature=0 3 4 4 4 0
split_gain=2.11872 1.18596 0.225116 0.225106 0.10537 0.04
threshold=0.83065000000000011 0.010600000000000002 0.13245000000000004 0.068550000000000014 0.030100000000000005 0.027950000000000003
decision_type=2 2 2 2 2 2
left_child=2 -2 3 4 -1 -4
right_child=1 -3 5 -5 -6 -7
leaf_value=-0.00039174191781017761 0.010314045860676826 -4.8504988592987855e-05 -0.060804938344753458 0.00059577320035855068 -0.0076741173921979749 -0.030765412981031727
leaf_weight=21 30 27 20 25 26 80
leaf_count=21 30 27 20 25 26 80
internal_value=0 0.00489474 -0.00177907 -0.000500001 -0.0017234 -0.0027
internal_weight=0 57 172 72 47 100
internal_count=229 57 172 72 47 100
is_linear=0
shrinkage=0.03


Tree=26
num_leaves=7
num_cat=0
split_feature=0 3 4 4 4 0
split_gain=2.11872 1.18596 0.225116 0.225106 0.10537 0.04
threshold=0.83065000000000011 0.010600000000000002 0.13245000000000004 0.068550000000000014 0.030100000000000005 0.027950000000000003
decision_type=2 2 2 2 2 2
left_child=2 -2 3 4 -1 -4
right_child=1 -3 5 -5 -6 -7
leaf_value=-0.00037998966027586774 0.010004624484856523 -4.7049838935204817e-05 -0.058980790194410854 0.00057790000434779481 -0.0074438938704320364 -0.029842450591600775
leaf_weight=21 30 27 20 25 26 80
leaf_count=21 30 27 20 25 26 80
internal_value=0 0.00489474 -0.00177907 -0.000500001 -0.0017234 -0.0027
internal_weight=0 57 172 72 47 100
internal_count=229 57 172 72 47 100
is_linear=0
shrinkage=0.03


Tree=27
num_leaves=7
num_cat=0
split_feature=0 3 4 4 4 0
split_gain=2.11872 1.18596 0.225116 0.225106 0.10537 0.04
threshold=0.83065000000000011 0.010600000000000002 0.13245000000000004 0.068550000000000014 0.030100000000000005 0.027950000000000003
decision_type=2 2 2 2 2 2
left_child=2 -2 3 4 -1 -4
right_child=1 -3 5 -5 -6 -7
leaf_value=-0.00036858997046758531 0.0097044857503108244 -4.5638343767151537e-05 -0.057211366488578531 0.00056056300421736184 -0.0072205770543190698 -0.028947177073852748
leaf_weight=21 30 27 20 25 26 80
leaf_count=21 30 27 20 25 26 80
internal_value=0 0.00489474 -0.00177907 -0.000500001 -0.0017234 -0.0027
internal_weight=0 57 172 72 47 100
internal_count=229 57 172 72 47 100
is_linear=0
shrinkage=0.03


Tree=28
num_leaves=6
num_cat=0
split_feature=3 4 1 1 4
split_gain=2.01561 0.578234 0.345371 0.48 0.114683
threshold=0.0039500000000000013 0.13245000000000004 0.024900000000000002 0.061650000000000003 0.027000000000000003
decision_type=2 2 2 2 2
left_child=-1 2 -2 -4 -5
right_child=1 -3 3 4 -6
leaf_value=0.0092880256566105646 -0.0099476055496980024 -0.029846049849960764 0.0019956344504230409 0.0012626940604667336 -0.0052312576363693604
leaf_weight=30 23 97 23 20 36
leaf_count=30 23 97 23 20 36
internal_value=0 -0.00134171 0.000235293 0.00117721 -0.000321429
internal_weight=0 199 102 79 56
internal_count=229 199 102 79 56
is_linear=0
shrinkage=0.03


Tree=29
num_leaves=7
num_cat=0
split_feature=0 3 4 4 4 0
split_gain=2.11872 1.18596 0.225116 0.225106 0.10537 0.04
threshold=0.83065000000000011 0.010600000000000002 0.13245000000000004 0.068550000000000014 0.030100000000000005 0.027950000000000003
decision_type=2 2 2 2 2 2
left_child=2 -2 3 4 -1 -4
right_child=1 -3 5 -5 -6 -7
leaf_value=-0.00039541320797084508 0.0091587862364268507 -0.00010413822696681902 -0.054599643998422348 0.00061396101408259707 -0.0068470220135984135 -0.027183380266138341
leaf_weight=21 30 27 20 25 26 80
leaf_count=21 30 27 20 25 26 80
internal_value=0 0.00489474 -0.00177907 -0.000500001 -0.0017234 -0.0027
internal_weight=0 57 172 72 47 100
internal_count=229 57 172 72 47 100
is_linear=0
shrinkage=0.03


Tree=30
num_leaves=6
num_cat=0
split_feature=3 4 1 1 4
split_gain=2.01561 0.578234 0.345371 0.48 0.114683
threshold=0.0039500000000000013 0.13245000000000004 0.024900000000000002 0.061650000000000003 0.027000000000000003
decision_type=2 2 2 2 2
left_child=-1 2 -2 -4 -5
right_child=1 -3 3 4 -6
leaf_value=0.0089258952680200867 -0.009646053236398066 -0.028135166946477788 0.0018660775006956384 0.0012080131663988879 -0.0048689092468703239
leaf_weight=30 23 97 23 20 36
leaf_count=30 23 97 23 20 36
internal_value=0 -0.00134171 0.000235293 0.00117721 -0.000321429
internal_weight=0 199 102 79 56
internal_count=229 199 102 79 56
is_linear=0
shrinkage=0.03


Tree=31
num_leaves=7
num_cat=0
split_feature=0 3 4 4 4 0
split_gain=2.11872 1.18596 0.225116 0.225106 0.10537 0.04
threshold=0.83065000000000011 0.010600000000000002 0.13245000000000004 0.068550000000000014 0.030100000000000005 0.027950000000000003
decision_type=2 2 2 2 2 2
left_child=2 -2 3 4 -1 -4
right_child=1 -3 5 -5 -6 -7
leaf_value=-0.00041979131712887669 0.0086393992775107807 -0.00015699640517869324 -0.05211759967007535 0.00066078950448172848 -0.0064955440757843473 -0.02552382384975985
leaf_weight=21 30 27 20 25 26 80
leaf_count=21 30 27 20 25 26 80
internal_value=0 0.00489474 -0.00177907 -0.000500001 -0.0017234 -0.0027
internal_weight=0 57 172 72 47 100
internal_count=229 57 172 72 47 100
is_linear=0
shrinkage=0.03


Tree=32
num_leaves=6
num_cat=0
split_feature=3 4 1 1 4
split_gain=2.01561 0.578234 0.345371 0.48 0.114683
threshold=0.0039500000000000013 0.13245000000000004 0.024900000000000002 0.061650000000000003 0.027000000000000003
decision_type=2 2 2 2 2
left_child=-1 2 -2 -4 -5
right_child=1 -3 3 4 -6
leaf_value=0.0084553945710958301 -0.0093519617471507603 -0.026525397222590664 0.0017423997063537196 0.0011571890622499913 -0.004527975647190677
leaf_weight=30 23 97 23 20 36
leaf_count=30 23 97 23 20 36
internal_value=0 -0.00134171 0.000235293 0.00117721 -0.000321429
internal_weight=0 199 102 79 56
internal_count=229 199 102 79 56
is_linear=0
shrinkage=0.03


Tree=33
num_leaves=7
num_cat=0
split_feature=0 3 4 4 4 0
split_gain=1.79772 0.92807 0.225116 0.225106 0.10537 0.04
threshold=0.83065000000000011 0.010600000000000002 0.13245000000000004 0.068550000000000014 0.030100000000000005 0.027950000000000003
decision_type=2 2 2 2 2 2
left_child=2 -2 3 4 -1 -4
right_child=1 -3 5 -5 -6 -7
leaf_value=-0.0004419133538841821 0.0081484499271967034 -0.00020455850421394534 -0.049758309763295365 0.00070156047688233424 -0.0061648384840950936 -0.023962347217589337
leaf_weight=21 30 27 20 25 26 80
leaf_count=21 30 27 20 25 26 80
internal_value=0 0.00436842 -0.00177907 -0.000500001 -0.0017234 -0.0027
internal_weight=0 57 172 72 47 100
internal_count=229 57 172 72 47 100
is_linear=0
shrinkage=0.03


Tree=34
num_leaves=6
num_cat=0
split_feature=3 4 1 1 4
split_gain=1.56132 0.578234 0.345371 0.48 0.114683
threshold=0.0039500000000000013 0.13245000000000004 0.024900000000000002 0.061650000000000003 0.027000000000000003
decision_type=2 2 2 2 2
left_child=-1 2 -2 -4 -5
right_child=1 -3 3 4 -6
leaf_value=0.0079572792361470544 -0.0090652661396098105 -0.025010764889385261 0.0016243994469732725 0.0011099598178975973 -0.0042071912232521077
leaf_weight=30 23 97 23 20 36
leaf_count=30 23 97 23 20 36
internal_value=0 -0.00134171 0.000235293 0.00117721 -0.000321429
internal_weight=0 199 102 79 56
internal_count=229 199 102 79 56
is_linear=0
shrinkage=0.03


Tree=35
num_leaves=7
num_cat=0
split_feature=3 1 4 1 4 0
split_gain=1.46965 0.804103 0.335664 0.204167 0.208333 0.025
threshold=0.010600000000000002 0.061650000000000003 0.13245000000000004 0.024900000000000002 0.068550000000000014 0.78655000000000019
decision_type=2 2 2 2 2 2
left_child=1 -1 3 -2 5 -5
right_child=2 -3 -4 4 -6 -7
leaf_value=0.0061082798963366458 -0.010473306381587446 -0.00024844642248084972 -0.024260441942703707 -0.0054893449141519479 0.0011769702535521307 0.00089174671222686625
leaf_weight=25 20 27 97 20 20 20
leaf_count=25 20 27 97 20 20 20
internal_value=0 0.00392308 -0.00181356 -0.000375001 0.000499999 -0.000750001
internal_weight=0 52 177 80 60 40
internal_count=229 52 177 80 60 40
is_linear=0
shrinkage=0.03


Tree=36
num_leaves=7
num_cat=0
split_feature=3 1 4 1 4 0
split_gain=1.46965 0.804103 0.335664 0.204167 0.208333 0.025
threshold=0.010600000000000002 0.061650000000000003 0.13245000000000004 0.024900000000000002 0.068550000000000014 0.78655000000000019
decision_type=2 2 2 2 2 2
left_child=1 -1 3 -2 5 -5
right_child=2 -3 -4 4 -6 -7
leaf_value=0.0059250314994465491 -0.010159107190139825 -0.00024099302980642615 -0.023532628684422595 -0.0053246645667273948 0.0011416611459455638 0.00086499431086005884
leaf_weight=25 20 27 97 20 20 20
leaf_count=25 20 27 97 20 20 20
internal_value=0 0.00392308 -0.00181356 -0.000375001 0.000499999 -0.000750001
internal_weight=0 52 177 80 60 40
internal_count=229 52 177 80 60 40
is_linear=0
shrinkage=0.03


Tree=37
num_leaves=7
num_cat=0
split_feature=3 4 4 1 4 0
split_gain=0.937904 0.517703 0.335664 0.204167 0.208333 0.025
threshold=0.010600000000000002 0.019350000000000003 0.13245000000000004 0.024900000000000002 0.068550000000000014 0.78655000000000019
decision_type=2 2 2 2 2 2
left_child=1 -1 3 -2 5 -5
right_child=2 -3 -4 4 -6 -7
leaf_value=-3.735784795477202e-05 -0.0098543339744356345 0.0095188565752717148 -0.022826649823889919 -0.0051649246297255759 0.0011074113115671956 0.00083904448153426347
leaf_weight=29 20 23 97 20 20 20
leaf_count=29 20 23 97 20 20 20
internal_value=0 0.00276923 -0.00181356 -0.000375001 0.000499999 -0.000750001
internal_weight=0 52 177 80 60 40
internal_count=229 52 177 80 60 40
is_linear=0
shrinkage=0.03


Tree=38
num_leaves=6
num_cat=0
split_feature=3 0 0 1 1
split_gain=0.873837 0.365984 0.211361 0.0711462 0.128342
threshold=0.0039500000000000013 0.71840000000000004 0.87995000000000012 0.13865000000000002 0.31080000000000002
decision_type=2 2 2 2 2
left_child=-1 3 -3 -2 -5
right_child=1 2 -4 4 -6
leaf_value=0.0071006642649817098 -0.025532991327399137 0.00073360273316021914 -0.00021258639162221097 -0.001065329020917201 -0.012840613675694654
leaf_weight=30 72 37 24 34 32
leaf_count=30 72 37 24 34 32
internal_value=0 -0.00149246 0.000442622 -0.00234783 -0.00163636
internal_weight=0 199 61 138 66
internal_count=229 199 61 138 66
is_linear=0
shrinkage=0.03


Tree=39
num_leaves=8
num_cat=0
split_feature=3 4 4 1 4 3 0
split_gain=0.657265 0.710674 0.261227 0.204167 0.208333 0.0373098 0.025
threshold=0.010600000000000002 0.019350000000000003 0.13245000000000004 0.024900000000000002 0.068550000000000014 0.072800000000000017 0.78655000000000019
decision_type=2 2 2 2 2 2 2
left_child=1 -1 3 -2 6 -4 -5
right_child=2 -3 5 4 -6 -7 -8
leaf_value=-7.3738878243441734e-05 -0.0095523263634539023 0.0091730803266381368 -0.014086908708744073 -0.0046600841745028532 0.0011007520720326936 -0.025004408344587004 0.00082025073883690953
leaf_weight=29 20 23 21 20 20 76 20
leaf_count=29 20 23 21 20 20 76 20
internal_value=0 0.00219231 -0.00164407 -0.000375001 0.000499999 -0.00269072 -0.000750001
internal_weight=0 52 177 80 60 97 40
internal_count=229 52 177 80 60 97 40
is_linear=0
shrinkage=0.03


Tree=40
num_leaves=6
num_cat=0
split_feature=3 0 0 1 1
split_gain=0.624502 0.248346 0.127178 0.0711462 0.128342
threshold=0.0039500000000000013 0.71840000000000004 0.87995000000000012 0.13865000000000002 0.31080000000000002
decision_type=2 2 2 2 2
left_child=-1 3 -3 -2 -5
right_child=1 2 -4 4 -6
leaf_value=0.0066137825308974253 -0.024512391572976973 0.00066142935419184344 -0.0002308163220386489 -0.0011840627530683035 -0.012730587675222969
leaf_weight=30 72 37 24 34 32
leaf_count=30 72 37 24 34 32
internal_value=0 -0.00164322 -4.9181e-05 -0.00234783 -0.00163636
internal_weight=0 199 61 138 66
internal_count=229 199 61 138 66
is_linear=0
shrinkage=0.03


Tree=41
num_leaves=7
num_cat=0
split_feature=3 4 1 3 3 1
split_gain=0.624502 0.290571 0.213236 0.130043 0.040566 0.025
threshold=0.0039500000000000013 0.11175000000000002 0.031800000000000009 0.025900000000000003 0.060850000000000008 0.18615000000000001
decision_type=2 2 2 2 2 2
left_child=-1 2 -2 5 -3 -4
right_child=1 4 3 -5 -6 -7
leaf_value=0.0064153690549704967 -0.0073388340283846261 -0.013140075495268848 0.00071030467758560918 0.0016045189877700124 -0.019764540619074674 -0.0048247274430113099
leaf_weight=30 22 20 20 31 86 20
leaf_count=30 22 20 20 31 86 20
internal_value=0 -0.00164322 -0.000419356 0.000380281 -0.00271698 -0.000750001
internal_weight=0 199 93 71 106 40
internal_count=229 199 93 71 106 40
is_linear=0
shrinkage=0.03


Tree=42
num_leaves=8
num_cat=0
split_feature=3 1 4 1 4 3 0
split_gain=0.657265 0.31787 0.261227 0.204167 0.208333 0.0373098 0.025
threshold=0.010600000000000002 0.043150000000000001 0.13245000000000004 0.024900000000000002 0.068550000000000014 0.072800000000000017 0.78655000000000019
decision_type=2 2 2 2 2 2 2
left_child=1 -1 3 -2 6 -4 -5
right_child=2 -3 5 4 -6 -7 -8
leaf_value=0.0053489673421307183 -0.0090386670620375975 -0.00010069604108257156 -0.013234576871553485 -0.0042018513545752055 0.0010495793715888586 -0.023303574091966386 0.00075711476747816753
leaf_weight=23 20 29 21 20 20 76 20
leaf_count=23 20 29 21 20 20 76 20
internal_value=0 0.00219231 -0.00164407 -0.000375001 0.000499999 -0.00269072 -0.000750001
internal_weight=0 52 177 80 60 97 40
internal_count=229 52 177 80 60 97 40
is_linear=0
shrinkage=0.03


Tree=43
num_leaves=7
num_cat=0
split_feature=3 4 2 4 4 3
split_gain=0.584609 0.301914 0.25783 0.186648 0.115994 0.0373098
threshold=0.0039500000000000013 0.13245000000000004 1.0000000180025095e-35 0.065150000000000013 0.030100000000000005 0.072800000000000017
decision_type=2 2 2 2 2 2
left_child=-1 2 3 4 -2 -3
right_child=1 5 -4 -5 -6 -7
leaf_value=0.0060624389630574626 0.00044063984552029169 -0.012837539565406883 -0.0049104592468628928 0.0010180919904411885 -0.0032939932310966156 -0.022604466869207397
leaf_weight=30 31 21 25 20 26 76
leaf_count=30 31 21 25 20 26 76
internal_value=0 -0.00149246 -0.000352942 0.000506493 -0.000368422 -0.00269072
internal_weight=0 199 102 77 57 97
internal_count=229 199 102 77 57 97
is_linear=0
shrinkage=0.03


Tree=44
num_leaves=7
num_cat=0
split_feature=3 0 1 1 1 3
split_gain=0.546031 0.320502 0.354726 0.134493 0.292174 0.0388889
threshold=0.0039500000000000013 0.42035000000000006 0.11500000000000002 0.024900000000000002 0.048800000000000003 0.31860000000000005
decision_type=2 2 2 2 2 2
left_child=-1 5 3 -3 -5 -2
right_child=1 2 -4 4 -6 -7
leaf_value=0.0058805657941657409 -0.02208387334909755 -0.0084123005040230379 0.00078009243293726907 0.0011088274841703418 -0.0023387376274014542 -0.028245335040628226
leaf_weight=30 70 29 34 25 21 20
leaf_count=30 70 29 34 25 21 20
internal_value=0 -0.00134171 -0.000247707 -0.0014 -0.000391305 -0.00266667
internal_weight=0 199 109 75 46 90
internal_count=229 199 109 75 46 90
is_linear=0
shrinkage=0.03


Tree=45
num_leaves=8
num_cat=0
split_feature=3 1 0 1 1 1 3
split_gain=0.600472 0.31787 0.257297 0.281319 0.11475 0.121385 0.0383721
threshold=0.010600000000000002 0.043150000000000001 0.42035000000000006 0.024900000000000002 0.11500000000000002 0.043150000000000001 0.31860000000000005
decision_type=2 2 2 2 2 2 2
left_child=1 -1 6 -4 5 -5 -2
right_child=2 -3 3 4 -6 -7 -8
leaf_value=0.004830208179150107 -0.024170105576749455 6.8981341090141343e-05 -0.0089611557878270937 0.00059365571906758662 0.00083196852811771188 -0.0027457235164481432 -0.027397974989409379
leaf_weight=23 66 29 26 20 22 23 20
leaf_count=23 66 29 26 20 22 23 20
internal_value=0 0.00219231 -0.00147458 -0.000362638 0.000692307 -0.000209303 -0.00265116
internal_weight=0 52 177 91 65 43 86
internal_count=229 52 177 91 65 43 86
is_linear=0
shrinkage=0.03


Tree=46
num_leaves=8
num_cat=0
split_feature=3 1 0 1 1 1 3
split_gain=0.600472 0.31787 0.257297 0.281319 0.11475 0.121385 0.0383721
threshold=0.010600000000000002 0.043150000000000001 0.42035000000000006 0.024900000000000002 0.11500000000000002 0.043150000000000001 0.31860000000000005
decision_type=2 2 2 2 2 2 2
left_child=1 -1 6 -4 5 -5 -2
right_child=2 -3 3 4 -6 -7 -8
leaf_value=0.0046853019337755927 -0.023445002409446972 6.6911900857430967e-05 -0.0086923211141922748 0.00057584604749555336 0.00080700947227418658 -0.0026633518109547005 -0.0265760357397271
leaf_weight=23 66 29 26 20 22 23 20
leaf_count=23 66 29 26 20 22 23 20
internal_value=0 0.00219231 -0.00147458 -0.000362638 0.000692307 -0.000209303 -0.00265116
internal_weight=0 52 177 91 65 43 86
internal_count=229 52 177 91 65 43 86
is_linear=0
shrinkage=0.03


Tree=47
num_leaves=8
num_cat=0
split_feature=4 0 1 2 4 3 4
split_gain=0.634228 0.314881 0.317791 0.292742 0.188227 0.220821 0.219269
threshold=0.29375000000000001 0.86670000000000014 0.016450000000000003 0.00030000000000000008 0.068550000000000014 0.11425 0.030100000000000005
decision_type=2 2 2 2 2 2 2
left_child=1 3 -3 4 6 -6 -1
right_child=-2 2 -4 -5 5 -7 -8
leaf_value=0.00039994008669672282 -0.032536454356334822 -6.3361265296434105e-05 0.0064184007918398761 -0.0082890627592339863 -0.00036453444703699078 0.00046218966729379065 -0.004404088036563337
leaf_weight=21 61 21 27 27 29 21 22
leaf_count=21 61 21 27 27 29 21 22
internal_value=0 0.000571428 0.002625 -0.000250001 0.000548386 0.0018 -0.000906977
internal_weight=0 168 48 120 93 50 43
internal_count=229 168 48 120 93 50 43
is_linear=0
shrinkage=0.03


Tree=48
num_leaves=8
num_cat=0
split_feature=4 3 1 1 2 0 1
split_gain=0.57239 0.275828 0.232259 0.322051 0.290888 0.237788 0.182191
threshold=0.29375000000000001 0.0039500000000000013 0.020100000000000003 0.39040000000000002 0.00030000000000000008 0.61050000000000015 0.051450000000000003
decision_type=2 2 2 2 2 2 2
left_child=1 -1 -3 4 5 -4 -7
right_child=-2 2 3 -5 -6 6 -8
leaf_value=0.005226131493197784 -0.031560360725644783 -0.0083089698680525667 0.00072793910054817388 -0.012778715441907873 -0.0047635005596547856 0.002153187995242611 -0.00078506874320376295
leaf_weight=30 61 22 24 21 24 20 27
leaf_count=30 61 22 24 21 24 20 27
internal_value=0 0.000392856 -0.000173914 0.000362068 0.00110526 0.00207042 0.000829787
internal_weight=0 168 138 116 95 71 47
internal_count=229 168 138 116 95 71 47
is_linear=0
shrinkage=0.03


Tree=49
num_leaves=8
num_cat=0
split_feature=3 4 4 2 3 3 3
split_gain=0.741324 0.517703 0.297097 0.224888 0.196526 0.19077 0.193496
threshold=0.010600000000000002 0.019350000000000003 0.29375000000000001 0.00030000000000000008 0.11425 0.052500000000000012 0.022050000000000004
decision_type=2 2 2 2 2 2 2
left_child=1 -1 3 4 5 6 -2
right_child=2 -3 -4 -5 -6 -7 -8
leaf_value=-0.0010608012720201617 -0.00086899314702208763 0.0074020211898046077 -0.03061354990387544 -0.011008328599961231 0.00037800730009828918 -0.0042406798245296839 0.0019152748165003719
leaf_weight=29 21 23 61 24 28 21 22
leaf_count=29 21 23 61 24 28 21 22
internal_value=0 0.00276923 -0.00130509 -0.000413794 0.000260869 -0.000656251 0.000488371
internal_weight=0 52 177 116 92 64 43
internal_count=229 52 177 116 92 64 43
is_linear=0
shrinkage=0.03


Tree=50
num_leaves=8
num_cat=0
split_feature=3 4 4 2 3 3 3
split_gain=0.741324 0.517703 0.297097 0.224888 0.196526 0.19077 0.193496
threshold=0.010600000000000002 0.019350000000000003 0.29375000000000001 0.00030000000000000008 0.11425 0.052500000000000012 0.022050000000000004
decision_type=2 2 2 2 2 2 2
left_child=1 -1 3 4 5 6 -2
right_child=2 -3 -4 -5 -6 -7 -8
leaf_value=-0.001028977233859558 -0.00084292335261142626 0.0071799605541104736 -0.029695143406759175 -0.01067807874196239 0.0003666670810953404 -0.0041134594297937907 0.0018578165720053552
leaf_weight=29 21 23 61 24 28 21 22
leaf_count=29 21 23 61 24 28 21 22
internal_value=0 0.00276923 -0.00130509 -0.000413794 0.000260869 -0.000656251 0.000488371
internal_weight=0 52 177 116 92 64 43
internal_count=229 52 177 116 92 64 43
is_linear=0
shrinkage=0.03


Tree=51
num_leaves=8
num_cat=0
split_feature=0 4 2 4 3 1 0
split_gain=0.663567 0.280847 0.241935 0.297754 0.220821 0.133929 0.106977
threshold=0.86670000000000014 0.29375000000000001 0.00030000000000000008 0.068550000000000014 0.11425 0.031800000000000009 0.71840000000000004
decision_type=2 2 2 2 2 2 2
left_child=1 2 3 6 -5 -2 -1
right_child=5 -3 -4 4 -6 -7 -8
leaf_value=-0.0038088276417173571 0.00026328425124920213 -0.028804289104556399 -0.0075996333228900469 -0.00019757554999560642 0.00036138812637023901 0.0077488800614076078 -0.0012743532415726289
leaf_weight=23 28 61 27 29 21 20 20
leaf_count=23 28 61 27 29 21 20 20
internal_value=0 -0.00134254 -0.000500001 0.000225806 0.0018 0.002625 -0.00160465
internal_weight=0 181 120 93 50 48 43
internal_count=229 181 120 93 50 48 43
is_linear=0
shrinkage=0.03


Tree=52
num_leaves=8
num_cat=0
split_feature=3 4 4 2 3 3 3
split_gain=0.741324 0.517703 0.297097 0.224888 0.196526 0.19077 0.193496
threshold=0.010600000000000002 0.019350000000000003 0.29375000000000001 0.00030000000000000008 0.11425 0.052500000000000012 0.022050000000000004
decision_type=2 2 2 2 2 2 2
left_child=1 -1 3 4 5 6 -2
right_child=2 -3 -4 -5 -6 -7 -8
leaf_value=-0.0010060064443812486 -0.0010155147242841302 0.0067320953356449359 -0.027940160431419708 -0.010129747380016822 0.00034482542487137191 -0.0038757908176484672 0.0018080093413450648
leaf_weight=29 21 23 61 24 28 21 22
leaf_count=29 21 23 61 24 28 21 22
internal_value=0 0.00276923 -0.00130509 -0.000413794 0.000260869 -0.000656251 0.000488371
internal_weight=0 52 177 116 92 64 43
internal_count=229 52 177 116 92 64 43
is_linear=0
shrinkage=0.03


Tree=53
num_leaves=8
num_cat=0
split_feature=0 4 2 4 3 1 0
split_gain=0.663567 0.280847 0.241935 0.297754 0.220821 0.133929 0.106977
threshold=0.86670000000000014 0.29375000000000001 0.00030000000000000008 0.068550000000000014 0.11425 0.031800000000000009 0.71840000000000004
decision_type=2 2 2 2 2 2 2
left_child=1 2 3 6 -5 -2 -1
right_child=5 -3 -4 4 -6 -7 -8
leaf_value=-0.0036471638677369445 0.00014010795732798313 -0.027101955618477114 -0.007209004649958251 -0.0001094772460898628 0.00034020171983298873 0.0073376935243869108 -0.0012780913353812157
leaf_weight=23 28 61 27 29 21 20 20
leaf_count=23 28 61 27 29 21 20 20
internal_value=0 -0.00134254 -0.000500001 0.000225806 0.0018 0.002625 -0.00160465
internal_weight=0 181 120 93 50 48 43
internal_count=229 181 120 93 50 48 43
is_linear=0
shrinkage=0.03


Tree=54
num_leaves=7
num_cat=0
split_feature=0 3 4 4 3 3
split_gain=0.648897 0.527095 0.258799 0.291547 0.198381 0.0287234
threshold=0.83065000000000011 0.010600000000000002 0.29375000000000001 0.068550000000000014 0.11425 0.031000000000000003
decision_type=2 2 2 2 2 2
left_child=2 -2 3 5 -5 -1
right_child=1 -3 -4 4 -6 -7
leaf_value=-0.0017715570236646581 0.0039773280284412212 -0.00014304776093750066 -0.026288896949922796 -0.0041819125274333152 0.00032590919844674383 -0.0077562593287040221
leaf_weight=27 30 27 61 38 26 20
leaf_count=27 30 27 61 38 26 20
internal_value=0 0.00226316 -0.00143023 -0.000567568 0.000749999 -0.0023617
internal_weight=0 57 172 111 64 47
internal_count=229 57 172 111 64 47
is_linear=0
shrinkage=0.03


Tree=55
num_leaves=8
num_cat=0
split_feature=4 3 4 2 3 3 3
split_gain=0.57239 0.270952 0.31787 0.224888 0.196526 0.19077 0.193496
threshold=0.29375000000000001 0.010600000000000002 0.019350000000000003 0.00030000000000000008 0.11425 0.052500000000000012 0.022050000000000004
decision_type=2 2 2 2 2 2 2
left_child=1 2 -1 4 5 6 -3
right_child=-2 3 -4 -5 -6 -7 -8
leaf_value=-0.0010993493306228849 -0.025500230041425112 -0.00082248783624920378 0.006190681828990738 -0.0095347448692212327 0.00031449733457683814 -0.0034174143972257793 0.0018825107543104047
leaf_weight=29 61 21 23 24 28 21 22
leaf_count=29 61 21 23 24 28 21 22
internal_value=0 0.000392856 0.00219231 -0.000413794 0.000260869 -0.000656251 0.000488371
internal_weight=0 168 52 116 92 64 43
internal_count=229 168 52 116 92 64 43
is_linear=0
shrinkage=0.03


Tree=56
num_leaves=8
num_cat=0
split_feature=0 1 1 4 4 0 0
split_gain=0.448957 0.195898 0.434662 0.132586 0.181554 0.124711 0.025
threshold=0.71840000000000004 0.03815000000000001 0.016450000000000003 0.29375000000000001 0.073350000000000012 0.43025000000000008 0.83065000000000011
decision_type=2 2 2 2 2 2 2
left_child=3 2 -2 4 -1 -6 -3
right_child=1 6 -4 -5 5 -7 -8
leaf_value=-0.003063183537260514 -0.00068700672809577919 -0.0026395351821537349 0.0032078483338873042 -0.024735223140182356 0.00079522085273571062 -0.012071912340066082 0.00076182910090587307
leaf_weight=30 25 20 22 61 28 23 20
leaf_count=30 25 20 22 61 28 23 20
internal_value=0 0.000793103 0.00210638 -0.00194366 -0.00114815 -5.88242e-05 -0.000750001
internal_weight=0 87 47 142 81 51 40
internal_count=229 87 47 142 81 51 40
is_linear=0
shrinkage=0.03


Tree=57
num_leaves=8
num_cat=0
split_feature=4 1 1 1 1 0 4
split_gain=0.458229 0.238095 0.325577 0.359762 0.251842 0.152932 0.0905797
threshold=0.29375000000000001 0.21895000000000001 0.11500000000000002 0.048800000000000003 0.016450000000000003 0.86670000000000014 0.073350000000000012
decision_type=2 2 2 2 2 2 2
left_child=1 2 3 4 -1 -6 -3
right_child=-2 6 -4 -5 5 -7 -8
leaf_value=-0.0012426584157440601 -0.023993166445976891 -0.0032664518179161316 0.00859420221383656 -0.0032502181871068951 -0.00093398884437088719 0.006749687457976254 -0.0025334024373305964
leaf_weight=30 61 25 21 26 23 20 23
leaf_count=30 61 25 21 26 23 20 23
internal_value=0 3.57136e-05 0.000749999 3.03023e-05 0.00110959 0.00258139 -0.00175
internal_weight=0 168 120 99 73 43 48
internal_count=229 168 120 99 73 43 48
is_linear=0
shrinkage=0.03


Tree=58
num_leaves=7
num_cat=0
split_feature=4 3 2 1 1 3
split_gain=0.513724 0.195936 0.310347 0.160001 0.310378 0.146104
threshold=0.29375000000000001 0.0031000000000000008 0.00030000000000000008 0.21895000000000001 0.020100000000000003 0.10560000000000001
decision_type=2 2 2 2 2 2
left_child=1 -1 3 4 -3 -6
right_child=-2 2 -4 -5 5 -7
leaf_value=0.0043732789338492501 -0.023273371452597582 -0.0059168204652181059 -0.0051350456473532998 -0.0013630488548621231 0.0055357054236538942 0.00039673399315586318
leaf_weight=27 61 23 29 34 35 20
leaf_count=27 61 23 29 34 35 20
internal_value=0 0.000214285 -0.000234043 0.000482142 0.00123077 0.00245454
internal_weight=0 168 141 112 78 55
internal_count=229 168 141 112 78 55
is_linear=0
shrinkage=0.03


Tree=59
num_leaves=7
num_cat=0
split_feature=4 3 4 2 3 3
split_gain=0.699236 0.34118 0.517703 0.272114 0.288008 0.0692066
threshold=0.29375000000000001 0.010600000000000002 0.019350000000000003 0.00030000000000000008 0.11275000000000002 0.044550000000000006
decision_type=2 2 2 2 2 2
left_child=1 2 -1 4 5 -3
right_child=-2 3 -4 -5 -6 -7
leaf_value=-0.0010779368740915667 -0.022575170309019652 0.00021496389093571329 0.0055750369323496309 -0.0090153210166380501 0.00023708621595149338 -0.0052020327760955642
leaf_weight=29 61 37 23 24 30 25
leaf_count=29 61 37 23 24 30 25
internal_value=0 0.000749999 0.00276923 -0.000155173 0.000586956 -0.000580646
internal_weight=0 168 52 116 92 62
internal_count=229 168 52 116 92 62
is_linear=0
shrinkage=0.03


Tree=60
num_leaves=8
num_cat=0
split_feature=4 1 0 0 1 1 0
split_gain=0.513724 0.242472 0.399259 0.290805 0.195898 0.434662 0.025
threshold=0.29375000000000001 0.31080000000000002 0.57005000000000006 0.71840000000000004 0.03815000000000001 0.016450000000000003 0.83065000000000011
decision_type=2 2 2 2 2 2 2
left_child=1 2 -1 -4 5 -5 -6
right_child=-2 -3 3 4 6 -7 -8
leaf_value=0.0008537788070925495 -0.021897915199749065 -0.0043105778892815923 -0.0046561897850860533 -0.00066250883734146387 -0.0031280513691057817 0.0026306318054948761 0.00075860643115985835
leaf_weight=25 61 33 23 25 20 22 20
leaf_count=25 61 33 23 25 20 22 20
internal_value=0 0.000214285 0.000777777 -7.15256e-10 0.000793103 0.00210638 -0.000750001
internal_weight=0 168 135 110 87 47 40
internal_count=229 168 135 110 87 47 40
is_linear=0
shrinkage=0.03


Tree=61
num_leaves=7
num_cat=0
split_feature=4 3 2 1 1 3
split_gain=0.513724 0.195936 0.310347 0.160001 0.310378 0.146104
threshold=0.29375000000000001 0.0031000000000000008 0.00030000000000000008 0.21895000000000001 0.020100000000000003 0.10560000000000001
decision_type=2 2 2 2 2 2
left_child=1 -1 3 4 -3 -6
right_child=-2 2 -4 -5 5 -7
leaf_value=0.0039959105036984173 -0.021240977743756589 -0.0057020600886380597 -0.004778221486843758 -0.0011432780297485875 0.0053705927609816071 0.00034677548782183806
leaf_weight=27 61 23 29 34 35 20
leaf_count=27 61 23 29 34 35 20
internal_value=0 0.000214285 -0.000234043 0.000482142 0.00123077 0.00245454
internal_weight=0 168 141 112 78 55
internal_count=229 168 141 112 78 55
is_linear=0
shrinkage=0.03


Tree=62
num_leaves=7
num_cat=0
split_feature=4 3 4 2 3 3
split_gain=0.699236 0.34118 0.517703 0.272114 0.288008 0.0692066
threshold=0.29375000000000001 0.010600000000000002 0.019350000000000003 0.00030000000000000008 0.11275000000000002 0.044550000000000006
decision_type=2 2 2 2 2 2
left_child=1 2 -1 4 5 -3
right_child=-2 3 -4 -5 -6 -7
leaf_value=-0.0010874131885283381 -0.020603748411443894 0.00025622467291078627 0.0052089895551033182 -0.0084755823188640608 0.00014598193281242403 -0.0048823561152417901
leaf_weight=29 61 37 23 24 30 25
leaf_count=29 61 37 23 24 30 25
internal_value=0 0.000749999 0.00276923 -0.000155173 0.000586956 -0.000580646
internal_weight=0 168 52 116 92 62
internal_count=229 168 52 116 92 62
is_linear=0
shrinkage=0.03


Tree=63
num_leaves=8
num_cat=0
split_feature=4 1 0 0 1 1 0
split_gain=0.513724 0.242472 0.399259 0.290805 0.195898 0.434662 0.025
threshold=0.29375000000000001 0.31080000000000002 0.57005000000000006 0.71840000000000004 0.03815000000000001 0.016450000000000003 0.83065000000000011
decision_type=2 2 2 2 2 2 2
left_child=1 2 -1 -4 5 -5 -6
right_child=-2 -3 3 4 6 -7 -8
leaf_value=0.00083821929056922034 -0.019985635959100578 -0.0042149104788112455 -0.0044156917935365553 -0.00066866032879142644 -0.0033285841467613816 0.0022944551523711595 0.00069092723898179077
leaf_weight=25 61 33 23 25 20 22 20
leaf_count=25 61 33 23 25 20 22 20
internal_value=0 0.000214285 0.000777777 -7.15256e-10 0.000793103 0.00210638 -0.000750001
internal_weight=0 168 135 110 87 47 40
internal_count=229 168 135 110 87 47 40
is_linear=0
shrinkage=0.03


Tree=64
num_leaves=7
num_cat=0
split_feature=4 3 2 1 1 3
split_gain=0.513724 0.195936 0.310347 0.160001 0.310378 0.146104
threshold=0.29375000000000001 0.0031000000000000008 0.00030000000000000008 0.21895000000000001 0.020100000000000003 0.10560000000000001
decision_type=2 2 2 2 2 2
left_child=1 -1 3 4 -3 -6
right_child=-2 2 -4 -5 5 -7
leaf_value=0.0036509298473632254 -0.019386066880327558 -0.0054954815103768172 -0.0044398198918774332 -0.00093975536342746793 0.0052120925435704809 0.00030247749869036651
leaf_weight=27 61 23 29 34 35 20
leaf_count=27 61 23 29 34 35 20
internal_value=0 0.000214285 -0.000234043 0.000482142 0.00123077 0.00245454
internal_weight=0 168 141 112 78 55
internal_count=229 168 141 112 78 55
is_linear=0
shrinkage=0.03


Tree=65
num_leaves=7
num_cat=0
split_feature=4 3 4 2 3 3
split_gain=0.699236 0.34118 0.517703 0.272114 0.288008 0.0692066
threshold=0.29375000000000001 0.010600000000000002 0.019350000000000003 0.00030000000000000008 0.11275000000000002 0.044550000000000006
decision_type=2 2 2 2 2 2
left_child=1 2 -1 4 5 -3
right_child=-2 3 -4 -5 -6 -7
leaf_value=-0.0010893805934598505 -0.01880448487391773 0.00034615454970716081 0.0048743583184582004 -0.0079654334854405706 6.8063172675759693e-05 -0.0045812454565173797
leaf_weight=29 61 37 23 24 30 25
leaf_count=29 61 37 23 24 30 25
internal_value=0 0.000749999 0.00276923 -0.000155173 0.000586956 -0.000580646
internal_weight=0 168 52 116 92 62
internal_count=229 168 52 116 92 62
is_linear=0
shrinkage=0.03


Tree=66
num_leaves=8
num_cat=0
split_feature=4 1 0 0 1 1 0
split_gain=0.513724 0.242472 0.399259 0.290805 0.195898 0.434662 0.025
threshold=0.29375000000000001 0.31080000000000002 0.57005000000000006 0.71840000000000004 0.03815000000000001 0.016450000000000003 0.83065000000000011
decision_type=2 2 2 2 2 2 2
left_child=1 2 -1 -4 5 -5 -6
right_child=-2 -3 3 4 6 -7 -8
leaf_value=0.00081931102189213402 -0.018240350327700199 -0.0041168141566260306 -0.004194542914073513 -0.0006681589471541655 -0.0035087455456573684 0.0019877541591387092 0.00062290732637614477
leaf_weight=25 61 33 23 25 20 22 20
leaf_count=25 61 33 23 25 20 22 20
internal_value=0 0.000214285 0.000777777 -7.15256e-10 0.000793103 0.00210638 -0.000750001
internal_weight=0 168 135 110 87 47 40
internal_count=229 168 135 110 87 47 40
is_linear=0
shrinkage=0.03


Tree=67
num_leaves=8
num_cat=0
split_feature=3 4 2 1 4 0 0
split_gain=0.474447 0.219175 0.172657 0.166532 0.16253 0.039011 0.0341759
threshold=0.010600000000000002 0.15570000000000003 1.0000000180025095e-35 0.043150000000000001 0.068550000000000014 0.40330000000000005 0.85910000000000009
decision_type=2 2 2 2 2 2 2
left_child=3 2 4 -1 6 -3 -2
right_child=1 5 -4 -5 -6 -7 -8
leaf_value=0.0018536588291851626 -0.0024972004370969986 -0.017693139889394697 -0.0077097757605599764 -0.00011921366673666971 0.00080057016441514677 -0.004064342414780403 0.00061233812083807319
leaf_weight=23 23 71 20 29 23 20 20
leaf_count=23 23 71 20 29 23 20 20
internal_value=0 -0.00164407 -0.00055814 0.00161538 0.000181817 -0.00267033 -0.000906977
internal_weight=0 177 86 52 66 91 43
internal_count=229 177 86 52 66 91 43
is_linear=0
shrinkage=0.03


Tree=68
num_leaves=7
num_cat=0
split_feature=4 3 2 1 1 1
split_gain=0.513724 0.195936 0.310347 0.21503 0.670145 0.0788445
threshold=0.29375000000000001 0.0031000000000000008 0.00030000000000000008 0.11500000000000002 0.31080000000000002 0.035550000000000005
decision_type=2 2 2 2 2 2
left_child=1 -1 3 5 -5 -3
right_child=-2 2 -4 4 -6 -7
leaf_value=0.0032799288127388598 -0.017162345621187351 4.4752374228461216e-05 -0.0039753030621590751 0.0050610739316155505 -0.0081801684322169218 -0.002741438585429099
leaf_weight=27 61 37 29 25 23 27
leaf_count=27 61 37 29 25 23 27
internal_value=0 0.000214285 -0.000234043 0.000482142 0.002 -0.000656251
internal_weight=0 168 141 112 48 64
internal_count=229 168 141 112 48 64
is_linear=0
shrinkage=0.03


Tree=69
num_leaves=8
num_cat=0
split_feature=4 3 2 1 1 0 0
split_gain=0.385153 0.230501 0.377881 0.159211 0.224866 0.541422 0.162645
threshold=0.35910000000000003 0.0031000000000000008 1.0000000180025095e-35 0.020100000000000003 0.31080000000000002 0.57005000000000006 0.76035000000000019
decision_type=2 2 2 2 2 2 2
left_child=1 -1 3 -3 5 -5 -7
right_child=-2 2 -4 4 -6 6 -8
leaf_value=0.0031815309483566975 -0.017382020007150216 -0.0054978631738196067 -0.003856044466171776 0.0010733355250791355 -0.0075558130033819238 -0.00091706911116700535 0.0072984810677050507
leaf_weight=27 49 24 39 20 22 23 25
leaf_count=27 49 24 39 20 22 23 25
internal_value=0 -7.15256e-10 -0.000450981 0.000421052 0.000999999 0.00185294 0.000124999
internal_weight=0 180 153 114 90 68 48
internal_count=229 180 153 114 90 68 48
is_linear=0
shrinkage=0.03


Tree=70
num_leaves=9
num_cat=0
split_feature=3 4 1 0 0 4 0 1
split_gain=0.623099 0.517703 0.285677 0.329962 0.394305 0.208333 0.0277778 0.025
threshold=0.010600000000000002 0.019350000000000003 0.020100000000000003 0.30040000000000006 0.51245000000000007 0.081450000000000009 0.097850000000000006 0.06975000000000002
decision_type=2 2 2 2 2 2 2 2
left_child=1 -1 -2 6 -5 7 -4 -6
right_child=2 -3 3 4 5 -7 -8 -9
leaf_value=-0.0012167534963666584 -0.011836654394155629 0.0044190413864218557 -0.020981459351687739 0.00037829856064755475 0.0015769506832129228 -0.010346053014567619 -0.017523160437980117 -6.3210658193955515e-05
leaf_weight=29 46 23 25 26 20 20 20 20
leaf_count=29 46 23 25 26 20 20 20 20
internal_value=0 0.00276923 -0.000966102 -0.000251909 0.000837209 -0.000500001 -0.00233333 0.000749999
internal_weight=0 52 177 131 86 60 45 40
internal_count=229 52 177 131 86 60 45 40
is_linear=0
shrinkage=0.03


Tree=71
num_leaves=7
num_cat=0
split_feature=4 4 1 1 4 0
split_gain=0.484072 0.505258 0.298542 0.4 0.156007 0.0551471
threshold=0.37555000000000005 0.24220000000000003 0.03815000000000001 0.020100000000000003 0.030100000000000005 0.57005000000000006
decision_type=2 2 2 2 2 2
left_child=1 2 3 -1 -4 -6
right_child=-2 -3 4 -5 5 -7
leaf_value=-0.00091280048433356323 -0.018529836287748475 0.00042282376845327249 8.0411198308204683e-05 0.0014070695354454774 -0.0081347560061321589 -0.0039831498790201623
leaf_weight=36 46 24 35 24 34 30
leaf_count=36 46 24 35 24 34 30
internal_value=0 0.000442622 -0.000169812 0.0015 -0.00118182 -0.0020625
internal_weight=0 183 159 60 99 64
internal_count=229 183 159 60 99 64
is_linear=0
shrinkage=0.03


Tree=72
num_leaves=8
num_cat=0
split_feature=4 4 1 1 1 1 1
split_gain=0.531272 0.465254 0.31919 0.315069 0.109108 0.2378 0.077727
threshold=0.37555000000000005 0.24220000000000003 0.051450000000000003 0.031800000000000009 0.39040000000000002 0.12140000000000002 0.016450000000000003
decision_type=2 2 2 2 2 2 2
left_child=1 2 3 6 5 -4 -1
right_child=-2 -3 4 -5 -6 -7 -8
leaf_value=-0.00137967452018795 -0.017973941199116023 0.0004101390553996713 -0.0065074694237088615 0.0035777798755079089 -0.010776883339129989 0.00053661849531298474 9.39189709166364e-05
leaf_weight=29 46 24 23 25 23 39 20
leaf_count=29 46 24 23 25 23 39 20
internal_value=0 0.000606557 1.88672e-05 0.00145946 -0.00123529 -0.000580646 6.12238e-05
internal_weight=0 183 159 74 85 62 49
internal_count=229 183 159 74 85 62 49
is_linear=0
shrinkage=0.03


Tree=73
num_leaves=7
num_cat=0
split_feature=4 4 1 1 4 0
split_gain=0.484072 0.505258 0.298542 0.4 0.156007 0.0551471
threshold=0.37555000000000005 0.24220000000000003 0.03815000000000001 0.020100000000000003 0.030100000000000005 0.57005000000000006
decision_type=2 2 2 2 2 2
left_child=1 2 3 -1 -4 -6
right_child=-2 -3 4 -5 5 -7
leaf_value=-0.00084402623419791291 -0.017434722963142545 0.00039783488373768152 0.00014642953383085065 0.0012575240531168738 -0.007567406825774294 -0.0038797539375089495
leaf_weight=36 46 24 35 24 34 30
leaf_count=36 46 24 35 24 34 30
internal_value=0 0.000442622 -0.000169812 0.0015 -0.00118182 -0.0020625
internal_weight=0 183 159 60 99 64
internal_count=229 183 159 60 99 64
is_linear=0
shrinkage=0.03


Tree=74
num_leaves=9
num_cat=0
split_feature=4 4 4 1 3 1 0 1
split_gain=0.632257 0.390195 0.362264 0.278665 0.405984 0.250216 0.0804367 0.273485
threshold=0.37555000000000005 0.24220000000000003 0.15570000000000003 0.051450000000000003 0.010600000000000002 0.024900000000000002 0.56030000000000013 0.16010000000000005
decision_type=2 2 2 2 2 2 2 2
left_child=1 2 3 4 -1 -6 -5 -8
right_child=-2 -3 -4 6 5 -7 7 -9
leaf_value=0.0013198791610450357 -0.016911681274248264 0.00038589983722555108 -0.012471699019205135 -0.0039183716735149985 -0.0044863771735524699 0.0013423709587944252 -0.00091529957191939211 0.00045158423882043087
leaf_weight=25 46 24 24 24 22 20 24 20
leaf_count=25 46 24 24 24 22 20 24 20
internal_value=0 0.000934426 0.000396226 0.000999999 0.00237313 0.000571428 -0.000352942 0.00040909
internal_weight=0 183 159 135 67 42 68 44
internal_count=229 183 159 135 67 42 68 44
is_linear=0
shrinkage=0.03


Tree=75
num_leaves=8
num_cat=0
split_feature=4 4 4 1 1 0 1
split_gain=0.580667 0.4269 0.323131 0.194641 0.451173 0.0804367 0.273485
threshold=0.37555000000000005 0.24220000000000003 0.15570000000000003 0.051450000000000003 0.020100000000000003 0.56030000000000013 0.16010000000000005
decision_type=2 2 2 2 2 2 2
left_child=1 2 3 4 -1 -5 -7
right_child=-2 -3 -4 5 -6 6 -8
leaf_value=-0.00069354900760812182 -0.016404330836020817 0.00037432284210878674 -0.012097548048628975 -0.003800820523309544 0.0013224609248203068 -0.00088784058476181404 0.00043803671165581847
leaf_weight=35 46 24 24 24 32 24 20
leaf_count=35 46 24 24 24 32 24 20
internal_value=0 0.000770491 0.000207546 0.000777777 0.00192537 -0.000352942 0.00040909
internal_weight=0 183 159 135 67 68 44
internal_count=229 183 159 135 67 68 44
is_linear=0
shrinkage=0.03


Tree=76
num_leaves=8
num_cat=0
split_feature=4 4 4 1 1 0 1
split_gain=0.531272 0.329618 0.35679 0.194641 0.451173 0.0804367 0.273485
threshold=0.37555000000000005 0.27155000000000001 0.15570000000000003 0.051450000000000003 0.020100000000000003 0.56030000000000013 0.16010000000000005
decision_type=2 2 2 2 2 2 2
left_child=1 2 3 4 -1 -5 -7
right_child=-2 -3 -4 5 -6 6 -8
leaf_value=-0.00067274253737987231 -0.015912200910940189 0.00036902718042079448 -0.011018722241688305 -0.0036867959076102644 0.0012827870970757028 -0.00086120536721895759 0.00042489561030614222
leaf_weight=35 46 21 27 24 32 24 20
leaf_count=35 46 21 27 24 32 24 20
internal_value=0 0.000606557 0.000148147 0.000777777 0.00192537 -0.000352942 0.00040909
internal_weight=0 183 162 135 67 68 44
internal_count=229 183 162 135 67 68 44
is_linear=0
shrinkage=0.03


Tree=77
num_leaves=8
num_cat=0
split_feature=4 4 1 3 2 0 1
split_gain=0.580667 0.4269 0.344006 0.364583 0.176283 0.164481 0.379842
threshold=0.37555000000000005 0.24220000000000003 0.03815000000000001 0.018400000000000003 1.0000000180025095e-35 0.56030000000000013 0.12140000000000002
decision_type=2 2 2 2 2 2 2
left_child=1 2 3 -1 5 -4 -7
right_child=-2 -3 4 -5 -6 6 -8
leaf_value=0.0023152496672740391 -0.015434834883611982 0.00035202234143289976 -0.0048612175311897599 -0.0032789173900085629 -0.0035190259819685918 -0.0026802416152402219 0.0012987576983758773
leaf_weight=28 46 24 28 32 26 23 22
leaf_count=28 46 24 28 32 26 23 22
internal_value=0 0.000770491 0.000207546 0.002 -0.000878789 -0.000123288 0.000999999
internal_weight=0 183 159 60 99 73 45
internal_count=229 183 159 60 99 73 45
is_linear=0
shrinkage=0.03


Tree=78
num_leaves=8
num_cat=0
split_feature=4 4 0 1 3 4 3
split_gain=0.580667 0.4269 0.417168 0.420552 0.253413 0.0994361 0.0275974
threshold=0.37555000000000005 0.24220000000000003 0.83065000000000011 0.031800000000000009 0.11965000000000002 0.030100000000000005 0.028950000000000004
decision_type=2 2 2 2 2 2 2
left_child=1 2 4 -4 5 -1 -7
right_child=-2 -3 3 -5 -6 6 -8
leaf_value=-0.00025610810313207185 -0.014971789837103622 0.00034146167118991478 -6.3006270094201087e-05 0.0056597076214774103 0.00019482226804262237 -0.0035994559361996964 -0.0083355921205680947
leaf_weight=20 46 24 31 26 26 22 34
leaf_count=20 46 24 31 26 26 22 34
internal_value=0 0.000770491 0.000207546 0.00226316 -0.000941177 -0.00181579 -0.00246429
internal_weight=0 183 159 57 102 76 56
internal_count=229 183 159 57 102 76 56
is_linear=0
shrinkage=0.03


Tree=79
num_leaves=8
num_cat=0
split_feature=4 4 4 1 1 1 0
split_gain=0.531272 0.465254 0.286233 0.208642 0.527473 0.134277 0.26171
threshold=0.37555000000000005 0.24220000000000003 0.15570000000000003 0.03815000000000001 0.016450000000000003 0.12140000000000002 0.56030000000000013
decision_type=2 2 2 2 2 2 2
left_child=1 2 3 4 -1 -5 -7
right_child=-2 -3 -4 5 -6 6 -8
leaf_value=-0.0012143856135582464 -0.014522636141990515 0.00033121782105421872 -0.011119694178348065 -0.0016999537855276116 0.001052502535047033 -0.0033499567722807401 0.00075346755945968861
leaf_weight=28 46 24 24 30 26 24 27
leaf_count=28 46 24 24 30 26 24 27
internal_value=0 0.000606557 1.88672e-05 0.000555555 0.002 -0.000407408 0.000529411
internal_weight=0 183 159 135 54 81 51
internal_count=229 183 159 135 54 81 51
is_linear=0
shrinkage=0.03


Tree=80
num_leaves=8
num_cat=0
split_feature=4 4 4 1 1 1 0
split_gain=0.531272 0.465254 0.286233 0.208642 0.527473 0.134277 0.26171
threshold=0.37555000000000005 0.24220000000000003 0.15570000000000003 0.03815000000000001 0.016450000000000003 0.12140000000000002 0.56030000000000013
decision_type=2 2 2 2 2 2 2
left_child=1 2 3 4 -1 -5 -7
right_child=-2 -3 -4 5 -6 6 -8
leaf_value=-0.0011779540451515057 -0.014086957057730798 0.00032128128642259379 -0.010786103352997624 -0.0016489551719617781 0.0010209274589956241 -0.0032494580691123233 0.00073086353267590067
leaf_weight=28 46 24 24 30 26 24 27
leaf_count=28 46 24 24 30 26 24 27
internal_value=0 0.000606557 1.88672e-05 0.000555555 0.002 -0.000407408 0.000529411
internal_weight=0 183 159 135 54 81 51
internal_count=229 183 159 135 54 81 51
is_linear=0
shrinkage=0.03


Tree=81
num_leaves=8
num_cat=0
split_feature=4 4 1 3 2 0 1
split_gain=0.580667 0.4269 0.344006 0.364583 0.176283 0.164481 0.379842
threshold=0.37555000000000005 0.24220000000000003 0.03815000000000001 0.018400000000000003 1.0000000180025095e-35 0.56030000000000013 0.12140000000000002
decision_type=2 2 2 2 2 2 2
left_child=1 2 3 -1 5 -4 -7
right_child=-2 -3 4 -5 -6 6 -8
leaf_value=0.002112692405880817 -0.013664348345998872 0.00031164284782991537 -0.004340045996521936 -0.0023574404173493883 -0.0034665405079464485 -0.0026691583267026563 0.0013132186190290044
leaf_weight=28 46 24 28 32 26 23 22
leaf_count=28 46 24 28 32 26 23 22
internal_value=0 0.000770491 0.000207546 0.002 -0.000878789 -0.000123288 0.000999999
internal_weight=0 183 159 60 99 73 45
internal_count=229 183 159 60 99 73 45
is_linear=0
shrinkage=0.03


Tree=82
num_leaves=8
num_cat=0
split_feature=4 4 0 1 3 4 3
split_gain=0.580667 0.4269 0.417168 0.420552 0.253413 0.0994361 0.0275974
threshold=0.37555000000000005 0.24220000000000003 0.83065000000000011 0.031800000000000009 0.11965000000000002 0.030100000000000005 0.028950000000000004
decision_type=2 2 2 2 2 2 2
left_child=1 2 4 -4 5 -1 -7
right_child=-2 -3 3 -5 -6 6 -8
leaf_value=-0.00020329778998845957 -0.013254417895618906 0.00030229356239502115 -5.2726760231513473e-05 0.0053643327208353925 0.00019749791270054362 -0.0035753987494486442 -0.0078573655381647227
leaf_weight=20 46 24 31 26 26 22 34
leaf_count=20 46 24 31 26 26 22 34
internal_value=0 0.000770491 0.000207546 0.00226316 -0.000941177 -0.00181579 -0.00246429
internal_weight=0 183 159 57 102 76 56
internal_count=229 183 159 57 102 76 56
is_linear=0
shrinkage=0.03


Tree=83
num_leaves=8
num_cat=0
split_feature=4 4 4 1 1 1 0
split_gain=0.580667 0.4269 0.323131 0.149383 0.527473 0.203994 0.286835
threshold=0.37555000000000005 0.24220000000000003 0.15570000000000003 0.03815000000000001 0.016450000000000003 0.12140000000000002 0.51245000000000007
decision_type=2 2 2 2 2 2 2
left_child=1 2 3 4 -1 -5 -7
right_child=-2 -3 -4 5 -6 6 -8
leaf_value=-0.0012044143931664241 -0.012856785358750339 0.00029322475552316863 -0.010194380702255113 -0.0016588124131936945 0.00084724473347999271 -0.0048651772719404398 0.00032318763935723388
leaf_weight=28 46 24 24 30 26 21 30
leaf_count=28 46 24 24 30 26 21 30
internal_value=0 0.000770491 0.000207546 0.000777777 0.002 -3.70378e-05 0.00111765
internal_weight=0 183 159 135 54 81 51
internal_count=229 183 159 135 54 81 51
is_linear=0
shrinkage=0.03


Tree=84
num_leaves=8
num_cat=0
split_feature=4 4 4 1 1 1 0
split_gain=0.580667 0.4269 0.323131 0.149383 0.527473 0.203994 0.286835
threshold=0.37555000000000005 0.24220000000000003 0.15570000000000003 0.03815000000000001 0.016450000000000003 0.12140000000000002 0.51245000000000007
decision_type=2 2 2 2 2 2 2
left_child=1 2 3 4 -1 -5 -7
right_child=-2 -3 -4 5 -6 6 -8
leaf_value=-0.0011682819613714312 -0.012471081797987832 0.00028442801285747321 -0.0098885492811874552 -0.0016090480407978881 0.00082182739147559371 -0.0047192219537822285 0.00031349201017651676
leaf_weight=28 46 24 24 30 26 21 30
leaf_count=28 46 24 24 30 26 21 30
internal_value=0 0.000770491 0.000207546 0.000777777 0.002 -3.70378e-05 0.00111765
internal_weight=0 183 159 135 54 81 51
internal_count=229 183 159 135 54 81 51
is_linear=0
shrinkage=0.03


Tree=85
num_leaves=9
num_cat=0
split_feature=4 4 4 4 3 4 0 1
split_gain=0.686043 0.35514 0.403634 0.201842 0.560903 0.267559 0.216234 0.0281069
threshold=0.37555000000000005 0.24220000000000003 0.15570000000000003 0.019350000000000003 0.018400000000000003 0.0111 0.61050000000000015 0.03815000000000001
decision_type=2 2 2 2 2 2 2 2
left_child=1 2 3 5 -5 -1 -6 -8
right_child=-2 -3 -4 4 6 -7 7 -9
leaf_value=0.0010096936343524548 -0.012096949344048199 0.00027589517247174664 -0.0095918928027518349 0.001739415131240098 0.00027098638877323775 -0.0023446648035820297 -0.0052040968412730877 -0.0093675995469006939
leaf_weight=26 46 24 24 28 20 20 20 21
leaf_count=26 46 24 24 28 20 20 20 21
internal_value=0 0.00109836 0.000584905 0.00122222 0.00205618 -0.000391305 0.000442622 -0.000804879
internal_weight=0 183 159 135 89 46 61 41
internal_count=229 183 159 135 89 46 61 41
is_linear=0
shrinkage=0.03


Tree=86
num_leaves=8
num_cat=0
split_feature=4 4 4 1 1 1 0
split_gain=0.580667 0.4269 0.323131 0.149383 0.527473 0.203994 0.286835
threshold=0.37555000000000005 0.24220000000000003 0.15570000000000003 0.03815000000000001 0.016450000000000003 0.12140000000000002 0.51245000000000007
decision_type=2 2 2 2 2 2 2
left_child=1 2 3 4 -1 -5 -7
right_child=-2 -3 -4 5 -6 6 -8
leaf_value=-0.0011700917909405395 -0.011734040863726754 0.00026761831729759479 -0.0093041360186692842 -0.0015004996612028032 0.00081437514873293807 -0.0045857749078380052 0.0002563100517026594
leaf_weight=28 46 24 24 30 26 21 30
leaf_count=28 46 24 24 30 26 21 30
internal_value=0 0.000770491 0.000207546 0.000777777 0.002 -3.70378e-05 0.00111765
internal_weight=0 183 159 135 54 81 51
internal_count=229 183 159 135 54 81 51
is_linear=0
shrinkage=0.03


Tree=87
num_leaves=9
num_cat=0
split_feature=4 4 4 4 3 4 0 1
split_gain=0.686043 0.35514 0.403634 0.201842 0.560903 0.267559 0.216234 0.0281069
threshold=0.37555000000000005 0.24220000000000003 0.15570000000000003 0.019350000000000003 0.018400000000000003 0.0111 0.61050000000000015 0.03815000000000001
decision_type=2 2 2 2 2 2 2 2
left_child=1 2 3 5 -5 -1 -6 -8
right_child=-2 -3 -4 4 6 -7 7 -9
leaf_value=0.00098473853946996932 -0.01138201963781495 0.00025958976777866672 -0.0090250119381092026 0.0016628014228409133 0.00024009973035511714 -0.0022293098696384932 -0.0050188245561570647 -0.0090415565706575933
leaf_weight=26 46 24 24 28 20 20 20 21
leaf_count=26 46 24 24 28 20 20 20 21
internal_value=0 0.00109836 0.000584905 0.00122222 0.00205618 -0.000391305 0.000442622 -0.000804879
internal_weight=0 183 159 135 89 46 61 41
internal_count=229 183 159 135 89 46 61 41
is_linear=0
shrinkage=0.03


Tree=88
num_leaves=8
num_cat=0
split_feature=4 4 4 1 1 3 3
split_gain=0.531272 0.465254 0.286233 0.208642 0.527473 0.215462 0.0687398
threshold=0.37555000000000005 0.24220000000000003 0.15570000000000003 0.03815000000000001 0.016450000000000003 0.025900000000000003 0.010600000000000002
decision_type=2 2 2 2 2 2 2
left_child=1 2 3 4 -1 6 -5
right_child=-2 -3 -4 5 -6 -7 -8
leaf_value=-0.001170633746252087 -0.011040559048680502 0.00025180207474530801 -0.0087542615799659305 -0.00019322104853393887 0.0008504551009611269 0.0010402752905974877 -0.0022308516122977536
leaf_weight=28 46 24 24 26 26 34 21
leaf_count=28 46 24 24 26 26 34 21
internal_value=0 0.000606557 1.88672e-05 0.000555555 0.002 -0.000407408 -0.0017234
internal_weight=0 183 159 135 54 81 47
internal_count=229 183 159 135 54 81 47
is_linear=0
shrinkage=0.03


Tree=89
num_leaves=8
num_cat=0
split_feature=4 4 1 3 4 3 0
split_gain=0.632257 0.390195 0.344617 0.195484 0.221763 0.209046 0.0487013
threshold=0.37555000000000005 0.24220000000000003 0.39040000000000002 0.042250000000000003 0.019350000000000003 0.11965000000000002 0.84310000000000007
decision_type=2 2 2 2 2 2 2
left_child=1 2 3 4 -1 -5 -6
right_child=-2 -3 -4 5 6 -7 -8
leaf_value=-0.00058988606431704352 -0.010709342277220091 0.00024424801250294938 -0.008849995214109542 -0.0076041666599048069 0.00020510127517688257 0.00023723324131555388 0.0035868382769006606
leaf_weight=37 46 24 23 31 20 26 22
leaf_count=37 46 24 23 31 20 26 22
internal_value=0 0.000934426 0.000396226 0.000970588 0.00193671 -0.000368422 0.00342857
internal_weight=0 183 159 136 79 57 42
internal_count=229 183 159 136 79 57 42
is_linear=0
shrinkage=0.03


Tree=90
num_leaves=8
num_cat=0
split_feature=4 4 1 3 3 3 1
split_gain=0.686043 0.35514 0.383972 0.193414 0.267559 0.227273 0.19116
threshold=0.37555000000000005 0.24220000000000003 0.39040000000000002 0.063600000000000004 0.11965000000000002 0.025900000000000003 0.03815000000000001
decision_type=2 2 2 2 2 2 2
left_child=1 2 3 5 -5 6 -1
right_child=-2 -3 -4 4 -6 -7 -8
leaf_value=0.0011928276768284971 -0.010388062008903489 0.00023692057212786267 -0.0085844953576862584 -0.0084536581395133932 0.00023011624407608805 0.0010731978669314625 -0.00021922825210538585
leaf_weight=31 46 24 23 20 26 24 35
leaf_count=31 46 24 23 20 26 24 35
internal_value=0 0.00109836 0.000584905 0.00119118 -0.000391305 0.002 0.00109091
internal_weight=0 183 159 136 46 90 66
internal_count=229 183 159 136 46 90 66
is_linear=0
shrinkage=0.03


Tree=91
num_leaves=8
num_cat=0
split_feature=4 4 1 3 3 3 1
split_gain=0.686043 0.35514 0.383972 0.193414 0.267559 0.227273 0.19116
threshold=0.37555000000000005 0.24220000000000003 0.39040000000000002 0.063600000000000004 0.11965000000000002 0.025900000000000003 0.03815000000000001
decision_type=2 2 2 2 2 2 2
left_child=1 2 3 5 -5 6 -1
right_child=-2 -3 -4 4 -6 -7 -8
leaf_value=0.0011570428465236425 -0.010076420148636385 0.00022981295496402976 -0.0083269604969556672 -0.0082000483953279923 0.00022321275675380855 0.0010410019309235142 -0.00021265140454223029
leaf_weight=31 46 24 23 20 26 24 35
leaf_count=31 46 24 23 20 26 24 35
internal_value=0 0.00109836 0.000584905 0.00119118 -0.000391305 0.002 0.00109091
internal_weight=0 183 159 136 46 90 66
internal_count=229 183 159 136 46 90 66
is_linear=0
shrinkage=0.03


Tree=92
num_leaves=8
num_cat=0
split_feature=4 4 4 1 1 1 3
split_gain=0.632257 0.390195 0.362264 0.163043 0.216021 0.347589 0.4018
threshold=0.37555000000000005 0.24220000000000003 0.15570000000000003 0.36825000000000002 0.016450000000000003 0.03815000000000001 0.025900000000000003
decision_type=2 2 2 2 2 2 2
left_child=1 2 3 4 -1 -6 -7
right_child=-2 -3 -4 -5 5 6 -8
leaf_value=-0.0012259047060460568 -0.0097741275441772975 0.00022291856631510832 -0.0083084855335287307 -0.0034404625082776145 0.00078818322829182026 -0.00068442669627195418 0.005606319125431863
leaf_weight=28 46 24 24 20 26 34 27
leaf_count=28 46 24 24 20 26 34 27
internal_value=0 0.000934426 0.000396226 0.000999999 0.00143478 0.00217241 0.000934426
internal_weight=0 183 159 135 115 87 61
internal_count=229 183 159 135 115 87 61
is_linear=0
shrinkage=0.03


Tree=93
num_leaves=9
num_cat=0
split_feature=1 0 1 1 4 1 3 0
split_gain=0.492392 0.424001 0.331818 0.762698 0.688095 0.557279 0.0649351 0.0261905
threshold=0.0059000000000000016 0.30040000000000006 0.03815000000000001 0.11500000000000002 0.044950000000000011 0.020100000000000003 0.20715000000000003 0.80525000000000013
decision_type=2 2 2 2 2 2 2 2
left_child=-1 6 5 7 -5 -3 -2 -4
right_child=1 2 3 4 -6 -7 -8 -9
leaf_value=-0.0077459426261784776 -0.0099250994142499448 0.00033980006208402528 -0.0078951481033871194 -0.0001815814663431842 0.00031903226513481966 0.00071823985327653978 -0.010418088849177205 -9.6174866090150665e-05
leaf_weight=35 35 25 22 28 20 24 20 20
leaf_count=35 35 25 22 28 20 24 20 20
internal_value=0 0.000865979 0.0017482 0.000666666 0.00325 0.00373469 -0.00136364 -0.00228572
internal_weight=0 194 139 90 48 49 55 42
internal_count=229 194 139 90 48 49 55 42
is_linear=0
shrinkage=0.03


Tree=94
num_leaves=9
num_cat=0
split_feature=1 0 1 1 4 1 3 0
split_gain=0.492392 0.424001 0.331818 0.762698 0.688095 0.557279 0.0649351 0.0261905
threshold=0.0059000000000000016 0.30040000000000006 0.03815000000000001 0.11500000000000002 0.044950000000000011 0.020100000000000003 0.20715000000000003 0.80525000000000013
decision_type=2 2 2 2 2 2 2 2
left_child=-1 6 5 7 -5 -3 -2 -4
right_child=1 2 3 4 -6 -7 -8 -9
leaf_value=-0.0075135643473931242 -0.0096273464318224443 0.00032960606022149178 -0.007658293660285506 -0.00017613402235289237 0.00030946129718077735 0.00069669265767824536 -0.01010554618370189 -9.3289620107446207e-05
leaf_weight=35 35 25 22 28 20 24 20 20
leaf_count=35 35 25 22 28 20 24 20 20
internal_value=0 0.000865979 0.0017482 0.000666666 0.00325 0.00373469 -0.00136364 -0.00228572
internal_weight=0 194 139 90 48 49 55 42
internal_count=229 194 139 90 48 49 55 42
is_linear=0
shrinkage=0.03


Tree=95
num_leaves=9
num_cat=0
split_feature=1 0 1 1 4 1 3 0
split_gain=0.453788 0.367226 0.240342 0.734956 0.688095 0.613946 0.0649351 0.0261905
threshold=0.0059000000000000016 0.30040000000000006 0.11500000000000002 0.03815000000000001 0.044950000000000011 0.024300000000000006 0.20715000000000003 0.80525000000000013
decision_type=2 2 2 2 2 2 2 2
left_child=-1 6 3 5 -4 -3 -2 -5
right_child=1 2 4 7 -6 -7 -8 -9
leaf_value=-0.0072881574169713298 -0.0093385260388677716 0.0001834757099702846 -0.00017085000168230393 -0.0074285448504769376 0.00030017745826535437 0.00081820535705728458 -0.0098023797981908346 -9.0490931504219024e-05
leaf_weight=35 35 28 28 22 20 21 20 20
leaf_count=35 35 28 28 22 20 21 20 20
internal_value=0 0.000711339 0.00153237 0.000626373 0.00325 0.00312245 -0.00136364 -0.00228572
internal_weight=0 194 139 91 48 49 55 42
internal_count=229 194 139 91 48 49 55 42
is_linear=0
shrinkage=0.03


Tree=96
num_leaves=8
num_cat=0
split_feature=1 3 2 0 1 1 3
split_gain=0.41676 0.336504 0.331249 0.288442 0.404988 0.367647 0.1
threshold=0.0059000000000000016 0.0031000000000000008 0.00065000000000000008 0.30040000000000006 0.11500000000000002 0.036650000000000009 0.17515000000000003
decision_type=2 2 2 2 2 2 2
left_child=-1 -2 3 6 5 -5 -3
right_child=1 2 -4 4 -6 -7 -8
leaf_value=-0.0070695126944621866 0.0036513366260745987 -0.015101774924459277 -0.0053511925362190972 0.0002530051134074341 0.00038861999467562457 -0.0025720563314066908 -0.0095083084042451114
leaf_weight=35 21 20 26 34 39 34 20
leaf_count=35 21 20 26 34 39 34 20
internal_value=0 0.0005567 0.000121387 0.000673469 0.00148598 8.82346e-05 -0.0015
internal_weight=0 194 173 147 107 68 40
internal_count=229 194 173 147 107 68 40
is_linear=0
shrinkage=0.03


Tree=97
num_leaves=8
num_cat=0
split_feature=1 0 4 0 3 4 3
split_gain=0.453788 0.367226 0.228599 0.487915 0.419531 0.368534 0.0649351
threshold=0.0059000000000000016 0.30040000000000006 0.20675000000000002 0.56030000000000013 0.042250000000000003 0.019350000000000003 0.20715000000000003
decision_type=2 2 2 2 2 2 2
left_child=-1 6 3 -3 5 -5 -2
right_child=1 2 -4 4 -6 -7 -8
leaf_value=-0.0068574273136283231 -0.0088978344816151682 -0.0040200145646751943 0.00014911082245000224 0.00053329423753602147 -0.0044193731711065862 0.0023465584501386845 -0.0092230591521177581
leaf_weight=35 35 22 20 31 30 36 20
leaf_count=35 35 22 20 31 30 36 20
internal_value=0 0.000711339 0.00153237 0.00103361 0.00194845 0.00326866 -0.00136364
internal_weight=0 194 139 119 97 67 55
internal_count=229 194 139 119 97 67 55
is_linear=0
shrinkage=0.03


Tree=98
num_leaves=8
num_cat=0
split_feature=1 3 0 4 2 3 3
split_gain=0.574326 0.505687 0.488315 0.298337 0.185606 0.129293 0.121569
threshold=0.0059000000000000016 0.0031000000000000008 0.30040000000000006 0.12835000000000002 1.0000000180025095e-35 0.025900000000000003 0.20715000000000003
decision_type=2 2 2 2 2 2 2
left_child=-1 -2 6 4 5 -4 -3
right_child=1 2 3 -5 -6 -7 -8
leaf_value=-0.0066517044942194748 0.003471399799727163 -0.013052351420356214 3.1298872639234748e-05 0.00013563613819752353 -0.0016894823019929031 0.00093487792323834621 -0.0089463673775542225
leaf_weight=35 21 31 36 34 22 30 20
leaf_count=35 21 31 36 34 22 30 20
internal_value=0 0.00117526 0.000641618 0.00167213 0.000749999 0.00154545 -0.00182353
internal_weight=0 194 173 122 88 66 51
internal_count=229 194 173 122 88 66 51
is_linear=0
shrinkage=0.03


Tree=99
num_leaves=8
num_cat=0
split_feature=1 3 0 4 2 3 3
split_gain=0.574326 0.505687 0.488315 0.298337 0.185606 0.129293 0.121569
threshold=0.0059000000000000016 0.0031000000000000008 0.30040000000000006 0.12835000000000002 1.0000000180025095e-35 0.025900000000000003 0.20715000000000003
decision_type=2 2 2 2 2 2 2
left_child=-1 -2 6 4 5 -4 -3
right_child=1 2 3 -5 -6 -7 -8
leaf_value=-0.0064521533593928908 0.0033672578057353563 -0.012660780877745527 3.0359906460052203e-05 0.00013156705405160011 -0.0016387978329331179 0.00090683158554118995 -0.0086779763562275947
leaf_weight=35 21 31 36 34 22 30 20
leaf_count=35 21 31 36 34 22 30 20
internal_value=0 0.00117526 0.000641618 0.00167213 0.000749999 0.00154545 -0.00182353
internal_weight=0 194 173 122 88 66 51
internal_count=229 194 173 122 88 66 51
is_linear=0
shrinkage=0.03


Tree=100
num_leaves=8
num_cat=0
split_feature=1 0 4 4 2 1 3
split_gain=0.492392 0.424001 0.267005 0.336275 0.153725 0.0816587 0.0649351
threshold=0.0059000000000000016 0.30040000000000006 0.12835000000000002 0.0111 1.0000000180025095e-35 0.048800000000000003 0.20715000000000003
decision_type=2 2 2 2 2 2 2
left_child=-1 6 3 -3 5 -5 -2
right_child=1 2 -4 4 -6 -7 -8
leaf_value=-0.0062585887586111026 -0.0078595054782236613 0.0017883318881338399 0.00012762004243004757 0.0030259560470356542 -0.0005818572979984011 -2.0816159052842696e-05 -0.0084176370655407642
leaf_weight=35 35 20 34 22 25 38 20
leaf_count=35 35 20 34 22 25 38 20
internal_value=0 0.000865979 0.0017482 0.000999999 0.00017647 0.000999999 -0.00136364
internal_weight=0 194 139 105 85 60 55
internal_count=229 194 139 105 85 60 55
is_linear=0
shrinkage=0.03


Tree=101
num_leaves=9
num_cat=0
split_feature=1 4 2 4 4 1 1 0
split_gain=0.532571 0.541888 0.336868 0.277455 0.38914 0.323425 0.429501 0.178801
threshold=0.0059000000000000016 0.0111 0.0010500000000000004 0.37555000000000005 0.22530000000000003 0.051450000000000003 0.031800000000000009 0.61050000000000015
decision_type=2 2 2 2 2 2 2 2
left_child=-1 -2 3 4 5 6 -3 -7
right_child=1 2 -4 -5 -6 7 -8 -9
leaf_value=-0.0060708310958527707 0.0010544334750077035 -0.00034933434045756196 -0.0046607207044442401 -0.0082266272936482743 0.00016260210788891083 6.4830638756822501e-05 0.0034222359724704805 -0.0030285529436964989
leaf_weight=35 21 21 22 26 22 29 20 33
leaf_count=35 21 21 22 26 22 29 20 33
internal_value=0 0.00102062 0.000468207 0.000973509 0.00156 0.000786407 0.00285366 -0.000580646
internal_weight=0 194 173 151 125 103 41 62
internal_count=229 194 173 151 125 103 41 62
is_linear=0
shrinkage=0.03


Tree=102
num_leaves=8
num_cat=0
split_feature=3 1 2 0 1 1 4
split_gain=0.589845 0.507871 0.531238 0.47279 0.458168 0.398721 0.355236
threshold=0.010600000000000002 0.020100000000000003 0.00030000000000000008 0.30040000000000006 0.11500000000000002 0.04080000000000001 0.019350000000000003
decision_type=2 2 2 2 2 2 2
left_child=6 -2 3 -3 5 -5 -1
right_child=1 2 -4 4 -6 -7 -8
leaf_value=0.00016186993977858054 -0.0068453332864641227 -0.01208064840914046 -0.0058358774038589564 0.00041567747735713937 0.00059290182652938634 -0.003792708034424597 0.0024801960528295325
leaf_weight=29 46 34 28 21 26 22 23
leaf_count=29 46 34 28 21 26 22 23
internal_value=0 -0.000288136 0.000664121 0.00166019 0.00308696 0.00118605 0.00334615
internal_weight=0 177 131 103 69 43 52
internal_count=229 177 131 103 69 43 52
is_linear=0
shrinkage=0.03


Tree=103
num_leaves=8
num_cat=0
split_feature=1 3 0 2 1 1 3
split_gain=0.574326 0.505687 0.488315 0.357189 0.408032 0.245443 0.121569
threshold=0.0059000000000000016 0.0031000000000000008 0.30040000000000006 0.00030000000000000008 0.11500000000000002 0.035550000000000005 0.20715000000000003
decision_type=2 2 2 2 2 2 2
left_child=-1 -2 6 4 5 -4 -3
right_child=1 2 3 -5 -6 -7 -8
leaf_value=-0.0056833461643832619 0.0029983885141331907 -0.011435954015982797 0.00040320707934767182 -0.00023312690850381884 0.00040253367928029169 -0.0035071561692369383 -0.0075558896824908838
leaf_weight=35 21 31 31 23 38 30 20
leaf_count=35 21 31 31 23 38 30 20
internal_value=0 0.00117526 0.000641618 0.00167213 0.00245454 0.000934426 -0.00182353
internal_weight=0 194 173 122 99 61 51
internal_count=229 194 173 122 99 61 51
is_linear=0
shrinkage=0.03


Tree=104
num_leaves=9
num_cat=0
split_feature=1 4 2 4 4 1 1 0
split_gain=0.532571 0.541888 0.465639 0.320006 0.337458 0.283062 0.165526 0.346773
threshold=0.0059000000000000016 0.0111 0.00065000000000000008 0.37555000000000005 0.22530000000000003 0.036650000000000009 0.12140000000000002 0.51245000000000007
decision_type=2 2 2 2 2 2 2 2
left_child=-1 -2 3 4 5 -3 -7 -8
right_child=1 2 -4 -5 -6 6 7 -9
leaf_value=-0.0055128457794517641 0.0010058481550975437 0.00049282124795225655 -0.0033945453165775464 -0.0075942450961725069 0.00012786097947795305 -0.0028436252473967387 -0.0076659811497027984 2.312022146248454e-05
leaf_weight=35 21 27 29 26 22 26 21 22
leaf_count=35 21 27 29 26 22 26 21 22
internal_value=0 0.00102062 0.000468207 0.00116667 0.00183051 0.0010625 4.34775e-05 0.00118605
internal_weight=0 194 173 144 118 96 69 43
internal_count=229 194 173 144 118 96 69 43
is_linear=0
shrinkage=0.03


Tree=105
num_leaves=9
num_cat=0
split_feature=1 3 0 1 1 1 1 3
split_gain=0.662562 0.528334 0.467136 0.487619 0.406349 0.365714 0.403333 0.118367
threshold=0.0059000000000000016 0.010600000000000002 0.30040000000000006 0.11500000000000002 0.14375000000000002 0.055250000000000007 0.024900000000000002 0.20715000000000003
decision_type=2 2 2 2 2 2 2 2
left_child=-1 4 7 5 -2 6 -4 -3
right_child=1 2 3 -5 -6 -7 -8 -9
leaf_value=-0.0053474604060682112 0.0023182583583815164 -0.01030083891348554 -0.0038467846396801086 0.00021435537863060376 2.0639384766661064e-05 -0.0043559469182016444 0.00040175385417045315 -0.0071013856391309773
leaf_weight=35 24 29 20 30 21 20 30 20
leaf_count=35 24 29 20 30 21 20 30 20
internal_value=0 0.00148454 0.00062416 0.0018 0.00433333 0.000428571 0.0018 -0.00177551
internal_weight=0 194 149 100 45 70 50 49
internal_count=229 194 149 100 45 70 50 49
is_linear=0
shrinkage=0.03


Tree=106
num_leaves=9
num_cat=0
split_feature=1 4 2 4 4 1 1 0
split_gain=0.532571 0.541888 0.465639 0.320006 0.337458 0.283062 0.165526 0.346773
threshold=0.0059000000000000016 0.0111 0.00065000000000000008 0.37555000000000005 0.22530000000000003 0.036650000000000009 0.12140000000000002 0.51245000000000007
decision_type=2 2 2 2 2 2 2 2
left_child=-1 -2 3 4 5 -3 -7 -8
right_child=1 2 -4 -5 -6 6 7 -9
leaf_value=-0.0051870365938861641 0.00090612498710898961 0.00046598399488858037 -0.0033117629941824471 -0.0072659231323463332 0.0001175944887346949 -0.0027703691055999406 -0.007442432373799511 2.1226282384328319e-05
leaf_weight=35 21 27 29 26 22 26 21 22
leaf_count=35 21 27 29 26 22 26 21 22
internal_value=0 0.00102062 0.000468207 0.00116667 0.00183051 0.0010625 4.34775e-05 0.00118605
internal_weight=0 194 173 144 118 96 69 43
internal_count=229 194 173 144 118 96 69 43
is_linear=0
shrinkage=0.03


Tree=107
num_leaves=8
num_cat=0
split_feature=0 1 1 1 4 1 1
split_gain=0.635808 0.565585 0.178277 0.728507 0.500595 0.336479 0.108271
threshold=0.30040000000000006 0.0059000000000000016 0.11500000000000002 0.055250000000000007 0.044950000000000011 0.024900000000000002 0.13865000000000002
decision_type=2 2 2 2 2 2 2
left_child=6 -2 3 5 -4 -3 -1
right_child=1 2 4 -5 -6 -7 -8
leaf_value=-0.011635693956358106 -0.0039460165899349083 5.1389864958608676e-06 4.2309772937648982e-05 -0.0044742128433813083 0.00020468619240063022 0.00045200441441785495 -0.00379608862862041
leaf_weight=32 20 31 28 23 20 37 38
leaf_count=32 20 31 28 23 20 37 38
internal_value=0 0.00171698 0.00239568 0.00161538 0.003875 0.00317647 -0.00171429
internal_weight=0 159 139 91 48 68 70
internal_count=229 159 139 91 48 68 70
is_linear=0
shrinkage=0.03


Tree=108
num_leaves=9
num_cat=0
split_feature=1 3 1 0 3 1 0 3
split_gain=0.617656 0.587249 0.406349 0.392035 0.403333 0.627407 0.308581 0.118367
threshold=0.0059000000000000016 0.010600000000000002 0.14375000000000002 0.30040000000000006 0.025900000000000003 0.11080000000000002 0.71840000000000004 0.20715000000000003
decision_type=2 2 2 2 2 2 2 2
left_child=-1 2 -2 7 -5 6 -6 -3
right_child=1 3 -4 4 5 -7 -8 -9
leaf_value=-0.004913044998371534 0.0022212314753828045 -0.0096366407999289617 2.0103000092773751e-05 -0.00098928308237152072 -0.0051620503966103778 0.00098058933303388652 0.00029263991522542439 -0.0063448142667399971
leaf_weight=35 24 29 21 25 31 21 23 20
leaf_count=35 24 29 21 25 31 21 23 20
internal_value=0 0.0013299 0.00433333 0.000422818 0.0015 0.0026 0.000888888 -0.00177551
internal_weight=0 194 45 149 100 75 54 49
internal_count=229 194 45 149 100 75 54 49
is_linear=0
shrinkage=0.03


Tree=109
num_leaves=8
num_cat=0
split_feature=1 1 4 1 1 3 0
split_gain=0.539303 0.651209 0.348548 0.259659 0.434483 0.1375 0.0261905
threshold=0.020100000000000003 0.036650000000000009 0.030100000000000005 0.11500000000000002 0.31080000000000002 0.016750000000000004 0.61050000000000015
decision_type=2 2 2 2 2 2 2
left_child=5 -2 -3 6 -5 -1 -4
right_child=1 2 3 4 -6 -7 -8
leaf_value=2.572807804094735e-05 0.00050594790149587304 0.00010693750099943784 -0.0070289823088318503 0.0006035963642826446 -0.0046447526281144175 -0.0067193335634361832 -0.0037078268638280022
leaf_weight=20 24 35 22 35 29 44 20
leaf_count=20 24 35 22 35 29 44 20
internal_value=0 0.00118182 0.000404255 -0.000452831 0.000749999 -0.0020625 -0.00228572
internal_weight=0 165 141 106 64 64 42
internal_count=229 165 141 106 64 64 42
is_linear=0
shrinkage=0.03


Tree=110
num_leaves=8
num_cat=0
split_feature=1 1 4 1 1 4 3
split_gain=0.666973 0.676694 0.340982 0.358974 0.432692 0.197803 0.1375
threshold=0.020100000000000003 0.03815000000000001 0.052500000000000012 0.11500000000000002 0.22480000000000003 0.021800000000000003 0.016750000000000004
decision_type=2 2 2 2 2 2 2
left_child=6 -2 5 -4 -5 -3 -1
right_child=1 2 3 4 -6 -7 -8
leaf_value=2.4956235699708089e-05 0.00041448670810775872 -0.00014183287070648808 -0.0063894641528930724 0.0014205964499845549 -0.0049024724819039895 0.00011845368289784052 -0.0065177535565330924
leaf_weight=20 27 25 32 20 32 29 44
leaf_count=20 27 25 32 20 32 29 44
internal_value=0 0.00154545 0.000695651 -0.000500001 0.00103846 0.00255555 -0.0020625
internal_weight=0 165 138 84 52 54 64
internal_count=229 165 138 84 52 54 64
is_linear=0
shrinkage=0.03


Tree=111
num_leaves=8
num_cat=0
split_feature=1 1 1 1 0 4 3
split_gain=0.666973 0.676694 0.405797 0.341131 0.512645 0.283333 0.1375
threshold=0.020100000000000003 0.03815000000000001 0.12140000000000002 0.39040000000000002 0.30040000000000006 0.052500000000000012 0.016750000000000004
decision_type=2 2 2 2 2 2 2
left_child=6 -2 5 4 -4 -3 -1
right_child=1 2 3 -5 -6 -7 -8
leaf_value=2.4207548628727321e-05 0.0004020521068645268 0.00010962301554027038 -0.009950271798047609 -0.0040464126354688114 0.00068351050773941715 -0.0058359799602924296 -0.0063222209498370943
leaf_weight=20 27 20 22 27 35 34 44
leaf_count=20 27 20 22 27 35 34 44
internal_value=0 0.00154545 0.000695651 0.002 0.00331579 -0.00133333 -0.0020625
internal_weight=0 165 138 84 57 54 64
internal_count=229 165 138 84 57 54 64
is_linear=0
shrinkage=0.03


Tree=112
num_leaves=8
num_cat=0
split_feature=1 1 2 1 1 3 4
split_gain=0.539303 0.794745 0.233599 0.333475 0.609524 0.1375 0.0781385
threshold=0.020100000000000003 0.03815000000000001 0.00030000000000000008 0.11500000000000002 0.23025000000000004 0.016750000000000004 0.077550000000000022
decision_type=2 2 2 2 2 2 2
left_child=5 -2 3 -3 -5 -1 -6
right_child=1 2 -4 4 6 -7 -8
leaf_value=2.3481322169864765e-05 0.00038999054365859503 -0.0029955472293920777 -0.0040211620591210223 0.004985662710958844 8.315483233518989e-05 -0.0061325543213419835 -0.0074274897373641851
leaf_weight=20 27 37 31 28 22 44 20
leaf_count=20 27 37 31 28 22 44 20
internal_value=0 0.00118182 0.000260869 0.000925233 0.00214286 -0.0020625 -0.000142858
internal_weight=0 165 138 107 70 64 42
internal_count=229 165 138 107 70 64 42
is_linear=0
shrinkage=0.03


Tree=113
num_leaves=8
num_cat=0
split_feature=1 1 4 1 0 3 1
split_gain=0.480549 0.857327 0.229641 0.169907 0.23892 0.1375 0.0371212
threshold=0.020100000000000003 0.03815000000000001 0.030100000000000005 0.11500000000000002 0.42035000000000006 0.016750000000000004 0.31080000000000002
decision_type=2 2 2 2 2 2 2
left_child=5 -2 -3 -4 6 -1 -5
right_child=1 2 3 4 -6 -7 -8
leaf_value=2.2776882504759316e-05 0.00037829082734884296 0.00021368070712584998 -0.0057917922548532579 0.00037942287681794749 0.00017101277409424103 -0.0059485776917017176 -0.0054158386988587609
leaf_weight=20 27 35 39 20 20 44 24
leaf_count=20 27 35 39 20 20 44 24
internal_value=0 0.000999999 4.34775e-05 -0.000669904 0.000281249 -0.0020625 -0.000954546
internal_weight=0 165 138 103 64 64 44
internal_count=229 165 138 103 64 64 44
is_linear=0
shrinkage=0.03


Tree=114
num_leaves=8
num_cat=0
split_feature=1 1 4 1 0 3 1
split_gain=0.480549 0.857327 0.229641 0.169907 0.23892 0.1375 0.0371212
threshold=0.020100000000000003 0.03815000000000001 0.030100000000000005 0.11500000000000002 0.42035000000000006 0.016750000000000004 0.31080000000000002
decision_type=2 2 2 2 2 2 2
left_child=5 -2 -3 -4 6 -1 -5
right_child=1 2 3 4 -6 -7 -8
leaf_value=2.2093576029622479e-05 0.00036694210252837716 0.00020727028591207609 -0.0056180384872076628 0.00036804019051340424 0.0001658823908714166 -0.0057701203609506679 -0.005253363537892991
leaf_weight=20 27 35 39 20 20 44 24
leaf_count=20 27 35 39 20 20 44 24
internal_value=0 0.000999999 4.34775e-05 -0.000669904 0.000281249 -0.0020625 -0.000954546
internal_weight=0 165 138 103 64 64 44
internal_count=229 165 138 103 64 64 44
is_linear=0
shrinkage=0.03


Tree=115
num_leaves=8
num_cat=0
split_feature=4 1 1 3 4 1 4
split_gain=0.481723 0.304169 0.74702 0.196847 0.238647 0.15065 0.0255376
threshold=0.16300000000000003 0.020100000000000003 0.03815000000000001 0.008550000000000002 0.036200000000000003 0.14630000000000001 0.37555000000000005
decision_type=2 2 2 2 2 2 2
left_child=1 -1 -3 -4 -5 6 -2
right_child=5 2 3 4 -6 -7 -8
leaf_value=-0.00027831144171326774 -0.0082978979429379623 0.00050849935213899368 -0.0032932919635074356 0.0059375125442435043 3.4762145659758371e-06 0.00010852413922237195 -0.0056883678473670417
leaf_weight=35 24 21 23 21 38 29 38
leaf_count=35 24 21 23 21 38 29 38
internal_value=0 0.00113043 0.00195146 0.000658536 0.00157627 -0.00168132 -0.00251613
internal_weight=0 138 103 82 59 91 62
internal_count=229 138 103 82 59 91 62
is_linear=0
shrinkage=0.03


Tree=116
num_leaves=9
num_cat=0
split_feature=1 1 0 1 0 0 3 0
split_gain=0.425184 0.604058 0.440984 0.377468 0.180871 0.312375 0.1375 0.000232288
threshold=0.020100000000000003 0.035550000000000005 0.83065000000000011 0.11500000000000002 0.61050000000000015 0.34820000000000007 0.016750000000000004 0.090150000000000008
decision_type=2 2 2 2 2 2 2 2
left_child=6 -2 3 -3 5 7 -1 -5
right_child=1 2 -4 4 -6 -7 -8 -9
leaf_value=2.9780112000116348e-05 0.00049324443840835866 -0.0054154507093595273 0.00057898695851584057 -0.0041716638479356366 -0.00065690634227853891 0.00031171839240816981 -0.0055886674068707579 0.00027647295964224912
leaf_weight=20 21 39 21 21 23 20 44 20
leaf_count=20 21 39 21 21 23 20 44 20
internal_value=0 0.000818181 0.000124999 -0.000560976 0.000571428 0.00142623 -0.0020625 -7.31714e-05
internal_weight=0 165 144 123 84 61 64 41
internal_count=229 165 144 123 84 61 64 41
is_linear=0
shrinkage=0.03


Tree=117
num_leaves=8
num_cat=0
split_feature=1 2 4 1 1 1 0
split_gain=0.381308 0.335564 0.309707 0.204663 0.568182 0.278065 0.257052
threshold=0.0059000000000000016 0.0010500000000000004 0.35910000000000003 0.036650000000000009 0.020100000000000003 0.11500000000000002 0.61050000000000015
decision_type=2 2 2 2 2 2 2
left_child=-1 2 3 4 -2 -5 -7
right_child=1 -3 -4 5 -6 6 -8
leaf_value=-0.00383724444764969 -0.000764574966734828 -0.00085609884753483866 -0.0041139618238541405 -0.0014944339071428438 0.00046703553222833668 0.00061065071164717339 -0.00089748719039208511
leaf_weight=35 22 23 29 37 22 37 24
leaf_count=35 22 23 29 37 22 37 24
internal_value=0 0.000402061 0.000859648 0.00143662 0.00313636 0.000673469 0.00191803
internal_weight=0 194 171 142 44 98 61
internal_count=229 194 171 142 44 98 61
is_linear=0
shrinkage=0.03


Tree=118
num_leaves=9
num_cat=0
split_feature=4 4 1 1 2 1 1 3
split_gain=0.54218 0.237734 0.395996 0.687443 0.192657 0.307651 0.343572 0.0677596
threshold=0.29375000000000001 0.0111 0.020100000000000003 0.03815000000000001 0.00030000000000000008 0.11500000000000002 0.36825000000000002 0.20715000000000003
decision_type=2 2 2 2 2 2 2 2
left_child=1 -1 -3 -4 5 -5 -7 -2
right_child=7 2 3 4 -6 6 -8 -9
leaf_value=0.00062865424761265084 -0.0027659485827301118 -0.0039881500735976846 0.00041358080156023283 -0.0030905286157194463 -0.0022857335271308141 0.00091904333905063319 -0.003306098362031227 -0.0081852338008154956
leaf_weight=26 31 21 23 23 26 27 22 30
leaf_count=26 31 21 23 23 26 27 22 30
internal_value=0 0.00128571 0.000802816 0.00146281 0.000367346 0.00116667 0.0025102 -0.00201639
internal_weight=0 168 142 121 98 72 49 61
internal_count=229 168 142 121 98 72 49 61
is_linear=0
shrinkage=0.03


Tree=119
num_leaves=8
num_cat=0
split_feature=3 1 1 4 2 1 1
split_gain=0.589845 0.507871 0.746702 0.355236 0.27557 0.240763 0.631809
threshold=0.010600000000000002 0.020100000000000003 0.036650000000000009 0.019350000000000003 0.00030000000000000008 0.11500000000000002 0.23025000000000004
decision_type=2 2 2 2 2 2 2
left_child=3 -2 -3 -1 5 -4 -7
right_child=1 2 4 -5 -6 6 -8
leaf_value=0.00010913316090711878 -0.0042459470092541989 0.00046641347799434739 -0.0024317564226183498 0.0022147851894828603 -0.0041543805703143115 0.0053443177105479186 -0.0022741845663405845
leaf_weight=29 46 20 36 23 26 20 29
leaf_count=29 46 20 36 23 26 20 29
internal_value=0 -0.000288136 0.000664121 0.00334615 -0.000297298 0.000529411 0.00189796
internal_weight=0 177 131 52 111 85 49
internal_count=229 177 131 52 111 85 49
is_linear=0
shrinkage=0.03


Tree=120
num_leaves=9
num_cat=0
split_feature=4 2 1 1 3 3 1 3
split_gain=0.491151 0.422642 0.283128 0.552273 0.25098 0.24757 0.16 0.0295918
threshold=0.35910000000000003 0.0010500000000000004 0.020100000000000003 0.036650000000000009 0.063600000000000004 0.025900000000000003 0.25150000000000006 0.23725000000000004
decision_type=2 2 2 2 2 2 2 2
left_child=1 2 -1 -4 5 6 -5 -2
right_child=7 -3 3 4 -6 -7 -8 -9
leaf_value=-0.0019896228487373581 -0.0024236833072118907 -5.4945574313171953e-05 0.00056750005479593902 -0.00096775599427069577 -0.0025813262803793323 0.00098079494733328896 0.00011257310220405301 -0.0078177403040554094
leaf_weight=39 29 21 22 25 30 23 20 20
leaf_count=39 29 21 22 25 30 23 20 20
internal_value=0 0.000999999 0.0015283 0.00225 0.00128571 0.00229412 0.000999999 -0.00238776
internal_weight=0 180 159 120 98 68 45 49
internal_count=229 180 159 120 98 68 45 49
is_linear=0
shrinkage=0.03


Tree=121
num_leaves=9
num_cat=0
split_feature=4 2 1 1 3 3 1 3
split_gain=0.491151 0.422642 0.283128 0.552273 0.25098 0.24757 0.16 0.0295918
threshold=0.35910000000000003 0.0010500000000000004 0.020100000000000003 0.036650000000000009 0.063600000000000004 0.025900000000000003 0.25150000000000006 0.23725000000000004
decision_type=2 2 2 2 2 2 2 2
left_child=1 2 -1 -4 5 6 -5 -2
right_child=7 -3 3 4 -6 -7 -8 -9
leaf_value=-0.0019299341632752465 -0.0023509728079955309 -5.3297207083766532e-05 0.00055047505315205907 -0.00093872331444256869 -0.0025038864919679524 0.00095137109891328415 0.00010919590913793217 -0.007583208094933745
leaf_weight=39 29 21 22 25 30 23 20 20
leaf_count=39 29 21 22 25 30 23 20 20
internal_value=0 0.000999999 0.0015283 0.00225 0.00128571 0.00229412 0.000999999 -0.00238776
internal_weight=0 180 159 120 98 68 45 49
internal_count=229 180 159 120 98 68 45 49
is_linear=0
shrinkage=0.03


Tree=122
num_leaves=9
num_cat=0
split_feature=4 2 1 1 1 1 0 0
split_gain=0.485075 0.442724 0.307704 0.520036 0.26552 0.312771 0.29632 0.0282609
threshold=0.37555000000000005 0.0010500000000000004 0.020100000000000003 0.036650000000000009 0.11500000000000002 0.39040000000000002 0.67320000000000013 0.090150000000000008
decision_type=2 2 2 2 2 2 2 2
left_child=1 2 -1 -4 -5 6 -6 -2
right_child=7 -3 3 4 5 -7 -8 -9
leaf_value=-0.001872036138376989 -0.0084892570110625936 -5.1698290871242469e-05 0.00053396080155749973 -0.0012157240344411045 0.00056428913882038156 -0.003204990615465413 0.0006190451857800769 -0.0017007693678537863
leaf_weight=39 26 21 22 37 22 22 20 20
leaf_count=39 26 21 22 37 22 22 20 20
internal_value=0 0.00109836 0.00162963 0.00236585 0.00145544 0.002625 0.00414286 -0.00234783
internal_weight=0 183 162 123 101 64 42 46
internal_count=229 183 162 123 101 64 42 46
is_linear=0
shrinkage=0.03


Tree=123
num_leaves=9
num_cat=0
split_feature=4 2 1 1 3 3 1 3
split_gain=0.491151 0.422642 0.283128 0.552273 0.25098 0.24757 0.16 0.0295918
threshold=0.35910000000000003 0.0010500000000000004 0.020100000000000003 0.036650000000000009 0.063600000000000004 0.025900000000000003 0.25150000000000006 0.23725000000000004
decision_type=2 2 2 2 2 2 2 2
left_child=1 2 -1 -4 5 6 -5 -2
right_child=7 -3 3 4 -6 -7 -8 -9
leaf_value=-0.0018158750542256708 -0.0022294205427200535 -5.0147342145101326e-05 0.00051794197751077421 -0.00087408989397605766 -0.0023976381787736978 0.00090590129178128498 0.0001002991457380637 -0.0071010341417538534
leaf_weight=39 29 21 22 25 30 23 20 20
leaf_count=39 29 21 22 25 30 23 20 20
internal_value=0 0.000999999 0.0015283 0.00225 0.00128571 0.00229412 0.000999999 -0.00238776
internal_weight=0 180 159 120 98 68 45 49
internal_count=229 180 159 120 98 68 45 49
is_linear=0
shrinkage=0.03


Tree=124
num_leaves=9
num_cat=0
split_feature=4 2 1 1 1 1 3 0
split_gain=0.440022 0.408015 0.26058 0.582501 0.193274 0.284348 0.202149 0.0282609
threshold=0.37555000000000005 0.0010500000000000004 0.020100000000000003 0.036650000000000009 0.11500000000000002 0.22480000000000003 0.022050000000000004 0.090150000000000008
decision_type=2 2 2 2 2 2 2 2
left_child=1 2 -1 -4 -5 -6 -7 -2
right_child=7 -3 3 4 5 6 -8 -9
leaf_value=-0.0017613988025988881 -0.008094622567574844 -4.8642921880736956e-05 0.00050240371818545068 -0.0011530296165885977 0.0047042705968199329 5.4387429300412167e-05 -8.7618361071167269e-05 -0.0015828636705365752
leaf_weight=39 26 21 22 37 23 21 20 20
leaf_count=39 26 21 22 37 23 21 20 20
internal_value=0 0.000934426 0.00144444 0.00212195 0.00115842 0.00215625 0.000658536 -0.00234783
internal_weight=0 183 162 123 101 64 41 46
internal_count=229 183 162 123 101 64 41 46
is_linear=0
shrinkage=0.03


Tree=125
num_leaves=8
num_cat=0
split_feature=4 1 1 3 2 1 1
split_gain=0.465391 0.494263 0.956779 0.204545 0.129514 0.147855 0.237863
threshold=0.0111 0.020100000000000003 0.036650000000000009 0.014050000000000002 0.00030000000000000008 0.11500000000000002 0.25150000000000006
decision_type=2 2 2 2 2 2 2
left_child=-1 -2 -3 -4 5 -5 -7
right_child=1 2 3 4 -6 6 -8
leaf_value=0.00078948153895128765 -0.0039297481600353559 0.00047294672971017994 4.7747870595030198e-05 -0.0044076369466641641 -0.0039669871341885526 0.0009097080525373504 -0.002758205814231886
leaf_weight=26 48 23 33 32 26 20 21
leaf_count=26 48 23 33 32 26 20 21
internal_value=0 -0.000339902 0.00048387 -0.000500001 -0.00118182 -0.000534247 0.000658536
internal_weight=0 203 155 132 99 73 41
internal_count=229 203 155 132 99 73 41
is_linear=0
shrinkage=0.03


Tree=126
num_leaves=9
num_cat=0
split_feature=4 2 1 1 3 3 1 3
split_gain=0.491151 0.422642 0.283128 0.552273 0.25098 0.24757 0.16 0.0295918
threshold=0.35910000000000003 0.0010500000000000004 0.020100000000000003 0.036650000000000009 0.063600000000000004 0.025900000000000003 0.25150000000000006 0.23725000000000004
decision_type=2 2 2 2 2 2 2 2
left_child=1 2 -1 -4 5 6 -5 -2
right_child=7 -3 3 4 -6 -7 -8 -9
leaf_value=-0.0017039260347628613 -0.0019971595715212948 -7.0868012351019282e-05 0.00047314320474857853 -0.00074244358360835898 -0.0021780371728832701 0.00091334002821868011 9.2000921444046702e-05 -0.0065258383358074859
leaf_weight=39 29 21 22 25 30 23 20 20
leaf_count=39 29 21 22 25 30 23 20 20
internal_value=0 0.000999999 0.0015283 0.00225 0.00128571 0.00229412 0.000999999 -0.00238776
internal_weight=0 180 159 120 98 68 45 49
internal_count=229 180 159 120 98 68 45 49
is_linear=0
shrinkage=0.03


Tree=127
num_leaves=9
num_cat=0
split_feature=4 2 1 1 3 3 1 3
split_gain=0.491151 0.422642 0.283128 0.552273 0.25098 0.24757 0.16 0.0295918
threshold=0.35910000000000003 0.0010500000000000004 0.020100000000000003 0.036650000000000009 0.063600000000000004 0.025900000000000003 0.25150000000000006 0.23725000000000004
decision_type=2 2 2 2 2 2 2 2
left_child=1 2 -1 -4 5 6 -5 -2
right_child=7 -3 3 4 -6 -7 -8 -9
leaf_value=-0.0016528082537199816 -0.0019372447843756539 -6.8741971980492293e-05 0.00045894890860611898 -0.00072017027610010969 -0.0021126960576967734 0.00088593982737212109 8.9240893800719641e-05 -0.0063300631857332625
leaf_weight=39 29 21 22 25 30 23 20 20
leaf_count=39 29 21 22 25 30 23 20 20
internal_value=0 0.000999999 0.0015283 0.00225 0.00128571 0.00229412 0.000999999 -0.00238776
internal_weight=0 180 159 120 98 68 45 49
internal_count=229 180 159 120 98 68 45 49
is_linear=0
shrinkage=0.03


Tree=128
num_leaves=9
num_cat=0
split_feature=4 2 4 4 1 4 1 0
split_gain=0.440022 0.455355 0.483488 0.202736 0.22233 0.270924 0.157279 0.0282609
threshold=0.37555000000000005 0.00030000000000000008 0.24220000000000003 0.13245000000000004 0.024900000000000002 0.019350000000000003 0.17295000000000002 0.090150000000000008
decision_type=2 2 2 2 2 2 2 2
left_child=1 2 3 4 -1 -6 -7 -2
right_child=7 -3 -4 -5 5 6 -8 -9
leaf_value=-0.0007696697313536203 -0.0075546289468385857 -4.1788979291442487e-05 0.00035183558977163067 -0.0069317502177530504 -0.00017388016595273933 0.0054745597724713069 2.2256075594933957e-05 -0.0012980195250770587
leaf_weight=35 26 35 20 22 22 25 24 20
leaf_count=35 26 35 20 22 22 25 24 20
internal_value=0 0.000934426 0.00166216 0.000984374 0.0015283 0.00249296 0.00373469 -0.00234783
internal_weight=0 183 148 128 106 71 49 46
internal_count=229 183 148 128 106 71 49 46
is_linear=0
shrinkage=0.03


Tree=129
num_leaves=9
num_cat=0
split_feature=3 1 1 1 0 4 1 0
split_gain=0.515138 0.388839 0.483547 0.306977 0.718052 0.193865 0.102439 0.0291667
threshold=0.010600000000000002 0.020100000000000003 0.036650000000000009 0.11500000000000002 0.42035000000000006 0.019350000000000003 0.28480000000000005 0.72205000000000008
decision_type=2 2 2 2 2 2 2 2
left_child=5 -2 -3 7 6 -1 -5 -4
right_child=1 2 3 4 -6 -7 -8 -9
leaf_value=0.00042298847861120038 -0.0036666063169532698 0.0002686487726039697 -0.004097331559150293 0.00056780764817783295 0.00031541140182555534 0.001958732629687444 -0.0066104483806309448 -3.4990257467625062e-05
leaf_weight=29 46 20 28 20 22 23 21 20
leaf_count=29 46 20 28 20 22 23 21 20
internal_value=0 -0.000627119 0.000206106 -0.000567568 0.000809523 0.00276923 -0.00153659 -0.002375
internal_weight=0 177 131 111 63 52 41 48
internal_count=229 177 131 111 63 52 41 48
is_linear=0
shrinkage=0.03


Tree=130
num_leaves=8
num_cat=0
split_feature=4 1 1 1 1 0 3
split_gain=0.532162 0.390529 0.494683 0.177778 0.252448 0.187662 0.125926
threshold=0.0111 0.020100000000000003 0.035550000000000005 0.11500000000000002 0.21895000000000001 0.42035000000000006 0.049800000000000004
decision_type=2 2 2 2 2 2 2
left_child=-1 -2 -3 6 -5 -6 -4
right_child=1 2 3 4 5 -7 -8
leaf_value=0.00081489300006508066 -0.0035780654051306023 0.00061565149373343276 6.7827973767325928e-05 0.0028689685293376769 -0.0036487725946440408 1.0917829556766698e-05 -0.0041532223704948664
leaf_weight=26 48 20 20 26 35 20 34
leaf_count=26 48 20 20 26 35 20 34
internal_value=0 -0.000635469 9.67735e-05 -0.000555556 0.000333333 -0.000818183 -0.00188889
internal_weight=0 203 155 135 81 55 54
internal_count=229 203 155 135 81 55 54
is_linear=0
shrinkage=0.03


Tree=131
num_leaves=9
num_cat=0
split_feature=3 0 1 1 0 3 3 3
split_gain=0.410769 0.36326 0.360832 0.82735 0.871111 0.34982 0.122458 0.0318182
threshold=0.0020500000000000006 0.090150000000000008 0.11500000000000002 0.36825000000000002 0.61050000000000015 0.018400000000000003 0.15100000000000002 0.052500000000000012
decision_type=2 2 2 2 2 2 2 2
left_child=-1 -2 5 4 -4 -3 7 -7
right_child=1 2 3 -5 -6 6 -8 -9
leaf_value=0.0021694947685557855 -0.0071731061851087749 0.00074596127527627937 0.0014410093436763888 -0.0036641285557435289 -5.7635742447920756e-05 -3.679350140139823e-05 -0.00269881410689042 -0.0019794351221200895
leaf_weight=21 36 21 20 20 25 20 31 35
leaf_count=21 36 21 20 20 25 20 31 35
internal_value=0 -0.000259616 0.000313953 0.00207692 0.00433333 -0.00075701 -0.00160465 -0.00245455
internal_weight=0 208 172 65 45 107 86 55
internal_count=229 208 172 65 45 107 86 55
is_linear=0
shrinkage=0.03


Tree=132
num_leaves=8
num_cat=0
split_feature=3 1 2 0 0 3 4
split_gain=0.465006 0.446371 0.466909 0.382456 0.350725 0.378788 0.193865
threshold=0.010600000000000002 0.020100000000000003 0.00030000000000000008 0.30040000000000006 0.51245000000000007 0.060850000000000008 0.019350000000000003
decision_type=2 2 2 2 2 2 2
left_child=6 -2 3 -3 -5 -6 -1
right_child=1 2 -4 4 5 -7 -8
leaf_value=0.00032076719119423445 -0.003496658204551042 -0.0082514402638029054 -0.0034060494561339322 0.00020179839468842801 0.0025659723661932182 -0.00028865608758021466 0.001828244436028138
leaf_weight=29 46 34 28 20 27 22 23
leaf_count=29 46 34 28 20 27 22 23
internal_value=0 -0.000457628 0.000435114 0.00136893 0.00265217 0.00128571 0.00276923
internal_weight=0 177 131 103 69 49 52
internal_count=229 177 131 103 69 49 52
is_linear=0
shrinkage=0.03


Tree=133
num_leaves=9
num_cat=0
split_feature=3 0 1 4 0 3 0 1
split_gain=0.410769 0.36326 0.345389 0.39118 0.387879 0.301148 0.138528 0.114502
threshold=0.0020500000000000006 0.090150000000000008 0.020100000000000003 0.24220000000000003 0.7360000000000001 0.016750000000000004 0.61050000000000015 0.32200000000000001
decision_type=2 2 2 2 2 2 2 2
left_child=-1 -2 -3 4 6 -6 7 -4
right_child=1 2 3 -5 5 -7 -8 -9
leaf_value=0.0020495626139828797 -0.0067816914034992222 -0.002236204917638848 0.00035314779789327803 0.00014279749820065012 -0.00018114736266294467 0.0039906211140013524 -0.0011917137883956134 -0.0027278948051851957
leaf_weight=21 36 38 20 24 21 23 24 22
leaf_count=21 36 38 20 24 21 23 24 22
internal_value=0 -0.000259616 0.000313953 0.00102985 0.000272727 0.00245454 -0.00118182 -0.000142858
internal_weight=0 208 172 134 110 44 66 42
internal_count=229 208 172 134 110 44 66 42
is_linear=0
shrinkage=0.03


Tree=134
num_leaves=8
num_cat=0
split_feature=3 1 1 4 1 1 0
split_gain=0.515138 0.397668 0.779549 0.193865 0.148349 0.453186 0.0291667
threshold=0.010600000000000002 0.11500000000000002 0.23025000000000004 0.019350000000000003 0.020100000000000003 0.036650000000000009 0.72205000000000008
decision_type=2 2 2 2 2 2 2
left_child=3 4 -3 -1 -2 -6 -7
right_child=1 2 -4 -5 5 6 -8
leaf_value=0.00024965729703891324 -0.0033246723108853482 0.0035527633894976616 -0.0027730233748400469 0.0017252945194893032 0.00030706685008355248 -0.0034380527355761239 -0.00015081654163476703
leaf_weight=29 46 25 38 23 20 28 20
leaf_count=29 46 25 38 23 20 28 20
internal_value=0 -0.000627119 0.00128571 0.00276923 -0.00168421 -0.000794118 -0.002375
internal_weight=0 177 63 52 114 68 48
internal_count=229 177 63 52 114 68 48
is_linear=0
shrinkage=0.03


Tree=135
num_leaves=9
num_cat=0
split_feature=3 4 1 4 4 3 3 0
split_gain=0.495481 0.331939 0.199664 0.292208 0.0865801 0.0839534 0.0346154 0.0281069
threshold=0.0020500000000000006 0.11175000000000002 0.031800000000000009 0.021800000000000003 0.044950000000000011 0.20715000000000003 0.060850000000000008 0.097850000000000006
decision_type=2 2 2 2 2 2 2 2
left_child=-1 2 -2 -4 -5 6 -3 -7
right_child=1 5 3 4 -6 7 -8 -9
leaf_value=0.0019363169210878885 -0.0021465441008601035 -0.00051023185887830202 -0.00031827075348234005 0.0014916069097894351 0.00033467985492615894 -0.0053287535151451361 -0.0010279227734730375 -0.0060198942720480954
leaf_weight=21 25 20 22 28 27 21 45 20
leaf_count=21 25 20 22 28 27 21 45 20
internal_value=0 -0.000692308 0.000529411 0.00128571 0.00245454 -0.00186793 -0.00253846 -0.000804879
internal_weight=0 208 102 77 55 106 65 41
internal_count=229 208 102 77 55 106 65 41
is_linear=0
shrinkage=0.03


Tree=136
num_leaves=8
num_cat=0
split_feature=3 1 2 4 4 3 0
split_gain=0.623099 0.285677 0.370151 0.309893 0.193865 0.167074 0.111195
threshold=0.010600000000000002 0.020100000000000003 1.0000000180025095e-35 0.11175000000000002 0.019350000000000003 0.17515000000000003 0.73990000000000011
decision_type=2 2 2 2 2 2 2
left_child=4 -2 3 6 -1 -5 -3
right_child=1 2 -4 5 -6 -7 -8
leaf_value=0.00018407807049511838 -0.0031773151744483095 0.00013281915323138001 -0.0028695077399183561 -0.00019307852098439626 0.0016250560238717149 0.00045777917476259535 0.0042701333861971313
leaf_weight=29 46 21 33 34 23 21 22
leaf_count=29 46 21 33 34 23 21 22
internal_value=0 -0.000966102 -0.000251909 0.000673469 0.00276923 -0.000818183 0.00258139
internal_weight=0 177 131 98 52 55 43
internal_count=229 177 131 98 52 55 43
is_linear=0
shrinkage=0.03


Tree=137
num_leaves=10
num_cat=0
split_feature=4 2 3 0 1 4 3 1 3
split_gain=0.491151 0.422642 0.208776 0.406349 0.167408 0.45191 0.136704 0.104762 0.0295918
threshold=0.35910000000000003 0.0010500000000000004 0.042250000000000003 0.52445000000000019 0.076250000000000012 0.018350000000000002 0.0096500000000000023 0.035550000000000005 0.23725000000000004
decision_type=2 2 2 2 2 2 2 2 2
left_child=1 2 4 -4 5 -1 -6 -5 -2
right_child=8 -3 3 7 6 -7 -8 -9 -10
leaf_value=-0.00024214254683440882 -0.0011655804483360593 -0.00032229919679305485 0.00016035564523132493 -0.0019675765597091679 -0.00063887746929574619 0.0018294759203274363 0.0013393327142633559 -0.0042437963423247859 -0.0048109995456845937
leaf_weight=23 29 21 30 20 23 21 20 22 20
leaf_count=23 29 21 30 20 23 21 20 22 20
internal_value=0 0.000999999 0.0015283 0.000333333 0.00251724 0.00381818 0.00118605 -0.00157143 -0.00238776
internal_weight=0 180 159 72 87 44 43 42 49
internal_count=229 180 159 72 87 44 43 42 49
is_linear=0
shrinkage=0.03


Tree=138
num_leaves=9
num_cat=0
split_feature=3 0 3 1 1 1 1 0
split_gain=0.466362 0.290809 0.285754 0.328912 0.609782 0.321763 0.631809 0.109091
threshold=0.0020500000000000006 0.090150000000000008 0.008550000000000002 0.020100000000000003 0.036650000000000009 0.11500000000000002 0.23025000000000004 0.72525000000000006
decision_type=2 2 2 2 2 2 2 2
left_child=-1 -2 -3 -4 -5 7 -7 -6
right_child=1 2 3 4 5 6 -8 -9
leaf_value=0.0017745915110527202 -0.0063461077237050014 -0.0014213216396116301 -0.0022245196622267117 0.00045990762814267038 -0.0045864604748117321 0.0064093679492492886 -0.0020196594932725218 4.1014024802781998e-05
leaf_weight=21 36 25 34 20 24 20 29 20
leaf_count=21 36 25 34 20 24 20 29 20
internal_value=0 -0.000548078 -3.48844e-05 0.000469387 0.00124779 0.000225806 0.00189796 -0.00163636
internal_weight=0 208 172 147 113 93 49 44
internal_count=229 208 172 147 113 93 49 44
is_linear=0
shrinkage=0.03


Tree=139
num_leaves=8
num_cat=0
split_feature=4 2 0 1 1 1 4
split_gain=0.656282 0.417012 0.161174 0.278526 0.121385 0.0532137 0.0228365
threshold=0.15570000000000003 1.0000000180025095e-35 0.61050000000000015 0.035550000000000005 0.12140000000000002 0.14630000000000001 0.37555000000000005
decision_type=2 2 2 2 2 2 2
left_child=1 2 -1 -4 -5 6 -2
right_child=5 -3 3 4 -6 -7 -8
leaf_value=0.00032910891891229315 -0.0032255802775912287 -0.00033647317777747422 0.00048288609591149367 -0.0019823381155553493 0.00054507922524451961 -0.00018360060905259841 -0.0027377242537103565
leaf_weight=25 26 29 38 23 20 30 38
leaf_count=25 26 29 38 23 20 30 38
internal_value=0 0.00122222 0.00209434 0.00144444 -0.000209303 -0.00204255 -0.00253125
internal_weight=0 135 106 81 43 94 64
internal_count=229 135 106 81 43 94 64
is_linear=0
shrinkage=0.03


Tree=140
num_leaves=8
num_cat=0
split_feature=4 2 0 1 1 1 4
split_gain=0.601306 0.193317 0.184299 0.152894 0.121385 0.055159 0.0255376
threshold=0.16300000000000003 1.0000000180025095e-35 0.61050000000000015 0.035550000000000005 0.12140000000000002 0.14630000000000001 0.37555000000000005
decision_type=2 2 2 2 2 2 2
left_child=1 2 -1 -4 -5 6 -2
right_child=5 -3 3 4 -6 -7 -8
leaf_value=0.00029515308971057088 -0.0064239426991230548 -0.00023292054089166022 0.00034872359183679431 -0.0019228679720886847 0.00052872684848718815 -0.00016906633325568284 -0.0026555925260990467
leaf_weight=26 24 30 39 23 20 29 38
leaf_count=26 24 30 39 23 20 29 38
internal_value=0 0.00113043 0.00172222 0.00102439 -0.000209303 -0.00201099 -0.00251613
internal_weight=0 138 108 82 43 91 62
internal_count=229 138 108 82 43 91 62
is_linear=0
shrinkage=0.03


Tree=141
num_leaves=8
num_cat=0
split_feature=4 1 1 4 4 1 4
split_gain=0.559091 0.164417 0.38407 0.167247 0.175325 0.106426 0.0279107
threshold=0.16300000000000003 0.020100000000000003 0.03815000000000001 0.052500000000000012 0.018350000000000002 0.11500000000000002 0.37555000000000005
decision_type=2 2 2 2 2 2 2
left_child=1 -1 -3 4 -4 6 -2
right_child=5 2 3 -5 -6 -7 -8
leaf_value=-0.00014850496979103577 -0.0070538203704141903 0.00040671127426990142 -3.211885703669133e-05 -0.00291822272972633 0.0001383589023454016 -0.00011886307715158149 -0.0023082462493452314
leaf_weight=35 22 21 21 28 33 34 35
leaf_count=35 22 21 21 28 33 34 35
internal_value=0 0.00134783 0.00195146 0.00102439 0.002 -0.00168132 -0.00247368
internal_weight=0 138 103 82 54 91 57
internal_count=229 138 103 82 54 91 57
is_linear=0
shrinkage=0.03


Tree=142
num_leaves=8
num_cat=0
split_feature=4 1 1 4 4 1 4
split_gain=0.559091 0.164417 0.38407 0.167247 0.175325 0.106426 0.0279107
threshold=0.16300000000000003 0.020100000000000003 0.03815000000000001 0.052500000000000012 0.018350000000000002 0.11500000000000002 0.37555000000000005
decision_type=2 2 2 2 2 2 2
left_child=1 -1 -3 4 -4 6 -2
right_child=5 2 3 -5 -6 -7 -8
leaf_value=-0.00014404982069731519 -0.0068422057593017635 0.00039450993604180638 -3.1155291325590654e-05 -0.0028306760478345374 0.00013420813527504049 -0.00011529718483703388 -0.0022389988618648745
leaf_weight=35 22 21 21 28 33 34 35
leaf_count=35 22 21 21 28 33 34 35
internal_value=0 0.00134783 0.00195146 0.00102439 0.002 -0.00168132 -0.00247368
internal_weight=0 138 103 82 54 91 57
internal_count=229 138 103 82 54 91 57
is_linear=0
shrinkage=0.03


Tree=143
num_leaves=8
num_cat=0
split_feature=3 3 0 0 1 3 0
split_gain=0.478172 0.219162 0.48957 0.571317 0.170991 0.277296 0.142788
threshold=0.042250000000000003 0.0020500000000000006 0.56030000000000013 0.89140000000000008 0.020100000000000003 0.20715000000000003 0.47635000000000005
decision_type=2 2 2 2 2 2 2
left_child=1 -1 -3 -4 -2 6 -6
right_child=4 2 3 -5 5 -7 -8
leaf_value=0.001672368854112189 -0.0029642521890639708 -0.0058392246346947087 0.0028032349969707819 -0.0004245512213828642 -0.0024698268405828499 0.0011473487593952477 -4.7028584774100981e-06
leaf_weight=21 39 23 36 22 33 23 32
leaf_count=21 39 23 36 22 33 23 32
internal_value=0 0.00141176 0.000703703 0.00217241 -0.00134646 -0.000613637 -0.00161539
internal_weight=0 102 81 58 127 88 65
internal_count=229 102 81 58 127 88 65
is_linear=0
shrinkage=0.03


Tree=144
num_leaves=8
num_cat=0
split_feature=3 0 3 3 3 0 1
split_gain=0.525482 0.226409 0.222473 0.234706 0.250694 0.135574 0.12381
threshold=0.0020500000000000006 0.090150000000000008 0.008550000000000002 0.042250000000000003 0.15100000000000002 0.76035000000000019 0.11500000000000002
decision_type=2 2 2 2 2 2 2
left_child=-1 -2 -3 5 6 -4 -5
right_child=1 2 3 4 -6 -7 -8
leaf_value=0.0016221977884888345 -0.0059163027166577566 -0.0014250083351288823 -7.0941167482015207e-06 -0.0018304524365233606 0.00020812971367507993 0.0044661936316468939 -1.0664669978157219e-05
leaf_weight=21 36 25 21 39 36 30 21
leaf_count=21 36 25 21 39 36 30 21
internal_value=0 -0.000836539 -0.000383722 6.12238e-05 -0.000812501 0.00170588 -0.002
internal_weight=0 208 172 147 96 51 60
internal_count=229 208 172 147 96 51 60
is_linear=0
shrinkage=0.03


Tree=145
num_leaves=8
num_cat=0
split_feature=4 1 1 4 3 1 0
split_gain=0.498217 0.317319 0.580422 0.144215 0.197539 0.231791 0.124675
threshold=0.0111 0.011150000000000002 0.035550000000000005 0.024850000000000004 0.042250000000000003 0.11500000000000002 0.56030000000000013
decision_type=2 2 2 2 2 2 2
left_child=-1 -2 -3 -4 6 -6 -5
right_child=1 2 3 4 5 -7 -8
leaf_value=0.00062345255370254945 -0.002679503123820098 0.00034201022907460262 -0.00071052126925528873 -0.0031250279015366577 -0.0029484271560507253 8.6725720626255927e-05 0.0013714776823622256
leaf_weight=26 37 31 22 22 36 35 20
leaf_count=26 37 31 22 22 36 35 20
internal_value=0 -0.000487685 7.22884e-05 -0.000777778 -0.000345133 -0.00130986 0.00128571
internal_weight=0 203 166 135 113 71 42
internal_count=229 203 166 135 113 71 42
is_linear=0
shrinkage=0.03


Tree=146
num_leaves=9
num_cat=0
split_feature=1 0 2 3 1 1 1 4
split_gain=0.381308 0.378219 0.307237 0.216813 0.132078 0.295441 0.312554 0.0833333
threshold=0.0059000000000000016 0.83065000000000011 0.00030000000000000008 0.010600000000000002 0.035550000000000005 0.10685000000000001 0.21895000000000001 0.077550000000000022
decision_type=2 2 2 2 2 2 2 2
left_child=-1 2 4 -3 -2 -6 -7 -8
right_child=1 3 -4 -5 5 6 7 -9
leaf_value=-0.0024582101036292399 5.0643907281676372e-05 0.0014835163860429431 -0.0023671484406232587 -5.5722473605153202e-05 -0.0076215564816645102 0.0052101640613529008 2.9299795081585817e-05 -0.0017427583517346816
leaf_weight=35 22 23 31 24 24 22 24 24
leaf_count=35 22 23 31 24 24 22 24 24
internal_value=0 0.000402061 -0.000346939 0.00274468 0.000362068 -0.00012766 0.000857142 -0.000500001
internal_weight=0 194 147 47 116 94 70 48
internal_count=229 194 147 47 116 94 70 48
is_linear=0
shrinkage=0.03


Tree=147
num_leaves=9
num_cat=0
split_feature=4 1 1 0 0 2 3 1
split_gain=0.498217 0.248801 1.09246 0.139259 0.131372 0.154473 0.126427 0.0291667
threshold=0.0111 0.020100000000000003 0.036650000000000009 0.80525000000000013 0.57005000000000006 1.0000000180025095e-35 0.063600000000000004 0.00265
decision_type=2 2 2 2 2 2 2 2
left_child=-1 7 -3 4 5 6 -4 -2
right_child=1 2 3 -5 -6 -7 -8 -9
leaf_value=0.00059194035392001732 -0.0038988019230993196 0.0010949047811124554 9.8207030768256043e-05 0.00021267616504188941 -0.0021880925346356812 -0.0022809778589542203 -0.00034245944229073516 -0.0020464325548361722
leaf_weight=26 20 23 26 21 32 20 33 28
leaf_count=26 20 23 26 21 32 20 33 28
internal_value=0 -0.000487685 9.67735e-05 -0.000954546 -0.00137838 -0.00072152 5.08467e-05 -0.002375
internal_weight=0 203 155 132 111 79 59 48
internal_count=229 203 155 132 111 79 59 48
is_linear=0
shrinkage=0.03


Tree=148
num_leaves=8
num_cat=0
split_feature=3 0 2 1 3 3 4
split_gain=0.515138 0.282726 0.285143 0.300648 0.417641 0.257647 0.193865
threshold=0.010600000000000002 0.090150000000000008 0.00030000000000000008 0.020100000000000003 0.11425 0.044550000000000006 0.019350000000000003
decision_type=2 2 2 2 2 2 2
left_child=6 -2 3 -3 5 -5 -1
right_child=1 2 -4 4 -6 -7 -8
leaf_value=3.0321599310297962e-05 -0.0055732887029883308 -0.0020225162600796152 -0.0024383364731316343 0.0012917564378924884 0.00058413597558453845 -7.1418879220800873e-05 0.0012299942503396796
leaf_weight=29 36 30 24 30 28 29 23
leaf_count=29 36 30 24 30 28 29 23
internal_value=0 -0.000627119 -2.12773e-05 0.000589743 0.00148276 5.08467e-05 0.00276923
internal_weight=0 177 141 117 87 59 52
internal_count=229 177 141 117 87 59 52
is_linear=0
shrinkage=0.03


Tree=149
num_leaves=8
num_cat=0
split_feature=3 0 0 1 4 1 1
split_gain=0.585587 0.204535 0.375223 0.194389 0.446429 0.144141 0.101186
threshold=0.042250000000000003 0.52445000000000019 0.30040000000000006 0.13865000000000002 0.019350000000000003 0.28480000000000005 0.13865000000000002
decision_type=2 2 2 2 2 2 2
left_child=3 2 6 4 -1 -5 -2
right_child=1 -3 -4 5 -6 -7 -8
leaf_value=-7.8556626918050877e-05 -0.0071560702383391961 -0.0019957225158229661 0.00017899439104932026 -0.00045881781553539273 0.002279386623622987 2.3482104535380436e-05 -0.0029424076815245371
leaf_weight=28 32 44 28 21 28 25 23
leaf_count=28 32 44 28 21 28 25 23
internal_value=0 -0.00134646 -0.00046988 0.00170588 0.00289286 0.000260869 -0.00190909
internal_weight=0 127 83 102 56 46 55
internal_count=229 127 83 102 56 46 55
is_linear=0
shrinkage=0.03


Tree=150
num_leaves=9
num_cat=0
split_feature=4 4 2 1 1 3 1 3
split_gain=0.498217 0.256587 0.233675 0.218936 0.606024 0.167092 0.175245 0.237863
threshold=0.0111 0.46645000000000009 0.0010500000000000004 0.020100000000000003 0.036650000000000009 0.010600000000000002 0.11500000000000002 0.052500000000000012
decision_type=2 2 2 2 2 2 2 2
left_child=-1 2 3 -2 -5 -6 -7 -8
right_child=1 -3 -4 4 5 6 7 -9
leaf_value=0.00057786749086335281 -0.0018832307558582606 -0.0018458249867539891 -0.0018206729905751371 0.0012303323915178878 8.4774278816621021e-05 -0.0021641193662844315 -0.00017542644704763327 0.00070284035517273469
leaf_weight=26 29 31 21 21 23 37 21 20
leaf_count=26 29 31 21 21 23 37 21 20
internal_value=0 -0.000487685 -3.48844e-05 0.000377483 0.000934426 -2.97037e-05 -0.000692308 0.000658536
internal_weight=0 203 172 151 122 101 78 41
internal_count=229 203 172 151 122 101 78 41
is_linear=0
shrinkage=0.03


Tree=151
num_leaves=9
num_cat=0
split_feature=4 4 2 1 1 3 1 3
split_gain=0.498217 0.256587 0.233675 0.218936 0.606024 0.167092 0.175245 0.237863
threshold=0.0111 0.46645000000000009 0.0010500000000000004 0.020100000000000003 0.036650000000000009 0.010600000000000002 0.11500000000000002 0.052500000000000012
decision_type=2 2 2 2 2 2 2 2
left_child=-1 2 3 -2 -5 -6 -7 -8
right_child=1 -3 -4 4 5 6 7 -9
leaf_value=0.00056053146613745043 -0.0018267338331825122 -0.0017904502371513689 -0.001766052800857881 0.0011934224197723499 8.2231050452116639e-05 -0.0020991957852958976 -0.00017016365363620861 0.00068175514451755757
leaf_weight=26 29 31 21 21 23 37 21 20
leaf_count=26 29 31 21 21 23 37 21 20
internal_value=0 -0.000487685 -3.48844e-05 0.000377483 0.000934426 -2.97037e-05 -0.000692308 0.000658536
internal_weight=0 203 172 151 122 101 78 41
internal_count=229 203 172 151 122 101 78 41
is_linear=0
shrinkage=0.03


Tree=152
num_leaves=7
num_cat=0
split_feature=0 3 2 3 3 3
split_gain=0.53211 0.212281 0.206286 0.214754 0.295762 0.210256
threshold=0.83065000000000011 0.010600000000000002 1.0000000180025095e-35 0.072800000000000017 0.025900000000000003 0.20715000000000003
decision_type=2 2 2 2 2 2
left_child=2 -2 3 4 -1 -5
right_child=1 -3 -4 5 -6 -7
leaf_value=-5.0269405597689179e-05 0.0010933651473274441 6.3528669129836128e-06 -0.001732002620839303 -0.00037380944581484816 0.00029620436480232626 -0.00064245565777224162
leaf_weight=30 30 27 39 41 23 39
leaf_count=30 30 27 39 41 23 39
internal_value=0 0.00226316 -0.0010814 -0.000518798 0.000962263 -0.0015
internal_weight=0 57 172 133 53 80
internal_count=229 57 172 133 53 80
is_linear=0
shrinkage=0.03


Tree=153
num_leaves=9
num_cat=0
split_feature=0 1 2 1 1 0 0 0
split_gain=0.332498 0.253885 0.198762 0.251606 0.312554 0.152381 0.0890774 0.230488
threshold=0.83065000000000011 0.031800000000000009 0.00030000000000000008 0.10685000000000001 0.21895000000000001 0.40330000000000005 0.51245000000000007 0.14980000000000002
decision_type=2 2 2 2 2 2 2 2
left_child=2 -2 3 6 -5 -6 7 -1
right_child=1 -3 -4 4 5 -7 -8 -9
leaf_value=-0.0076963215275083164 -1.9370924878612677e-05 0.0026753757895906279 -0.0017703970676398954 0.005107417619078995 -0.00010112392837777124 2.4488963611103386e-05 -0.0017419791938683186 0.0002324081510944671
leaf_weight=21 31 26 33 22 28 20 28 20
leaf_count=21 31 26 33 22 28 20 28 20
internal_value=0 0.00173684 -0.000906977 -0.000410073 0.000857142 -0.000500001 -0.00169565 -0.000804879
internal_weight=0 57 172 139 70 48 69 41
internal_count=229 57 172 139 70 48 69 41
is_linear=0
shrinkage=0.03


Tree=154
num_leaves=9
num_cat=0
split_feature=4 2 4 4 3 4 4 0
split_gain=0.284172 0.261594 0.285433 0.347641 0.347826 0.0908425 0.218182 0.0281069
threshold=0.16300000000000003 1.0000000180025095e-35 0.019350000000000003 0.039900000000000012 0.060850000000000008 0.46645000000000009 0.27865000000000006 0.93500000000000016
decision_type=2 2 2 2 2 2 2 2
left_child=1 2 7 -4 -5 6 -2 -1
right_child=5 -3 3 4 -6 -7 -8 -9
leaf_value=-6.2545702523862155e-05 -0.0037221428261187107 -0.00021732067705969204 0.0039953677006614131 -0.0026817532260593603 8.793425592492382e-05 -0.0016316646356050479 0.00024788800889541368 8.6819606253187785e-05
leaf_weight=21 27 30 21 23 23 31 33 20
leaf_count=21 27 30 21 23 23 31 33 20
internal_value=0 0.00047826 0.00116667 0.00237313 0.000913043 -0.00168132 -0.001 -0.000804879
internal_weight=0 138 108 67 46 91 60 41
internal_count=229 138 108 67 46 91 60 41
is_linear=0
shrinkage=0.03


Tree=155
num_leaves=9
num_cat=0
split_feature=2 4 1 1 1 1 3 3
split_gain=0.301509 0.382195 0.20831 0.410684 0.400641 0.999417 0.0371212 0.025
threshold=0.00065000000000000008 0.46645000000000009 0.36825000000000002 0.11500000000000002 0.036650000000000009 0.020100000000000003 0.018400000000000003 0.044550000000000006
decision_type=2 2 2 2 2 2 2 2
left_child=1 2 3 4 5 6 -1 -5
right_child=-2 -3 -4 7 -6 -7 -8 -9
leaf_value=8.4215018065594206e-05 -0.00056577744483190054 -0.0026013180139600259 -0.0010212929372820315 0.0013250489104290621 -0.0019777594151393612 0.0010750018914239762 -0.0019432636054132963 0.0006361310539880566
leaf_weight=20 31 29 25 20 39 21 24 20
leaf_count=20 31 29 25 20 39 21 24 20
internal_value=0 0.000181817 0.00072781 0.00116667 0.000173076 0.00161538 -0.000954546 0.00375
internal_weight=0 198 169 144 104 65 44 40
internal_count=229 198 169 144 104 65 44 40
is_linear=0
shrinkage=0.03


Tree=156
num_leaves=9
num_cat=0
split_feature=3 3 3 0 0 3 4 0
split_gain=0.235036 0.279501 0.233091 0.280538 0.16273 0.195942 0.171237 0.101818
threshold=0.042250000000000003 0.022050000000000004 0.0020500000000000006 0.83065000000000011 0.090150000000000008 0.11965000000000002 0.19070000000000001 0.53380000000000016
decision_type=2 2 2 2 2 2 2 2
left_child=1 2 -1 -4 -2 7 -7 -6
right_child=4 -3 3 -5 5 6 -8 -9
leaf_value=0.0010427517624254576 -0.0030350086404782538 0.00086854460633342104 -0.0021010523230066253 0.00021158236347570562 -1.2641242436832282e-05 3.1738868179686013e-05 -0.0029853004414138007 -0.0024296080392307456
leaf_weight=21 31 22 30 29 22 20 26 28
leaf_count=21 31 22 30 29 22 20 26 28
internal_value=0 0.000823529 -7.15256e-10 -0.000966102 -0.00111024 -0.000500001 0.000913043 -0.0018
internal_weight=0 102 80 59 127 96 46 50
internal_count=229 102 80 59 127 96 46 50
is_linear=0
shrinkage=0.03


Tree=157
num_leaves=8
num_cat=0
split_feature=4 1 2 1 3 4 4
split_gain=0.319784 0.329791 0.367768 0.490308 0.512397 0.0837555 0.23088
threshold=0.15570000000000003 0.36825000000000002 1.0000000180025095e-35 0.020100000000000003 0.025900000000000003 0.46645000000000009 0.27865000000000006
decision_type=2 2 2 2 2 2 2
left_child=1 2 3 -1 -5 6 -2
right_child=5 -3 -4 4 -6 -7 -8
leaf_value=-0.00010211299014097649 -0.0012519325759554167 -0.0020244963837553714 -0.00030179574236879778 0.00014587222135507914 0.0034498393157959399 -0.0014746910702996311 0.00028365208706998904
leaf_weight=30 30 20 27 30 28 31 33
leaf_count=30 30 20 27 30 28 31 33
internal_value=0 0.000555555 0.00117391 0.00211364 0.00372414 -0.0017234 -0.00109524
internal_weight=0 135 115 88 58 94 63
internal_count=229 135 115 88 58 94 63
is_linear=0
shrinkage=0.03


Tree=158
num_leaves=8
num_cat=0
split_feature=3 0 1 0 0 0 1
split_gain=0.478172 0.252746 0.384615 0.219112 0.429327 0.16 0.101186
threshold=0.042250000000000003 0.89140000000000008 0.14375000000000002 0.51245000000000007 0.30040000000000006 0.53380000000000016 0.13865000000000002
decision_type=2 2 2 2 2 2 2
left_child=1 2 -1 4 6 -4 -2
right_child=3 -3 5 -5 -6 -7 -8
leaf_value=0.003865523542709871 -0.006633402844080657 -8.3412955379761448e-05 -0.003416586803786622 -0.0015575518385382825 5.0264285914160855e-05 0.00012859555964232243 -0.0024010764623316532
leaf_weight=20 32 37 25 46 26 20 23
leaf_count=20 32 37 25 46 26 20 23
internal_value=0 0.00141176 0.00253846 -0.00134646 -0.000407408 0.000999999 -0.00190909
internal_weight=0 102 65 127 81 45 55
internal_count=229 102 65 127 81 45 55
is_linear=0
shrinkage=0.03


Tree=159
num_leaves=9
num_cat=0
split_feature=2 4 1 1 0 3 0 3
split_gain=0.407569 0.405797 0.345921 0.312771 0.380952 0.248282 0.116667 0.110345
threshold=0.00030000000000000008 0.46645000000000009 0.11500000000000002 0.39040000000000002 0.61050000000000015 0.072800000000000017 0.51245000000000007 0.016750000000000004
decision_type=2 2 2 2 2 2 2 2
left_child=1 2 5 4 -4 7 -7 -1
right_child=-2 -3 3 -5 -6 6 -8 -9
leaf_value=0.00016220870443118575 -0.00038005719795710025 -0.0019331207225515444 0.0008310165973626052 -0.0025916704022926756 4.1459826182580422e-05 -0.0057266648193120637 -0.0015335338261637137 0.00070364357054230882
leaf_weight=29 40 28 21 22 21 20 28 20
leaf_count=29 40 28 21 22 21 20 28 20
internal_value=0 0.000333333 0.000913043 0.002625 0.00414286 -0.000216496 -0.00175 0.00128571
internal_weight=0 189 161 64 42 97 48 49
internal_count=229 189 161 64 42 97 48 49
is_linear=0
shrinkage=0.03


Tree=160
num_leaves=8
num_cat=0
split_feature=2 3 0 0 3 1 1
split_gain=0.375208 0.385671 0.181869 0.291411 0.176131 0.415722 0.0311321
threshold=1.0000000180025095e-35 0.042250000000000003 0.89140000000000008 0.56030000000000013 0.15100000000000002 0.020100000000000003 0.03815000000000001
decision_type=2 2 2 2 2 2 2
left_child=1 2 3 -1 6 -6 -3
right_child=-2 4 -4 -5 5 -7 -8
leaf_value=-7.0208394296640547e-06 -0.00034036850356582144 -4.7555587880091105e-05 -5.9715732044824424e-05 0.0038353628111065809 -0.0070700570128097917 0.00069965092533975644 -0.00018345836763906768
leaf_weight=20 48 20 32 27 22 27 33
leaf_count=20 48 20 32 27 22 27 33
internal_value=0 -1.65753e-05 0.00155696 0.00274468 -0.00123529 6.12238e-05 -0.00243396
internal_weight=0 181 79 47 102 49 53
internal_count=229 181 79 47 102 49 53
is_linear=0
shrinkage=0.03


Tree=161
num_leaves=8
num_cat=0
split_feature=3 2 0 3 0 3 3
split_gain=0.336309 0.154751 0.174218 0.243811 0.215126 0.116029 0.200261
threshold=0.0020500000000000006 0.00030000000000000008 0.090150000000000008 0.20715000000000003 0.47635000000000005 0.072800000000000017 0.025900000000000003
decision_type=2 2 2 2 2 2 2
left_child=-1 2 -2 4 -4 6 -6
right_child=1 -3 3 -5 5 -7 -8
leaf_value=0.001006520759771392 -0.0066806082469814234 -0.00033015741473810652 -0.00020355424327155066 0.0012469321729952439 -8.9951682816905048e-05 -0.00060664811206117208 0.0015305486856081146
leaf_weight=21 29 38 34 22 39 26 20
leaf_count=21 29 38 34 22 39 26 20
internal_value=0 -0.00126923 -0.000882354 -0.000446809 -0.000983194 -0.000176471 0.000559321
internal_weight=0 208 170 141 119 85 59
internal_count=229 208 170 141 119 85 59
is_linear=0
shrinkage=0.03


Tree=162
num_leaves=8
num_cat=0
split_feature=2 1 1 0 3 1 1
split_gain=0.369677 0.273908 0.669782 0.355104 0.160345 0.138971 0.32814
threshold=0.00030000000000000008 0.020100000000000003 0.036650000000000009 0.14690000000000003 0.082900000000000015 0.31080000000000002 0.11500000000000002
decision_type=2 2 2 2 2 2 2
left_child=1 4 -3 -4 -1 6 -5
right_child=-2 2 3 5 -6 -7 -8
leaf_value=-5.6710174997172917e-06 -0.00034853970446926209 0.0010110106866389576 0.0039538833896036905 -0.00188119901796106 -0.0022247733090143625 -0.0022171977871323304 0.00015122749381175162
leaf_weight=29 40 20 24 35 31 21 29
leaf_count=29 40 20 24 35 31 21 29
internal_value=0 0.000174602 0.000953488 2.75222e-05 -0.0015 -0.000882354 -0.000187501
internal_weight=0 189 129 109 60 85 64
internal_count=229 189 129 109 60 85 64
is_linear=0
shrinkage=0.03


Tree=163
num_leaves=9
num_cat=0
split_feature=2 4 4 0 4 1 0 0
split_gain=0.407569 0.276134 0.271821 0.429501 0.301047 0.159129 0.277577 0.275269
threshold=0.00030000000000000008 0.51200000000000012 0.24220000000000003 0.23015000000000005 0.0111 0.36825000000000002 0.61930000000000007 0.83065000000000011
decision_type=2 2 2 2 2 2 2 2
left_child=1 2 4 -4 -1 6 -6 -8
right_child=-2 -3 3 -5 5 -7 7 -9
leaf_value=0.00065421447757974568 -0.00033808351333518147 -0.0083003220937330046 -2.3261962973417271e-05 5.6065832155857398e-05 0.00020473358496091921 -0.0049970939540863275 -0.0011434253546479547 0.0012066705266706975
leaf_weight=25 40 20 21 20 20 21 32 30
leaf_count=25 40 20 21 20 20 21 32 30
internal_value=0 0.000333333 0.00072781 0.00285366 4.68743e-05 -0.000669904 -7.31714e-05 -0.00106452
internal_weight=0 189 169 41 128 103 82 62
internal_count=229 189 169 41 128 103 82 62
is_linear=0
shrinkage=0.03


Tree=164
num_leaves=9
num_cat=0
split_feature=2 4 1 1 1 1 1 4
split_gain=0.447309 0.303059 0.145826 0.252606 0.409972 0.556581 0.334091 0.148659
threshold=0.00030000000000000008 0.51200000000000012 0.0054500000000000009 0.035550000000000005 0.10685000000000001 0.18615000000000001 0.018850000000000002 0.077550000000000022
decision_type=2 2 2 2 2 2 2 2
left_child=1 2 -1 6 -5 -6 -4 -7
right_child=-2 -3 3 4 5 7 -8 -9
leaf_value=-0.0012710636804416243 -0.00032794100793512895 -0.0080513124309210156 -2.7237517766093421e-05 -0.0021880349059129958 0.0057990740608345991 4.1703728245093403e-05 0.00094793204868665645 -0.00017806672805652734
leaf_weight=20 40 20 24 36 20 26 20 23
leaf_count=20 40 20 24 36 20 26 20 23
internal_value=0 0.000492063 0.000905325 0.00122819 0.000428571 0.00178261 0.00313636 6.12238e-05
internal_weight=0 189 169 149 105 69 44 49
internal_count=229 189 169 149 105 69 44 49
is_linear=0
shrinkage=0.03


Tree=165
num_leaves=8
num_cat=0
split_feature=2 4 0 4 3 4 4
split_gain=0.5107 0.302666 0.21758 0.42328 0.342287 0.187503 0.173077
threshold=1.0000000180025095e-35 0.51200000000000012 0.61050000000000015 0.039900000000000012 0.0096500000000000023 0.15570000000000003 0.32190000000000007
decision_type=2 2 2 2 2 2 2
left_child=1 2 5 4 -4 -1 -7
right_child=-2 -3 3 -5 -6 6 -8
leaf_value=0.00012317938539138377 -0.00028981579924451645 -0.0078097730579933869 -0.00011541359747404126 -0.00097265878712768795 0.0036031377094623528 -0.0033436255774877263 0.00019148719151250155
leaf_weight=25 48 20 28 30 26 26 26
leaf_count=25 48 20 28 30 26 26 26
internal_value=0 0.000480662 0.000913043 -0.000142858 0.00144444 0.00206493 0.00103846
internal_weight=0 181 161 84 54 77 52
internal_count=229 181 161 84 54 77 52
is_linear=0
shrinkage=0.03


Tree=166
num_leaves=8
num_cat=0
split_feature=2 4 0 1 1 1 0
split_gain=0.560496 0.332178 0.174948 0.289072 0.45873 0.212825 0.26501
threshold=1.0000000180025095e-35 0.51200000000000012 0.13100000000000003 0.035550000000000005 0.017050000000000006 0.12140000000000002 0.51245000000000007
decision_type=2 2 2 2 2 2 2
left_child=1 2 -1 4 -4 -5 -7
right_child=-2 -3 3 5 -6 6 -8
leaf_value=0.0042223533577712934 -0.00028112132526717887 -0.0075754798662535866 -2.2697004298204533e-05 -0.0019381517890828725 0.00092203579695405785 -0.00027721361329436549 0.0004258708063056162
leaf_weight=23 48 20 36 36 20 21 25
leaf_count=23 48 20 36 36 20 21 25
internal_value=0 0.000646408 0.00109938 0.000695651 0.00235714 -0.000439025 0.000913043
internal_weight=0 181 161 138 56 82 46
internal_count=229 181 161 138 56 82 46
is_linear=0
shrinkage=0.03


Tree=167
num_leaves=7
num_cat=0
split_feature=2 4 4 0 3 0
split_gain=0.375208 0.222367 0.121051 0.273628 0.264179 0.224219
threshold=1.0000000180025095e-35 0.51200000000000012 0.030100000000000005 0.57005000000000006 0.0096500000000000023 0.30040000000000006
decision_type=2 2 2 2 2 2
left_child=1 2 4 5 -1 -4
right_child=-2 -3 3 -5 -6 -7
leaf_value=-6.0328424740859308e-05 -0.00027268768550915798 -0.0073482154702659806 -0.0016067321968485132 -0.00084226437414989489 0.0035972755882274091 0.00011381030410403074
leaf_weight=32 48 20 38 39 21 31
leaf_count=32 48 20 38 39 21 31
internal_value=0 -1.65753e-05 0.000354037 -0.000222223 0.0015283 0.000913043
internal_weight=0 181 161 108 53 69
internal_count=229 181 161 108 53 69
is_linear=0
shrinkage=0.03


Tree=168
num_leaves=9
num_cat=0
split_feature=2 4 1 1 1 1 1 0
split_gain=0.418056 0.247761 0.226411 0.533333 0.2722 0.274618 0.1 0.025
threshold=1.0000000180025095e-35 0.51200000000000012 0.035550000000000005 0.017050000000000006 0.12140000000000002 0.23025000000000004 0.0054500000000000009 0.71340000000000015
decision_type=2 2 2 2 2 2 2 2
left_child=1 2 3 6 7 -6 -1 -4
right_child=-2 -3 4 -5 5 -7 -8 -9
leaf_value=-0.001182720686202053 -0.00026450705494388032 -0.0071277690061580011 -0.0054406957352059766 0.00089566216196765812 0.0048446150711223103 -5.3899052204435197e-06 9.1082324986534137e-05 -0.0017003450250019398
leaf_weight=20 48 20 20 20 23 38 20 20
leaf_count=20 48 20 20 20 23 38 20 20
internal_value=0 0.000149171 0.000540372 0.002 -0.000326733 0.000934426 -7.15256e-10 -0.00225
internal_weight=0 181 161 60 101 61 40 40
internal_count=229 181 161 60 101 61 40 40
is_linear=0
shrinkage=0.03


Tree=169
num_leaves=8
num_cat=0
split_feature=2 4 4 3 4 0 0
split_gain=0.375208 0.222367 0.43886 0.316919 0.159211 0.132203 0.025
threshold=1.0000000180025095e-35 0.51200000000000012 0.32190000000000007 0.044550000000000006 0.019350000000000003 0.42035000000000006 0.6966500000000001
decision_type=2 2 2 2 2 2 2
left_child=1 2 3 4 -1 -5 -6
right_child=-2 -3 -4 5 6 -7 -8
leaf_value=-4.1655827623043923e-05 -0.00025657184329555549 -0.0069139359359732628 0.00024449283617412583 -2.5439568805194909e-05 0.00016002799713640871 -0.00034434864630251467 0.0033446952766398217
leaf_weight=36 48 20 26 20 20 39 20
leaf_count=36 48 20 26 20 20 39 20
internal_value=0 -1.65753e-05 0.000354037 -0.000333334 0.000947368 -0.00198305 0.00225
internal_weight=0 181 161 135 76 59 40
internal_count=229 181 161 135 76 59 40
is_linear=0
shrinkage=0.03


Tree=170
num_leaves=8
num_cat=0
split_feature=2 4 4 4 0 4 3
split_gain=0.46322 0.274527 0.351995 0.176971 0.195784 0.154321 0.196988
threshold=1.0000000180025095e-35 0.51200000000000012 0.32190000000000007 0.15570000000000003 0.61050000000000015 0.039900000000000012 0.0096500000000000023
decision_type=2 2 2 2 2 2 2
left_child=1 2 3 4 -1 6 -6
right_child=-2 -3 -4 -5 5 -7 -8
leaf_value=8.724790718599443e-05 -0.00024887468799668632 -0.0067065178578940626 0.00023715805108890072 -0.005048788252044834 -0.00017059245768483221 -0.00061324180992471491 0.0032470549272005512
leaf_weight=25 48 20 26 29 28 27 26
leaf_count=25 48 20 26 29 28 27 26
internal_value=0 0.000314916 0.000726707 0.00011111 0.000679245 -3.70378e-05 0.000888888
internal_weight=0 181 161 135 106 81 54
internal_count=229 181 161 135 106 81 54
is_linear=0
shrinkage=0.03


Tree=171
num_leaves=8
num_cat=0
split_feature=1 1 2 1 1 0 3
split_gain=0.298068 0.75901 0.247231 0.192244 0.327848 0.303732 0.149698
threshold=0.020100000000000003 0.036650000000000009 1.0000000180025095e-35 0.10685000000000001 0.39040000000000002 0.36165000000000008 0.082900000000000015
decision_type=2 2 2 2 2 2 2
left_child=6 -2 3 -3 5 -5 -1
right_child=1 2 -4 4 -6 -7 -8
leaf_value=-1.6429932176142322e-05 0.00053328210476538023 -0.0020049388482245795 -0.00021312140146275118 0.00024842156703628378 -0.0019929389333994576 0.0001172843834696172 -0.0020105676702970939
leaf_weight=31 24 33 36 20 21 31 33
leaf_count=31 24 33 36 20 21 31 33
internal_value=0 0.000818181 -2.12773e-05 0.000714285 0.00158333 0.00288235 -0.00159375
internal_weight=0 165 141 105 72 51 64
internal_count=229 165 141 105 72 51 64
is_linear=0
shrinkage=0.03


Tree=172
num_leaves=9
num_cat=0
split_feature=2 4 4 3 3 3 0 0
split_gain=0.34376 0.302666 0.319064 0.14685 0.311688 0.2625 0.135281 0.0291667
threshold=1.0000000180025095e-35 0.51200000000000012 0.27155000000000001 0.044550000000000006 0.0066500000000000005 0.11965000000000002 0.84310000000000007 0.72525000000000006
decision_type=2 2 2 2 2 2 2 2
left_child=1 2 3 4 -1 -5 -6 -2
right_child=7 -3 -4 5 6 -7 -8 -9
leaf_value=-5.8521263508712942e-05 -0.0011477832956195875 -0.0065059980321556738 0.00022333191854359034 -0.0016769068586338916 0.00085654019311036389 6.8087391699937007e-06 0.00044248614397151198 -1.2064068476389694e-05
leaf_weight=33 28 20 38 28 20 20 22 20
leaf_count=33 28 20 38 28 20 20 22 20
internal_value=0 0.000480662 0.000913043 0.000170731 0.000999999 -0.001125 0.00271428 -0.002375
internal_weight=0 181 161 123 75 48 42 48
internal_count=229 181 161 123 75 48 42 48
is_linear=0
shrinkage=0.03


Tree=173
num_leaves=9
num_cat=0
split_feature=2 4 4 4 1 4 1 0
split_gain=0.34376 0.302666 0.319064 0.109495 0.155588 0.335736 0.195652 0.0291667
threshold=1.0000000180025095e-35 0.51200000000000012 0.27155000000000001 0.13245000000000004 0.024900000000000002 0.019350000000000003 0.17295000000000002 0.72525000000000006
decision_type=2 2 2 2 2 2 2 2
left_child=1 2 3 4 -1 -6 -7 -2
right_child=7 -3 -4 -5 5 6 -8 -9
leaf_value=-0.00029785730990607276 -0.001113349796751002 -0.0063108180911910063 0.00021663196098728165 -0.0060829569477333359 -0.00021261454436863323 0.0031224072768381212 3.4759226502583769e-05 -1.1702146422103604e-05
leaf_weight=32 28 20 38 23 22 23 23 20
leaf_count=32 28 20 38 23 22 23 23 20
internal_value=0 0.000480662 0.000913043 0.000170731 0.000599999 0.00141176 0.00286956 -0.002375
internal_weight=0 181 161 123 100 68 46 48
internal_count=229 181 161 123 100 68 46 48
is_linear=0
shrinkage=0.03


Tree=174
num_leaves=8
num_cat=0
split_feature=2 4 0 4 0 3 0
split_gain=0.34376 0.302666 0.389657 0.324074 0.22715 0.196988 0.0291667
threshold=1.0000000180025095e-35 0.51200000000000012 0.61050000000000015 0.039900000000000012 0.30040000000000006 0.0096500000000000023 0.72525000000000006
decision_type=2 2 2 2 2 2 2
left_child=1 2 4 5 -1 -4 -2
right_child=6 -3 3 -5 -6 -7 -8
leaf_value=3.5749019724154621e-05 -0.0010799493028484707 -0.0061214935484552747 -0.00015429042878654659 -0.00084362509231448567 0.0001377522847627723 0.0030267271687343909 -1.1351082029440634e-05
leaf_weight=39 28 20 28 30 38 26 20
leaf_count=39 28 20 28 30 38 26 20
internal_value=0 0.000480662 0.000913043 -0.000500001 0.00245454 0.000888888 -0.002375
internal_weight=0 181 161 84 77 54 48
internal_count=229 181 161 84 77 54 48
is_linear=0
shrinkage=0.03


Tree=175
num_leaves=9
num_cat=0
split_feature=2 1 1 4 1 1 1 0
split_gain=0.308658 0.354407 0.35503 0.185158 0.116709 0.235948 0.0711111 0.025
threshold=0.00030000000000000008 0.10685000000000001 0.18615000000000001 0.077550000000000022 0.0054500000000000009 0.033950000000000008 0.017050000000000006 0.68875000000000008
decision_type=2 2 2 2 2 2 2 2
left_child=1 4 -3 -4 -1 6 -6 -2
right_child=7 2 3 -5 5 -7 -8 -9
leaf_value=-0.001794568764402586 -0.0017266454060562556 0.0050019172990507735 2.4739233231927852e-05 -0.00029484602610121009 -6.2347779095256358e-05 -0.0017757811016936899 0.00068535580763657298 -1.1010549568557687e-05
leaf_weight=30 20 21 26 27 25 40 20 20
leaf_count=30 20 21 26 27 25 40 20 20
internal_value=0 0.000650793 0.00227027 0.000962263 -0.000391305 0.00017647 0.00166667 -0.00225
internal_weight=0 189 74 53 115 85 45 40
internal_count=229 189 74 53 115 85 45 40
is_linear=0
shrinkage=0.03


Tree=176
num_leaves=9
num_cat=0
split_feature=3 2 4 4 1 0 0 0
split_gain=0.438125 0.247997 0.251261 0.167707 0.281045 0.373846 0.11655 0.0282609
threshold=0.0020500000000000006 1.0000000180025095e-35 0.51200000000000012 0.32190000000000007 0.12140000000000002 0.51245000000000007 0.86670000000000014 0.70325000000000004
decision_type=2 2 2 2 2 2 2 2
left_child=-1 2 3 4 6 -6 -2 -3
right_child=1 7 -4 -5 5 -7 -8 -9
leaf_value=0.00061302807126743786 -0.0010155008610722338 -0.00098629675149506605 -0.0059648383289873314 0.00029811769034577743 -0.0010783105519493021 0.00041976197329658492 0.00020679674003630082 -1.0680233081501627e-05
leaf_weight=21 39 26 20 26 26 24 27 20
leaf_count=21 39 26 20 26 26 24 27 20
internal_value=0 -0.000403847 0.000148147 0.000591549 0.000103448 0.0018 -0.00118182 -0.00234783
internal_weight=0 208 162 142 116 50 66 46
internal_count=229 208 162 142 116 50 66 46
is_linear=0
shrinkage=0.03


Tree=177
num_leaves=9
num_cat=0
split_feature=2 4 1 0 0 0 1 0
split_gain=0.34376 0.302666 0.165631 0.267857 0.446429 0.385714 0.0964286 0.0291667
threshold=1.0000000180025095e-35 0.51200000000000012 0.39040000000000002 0.61050000000000015 0.30040000000000006 0.7360000000000001 0.031800000000000009 0.72525000000000006
decision_type=2 2 2 2 2 2 2 2
left_child=1 2 3 4 -1 -5 -7 -2
right_child=7 -3 -4 5 -6 6 -8 -9
leaf_value=-0.0014084564994810164 -0.0009661625590364776 -0.0057858931791177088 -0.0018564117885660921 -0.0011439267707736348 0.00027535479797608062 -0.00014206130347189114 0.0025523977894166615 -1.0359826089057117e-05
leaf_weight=28 28 20 21 24 28 28 32 20
leaf_count=28 28 20 21 24 28 28 32 20
internal_value=0 0.000480662 0.000913043 0.00128571 0.00289286 0.000214285 0.0015 -0.002375
internal_weight=0 181 161 140 56 84 60 48
internal_count=229 181 161 140 56 84 60 48
is_linear=0
shrinkage=0.03


Tree=178
num_leaves=9
num_cat=0
split_feature=3 2 4 4 1 0 0 0
split_gain=0.515138 0.312945 0.240727 0.193865 0.192188 0.344652 0.12 0.025
threshold=0.010600000000000002 1.0000000180025095e-35 0.51200000000000012 0.019350000000000003 0.13865000000000002 0.51245000000000007 0.85910000000000009 0.37620000000000003
decision_type=2 2 2 2 2 2 2 2
left_child=3 2 4 -1 5 -2 -7 -6
right_child=1 -3 -4 -5 7 6 -8 -9
leaf_value=3.9578392796157016e-05 0.00022744962325089947 -0.00094190504857940541 -0.0056123163837441779 0.00042370088748624275 0.00060494652683949464 -0.00099238949189995782 0.0001560652420548364 8.0055297846384863e-05
leaf_weight=29 28 39 20 23 20 30 20 20
leaf_count=29 28 39 20 23 20 30 20 20
internal_value=0 -0.000627119 4.34775e-05 0.00276923 0.000559321 -0.000307693 -0.0018 0.00225
internal_weight=0 177 138 52 118 78 50 40
internal_count=229 177 138 52 118 78 50 40
is_linear=0
shrinkage=0.03


Tree=179
num_leaves=9
num_cat=0
split_feature=3 0 0 3 0 1 3 0
split_gain=0.358703 0.297861 0.209129 0.334181 0.609524 0.288095 0.185065 0.0261905
threshold=0.0020500000000000006 0.30040000000000006 0.89140000000000008 0.042250000000000003 0.52445000000000019 0.14630000000000001 0.25465000000000004 0.71840000000000004
decision_type=2 2 2 2 2 2 2 2
left_child=-1 6 3 5 -5 -3 -2 -6
right_child=1 2 -4 4 7 -7 -8 -9
leaf_value=0.0005053543140232208 -0.0050102301714939589 0.0026957062523100292 -0.00080014169933625176 0.00014241578463238834 -0.0069962948851837988 2.7862222245948413e-05 -0.0013730262931941127 -0.00013600059568417289
leaf_weight=21 38 20 24 28 22 28 28 20
leaf_count=21 38 20 24 28 22 28 28 20
internal_value=0 2.88454e-05 0.000802816 0.00132203 -7.15256e-10 0.00325 -0.00163636 -0.00228572
internal_weight=0 208 142 118 70 48 66 42
internal_count=229 208 142 118 70 48 66 42
is_linear=0
shrinkage=0.03


Tree=180
num_leaves=8
num_cat=0
split_feature=2 4 3 0 1 3 0
split_gain=0.612608 0.363062 0.219048 0.161905 0.207287 0.323232 0.424747
threshold=1.0000000180025095e-35 0.51200000000000012 0.0023500000000000001 0.89140000000000008 0.36825000000000002 0.072800000000000017 0.37620000000000003
decision_type=2 2 2 2 2 2 2
left_child=1 2 -1 4 5 -4 -7
right_child=-2 -3 3 -5 -6 6 -8
leaf_value=0.00049019368460253112 -0.00020938678857486298 -0.0053045515492928415 0.0021891806135091413 -0.0019708027922438493 -0.004841267687926757 0.00024269862205428169 -0.00093795704870300539
leaf_weight=21 48 20 33 21 20 36 30
leaf_count=21 48 20 33 21 20 36 30
internal_value=0 0.000812154 0.00128571 0.000857142 0.00128571 0.00184848 0.000636363
internal_weight=0 181 161 140 119 99 66
internal_count=229 181 161 140 119 99 66
is_linear=0
shrinkage=0.03


Tree=181
num_leaves=9
num_cat=0
split_feature=2 3 4 4 4 4 4 4
split_gain=0.5107 0.354012 0.228571 0.194371 0.113422 0.162855 0.262687 0.128571
threshold=1.0000000180025095e-35 0.0023500000000000001 0.51200000000000012 0.32190000000000007 0.15570000000000003 0.073350000000000012 0.039900000000000012 0.018350000000000002
decision_type=2 2 2 2 2 2 2 2
left_child=1 -1 3 4 5 6 7 -3
right_child=-2 2 -4 -5 -6 -7 -8 -9
leaf_value=0.00047548787406445078 -0.00020310518491760816 -0.00071908616825664263 -0.0051454150028140549 0.00028132825756834552 -0.0058562427660805334 0.00020365257931008595 -0.00010278123234091377 0.0025340978075030899
leaf_weight=21 48 24 20 26 26 21 22 21
leaf_count=21 48 24 20 26 26 21 22 21
internal_value=0 0.000480662 -7.15256e-10 0.000428571 -0.000105264 0.00040909 -0.000313434 0.000999999
internal_weight=0 181 160 140 114 88 67 45
internal_count=229 181 160 140 114 88 67 45
is_linear=0
shrinkage=0.03


Tree=182
num_leaves=8
num_cat=0
split_feature=2 4 1 1 0 4 1
split_gain=0.375208 0.222367 0.125259 0.308512 0.234101 0.192063 0.125926
threshold=1.0000000180025095e-35 0.51200000000000012 0.0059000000000000016 0.033950000000000008 0.14980000000000002 0.030100000000000005 0.22480000000000003
decision_type=2 2 2 2 2 2 2
left_child=1 2 -1 -4 -5 -6 -7
right_child=-2 -3 3 4 5 6 -8
leaf_value=-0.00019397067993574748 -0.00019701202937007963 -0.0049910525527296331 0.00063322871841114514 0.0048924903081492034 0.00057314292918190298 -0.0007658749496362139 -6.6608779444129494e-06
leaf_weight=23 48 20 34 21 29 34 20
leaf_count=23 48 20 34 21 29 34 20
internal_value=0 -1.65753e-05 0.000354037 0.000695651 -0.000115385 -0.000831326 -0.00188889
internal_weight=0 181 161 138 104 83 54
internal_count=229 181 161 138 104 83 54
is_linear=0
shrinkage=0.03


Tree=183
num_leaves=8
num_cat=0
split_feature=2 4 3 0 3 4 4
split_gain=0.46322 0.274527 0.225618 0.260131 0.222264 0.134615 0.214286
threshold=1.0000000180025095e-35 0.51200000000000012 0.11275000000000002 0.37620000000000003 0.044550000000000006 0.019350000000000003 0.041900000000000007
decision_type=2 2 2 2 2 2 2
left_child=1 2 4 -4 5 -1 -7
right_child=-2 -3 3 -5 -6 6 -8
leaf_value=-7.5487233703660337e-05 -0.00019110166848897186 -0.0048413209761477456 0.00043397860730131922 -0.00058186342974763782 -0.00022896946694836307 0.0024408807558762447 -3.7795981390664785e-05
leaf_weight=36 48 20 29 21 33 21 21
leaf_count=36 48 20 29 21 33 21 21
internal_value=0 0.000314916 0.000726707 0.0024 -2.70277e-05 0.000846153 0.002
internal_weight=0 181 161 50 111 78 42
internal_count=229 181 161 50 111 78 42
is_linear=0
shrinkage=0.03


Tree=184
num_leaves=9
num_cat=0
split_feature=2 4 1 1 0 4 1 0
split_gain=0.46322 0.274527 0.172294 0.533333 0.221806 0.198352 0.123077 0.1
threshold=1.0000000180025095e-35 0.51200000000000012 0.035550000000000005 0.017050000000000006 0.14980000000000002 0.030100000000000005 0.22480000000000003 0.89395000000000013
decision_type=2 2 2 2 2 2 2 2
left_child=1 2 3 7 -4 -6 -7 -1
right_child=-2 -3 4 -5 5 6 -8 -9
leaf_value=-0.000509057358336435 -0.00018536861843430812 -0.0046960813468633128 0.0047326962406856847 0.00043756599443471969 0.00071833871164217217 -0.0017387001407143281 -6.742489519083166e-06 7.0691918875007067e-05
leaf_weight=20 48 20 21 20 28 32 20 20
leaf_count=20 48 20 21 20 28 32 20 20
internal_value=0 0.000314916 0.000726707 0.002 -2.97037e-05 -0.000750001 -0.00184615 -7.15256e-10
internal_weight=0 181 161 60 101 80 52 40
internal_count=229 181 161 60 101 80 52 40
is_linear=0
shrinkage=0.03


Tree=185
num_leaves=9
num_cat=0
split_feature=2 4 1 1 1 1 1 0
split_gain=0.375208 0.222367 0.287908 0.533333 0.194615 0.388941 0.1 0.025
threshold=1.0000000180025095e-35 0.51200000000000012 0.035550000000000005 0.017050000000000006 0.12140000000000002 0.23025000000000004 0.0054500000000000009 0.71340000000000015
decision_type=2 2 2 2 2 2 2 2
left_child=1 2 3 6 7 -6 -1 -4
right_child=-2 -3 4 -5 5 -7 -8 -9
leaf_value=-0.00081578275715929992 -0.00017980755988127579 -0.0045551989064574142 -0.0051273869336500404 0.00042443901460166751 0.0041417938980379465 -3.9612120232448407e-05 7.2739111381295188e-05 -0.0015034192818611063
leaf_weight=20 48 20 20 20 23 38 20 20
leaf_count=20 48 20 20 20 23 38 20 20
internal_value=0 -1.65753e-05 0.000354037 0.002 -0.000623763 0.000442622 -7.15256e-10 -0.00225
internal_weight=0 181 161 60 101 61 40 40
internal_count=229 181 161 60 101 61 40 40
is_linear=0
shrinkage=0.03


Tree=186
num_leaves=9
num_cat=0
split_feature=2 4 1 1 0 0 1 0
split_gain=0.46322 0.274527 0.334175 0.408333 0.272425 0.14898 0.0631579 0.025
threshold=1.0000000180025095e-35 0.51200000000000012 0.035550000000000005 0.017050000000000006 0.14980000000000002 0.76035000000000019 0.22480000000000003 0.89395000000000013
decision_type=2 2 2 2 2 2 2 2
left_child=1 2 3 7 -4 6 -6 -1
right_child=-2 -3 4 -5 5 -7 -8 -9
leaf_value=-0.00049596781092778157 -0.00017441333308483559 -0.0044185429392636921 0.00446646166912067 0.00041170584416362659 -0.0011189416786002275 0.0017428449577521156 -3.2631321192835248e-05 9.0379090492798893e-05
leaf_weight=20 48 20 21 20 27 23 30 20
leaf_count=20 48 20 21 20 27 23 30 20
internal_value=0 0.000314916 0.000726707 0.0025 -0.000326733 -0.001125 -0.00194737 0.000749999
internal_weight=0 181 161 60 101 80 57 40
internal_count=229 181 161 60 101 80 57 40
is_linear=0
shrinkage=0.03


Tree=187
num_leaves=8
num_cat=0
split_feature=2 3 0 1 1 1 0
split_gain=0.334676 0.22147 0.233826 0.246287 0.387331 0.219274 0.171237
threshold=1.0000000180025095e-35 0.0023500000000000001 0.090150000000000008 0.31080000000000002 0.12140000000000002 0.033950000000000008 0.57005000000000006
decision_type=2 2 2 2 2 2 2
left_child=1 -1 -3 4 5 6 -4
right_child=-2 2 3 -5 -6 -7 -8
leaf_value=0.00033078870227288263 -0.00016918093309229527 -0.0024348707227125205 0.00015001851483526662 -0.0016496336175122759 0.003034726193164904 -0.0010307097661696365 -0.00016189876266496666
leaf_weight=21 48 29 20 21 27 37 26
leaf_count=21 48 29 20 21 27 37 26
internal_value=0 -0.000182321 -0.000562501 -2.29015e-05 0.000545454 -0.00046988 0.000913043
internal_weight=0 181 160 131 110 83 46
internal_count=229 181 160 131 110 83 46
is_linear=0
shrinkage=0.03


Tree=188
num_leaves=8
num_cat=0
split_feature=2 4 1 0 0 0 1
split_gain=0.5107 0.302666 0.165631 0.267857 0.446429 0.385714 0.0964286
threshold=1.0000000180025095e-35 0.51200000000000012 0.39040000000000002 0.61050000000000015 0.30040000000000006 0.7360000000000001 0.031800000000000009
decision_type=2 2 2 2 2 2 2
left_child=1 2 3 4 -1 -5 -7
right_child=-2 -3 -4 5 -6 6 -8
leaf_value=-0.0013258973361236627 -0.00016410550509953075 -0.0042827325739464772 -0.0016001446089869084 -0.00083309383656695213 0.00019092408274119492 -0.00021604498652671466 0.0019027569758606686
leaf_weight=28 48 20 21 24 28 28 32
leaf_count=28 48 20 21 24 28 28 32
internal_value=0 0.000480662 0.000913043 0.00128571 0.00289286 0.000214285 0.0015
internal_weight=0 181 161 140 56 84 60
internal_count=229 181 161 140 56 84 60
is_linear=0
shrinkage=0.03


Tree=189
num_leaves=9
num_cat=0
split_feature=2 4 1 1 1 0 3 0
split_gain=0.5107 0.302666 0.178717 0.257431 0.31975 0.4 0.213868 0.000455005
threshold=1.0000000180025095e-35 0.51200000000000012 0.033950000000000008 0.12140000000000002 0.39040000000000002 0.61050000000000015 0.13965000000000002 0.73990000000000011
decision_type=2 2 2 2 2 2 2 2
left_child=1 2 6 7 5 -5 -1 -4
right_child=-2 -3 3 4 -6 -7 -8 -9
leaf_value=0.00030395021751460105 -0.00015918233994654279 -0.0041542505967280818 -0.00032731572481418345 0.00077188478955014502 -0.0015521402707173034 0.00011183594234875985 -0.00050658951323095773 -0.0017890995427300301
leaf_weight=36 48 20 23 20 21 20 21 20
leaf_count=36 48 20 23 20 21 20 21 20
internal_value=0 0.000480662 0.000913043 0.000173076 0.00142623 0.003 0.00226316 -0.00160465
internal_weight=0 181 161 104 61 40 57 43
internal_count=229 181 161 104 61 40 57 43
is_linear=0
shrinkage=0.03


Tree=190
num_leaves=8
num_cat=0
split_feature=2 4 1 1 0 4 1
split_gain=0.418056 0.247761 0.140355 0.26138 0.234101 0.192063 0.125926
threshold=1.0000000180025095e-35 0.51200000000000012 0.033950000000000008 0.013800000000000002 0.14980000000000002 0.030100000000000005 0.22480000000000003
decision_type=2 2 2 2 2 2 2
left_child=1 2 3 -1 -4 -6 -7
right_child=-2 -3 4 -5 5 6 -8
leaf_value=2.2049849986210751e-06 -0.00015440686974814126 -0.0040296230788262411 0.0042580465036167123 0.00033133918366785587 0.00041378618013552897 -0.00078797514398793464 -1.4418437470674395e-05
leaf_weight=37 48 20 21 20 29 34 20
leaf_count=37 48 20 21 20 29 34 20
internal_value=0 0.000149171 0.000540372 0.00173684 -0.000115385 -0.000831326 -0.00188889
internal_weight=0 181 161 57 104 83 54
internal_count=229 181 161 57 104 83 54
is_linear=0
shrinkage=0.03


Tree=191
num_leaves=9
num_cat=0
split_feature=2 4 1 1 1 1 4 0
split_gain=0.305014 0.321701 0.192492 0.496915 0.239258 0.329347 0.102931 0.0291667
threshold=1.0000000180025095e-35 0.49750000000000005 0.035550000000000005 0.017050000000000006 0.10685000000000001 0.20785000000000001 0.073350000000000012 0.72525000000000006
decision_type=2 2 2 2 2 2 2 2
left_child=1 2 3 -1 -4 -6 -7 -2
right_child=7 -3 4 -5 5 6 -8 -9
leaf_value=-0.00021874837053289405 -0.00069900150074402273 -0.0019097133812327372 -0.002384519134053143 0.00032139900815781887 0.0041303060783835256 -0.00021214026044402091 -6.5686346469106288e-06 -2.0165381900496047e-05
leaf_weight=38 28 23 33 20 21 24 22 20
leaf_count=38 28 23 33 20 21 24 22 20
internal_value=0 0.000314916 0.000797468 0.00217241 -7.15256e-10 0.00102985 -0.000391305 -0.002375
internal_weight=0 181 158 58 100 67 46 48
internal_count=229 181 158 58 100 67 46 48
is_linear=0
shrinkage=0.03


Tree=192
num_leaves=9
num_cat=0
split_feature=3 1 1 4 1 1 1 3
split_gain=0.224577 0.182129 0.219298 0.166532 0.134249 0.173913 0.171237 0.10352
threshold=0.010600000000000002 0.31080000000000002 0.11500000000000002 0.019350000000000003 0.063900000000000012 0.020100000000000003 0.036650000000000009 0.13965000000000002
decision_type=2 2 2 2 2 2 2 2
left_child=3 2 4 -1 5 7 -7 -2
right_child=1 -3 -4 -5 -6 6 -8 -9
leaf_value=-0.00036476981131317672 -0.00085832804578818607 -0.0014986231795143202 0.00012194602386158744 0.00019009062282699011 -0.00072110962864318443 0.00020161585451936278 -0.00086220594688732029 -0.001895045376035727
leaf_weight=29 21 25 38 23 22 20 26 25
leaf_count=29 21 25 38 23 22 20 26 25
internal_value=0 -0.000627119 -0.000236843 0.00161538 -0.000894738 -0.000391305 0.000913043 -0.00169565
internal_weight=0 177 152 52 114 92 46 46
internal_count=229 177 152 52 114 92 46 46
is_linear=0
shrinkage=0.03


Tree=193
num_leaves=10
num_cat=0
split_feature=4 4 0 0 1 4 0 3 0
split_gain=0.29533 0.584791 0.297407 0.458396 0.140209 0.135281 0.121385 0.121385 0.0318182
threshold=0.030100000000000005 0.018350000000000002 0.57005000000000006 0.30040000000000006 0.061650000000000003 0.24220000000000003 0.9406000000000001 0.11230000000000001 0.80525000000000013
decision_type=2 2 2 2 2 2 2 2 2
left_child=1 6 3 4 -2 -5 -1 -6 -4
right_child=2 -3 8 5 7 -7 -8 -9 -10
leaf_value=-0.00045103359001219594 -0.0046757020104107906 0.0003940465416044611 -0.00023155257231890475 -0.0001151747239770096 -0.0035289812756787746 0.00010934726352517151 9.4024351384870385e-05 0.00044964115100335557 -0.0001913725052998559
leaf_weight=23 26 20 35 22 23 20 20 20 20
leaf_count=23 26 20 35 22 23 20 20 20 20
internal_value=0 0.0017619 -0.000650603 0.000243243 -0.00126087 0.00271428 -0.000209303 -0.000209303 -0.00245455
internal_weight=0 63 166 111 69 42 43 43 55
internal_count=229 63 166 111 69 42 43 43 55
is_linear=0
shrinkage=0.03


Tree=194
num_leaves=9
num_cat=0
split_feature=2 4 1 0 3 0 3 1
split_gain=0.330907 0.274657 0.203252 0.292404 0.745878 0.548701 0.388889 0.214286
threshold=0.00065000000000000008 0.51200000000000012 0.36825000000000002 0.52445000000000019 0.042250000000000003 0.30040000000000006 0.016750000000000004 0.033950000000000008
decision_type=2 2 2 2 2 2 2 2
left_child=1 2 3 5 6 -1 7 -5
right_child=-2 -3 -4 4 -6 -7 -8 -9
leaf_value=-0.0011474248315446725 -0.00044612849584471881 -0.0037193385751297593 -0.00084135375089899303 0.00021755761968978639 -0.00078626233410253917 0.00010683975007650271 0.0023970145516193754 -0.0018077386019612241
leaf_weight=28 31 20 25 21 40 22 21 21
leaf_count=28 31 20 25 21 40 22 21 21
internal_value=0 0.000333333 0.000707864 0.00111765 0.000203883 0.003 0.00223809 0.000571428
internal_weight=0 198 178 153 103 50 63 42
internal_count=229 198 178 153 103 50 63 42
is_linear=0
shrinkage=0.03


Tree=195
num_leaves=10
num_cat=0
split_feature=2 4 1 0 0 1 4 3 0
split_gain=0.308658 0.331236 0.207794 0.284525 0.493654 0.203171 0.209091 0.0517695 0.025
threshold=0.00030000000000000008 0.51200000000000012 0.39040000000000002 0.61050000000000015 0.30040000000000006 0.035550000000000005 0.030100000000000005 0.016050000000000005 0.68875000000000008
decision_type=2 2 2 2 2 2 2 2 2
left_child=1 2 3 4 -1 7 -7 -5 -2
right_child=8 -3 -4 5 -6 6 -8 -9 -10
leaf_value=-0.0011130020865983328 -0.0012632188903608703 -0.0036077584178758671 -0.0017263851647355477 0.00025927873955027827 0.00010690434626122246 0.0017190394070248258 -0.0023153657297663496 -6.5849375745063521e-05 -5.9239985845634273e-05
leaf_weight=28 20 20 22 20 31 22 23 23 20
leaf_count=28 20 20 22 20 31 22 23 23 20
internal_value=0 0.000650793 0.00108284 0.0014898 0.00310169 0.00040909 -0.001 0.00188372 -0.00225
internal_weight=0 189 169 147 59 88 45 43 40
internal_count=229 189 169 147 59 88 45 43 40
is_linear=0
shrinkage=0.03


Tree=196
num_leaves=10
num_cat=0
split_feature=2 4 1 1 1 1 0 1 0
split_gain=0.343361 0.360665 0.23581 0.351942 0.365625 0.477557 0.330263 0.148485 0.025
threshold=0.00030000000000000008 0.51200000000000012 0.39040000000000002 0.11500000000000002 0.035550000000000005 0.018850000000000002 0.61050000000000015 0.0080500000000000033 0.68875000000000008
decision_type=2 2 2 2 2 2 2 2 2
left_child=1 2 3 4 5 7 -5 -1 -2
right_child=8 -3 -4 6 -6 -7 -8 -9 -10
leaf_value=5.247466365334687e-05 -0.001225322323650048 -0.0034995256653395914 -0.0016745936097934877 0.0002587637797003618 -0.0011692460947208161 0.00028153662384301006 3.0079924873006351e-05 -0.00039013695746216643 -5.7462786270264127e-05
leaf_weight=24 20 20 22 22 40 20 21 20 20
leaf_count=24 20 20 22 22 40 20 21 20 20
internal_value=0 0.000809523 0.00126035 0.00169388 0.000749999 0.00215625 0.00397674 0.00040909 -0.00225
internal_weight=0 189 169 147 104 64 43 44 40
internal_count=229 189 169 147 104 64 43 44 40
is_linear=0
shrinkage=0.03


Tree=197
num_leaves=9
num_cat=0
split_feature=2 4 1 1 1 0 1 0
split_gain=0.384823 0.332178 0.208475 0.408333 0.229849 0.362131 0.0291667 0.025
threshold=1.0000000180025095e-35 0.51200000000000012 0.035550000000000005 0.017050000000000006 0.12140000000000002 0.51245000000000007 0.11080000000000002 0.89395000000000013
decision_type=2 2 2 2 2 2 2 2
left_child=1 2 3 7 -4 -6 -2 -1
right_child=6 -3 4 -5 5 -7 -8 -9
leaf_value=-0.00033850435130904582 -0.00015083400759049233 -0.0033945398953794028 -0.0011341687118791913 0.00027309052512771066 -0.00013363271759348061 0.00017748258875945001 -0.00040855402700902289 7.6652119004842585e-05
leaf_weight=20 28 20 40 20 36 25 20 20
leaf_count=20 28 20 40 20 36 25 20 20
internal_value=0 0.000646408 0.00109938 0.0025 0.000267326 0.00142623 -0.002375 0.000749999
internal_weight=0 181 161 60 101 61 48 40
internal_count=229 181 161 60 101 61 48 40
is_linear=0
shrinkage=0.03


Tree=198
num_leaves=9
num_cat=0
split_feature=4 1 2 1 1 1 0 1
split_gain=0.27555 0.264481 0.242803 0.288889 0.365625 0.477557 0.225 0.148485
threshold=0.51200000000000012 0.36825000000000002 0.00030000000000000008 0.11500000000000002 0.035550000000000005 0.018850000000000002 0.61930000000000007 0.0080500000000000033
decision_type=2 2 2 2 2 2 2 2
left_child=1 2 3 4 5 7 -5 -1
right_child=-2 -3 -4 6 -6 -7 -8 -9
leaf_value=5.7319139220500218e-05 -0.001416897972751187 -0.00042738658754775793 -9.8092361192811915e-05 0.00064925373080297372 -0.0011001436505228182 0.00026489780937387651 0.00020753580568132077 -0.00036952318196805761
leaf_weight=24 21 30 34 20 40 20 20 20
leaf_count=24 21 30 34 20 40 20 20 20
internal_value=0 0.000605769 0.00104494 0.00158333 0.000749999 0.00215625 0.00375 0.00040909
internal_weight=0 208 178 144 104 64 40 44
internal_count=229 208 178 144 104 64 40 44
is_linear=0
shrinkage=0.03


Tree=199
num_leaves=8
num_cat=0
split_feature=3 1 3 1 0 1 0
split_gain=0.478172 0.26149 0.373808 0.405093 0.219112 0.254711 0.214377
threshold=0.042250000000000003 0.39040000000000002 0.0066500000000000005 0.10685000000000001 0.51245000000000007 0.15345 0.090150000000000008
decision_type=2 2 2 2 2 2 2
left_child=1 2 -1 -4 5 6 -2
right_child=4 -3 3 -5 -6 -7 -8
leaf_value=-0.00020783812695153995 -0.0013195007278686175 -0.0012345751946508097 0.0002842720527483953 0.00025154953234555241 -0.00057850043859666161 -0.00044822459144046485 0.00025029294599001933
leaf_weight=33 22 21 27 21 46 24 35
leaf_count=33 22 21 27 21 46 24 35
internal_value=0 0.00141176 0.00218518 0.003875 -0.00134646 -0.000407408 0.00068421
internal_weight=0 102 81 48 127 81 57
internal_count=229 102 81 48 127 81 57
is_linear=0
shrinkage=0.03


Tree=200
num_leaves=10
num_cat=0
split_feature=2 4 4 4 4 0 4 0 1
split_gain=0.428201 0.363062 0.239642 0.308836 0.190534 0.123504 0.221388 0.107375 0.0291667
threshold=1.0000000180025095e-35 0.51200000000000012 0.32190000000000007 0.15570000000000003 0.019350000000000003 0.61050000000000015 0.047750000000000008 0.93500000000000016 0.11080000000000002
decision_type=2 2 2 2 2 2 2 2 2
left_child=1 2 3 4 7 -6 -7 -1 -2
right_child=8 -3 -4 -5 5 6 -8 -9 -10
leaf_value=-0.00025420899802568094 -0.00014156005483215847 -0.0032556100045956467 0.00030388758251380328 -0.0045514573308653057 8.8842669276270296e-05 0.0016807003086505359 -0.00043159847467603583 7.8672322378072583e-05 -0.0003753545202723011
leaf_weight=21 28 20 26 29 20 22 23 20 20
leaf_count=21 28 20 26 29 20 22 23 20 20
internal_value=0 0.000812154 0.00128571 0.000777777 0.0015283 0.00253846 0.00166667 -7.31714e-05 -0.002375
internal_weight=0 181 161 135 106 65 45 41 48
internal_count=229 181 161 135 106 65 45 41 48
is_linear=0
shrinkage=0.03


Tree=201
num_leaves=10
num_cat=0
split_feature=2 4 1 1 1 1 0 1 0
split_gain=0.384823 0.332178 0.208475 0.408333 0.229849 0.31975 0.4 0.0291667 0.025
threshold=1.0000000180025095e-35 0.51200000000000012 0.035550000000000005 0.017050000000000006 0.12140000000000002 0.39040000000000002 0.61050000000000015 0.11080000000000002 0.89395000000000013
decision_type=2 2 2 2 2 2 2 2 2
left_child=1 2 3 8 -4 6 -6 -2 -1
right_child=7 -3 4 -5 5 -7 -8 -9 -10
leaf_value=-0.00029293389614238962 -0.00013731325318719809 -0.0031579417044577777 -0.0010376812690463394 0.00021552104211651669 0.00061892299075493138 -0.0012954833648800067 0.00014334223628100591 -0.00036409388466413319 7.6312152706732131e-05
leaf_weight=20 28 20 40 20 20 21 20 20 20
leaf_count=20 28 20 40 20 20 21 20 20 20
internal_value=0 0.000646408 0.00109938 0.0025 0.000267326 0.00142623 0.003 -0.002375 0.000749999
internal_weight=0 181 161 60 101 61 40 48 40
internal_count=229 181 161 60 101 61 40 48 40
is_linear=0
shrinkage=0.03


Tree=202
num_leaves=8
num_cat=0
split_feature=1 1 0 2 1 4 4
split_gain=0.329262 0.387154 0.256468 0.343343 0.207407 0.294553 0.107143
threshold=0.18615000000000001 0.11500000000000002 0.30040000000000006 1.0000000180025095e-35 0.035550000000000005 0.068550000000000014 0.073350000000000012
decision_type=2 2 2 2 2 2 2
left_child=1 2 -1 4 5 -4 -2
right_child=6 -3 3 -5 -6 -7 -8
leaf_value=-0.0015429754124028055 -0.00014248625397304864 0.0033366996366484139 9.1183536097443087e-05 -0.00012261602275533462 -0.0010065505569978816 9.8678440211493932e-05 -0.00027149969491794862
leaf_weight=31 27 24 34 27 30 20 36
leaf_count=31 27 24 34 27 30 20 36
internal_value=0 0.000975903 0.000380281 0.00105405 0.002 0.00311111 -0.00157143
internal_weight=0 166 142 111 84 54 63
internal_count=229 166 142 111 84 54 63
is_linear=0
shrinkage=0.03


Tree=203
num_leaves=9
num_cat=0
split_feature=2 4 1 4 4 1 4 0
split_gain=0.384823 0.332178 0.375979 0.298816 0.275268 0.383483 0.203804 0.0291667
threshold=1.0000000180025095e-35 0.51200000000000012 0.18615000000000001 0.32190000000000007 0.13245000000000004 0.024900000000000002 0.073350000000000012 0.72525000000000006
decision_type=2 2 2 2 2 2 2 2
left_child=1 2 3 4 5 -1 -4 -2
right_child=7 -3 6 -5 -6 -7 -8 -9
leaf_value=-0.0003306386434951612 -0.00040058592524966574 -0.0030207286008252388 -0.00010559596889464586 0.00035017216248515228 -0.0057057309175257663 0.0019089846058264277 7.0076756933869395e-05 -5.4968276351275935e-05
leaf_weight=32 28 20 25 22 22 37 23 20
leaf_count=32 28 20 25 22 22 37 23 20
internal_value=0 0.000646408 0.00109938 0.00204425 0.00128571 0.00221739 -0.001125 -0.002375
internal_weight=0 181 161 113 91 69 48 48
internal_count=229 181 161 113 91 69 48 48
is_linear=0
shrinkage=0.03


Tree=204
num_leaves=8
num_cat=0
split_feature=2 4 4 0 0 0 0
split_gain=0.34376 0.302666 0.319064 0.334038 0.197138 0.188337 0.0291667
threshold=1.0000000180025095e-35 0.51200000000000012 0.27155000000000001 0.76035000000000019 0.57005000000000006 0.89140000000000008 0.72525000000000006
decision_type=2 2 2 2 2 2 2
left_child=1 2 3 4 -1 -5 -2
right_child=6 -3 -4 5 -6 -7 -8
leaf_value=-0.00011952249988400853 -0.00038856834749217517 -0.0029301067428004813 0.00031900076532775386 0.0021770747143479876 -4.1937166501451944e-05 -9.9411862856133251e-05 -5.3319228060743022e-05
leaf_weight=37 28 20 38 21 31 34 20
leaf_count=37 28 20 38 21 31 34 20
internal_value=0 0.000480662 0.000913043 0.000170731 -0.00123529 0.00190909 -0.002375
internal_weight=0 181 161 123 68 55 48
internal_count=229 181 161 123 68 55 48
is_linear=0
shrinkage=0.03


Tree=205
num_leaves=8
num_cat=0
split_feature=2 4 4 1 3 3 0
split_gain=0.305014 0.274527 0.37047 0.255011 0.22383 0.161538 0.0291667
threshold=1.0000000180025095e-35 0.51200000000000012 0.27155000000000001 0.36825000000000002 0.063600000000000004 0.0096500000000000023 0.72525000000000006
decision_type=2 2 2 2 2 2 2
left_child=1 2 3 4 5 -1 -2
right_child=6 -3 -4 -5 -6 -7 -8
leaf_value=-0.00032010571378643463 -0.00037691129706741045 -0.0028422035405164673 0.00030943074236792107 -0.0015859685465282043 -0.00017786767301462424 0.0012229818649658057 -5.171965121892103e-05
leaf_weight=30 28 20 38 22 36 35 20
leaf_count=30 28 20 38 22 36 35 20
internal_value=0 0.000314916 0.000726707 -7.31714e-05 0.000564356 0.00161538 -0.002375
internal_weight=0 181 161 123 101 65 48
internal_count=229 181 161 123 101 65 48
is_linear=0
shrinkage=0.03


Tree=206
num_leaves=9
num_cat=0
split_feature=2 4 4 4 4 0 0 0
split_gain=0.305014 0.274527 0.37047 0.283261 0.274268 0.152459 0.107375 0.0291667
threshold=1.0000000180025095e-35 0.51200000000000012 0.27155000000000001 0.039900000000000012 0.019350000000000003 0.57005000000000006 0.93500000000000016 0.72525000000000006
decision_type=2 2 2 2 2 2 2 2
left_child=1 2 3 4 6 -5 -1 -2
right_child=7 -3 -4 5 -6 -7 -8 -9
leaf_value=-0.00014911108967631791 -0.00036560395815538732 -0.0027569374343009738 0.0003001478200968844 -8.7765471139777173e-06 0.0015328068500085469 -0.00030972035914419158 8.9162726880843179e-05 -5.0168061682348497e-05
leaf_weight=21 28 20 38 30 21 31 20 20
leaf_count=21 28 20 38 30 21 31 20 20
internal_value=0 0.000314916 0.000726707 -7.31714e-05 0.00135484 -0.00152459 -7.31714e-05 -0.002375
internal_weight=0 181 161 123 62 61 41 48
internal_count=229 181 161 123 62 61 41 48
is_linear=0
shrinkage=0.03


Tree=207
num_leaves=8
num_cat=0
split_feature=2 4 4 0 0 1 0
split_gain=0.268584 0.247761 0.425714 0.312249 0.11089 0.0837181 0.0291667
threshold=1.0000000180025095e-35 0.51200000000000012 0.27155000000000001 0.76035000000000019 0.57005000000000006 0.031800000000000009 0.72525000000000006
decision_type=2 2 2 2 2 2 2
left_child=1 2 3 4 -1 -5 -2
right_child=6 -3 -4 5 -6 -7 -8
leaf_value=-9.9275779308274692e-05 -0.00035463583941072421 -0.002674229311271945 0.00029114338549397821 -0.00026893521341214368 -6.3336516908568268e-05 0.0017037292940581953 -4.8663019831881537e-05
leaf_weight=37 28 20 38 28 31 27 20
leaf_count=37 28 20 38 28 31 27 20
internal_value=0 0.000149171 0.000540372 -0.000317074 -0.00167647 0.00136364 -0.002375
internal_weight=0 181 161 123 68 55 48
internal_count=229 181 161 123 68 55 48
is_linear=0
shrinkage=0.03


Tree=208
num_leaves=8
num_cat=0
split_feature=2 4 4 0 0 0 0
split_gain=0.234469 0.222367 0.484796 0.210254 0.135702 0.11089 0.0291667
threshold=1.0000000180025095e-35 0.51200000000000012 0.27155000000000001 0.76035000000000019 0.89140000000000008 0.57005000000000006 0.72525000000000006
decision_type=2 2 2 2 2 2 2
left_child=1 2 3 5 -5 -1 -2
right_child=6 -3 -4 4 -6 -7 -8
leaf_value=-9.6297505929024196e-05 -0.00034399676422840257 -0.0025940024319337875 0.00028240908392915932 0.0019779769326465739 -0.00012725979043870988 -6.1436421401313705e-05 -4.7203129236922327e-05
leaf_weight=37 28 20 38 21 34 31 20
leaf_count=37 28 20 38 21 34 31 20
internal_value=0 -1.65753e-05 0.000354037 -0.000560976 0.000818181 -0.00167647 -0.002375
internal_weight=0 181 161 123 55 68 48
internal_count=229 181 161 123 55 68 48
is_linear=0
shrinkage=0.03


Tree=209
num_leaves=9
num_cat=0
split_feature=4 4 3 1 2 1 1 4
split_gain=0.176352 0.422964 0.210242 0.266602 0.168853 0.163662 0.147449 0.0578973
threshold=0.51200000000000012 0.38120000000000004 0.010600000000000002 0.14375000000000002 1.0000000180025095e-35 0.020100000000000003 0.048800000000000003 0.11175000000000002
decision_type=2 2 2 2 2 2 2 2
left_child=1 2 3 -1 5 -4 -7 -8
right_child=-2 -3 4 -5 -6 6 7 -9
leaf_value=3.422303397353861e-05 -0.0006558465036605992 0.00023839260554668553 -0.0013504591340616112 -0.00013877192813228673 -0.00063066989990345139 0.0006896432686535536 2.0074562380083218e-05 -0.00072425901655765834
leaf_weight=31 21 22 20 21 35 24 29 26
leaf_count=31 21 22 20 21 35 24 29 26
internal_value=0 -0.000115385 -0.000580646 0.00103846 -0.00120896 -0.000575758 3.7974e-05 -0.000818183
internal_weight=0 208 186 52 134 99 79 55
internal_count=229 208 186 52 134 99 79 55
is_linear=0
shrinkage=0.03


Tree=210
num_leaves=8
num_cat=0
split_feature=3 4 2 4 4 0 3
split_gain=0.297604 0.25003 0.229919 0.176861 0.273808 0.121315 0.290777
threshold=0.010600000000000002 0.021800000000000003 1.0000000180025095e-35 0.51200000000000012 0.32190000000000007 0.37620000000000003 0.044550000000000006
decision_type=2 2 2 2 2 2 2
left_child=1 -1 3 4 5 -2 -7
right_child=2 -3 -4 -5 -6 6 -8
leaf_value=-1.3709209104040012e-05 9.770832754403567e-05 1.4643473518469544e-05 -0.00031645168080801986 -0.0024965069638659579 0.00027367378281384428 0.00020123716304592401 -0.00020112916894237781
leaf_weight=31 21 21 39 20 26 31 40
leaf_count=31 21 21 39 20 26 31 40
internal_value=0 0.00161538 -0.000966102 -0.000391305 5.08467e-05 -0.000717392 -0.00130986
internal_weight=0 52 177 138 118 92 71
internal_count=229 52 177 138 118 92 71
is_linear=0
shrinkage=0.03


Tree=211
num_leaves=9
num_cat=0
split_feature=3 1 2 1 3 3 1 0
split_gain=0.211076 0.266602 0.193196 0.168597 0.444903 0.209404 0.0277778 0.025
threshold=0.010600000000000002 0.14375000000000002 1.0000000180025095e-35 0.020100000000000003 0.17515000000000003 0.042250000000000003 0.17295000000000002 0.34820000000000007
decision_type=2 2 2 2 2 2 2 2
left_child=1 -1 3 7 5 -5 -7 -2
right_child=2 -3 -4 4 -6 6 -8 -9
leaf_value=3.3607618619072531e-05 -0.0045667246559025114 -0.00013419749442078897 -0.00030695813038377775 0.00019520008618968069 0.00079071524351030631 -0.00046837112467588743 -0.00014745312753385227 -0.00022551073713956705
leaf_weight=31 20 21 39 31 22 25 20 20
leaf_count=31 20 21 39 31 22 25 20 20
internal_value=0 0.00103846 -0.00113559 -0.000608696 6.12238e-05 -0.00102632 -0.00233333 -0.00225
internal_weight=0 52 177 138 98 76 45 40
internal_count=229 52 177 138 98 76 45 40
is_linear=0
shrinkage=0.03


Tree=212
num_leaves=9
num_cat=0
split_feature=3 4 2 4 4 0 3 3
split_gain=0.259807 0.25003 0.202732 0.183736 0.302335 0.225 0.0954604 0.118367
threshold=0.010600000000000002 0.021800000000000003 0.00030000000000000008 0.51200000000000012 0.24220000000000003 0.23015000000000005 0.044550000000000006 0.13965000000000002
decision_type=2 2 2 2 2 2 2 2
left_child=1 -1 3 4 6 -6 -2 -8
right_child=2 -3 -4 -5 5 -7 7 -9
leaf_value=-1.4306157788776125e-05 3.2484360518756127e-05 1.31959408776048e-05 -0.00030219714993814998 -0.0024085233708398984 -0.0012651015760234564 0.000118228826870462 -0.00067437661625860163 -7.818280972609909e-07
leaf_weight=31 37 21 31 20 20 20 29 20
leaf_count=31 37 21 31 20 20 20 29 20
internal_value=0 0.00161538 -0.000796611 -0.000328768 9.52374e-05 0.00225 -0.000906977 -0.00177551
internal_weight=0 52 177 146 126 40 86 49
internal_count=229 52 177 146 126 40 86 49
is_linear=0
shrinkage=0.03


Tree=213
num_leaves=8
num_cat=0
split_feature=0 3 3 0 3 1 4
split_gain=0.254095 0.269648 0.539967 0.335839 0.212764 0.225 0.054155
threshold=0.47635000000000005 0.072800000000000017 0.0066500000000000005 0.78655000000000019 0.20715000000000003 0.024900000000000002 0.29375000000000001
decision_type=2 2 2 2 2 2 2
left_child=4 2 -2 -4 6 -6 -1
right_child=1 -3 3 -5 5 -7 -8
leaf_value=-0.00019378995065382835 -0.00020090032550292258 -0.00040330899692587395 0.00017000464225598873 0.00027749466192901495 -0.0012737609743328625 0.0011255323083944294 -0.00044630276135082894
leaf_weight=34 33 34 22 37 20 20 29
leaf_count=34 33 34 22 37 20 20 29
internal_value=0 0.00104762 0.0018913 0.00361017 -0.000961166 0.000749999 -0.00204762
internal_weight=0 126 92 59 103 40 63
internal_count=229 126 92 59 103 40 63
is_linear=0
shrinkage=0.03


Tree=214
num_leaves=10
num_cat=0
split_feature=2 4 4 1 0 4 4 0 0
split_gain=0.204495 0.210943 0.31366 0.220103 0.170455 0.142445 0.213236 0.212317 0.148179
threshold=0.0010500000000000004 0.51200000000000012 0.24220000000000003 0.31080000000000002 0.27480000000000004 0.0111 0.024850000000000004 0.81950000000000012 0.67320000000000013
decision_type=2 2 2 2 2 2 2 2 2
left_child=1 2 3 5 -4 -1 -7 8 -8
right_child=-2 -3 4 -5 -6 6 7 -9 -10
leaf_value=0.00054078129815887254 -0.00026947904686685966 -0.0023228785868741777 -0.00024624023714341949 -0.00053674825450000319 0.00011940428174914838 -0.00052267390244284124 0.00018326773462486049 0.0014163348654374331 -7.1425870895906878e-05
leaf_weight=23 24 20 24 25 20 22 21 20 30
leaf_count=23 24 20 24 25 20 22 21 20 30
internal_value=0 -7.31714e-05 0.000243243 -0.000446809 0.00245454 0.000103448 -0.000419356 0.000380281 -0.00064706
internal_weight=0 205 185 141 44 116 93 71 51
internal_count=229 205 185 141 44 116 93 71 51
is_linear=0
shrinkage=0.03


Tree=215
num_leaves=9
num_cat=0
split_feature=4 2 1 0 1 4 4 1
split_gain=0.253947 0.300411 0.189435 0.249481 0.529692 0.364729 0.248016 0.025
threshold=0.51200000000000012 0.00045000000000000004 0.39040000000000002 0.61050000000000015 0.11500000000000002 0.039900000000000012 0.018350000000000002 0.028450000000000007
decision_type=2 2 2 2 2 2 2 2
left_child=1 2 3 4 7 6 -5 -1
right_child=-2 -3 -4 5 -6 -7 -8 -9
leaf_value=3.1354513640122336e-05 -0.00040152115964607382 -0.0001756774126868484 -0.0014376688686051247 -8.3124289316735011e-05 0.00016978323424992939 -0.00040245683263449194 0.0013738448194743091 1.2223031511873197e-05
leaf_weight=20 21 34 22 36 22 34 20 20
leaf_count=20 21 34 22 36 22 34 20 20
internal_value=0 0.000461538 0.000965517 0.0013421 0.00280645 0.000333333 0.00182143 0.000749999
internal_weight=0 208 174 152 62 90 56 40
internal_count=229 208 174 152 62 90 56 40
is_linear=0
shrinkage=0.03


Tree=216
num_leaves=9
num_cat=0
split_feature=4 2 3 1 0 3 1 0
split_gain=0.253947 0.236013 0.17917 0.484803 0.269972 0.151129 0.220412 0.0307201
threshold=0.51200000000000012 0.00065000000000000008 0.11275000000000002 0.020100000000000003 0.47635000000000005 0.0066500000000000005 0.11080000000000002 0.88640000000000019
decision_type=2 2 2 2 2 2 2 2
left_child=1 2 4 -4 -1 -6 7 -7
right_child=-2 -3 3 -5 5 6 -8 -9
leaf_value=-0.00023667447527935063 -0.00038947552485669117 -0.00024010916658766485 -0.00073708222747619165 0.00023240585225383284 -0.00025590917316342302 3.0068785708452609e-05 0.00028355690956727905 -2.8438785173891651e-05
leaf_weight=33 21 30 20 37 27 20 20 21
leaf_count=33 21 30 20 37 27 20 20 21
internal_value=0 0.000461538 0.000876404 0.00226316 0.00022314 0.00109091 0.00191803 0.000658536
internal_weight=0 208 178 57 121 88 61 41
internal_count=229 208 178 57 121 88 61 41
is_linear=0
shrinkage=0.03


Tree=217
num_leaves=9
num_cat=0
split_feature=4 2 4 4 3 1 0 1
split_gain=0.213386 0.242655 0.178985 0.109495 0.138308 0.226683 0.0888067 0.0883275
threshold=0.51200000000000012 1.0000000180025095e-35 0.27155000000000001 0.13245000000000004 0.0066500000000000005 0.12140000000000002 0.6966500000000001 0.033950000000000008
decision_type=2 2 2 2 2 2 2 2
left_child=1 2 3 4 -1 7 -3 -6
right_child=-2 6 -4 -5 5 -7 -8 -9
leaf_value=-5.7594055230857998e-05 -0.00037779125911099057 -0.0011238892298363998 0.00024274262912597777 -0.0053754423518664121 1.9887300071255917e-05 0.00049680874766465898 -2.5950087407009901e-05 -0.00016751475404286472
leaf_weight=31 21 24 38 23 21 28 23 20
leaf_count=31 21 24 38 23 21 28 23 20
internal_value=0 0.000173076 0.000726707 0.000170731 0.000599999 0.00134783 -0.0017234 -7.31714e-05
internal_weight=0 208 161 123 100 69 47 41
internal_count=229 208 161 123 100 69 47 41
is_linear=0
shrinkage=0.03


Tree=218
num_leaves=8
num_cat=0
split_feature=4 1 3 1 1 1 1
split_gain=0.213386 0.264808 0.185369 0.340761 0.387087 0.417614 0.0630418
threshold=0.51200000000000012 0.31080000000000002 0.008550000000000002 0.11500000000000002 0.036650000000000009 0.018850000000000002 0.063900000000000012
decision_type=2 2 2 2 2 2 2
left_child=1 2 -1 4 5 -4 -6
right_child=-2 -3 3 -5 6 -7 -8
leaf_value=-0.00022380294609046958 -0.00036645752133766145 -0.00013333619931452919 -0.00025330082138243741 0.00070366303061912571 -0.00011833001392827887 0.00034796294002522915 -0.00060473154906745292
leaf_weight=35 21 36 32 36 27 22 20
leaf_count=35 21 36 32 36 27 22 20
internal_value=0 0.000173076 0.00066279 0.00116058 0.000267326 0.002 -0.0017234
internal_weight=0 208 172 137 101 54 47
internal_count=229 208 172 137 101 54 47
is_linear=0
shrinkage=0.03


Tree=219
num_leaves=9
num_cat=0
split_feature=2 4 4 0 1 4 4 3
split_gain=0.369677 0.250462 0.554058 0.252962 0.229445 0.133395 0.204167 0.122229
threshold=0.00030000000000000008 0.51200000000000012 0.24220000000000003 0.23015000000000005 0.31080000000000002 0.0111 0.024850000000000004 0.044550000000000006
decision_type=2 2 2 2 2 2 2 2
left_child=1 2 4 -4 5 -1 -7 -8
right_child=-2 -3 3 -5 -6 6 7 -9
leaf_value=0.00053655988463059006 -0.00011089545478867921 -0.0022071348653194094 0.00022502258406032535 7.9257482190716097e-05 -0.00047134044206380933 -0.001650373810064765 0.0010151916186697425 -0.00011633453840638636
leaf_weight=23 40 20 21 20 25 20 23 37
leaf_count=23 40 20 21 20 25 20 23 37
internal_value=0 0.000174602 0.000550295 0.00358537 -0.000421876 0.000203883 -0.000375001 0.000499999
internal_weight=0 189 169 41 128 103 80 60
internal_count=229 189 169 41 128 103 80 60
is_linear=0
shrinkage=0.03


Tree=220
num_leaves=9
num_cat=0
split_feature=2 1 0 0 3 4 1 0
split_gain=0.343361 0.1655 0.233803 0.999757 0.412088 0.273485 0.108247 0.025
threshold=0.00030000000000000008 0.39040000000000002 0.61050000000000015 0.34820000000000007 0.25465000000000004 0.039900000000000012 0.033950000000000008 0.68875000000000008
decision_type=2 2 2 2 2 2 2 2
left_child=1 2 3 4 -1 6 -4 -2
right_child=7 -3 5 -5 -6 -7 -8 -9
leaf_value=-0.002434555656404712 -0.00090980347591650655 -0.0013793404132011846 0.00033824342936322207 7.2112584243857832e-05 0.00026605077551505933 -0.00027700546304157013 8.6694150699601066e-05 -5.2567678980058594e-06
leaf_weight=24 20 22 26 27 28 33 29 20
leaf_count=24 20 22 26 27 28 33 29 20
internal_value=0 0.000809523 0.00113174 0.00231645 -0.000115385 6.81811e-05 0.00136364 -0.00225
internal_weight=0 189 167 79 52 88 55 40
internal_count=229 189 167 79 52 88 55 40
is_linear=0
shrinkage=0.03


Tree=221
num_leaves=10
num_cat=0
split_feature=2 3 1 3 3 3 0 3 0
split_gain=0.418313 0.238757 0.212203 0.455781 0.26041 0.241247 0.189356 0.126607 0.025
threshold=0.00030000000000000008 0.0023500000000000001 0.0054500000000000009 0.11275000000000002 0.063600000000000004 0.025900000000000003 0.37620000000000003 0.010600000000000002 0.68875000000000008
decision_type=2 2 2 2 2 2 2 2 2
left_child=1 -1 -3 4 5 7 -5 -4 -2
right_child=8 2 3 6 -6 -7 -8 -9 -10
leaf_value=2.209808543773814e-05 -0.00088250937163901109 -0.001307414706921432 1.9946595805195434e-06 0.00040827372471551504 -0.0016905504978990218 6.7835018951104876e-05 2.8413840249018174e-06 -0.0024179207897653218 -5.0990648610698958e-06
leaf_weight=21 20 25 21 30 21 24 21 26 20
leaf_count=21 20 25 21 30 21 24 21 26 20
internal_value=0 0.00112698 0.000749999 0.0011958 -6.52181e-05 0.000802816 0.00347059 -0.000446809 -0.00225
internal_weight=0 189 168 143 92 71 51 47 40
internal_count=229 189 168 143 92 71 51 47 40
is_linear=0
shrinkage=0.03


Tree=222
num_leaves=10
num_cat=0
split_feature=3 0 3 1 0 0 0 4 0
split_gain=0.384295 0.250836 0.258662 0.457551 0.356798 0.404631 0.225 0.177557 0.148485
threshold=0.0020500000000000006 0.053050000000000007 0.11275000000000002 0.020100000000000003 0.47635000000000005 0.71340000000000015 0.37620000000000003 0.039900000000000012 0.89395000000000013
decision_type=2 2 2 2 2 2 2 2 2
left_child=-1 -2 4 -4 -3 -6 -5 8 -7
right_child=1 2 3 6 5 7 -8 -9 -10
leaf_value=2.1435142874599329e-05 -0.00018649066306485783 -0.0010012097137313569 -0.0007678817137878797 0.0010448729127879725 2.0255291558340317e-06 0.0016315120828052725 3.2144332867718307e-06 -0.00053121554501564625 -0.00032567383893541605
leaf_weight=21 24 37 22 20 21 24 20 20 20
leaf_count=21 24 37 22 20 21 24 20 20 20
internal_value=0 -0.000115385 0.000260869 0.00183871 -0.000540984 0.000529411 0.00375 -0.000656251 0.00040909
internal_weight=0 208 184 62 122 85 40 64 44
internal_count=229 208 184 62 122 85 40 64 44
is_linear=0
shrinkage=0.03


Tree=223
num_leaves=9
num_cat=0
split_feature=3 1 1 2 0 0 1 4
split_gain=0.310165 0.31619 0.240869 0.246854 0.275367 0.457127 0.26013 0.228571
threshold=0.0020500000000000006 0.39040000000000002 0.0054500000000000009 0.00065000000000000008 0.61050000000000015 0.30040000000000006 0.036650000000000009 0.030100000000000005
decision_type=2 2 2 2 2 2 2 2
left_child=-1 2 -2 4 5 -4 -6 -8
right_child=1 -3 3 -5 6 -7 7 -9
leaf_value=2.0792088588352549e-05 -0.0012665842490701344 -0.0015879728683602758 -4.3067413841720983e-05 -0.00011854367829999855 1.6096988833494703e-05 3.6892856547278531e-05 0.0011548886053422351 -0.0022280175365140911
leaf_weight=21 27 23 33 23 26 31 21 24
leaf_count=21 27 23 33 23 26 31 21 24
internal_value=0 0.000317307 0.000729729 0.00117721 0.00166667 0.00309375 0.000380281 -0.001
internal_weight=0 208 185 158 135 64 71 45
internal_count=229 208 185 158 135 64 71 45
is_linear=0
shrinkage=0.03


Tree=224
num_leaves=9
num_cat=0
split_feature=3 3 1 0 1 0 0 1
split_gain=0.294703 0.437832 0.269551 0.199099 0.65 0.1875 0.16 0.0295918
threshold=0.042250000000000003 0.11275000000000002 0.020100000000000003 0.89140000000000008 0.14375000000000002 0.30040000000000006 0.53380000000000016 0.055250000000000007
decision_type=2 2 2 2 2 2 2 2
left_child=3 7 -3 4 -1 -4 -6 -2
right_child=1 2 5 -5 6 -7 -8 -9
leaf_value=0.0011847554453030197 -0.0011316508895721493 -0.00060368963084441905 6.9786164460890245e-05 -5.7029229821138973e-05 -0.0020424925389087431 1.6447903131939981e-05 1.7067319065415369e-05 -0.00035245338720171288
leaf_weight=20 20 30 24 37 25 24 20 29
leaf_count=20 20 30 24 37 25 24 20 29
internal_value=0 -0.000165355 0.00123077 0.002 0.003 0.002625 0.000999999 -0.00238776
internal_weight=0 127 78 102 65 48 45 49
internal_count=229 127 78 102 65 48 45 49
is_linear=0
shrinkage=0.03


Tree=225
num_leaves=8
num_cat=0
split_feature=2 3 1 3 0 1 0
split_gain=0.624754 0.238757 0.212203 0.455781 0.469565 0.523206 0.189356
threshold=0.00030000000000000008 0.0023500000000000001 0.0054500000000000009 0.11275000000000002 0.51245000000000007 0.12140000000000002 0.37620000000000003
decision_type=2 2 2 2 2 2 2
left_child=1 -1 -3 4 -4 -6 -5
right_child=-2 2 3 6 5 -7 -8
leaf_value=6.2999517578510606e-05 -0.00010055687913924337 -0.0011960243004916307 -0.0010786985596268827 0.00036307910280003643 -0.0003107458300467925 8.3697620711263105e-05 1.6833826483501564e-06
leaf_weight=21 40 25 32 30 38 22 21
leaf_count=21 40 25 32 30 38 22 21
internal_value=0 0.00112698 0.000749999 0.0011958 -6.52181e-05 0.0015 0.00347059
internal_weight=0 189 168 143 92 60 51
internal_count=229 189 168 143 92 60 51
is_linear=0
shrinkage=0.03


Tree=226
num_leaves=9
num_cat=0
split_feature=2 3 1 1 4 4 1 1
split_gain=0.577621 0.26455 0.340136 0.277928 0.212552 0.2866 0.377329 0.256993
threshold=0.00030000000000000008 0.0023500000000000001 0.36825000000000002 0.0054500000000000009 0.42755000000000004 0.15570000000000003 0.12140000000000002 0.035550000000000005
decision_type=2 2 2 2 2 2 2 2
left_child=1 -1 3 -3 5 6 7 -5
right_child=-2 2 -4 4 -6 -7 -8 -9
leaf_value=6.11095320511493e-05 -9.75401727650723e-05 -0.0011601435714768821 -0.0037304658765801211 0.00016645406172811412 5.42041815468339e-05 -0.000167088079090174 0.0010821884581915353 -0.00059076868653357443
leaf_weight=21 40 25 21 26 20 33 21 22
leaf_count=21 40 25 21 26 20 33 21 22
internal_value=0 0.000968253 0.000571428 0.00108163 0.00167213 0.00111765 0.00221739 0.000749999
internal_weight=0 189 168 147 122 102 69 48
internal_count=229 189 168 147 122 102 69 48
is_linear=0
shrinkage=0.03


Tree=227
num_leaves=8
num_cat=0
split_feature=2 3 1 1 0 0 0
split_gain=0.532335 0.291667 0.165405 0.417325 0.154616 0.112427 0.0969697
threshold=0.00030000000000000008 0.0023500000000000001 0.23025000000000004 0.10685000000000001 0.51245000000000007 0.14980000000000002 0.86670000000000014
decision_type=2 2 2 2 2 2 2
left_child=1 -1 3 4 5 -3 -6
right_child=-2 2 -4 -5 6 -7 -8
leaf_value=5.9276246089617101e-05 -9.4613967582111029e-05 -0.0011686948660981425 -0.00049943923850141985 0.0013150845830417349 -0.00048729196174148392 0.00032291892004088349 0.00012745152900807264
leaf_weight=21 40 21 37 30 33 20 27
leaf_count=21 40 21 37 30 33 20 27
internal_value=0 0.000809523 0.000392856 0.000893129 -2.97037e-05 0.00139024 -0.001
internal_weight=0 189 168 131 101 41 60
internal_count=229 189 168 131 101 41 60
is_linear=0
shrinkage=0.03


Tree=228
num_leaves=8
num_cat=0
split_feature=2 3 1 1 3 4 0
split_gain=0.560496 0.322693 0.254391 0.268563 0.419528 0.343137 0.10352
threshold=1.0000000180025095e-35 0.0023500000000000001 0.18615000000000001 0.0054500000000000009 0.11965000000000002 0.039900000000000012 0.42035000000000006
decision_type=2 2 2 2 2 2 2
left_child=1 -1 3 -3 5 -5 -4
right_child=-2 2 6 4 -6 -7 -8
leaf_value=5.7497958706922743e-05 -8.8518983288314671e-05 -0.0011025436589309917 -0.0018975673582676835 0.0010822768891672269 0.00022154127215924413 -0.0015588904669900816 -9.4276171763737294e-06
leaf_weight=21 48 25 25 30 38 21 21
leaf_count=21 48 25 25 30 38 21 21
internal_value=0 0.000646408 0.000187499 0.000947368 0.0017191 -5.88242e-05 -0.00169565
internal_weight=0 181 160 114 89 51 46
internal_count=229 181 160 114 89 51 46
is_linear=0
shrinkage=0.03


Tree=229
num_leaves=8
num_cat=0
split_feature=2 3 1 1 0 0 4
split_gain=0.667037 0.264406 0.185506 0.295213 0.550341 0.412821 0.214286
threshold=1.0000000180025095e-35 0.0023500000000000001 0.23025000000000004 0.0054500000000000009 0.37620000000000003 0.71840000000000004 0.024850000000000004
decision_type=2 2 2 2 2 2 2
left_child=1 -1 3 -3 -5 -6 -7
right_child=-2 2 -4 4 5 6 -8
leaf_value=5.5773019945708804e-05 -8.5863413789668357e-05 -0.0010694673491630593 -0.00040539751462768806 0.00025903352590099472 -0.0020885568054704443 -0.00025677978571108306 0.00097780197815923692
leaf_weight=21 48 25 36 34 23 21 21
leaf_count=21 48 25 36 34 23 21 21
internal_value=0 0.0009779 0.000562499 0.0011129 0.00184848 0.000230769 0.002
internal_weight=0 181 160 124 99 65 42
internal_count=229 181 160 124 99 65 42
is_linear=0
shrinkage=0.03


Tree=230
num_leaves=8
num_cat=0
split_feature=2 3 0 0 3 0 3
split_gain=0.667037 0.279084 0.490196 0.662745 0.282051 0.146647 0.241431
threshold=1.0000000180025095e-35 0.042250000000000003 0.52445000000000019 0.30040000000000006 0.25465000000000004 0.89140000000000008 0.0096500000000000023
decision_type=2 2 2 2 2 2 2
left_child=1 5 3 4 -3 6 -1
right_child=-2 2 -4 -5 -6 -7 -8
leaf_value=-0.00036007929251852174 -8.32875113759777e-05 -0.0032413351931533853 -0.0002775079688677745 0.00030677182986804408 0.00010171512586493384 -3.0735759305380361e-05 0.0013805078421673662
leaf_weight=22 48 22 34 20 26 32 25
leaf_count=22 48 22 34 20 26 32 25
internal_value=0 0.0009779 -5.88242e-05 0.00141176 -0.000500001 0.00231645 0.00338298
internal_weight=0 181 102 68 48 79 47
internal_count=229 181 102 68 48 79 47
is_linear=0
shrinkage=0.03


Tree=231
num_leaves=8
num_cat=0
split_feature=2 3 3 0 0 4 1
split_gain=0.560496 0.322693 0.171482 0.263718 0.207768 0.155064 0.025
threshold=1.0000000180025095e-35 0.0023500000000000001 0.31860000000000005 0.34820000000000007 0.61050000000000015 0.039900000000000012 0.15345
decision_type=2 2 2 2 2 2 2
left_child=1 -1 3 6 -5 -6 -3
right_child=-2 2 -4 4 5 -7 -8
leaf_value=6.4902203411599992e-05 -8.0788886034706148e-05 -0.0025176950424717361 0.00017096874179046024 3.9380588983214582e-05 0.00070730261228739487 -5.7457247469195684e-05 -0.0097165675313214354
leaf_weight=21 48 20 21 32 38 29 20
leaf_count=21 48 20 21 32 38 29 20
internal_value=0 0.000646408 0.000187499 -0.000194245 0.000636363 -0.000313434 -0.00225
internal_weight=0 181 160 139 99 67 40
internal_count=229 181 160 139 99 67 40
is_linear=0
shrinkage=0.03


Tree=232
num_leaves=9
num_cat=0
split_feature=2 3 3 0 0 0 0 4
split_gain=0.612608 0.292824 0.222095 0.388889 0.356079 0.214286 0.198413 0.214286
threshold=1.0000000180025095e-35 0.0023500000000000001 0.11275000000000002 0.37620000000000003 0.47635000000000005 0.090150000000000008 0.89140000000000008 0.039900000000000012
decision_type=2 2 2 2 2 2 2 2
left_child=1 -1 4 5 -3 -4 7 -6
right_child=-2 2 3 -5 6 -7 -8 -9
leaf_value=6.2955137309252032e-05 -7.8365219453671502e-05 -0.00112226979430104 2.1229120055406462e-05 -5.9905104976827791e-05 0.0016059001837496684 0.00067120892905842835 -0.0017161796302311021 -7.3674497624352342e-06
leaf_weight=21 48 34 21 21 21 21 21 21
leaf_count=21 48 34 21 21 21 21 21 21
internal_value=0 0.000812154 0.000374999 0.0017619 -0.000525774 0.00342857 0.000809523 0.002
internal_weight=0 181 160 63 97 42 63 42
internal_count=229 181 160 63 97 42 63 42
is_linear=0
shrinkage=0.03


Tree=233
num_leaves=8
num_cat=0
split_feature=2 3 3 3 3 4 0
split_gain=0.560496 0.322693 0.171482 0.196263 0.236025 0.227487 0.03
threshold=1.0000000180025095e-35 0.0023500000000000001 0.31860000000000005 0.042250000000000003 0.0096500000000000023 0.32190000000000007 0.70325000000000004
decision_type=2 2 2 2 2 2 2
left_child=1 -1 3 4 -3 6 -5
right_child=-2 2 -4 5 -6 -7 -8
leaf_value=6.1066483189967842e-05 -7.601426287005444e-05 -0.0036730360903508203 0.00016520280593508392 -0.00069423017964042179 0.00070767029241693732 0.00016161790864519413 -5.3584609391806311e-05
leaf_weight=21 48 20 21 30 38 31 20
leaf_count=21 48 20 21 30 38 31 20
internal_value=0 0.000646408 0.000187499 -0.000194245 0.00113793 -0.00114815 -0.0024
internal_weight=0 181 160 139 58 81 50
internal_count=229 181 160 139 58 81 50
is_linear=0
shrinkage=0.03


Tree=234
num_leaves=8
num_cat=0
split_feature=2 3 1 3 0 1 0
split_gain=0.612608 0.292824 0.184969 0.35434 0.395534 0.270699 0.09
threshold=1.0000000180025095e-35 0.0023500000000000001 0.0059000000000000016 0.11275000000000002 0.51245000000000007 0.12140000000000002 0.2109
decision_type=2 2 2 2 2 2 2
left_child=1 -1 -3 4 -4 -6 -5
right_child=-2 2 3 6 5 -7 -8
leaf_value=5.9234488694263254e-05 -7.3733834983955601e-05 -0.00079058823718068444 -0.00074300379496828575 0.00051391845831312902 -0.00025584614957353634 0.00018991609909606866 4.6553188719560847e-06
leaf_weight=21 48 27 31 20 35 22 25
leaf_count=21 48 27 31 20 35 22 25
internal_value=0 0.000812154 0.000374999 0.000834586 -0.000272728 0.00121053 0.003
internal_weight=0 181 160 133 88 57 45
internal_count=229 181 160 133 88 57 45
is_linear=0
shrinkage=0.03


Tree=235
num_leaves=8
num_cat=0
split_feature=2 1 4 1 1 1 0
split_gain=0.473896 0.354324 0.502796 0.265997 0.368269 0.107069 0.0291667
threshold=1.0000000180025095e-35 0.0054500000000000009 0.42755000000000004 0.033950000000000008 0.12140000000000002 0.39040000000000002 0.72525000000000006
decision_type=2 2 2 2 2 2 2
left_child=1 -1 3 -3 -5 -6 -2
right_child=6 2 -4 4 5 -7 -8
leaf_value=-0.0009263319686927822 -0.00011300457183969671 0.0005203253947424169 0.00014169967056005541 -0.0011626229019857093 7.1387105889621628e-05 -0.00072071441011733561 -6.9550687121267406e-05
leaf_weight=30 28 34 20 38 38 21 20
leaf_count=30 28 34 20 38 38 21 20
internal_value=0 0.0009779 0.00156954 0.000893129 9.27828e-05 0.00157627 -0.002375
internal_weight=0 181 151 131 97 59 48
internal_count=229 181 151 131 97 59 48
is_linear=0
shrinkage=0.03


Tree=236
num_leaves=9
num_cat=0
split_feature=2 4 1 3 3 1 3 0
split_gain=0.384823 0.178531 0.216358 0.378045 0.332364 0.117604 0.104762 0.0291667
threshold=1.0000000180025095e-35 0.0111 0.020100000000000003 0.12600000000000003 0.063600000000000004 0.17295000000000002 0.15935000000000002 0.72525000000000006
decision_type=2 2 2 2 2 2 2 2
left_child=1 -1 6 4 5 -4 -3 -2
right_child=7 2 3 -5 -6 -7 -8 -9
leaf_value=0.0004053097097467268 -0.00010961443468450627 -0.00020564930101592559 0.0008805846426790543 0.0002291924139897924 -0.00012237732786451872 -1.7044295703161276e-05 -0.0013428170833594609 -6.7464166507622079e-05
leaf_weight=25 28 20 20 31 25 38 22 20
leaf_count=25 28 20 20 31 25 38 22 20
internal_value=0 0.000646408 0.00026923 0.000947368 -0.000108434 0.00113793 -0.00157143 -0.002375
internal_weight=0 181 156 114 83 58 42 48
internal_count=229 181 156 114 83 58 42 48
is_linear=0
shrinkage=0.03


Tree=237
num_leaves=10
num_cat=0
split_feature=2 1 0 3 0 1 1 0 0
split_gain=0.276728 0.166828 0.285112 0.155964 0.39835 0.165131 0.17823 0.0905797 0.025
threshold=1.0000000180025095e-35 0.00265 0.071800000000000017 0.11275000000000002 0.51245000000000007 0.12140000000000002 0.033950000000000008 0.6966500000000001 0.35520000000000002
decision_type=2 2 2 2 2 2 2 2 2
left_child=1 -1 -3 4 -4 6 -6 -2 -5
right_child=7 2 3 8 5 -7 -8 -9 -10
leaf_value=-0.0012350554963108473 -0.00038180129542762862 0.00013057290802355906 -0.00049690884585902888 0.00092828134621901937 0.00043200348723753182 0.00014497784335146949 -0.00052526778357589346 -1.7448259138440361e-05 3.6477543775260215e-06
leaf_weight=22 25 20 28 20 24 24 23 23 20
leaf_count=22 25 20 28 20 24 24 23 23 20
internal_value=0 0.000812154 0.00115094 0.000669064 3.03023e-05 0.00122535 0.000191489 -0.00175 0.00225
internal_weight=0 181 159 139 99 71 47 48 40
internal_count=229 181 159 139 99 71 47 48 40
is_linear=0
shrinkage=0.03


Tree=238
num_leaves=9
num_cat=0
split_feature=2 1 3 1 1 4 1 0
split_gain=0.262993 0.296849 0.500153 0.218032 0.268696 0.192857 0.127178 0.000757576
threshold=0.00065000000000000008 0.11500000000000002 0.060850000000000008 0.036650000000000009 0.020100000000000003 0.036200000000000003 0.0080500000000000033 0.72205000000000008
decision_type=2 2 2 2 2 2 2 2
left_child=1 3 5 4 6 -3 -1 -5
right_child=-2 2 -4 7 -6 -7 -8 -9
leaf_value=4.3104819447359533e-06 -7.1772793595176177e-05 0.00025512173186195149 0.00010255853984275682 -0.00053346742590174349 0.00017666987464207373 -5.3644081533415947e-05 -0.00097620060274624244 -0.00024552320982597266
leaf_weight=37 31 20 23 24 22 28 24 20
leaf_count=37 31 20 23 24 22 28 24 20
internal_value=0 0.000939393 0.00249296 7.08654e-05 0.000975903 0.000749999 -4.9181e-05 -0.00163636
internal_weight=0 198 71 127 83 48 61 44
internal_count=229 198 71 127 83 48 61 44
is_linear=0
shrinkage=0.03


Tree=239
num_leaves=9
num_cat=0
split_feature=4 0 4 0 4 4 3 3
split_gain=0.288831 0.786395 0.298324 0.196463 0.157211 0.350067 0.194444 0.0698413
threshold=0.24220000000000003 0.30040000000000006 0.0111 0.05995000000000001 0.021800000000000003 0.039900000000000012 0.13965000000000002 0.042250000000000003
decision_type=2 2 2 2 2 2 2 2
left_child=2 3 -1 -2 -4 -6 7 -7
right_child=1 -3 4 -5 5 6 -8 -9
leaf_value=0.00034115607429613929 9.5923661618301198e-05 1.4404645631323555e-05 -0.0017609370201800672 -0.0035778183188144904 0.00047977865494752334 -6.3218343455659221e-05 1.1185153553612126e-05 -0.00028603208059385031
leaf_weight=26 24 21 23 25 26 30 21 33
leaf_count=26 24 21 23 25 26 30 21 33
internal_value=0 0.00214286 -0.000169812 6.12238e-05 -0.000744362 -0.000272728 -0.00121429 -0.00204762
internal_weight=0 70 159 49 133 110 84 63
internal_count=229 70 159 49 133 110 84 63
is_linear=0
shrinkage=0.03


Tree=240
num_leaves=9
num_cat=0
split_feature=2 1 4 3 3 1 1 0
split_gain=0.345596 0.326651 0.552202 0.125302 0.15493 0.216914 0.288866 0.0334495
threshold=0.0010500000000000004 0.0054500000000000009 0.42755000000000004 0.010600000000000002 0.025900000000000003 0.11500000000000002 0.048800000000000003 0.83065000000000011
decision_type=2 2 2 2 2 2 2 2
left_child=1 -1 3 7 -5 6 -6 -3
right_child=-2 2 -4 4 5 -7 -8 -9
leaf_value=-0.00090893918142128218 -9.4286955064413255e-05 4.511223042024465e-05 0.00012260932399275277 -0.00083103271312242612 8.4067682110400576e-06 7.5075953980756311e-06 -0.0020776513443333624 0.00063063376427904773
leaf_weight=31 24 21 20 26 34 31 22 20
leaf_count=31 24 21 20 26 34 31 22 20
internal_value=0 0.000804877 0.00131034 0.000701298 0.00018584 0.000793103 -0.000321429 0.00212195
internal_weight=0 205 174 154 113 87 56 41
internal_count=229 205 174 154 113 87 56 41
is_linear=0
shrinkage=0.03


Tree=241
num_leaves=8
num_cat=0
split_feature=2 1 1 1 1 1 0
split_gain=0.462176 0.213176 0.307559 0.183848 0.268696 0.127178 0.0711239
threshold=0.00065000000000000008 0.10685000000000001 0.18615000000000001 0.036650000000000009 0.020100000000000003 0.0080500000000000033 0.31710000000000005
decision_type=2 2 2 2 2 2 2
left_child=1 3 -3 4 5 -1 -4
right_child=-2 2 6 -5 -6 -7 -8
leaf_value=9.5684024541785041e-06 -8.1184352547170155e-05 0.003442533610358072 3.5773946970857677e-05 -0.00020094093973009253 0.00017078202074986859 -0.0009789793517343214 1.6276600533504101e-07
leaf_weight=37 31 22 23 40 22 24 30
leaf_count=37 31 22 23 40 22 24 30
internal_value=0 0.000939393 0.0022 0.000170731 0.000975903 -4.9181e-05 0.000962263
internal_weight=0 198 75 123 83 61 53
internal_count=229 198 75 123 83 61 53
is_linear=0
shrinkage=0.03


Tree=242
num_leaves=9
num_cat=0
split_feature=2 1 3 4 1 1 0 1
split_gain=0.667037 0.190178 0.415248 0.35497 0.193939 0.12941 0.153236 0.0256098
threshold=1.0000000180025095e-35 0.00265 0.12600000000000003 0.0111 0.035550000000000005 0.28480000000000005 0.83065000000000011 0.17295000000000002
decision_type=2 2 2 2 2 2 2 2
left_child=1 -1 3 -3 -4 6 7 -5
right_child=-2 2 4 5 -6 -7 -8 -9
leaf_value=-0.0011728838593956467 -6.2922092711574927e-05 0.00056873022033336325 4.1739399151219179e-05 -0.00017704459103446397 0.00013636367637439364 8.774546156690368e-06 0.00043599139176081356 -9.5013905119900995e-06
leaf_weight=22 48 22 20 21 24 28 24 20
leaf_count=22 48 22 20 21 24 28 24 20
internal_value=0 0.0009779 0.00133962 0.000391304 0.00381818 -0.000419356 -0.00115385 -0.00226829
internal_weight=0 181 159 115 44 93 65 41
internal_count=229 181 159 115 44 93 65 41
is_linear=0
shrinkage=0.03


Tree=243
num_leaves=9
num_cat=0
split_feature=2 1 3 4 1 1 0 1
split_gain=0.667037 0.190178 0.415248 0.35497 0.193939 0.12941 0.153236 0.0256098
threshold=1.0000000180025095e-35 0.00265 0.12600000000000003 0.0111 0.035550000000000005 0.28480000000000005 0.83065000000000011 0.17295000000000002
decision_type=2 2 2 2 2 2 2 2
left_child=1 -1 3 -3 -4 6 7 -5
right_child=-2 2 4 5 -6 -7 -8 -9
leaf_value=-0.0011376973436137774 -6.1034429930233808e-05 0.00055166831372336017 4.0487217176683267e-05 -0.00017173325330342853 0.00013227276608316244 8.5113097719870976e-06 0.00042291165000798081 -9.2163487966257352e-06
leaf_weight=22 48 22 20 21 24 28 24 20
leaf_count=22 48 22 20 21 24 28 24 20
internal_value=0 0.0009779 0.00133962 0.000391304 0.00381818 -0.000419356 -0.00115385 -0.00226829
internal_weight=0 181 159 115 44 93 65 41
internal_count=229 181 159 115 44 93 65 41
is_linear=0
shrinkage=0.03


Tree=244
num_leaves=9
num_cat=0
split_feature=2 1 3 1 3 0 1 1
split_gain=0.462176 0.360632 0.507755 0.43495 0.319342 0.230769 0.376923 0.106977
threshold=0.00065000000000000008 0.0054500000000000009 0.11965000000000002 0.035550000000000005 0.042250000000000003 0.89140000000000008 0.18615000000000001 0.12140000000000002
decision_type=2 2 2 2 2 2 2 2
left_child=1 -1 4 -4 5 6 -3 -6
right_child=-2 2 3 -5 7 -7 -8 -9
leaf_value=-0.00081264062196197758 -7.5030126291497745e-05 0.0019554790047998953 3.927260066138396e-05 0.00012237267772108377 -0.00040904573112042822 -0.00014333921887459738 3.8938989298324148e-06 2.6704014438007843e-07
leaf_weight=31 31 20 20 26 23 26 32 20
leaf_count=31 31 20 20 26 23 26 32 20
internal_value=0 0.000939393 0.00149102 0.00417391 0.000471074 0.00161538 0.00276923 -0.00160465
internal_weight=0 198 167 46 121 78 52 43
internal_count=229 198 167 46 121 78 52 43
is_linear=0
shrinkage=0.03


Tree=245
num_leaves=9
num_cat=0
split_feature=2 1 3 4 1 0 1 1
split_gain=0.473896 0.209162 0.563063 0.193939 0.110823 0.151665 0.1 0.0291667
threshold=1.0000000180025095e-35 0.0059000000000000016 0.11965000000000002 0.0111 0.28480000000000005 0.83065000000000011 0.055250000000000007 0.11080000000000002
decision_type=2 2 2 2 2 2 2 2
left_child=1 -1 3 -3 5 -5 -4 -2
right_child=7 2 6 4 -6 -7 -8 -9
leaf_value=-0.00043271041181070104 -6.8229799116889889e-05 0.0011705178337476137 3.8094422641545633e-05 -0.00010185275392998554 8.215317615467801e-06 0.00043001528508713029 0.0004829925607339286 -7.8267498076456667e-05
leaf_weight=33 28 20 20 37 28 23 20 20
leaf_count=33 28 20 20 37 28 23 20 20
internal_value=0 0.0009779 0.00145946 0.000333333 -0.000272728 -0.001 0.0045 -0.002375
internal_weight=0 181 148 108 88 60 40 48
internal_count=229 181 148 108 88 60 40 48
is_linear=0
shrinkage=0.03


Tree=246
num_leaves=8
num_cat=0
split_feature=2 3 1 0 3 1 1
split_gain=0.521907 0.264879 0.297619 0.18556 0.16395 0.206547 0.0291667
threshold=1.0000000180025095e-35 0.11275000000000002 0.020100000000000003 0.47635000000000005 0.0066500000000000005 0.099950000000000011 0.11080000000000002
decision_type=2 2 2 2 2 2 2
left_child=1 3 -3 -1 -5 -6 -2
right_child=6 2 -4 4 5 -7 -8
leaf_value=-0.00010453619879421204 -6.6182905143376467e-05 -0.00019360864172456984 0.00014885526975326393 -0.00017044490400905575 0.00041995055087017764 0.00020910603270840949 -7.5919473134165299e-05
leaf_weight=38 28 27 36 27 33 20 20
leaf_count=38 28 27 36 27 33 20 20
internal_value=0 0.00114365 0.00271428 0.000305084 0.001125 0.00209434 -0.002375
internal_weight=0 181 63 118 80 53 48
internal_count=229 181 63 118 80 53 48
is_linear=0
shrinkage=0.03


Tree=247
num_leaves=9
num_cat=0
split_feature=2 4 4 4 0 1 0 1
split_gain=0.384823 0.169123 0.193311 0.176971 0.195784 0.238448 0.165766 0.0291667
threshold=1.0000000180025095e-35 0.32190000000000007 0.51200000000000012 0.15570000000000003 0.61050000000000015 0.011150000000000002 0.76035000000000019 0.11080000000000002
decision_type=2 2 2 2 2 2 2 2
left_child=1 3 -3 4 -1 -6 -7 -2
right_child=7 2 -4 -5 5 6 -8 -9
leaf_value=0.00010193539379419101 -6.4197417989065881e-05 0.00034498230259162019 -0.0015205867281108216 -0.0039562647353839353 2.7709338157604584e-05 -6.9630648014667421e-05 0.00017940960543937445 -7.3641888940135635e-05
leaf_weight=25 28 26 20 29 21 23 37 20
leaf_count=25 28 26 20 29 21 23 37 20
internal_value=0 0.000646408 0.00221739 0.00011111 0.000679245 -3.70378e-05 -0.001 -0.002375
internal_weight=0 181 46 135 106 81 60 48
internal_count=229 181 46 135 106 81 60 48
is_linear=0
shrinkage=0.03


Tree=248
num_leaves=8
num_cat=0
split_feature=2 4 3 1 3 3 1
split_gain=0.384823 0.220836 0.24645 0.1424 0.206869 0.249231 0.0291667
threshold=1.0000000180025095e-35 0.27155000000000001 0.13455000000000003 0.011150000000000002 0.0066500000000000005 0.044550000000000006 0.11080000000000002
decision_type=2 2 2 2 2 2 2
left_child=1 3 -3 -1 -5 -6 -2
right_child=6 2 -4 4 5 -7 -8
leaf_value=2.6669316593977917e-05 -6.2271495449401273e-05 0.00012653320101138681 -0.00019778751351722646 -0.0010832643629948983 0.0003440084624912388 -2.6563796587377066e-06 -7.143263227192926e-05
leaf_weight=24 28 24 34 24 36 39 20
leaf_count=24 28 24 34 24 36 39 20
internal_value=0 0.000646408 0.00217241 -7.31714e-05 -0.000575758 0.000199999 -0.002375
internal_weight=0 181 58 123 99 75 48
internal_count=229 181 58 123 99 75 48
is_linear=0
shrinkage=0.03


Tree=249
num_leaves=8
num_cat=0
split_feature=2 4 4 3 3 4 1
split_gain=0.384823 0.220836 0.329268 0.24645 0.155128 0.239316 0.0291667
threshold=1.0000000180025095e-35 0.27155000000000001 0.0111 0.13455000000000003 0.11965000000000002 0.039900000000000012 0.11080000000000002
decision_type=2 2 2 2 2 2 2
left_child=1 2 -1 -3 5 -4 -2
right_child=6 3 4 -5 -6 -7 -8
leaf_value=0.00033954441935478777 -6.0403350585926735e-05 0.00012273720498104639 6.2961006078206713e-05 -0.00019185388811170944 3.9966402023123968e-05 -0.0003614307746722114 -6.9289653303771073e-05
leaf_weight=25 28 24 36 34 20 42 20
leaf_count=25 28 24 36 34 20 42 20
internal_value=0 0.000646408 -7.31714e-05 0.00217241 -0.000857144 -0.00146154 -0.002375
internal_weight=0 181 123 58 98 78 48
internal_count=229 181 123 58 98 78 48
is_linear=0
shrinkage=0.03


Tree=250
num_leaves=8
num_cat=0
split_feature=2 4 3 4 3 1 1
split_gain=0.428201 0.17547 0.24645 0.17752 0.175743 0.203266 0.0291667
threshold=1.0000000180025095e-35 0.27155000000000001 0.13455000000000003 0.11175000000000002 0.0066500000000000005 0.12140000000000002 0.11080000000000002
decision_type=2 2 2 2 2 2 2
left_child=1 3 -3 4 -1 -6 -2
right_child=6 2 -4 -5 5 -7 -8
leaf_value=-2.9072369576312379e-05 -5.8591250068344336e-05 0.0001190550888316139 -0.00018609827146835801 -0.00058586426090629447 7.9873057782253245e-06 0.00029568289794845579 -6.7210963704655236e-05
leaf_weight=31 28 24 34 28 37 27 20
leaf_count=31 28 24 34 28 37 27 20
internal_value=0 0.000812154 0.00217241 0.000170731 0.000789473 0.0016875 -0.002375
internal_weight=0 181 58 123 95 64 48
internal_count=229 181 58 123 95 64 48
is_linear=0
shrinkage=0.03


Tree=251
num_leaves=8
num_cat=0
split_feature=1 1 1 1 3 4 3
split_gain=0.245916 0.627383 0.266686 0.139914 0.363597 0.178571 0.121569
threshold=0.23025000000000004 0.12140000000000002 0.063900000000000012 0.0059000000000000016 0.18280000000000005 0.047750000000000008 0.018400000000000003
decision_type=2 2 2 2 2 2 2
left_child=1 2 3 -1 5 -5 -2
right_child=6 -3 -4 4 -6 -7 -8
leaf_value=-0.0004915272837674651 1.1629072846918676e-05 0.00042670612469206489 -0.00011821100980532677 0.00032354526440505336 0.00012810887993013802 -0.00078352918954378219 -0.00067235762161477457
leaf_weight=35 20 33 27 35 20 28 31
leaf_count=35 20 33 27 35 20 28 31
internal_value=0 0.000539325 -0.000310346 0.000305084 0.000975903 -0.000142858 -0.00182353
internal_weight=0 178 145 118 83 63 51
internal_count=229 178 145 118 83 63 51
is_linear=0
shrinkage=0.03


Tree=252
num_leaves=9
num_cat=0
split_feature=2 3 1 0 0 4 1 1
split_gain=0.352966 0.264879 0.297619 0.273465 0.269904 0.156092 0.116667 0.0238095
threshold=1.0000000180025095e-35 0.11275000000000002 0.020100000000000003 0.42035000000000006 0.68875000000000008 0.0111 0.11080000000000002 0.046600000000000009
decision_type=2 2 2 2 2 2 2 2
left_child=1 3 -3 -1 -5 -6 -2 -7
right_child=6 2 -4 4 5 7 -8 -9
leaf_value=-0.00030100051222743175 -6.254247580293023e-05 -0.000176231072047494 0.00015070698308769555 9.1095406346566361e-05 0.00042901385448178395 -0.00022296108586819044 -6.1085478104023496e-05 -0.00012971956213016336
leaf_weight=32 28 27 36 21 23 21 20 21
leaf_count=32 28 27 36 21 23 21 20 21
internal_value=0 0.00114365 0.00271428 0.000305084 0.00118605 0.000230769 -0.00175 -0.000857144
internal_weight=0 181 63 118 86 65 48 42
internal_count=229 181 63 118 86 65 48 42
is_linear=0
shrinkage=0.03


Tree=253
num_leaves=10
num_cat=0
split_feature=2 1 3 1 3 4 3 1 3
split_gain=0.394559 0.241466 0.47737 0.311111 0.30342 0.164001 0.15622 0.116667 0.0692113
threshold=1.0000000180025095e-35 0.00265 0.11965000000000002 0.035550000000000005 0.063600000000000004 0.0111 0.025900000000000003 0.11080000000000002 0.010600000000000002
decision_type=2 2 2 2 2 2 2 2 2
left_child=1 -1 4 -4 5 -3 8 -2 -7
right_child=7 2 3 -5 -6 6 -8 -9 -10
leaf_value=-0.0010349377339442182 -6.0666201528848349e-05 0.00046583151059883323 9.071699164432742e-05 0.00010984238288858824 -0.00026198796761470075 0.00010516812714790095 2.3833098129192804e-05 -5.9252913760896329e-05 -0.0014731637652357717
leaf_weight=22 28 22 21 24 29 23 20 20 20
leaf_count=22 28 22 21 24 29 23 20 20 20
internal_value=0 0.00130939 0.00171698 0.00433333 0.00068421 0.00158823 0.000809523 -0.00175 -0.000209303
internal_weight=0 181 159 45 114 85 63 48 43
internal_count=229 181 159 45 114 85 63 48 43
is_linear=0
shrinkage=0.03


Tree=254
num_leaves=9
num_cat=0
split_feature=2 3 1 0 0 4 1 1
split_gain=0.352966 0.264879 0.297619 0.273465 0.269904 0.156092 0.116667 0.0238095
threshold=1.0000000180025095e-35 0.11275000000000002 0.020100000000000003 0.42035000000000006 0.68875000000000008 0.0111 0.11080000000000002 0.046600000000000009
decision_type=2 2 2 2 2 2 2 2
left_child=1 3 -3 -1 -5 -6 -2 -7
right_child=6 2 -4 4 5 7 -8 -9
leaf_value=-0.00029182802026976346 -5.8846215482978268e-05 -0.00016731695380960506 0.0001431773824982847 8.7647551212288768e-05 0.00040216849352937395 -0.00021942727452836002 -5.7475326348070693e-05 -0.00011796833623781869
leaf_weight=32 28 27 36 21 23 21 20 21
leaf_count=32 28 27 36 21 23 21 20 21
internal_value=0 0.00114365 0.00271428 0.000305084 0.00118605 0.000230769 -0.00175 -0.000857144
internal_weight=0 181 63 118 86 65 48 42
internal_count=229 181 63 118 86 65 48 42
is_linear=0
shrinkage=0.03


Tree=255
num_leaves=8
num_cat=0
split_feature=1 1 1 1 3 4 1
split_gain=0.420508 0.481856 0.324679 0.494513 0.835935 0.108932 0.0545455
threshold=0.12140000000000002 0.23025000000000004 0.035550000000000005 0.0054500000000000009 0.11965000000000002 0.077550000000000022 0.063900000000000012
decision_type=2 2 2 2 2 2 2
left_child=2 -2 3 -1 -5 -3 -4
right_child=1 5 6 4 -6 -7 -8
leaf_value=-0.0007041552366854728 0.00041490304246714785 5.6299675103963601e-06 -2.6926116211414894e-05 -6.4800755719857098e-05 0.00010093555424742414 -0.0023851869236064813 -0.00010330584911705045
leaf_weight=32 33 24 33 33 20 27 27
leaf_count=32 33 24 33 33 20 27 27
internal_value=0 0.00235714 -0.000310346 0.000882352 0.00266038 0.000529411 -0.002
internal_weight=0 84 145 85 53 51 60
internal_count=229 84 145 85 53 51 60
is_linear=0
shrinkage=0.03


Tree=256
num_leaves=10
num_cat=0
split_feature=2 1 3 1 3 4 3 3 1
split_gain=0.572234 0.241466 0.47737 0.311111 0.30342 0.164001 0.15622 0.0692113 0.0291667
threshold=1.0000000180025095e-35 0.00265 0.11965000000000002 0.035550000000000005 0.063600000000000004 0.0111 0.025900000000000003 0.010600000000000002 0.11080000000000002
decision_type=2 2 2 2 2 2 2 2 2
left_child=1 -1 4 -4 5 -3 7 -7 -2
right_child=8 2 3 -5 -6 6 -8 -9 -10
leaf_value=-0.00097758910446616777 -5.5585629411041289e-05 0.00044365360619282111 8.9986920029314955e-05 9.9083103716740355e-05 -0.00023188533788062079 0.00010147979700589059 1.909196596072458e-05 -0.0014225971386693603 -5.4206510716489501e-05
leaf_weight=22 28 22 21 24 29 23 20 20 20
leaf_count=22 28 22 21 24 29 23 20 20 20
internal_value=0 0.00130939 0.00171698 0.00433333 0.00068421 0.00158823 0.000809523 -0.000209303 -0.002375
internal_weight=0 181 159 45 114 85 63 43 48
internal_count=229 181 159 45 114 85 63 43 48
is_linear=0
shrinkage=0.03


Tree=257
num_leaves=10
num_cat=0
split_feature=2 1 3 1 3 1 1 1 1
split_gain=0.572234 0.241466 0.47737 0.311111 0.30342 0.309384 0.368182 0.117636 0.0291667
threshold=1.0000000180025095e-35 0.00265 0.11965000000000002 0.035550000000000005 0.063600000000000004 0.39040000000000002 0.17295000000000002 0.033950000000000008 0.11080000000000002
decision_type=2 2 2 2 2 2 2 2 2
left_child=1 -1 4 -4 5 6 7 -3 -2
right_child=8 2 3 -5 -6 -7 -8 -9 -10
leaf_value=-0.00094826143133218237 -5.391806052870553e-05 0.00047811400585833158 8.7287312428435438e-05 9.6110610605237636e-05 -0.00022492877774420115 -0.00065900529990323771 7.7825141885064022e-05 -0.00017515829108213717 -5.2580315394993726e-05
leaf_weight=22 28 21 21 24 29 21 20 23 20
leaf_count=22 28 21 21 24 29 21 20 23 20
internal_value=0 0.00130939 0.00171698 0.00433333 0.00068421 0.00158823 0.002625 0.00109091 -0.002375
internal_weight=0 181 159 45 114 85 64 44 48
internal_count=229 181 159 45 114 85 64 44 48
is_linear=0
shrinkage=0.03


Tree=258
num_leaves=9
num_cat=0
split_feature=2 1 3 1 1 1 1 3
split_gain=0.438469 0.48253 0.471624 0.312096 0.287236 0.278018 0.108341 0.0595238
threshold=1.0000000180025095e-35 0.0054500000000000009 0.11275000000000002 0.036650000000000009 0.12140000000000002 0.39040000000000002 0.033950000000000008 0.05390000000000001
decision_type=2 2 2 2 2 2 2 2
left_child=1 -1 4 -4 6 -6 -3 -2
right_child=7 2 3 -5 5 -7 -8 -9
leaf_value=-0.00058258532358508119 -9.7159399874620005e-06 0.00036236966314431645 9.2589260646269071e-05 9.6386802243433937e-05 6.0995622894554615e-05 -0.00063923514090613663 -0.00025372438723792427 -0.00096783657746317571
leaf_weight=30 28 23 20 27 33 21 27 20
leaf_count=30 28 23 20 27 33 21 27 20
internal_value=0 0.00147514 0.00216556 0.00465957 0.00103846 0.00255555 -0.000600001 -0.00175
internal_weight=0 181 151 47 104 54 50 48
internal_count=229 181 151 47 104 54 50 48
is_linear=0
shrinkage=0.03


Tree=259
num_leaves=10
num_cat=0
split_feature=2 1 1 1 1 3 1 3 0
split_gain=0.438469 0.411638 0.468352 0.325569 0.404718 0.252962 0.112427 0.0595238 0.000757576
threshold=1.0000000180025095e-35 0.12140000000000002 0.23025000000000004 0.033950000000000008 0.0054500000000000009 0.082900000000000015 0.39040000000000002 0.05390000000000001 0.73990000000000011
decision_type=2 2 2 2 2 2 2 2 2
left_child=1 3 -3 4 -1 -6 -4 -2 -5
right_child=7 2 6 8 5 -7 -8 -9 -10
leaf_value=-0.00056510776387752408 -9.4244617878320656e-06 0.0023351780021155359 1.0020654473346375e-05 -9.9123729128316649e-05 0.0004528994818147934 8.9811582826881318e-05 -0.00062005808667894586 -0.00093880148013927877 -0.0013083437448362287
leaf_weight=30 28 25 20 24 21 20 21 20 20
leaf_count=30 28 25 20 24 21 20 21 20 20
internal_value=0 0.00147514 0.00336364 0.000391304 0.00164789 0.00358537 0.00139024 -0.00175 -0.00163636
internal_weight=0 181 66 115 71 41 41 48 44
internal_count=229 181 66 115 71 41 41 48 44
is_linear=0
shrinkage=0.03


Tree=260
num_leaves=7
num_cat=0
split_feature=2 3 1 4 0 1
split_gain=0.284654 0.271803 0.363143 0.295091 0.236889 0.0581731
threshold=0.00030000000000000008 0.11275000000000002 0.020100000000000003 0.049400000000000006 0.89140000000000008 0.26130000000000003
decision_type=2 2 2 2 2 2
left_child=1 3 -3 4 -1 -5
right_child=-2 2 -4 5 -6 -7
leaf_value=0.00021192024476717706 -2.1992723018304036e-05 -0.00014817387743487026 0.00011214248978376256 -9.0076429935111922e-05 -8.619721833488167e-05 -0.0030799862868118874
leaf_weight=38 40 28 39 32 32 20
leaf_count=38 40 28 39 32 32 20
internal_value=0 0.00128571 0.00282089 0.000442622 0.00171428 -0.00126923
internal_weight=0 189 67 122 70 52
internal_count=229 189 67 122 70 52
is_linear=0
shrinkage=0.03


Tree=261
num_leaves=10
num_cat=0
split_feature=2 1 1 1 1 1 0 3 0
split_gain=0.352966 0.215057 0.324929 0.313751 0.23088 0.192008 0.187778 0.0595238 0.000757576
threshold=1.0000000180025095e-35 0.00265 0.011150000000000002 0.12140000000000002 0.39040000000000002 0.033950000000000008 0.61050000000000015 0.05390000000000001 0.73990000000000011
decision_type=2 2 2 2 2 2 2 2 2
left_child=1 -1 -3 5 6 -4 -5 -2 -7
right_child=7 2 3 4 -6 8 -8 -9 -10
leaf_value=-0.00088111187266043693 -8.4819462436476128e-06 7.1531012023094953e-05 8.215257821572207e-05 0.00010966358615075953 -0.00060781390433048974 -9.3447724356410426e-05 5.6702877940812308e-05 -0.00090997765404455275 -0.0012672971255131135
leaf_weight=22 28 23 26 25 21 24 20 20 20
leaf_count=22 28 23 26 25 21 24 20 20 20
internal_value=0 0.00114365 0.0015283 0.000970588 0.00245454 -0.000428572 0.00366667 -0.00175 -0.00163636
internal_weight=0 181 159 136 66 70 45 48 44
internal_count=229 181 159 136 66 70 45 48 44
is_linear=0
shrinkage=0.03


Tree=262
num_leaves=9
num_cat=0
split_feature=3 1 3 1 4 4 4 0
split_gain=0.233152 0.366092 0.3007 0.26461 0.241645 0.288501 0.234288 0.025
threshold=0.11275000000000002 0.0059000000000000016 0.049800000000000004 0.035550000000000005 0.0111 0.021800000000000003 0.047750000000000008 0.47635000000000005
decision_type=2 2 2 2 2 2 2 2
left_child=2 -2 4 -3 -1 -6 -7 -4
right_child=1 3 7 -5 5 6 -8 -9
leaf_value=0.0003631046382360899 -0.00052013378561603944 8.8603711186201298e-05 -0.00053764771303718662 1.7228055318974473e-05 -0.0014437058128974199 0.00014501910876505827 -7.1808936013048876e-05 -7.35340982157638e-05
leaf_weight=23 20 20 20 38 21 30 37 20
leaf_count=23 20 20 20 38 21 30 37 20
internal_value=0 0.002 -1.98683e-05 0.0032069 0.000783783 6.81811e-05 0.00102985 -0.00225
internal_weight=0 78 151 58 111 88 67 40
internal_count=229 78 151 58 111 88 67 40
is_linear=0
shrinkage=0.03


Tree=263
num_leaves=9
num_cat=0
split_feature=2 1 1 1 1 0 3 0
split_gain=0.199529 0.238963 0.314704 0.313943 0.270924 0.310074 0.118738 0.16248
threshold=0.00045000000000000004 0.00265 0.011150000000000002 0.11500000000000002 0.39040000000000002 0.61050000000000015 0.11965000000000002 0.86670000000000014
decision_type=2 2 2 2 2 2 2 2
left_child=1 -1 -3 6 5 -5 7 -4
right_child=-2 2 3 4 -6 -7 -8 -9
leaf_value=-0.0010867215093805197 -6.5342545330246448e-06 6.7683287008912048e-05 -0.0010391122079302475 0.00010103578535860959 -0.00084887362519989944 -0.00034616664448235612 3.2751050774801774e-05 -5.1067758637993824e-06
leaf_weight=23 35 23 23 27 22 22 28 26
leaf_count=23 35 23 23 27 22 22 28 26
internal_value=0 0.00117526 0.0015614 0.00105405 0.00249296 0.00373469 -0.000272728 -0.00116327
internal_weight=0 194 171 148 71 49 77 49
internal_count=229 194 171 148 71 49 77 49
is_linear=0
shrinkage=0.03


Tree=264
num_leaves=9
num_cat=0
split_feature=0 2 1 1 1 1 0 3
split_gain=0.182154 0.436508 0.203905 0.529722 0.30827 0.159261 0.135281 0.109091
threshold=0.05995000000000001 0.00045000000000000004 0.31080000000000002 0.11500000000000002 0.033950000000000008 0.0054500000000000009 0.84310000000000007 0.066950000000000023
decision_type=2 2 2 2 2 2 2 2
left_child=-1 2 3 4 5 -2 -7 -6
right_child=1 -3 -4 -5 7 6 -8 -9
leaf_value=7.6807370827574822e-05 -0.00025965521637831356 -5.8712682814959952e-05 -0.0010988311318602889 0.00025083292476094803 -6.929695117188058e-05 3.382436450835308e-05 0.00038173535642615282 -0.0021628725498398357
leaf_weight=31 23 30 23 36 20 20 22 24
leaf_count=31 23 30 23 36 20 20 22 24
internal_value=0 0.000333333 0.000928571 0.00134483 0.000302752 0.00161538 0.00271428 -0.00163636
internal_weight=0 198 168 145 109 65 42 44
internal_count=229 198 168 145 109 65 42 44
is_linear=0
shrinkage=0.03


Tree=265
num_leaves=8
num_cat=0
split_feature=1 0 2 0 3 3 1
split_gain=0.236911 0.269017 0.388741 0.311073 0.403608 0.138703 0.355686
threshold=0.00265 0.05995000000000001 0.00045000000000000004 0.30040000000000006 0.11275000000000002 0.0066500000000000005 0.06975000000000002
decision_type=2 2 2 2 2 2 2
left_child=-1 -2 3 -3 5 -5 -7
right_child=1 2 -4 4 -6 6 -8
leaf_value=-0.0010544053044062461 8.874483198219706e-05 -0.0025590960429898901 -5.6951302330506994e-05 -0.00010537287476801557 3.2449695788859722e-05 -0.00031603679102128846 4.6413286684646723e-05
leaf_weight=23 24 30 30 24 28 32 38
leaf_count=23 24 30 30 24 28 32 38
internal_value=0 0.00151456 0.00112088 0.00173684 0.00240984 0.00146808 0.00214286
internal_weight=0 206 182 152 122 94 70
internal_count=229 206 182 152 122 94 70
is_linear=0
shrinkage=0.03


Tree=266
num_leaves=9
num_cat=0
split_feature=2 1 1 1 4 1 3 1
split_gain=0.252831 0.293222 0.250692 0.225042 0.192508 0.20125 0.289501 0.278045
threshold=0.00045000000000000004 0.00265 0.011150000000000002 0.024900000000000002 0.35910000000000003 0.39040000000000002 0.012550000000000002 0.11500000000000002
decision_type=2 2 2 2 2 2 2 2
left_child=1 -1 -3 -4 5 6 -5 -8
right_child=-2 2 3 4 -6 -7 7 -9
leaf_value=-0.0010227731452740578 -2.8683073426658025e-06 6.1281892731631171e-05 -0.002701737765789997 -1.5122730987289622e-05 -2.8120634042273364e-05 -0.00051641116567225276 2.8881231564766707e-05 6.0829997265125267e-05
leaf_weight=23 35 23 20 20 24 21 38 25
leaf_count=23 35 23 20 20 24 21 38 25
internal_value=0 0.00148454 0.00191228 0.00145946 0.00192187 0.00248077 0.00314458 0.00414286
internal_weight=0 194 171 148 128 104 83 63
internal_count=229 194 171 148 128 104 83 63
is_linear=0
shrinkage=0.03


Tree=267
num_leaves=9
num_cat=0
split_feature=2 1 3 3 0 3 1 0
split_gain=0.225392 0.265399 0.294679 0.428766 0.296824 0.401525 0.688923 0.260125
threshold=0.00045000000000000004 0.00265 0.11275000000000002 0.072800000000000017 0.51245000000000007 0.0066500000000000005 0.06975000000000002 0.30040000000000006
decision_type=2 2 2 2 2 2 2 2
left_child=1 -1 3 4 -3 -6 -7 -4
right_child=-2 2 7 -5 5 6 -8 -9
leaf_value=-0.00099208995091583721 -2.7822581223832552e-06 -5.4066870570146435e-05 7.9759159705301589e-05 -0.001493422122056961 -6.2366695061562416e-05 0.00028922160208356626 0.00014079868930148877 2.9929353458027167e-05
leaf_weight=23 35 28 27 21 23 23 21 28
leaf_count=23 35 28 27 21 23 23 21 28
internal_value=0 0.0013299 0.00173684 0.00087931 0.00173684 0.00282089 0.0045 0.00354545
internal_weight=0 194 171 116 95 67 44 55
internal_count=229 194 171 116 95 67 44 55
is_linear=0
shrinkage=0.03


Tree=268
num_leaves=9
num_cat=0
split_feature=2 1 1 1 0 0 3 1
split_gain=0.199529 0.238963 0.314704 0.228776 0.144051 0.262519 0.247819 0.286279
threshold=0.00045000000000000004 0.00265 0.011150000000000002 0.028450000000000007 0.47635000000000005 0.14690000000000003 0.012550000000000002 0.06975000000000002
decision_type=2 2 2 2 2 2 2 2
left_child=1 -1 -3 -4 5 -5 -6 -8
right_child=-2 2 3 4 6 -7 7 -9
leaf_value=-0.00096232725238836337 -2.6987903787065203e-06 5.7887911655198588e-05 -0.00072577238896484294 0.0018247292797528168 -3.00728093840169e-05 -3.6938359167447382e-05 5.8714782505970435e-05 2.0580154756390262e-05
leaf_weight=23 35 23 23 26 21 34 21 23
leaf_count=23 35 23 23 26 21 34 21 23
internal_value=0 0.00117526 0.0015614 0.00105405 0.00156 0.000499999 0.00253846 0.00381818
internal_weight=0 194 171 148 125 60 65 44
internal_count=229 194 171 148 125 60 65 44
is_linear=0
shrinkage=0.03


Tree=269
num_leaves=9
num_cat=0
split_feature=2 1 1 1 4 1 3 1
split_gain=0.252831 0.293222 0.250692 0.225042 0.192508 0.20125 0.289501 0.278045
threshold=0.00045000000000000004 0.00265 0.011150000000000002 0.024900000000000002 0.35910000000000003 0.39040000000000002 0.012550000000000002 0.11500000000000002
decision_type=2 2 2 2 2 2 2 2
left_child=1 -1 -3 -4 5 6 -5 -8
right_child=-2 2 3 4 -6 -7 7 -9
leaf_value=-0.00093345743481671318 -2.6178266673446171e-06 5.6151274305542688e-05 -0.0026065343490964689 -1.2505357316394492e-05 -3.3977524450085244e-05 -0.00049818867380996073 3.1913831417648681e-05 5.4163732025439888e-05
leaf_weight=23 35 23 20 20 24 21 38 25
leaf_count=23 35 23 20 20 24 21 38 25
internal_value=0 0.00148454 0.00191228 0.00145946 0.00192187 0.00248077 0.00314458 0.00414286
internal_weight=0 194 171 148 128 104 83 63
internal_count=229 194 171 148 128 104 83 63
is_linear=0
shrinkage=0.03


Tree=270
num_leaves=9
num_cat=0
split_feature=2 1 1 1 0 3 0 1
split_gain=0.225392 0.265399 0.281789 0.19527 0.200667 0.298523 0.272545 0.195652
threshold=0.00045000000000000004 0.00265 0.011150000000000002 0.024900000000000002 0.47635000000000005 0.012550000000000002 0.14690000000000003 0.06975000000000002
decision_type=2 2 2 2 2 2 2 2
left_child=1 -1 -3 -4 6 -6 -5 -7
right_child=-2 2 3 4 5 7 -8 -9
leaf_value=-0.00090545371177221286 -2.5392918673214391e-06 5.4466736076377879e-05 -0.00252833831862357 0.0017735861501349042 -2.8795464382991846e-05 4.8841876039092764e-05 -4.0308564906758837e-05 1.8471337906703666e-05
leaf_weight=23 35 23 20 26 21 23 35 23
leaf_count=23 35 23 20 26 21 23 35 23
internal_value=0 0.0013299 0.00173684 0.00125676 0.0016875 0.00282089 0.000442622 0.00417391
internal_weight=0 194 171 148 128 67 61 46
internal_count=229 194 171 148 128 67 61 46
is_linear=0
shrinkage=0.03


Tree=271
num_leaves=9
num_cat=0
split_feature=1 1 0 0 2 0 3 3
split_gain=0.176814 0.353515 0.365659 0.289286 0.128967 0.359509 0.330571 0.159091
threshold=0.00265 0.011150000000000002 0.89140000000000008 0.81950000000000012 0.00030000000000000008 0.42035000000000006 0.20715000000000003 0.072800000000000017
decision_type=2 2 2 2 2 2 2 2
left_child=-1 -2 3 4 5 6 -3 -7
right_child=1 2 -4 -5 -6 7 -8 -9
leaf_value=-0.00087829010041904764 4.7971912779703091e-05 -5.0094672455222797e-05 -8.5967079052628849e-05 0.0004989036007326962 -5.4443870587620444e-06 3.6175583310398781e-05 0.0005274170929443552 -0.00046048993810318456
leaf_weight=23 24 37 22 20 31 28 22 22
leaf_count=23 24 37 22 20 31 28 22 22
internal_value=0 0.00107767 0.000626373 0.001125 0.000642856 0.00112844 -0.000457628 0.003
internal_weight=0 206 182 160 140 109 59 50
internal_count=229 206 182 160 140 109 59 50
is_linear=0
shrinkage=0.03


Tree=272
num_leaves=9
num_cat=0
split_feature=2 0 4 3 1 3 0 1
split_gain=0.253139 0.393799 0.543664 0.140012 0.235946 0.101542 0.1 0.0274484
threshold=0.00030000000000000008 0.30040000000000006 0.12835000000000002 0.0066500000000000005 0.12140000000000002 0.25465000000000004 0.68875000000000008 0.031800000000000009
decision_type=2 2 2 2 2 2 2 2
left_child=1 5 3 -3 7 -1 -2 -5
right_child=6 2 -4 4 -6 -7 -8 -9
leaf_value=-0.0016685498559775597 -0.00057020778655233247 -1.888369256252105e-05 3.1407211824127709e-05 -0.00021953599758125155 0.00010480442689418359 1.5182058473038102e-05 -7.0990416102603975e-06 3.4131112421387794e-05
leaf_weight=32 20 28 32 23 26 26 20 22
leaf_count=32 20 28 32 23 26 26 20 22
internal_value=0 0.00112698 0.00203817 0.000939393 0.00164789 -0.000931035 -0.0015 0.000333333
internal_weight=0 189 131 99 71 58 40 45
internal_count=229 189 131 99 71 58 40 45
is_linear=0
shrinkage=0.03


Tree=273
num_leaves=9
num_cat=0
split_feature=2 0 4 1 3 1 0 1
split_gain=0.253139 0.220727 0.340658 0.173727 0.140012 0.235946 0.1 0.0274484
threshold=0.00030000000000000008 0.30040000000000006 0.12835000000000002 0.13865000000000002 0.0066500000000000005 0.12140000000000002 0.68875000000000008 0.031800000000000009
decision_type=2 2 2 2 2 2 2 2
left_child=1 3 4 -1 -3 7 -2 -6
right_child=6 2 -4 -5 5 -7 -8 -9
leaf_value=-0.0013897706497779125 -0.00055310155295576751 -1.8317181785645077e-05 3.0464995469403128e-05 0.001059526470566782 -0.00021294991765380959 0.00010166029408735424 -6.8860703619569579e-06 3.3107179048750842e-05
leaf_weight=30 20 28 32 28 23 26 20 22
leaf_count=30 20 28 32 28 23 26 20 22
internal_value=0 0.00112698 0.00180916 -0.000413794 0.000939393 0.00164789 -0.0015 0.000333333
internal_weight=0 189 131 58 99 71 40 45
internal_count=229 189 131 58 99 71 40 45
is_linear=0
shrinkage=0.03


Tree=274
num_leaves=9
num_cat=0
split_feature=0 2 3 0 0 4 3 1
split_gain=0.182154 0.289648 0.234152 0.462112 0.301339 0.149539 0.143804 0.0281069
threshold=0.05995000000000001 0.00030000000000000008 0.11425 0.47635000000000005 0.71840000000000004 0.0111 0.22055000000000002 0.043150000000000001
decision_type=2 2 2 2 2 2 2 2
left_child=-1 2 3 -2 -5 -6 -4 -7
right_child=1 -3 6 4 5 7 -8 -9
leaf_value=3.3901348736689313e-05 -7.2438973232523312e-05 -2.9993489446303093e-05 2.6048843422174968e-05 7.2349508271902507e-05 0.00033938301451916415 -2.4236563343499212e-05 -0.00066408688086665114 -0.0011440933365558788
leaf_weight=31 31 35 25 20 23 21 23 20
leaf_count=31 31 35 25 20 23 21 23 20
internal_value=0 0.000333333 0.00086503 0.000130434 0.00128571 0.000281249 0.002625 -0.000804879
internal_weight=0 198 163 115 84 64 48 41
internal_count=229 198 163 115 84 64 48 41
is_linear=0
shrinkage=0.03


Tree=275
num_leaves=10
num_cat=0
split_feature=1 3 3 4 3 3 3 0 0
split_gain=0.195872 0.333079 0.31773 0.201046 0.287395 0.175899 0.118216 0.0517695 0.00021645
threshold=0.00265 0.11275000000000002 0.072800000000000017 0.0111 0.039500000000000007 0.15935000000000002 0.010600000000000002 0.18435000000000004 0.67320000000000013
decision_type=2 2 2 2 2 2 2 2 2
left_child=-1 2 3 -2 6 -3 -5 -7 -8
right_child=1 5 -4 4 -6 7 8 -9 -10
leaf_value=-0.0008170245826231089 0.00033031057914788774 2.8769583085953485e-05 -0.0014601239614754689 1.0067975070951171e-06 8.5441780064504474e-06 0.00043343974482997578 -0.00054611532169222756 -0.00079229592555622686 -0.00014473164171309203
leaf_weight=23 23 22 21 31 24 20 20 23 22
leaf_count=23 23 22 21 31 24 20 20 23 22
internal_value=0 0.0012233 0.000404255 0.000999999 0.000402061 0.003 -0.000534247 0.00188372 -0.00157143
internal_weight=0 206 141 120 97 65 73 43 42
internal_count=229 206 141 120 97 65 73 43 42
is_linear=0
shrinkage=0.03


Tree=276
num_leaves=8
num_cat=0
split_feature=1 3 1 1 1 0 0
split_gain=0.308177 0.341828 0.485167 0.190571 0.251803 0.0812709 0.0662333
threshold=0.0054500000000000009 0.11275000000000002 0.035550000000000005 0.12140000000000002 0.22480000000000003 0.86670000000000014 0.40330000000000005
decision_type=2 2 2 2 2 2 2
left_child=-1 3 -3 5 -5 -2 -6
right_child=1 2 -4 4 6 -7 -8
leaf_value=-0.00026298925040477112 -4.9584010493801911e-05 8.5967769977612552e-05 5.8686084947910336e-06 2.8515009219005419e-05 -0.00034993163084044541 7.8834302167752785e-05 1.7594149373860115e-05
leaf_weight=32 30 22 38 21 27 39 20
leaf_count=32 30 22 38 21 27 39 20
internal_value=0 0.00111167 0.003 0.000284671 0.00141176 -0.000826088 0.000191489
internal_weight=0 197 60 137 68 69 47
internal_count=229 197 60 137 68 69 47
is_linear=0
shrinkage=0.03


Tree=277
num_leaves=10
num_cat=0
split_feature=1 1 0 1 1 1 3 3 3
split_gain=0.176814 0.353515 0.365659 0.141667 0.311547 0.262999 0.101644 0.107375 0.0508093
threshold=0.00265 0.011150000000000002 0.89140000000000008 0.035550000000000005 0.11500000000000002 0.18615000000000001 0.046950000000000013 0.014050000000000002 0.072800000000000017
decision_type=2 2 2 2 2 2 2 2 2
left_child=-1 -2 3 -3 8 -6 7 -7 -5
right_child=1 2 -4 4 5 6 -8 -9 -10
leaf_value=-0.00078462416763227215 7.0120009470459125e-05 0.00031707769155866534 -8.5451857919927393e-05 -2.0331309411909343e-06 0.0025102166571180549 2.1488693214019304e-05 9.1944668328670955e-06 -0.0020787078006722112 -0.0024634293526670363
leaf_weight=23 24 24 22 20 24 20 22 21 29
leaf_count=23 24 24 22 20 24 20 22 21 29
internal_value=0 0.00107767 0.000626373 0.001125 0.000749999 0.00182759 0.000809523 -7.31714e-05 -0.00116327
internal_weight=0 206 182 160 136 87 63 41 49
internal_count=229 206 182 160 136 87 63 41 49
is_linear=0
shrinkage=0.03


Tree=278
num_leaves=9
num_cat=0
split_feature=2 1 3 1 4 4 0 0
split_gain=0.352966 0.394864 0.384899 0.468125 0.116667 0.112808 0.125309 0.12
threshold=1.0000000180025095e-35 0.0054500000000000009 0.11275000000000002 0.036650000000000009 0.12835000000000002 0.0111 0.51245000000000007 0.72525000000000006
decision_type=2 2 2 2 2 2 2 2
left_child=1 -1 5 -4 -2 -3 -7 -8
right_child=4 2 3 -5 -6 6 7 -9
leaf_value=-0.00022337382302496623 -6.9507464680477348e-05 0.00039626364630294763 0.00011696885453571067 2.8362105151797524e-05 8.1726036809594885e-06 -0.00013950685153218007 2.1677466309172878e-05 3.2124429076286226e-05
leaf_weight=30 28 21 20 27 20 33 20 30
leaf_count=30 28 21 20 27 20 33 20 30
internal_value=0 0.00114365 0.00176821 0.00402128 -0.00175 0.000749999 0.000253011 0.0012
internal_weight=0 181 151 47 48 104 83 50
internal_count=229 181 151 47 48 104 83 50
is_linear=0
shrinkage=0.03


Tree=279
num_leaves=9
num_cat=0
split_feature=2 1 3 0 3 1 1 4
split_gain=0.313689 0.209162 0.404049 0.222163 0.287572 0.205871 0.128571 0.116667
threshold=1.0000000180025095e-35 0.0059000000000000016 0.18280000000000005 0.30040000000000006 0.0066500000000000005 0.12140000000000002 0.03815000000000001 0.12835000000000002
decision_type=2 2 2 2 2 2 2 2
left_child=1 -1 3 -3 -5 6 -6 -2
right_child=7 2 -4 4 5 -7 -8 -9
leaf_value=-0.0001855154347968246 -6.7422240740062128e-05 -0.00063030566707521891 0.00046038180699439351 -0.0003122431656710341 4.9083367370470115e-05 0.00013016666823272599 -0.00012673298279433233 7.9274255705321416e-06
leaf_weight=33 28 25 27 22 21 29 24 20
leaf_count=33 28 25 27 22 21 29 24 20
internal_value=0 0.0009779 0.00145946 0.000719008 0.001375 0.00227027 0.000999999 -0.00175
internal_weight=0 181 148 121 96 74 45 48
internal_count=229 181 148 121 96 74 45 48
is_linear=0
shrinkage=0.03


Tree=280
num_leaves=9
num_cat=0
split_feature=2 1 1 3 0 3 3 1
split_gain=0.249818 0.241466 0.417852 0.370554 0.201049 0.25177 0.371103 0.145833
threshold=1.0000000180025095e-35 0.00265 0.035550000000000005 0.11965000000000002 0.14690000000000003 0.093600000000000017 0.025900000000000003 0.06975000000000002
decision_type=2 2 2 2 2 2 2 2
left_child=1 -1 3 -3 -4 6 -6 -2
right_child=7 2 4 -5 5 -7 -8 -9
leaf_value=-0.00050086905724861007 -5.2151250783884005e-05 1.1585011497620799e-05 0.0020137555117762215 6.6329504994716991e-05 -0.0020235302253649046 -0.0078643803304707591 6.0547295333682343e-05 -3.5073808554820727e-05
leaf_weight=22 21 31 25 21 34 20 28 27
leaf_count=22 21 31 25 21 34 20 28 27
internal_value=0 0.00130939 0.00171698 0.00392308 0.000644859 -7.31714e-05 0.000870967 -0.001125
internal_weight=0 181 159 52 107 82 62 48
internal_count=229 181 159 52 107 82 62 48
is_linear=0
shrinkage=0.03


Tree=281
num_leaves=9
num_cat=0
split_feature=2 0 4 1 1 1 0 3
split_gain=0.249818 0.476015 0.487134 0.16875 0.520833 0.145833 0.121385 0.101542
threshold=1.0000000180025095e-35 0.30040000000000006 0.021800000000000003 0.035550000000000005 0.12140000000000002 0.06975000000000002 0.94825000000000015 0.25465000000000004
decision_type=2 2 2 2 2 2 2 2
left_child=1 7 6 -4 -5 -2 -3 -1
right_child=5 2 3 4 -6 -7 -8 -9
leaf_value=-0.0015426814734884455 -5.0586713260375519e-05 -0.000511567289315497 0.00036233825094145872 -0.00041532550156134408 0.00016958756895851402 -3.4021594298175801e-05 4.8369137049788094e-05 2.9728897516737675e-05
leaf_weight=32 21 23 32 24 24 27 20 26
leaf_count=32 21 23 32 24 24 27 20 26
internal_value=0 0.00130939 0.00236585 0.00375 0.002625 -0.001125 -0.000209303 -0.000931035
internal_weight=0 181 123 80 48 48 43 58
internal_count=229 181 123 80 48 48 43 58
is_linear=0
shrinkage=0.03


Tree=282
num_leaves=9
num_cat=0
split_feature=3 1 3 1 2 4 0 4
split_gain=0.333993 0.171247 0.204929 0.250941 0.270195 0.432533 0.341675 0.110678
threshold=0.0020500000000000006 0.0059000000000000016 0.0096500000000000023 0.31080000000000002 1.0000000180025095e-35 0.15570000000000003 0.84310000000000007 0.32190000000000007
decision_type=2 2 2 2 2 2 2 2
left_child=-1 -2 -3 4 5 6 -4 -7
right_child=1 2 3 -5 -6 7 -8 -9
leaf_value=9.7863867908956202e-06 -0.00020557490894351112 -3.1278925468230169e-05 0.00038692993101598181 -0.00049831893410480553 -5.0850558062178834e-05 -0.0041708665677911297 0.00038110447480536202 3.7835016859747335e-05
leaf_weight=21 29 27 29 25 30 20 21 27
leaf_count=21 29 27 29 25 30 20 21 27
internal_value=0 0.000173076 0.000519552 0.000947368 0.00148819 0.00225773 0.0042 0.000191489
internal_weight=0 208 179 152 127 97 50 47
internal_count=229 208 179 152 127 97 50 47
is_linear=0
shrinkage=0.03


Tree=283
num_leaves=8
num_cat=0
split_feature=1 4 1 3 0 0 1
split_gain=0.261477 0.233333 0.268262 0.164128 0.245666 0.156277 0.0261905
threshold=0.12140000000000002 0.21895000000000003 0.39040000000000002 0.072800000000000017 0.89140000000000008 0.35520000000000002 0.033950000000000008
decision_type=2 2 2 2 2 2 2
left_child=3 2 -2 4 -1 -5 -7
right_child=1 -3 -4 5 -6 6 -8
leaf_value=0.00012480770810449146 0.00013715380305030455 0.0002917645829835549 -0.00075259557673082217 3.462410323109083e-05 -2.6280982643889494e-06 -2.8830178184293143e-05 -0.0005928061149340347
leaf_weight=30 38 24 22 35 38 22 20
leaf_count=30 38 24 22 35 38 22 20
internal_value=0 0.002 0.000999999 -0.000103449 0.000970588 -0.00105195 -0.00228572
internal_weight=0 84 60 145 68 77 42
internal_count=229 84 60 145 68 77 42
is_linear=0
shrinkage=0.03


Tree=284
num_leaves=9
num_cat=0
split_feature=1 2 3 3 4 0 1 4
split_gain=0.318966 0.173554 0.169312 0.501044 0.274618 0.133056 0.140591 0.085403
threshold=0.06975000000000002 1.0000000180025095e-35 0.11425 0.046950000000000013 0.027000000000000003 0.30040000000000006 0.035550000000000005 0.068550000000000014
decision_type=2 2 2 2 2 2 2 2
left_child=1 5 3 4 -2 -1 7 -7
right_child=2 -3 -4 -5 -6 6 -8 -9
leaf_value=-0.0007955734057082805 0.0001455809789899815 -4.8051901738034954e-05 -5.8682318487752872e-05 0.00010912866155687122 -0.00033780055714174168 6.6544791024568059e-06 -0.0012200514794717197 0.00038682260264389149
leaf_weight=26 23 21 24 23 38 34 20 20
leaf_count=26 23 21 24 23 38 34 20 20
internal_value=0 -0.000520662 0.00172222 0.00235714 0.000934426 -7.15256e-10 0.000648648 0.00144444
internal_weight=0 121 108 84 61 100 74 54
internal_count=229 121 108 84 61 100 74 54
is_linear=0
shrinkage=0.03


Tree=285
num_leaves=8
num_cat=0
split_feature=1 4 1 0 1 4 4
split_gain=0.374472 0.233333 0.268262 0.122735 0.291812 0.0777439 0.221591
threshold=0.12140000000000002 0.21895000000000003 0.39040000000000002 0.35520000000000002 0.010200000000000002 0.073350000000000012 0.027000000000000003
decision_type=2 2 2 2 2 2 2
left_child=3 2 -2 -1 -5 6 -6
right_child=1 -3 -4 4 5 -7 -8
leaf_value=3.6686163357476594e-05 0.00013882278464029651 0.00027973778564734884 -0.00072408338070850057 0.00022547911920539084 -0.0001378447298563677 -3.0540575931178598e-05 2.6037480439769187e-05
leaf_weight=38 38 24 22 25 26 34 22
leaf_count=38 38 24 22 25 26 34 22
internal_value=0 0.002 0.000999999 -0.000517242 -0.00103738 -0.00190244 -0.001125
internal_weight=0 84 60 145 107 82 48
internal_count=229 84 60 145 107 82 48
is_linear=0
shrinkage=0.03


Tree=286
num_leaves=10
num_cat=0
split_feature=3 1 2 4 3 0 4 1 0
split_gain=0.287218 0.220559 0.212201 0.245455 0.243559 0.571568 0.272535 0.367859 0.112427
threshold=0.0020500000000000006 0.0059000000000000016 1.0000000180025095e-35 0.12435000000000002 0.25465000000000004 0.34820000000000007 0.021800000000000003 0.12140000000000002 0.72205000000000008
decision_type=2 2 2 2 2 2 2 2 2
left_child=-1 -2 4 -4 5 -3 -7 8 -8
right_child=1 2 3 -5 -6 6 7 -9 -10
leaf_value=4.1459178249748868e-05 -0.00020515056411872097 -0.0020586991609055781 -5.7387845431007297e-05 1.0407205058135687e-05 0.00064931702866949652 -0.00067258719066238474 -1.0366262493903111e-05 0.00015805814423819011 0.00015896584338033793
leaf_weight=21 29 26 24 20 20 25 21 23 20
leaf_count=21 29 26 24 20 20 25 21 23 20
internal_value=0 0.000461538 0.000854748 -0.000954546 0.00144444 0.000913043 0.00205618 0.00309375 0.00139024
internal_weight=0 208 179 44 135 115 89 64 41
internal_count=229 208 179 44 135 115 89 64 41
is_linear=0
shrinkage=0.03


Tree=287
num_leaves=9
num_cat=0
split_feature=3 1 1 3 0 1 1 1
split_gain=0.333993 0.198419 0.26115 0.227426 0.146467 0.124004 0.245578 0.0508093
threshold=0.0020500000000000006 0.06975000000000002 0.39040000000000002 0.11425 0.61050000000000015 0.035550000000000005 0.018850000000000002 0.0059000000000000016
decision_type=2 2 2 2 2 2 2 2
left_child=-1 5 3 4 -3 6 7 -2
right_child=1 2 -4 -5 -6 -7 -8 -9
leaf_value=4.0215402902260776e-05 -0.00019899604719515881 0.00011332870985497708 -0.00096932333642949355 -4.0488366833191796e-05 1.4266343413580874e-06 -2.5165029974747711e-05 0.00034182765174146039 2.487236184452123e-06
leaf_weight=21 29 23 23 24 32 36 21 20
leaf_count=21 29 23 23 24 32 36 21 20
internal_value=0 0.000173076 0.00111765 0.00193671 0.003 -0.00073585 -7.15256e-10 -0.00116327
internal_weight=0 208 102 79 55 106 70 49
internal_count=229 208 102 79 55 106 70 49
is_linear=0
shrinkage=0.03


Tree=288
num_leaves=8
num_cat=0
split_feature=3 1 3 1 1 1 3
split_gain=0.310165 0.195124 0.234442 0.288291 0.384027 0.225691 0.202404
threshold=0.0020500000000000006 0.0059000000000000016 0.0096500000000000023 0.31080000000000002 0.12140000000000002 0.036650000000000009 0.11425
decision_type=2 2 2 2 2 2 2
left_child=-1 -2 -3 4 5 -4 -7
right_child=1 2 3 -5 -6 6 -8
leaf_value=3.9008940815187464e-05 -0.00019302616577930484 -2.8742654853931528e-05 0.00011790353484595286 -0.00040905076959472204 0.00033746633238547491 6.5359977581818248e-07 -0.0026299930722720141
leaf_weight=21 29 27 39 25 37 31 20
leaf_count=21 29 27 39 25 37 31 20
internal_value=0 0.000317307 0.00068715 0.00114474 0.00172441 0.000666666 -0.00064706
internal_weight=0 208 179 152 127 90 51
internal_count=229 208 179 152 127 90 51
is_linear=0
shrinkage=0.03


Tree=289
num_leaves=8
num_cat=0
split_feature=1 0 2 1 1 4 4
split_gain=0.397319 0.35439 0.578041 0.237047 0.58991 0.278646 0.144048
threshold=0.0059000000000000016 0.05995000000000001 0.00045000000000000004 0.11500000000000002 0.23025000000000004 0.15570000000000003 0.018350000000000002
decision_type=2 2 2 2 2 2 2
left_child=-1 -2 3 5 -5 6 -3
right_child=1 2 -4 4 -6 -7 -8
leaf_value=-0.00017575883268326398 9.4773746193493262e-05 -0.00024629211671172617 -7.1347993346120481e-05 0.0020673554375709936 -0.00011652468370206471 -0.0010248532715624479 6.5663918598672878e-06
leaf_weight=35 23 21 29 25 34 27 35
leaf_count=35 23 21 29 25 34 27 35
internal_value=0 0.0013299 0.000859648 0.00164789 0.00310169 0.000614457 0.00182143
internal_weight=0 194 171 142 59 83 56
internal_count=229 194 171 142 59 83 56
is_linear=0
shrinkage=0.03


Tree=290
num_leaves=9
num_cat=0
split_feature=1 0 0 4 1 1 1 3
split_gain=0.215346 0.198038 0.286142 0.189711 0.212517 0.118494 0.415773 0.204455
threshold=0.046600000000000009 0.05995000000000001 0.36165000000000008 0.021800000000000003 0.20785000000000001 0.010200000000000002 0.00265 0.11670000000000001
decision_type=2 2 2 2 2 2 2 2
left_child=5 -2 -3 -4 -5 6 -1 -7
right_child=1 2 3 4 -6 7 -8 -9
leaf_value=-0.00070079998715123271 0.00010415969466678016 -0.00063108641022330898 -0.00023890372287040359 4.0382773326557952e-07 0.00010584823435252298 -3.4293493908756218e-05 5.8106133460208348e-05 4.1588831446683227e-05
leaf_weight=23 20 32 21 32 21 39 21 20
leaf_count=23 20 32 21 32 21 39 21 20
internal_value=0 0.0017619 0.00124528 0.00227027 0.00322641 -8.73794e-05 0.00109091 -0.000966102
internal_weight=0 126 106 74 53 103 44 59
internal_count=229 126 106 74 53 103 44 59
is_linear=0
shrinkage=0.03


Tree=291
num_leaves=8
num_cat=0
split_feature=1 0 0 4 3 3 3
split_gain=0.258894 0.243412 0.342031 0.446076 0.275385 0.216667 0.0595238
threshold=0.00265 0.05995000000000001 0.30040000000000006 0.13245000000000004 0.042250000000000003 0.0066500000000000005 0.016050000000000005
decision_type=2 2 2 2 2 2 2
left_child=-1 -2 -3 4 5 -4 -7
right_child=1 2 3 -5 -6 6 -8
leaf_value=-0.00067977598753669259 8.633332969933679e-05 -0.0020139460609025386 -2.4118359694305433e-06 1.1335347963115563e-05 -7.4277182784735326e-05 0.00017309486795481053 0.000466389168972061
leaf_weight=23 24 36 30 34 34 20 28
leaf_count=23 24 36 30 34 34 20 28
internal_value=0 0.00166019 0.00128571 0.00193151 0.00101786 0.002 0.00325
internal_weight=0 206 182 146 112 78 48
internal_count=229 206 182 146 112 78 48
is_linear=0
shrinkage=0.03


Tree=292
num_leaves=9
num_cat=0
split_feature=2 1 1 1 4 0 1 4
split_gain=0.438469 0.269403 0.17109 0.291596 0.173541 0.449123 0.255848 0.116667
threshold=1.0000000180025095e-35 0.00265 0.010200000000000002 0.028450000000000007 0.019350000000000003 0.30040000000000006 0.20785000000000001 0.12835000000000002
decision_type=2 2 2 2 2 2 2 2
left_child=1 -1 -3 -4 -5 -6 -7 -2
right_child=7 2 3 4 5 6 -8 -9
leaf_value=-0.00040875889502872199 -6.9108744564411566e-05 8.6376042319509253e-05 -1.5093791288075295e-05 -0.00033220940849996192 -2.9898716057994312e-05 0.00014619385688869962 8.8681116448394452e-05 8.9395732422266906e-06
leaf_weight=22 28 20 22 22 38 36 21 20
leaf_count=22 28 20 22 22 38 36 21 20
internal_value=0 0.00147514 0.00190566 0.00153237 0.0021282 0.00268421 0.00436842 -0.00175
internal_weight=0 181 159 139 117 95 57 48
internal_count=229 181 159 139 117 95 57 48
is_linear=0
shrinkage=0.03


Tree=293
num_leaves=8
num_cat=0
split_feature=1 4 1 0 1 4 4
split_gain=0.438558 0.233333 0.268262 0.159861 0.133308 0.0777439 0.221591
threshold=0.12140000000000002 0.21895000000000003 0.39040000000000002 0.35520000000000002 0.010200000000000002 0.073350000000000012 0.027000000000000003
decision_type=2 2 2 2 2 2 2
left_child=3 2 -2 -1 -5 6 -6
right_child=1 -3 -4 4 5 -7 -8
leaf_value=5.6027196360716367e-05 0.00010599620256550294 0.00022048602239026642 -0.00066415470397842083 0.00022632720239829297 -0.00011152217404594138 -2.2502163697691282e-05 5.5443679767887085e-06
leaf_weight=38 38 24 22 25 26 34 22
leaf_count=38 38 24 22 25 26 34 22
internal_value=0 0.002 0.000999999 -0.000724139 -0.00131776 -0.00190244 -0.001125
internal_weight=0 84 60 145 107 82 48
internal_count=229 84 60 145 107 82 48
is_linear=0
shrinkage=0.03


Tree=294
num_leaves=8
num_cat=0
split_feature=1 0 2 1 1 1 0
split_gain=0.329701 0.419863 0.462132 0.222505 0.56295 0.347282 0.0256098
threshold=0.0059000000000000016 0.05995000000000001 1.0000000180025095e-35 0.035550000000000005 0.12140000000000002 0.23025000000000004 0.72525000000000006
decision_type=2 2 2 2 2 2 2
left_child=-1 -2 3 -3 -5 -6 -4
right_child=1 2 6 4 5 -7 -8
leaf_value=-0.0001424853738187082 8.4499770335564047e-05 0.0003386433715872168 -0.00028965173166760669 -0.00093510656184445714 0.0032246399401414253 -7.4379405911676383e-05 -1.9300293665294059e-06
leaf_weight=35 23 38 21 38 21 33 20
leaf_count=35 23 38 21 38 21 33 20
internal_value=0 0.00102062 0.000508771 0.00138461 0.000586956 0.00255555 -0.00226829
internal_weight=0 194 171 130 92 54 41
internal_count=229 194 171 130 92 54 41
is_linear=0
shrinkage=0.03


Tree=295
num_leaves=9
num_cat=0
split_feature=1 0 2 3 3 0 0 0
split_gain=0.268386 0.490882 0.35273 0.233684 0.35233 0.240658 0.225 0.0256098
threshold=0.0059000000000000016 0.05995000000000001 1.0000000180025095e-35 0.0066500000000000005 0.042250000000000003 0.52445000000000019 0.84310000000000007 0.72525000000000006
decision_type=2 2 2 2 2 2 2 2
left_child=-1 -2 3 -3 6 -6 -5 -4
right_child=1 2 7 4 5 -7 -8 -9
leaf_value=-0.0001382108126041458 8.1964777225498048e-05 -0.00087525848619625726 -0.00028096217971757486 0.00015422353387841667 0.00019347663801617856 -3.764031683821588e-05 0.00045287384429414053 -1.8721284855329636e-06
leaf_weight=35 23 24 21 20 38 28 20 20
leaf_count=35 23 24 21 20 38 28 20 20
internal_value=0 0.000711339 0.000157894 0.000923076 0.0015283 0.000181817 0.00375 -0.00226829
internal_weight=0 194 171 130 106 66 40 41
internal_count=229 194 171 130 106 66 40 41
is_linear=0
shrinkage=0.03


Tree=296
num_leaves=9
num_cat=0
split_feature=3 1 4 2 0 4 3 4
split_gain=0.310165 0.195124 0.363699 0.132838 0.211347 0.25 0.472727 0.274585
threshold=0.0020500000000000006 0.0059000000000000016 0.44185000000000002 0.00065000000000000008 0.30040000000000006 0.13245000000000004 0.042250000000000003 0.021800000000000003
decision_type=2 2 2 2 2 2 2 2
left_child=-1 -2 3 4 -3 6 7 -6
right_child=1 2 -4 -5 5 -7 -8 -9
leaf_value=5.4177656241929612e-05 -0.00014084820328640486 -0.0085873767794275857 6.301455091695724e-05 -4.9363771773198336e-05 -0.00036865382247683104 6.9593620443648982e-05 -3.22584916270237e-05 0.00014703060977566332
leaf_weight=21 29 26 20 25 24 27 26 31
leaf_count=21 29 26 20 25 24 27 26 31
internal_value=0 0.000317307 0.00068715 0.000207546 0.000582089 0.00116667 0.000333333 0.00190909
internal_weight=0 208 179 159 134 108 81 55
internal_count=229 208 179 159 134 108 81 55
is_linear=0
shrinkage=0.03


Tree=297
num_leaves=9
num_cat=0
split_feature=3 1 4 4 4 0 0 3
split_gain=0.287218 0.190458 0.597884 0.213169 0.222284 0.20374 0.117596 0.109091
threshold=0.0020500000000000006 0.0054500000000000009 0.44185000000000002 0.052500000000000012 0.018350000000000002 0.37620000000000003 0.80525000000000013 0.072800000000000017
decision_type=2 2 2 2 2 2 2 2
left_child=-1 -2 3 4 -3 -5 -6 -7
right_child=1 2 -4 5 6 7 -8 -9
leaf_value=5.2552326554678122e-05 -0.0001491613271267264 -0.00070186498909874926 5.8768219548836119e-05 0.00013957564733832492 2.6900998677679926e-08 -1.1578615245753639e-05 0.00027828920408529243 -0.00015056397717659142
leaf_weight=21 27 26 21 38 21 22 20 33
leaf_count=21 27 26 21 38 21 22 20 33
internal_value=0 0.000461538 0.000812154 0.000187499 0.00147761 -0.000741936 0.00285366 -0.00190909
internal_weight=0 208 181 160 67 93 41 55
internal_count=229 208 181 160 67 93 41 55
is_linear=0
shrinkage=0.03


Tree=298
num_leaves=9
num_cat=0
split_feature=1 4 2 4 1 1 3 1
split_gain=0.370155 0.450932 0.364507 0.240069 0.13363 0.292407 0.26501 0.000865801
threshold=0.0054500000000000009 0.44185000000000002 0.00045000000000000004 0.29375000000000001 0.39040000000000002 0.11500000000000002 0.019650000000000004 0.03815000000000001
decision_type=2 2 2 2 2 2 2 2
left_child=-1 2 3 4 5 6 -2 -8
right_child=1 -3 -4 -5 -6 -7 7 -9
leaf_value=-0.00013706422824075833 0.00015927154146882415 5.7005172962370142e-05 -4.5657655802363416e-05 -0.00053395874503287639 -0.00038503114749251878 0.00013732110437204235 -1.8268586150820652e-05 -0.00014610892635074542
leaf_weight=32 27 21 31 20 21 35 22 20
leaf_count=32 27 21 31 20 21 35 22 20
internal_value=0 0.00141624 0.000920454 0.00155172 0.00204 0.00248077 0.00134783 -0.000142858
internal_weight=0 197 176 145 125 104 69 42
internal_count=229 197 176 145 125 104 69 42
is_linear=0
shrinkage=0.03


Tree=299
num_leaves=9
num_cat=0
split_feature=2 3 1 1 0 3 4 4
split_gain=0.352966 0.237438 0.214074 0.286512 0.322249 0.290575 0.260116 0.116667
threshold=1.0000000180025095e-35 0.0023500000000000001 0.0054500000000000009 0.31080000000000002 0.37620000000000003 0.072800000000000017 0.024850000000000004 0.12835000000000002
decision_type=2 2 2 2 2 2 2 2
left_child=1 -1 -3 4 -4 6 -6 -2
right_child=7 2 3 -5 5 -7 -8 -9
leaf_value=6.252668339649932e-05 -5.6948700783782963e-05 -0.00013752565538301053 0.00017867793080818373 -0.0012649256984325525 -1.6383613748509679e-05 -0.0022734477998677706 0.00012239282781273373 7.8441208739449354e-06
leaf_weight=21 28 25 38 24 22 26 25 20
leaf_count=21 28 25 38 24 22 26 25 20
internal_value=0 0.00114365 0.000749999 0.00122222 0.00186486 0.000698629 0.00210638 -0.00175
internal_weight=0 181 160 135 111 73 47 48
internal_count=229 181 160 135 111 73 47 48
is_linear=0
shrinkage=0.03


end of trees

feature_importances:
Column_1=673
Column_4=458
Column_3=436
Column_0=412
Column_2=175

parameters:
[boosting: gbdt]
[objective: quantile]
[metric: quantile]
[tree_learner: serial]
[device_type: cpu]
[data_sample_strategy: bagging]
[data: ]
[valid: ]
[num_iterations: 300]
[learning_rate: 0.03]
[num_leaves: 15]
[num_threads: 4]
[seed: 42]
[deterministic: 0]
[force_col_wise: 0]
[force_row_wise: 0]
[histogram_pool_size: -1]
[max_depth: -1]
[min_data_in_leaf: 20]
[min_sum_hessian_in_leaf: 0.001]
[bagging_fraction: 1]
[pos_bagging_fraction: 1]
[neg_bagging_fraction: 1]
[bagging_freq: 0]
[bagging_seed: 400]
[feature_fraction: 1]
[feature_fraction_bynode: 1]
[feature_fraction_seed: 30056]
[extra_trees: 0]
[extra_seed: 12879]
[early_stopping_round: 0]
[early_stopping_min_delta: 0]
[first_metric_only: 0]
[max_delta_step: 0]
[lambda_l1: 0]
[lambda_l2: 0]
[linear_lambda: 0]
[min_gain_to_split: 0]
[drop_rate: 0.1]
[max_drop: 50]
[skip_drop: 0.5]
[xgboost_dart_mode: 0]
[uniform_drop: 0]
[drop_seed: 17869]
[top_rate: 0.2]
[other_rate: 0.1]
[min_data_per_group: 100]
[max_cat_threshold: 32]
[cat_l2: 10]
[cat_smooth: 10]
[max_cat_to_onehot: 4]
[top_k: 20]
[monotone_constraints: ]
[monotone_constraints_method: basic]
[monotone_penalty: 0]
[feature_contri: ]
[forcedsplits_filename: ]
[refit_decay_rate: 0.9]
[cegb_tradeoff: 1]
[cegb_penalty_split: 0]
[cegb_penalty_feature_lazy: ]
[cegb_penalty_feature_coupled: ]
[path_smooth: 0]
[interaction_constraints: ]
[verbosity: -1]
[saved_feature_importance_type: 0]
[use_quantized_grad: 0]
[num_grad_quant_bins: 4]
[quant_train_renew_leaf: 0]
[stochastic_rounding: 1]
[linear_tree: 0]
[max_bin: 255]
[max_bin_by_feature: ]
[min_data_in_bin: 3]
[bin_construct_sample_cnt: 200000]
[data_random_seed: 175]
[is_enable_sparse: 1]
[enable_bundle: 1]
[use_missing: 1]
[zero_as_missing: 0]
[feature_pre_filter: 1]
[pre_partition: 0]
[two_round: 0]
[header: 0]
[label_column: ]
[weight_column: ]
[group_column: ]
[ignore_column: ]
[categorical_feature: ]
[forcedbins_filename: ]
[precise_float_parser: 0]
[parser_config_file: ]
[objective_seed: 16083]
[num_class: 1]
[is_unbalance: 0]
[scale_pos_weight: 1]
[sigmoid: 1]
[boost_from_average: 1]
[reg_sqrt: 0]
[alpha: 0.9]
[fair_c: 1]
[poisson_max_delta_step: 0.7]
[tweedie_variance_power: 1.5]
[lambdarank_truncation_level: 30]
[lambdarank_norm: 1]
[label_gain: ]
[lambdarank_position_bias_regularization: 0]
[eval_at: ]
[multi_error_top_k: 1]
[auc_mu_weights: ]
[num_machines: 1]
[local_listen_port: 12400]
[time_out: 120]
[machine_list_filename: ]
[machines: ]
[gpu_platform_id: -1]
[gpu_device_id: -1]
[gpu_use_dp: 0]
[num_gpu: 1]

end of parameters

pandas_categorical:null
