tree
version=v4
num_class=1
num_tree_per_iteration=1
label_index=0
max_feature_idx=4
objective=regression
feature_names=Column_0 Column_1 Column_2 Column_3 Column_4
monotone_constraints=1 -1 -1 0 -1
feature_infos=[0:1] [0:0.94989999999999997] [0:0.69810000000000005] [0:0.67030000000000001] [0:0.87009999999999998]
tree_sizes=845 883 967 884 887 970 887 970 888 968 890 972 889 974 890 973 886 976 889 977 976 805 977 807 978 805 806 880 809 895 978 806 811 892 794 898 798 983 813 811 988 813 902 800 990 811 990 814 818 990 817 819 995 820 995 819 807 998 821 820 999 823 994 819 822 811 823 999 821 823 822 1001 818 996 996 910 995 912 997 910 915 830 912 909 916 914 920 918 833 914 913 832 835 911 830 834 836 918 908 920 837 834 837 992 836 834 838 996 836 839 997 828 921 923 994 826 923 996 924 994 923 829 916 926 826 923 926 925 925 829 926 926 926 926 926 927 914 927 925 925 925 928 841 839 926 918 843 928 925 926 928 922 927 920 929 922 927 929 927 924 929 931 929 844 928 932 930 842 931 932 929 934 843 930 935 839 931 933 838 930 841 933 931 839 935 934 933 842 931 842 922 753 919 921 934 753 934 921 937 755 934 937 921 918 754 935 915 755 847 923 922 756 847 918 756 931 921 935 923 756 935 1012 934 937 937 928 921 756 936 921 838 755 919 919 842 758 930 758 917 929 922 845 844 1013 844 920 847 845 919 844 925 848 923 842 919 847 922 848 926 847 922 847 919 846 927 847 846 920 847 926 844 927 846 926 847 920 845 930 848 927 846 848 930 846 929 850 929 848 926 846 929 848 928 843 925 844 923 847 845 927

Tree=0
num_leaves=9
num_cat=0
split_feature=4 3 0 0 3 0 4 1
split_gain=225.743 23.9787 17.0997 8.42075 3.64981 2.45232 1.75153 1.39684
threshold=0.13245000000000004 0.014050000000000002 0.30040000000000006 0.84310000000000007 0.27420000000000005 0.61930000000000007 0.38120000000000004 0.14375000000000002
decision_type=2 2 2 2 2 2 2 2
left_child=1 7 4 5 6 -3 -2 -1
right_child=2 3 -4 -5 -6 -7 -8 -9
leaf_value=1.9240000432844135 1.8474967092861905 1.8796567094502523 1.8614917093799737 1.9104059948017373 1.8257631383294324 1.8930479592983163 1.8350917096745574 1.9141117099960818
leaf_weight=36 20 20 38 21 21 32 21 20
leaf_count=36 20 20 38 21 21 32 21 20
internal_value=1.87948 1.9057 1.84565 1.89437 1.83593 1.8879 1.84114 1.92047
internal_weight=0 129 100 73 62 52 41 56
internal_count=229 129 100 73 62 52 41 56
is_linear=0
shrinkage=1


Tree=1
num_leaves=9
num_cat=0
split_feature=4 3 0 0 3 0 4 1
split_gain=212.402 22.5615 16.0891 7.92309 3.4341 2.30738 1.64801 1.31429
threshold=0.13245000000000004 0.014050000000000002 0.30040000000000006 0.84310000000000007 0.27420000000000005 0.61930000000000007 0.38120000000000004 0.14375000000000002
decision_type=2 2 2 2 2 2 2 2
left_child=1 7 4 5 6 -3 -2 -1
right_child=2 3 -4 -5 -6 -7 -8 -9
leaf_value=0.043188333325088021 -0.03101990132778883 0.00017529888823628425 -0.017444750674461062 0.030002105406352453 -0.052101465293339318 0.013164810966263757 -0.043052750314985004 0.03359664814174175
leaf_weight=36 20 20 38 21 21 32 21 20
leaf_count=36 20 20 38 21 21 32 21 20
internal_value=0 0.0254383 -0.0328154 0.0144496 -0.0422361 0.00816884 -0.0371831 0.0397627
internal_weight=0 129 100 73 62 52 41 56
internal_count=229 129 100 73 62 52 41 56
is_linear=0
shrinkage=0.03


Tree=2
num_leaves=10
num_cat=0
split_feature=4 0 3 3 3 0 1 4 3
split_gain=199.883 18.9418 16.4066 3.93429 3.4666 3.11923 2.54125 2.4256 0.209256
threshold=0.11175000000000002 0.30040000000000006 0.018400000000000003 0.27420000000000005 0.12600000000000003 0.7360000000000001 0.14630000000000001 0.37555000000000005 0.004850000000000001
decision_type=2 2 2 2 2 2 2 2 2
left_child=2 3 6 7 -3 -4 8 -2 -1
right_child=1 4 5 -5 -6 -7 -8 -9 -10
leaf_value=0.043434350504116578 -0.027403890426669804 -0.0070464033454656601 0.0075159412953588701 -0.050538420506886075 -0.023803335003554818 0.021685556372756071 0.02882902280850844 -0.041658129434693943 0.039194420881569381
leaf_weight=22 21 25 27 21 20 29 22 22 20
leaf_count=22 21 25 27 21 20 29 22 22 20
internal_value=0 -0.0294082 0.0267125 -0.0398948 -0.0144939 0.0148538 0.0370888 -0.0346968 0.0414153
internal_weight=0 109 120 64 45 56 64 43 42
internal_count=229 109 120 64 45 56 64 43 42
is_linear=0
shrinkage=0.03


Tree=3
num_leaves=9
num_cat=0
split_feature=4 3 0 0 3 0 4 3
split_gain=188.459 20.0032 14.1972 7.08952 3.02701 2.09086 1.44455 1.20167
threshold=0.13245000000000004 0.014050000000000002 0.30040000000000006 0.84310000000000007 0.27420000000000005 0.61930000000000007 0.38120000000000004 0.0039500000000000013
decision_type=2 2 2 2 2 2 2 2
left_child=1 7 4 5 6 -3 -2 -1
right_child=2 3 -4 -5 -6 -7 -8 -9
leaf_value=0.042004015445709225 -0.02924580616503954 6.4330905675888048e-05 -0.016471891483586087 0.028326412183897833 -0.049022270185606814 0.012429357256041839 -0.0405114249246461 0.033209187606799188
leaf_weight=27 20 20 38 21 21 32 21 29
leaf_count=27 20 20 38 21 21 32 21 29
internal_value=0 0.0239617 -0.0309106 0.0136148 -0.0397601 0.00767358 -0.035016 0.0374496
internal_weight=0 129 100 73 62 52 41 56
internal_count=229 129 100 73 62 52 41 56
is_linear=0
shrinkage=0.03


Tree=4
num_leaves=9
num_cat=0
split_feature=4 3 0 0 3 0 4 3
split_gain=177.321 18.821 13.3582 6.67053 2.84811 1.96729 1.35918 1.13065
threshold=0.13245000000000004 0.014050000000000002 0.30040000000000006 0.84310000000000007 0.27420000000000005 0.61930000000000007 0.38120000000000004 0.0039500000000000013
decision_type=2 2 2 2 2 2 2 2
left_child=1 7 4 5 6 -3 -2 -1
right_child=2 3 -4 -5 -6 -7 -8 -9
leaf_value=0.040743894577026367 -0.028368432506918905 6.2400117516517648e-05 -0.015977734941008844 0.027476620035512107 -0.047551600592476984 0.012056476640455002 -0.039296082045350754 0.032212911994549731
leaf_weight=27 20 20 38 21 21 32 21 29
leaf_count=27 20 20 38 21 21 32 21 29
internal_value=0 0.0232428 -0.0299832 0.0132064 -0.0385673 0.00744337 -0.0339655 0.0363261
internal_weight=0 129 100 73 62 52 41 56
internal_count=229 129 100 73 62 52 41 56
is_linear=0
shrinkage=0.03


Tree=5
num_leaves=10
num_cat=0
split_feature=4 0 3 3 3 0 1 4 3
split_gain=167.123 15.6475 13.6373 3.26989 3.17904 2.54264 2.26718 2.02563 0.144294
threshold=0.11175000000000002 0.30040000000000006 0.018400000000000003 0.27420000000000005 0.12600000000000003 0.7360000000000001 0.14630000000000001 0.37555000000000005 0.004850000000000001
decision_type=2 2 2 2 2 2 2 2 2
left_child=2 3 6 7 -3 -4 8 -2 -1
right_child=1 4 5 -5 -6 -7 -8 -9 -10
leaf_value=0.039648881459778004 -0.025018320360354014 -0.0062031352914869789 0.0069889393448829646 -0.046125052911894657 -0.022250014096498488 0.019782061230648181 0.026084042421796103 -0.038044423528692937 0.036128068235702811
leaf_weight=22 21 25 27 21 20 29 22 22 20
leaf_count=22 21 25 27 21 20 29 22 22 20
internal_value=0 -0.0268905 0.0244256 -0.0364217 -0.0133351 0.0136139 0.0338857 -0.0316828 0.0379723
internal_weight=0 109 120 64 45 56 64 43 42
internal_count=229 109 120 64 45 56 64 43 42
is_linear=0
shrinkage=0.03


Tree=6
num_leaves=9
num_cat=0
split_feature=4 3 0 0 3 0 4 3
split_gain=157.325 16.6894 11.7901 5.96989 2.51032 1.78364 1.19084 1.01913
threshold=0.13245000000000004 0.014050000000000002 0.30040000000000006 0.84310000000000007 0.27420000000000005 0.61930000000000007 0.38120000000000004 0.0039500000000000013
decision_type=2 2 2 2 2 2 2 2
left_child=1 7 4 5 6 -3 -2 -1
right_child=2 3 -4 -5 -6 -7 -8 -9
leaf_value=0.038407471626996995 -0.026747289597988128 -3.7901949137449267e-05 -0.015084274113178253 0.02594210228749684 -0.044741301451410566 0.011382643984397874 -0.03697586647101811 0.030308148523086102
leaf_weight=27 20 20 38 21 21 32 21 29
leaf_count=27 20 20 38 21 21 32 21 29
internal_value=0 0.0218931 -0.0282421 0.0124421 -0.0363066 0.00699013 -0.0319863 0.0342132
internal_weight=0 129 100 73 62 52 41 56
internal_count=229 129 100 73 62 52 41 56
is_linear=0
shrinkage=0.03


Tree=7
num_leaves=10
num_cat=0
split_feature=4 0 3 0 3 3 4 1 0
split_gain=148.233 13.793 12.0976 4.25596 2.95417 2.89184 1.79616 0.985221 0.332974
threshold=0.11175000000000002 0.30040000000000006 0.014050000000000002 0.84310000000000007 0.12600000000000003 0.27420000000000005 0.37555000000000005 0.14375000000000002 0.67320000000000013
decision_type=2 2 2 2 2 2 2 2 2
left_child=2 5 7 8 -3 6 -2 -1 -4
right_child=1 4 3 -5 -6 -7 -8 -9 -10
leaf_value=0.036152692151566343 -0.023541664640818322 -0.0057233145631849763 0.0058562821894884111 0.025163839438131878 -0.021192255198955533 -0.043399061901228761 -0.035807763019745996 0.02784814739227295 0.011149037541902582
leaf_weight=36 21 25 20 21 20 21 22 20 23
leaf_count=36 21 25 20 21 20 21 22 20 23
internal_value=0 -0.0253253 0.0230038 0.0140937 -0.0125984 -0.0342738 -0.0298173 0.0331868 0.00868729
internal_weight=0 109 120 64 45 64 43 56 43
internal_count=229 109 120 64 45 64 43 56 43
is_linear=0
shrinkage=0.03


Tree=8
num_leaves=9
num_cat=0
split_feature=4 3 0 0 3 0 4 3
split_gain=139.584 14.7175 10.4068 5.25194 2.21234 1.62913 1.04289 0.938809
threshold=0.13245000000000004 0.014050000000000002 0.30040000000000006 0.84310000000000007 0.27420000000000005 0.61930000000000007 0.38120000000000004 0.0039500000000000013
decision_type=2 2 2 2 2 2 2 2
left_child=1 7 4 5 6 -3 -2 -1
right_child=2 3 -4 -5 -6 -7 -8 -9
leaf_value=0.036216803110308116 -0.025220222515985369 -8.3686899393796917e-05 -0.014240224914821353 0.024408924366746628 -0.042097090397562299 0.010830988220404833 -0.03479235778961863 0.028443186567004383
leaf_weight=27 20 20 38 21 21 32 21 29
leaf_count=27 20 20 38 21 21 32 21 29
internal_value=0 0.0206218 -0.0266021 0.0117466 -0.0341788 0.00663304 -0.030123 0.0321912
internal_weight=0 129 100 73 62 52 41 56
internal_count=229 129 100 73 62 52 41 56
is_linear=0
shrinkage=0.03


Tree=9
num_leaves=10
num_cat=0
split_feature=4 0 3 3 3 0 1 4 3
split_gain=131.479 12.1568 10.705 2.74575 2.55776 1.95183 1.92476 1.59316 0.0900331
threshold=0.11175000000000002 0.30040000000000006 0.018400000000000003 0.12600000000000003 0.27420000000000005 0.7360000000000001 0.14630000000000001 0.37555000000000005 0.004850000000000001
decision_type=2 2 2 2 2 2 2 2 2
left_child=2 4 6 -3 7 -4 8 -2 -1
right_child=1 3 5 -5 -6 -7 -8 -9 -10
leaf_value=0.035136106915094639 -0.022150626669504812 -0.0052748357892036437 0.0062813160651259943 -0.020188122311141341 -0.040834177647318164 0.017490027690755909 0.022857990860939027 -0.033702812089838767 0.032354980942793189
leaf_weight=22 21 25 27 20 21 29 22 22 20
leaf_count=22 21 25 27 20 21 29 22 22 20
internal_value=0 -0.0238512 0.0216648 -0.011903 -0.0322522 0.0120858 0.0300464 -0.028061 0.0338118
internal_weight=0 109 120 45 64 56 64 43 42
internal_count=229 109 120 45 64 56 64 43 42
is_linear=0
shrinkage=0.03


Tree=10
num_leaves=9
num_cat=0
split_feature=4 3 0 0 3 0 4 3
split_gain=123.844 13.0501 9.18664 4.70019 1.94951 1.47866 0.912905 0.847897
threshold=0.13245000000000004 0.014050000000000002 0.30040000000000006 0.84310000000000007 0.27420000000000005 0.61930000000000007 0.38120000000000004 0.0039500000000000013
decision_type=2 2 2 2 2 2 2 2
left_child=1 7 4 5 6 -3 -2 -1
right_child=2 3 -4 -5 -6 -7 -8 -9
leaf_value=0.034144428248206772 -0.023781768400222062 -0.00016948065161705015 -0.013442847529720317 0.023045777572052818 -0.039609152419226509 0.0102289163635578 -0.032737503222056798 0.026756784306710652
leaf_weight=27 20 20 38 21 21 32 21 29
leaf_count=27 20 20 38 21 21 32 21 29
internal_value=0 0.0194244 -0.0250574 0.0110671 -0.0321761 0.00622953 -0.0283689 0.0303187
internal_weight=0 129 100 73 62 52 41 56
internal_count=229 129 100 73 62 52 41 56
is_linear=0
shrinkage=0.03


Tree=11
num_leaves=10
num_cat=0
split_feature=4 0 3 3 3 1 0 4 3
split_gain=116.617 10.7137 9.46677 2.55264 2.26254 1.76553 1.70481 1.41359 0.0697695
threshold=0.11175000000000002 0.30040000000000006 0.018400000000000003 0.12600000000000003 0.27420000000000005 0.14630000000000001 0.7360000000000001 0.37555000000000005 0.004850000000000001
decision_type=2 2 2 2 2 2 2 2 2
left_child=2 4 5 -3 7 8 -4 -2 -1
right_child=1 3 6 -5 -6 -7 -8 -9 -10
leaf_value=0.033057691551406275 -0.020840118740286146 -0.0048553356517106296 0.0059708697514401542 -0.019234610812738539 -0.038420877797263005 0.021400971033356406 0.016446318202491463 -0.031721815619279038 0.030609461154788735
leaf_weight=22 21 25 27 20 21 22 29 22 20
leaf_count=22 21 25 27 20 21 22 29 22 20
internal_value=0 -0.0224627 0.0204036 -0.0112461 -0.0303494 0.0282856 0.0113957 -0.0264075 0.0318919
internal_weight=0 109 120 45 64 64 56 43 42
internal_count=229 109 120 45 64 64 56 43 42
is_linear=0
shrinkage=0.03


Tree=12
num_leaves=9
num_cat=0
split_feature=4 3 0 0 3 0 4 1
split_gain=109.88 11.5728 8.11023 4.20743 1.71768 1.34278 0.798717 0.766997
threshold=0.13245000000000004 0.014050000000000002 0.30040000000000006 0.84310000000000007 0.27420000000000005 0.61930000000000007 0.38120000000000004 0.11080000000000002
decision_type=2 2 2 2 2 2 2 2
left_child=1 7 4 5 6 -3 -2 -1
right_child=2 3 -4 -5 -6 -7 -8 -9
leaf_value=0.031708636096483396 -0.022426789714023468 -0.00024842664599418642 -0.012689564965273204 0.021759849137493539 -0.037268251436097279 0.0096606998483184728 -0.030803723345909799 0.024646092903614043
leaf_weight=31 20 20 38 21 21 32 21 25
leaf_count=31 20 20 38 21 21 32 21 25
internal_value=0 0.0182965 -0.0236025 0.0104264 -0.0302911 0.0058495 -0.0267174 0.0285557
internal_weight=0 129 100 73 62 52 41 56
internal_count=229 129 100 73 62 52 41 56
is_linear=0
shrinkage=0.03


Tree=13
num_leaves=10
num_cat=0
split_feature=4 0 3 0 3 3 4 3 0
split_gain=103.434 9.44082 8.39602 3.01283 2.37365 2.00164 1.25472 0.746582 0.192507
threshold=0.11175000000000002 0.30040000000000006 0.014050000000000002 0.84310000000000007 0.12600000000000003 0.27420000000000005 0.37555000000000005 0.0039500000000000013 0.67320000000000013
decision_type=2 2 2 2 2 2 2 2 2
left_child=2 5 7 8 -3 6 -2 -1 -4
right_child=1 4 3 -5 -6 -7 -8 -9 -10
leaf_value=0.031288947862469482 -0.019605477814163479 -0.0044630900555290278 0.0050915551632642738 0.021107054028127875 -0.018329072701279071 -0.036150203772953575 -0.029857471916316582 0.024356717045964864 0.0091159465001977007
leaf_weight=27 21 25 20 21 20 21 22 29 23
leaf_count=27 21 25 20 21 20 21 22 29 23
internal_value=0 -0.021155 0.0192158 0.0117929 -0.0106257 -0.0285583 -0.0248507 0.027699 0.00724414
internal_weight=0 109 120 64 45 64 43 56 43
internal_count=229 109 120 64 45 64 43 56 43
is_linear=0
shrinkage=0.03


Tree=14
num_leaves=9
num_cat=0
split_feature=4 3 0 0 1 3 4 3
split_gain=97.4911 10.2466 7.16063 1.85945 1.70701 1.51322 0.698439 0.0477081
threshold=0.13245000000000004 0.018400000000000003 0.30040000000000006 0.71840000000000004 0.14630000000000001 0.27420000000000005 0.38120000000000004 0.004850000000000001
decision_type=2 2 2 2 2 2 2 2
left_child=1 4 5 -3 7 6 -2 -1
right_child=2 3 -4 -5 -6 -7 -8 -9
leaf_value=0.030185664306310086 -0.021150443393737079 0.0030956694631484047 -0.011977942123286131 0.013368032337299414 0.019054276515608246 -0.035065698112760266 -0.028983887529798916 0.028161173477768899
leaf_weight=22 20 29 38 35 23 21 21 20
leaf_count=22 20 29 38 35 23 21 21 20
internal_value=0 0.0172342 -0.0222321 0.00871337 0.0256239 -0.0285169 -0.0251627 0.0292216
internal_weight=0 129 100 64 65 62 41 42
internal_count=229 129 100 64 65 62 41 42
is_linear=0
shrinkage=0.03


Tree=15
num_leaves=10
num_cat=0
split_feature=4 0 3 0 3 3 4 3 0
split_gain=91.8188 8.3233 7.44307 2.72086 2.21124 1.76576 1.10664 0.675399 0.16535
threshold=0.11175000000000002 0.30040000000000006 0.014050000000000002 0.84310000000000007 0.12600000000000003 0.27420000000000005 0.37555000000000005 0.0039500000000000013 0.67320000000000013
decision_type=2 2 2 2 2 2 2 2 2
left_child=2 5 7 8 -3 6 -2 -1 -4
right_child=1 4 3 -5 -6 -7 -8 -9 -10
leaf_value=0.029506551565395459 -0.018474873251148632 -0.004097281537950039 0.0047980627454817298 0.019967136017179914 -0.017480491854250432 -0.034013726455824712 -0.028102913410826161 0.022913073194694929 0.0085278016004873367
leaf_weight=27 21 25 20 21 20 21 22 29 23
leaf_count=27 21 25 20 21 20 21 22 29 23
internal_value=0 -0.0199318 0.0181047 0.0111158 -0.0100454 -0.0268832 -0.0234008 0.0260921 0.00679304
internal_weight=0 109 120 64 45 64 43 56 43
internal_count=229 109 120 64 45 64 43 56 43
is_linear=0
shrinkage=0.03


Tree=16
num_leaves=9
num_cat=0
split_feature=4 3 0 0 1 3 4 3
split_gain=86.4973 9.08869 6.32277 1.662 1.5512 1.33304 0.610555 0.0353983
threshold=0.13245000000000004 0.018400000000000003 0.30040000000000006 0.71840000000000004 0.14630000000000001 0.27420000000000005 0.38120000000000004 0.004850000000000001
decision_type=2 2 2 2 2 2 2 2
left_child=1 4 5 -3 7 6 -2 -1
right_child=2 3 -4 -5 -6 -7 -8 -9
leaf_value=0.028394896824928847 -0.019947241712361573 0.002897375561939231 -0.011305503094519831 0.012609032404875117 0.017872258907426958 -0.032993315117699755 -0.027271283609526496 0.026651040951255707
leaf_weight=22 20 29 38 35 23 21 21 20
leaf_count=22 20 29 38 35 23 21 21 20
internal_value=0 0.0162334 -0.0209411 0.00820844 0.0241349 -0.0268468 -0.0236986 0.0275645
internal_weight=0 129 100 64 65 62 41 42
internal_count=229 129 100 64 65 62 41 42
is_linear=0
shrinkage=0.03


Tree=17
num_leaves=10
num_cat=0
split_feature=4 0 3 0 3 3 4 3 0
split_gain=81.5089 7.3374 6.59852 2.45747 2.06041 1.55772 0.976196 0.611665 0.141742
threshold=0.11175000000000002 0.30040000000000006 0.014050000000000002 0.84310000000000007 0.12600000000000003 0.27420000000000005 0.37555000000000005 0.0039500000000000013 0.67320000000000013
decision_type=2 2 2 2 2 2 2 2 2
left_child=2 5 7 8 -3 6 -2 -1 -4
right_child=1 4 3 -5 -6 -7 -8 -9 -10
leaf_value=0.027827966378794776 -0.017408872927938187 -0.0037553773563355208 0.0045222750585526229 0.018889550931219544 -0.016674087949097156 -0.032003515873636521 -0.026451674838635052 0.021553291465830186 0.0079755036273728239
leaf_weight=27 21 25 20 21 20 21 22 29 23
leaf_count=27 21 25 20 21 20 21 22 29 23
internal_value=0 -0.0187795 0.017058 0.0104775 -0.00949703 -0.0253062 -0.0220354 0.0245786 0.00636935
internal_weight=0 109 120 64 45 64 43 56 43
internal_count=229 109 120 64 45 64 43 56 43
is_linear=0
shrinkage=0.03


Tree=18
num_leaves=9
num_cat=0
split_feature=4 3 0 0 1 3 4 3
split_gain=76.7417 8.06148 5.58347 1.48552 1.40993 1.17426 0.533547 0.0256113
threshold=0.13245000000000004 0.018400000000000003 0.30040000000000006 0.71840000000000004 0.14630000000000001 0.27420000000000005 0.38120000000000004 0.004850000000000001
decision_type=2 2 2 2 2 2 2 2
left_child=1 4 5 -3 7 6 -2 -1
right_child=2 3 -4 -5 -6 -7 -8 -9
leaf_value=0.026708209893920202 -0.018812994092702866 0.0027115207451299346 -0.010670094770428382 0.011893111336444105 0.016761529798740928 -0.031043410301208493 -0.025659594450678141 0.025224887978285551
leaf_weight=22 20 29 38 35 23 21 21 20
leaf_count=22 20 29 38 35 23 21 21 20
internal_value=0 0.0152906 -0.0197249 0.0077327 0.0227322 -0.0252746 -0.0223198 0.0260019
internal_weight=0 129 100 64 65 62 41 42
internal_count=229 129 100 64 65 62 41 42
is_linear=0
shrinkage=0.03


Tree=19
num_leaves=10
num_cat=0
split_feature=4 0 3 0 3 3 4 3 0
split_gain=72.3578 6.46766 5.85003 2.21981 1.92029 1.37423 0.861279 0.554565 0.121246
threshold=0.11175000000000002 0.30040000000000006 0.014050000000000002 0.84310000000000007 0.12600000000000003 0.27420000000000005 0.37555000000000005 0.0039500000000000013 0.67320000000000013
decision_type=2 2 2 2 2 2 2 2 2
left_child=2 5 7 8 -3 6 -2 -1 -4
right_child=1 4 3 -5 -6 -7 -8 -9 -10
leaf_value=0.026247141493691336 -0.016403787178652627 -0.0034359566397964953 0.004263111110776663 0.017870843767055441 -0.015907679602503777 -0.030112107992172239 -0.024897673109715635 0.020272519016831084 0.0074569262305031652
leaf_weight=27 21 25 20 21 20 21 22 29 23
leaf_count=27 21 25 20 21 20 21 22 29 23
internal_value=0 -0.0176939 0.016072 0.00987593 -0.00897894 -0.0238216 -0.0207495 0.0231531 0.00597143
internal_weight=0 109 120 64 45 64 43 56 43
internal_count=229 109 120 64 45 64 43 56 43
is_linear=0
shrinkage=0.03


Tree=20
num_leaves=10
num_cat=0
split_feature=4 4 0 0 3 4 0 3 3
split_gain=68.085 7.19604 4.93112 2.02692 1.03433 0.747364 0.467126 0.144358 0.0626716
threshold=0.13245000000000004 0.032200000000000006 0.30040000000000006 0.80525000000000013 0.27420000000000005 0.077550000000000022 0.07740000000000001 0.004850000000000001 0.039500000000000007
decision_type=2 2 2 2 2 2 2 2 2
left_child=1 3 4 -1 6 8 -2 -5 -3
right_child=2 5 -4 7 -6 -7 -8 -9 -10
leaf_value=0.014237555465015917 -0.024302612565457817 0.010565505278381434 -0.010069683741189932 0.026641438262803213 -0.029208744508879524 0.0025291327546749795 -0.017896340872560229 0.023267470648884774 0.0082451469004154194
leaf_weight=20 20 22 38 21 21 21 21 25 20
leaf_count=20 20 22 38 21 21 21 21 25 20
internal_value=0 0.0144024 -0.0185791 0.021325 -0.0237945 0.00715009 -0.0210214 0.0248078 0.00946057
internal_weight=0 129 100 66 62 63 41 46 42
internal_count=229 129 100 66 62 63 41 46 42
is_linear=0
shrinkage=0.03


Tree=21
num_leaves=8
num_cat=0
split_feature=4 0 3 0 4 3 3
split_gain=64.191 9.45098 5.72849 2.79311 2.34002 0.426561 0.153838
threshold=0.16300000000000003 0.53380000000000016 0.042250000000000003 0.23015000000000005 0.032200000000000006 0.26200000000000007 0.008550000000000002
decision_type=2 2 2 2 2 2 2
left_child=1 -1 4 5 6 -2 -3
right_child=3 2 -4 -5 -6 -7 -8
leaf_value=-0.0023251297138631344 -0.021737846469177917 0.023492670724551905 0.007309986950120452 -0.013065565849343935 0.012967695146799086 -0.02717590923820223 0.026758435240813661
leaf_weight=29 34 34 33 36 21 21 21
leaf_count=29 34 34 33 36 21 21 21
internal_value=0 0.0128956 0.0169451 -0.019562 0.0214868 -0.0238142 0.0247396
internal_weight=0 138 109 91 76 55 55
internal_count=229 138 109 91 76 55 55
is_linear=0
shrinkage=0.03


Tree=22
num_leaves=10
num_cat=0
split_feature=4 0 3 0 3 3 4 3 0
split_gain=60.4958 5.38101 5.00676 1.88093 1.75175 1.16786 0.764224 0.467958 0.094606
threshold=0.11175000000000002 0.30040000000000006 0.014050000000000002 0.84310000000000007 0.12600000000000003 0.27420000000000005 0.37555000000000005 0.0039500000000000013 0.67320000000000013
decision_type=2 2 2 2 2 2 2 2 2
left_child=2 5 7 8 -3 6 -2 -1 -4
right_child=1 4 3 -5 -6 -7 -8 -9 -10
leaf_value=0.024082856161726847 -0.015004647042291859 -0.0029412583155557512 0.0038545005312189454 0.016317046093089239 -0.014853083549067376 -0.027572864081178393 -0.022850792157379063 0.01859455733977515 0.0066757136032633158
leaf_weight=27 21 25 20 21 20 21 22 29 23
leaf_count=27 21 25 20 21 20 21 22 29 23
internal_value=0 -0.0161846 0.0146897 0.00895765 -0.0082354 -0.0217739 -0.0189418 0.0212407 0.00536352
internal_weight=0 109 120 64 45 64 43 56 43
internal_count=229 109 120 64 45 64 43 56 43
is_linear=0
shrinkage=0.03


Tree=23
num_leaves=8
num_cat=0
split_feature=4 0 3 0 4 3 3
split_gain=57.0797 8.5262 5.11212 2.44151 2.12002 0.367829 0.162088
threshold=0.16300000000000003 0.53380000000000016 0.042250000000000003 0.23015000000000005 0.032200000000000006 0.26200000000000007 0.008550000000000002
decision_type=2 2 2 2 2 2 2
left_child=1 -1 4 5 6 -2 -3
right_child=3 2 -4 -5 -6 -7 -8
leaf_value=-0.0022995717515205513 -0.02049711011788424 0.022108989025959196 0.0068520136697597005 -0.012375851996863882 0.012184033553515161 -0.025546937542302268 0.025461181508643283
leaf_weight=29 34 34 33 36 21 21 21
leaf_count=29 34 34 33 36 21 21 21
internal_value=0 0.0121573 0.0160036 -0.0184496 0.0202928 -0.0224252 0.0233889
internal_weight=0 138 109 91 76 55 55
internal_count=229 138 109 91 76 55 55
is_linear=0
shrinkage=0.03


Tree=24
num_leaves=10
num_cat=0
split_feature=4 0 3 0 3 3 4 3 0
split_gain=53.701 4.76755 4.47761 1.65584 1.60856 1.05778 0.691333 0.423143 0.0734154
threshold=0.11175000000000002 0.30040000000000006 0.014050000000000002 0.84310000000000007 0.12600000000000003 0.27420000000000005 0.37555000000000005 0.0039500000000000013 0.67320000000000013
decision_type=2 2 2 2 2 2 2 2 2
left_child=2 5 7 8 -3 6 -2 -1 -4
right_child=1 4 3 -5 -6 -7 -8 -9 -10
leaf_value=0.022735249706440502 -0.014140666702325687 -0.002695804198051337 0.0037152218325063584 0.015321776207004275 -0.014110400729812681 -0.026031296061617987 -0.021536582586440173 0.017516359765211053 0.0062004714864103685
leaf_weight=27 21 25 20 21 20 21 22 29 23
leaf_count=27 21 25 20 21 20 21 22 29 23
internal_value=0 -0.0152513 0.0138375 0.00841676 -0.00776896 -0.0205124 -0.0178171 0.0200326 0.00504454
internal_weight=0 109 120 64 45 64 43 56 43
internal_count=229 109 120 64 45 64 43 56 43
is_linear=0
shrinkage=0.03


Tree=25
num_leaves=8
num_cat=0
split_feature=4 0 3 0 4 3 3
split_gain=50.758 7.696 4.56087 2.13291 1.9212 0.316597 0.169432
threshold=0.16300000000000003 0.53380000000000016 0.042250000000000003 0.23015000000000005 0.032200000000000006 0.26200000000000007 0.008550000000000002
decision_type=2 2 2 2 2 2 2
left_child=1 -1 4 5 6 -2 -3
right_child=3 2 -4 -5 -6 -7 -8
leaf_value=-0.0022731224826440725 -0.019327460601925851 0.020805105740094886 0.0064215062773851734 -0.011723449086033118 0.011447166034153529 -0.024012432524136134 0.024232402465173178
leaf_weight=29 34 34 33 36 21 21 21
leaf_count=29 34 34 33 36 21 21 21
internal_value=0 0.0114619 0.0151161 -0.0174004 0.0191664 -0.0211163 0.0221137
internal_weight=0 138 109 91 76 55 55
internal_count=229 138 109 91 76 55 55
is_linear=0
shrinkage=0.03


Tree=26
num_leaves=8
num_cat=0
split_feature=4 0 3 0 4 3 3
split_gain=47.7427 7.23623 4.3032 2.00686 1.80766 0.297886 0.159419
threshold=0.16300000000000003 0.53380000000000016 0.042250000000000003 0.23015000000000005 0.032200000000000006 0.26200000000000007 0.008550000000000002
decision_type=2 2 2 2 2 2 2
left_child=1 -1 4 5 6 -2 -3
right_child=3 2 -4 -5 -6 -7 -8
leaf_value=-0.002204928780938017 -0.018747636750340461 0.020180952231235363 0.0062259855242584542 -0.01137174589637046 0.011103751446519579 -0.023292059621640614 0.023505430115120751
leaf_weight=29 34 34 33 36 21 21 21
leaf_count=29 34 34 33 36 21 21 21
internal_value=0 0.0111135 0.0146569 -0.0168784 0.0185914 -0.0204828 0.0214503
internal_weight=0 138 109 91 76 55 55
internal_count=229 138 109 91 76 55 55
is_linear=0
shrinkage=0.03


Tree=27
num_leaves=9
num_cat=0
split_feature=4 4 3 0 0 3 3 3
split_gain=44.972 4.00627 3.80786 1.3709 1.36051 0.368861 0.336247 0.0474827
threshold=0.11175000000000002 0.20365000000000003 0.014050000000000002 0.2109 0.84310000000000007 0.0039500000000000013 0.26200000000000007 0.052500000000000012
decision_type=2 2 2 2 2 2 2 2
left_child=2 -2 5 6 7 -1 -3 -4
right_child=1 3 4 -5 -6 -7 -8 -9
leaf_value=0.020894609735243846 -0.0039385230352895128 -0.018356410101056098 0.0056229485518166002 -0.012413225958589465 0.013918354596410479 0.016021954965745582 -0.02337821450829506 0.0036285955962640317
leaf_weight=27 27 30 21 32 21 29 20 22
leaf_count=27 27 30 21 32 21 29 20 22
internal_value=0 -0.0139617 0.0126582 -0.0172619 0.00765932 0.0183713 -0.0203651 0.00460258
internal_weight=0 109 120 82 64 56 50 43
internal_count=229 109 120 82 64 56 50 43
is_linear=0
shrinkage=0.03


Tree=28
num_leaves=8
num_cat=0
split_feature=4 0 3 0 4 3 3
split_gain=42.3206 6.62575 3.82362 1.78485 1.64053 0.258054 0.165666
threshold=0.16300000000000003 0.53380000000000016 0.042250000000000003 0.23015000000000005 0.032200000000000006 0.26200000000000007 0.008550000000000002
decision_type=2 2 2 2 2 2 2
left_child=1 -1 4 5 6 -2 -3
right_child=3 2 -4 -5 -6 -7 -8
leaf_value=-0.0022834842761271985 -0.017677924370064452 0.018987379865446949 0.0057839622659432233 -0.010700570167973636 0.010424709394574166 -0.021907615512609481 0.022376366364104408
leaf_weight=29 34 34 33 36 21 21 21
leaf_count=29 34 34 33 36 21 21 21
internal_value=0 0.0104607 0.0138514 -0.0158937 0.0175578 -0.0192929 0.0202814
internal_weight=0 138 109 91 76 55 55
internal_count=229 138 109 91 76 55 55
is_linear=0
shrinkage=0.03


Tree=29
num_leaves=9
num_cat=0
split_feature=4 4 3 3 0 0 3 3
split_gain=39.9248 3.63016 3.41989 2.68006 2.52968 0.556421 0.195428 0.159485
threshold=0.11175000000000002 0.31405000000000005 0.010600000000000002 0.15935000000000002 0.86670000000000014 0.090150000000000008 0.0039500000000000013 0.049800000000000004
decision_type=2 2 2 2 2 2 2 2
left_child=2 3 6 -2 7 -3 -1 -4
right_child=1 5 4 -5 -6 -7 -8 -9
leaf_value=0.019731298994479906 -0.0022184986045912787 -0.021438859328627585 0.0057419151999056339 -0.013106667518248837 0.016455214156636172 -0.015394937843084334 0.015922220450910653 0.002353271282929927
leaf_weight=27 34 29 25 20 21 26 22 25
leaf_count=27 34 29 25 20 21 26 22 25
internal_value=0 -0.0131569 0.0119248 -0.0076316 0.00771745 -0.0185817 0.0180211 0.00404759
internal_weight=0 109 120 54 71 55 49 50
internal_count=229 109 120 54 71 55 49 50
is_linear=0
shrinkage=0.03


Tree=30
num_leaves=10
num_cat=0
split_feature=4 0 3 0 3 3 0 3 3
split_gain=37.6286 3.47592 3.21778 2.38018 1.34207 0.810271 0.577281 0.183878 0.150059
threshold=0.11175000000000002 0.30040000000000006 0.010600000000000002 0.86670000000000014 0.12600000000000003 0.27420000000000005 0.07740000000000001 0.0039500000000000013 0.049800000000000004
decision_type=2 2 2 2 2 2 2 2 2
left_child=2 5 7 8 -3 6 -2 -1 -4
right_child=1 4 3 -5 -6 -7 -8 -9 -10
leaf_value=0.01913935880901085 -0.018645700111985207 -0.0017549663431942462 0.0055696574561297889 0.015961557815649677 -0.011834353457709463 -0.022105175107717513 -0.011834353457709463 0.015444554092193192 0.0022826732374146559
leaf_weight=27 20 25 25 21 20 21 23 22 25
leaf_count=27 20 25 25 21 20 21 23 22 25
internal_value=0 -0.0127827 0.011567 0.00748593 -0.0063938 -0.0172749 -0.0149159 0.0174805 0.00392617
internal_weight=0 109 120 71 45 64 43 49 50
internal_count=229 109 120 71 45 64 43 49 50
is_linear=0
shrinkage=0.03


Tree=31
num_leaves=8
num_cat=0
split_feature=4 0 3 0 4 3 3
split_gain=35.5754 5.82055 3.1722 1.49557 1.42247 0.20545 0.181725
threshold=0.16300000000000003 0.53380000000000016 0.042250000000000003 0.23015000000000005 0.032200000000000006 0.26200000000000007 0.008550000000000002
decision_type=2 2 2 2 2 2 2
left_child=1 -1 4 5 6 -2 -3
right_child=3 2 -4 -5 -6 -7 -8
leaf_value=-0.00236559119428797 -0.016254522971370641 0.017311228938839015 0.0051957779720923376 -0.0098302667960524556 0.0094882342871278526 -0.020028561454798491 0.02086067355104855
leaf_weight=29 34 34 33 36 21 21 21
leaf_count=29 34 34 33 36 21 21 21
internal_value=0 0.00957918 0.0127571 -0.014584 0.0161304 -0.0176955 0.0186665
internal_weight=0 138 109 91 76 55 55
internal_count=229 138 109 91 76 55 55
is_linear=0
shrinkage=0.03


Tree=32
num_leaves=8
num_cat=0
split_feature=4 0 3 0 4 3 3
split_gain=33.4687 5.47515 2.98808 1.40718 1.33841 0.193308 0.170985
threshold=0.16300000000000003 0.53380000000000016 0.042250000000000003 0.23015000000000005 0.032200000000000006 0.26200000000000007 0.008550000000000002
decision_type=2 2 2 2 2 2 2
left_child=1 -1 4 5 6 -2 -3
right_child=3 2 -4 -5 -6 -7 -8
leaf_value=-0.0022946235161788501 -0.01576688725501299 0.016791892220430513 0.0050389632589663775 -0.0095353589827815704 0.0092035872061803411 -0.019427704869636468 0.020234853199550082
leaf_weight=29 34 34 33 36 21 21 21
leaf_count=29 34 34 33 36 21 21 21
internal_value=0 0.00929032 0.0123726 -0.0141465 0.0156465 -0.0171647 0.0181065
internal_weight=0 138 109 91 76 55 55
internal_count=229 138 109 91 76 55 55
is_linear=0
shrinkage=0.03


Tree=33
num_leaves=9
num_cat=0
split_feature=4 4 3 3 0 0 3 3
split_gain=31.5172 3.00544 2.79137 2.36551 2.0113 0.421745 0.152471 0.121412
threshold=0.11175000000000002 0.31405000000000005 0.010600000000000002 0.15935000000000002 0.86670000000000014 0.090150000000000008 0.0039500000000000013 0.049800000000000004
decision_type=2 2 2 2 2 2 2 2
left_child=2 3 6 -2 7 -3 -1 -4
right_child=1 5 4 -5 -6 -7 -8 -9
leaf_value=0.017602278739213943 -0.0015540001393460176 -0.019124301784382812 0.004988900337740779 -0.011655125350503231 0.014574137486384382 -0.013862407388022311 0.01423778979933228 0.0020322685528546573
leaf_weight=27 34 29 25 20 21 26 22 25
leaf_count=27 34 29 25 20 21 26 22 25
internal_value=0 -0.0117008 0.010584 -0.00667339 0.0067829 -0.0166369 0.0160917 0.00351058
internal_weight=0 109 120 54 71 55 49 50
internal_count=229 109 120 54 71 55 49 50
is_linear=0
shrinkage=0.03


Tree=34
num_leaves=8
num_cat=0
split_feature=4 0 3 4 0 3 3
split_gain=29.7531 4.9973 2.6502 1.28275 1.2742 0.265398 0.172778
threshold=0.16300000000000003 0.53380000000000016 0.046950000000000013 0.032200000000000006 0.2109 0.26200000000000007 0.008550000000000002
decision_type=2 2 2 2 2 2 2
left_child=1 -1 3 6 5 -2 -3
right_child=4 2 -4 -5 -6 -7 -8
leaf_value=-0.0022999039247020856 -0.014701904519037766 0.015786785202867845 0.0046968237768207294 0.0087959913519443933 -0.009156265597496379 -0.019081520518404432 0.019247758759052627
leaf_weight=29 33 34 30 24 38 20 21
leaf_count=29 33 34 30 24 38 20 21
internal_value=0 0.00874889 0.0116936 0.014583 -0.0133487 -0.0163546 0.0171082
internal_weight=0 138 109 79 91 53 55
internal_count=229 138 109 79 91 53 55
is_linear=0
shrinkage=0.03


Tree=35
num_leaves=9
num_cat=0
split_feature=4 4 3 3 0 0 3 3
split_gain=28.0225 2.67469 2.52684 2.20235 1.79475 0.373261 0.134764 0.104465
threshold=0.11175000000000002 0.31405000000000005 0.010600000000000002 0.15935000000000002 0.86670000000000014 0.090150000000000008 0.0039500000000000013 0.049800000000000004
decision_type=2 2 2 2 2 2 2 2
left_child=2 3 6 -2 7 -3 -1 -4
right_child=1 5 4 -5 -6 -7 -8 -9
leaf_value=0.016628470545013745 -0.0013387021783958463 -0.018041556075472257 0.0046317057453095908 -0.011001833985079869 0.013711428328284194 -0.013091353484644339 0.013465372207151218 0.0018891681008040904
leaf_weight=27 34 29 25 20 21 26 22 25
leaf_count=27 34 29 25 20 21 26 22 25
internal_value=0 -0.0110449 0.00996807 -0.00630221 0.00635158 -0.0157015 0.0152083 0.00326044
internal_weight=0 109 120 54 71 55 49 50
internal_count=229 109 120 54 71 55 49 50
is_linear=0
shrinkage=0.03


Tree=36
num_leaves=8
num_cat=0
split_feature=4 0 3 4 0 3 3
split_gain=26.4441 4.56022 2.35313 1.15315 1.1518 0.233863 0.173999
threshold=0.16300000000000003 0.53380000000000016 0.046950000000000013 0.032200000000000006 0.2109 0.26200000000000007 0.008550000000000002
decision_type=2 2 2 2 2 2 2
left_child=1 -1 3 6 5 -2 -3
right_child=4 2 -4 -5 -6 -7 -8
leaf_value=-0.0021803833199090937 -0.013903161510825155 0.014839445959557504 0.0044343578102003806 0.0082844034186564386 -0.0086106947932000216 -0.018014357574284077 0.018312624951026271
leaf_weight=29 33 34 30 24 38 20 21
leaf_count=29 33 34 30 24 38 20 21
internal_value=0 0.00823591 0.0110491 0.0137713 -0.0125967 -0.0154546 0.0161656
internal_weight=0 138 109 79 91 53 55
internal_count=229 138 109 79 91 53 55
is_linear=0
shrinkage=0.03


Tree=37
num_leaves=10
num_cat=0
split_feature=4 0 3 0 3 3 0 3 3
split_gain=24.9168 2.44412 2.28901 1.60086 1.06309 0.597958 0.475265 0.11923 0.089713
threshold=0.11175000000000002 0.30040000000000006 0.010600000000000002 0.86670000000000014 0.12600000000000003 0.27420000000000005 0.07740000000000001 0.0039500000000000013 0.049800000000000004
decision_type=2 2 2 2 2 2 2 2 2
left_child=2 5 7 8 -3 6 -2 -1 -4
right_child=1 4 3 -5 -6 -7 -8 -9 -10
leaf_value=0.015710627424220244 -0.015565767891705036 -0.00092931721508502957 0.0042965488906949751 0.01289614113180765 -0.0096319101679546281 -0.018343521005340983 -0.0096319101679546281 0.012735407305458052 0.0017550263375043869
leaf_weight=27 20 25 25 21 20 21 23 22 25
leaf_count=27 20 25 25 21 20 21 23 22 25
internal_value=0 -0.0104271 0.00938729 0.00594519 -0.00506976 -0.0141941 -0.0121676 0.0143748 0.00302579
internal_weight=0 109 120 71 45 64 43 49 50
internal_count=229 109 120 71 45 64 43 49 50
is_linear=0
shrinkage=0.03


Tree=38
num_leaves=8
num_cat=0
split_feature=4 0 3 4 4 0 3
split_gain=23.5134 4.13573 2.08615 1.03659 1.01518 0.294849 0.174691
threshold=0.16300000000000003 0.53380000000000016 0.046950000000000013 0.032200000000000006 0.31405000000000005 0.090150000000000008 0.008550000000000002
decision_type=2 2 2 2 2 2 2
left_child=1 -1 3 6 -2 -6 -3
right_child=4 2 -4 -5 5 -7 -8
leaf_value=-0.0020589624639055894 -0.0079645865420267595 0.013946570171700682 0.0041918485696456316 0.0078030969016253948 -0.016524494384768707 -0.012124860159193094 0.017426650636895958
leaf_weight=29 36 34 30 24 29 26 21
leaf_count=29 36 34 30 24 29 26 21
internal_value=0 0.00776319 0.0104427 0.0130053 -0.0118811 -0.0144447 0.0152753
internal_weight=0 138 109 79 91 55 55
internal_count=229 138 109 79 91 55 55
is_linear=0
shrinkage=0.03


Tree=39
num_leaves=8
num_cat=0
split_feature=4 0 3 4 0 3 4
split_gain=22.1126 3.89334 1.969 0.975323 0.968139 0.164367 0.118686
threshold=0.16300000000000003 0.53380000000000016 0.046950000000000013 0.032200000000000006 0.23015000000000005 0.008550000000000002 0.51200000000000012
decision_type=2 2 2 2 2 2 2
left_child=1 -1 3 5 6 -3 -2
right_child=4 2 -4 -5 -6 -7 -8
leaf_value=-0.0019996003315690199 -0.012974672633356282 0.013528173452873221 0.0040628361972834884 0.007569004097022115 -0.0076999669646223377 0.016903850981699567 -0.015871700931340455
leaf_weight=29 35 34 30 24 36 21 20
leaf_count=29 35 34 30 24 36 21 20
internal_value=0 0.00752548 0.0101253 0.0126151 -0.0115247 0.0148171 -0.0140281
internal_weight=0 138 109 79 91 55 55
internal_count=229 138 109 79 91 55 55
is_linear=0
shrinkage=0.03


Tree=40
num_leaves=10
num_cat=0
split_feature=4 0 3 0 3 3 0 3 3
split_gain=20.8515 2.07586 2.00025 1.35281 0.960427 0.549228 0.422385 0.0994089 0.0699291
threshold=0.11175000000000002 0.30040000000000006 0.010600000000000002 0.86670000000000014 0.12600000000000003 0.27420000000000005 0.07740000000000001 0.0039500000000000013 0.049800000000000004
decision_type=2 2 2 2 2 2 2 2 2
left_child=2 5 7 8 -3 6 -2 -1 -4
right_child=1 4 3 -5 -6 -7 -8 -9 -10
leaf_value=0.014463550615020923 -0.014289909850805999 -0.00066342328526079655 0.0038020234163850543 0.011753595968974488 -0.0088116969744854341 -0.016992910464427299 -0.0088116969744854341 0.011746869359525259 0.0015581663802266121
leaf_weight=27 20 25 25 21 20 21 23 22 25
leaf_count=27 20 25 25 21 20 21 23 22 25
internal_value=0 -0.00954458 0.00858148 0.00536381 -0.00460727 -0.0130161 -0.011074 0.0132438 0.00268009
internal_weight=0 109 120 71 45 64 43 49 50
internal_count=229 109 120 71 45 64 43 49 50
is_linear=0
shrinkage=0.03


Tree=41
num_leaves=8
num_cat=0
split_feature=4 0 3 4 4 0 3
split_gain=19.6584 3.53258 1.74545 0.903145 0.876152 0.232726 0.164751
threshold=0.16300000000000003 0.53380000000000016 0.046950000000000013 0.31405000000000005 0.032200000000000006 0.090150000000000008 0.008550000000000002
decision_type=2 2 2 2 2 2 2
left_child=1 -1 4 -2 6 -5 -3
right_child=3 2 -4 5 -6 -7 -8
leaf_value=-0.001888365826284828 -0.0071752110542729498 0.012709994735196233 0.0038406156698135756 -0.015135058569240158 0.007130698077380657 -0.011226292436208147 0.016089613128985675
leaf_weight=29 36 34 30 29 24 26 21
leaf_count=29 36 34 30 29 24 26 21
internal_value=0 0.00709259 0.0095696 -0.0108693 0.0119134 -0.0132873 0.0140004
internal_weight=0 138 109 91 79 55 55
internal_count=229 138 109 91 79 55 55
is_linear=0
shrinkage=0.03


Tree=42
num_leaves=9
num_cat=0
split_feature=4 4 3 3 0 0 3 3
split_gain=18.5017 1.87114 1.81823 1.81555 1.20589 0.218972 0.0881547 0.0597022
threshold=0.11175000000000002 0.31405000000000005 0.15935000000000002 0.010600000000000002 0.86670000000000014 0.090150000000000008 0.0039500000000000013 0.049800000000000004
decision_type=2 2 2 2 2 2 2 2
left_child=3 2 -2 6 7 -3 -1 -5
right_child=1 5 -4 4 -6 -7 -8 -9
leaf_value=0.013670764337811205 -0.00045683145973913705 -0.014681006995639923 -0.008957877437649954 0.0035176222365349528 0.011047586118469812 -0.010889503613580018 0.011112479359250176 0.0014443264693021775
leaf_weight=27 34 29 20 25 21 26 22 25
leaf_count=27 34 29 20 25 21 26 22 25
internal_value=0 -0.00899394 -0.00502709 0.00808028 0.00501476 -0.0128887 0.0125221 0.00248097
internal_weight=0 109 54 120 71 55 49 50
internal_count=229 109 54 120 71 55 49 50
is_linear=0
shrinkage=0.03


Tree=43
num_leaves=8
num_cat=0
split_feature=4 0 3 4 0 3 3
split_gain=17.4697 3.22977 1.55016 0.786936 0.781156 0.167354 0.164708
threshold=0.16300000000000003 0.53380000000000016 0.046950000000000013 0.032200000000000006 0.2109 0.26200000000000007 0.008550000000000002
decision_type=2 2 2 2 2 2 2
left_child=1 -1 3 6 5 -2 -3
right_child=4 2 -4 -5 -6 -7 -8
leaf_value=-0.0017930231887210426 -0.011300448599186811 0.011938887997256483 0.003624898412054065 0.0067185695329681034 -0.0069766990205665166 -0.01477825647778809 0.015318062073950258
leaf_weight=29 33 34 30 24 38 20 21
leaf_count=29 33 34 30 24 38 20 21
internal_value=0 0.00667323 0.00904282 0.0112512 -0.0102593 -0.0126128 0.0132291
internal_weight=0 138 109 79 91 53 55
internal_count=229 138 109 79 91 53 55
is_linear=0
shrinkage=0.03


Tree=44
num_leaves=10
num_cat=0
split_feature=4 0 3 0 3 3 0 3 3
split_gain=16.4565 1.71264 1.64919 1.07439 0.834887 0.466484 0.369601 0.0782739 0.0508385
threshold=0.11175000000000002 0.30040000000000006 0.010600000000000002 0.86670000000000014 0.12600000000000003 0.27420000000000005 0.07740000000000001 0.0039500000000000013 0.049800000000000004
decision_type=2 2 2 2 2 2 2 2 2
left_child=2 5 7 8 -3 6 -2 -1 -4
right_child=1 4 3 -5 -6 -7 -8 -9 -10
leaf_value=0.012923532879600921 -0.012877624025568366 -0.00044373020739935429 0.0032509700808674097 0.010380440074950457 -0.0078294954258556863 -0.015313422783178146 -0.0078294954258556863 0.010512881203639236 0.0013377602532505988
leaf_weight=27 20 25 25 21 20 21 23 22 25
leaf_count=27 20 25 25 21 20 21 23 22 25
internal_value=0 -0.00849518 0.00760772 0.00468602 -0.00401057 -0.0116484 -0.00985853 0.0118412 0.00229437
internal_weight=0 109 120 71 45 64 43 49 50
internal_count=229 109 120 71 45 64 43 49 50
is_linear=0
shrinkage=0.03


Tree=45
num_leaves=8
num_cat=0
split_feature=4 0 3 4 4 3 3
split_gain=15.5259 2.93485 1.3736 0.736629 0.706624 0.232034 0.164276
threshold=0.16300000000000003 0.53380000000000016 0.046950000000000013 0.31405000000000005 0.032200000000000006 0.11965000000000002 0.008550000000000002
decision_type=2 2 2 2 2 2 2
left_child=1 -1 4 -2 6 -5 -3
right_child=3 2 -4 5 -6 -7 -8
leaf_value=-0.0016932459544361299 -0.0063383877052304643 0.011212158497861203 0.0034273781946926093 -0.01443603426462505 0.006331308037042618 -0.010385339297354221 0.014586900722767625
leaf_weight=29 36 34 30 20 24 35 21
leaf_count=29 36 34 30 20 24 35 21
internal_value=0 0.00628812 0.008548 -0.00967461 0.0106265 -0.0118583 0.0125007
internal_weight=0 138 109 91 79 55 55
internal_count=229 138 109 91 79 55 55
is_linear=0
shrinkage=0.03


Tree=46
num_leaves=10
num_cat=0
split_feature=4 0 3 0 3 3 0 3 3
split_gain=14.598 1.55503 1.49932 0.956777 0.779139 0.442387 0.343833 0.0695989 0.0431735
threshold=0.11175000000000002 0.30040000000000006 0.010600000000000002 0.86670000000000014 0.12600000000000003 0.27420000000000005 0.07740000000000001 0.0039500000000000013 0.049800000000000004
decision_type=2 2 2 2 2 2 2 2 2
left_child=2 5 7 8 -3 6 -2 -1 -4
right_child=1 4 3 -5 -6 -7 -8 -9 -10
leaf_value=0.012219224837608636 -0.012186663634143769 -0.00042108596927954169 0.0030009107636287807 0.009750008732080458 -0.0073699506412570667 -0.014578002920108182 -0.0073699506412570667 0.0099460788443684577 0.001237819191813469
leaf_weight=27 20 25 25 21 20 21 23 22 25
leaf_count=27 20 25 25 21 20 21 23 22 25
internal_value=0 -0.00800427 0.00716209 0.00437632 -0.00373099 -0.0110089 -0.00926587 0.0111986 0.00211936
internal_weight=0 109 120 71 45 64 43 49 50
internal_count=229 109 120 71 45 64 43 49 50
is_linear=0
shrinkage=0.03


Tree=47
num_leaves=8
num_cat=0
split_feature=4 0 3 4 4 3 3
split_gain=13.796 2.6687 1.21664 0.673932 0.634334 0.234849 0.163493
threshold=0.16300000000000003 0.53380000000000016 0.046950000000000013 0.31405000000000005 0.032200000000000006 0.11965000000000002 0.008550000000000002
decision_type=2 2 2 2 2 2 2
left_child=1 -1 4 -2 6 -5 -3
right_child=3 2 -4 5 -6 -7 -8
leaf_value=-0.0015986336506524669 -0.0059311437048017975 0.010527269126956952 0.0032412925807856559 -0.01380424242094159 0.0059674332919530566 -0.0097290556555879974 0.013893959330660954
leaf_weight=29 36 34 30 20 24 35 21
leaf_count=29 36 34 30 20 24 35 21
internal_value=0 0.00592496 0.00808122 -0.00912223 0.0100369 -0.0112109 0.0118127
internal_weight=0 138 109 91 79 55 55
internal_count=229 138 109 91 79 55 55
is_linear=0
shrinkage=0.03


Tree=48
num_leaves=8
num_cat=0
split_feature=4 0 3 4 4 3 3
split_gain=12.9706 2.51798 1.14771 0.634102 0.596845 0.220969 0.153831
threshold=0.16300000000000003 0.53380000000000016 0.046950000000000013 0.31405000000000005 0.032200000000000006 0.11965000000000002 0.008550000000000002
decision_type=2 2 2 2 2 2 2
left_child=1 -1 4 -2 6 -5 -3
right_child=3 2 -4 5 -6 -7 -8
leaf_value=-0.0015535173232600842 -0.0057532094496612748 0.010211450676159823 0.0031413519364622586 -0.013390114980982616 0.0057884104078402745 -0.0094371838963457511 0.013477140462824276
leaf_weight=29 36 34 30 20 24 35 21
leaf_count=29 36 34 30 20 24 35 21
internal_value=0 0.00574153 0.00783622 -0.00884856 0.00973584 -0.0108746 0.0114584
internal_weight=0 138 109 91 79 55 55
internal_count=229 138 109 91 79 55 55
is_linear=0
shrinkage=0.03


Tree=49
num_leaves=10
num_cat=0
split_feature=4 0 3 0 3 3 0 3 3
split_gain=12.2047 1.36991 1.31986 0.805702 0.716068 0.422116 0.314575 0.0586701 0.0331528
threshold=0.11175000000000002 0.30040000000000006 0.010600000000000002 0.86670000000000014 0.12600000000000003 0.27420000000000005 0.07740000000000001 0.0039500000000000013 0.037750000000000006
decision_type=2 2 2 2 2 2 2 2 2
left_child=2 5 7 8 -3 6 -2 -1 -4
right_child=1 4 3 -5 -6 -7 -8 -9 -10
leaf_value=0.011267012887530858 -0.011253139412496237 -0.00039105939188648493 0.00095004333116646309 0.0088601709263665344 -0.0067294540755933659 -0.013631306198824729 -0.0067294540755933659 0.0091799544847824353 0.0025152007349092385
leaf_weight=27 20 25 21 21 20 21 23 22 29
leaf_count=27 20 25 21 21 20 21 23 22 29
internal_value=0 -0.00732482 0.0065427 0.00392895 -0.00331396 -0.010145 -0.00844231 0.01033 0.00185783
internal_weight=0 109 120 71 45 64 43 49 50
internal_count=229 109 120 71 45 64 43 49 50
is_linear=0
shrinkage=0.03


Tree=50
num_leaves=8
num_cat=0
split_feature=4 0 3 4 4 3 3
split_gain=11.5202 2.28906 1.02624 0.579926 0.532137 0.223029 0.153885
threshold=0.16300000000000003 0.53380000000000016 0.046950000000000013 0.31405000000000005 0.032200000000000006 0.11965000000000002 0.008550000000000002
decision_type=2 2 2 2 2 2 2
left_child=1 -1 4 -2 6 -5 -3
right_child=3 2 -4 5 -6 -7 -8
leaf_value=-0.0014657223711309337 -0.0053806425941487152 0.0095836706152733625 0.0029711385373279251 -0.012805582447908819 0.0054770231712609526 -0.0088342660982161769 0.012849937698670795
leaf_weight=29 36 34 30 20 24 35 21
leaf_count=29 36 34 30 20 24 35 21
internal_value=0 0.00540937 0.007408 -0.00834081 0.00920433 -0.0102784 0.0108308
internal_weight=0 138 109 91 79 55 55
internal_count=229 138 109 91 79 55 55
is_linear=0
shrinkage=0.03


Tree=51
num_leaves=8
num_cat=0
split_feature=4 0 3 4 4 3 3
split_gain=10.8297 2.16096 0.968167 0.545652 0.500688 0.209848 0.14479
threshold=0.16300000000000003 0.53380000000000016 0.046950000000000013 0.31405000000000005 0.032200000000000006 0.11965000000000002 0.008550000000000002
decision_type=2 2 2 2 2 2 2
left_child=1 -1 4 -2 6 -5 -3
right_child=3 2 -4 5 -6 -7 -8
leaf_value=-0.0014247156883965453 -0.0052192234324320444 0.0092961604301543804 0.0028793102160989252 -0.012421414956450461 0.0053127122006844723 -0.0085692382228693791 0.012464439448501383
leaf_weight=29 36 34 30 20 24 35 21
leaf_count=29 36 34 30 20 24 35 21
internal_value=0 0.00524116 0.00718334 -0.00809059 0.0089282 -0.00997003 0.0105059
internal_weight=0 138 109 91 79 55 55
internal_count=229 138 109 91 79 55 55
is_linear=0
shrinkage=0.03


Tree=52
num_leaves=10
num_cat=0
split_feature=4 0 3 0 3 3 0 3 3
split_gain=10.1987 1.20948 1.1651 0.677863 0.657227 0.403521 0.287861 0.0496518 0.0362171
threshold=0.11175000000000002 0.30040000000000006 0.010600000000000002 0.86670000000000014 0.12600000000000003 0.27420000000000005 0.07740000000000001 0.0039500000000000013 0.037750000000000006
decision_type=2 2 2 2 2 2 2 2 2
left_child=2 5 7 8 -3 6 -2 -1 -4
right_child=1 4 3 -5 -6 -7 -8 -9 -10
leaf_value=0.010395785253494976 -0.010394295813515782 -0.00036292759240968059 0.00067119682872934002 0.0080428483869348262 -0.0061418966809554448 -0.012759872999574456 -0.0061418966809554448 0.0084758185307410618 0.0023070889428771775
leaf_weight=27 20 25 21 21 20 21 23 22 29
leaf_count=27 20 25 21 21 20 21 23 22 29
internal_value=0 -0.00670131 0.00597546 0.00351973 -0.00293262 -0.00935117 -0.00768645 0.00953376 0.00162001
internal_weight=0 109 120 71 45 64 43 49 50
internal_count=229 109 120 71 45 64 43 49 50
is_linear=0
shrinkage=0.03


Tree=53
num_leaves=8
num_cat=0
split_feature=4 0 3 4 4 3 3
split_gain=9.61381 1.96551 0.865924 0.498833 0.445846 0.211277 0.144729
threshold=0.16300000000000003 0.53380000000000016 0.046950000000000013 0.31405000000000005 0.032200000000000006 0.11965000000000002 0.008550000000000002
decision_type=2 2 2 2 2 2 2
left_child=1 -1 4 -2 6 -5 -3
right_child=3 2 -4 5 -6 -7 -8
leaf_value=-0.0013432940962125679 -0.0048784102454859143 0.0087206487817799352 0.002723911933067345 -0.011880544636398553 0.0050295976968482139 -0.0080152738701019955 0.011888251988483325
leaf_weight=29 36 34 30 20 24 35 21
leaf_count=29 36 34 30 20 24 35 21
internal_value=0 0.00493724 0.00679112 -0.00762383 0.00844134 -0.00942083 0.0099301
internal_weight=0 138 109 91 79 55 55
internal_count=229 138 109 91 79 55 55
is_linear=0
shrinkage=0.03


Tree=54
num_leaves=10
num_cat=0
split_feature=4 0 3 3 0 3 0 3 3
split_gain=9.03691 1.10178 1.06308 0.614087 0.602774 0.384075 0.268133 0.0443971 0.0364995
threshold=0.11175000000000002 0.30040000000000006 0.010600000000000002 0.12600000000000003 0.86670000000000014 0.27420000000000005 0.07740000000000001 0.0039500000000000013 0.037750000000000006
decision_type=2 2 2 2 2 2 2 2 2
left_child=2 5 7 -3 8 6 -2 -1 -4
right_child=1 3 4 -5 -6 -7 -8 -9 -10
leaf_value=0.0098375753592699761 -0.0098396631879732015 -0.00034295152449967544 0.00053381383951221187 -0.005775459541056383 0.0075429793340819219 -0.012164075103189263 -0.005775459541056383 0.0080220446803353062 0.0021760702428632768
leaf_weight=27 20 25 21 20 21 21 23 22 29
leaf_count=27 20 25 21 20 21 21 23 22 29
internal_value=0 -0.00630939 0.00562349 -0.0027124 0.00327773 -0.00883852 -0.00721442 0.00902244 0.00148632
internal_weight=0 109 120 45 71 64 43 49 50
internal_count=229 109 120 45 71 64 43 49 50
is_linear=0
shrinkage=0.03


Tree=55
num_leaves=8
num_cat=0
split_feature=4 0 3 4 4 3 3
split_gain=8.53227 1.78884 0.77466 0.456035 0.396773 0.212035 0.144365
threshold=0.16300000000000003 0.53380000000000016 0.046950000000000013 0.31405000000000005 0.032200000000000006 0.11965000000000002 0.008550000000000002
decision_type=2 2 2 2 2 2 2
left_child=1 -1 4 -2 6 -5 -3
right_child=3 2 -4 5 -6 -7 -8
leaf_value=-0.0012662039672613466 -0.0045579214789904657 0.008178319657385788 0.002577353100379568 -0.011365231543779374 0.0047633007587864996 -0.0074930349394146884 0.011341945645399391
leaf_weight=29 36 34 30 20 24 35 21
leaf_count=29 36 34 30 20 24 35 21
internal_value=0 0.00465052 0.00642091 -0.00718292 0.00798181 -0.00890111 0.00938625
internal_weight=0 138 109 91 79 55 55
internal_count=229 138 109 91 79 55 55
is_linear=0
shrinkage=0.03


Tree=56
num_leaves=8
num_cat=0
split_feature=4 0 3 0 4 3 3
split_gain=8.01907 1.69053 0.730915 0.44323 0.373324 0.135833 0.12174
threshold=0.16300000000000003 0.53380000000000016 0.046950000000000013 0.2109 0.032200000000000006 0.008550000000000002 0.26200000000000007
decision_type=2 2 2 2 2 2 2
left_child=1 -1 4 6 5 -3 -2
right_child=3 2 -4 -5 -6 -7 -8
leaf_value=-0.0012314127417199451 -0.0076209413165501732 0.0079329700935084155 0.0024973335668220667 -0.0044947942787487254 0.0046204018848948177 0.011001687374498163 -0.010587170355487615
leaf_weight=29 33 34 30 38 24 21 20
leaf_count=29 33 34 30 38 24 21 20
internal_value=0 0.00450461 0.00622608 -0.00696744 0.00774236 0.00910466 -0.00874027
internal_weight=0 138 109 91 79 55 53
internal_count=229 138 109 91 79 55 53
is_linear=0
shrinkage=0.03


Tree=57
num_leaves=10
num_cat=0
split_feature=4 0 3 3 0 3 0 3 3
split_gain=7.54365 0.952646 0.942943 0.559671 0.505942 0.353843 0.244563 0.0389979 0.0378943
threshold=0.11175000000000002 0.30040000000000006 0.010600000000000002 0.12600000000000003 0.86670000000000014 0.27420000000000005 0.07740000000000001 0.037750000000000006 0.0039500000000000013
decision_type=2 2 2 2 2 2 2 2 2
left_child=2 5 8 -3 7 6 -2 -4 -1
right_child=1 3 4 -5 -6 -7 -8 -9 -10
leaf_value=0.0090872614054630201 -0.0090912869372405097 -0.00031820402783768923 0.0002980177170996155 -0.0052729733208107055 0.0068314759592924797 -0.011313186388994966 -0.0052729733208107055 0.0019955510710333957 0.0074099522998387164
leaf_weight=27 20 25 21 20 21 21 23 29 22
leaf_count=27 20 25 21 20 21 21 23 29 22
internal_value=0 -0.00576945 0.00513304 -0.00242475 0.00292381 -0.0081212 -0.00656232 0.00128259 0.00833418
internal_weight=0 109 120 45 71 64 43 50 49
internal_count=229 109 120 45 71 64 43 50 49
is_linear=0
shrinkage=0.03


Tree=58
num_leaves=8
num_cat=0
split_feature=4 0 3 4 4 3 3
split_gain=7.11353 1.53945 0.654068 0.406327 0.331746 0.218681 0.135435
threshold=0.16300000000000003 0.53380000000000016 0.046950000000000013 0.31405000000000005 0.032200000000000006 0.11965000000000002 0.008550000000000002
decision_type=2 2 2 2 2 2 2
left_child=1 -1 4 -2 6 -5 -3
right_child=3 2 -4 5 -6 -7 -8
leaf_value=-0.0011601595007066921 -0.0040848038531839841 0.0074356831095236187 0.0023634320495900052 -0.010686904102563857 0.0043784746096935121 -0.0067544867577297345 0.010499894567100066
leaf_weight=29 36 34 30 20 24 35 21
leaf_count=29 36 34 30 20 24 35 21
internal_value=0 0.0042423 0.00588702 -0.00656262 0.00732145 -0.00818446 0.00860565
internal_weight=0 138 109 91 79 55 55
internal_count=229 138 109 91 79 55 55
is_linear=0
shrinkage=0.03


Tree=59
num_leaves=8
num_cat=0
split_feature=4 0 3 4 4 3 3
split_gain=6.68473 1.45571 0.617191 0.382313 0.31214 0.205757 0.127431
threshold=0.16300000000000003 0.53380000000000016 0.046950000000000013 0.31405000000000005 0.032200000000000006 0.11965000000000002 0.008550000000000002
decision_type=2 2 2 2 2 2 2
left_child=1 -1 4 -2 6 -5 -3
right_child=3 2 -4 5 -6 -7 -8
leaf_value=-0.0011286390379719334 -0.0039622597489506004 0.0072126126672853435 0.0022898394419846469 -0.010366296624764799 0.0042471204692265023 -0.0065518522855958763 0.010184897494369318
leaf_weight=29 36 34 30 20 24 35 21
leaf_count=29 36 34 30 20 24 35 21
internal_value=0 0.00410846 0.00570832 -0.00636574 0.0071018 -0.00793892 0.00834749
internal_weight=0 138 109 91 79 55 55
internal_count=229 138 109 91 79 55 55
is_linear=0
shrinkage=0.03


Tree=60
num_leaves=10
num_cat=0
split_feature=4 0 3 3 0 3 0 3 3
split_gain=6.29377 0.844779 0.838837 0.512712 0.424137 0.340517 0.223684 0.0411519 0.0325082
threshold=0.11175000000000002 0.30040000000000006 0.010600000000000002 0.12600000000000003 0.86670000000000014 0.27420000000000005 0.07740000000000001 0.037750000000000006 0.0039500000000000013
decision_type=2 2 2 2 2 2 2 2 2
left_child=2 5 8 -3 7 6 -2 -4 -1
right_child=1 3 4 -5 -6 -7 -8 -9 -10
leaf_value=0.0084007055519355663 -0.0084018764253705747 -0.00029527429115174545 8.6135550934289185e-05 -0.0048069584320134407 0.0061780589792345252 -0.010620392847007939 -0.0048069584320134407 0.0018299193471541693 0.0068471654182807968
leaf_weight=27 20 25 21 20 21 21 23 29 22
leaf_count=27 20 25 21 20 21 21 23 29 22
internal_value=0 -0.00527449 0.00468394 -0.00212483 0.00260022 -0.00748909 -0.00595985 0.00109753 0.0077032
internal_weight=0 109 120 45 71 64 43 50 49
internal_count=229 109 120 45 71 64 43 50 49
is_linear=0
shrinkage=0.03


Tree=61
num_leaves=8
num_cat=0
split_feature=4 0 3 4 4 3 3
split_gain=5.92617 1.33057 0.564634 0.349444 0.291468 0.205047 0.113378
threshold=0.16300000000000003 0.56030000000000013 0.046950000000000013 0.31405000000000005 0.032200000000000006 0.11965000000000002 0.008550000000000002
decision_type=2 2 2 2 2 2 2
left_child=1 -1 4 -2 6 -5 -3
right_child=3 2 -4 5 -6 -7 -8
leaf_value=-0.0010624965148669462 -0.003695668070577085 0.0069042544642632653 0.0021839277875880347 -0.0099207251686602837 0.0040274439952918328 -0.0061128727095866838 0.0097240406673933782
leaf_weight=30 36 33 30 20 24 35 21
leaf_count=30 36 33 30 20 24 35 21
internal_value=0 0.00386851 0.00543035 -0.00599351 0.00677826 -0.00749755 0.00800084
internal_weight=0 138 108 91 78 55 54
internal_count=229 138 108 91 78 55 54
is_linear=0
shrinkage=0.03


Tree=62
num_leaves=10
num_cat=0
split_feature=4 0 3 3 0 3 0 3 3
split_gain=5.57034 0.771564 0.76903 0.47948 0.376435 0.32539 0.208524 0.0408341 0.0287608
threshold=0.11175000000000002 0.30040000000000006 0.010600000000000002 0.12600000000000003 0.86670000000000014 0.27420000000000005 0.07740000000000001 0.037750000000000006 0.0039500000000000013
decision_type=2 2 2 2 2 2 2 2 2
left_child=2 5 8 -3 7 6 -2 -4 -1
right_child=1 3 4 -5 -6 -7 -8 -9 -10
leaf_value=0.007953605649785863 -0.0079557815529406068 -0.00027768474786490043 -1.165321096777916e-05 -0.0045151889229358248 0.0057821386653397764 -0.010139422183856368 -0.0045151889229358248 0.0017253842782068611 0.0064923484310169107
leaf_weight=27 20 25 21 20 21 21 23 29 22
leaf_count=27 20 25 21 20 21 21 23 29 22
internal_value=0 -0.004962 0.00440663 -0.00195192 0.0024115 -0.00707846 -0.00558357 0.000995829 0.00729753
internal_weight=0 109 120 45 71 64 43 50 49
internal_count=229 109 120 45 71 64 43 50 49
is_linear=0
shrinkage=0.03


Tree=63
num_leaves=8
num_cat=0
split_feature=4 0 3 4 4 3 3
split_gain=5.25256 1.2141 0.506059 0.319386 0.258801 0.203859 0.113214
threshold=0.16300000000000003 0.56030000000000013 0.046950000000000013 0.31405000000000005 0.032200000000000006 0.11965000000000002 0.008550000000000002
decision_type=2 2 2 2 2 2 2
left_child=1 -1 4 -2 6 -5 -3
right_child=3 2 -4 5 -6 -7 -8
leaf_value=-0.000999653470817383 -0.0034451732163627942 0.006469145567918365 0.0020685283400500979 -0.0094960153251886364 0.0038208176131593061 -0.005699204006099275 0.0092868894817573679
leaf_weight=30 36 33 30 20 24 35 21
leaf_count=30 36 33 30 20 24 35 21
internal_value=0 0.00364266 0.00513671 -0.00564196 0.0064129 -0.00707986 0.00756493
internal_weight=0 138 108 91 78 55 54
internal_count=229 138 108 91 78 55 54
is_linear=0
shrinkage=0.03


Tree=64
num_leaves=8
num_cat=0
split_feature=4 0 3 4 4 3 3
split_gain=4.93631 1.04611 1.39645 0.511917 0.217287 0.447728 0.197376
threshold=0.20365000000000003 0.40330000000000005 0.066950000000000023 0.049400000000000006 0.51200000000000012 0.13455000000000003 0.008550000000000002
decision_type=2 2 2 2 2 2 2
left_child=1 -1 3 6 5 -2 -3
right_child=4 2 -4 -5 -6 -7 -8
leaf_value=-0.001353169602292753 -0.0022042895900085567 0.0059115446467573442 0.0014905068163959421 0.0021116026458330452 -0.0085786808787712016 -0.0068096308978994212 0.0089920080266892907
leaf_weight=22 28 36 30 20 21 33 39
leaf_count=22 28 36 30 20 21 33 39
internal_value=0 0.00324034 0.00433418 0.00637617 -0.00594668 -0.00504058 0.00751339
internal_weight=0 147 125 95 82 61 75
internal_count=229 147 125 95 82 61 75
is_linear=0
shrinkage=0.03


Tree=65
num_leaves=8
num_cat=0
split_feature=4 0 3 0 3 3 3
split_gain=4.62502 1.10178 0.45324 0.298351 0.147505 0.096012 0.014763
threshold=0.16300000000000003 0.56030000000000013 0.035050000000000005 0.2109 0.008550000000000002 0.26200000000000007 0.072800000000000017
decision_type=2 2 2 2 2 2 2
left_child=1 -1 4 5 -3 -2 -4
right_child=3 2 6 -5 -6 -7 -8
leaf_value=-0.00096358398718205318 -0.0057802357016639274 0.0050322665004447721 0.0029288478121161461 -0.0032910952511194503 0.0078553894345438288 -0.0084144425606355079 0.0019273043184164006
leaf_weight=30 33 36 20 38 31 20 21
leaf_count=30 33 36 20 38 31 20 21
internal_value=0 0.00339259 0.00481819 -0.00531976 0.00633849 -0.00677428 0.00233381
internal_weight=0 138 108 91 67 53 41
internal_count=229 138 108 91 67 53 41
is_linear=0
shrinkage=0.03


Tree=66
num_leaves=8
num_cat=0
split_feature=4 0 3 4 4 3 3
split_gain=4.35859 0.940033 1.29168 0.472833 0.198627 0.415941 0.181578
threshold=0.20365000000000003 0.40330000000000005 0.066950000000000023 0.049400000000000006 0.51200000000000012 0.13455000000000003 0.008550000000000002
decision_type=2 2 2 2 2 2 2
left_child=1 -1 3 6 5 -2 -3
right_child=4 2 -4 -5 -6 -7 -8
leaf_value=-0.0012960898281440588 -0.0020100917421015246 0.0055932233005296433 0.0013815073290843291 0.0019381370907649398 -0.0081288905228887286 -0.0064375026257320438 0.0085478283350284272
leaf_weight=22 28 36 30 20 21 33 39
leaf_count=22 28 36 30 20 21 33 39
internal_value=0 0.00302026 0.0040591 0.00603667 -0.00561244 -0.00474611 0.00712962
internal_weight=0 147 125 95 82 61 75
internal_count=229 147 125 95 82 61 75
is_linear=0
shrinkage=0.03


Tree=67
num_leaves=10
num_cat=0
split_feature=4 3 3 4 3 3 3 0 3
split_gain=4.08836 0.685634 0.654652 0.783133 0.343902 0.762462 0.314936 0.163293 0.024613
threshold=0.11175000000000002 0.010600000000000002 0.30785000000000007 0.46645000000000009 0.025900000000000003 0.063600000000000004 0.15100000000000002 0.30040000000000006 0.0039500000000000013
decision_type=2 2 2 2 2 2 2 2 2
left_child=1 8 3 6 -3 -6 7 -2 -1
right_child=2 4 -4 -5 5 -7 -8 -9 -10
leaf_value=0.007066725158236092 -0.0030277182497084141 -0.00028295119467737154 -0.0089194480075754888 -0.0078748534401149855 0.0074560315432873631 -0.00028295119467737154 -0.0045624174736440181 -0.00028295119467737154 0.0057149385525421658
leaf_weight=27 20 28 22 23 22 21 20 24 22
leaf_count=27 20 28 22 23 22 21 20 24 22
internal_value=0 0.00373014 -0.00429605 -0.00312691 0.0018463 0.003549 -0.00142062 -0.000282951 0.0064598
internal_weight=0 120 109 87 71 43 64 44 49
internal_count=229 120 109 87 71 43 64 44 49
is_linear=0
shrinkage=0.03


Tree=68
num_leaves=8
num_cat=0
split_feature=4 0 3 4 3 4 3
split_gain=3.84118 0.854998 1.1822 0.436563 0.182616 0.174622 0.374784
threshold=0.20365000000000003 0.40330000000000005 0.066950000000000023 0.049400000000000006 0.008550000000000002 0.51200000000000012 0.13455000000000003
decision_type=2 2 2 2 2 2 2
left_child=1 -1 3 4 -3 6 -2
right_child=5 2 -4 -5 -6 -7 -8
leaf_value=-0.0012312579860783955 -0.0018705330632760057 0.0052258163954441751 0.0012918809610796707 0.0017782039716839791 0.0081888565989076886 -0.0076428091100284026 -0.0060569190977586198
leaf_weight=22 28 36 30 20 39 21 33
leaf_count=22 28 36 30 20 39 21 33
internal_value=0 0.0028208 0.00381502 0.00571641 0.0067666 -0.00528331 -0.00447103
internal_weight=0 147 125 95 75 82 61
internal_count=229 147 125 95 75 82 61
is_linear=0
shrinkage=0.03


Tree=69
num_leaves=8
num_cat=0
split_feature=4 3 0 3 4 3 0
split_gain=3.59479 0.82264 0.539717 0.325533 0.163228 0.354956 0.0250391
threshold=0.20365000000000003 0.010600000000000002 0.56030000000000013 0.046950000000000013 0.51200000000000012 0.13455000000000003 0.83065000000000011
decision_type=2 2 2 2 2 2 2
left_child=1 6 -3 -4 5 -2 -1
right_child=4 2 3 -5 -6 -7 -8
leaf_value=0.0050112133305519821 -0.0018144171285842147 -0.0012123593593499776 0.0045938158314675088 0.00070769535031847382 -0.0074135246127843861 -0.0058802473687062989 0.0063815906383097162
leaf_weight=20 28 29 36 32 21 33 30
leaf_count=20 28 29 36 32 21 33 30
internal_value=0 0.00270759 0.00109633 0.00262775 -0.00513231 -0.00434697 0.00583344
internal_weight=0 147 97 68 82 61 50
internal_count=229 147 97 68 82 61 50
is_linear=0
shrinkage=0.03


Tree=70
num_leaves=8
num_cat=0
split_feature=4 0 3 4 3 3 4
split_gain=3.38051 0.779073 1.09172 0.40205 0.179287 0.155694 0.455161
threshold=0.20365000000000003 0.40330000000000005 0.066950000000000023 0.049400000000000006 0.008550000000000002 0.2829000000000001 0.46645000000000009
decision_type=2 2 2 2 2 2 2
left_child=1 -1 3 4 -3 6 -2
right_child=5 2 -4 -5 -6 -7 -8
leaf_value=-0.0011844515731345422 -0.0022724352533427567 0.0048901558791597686 0.0011926553347999451 0.0016296739876270293 0.0078260663226963241 -0.0072137182578444481 -0.0076690937320447782
leaf_weight=22 39 36 30 20 39 21 22
leaf_count=22 39 36 30 20 39 21 22
internal_value=0 0.00261687 0.00356976 0.00540901 0.00641683 -0.00498577 -0.00421877
internal_weight=0 147 125 95 75 82 61
internal_count=229 147 125 95 75 82 61
is_linear=0
shrinkage=0.03


Tree=71
num_leaves=10
num_cat=0
split_feature=4 3 3 4 3 3 3 0 3
split_gain=3.16024 0.607801 0.576875 0.643564 0.336417 0.65655 0.262429 0.128155 0.0225106
threshold=0.11175000000000002 0.010600000000000002 0.30785000000000007 0.46645000000000009 0.025900000000000003 0.063600000000000004 0.15100000000000002 0.30040000000000006 0.0039500000000000013
decision_type=2 2 2 2 2 2 2 2 2
left_child=1 8 3 6 -3 -6 7 -2 -1
right_child=2 4 -4 -5 5 -7 -8 -9 -10
leaf_value=0.006388786973224746 -0.0027760856375098229 -0.00028998823810332452 -0.0081583586978641424 -0.0070249049620115722 0.0068203457309441136 -0.00028998823810332452 -0.0040728535847738383 -0.00028998823810332452 0.0050960218906402587
leaf_weight=27 20 28 22 23 22 21 20 24 22
leaf_count=27 20 28 22 23 22 21 20 24 22
internal_value=0 0.00323831 -0.00381828 -0.00272079 0.00146461 0.00319205 -0.001174 -0.000289988 0.00580836
internal_weight=0 120 109 87 71 43 64 44 49
internal_count=229 120 109 87 71 43 64 44 49
is_linear=0
shrinkage=0.03


Tree=72
num_leaves=8
num_cat=0
split_feature=4 3 0 3 3 4 0
split_gain=2.967 0.716774 0.470046 0.2802 0.135926 0.406531 0.0206237
threshold=0.20365000000000003 0.010600000000000002 0.56030000000000013 0.046950000000000013 0.2829000000000001 0.46645000000000009 0.83065000000000011
decision_type=2 2 2 2 2 2 2
left_child=1 6 -3 -4 5 -2 -1
right_child=4 2 3 -5 -6 -7 -8
leaf_value=0.0046099371258169408 -0.002128050708426879 -0.0011228850889148886 0.0042045267454038065 0.00062770697987430573 -0.0067658481347773747 -0.0072282736942129713 0.0058536335751414297
leaf_weight=20 39 29 36 32 21 22 30
leaf_count=20 39 29 36 32 21 22 30
internal_value=0 0.00243836 0.000934344 0.0023783 -0.00468413 -0.00396748 0.00535615
internal_weight=0 147 97 68 82 61 50
internal_count=229 147 97 68 82 61 50
is_linear=0
shrinkage=0.03


Tree=73
num_leaves=10
num_cat=0
split_feature=0 3 0 0 3 3 3 3 3
split_gain=2.80295 2.78137 0.949959 0.50187 0.428102 0.30072 0.143064 0.0644825 0.0476869
threshold=0.027950000000000003 0.066950000000000023 0.40330000000000005 0.61930000000000007 0.025900000000000003 0.010600000000000002 0.25465000000000004 0.0023500000000000001 0.12600000000000003
decision_type=2 2 2 2 2 2 2 2 2
left_child=-1 2 -2 6 5 7 8 -4 -3
right_child=1 3 4 -5 -6 -7 -8 -9 -10
leaf_value=-0.010560604411044292 -0.0016535643261687998 -0.0031066411573972019 0.004156184379011392 0.0010281088509197745 0.0083798736812812948 0.0018021490216514476 -0.0025035110801192267 0.0064415907450020311 -0.0048105060052146473
leaf_weight=21 22 21 20 21 28 23 28 25 20
leaf_count=21 22 21 20 21 28 23 28 25 20
internal_value=0 0.000939592 0.00396929 -0.00303268 0.00525786 0.00397233 -0.00426857 0.00542585 -0.00481051
internal_weight=0 208 118 90 96 68 69 45 41
internal_count=229 208 118 90 96 68 69 45 41
is_linear=0
shrinkage=0.03


Tree=74
num_leaves=10
num_cat=0
split_feature=0 3 0 0 3 3 3 3 3
split_gain=2.63195 2.63015 0.892526 0.477256 0.40409 0.285201 0.137113 0.0606716 0.042861
threshold=0.027950000000000003 0.066950000000000023 0.40330000000000005 0.61930000000000007 0.025900000000000003 0.010600000000000002 0.25465000000000004 0.0023500000000000001 0.12600000000000003
decision_type=2 2 2 2 2 2 2 2 2
left_child=-1 2 -2 6 5 7 8 -4 -3
right_child=1 3 4 -5 -6 -7 -8 -9 -10
leaf_value=-0.010243786301996027 -0.0016039575936950064 -0.0030134417755263189 0.0040314983753487466 0.00099726550148001745 0.0081284770715449543 0.0017456633476434615 -0.0024284057142878214 0.0062483431175351135 -0.004671850361634854
leaf_weight=21 22 21 20 21 28 23 28 25 20
leaf_count=21 22 21 20 21 28 23 28 25 20
internal_value=0 0.000900086 0.00384627 -0.00296269 0.00509528 0.00384632 -0.0041679 0.00526308 -0.00467185
internal_weight=0 208 118 90 96 68 69 45 41
internal_count=229 208 118 90 96 68 69 45 41
is_linear=0
shrinkage=0.03


Tree=75
num_leaves=9
num_cat=0
split_feature=3 0 0 3 3 4 3 3
split_gain=2.4716 0.923543 0.638237 0.318583 0.269643 0.224458 0.170364 0.0060148
threshold=0.035050000000000005 0.61930000000000007 0.47635000000000005 0.31860000000000005 0.008550000000000002 0.46645000000000009 0.13455000000000003 0.072800000000000017
decision_type=2 2 2 2 2 2 2 2
left_child=2 3 -1 5 -4 6 -2 -3
right_child=1 7 4 -5 -6 -7 -8 -9
leaf_value=-0.00069516280787470543 -0.0015886911193374541 0.0014920218251645565 0.0033066608045703252 -0.0075675423416708201 0.0070366426083174616 -0.0059343718551099298 -0.0041320168789265293 0.00075626892317086456
leaf_weight=23 29 20 37 21 33 22 24 20
leaf_count=23 29 20 37 21 33 22 24 20
internal_value=0 -0.00270574 0.0036405 -0.00430153 0.00506508 -0.00338704 -0.00232966 0.00112415
internal_weight=0 136 93 96 70 75 53 40
internal_count=229 136 93 96 70 75 53 40
is_linear=0
shrinkage=0.03


Tree=76
num_leaves=10
num_cat=0
split_feature=0 3 0 0 3 3 3 3 3
split_gain=2.41087 2.34969 0.795674 0.425324 0.395848 0.276949 0.14273 0.0561736 0.0418884
threshold=0.027950000000000003 0.066950000000000023 0.40330000000000005 0.61930000000000007 0.025900000000000003 0.010600000000000002 0.25465000000000004 0.0023500000000000001 0.12600000000000003
decision_type=2 2 2 2 2 2 2 2 2
left_child=-1 2 -2 6 5 7 8 -4 -3
right_child=1 3 4 -5 -6 -7 -8 -9 -10
leaf_value=-0.0098092512427163971 -0.0015050216999158942 -0.0028505453281104562 0.0038113538352772596 0.00094360839043344759 0.0078224049002996506 0.0016576401681992468 -0.0021705859563579516 0.0059444412502460183 -0.0044764626033085711
leaf_weight=21 22 21 20 21 28 23 28 25 20
leaf_count=21 22 21 20 21 28 23 28 25 20
internal_value=0 0.000856326 0.003641 -0.0027947 0.0048203 0.00358414 -0.00393244 0.0049964 -0.00447646
internal_weight=0 208 118 90 96 68 69 45 41
internal_count=229 208 118 90 96 68 69 45 41
is_linear=0
shrinkage=0.03


Tree=77
num_leaves=9
num_cat=0
split_feature=3 0 3 4 3 3 3 3
split_gain=2.29311 2.07004 1.38806 0.530026 0.230891 0.481619 0.0594435 0.0436465
threshold=0.010600000000000002 0.090150000000000008 0.12600000000000003 0.20365000000000003 0.05390000000000001 0.035050000000000005 0.0039500000000000013 0.23725000000000004
decision_type=2 2 2 2 2 2 2 2
left_child=6 -2 3 4 5 -3 -1 -4
right_child=1 2 7 -5 -6 -7 -8 -9
leaf_value=0.0062785928398370744 -0.0081764907320030032 0.0044706489140433929 -0.004146473092358916 -0.0022375634024766359 0.0057261293221797264 0.00040627319542869343 0.0042255263381891627 -0.0026150491920166781
leaf_weight=30 36 35 22 22 21 20 22 21
leaf_count=30 36 35 22 22 21 20 22 21
internal_value=0 -0.00175578 -0.000116455 0.00186308 0.00305011 0.00202836 0.00540999 -0.00414647
internal_weight=0 177 141 98 76 55 52 43
internal_count=229 177 141 98 76 55 52 43
is_linear=0
shrinkage=0.03


Tree=78
num_leaves=10
num_cat=0
split_feature=0 3 0 0 3 3 3 3 3
split_gain=2.17101 2.10649 0.618662 0.473813 0.412699 0.248289 0.147481 0.0552723 0.015721
threshold=0.027950000000000003 0.063600000000000004 0.40330000000000005 0.61930000000000007 0.025900000000000003 0.010600000000000002 0.25465000000000004 0.0023500000000000001 0.12600000000000003
decision_type=2 2 2 2 2 2 2 2 2
left_child=-1 2 -2 6 5 7 8 -4 -3
right_child=1 3 4 -5 -6 -7 -8 -9 -10
leaf_value=-0.0093316291794846105 -0.0011509080324321984 -0.0029688653739338572 0.0035086554908193646 0.0011679713751958762 0.007759191133081913 0.0016967859921451817 -0.0019674299634061753 0.0056245604144409302 -0.0042710639341337125
leaf_weight=21 21 22 20 23 26 23 28 25 20
leaf_count=21 21 22 20 23 26 23 28 25 20
internal_value=0 0.000789501 0.00350445 -0.0025677 0.00454448 0.00331533 -0.00379513 0.00468416 -0.00427106
internal_weight=0 208 115 93 94 68 70 45 42
internal_count=229 208 115 93 94 68 70 45 42
is_linear=0
shrinkage=0.03


Tree=79
num_leaves=9
num_cat=0
split_feature=3 0 3 4 3 3 3 3
split_gain=2.09218 1.84283 1.26146 0.464543 0.228469 0.460667 0.0597132 0.0390784
threshold=0.010600000000000002 0.090150000000000008 0.12600000000000003 0.20365000000000003 0.05390000000000001 0.035050000000000005 0.0039500000000000013 0.23725000000000004
decision_type=2 2 2 2 2 2 2 2
left_child=6 -2 3 4 5 -3 -1 -4
right_child=1 2 7 -5 -6 -7 -8 -9
leaf_value=0.0060154603500850497 -0.0077578379547533884 0.004269093142556293 -0.003955421194269863 -0.0021034366857599126 0.0055087878954197681 0.00037170043290909121 0.003957741597762585 -0.0024754720488895797
leaf_weight=30 36 35 22 22 21 20 22 21
leaf_count=30 36 35 22 22 21 20 22 21
internal_value=0 -0.00169975 -0.000153004 0.00173555 0.00284684 0.00183046 0.00514489 -0.00395542
internal_weight=0 177 141 98 76 55 52 43
internal_count=229 177 141 98 76 55 52 43
is_linear=0
shrinkage=0.03


Tree=80
num_leaves=9
num_cat=0
split_feature=3 0 3 0 3 3 3 3
split_gain=1.97949 1.73711 0.978115 0.870125 0.308095 0.600178 0.120337 0.0561841
threshold=0.010600000000000002 0.053050000000000007 0.12600000000000003 0.34820000000000007 0.066950000000000023 0.025900000000000003 0.25465000000000004 0.0039500000000000013
decision_type=2 2 2 2 2 2 2 2
left_child=7 -2 3 -3 5 -5 -4 -1
right_child=1 2 6 4 -6 -7 -8 -9
leaf_value=0.0058349968000547961 -0.0091711303405463702 -0.0044045307151973252 -0.0048306237470459043 0.00049130055408638253 -0.00012433848630350369 0.0067187165096402159 -0.0023473683399148288 0.0038390092033924617
leaf_weight=30 24 20 26 26 26 30 25 22
leaf_count=30 24 20 26 26 26 30 25 22
internal_value=0 -0.0016672 -0.000490117 0.001206 0.00257442 0.00382742 -0.00388235 0.00499054
internal_weight=0 177 153 102 82 56 51 52
internal_count=229 177 153 102 82 56 51 52
is_linear=0
shrinkage=0.03


Tree=81
num_leaves=8
num_cat=0
split_feature=3 0 4 3 3 3 3
split_gain=1.86384 1.6334 0.925245 0.469753 0.128766 0.0861764 0.0528637
threshold=0.010600000000000002 0.053050000000000007 0.20365000000000003 0.035050000000000005 0.05390000000000001 0.18280000000000005 0.0039500000000000013
decision_type=2 2 2 2 2 2 2
left_child=6 -2 3 -3 -5 -4 -1
right_child=1 2 5 4 -6 -7 -8
leaf_value=0.0056599466600455346 -0.008895996205974371 0.0041068437631641115 -0.0044353965442518106 -0.0010595368605921343 0.0009002423076890409 -0.0020874712135992013 0.0037238388445059003
leaf_weight=30 24 35 34 20 40 24 22
leaf_count=30 24 35 34 20 40 24 22
internal_value=0 -0.00161951 -0.000478104 0.00134477 -0.000266444 -0.00346384 0.00484082
internal_weight=0 177 153 95 60 58 52
internal_count=229 177 153 95 60 58 52
is_linear=0
shrinkage=0.03


Tree=82
num_leaves=9
num_cat=0
split_feature=0 3 3 4 3 3 3 4
split_gain=1.77427 1.68043 0.492685 0.450241 0.218123 0.187993 0.155495 0.0355832
threshold=0.027950000000000003 0.035050000000000005 0.12600000000000003 0.073350000000000012 0.016050000000000005 0.0039500000000000013 0.25465000000000004 0.22530000000000003
decision_type=2 2 2 2 2 2 2 2
left_child=-1 4 3 -3 5 -2 -4 -5
right_child=1 2 6 7 -6 -7 -8 -9
leaf_value=-0.00846265466085502 0.0047202297879589926 0.0035671860562718431 -0.0038877970735756114 -0.00074967978522181514 0.0061321260531743364 0.001321152607561089 -0.0016262919725184993 -0.0024761420640755784
leaf_weight=21 27 23 28 21 27 32 28 22
leaf_count=21 27 23 28 21 27 32 28 22
internal_value=0 0.000687061 -0.0015769 0.000179195 0.00389873 0.00287666 -0.00364659 -0.00163299
internal_weight=0 208 122 66 86 59 56 43
internal_count=229 208 122 66 86 59 56 43
is_linear=0
shrinkage=0.03


Tree=83
num_leaves=9
num_cat=0
split_feature=3 0 3 4 3 3 3 3
split_gain=1.70362 1.45694 1.05343 0.356725 0.236729 0.394308 0.0464878 0.025874
threshold=0.010600000000000002 0.090150000000000008 0.12600000000000003 0.20365000000000003 0.05390000000000001 0.035050000000000005 0.0039500000000000013 0.23725000000000004
decision_type=2 2 2 2 2 2 2 2
left_child=6 -2 3 4 5 -3 -1 -4
right_child=1 2 7 -5 -6 -7 -8 -9
leaf_value=0.005388089895015582 -0.0069430508899192018 0.0038409117087721827 -0.0035621105891764692 -0.0018153853202238679 0.005232188879911389 0.00035358047259873465 0.0035724890503016386 -0.0022374527688537324
leaf_weight=30 36 35 22 22 21 20 22 21
leaf_count=30 36 35 22 22 21 20 22 21
internal_value=0 -0.00155647 -0.00018117 0.00154872 0.00252255 0.00148796 0.00461995 -0.00356211
internal_weight=0 177 141 98 76 55 52 43
internal_count=229 177 141 98 76 55 52 43
is_linear=0
shrinkage=0.03


Tree=84
num_leaves=9
num_cat=0
split_feature=3 0 3 0 3 3 3 3
split_gain=1.61307 1.37863 0.797888 0.742214 0.257418 0.607669 0.105252 0.0437404
threshold=0.010600000000000002 0.053050000000000007 0.12600000000000003 0.34820000000000007 0.066950000000000023 0.025900000000000003 0.25465000000000004 0.0039500000000000013
decision_type=2 2 2 2 2 2 2 2
left_child=7 -2 3 -3 5 -5 -4 -1
right_child=1 2 6 4 -6 -7 -8 -9
leaf_value=0.0052264474518597124 -0.0082136598136276009 -0.0041299334540963175 -0.0043468663554099918 0.00010412509911335431 -0.00015116524237852828 0.0063702835459262131 -0.0020875657777301966 0.0034653147191486574
leaf_weight=30 24 20 26 26 26 30 25 22
leaf_count=30 24 20 26 26 26 30 25 22
internal_value=0 -0.00152869 -0.000480073 0.00105183 0.00231568 0.003461 -0.00354388 0.00448135
internal_weight=0 177 153 102 82 56 51 52
internal_count=229 177 153 102 82 56 51 52
is_linear=0
shrinkage=0.03


Tree=85
num_leaves=9
num_cat=0
split_feature=0 3 3 4 3 3 3 4
split_gain=1.52447 1.42233 0.402924 0.386163 0.218698 0.162153 0.151888 0.0251815
threshold=0.027950000000000003 0.035050000000000005 0.12600000000000003 0.073350000000000012 0.016050000000000005 0.0039500000000000013 0.25465000000000004 0.22530000000000003
decision_type=2 2 2 2 2 2 2 2
left_child=-1 4 3 -3 5 -2 -4 -5
right_child=1 2 6 7 -6 -7 -8 -9
leaf_value=-0.0078645217205796925 0.0042601865830106866 0.0032595539757091065 -0.0036239270598667685 -0.00081330807613474976 0.0058077574842092059 0.0011033480076002888 -0.0013776445337862241 -0.0022656701437451621
leaf_weight=21 27 23 28 21 27 32 28 22
leaf_count=21 27 23 28 21 27 32 28 22
internal_value=0 0.000616668 -0.00146619 0.000121902 0.00357141 0.002548 -0.00333786 -0.00155638
internal_weight=0 208 122 66 86 59 56 43
internal_count=229 208 122 66 86 59 56 43
is_linear=0
shrinkage=0.03


Tree=86
num_leaves=9
num_cat=0
split_feature=3 0 3 0 3 3 3 3
split_gain=1.47533 1.22734 0.711345 0.680751 0.226515 0.579252 0.0952153 0.0383927
threshold=0.010600000000000002 0.053050000000000007 0.12600000000000003 0.34820000000000007 0.066950000000000023 0.025900000000000003 0.25465000000000004 0.0039500000000000013
decision_type=2 2 2 2 2 2 2 2
left_child=7 -2 3 -3 5 -5 -4 -1
right_child=1 2 6 4 -6 -7 -8 -9
leaf_value=0.0049782225005328652 -0.0077750558592379095 -0.0039942726027220486 -0.0041265955088459249 -2.4377944377752449e-05 -0.00013534550483410175 0.0060935134389437737 -0.0019836096838116643 0.003328254785896702
leaf_weight=30 24 20 26 26 26 30 25 22
leaf_count=30 24 20 26 26 26 30 25 22
internal_value=0 -0.00146755 -0.000478135 0.000968305 0.00217869 0.00325306 -0.00337102 0.00428016
internal_weight=0 177 153 102 82 56 51 52
internal_count=229 177 153 102 82 56 51 52
is_linear=0
shrinkage=0.03


Tree=87
num_leaves=9
num_cat=0
split_feature=3 0 3 0 3 3 3 3
split_gain=1.3894 1.15385 0.672121 0.640519 0.213128 0.545018 0.0903678 0.0361237
threshold=0.010600000000000002 0.053050000000000007 0.12600000000000003 0.34820000000000007 0.066950000000000023 0.025900000000000003 0.25465000000000004 0.0039500000000000013
decision_type=2 2 2 2 2 2 2 2
left_child=7 -2 3 -3 5 -5 -4 -1
right_child=1 2 6 4 -6 -7 -8 -9
leaf_value=0.0048288759458810088 -0.0075418041041120888 -0.0038744445797055959 -0.0040042721402292671 -2.364659968477029e-05 -0.00013128496921406343 0.0059107078483793887 -0.0019241011915728447 0.0032284071245654061
leaf_weight=30 24 20 26 26 26 30 25 22
leaf_count=30 24 20 26 26 26 30 25 22
internal_value=0 -0.00142607 -0.00046674 0.000939256 0.00211333 0.00315547 -0.00327873 0.00415175
internal_weight=0 177 153 102 82 56 51 52
internal_count=229 177 153 102 82 56 51 52
is_linear=0
shrinkage=0.03


Tree=88
num_leaves=8
num_cat=0
split_feature=3 0 3 3 4 3 3
split_gain=1.30852 1.08472 0.653543 0.267425 0.416659 0.0857754 0.0339888
threshold=0.010600000000000002 0.053050000000000007 0.035050000000000005 0.12600000000000003 0.077550000000000022 0.25465000000000004 0.0039500000000000013
decision_type=2 2 2 2 2 2 2
left_child=6 -2 -3 4 -4 -5 -1
right_child=1 2 3 5 -6 -7 -8
leaf_value=0.004684009369462728 -0.0073155497736297542 0.0030160082957229098 0.0027510788150131699 -0.0038856145853459756 -0.0021859817169606684 -0.0018663780698552727 0.0031315549649298191
leaf_weight=30 24 37 25 26 40 25 22
leaf_count=30 24 37 25 26 40 25 22
internal_value=0 -0.00138583 -0.000455679 -0.00156303 -0.000287112 -0.0031892 0.0040272
internal_weight=0 177 153 116 65 51 52
internal_count=229 177 153 116 65 51 52
is_linear=0
shrinkage=0.03


Tree=89
num_leaves=9
num_cat=0
split_feature=0 3 3 4 3 3 3 3
split_gain=1.24256 1.14266 0.308919 0.301498 0.227361 0.140199 0.131951 0.0216469
threshold=0.027950000000000003 0.035050000000000005 0.12600000000000003 0.077550000000000022 0.016050000000000005 0.25465000000000004 0.0039500000000000013 0.077300000000000021
decision_type=2 2 2 2 2 2 2 2
left_child=-1 4 3 -3 6 -4 -2 -5
right_child=1 2 5 7 -6 -7 -8 -9
leaf_value=-0.0071087143277483332 0.0036976477379600204 0.0026685464300215244 -0.003280239959876181 -0.0022177830934524533 0.0054768143366608346 -0.0011089050773132058 0.00084993503813166169 -0.00083871206002576
leaf_weight=21 27 25 28 20 27 28 32 21
leaf_count=21 27 25 28 20 27 28 32 21
internal_value=0 0.000548234 -0.00131865 7.18946e-05 0.00319661 -0.00295751 0.00215313 -0.00151143
internal_weight=0 208 122 66 86 56 59 41
internal_count=229 208 122 66 86 56 59 41
is_linear=0
shrinkage=0.03


Tree=90
num_leaves=9
num_cat=0
split_feature=3 0 3 4 3 3 3 3
split_gain=1.19915 0.9724 0.731742 0.241423 0.259293 0.333663 0.0297681 0.0182621
threshold=0.010600000000000002 0.090150000000000008 0.12600000000000003 0.20365000000000003 0.05390000000000001 0.035050000000000005 0.0039500000000000013 0.23725000000000004
decision_type=2 2 2 2 2 2 2 2
left_child=6 -2 3 4 5 -3 -1 -4
right_child=1 2 7 -5 -6 -7 -8 -9
leaf_value=0.0044649790488183495 -0.0057322193775326009 0.0033117553889751433 -0.0029701180757082837 -0.0015308980364352465 0.0048736031726002689 0.00025343379404052692 0.0030121102133257821 -0.0018045145419559308
leaf_weight=30 36 35 22 22 21 20 22 21
leaf_count=30 36 35 22 22 21 20 22 21
internal_value=0 -0.00133158 -0.000208017 0.00123664 0.00203777 0.000954991 0.0038503 -0.00297012
internal_weight=0 177 141 98 76 55 52 43
internal_count=229 177 141 98 76 55 52 43
is_linear=0
shrinkage=0.03


Tree=91
num_leaves=8
num_cat=0
split_feature=3 0 3 3 4 3 3
split_gain=1.13711 0.91221 0.543349 0.222674 0.537098 0.211565 0.0280088
threshold=0.010600000000000002 0.053050000000000007 0.035050000000000005 0.17515000000000003 0.077550000000000022 0.11230000000000001 0.0039500000000000013
decision_type=2 2 2 2 2 2 2
left_child=6 -2 -3 4 -4 -6 -1
right_child=1 2 3 -5 5 -7 -8
leaf_value=0.004331029564142227 -0.0067490396765060726 0.0027072390375306476 0.00287087452183995 -0.0033510921383276579 -0.0036036531011546581 6.4133562147617346e-05 0.0029217468672008678
leaf_weight=30 24 37 27 38 31 20 22
leaf_count=30 24 37 27 38 31 20 22
internal_value=0 -0.00131125 -0.000458267 -0.00146795 -0.000550527 -0.00236186 0.00373479
internal_weight=0 177 153 116 78 51 52
internal_count=229 177 153 116 78 51 52
is_linear=0
shrinkage=0.03


Tree=92
num_leaves=8
num_cat=0
split_feature=3 0 3 3 4 3 3
split_gain=1.07065 0.857746 0.511892 0.212775 0.33313 0.0792778 0.0263535
threshold=0.010600000000000002 0.053050000000000007 0.035050000000000005 0.12600000000000003 0.077550000000000022 0.25465000000000004 0.0039500000000000013
decision_type=2 2 2 2 2 2 2
left_child=6 -2 -3 4 -4 -5 -1
right_child=1 2 3 5 -6 -7 -8
leaf_value=0.0042010986991226672 -0.006546568218618631 0.0026260218965644773 0.0024282304409891367 -0.0034965261057311411 -0.0019863044600933787 -0.0015894586946815252 0.0028340945016084745
leaf_weight=30 24 37 25 26 40 25 22
leaf_count=30 24 37 25 26 40 25 22
internal_value=0 -0.00127361 -0.000446484 -0.00142651 -0.000288406 -0.00287703 0.00362275
internal_weight=0 177 153 116 65 51 52
internal_count=229 177 153 116 65 51 52
is_linear=0
shrinkage=0.03


Tree=93
num_leaves=9
num_cat=0
split_feature=0 3 3 0 4 3 3 3
split_gain=1.02052 0.881025 0.246554 0.240692 0.34319 0.22357 0.140586 0.112911
threshold=0.027950000000000003 0.035050000000000005 0.12600000000000003 0.42035000000000006 0.073350000000000012 0.016050000000000005 0.25465000000000004 0.0039500000000000013
decision_type=2 2 2 2 2 2 2 2
left_child=-1 5 3 -3 -5 7 -4 -2
right_child=1 2 6 4 -6 -7 -8 -9
leaf_value=-0.0064618681477648862 0.0031968049705028536 -0.002667226832360029 -0.0029922766509164595 0.0040115898635915736 -0.00069616389829341477 0.005063920739210314 -0.00080434788617172407 0.00056255111659993414
leaf_weight=21 27 20 28 22 24 27 28 32
leaf_count=21 27 20 28 22 24 27 28 32
internal_value=0 0.000477315 -0.00116197 8.03154e-05 0.0012749 0.0028028 -0.00262608 0.00176806
internal_weight=0 208 122 66 46 86 56 59
internal_count=229 208 122 66 46 86 56 59
is_linear=0
shrinkage=0.03


Tree=94
num_leaves=8
num_cat=0
split_feature=3 0 3 0 4 3 3
split_gain=0.984785 0.761462 0.598116 0.200538 0.419591 0.0229594 0.0152053
threshold=0.010600000000000002 0.090150000000000008 0.12600000000000003 0.42035000000000006 0.052500000000000012 0.0039500000000000013 0.23725000000000004
decision_type=2 2 2 2 2 2 2
left_child=5 -2 3 -3 -5 -1 -4
right_child=1 2 6 4 -6 -7 -8
leaf_value=0.004008137628436088 -0.005121802367890874 -0.0013070750399492681 -0.0026775765079007554 0.0041677343048709065 0.0002708324202260859 0.0027321951250037684 -0.0015604822643633398
leaf_weight=30 36 24 22 37 37 22 21
leaf_count=30 36 24 22 37 37 22 21
internal_value=0 -0.00122761 -0.000233351 0.00107589 0.00184874 0.00346832 -0.00267758
internal_weight=0 177 141 98 74 52 43
internal_count=229 177 141 98 74 52 43
is_linear=0
shrinkage=0.03


Tree=95
num_leaves=8
num_cat=0
split_feature=3 0 3 4 3 3 3
split_gain=0.9317 0.720868 0.429358 0.190163 0.394423 0.356105 0.0216025
threshold=0.010600000000000002 0.053050000000000007 0.035050000000000005 0.37555000000000005 0.15935000000000002 0.05390000000000001 0.0039500000000000013
decision_type=2 2 2 2 2 2 2
left_child=6 -2 -3 4 5 -4 -1
right_child=1 2 3 -5 -6 -7 -8
leaf_value=0.0038878933489322658 -0.0060372940450906746 0.0023688580966680435 -0.0019473239098407699 -0.0032411833623465255 -0.0019473239098407699 0.0026458537893799634 0.0026502291746014223
leaf_weight=30 24 37 22 28 27 39 22
leaf_count=30 24 37 22 28 27 39 22
internal_value=0 -0.00120334 -0.000445073 -0.00134262 -0.000653464 0.000922244 0.00336427
internal_weight=0 177 153 116 88 61 52
internal_count=229 177 153 116 88 61 52
is_linear=0
shrinkage=0.03


Tree=96
num_leaves=8
num_cat=0
split_feature=3 0 3 4 3 3 3
split_gain=0.881523 0.674701 0.408217 0.177054 0.377759 0.335946 0.0203258
threshold=0.010600000000000002 0.053050000000000007 0.035050000000000005 0.37555000000000005 0.15935000000000002 0.05390000000000001 0.0039500000000000013
decision_type=2 2 2 2 2 2 2
left_child=6 -2 -3 4 5 -4 -1
right_child=1 2 3 -5 -6 -7 -8
leaf_value=0.0037712565921247001 -0.0058561752759851513 0.0022977923541455652 -0.0019035971787680977 -0.0031510812359834637 -0.0019035971787680977 0.0025664781607114351 0.0025707224212502214
leaf_weight=30 24 37 22 28 27 39 22
leaf_count=30 24 37 22 28 27 39 22
internal_value=0 -0.00117957 -0.000445987 -0.00132116 -0.000656113 0.000892565 0.00326334
internal_weight=0 177 153 116 88 61 52
internal_count=229 177 153 116 88 61 52
is_linear=0
shrinkage=0.03


Tree=97
num_leaves=9
num_cat=0
split_feature=0 3 0 3 0 3 3 3
split_gain=0.836247 0.692746 0.285562 0.470848 0.212636 0.139574 0.124652 0.0992685
threshold=0.027950000000000003 0.063600000000000004 0.40330000000000005 0.025900000000000003 0.61930000000000007 0.25465000000000004 0.010600000000000002 0.0023500000000000001
decision_type=2 2 2 2 2 2 2 2
left_child=-1 2 -2 6 5 -3 7 -4
right_child=1 4 3 -5 -6 -7 -8 -9
leaf_value=-0.0058804790622421672 -0.0012048624369448849 -0.0027397181579646795 0.00090873631462454793 0.0060982884771118946 0.00097835919779279954 -0.00068405069697139223 0.00072985060217204334 0.0037443581923842428
leaf_weight=21 21 42 20 26 23 28 23 25
leaf_count=21 21 42 20 26 23 28 23 25
internal_value=0 0.000401043 0.00195797 0.00266456 -0.00152419 -0.00234646 0.00135167 0.00248408
internal_weight=0 208 115 94 93 70 68 45
internal_count=229 208 115 94 93 70 68 45
is_linear=0
shrinkage=0.03


Tree=98
num_leaves=9
num_cat=0
split_feature=3 0 3 3 3 4 3 3
split_gain=0.810297 0.596626 0.392908 0.16752 0.494924 0.235508 0.0215029 0.0179446
threshold=0.010600000000000002 0.038850000000000003 0.035050000000000005 0.17515000000000003 0.11425 0.077550000000000022 0.0039500000000000013 0.27420000000000005
decision_type=2 2 2 2 2 2 2 2
left_child=6 -2 -3 4 5 -4 -1 -5
right_child=1 2 3 7 -6 -7 -8 -9
leaf_value=0.003636324234306812 -0.005892942577068295 0.0021933956595288741 0.00050898175620074778 -0.0031998139058059378 0.0032825016467408702 -0.0031998139058059378 0.0024015166358598932 -0.0022271626901679805
leaf_weight=30 21 37 21 20 22 35 22 21
leaf_count=30 21 37 21 20 22 35 22 21
internal_value=0 -0.00114573 -0.000506685 -0.00134621 -0.000530139 -0.00202796 0.00311391 -0.00289872
internal_weight=0 177 156 119 78 56 52 41
internal_count=229 177 156 119 78 56 52 41
is_linear=0
shrinkage=0.03


Tree=99
num_leaves=9
num_cat=0
split_feature=3 0 3 0 3 4 3 3
split_gain=0.763681 0.560525 0.375248 0.430498 0.250756 0.740531 0.135874 0.0202321
threshold=0.010600000000000002 0.038850000000000003 0.12600000000000003 0.34820000000000007 0.025900000000000003 0.077550000000000022 0.25465000000000004 0.0039500000000000013
decision_type=2 2 2 2 2 2 2 2
left_child=7 -2 3 -3 -5 -6 -4 -1
right_child=1 2 6 4 5 -7 -8 -9
leaf_value=0.003527234598994255 -0.0057161541229912207 -0.0031057753588458656 -0.0031057753588458656 -0.00078311098808670279 0.0061206382438207842 -0.0007790414496724094 -0.00077728011967757567 0.0023294712406244466
leaf_weight=30 21 20 28 26 28 28 26 22
leaf_count=30 21 20 28 26 28 28 26 22
internal_value=0 -0.00111481 -0.000495397 0.000575173 0.00153955 0.0026708 -0.00251758 0.00302049
internal_weight=0 177 156 102 82 56 54 52
internal_count=229 177 156 102 82 56 54 52
is_linear=0
shrinkage=0.03


Tree=100
num_leaves=8
num_cat=0
split_feature=3 0 3 4 3 3 3
split_gain=0.720808 0.525909 0.371051 0.154021 0.332672 0.337858 0.0190363
threshold=0.010600000000000002 0.038850000000000003 0.035050000000000005 0.37555000000000005 0.15935000000000002 0.05390000000000001 0.0039500000000000013
decision_type=2 2 2 2 2 2 2
left_child=6 -2 -3 4 5 -4 -1
right_child=1 2 3 -5 -6 -7 -8
leaf_value=0.0034214176014065738 -0.0055446696308042321 0.0021362198013308888 -0.0018391402242541536 -0.0030161789833896813 -0.0018391402242541536 0.0024736133461388259 0.0022595870994370089
leaf_weight=30 21 37 22 31 27 39 22
leaf_count=30 21 37 22 31 27 39 22
internal_value=0 -0.00108767 -0.000487688 -0.00130353 -0.000662101 0.000788961 0.00292987
internal_weight=0 177 156 119 88 61 52
internal_count=229 177 156 119 88 61 52
is_linear=0
shrinkage=0.03


Tree=101
num_leaves=8
num_cat=0
split_feature=3 0 3 4 3 3 3
split_gain=0.682224 0.492194 0.352717 0.142666 0.319237 0.385203 0.0179113
threshold=0.010600000000000002 0.038850000000000003 0.035050000000000005 0.37555000000000005 0.13455000000000003 0.05390000000000001 0.0039500000000000013
decision_type=2 2 2 2 2 2 2
left_child=6 -2 -3 4 5 -4 -1
right_child=1 2 3 -5 -6 -7 -8
leaf_value=0.0033187751509249209 -0.0053783295942204344 0.0020721330654782217 -0.0017982482931191833 -0.0029322293312397558 -0.0017982482931191833 0.0030337928573135288 0.0021917995382947
leaf_weight=30 21 37 22 31 34 32 22
leaf_count=30 21 37 22 31 34 32 22
internal_value=0 -0.00106656 -0.000486129 -0.00128156 -0.000664267 0.000925017 0.00284198
internal_weight=0 177 156 119 88 54 52
internal_count=229 177 156 119 88 54 52
is_linear=0
shrinkage=0.03


Tree=102
num_leaves=8
num_cat=0
split_feature=3 0 3 4 3 3 3
split_gain=0.645237 0.460932 0.334861 0.132425 0.305277 0.303011 0.0168527
threshold=0.010600000000000002 0.038850000000000003 0.035050000000000005 0.37555000000000005 0.15935000000000002 0.05390000000000001 0.0039500000000000013
decision_type=2 2 2 2 2 2 2
left_child=6 -2 -3 4 5 -4 -1
right_child=1 2 3 -5 -6 -7 -8
leaf_value=0.0032192119732499121 -0.0052169798374442113 0.0020099691865411965 -0.0017564355431951098 -0.0028498380357918252 -0.0017564355431951098 0.0023344097057214149 0.0021260454700413075
leaf_weight=30 21 37 22 31 27 39 22
leaf_count=30 21 37 22 31 27 39 22
internal_value=0 -0.00104439 -0.000482696 -0.00125773 -0.000663033 0.000739317 0.00275672
internal_weight=0 177 156 119 88 61 52
internal_count=229 177 156 119 88 61 52
is_linear=0
shrinkage=0.03


Tree=103
num_leaves=10
num_cat=0
split_feature=0 3 0 3 3 3 3 3 3
split_gain=0.611619 0.520967 0.222929 0.502471 0.176545 0.47144 0.0880651 0.101685 0.00515963
threshold=0.027950000000000003 0.063600000000000004 0.40330000000000005 0.025900000000000003 0.11425 0.17515000000000003 0.010600000000000002 0.0023500000000000001 0.27420000000000005
decision_type=2 2 2 2 2 2 2 2 2
left_child=-1 2 -2 6 -3 -6 7 -4 -7
right_child=1 4 3 -5 5 8 -8 -9 -10
leaf_value=-0.0050639013560222733 -0.001136242532437401 -0.0023778874959660265 0.00057318058528542501 0.0058297627996832411 0.0031746045415374361 -0.0023778874959660265 0.00057318058528542501 0.0032509101212024687 -0.0018710497565122999
leaf_weight=21 21 28 20 26 22 21 23 25 22
leaf_count=21 21 28 20 26 22 21 23 25 22
internal_value=0 0.000308126 0.00165829 0.0022826 -0.00136143 -0.000397307 0.000926337 0.00196952 -0.0022248
internal_weight=0 208 115 94 93 65 68 45 43
internal_count=229 208 115 94 93 65 68 45 43
is_linear=0
shrinkage=0.03


Tree=104
num_leaves=8
num_cat=0
split_feature=3 0 3 4 3 3 3
split_gain=0.595122 0.403491 0.313297 0.115923 0.281666 0.362996 0.0178584
threshold=0.010600000000000002 0.038850000000000003 0.035050000000000005 0.37555000000000005 0.13455000000000003 0.05390000000000001 0.0039500000000000013
decision_type=2 2 2 2 2 2 2
left_child=6 -2 -3 4 5 -4 -1
right_child=1 2 3 -5 -6 -7 -8
leaf_value=0.0031079942211508752 -0.0049225624371320009 0.0019179904189061472 -0.0016968582995082054 -0.0027078204961323462 -0.0016968582995082054 0.0028793555684387684 0.0019826841934330081
leaf_weight=30 21 37 22 31 34 32 22
leaf_count=30 21 37 22 31 34 32 22
internal_value=0 -0.00101861 -0.000493079 -0.00124274 -0.000685896 0.000825042 0.0026319
internal_weight=0 177 156 119 88 54 52
internal_count=229 177 156 119 88 54 52
is_linear=0
shrinkage=0.03


Tree=105
num_leaves=8
num_cat=0
split_feature=3 0 3 4 3 3 3
split_gain=0.563228 0.377573 0.297749 0.107393 0.268398 0.3435 0.016803
threshold=0.010600000000000002 0.038850000000000003 0.035050000000000005 0.37555000000000005 0.13455000000000003 0.05390000000000001 0.0039500000000000013
decision_type=2 2 2 2 2 2 2
left_child=6 -2 -3 4 5 -4 -1
right_child=1 2 3 -5 -6 -7 -8
leaf_value=0.0030147543177008627 -0.0047748858388513326 0.0018604506471672573 -0.0016586848740853448 -0.002632457064061712 -0.0016586848740853448 0.0027929749852046368 0.0019232036418874155
leaf_weight=30 21 37 22 31 34 32 22
leaf_count=30 21 37 22 31 34 32 22
internal_value=0 -0.000998401 -0.000490028 -0.00122085 -0.000684913 0.000794593 0.00255294
internal_weight=0 177 156 119 88 54 52
internal_count=229 177 156 119 88 54 52
is_linear=0
shrinkage=0.03


Tree=106
num_leaves=8
num_cat=0
split_feature=3 2 4 3 0 3 3
split_gain=0.533084 0.371781 0.544372 0.347632 0.117653 0.017853 0.0158099
threshold=0.010600000000000002 0.00045000000000000004 0.11175000000000002 0.025900000000000003 0.30040000000000006 0.23725000000000004 0.0039500000000000013
decision_type=2 2 2 2 2 2 2
left_child=6 2 3 -2 5 -4 -1
right_child=1 -3 4 -5 -6 -7 -8
leaf_value=0.0029243115819990637 -8.0760956930311337e-05 -0.0042920917688080897 -0.0023501055950777608 0.0036705556787500104 -0.00055094025514431679 -0.0014505229251110389 0.001865507545457645
leaf_weight=30 25 26 24 37 38 27 22
leaf_count=30 25 26 24 37 38 27 22
internal_value=0 -0.000978646 -0.000408119 0.00175002 -0.00191154 -0.00235011 0.00247636
internal_weight=0 177 151 62 89 51 52
internal_count=229 177 151 62 89 51 52
is_linear=0
shrinkage=0.03


Tree=107
num_leaves=10
num_cat=0
split_feature=0 3 0 3 3 3 3 3 3
split_gain=0.507406 0.435813 0.186743 0.507275 0.179996 0.420838 0.0672452 0.0984365 0.00536258
threshold=0.027950000000000003 0.063600000000000004 0.40330000000000005 0.025900000000000003 0.11425 0.17515000000000003 0.010600000000000002 0.0023500000000000001 0.27420000000000005
decision_type=2 2 2 2 2 2 2 2 2
left_child=-1 2 -2 6 -3 -6 7 -4 -7
right_child=1 4 3 -5 5 8 -8 -9 -10
leaf_value=-0.0046429211406835485 -0.0010727071868521826 -0.0021964185416916255 0.00049183886595166604 0.0056204603171835727 0.0031023807552727784 -0.0021964185416916255 0.00049183886595166604 0.0029566559918224812 -0.0016527869005221873
leaf_weight=21 21 28 20 26 22 21 23 25 22
leaf_count=21 21 28 20 26 22 21 23 25 22
internal_value=0 0.000250084 0.00148499 0.00205638 -0.00127694 -0.000272395 0.00069365 0.00167778 -0.00199903
internal_weight=0 208 115 94 93 65 68 45 43
internal_count=229 208 115 94 93 65 68 45 43
is_linear=0
shrinkage=0.03


Tree=108
num_leaves=8
num_cat=0
split_feature=3 2 4 3 0 3 3
split_gain=0.49328 0.349909 0.48599 0.31923 0.110145 0.025201 0.0166534
threshold=0.010600000000000002 0.00045000000000000004 0.11175000000000002 0.025900000000000003 0.30040000000000006 0.23725000000000004 0.0039500000000000013
decision_type=2 2 2 2 2 2 2
left_child=6 2 3 -2 5 -4 -1
right_child=1 -3 4 -5 -6 -7 -8
leaf_value=0.0028240073025226592 -9.6458859794262483e-05 -0.0041737588194127265 -0.0022897621488249167 0.0034783388362140269 -0.00052572765657188066 -0.0014077449026983985 0.0017373264987360347
leaf_weight=30 25 26 24 37 38 27 22
leaf_count=30 25 26 24 37 38 27 22
internal_value=0 -0.000959256 -0.000405765 0.00163337 -0.00182628 -0.00228976 0.00236426
internal_weight=0 177 151 62 89 51 52
internal_count=229 177 151 62 89 51 52
is_linear=0
shrinkage=0.03


Tree=109
num_leaves=8
num_cat=0
split_feature=3 2 4 3 0 3 3
split_gain=0.467776 0.326564 0.458526 0.303948 0.105528 0.0234013 0.0156692
threshold=0.010600000000000002 0.00045000000000000004 0.11175000000000002 0.025900000000000003 0.30040000000000006 0.23725000000000004 0.0039500000000000013
decision_type=2 2 2 2 2 2 2
left_child=6 2 3 -2 5 -4 -1
right_child=1 -3 4 -5 -6 -7 -8
leaf_value=0.0027392869293689729 -0.00010797720223309704 -0.0040485461113544605 -0.0022284815695274196 0.0033739887827352899 -0.0005099557389162088 -0.0013692186542218143 0.0016852065853097222
leaf_weight=30 25 26 24 37 38 27 22
leaf_count=30 25 26 24 37 38 27 22
internal_value=0 -0.000943125 -0.000408417 0.00157226 -0.00178821 -0.00222848 0.00229333
internal_weight=0 177 151 62 89 51 52
internal_count=229 177 151 62 89 51 52
is_linear=0
shrinkage=0.03


Tree=110
num_leaves=10
num_cat=0
split_feature=0 3 3 3 0 3 3 3 3
split_gain=0.453947 0.382252 0.174429 0.389378 0.155882 0.478112 0.0511899 0.0933644 0.00532668
threshold=0.027950000000000003 0.063600000000000004 0.11425 0.17515000000000003 0.40330000000000005 0.025900000000000003 0.010600000000000002 0.0023500000000000001 0.27420000000000005
decision_type=2 2 2 2 2 2 2 2 2
left_child=-1 4 -3 -4 -2 6 7 -6 -5
right_child=1 2 3 8 5 -7 -8 -9 -10
leaf_value=-0.0044153183751872603 -0.00096753253468445362 -0.0021012824662854086 0.0030245392651043154 -0.0021012824662854086 0.00046190308176241471 0.005351448962464928 0.00046190308176241471 0.0027498668342828751 -0.0015431775485525245
leaf_weight=21 21 28 22 21 20 26 23 25 22
leaf_count=21 21 28 22 21 20 26 23 25 22
internal_value=0 0.000212753 -0.00121736 -0.000221644 0.00136928 0.00189134 0.000568355 0.00148216 -0.00188248
internal_weight=0 208 93 65 115 94 68 45 43
internal_count=229 208 93 65 115 94 68 45 43
is_linear=0
shrinkage=0.03


Tree=111
num_leaves=8
num_cat=0
split_feature=3 2 4 3 3 3 3
split_gain=0.433043 0.307452 0.408371 0.278959 0.103939 0.242747 0.0163951
threshold=0.010600000000000002 0.00045000000000000004 0.11175000000000002 0.025900000000000003 0.30785000000000007 0.11425 0.0039500000000000013
decision_type=2 2 2 2 2 2 2
left_child=6 2 3 -2 5 -4 -1
right_child=1 -3 4 -5 -6 -7 -8
leaf_value=0.0026455847844481469 -0.00012220936369548518 -0.0039377472850565722 -0.0021717446285486885 0.0031942345378165307 -0.0021717446285486885 -0.00012220936369548518 0.0015673620380799878
leaf_weight=30 25 26 34 37 21 34 22
leaf_count=30 25 26 34 37 21 34 22
internal_value=0 -0.000924568 -0.000405742 0.00146347 -0.00170789 -0.000884393 0.00218941
internal_weight=0 177 151 62 89 68 52
internal_count=229 177 151 62 89 68 52
is_linear=0
shrinkage=0.03


Tree=112
num_leaves=9
num_cat=0
split_feature=0 3 3 3 3 3 4 3
split_gain=0.4155 0.347733 0.284937 0.0933266 0.160388 0.134681 0.392765 0.0674867
threshold=0.027950000000000003 0.035050000000000005 0.016050000000000005 0.12600000000000003 0.25465000000000004 0.05390000000000001 0.19070000000000001 0.0039500000000000013
decision_type=2 2 2 2 2 2 2 2
left_child=-1 2 7 5 -5 -3 -7 -2
right_child=1 3 -4 4 -6 6 -8 -9
leaf_value=-0.0042395675075905656 0.0015855788812041281 -0.0018128832936286925 0.0042018057157595951 -0.0020256924315961459 0.00027990252993601776 0.0039896297715604299 -0.0018846531677991149 -0.00045099169656168667
leaf_weight=21 27 25 27 28 28 20 21 32
leaf_count=21 27 25 27 28 28 20 21 32
internal_value=0 0.000188183 0.00164916 -0.000841686 -0.00174247 -7.73819e-05 0.000980851 0.000480998
internal_weight=0 208 86 122 56 66 41 59
internal_count=229 208 86 122 56 66 41 59
is_linear=0
shrinkage=0.03


Tree=113
num_leaves=9
num_cat=0
split_feature=3 3 3 3 3 0 3 3
split_gain=0.40575 0.308794 0.446132 0.182617 0.346599 0.409408 0.173516 0.0141662
threshold=0.010600000000000002 0.018850000000000002 0.035050000000000005 0.31860000000000005 0.11275000000000002 0.42035000000000006 0.15935000000000002 0.0039500000000000013
decision_type=2 2 2 2 2 2 2 2
left_child=7 -2 -3 4 5 -4 -6 -1
right_child=1 2 3 -5 6 -7 -8 -9
leaf_value=0.002536125276237726 -0.004317400285175868 0.0037411382887512445 -0.0055662042301680356 -0.0036301825561427647 0.0030143884383141994 -0.00032172058985845462 -0.00033808969977227124 0.0015338709463619373
leaf_weight=30 21 20 21 21 24 37 33 22
leaf_count=30 21 20 21 21 24 37 33 22
internal_value=0 -0.000902159 -0.000442414 -0.00105764 -0.000587875 -0.00222059 0.00107348 0.00211209
internal_weight=0 177 156 136 115 58 57 52
internal_count=229 177 156 136 115 58 57 52
is_linear=0
shrinkage=0.03


Tree=114
num_leaves=10
num_cat=0
split_feature=0 3 3 3 0 3 3 3 3
split_gain=0.381946 0.329297 0.158808 0.343318 0.128549 0.46087 0.0362724 0.0898299 0.00573481
threshold=0.027950000000000003 0.063600000000000004 0.11425 0.17515000000000003 0.40330000000000005 0.025900000000000003 0.010600000000000002 0.0023500000000000001 0.27420000000000005
decision_type=2 2 2 2 2 2 2 2 2
left_child=-1 4 -3 -4 -2 6 7 -6 -5
right_child=1 2 3 8 5 -7 -8 -9 -10
leaf_value=-0.0040670730173587803 -0.00087051220504300931 -0.0019444716590526067 0.0028654073957692493 -0.0019444716590526067 0.00042756728620599603 0.0051227924191894437 0.00042756728620599603 0.0025582210566848515 -0.0013836433835835618
leaf_weight=21 21 28 22 21 20 26 23 25 22
leaf_count=21 21 28 22 21 20 26 23 25 22
internal_value=0 0.00017813 -0.00114924 -0.00018274 0.00125157 0.00172565 0.000427567 0.0012793 -0.00174226
internal_weight=0 208 93 65 115 94 68 45 43
internal_count=229 208 93 65 115 94 68 45 43
is_linear=0
shrinkage=0.03


Tree=115
num_leaves=8
num_cat=0
split_feature=3 2 4 3 3 3 3
split_gain=0.372921 0.289988 0.333867 0.253145 0.104554 0.218135 0.0147898
threshold=0.010600000000000002 0.00045000000000000004 0.11175000000000002 0.025900000000000003 0.30785000000000007 0.11425 0.0039500000000000013
decision_type=2 2 2 2 2 2 2
left_child=6 2 3 -2 5 -4 -1
right_child=1 -3 4 -5 -6 -7 -8
leaf_value=0.0024492122903466227 -0.00011355278913112106 -0.0038001482518246542 -0.0020850342130098115 0.0029851880740072276 -0.0020850342130098115 -0.00011355278913112106 0.0014251348297958345
leaf_weight=30 25 26 34 37 21 34 22
leaf_count=30 25 26 34 37 21 34 22
internal_value=0 -0.000873795 -0.00036992 0.00132021 -0.00154731 -0.00075754 0.00201595
internal_weight=0 177 151 62 89 68 52
internal_count=229 177 151 62 89 68 52
is_linear=0
shrinkage=0.03


Tree=116
num_leaves=9
num_cat=0
split_feature=3 3 3 3 3 0 3 3
split_gain=0.352791 0.286985 0.408726 0.159983 0.329917 0.35751 0.153315 0.0139158
threshold=0.010600000000000002 0.018850000000000002 0.035050000000000005 0.31860000000000005 0.11275000000000002 0.42035000000000006 0.15935000000000002 0.0039500000000000013
decision_type=2 2 2 2 2 2 2 2
left_child=7 -2 -3 4 5 -4 -6 -1
right_child=1 2 3 -5 6 -7 -8 -9
leaf_value=0.0023757361005991699 -0.0041476281146918025 0.003592342486605048 -0.0052804866832281859 -0.0034087022912821598 0.0028841518051922321 -0.00037966405076125787 -0.00026714311404661694 0.0013823807521045886
leaf_weight=30 21 20 21 21 24 37 33 22
leaf_count=30 21 20 21 21 24 37 33 22
internal_value=0 -0.000855198 -0.000411986 -0.00100086 -0.000561164 -0.0021541 0.00105972 0.00195547
internal_weight=0 177 156 136 115 58 57 52
internal_count=229 177 156 136 115 58 57 52
is_linear=0
shrinkage=0.03


Tree=117
num_leaves=10
num_cat=0
split_feature=0 3 3 3 3 3 3 3 3
split_gain=0.342219 0.291773 0.146646 0.303313 0.11569 0.148767 0.258296 0.018169 0.00711402
threshold=0.027950000000000003 0.063600000000000004 0.11425 0.17515000000000003 0.008550000000000002 0.019650000000000004 0.039500000000000007 0.0023500000000000001 0.27420000000000005
decision_type=2 2 2 2 2 2 2 2 2
left_child=-1 4 -3 -4 7 -6 -7 -2 -5
right_child=1 2 3 8 5 6 -8 -9 -10
leaf_value=-0.00386032834649086 0.00056837818718382283 -0.0018511450262583542 0.0027039742876182903 -0.0018511450262583542 0.0036642889305949209 -0.0014764322086491368 0.0030704205070176847 -0.00066529475893317301 -0.0012272133585065604
leaf_weight=21 21 28 22 21 27 22 23 22 22
leaf_count=21 21 28 22 21 27 22 23 22 22
internal_value=0 0.000158038 -0.00109141 -0.000161083 0.00116846 0.00190381 0.000847515 -6.28033e-05 -0.00162693
internal_weight=0 208 93 65 115 72 45 43 43
internal_count=229 208 93 65 115 72 45 43 43
is_linear=0
shrinkage=0.03


Tree=118
num_leaves=9
num_cat=0
split_feature=3 3 3 3 3 0 3 3
split_gain=0.33034 0.28369 0.386921 0.144374 0.311783 0.334515 0.136077 0.0136176
threshold=0.010600000000000002 0.018850000000000002 0.035050000000000005 0.31860000000000005 0.11275000000000002 0.42035000000000006 0.15935000000000002 0.0039500000000000013
decision_type=2 2 2 2 2 2 2 2
left_child=7 -2 -3 4 5 -4 -6 -1
right_child=1 2 3 -5 6 -7 -8 -9
leaf_value=0.0023081009462475777 -0.0041008791753223963 0.0035093075595796107 -0.0051147088009331904 -0.0032470551785081627 0.0027525120554491877 -0.0003741157738919798 -0.00021633496000008148 0.0013254443393088877
leaf_weight=30 21 20 21 21 24 37 33 22
leaf_count=30 21 20 21 21 24 37 33 22
internal_value=0 -0.000827403 -0.000386743 -0.000959692 -0.000541999 -0.00209054 0.00103371 0.00189236
internal_weight=0 177 156 136 115 58 57 52
internal_count=229 177 156 136 115 58 57 52
is_linear=0
shrinkage=0.03


Tree=119
num_leaves=10
num_cat=0
split_feature=0 3 3 3 3 3 3 3 3
split_gain=0.314647 0.271978 0.135945 0.271196 0.118202 0.146529 0.257311 0.0164881 0.00786592
threshold=0.027950000000000003 0.063600000000000004 0.11425 0.17515000000000003 0.008550000000000002 0.019650000000000004 0.039500000000000007 0.0023500000000000001 0.27420000000000005
decision_type=2 2 2 2 2 2 2 2 2
left_child=-1 4 -3 -4 7 -6 -7 -2 -5
right_child=1 2 3 8 5 6 -8 -9 -10
leaf_value=-0.003703274428844452 0.00048208377989275114 -0.0017767271617776714 0.0025524249977686188 -0.0017767271617776714 0.0036158436992102198 -0.0014991805922578681 0.0030389984016833097 -0.00069313915171237146 -0.0011219150331718
leaf_weight=21 21 28 22 21 27 22 23 22 22
leaf_count=21 21 28 22 21 27 22 23 22 22
internal_value=0 0.00014982 -0.0010565 -0.000156699 0.00112537 0.00186865 0.000820333 -0.000119193 -0.00154276
internal_weight=0 208 93 65 115 72 45 43 43
internal_count=229 208 93 65 115 72 45 43 43
is_linear=0
shrinkage=0.03


Tree=120
num_leaves=9
num_cat=0
split_feature=3 3 3 3 0 3 3 3
split_gain=0.3097 0.280319 0.366578 0.138206 0.313034 0.292544 0.10945 0.0133454
threshold=0.010600000000000002 0.018850000000000002 0.035050000000000005 0.11275000000000002 0.42035000000000006 0.17515000000000003 0.31860000000000005 0.0039500000000000013
decision_type=2 2 2 2 2 2 2 2
left_child=7 -2 -3 4 -4 -5 -7 -1
right_child=1 2 3 5 -6 6 -8 -9
leaf_value=0.0022440028209239245 -0.0040549608160342495 0.0034292923305183649 -0.0049551425049347538 0.0024291031724876823 -0.00036928522702608561 -0.00026999169029295444 -0.0030938601054783378 0.0012712197852405636
leaf_weight=30 21 20 21 27 37 30 21 22
leaf_count=30 21 20 21 27 37 30 21 22
internal_value=0 -0.000800988 -0.000362953 -0.000920637 -0.00202968 -9.59619e-05 -0.00143276 0.00183244
internal_weight=0 177 156 136 58 78 51 52
internal_count=229 177 156 136 58 78 51 52
is_linear=0
shrinkage=0.03


Tree=121
num_leaves=8
num_cat=0
split_feature=3 2 4 3 3 3 3
split_gain=0.291397 0.278916 0.262672 0.231793 0.0986919 0.181811 0.0125566
threshold=0.010600000000000002 0.00045000000000000004 0.11175000000000002 0.025900000000000003 0.30785000000000007 0.11425 0.0039500000000000013
decision_type=2 2 2 2 2 2 2
left_child=6 2 3 -2 5 -4 -1
right_child=1 -3 4 -5 -6 -7 -8
leaf_value=0.0021766826454550029 -5.5400563891566563e-05 -0.0036469007953285025 -0.0019648485352445092 0.0028339373984852352 -0.0019648485352445092 -5.5400563891566563e-05 0.0012330832687968557
leaf_weight=30 25 26 34 37 21 34 22
leaf_count=30 25 26 34 37 21 34 22
internal_value=0 -0.000776959 -0.000282796 0.00121633 -0.00132713 -0.000608939 0.00177747
internal_weight=0 177 151 62 89 68 52
internal_count=229 177 151 62 89 68 52
is_linear=0
shrinkage=0.03


Tree=122
num_leaves=9
num_cat=0
split_feature=0 3 3 3 3 3 4 3
split_gain=0.282342 0.248211 0.176167 0.0710377 0.2793 0.140596 0.298251 0.0442745
threshold=0.027950000000000003 0.12600000000000003 0.25465000000000004 0.035050000000000005 0.016050000000000005 0.05390000000000001 0.19070000000000001 0.0039500000000000013
decision_type=2 2 2 2 2 2 2 2
left_child=-1 3 -3 4 7 -5 -7 -2
right_child=1 2 -4 5 -6 6 -8 -9
leaf_value=-0.0035109763938401426 0.001074272139618794 -0.0016860091579699978 0.00069939559566721857 -0.0016860091579699978 0.0038634116864866676 0.0037311647683382033 -0.0013877680711448191 -0.0005752837983163772
leaf_weight=21 27 28 28 25 27 20 21 32
leaf_count=21 27 28 28 25 27 20 21 32
internal_value=0 0.000138958 -0.00156841 0.000767989 0.00133614 2.76667e-05 0.00110927 0.000179598
internal_weight=0 208 56 152 86 66 41 59
internal_count=229 208 56 152 86 66 41 59
is_linear=0
shrinkage=0.03


Tree=123
num_leaves=9
num_cat=0
split_feature=3 3 3 3 0 3 3 3
split_gain=0.275208 0.265182 0.322427 0.131769 0.276428 0.272074 0.101308 0.0109101
threshold=0.010600000000000002 0.018850000000000002 0.035050000000000005 0.11275000000000002 0.42035000000000006 0.17515000000000003 0.31860000000000005 0.0039500000000000013
decision_type=2 2 2 2 2 2 2 2
left_child=7 -2 -3 4 -4 -5 -7 -1
right_child=1 2 3 5 -6 6 -8 -9
leaf_value=0.0020929098390042784 -0.0039265594152467585 0.0032209318410605192 -0.0046906454062887598 0.0023817180345455805 -0.00038125933298992139 -0.00022390171512961388 -0.0029407025747267266 0.0012133492855355144
leaf_weight=30 21 20 21 27 37 30 21 22
leaf_count=30 21 20 21 27 37 30 21 22
internal_value=0 -0.000761665 -0.000335621 -0.000858644 -0.00194155 -5.34028e-05 -0.00134258 0.00172079
internal_weight=0 177 156 136 58 78 51 52
internal_count=229 177 156 136 58 78 51 52
is_linear=0
shrinkage=0.03


Tree=124
num_leaves=8
num_cat=0
split_feature=3 2 4 3 3 3 3
split_gain=0.258943 0.260485 0.226821 0.218192 0.09591 0.16474 0.0102653
threshold=0.010600000000000002 0.00045000000000000004 0.11175000000000002 0.025900000000000003 0.30785000000000007 0.11425 0.0039500000000000013
decision_type=2 2 2 2 2 2 2
left_child=6 2 3 -2 5 -4 -1
right_child=1 -3 4 -5 -6 -7 -8
leaf_value=0.0020301222605630755 -4.9950047433043842e-05 -0.0035123141788734264 -0.0018867864762489213 0.0027154727562053783 -0.0018867864762489213 -4.9950047433043842e-05 0.0011769487529950725
leaf_weight=30 25 26 34 37 21 34 22
leaf_count=30 25 26 34 37 21 34 22
internal_value=0 -0.000738815 -0.000261259 0.00113181 -0.00123171 -0.000533627 0.00166916
internal_weight=0 177 151 62 89 68 52
internal_count=229 177 151 62 89 68 52
is_linear=0
shrinkage=0.03


Tree=125
num_leaves=9
num_cat=0
split_feature=0 3 3 3 3 3 3 3
split_gain=0.25282 0.232632 0.173503 0.077726 0.237418 0.137126 0.165397 0.0125267
threshold=0.027950000000000003 0.12600000000000003 0.25465000000000004 0.008550000000000002 0.019650000000000004 0.039500000000000007 0.063600000000000004 0.0023500000000000001
decision_type=2 2 2 2 2 2 2 2
left_child=-1 3 -3 7 -5 -6 -7 -2
right_child=1 2 -4 4 5 6 -8 -9
leaf_value=-0.0033277375902980564 0.0001790814407702003 -0.0016008112663929261 0.00076304794247594786 0.0036011796113517552 -0.0016008112663929261 0.0030987080822840493 -0.00014092266207208504 -0.00084527728724589739
leaf_weight=21 21 28 28 27 22 23 37 22
leaf_count=21 21 28 28 27 22 23 37 22
internal_value=0 0.000126115 -0.0015268 0.000735085 0.00116118 0.000357762 0.00110094 -0.000345009
internal_weight=0 208 56 152 109 82 60 43
internal_count=229 208 56 152 109 82 60 43
is_linear=0
shrinkage=0.03


Tree=126
num_leaves=9
num_cat=0
split_feature=3 3 3 3 3 0 3 3
split_gain=0.246023 0.260093 0.304309 0.131244 0.255833 0.250031 0.0938297 0.0101866
threshold=0.010600000000000002 0.018850000000000002 0.035050000000000005 0.11275000000000002 0.17515000000000003 0.42035000000000006 0.31860000000000005 0.0039500000000000013
decision_type=2 2 2 2 2 2 2 2
left_child=7 -2 -3 5 -5 -4 -6 -1
right_child=1 2 3 4 6 -7 -8 -9
leaf_value=0.0019805129598826172 -0.0038605710704411782 0.0031509203799068926 -0.0045076616241463592 0.0023525836484299765 -0.00018224887922406197 -0.00040919592327161417 -0.0027968547656408707 0.0011306185153609311
leaf_weight=30 21 20 21 27 30 37 21 22
leaf_count=30 21 20 21 27 30 37 21 22
internal_value=0 -0.000726194 -0.000304259 -0.000812374 -8.7392e-06 -0.00189312 -0.00125885 0.00162094
internal_weight=0 177 156 136 78 58 51 52
internal_count=229 177 156 136 78 58 51 52
is_linear=0
shrinkage=0.03


Tree=127
num_leaves=9
num_cat=0
split_feature=0 3 3 3 3 3 3 3
split_gain=0.231695 0.223788 0.16812 0.0802738 0.230891 0.137797 0.159357 0.0113505
threshold=0.027950000000000003 0.12600000000000003 0.25465000000000004 0.008550000000000002 0.019650000000000004 0.039500000000000007 0.063600000000000004 0.0023500000000000001
decision_type=2 2 2 2 2 2 2 2
left_child=-1 3 -3 7 -5 -6 -7 -2
right_child=1 2 -4 4 5 6 -8 -9
leaf_value=-0.0031906195264309644 0.00011429364260818277 -0.0015374178659819267 0.00078764428958363289 0.0035523152103026706 -0.0015374178659819267 0.0030607893779802985 -0.00011914339445128634 -0.0008607911470806522
leaf_weight=21 21 28 28 27 22 23 37 22
leaf_count=21 21 28 28 27 22 23 37 22
internal_value=0 0.000115784 -0.00150541 0.000713067 0.00114609 0.000353792 0.00109983 -0.000384587
internal_weight=0 208 56 152 109 82 60 43
internal_count=229 208 56 152 109 82 60 43
is_linear=0
shrinkage=0.03


Tree=128
num_leaves=9
num_cat=0
split_feature=3 3 3 3 3 0 3 3
split_gain=0.233025 0.256592 0.289871 0.129943 0.243289 0.233863 0.0888934 0.0101177
threshold=0.010600000000000002 0.018850000000000002 0.035050000000000005 0.11275000000000002 0.17515000000000003 0.42035000000000006 0.31860000000000005 0.0039500000000000013
decision_type=2 2 2 2 2 2 2 2
left_child=7 -2 -3 5 -5 -4 -6 -1
right_child=1 2 3 4 6 -7 -8 -9
leaf_value=0.0019334341594949363 -0.0038224251461880547 0.0030820911359041928 -0.0043900098975115853 0.0023163048012389076 -0.00015757837146520613 -0.00042627096855761228 -0.0027024791429617577 0.0010864165121562441
leaf_weight=30 21 20 21 27 30 37 21 22
leaf_count=30 21 20 21 27 30 37 21 22
internal_value=0 -0.000709212 -0.000290126 -0.00078604 1.36002e-05 -0.00186142 -0.00120548 0.00157508
internal_weight=0 177 156 136 78 58 51 52
internal_count=229 177 156 136 78 58 51 52
is_linear=0
shrinkage=0.03


Tree=129
num_leaves=8
num_cat=0
split_feature=3 2 4 3 3 3 3
split_gain=0.219253 0.246204 0.185728 0.205928 0.0922159 0.145366 0.00951976
threshold=0.010600000000000002 0.00045000000000000004 0.11175000000000002 0.025900000000000003 0.30785000000000007 0.11425 0.0039500000000000013
decision_type=2 2 2 2 2 2 2
left_child=6 2 3 -2 5 -4 -1
right_child=1 -3 4 -5 -6 -7 -8
leaf_value=0.0018754307758063076 -3.2443131025490439e-05 -0.0033843343650760988 -0.0018039946760167722 0.0025991477917980503 -0.0018039946760167722 -3.2443131025490439e-05 0.0010538239860960112
leaf_weight=30 25 26 34 37 21 34 22
leaf_count=30 25 26 34 37 21 34 22
internal_value=0 -0.000687936 -0.000223655 0.00103693 -0.00110181 -0.00043804 0.00152783
internal_weight=0 177 151 62 89 68 52
internal_count=229 177 151 62 89 68 52
is_linear=0
shrinkage=0.03


Tree=130
num_leaves=9
num_cat=0
split_feature=3 3 3 3 3 3 3 3
split_gain=0.207233 0.239922 0.270207 0.122793 0.226373 0.0817426 0.0399535 0.00895715
threshold=0.010600000000000002 0.018850000000000002 0.035050000000000005 0.11275000000000002 0.17515000000000003 0.31860000000000005 0.066950000000000023 0.0039500000000000013
decision_type=2 2 2 2 2 2 2 2
left_child=7 -2 -3 6 -5 -6 -4 -1
right_child=1 2 3 4 5 -7 -8 -9
leaf_value=0.0018191681029275061 -0.0036825638690165109 0.002988892391324043 -0.0011295762043172384 0.0022528036269876691 -0.00013946984522044659 -0.0025798654523012895 -0.0027282791811740026 0.0010222093816793694
leaf_weight=30 21 20 34 27 30 21 24 22
leaf_count=30 21 20 34 27 30 21 24 22
internal_value=0 -0.00067218 -0.000266936 -0.000745734 3.15952e-05 -0.00114434 -0.00179111 0.00148199
internal_weight=0 177 156 136 78 51 58 52
internal_count=229 177 156 136 78 51 58 52
is_linear=0
shrinkage=0.03


Tree=131
num_leaves=9
num_cat=0
split_feature=0 3 3 3 3 3 3 3
split_gain=0.204282 0.210045 0.169006 0.095977 0.231062 0.148335 0.151936 0.00949942
threshold=0.027950000000000003 0.12600000000000003 0.25465000000000004 0.008550000000000002 0.019650000000000004 0.039500000000000007 0.063600000000000004 0.0023500000000000001
decision_type=2 2 2 2 2 2 2 2
left_child=-1 3 -3 7 -5 -6 -7 -2
right_child=1 2 -4 4 5 6 -8 -9
leaf_value=-0.0029974777065217492 -5.7976468732314453e-05 -0.0014451518766565221 0.0008857287040778568 0.0035664557458625896 -0.0014451518766565221 0.0030603142264906476 -4.4696001033927942e-05 -0.00095001388409979304
leaf_weight=21 21 28 28 27 22 23 37 22
leaf_count=21 21 28 28 27 22 23 37 22
internal_value=0 0.000107174 -0.00144515 0.000685855 0.00115934 0.00036675 0.00114556 -0.000514368
internal_weight=0 208 56 152 109 82 60 43
internal_count=229 208 56 152 109 82 60 43
is_linear=0
shrinkage=0.03


Tree=132
num_leaves=9
num_cat=0
split_feature=3 3 3 3 3 3 3 3
split_gain=0.197374 0.236965 0.25757 0.121568 0.215476 0.0775266 0.0350161 0.00896735
threshold=0.010600000000000002 0.018850000000000002 0.035050000000000005 0.11275000000000002 0.17515000000000003 0.31860000000000005 0.066950000000000023 0.0039500000000000013
decision_type=2 2 2 2 2 2 2 2
left_child=7 -2 -3 6 -5 -6 -4 -1
right_child=1 2 3 4 5 -7 -8 -9
leaf_value=0.0017805030830204487 -0.0036509491450020244 0.0029223564192652702 -0.001144736504921799 0.0022166317452987036 -0.00011912798974663018 -0.0024957567187292237 -0.0026413991022855043 0.00098309055277654399
leaf_weight=30 21 20 34 27 30 21 24 22
leaf_count=30 21 20 34 27 30 21 24 22
internal_value=0 -0.00065917 -0.000256431 -0.000723899 4.95426e-05 -0.00109774 -0.00176405 0.00144314
internal_weight=0 177 156 136 78 51 58 52
internal_count=229 177 156 136 78 51 58 52
is_linear=0
shrinkage=0.03


Tree=133
num_leaves=9
num_cat=0
split_feature=0 3 3 3 3 3 3 3
split_gain=0.188399 0.203272 0.163618 0.097553 0.224415 0.148299 0.143153 0.00858219
threshold=0.027950000000000003 0.12600000000000003 0.25465000000000004 0.008550000000000002 0.019650000000000004 0.039500000000000007 0.063600000000000004 0.0023500000000000001
decision_type=2 2 2 2 2 2 2 2
left_child=-1 3 -3 7 -5 -6 -7 -2
right_child=1 2 -4 4 5 6 -8 -9
leaf_value=-0.0028844351215021949 -0.00010965198877134492 -0.0013936790514324476 0.00090092641567545274 0.0035161858838465478 -0.0013936790514324476 0.0030028468730818963 -1.1082161217927932e-05 -0.00095753033275038665
leaf_weight=21 21 28 28 27 22 23 37 22
leaf_count=21 21 28 28 27 22 23 37 22
internal_value=0 9.7077e-05 -0.00139368 0.000666587 0.00114394 0.000362837 0.00114426 -0.00054345
internal_weight=0 208 56 152 109 82 60 43
internal_count=229 208 56 152 109 82 60 43
is_linear=0
shrinkage=0.03


Tree=134
num_leaves=9
num_cat=0
split_feature=3 2 3 4 3 4 3 3
split_gain=0.18829 0.235898 0.164623 0.424748 0.374058 0.383862 0.0278842 0.00898211
threshold=0.010600000000000002 0.00045000000000000004 0.17515000000000003 0.37555000000000005 0.025900000000000003 0.077550000000000022 0.30785000000000007 0.0039500000000000013
decision_type=2 2 2 2 2 2 2 2
left_child=7 2 3 4 -2 -6 -4 -1
right_child=1 -3 6 -5 5 -7 -8 -9
leaf_value=0.0017437890258152036 -0.00012024820752502672 -0.00328656906575466 -0.00069266859765933903 -0.0017396607991276305 0.0056009519058797096 0.00070812501253620264 -0.0017396607991276305 0.00094572054216934527
leaf_weight=30 27 26 23 20 27 31 23 22
leaf_count=30 27 26 23 20 27 31 23 22
internal_value=0 -0.000647211 -0.000192753 0.000462882 0.00149916 0.00298582 -0.00168931 0.00140614
internal_weight=0 177 151 105 85 58 46 52
internal_count=229 177 151 105 85 58 46 52
is_linear=0
shrinkage=0.03


Tree=135
num_leaves=9
num_cat=0
split_feature=3 3 3 3 3 3 3 3
split_gain=0.180443 0.230647 0.242849 0.127713 0.198521 0.0725149 0.0298921 0.00845127
threshold=0.010600000000000002 0.018850000000000002 0.035050000000000005 0.11275000000000002 0.17515000000000003 0.31860000000000005 0.066950000000000023 0.0039500000000000013
decision_type=2 2 2 2 2 2 2 2
left_child=7 -2 -3 6 -5 -6 -4 -1
right_child=1 2 3 4 5 -7 -8 -9
leaf_value=0.0016914753356250002 -0.0035977744577186444 0.0028377903811633584 -0.0011966346213867997 0.0021700991359021927 -6.4748727250844246e-05 -0.0023632760838206324 -0.0025794630241580308 0.00091734897895631457
leaf_weight=30 21 20 34 27 30 21 24 22
leaf_count=30 21 20 34 27 30 21 24 22
internal_value=0 -0.000646151 -0.000248817 -0.00070273 9.00182e-05 -0.0010112 -0.00176884 0.00136396
internal_weight=0 177 156 136 78 51 58 52
internal_count=229 177 156 136 78 51 58 52
is_linear=0
shrinkage=0.03


Tree=136
num_leaves=9
num_cat=0
split_feature=3 2 3 4 3 3 3 3
split_gain=0.169778 0.220107 0.150824 0.176439 0.189234 0.474134 0.101014 0.0079518
threshold=0.010600000000000002 0.00045000000000000004 0.30785000000000007 0.46645000000000009 0.025900000000000003 0.066950000000000023 0.11425 0.0039500000000000013
decision_type=2 2 2 2 2 2 2 2
left_child=7 2 3 4 -2 -6 -7 -1
right_child=1 -3 -4 -5 5 6 -8 -9
leaf_value=0.0016407310257927747 -0.00046715667539481292 -0.003176254303767704 -0.0016820180478922823 -0.0016820180478922823 0.0048868117839671096 -0.00046715667539481292 0.0013056813221191987 0.000889828376556662
leaf_weight=30 27 26 23 21 26 22 32 22
leaf_count=30 27 26 23 21 26 22 32 22
internal_value=0 -0.000626766 -0.000187782 0.000240068 0.000747705 0.0015584 -4.41671e-05 0.00132304
internal_weight=0 177 151 128 107 80 54 52
internal_count=229 177 151 128 107 80 54 52
is_linear=0
shrinkage=0.03


Tree=137
num_leaves=9
num_cat=0
split_feature=3 3 3 3 3 3 3 3
split_gain=0.162629 0.212838 0.225382 0.125669 0.187717 0.271492 0.0251726 0.00748185
threshold=0.010600000000000002 0.018850000000000002 0.035050000000000005 0.11275000000000002 0.15100000000000002 0.25465000000000004 0.066950000000000023 0.0039500000000000013
decision_type=2 2 2 2 2 2 2 2
left_child=7 -2 -3 6 -5 -6 -4 -1
right_child=1 2 3 4 5 -7 -8 -9
leaf_value=0.0015915092832874506 -0.0034603463060089521 0.002730257263407111 -0.0012130112351630541 0.0025304912882191792 -0.0034983207418450286 0.00079384190185616407 -0.0024819900968577713 0.00086313356179744003
leaf_weight=30 21 20 34 21 21 36 24 22
leaf_count=30 21 20 34 21 21 36 24 22
internal_value=0 -0.000624963 -0.000243276 -0.000680561 0.000105819 -0.000787481 -0.00173811 0.00128335
internal_weight=0 177 156 136 78 57 58 52
internal_count=229 177 156 136 78 57 58 52
is_linear=0
shrinkage=0.03


Tree=138
num_leaves=9
num_cat=0
split_feature=0 3 3 3 3 3 3 3
split_gain=0.163559 0.176427 0.163305 0.111311 0.236085 0.155364 0.128817 0.00682054
threshold=0.027950000000000003 0.12600000000000003 0.25465000000000004 0.008550000000000002 0.019650000000000004 0.039500000000000007 0.063600000000000004 0.0023500000000000001
decision_type=2 2 2 2 2 2 2 2
left_child=-1 3 -3 7 -5 -6 -7 -2
right_child=1 2 -4 4 5 6 -8 -9
leaf_value=-0.0027091527836663382 -0.00030638763581269549 -0.0013201423285033671 0.00097208930345784336 0.0035424865575300322 -0.0013201423285033671 0.0028830307997439217 2.4005660057269239e-05 -0.0010622521822171455
leaf_weight=21 21 28 28 27 22 23 37 22
leaf_count=21 21 28 28 27 22 23 37 22
internal_value=0 6.88681e-05 -0.00132014 0.000599441 0.00110935 0.00030819 0.00111997 -0.000693109
internal_weight=0 208 56 152 109 82 60 43
internal_count=229 208 56 152 109 82 60 43
is_linear=0
shrinkage=0.03


Tree=139
num_leaves=9
num_cat=0
split_feature=3 3 3 3 3 3 3 3
split_gain=0.156138 0.210631 0.214939 0.123783 0.18103 0.0813626 0.0218183 0.00758267
threshold=0.010600000000000002 0.018850000000000002 0.035050000000000005 0.11275000000000002 0.31860000000000005 0.15100000000000002 0.066950000000000023 0.0039500000000000013
decision_type=2 2 2 2 2 2 2 2
left_child=7 -2 -3 6 5 -5 -4 -1
right_child=1 2 3 4 -6 -7 -8 -9
leaf_value=0.0015646989662200211 -0.003436017584587846 0.0026681556198745967 -0.0012234230770948615 0.0024790115122284204 -0.0022633414795356138 0.00012932414596434683 -0.0024048340955050663 0.00083143194163726132
leaf_weight=30 21 20 34 21 21 36 24 22
leaf_count=30 21 20 34 21 21 36 24 22
internal_value=0 -0.000615372 -0.00023567 -0.000662703 0.000117753 0.000994998 -0.00171228 0.00125447
internal_weight=0 177 156 136 78 57 58 52
internal_count=229 177 156 136 78 57 58 52
is_linear=0
shrinkage=0.03


Tree=140
num_leaves=9
num_cat=0
split_feature=0 3 3 3 3 3 3 3
split_gain=0.150853 0.171021 0.15731 0.111475 0.229274 0.154268 0.122166 0.00614044
threshold=0.027950000000000003 0.12600000000000003 0.25465000000000004 0.008550000000000002 0.019650000000000004 0.039500000000000007 0.063600000000000004 0.0023500000000000001
decision_type=2 2 2 2 2 2 2 2
left_child=-1 3 -3 7 -5 -6 -7 -2
right_child=1 2 -4 4 5 6 -8 -9
leaf_value=-0.0026083325727709701 -0.00034413682962102551 -0.0012743653531292144 0.00097750054140176095 0.0034904956693450609 -0.0012743653531292144 0.0028332425378586935 4.8998097977223422e-05 -0.0010613268613815308
leaf_weight=21 21 28 28 27 22 23 37 22
leaf_count=21 21 28 28 27 22 23 37 22
internal_value=0 5.96019e-05 -0.00127437 0.000582429 0.00109271 0.000303195 0.00111629 -0.000711071
internal_weight=0 208 56 152 109 82 60 43
internal_count=229 208 56 152 109 82 60 43
is_linear=0
shrinkage=0.03


Tree=141
num_leaves=9
num_cat=0
split_feature=3 3 3 3 3 3 3 3
split_gain=0.150124 0.208293 0.204998 0.121827 0.173199 0.0663867 0.0188407 0.00768277
threshold=0.010600000000000002 0.018850000000000002 0.035050000000000005 0.11275000000000002 0.17515000000000003 0.31860000000000005 0.066950000000000023 0.0039500000000000013
decision_type=2 2 2 2 2 2 2 2
left_child=7 -2 -3 6 -5 -6 -4 -1
right_child=1 2 3 4 5 -7 -8 -9
leaf_value=0.0015391778047196567 -0.0034115140725459372 0.0026069009173661471 -0.0012329986047766664 0.0020711437529987759 5.2300989627838133e-06 -0.0021940307013158284 -0.0023308372899191456 0.00080108673915012989
leaf_weight=30 21 20 34 27 30 21 24 22
leaf_count=30 21 20 34 27 30 21 24 22
internal_value=0 -0.000606569 -0.00022898 -0.000646021 0.000128245 -0.000900348 -0.00168728 0.00122691
internal_weight=0 177 156 136 78 51 58 52
internal_count=229 177 156 136 78 51 58 52
is_linear=0
shrinkage=0.03


Tree=142
num_leaves=8
num_cat=0
split_feature=3 2 3 3 0 3 3
split_gain=0.141252 0.209284 0.136771 0.11781 0.212674 1.09421 0.00722872
threshold=0.010600000000000002 0.00045000000000000004 0.30785000000000007 0.025900000000000003 0.34820000000000007 0.066950000000000023 0.0039500000000000013
decision_type=2 2 2 2 2 2 2
left_child=6 2 3 -2 -5 -6 -1
right_child=1 -3 -4 4 5 -7 -8
leaf_value=0.0014930025176145135 -0.0014756044851882118 -0.0030743915230358161 -0.0016173534605373834 -0.0012015804023865391 0.0072541390448484728 0.00025870248302910719 0.00077705414605919599
leaf_weight=30 28 26 23 34 23 43 22
leaf_count=30 28 26 23 34 23 43 22
internal_value=0 -0.000588372 -0.000160315 0.000244394 0.000725993 0.00171899 0.0011901
internal_weight=0 177 151 128 100 66 52
internal_count=229 177 151 128 100 66 52
is_linear=0
shrinkage=0.03


Tree=143
num_leaves=8
num_cat=0
split_feature=3 2 3 3 0 3 3
split_gain=0.135075 0.19463 0.129043 0.108847 0.195984 1.03767 0.00680151
threshold=0.010600000000000002 0.00045000000000000004 0.30785000000000007 0.025900000000000003 0.34820000000000007 0.066950000000000023 0.0039500000000000013
decision_type=2 2 2 2 2 2 2
left_child=6 2 3 -2 -5 -6 -1
right_child=1 -3 -4 4 5 -7 -8
leaf_value=0.0014482126762159167 -0.0014313363377004861 -0.0029821597623567167 -0.0015770587120048302 -0.00116553292993237 0.0070365149163357588 0.00023627866739590826 0.00075374246871268212
leaf_weight=30 28 26 23 34 23 43 22
leaf_count=30 28 26 23 34 23 43 22
internal_value=0 -0.000584756 -0.000171958 0.000221941 0.000684858 0.00163809 0.0011544
internal_weight=0 177 151 128 100 66 52
internal_count=229 177 151 128 100 66 52
is_linear=0
shrinkage=0.03


Tree=144
num_leaves=9
num_cat=0
split_feature=3 3 3 3 3 3 3 3
split_gain=0.129194 0.182127 0.1821 0.13277 0.158608 0.0605262 0.0132176 0.00639953
threshold=0.010600000000000002 0.018850000000000002 0.035050000000000005 0.11275000000000002 0.17515000000000003 0.31860000000000005 0.066950000000000023 0.0039500000000000013
decision_type=2 2 2 2 2 2 2 2
left_child=7 -2 -3 6 -5 -6 -4 -1
right_child=1 2 3 4 5 -7 -8 -9
leaf_value=0.0014047660194337367 -0.0032039626900638852 0.0024447760842740535 -0.0013276101454325459 0.0020464579843812516 6.7567338235676282e-05 -0.0020323772515569412 -0.0022471408023193363 0.00073113029738041486
leaf_weight=30 21 20 34 27 30 21 24 22
leaf_count=30 21 20 34 27 30 21 24 22
internal_value=0 -0.000581109 -0.000228033 -0.000621093 0.000187198 -0.000797116 -0.00170811 0.00111977
internal_weight=0 177 156 136 78 51 58 52
internal_count=229 177 156 136 78 51 58 52
is_linear=0
shrinkage=0.03


Tree=145
num_leaves=9
num_cat=0
split_feature=0 3 3 3 3 3 3 3
split_gain=0.12725 0.148263 0.163351 0.122792 0.249401 0.163982 0.1045 0.00480006
threshold=0.027950000000000003 0.12600000000000003 0.25465000000000004 0.008550000000000002 0.019650000000000004 0.039500000000000007 0.063600000000000004 0.0023500000000000001
decision_type=2 2 2 2 2 2 2 2
left_child=-1 3 -3 7 -5 -6 -7 -2
right_child=1 2 -4 4 5 6 -8 -9
leaf_value=-0.0024146749771067071 -0.000510367535586868 -0.0011895044734106643 0.0011060074863157101 0.0035591585872073966 -0.0011895044734106643 0.0026859479644538264 0.00011087132366122425 -0.0011444678491997447
leaf_weight=21 21 28 28 27 22 23 37 22
leaf_count=21 21 28 28 27 22 23 37 22
internal_value=0 3.5666e-05 -0.0011895 0.000522785 0.00105834 0.000234902 0.00109798 -0.000834791
internal_weight=0 208 56 152 109 82 60 43
internal_count=229 208 56 152 109 82 60 43
is_linear=0
shrinkage=0.03


Tree=146
num_leaves=8
num_cat=0
split_feature=3 2 3 3 0 3 3
split_gain=0.125152 0.182407 0.11778 0.103232 0.178918 0.977504 0.00656724
threshold=0.010600000000000002 0.00045000000000000004 0.30785000000000007 0.025900000000000003 0.34820000000000007 0.066950000000000023 0.0039500000000000013
decision_type=2 2 2 2 2 2 2
left_child=6 2 3 -2 -5 -6 -1
right_child=1 -3 -4 4 5 -7 -8
leaf_value=0.0013874515797942877 -0.0014108100546790022 -0.0028962160568111218 -0.0015359508975816276 -0.0011179210640051786 0.0068091887907813422 0.00022146950085849106 0.00070504624396562578
leaf_weight=30 28 26 23 34 23 43 22
leaf_count=30 28 26 23 34 23 43 22
internal_value=0 -0.000575312 -0.000175686 0.000199256 0.000650074 0.00156086 0.00109874
internal_weight=0 177 151 128 100 66 52
internal_count=229 177 151 128 100 66 52
is_linear=0
shrinkage=0.03


Tree=147
num_leaves=9
num_cat=0
split_feature=3 3 3 3 3 3 3 3
split_gain=0.119726 0.174401 0.168902 0.139444 0.204509 0.311686 0.00989079 0.00617913
threshold=0.010600000000000002 0.018850000000000002 0.035050000000000005 0.25465000000000004 0.13455000000000003 0.10560000000000001 0.05390000000000001 0.0039500000000000013
decision_type=2 2 2 2 2 2 2 2
left_child=7 -2 -3 4 5 6 -4 -1
right_child=1 2 3 -5 -6 -7 -8 -9
leaf_value=0.0013458283357322214 -0.0031382039615086145 0.0023480575047433376 -0.0020316290403250606 0.00099640793787936373 -0.0034117744035191007 0.0027287714821951727 -0.0012035220512188972 0.00068389461608603591
leaf_weight=30 21 20 25 36 27 21 27 22
leaf_count=30 21 20 25 36 27 21 27 22
internal_value=0 -0.000571582 -0.000226075 -0.000604624 -0.001181 -0.000355913 -0.00160165 0.00106578
internal_weight=0 177 156 136 100 73 52 52
internal_count=229 177 156 136 100 73 52 52
is_linear=0
shrinkage=0.03


Tree=148
num_leaves=9
num_cat=0
split_feature=0 3 3 3 3 3 3 3
split_gain=0.115176 0.131531 0.154613 0.122384 0.253783 0.161476 0.0986515 0.00408867
threshold=0.027950000000000003 0.12600000000000003 0.25465000000000004 0.008550000000000002 0.019650000000000004 0.039500000000000007 0.063600000000000004 0.0023500000000000001
decision_type=2 2 2 2 2 2 2 2
left_child=-1 3 -3 7 -5 -6 -7 -2
right_child=1 2 -4 4 5 6 -8 -9
leaf_value=-0.0023112023408923829 -0.00057705530098506373 -0.0011456053194610382 0.0010864846508151719 0.0035359316174354816 -0.0011456053194610382 0.0025957158842609949 9.373489396042517e-05 -0.0011456053194610382
leaf_weight=21 21 28 28 27 22 23 37 22
leaf_count=21 21 28 28 27 22 23 37 22
internal_value=0 1.99917e-05 -0.00114561 0.000478575 0.00101324 0.000182599 0.00105283 -0.000876739
internal_weight=0 208 56 152 109 82 60 43
internal_count=229 208 56 152 109 82 60 43
is_linear=0
shrinkage=0.03


Tree=149
num_leaves=9
num_cat=0
split_feature=3 3 3 3 3 3 3 3
split_gain=0.116222 0.173361 0.161143 0.139897 0.15454 0.0661571 0.00958929 0.00636729
threshold=0.010600000000000002 0.018850000000000002 0.035050000000000005 0.11275000000000002 0.31860000000000005 0.15100000000000002 0.066950000000000023 0.0039500000000000013
decision_type=2 2 2 2 2 2 2 2
left_child=7 -2 -3 6 5 -5 -4 -1
right_child=1 2 3 4 -6 -7 -8 -9
leaf_value=0.0013313788697123527 -0.0031250767835548942 0.0022926654238253829 -0.0013831189093145761 0.0023870058357715607 -0.0019616941096527235 0.00026822564192116257 -0.0021663381432881577 0.00065944253953851076
leaf_weight=30 21 20 34 21 21 36 24 22
leaf_count=30 21 20 34 21 21 36 24 22
internal_value=0 -0.000566123 -0.000221649 -0.000591401 0.000238303 0.00104883 -0.00170721 0.0010471
internal_weight=0 177 156 136 78 57 58 52
internal_count=229 177 156 136 78 57 58 52
is_linear=0
shrinkage=0.03


Tree=150
num_leaves=9
num_cat=0
split_feature=3 3 3 3 3 3 3 3
split_gain=0.109353 0.163115 0.15162 0.132593 0.191779 0.286733 0.0107654 0.00599098
threshold=0.010600000000000002 0.018850000000000002 0.035050000000000005 0.25465000000000004 0.13455000000000003 0.10560000000000001 0.05390000000000001 0.0039500000000000013
decision_type=2 2 2 2 2 2 2 2
left_child=7 -2 -3 4 5 6 -4 -1
right_child=1 2 3 -5 -6 -7 -8 -9
leaf_value=0.0012914374005049466 -0.0030313244488622457 0.0022238855995237827 -0.0019801205175463111 0.00098754910596956808 -0.0032959296554327007 0.0026219270484788078 -0.0011161738628935483 0.00063965931894596328
leaf_weight=30 21 20 25 36 27 21 27 22
leaf_count=30 21 20 25 36 27 21 27 22
internal_value=0 -0.000549139 -0.000214999 -0.000573659 -0.00113569 -0.000336702 -0.00153153 0.00101569
internal_weight=0 177 156 136 100 73 52 52
internal_count=229 177 156 136 100 73 52 52
is_linear=0
shrinkage=0.03


Tree=151
num_leaves=9
num_cat=0
split_feature=0 3 3 3 3 3 3 3
split_gain=0.107076 0.124546 0.144374 0.126731 0.253366 0.162651 0.0999884 0.00335015
threshold=0.027950000000000003 0.12600000000000003 0.25465000000000004 0.008550000000000002 0.019650000000000004 0.039500000000000007 0.063600000000000004 0.0023500000000000001
decision_type=2 2 2 2 2 2 2 2
left_child=-1 3 -3 7 -5 -6 -7 -2
right_child=1 2 -4 4 5 6 -8 -9
leaf_value=-0.0022295953067285675 -0.00063842798317117349 -0.0011057329797536165 0.001052054869942367 0.0035292659886181355 -0.0011057329797536165 0.002614233937904077 9.5357080116062536e-05 -0.0011057329797536165
leaf_weight=21 21 28 28 27 22 23 37 22
leaf_count=21 21 28 28 27 22 23 37 22
internal_value=0 1.81293e-05 -0.00110573 0.00046457 0.00100865 0.00017869 0.00106093 -0.000914609
internal_weight=0 208 56 152 109 82 60 43
internal_count=229 208 56 152 109 82 60 43
is_linear=0
shrinkage=0.03


Tree=152
num_leaves=9
num_cat=0
split_feature=3 3 3 3 3 3 3 3
split_gain=0.106387 0.162401 0.144702 0.132674 0.152035 0.0583238 0.00910662 0.00621225
threshold=0.010600000000000002 0.018850000000000002 0.035050000000000005 0.11275000000000002 0.31860000000000005 0.15100000000000002 0.066950000000000023 0.0039500000000000013
decision_type=2 2 2 2 2 2 2 2
left_child=7 -2 -3 6 5 -5 -4 -1
right_child=1 2 3 4 -6 -7 -8 -9
leaf_value=0.0012794244103133678 -0.003021582045725414 0.0021711691953241827 -0.0013325999326565686 0.0023065764989171709 -0.0019359030042375837 0.00031718221493065357 -0.0020958532439544798 0.00061571880836378446
leaf_weight=30 21 20 34 21 21 36 24 22
leaf_count=30 21 20 34 21 21 36 24 22
internal_value=0 -0.000544836 -0.000211428 -0.00056181 0.000246189 0.00105012 -0.00164843 0.000998626
internal_weight=0 177 156 136 78 57 58 52
internal_count=229 177 156 136 78 57 58 52
is_linear=0
shrinkage=0.03


Tree=153
num_leaves=9
num_cat=0
split_feature=3 3 3 3 3 0 3 0
split_gain=0.100199 0.188853 0.11597 0.0863252 0.09208 0.112467 0.0553978 0.0137433
threshold=0.018400000000000003 0.039500000000000007 0.008550000000000002 0.31860000000000005 0.18280000000000005 0.61930000000000007 0.0020500000000000006 0.35520000000000002
decision_type=2 2 2 2 2 2 2 2
left_child=2 -2 6 4 5 7 -1 -3
right_child=1 3 -4 -5 -6 -7 -8 -9
leaf_value=0.0010111578021730694 -0.0027939588293947018 -0.00164427544348515 0.0024477565148845314 -0.001877825856208801 0.001742304592496819 0.0011112052606040378 -0.0010789416996762155 -0.00064873512485064567
leaf_weight=21 29 26 24 21 27 32 25 24
leaf_count=21 29 26 24 21 27 32 25 24
internal_value=0 -0.0006049 0.000757242 -0.000116572 0.000222752 -0.000277588 -0.000124766 -0.00116642
internal_weight=0 159 70 130 109 82 46 50
internal_count=229 159 70 130 109 82 46 50
is_linear=0
shrinkage=0.03


Tree=154
num_leaves=9
num_cat=0
split_feature=3 3 3 3 3 3 3 3
split_gain=0.0982372 0.160505 0.144151 0.126871 0.183917 0.262944 0.0114181 0.00557525
threshold=0.010600000000000002 0.018850000000000002 0.035050000000000005 0.25465000000000004 0.13455000000000003 0.10560000000000001 0.05390000000000001 0.0039500000000000013
decision_type=2 2 2 2 2 2 2 2
left_child=7 -2 -3 4 5 6 -4 -1
right_child=1 2 3 -5 -6 -7 -8 -9
leaf_value=0.00122951782355085 -0.0029819025072668282 0.0021898527424782511 -0.0019114258616231383 0.00098923538811504833 -0.0032031806289321845 0.0025279943432126727 -0.0010216766419923968 0.00060076058842241766
leaf_weight=30 21 20 25 36 27 21 27 22
leaf_count=30 21 20 25 36 27 21 27 22
internal_value=0 -0.000519657 -0.000188201 -0.000537915 -0.00108769 -0.000305247 -0.00144944 0.000963505
internal_weight=0 177 156 136 100 73 52 52
internal_count=229 177 156 136 100 73 52 52
is_linear=0
shrinkage=0.03


Tree=155
num_leaves=9
num_cat=0
split_feature=0 3 3 3 3 3 3 3
split_gain=0.0978513 0.119661 0.133531 0.130759 0.242489 0.15796 0.10073 0.00208194
threshold=0.027950000000000003 0.12600000000000003 0.25465000000000004 0.008550000000000002 0.019650000000000004 0.039500000000000007 0.063600000000000004 0.0023500000000000001
decision_type=2 2 2 2 2 2 2 2
left_child=-1 3 -3 7 -5 -6 -7 -2
right_child=1 2 -4 4 5 6 -8 -9
leaf_value=-0.0021290643247110505 -0.0007159201428294182 -0.0010547014050761999 0.0010234225621180875 0.0034764990665846402 -0.0010547014050761999 0.0026294904475545754 0.00010129498116470672 -0.0010547014050761999
leaf_weight=21 21 28 28 27 22 23 37 22
leaf_count=21 21 28 28 27 22 23 37 22
internal_value=0 1.96615e-05 -0.0010547 0.000457921 0.00101058 0.000198629 0.00107044 -0.000943004
internal_weight=0 208 56 152 109 82 60 43
internal_count=229 208 56 152 109 82 60 43
is_linear=0
shrinkage=0.03


Tree=156
num_leaves=9
num_cat=0
split_feature=3 3 3 3 3 3 3 3
split_gain=0.095854 0.159687 0.137572 0.123847 0.141849 0.0536178 0.00870914 0.00583208
threshold=0.010600000000000002 0.018850000000000002 0.035050000000000005 0.11275000000000002 0.31860000000000005 0.15100000000000002 0.066950000000000023 0.0039500000000000013
decision_type=2 2 2 2 2 2 2 2
left_child=7 -2 -3 6 5 -5 -4 -1
right_child=1 2 3 4 -6 -7 -8 -9
leaf_value=0.001220381986349821 -0.0029727165800120148 0.0021370194777846339 -0.0012687721847803059 0.0022341111834560121 -0.0018548495455511977 0.00032666528985525169 -0.0020151826716028154 0.00057730531954968518
leaf_weight=30 21 20 34 21 21 36 24 22
leaf_count=30 21 20 34 21 21 36 24 22
internal_value=0 -0.000516751 -0.00018614 -0.000527781 0.000252877 0.00102941 -0.00157763 0.000948311
internal_weight=0 177 156 136 78 57 58 52
internal_count=229 177 156 136 78 57 58 52
is_linear=0
shrinkage=0.03


Tree=157
num_leaves=9
num_cat=0
split_feature=3 3 3 3 3 0 3 0
split_gain=0.0916609 0.186302 0.114964 0.0811298 0.0865582 0.10409 0.0507292 0.0122527
threshold=0.018400000000000003 0.039500000000000007 0.008550000000000002 0.31860000000000005 0.18280000000000005 0.61930000000000007 0.0020500000000000006 0.35520000000000002
decision_type=2 2 2 2 2 2 2 2
left_child=2 -2 6 4 5 7 -1 -3
right_child=1 3 -4 -5 -6 -7 -8 -9
leaf_value=0.00093485972711018143 -0.0027510159693915266 -0.0015542093234566542 0.002409185995347798 -0.0017992041659142287 0.0017104683702604637 0.0010881440380762796 -0.0010652298007160425 -0.00061420633923262361
leaf_weight=21 29 26 24 21 27 32 25 24
leaf_count=21 29 26 24 21 27 32 25 24
internal_value=0 -0.000576792 0.000726025 -9.17725e-05 0.000237182 -0.000247924 -0.000152145 -0.00110301
internal_weight=0 159 70 130 109 82 46 50
internal_count=229 159 70 130 109 82 46 50
is_linear=0
shrinkage=0.03


Tree=158
num_leaves=9
num_cat=0
split_feature=3 3 3 3 3 3 3 3
split_gain=0.08861 0.157701 0.137192 0.121427 0.176277 0.241244 0.0120583 0.00525117
threshold=0.010600000000000002 0.018850000000000002 0.035050000000000005 0.25465000000000004 0.13455000000000003 0.10560000000000001 0.05390000000000001 0.0039500000000000013
decision_type=2 2 2 2 2 2 2 2
left_child=7 -2 -3 4 5 6 -4 -1
right_child=1 2 3 -5 -6 -7 -8 -9
leaf_value=0.0011737253745086492 -0.0029336953961423464 0.0021554392967373134 -0.001848227574583143 0.00098835408998032407 -0.003114615829868449 0.0024363072110073903 -0.00093387565368579497 0.00056351600299504672
leaf_weight=30 21 20 25 36 27 21 27 22
leaf_count=30 21 20 25 36 27 21 27 22
internal_value=0 -0.000493054 -0.000164506 -0.000505675 -0.00104353 -0.000277505 -0.00137347 0.00091556
internal_weight=0 177 156 136 100 73 52 52
internal_count=229 177 156 136 100 73 52 52
is_linear=0
shrinkage=0.03


Tree=159
num_leaves=9
num_cat=0
split_feature=0 3 3 3 3 3 3 3
split_gain=0.0893867 0.115094 0.134027 0.23244 0.15325 0.123179 0.101238 0.00106389
threshold=0.027950000000000003 0.12600000000000003 0.008550000000000002 0.019650000000000004 0.039500000000000007 0.25465000000000004 0.063600000000000004 0.0023500000000000001
decision_type=2 2 2 2 2 2 2 2
left_child=-1 2 7 -4 -5 -3 -6 -2
right_child=1 5 3 4 6 -7 -8 -9
leaf_value=-0.0020333554542490413 -0.00078574019085083692 -0.0010065122561722451 0.0034248108292619386 -0.0010065122561722451 0.0026397083221894242 0.00099342083491917163 0.00010514069348573684 -0.0010065122561722451
leaf_weight=21 21 28 27 22 23 28 37 22
leaf_count=21 21 28 27 22 23 28 37 22
internal_value=0 2.03309e-05 0.000451003 0.00101053 0.000215578 -0.00100651 0.00107672 -0.00096732
internal_weight=0 208 152 109 82 56 60 43
internal_count=229 208 152 109 82 56 60 43
is_linear=0
shrinkage=0.03


Tree=160
num_leaves=9
num_cat=0
split_feature=3 3 3 3 3 3 3 3
split_gain=0.0867106 0.156799 0.130926 0.115779 0.132669 0.0512116 0.00830955 0.00553712
threshold=0.010600000000000002 0.018850000000000002 0.035050000000000005 0.11275000000000002 0.17515000000000003 0.31860000000000005 0.066950000000000023 0.0039500000000000013
decision_type=2 2 2 2 2 2 2 2
left_child=7 -2 -3 6 -5 -6 -4 -1
right_child=1 2 3 4 5 -7 -8 -9
leaf_value=0.0011671535493806005 -0.0029250367251890045 0.002102570716291666 -0.0012104515977304853 0.0019581816924942866 0.0001528767654672265 -0.0017787373890834196 -0.0019395377393811941 0.00054054970990612421
leaf_weight=30 21 20 34 27 30 21 24 22
leaf_count=30 21 20 34 27 30 21 24 22
internal_value=0 -0.000491384 -0.000163776 -0.000497063 0.00025774 -0.000642494 -0.00151214 0.000902052
internal_weight=0 177 156 136 78 51 58 52
internal_count=229 177 156 136 78 51 58 52
is_linear=0
shrinkage=0.03


Tree=161
num_leaves=9
num_cat=0
split_feature=3 3 3 3 3 0 3 0
split_gain=0.0842588 0.183612 0.113687 0.0762547 0.0820416 0.0963685 0.0465464 0.0108336
threshold=0.018400000000000003 0.039500000000000007 0.008550000000000002 0.31860000000000005 0.18280000000000005 0.61930000000000007 0.0020500000000000006 0.35520000000000002
decision_type=2 2 2 2 2 2 2 2
left_child=2 -2 6 4 5 7 -1 -3
right_child=1 3 -4 -5 -6 -7 -8 -9
leaf_value=0.00086550729615347724 -0.0027100158312582763 -0.0014704274472135763 0.0023713527852669359 -0.0017253751999565532 0.0016832130495458839 0.0010621578967402456 -0.0010503519594669342 -0.00058653411106206481
leaf_weight=21 29 26 24 21 27 32 25 24
leaf_count=21 29 26 24 21 27 32 25 24
internal_value=0 -0.000551544 0.000697562 -7.00385e-05 0.00024888 -0.000223401 -0.000175721 -0.00104616
internal_weight=0 159 70 130 109 82 46 50
internal_count=229 159 70 130 109 82 46 50
is_linear=0
shrinkage=0.03


Tree=162
num_leaves=9
num_cat=0
split_feature=0 3 3 3 3 3 3 3
split_gain=0.0805457 0.114253 0.131759 0.215925 0.145996 0.11652 0.0960726 0.00049505
threshold=0.027950000000000003 0.12600000000000003 0.008550000000000002 0.019650000000000004 0.039500000000000007 0.25465000000000004 0.063600000000000004 0.0023500000000000001
decision_type=2 2 2 2 2 2 2 2
left_child=-1 2 7 -4 -5 -3 -6 -2
right_child=1 5 3 4 6 -7 -8 -9
leaf_value=-0.0019353363849222659 -0.00081493695665683062 -0.00096059634531859303 0.0033270442496157351 -0.00096059634531859303 0.0025966916005025899 0.00099436003914369015 0.0001276301416392262 -0.00096059634531859303
leaf_weight=21 21 28 27 22 23 28 37 22
leaf_count=21 21 28 27 22 23 28 37 22
internal_value=0 1.41437e-05 0.000445342 0.00100011 0.000233922 -0.000960596 0.0010741 -0.000960596
internal_weight=0 208 152 109 82 56 60 43
internal_count=229 208 152 109 82 56 60 43
is_linear=0
shrinkage=0.03


Tree=163
num_leaves=8
num_cat=0
split_feature=3 2 3 0 3 3 3
split_gain=0.083549 0.169849 0.109948 0.313138 0.254359 0.718954 0.00560646
threshold=0.010600000000000002 0.00045000000000000004 0.22055000000000002 0.34820000000000007 0.025900000000000003 0.066950000000000023 0.0039500000000000013
decision_type=2 2 2 2 2 2 2
left_child=6 2 3 -2 -5 -6 -1
right_child=1 -3 -4 4 5 -7 -8
leaf_value=0.0011520999372005461 -0.0014094323529214258 -0.0027220363961532709 -0.0014094323529214258 -3.6437233836496414e-05 0.0066757070064625661 -3.6437233836496414e-05 0.00052158528377979315
leaf_weight=30 27 26 39 24 23 38 22
leaf_count=30 27 26 39 24 23 38 22
internal_value=0 -0.000482452 -9.68283e-05 0.000381207 0.00133656 0.00248936 0.000885344
internal_weight=0 177 151 112 85 61 52
internal_count=229 177 151 112 85 61 52
is_linear=0
shrinkage=0.03


Tree=164
num_leaves=9
num_cat=0
split_feature=3 3 3 3 3 3 3 3
split_gain=0.0800818 0.160631 0.126001 0.122142 0.158124 0.232595 0.0161409 0.00527511
threshold=0.010600000000000002 0.018850000000000002 0.035050000000000005 0.25465000000000004 0.13455000000000003 0.10560000000000001 0.05390000000000001 0.0039500000000000013
decision_type=2 2 2 2 2 2 2 2
left_child=7 -2 -3 4 5 6 -4 -1
right_child=1 2 3 -5 -6 -7 -8 -9
leaf_value=0.00111753672035411 -0.0029435450131339684 0.002074571130797267 -0.0019150485791265964 0.0010227151385818918 -0.0029766853712499138 0.0023750975408724376 -0.00085717349623640378 0.00050593770310198042
leaf_weight=30 21 20 25 36 27 21 27 22
leaf_count=30 21 20 25 36 27 21 27 22
internal_value=0 -0.000480331 -0.000148745 -0.000475703 -0.00101513 -0.000289628 -0.00136577 0.000858783
internal_weight=0 177 156 136 100 73 52 52
internal_count=229 177 156 136 100 73 52 52
is_linear=0
shrinkage=0.03


Tree=165
num_leaves=9
num_cat=0
split_feature=3 3 3 3 3 0 3 0
split_gain=0.0761265 0.184527 0.107769 0.0726322 0.0830412 0.0847138 0.0427232 0.00831854
threshold=0.018400000000000003 0.039500000000000007 0.008550000000000002 0.31860000000000005 0.18280000000000005 0.61930000000000007 0.0020500000000000006 0.35520000000000002
decision_type=2 2 2 2 2 2 2 2
left_child=2 -2 6 4 5 7 -1 -3
right_child=1 3 -4 -5 -6 -7 -8 -9
leaf_value=0.00080070246543203073 -0.0026977354692744797 -0.001358266561650313 0.0022830463713034987 -0.0016667317253138338 0.0017031048000272777 0.00099022814436466422 -0.0010347884503193201 -0.00058373802807182068
leaf_weight=21 29 26 24 21 27 32 25 24
leaf_count=21 29 26 24 21 27 32 25 24
internal_value=0 -0.000533894 0.000653402 -5.11914e-05 0.00026006 -0.00021509 -0.000196847 -0.000986493
internal_weight=0 159 70 130 109 82 46 50
internal_count=229 159 70 130 109 82 46 50
is_linear=0
shrinkage=0.03


Tree=166
num_leaves=9
num_cat=0
split_feature=3 3 3 3 3 3 3 3
split_gain=0.0741816 0.15812 0.125941 0.115373 0.152286 0.21801 0.0148944 0.00477444
threshold=0.010600000000000002 0.018850000000000002 0.035050000000000005 0.25465000000000004 0.13455000000000003 0.10560000000000001 0.05390000000000001 0.0039500000000000013
decision_type=2 2 2 2 2 2 2 2
left_child=7 -2 -3 4 5 6 -4 -1
right_child=1 2 3 -5 -6 -7 -8 -9
leaf_value=0.0010765090961940586 -0.0029023841489106417 0.0020932662338018415 -0.0018381752014160154 0.00099991281516849991 -0.0029056658595800399 0.0023111493885517123 -0.00082196814525458545 0.0004946573368612338
leaf_weight=30 21 20 25 36 27 21 27 22
leaf_count=30 21 20 25 36 27 21 27 22
internal_value=0 -0.000458499 -0.000129514 -0.000456393 -0.000980664 -0.000268676 -0.00131053 0.000830341
internal_weight=0 177 156 136 100 73 52 52
internal_count=229 177 156 136 100 73 52 52
is_linear=0
shrinkage=0.03


Tree=167
num_leaves=8
num_cat=0
split_feature=0 3 3 3 3 3 3
split_gain=0.0718055 0.0989508 0.13295 0.215361 0.141806 0.106569 0.0950216
threshold=0.027950000000000003 0.12600000000000003 0.008550000000000002 0.019650000000000004 0.039500000000000007 0.25465000000000004 0.063600000000000004
decision_type=2 2 2 2 2 2 2
left_child=-1 2 -2 -4 -5 -3 -6
right_child=1 5 3 4 6 -7 -8
leaf_value=-0.0018327382499618188 -0.00091240210335984421 -0.00091240210335984421 0.0032906182940738893 -0.00091240210335984421 0.0025570654603855113 0.00095341750354106932 0.00010154682186407012
leaf_weight=21 43 28 27 22 23 28 37
leaf_count=21 43 28 27 22 23 28 37
internal_value=0 7.93404e-06 0.000408571 0.000966722 0.000201536 -0.000912402 0.00104283
internal_weight=0 208 152 109 82 56 60
internal_count=229 208 152 109 82 56 60
is_linear=0
shrinkage=0.03


Tree=168
num_leaves=9
num_cat=0
split_feature=3 3 3 3 3 3 3 3
split_gain=0.0729515 0.156819 0.120135 0.115235 0.127303 0.0456476 0.00676272 0.00510312
threshold=0.010600000000000002 0.018850000000000002 0.035050000000000005 0.11275000000000002 0.17515000000000003 0.31860000000000005 0.05390000000000001 0.0039500000000000013
decision_type=2 2 2 2 2 2 2 2
left_child=7 -2 -3 6 -5 -6 -4 -1
right_child=1 2 3 4 5 -7 -8 -9
leaf_value=0.0010743469502776861 -0.0028920737574143068 0.0020403071399778126 -0.0018347615405917166 0.0019688369871841537 0.00017221614671871066 -0.0016514482588640281 -0.0011806241541423581 0.00047280113318596368
leaf_weight=30 21 20 25 27 30 21 33 22
leaf_count=30 21 20 25 27 30 21 33 22
internal_value=0 -0.000458262 -0.000130633 -0.000449889 0.000303137 -0.000578704 -0.00146258 0.000819847
internal_weight=0 177 156 136 78 51 58 52
internal_count=229 177 156 136 78 51 58 52
is_linear=0
shrinkage=0.03


Tree=169
num_leaves=9
num_cat=0
split_feature=3 3 3 3 3 0 3 3
split_gain=0.0706987 0.180696 0.10654 0.0683178 0.078676 0.0788393 0.0393548 0.00780617
threshold=0.018400000000000003 0.039500000000000007 0.008550000000000002 0.31860000000000005 0.18280000000000005 0.61930000000000007 0.0020500000000000006 0.093600000000000017
decision_type=2 2 2 2 2 2 2 2
left_child=2 -2 6 4 5 7 -1 -3
right_child=1 3 -4 -5 -6 -7 -8 -9
leaf_value=0.00074347240584237231 -0.0026540084711500797 -0.00053374623879790309 0.0022517639934085307 -0.0016019048674830369 0.0016713886873589621 0.00096706792784971183 -0.0010181771552190185 -0.0012858528850807085
leaf_weight=21 29 23 24 21 27 32 25 27
leaf_count=21 29 23 24 21 27 32 25 27
internal_value=0 -0.000512747 0.00063144 -3.5081e-05 0.000266784 -0.000195708 -0.000213946 -0.000939884
internal_weight=0 159 70 130 109 82 46 50
internal_count=229 159 70 130 109 82 46 50
is_linear=0
shrinkage=0.03


Tree=170
num_leaves=9
num_cat=0
split_feature=3 3 3 3 3 3 3 3
split_gain=0.06764 0.154312 0.120173 0.110567 0.146408 0.201167 0.0143911 0.00463446
threshold=0.010600000000000002 0.018850000000000002 0.035050000000000005 0.25465000000000004 0.13455000000000003 0.10560000000000001 0.05390000000000001 0.0039500000000000013
decision_type=2 2 2 2 2 2 2 2
left_child=7 -2 -3 4 5 6 -4 -1
right_child=1 2 3 -5 -6 -7 -8 -9
leaf_value=0.0010356670971959829 -0.0028518397542315402 0.0020587181746959684 -0.0017664503753185273 0.00099377570829043771 -0.0028325930424034597 0.002231168725660869 -0.00076755885862641866 0.00046240844319320537
leaf_weight=30 21 20 25 36 27 21 27 22
leaf_count=30 21 20 25 36 27 21 27 22
internal_value=0 -0.000437566 -0.000112567 -0.000431874 -0.000945108 -0.000246997 -0.0012478 0.000793135
internal_weight=0 177 156 136 100 73 52 52
internal_count=229 177 156 136 100 73 52 52
is_linear=0
shrinkage=0.03


Tree=171
num_leaves=9
num_cat=0
split_feature=3 3 3 3 3 0 3 3
split_gain=0.0664481 0.174583 0.107563 0.0677884 0.0742668 0.074724 0.0365535 0.0080755
threshold=0.018400000000000003 0.039500000000000007 0.008550000000000002 0.31860000000000005 0.18280000000000005 0.61930000000000007 0.0020500000000000006 0.093600000000000017
decision_type=2 2 2 2 2 2 2 2
left_child=2 -2 6 4 5 7 -1 -3
right_child=1 3 -4 -5 -6 -7 -8 -9
leaf_value=0.00069009789398738312 -0.0025971679461333128 -0.00048298096284270285 0.0022449095617048443 -0.0015836609341204164 0.0016424520515526334 0.00096044803911354392 -0.0010076952693052589 -0.0012479524314403534
leaf_weight=21 29 23 24 21 27 32 25 27
leaf_count=21 29 23 24 21 27 32 25 27
internal_value=0 -0.000492437 0.000616821 -2.29201e-05 0.000277773 -0.000171572 -0.000232616 -0.000896066
internal_weight=0 159 70 130 109 82 46 50
internal_count=229 159 70 130 109 82 46 50
is_linear=0
shrinkage=0.03


Tree=172
num_leaves=8
num_cat=0
split_feature=0 3 3 3 3 3 3
split_gain=0.064794 0.0969321 0.133627 0.199231 0.132263 0.0966578 0.0959283
threshold=0.027950000000000003 0.12600000000000003 0.008550000000000002 0.019650000000000004 0.039500000000000007 0.25465000000000004 0.063600000000000004
decision_type=2 2 2 2 2 2 2
left_child=-1 2 -2 -4 -5 -3 -6
right_child=1 5 3 4 6 -7 -8
leaf_value=-0.0017369163462093897 -0.00086266763965265974 -0.00086266763965265974 0.0032061342708766456 -0.00086266763965265974 0.0025641834375489019 0.00092418360058218237 9.6976481176711419e-05
leaf_weight=21 43 28 27 22 23 28 37
leaf_count=21 43 28 27 22 23 28 37
internal_value=0 1.15811e-05 0.000410061 0.000970962 0.000234991 -0.000862668 0.00104274
internal_weight=0 208 152 109 82 56 60
internal_count=229 208 152 109 82 56 60
is_linear=0
shrinkage=0.03


Tree=173
num_leaves=9
num_cat=0
split_feature=3 3 3 3 3 3 3 3
split_gain=0.0656932 0.159701 0.121689 0.107489 0.124027 0.0377412 0.00679434 0.00479219
threshold=0.010600000000000002 0.018850000000000002 0.035050000000000005 0.11275000000000002 0.17515000000000003 0.31860000000000005 0.066950000000000023 0.0039500000000000013
decision_type=2 2 2 2 2 2 2 2
left_child=7 -2 -3 6 -5 -6 -4 -1
right_child=1 2 3 4 5 -7 -8 -9
leaf_value=0.0010276767970062791 -0.0028878797200741243 0.0020837532933801412 -0.0011277602744453094 0.0019489056699805792 0.00011715905787423253 -0.0015410672394292695 -0.0017870308645069599 0.00044474468153566705
leaf_weight=30 21 20 34 27 30 21 24 22
leaf_count=30 21 20 34 27 30 21 24 22
internal_value=0 -0.000431809 -0.000101184 -0.000422498 0.00030478 -0.00056564 -0.00140056 0.000781052
internal_weight=0 177 156 136 78 51 58 52
internal_count=229 177 156 136 78 51 58 52
is_linear=0
shrinkage=0.03


Tree=174
num_leaves=9
num_cat=0
split_feature=3 3 3 3 3 0 3 3
split_gain=0.0620546 0.167303 0.0991094 0.0605513 0.0702484 0.0685804 0.0340829 0.00780921
threshold=0.018400000000000003 0.039500000000000007 0.008550000000000002 0.31860000000000005 0.18280000000000005 0.61930000000000007 0.0020500000000000006 0.093600000000000017
decision_type=2 2 2 2 2 2 2 2
left_child=2 -2 6 4 5 7 -1 -3
right_child=1 3 -4 -5 -6 -7 -8 -9
leaf_value=0.00066819199493953164 -0.0025397592463434256 -0.0004604437113132166 0.002155377645976841 -0.0014948351468358719 0.0015916764839655824 0.00091189861966995518 -0.00097122236439026893 -0.0012126966855592197
leaf_weight=21 29 23 24 21 27 32 25 27
leaf_count=21 29 23 24 21 27 32 25 27
internal_value=0 -0.000479381 0.000592579 -1.97579e-05 0.000264431 -0.000172589 -0.000222794 -0.00086666
internal_weight=0 159 70 130 109 82 46 50
internal_count=229 159 70 130 109 82 46 50
is_linear=0
shrinkage=0.03


Tree=175
num_leaves=8
num_cat=0
split_feature=3 3 3 0 3 3 3
split_gain=0.0616897 0.203437 0.122374 0.199515 0.209893 0.23554 0.174023
threshold=0.25465000000000004 0.13455000000000003 0.10560000000000001 0.40330000000000005 0.008550000000000002 0.018400000000000003 0.039500000000000007
decision_type=2 2 2 2 2 2 2
left_child=1 2 3 -1 -5 -6 -7
right_child=-2 -3 -4 4 5 6 -8
leaf_value=-0.0021443308331072328 0.00099292900490884984 -0.0027748849863807358 0.0021733507620436804 -0.00087907259517608241 0.0041577537115663294 -0.00087907259517608241 0.0019329671129318219
leaf_weight=38 36 27 21 39 20 20 28
leaf_count=38 36 27 21 39 20 20 28
internal_value=0 -0.000359815 3.29979e-05 -0.000276984 0.000386186 0.00142245 0.000282747
internal_weight=0 193 166 145 107 68 48
internal_count=229 193 166 145 107 68 48
is_linear=0
shrinkage=0.03


Tree=176
num_leaves=9
num_cat=0
split_feature=3 3 3 3 3 3 3 3
split_gain=0.0630827 0.164501 0.125618 0.102468 0.131419 0.180916 0.0143593 0.00503796
threshold=0.010600000000000002 0.018850000000000002 0.035050000000000005 0.25465000000000004 0.13455000000000003 0.10560000000000001 0.05390000000000001 0.0039500000000000013
decision_type=2 2 2 2 2 2 2 2
left_child=7 -2 -3 4 5 6 -4 -1
right_child=1 2 3 -5 -6 -7 -8 -9
leaf_value=0.0010229889946058392 -0.0029111094061019162 0.0021370910704135893 -0.0017091440074145793 0.00096314106291780859 -0.0026916385066902472 0.0021081501032624923 -0.00071135722307695288 0.00042529567938551981
leaf_weight=30 21 20 25 36 27 21 27 22
leaf_count=30 21 20 25 36 27 21 27 22
internal_value=0 -0.0004184 -8.28425e-05 -0.000409303 -0.000903383 -0.000241974 -0.00119106 0.000770119
internal_weight=0 177 156 136 100 73 52 52
internal_count=229 177 156 136 100 73 52 52
is_linear=0
shrinkage=0.03


Tree=177
num_leaves=9
num_cat=0
split_feature=3 3 3 3 3 3 3 3
split_gain=0.0593545 0.154779 0.118194 0.0990633 0.117637 0.0367199 0.00772323 0.00474021
threshold=0.010600000000000002 0.018850000000000002 0.035050000000000005 0.11275000000000002 0.17515000000000003 0.31860000000000005 0.066950000000000023 0.0039500000000000013
decision_type=2 2 2 2 2 2 2 2
left_child=7 -2 -3 6 -5 -6 -4 -1
right_child=1 2 3 4 5 -7 -8 -9
leaf_value=0.00099229912552982577 -0.0028237761543797595 0.0020729784127324819 -0.0010451194104355048 0.001902380780213409 0.00012696392933139576 -0.0015086722959365164 -0.0017480131913907826 0.00041253681019456549
leaf_weight=30 21 20 34 27 30 21 24 22
leaf_count=30 21 20 34 27 30 21 24 22
internal_value=0 -0.000405848 -8.03572e-05 -0.000397024 0.000301168 -0.000546533 -0.00133597 0.000747015
internal_weight=0 177 156 136 78 51 58 52
internal_count=229 177 156 136 78 51 58 52
is_linear=0
shrinkage=0.03


Tree=178
num_leaves=8
num_cat=0
split_feature=3 3 3 0 3 3 3
split_gain=0.057303 0.183499 0.105865 0.183841 0.209896 0.23533 0.0617983
threshold=0.25465000000000004 0.13455000000000003 0.10560000000000001 0.40330000000000005 0.008550000000000002 0.019650000000000004 0.049800000000000004
decision_type=2 2 2 2 2 2 2
left_child=1 2 3 -1 -5 -6 -7
right_child=-2 -3 -4 4 5 6 -8
leaf_value=-0.0020524445004565148 0.0009590616465235749 -0.0026383704044080029 0.0020191233179398943 -0.00083790195137881335 0.0038888147805372008 -0.00083790195137881335 0.0013475072729800428
leaf_weight=38 36 27 21 39 23 24 21
leaf_count=38 36 27 21 39 23 24 21
internal_value=0 -0.000344698 2.83689e-05 -0.000259947 0.000376641 0.00142023 0.000158512
internal_weight=0 193 166 145 107 68 45
internal_count=229 193 166 145 107 68 45
is_linear=0
shrinkage=0.03


Tree=179
num_leaves=9
num_cat=0
split_feature=3 3 3 3 3 3 3 3
split_gain=0.0575021 0.15464 0.113774 0.0936527 0.119478 0.155964 0.0132745 0.00509271
threshold=0.010600000000000002 0.018850000000000002 0.035050000000000005 0.25465000000000004 0.13455000000000003 0.10560000000000001 0.05390000000000001 0.0039500000000000013
decision_type=2 2 2 2 2 2 2 2
left_child=7 -2 -3 4 5 6 -4 -1
right_child=1 2 3 -5 -6 -7 -8 -9
leaf_value=0.00099252532841637739 -0.0028132895686264546 0.0020415885876864195 -0.0016028321105986832 0.00093028970683614414 -0.0025592193677504032 0.001958549618721008 -0.0006434753392305639 0.00039159301128661767
leaf_weight=30 21 20 25 36 27 21 27 22
leaf_count=30 21 20 25 36 27 21 27 22
internal_value=0 -0.000396446 -7.11014e-05 -0.000381791 -0.00085414 -0.000223494 -0.0011047 0.000738285
internal_weight=0 177 156 136 100 73 52 52
internal_count=229 177 156 136 100 73 52 52
is_linear=0
shrinkage=0.03


Tree=180
num_leaves=8
num_cat=0
split_feature=0 3 3 3 3 3 3
split_gain=0.0564212 0.0851789 0.128868 0.184155 0.125736 0.106594 0.0801378
threshold=0.027950000000000003 0.12600000000000003 0.008550000000000002 0.019650000000000004 0.039500000000000007 0.063600000000000004 0.25465000000000004
decision_type=2 2 2 2 2 2 2
left_child=-1 2 -2 -4 -5 -6 -3
right_child=1 6 3 4 5 -7 -8
leaf_value=-0.0016166096499988011 -0.00080079969421993668 -0.00080079969421993668 0.0030909556776492131 -0.00080079969421993668 0.0026334884143232005 3.2738268476080252e-05 0.00082856336808098208
leaf_weight=21 43 28 27 22 23 37 28
leaf_count=21 43 28 27 22 23 37 28
internal_value=0 1.50103e-05 0.000388778 0.000942012 0.000234433 0.00102969 -0.0008008
internal_weight=0 208 152 109 82 60 56
internal_count=229 208 152 109 82 60 56
is_linear=0
shrinkage=0.03


Tree=181
num_leaves=9
num_cat=0
split_feature=3 3 3 3 3 3 3 3
split_gain=0.0566549 0.1529 0.108465 0.0943793 0.115041 0.0270066 0.00786671 0.00537206
threshold=0.010600000000000002 0.018850000000000002 0.035050000000000005 0.11275000000000002 0.22055000000000002 0.31860000000000005 0.066950000000000023 0.0039500000000000013
decision_type=2 2 2 2 2 2 2 2
left_child=7 -2 -3 6 -5 -6 -4 -1
right_child=1 2 3 4 5 -7 -8 -9
leaf_value=0.00098922108532860874 -0.0028014444040932824 0.0019880758579820393 -0.0010010240232462392 0.0015478388716777165 -2.5280964161668504e-06 -0.0015239908772387673 -0.0017104168911464513 0.00037202768636317076
leaf_weight=30 21 20 34 36 21 21 24 22
leaf_count=30 21 20 34 36 21 21 24 22
internal_value=0 -0.000398239 -7.47308e-05 -0.000378085 0.000303401 -0.000763259 -0.00129457 0.000728101
internal_weight=0 177 156 136 78 42 58 52
internal_count=229 177 156 136 78 42 58 52
is_linear=0
shrinkage=0.03


Tree=182
num_leaves=9
num_cat=0
split_feature=3 3 3 3 3 3 3 3
split_gain=0.0553073 0.170565 0.092339 0.0594814 0.0718983 0.0305836 0.0232263 0.0598439
threshold=0.018400000000000003 0.037750000000000006 0.008550000000000002 0.31860000000000005 0.18280000000000005 0.0020500000000000006 0.066950000000000023 0.11275000000000002
decision_type=2 2 2 2 2 2 2 2
left_child=2 -2 5 4 6 -1 -3 -8
right_child=1 3 -4 -5 -6 -7 7 -9
leaf_value=0.00062143472688538687 -0.0026698673555914025 0.00048772452789689258 0.0020729316669167016 -0.0014782712129609926 0.001610256889835 -0.00093154109953902658 -0.0016591043979860842 0.00035073666274547572
leaf_weight=21 26 31 24 21 27 25 24 30
leaf_count=21 26 31 24 21 27 25 24 30
internal_value=0 -0.000447549 0.000564457 -1.31106e-05 0.000261607 -0.000222574 -0.000166788 -0.000542526
internal_weight=0 159 70 133 112 46 85 54
internal_count=229 159 70 133 112 46 85 54
is_linear=0
shrinkage=0.03


Tree=183
num_leaves=8
num_cat=0
split_feature=3 3 3 0 3 3 3
split_gain=0.05336 0.167147 0.0933997 0.166981 0.201809 0.213807 0.0605213
threshold=0.25465000000000004 0.13455000000000003 0.10560000000000001 0.40330000000000005 0.008550000000000002 0.019650000000000004 0.049800000000000004
decision_type=2 2 2 2 2 2 2
left_child=1 2 3 -1 -5 -6 -7
right_child=-2 -3 -4 4 5 6 -8
leaf_value=-0.0019549172234378364 0.00092626823888470732 -0.0025209274590532811 0.0018941028096846173 -0.00079740606672914604 0.0037417372813228129 -0.00079740606672914604 0.0013628163388265031
leaf_weight=38 36 27 21 39 23 24 21
leaf_count=38 36 27 21 39 23 24 21
internal_value=0 -0.000331837 2.42202e-05 -0.00024659 0.000360105 0.00138875 0.000186109
internal_weight=0 193 166 145 107 68 45
internal_count=229 193 166 145 107 68 45
is_linear=0
shrinkage=0.03


Tree=184
num_leaves=9
num_cat=0
split_feature=3 3 3 3 3 3 3 3
split_gain=0.054174 0.158562 0.111544 0.0863922 0.109176 0.138007 0.00738161 0.00555617
threshold=0.010600000000000002 0.018850000000000002 0.035050000000000005 0.25465000000000004 0.13455000000000003 0.086650000000000019 0.05390000000000001 0.0039500000000000013
decision_type=2 2 2 2 2 2 2 2
left_child=7 -2 -3 4 5 6 -4 -1
right_child=1 2 3 -5 -6 -7 -8 -9
leaf_value=0.00098343039536848663 -0.0028308244488601171 0.0020377967935055496 -0.0015601854488253592 0.00089848032842079794 -0.0024452995943526424 0.0014900421558154953 -0.00079723558787788654 0.00035574994166381657
leaf_weight=30 21 20 25 36 27 27 21 22
leaf_count=30 21 20 25 36 27 27 21 22
internal_value=0 -0.000383529 -5.40853e-05 -0.000361715 -0.000815385 -0.00021254 -0.00121188 0.000717873
internal_weight=0 177 156 136 100 73 46 52
internal_count=229 177 156 136 100 73 46 52
is_linear=0
shrinkage=0.03


Tree=185
num_leaves=9
num_cat=0
split_feature=3 3 3 3 3 3 3 3
split_gain=0.0509723 0.149191 0.104952 0.0840509 0.113658 0.0242381 0.00801751 0.00522779
threshold=0.010600000000000002 0.018850000000000002 0.035050000000000005 0.11275000000000002 0.22055000000000002 0.31860000000000005 0.066950000000000023 0.0039500000000000013
decision_type=2 2 2 2 2 2 2 2
left_child=7 -2 -3 6 -5 -6 -4 -1
right_child=1 2 3 4 5 -7 -8 -9
leaf_value=0.00095392724592238654 -0.0027458995234753403 0.0019766630195081234 -0.00091940254164750088 0.001529191139852628 -4.7293998567121368e-05 -0.0014886653729315315 -0.0016355624166317284 0.00034507743580351497
leaf_weight=30 21 20 34 36 21 21 24 22
leaf_count=30 21 20 34 36 21 21 24 22
internal_value=0 -0.000372023 -5.24628e-05 -0.000350864 0.000292253 -0.00076798 -0.00121574 0.000696337
internal_weight=0 177 156 136 78 42 58 52
internal_count=229 177 156 136 78 42 58 52
is_linear=0
shrinkage=0.03


Tree=186
num_leaves=9
num_cat=0
split_feature=3 3 3 3 3 3 3 3
split_gain=0.0510453 0.168918 0.0910241 0.0585472 0.067475 0.0279683 0.0257404 0.0537388
threshold=0.018400000000000003 0.037750000000000006 0.008550000000000002 0.31860000000000005 0.18280000000000005 0.0020500000000000006 0.066950000000000023 0.11275000000000002
decision_type=2 2 2 2 2 2 2 2
left_child=2 -2 5 4 6 -1 -3 -8
right_child=1 3 -4 -5 -6 -7 7 -9
leaf_value=0.00057520706738744469 -0.0026342952645455413 0.00055617401436451944 0.0020471949718194084 -0.001444005419367126 0.0015886619221419096 -0.00090988494800403705 -0.0015864955272991211 0.00031807023286819456
leaf_weight=21 26 31 24 21 27 25 24 30
leaf_count=21 26 31 24 21 27 25 24 30
internal_value=0 -0.000422732 0.000549499 9.60426e-06 0.000282156 -0.000231908 -0.000132852 -0.000528403
internal_weight=0 159 70 133 112 46 85 54
internal_count=229 159 70 133 112 46 85 54
is_linear=0
shrinkage=0.03


Tree=187
num_leaves=8
num_cat=0
split_feature=3 3 3 0 3 3 3
split_gain=0.0498986 0.156874 0.0816865 0.154049 0.202028 0.203097 0.0605573
threshold=0.25465000000000004 0.13455000000000003 0.10560000000000001 0.40330000000000005 0.008550000000000002 0.019650000000000004 0.049800000000000004
decision_type=2 2 2 2 2 2 2
left_child=1 2 3 -1 -5 -6 -7
right_child=-2 -3 -4 4 5 6 -8
leaf_value=-0.0018621936210088039 0.00090358052713175607 -0.0024337896901286309 0.0017806119312133105 -0.00075040982714400656 0.0036920511724589313 -0.00075040982714400656 0.0014038523379713297
leaf_weight=38 36 27 21 39 23 24 21
leaf_count=38 36 27 21 39 23 24 21
internal_value=0 -0.000313035 3.19067e-05 -0.000221354 0.000361374 0.00139875 0.000226618
internal_weight=0 193 166 145 107 68 45
internal_count=229 193 166 145 107 68 45
is_linear=0
shrinkage=0.03


Tree=188
num_leaves=9
num_cat=0
split_feature=3 3 3 3 3 3 3 3
split_gain=0.0488018 0.154627 0.10794 0.080546 0.123366 0.123523 0.00700446 0.0054182
threshold=0.010600000000000002 0.018850000000000002 0.035050000000000005 0.23725000000000004 0.13455000000000003 0.086650000000000019 0.05390000000000001 0.0039500000000000013
decision_type=2 2 2 2 2 2 2 2
left_child=7 -2 -3 4 5 6 -4 -1
right_child=1 2 3 -5 -6 -7 -8 -9
leaf_value=0.00094837868073955169 -0.0027759633905121255 0.0020239141937345266 -0.0014707374785095453 0.0008148865573681317 -0.0026653543568681925 0.0014247521013021468 -0.00072753396417413435 0.00032854055456647813
leaf_weight=30 21 20 25 39 24 27 21 22
leaf_count=30 21 20 25 39 24 27 21 22
internal_value=0 -0.000359227 -3.38974e-05 -0.000336517 -0.000799452 -0.000186005 -0.00113145 0.000686139
internal_weight=0 177 156 136 97 73 46 52
internal_count=229 177 156 136 97 73 46 52
is_linear=0
shrinkage=0.03


Tree=189
num_leaves=8
num_cat=0
split_feature=0 3 3 3 3 3 3
split_gain=0.0492355 0.0793433 0.125739 0.160737 0.120371 0.111266 0.0665869
threshold=0.027950000000000003 0.12600000000000003 0.008550000000000002 0.019650000000000004 0.039500000000000007 0.063600000000000004 0.23725000000000004
decision_type=2 2 2 2 2 2 2
left_child=-1 2 -2 -4 -5 -6 -3
right_child=1 6 3 4 5 -7 -8
leaf_value=-0.0015026052216334002 -0.00074051448614077494 -0.00074051448614077494 0.0029409557022154332 -0.00074051448614077494 0.0026889423774960246 3.1805347550559686e-05 0.00068142760364759347
leaf_weight=21 43 25 27 22 23 37 31
leaf_count=21 43 25 27 22 23 37 31
internal_value=0 2.15762e-05 0.000384008 0.000933291 0.00027223 0.00105037 -0.000740514
internal_weight=0 208 152 109 82 60 56
internal_count=229 208 152 109 82 60 56
is_linear=0
shrinkage=0.03


Tree=190
num_leaves=9
num_cat=0
split_feature=3 3 3 3 3 3 3 3
split_gain=0.0482132 0.152387 0.102954 0.0800452 0.129015 0.0210829 0.00566236 0.00545038
threshold=0.010600000000000002 0.018850000000000002 0.035050000000000005 0.11425 0.22055000000000002 0.31860000000000005 0.0039500000000000013 0.05390000000000001
decision_type=2 2 2 2 2 2 2 2
left_child=6 -2 -3 7 -5 -6 -1 -4
right_child=1 2 3 4 5 -7 -8 -9
leaf_value=0.00094442890305072066 -0.0027618692323033299 0.0019699886832386256 -0.0014825915582478044 0.0017248125382783737 -0.00010967656836978028 -0.0014539620173828942 0.00031077866738831453 -0.00090598691953346132
leaf_weight=30 21 20 25 33 21 21 22 36
leaf_count=30 21 20 25 33 21 21 22 36
internal_value=0 -0.000362697 -3.97317e-05 -0.000335279 0.000321099 -0.000781819 0.000676346 -0.0011423
internal_weight=0 177 156 136 75 42 52 61
internal_count=229 177 156 136 75 42 52 61
is_linear=0
shrinkage=0.03


Tree=191
num_leaves=7
num_cat=0
split_feature=3 3 3 0 3 4
split_gain=0.047074 0.140201 0.0731482 0.142245 0.199834 0.229822
threshold=0.25465000000000004 0.13455000000000003 0.10560000000000001 0.40330000000000005 0.011450000000000002 0.052500000000000012
decision_type=2 2 2 2 2 2
left_child=1 2 3 -1 -5 -6
right_child=-2 -3 -4 4 5 -7
leaf_value=-0.001799009923185957 0.00087295918803041174 -0.0023136083564410607 0.0016721675917506218 -0.00073066763556253137 0.0031363864582689368 -0.0006104666721792175
leaf_weight=38 36 27 21 47 34 26
leaf_count=38 36 27 21 47 34 26
internal_value=0 -0.000308721 1.73755e-05 -0.000222284 0.000337675 0.00151275
internal_weight=0 193 166 145 107 60
internal_count=229 193 166 145 107 60
is_linear=0
shrinkage=0.03


Tree=192
num_leaves=9
num_cat=0
split_feature=3 3 3 3 3 3 3 3
split_gain=0.0483467 0.1499 0.0604515 0.061925 0.0687392 0.0455357 0.00532603 0.000779564
threshold=0.010600000000000002 0.025900000000000003 0.31860000000000005 0.18280000000000005 0.049800000000000004 0.11425 0.0039500000000000013 0.077300000000000021
decision_type=2 2 2 2 2 2 2 2
left_child=6 -2 3 4 -3 7 -1 -6
right_child=1 2 -4 -5 5 -7 -8 -9
leaf_value=0.00094228931190446007 -0.0022166145648225208 0.0012362137933572134 -0.0014365317898669414 0.0015747377245376507 -0.0010271782817488366 0.0004199417597717709 0.00032774570249867707 -0.0012827192379959991
leaf_weight=30 32 27 21 27 22 27 22 21
leaf_count=30 32 27 21 27 22 27 22 21
internal_value=0 -0.000358191 5.19443e-05 0.000304025 -4.96786e-05 -0.000545666 0.00068229 -0.00115198
internal_weight=0 177 145 124 97 70 52 43
internal_count=229 177 145 124 97 70 52 43
is_linear=0
shrinkage=0.03


Tree=193
num_leaves=9
num_cat=0
split_feature=3 3 3 3 3 3 3 3
split_gain=0.0477688 0.164847 0.0832229 0.0554604 0.0608677 0.0253026 0.0244701 0.0486617
threshold=0.018400000000000003 0.037750000000000006 0.008550000000000002 0.31860000000000005 0.18280000000000005 0.0020500000000000006 0.066950000000000023 0.11425
decision_type=2 2 2 2 2 2 2 2
left_child=2 -2 5 4 6 -1 -3 -8
right_child=1 3 -4 -5 -6 -7 7 -9
leaf_value=0.00055526990975652418 -0.0025905123546432992 0.00056424865499138833 0.0019668306515086445 -0.0013934359273740224 0.0015274957308752668 -0.00085727887284010645 -0.0013937982182121939 0.00040734360201491248
leaf_weight=21 26 31 24 21 27 25 27 27
leaf_count=21 26 31 24 21 27 25 27 27
internal_value=0 -0.000405759 0.000534752 2.13358e-05 0.000286606 -0.00021242 -0.00010756 -0.000493227
internal_weight=0 159 70 133 112 46 85 54
internal_count=229 159 70 133 112 46 85 54
is_linear=0
shrinkage=0.03


Tree=194
num_leaves=9
num_cat=0
split_feature=3 3 3 3 3 3 3 3
split_gain=0.0449457 0.155105 0.0783044 0.0521827 0.0572704 0.0238073 0.0230239 0.0459622
threshold=0.018400000000000003 0.037750000000000006 0.008550000000000002 0.31860000000000005 0.18280000000000005 0.0020500000000000006 0.066950000000000023 0.11275000000000002
decision_type=2 2 2 2 2 2 2 2
left_child=2 -2 5 4 6 -1 -3 -8
right_child=1 3 -4 -5 -6 -7 7 -9
leaf_value=0.00053861205066953383 -0.0025127968636269754 0.00054732113115249146 0.0019078257132787257 -0.0013516328137900147 0.0014816709007653924 -0.00083156051114201539 -0.0014569728495553136 0.00030440352670848365
leaf_weight=21 26 31 24 21 27 25 24 30
leaf_count=21 26 31 24 21 27 25 24 30
internal_value=0 -0.000393586 0.000518709 2.06958e-05 0.000278007 -0.000206047 -0.000104333 -0.00047843
internal_weight=0 159 70 133 112 46 85 54
internal_count=229 159 70 133 112 46 85 54
is_linear=0
shrinkage=0.03


Tree=195
num_leaves=7
num_cat=0
split_feature=3 3 3 0 3 4
split_gain=0.0450184 0.14391 0.0693071 0.12935 0.198217 0.211917
threshold=0.25465000000000004 0.13455000000000003 0.10560000000000001 0.40330000000000005 0.011450000000000002 0.052500000000000012
decision_type=2 2 2 2 2 2
left_child=1 2 3 -1 -5 -6
right_child=-2 -3 -4 4 5 -7
leaf_value=-0.001699401774002533 0.00086264949059113862 -0.0023241802661990124 0.0016481984619583401 -0.00068063471862905194 0.0030748673698262259 -0.00052306860434607819
leaf_weight=38 36 27 21 47 34 26
leaf_count=38 36 27 21 47 34 26
internal_value=0 -0.000292942 3.74401e-05 -0.000195842 0.000338132 0.00151576
internal_weight=0 193 166 145 107 60
internal_count=229 193 166 145 107 60
is_linear=0
shrinkage=0.03


Tree=196
num_leaves=9
num_cat=0
split_feature=3 3 3 3 3 3 3 3
split_gain=0.0472416 0.155047 0.109569 0.0733486 0.111687 0.114796 0.0100041 0.00479491
threshold=0.010600000000000002 0.018850000000000002 0.035050000000000005 0.23725000000000004 0.13455000000000003 0.086650000000000019 0.05390000000000001 0.0039500000000000013
decision_type=2 2 2 2 2 2 2 2
left_child=7 -2 -3 4 5 6 -4 -1
right_child=1 2 3 -5 -6 -7 -8 -9
leaf_value=0.00093074314016848797 -0.0027644967420824935 0.0020545735806226728 -0.0014985899526625871 0.00077516205859585444 -0.0025407450308557599 0.0013711394866307576 -0.00061039141512342853 0.00034764574523168533
leaf_weight=30 21 20 25 39 24 27 21 22
leaf_count=30 21 20 25 39 24 27 21 22
internal_value=0 -0.000344473 -1.87006e-05 -0.000323594 -0.000765362 -0.000181674 -0.00109311 0.000684048
internal_weight=0 177 156 136 97 73 46 52
internal_count=229 177 156 136 97 73 46 52
is_linear=0
shrinkage=0.03


Tree=197
num_leaves=9
num_cat=0
split_feature=3 3 3 3 3 3 3 3
split_gain=0.0444497 0.145884 0.103093 0.0699571 0.129512 0.0143701 0.00698719 0.00451153
threshold=0.010600000000000002 0.018850000000000002 0.035050000000000005 0.11425 0.22055000000000002 0.31860000000000005 0.05390000000000001 0.0039500000000000013
decision_type=2 2 2 2 2 2 2 2
left_child=7 -2 -3 6 -5 -6 -4 -1
right_child=1 2 3 4 5 -7 -8 -9
leaf_value=0.00090282078925520181 -0.0026815614210707801 0.0019929362218827009 -0.001453632228076458 0.0017061517667025328 -0.00025038644704701644 -0.001360218125794615 -0.00080077801792261493 0.00033721634948795495
leaf_weight=30 21 20 25 33 21 21 36 22
leaf_count=30 21 20 25 33 21 21 36 22
internal_value=0 -0.000334139 -1.81396e-05 -0.000313886 0.000299737 -0.000805302 -0.00106834 0.000663527
internal_weight=0 177 156 136 75 42 61 52
internal_count=229 177 156 136 75 42 61 52
is_linear=0
shrinkage=0.03


Tree=198
num_leaves=9
num_cat=0
split_feature=3 3 3 3 3 3 3 3
split_gain=0.0440305 0.15742 0.0817201 0.0509779 0.0538253 0.0253605 0.0217344 0.00138899
threshold=0.018400000000000003 0.037750000000000006 0.008550000000000002 0.31860000000000005 0.18280000000000005 0.082900000000000015 0.0020500000000000006 0.11670000000000001
decision_type=2 2 2 2 2 2 2 2
left_child=2 -2 6 4 5 -3 -1 -7
right_child=1 3 -4 -5 -6 7 -8 -9
leaf_value=0.00049368728484426225 -0.0025153529464911955 0.00047027075418736789 0.0019416684354655444 -0.0013194117122995001 0.0014582045554804306 -0.00038973099951233181 -0.00081547905094921591 -0.00072382027516141526
leaf_weight=21 26 40 24 21 27 21 25 24
leaf_count=21 26 40 24 21 27 21 25 24
internal_value=0 -0.000380381 0.000522579 3.69825e-05 0.000291306 -7.93554e-05 -0.000217816 -0.000567912
internal_weight=0 159 70 133 112 85 46 45
internal_count=229 159 70 133 112 85 46 45
is_linear=0
shrinkage=0.03


Tree=199
num_leaves=7
num_cat=0
split_feature=3 3 3 0 3 3
split_gain=0.0425229 0.134604 0.0782627 0.154652 0.212504 0.109695
threshold=0.25465000000000004 0.12600000000000003 0.086650000000000019 0.40330000000000005 0.011450000000000002 0.035050000000000005
decision_type=2 2 2 2 2 2
left_child=1 2 3 -1 -5 -6
right_child=-2 -3 -4 4 5 -7
leaf_value=-0.0020044976811517366 0.00084531097789295015 -0.002124529930297285 0.0016440965095534919 -0.00082860828120114461 0.0029725112414194475 0.00037603757868055255
leaf_weight=33 36 30 24 47 27 32
leaf_count=33 36 30 24 47 27 32
internal_value=0 -0.000277794 6.20963e-05 -0.000211055 0.000347281 0.00156425
internal_weight=0 193 163 139 106 59
internal_count=229 193 163 139 106 59
is_linear=0
shrinkage=0.03


Tree=200
num_leaves=9
num_cat=0
split_feature=3 3 3 3 3 3 3 3
split_gain=0.0446263 0.146911 0.100128 0.0684814 0.104693 0.101807 0.00878782 0.00416725
threshold=0.010600000000000002 0.018850000000000002 0.035050000000000005 0.23725000000000004 0.13455000000000003 0.086650000000000019 0.05390000000000001 0.0039500000000000013
decision_type=2 2 2 2 2 2 2 2
left_child=7 -2 -3 4 5 6 -4 -1
right_child=1 2 3 -5 -6 -7 -8 -9
leaf_value=0.00090226968657225362 -0.0026830281742981498 0.0019716919474303718 -0.0014018111485987902 0.00075996411409085755 -0.0024474673916120081 0.0012988750677969721 -0.00056935540733060665 0.00035867459945042025
leaf_weight=30 21 20 25 39 24 27 21 22
leaf_count=30 21 20 25 39 24 27 21 22
internal_value=0 -0.000327359 -1.02493e-05 -0.000301711 -0.00072857 -0.000163454 -0.00102178 0.000672287
internal_weight=0 177 156 136 97 73 46 52
internal_count=229 177 156 136 97 73 46 52
is_linear=0
shrinkage=0.03


Tree=201
num_leaves=9
num_cat=0
split_feature=3 3 3 3 3 3 3 3
split_gain=0.0431748 0.156994 0.0785562 0.0523185 0.0508511 0.0258973 0.0201947 0.00041434
threshold=0.018400000000000003 0.037750000000000006 0.008550000000000002 0.31860000000000005 0.18280000000000005 0.082900000000000015 0.0020500000000000006 0.11670000000000001
decision_type=2 2 2 2 2 2 2 2
left_child=2 -2 6 4 5 -3 -1 -7
right_child=1 3 -4 -5 -6 7 -8 -9
leaf_value=0.00048338630369731354 -0.0025027523476343887 0.00049890783999580884 0.0019148174370639025 -0.0013279876279245529 0.0014379724487015562 -0.00045288713382823123 -0.00077855418696999546 -0.00063535679946653541
leaf_weight=21 26 40 24 21 27 21 25 24
leaf_count=21 26 40 24 21 27 21 25 24
internal_value=0 -0.000370672 0.00052347 4.61251e-05 0.000303771 -5.65045e-05 -0.000202451 -0.000550204
internal_weight=0 159 70 133 112 85 46 45
internal_count=229 159 70 133 112 85 46 45
is_linear=0
shrinkage=0.03


Tree=202
num_leaves=9
num_cat=0
split_feature=3 3 3 3 3 3 3 3
split_gain=0.0415223 0.143438 0.100708 0.0670927 0.133519 0.0105166 0.00525687 0.00417293
threshold=0.010600000000000002 0.018850000000000002 0.035050000000000005 0.11425 0.22055000000000002 0.31860000000000005 0.066950000000000023 0.0023500000000000001
decision_type=2 2 2 2 2 2 2 2
left_child=7 -2 -3 6 -5 -6 -4 -1
right_child=1 2 3 4 5 -7 -8 -9
leaf_value=0.00036058563739061351 -0.0026410494664950031 0.0019876237772405146 -0.00078302774441373697 0.0017365792486816645 -0.00033871642072751584 -0.0012881479791498609 -0.001343724811449647 0.00089967242408809907
leaf_weight=24 21 20 34 33 21 21 27 28
leaf_count=24 21 20 34 33 21 21 27 28
internal_value=0 -0.00031339 -5.1762e-08 -0.000292357 0.000308573 -0.000813432 -0.00103121 0.000650863
internal_weight=0 177 156 136 75 42 61 52
internal_count=229 177 156 136 75 42 61 52
is_linear=0
shrinkage=0.03


Tree=203
num_leaves=9
num_cat=0
split_feature=3 3 3 3 3 3 3 3
split_gain=0.0410338 0.152832 0.0791294 0.048379 0.0888261 0.0605125 0.0194456 0.00989504
threshold=0.018400000000000003 0.037750000000000006 0.008550000000000002 0.22055000000000002 0.11425 0.066950000000000023 0.0020500000000000006 0.31860000000000005
decision_type=2 2 2 2 2 2 2 2
left_child=2 -2 6 4 5 -3 -1 -5
right_child=1 3 -4 7 -6 -7 -8 -9
leaf_value=0.00045806718724114554 -0.0024616853505946119 0.00063923921466114053 0.0019100490468554198 -0.00032855494380263348 0.0016844818995080211 -0.0013034130456960862 -0.00078024702128022907 -0.001249503299061741
leaf_weight=21 26 31 24 21 33 27 25 21
leaf_count=21 26 31 24 21 33 27 25 21
internal_value=0 -0.000358056 0.000513634 5.318e-05 0.000441892 -0.000265099 -0.00021493 -0.000789029
internal_weight=0 159 70 133 91 58 46 42
internal_count=229 159 70 133 91 58 46 42
is_linear=0
shrinkage=0.03


Tree=204
num_leaves=7
num_cat=0
split_feature=3 3 3 0 3 3
split_gain=0.0422961 0.131773 0.071353 0.14258 0.214071 0.103219
threshold=0.25465000000000004 0.12600000000000003 0.086650000000000019 0.40330000000000005 0.011450000000000002 0.035050000000000005
decision_type=2 2 2 2 2 2
left_child=1 2 3 -1 -5 -6
right_child=-2 -3 -4 4 5 -7
leaf_value=-0.0019114775904877617 0.00085516760724810097 -0.0020921525089070202 0.0015819094283506274 -0.00078241662404261909 0.0029407072688142459 0.00042203910736134272
leaf_weight=33 36 30 24 47 27 32
leaf_count=33 36 30 24 47 27 32
internal_value=0 -0.000264939 7.13581e-05 -0.000189457 0.000346644 0.00157465
internal_weight=0 193 163 139 106 59
internal_count=229 193 163 139 106 59
is_linear=0
shrinkage=0.03


Tree=205
num_leaves=9
num_cat=0
split_feature=3 3 3 3 3 3 3 3
split_gain=0.0417333 0.144353 0.0977709 0.0672389 0.102158 0.091359 0.00873829 0.00412696
threshold=0.010600000000000002 0.018850000000000002 0.035050000000000005 0.23725000000000004 0.13455000000000003 0.086650000000000019 0.05390000000000001 0.0023500000000000001
decision_type=2 2 2 2 2 2 2 2
left_child=7 -2 -3 4 5 6 -4 -1
right_child=1 2 3 -5 -6 -7 -8 -9
leaf_value=0.00036978747928515074 -0.0026433087938598221 0.0019645725041627883 -0.0013387006049975752 0.00077008541189850521 -0.0024028436234220861 0.0012386144325137139 -0.0005085942401949848 0.00090589655696281354
leaf_weight=24 21 20 25 39 24 27 21 28
leaf_count=24 21 20 25 39 24 27 21 28
internal_value=0 -0.000308239 6.09699e-06 -0.000281914 -0.000704883 -0.000146649 -0.000959739 0.000658462
internal_weight=0 177 156 136 97 73 46 52
internal_count=229 177 156 136 97 73 46 52
is_linear=0
shrinkage=0.03


Tree=206
num_leaves=9
num_cat=0
split_feature=3 3 3 3 3 3 3 3
split_gain=0.0402806 0.1525 0.0756212 0.0499076 0.0889535 0.0622379 0.0188037 0.0101379
threshold=0.018400000000000003 0.037750000000000006 0.008550000000000002 0.22055000000000002 0.11425 0.066950000000000023 0.0020500000000000006 0.31860000000000005
decision_type=2 2 2 2 2 2 2 2
left_child=2 -2 6 4 5 -3 -1 -5
right_child=1 3 -4 7 -6 -7 -8 -9
leaf_value=0.00046315569962774 -0.0024514081142842769 0.00066517268833253648 0.0018786986754275859 -0.00032859479759021526 0.0016990118397569112 -0.0013049797511970004 -0.00075454929973930117 -0.0012607759084286435
leaf_weight=21 26 31 24 21 33 27 25 21
leaf_count=21 26 31 24 21 33 27 25 21
internal_value=0 -0.000350064 0.00051359 6.07256e-05 0.000455531 -0.000251967 -0.00019864 -0.000794685
internal_weight=0 159 70 133 91 58 46 42
internal_count=229 159 70 133 91 58 46 42
is_linear=0
shrinkage=0.03


Tree=207
num_leaves=7
num_cat=0
split_feature=3 3 3 0 3 3
split_gain=0.0398281 0.122562 0.0641853 0.132369 0.209519 0.0967777
threshold=0.25465000000000004 0.12600000000000003 0.086650000000000019 0.40330000000000005 0.011450000000000002 0.035050000000000005
decision_type=2 2 2 2 2 2
left_child=1 2 3 -1 -5 -6
right_child=-2 -3 -4 4 5 -7
leaf_value=-0.0018366054348139598 0.00083258106470263256 -0.0020165504412725569 0.0015026482939720154 -0.0007487250174001165 0.002881034453295999 0.00044222408789210019
leaf_weight=33 36 30 24 47 27 32
leaf_count=33 36 30 24 47 27 32
internal_value=0 -0.000254355 6.99758e-05 -0.000177392 0.000339155 0.00155829
internal_weight=0 193 163 139 106 59
internal_count=229 193 163 139 106 59
is_linear=0
shrinkage=0.03


Tree=208
num_leaves=8
num_cat=0
split_feature=3 3 3 3 3 3 3
split_gain=0.0418279 0.145999 0.0580668 0.0512291 0.102019 0.0720729 0.0041185
threshold=0.010600000000000002 0.025900000000000003 0.044550000000000006 0.25465000000000004 0.12600000000000003 0.086650000000000019 0.0039500000000000013
decision_type=2 2 2 2 2 2 2
left_child=6 -2 -3 4 5 -4 -1
right_child=1 2 3 -5 -6 -7 -8
leaf_value=0.00089296459965407845 -0.0021375432307831942 0.0015601199226719991 -0.00068964969695490944 0.00080760361258095748 -0.0019560539480298757 0.0014575686631724239 0.00035255846313454883
leaf_weight=30 32 21 34 36 30 24 22
leaf_count=30 32 21 34 36 30 24 22
internal_value=0 -0.000303464 0.000101298 -0.000145761 -0.000535773 0.000198854 0.000664331
internal_weight=0 177 145 124 88 58 52
internal_count=229 177 145 124 88 58 52
is_linear=0
shrinkage=0.03


Tree=209
num_leaves=9
num_cat=0
split_feature=3 3 3 3 3 3 3 3
split_gain=0.0393559 0.138312 0.0962478 0.0623479 0.129001 0.0105808 0.00558515 0.00427842
threshold=0.010600000000000002 0.018850000000000002 0.035050000000000005 0.11425 0.22055000000000002 0.31860000000000005 0.066950000000000023 0.0023500000000000001
decision_type=2 2 2 2 2 2 2 2
left_child=7 -2 -3 6 -5 -6 -4 -1
right_child=1 2 3 4 5 -7 -8 -9
leaf_value=0.00035047775600105524 -0.0025800491763012749 0.0019564893208444119 -0.00072886501644354529 0.0017104966278103264 -0.00031983302773109498 -0.0012721583080877151 -0.001306804403817902 0.00089633594167285726
leaf_weight=24 21 20 34 33 21 21 27 28
leaf_count=24 21 20 34 33 21 21 27 28
internal_value=0 -0.00029436 1.33284e-05 -0.000272431 0.000306861 -0.000795996 -0.000984674 0.000644401
internal_weight=0 177 156 136 75 42 61 52
internal_count=229 177 156 136 75 42 61 52
is_linear=0
shrinkage=0.03


Tree=210
num_leaves=9
num_cat=0
split_feature=3 3 3 3 3 3 3 3
split_gain=0.0394033 0.150942 0.0770829 0.0482329 0.0831504 0.0607693 0.0178827 0.00995545
threshold=0.018400000000000003 0.037750000000000006 0.008550000000000002 0.22055000000000002 0.11425 0.066950000000000023 0.0020500000000000006 0.31860000000000005
decision_type=2 2 2 2 2 2 2 2
left_child=2 -2 6 4 5 -3 -1 -5
right_child=1 3 -4 7 -6 -7 -8 -9
leaf_value=0.00044063600046294072 -0.0024304458341346336 0.00067916994997029826 0.0018925717240199447 -0.0003102379704692534 0.0016591817470775409 -0.0012676000254901332 -0.00074687280245125289 -0.0012339934573641846
leaf_weight=21 26 31 24 21 33 27 25 21
leaf_count=21 26 31 24 21 33 27 25 21
internal_value=0 -0.000339864 0.000514332 6.88211e-05 0.000456946 -0.000227085 -0.000204749 -0.000772116
internal_weight=0 159 70 133 91 58 46 42
internal_count=229 159 70 133 91 58 46 42
is_linear=0
shrinkage=0.03


Tree=211
num_leaves=7
num_cat=0
split_feature=3 3 3 0 3 3
split_gain=0.0394325 0.117858 0.0572087 0.121716 0.209151 0.0938533
threshold=0.25465000000000004 0.12600000000000003 0.086650000000000019 0.40330000000000005 0.011450000000000002 0.035050000000000005
decision_type=2 2 2 2 2 2
left_child=1 2 3 -1 -5 -6
right_child=-2 -3 -4 4 5 -7
leaf_value=-0.0017529584975405172 0.00083510907754922898 -0.0019744641492143271 0.001424203086644411 -0.00070976855673413476 0.0028612255201571515 0.00045954587054438886
leaf_weight=33 36 30 24 47 27 32
leaf_count=33 36 30 24 47 27 32
internal_value=0 -0.000246415 7.16314e-05 -0.000161906 0.000333421 0.00155862
internal_weight=0 193 163 139 106 59
internal_count=229 193 163 139 106 59
is_linear=0
shrinkage=0.03


Tree=212
num_leaves=8
num_cat=0
split_feature=3 3 3 3 3 3 3
split_gain=0.0394658 0.139443 0.0547315 0.0572075 0.104865 0.0751491 0.00421541
threshold=0.010600000000000002 0.025900000000000003 0.049800000000000004 0.23725000000000004 0.12600000000000003 0.086650000000000019 0.0023500000000000001
decision_type=2 2 2 2 2 2 2
left_child=6 -2 -3 4 5 -4 -1
right_child=1 2 3 -5 -6 -7 -8
leaf_value=0.00035770646645687519 -0.0020830450340872629 0.0013234265976481967 -0.00090622824870349305 0.00076628439558240082 -0.0021548144074363842 0.0013814770011231303 0.0008995302181158747
leaf_weight=24 32 27 28 39 27 24 28
leaf_count=24 32 27 28 39 27 24 28
internal_value=0 -0.000290614 0.000104956 -0.000173846 -0.000637961 0.000149636 0.000649458
internal_weight=0 177 145 118 79 52 52
internal_count=229 177 145 118 79 52 52
is_linear=0
shrinkage=0.03


Tree=213
num_leaves=9
num_cat=0
split_feature=3 3 3 3 3 3 3 3
split_gain=0.0380974 0.14415 0.0729212 0.0488732 0.0853517 0.0596552 0.0173116 0.010148
threshold=0.018400000000000003 0.037750000000000006 0.008550000000000002 0.22055000000000002 0.11425 0.066950000000000023 0.0020500000000000006 0.31860000000000005
decision_type=2 2 2 2 2 2 2 2
left_child=2 -2 6 4 5 -3 -1 -5
right_child=1 3 -4 7 -6 -7 -8 -9
leaf_value=0.000443939630474363 -0.0023745856441270848 0.00066338177169522931 0.0018488604458980261 -0.00031237146484532524 0.0016765440297736361 -0.0012654610914109474 -0.00072445340864360334 -0.0012450154584699444
leaf_weight=21 26 31 24 21 33 27 25 21
leaf_count=21 26 31 24 21 33 27 25 21
internal_value=0 -0.000331579 0.000508344 6.78061e-05 0.000458498 -0.000234528 -0.000191057 -0.000778693
internal_weight=0 159 70 133 91 58 46 42
internal_count=229 159 70 133 91 58 46 42
is_linear=0
shrinkage=0.03


Tree=214
num_leaves=7
num_cat=0
split_feature=3 3 3 0 3 3
split_gain=0.037202 0.108756 0.0510035 0.112534 0.204481 0.0920391
threshold=0.25465000000000004 0.12600000000000003 0.086650000000000019 0.40330000000000005 0.011450000000000002 0.035050000000000005
decision_type=2 2 2 2 2 2
left_child=1 2 3 -1 -5 -6
right_child=-2 -3 -4 4 5 -7
leaf_value=-0.0016825843227773227 0.00081275972091437618 -0.0018977119904011487 0.0013448988646268844 -0.00067951449085830505 0.0028300952187014948 0.00045174028695328162
leaf_weight=33 36 30 24 47 27 32
leaf_count=33 36 30 24 47 27 32
internal_value=0 -0.000237732 6.77862e-05 -0.000152722 0.000323555 0.00154014
internal_weight=0 193 163 139 106 59
internal_count=229 193 163 139 106 59
is_linear=0
shrinkage=0.03


Tree=215
num_leaves=9
num_cat=0
split_feature=3 3 3 3 3 3 3 3
split_gain=0.0394781 0.141754 0.0978419 0.0623909 0.08315 0.0695363 0.0115829 0.00416254
threshold=0.010600000000000002 0.018850000000000002 0.035050000000000005 0.23725000000000004 0.13455000000000003 0.086650000000000019 0.05390000000000001 0.0039500000000000013
decision_type=2 2 2 2 2 2 2 2
left_child=7 -2 -3 4 5 6 -4 -1
right_child=1 2 3 -5 -6 -7 -8 -9
leaf_value=0.00088293331395834687 -0.0026010892087859764 0.0019835421703755852 -0.0013132341301767155 0.00074960495846775857 -0.00220306659466587 0.0010409778149591553 -0.00035751925032984999 0.00033964509292590348
leaf_weight=30 21 20 25 39 24 27 21 22
leaf_count=30 21 20 25 39 24 27 21 22
internal_value=0 -0.000287138 2.43557e-05 -0.00026376 -0.000671195 -0.000167567 -0.00087693 0.000653081
internal_weight=0 177 156 136 97 73 46 52
internal_count=229 177 156 136 97 73 46 52
is_linear=0
shrinkage=0.03


Tree=216
num_leaves=9
num_cat=0
split_feature=3 3 3 3 3 3 3 3
split_gain=0.0373073 0.144097 0.0703273 0.0502187 0.0852759 0.0608147 0.0160505 0.0103208
threshold=0.018400000000000003 0.037750000000000006 0.008550000000000002 0.22055000000000002 0.11425 0.066950000000000023 0.0020500000000000006 0.31860000000000005
decision_type=2 2 2 2 2 2 2 2
left_child=2 -2 6 4 5 -3 -1 -5
right_child=1 3 -4 7 -6 -7 -8 -9
leaf_value=0.00043025046586990355 -0.0023681243809943013 0.00068372151046435555 0.0018221285985782743 -0.00031398436387202567 0.0016873511155559259 -0.0012637751352869802 -0.00069478036053478712 -0.0012545359108064856
leaf_weight=21 26 31 24 21 33 27 25 21
leaf_count=21 26 31 24 21 33 27 25 21
internal_value=0 -0.000325498 0.000505669 7.38128e-05 0.000469846 -0.000222872 -0.000181179 -0.00078426
internal_weight=0 159 70 133 91 58 46 42
internal_count=229 159 70 133 91 58 46 42
is_linear=0
shrinkage=0.03


Tree=217
num_leaves=9
num_cat=0
split_feature=3 3 3 3 3 3 3 3
split_gain=0.0367621 0.138162 0.0982099 0.0617535 0.0819208 0.0793513 0.0114313 0.00456855
threshold=0.010600000000000002 0.018850000000000002 0.035050000000000005 0.23725000000000004 0.12600000000000003 0.086650000000000019 0.05390000000000001 0.0023500000000000001
decision_type=2 2 2 2 2 2 2 2
left_child=7 -2 -3 4 5 6 -4 -1
right_child=1 2 3 -5 -6 -7 -8 -9
leaf_value=0.00032826301292516292 -0.0025597621473882879 0.0019950795583426953 -0.00128336203310173 0.00075172984506934883 -0.0020655760991697509 0.0012780354591086507 -0.00033391950485695682 0.00089232615095430183
leaf_weight=24 21 20 25 39 27 24 21 28
leaf_count=24 21 20 25 39 27 24 21 28
internal_value=0 -0.000275311 3.22115e-05 -0.000256446 -0.000661794 -0.000120336 -0.000849921 0.000631989
internal_weight=0 177 156 136 97 70 46 52
internal_count=229 177 156 136 97 70 46 52
is_linear=0
shrinkage=0.03


Tree=218
num_leaves=9
num_cat=0
split_feature=3 3 3 3 3 3 3 3
split_gain=0.0355533 0.140168 0.0709426 0.0499581 0.0825295 0.0601082 0.0155169 0.00996955
threshold=0.018400000000000003 0.037750000000000006 0.008550000000000002 0.22055000000000002 0.11425 0.066950000000000023 0.0020500000000000006 0.31860000000000005
decision_type=2 2 2 2 2 2 2 2
left_child=2 -2 6 4 5 -3 -1 -5
right_child=1 3 -4 7 -6 -7 -8 -9
leaf_value=0.00040749530707086837 -0.0023298178906910696 0.00069344125376383388 0.0018183669541031121 -0.00031504251927669556 0.0016713409218937158 -0.0012427101920669276 -0.00069867604784667494 -0.0012394518804337297
leaf_weight=21 26 31 24 21 33 27 25 21
leaf_count=21 26 31 24 21 33 27 25 21
internal_value=0 -0.000315232 0.000496162 7.85968e-05 0.000473602 -0.000207871 -0.000193685 -0.000777247
internal_weight=0 159 70 133 91 58 46 42
internal_count=229 159 70 133 91 58 46 42
is_linear=0
shrinkage=0.03


Tree=219
num_leaves=7
num_cat=0
split_feature=3 3 3 0 3 3
split_gain=0.0351052 0.0999035 0.0433196 0.103381 0.205593 0.086223
threshold=0.25465000000000004 0.12600000000000003 0.086650000000000019 0.40330000000000005 0.011450000000000002 0.035050000000000005
decision_type=2 2 2 2 2 2
left_child=1 2 3 -1 -5 -6
right_child=-2 -3 -4 4 5 -7
leaf_value=-0.0016023359646152875 0.0007948444640108695 -0.0018165978249162435 0.0012441928498446941 -0.00064092678032640928 0.0027977623066140545 0.00049577977057197126
leaf_weight=33 36 30 24 47 27 32
leaf_count=33 36 30 24 47 27 32
internal_value=0 -0.000225613 6.72066e-05 -0.000136014 0.000320482 0.00154923
internal_weight=0 193 163 139 106 59
internal_count=229 193 163 139 106 59
is_linear=0
shrinkage=0.03


Tree=220
num_leaves=9
num_cat=0
split_feature=3 3 3 3 3 3 3 3
split_gain=0.036817 0.138765 0.095164 0.0589096 0.0756824 0.0593785 0.0112315 0.00447537
threshold=0.010600000000000002 0.018850000000000002 0.035050000000000005 0.23725000000000004 0.13455000000000003 0.086650000000000019 0.05390000000000001 0.0023500000000000001
decision_type=2 2 2 2 2 2 2 2
left_child=7 -2 -3 4 5 6 -4 -1
right_child=1 2 3 -5 -6 -7 -8 -9
leaf_value=0.00033437304547987877 -0.0025624212542814865 0.0019673898741602897 -0.0012495122459717095 0.00073574299870345452 -0.0021063160948688164 0.00095242185725106132 -0.00030840357898601463 0.00089265373668500345
leaf_weight=24 21 20 25 39 24 27 21 28
leaf_count=24 21 20 25 39 24 27 21 28
internal_value=0 -0.000272992 3.52006e-05 -0.000248945 -0.00064485 -0.000164368 -0.000819876 0.000634986
internal_weight=0 177 156 136 97 73 46 52
internal_count=229 177 156 136 97 73 46 52
is_linear=0
shrinkage=0.03


Tree=221
num_leaves=10
num_cat=0
split_feature=3 3 3 3 3 3 3 3 3
split_gain=0.0359745 0.069337 0.0535601 0.117038 0.0679756 0.0419262 0.0310434 0.0150598 0.00238161
threshold=0.31860000000000005 0.18280000000000005 0.018400000000000003 0.031000000000000003 0.008550000000000002 0.049800000000000004 0.11425 0.0020500000000000006 0.077300000000000021
decision_type=2 2 2 2 2 2 2 2 2
left_child=1 2 4 -4 7 -5 8 -1 -7
right_child=-2 -3 3 5 -6 6 -8 -9 -10
leaf_value=0.00040996102350098743 -0.0012481859146750399 0.001472840978143116 -0.002644620501436293 0.0010656460587467466 0.0017872300185263156 -0.00074519828110086641 0.00033456308663719228 -0.00067979666925966731 -0.0011918503950749124
leaf_weight=21 21 27 20 21 24 22 27 25 21
leaf_count=21 21 27 20 21 24 22 27 25 21
internal_value=0 5.46665e-05 -0.000156884 -0.000566701 0.000492968 -0.000110016 -0.000462715 -0.000182299 -0.000963331
internal_weight=0 208 181 111 70 91 70 46 43
internal_count=229 208 181 111 70 91 70 46 43
is_linear=0
shrinkage=0.03


Tree=222
num_leaves=9
num_cat=0
split_feature=3 3 3 3 3 3 3 3
split_gain=0.0343068 0.135015 0.0948404 0.0554103 0.0741492 0.069348 0.0115854 0.00441144
threshold=0.010600000000000002 0.018850000000000002 0.035050000000000005 0.23725000000000004 0.12600000000000003 0.086650000000000019 0.05390000000000001 0.0023500000000000001
decision_type=2 2 2 2 2 2 2 2
left_child=7 -2 -3 4 5 6 -4 -1
right_child=1 2 3 -5 -6 -7 -8 -9
leaf_value=0.00031612944207154214 -0.0025201718868421655 0.0019710106886923315 -0.001228785108961165 0.00071344066411256786 -0.0019610558652008573 0.0011968778539448977 -0.00027296694062118015 0.00087040866708516015
leaf_weight=24 21 20 25 39 27 24 21 28
leaf_count=24 21 20 25 39 27 24 21 28
internal_value=0 -0.00026189 4.21091e-05 -0.000241553 -0.000625519 -0.000110384 -0.000792433 0.000614587
internal_weight=0 177 156 136 97 70 46 52
internal_count=229 177 156 136 97 70 46 52
is_linear=0
shrinkage=0.03


Tree=223
num_leaves=9
num_cat=0
split_feature=3 3 3 3 3 3 3 3
split_gain=0.0352359 0.065344 0.0506624 0.116491 0.0685654 0.0393182 0.0145648 0.00194315
threshold=0.31860000000000005 0.18280000000000005 0.018400000000000003 0.037750000000000006 0.008550000000000002 0.082900000000000015 0.0020500000000000006 0.11965000000000002
decision_type=2 2 2 2 2 2 2 2
left_child=1 2 4 -4 6 -5 -1 -7
right_child=-2 -3 3 5 -6 7 -8 -9
leaf_value=0.00038817818675722393 -0.0012321436564837183 0.0014339974439806407 -0.0023039124272047325 0.00067518356116488571 0.0017837888561189174 -0.00080190252978354685 -0.00068351954296231264 -0.0004067490778730384
leaf_weight=21 21 27 26 40 24 24 25 21
leaf_count=21 21 27 26 40 24 24 25 21
internal_value=0 5.72637e-05 -0.000148105 -0.000546683 0.000483924 -9.17705e-06 -0.000194266 -0.000617498
internal_weight=0 208 181 111 70 85 46 45
internal_count=229 208 181 111 70 85 46 45
is_linear=0
shrinkage=0.03


Tree=224
num_leaves=9
num_cat=0
split_feature=3 3 3 3 3 3 3 3
split_gain=0.0331534 0.0614822 0.0476682 0.109606 0.0645132 0.0369945 0.013704 0.00182831
threshold=0.31860000000000005 0.18280000000000005 0.018400000000000003 0.037750000000000006 0.008550000000000002 0.082900000000000015 0.0020500000000000006 0.11965000000000002
decision_type=2 2 2 2 2 2 2 2
left_child=1 2 4 -4 6 -5 -1 -7
right_child=-2 -3 3 5 -6 7 -8 -9
leaf_value=0.00037653273769787377 -0.0011951792502908835 0.0013909775525745417 -0.0022347946346809081 0.00065492804464884098 0.0017302752099931239 -0.0007778451964259147 -0.00066301406119018786 -0.00039454663729494703
leaf_weight=21 21 27 26 40 24 24 25 21
leaf_count=21 21 27 26 40 24 24 25 21
internal_value=0 5.55458e-05 -0.000143662 -0.000530282 0.000469406 -8.90167e-06 -0.000188438 -0.000598973
internal_weight=0 208 181 111 70 85 46 45
internal_count=229 208 181 111 70 85 46 45
is_linear=0
shrinkage=0.03


Tree=225
num_leaves=9
num_cat=0
split_feature=3 3 3 0 3 3 3 3
split_gain=0.0321794 0.0715313 0.0401673 0.20032 0.178724 0.147699 0.0661383 0.00577403
threshold=0.004850000000000001 0.011450000000000002 0.22055000000000002 0.34820000000000007 0.066950000000000023 0.037750000000000006 0.11670000000000001 0.31860000000000005
decision_type=2 2 2 2 2 2 2 2
left_child=-1 -2 3 -3 5 -5 -6 -4
right_child=1 2 7 4 6 -7 -8 -9
leaf_value=0.00080931400753219015 -0.0018150723450393838 -0.0016508507254911818 -0.00045582061633467672 0.00086708484302190213 -0.00033878991383971873 0.004085487929571952 0.0013600608679865088 -0.0011593237065244467
leaf_weight=33 22 36 21 33 21 21 21 21
leaf_count=33 22 36 21 33 21 21 21 21
internal_value=0 -0.000203297 4.90513e-07 0.000257601 0.000973271 0.00211869 -0.00033879 -0.000807572
internal_weight=0 196 174 132 96 54 42 42
internal_count=229 196 174 132 96 54 42 42
is_linear=0
shrinkage=0.03


Tree=226
num_leaves=9
num_cat=0
split_feature=3 3 3 3 3 3 3 3
split_gain=0.0325463 0.135716 0.100681 0.0560622 0.126038 0.00608051 0.00543533 0.00543279
threshold=0.010600000000000002 0.018850000000000002 0.035050000000000005 0.11425 0.22055000000000002 0.05390000000000001 0.0023500000000000001 0.31860000000000005
decision_type=2 2 2 2 2 2 2 2
left_child=6 -2 -3 5 -5 -4 -1 -6
right_child=1 2 3 4 7 -7 -8 -9
leaf_value=0.00026734194369055331 -0.0025192030439419406 0.0020371365733444688 -0.0012773525213822723 0.0016941971386867491 -0.00044214584731629912 -0.000668327667323562 0.00088259117361823357 -0.0011245441696623208
leaf_weight=24 21 20 25 33 21 36 28 21
leaf_count=24 21 20 25 33 21 36 28 21
internal_value=0 -0.000255063 4.97252e-05 -0.000242541 0.000306774 -0.000917928 0.00059863 -0.000783345
internal_weight=0 177 156 136 75 61 52 42
internal_count=229 177 156 136 75 61 52 42
is_linear=0
shrinkage=0.03


Tree=227
num_leaves=7
num_cat=0
split_feature=3 3 3 0 3 3
split_gain=0.034185 0.0930113 0.0411206 0.0888959 0.200395 0.0856187
threshold=0.25465000000000004 0.12600000000000003 0.086650000000000019 0.40330000000000005 0.011450000000000002 0.035050000000000005
decision_type=2 2 2 2 2 2
left_child=1 2 3 -1 -5 -6
right_child=-2 -3 -4 4 5 -7
leaf_value=-0.0014928606736727735 0.00078931461520066173 -0.0017528042968478984 0.0012115824688225983 -0.00060134367035074069 0.0027605470513097112 0.00046664564288221297
leaf_weight=33 36 30 24 47 27 32
leaf_count=33 36 30 24 47 27 32
internal_value=0 -0.00021768 6.48586e-05 -0.000133137 0.000290173 0.0015164
internal_weight=0 193 163 139 106 59
internal_count=229 193 163 139 106 59
is_linear=0
shrinkage=0.03


Tree=228
num_leaves=9
num_cat=0
split_feature=3 3 3 3 3 3 3 3
split_gain=0.0329474 0.131635 0.0914704 0.0558386 0.0699527 0.0565762 0.0115574 0.00508684
threshold=0.010600000000000002 0.018850000000000002 0.035050000000000005 0.23725000000000004 0.13455000000000003 0.086650000000000019 0.05390000000000001 0.0023500000000000001
decision_type=2 2 2 2 2 2 2 2
left_child=7 -2 -3 4 5 6 -4 -1
right_child=1 2 3 -5 -6 -7 -8 -9
leaf_value=0.00028181992121972143 -0.0024864566692018083 0.0019378668665885924 -0.0012342199455946685 0.00072364654139584253 -0.00202553516079206 0.00093157501270373652 -0.00027955643832683558 0.00087701934389770029
leaf_weight=24 21 20 25 39 24 27 21 28
leaf_count=24 21 20 25 39 24 27 21 28
internal_value=0 -0.000256625 4.35452e-05 -0.000235032 -0.000620479 -0.000158543 -0.000798395 0.000602312
internal_weight=0 177 156 136 97 73 46 52
internal_count=229 177 156 136 97 73 46 52
is_linear=0
shrinkage=0.03


Tree=229
num_leaves=9
num_cat=0
split_feature=3 3 3 3 3 3 3 3
split_gain=0.0319568 0.136061 0.0671046 0.0568456 0.0772097 0.0662522 0.0127132 0.00564337
threshold=0.018400000000000003 0.039500000000000007 0.008550000000000002 0.22055000000000002 0.11425 0.066950000000000023 0.0020500000000000006 0.31860000000000005
decision_type=2 2 2 2 2 2 2 2
left_child=2 -2 6 4 5 -3 -1 -5
right_child=1 3 -4 7 -6 -7 -8 -9
leaf_value=0.00034761743886130194 -0.0021529502514749765 0.00088713588093274401 0.001760323429480195 -0.00044069858933133737 0.0017002078748985447 -0.0011956369385330214 -0.00065364366732537744 -0.0011361965577816591
leaf_weight=21 29 28 24 21 33 27 25 21
leaf_count=21 29 28 24 21 33 27 25 21
internal_value=0 -0.00029488 0.000474381 0.000119613 0.000553005 -0.000135316 -0.000196546 -0.000788448
internal_weight=0 159 70 130 88 55 46 42
internal_count=229 159 70 130 88 55 46 42
is_linear=0
shrinkage=0.03


Tree=230
num_leaves=8
num_cat=0
split_feature=3 3 3 3 0 3 3
split_gain=0.0324805 0.0867418 0.0388088 0.143199 0.113913 0.10225 0.00496636
threshold=0.25465000000000004 0.12600000000000003 0.025900000000000003 0.010600000000000002 0.27480000000000004 0.066950000000000023 0.0023500000000000001
decision_type=2 2 2 2 2 2 2
left_child=1 2 3 6 -4 -6 -1
right_child=-2 -3 4 -5 5 -7 -8
leaf_value=0.0002666914358269423 0.00076931802531665498 -0.0016947338478639721 -0.0014186875149607657 -0.0019673026756936449 0.0023881237530299733 -0.000108749241552363 0.00085479979419947729
leaf_weight=24 36 30 20 32 31 28 28
leaf_count=24 36 30 20 32 31 28 28
internal_value=0 -0.00021225 6.05994e-05 -0.000388318 0.000537929 0.00120119 0.000583365
internal_weight=0 193 163 84 79 59 52
internal_count=229 193 163 84 79 59 52
is_linear=0
shrinkage=0.03


Tree=231
num_leaves=7
num_cat=0
split_feature=3 3 3 0 3 3
split_gain=0.0305827 0.0943269 0.0381761 0.078855 0.194806 0.0857483
threshold=0.23725000000000004 0.12600000000000003 0.086650000000000019 0.40330000000000005 0.011450000000000002 0.035050000000000005
decision_type=2 2 2 2 2 2
left_child=1 2 3 -1 -5 -6
right_child=-2 -3 -4 4 5 -7
leaf_value=-0.001412647371603684 0.000708999891514675 -0.0018556728115719226 0.0011636657360941172 -0.00057298759856552045 0.0027308119843817416 0.00043517472004168668
leaf_weight=33 39 27 24 47 27 32
leaf_count=33 39 27 24 47 27 32
internal_value=0 -0.000213291 5.87599e-05 -0.000132015 0.000266672 0.00148572
internal_weight=0 190 163 139 106 59
internal_count=229 190 163 139 106 59
is_linear=0
shrinkage=0.03


Tree=232
num_leaves=9
num_cat=0
split_feature=3 3 3 3 3 3 3 3
split_gain=0.0311209 0.126213 0.089324 0.0545873 0.129601 0.00582737 0.00561252 0.00464832
threshold=0.010600000000000002 0.018850000000000002 0.035050000000000005 0.11425 0.22055000000000002 0.31860000000000005 0.05390000000000001 0.0023500000000000001
decision_type=2 2 2 2 2 2 2 2
left_child=7 -2 -3 6 -5 -6 -4 -1
right_child=1 2 3 4 5 -7 -8 -9
leaf_value=0.00028007847489789131 -0.0024317710979708603 0.0019175424501299855 -0.001241469669342041 0.0017192247298292137 -0.0004397151432931423 -0.0011464601610454597 -0.00065635133495864763 0.000849044357393203
leaf_weight=24 21 20 25 33 21 21 36 28
leaf_count=24 21 20 25 33 21 21 36 28
internal_value=0 -0.000248345 4.55782e-05 -0.000229711 0.00031233 -0.000793088 -0.000896154 0.000586445
internal_weight=0 177 156 136 75 42 61 52
internal_count=229 177 156 136 75 42 61 52
is_linear=0
shrinkage=0.03


Tree=233
num_leaves=9
num_cat=0
split_feature=3 3 3 3 3 3 3 3
split_gain=0.0313706 0.135028 0.0678823 0.0548786 0.0734474 0.0619263 0.0127712 0.00548297
threshold=0.018400000000000003 0.039500000000000007 0.008550000000000002 0.22055000000000002 0.11425 0.066950000000000023 0.0020500000000000006 0.31860000000000005
decision_type=2 2 2 2 2 2 2 2
left_child=2 -2 6 4 5 -3 -1 -5
right_child=1 3 -4 7 -6 -7 -8 -9
leaf_value=0.00034277328423091343 -0.0021410066951949407 0.00086591131053864951 0.0017655448894947766 -0.00042652360296675134 0.0016676479980180208 -0.0011477170217161377 -0.00066077162660658356 -0.0011120665324415313
leaf_weight=21 29 28 24 21 33 27 25 21
leaf_count=21 29 28 24 21 33 27 25 21
internal_value=0 -0.00029 0.000472172 0.000122917 0.000548745 -0.000122597 -0.000202632 -0.000769295
internal_weight=0 159 70 130 88 55 46 42
internal_count=229 159 70 130 88 55 46 42
is_linear=0
shrinkage=0.03


Tree=234
num_leaves=8
num_cat=0
split_feature=3 3 3 3 0 3 3
split_gain=0.0327458 0.0843331 0.0372029 0.136551 0.103152 0.0976389 0.00454556
threshold=0.25465000000000004 0.12600000000000003 0.025900000000000003 0.010600000000000002 0.27480000000000004 0.066950000000000023 0.0023500000000000001
decision_type=2 2 2 2 2 2 2
left_child=1 2 3 6 -4 -6 -1
right_child=-2 -3 4 -5 5 -7 -8
leaf_value=0.00026515644975006581 0.0007753207065009822 -0.0016720031776931137 -0.0013357685389928519 -0.0019226448795961913 0.0023174146262388076 -8.9238709868800123e-05 0.00082779837123650522
leaf_weight=24 36 30 20 32 31 28 28
leaf_count=24 36 30 20 32 31 28 28
internal_value=0 -0.000210248 5.8787e-05 -0.000380744 0.000526137 0.00115729 0.000568117
internal_weight=0 193 163 84 79 59 52
internal_count=229 193 163 84 79 59 52
is_linear=0
shrinkage=0.03


Tree=235
num_leaves=7
num_cat=0
split_feature=3 3 3 0 3 3
split_gain=0.0311583 0.0923339 0.0364527 0.0697327 0.189615 0.0852831
threshold=0.23725000000000004 0.12600000000000003 0.086650000000000019 0.40330000000000005 0.011450000000000002 0.035050000000000005
decision_type=2 2 2 2 2 2
left_child=1 2 3 -1 -5 -6
right_child=-2 -3 -4 4 5 -7
leaf_value=-0.0013338723740625111 0.00071859588217473803 -0.0018372716992679568 0.0011365058226510882 -0.00054427288998218696 0.0027005723170522183 0.00041117063621641135
leaf_weight=33 39 27 24 47 27 32
leaf_count=33 39 27 24 47 27 32
internal_value=0 -0.000212334 5.6828e-05 -0.000129591 0.000245327 0.00145886
internal_weight=0 190 163 139 106 59
internal_count=229 190 163 139 106 59
is_linear=0
shrinkage=0.03


Tree=236
num_leaves=9
num_cat=0
split_feature=3 3 3 0 3 3 3 3
split_gain=0.0304724 0.0694634 0.0371571 0.155151 0.158921 0.137255 0.0573531 0.00566626
threshold=0.004850000000000001 0.011450000000000002 0.22055000000000002 0.34820000000000007 0.066950000000000023 0.037750000000000006 0.11670000000000001 0.31860000000000005
decision_type=2 2 2 2 2 2 2 2
left_child=-1 -2 3 -3 5 -5 -6 -4
right_child=1 2 7 4 6 -7 -8 -9
leaf_value=0.00078669440636241984 -0.0017870014364069157 -0.0014301485525599371 -0.00042661479807325767 0.0007583342844207601 -0.00027544858244103423 0.0038608660868235996 0.0013289985353393213 -0.0011235218219059918
leaf_weight=33 22 36 21 33 21 21 21 21
leaf_count=33 22 36 21 33 21 21 21 21
internal_value=0 -0.000198694 2.12596e-06 0.000249415 0.000879251 0.00196487 -0.000275449 -0.000775068
internal_weight=0 196 174 132 96 54 42 42
internal_count=229 196 174 132 96 54 42 42
is_linear=0
shrinkage=0.03


Tree=237
num_leaves=7
num_cat=0
split_feature=3 3 3 0 3 3
split_gain=0.0319248 0.0862431 0.0360217 0.0612616 0.175352 0.022272
threshold=0.23725000000000004 0.12600000000000003 0.086650000000000019 0.40330000000000005 0.025900000000000003 0.011450000000000002
decision_type=2 2 2 2 2 2
left_child=1 2 3 -1 5 -5
right_child=-2 -3 -4 4 -6 -7
leaf_value=-0.001275162818333642 0.00072109413772033387 -0.0017916456128781039 0.0011121931346133351 -0.00053507572024062027 0.0018483971091183393 0.00049323837979630162
leaf_weight=33 39 27 24 47 38 21
leaf_count=33 39 27 24 47 38 21
internal_value=0 -0.000221216 3.8917e-05 -0.000146397 0.000205011 -0.000535076
internal_weight=0 190 163 139 106 68
internal_count=229 190 163 139 106 68
is_linear=0
shrinkage=0.03


Tree=238
num_leaves=9
num_cat=0
split_feature=3 3 3 3 3 3 3 3
split_gain=0.033132 0.132697 0.0640568 0.0527385 0.0816599 0.053635 0.011478 0.0055026
threshold=0.018400000000000003 0.039500000000000007 0.008550000000000002 0.22055000000000002 0.11425 0.066950000000000023 0.0020500000000000006 0.31860000000000005
decision_type=2 2 2 2 2 2 2 2
left_child=2 -2 6 4 5 -3 -1 -5
right_child=1 3 -4 7 -6 -7 -8 -9
leaf_value=0.00034205641065325053 -0.0021377154308419417 0.00073609508640531983 0.0017369173141196369 -0.00042468015503670486 0.001703820623118769 -0.0011378892557695507 -0.00060932067576795819 -0.0011114490082919865
leaf_weight=21 29 28 24 21 33 27 25 21
leaf_count=21 29 28 24 21 33 27 25 21
internal_value=0 -0.000302759 0.000480517 0.000106577 0.00052402 -0.000183861 -0.000174996 -0.000768065
internal_weight=0 159 70 130 88 55 46 42
internal_count=229 159 70 130 88 55 46 42
is_linear=0
shrinkage=0.03


Tree=239
num_leaves=9
num_cat=0
split_feature=3 3 3 3 0 3 3 3
split_gain=0.0321617 0.0850371 0.0341613 0.0584478 0.31089 0.142098 0.060271 0.0107996
threshold=0.23725000000000004 0.12600000000000003 0.086650000000000019 0.018400000000000003 0.37620000000000003 0.039500000000000007 0.008550000000000002 0.0020500000000000006
decision_type=2 2 2 2 2 2 2 2
left_child=1 2 3 6 -5 -6 7 -1
right_child=-2 -3 -4 4 5 -7 -8 -9
leaf_value=0.00033179447054862974 0.00072329562408133196 -0.0017819159778041972 0.0010809949366375805 -0.0038087453772979122 -0.0012831567439882618 0.0020072111684001151 0.001684809832368046 -0.00059104119697585701
leaf_weight=21 39 27 24 21 21 27 24 25
leaf_count=21 39 27 24 21 21 27 24 25
internal_value=0 -0.000222505 3.5802e-05 -0.000144663 -0.000764279 0.000567675 0.000466101 -0.000169747
internal_weight=0 190 163 139 69 48 70 46
internal_count=229 190 163 139 69 48 70 46
is_linear=0
shrinkage=0.03


Tree=240
num_leaves=9
num_cat=0
split_feature=3 3 3 3 3 3 3 3
split_gain=0.0316931 0.128231 0.097815 0.0575882 0.122658 0.0073653 0.00542931 0.00534563
threshold=0.010600000000000002 0.018850000000000002 0.035050000000000005 0.11425 0.22055000000000002 0.05390000000000001 0.0023500000000000001 0.31860000000000005
decision_type=2 2 2 2 2 2 2 2
left_child=6 -2 -3 5 -5 -4 -1 -6
right_child=1 2 3 4 7 -7 -8 -9
leaf_value=0.00026044258440379055 -0.0024516995154720334 0.0020043010152876375 -0.0013227886743843553 0.0016827395702288907 -0.00042290206333356242 -0.00065250268477636073 0.00087535142200067639 -0.0010998044313497042
leaf_weight=24 21 20 25 33 21 36 28 21
leaf_count=24 21 20 25 33 21 36 28 21
internal_value=0 -0.000250881 4.53832e-05 -0.000242693 0.000314048 -0.00092721 0.000591547 -0.000761353
internal_weight=0 177 156 136 75 61 52 42
internal_count=229 177 156 136 75 61 52 42
is_linear=0
shrinkage=0.03


Tree=241
num_leaves=8
num_cat=0
split_feature=3 3 3 3 3 3 3
split_gain=0.0320219 0.0843825 0.031464 0.054959 0.0946005 0.0608964 0.0105332
threshold=0.23725000000000004 0.12600000000000003 0.086650000000000019 0.018400000000000003 0.039500000000000007 0.008550000000000002 0.0020500000000000006
decision_type=2 2 2 2 2 2 2
left_child=1 2 3 5 -5 6 -1
right_child=-2 -3 -4 4 -6 -7 -8
leaf_value=0.0003140271987233843 0.0007252184142215321 -0.0017719218745413754 0.0010418688319623469 -0.0020398370592437424 0.00021058274153620005 0.0016828635381534694 -0.00059735682271420953
leaf_weight=21 39 27 24 29 40 24 25
leaf_count=21 39 27 24 29 40 24 25
internal_value=0 -0.000218524 3.87869e-05 -0.000134407 -0.000735246 0.000457848 -0.00018129
internal_weight=0 190 163 139 69 70 46
internal_count=229 190 163 139 69 70 46
is_linear=0
shrinkage=0.03


Tree=242
num_leaves=8
num_cat=0
split_feature=3 3 3 3 3 3 3
split_gain=0.0301294 0.0793955 0.0310777 0.133126 0.0333011 0.0485062 0.00526838
threshold=0.23725000000000004 0.12600000000000003 0.025900000000000003 0.010600000000000002 0.049800000000000004 0.086650000000000019 0.0023500000000000001
decision_type=2 2 2 2 2 2 2
left_child=1 2 3 6 -4 -6 -1
right_child=-2 -3 4 -5 5 -7 -8
leaf_value=0.00024662602168973536 0.00070346187683753667 -0.0017187642802794774 0.0013195562445455127 -0.0018865374295273796 -0.00082735082550373462 0.0010106126777827738 0.00085235301887483467
leaf_weight=24 39 27 27 32 28 24 28
leaf_count=24 39 27 27 32 28 24 28
internal_value=0 -0.000211969 3.76234e-05 -0.000364099 0.000464771 2.094e-05 0.000572787
internal_weight=0 190 163 84 79 52 52
internal_count=229 190 163 84 79 52 52
is_linear=0
shrinkage=0.03


Tree=243
num_leaves=10
num_cat=0
split_feature=3 3 3 3 3 3 3 3 3
split_gain=0.0293339 0.111867 0.0657477 0.0704474 0.0606497 0.0587855 0.0103657 0.00535789 0.00116237
threshold=0.22055000000000002 0.11425 0.018400000000000003 0.031000000000000003 0.008550000000000002 0.049800000000000004 0.0023500000000000001 0.31860000000000005 0.077300000000000021
decision_type=2 2 2 2 2 2 2 2 2
left_child=1 2 4 -4 6 -5 -1 -2 -7
right_child=7 -3 3 5 -6 8 -8 -9 -10
leaf_value=0.00023922704043798147 -0.00043199241693530759 0.0016916248236190188 -0.0023531320095062256 0.00098771291119711751 0.0016684321290813386 -0.0007963290639137002 -0.00066230659648268062 -0.0011096706601217323 -0.0011083670599120004
leaf_weight=24 21 33 20 21 24 22 22 21 21
leaf_count=24 21 33 20 21 24 22 22 21 21
internal_value=0 0.00010653 -0.000233133 -0.000798995 0.000445901 -0.000313328 -0.000191941 -0.000770832 -0.00094872
internal_weight=0 187 154 84 70 64 46 42 43
internal_count=229 187 154 84 70 64 46 42 43
is_linear=0
shrinkage=0.03


Tree=244
num_leaves=8
num_cat=0
split_feature=3 3 3 3 3 3 3
split_gain=0.0300889 0.0789246 0.0297214 0.1249 0.0302427 0.0444117 0.00516265
threshold=0.23725000000000004 0.12600000000000003 0.025900000000000003 0.010600000000000002 0.049800000000000004 0.086650000000000019 0.0023500000000000001
decision_type=2 2 2 2 2 2 2
left_child=1 2 3 6 -4 -6 -1
right_child=-2 -3 4 -5 5 -7 -8
leaf_value=0.00023205022676847875 0.00070626480773521157 -0.0017108712355709736 0.0012726105004549025 -0.0018272114556748419 -0.00077663441704187001 0.00098204537294805045 0.00083166831414148749
leaf_weight=24 39 27 27 32 28 24 28
leaf_count=24 39 27 27 32 28 24 28
internal_value=0 -0.00020855 4.03004e-05 -0.000352558 0.000458023 3.50639e-05 0.000554922
internal_weight=0 190 163 84 79 52 52
internal_count=229 190 163 84 79 52 52
is_linear=0
shrinkage=0.03


Tree=245
num_leaves=9
num_cat=0
split_feature=3 3 3 3 3 3 3 3
split_gain=0.0290152 0.108534 0.062104 0.0650756 0.0602999 0.0529071 0.0101584 0.00520138
threshold=0.22055000000000002 0.11425 0.018400000000000003 0.039500000000000007 0.008550000000000002 0.066950000000000023 0.0023500000000000001 0.31860000000000005
decision_type=2 2 2 2 2 2 2 2
left_child=1 2 4 -4 6 -5 -1 -2
right_child=7 -3 3 5 -6 -7 -8 -9
leaf_value=0.00022508900670800358 -0.00042986133002809114 0.001670169218189337 -0.0019255904217475447 0.00074436499537634002 0.0016532537341117858 -0.00111685862350795 -0.00066738718422129748 -0.0010975685254171756
leaf_weight=24 21 33 29 28 24 27 22 21
leaf_count=24 21 33 29 28 24 27 22 21
internal_value=0 0.000108867 -0.000225697 -0.000775656 0.000434253 -0.000169327 -0.000201747 -0.000763715
internal_weight=0 187 154 84 70 55 46 42
internal_count=229 187 154 84 70 55 46 42
is_linear=0
shrinkage=0.03


Tree=246
num_leaves=8
num_cat=0
split_feature=3 3 3 3 3 3 3
split_gain=0.0301057 0.0676257 0.0286825 0.117748 0.0301029 0.0331793 0.00505758
threshold=0.25465000000000004 0.12600000000000003 0.025900000000000003 0.010600000000000002 0.044550000000000006 0.086650000000000019 0.0023500000000000001
decision_type=2 2 2 2 2 2 2
left_child=1 2 3 6 -4 -6 -1
right_child=-2 -3 4 -5 5 -7 -8
leaf_value=0.00021833631326444446 0.00074680898173634582 -0.0015071693835780023 0.0014263101401073592 -0.0017750205236370675 -0.00050214458530878315 0.00095473566558212041 0.00081182148166200412
leaf_weight=24 36 30 21 32 34 24 28
leaf_count=24 36 30 21 32 34 24 28
internal_value=0 -0.000198194 4.27219e-05 -0.000343209 0.000453079 0.000100702 0.000537905
internal_weight=0 193 163 84 79 58 52
internal_count=229 193 163 84 79 58 52
is_linear=0
shrinkage=0.03


Tree=247
num_leaves=8
num_cat=0
split_feature=3 3 3 3 3 3 3
split_gain=0.028577 0.0742811 0.0269874 0.110789 0.0283238 0.0312184 0.00475869
threshold=0.23725000000000004 0.12600000000000003 0.025900000000000003 0.010600000000000002 0.044550000000000006 0.086650000000000019 0.0023500000000000001
decision_type=2 2 2 2 2 2 2
left_child=1 2 3 6 -4 -6 -1
right_child=-2 -3 4 -5 5 -7 -8
leaf_value=0.00021178599970880896 0.00069155600629388703 -0.0016574350061515964 0.0013835210512791361 -0.0017217698710737749 -0.00048708039390690187 0.00092609362676739689 0.0007874669132953776
leaf_weight=24 39 27 21 32 34 24 28
leaf_count=24 39 27 21 32 34 24 28
internal_value=0 -0.000199979 4.14402e-05 -0.000332913 0.000439487 9.76813e-05 0.000521768
internal_weight=0 190 163 84 79 58 52
internal_count=229 190 163 84 79 58 52
is_linear=0
shrinkage=0.03


Tree=248
num_leaves=9
num_cat=0
split_feature=3 3 3 3 3 3 3 3
split_gain=0.0298365 0.108094 0.0589339 0.0629758 0.0602787 0.0510797 0.0103483 0.00534817
threshold=0.22055000000000002 0.11425 0.018400000000000003 0.008550000000000002 0.039500000000000007 0.066950000000000023 0.0023500000000000001 0.31860000000000005
decision_type=2 2 2 2 2 2 2 2
left_child=1 2 3 6 -4 -6 -1 -2
right_child=7 -3 4 -5 5 -7 -8 -9
leaf_value=0.0002054326527286321 -0.000430729551506894 0.0016737214852632447 -0.0018607801744907066 0.0016703393450006843 0.00072728813293256923 -0.0011015103591812982 -0.0006953443910672583 -0.0011077925732076567
leaf_weight=24 21 33 29 24 28 27 22 21
leaf_count=24 21 33 29 24 28 27 22 21
internal_value=0 0.000115585 -0.000218301 0.000424585 -0.00075404 -0.000170486 -0.000225374 -0.000769261
internal_weight=0 187 154 70 84 55 46 42
internal_count=229 187 154 70 84 55 46 42
is_linear=0
shrinkage=0.03


Tree=249
num_leaves=8
num_cat=0
split_feature=3 3 3 3 3 3 3
split_gain=0.0285977 0.0739008 0.0260576 0.104622 0.0281368 0.0295571 0.00466893
threshold=0.23725000000000004 0.12600000000000003 0.025900000000000003 0.010600000000000002 0.044550000000000006 0.086650000000000019 0.0023500000000000001
decision_type=2 2 2 2 2 2 2
left_child=1 2 3 6 -4 -6 -1
right_child=-2 -3 4 -5 5 -7 -8
leaf_value=0.00019926939508877693 0.00069466846099553196 -0.00165090870215661 0.0013756552232163293 -0.0016738809220260009 -0.00047492288381737819 0.00090013475157320496 0.00076949511006075351
leaf_weight=24 39 27 21 32 34 24 28
leaf_count=24 39 27 21 32 34 24 28
internal_value=0 -0.000197188 4.3612e-05 -0.000324236 0.000434742 9.40665e-05 0.000506314
internal_weight=0 190 163 84 79 58 52
internal_count=229 190 163 84 79 58 52
is_linear=0
shrinkage=0.03


Tree=250
num_leaves=9
num_cat=0
split_feature=3 3 3 3 3 3 3 3
split_gain=0.0294657 0.104885 0.0569474 0.0802568 0.0884706 0.00518732 0.00447327 0.000695553
threshold=0.22055000000000002 0.11425 0.042250000000000003 0.022050000000000004 0.010600000000000002 0.31860000000000005 0.0039500000000000013 0.063600000000000004
decision_type=2 2 2 2 2 2 2 2
left_child=1 2 3 4 6 -2 -1 -4
right_child=5 -3 7 -5 -6 -7 -8 -9
leaf_value=0.00072940214630216351 -0.00042859511449933047 0.001652164964259348 -0.0011476557092233138 0.001805055552924221 -0.0016005060961470008 -0.0010953987550289769 0.00016620078991929239 -0.00092557235993444916
leaf_weight=30 21 33 22 22 28 21 22 30
leaf_count=30 21 33 22 22 28 21 22 30
internal_value=0 0.000117334 -0.000211559 0.000200348 -0.000240946 -0.000761997 0.000491125 -0.00101953
internal_weight=0 187 154 102 80 42 52 52
internal_count=229 187 154 102 80 42 52 52
is_linear=0
shrinkage=0.03


Tree=251
num_leaves=8
num_cat=0
split_feature=3 3 3 3 3 3 3
split_gain=0.0286063 0.0734699 0.0243741 0.0938409 0.0250622 0.0343709 0.00460639
threshold=0.23725000000000004 0.12600000000000003 0.025900000000000003 0.010600000000000002 0.049800000000000004 0.086650000000000019 0.0023500000000000001
decision_type=2 2 2 2 2 2 2
left_child=1 2 3 6 -4 -6 -1
right_child=-2 -3 4 -5 5 -7 -8
leaf_value=0.00017140966141596437 0.00069745766384025605 -0.0016440106379903023 0.0011653913433353105 -0.0015884201863082125 -0.00067525676451623434 0.00087189832236617799 0.00073780373686791519
leaf_weight=24 39 27 27 32 28 24 28
leaf_count=24 39 27 27 32 28 24 28
internal_value=0 -0.000194534 4.55634e-05 -0.000310204 0.000423847 3.88148e-05 0.000476391
internal_weight=0 190 163 84 79 52 52
internal_count=229 190 163 84 79 52 52
is_linear=0
shrinkage=0.03


Tree=252
num_leaves=9
num_cat=0
split_feature=3 3 3 3 3 3 3 3
split_gain=0.0291093 0.101839 0.0551039 0.0686405 0.0587798 0.0485824 0.0102289 0.00503336
threshold=0.22055000000000002 0.11425 0.018400000000000003 0.008550000000000002 0.039500000000000007 0.066950000000000023 0.0023500000000000001 0.31860000000000005
decision_type=2 2 2 2 2 2 2 2
left_child=1 2 3 6 -4 -6 -1 -2
right_child=7 -3 4 -5 5 -7 -8 -9
leaf_value=0.00016626711934804916 -0.00042662639436977251 0.0016313355492258614 -0.0018160615437503517 0.0017170911049470305 0.00072863785882613485 -0.0010548959920803707 -0.00072929703164845703 -0.0010834604370341236
leaf_weight=24 21 33 29 24 28 27 22 21
leaf_count=24 21 33 29 24 28 27 22 21
internal_value=0 0.000118952 -0.00020513 0.000416515 -0.000723168 -0.000146915 -0.000262046 -0.000755043
internal_weight=0 187 154 70 84 55 46 42
internal_count=229 187 154 70 84 55 46 42
is_linear=0
shrinkage=0.03


Tree=253
num_leaves=8
num_cat=0
split_feature=3 3 3 3 3 3 3
split_gain=0.0286037 0.0729928 0.0235281 0.088838 0.024422 0.0323549 0.00451171
threshold=0.23725000000000004 0.12600000000000003 0.025900000000000003 0.010600000000000002 0.049800000000000004 0.086650000000000019 0.0023500000000000001
decision_type=2 2 2 2 2 2 2
left_child=1 2 3 6 -4 -6 -1
right_child=-2 -3 4 -5 5 -7 -8
leaf_value=0.00016127903014421461 0.00069994308681298905 -0.001636770341752304 0.0011509820777508947 -0.0015459077898412942 -0.00065392713395080401 0.00084716821089386935 0.00072182169267242505
leaf_weight=24 39 27 27 32 28 24 28
leaf_count=24 39 27 27 32 28 24 28
internal_value=0 -0.000192008 4.73083e-05 -0.00030223 0.00041897 3.88861e-05 0.00046311
internal_weight=0 190 163 84 79 52 52
internal_count=229 190 163 84 79 52 52
is_linear=0
shrinkage=0.03


Tree=254
num_leaves=9
num_cat=0
split_feature=3 3 3 3 3 3 3 3
split_gain=0.0287663 0.0989438 0.0547259 0.116334 0.111646 0.0125657 0.00488594 0.0046121
threshold=0.22055000000000002 0.11425 0.035050000000000005 0.018850000000000002 0.010600000000000002 0.05390000000000001 0.31860000000000005 0.0039500000000000013
decision_type=2 2 2 2 2 2 2 2
left_child=1 2 3 4 7 -4 -2 -1
right_child=6 -3 5 -5 -6 -7 -8 -9
leaf_value=0.00069116312125697729 -0.00042481133714318277 0.001611175547692586 -0.0014139699317514895 0.0022861469015479086 -0.0021425272604184489 -0.00053846739931032064 -0.0010719550128227898 0.00011928911807692864
leaf_weight=30 21 33 25 20 21 36 21 22
leaf_count=30 21 33 25 20 21 36 21 22
internal_value=0 0.000120448 -0.000198993 0.000259023 -0.000296354 -0.00089728 -0.000748383 0.000449216
internal_weight=0 187 154 93 73 61 42 52
internal_count=229 187 154 93 73 61 42 52
is_linear=0
shrinkage=0.03


Tree=255
num_leaves=8
num_cat=0
split_feature=3 3 3 3 3 3 3
split_gain=0.0286013 0.0623859 0.0226929 0.0808582 0.0228464 0.0291705 0.00445816
threshold=0.25465000000000004 0.12600000000000003 0.025900000000000003 0.010600000000000002 0.049800000000000004 0.086650000000000019 0.0023500000000000001
decision_type=2 2 2 2 2 2 2
left_child=1 2 3 6 -4 -6 -1
right_child=-2 -3 4 -5 5 -7 -8
leaf_value=0.00013570579816587269 0.00073855608818121257 -0.0014397757882252337 0.0011218705442216661 -0.0014809252799022942 -0.00061158917212326611 0.00081372356507927171 0.00069291217635119597
leaf_weight=24 36 30 27 32 28 24 28
leaf_count=24 36 30 27 32 28 24 28
internal_value=0 -0.000182534 4.88604e-05 -0.000294418 0.000413865 4.62475e-05 0.00043574
internal_weight=0 193 163 84 79 52 52
internal_count=229 193 163 84 79 52 52
is_linear=0
shrinkage=0.03


Tree=256
num_leaves=9
num_cat=0
split_feature=3 3 3 3 3 3 3 3
split_gain=0.0281749 0.0957533 0.0526209 0.109968 0.100297 0.0123758 0.00487473 0.00455128
threshold=0.22055000000000002 0.11425 0.035050000000000005 0.018850000000000002 0.010600000000000002 0.05390000000000001 0.31860000000000005 0.0039500000000000013
decision_type=2 2 2 2 2 2 2 2
left_child=1 2 3 4 7 -4 -2 -1
right_child=6 -3 5 -5 -6 -7 -8 -9
leaf_value=0.00066301378491334618 -0.00041555217334202359 0.0015875958029011434 -0.0013906457372009754 0.0022268527597188946 -0.0020338238349982669 -0.00052178202662616973 -0.0010619530123325864 9.4922971911728382e-05
leaf_weight=30 21 33 25 20 21 36 21 22
leaf_count=30 21 33 25 20 21 36 21 22
internal_value=0 0.000121101 -0.000193148 0.000255973 -0.000283994 -0.000877874 -0.000738753 0.000422668
internal_weight=0 187 154 93 73 61 42 52
internal_count=229 187 154 93 73 61 42 52
is_linear=0
shrinkage=0.03


Tree=257
num_leaves=8
num_cat=0
split_feature=3 3 3 3 3 3 3
split_gain=0.0288655 0.0723988 0.0227789 0.113924 0.079004 0.00981718 0.00971391
threshold=0.23725000000000004 0.12600000000000003 0.039500000000000007 0.018400000000000003 0.008550000000000002 0.0023500000000000001 0.082900000000000015
decision_type=2 2 2 2 2 2 2
left_child=1 2 3 4 5 -1 -4
right_child=-2 -3 6 -5 -6 -7 -8
leaf_value=0.00011174415121786296 0.00070792158223831878 -0.0016269734470794597 0.00080704827868455155 -0.0018160144586501451 0.0018154328723903746 -0.00076561351719481698 5.8662485745218071e-05
leaf_weight=24 39 27 37 29 24 22 27
leaf_count=24 39 27 37 29 24 22 27
internal_value=0 -0.000188101 5.02393e-05 -0.000234906 0.000420125 -0.000307862 0.000491323
internal_weight=0 190 163 99 70 46 64
internal_count=229 190 163 99 70 46 64
is_linear=0
shrinkage=0.03


Tree=258
num_leaves=9
num_cat=0
split_feature=3 3 3 3 3 3 3 3
split_gain=0.0278735 0.0939431 0.0518719 0.0729243 0.0651564 0.0047342 0.0045612 0.000798155
threshold=0.22055000000000002 0.11425 0.042250000000000003 0.022050000000000004 0.010600000000000002 0.31860000000000005 0.0023500000000000001 0.063600000000000004
decision_type=2 2 2 2 2 2 2 2
left_child=1 2 3 4 6 -2 -1 -4
right_child=5 -3 7 -5 -6 -7 -8 -9
leaf_value=0.00010839220834895968 -0.00041431671008467674 0.0015749855331060561 -0.0010972221839157016 0.001733923242850737 -0.0013831250515899487 -0.0010513322544284166 0.00067200081622494111 -0.00085932216048240659
leaf_weight=24 21 33 22 22 28 21 28 30
leaf_count=24 21 33 22 22 28 21 28 30
internal_value=0 0.000122418 -0.000188846 0.000204277 -0.000216376 -0.000732824 0.000411874 -0.000959972
internal_weight=0 187 154 102 80 42 52 52
internal_count=229 187 154 102 80 42 52 52
is_linear=0
shrinkage=0.03


Tree=259
num_leaves=8
num_cat=0
split_feature=3 3 3 3 3 3 3
split_gain=0.0288176 0.0717997 0.0226078 0.109303 0.0770604 0.00970942 0.00960888
threshold=0.23725000000000004 0.12600000000000003 0.039500000000000007 0.018400000000000003 0.008550000000000002 0.082900000000000015 0.0020500000000000006
decision_type=2 2 2 2 2 2 2
left_child=1 2 3 4 6 -4 -1
right_child=-2 -3 5 -5 -6 -7 -8
leaf_value=0.00016312088285173689 0.00070940382975655106 -0.0016187827878942091 0.00080655220593955066 -0.0017813064042350342 0.0017870503826998175 5.8339407874478229e-05 -0.00070735535379499201
leaf_weight=21 39 27 37 29 24 27 25
leaf_count=21 39 27 37 29 24 27 25
internal_value=0 -0.000185877 5.14759e-05 -0.000232596 0.000409012 0.0004909 -0.000309964
internal_weight=0 190 163 99 70 64 46
internal_count=229 190 163 99 70 64 46
is_linear=0
shrinkage=0.03


Tree=260
num_leaves=9
num_cat=0
split_feature=3 3 3 3 3 3 3 3
split_gain=0.0275824 0.0921894 0.0507693 0.0720594 0.0625385 0.00459943 0.00453006 0.0008412
threshold=0.22055000000000002 0.11425 0.042250000000000003 0.022050000000000004 0.010600000000000002 0.31860000000000005 0.0039500000000000013 0.063600000000000004
decision_type=2 2 2 2 2 2 2 2
left_child=1 2 3 4 6 -2 -1 -4
right_child=5 -3 7 -5 -6 -7 -8 -9
leaf_value=0.00064134251326322558 -0.00041319128924182481 0.0015625776274299078 -0.001088502048091455 0.0017247579873285509 -0.0013570103940687009 -0.0010410741051392895 7.457792060449719e-05 -0.00084427122678607707
leaf_weight=30 21 33 22 22 28 21 22 30
leaf_count=30 21 33 22 22 28 21 22 30
internal_value=0 0.000123632 -0.000184713 0.00020421 -0.000213941 -0.000727133 0.000401557 -0.0009476
internal_weight=0 187 154 102 80 42 52 52
internal_count=229 187 154 102 80 42 52 52
is_linear=0
shrinkage=0.03


Tree=261
num_leaves=8
num_cat=0
split_feature=3 3 3 3 3 3 3
split_gain=0.028762 0.0711847 0.0224281 0.104924 0.0756259 0.00970241 0.00884385
threshold=0.23725000000000004 0.12600000000000003 0.039500000000000007 0.018400000000000003 0.008550000000000002 0.082900000000000015 0.0023500000000000001
decision_type=2 2 2 2 2 2 2
left_child=1 2 3 4 6 -4 -1
right_child=-2 -3 5 -5 -6 -7 -8
leaf_value=8.4270525258034473e-05 0.0007106600737629028 -0.0016105107745776573 0.00080579131338241934 -0.0017477295483494628 0.0017634121910668908 5.7848778863747917e-05 -0.00074845905828459019
leaf_weight=24 39 27 37 29 24 27 22
leaf_count=24 39 27 37 29 24 27 22
internal_value=0 -0.000183755 5.25787e-05 -0.000230362 0.000398261 0.000490253 -0.000313991
internal_weight=0 190 163 99 70 64 46
internal_count=229 190 163 99 70 64 46
is_linear=0
shrinkage=0.03


Tree=262
num_leaves=9
num_cat=0
split_feature=3 3 3 3 3 3 3 3
split_gain=0.027301 0.0904893 0.0499502 0.116078 0.0955311 0.012393 0.00475915 0.00447013
threshold=0.22055000000000002 0.11425 0.035050000000000005 0.018850000000000002 0.010600000000000002 0.05390000000000001 0.0023500000000000001 0.31860000000000005
decision_type=2 2 2 2 2 2 2 2
left_child=1 2 3 4 6 -4 -1 -2
right_child=7 -3 5 -5 -6 -7 -8 -9
leaf_value=8.1742425682023164e-05 -0.00041216748367462836 0.0015503653397106311 -0.0013609921775758265 0.0022817257493734358 -0.0020056777926427977 -0.00049152373724306619 0.00065745149273425333 -0.0010311619544933948
leaf_weight=24 21 33 25 20 21 36 28 21
leaf_count=24 21 33 25 20 21 36 28 21
internal_value=0 0.000124749 -0.00018074 0.000256836 -0.000297928 -0.000847863 0.00039174 -0.000721665
internal_weight=0 187 154 93 73 61 52 42
internal_count=229 187 154 93 73 61 52 42
is_linear=0
shrinkage=0.03


Tree=263
num_leaves=8
num_cat=0
split_feature=3 3 3 3 3 3 3
split_gain=0.028699 0.0705553 0.022243 0.102484 0.0747972 0.00999977 0.00868083
threshold=0.23725000000000004 0.12600000000000003 0.039500000000000007 0.018400000000000003 0.008550000000000002 0.082900000000000015 0.0023500000000000001
decision_type=2 2 2 2 2 2 2
left_child=1 2 3 4 6 -4 -1
right_child=-2 -3 5 -5 -6 -7 -8
leaf_value=7.9289980931207538e-05 0.00071170441036184245 -0.0016021645617567831 0.00080975790029844715 -0.0017278338275079068 0.001750706824241206 5.0440128478738992e-05 -0.00074572869745845143
leaf_weight=24 39 27 37 29 24 27 22
leaf_count=24 39 27 37 29 24 27 22
internal_value=0 -0.000181731 5.35561e-05 -0.000228215 0.000393056 0.000489421 -0.000315284
internal_weight=0 190 163 99 70 64 46
internal_count=229 190 163 99 70 64 46
is_linear=0
shrinkage=0.03


Tree=264
num_leaves=9
num_cat=0
split_feature=3 3 3 3 3 3 3 3
split_gain=0.0270287 0.0888474 0.049368 0.0726849 0.0929976 0.00461853 0.00434602 0.000846952
threshold=0.22055000000000002 0.11425 0.042250000000000003 0.018850000000000002 0.010600000000000002 0.0023500000000000001 0.31860000000000005 0.063600000000000004
decision_type=2 2 2 2 2 2 2 2
left_child=1 2 3 4 5 -1 -2 -4
right_child=6 -3 7 -5 -6 -7 -8 -9
leaf_value=7.6911512296646832e-05 -0.00041123686890516959 0.0015383979343724522 -0.0010705976679243824 0.0014771790751095474 -0.0019831205319081032 0.00064405121640967466 -0.0010215780611283012 -0.00082553319446742528
leaf_weight=24 21 33 22 29 21 28 21 30
leaf_count=24 21 33 22 29 21 28 21 30
internal_value=0 0.000125775 -0.00017693 0.000206588 -0.000298167 0.000382294 -0.000716407 -0.000929214
internal_weight=0 187 154 102 73 52 42 52
internal_count=229 187 154 102 73 52 42 52
is_linear=0
shrinkage=0.03


Tree=265
num_leaves=8
num_cat=0
split_feature=3 3 3 3 3 3 3
split_gain=0.0286291 0.0699131 0.0220942 0.100247 0.0739491 0.00999002 0.00852445
threshold=0.23725000000000004 0.12600000000000003 0.039500000000000007 0.018400000000000003 0.008550000000000002 0.082900000000000015 0.0020500000000000006
decision_type=2 2 2 2 2 2 2
left_child=1 2 3 4 6 -4 -1
right_child=-2 -3 5 -5 -6 -7 -8
leaf_value=0.00012932049376623972 0.00071254984798053132 -0.0015937528366016017 0.00080900119038651119 -0.0017095753023850507 0.0017379751603584736 5.0053695837656656e-05 -0.00069056615559384227
leaf_weight=21 39 27 37 29 24 27 25
leaf_count=21 39 27 37 29 24 27 25
internal_value=0 -0.000179798 5.44159e-05 -0.000226411 0.000388043 0.00048882 -0.00031627
internal_weight=0 190 163 99 70 64 46
internal_count=229 190 163 99 70 64 46
is_linear=0
shrinkage=0.03


Tree=266
num_leaves=8
num_cat=0
split_feature=3 3 3 3 3 3 3
split_gain=0.0269665 0.0565858 0.0219855 0.0657271 0.0231365 0.025492 0.00476102
threshold=0.25465000000000004 0.12600000000000003 0.025900000000000003 0.010600000000000002 0.049800000000000004 0.086650000000000019 0.0039500000000000013
decision_type=2 2 2 2 2 2 2
left_child=1 2 3 6 -4 -6 -1
right_child=-2 -3 4 -5 5 -7 -8
leaf_value=0.00061902465810999275 0.00072678722363586233 -0.0013649654551409185 0.001124539780947897 -0.0013548480626195669 -0.00057285198110288815 0.00075956550892442465 3.7991188212551849e-05
leaf_weight=30 36 30 27 32 28 24 22
leaf_count=30 36 30 27 32 28 24 22
internal_value=0 -0.000167592 5.27834e-05 -0.000285102 0.000412054 4.21099e-05 0.000373203
internal_weight=0 193 163 84 79 52 52
internal_count=229 193 163 84 79 52 52
is_linear=0
shrinkage=0.03


Tree=267
num_leaves=9
num_cat=0
split_feature=3 3 3 3 3 3 3 3
split_gain=0.0278433 0.0897254 0.0488104 0.115553 0.086581 0.0124411 0.00466083 0.00448241
threshold=0.22055000000000002 0.11425 0.035050000000000005 0.018850000000000002 0.010600000000000002 0.05390000000000001 0.0023500000000000001 0.31860000000000005
decision_type=2 2 2 2 2 2 2 2
left_child=1 2 3 4 6 -4 -1 -2
right_child=7 -3 5 -5 -6 -7 -8 -9
leaf_value=5.522819235920906e-05 -0.00041426665282675201 0.0015501757313243368 -0.0013471968367695809 0.0022792544178664685 -0.0019203458034566469 -0.00047604517700771488 0.00062495945171186964 -0.0010341108656887498
leaf_weight=24 21 33 25 20 21 36 28 21
leaf_count=24 21 33 25 20 21 36 28 21
internal_value=0 0.00013059 -0.000173606 0.000258948 -0.000294561 -0.000833075 0.000362007 -0.000724189
internal_weight=0 187 154 93 73 61 52 42
internal_count=229 187 154 93 73 61 52 42
is_linear=0
shrinkage=0.03


Tree=268
num_leaves=8
num_cat=0
split_feature=3 3 3 3 3 3 3
split_gain=0.0272282 0.0657629 0.0213837 0.0952736 0.0569944 0.0520724 0.00612519
threshold=0.23725000000000004 0.12600000000000003 0.011450000000000002 0.004850000000000001 0.035050000000000005 0.05390000000000001 0.086650000000000019
decision_type=2 2 2 2 2 2 2
left_child=1 2 3 -1 -4 -6 -7
right_child=-2 -3 4 -5 5 6 -8
leaf_value=0.00059153422607447609 0.00069663779183219254 -0.0015449482838933667 0.0012341308711390747 -0.0019571767098651351 -0.0013067809984087942 2.6693176478147505e-05 0.00072826491668820381
leaf_weight=33 39 27 38 22 25 21 24
leaf_count=33 39 27 38 22 25 21 24
internal_value=0 -0.000173603 5.35528e-05 -0.00042795 0.000298763 -0.000209009 0.000400865
internal_weight=0 190 163 55 108 70 45
internal_count=229 190 163 55 108 70 45
is_linear=0
shrinkage=0.03


Tree=269
num_leaves=9
num_cat=0
split_feature=3 3 3 3 3 3 3 3
split_gain=0.0275186 0.0872915 0.0457639 0.0681774 0.0531908 0.00524747 0.00435336 0.000528549
threshold=0.22055000000000002 0.11425 0.042250000000000003 0.022050000000000004 0.010600000000000002 0.0023500000000000001 0.31860000000000005 0.063600000000000004
decision_type=2 2 2 2 2 2 2 2
left_child=1 2 3 4 5 -1 -2 -4
right_child=6 -3 7 -5 -6 -7 -8 -9
leaf_value=3.5825660452246661e-05 -0.00041313082778028079 0.0015314199546860021 -0.0010048144598576157 0.0016794544001194564 -0.0012604864686727524 0.00064034924285286772 -0.0010239865923566478 -0.0008112197890877723
leaf_weight=24 21 33 22 22 28 28 21 30
leaf_count=24 21 33 22 22 28 28 21 30
internal_value=0 0.000131221 -0.000168822 0.000200431 -0.0002063 0.000361338 -0.000718559 -0.000893125
internal_weight=0 187 154 102 80 52 42 52
internal_count=229 187 154 102 80 52 42 52
is_linear=0
shrinkage=0.03


Tree=270
num_leaves=8
num_cat=0
split_feature=3 3 3 3 3 3 3
split_gain=0.0272177 0.06525 0.0228975 0.102328 0.0781656 0.0124999 0.00762399
threshold=0.23725000000000004 0.12600000000000003 0.039500000000000007 0.018400000000000003 0.008550000000000002 0.082900000000000015 0.0020500000000000006
decision_type=2 2 2 2 2 2 2
left_child=1 2 3 4 6 -4 -1
right_child=-2 -3 5 -5 -6 -7 -8
leaf_value=8.6392696414675028e-05 0.00069800017329935842 -0.0015380607954122952 0.00085457683817760362 -0.0017301744672244992 0.001776992298546247 5.626521176762051e-06 -0.00068898203037679189
leaf_weight=21 39 27 37 29 24 27 25
leaf_count=21 39 27 37 29 24 27 25
internal_value=0 -0.000172073 5.41945e-05 -0.000231692 0.000389107 0.000496426 -0.000335007
internal_weight=0 190 163 99 70 64 46
internal_count=229 190 163 99 70 64 46
is_linear=0
shrinkage=0.03


Tree=271
num_leaves=9
num_cat=0
split_feature=3 3 3 3 3 3 3 3
split_gain=0.027206 0.0856782 0.0449313 0.0689159 0.0833815 0.00501344 0.00422964 0.000581539
threshold=0.22055000000000002 0.11425 0.042250000000000003 0.018850000000000002 0.010600000000000002 0.0023500000000000001 0.31860000000000005 0.063600000000000004
decision_type=2 2 2 2 2 2 2 2
left_child=1 2 3 4 5 -1 -2 -4
right_child=6 -3 7 -5 -6 -7 -8 -9
leaf_value=3.5066382260993122e-05 -0.00041209388790386061 0.0015189890161325986 -0.0010003069441088222 0.0014376201300785457 -0.0018865466543606347 0.00062595555583746837 -0.0010142071714757809 -0.00079723950289189809
leaf_weight=24 21 33 22 29 21 28 21 30
leaf_count=24 21 33 22 29 21 28 21 30
internal_value=0 0.000131789 -0.000165468 0.00020041 -0.000291084 0.000353237 -0.000713151 -0.000883153
internal_weight=0 187 154 102 73 52 42 52
internal_count=229 187 154 102 73 52 42 52
is_linear=0
shrinkage=0.03


Tree=272
num_leaves=8
num_cat=0
split_feature=3 3 3 3 3 3 3
split_gain=0.0271979 0.0647215 0.0226555 0.100016 0.0769801 0.0123789 0.00757149
threshold=0.23725000000000004 0.12600000000000003 0.039500000000000007 0.018400000000000003 0.008550000000000002 0.082900000000000015 0.0023500000000000001
decision_type=2 2 2 2 2 2 2
left_child=1 2 3 4 6 -4 -1
right_child=-2 -3 5 -5 -6 -7 -8
leaf_value=3.4014597767964004e-05 0.00069914943610246353 -0.0015310515892795391 0.00085104284203938525 -0.001711081331916924 0.0017614351489464752 6.2124803662300113e-06 -0.00073648784209085112
leaf_weight=24 39 27 37 29 24 27 22
leaf_count=24 39 27 37 29 24 27 22
internal_value=0 -0.000170607 5.47425e-05 -0.000229629 0.000384115 0.00049463 -0.000334487
internal_weight=0 190 163 99 70 64 46
internal_count=229 190 163 99 70 64 46
is_linear=0
shrinkage=0.03


Tree=273
num_leaves=9
num_cat=0
split_feature=3 3 3 3 3 3 3 3
split_gain=0.0269048 0.0841135 0.0441211 0.0689526 0.0814236 0.00483401 0.00411098 0.000634917
threshold=0.22055000000000002 0.11425 0.042250000000000003 0.018850000000000002 0.010600000000000002 0.0023500000000000001 0.31860000000000005 0.063600000000000004
decision_type=2 2 2 2 2 2 2 2
left_child=1 2 3 4 5 -1 -2 -4
right_child=6 -3 7 -5 -6 -7 -8 -9
leaf_value=3.2994078937917946e-05 -0.00041114761893238337 0.0015067732410336081 -0.00099582919173619978 0.001437872477389615 -0.001867911208953176 0.0006132133346857569 -0.0010047552920877932 -0.00078364671207964409
leaf_weight=24 21 33 22 29 21 28 21 30
leaf_count=24 21 33 22 29 21 28 21 30
internal_value=0 0.000132299 -0.000162231 0.000200333 -0.000291292 0.00034542 -0.000707951 -0.000873416
internal_weight=0 187 154 102 73 52 42 52
internal_count=229 187 154 102 73 52 42 52
is_linear=0
shrinkage=0.03


Tree=274
num_leaves=8
num_cat=0
split_feature=3 3 3 3 3 3 3
split_gain=0.0271693 0.0641789 0.0224102 0.0978066 0.0757995 0.0122602 0.00745972
threshold=0.23725000000000004 0.12600000000000003 0.039500000000000007 0.018400000000000003 0.008550000000000002 0.082900000000000015 0.0023500000000000001
decision_type=2 2 2 2 2 2 2
left_child=1 2 3 4 6 -4 -1
right_child=-2 -3 5 -5 -6 -7 -8
leaf_value=3.2004563836380838e-05 0.00070009852795360186 -0.0015239301556721329 0.00084740210425209342 -0.0016926258686801483 0.0017460212395144479 6.6314554876751369e-06 -0.00073278967656237488
leaf_weight=24 39 27 37 29 24 27 22
leaf_count=24 39 27 37 29 24 27 22
internal_value=0 -0.0001692 5.52026e-05 -0.000227625 0.000379304 0.000492702 -0.000333767
internal_weight=0 190 163 99 70 64 46
internal_count=229 190 163 99 70 64 46
is_linear=0
shrinkage=0.03


Tree=275
num_leaves=9
num_cat=0
split_feature=3 3 3 3 3 3 3 3
split_gain=0.0266145 0.082595 0.0434813 0.110198 0.079526 0.0117136 0.0046623 0.00399715
threshold=0.22055000000000002 0.11425 0.035050000000000005 0.018850000000000002 0.010600000000000002 0.05390000000000001 0.0023500000000000001 0.31860000000000005
decision_type=2 2 2 2 2 2 2 2
left_child=1 2 3 4 6 -4 -1 -2
right_child=7 -3 5 -5 -6 -7 -8 -9
leaf_value=3.1044336501508945e-05 -0.00041028446650930814 0.0014947651961649006 -0.0012803977768868207 0.0022220902740955352 -0.0018495173326560426 -0.00043509929285695157 0.00060086554419415601 -0.00099561574669288747
leaf_weight=24 21 33 25 20 21 36 28 21
leaf_count=24 21 33 25 20 21 36 28 21
internal_value=0 0.000132754 -0.000159106 0.000249153 -0.000291378 -0.000781533 0.000337871 -0.00070295
internal_weight=0 187 154 93 73 61 52 42
internal_count=229 187 154 93 73 61 52 42
is_linear=0
shrinkage=0.03


Tree=276
num_leaves=8
num_cat=0
split_feature=3 3 3 3 3 3 3
split_gain=0.0271325 0.0636235 0.0230468 0.0937491 0.0556644 0.047668 0.00510664
threshold=0.23725000000000004 0.12600000000000003 0.011450000000000002 0.004850000000000001 0.035050000000000005 0.05390000000000001 0.086650000000000019
decision_type=2 2 2 2 2 2 2
left_child=1 2 3 -1 -4 -6 -7
right_child=-2 -3 4 -5 5 6 -8
leaf_value=0.00056699812253513794 0.00070085942816848934 -0.0015167050280918677 0.0012345371669844577 -0.0019612386499912563 -0.001241985546424985 5.0198890800986966e-05 0.00069078858010470864
leaf_weight=33 39 27 38 22 25 21 24
leaf_count=33 39 27 38 22 25 21 24
internal_value=0 -0.00016785 5.55801e-05 -0.000444297 0.000310147 -0.000191665 0.000391847
internal_weight=0 190 163 55 108 70 45
internal_count=229 190 163 55 108 70 45
is_linear=0
shrinkage=0.03


Tree=277
num_leaves=9
num_cat=0
split_feature=3 3 3 3 3 3 3 3
split_gain=0.0263343 0.0804494 0.0407272 0.064771 0.0483913 0.00524176 0.00388787 0.000539975
threshold=0.22055000000000002 0.11425 0.042250000000000003 0.022050000000000004 0.010600000000000002 0.0023500000000000001 0.31860000000000005 0.072800000000000017
decision_type=2 2 2 2 2 2 2 2
left_child=1 2 3 4 5 -1 -2 -4
right_child=6 -3 7 -5 -6 -7 -8 -9
leaf_value=1.3102818047627806e-05 -0.00040949799918702667 0.0014773620093579995 -0.00074866848897987175 0.0016350559035146778 -0.0012084869135703359 0.00061729727892920248 -0.00098677297122776522 -0.00094258956378325822
leaf_weight=24 21 33 28 22 28 28 21 24
leaf_count=24 21 33 28 22 28 28 21 24
internal_value=0 0.000133158 -0.000154886 0.000193455 -0.000202986 0.000338438 -0.000698135 -0.000838171
internal_weight=0 187 154 102 80 52 42 52
internal_count=229 187 154 102 80 52 42 52
is_linear=0
shrinkage=0.03


Tree=278
num_leaves=8
num_cat=0
split_feature=3 3 3 3 3 3 3
split_gain=0.0271106 0.0541395 0.0236248 0.0999409 0.0765255 0.013998 0.0068384
threshold=0.25465000000000004 0.12600000000000003 0.039500000000000007 0.018400000000000003 0.008550000000000002 0.082900000000000015 0.0023500000000000001
decision_type=2 2 2 2 2 2 2
left_child=1 2 3 4 6 -4 -1
right_child=-2 -3 5 -5 -6 -7 -8
leaf_value=1.2709812726825476e-05 0.00073706189325700201 -0.0013309091618284583 0.00088406116726833417 -0.0017154344935612431 0.0017522255329822656 -1.4323339694076114e-05 -0.00071954186524222181
leaf_weight=24 36 30 37 29 24 27 22
leaf_count=24 36 30 37 29 24 27 22
internal_value=0 -0.000159704 5.58556e-05 -0.000234536 0.000378979 0.000505055 -0.000337498
internal_weight=0 193 163 99 70 64 46
internal_count=229 193 163 99 70 64 46
is_linear=0
shrinkage=0.03


Tree=279
num_leaves=9
num_cat=0
split_feature=3 3 3 3 3 3 3 3
split_gain=0.0258282 0.0786835 0.0401209 0.0660089 0.0768305 0.00503479 0.00389336 0.000485437
threshold=0.22055000000000002 0.11425 0.042250000000000003 0.018850000000000002 0.010600000000000002 0.0023500000000000001 0.31860000000000005 0.063600000000000004
decision_type=2 2 2 2 2 2 2 2
left_child=1 2 3 4 5 -1 -2 -4
right_child=6 -3 7 -5 -6 -7 -8 -9
leaf_value=1.232840004377067e-05 -0.00040159931938563072 0.0014621963411230933 -0.00093725535510615857 0.0014045352707135266 -0.0018188222231609479 0.00060447454859968274 -0.00097928155479686603 -0.00075172396935522558
leaf_weight=24 21 33 22 29 21 28 21 30
leaf_count=24 21 33 22 29 21 28 21 30
internal_value=0 0.000132827 -0.000152038 0.0001937 -0.000287316 0.000331176 -0.00069044 -0.000830218
internal_weight=0 187 154 102 73 52 42 52
internal_count=229 187 154 102 73 52 42 52
is_linear=0
shrinkage=0.03


Tree=280
num_leaves=8
num_cat=0
split_feature=3 3 3 3 3 3 3
split_gain=0.027309 0.0628766 0.0232821 0.0976589 0.0752538 0.0137886 0.00676433
threshold=0.23725000000000004 0.12600000000000003 0.039500000000000007 0.018400000000000003 0.008550000000000002 0.082900000000000015 0.0020500000000000006
decision_type=2 2 2 2 2 2 2
left_child=1 2 3 4 6 -4 -1
right_child=-2 -3 5 -5 -6 -7 -8
leaf_value=6.0692578554153439e-05 0.00070548391936776727 -0.0015069611510261892 0.00087815565359149422 -0.001696103949998987 0.0017360488843405617 -1.3481010165479447e-05 -0.00066966070791240782
leaf_weight=21 39 27 37 29 24 27 25
leaf_count=21 39 27 37 29 24 27 25
internal_value=0 -0.000166047 5.60672e-05 -0.00023221 0.00037426 0.000501996 -0.000336239
internal_weight=0 190 163 99 70 64 46
internal_count=229 190 163 99 70 64 46
is_linear=0
shrinkage=0.03


Tree=281
num_leaves=8
num_cat=0
split_feature=3 3 3 3 3 3 3
split_gain=0.0256951 0.0591606 0.0230223 0.0910114 0.0551444 0.0458551 0.00473753
threshold=0.23725000000000004 0.12600000000000003 0.011450000000000002 0.004850000000000001 0.035050000000000005 0.05390000000000001 0.086650000000000019
decision_type=2 2 2 2 2 2 2
left_child=1 2 3 -1 -4 -6 -7
right_child=-2 -3 4 -5 5 6 -8
leaf_value=0.00055119346224025568 0.00068431938640200172 -0.0014617523623423443 0.0012288793470514449 -0.0019398557454008947 -0.0012207994848489761 5.2593321140323362e-05 0.00066959741525352001
leaf_weight=33 39 27 38 22 25 21 24
leaf_count=33 39 27 38 22 25 21 24
internal_value=0 -0.000161066 5.43852e-05 -0.000445226 0.000308817 -0.000190646 0.000381662
internal_weight=0 190 163 55 108 70 45
internal_count=229 190 163 55 108 70 45
is_linear=0
shrinkage=0.03


Tree=282
num_leaves=9
num_cat=0
split_feature=3 3 3 3 3 3 3 3
split_gain=0.0268546 0.0799888 0.0388935 0.0649041 0.0775356 0.00567737 0.00391156 0.000494627
threshold=0.22055000000000002 0.11425 0.042250000000000003 0.018850000000000002 0.010600000000000002 0.0023500000000000001 0.31860000000000005 0.072800000000000017
decision_type=2 2 2 2 2 2 2 2
left_child=1 2 3 4 5 -1 -2 -4
right_child=6 -3 7 -5 -6 -7 -8 -9
leaf_value=-3.6590022500604391e-06 -0.00041256620149527279 0.0014777342522178183 -0.00073189831937530206 0.0013912343021867605 -0.0018249161913990973 0.00062513990903555953 -0.0009915972667347108 -0.00091749791987240316
leaf_weight=24 21 33 28 29 21 28 21 24
leaf_count=24 21 33 28 29 21 28 21 24
internal_value=0 0.000137384 -0.000149834 0.000190575 -0.000286399 0.000334925 -0.000702082 -0.00081756
internal_weight=0 187 154 102 73 52 42 52
internal_count=229 187 154 102 73 52 42 52
is_linear=0
shrinkage=0.03


Tree=283
num_leaves=8
num_cat=0
split_feature=3 3 3 3 3 3 3
split_gain=0.025709 0.0587202 0.0233881 0.0977075 0.0736151 0.0145232 0.00597089
threshold=0.23725000000000004 0.12600000000000003 0.039500000000000007 0.018400000000000003 0.008550000000000002 0.082900000000000015 0.0020500000000000006
decision_type=2 2 2 2 2 2 2
left_child=1 2 3 4 6 -4 -1
right_child=-2 -3 5 -5 -6 -7 -8
leaf_value=4.2445978948048179e-05 0.00068552039635296044 -0.001455930802039802 0.00088754582269167574 -0.0016986381827757274 0.0017191214131889864 -2.7535421152909598e-05 -0.00064373699196148659
leaf_weight=21 39 27 37 29 24 27 25
leaf_count=21 39 27 37 29 24 27 25
internal_value=0 -0.000160095 5.45527e-05 -0.00023438 0.000372241 0.000501496 -0.00033048
internal_weight=0 190 163 99 70 64 46
internal_count=229 190 163 99 70 64 46
is_linear=0
shrinkage=0.03


Tree=284
num_leaves=9
num_cat=0
split_feature=3 3 3 3 3 3 3 3
split_gain=0.0265339 0.0785158 0.0383492 0.0649984 0.0757475 0.00539139 0.00380165 0.000456428
threshold=0.22055000000000002 0.11425 0.042250000000000003 0.018850000000000002 0.010600000000000002 0.0023500000000000001 0.31860000000000005 0.063600000000000004
decision_type=2 2 2 2 2 2 2 2
left_child=1 2 3 4 5 -1 -2 -4
right_child=6 -3 7 -5 -6 -7 -8 -9
leaf_value=-2.249613171443343e-06 -0.00041157703580600876 0.0014653932889500125 -0.00091394635425372554 0.0013924303284749901 -0.0018070947432092259 0.00061050805866086323 -0.00098241495899856093 -0.0007340439632534981
leaf_weight=24 21 33 22 29 21 28 21 30
leaf_count=24 21 33 22 29 21 28 21 30
internal_value=0 0.000137442 -0.00014712 0.000190899 -0.000286421 0.000327697 -0.000696996 -0.000810157
internal_weight=0 187 154 102 73 52 42 52
internal_count=229 187 154 102 73 52 42 52
is_linear=0
shrinkage=0.03


Tree=285
num_leaves=8
num_cat=0
split_feature=3 3 3 3 3 3 3
split_gain=0.0257129 0.0582649 0.0230187 0.095489 0.0724216 0.0142886 0.00596602
threshold=0.23725000000000004 0.12600000000000003 0.039500000000000007 0.018400000000000003 0.008550000000000002 0.082900000000000015 0.0023500000000000001
decision_type=2 2 2 2 2 2 2
left_child=1 2 3 4 6 -4 -1
right_child=-2 -3 5 -5 -6 -7 -8
leaf_value=-2.1819444373250006e-06 0.00068652322766585988 -0.0014499580994662311 0.00088097715775507519 -0.0016795225223076753 0.0017036285169888287 -2.6682457990116541e-05 -0.00068613385310692875
leaf_weight=24 39 27 37 29 24 27 22
leaf_count=24 39 27 37 29 24 27 22
internal_value=0 -0.000159155 5.46586e-05 -0.000231984 0.000367711 0.000498058 -0.000329289
internal_weight=0 190 163 99 70 64 46
internal_count=229 190 163 99 70 64 46
is_linear=0
shrinkage=0.03


Tree=286
num_leaves=9
num_cat=0
split_feature=3 3 3 3 3 3 3 3
split_gain=0.0262256 0.077087 0.0378109 0.0650434 0.0740123 0.00516114 0.00369625 0.000513632
threshold=0.22055000000000002 0.11425 0.042250000000000003 0.018850000000000002 0.010600000000000002 0.0023500000000000001 0.31860000000000005 0.063600000000000004
decision_type=2 2 2 2 2 2 2 2
left_child=1 2 3 4 5 -1 -2 -4
right_child=6 -3 7 -5 -6 -7 -8 -9
leaf_value=-2.1164456848055125e-06 -0.00041066915329013553 0.001453285143414343 -0.00091295731380920523 0.0013930966782158818 -0.0017894915544560976 0.00059741388407668901 -0.00097353823150375044 -0.00072211395949125286
leaf_weight=24 21 33 22 29 21 28 21 30
leaf_count=24 21 33 22 29 21 28 21 30
internal_value=0 0.000137472 -0.000144488 0.00019115 -0.000286336 0.000320708 -0.000692104 -0.000802855
internal_weight=0 187 154 102 73 52 42 52
internal_count=229 187 154 102 73 52 42 52
is_linear=0
shrinkage=0.03


Tree=287
num_leaves=8
num_cat=0
split_feature=3 3 3 3 3 3 3
split_gain=0.0257072 0.0577961 0.0236003 0.0885487 0.0555315 0.0717581 0.0140623
threshold=0.23725000000000004 0.12600000000000003 0.011450000000000002 0.004850000000000001 0.019650000000000004 0.039500000000000007 0.082900000000000015
decision_type=2 2 2 2 2 2 2
left_child=1 2 3 -1 -4 -6 -7
right_child=-2 -3 4 -5 5 6 -8
leaf_value=0.0005317086385383101 0.00068734018955952838 -0.0014438448297894664 0.0016969283031565802 -0.0019254057202488183 -0.0014591250592923682 0.00087447044792006141 -2.5972537696361541e-05
leaf_weight=33 39 27 21 22 23 37 27
leaf_count=33 39 27 21 22 23 37 27
internal_value=0 -0.000158245 5.47069e-05 -0.000451137 0.000312313 -2.19049e-05 0.000494596
internal_weight=0 190 163 55 108 87 64
internal_count=229 190 163 55 108 87 64
is_linear=0
shrinkage=0.03


Tree=288
num_leaves=9
num_cat=0
split_feature=3 3 3 3 3 3 3 3
split_gain=0.0259289 0.0757003 0.0376186 0.101166 0.0728288 0.0113861 0.00572742 0.00359514
threshold=0.22055000000000002 0.11425 0.035050000000000005 0.018850000000000002 0.010600000000000002 0.052500000000000012 0.0023500000000000001 0.31860000000000005
decision_type=2 2 2 2 2 2 2 2
left_child=1 2 3 4 6 -4 -1 -2
right_child=7 -3 5 -5 -6 -7 -8 -9
leaf_value=-1.8004442099481822e-05 -0.00040983557435018671 0.0014414012300866571 -0.0012865550283874783 0.0021281542405486107 -0.0017711904698184558 -0.00042390527855604886 0.00061356013564103971 -0.00096495234873145825
leaf_weight=24 21 33 21 20 21 40 28 21
leaf_count=24 21 33 21 20 21 40 28 21
internal_value=0 0.000137476 -0.000141936 0.000237803 -0.000280102 -0.000720883 0.000322069 -0.000687394
internal_weight=0 187 154 93 73 61 52 42
internal_count=229 187 154 93 73 61 52 42
is_linear=0
shrinkage=0.03


Tree=289
num_leaves=8
num_cat=0
split_feature=3 3 3 3 3 3 3
split_gain=0.0257133 0.0491528 0.0229237 0.083597 0.0546719 0.0709832 0.0141289
threshold=0.25465000000000004 0.12600000000000003 0.011450000000000002 0.004850000000000001 0.019650000000000004 0.039500000000000007 0.082900000000000015
decision_type=2 2 2 2 2 2 2
left_child=1 2 3 -1 -4 -6 -7
right_child=-2 -3 4 -5 5 6 -8
leaf_value=0.00051112998594445263 0.00072265869705006474 -0.0012666540401987732 0.0016824445447751453 -0.0018762945176356218 -0.0014524720341938992 0.00087144522952872349 -3.1129258374373118e-05
leaf_weight=33 36 30 21 22 23 37 27
leaf_count=33 36 30 21 22 23 37 27
internal_value=0 -0.000150691 5.47011e-05 -0.00044384 0.000308588 -2.3033e-05 0.000490672
internal_weight=0 193 163 55 108 87 64
internal_count=229 193 163 55 108 87 64
is_linear=0
shrinkage=0.03


Tree=290
num_leaves=9
num_cat=0
split_feature=3 3 3 3 3 3 3 3
split_gain=0.0254193 0.0740061 0.0373412 0.0633336 0.0448407 0.00627789 0.00360029 0.000583767
threshold=0.22055000000000002 0.11425 0.042250000000000003 0.022050000000000004 0.010600000000000002 0.0023500000000000001 0.31860000000000005 0.063600000000000004
decision_type=2 2 2 2 2 2 2 2
left_child=1 2 3 4 5 -1 -2 -4
right_child=6 -3 7 -5 -6 -7 -8 -9
leaf_value=-3.2798186875879761e-05 -0.0004021691078586238 0.0014260499035431578 -0.00091111282648688007 0.0016195918204770846 -0.0011658502276986837 0.00062842058263153642 -0.00095768346052084658 -0.00070765667967498294
leaf_weight=24 21 33 22 22 28 28 21 30
leaf_count=24 21 33 22 22 28 28 21 30
internal_value=0 0.000136798 -0.00013947 0.000194077 -0.00019794 0.000323243 -0.000679926 -0.000793734
internal_weight=0 187 154 102 80 52 42 52
internal_count=229 187 154 102 80 52 42 52
is_linear=0
shrinkage=0.03


Tree=291
num_leaves=8
num_cat=0
split_feature=3 3 3 3 3 3 3
split_gain=0.0259245 0.0572104 0.0223658 0.0791386 0.0536943 0.0700232 0.0138866
threshold=0.23725000000000004 0.12600000000000003 0.011450000000000002 0.004850000000000001 0.019650000000000004 0.039500000000000007 0.082900000000000015
decision_type=2 2 2 2 2 2 2
left_child=1 2 3 -1 -4 -6 -7
right_child=-2 -3 4 -5 5 6 -8
leaf_value=0.00049137028495103801 0.00069193199348564327 -0.0014362884990663993 0.0016669469113860811 -0.0018315181946805255 -0.0014429528501046741 0.00086449977916640199 -3.0302773747179238e-05
leaf_weight=33 39 27 21 22 23 37 27
leaf_count=33 39 27 21 22 23 37 27
internal_value=0 -0.000157219 5.4651e-05 -0.000437785 0.000305429 -2.32138e-05 0.000487005
internal_weight=0 190 163 55 108 87 64
internal_count=229 190 163 55 108 87 64
is_linear=0
shrinkage=0.03


Tree=292
num_leaves=9
num_cat=0
split_feature=3 3 3 3 3 3 3 3
split_gain=0.0251584 0.0727266 0.0367983 0.0623334 0.0717421 0.00680997 0.00350316 0.00064258
threshold=0.22055000000000002 0.11425 0.042250000000000003 0.018850000000000002 0.010600000000000002 0.0023500000000000001 0.31860000000000005 0.063600000000000004
decision_type=2 2 2 2 2 2 2 2
left_child=1 2 3 4 5 -1 -2 -4
right_child=6 -3 7 -5 -6 -7 -8 -9
leaf_value=-4.655520431697369e-05 -0.00040174111989992002 0.0014148535585792904 -0.00090971440627154977 0.001370679786878413 -0.0017533157765865326 0.00064211430701626728 -0.00094971085965101214 -0.0006962553886696697
leaf_weight=24 21 33 22 29 21 28 21 30
leaf_count=24 21 33 22 29 21 28 21 30
internal_value=0 0.000136795 -0.000137074 0.000194039 -0.000273394 0.000324267 -0.000675726 -0.000786565
internal_weight=0 187 154 102 73 52 42 52
internal_count=229 187 154 102 73 52 42 52
is_linear=0
shrinkage=0.03


Tree=293
num_leaves=8
num_cat=0
split_feature=3 3 3 2 3 3 3
split_gain=0.0258805 0.05669 0.0217431 0.091932 0.107183 0.0748073 0.0180471
threshold=0.23725000000000004 0.12600000000000003 0.011450000000000002 0.00030000000000000008 0.035050000000000005 0.004850000000000001 0.082900000000000015
decision_type=2 2 2 2 2 2 2
left_child=1 2 5 4 -4 -1 -6
right_child=-2 -3 3 -5 6 -7 -8
leaf_value=0.00047239107905294411 0.00069207811369918857 -0.001429590064411362 0.0021631294573026317 -0.001380813637667376 0.00049023836881162657 -0.001786036468534307 -0.00031184953206059188
leaf_weight=33 39 27 31 23 31 22 23
leaf_count=33 39 27 31 23 31 22 23
internal_value=0 -0.000156352 5.45529e-05 0.000301815 0.000757115 -0.00043098 -5.00421e-05
internal_weight=0 190 163 108 85 55 54
internal_count=229 190 163 108 85 55 54
is_linear=0
shrinkage=0.03


Tree=294
num_leaves=9
num_cat=0
split_feature=3 3 3 3 3 3 3 3
split_gain=0.0248003 0.0721573 0.0376613 0.075131 0.0642619 0.035212 0.00433703 0.00340986
threshold=0.22055000000000002 0.11425 0.018400000000000003 0.008550000000000002 0.037750000000000006 0.066950000000000023 0.0020500000000000006 0.31860000000000005
decision_type=2 2 2 2 2 2 2 2
left_child=1 2 3 6 -4 -6 -1 -2
right_child=7 -3 4 -5 5 -7 -8 -9
leaf_value=-1.5907990080969672e-05 -0.00040135830640792848 0.0014080941344780677 -0.0018053442246925373 0.0017368543337215668 0.00067939070383867916 -0.0008025049045681953 -0.00060072089200839402 -0.00094198199587741064
leaf_weight=21 21 33 26 24 31 27 25 21
leaf_count=21 21 33 26 24 31 27 25 21
internal_value=0 0.000135048 -0.000137747 0.000376177 -0.000566018 -1.04573e-05 -0.000333741 -0.00067167
internal_weight=0 187 154 70 84 58 46 42
internal_count=229 187 154 70 84 58 46 42
is_linear=0
shrinkage=0.03


Tree=295
num_leaves=8
num_cat=0
split_feature=3 3 3 3 3 3 3
split_gain=0.02593 0.0560262 0.0219187 0.0930818 0.0706907 0.0129072 0.00408071
threshold=0.23725000000000004 0.12600000000000003 0.039500000000000007 0.018400000000000003 0.008550000000000002 0.082900000000000015 0.0020500000000000006
decision_type=2 2 2 2 2 2 2
left_child=1 2 3 4 6 -4 -1
right_child=-2 -3 5 -5 -6 -7 -8
leaf_value=-1.5430769750050134e-05 0.00069208963057742665 -0.0014229137807463606 0.00084912831114756094 -0.0016563722606876799 0.00168474868289195 -1.3541484044657812e-05 -0.000582698967307806
leaf_weight=21 39 27 37 29 24 27 25
leaf_count=21 39 27 37 29 24 27 25
internal_value=0 -0.000157152 5.2514e-05 -0.000227195 0.000364892 0.000485189 -0.000323729
internal_weight=0 190 163 99 70 64 46
internal_count=229 190 163 99 70 64 46
is_linear=0
shrinkage=0.03


Tree=296
num_leaves=9
num_cat=0
split_feature=3 3 3 3 3 3 3 3
split_gain=0.0245632 0.0708999 0.0354823 0.100489 0.0755714 0.012015 0.00733293 0.00332021
threshold=0.22055000000000002 0.11425 0.035050000000000005 0.018850000000000002 0.010600000000000002 0.05390000000000001 0.0023500000000000001 0.31860000000000005
decision_type=2 2 2 2 2 2 2 2
left_child=1 2 3 4 6 -4 -1 -2
right_child=7 -3 5 -5 -6 -7 -8 -9
leaf_value=-5.4069848265498872e-05 -0.00040101584180125171 0.0013970073780298908 -0.0012028148140758275 0.0021175149902701376 -0.0018015821597405842 -0.00034671173741420108 0.00066055311247639888 -0.00093448509395654706
leaf_weight=24 21 33 25 20 21 36 28 21
leaf_count=24 21 33 25 20 21 36 28 21
internal_value=0 0.000135102 -0.000135306 0.000233493 -0.000282677 -0.000697574 0.000330727 -0.00066775
internal_weight=0 187 154 93 73 61 52 42
internal_count=229 187 154 93 73 61 52 42
is_linear=0
shrinkage=0.03


Tree=297
num_leaves=8
num_cat=0
split_feature=3 3 3 3 3 3 3
split_gain=0.0258672 0.0555091 0.0218089 0.0554902 0.0227636 0.0176309 0.00689955
threshold=0.23725000000000004 0.12600000000000003 0.025900000000000003 0.010600000000000002 0.049800000000000004 0.086650000000000019 0.0023500000000000001
decision_type=2 2 2 2 2 2 2
left_child=1 2 3 6 -4 -6 -1
right_child=-2 -3 4 -5 5 -7 -8
leaf_value=-5.2447753259912129e-05 0.00069197505676689051 -0.0014161431385825078 0.0011170055572357442 -0.0012669826741330324 -0.0004680934185827417 0.00063999723643064492 0.00064073650723522793
leaf_weight=24 39 27 27 32 28 24 28
leaf_count=24 39 27 27 32 28 24 28
internal_value=0 -0.000156237 5.24595e-05 -0.000284066 0.000410284 4.3333e-05 0.000320805
internal_weight=0 190 163 84 79 52 52
internal_count=229 190 163 84 79 52 52
is_linear=0
shrinkage=0.03


Tree=298
num_leaves=8
num_cat=0
split_feature=3 3 3 3 3 3 3
split_gain=0.0243384 0.0522285 0.0214897 0.0734625 0.0529054 0.0681859 0.0134781
threshold=0.23725000000000004 0.12600000000000003 0.011450000000000002 0.004850000000000001 0.019650000000000004 0.039500000000000007 0.082900000000000015
decision_type=2 2 2 2 2 2 2
left_child=1 2 3 -1 -4 -6 -7
right_child=-2 -3 4 -5 5 6 -8
leaf_value=0.0004634049551730806 0.00067121586045966702 -0.0013736588557043837 0.001648181942956788 -0.001774630914442241 -0.0014305057870629041 0.00084586452264842149 -3.5677262478404575e-05
leaf_weight=33 39 27 21 22 23 37 27
leaf_count=33 39 27 21 22 23 37 27
internal_value=0 -0.00015155 5.08857e-05 -0.000431809 0.000296703 -2.95165e-05 0.000473964
internal_weight=0 190 163 55 108 87 64
internal_count=229 190 163 55 108 87 64
is_linear=0
shrinkage=0.03


Tree=299
num_leaves=9
num_cat=0
split_feature=3 3 3 3 3 3 3 3
split_gain=0.0255489 0.0720312 0.0357794 0.0618398 0.0709521 0.00740134 0.00334259 0.000990898
threshold=0.22055000000000002 0.11425 0.042250000000000003 0.018850000000000002 0.010600000000000002 0.0023500000000000001 0.31860000000000005 0.063600000000000004
decision_type=2 2 2 2 2 2 2 2
left_child=1 2 3 4 5 -1 -2 -4
right_child=6 -3 7 -5 -6 -7 -8 -9
leaf_value=-6.477663642726838e-05 -0.00041208264684038505 0.0014110212783667851 -0.00092683206862685349 0.0013650012902658561 -0.0017443015160305158 0.0006531721160614064 -0.000947346407920122 -0.00066175905335694553
leaf_weight=24 21 33 22 29 21 28 21 30
leaf_count=24 21 33 22 29 21 28 21 30
internal_value=0 0.000139088 -0.000133469 0.000193028 -0.00027255 0.000321811 -0.000679715 -0.000773905
internal_weight=0 187 154 102 73 52 42 52
internal_count=229 187 154 102 73 52 42 52
is_linear=0
shrinkage=0.03


end of trees

feature_importances:
Column_3=1814
Column_0=280
Column_4=193
Column_2=15
Column_1=11

parameters:
[boosting: gbdt]
[objective: regression]
[metric: l2]
[tree_learner: serial]
[device_type: cpu]
[data_sample_strategy: bagging]
[data: ]
[valid: ]
[num_iterations: 300]
[learning_rate: 0.03]
[num_leaves: 15]
[num_threads: 4]
[seed: 42]
[deterministic: 0]
[force_col_wise: 0]
[force_row_wise: 0]
[histogram_pool_size: -1]
[max_depth: -1]
[min_data_in_leaf: 20]
[min_sum_hessian_in_leaf: 0.001]
[bagging_fraction: 1]
[pos_bagging_fraction: 1]
[neg_bagging_fraction: 1]
[bagging_freq: 0]
[bagging_seed: 400]
[feature_fraction: 1]
[feature_fraction_bynode: 1]
[feature_fraction_seed: 30056]
[extra_trees: 0]
[extra_seed: 12879]
[early_stopping_round: 0]
[early_stopping_min_delta: 0]
[first_metric_only: 0]
[max_delta_step: 0]
[lambda_l1: 0]
[lambda_l2: 0]
[linear_lambda: 0]
[min_gain_to_split: 0]
[drop_rate: 0.1]
[max_drop: 50]
[skip_drop: 0.5]
[xgboost_dart_mode: 0]
[uniform_drop: 0]
[drop_seed: 17869]
[top_rate: 0.2]
[other_rate: 0.1]
[min_data_per_group: 100]
[max_cat_threshold: 32]
[cat_l2: 10]
[cat_smooth: 10]
[max_cat_to_onehot: 4]
[top_k: 20]
[monotone_constraints: 1,-1,-1,0,-1]
[monotone_constraints_method: basic]
[monotone_penalty: 0]
[feature_contri: ]
[forcedsplits_filename: ]
[refit_decay_rate: 0.9]
[cegb_tradeoff: 1]
[cegb_penalty_split: 0]
[cegb_penalty_feature_lazy: ]
[cegb_penalty_feature_coupled: ]
[path_smooth: 0]
[interaction_constraints: ]
[verbosity: -1]
[saved_feature_importance_type: 0]
[use_quantized_grad: 0]
[num_grad_quant_bins: 4]
[quant_train_renew_leaf: 0]
[stochastic_rounding: 1]
[linear_tree: 0]
[max_bin: 255]
[max_bin_by_feature: ]
[min_data_in_bin: 3]
[bin_construct_sample_cnt: 200000]
[data_random_seed: 175]
[is_enable_sparse: 1]
[enable_bundle: 1]
[use_missing: 1]
[zero_as_missing: 0]
[feature_pre_filter: 1]
[pre_partition: 0]
[two_round: 0]
[header: 0]
[label_column: ]
[weight_column: ]
[group_column: ]
[ignore_column: ]
[categorical_feature: ]
[forcedbins_filename: ]
[precise_float_parser: 0]
[parser_config_file: ]
[objective_seed: 16083]
[num_class: 1]
[is_unbalance: 0]
[scale_pos_weight: 1]
[sigmoid: 1]
[boost_from_average: 1]
[reg_sqrt: 0]
[alpha: 0.9]
[fair_c: 1]
[poisson_max_delta_step: 0.7]
[tweedie_variance_power: 1.5]
[lambdarank_truncation_level: 30]
[lambdarank_norm: 1]
[label_gain: ]
[lambdarank_position_bias_regularization: 0]
[eval_at: ]
[multi_error_top_k: 1]
[auc_mu_weights: ]
[num_machines: 1]
[local_listen_port: 12400]
[time_out: 120]
[machine_list_filename: ]
[machines: ]
[gpu_platform_id: -1]
[gpu_device_id: -1]
[gpu_use_dp: 0]
[num_gpu: 1]

end of parameters

pandas_categorical:null
