tree
version=v4
num_class=1
num_tree_per_iteration=1
label_index=0
max_feature_idx=18
objective=regression
feature_names=Column_0 Column_1 Column_2 Column_3 Column_4 Column_5 Column_6 Column_7 Column_8 Column_9 Column_10 Column_11 Column_12 Column_13 Column_14 Column_15 Column_16 Column_17 Column_18
monotone_constraints=1 -1 -1 0 -1 -1 1 -1 -1 1 -1 1 0 0 0 0 0 0 0
feature_infos=[0:0.99580000000000002] [0.0001:0.78290000000000004] [0:0.69810000000000005] [0:0.62419999999999998] [0.00029999999999999997:0.74690000000000001] [0.1142:0.52280000000000004] [-0.11260000000000001:0.12759999999999999] [-0.52839999999999998:0.0041000000000000003] [0.073300000000000004:0.2102] none none none [-2.1275101123595483:2.14111797752809] [-4.2194797752808988:5.2480528089887635] [-0.45291348314606739:0.67045730337078679] [-45.804350561797747:51.438649438202248] [-81.184149438202269:56.447850561797736] [-0.065894382022471887:0.064105617977528118] [3:6]
tree_sizes=2630 2801 2787 2798 2808 2728 2807 2811 2808 2804 2810 2807 2801 2773 2798 2790 2809 2291 2792 2717 2713 2799 2813 2786 2463 2647 2720 2393 2740 2799 2376 2837 2815 2294 2826 2568 2803 2826 2552 2568 2303 2138 1979 2389 2235 2830 2747 1949 2301 2149 2802 2055 2466 1958 2646 2573 2733 2821 2399 2383 1808 1896 2319 2313 2406 2483 2755 2753 2659 2306 2841 2568 2840 2817 2834 2245 2181 2250 2404 2400 1629 1630 1542 2320 2492 1968 2230 1964 1711 1526 2865 1545 2855 1543 2876 1969 2250 2764 2237 2160 1459 1460 1466 1563 1651 2251 2170 2147 2153 2163 2226 1902 2158 1810 1641 1894 1371 1461 1730 1288 1279 1636 1563 1454 2513 2434 2525 2149 1793 2263 2054 2217 2312 2318 2334 2074 1563 1823 1471 1732 2869 2856 2858 2858 2660 2162 1994 2245 1909 1908 1895 1809 2161 1900 2139 1988 1900 1983 1816 1728 1807 1709 1906 1549 1203 1987 2506 2412 1987 1986 2250 2251 2349 1485 2332 1733 1914 2426 2250 2009 2535 2429 2872 1292 2522 2529 2525 1901 2794 2396 1472 1487 1555 1377 1659 2607 2362 1205 2694 2082 1469 2501 1651 1558 1380 2000 1825 1560 1570 1831 1299 1198 1199 1651 1550 1974 2627 2084 2635 1480 1637 1390 1202 2493 1117 1637 2419 2083 2064 2358 1821 1553 1921 1538 1373 1206 1196 1116 2602 1218 1366 1902 1915 2005 1455 2876 2364 1288 2495 2172 1739 1645 1823 1567 1555 1202 1200 1198 1189 1378 2318 1203 2242 1208 2165 1295 2004 2017 1644 1730 1736 1650 1924 1747 2196 1459 1308 1458 1460 1379 1907 2437 2898 1904 1373 2888 2435 2442 2872 2616 2008 1817 1826 1829 1735 1729 1734 1207 1481 1651 1991 1816 1910 1983 1301 1987 2074 2165 2161 2162 1990 1907 1988 2268 1791 1465 2442 1644 1637 1637 1799 2006 1452 1899 1712 1710 1709 2902 1537 1911 1369 1375 1381 1195 1567 1567 1703 1615 1385 1383 2257 2714 2618 2088 2340 1646 1827 2269 2176 2358 2712 2427 2244 2249 2243 1398 1921 1224 1229 1047 1384 1382 1380 1637 1377 1403 1486 1751 1885 1741 2083 1298 1300 1574 1295 1208 1646 1481 1913 2015 1928 1747 1747 1568 1747 1918 2430 2436 1302 2544 2425 2434 1722 1361 1298 1647 1202 1201 1465 1196 2173 2513 2267 1401 2255 2184 2185 1841 1938 2010 1112 1574 1644 1671 1822 2012 1911 1834 1305 1589 2602 2182 1720 1895 2534 1207 2617 1755 1209 1750 1309 1304 1125 1658 1679 1471 1647 1651 1207 1305 1478 1485 2267 1472 1483 1654 1737 1657 2527 2537 2187 2212 1732 2126 1946 1476 1564 1476 1376 1482 1843 1837 1893 2177 2019 1663 1750 1984 1579 2016 2617 2173 2076 2716 2897 2600 2531 1038 2542 1566 1548 2175 1646 1741 1554 2453 2270 1660 1220 1478 1562 1476 1117 1112 2454 1914 1129 1908 1125 1917

Tree=0
num_leaves=31
num_cat=0
split_feature=4 5 0 14 3 14 14 0 14 17 4 16 16 3 0 3 14 14 0 14 0 17 15 3 3 18 3 13 18 3
split_gain=2660.09 269.968 160.408 120.37 102.118 87.5141 67.2688 52.2856 38.6415 38.2159 36.4401 34.2843 29.6168 29.1909 22.734 21.894 19.7788 19.0059 16.3483 14.2348 13.2706 12.2842 9.85193 9.11539 7.68196 6.73664 6.36517 5.20881 4.91352 4.85347
threshold=0.10385000000000001 0.22360000000000002 0.3040500000000001 -0.12895393258426963 0.064250000000000015 -0.12032359550561793 -0.35299887640449434 0.86480000000000012 0.21468651685393267 0.023074157303370816 0.22770000000000004 6.8233606741572439 31.104215730336993 0.085450000000000012 0.62315000000000009 0.078850000000000017 -0.31581348314606728 -0.15232359550561794 0.37145 0.029631460674157343 0.049150000000000006 0.014679775280898895 15.312628089887648 0.13615000000000002 0.0032500000000000007 4.5000000000000009 0.048450000000000007 -0.40174044943820414 4.5000000000000009 0.018400000000000003
decision_type=2 2 2 2 2 2 2 2 2 2 2 2 2 2 2 2 2 2 2 2 2 2 2 2 2 2 2 2 2 2
left_child=1 5 10 6 9 16 -3 -7 13 -5 -2 25 -13 26 -6 -12 24 21 -10 -16 27 -8 -15 -20 -1 -9 -4 -17 -28 -19
right_child=2 3 8 4 14 7 17 11 18 -11 15 12 -14 22 19 20 -18 29 23 -21 -22 -23 -24 -25 -26 -27 28 -29 -30 -31
leaf_value=1.7454955524182956 1.6513251553474031 1.7169865000243538 1.6593151459292133 1.7169865000243538 1.6817717677230188 1.7169865000243538 1.6817717677230188 1.7429245519515515 1.6564282932785837 1.692421076860507 1.6183269797700002 1.7626624445126822 1.7344586758043228 1.6513251553474031 1.6901953468147557 1.6211610054160883 1.7169865000243538 1.7030235946906767 1.6817717677230188 1.7100286360554018 1.6416093444077151 1.6949321513577442 1.6651686760685485 1.6686796785032187 1.7249405520932515 1.7310662731370781 1.6799530038793542 1.6351250794636041 1.6657067675654904 1.6887350513776842
leaf_weight=30 124 57 37 465 39 39 140 45 31 57 56 111 48 229 33 44 114 46 80 47 290 75 48 37 36 69 53 53 37 40
leaf_count=30 124 57 37 465 39 39 140 45 31 57 56 111 48 229 33 44 114 46 80 47 290 75 48 37 36 69 53 53 37 40
internal_value=1.68606 1.71237 1.65117 1.70341 1.71119 1.73056 1.68948 1.74029 1.66268 1.71691 1.63997 1.74515 1.75415 1.65788 1.68612 1.63586 1.71699 1.6838 1.6758 1.69862 1.6384 1.68177 1.65242 1.68093 1.73428 1.73259 1.66979 1.62879 1.6741 1.69638
internal_weight=0 1491 1119 999 641 492 358 312 552 522 567 273 159 404 119 443 180 301 148 80 387 215 277 117 66 114 127 97 90 86
internal_count=2610 1491 1119 999 641 492 358 312 552 522 567 273 159 404 119 443 180 301 148 80 387 215 277 117 66 114 127 97 90 86
is_linear=0
shrinkage=1


Tree=1
num_leaves=31
num_cat=0
split_feature=4 5 0 8 14 14 0 14 4 14 16 16 16 14 6 14 0 0 0 12 6 0 8 8 15 12 13 13 12 0
split_gain=2495.57 251.772 150.649 130.074 90.4889 83.4942 49.7972 36.7987 34.5982 33.2609 32.5509 32.2787 27.8665 27.0188 21.8404 18.5888 15.5105 11.4661 11.0969 10.8131 8.12876 7.85829 7.09654 5.15563 4.90071 4.89045 4.41005 4.22245 0.538546 0.453102
threshold=0.10385000000000001 0.22360000000000002 0.3040500000000001 0.19185000000000002 -0.12895393258426963 -0.12032359550561793 0.86480000000000012 0.21468651685393267 0.22770000000000004 -0.35299887640449434 6.8233606741572439 -41.099750561797627 31.104215730336993 0.029631460674157343 -0.0016999999999999997 -0.31581348314606728 0.37145 0.049150000000000006 0.51890000000000003 -0.88332752808988768 0.021850000000000005 0.67740000000000011 0.19110000000000002 0.19925000000000001 -10.569524719101123 0.29652921348314548 -0.40174044943820414 2.2225887640449451 -1.5672831460674155 0.10110000000000001
decision_type=2 2 2 2 2 2 2 2 2 2 2 2 2 2 2 2 2 2 2 2 2 2 2 2 2 2 2 2 2 2
left_child=1 5 8 4 9 15 -7 19 29 -3 22 -6 -12 -5 -10 -1 -9 26 -13 28 -15 27 -8 -18 -19 -23 -16 -21 -4 -2
right_child=2 3 7 13 11 6 10 16 14 -11 12 18 -14 20 17 -17 23 24 -20 21 -22 25 -24 -25 -26 -27 -28 -29 -30 -31
leaf_value=0.046774670203978366 -0.039734129826683784 0.029901504228283662 -0.013706032774278095 -0.0041936260767417412 0.011130697378627036 0.029901504228283662 0.055721808443466823 -0.028745106896085126 -0.069840138506144275 0.011130697378627036 0.074302019557437385 0.017177160290154543 0.046944364104419947 -0.0041936260767417412 -0.058219221339567973 0.029901504228283662 -0.0041936260767417412 -0.049213058554433656 0.029901504228283662 -0.033683615210812957 0.011130697378627036 -0.014952972902327168 0.043586536816154042 -0.015458174448561022 -0.041860095897992687 -0.026654034605192341 -0.049213058554433656 -0.026654034605192341 -0.019135905969287118 -0.033683615210812957
leaf_weight=66 48 40 35 168 46 39 45 31 40 215 111 110 48 30 49 114 80 36 320 182 70 49 69 37 258 30 60 77 31 76
leaf_count=66 48 40 35 168 46 39 45 31 40 215 111 110 48 30 49 114 80 36 320 182 70 49 69 37 258 30 60 77 31 76
internal_value=0 0.0254439 -0.0338312 0.0167925 0.0233471 0.0430105 0.0525253 -0.0226751 -0.0446921 0.0111307 0.0572716 0.0299015 0.0660431 -0.00108568 -0.0486969 0.0299015 -0.00987753 -0.0465983 0.0299015 -0.0273633 0.0111307 -0.0295321 0.0450376 -0.00487843 -0.0435171 -0.0212496 -0.054909 -0.0320585 -0.0162564 -0.0336836
internal_weight=0 1491 1119 999 731 492 312 552 567 255 273 476 159 268 443 180 148 403 430 404 100 338 114 117 294 79 109 259 66 124
internal_count=2610 1491 1119 999 731 492 312 552 567 255 273 476 159 268 443 180 148 403 430 404 100 338 114 117 294 79 109 259 66 124
is_linear=0
shrinkage=0.03


Tree=2
num_leaves=31
num_cat=0
split_feature=4 5 0 8 14 14 0 3 4 14 18 3 14 14 0 3 18 3 8 12 0 5 8 14 4 8 18 13 3 3
split_gain=2345.22 233.337 141.587 123.304 87.3186 79.6022 47.3935 35.3533 33.1648 31.5055 29.6804 29.324 26.1176 26.0548 20.0688 19.7845 17.3872 27.8665 17.3289 13.049 11.9181 9.70894 9.63542 7.41835 7.21154 5.43532 4.82573 4.7074 3.69009 2.78428
threshold=0.10385000000000001 0.22360000000000002 0.3040500000000001 0.19185000000000002 -0.12895393258426963 -0.12032359550561793 0.86480000000000012 0.085450000000000012 0.22770000000000004 -0.35299887640449434 3.5000000000000004 0.06795000000000001 0.018131460674157333 0.029631460674157343 0.42035000000000006 0.078850000000000017 4.5000000000000009 0.0096500000000000023 0.19750000000000004 -1.8311960674157282 0.049150000000000006 0.31340000000000007 0.19355000000000003 -0.3100426966292133 0.26255000000000001 0.20170000000000002 3.5000000000000004 -0.40174044943820414 0.27420000000000005 0.17680000000000004
decision_type=2 2 2 2 2 2 2 2 2 2 2 2 2 2 2 2 2 2 2 2 2 2 2 2 2 2 2 2 2 2
left_child=1 5 8 4 9 16 -7 14 -2 -3 -8 19 26 -5 -4 -10 17 23 -12 -6 27 24 -16 -1 -14 -15 -9 -17 -22 -23
right_child=2 3 7 13 11 6 10 12 15 -11 18 -13 21 25 22 20 -18 -19 -20 -21 28 29 -24 -25 -26 -27 -28 -29 -30 -31
leaf_value=0.066249780118465426 -0.032663337841242479 0.02894676590532054 -0.032663337841242479 -0.0040754573965624515 0.01081429147189761 0.02894676590532054 0.076927941516041751 -0.023954911606966472 -0.063929678699267758 0.01081429147189761 0.057845735089547594 0.01081429147189761 -0.0050112722220364957 0.01081429147189761 -0.0040754573965624515 -0.06120779823173176 0.02894676590532054 0.02894676590532054 0.042229178014283095 0.02894676590532054 -0.039963272612482711 -0.020195666694593047 -0.017400853662536693 0.04515235975384712 -0.019044050780167986 -0.0021533556813374162 -0.032663337841242479 -0.047932832634673926 -0.046082815779292061 -0.032663337841242479
leaf_weight=30 124 40 31 168 37 39 48 61 56 215 134 58 60 70 91 44 80 40 91 381 175 31 52 30 32 30 161 53 115 33
leaf_count=30 124 40 31 168 37 39 48 61 56 215 134 58 60 70 91 44 80 40 91 381 175 31 52 30 32 30 161 53 115 33
internal_value=0 0.0246555 -0.0328064 0.0163268 0.0227085 0.0415667 0.0508732 -0.0219911 -0.0433356 0.0108143 0.0555116 0.0289468 -0.0271421 -0.00107995 -0.0108009 -0.0472632 0.0289468 0.0423138 0.0509428 0.0289468 -0.0448515 -0.0176786 -0.00605712 0.0557011 -0.0114363 0.0108143 -0.0326633 -0.0539545 -0.0418067 -0.0266518
internal_weight=0 1491 1119 999 731 492 312 552 567 255 273 476 378 268 174 443 180 100 225 418 387 156 143 60 92 100 222 97 290 64
internal_count=2610 1491 1119 999 731 492 312 552 567 255 273 476 378 268 174 443 180 100 225 418 387 156 143 60 92 100 222 97 290 64
is_linear=0
shrinkage=0.03


Tree=3
num_leaves=31
num_cat=0
split_feature=4 3 18 6 14 5 14 14 15 5 14 18 3 3 3 4 4 14 14 8 3 13 4 13 4 3 5 14 8 14
split_gain=2203.26 220.298 106.364 91.538 86.6661 86.0617 69.2364 58.7877 53.1556 44.9721 38.4567 29.8858 22.6166 22.4343 20.378 20.0643 16.7571 16.3718 16.3257 15.443 13.9919 12.3863 12.1956 11.409 10.873 10.3002 9.83118 9.80669 8.17191 6.92905
threshold=0.10385000000000001 0.010600000000000002 4.5000000000000009 0.045500000000000006 -0.13795393258426963 0.31340000000000007 -0.015913483146067438 0.40500112359550566 -1.6509589887640448 0.26625000000000004 0.21468651685393267 4.5000000000000009 0.06795000000000001 0.064250000000000015 0.056650000000000006 0.13600000000000004 0.030600000000000006 -0.12032359550561793 0.018131460674157333 0.20000000000000004 0.092400000000000024 -1.5368426966292146 0.32190000000000007 -3.2082404494382035 0.30820000000000003 0.26600000000000007 0.29645000000000005 -0.12895393258426963 0.19815000000000002 -0.26054269662921331
decision_type=2 2 2 2 2 2 2 2 2 2 2 2 2 2 2 2 2 2 2 2 2 2 2 2 2 2 2 2 2 2
left_child=1 2 7 6 29 10 11 9 18 23 15 16 19 17 22 28 -3 -5 -6 -8 -16 -10 -7 -1 -12 -22 -14 -11 -2 -4
right_child=5 3 4 13 8 14 12 -9 21 27 24 -13 26 -15 20 -17 -18 -19 -20 -21 25 -23 -24 -25 -26 -27 -28 -29 -30 -31
leaf_value=0.042498575179972624 -0.0040640209915582086 0.020965876566969462 0.01168115349796911 0.026733985019226868 0.02962679262351765 -0.029840940328658735 0.020965876566969462 0.084839980701605464 0.060033985925640194 0.019110192308678876 -0.0039725580370840825 -0.0039725580370840825 0.014506177611362475 0.020965876566969462 -0.058196893548820072 -0.029840940328658735 0.0029021659157896307 0.049863343066240753 0.0046861707889051599 0.00021362941575181835 -0.036433527985051881 0.040490183180028741 -0.045474936512609324 0.058004572076696743 -0.022519629148225632 -0.045511166918717441 -0.0039725580370840825 0.036691197563620173 -0.021803423739658736 -0.0039725580370840825
leaf_weight=32 40 50 36 45 51 128 222 36 47 43 87 181 39 54 41 231 102 71 44 34 292 77 45 142 31 183 37 85 41 63
leaf_count=32 40 50 36 45 51 128 222 36 47 43 87 181 39 54 41 231 102 71 44 34 292 77 45 142 31 183 37 85 41 63
internal_value=0 0.0238752 0.0368853 0.0136542 0.0244312 -0.0318204 0.00863199 0.0486025 0.0349612 0.0442828 -0.0212889 -0.00103351 0.0183266 0.0332998 -0.0383929 -0.0268064 0.0100231 0.0408907 0.0180753 0.0209659 -0.0413822 0.0478979 -0.0298409 0.0542121 -0.0067005 -0.0399308 0.00369575 0.0307851 -0.0137659 0.00113759
internal_weight=0 1491 656 835 318 1119 665 338 219 302 430 333 332 170 689 312 152 116 95 256 516 124 173 174 118 475 76 128 81 99
internal_count=2610 1491 656 835 318 1119 665 338 219 302 430 333 332 170 689 312 152 116 95 256 516 124 173 174 118 475 76 128 81 99
is_linear=0
shrinkage=0.03


Tree=4
num_leaves=31
num_cat=0
split_feature=3 6 2 3 3 14 5 16 17 14 3 3 3 3 2 3 16 5 14 14 3 14 14 5 14 3 14 18 17 3
split_gain=1423.84 340.328 193.38 160.402 108.38 100.917 86.7399 67.2149 95.9465 57.6235 46.2922 40.2679 31.665 29.9293 28.2105 27.5943 27.1542 26.0063 25.7558 22.437 21.9202 17.9274 17.6495 12.3208 10.6885 9.20801 7.13302 6.85259 6.56821 6.47819
threshold=0.04420000000000001 0.03765000000000001 0.042200000000000008 0.15970000000000004 0.018650000000000003 -0.13795393258426963 0.36295000000000005 -23.769555056179737 -0.0013202247191011205 -0.35299887640449434 0.074450000000000016 0.11425 0.06795000000000001 0.30960000000000004 0.0030000000000000005 0.033000000000000008 -41.099750561797627 0.31340000000000007 0.40500112359550566 0.018131460674157333 0.038500000000000006 0.48391573033707874 0.12491573033707866 0.22210000000000002 -0.026868539325842707 0.030300000000000004 0.0095865168539325824 4.5000000000000009 -0.0035544943820224602 0.4391000000000001
decision_type=2 2 2 2 2 2 2 2 2 2 2 2 2 2 2 2 2 2 2 2 2 2 2 2 2 2 2 2 2 2
left_child=1 2 5 6 -4 9 10 26 21 -1 14 -12 -8 17 24 16 -7 22 23 -13 -17 -9 -5 -10 -2 -6 -3 -11 -19 -15
right_child=3 7 4 13 25 15 12 8 18 27 11 19 -14 29 -16 20 -18 28 -20 -21 -22 -23 -24 -25 -26 -27 -28 -29 -30 -31
leaf_value=0.025373918521731431 0.004599224377348686 0.025373918521731431 -0.0060977079586448423 -0.026802460205896446 -0.066838639378547671 -0.0010685505100658961 -0.018687476197315919 0.025373918521731431 0.056691397433100706 0.0037550430938314934 -0.018687476197315919 -0.011134282141754572 -0.038763997047509755 -0.042551587484273554 -0.018398545711271221 -0.0060977079586448423 0.025373918521731431 -0.042469724457500115 0.083531632542610174 0.0098225028473365155 0.022924256783444435 0.046845104251589088 -0.0022731700042883554 0.036392168200184261 0.023053055974213699 -0.043703918010578491 0.038301126417868279 -0.0060977079586448423 -0.030775887448697876 -0.056437743172833787
leaf_weight=37 56 71 46 99 30 35 88 88 204 78 220 110 139 148 31 32 396 106 30 79 32 35 36 31 57 32 51 102 73 38
leaf_count=37 56 71 46 99 30 35 88 88 204 78 220 110 139 148 31 32 396 106 30 79 32 35 36 31 57 32 51 102 73 38
internal_value=0 0.0217366 0.00976856 -0.0225877 -0.027638 0.0154426 -0.014085 0.0409793 0.0471916 -0.00161574 -0.00767532 -0.0128256 -0.0296996 -0.035852 0.00695296 0.0229207 0.0253739 -0.0302029 0.0573553 -0.00237457 0.00452703 0.0253739 -0.0202613 0.0540136 0.0139078 -0.0548981 0.0253739 -0.00609771 -0.0377007 -0.0453885
internal_weight=0 1330 820 1280 108 712 780 510 388 217 553 409 227 500 144 495 431 314 265 189 64 123 135 235 113 62 122 180 179 186
internal_count=2610 1330 820 1280 108 712 780 510 388 217 553 409 227 500 144 495 431 314 265 189 64 123 135 235 113 62 122 180 179 186
is_linear=0
shrinkage=0.03


Tree=5
num_leaves=30
num_cat=0
split_feature=4 3 2 5 14 5 8 5 4 16 12 14 15 14 14 3 6 3 16 4 3 17 3 17 12 17 14 4 12
split_gain=1964.77 213.645 92.9225 86.7279 80.204 80.0427 78.8053 53.276 37.061 31.0851 50.7785 26.6859 23.4272 22.4061 21.6647 20.8695 31.0319 16.3917 14.7277 13.8861 9.29392 8.32248 8.24557 7.86624 6.60685 4.00612 3.46633 0.958677 0.405726
threshold=0.10385000000000001 0.010600000000000002 0.04830000000000001 0.31285000000000002 0.39250112359550565 0.22360000000000002 0.19185000000000002 0.23760000000000003 0.39680000000000004 -23.769555056179737 0.31202921348314488 -0.12895393258426963 8.9967910112359579 -0.12895393258426963 -0.0049134831460674313 0.056650000000000006 -0.0016999999999999997 0.072800000000000017 -23.769555056179737 0.32190000000000007 0.26600000000000007 -0.02005449438202243 0.13615000000000002 0.025175842696629234 0.31202921348314488 -0.018718539325842689 -0.3100426966292133 0.13925000000000001 1.0634898876404526
decision_type=2 2 2 2 2 2 2 2 2 2 2 2 2 2 2 2 2 2 2 2 2 2 2 2 2 2 2 2 2
left_child=1 4 5 8 7 17 11 9 14 -1 -11 -7 -6 24 26 19 -17 18 -3 -5 23 -15 27 -18 -9 -22 -2 -16 -28
right_child=3 2 -4 15 12 6 -8 13 -10 10 -12 -13 -14 21 22 16 20 -19 -20 -21 25 -23 -24 -25 -26 -27 28 -29 -30
leaf_value=0.031046168423185787 -0.011922705924003629 0.022803848231768269 -0.0039050836140760376 -0.027897499775644041 0.076007720422237482 0.013341584666839738 0.0060593537006792195 0.01582233509259506 -0.027897499775644041 0.058626252267249795 0.031046168423185787 0.022803848231768269 0.046914288525311452 0.015194864232431757 -0.0039050836140760376 -0.069157089889049533 -0.036695676671598558 0.022803848231768269 0.044871781307200972 -0.044410074774337852 -0.034425376694383364 0.031046168423185787 -0.016505588138889932 -0.027897499775644041 -0.00049830009568143968 -0.045814931061532761 -0.021064050837871013 -0.0086051301042278927 -0.01405437198882872
leaf_weight=75 38 35 39 122 47 142 247 69 61 129 59 280 53 33 52 30 302 33 104 46 35 118 54 34 33 135 100 62 37
leaf_count=75 38 35 39 122 47 142 247 69 61 129 59 280 53 33 52 30 302 33 104 46 35 118 54 34 33 135 100 62 37
internal_value=0 0.0224481 0.0129628 -0.0302582 0.0359985 0.0160238 0.011331 0.031233 -0.0191786 0.0406876 0.0477451 0.0206238 0.0605882 0.0214047 -0.0142306 -0.0366164 -0.0395117 0.0342767 0.0392054 -0.0278975 -0.037754 0.0287423 -0.00652451 -0.034862 0.0105421 -0.04347 -0.0210641 -0.00390508 -0.0210641
internal_weight=0 1496 880 1108 616 841 669 516 404 263 188 422 100 253 343 704 536 172 139 168 506 151 168 336 102 170 175 114 137
internal_count=2604 1496 880 1108 616 841 669 516 404 263 188 422 100 253 343 704 536 172 139 168 506 151 168 336 102 170 175 114 137
is_linear=0
shrinkage=0.03


Tree=6
num_leaves=31
num_cat=0
split_feature=4 3 0 0 18 8 16 18 16 15 12 17 3 5 4 12 6 15 7 0 3 12 3 6 16 12 15 8 15 17
split_gain=1841.35 203.001 124.911 105.23 94.9774 68.2105 54.8409 48.4655 51.2785 44.0395 35.089 53.0735 34.2661 28.7983 27.3871 26.7099 26.1246 21.9716 17.1185 12.4781 11.7483 10.0202 10.6958 7.74916 6.23979 5.31234 4.35101 4.09608 2.77973 1.80281
threshold=0.10385000000000001 0.010600000000000002 0.3040500000000001 0.56540000000000012 4.5000000000000009 0.20170000000000002 29.233444943820249 4.5000000000000009 29.233444943820249 8.9967910112359579 0.05071685393258641 -0.0022185393258427051 0.085450000000000012 0.23760000000000003 0.22770000000000004 -1.6266842696629238 -0.0016999999999999997 8.9967910112359579 -0.37404999999999994 0.049150000000000006 0.048450000000000007 1.0634898876404526 0.13615000000000002 -0.0024499999999999995 -23.769555056179737 -1.5966842696629227 -3.1038719101123493 0.19355000000000003 -12.533024719101123 0.017781460674157316
decision_type=2 2 2 2 2 2 2 2 2 2 2 2 2 2 2 2 2 2 2 2 2 2 2 2 2 2 2 2 2 2
left_child=1 4 14 18 6 7 13 8 -5 10 -6 -12 20 24 -2 -14 -16 -9 -3 26 -4 29 -23 -15 -1 -11 -18 -22 -21 -17
right_child=2 3 12 5 9 -7 -8 17 -10 25 11 -13 15 23 16 21 19 -19 -20 28 27 22 -24 -25 -26 -27 -28 -29 -30 -31
leaf_value=0.041454604415993086 -0.029027776584153158 0.0068063318831238923 -0.020848298040641977 0.025228442605282484 -0.0038432565566484419 0.0068063318831238923 0.082076751940390644 0.014269934783872956 0.061333924759179356 0.031222412916166443 0.010480944282584823 0.051011062364389258 -0.0040180200095682479 0.024536751874468542 -0.064187267065048223 -0.029027776584153158 -0.042829044244506141 0.028442406057489707 -0.0038432565566484419 -0.042511856091046095 -0.0038432565566484419 -0.0079110470532693638 -0.0276764921492265 0.038675947831691919 0.054065500172786413 0.045506860006530328 -0.05215024486238598 -0.013041027335288084 -0.03575576439025311 -0.020215258643391631
leaf_weight=31 115 56 44 308 55 79 34 193 40 42 100 41 52 66 45 190 66 102 102 34 73 44 56 74 120 53 54 46 258 31
leaf_count=31 115 56 44 308 55 79 34 193 40 42 100 41 52 66 45 190 66 102 102 34 73 44 56 74 120 53 54 46 258 31
internal_value=0 0.0216687 -0.0293552 0.0124227 0.0348773 0.0174559 0.046024 0.0217335 0.0293785 0.0224282 0.0143031 0.0222663 -0.0189496 0.0418116 -0.0391059 -0.0239639 -0.0424838 0.0142699 -0.00384326 -0.0401132 -0.00747518 -0.027195 -0.0189797 0.0320103 0.0508989 0.0391916 -0.0482574 -0.00384326 -0.0367663 -0.0290278
internal_weight=0 1496 1108 880 616 722 325 643 348 291 196 141 536 291 572 373 457 295 158 412 163 321 100 140 151 95 120 119 292 221
internal_count=2604 1496 1108 880 616 722 325 643 348 291 196 141 536 291 572 373 457 295 158 412 163 321 100 140 151 95 120 119 292 221
is_linear=0
shrinkage=0.03


Tree=7
num_leaves=31
num_cat=0
split_feature=4 3 0 0 18 8 18 15 15 12 17 3 15 15 4 12 6 15 6 7 0 3 12 3 12 17 15 8 12 15
split_gain=1724.44 194.108 117.346 99.6364 89.4018 65.4072 46.6209 41.7103 41.5024 33.1769 49.9369 32.8978 29.7678 26.7196 26.0671 25.2757 24.5479 20.8823 17.5964 16.0105 11.8046 11.1664 9.50695 10.0636 4.99838 4.81675 4.1335 3.72942 3.66448 2.65559
threshold=0.10385000000000001 0.010600000000000002 0.3040500000000001 0.56540000000000012 4.5000000000000009 0.20170000000000002 4.5000000000000009 -7.3955247191011235 8.9967910112359579 0.05071685393258641 -0.0022185393258427051 0.085450000000000012 -10.092958988764044 -6.5933011235955048 0.22770000000000004 -1.6266842696629238 -0.0016999999999999997 8.9967910112359579 -0.0024499999999999995 -0.37404999999999994 0.049150000000000006 0.048450000000000007 1.0634898876404526 0.13615000000000002 -1.5966842696629227 -0.0073202247191011252 -3.1038719101123493 0.19355000000000003 1.1047595505617986 -12.533024719101123
decision_type=2 2 2 2 2 2 2 2 2 2 2 2 2 2 2 2 2 2 2 2 2 2 2 2 2 2 2 2 2 2
left_child=1 4 14 19 7 6 13 12 9 -6 -11 21 -1 -5 -2 -13 -16 -8 -9 -3 26 -4 -17 -24 -10 -20 -18 -23 -14 -22
right_child=2 3 11 5 8 -7 17 18 24 10 -12 15 28 -15 16 22 20 -19 25 -21 29 27 23 -25 -26 -27 -28 -29 -30 -31
leaf_value=0.041428845845004343 -0.028155541237144525 0.0064948220551408597 -0.020222849380648271 0.038332965062610032 -0.0037841444266672186 0.0064948220551408597 0.013743753622753943 0.022087153196334839 0.030285740760820253 0.010166516049206256 0.049480731080218054 -0.0038974795885867658 0.065229205906391141 0.021471555923244207 -0.062261649191379539 -0.028155541237144525 -0.041544172655452384 0.02758913409320966 0.031989847832592205 -0.0037841444266672186 -0.041258365689189981 -0.0037841444266672186 -0.0076737158474597068 -0.026846197334650369 0.044141653649649525 0.044596601582708811 -0.050593507933285702 -0.01264979654315697 0.079614448354524719 -0.034689395655542854
leaf_weight=47 115 56 44 145 55 79 193 54 42 100 41 52 30 203 45 221 66 102 34 102 34 73 44 56 53 126 54 46 34 258
leaf_count=47 115 56 44 145 55 79 193 54 42 100 41 52 30 203 45 221 66 102 34 102 34 73 44 56 53 126 54 46 34 258
internal_value=0 0.0209046 -0.0284729 0.0118634 0.0338206 0.0167738 0.0209927 0.0446352 0.0217425 0.0138549 0.0215983 -0.0183873 0.0595579 0.0284971 -0.0379238 -0.0233005 -0.0412233 0.0137438 0.0368949 -0.00378414 -0.0389254 -0.0071443 -0.0264437 -0.0184103 0.0380159 0.0418925 -0.0468467 -0.00378414 0.0728714 -0.03567
internal_weight=0 1496 1108 880 616 722 643 325 291 196 141 536 111 348 572 373 457 295 214 158 412 163 321 100 95 160 120 119 64 292
internal_count=2604 1496 1108 880 616 722 643 325 291 196 141 536 111 348 572 373 457 295 214 158 412 163 321 100 95 160 120 119 64 292
is_linear=0
shrinkage=0.03


Tree=8
num_leaves=31
num_cat=0
split_feature=4 3 18 14 5 14 6 14 7 8 18 4 3 5 5 6 6 14 3 6 3 4 4 16 3 17 13 3 14 17
split_gain=1614.37 185.721 84.2104 81.3742 72.7549 65.1505 55.0873 48.5737 39.948 37.358 37.2089 32.9459 29.9208 25.8132 23.6793 21.8145 21.475 20.1514 18.8301 25.9317 12.8458 12.0398 11.402 10.4498 8.08318 7.02606 6.90877 6.90017 6.8491 6.52085
threshold=0.10385000000000001 0.010600000000000002 4.5000000000000009 -0.12895393258426963 0.31285000000000002 -0.13795393258426963 0.016500000000000004 0.40500112359550566 -0.31124999999999997 0.19185000000000002 4.5000000000000009 0.39680000000000004 0.06795000000000001 0.23760000000000003 0.26625000000000004 0.016500000000000004 0.055350000000000003 -0.0049134831460674313 0.056650000000000006 -0.0016999999999999997 0.064250000000000015 0.036600000000000008 0.32190000000000007 6.8233606741572439 0.26600000000000007 0.025175842696629234 -1.3783426966292127 0.13615000000000002 -0.12895393258426963 -0.012218539325842713
decision_type=2 2 2 2 2 2 2 2 2 2 2 2 2 2 2 2 2 2 2 2 2 2 2 2 2 2 2 2 2 2
left_child=1 2 7 10 11 -4 8 13 12 21 15 17 -5 -1 23 29 -11 -2 22 -20 -17 -8 -6 -7 25 -21 -16 -19 -15 -3
right_child=4 3 5 6 18 14 9 -9 -10 16 -12 -13 -14 28 26 20 -18 27 19 24 -22 -23 -24 -25 -26 -27 -28 -29 -30 -31
leaf_value=0.047934816242411533 -0.01909221083539259 0.0090121821659923298 -0.00083830702248527552 0.017688384607956381 -0.025447531860150523 0.03019839241169393 0.050943350160823145 0.077226015960468963 -0.0037218735276952674 0.017688384607956381 -0.0037218735276952674 -0.025447531860150523 0.0055623614049936819 0.019916101470257019 0.0074759625474689522 0.027716731421107341 0.029016956438740561 -0.0037218735276952674 -0.063288909822702397 -0.033635783939165935 0.0090121821659923298 0.031779214524414519 -0.040462726872900256 0.048206827262866084 -0.039912908103043099 -0.025447531860150523 0.024894204582822949 -0.014798103943467139 0.034395964589654181 -0.0037218735276952674
leaf_weight=151 175 32 86 160 122 58 51 34 53 124 145 61 59 42 32 67 51 114 30 302 31 70 46 58 170 34 57 54 98 37
leaf_count=151 175 32 86 160 122 58 51 34 53 124 145 61 59 42 32 67 51 114 30 302 31 70 46 58 170 34 57 54 98 37
internal_value=0 0.020166 0.0327999 0.0113223 -0.0276097 0.0210777 0.0180835 0.0432958 0.00833733 0.0270394 -0.000986668 -0.0174618 0.0148466 0.0393314 0.0302717 0.0109241 0.0181773 -0.0127369 -0.0334333 -0.0361889 0.0200221 0.0398567 -0.0254475 0.0392026 -0.0345822 -0.0318852 0.0186315 -0.00529305 0.030052 -0.00199775
internal_weight=0 1496 616 880 1108 291 568 325 272 296 312 404 219 291 205 167 175 343 704 536 98 121 168 116 506 336 89 168 140 69
internal_count=2604 1496 616 880 1108 291 568 325 272 296 312 404 219 291 205 167 175 343 704 536 98 121 168 116 506 336 89 168 140 69
is_linear=0
shrinkage=0.03


Tree=9
num_leaves=31
num_cat=0
split_feature=4 3 0 0 18 8 16 18 16 15 3 12 17 4 12 6 6 15 17 7 0 3 12 3 17 12 15 7 15 18
split_gain=1514.35 176.604 105.63 91.402 79.2336 60.7686 45.9226 43.8031 47.1145 38.1237 30.8213 29.9883 45.0336 23.7145 23.583 21.8098 20.6441 18.9113 14.6927 13.1751 11.0656 9.97326 8.84269 9.33312 6.96369 4.38282 3.84365 3.02251 2.51915 2.33182
threshold=0.10385000000000001 0.010600000000000002 0.3040500000000001 0.56540000000000012 4.5000000000000009 0.20170000000000002 26.560249438202337 4.5000000000000009 29.233444943820249 8.9967910112359579 0.085450000000000012 0.05071685393258641 -0.0022185393258427051 0.22770000000000004 -1.6266842696629238 -0.0016999999999999997 -0.0024499999999999995 8.9967910112359579 -0.0013202247191011205 -0.37404999999999994 0.049150000000000006 0.048450000000000007 1.0634898876404526 0.13615000000000002 -0.0073202247191011252 -1.5966842696629227 -3.1038719101123493 -0.32869999999999994 -12.533024719101123 3.5000000000000004
decision_type=2 2 2 2 2 2 2 2 2 2 2 2 2 2 2 2 2 2 2 2 2 2 2 2 2 2 2 2 2 2
left_child=1 4 13 19 6 7 16 8 -5 11 21 -6 -13 -2 -12 -15 29 -9 -8 -3 26 -4 -16 -24 -18 -11 -17 -23 -22 -1
right_child=2 3 10 5 9 -7 18 17 -10 25 14 12 -14 15 22 20 24 -19 -20 -21 28 27 23 -25 -26 -27 -28 -29 -30 -31
leaf_value=0.01505587177351117 -0.026474958186012781 0.0059857914191325688 -0.018828863058747217 0.023047926511559572 -0.0036400282222837522 0.0059857914191325688 0.050395869431085885 0.012861426977594556 0.057656441710889336 0.028803753075855115 -0.0036400282222837522 0.0094003620198927825 0.046734581048168786 -0.058723394056161241 -0.026474958186012781 -0.039207011230967259 0.031053032232448461 0.026107084113447105 0.079144199453294276 -0.0036400282222837522 -0.03898586199379786 -0.0036400282222837522 -0.0068309852413155816 -0.025294499727232116 0.044150061288885038 0.041778454530351561 -0.047725229138284746 -0.011938115712761392 -0.032683981490528764 0.02688418847322464
leaf_weight=30 115 56 44 308 55 79 32 193 40 42 52 100 41 45 221 66 48 102 32 102 34 73 44 56 153 53 54 46 258 30
leaf_count=30 115 56 44 308 55 79 32 193 40 42 52 100 41 45 221 66 48 102 32 102 34 73 44 56 153 53 54 46 258 30
internal_value=0 0.019496 -0.0267761 0.0108721 0.0318159 0.0156116 0.0419969 0.0197371 0.0270259 0.0204454 -0.0172072 0.0128856 0.0202564 -0.0357427 -0.0219628 -0.038893 0.0364127 0.0128614 0.06477 -0.00364003 -0.0367271 -0.00632479 -0.0249995 -0.0171706 0.0410224 0.0360423 -0.0443965 -0.00364003 -0.0335753 0.02097
internal_weight=0 1496 1108 880 616 722 325 643 348 291 536 196 141 572 373 457 261 295 64 158 412 163 321 100 201 95 120 119 292 60
internal_count=2604 1496 1108 880 616 722 325 643 348 291 536 196 141 572 373 457 261 295 64 158 412 163 321 100 201 95 120 119 292 60
is_linear=0
shrinkage=0.03


Tree=10
num_leaves=31
num_cat=0
split_feature=4 3 14 14 5 14 2 8 14 5 4 14 14 3 2 18 17 6 15 15 17 18 14 14 14 17 6 1 3 3
split_gain=1374.56 162.558 74.0526 69.6026 65.8158 53.0456 41.9069 44.625 41.2187 32.718 30.9417 29.8289 19.274 17.8678 24.0606 16.101 13.5853 11.8369 11.1099 10.6035 16.6268 9.38398 8.09624 7.94564 4.57654 5.02353 4.52165 4.45885 3.67139 3.31142
threshold=0.10385000000000001 0.010600000000000002 -0.12895393258426963 -0.13795393258426963 0.31285000000000002 -0.31581348314606728 0.037300000000000007 0.19900000000000004 -0.35299887640449434 0.26625000000000004 0.39680000000000004 0.39250112359550565 0.029631460674157343 0.26600000000000007 0.085700000000000012 4.5000000000000009 0.014679775280898895 0.038450000000000005 -1.6509589887640448 6.3787910112359567 -0.014058426966292127 4.5000000000000009 0.018131460674157333 0.39250112359550565 -0.15232359550561794 0.0027814606741572994 -0.0028499999999999997 0.31270000000000003 0.083850000000000022 0.0031000000000000008
decision_type=2 2 2 2 2 2 2 2 2 2 2 2 2 2 2 2 2 2 2 2 2 2 2 2 2 2 2 2 2 2
left_child=1 2 5 8 10 29 7 11 -3 15 12 -5 28 14 22 23 -10 -18 -17 20 -7 26 27 -4 -15 -26 -11 -6 -2 -1
right_child=4 3 9 6 13 19 -8 -9 16 21 -12 -13 -14 24 -16 18 17 -19 -20 -21 -22 -23 -24 -25 25 -27 -28 -29 -30 -31
leaf_value=0.046465014964342119 -0.01036309960496831 0.024678820262197403 0.047701844114516126 0.018474558855213961 -0.027368546239822433 -0.0014208086700428549 -0.0034090695651985306 0.0075469450047579677 -0.0034090695651985306 0.026333118448300021 -0.023472220353701344 0.036312545733114258 -0.0034090695651985306 -0.032409808939743427 -0.046922971259463916 0.036243100895621265 0.00021812430328943511 0.023595400042166668 0.048123151319967188 -0.0027827287404263604 0.023629316517004839 0.019340778352876363 -0.023472220353701344 0.06478908530690454 -0.038329010773883308 -0.051309742520634943 0.036243100895621265 -0.036406539192625376 -0.017375322873560837 0.032591429375112058
leaf_weight=32 68 48 95 333 178 41 36 106 160 49 50 113 133 62 55 45 44 35 71 61 57 71 201 33 86 39 53 66 143 30
leaf_count=32 68 48 95 333 178 41 36 106 160 49 50 113 133 62 55 45 44 35 71 61 57 71 201 33 86 39 53 66 143 30
internal_value=0 0.0187385 0.0302544 0.0103417 -0.0255566 0.0162149 0.016253 0.018503 -0.00176921 0.0376951 -0.0157819 0.022994 -0.0112784 -0.0311625 -0.0282037 0.0447709 -0.00340907 0.0105751 0.0366756 0.00703693 0.0131492 0.0277153 -0.0258901 0.0521071 -0.0390737 -0.042379 0.0335447 -0.0298382 -0.0169432 0.039752
internal_weight=0 1513 638 875 1081 221 588 552 287 417 394 446 344 687 500 244 239 79 116 159 98 173 445 128 187 125 102 244 211 62
internal_count=2594 1513 638 875 1081 221 588 552 287 417 394 446 344 687 500 244 239 79 116 159 98 173 445 128 187 125 102 244 211 62
is_linear=0
shrinkage=0.03


Tree=11
num_leaves=31
num_cat=0
split_feature=4 3 0 14 0 14 14 5 5 3 4 4 8 12 12 7 0 14 12 8 14 14 13 12 14 3 8 3 6 3
split_gain=1290.18 154.343 93.5208 69.3959 69.2544 51.4201 49.9106 41.9893 30.2876 27.7558 23.8013 21.324 20.2633 18.6965 17.8557 15.9319 15.4684 13.7655 11.4324 11.1073 11.0882 9.27068 7.7023 7.44487 5.62585 4.87807 4.69431 4.02206 3.74826 3.11572
threshold=0.10385000000000001 0.010600000000000002 0.30040000000000006 -0.12895393258426963 0.56540000000000012 0.39250112359550565 -0.31581348314606728 0.22360000000000002 0.26625000000000004 0.13615000000000002 0.39680000000000004 0.22770000000000004 0.19185000000000002 -0.84247078651685381 -1.6266842696629238 -0.37404999999999994 0.049150000000000006 0.40500112359550566 0.29652921348314548 0.19185000000000002 0.0085865168539325815 0.41254606741573041 -1.7933426966292154 1.1752595505617995 -0.14745393258426964 0.092400000000000024 0.18910000000000002 0.27420000000000005 -0.0028499999999999997 0.0031000000000000008
decision_type=2 2 2 2 2 2 2 2 2 2 2 2 2 2 2 2 2 2 2 2 2 2 2 2 2 2 2 2 2 2
left_child=1 3 11 6 15 7 29 22 17 10 20 -2 -9 -8 -11 -3 -13 18 -5 23 26 28 -6 -7 -15 -18 -4 -27 -10 -1
right_child=2 4 9 8 5 19 13 12 21 14 -12 16 -14 24 -16 -17 25 -19 -20 -21 -22 -23 -24 -25 -26 27 -28 -29 -30 -31
leaf_value=0.045071064848452802 -0.024905555141355479 0.0053729223551852645 -0.0047895197375592852 0.045711679416603611 0.016334932762384412 0.04922771189255374 0.026189116550343377 0.013865033586234116 0.01760827203092049 -0.0033587809553695925 -0.024905555141355479 -0.045767263709306713 0.0053729223551852645 -0.0029680259546593707 -0.024905555141355479 -0.0033587809553695925 -0.039477462231385131 0.058314702848593386 0.035125277307162514 0.02078023366325972 -0.0033587809553695925 0.035125277307162514 0.031381167320452062 0.0300505044311285 0.010794061838219371 -0.030909700802244106 -0.016058523749566345 -0.036691142121279559 0.027723570413842991 0.031613686227239667
leaf_weight=32 113 66 44 133 50 35 35 257 64 30 56 125 202 85 176 99 43 45 66 49 133 41 79 38 39 143 107 111 68 30
leaf_count=32 113 66 44 133 50 35 35 257 64 30 56 125 202 85 176 99 43 45 66 49 133 41 79 38 39 143 107 111 68 30
internal_value=0 0.0180982 -0.0248158 0.0293194 0.00991634 0.0141046 0.0157285 0.0104271 0.0365223 -0.0160812 -0.0108162 -0.03373 0.00617713 0.00682582 -0.0247709 -0.00335878 -0.0369138 0.0433302 0.0399417 0.0318289 -0.00721149 0.0269204 0.0255493 0.0392451 0.00136037 -0.0331877 -0.0130544 -0.031506 0.0228192 0.0385594
internal_weight=0 1513 1081 638 875 710 221 588 417 546 340 535 459 159 206 165 422 244 199 122 284 173 129 73 124 297 151 254 132 62
internal_count=2594 1513 1081 638 875 710 221 588 417 546 340 535 459 159 206 165 422 244 199 122 284 173 129 73 124 297 151 254 132 62
is_linear=0
shrinkage=0.03


Tree=12
num_leaves=31
num_cat=0
split_feature=4 14 18 0 4 14 5 2 8 4 8 12 4 14 7 6 5 16 0 18 0 1 4 5 1 8 6 12 8 12
split_gain=1209.73 131.704 92.9021 87.3061 86.8914 49.0101 40.7113 30.8739 29.0016 20.1957 18.8886 18.3297 18.2968 15.9203 15.0728 14.8474 12.9839 11.6234 10.4248 9.92594 8.98374 7.61064 7.58345 7.29862 6.46862 5.62425 5.60895 5.41611 4.81043 4.30554
threshold=0.10385000000000001 -0.12895393258426963 4.5000000000000009 0.30040000000000006 0.030600000000000006 -0.3100426966292133 0.22590000000000002 0.00085000000000000017 0.19185000000000002 0.22770000000000004 0.19750000000000004 -0.93697078651685384 0.04685000000000001 0.0085865168539325815 -0.3098999999999999 -0.0016999999999999997 0.22360000000000002 6.8233606741572439 0.37145 4.5000000000000009 0.049150000000000006 0.29910000000000009 0.030600000000000006 0.22590000000000002 0.11285000000000002 0.19355000000000003 -0.0028499999999999997 -0.19338202247190669 0.19355000000000003 1.1377595505617999
decision_type=2 2 2 2 2 2 2 2 2 2 2 2 2 2 2 2 2 2 2 2 2 2 2 2 2 2 2 2 2 2
left_child=1 2 5 9 6 12 10 8 21 -2 17 -7 23 19 26 -11 -10 -3 -15 27 -17 -6 -13 -1 -9 -20 -8 28 -5 -21
right_child=3 4 -4 13 7 11 14 24 16 15 -12 22 -14 18 -16 20 -18 -19 25 29 -22 -23 -24 -25 -26 -27 -28 -29 -30 -31
leaf_value=0.04922563505608861 -0.024153765262378089 0.039977058238130171 -0.0032897576325219536 -0.003867965284734964 0.023099946487480625 0.026434817546430754 0.027559831252853044 0.0070602517435450797 0.015080099115512851 -0.053416995803037513 0.032471260871408392 0.0085447686621254043 0.015092799964507943 -0.020160943038546694 0.023099946487480625 -0.041134095282426897 0.0070602517435450797 0.054959630675175612 -0.0032897576325219536 -0.024153765262378089 -0.031033300404948942 0.015133264079534758 -0.0032897576325219536 0.031325151973926435 -0.0032897576325219536 -0.012120451154299529 0.032471260871408392 -0.020734457506611941 -0.01856774251569401 -0.014051398166650256
leaf_weight=41 113 68 253 51 146 34 73 30 30 39 104 70 38 65 108 112 93 85 94 102 271 108 55 41 34 83 102 75 33 43
leaf_count=41 113 68 253 51 146 34 73 30 30 39 104 70 38 65 108 112 93 85 94 102 271 108 55 41 34 83 102 75 33 43
internal_value=0 0.0174875 0.00546818 -0.024067 0.0240056 0.0178275 0.0320742 0.0141257 0.0174103 -0.0326799 0.0407181 0.00690422 0.0323009 -0.0156276 0.0242245 -0.0357827 0.00706025 0.0474829 -0.00988606 -0.0201982 -0.0339871 0.0230999 0.00159189 0.0402754 -0.00328976 -0.00611279 0.0320197 -0.0148748 -0.00964288 -0.0241538
internal_weight=0 1513 532 1081 981 279 540 441 377 535 257 159 120 546 283 422 123 153 242 304 383 254 125 82 64 177 175 159 84 145
internal_count=2594 1513 532 1081 981 279 540 441 377 535 257 159 120 546 283 422 123 153 242 304 383 254 125 82 64 177 175 159 84 145
is_linear=0
shrinkage=0.03


Tree=13
num_leaves=31
num_cat=0
split_feature=0 0 3 3 8 18 0 0 15 8 3 13 12 12 17 5 13 3 0 16 5 12 8 13 7 3 13 12 15 0
split_gain=940.55 173.014 198.595 150.403 64.0374 58.515 40.6623 31.5334 28.9533 24.3804 24.2314 21.4409 20.5758 20.5747 27.8754 18.2537 14.9887 12.3565 12.0784 10.1881 9.63562 7.4809 5.49653 3.97609 3.74602 5.15075 4.92484 3.6031 3.28569 1.51706
threshold=0.61650000000000016 0.11895000000000001 0.06795000000000001 0.010600000000000002 0.20145000000000005 4.5000000000000009 0.85145000000000015 0.0032500000000000007 8.9967910112359579 0.19155000000000003 0.11370000000000001 -3.3162404494382041 -1.6266842696629238 0.05071685393258641 -0.0022185393258427051 0.26625000000000004 3.0847595505617957 0.4391000000000001 0.87335000000000007 26.560249438202337 0.21230000000000002 -1.6572831460674153 0.18370000000000003 2.6790528089887649 -0.42994999999999994 0.26600000000000007 -0.40174044943820414 2.0298039325842727 8.9967910112359579 0.41285000000000011
decision_type=2 2 2 2 2 2 2 2 2 2 2 2 2 2 2 2 2 2 2 2 2 2 2 2 2 2 2 2 2 2
left_child=1 7 -3 5 6 11 16 10 13 18 -1 -2 29 -7 -15 19 28 24 -8 -13 -11 -10 -17 -14 25 -9 -26 -25 -5 -4
right_child=3 2 12 4 -6 8 9 17 21 20 -12 15 23 14 -16 22 -18 -19 -20 -21 -22 -23 -24 27 26 -27 -28 -29 -30 -31
leaf_value=-0.071252247185299267 0.0145608771443367 -0.00091375424328124066 -0.012819822533405386 0.0061891177804592277 -0.00091375424328124066 -0.00091375424328124066 0.024604390262633408 -0.024442118139414354 0.020757277989212203 0.024604390262633408 -0.04265710080968467 0.042841766774654386 -0.024442118139414354 0.0067989933689629346 0.037788374382184776 0.035651925861462944 0.014907949050912216 -0.04265710080968467 0.043015551586346373 0.059995857752859594 0.014907949050912216 0.03837082997523248 0.019573548787063168 -0.015243803192304608 -0.029841527543517189 -0.029841527543517189 -0.040655956191569566 -0.024442118139414354 0.012743968050926922 -0.0037952804996779091
leaf_weight=38 30 324 30 265 128 44 45 60 34 55 43 141 356 72 41 50 72 40 58 40 116 60 31 92 41 74 50 36 90 38
leaf_count=38 30 324 30 265 128 44 45 60 34 55 43 141 356 72 41 50 72 40 58 40 116 60 31 92 41 74 50 36 90 38
internal_value=0 -0.0190086 -0.0119142 0.0171811 0.0091422 0.0294541 0.013292 -0.03697 0.018832 0.0223118 -0.0533513 0.0385847 -0.0236258 0.010948 0.0180429 0.0413355 0.00750411 -0.0319629 0.0338422 0.0466327 0.0153666 0.032 0.0294985 -0.0244421 -0.0290879 -0.0258979 -0.0337851 -0.0184857 0.00618912 -0.0077767
internal_weight=0 1222 876 1372 829 543 701 346 251 274 81 292 552 157 113 262 427 265 103 181 171 94 81 484 225 134 91 128 355 68
internal_count=2594 1222 876 1372 829 543 701 346 251 274 81 292 552 157 113 262 427 265 103 181 171 94 81 484 225 134 91 128 355 68
is_linear=0
shrinkage=0.03


Tree=14
num_leaves=31
num_cat=0
split_feature=4 14 18 0 4 14 5 2 8 4 8 0 4 14 7 6 5 16 0 18 5 0 17 5 5 8 14 15 6 8
split_gain=1074.46 122.315 84.8126 76.3736 75.9852 45.0767 35.5863 28.9006 27.7299 18.4357 17.4278 16.5751 16.0124 14.822 14.5254 13.088 11.8184 10.7042 9.50796 9.46676 9.38192 7.91504 6.75689 6.17223 5.98073 5.34215 5.11465 4.69535 4.63521 4.57557
threshold=0.10385000000000001 -0.12895393258426963 4.5000000000000009 0.30040000000000006 0.030600000000000006 -0.3100426966292133 0.22590000000000002 0.00085000000000000017 0.19185000000000002 0.22770000000000004 0.19750000000000004 0.82840000000000014 0.04685000000000001 0.0085865168539325815 -0.3098999999999999 -0.0016999999999999997 0.22360000000000002 6.8233606741572439 0.37145 4.5000000000000009 0.22590000000000002 0.049150000000000006 0.0022775280898876264 0.22590000000000002 0.34515000000000001 0.19355000000000003 -0.030868539325842711 -1.2653011235955052 -0.0028499999999999997 0.19355000000000003
decision_type=2 2 2 2 2 2 2 2 2 2 2 2 2 2 2 2 2 2 2 2 2 2 2 2 2 2 2 2 2 2
left_child=1 2 5 9 6 12 10 8 24 -2 17 -7 23 19 28 -11 -10 -3 -15 26 -13 -17 -9 -1 -6 -20 29 -23 -8 -5
right_child=3 4 -4 13 7 11 14 22 16 15 -12 20 -14 18 -16 21 -18 -19 25 -21 -22 27 -24 -25 -26 -27 -28 -29 -30 -31
leaf_value=0.046311908760448779 -0.022810574147843751 0.03774383213761489 -0.0031482409201190609 -0.0057255982878782292 0.021867520293119769 -0.002887649556089725 0.026240601863967525 -0.0031482409201190609 0.0143109648738963 -0.050318745827445617 0.030630919814029964 0.025375044826418159 0.014523056561715509 -0.019108786845472282 0.021867520293119769 -0.038784782341016184 0.0067544094546728292 0.052040925127618452 -0.0031482409201190609 -0.022810574147843751 0.0068140564812679914 -0.034044288859315368 0.0067544094546728292 0.029850560942289939 0.015368514848049988 -0.011617739255291464 -0.022810574147843751 -0.028286395198089807 0.030630919814029964 -0.01775057408854137
leaf_weight=41 113 68 253 68 125 84 73 33 30 39 104 45 38 65 108 112 93 85 94 145 30 135 31 41 129 83 42 136 102 49
leaf_count=41 113 68 253 68 125 84 73 33 30 39 104 45 38 65 108 112 93 85 94 145 30 135 31 41 129 83 42 136 102 49
internal_value=0 0.0164329 0.00484997 -0.0227294 0.0227144 0.0167407 0.0302597 0.0134754 0.0166571 -0.0307851 0.0383412 0.0062649 0.0306211 -0.0148361 0.0229206 -0.0337622 0.00675441 0.0448567 -0.00929612 -0.0192462 0.0165158 -0.0320763 -0.00314824 0.0380812 0.0218675 -0.0056926 -0.0139858 -0.0293038 0.0306137 -0.0107617
internal_weight=0 1513 532 1081 981 279 540 441 377 535 257 159 120 546 283 422 123 153 242 304 75 383 64 82 254 177 159 271 175 117
internal_count=2594 1513 532 1081 981 279 540 441 377 535 257 159 120 546 283 422 123 153 242 304 75 383 64 82 254 177 159 271 175 117
is_linear=0
shrinkage=0.03


Tree=15
num_leaves=31
num_cat=0
split_feature=4 3 0 0 18 18 14 15 16 14 3 5 0 15 6 12 2 14 5 13 5 12 3 14 3 3 14 13 3 3
split_gain=1058.08 148.024 75.0219 67.1816 49.8771 48.6872 41.6522 35.0247 30.3549 29.6501 26.1324 25.1806 23.6523 22.2556 18.8311 15.105 12.2862 10.1677 9.83546 8.81133 7.48859 6.15445 6.20033 3.85761 3.45263 4.63926 2.92506 2.63497 2.40525 2.53649
threshold=0.10385000000000001 0.010600000000000002 0.56540000000000012 0.37145 4.5000000000000009 4.5000000000000009 -0.13795393258426963 -1.6509589887640448 29.233444943820249 0.40500112359550566 0.085450000000000012 0.21925000000000003 0.092950000000000019 8.9967910112359579 -0.0024499999999999995 -1.5357831460674143 0.13485000000000003 0.018131460674157333 0.26625000000000004 -3.2082404494382035 0.31725000000000009 1.0634898876404526 0.13615000000000002 -0.12895393258426963 0.4391000000000001 0.046950000000000013 -0.26054269662921331 5.1930528089887646 0.075750000000000012 0.11255000000000003
decision_type=2 2 2 2 2 2 2 2 2 2 2 2 2 2 2 2 2 2 2 2 2 2 2 2 2 2 2 2 2 2
left_child=1 4 -3 12 9 8 26 17 11 14 23 -4 16 -7 -1 -12 24 -8 -9 -16 -14 -17 -23 -5 25 -2 -6 -15 -22 -30
right_child=3 2 5 10 6 13 7 18 -10 -11 15 -13 20 27 19 21 -18 -19 -20 -21 28 22 -24 -25 -26 -27 -28 -29 29 -31
leaf_value=0.018305155904045405 -0.039923146009445187 -0.0030708730481220263 0.034199071594630363 -0.012032855364858456 0.0077080135860226372 0.004854102655879996 0.020519436623435468 0.043136469709376492 0.045457710768279959 0.060637754835188379 -0.0030708730481220263 0.01335524197788587 -0.020548152435184749 0.014958402256108819 0.027094743233492695 -0.020548152435184749 -0.052840317389176737 3.9762794855050739e-05 0.025003578134509194 0.038559086842261864 -0.023400722992410215 -0.0030708730481220263 -0.019896832418494988 -0.0030708730481220263 -0.042106412437654304 -0.029375400386983375 -0.0030708730481220263 0.024655150367241158 -0.029375400386983375 -0.025519328150345664
leaf_weight=71 45 163 64 46 33 209 48 72 38 36 50 282 85 75 39 163 31 40 43 202 61 36 42 85 31 163 54 38 63 209
leaf_count=71 45 163 64 46 33 209 48 72 38 36 50 282 85 75 39 163 31 40 43 202 61 36 42 85 31 163 54 38 63 209
internal_value=0 0.0162281 0.00817194 -0.0223699 0.0272013 0.0127791 0.0180126 0.0254557 0.020006 0.0348585 -0.0129462 0.0172107 -0.0281501 0.0048541 0.0318839 -0.0179787 -0.0350712 0.0112105 0.0363563 0.0358843 -0.0236796 -0.0205482 -0.0120655 -0.00307087 -0.0327664 -0.0313744 0.000645402 0.0182193 -0.0262533 -0.027634
internal_weight=0 1507 869 1110 638 706 290 203 384 348 422 346 688 322 312 291 270 88 115 241 418 241 78 131 239 208 87 113 333 272
internal_count=2617 1507 869 1110 638 706 290 203 384 348 422 346 688 322 312 291 270 88 115 241 418 241 78 131 239 208 87 113 333 272
is_linear=0
shrinkage=0.03


Tree=16
num_leaves=31
num_cat=0
split_feature=4 3 6 18 8 4 16 7 6 15 1 4 6 12 17 16 3 3 16 3 3 13 12 12 4 3 13 13 13 16
split_gain=991.515 140.759 65.6259 46.8509 42.2035 37.1413 27.9358 27.1694 27.0652 23.2421 18.8252 31.6898 17.6671 17.5819 43.4509 17.5349 16.601 16.5227 13.8162 13.8053 11.9967 8.40807 7.38716 3.51827 2.91985 1.8145 1.29822 0.459021 0.95046 0.416801
threshold=0.10385000000000001 0.010600000000000002 0.016500000000000004 4.5000000000000009 0.19185000000000002 0.13925000000000001 29.233444943820249 -0.31124999999999997 0.055350000000000003 8.9967910112359579 0.31080000000000002 0.37785000000000007 -0.0024499999999999995 0.05071685393258641 0.0011758426966292093 31.104215730336993 0.06795000000000001 0.072800000000000017 -23.769555056179737 0.13615000000000002 0.13735000000000003 -3.2082404494382035 -1.6266842696629238 -1.5966842696629227 0.27155000000000001 0.0070500000000000007 -0.85197977528089808 2.2225887640449451 -1.3398426966292136 32.570215730337061
decision_type=2 2 2 2 2 2 2 2 2 2 2 2 2 2 2 2 2 2 2 2 2 2 2 2 2 2 2 2 2 2
left_child=1 3 7 6 17 19 12 16 -6 13 11 20 25 -5 -15 24 -3 18 -4 27 -7 -14 -22 -11 -12 -1 -26 28 -2 -13
right_child=5 2 4 9 8 10 -8 -9 -10 23 15 29 21 14 -16 -17 -18 -19 -20 -21 22 -23 -24 -25 26 -27 -28 -29 -30 -31
leaf_value=0.021858413384818448 -0.0030081090655946839 0.0073141590088400257 0.017276582245384579 -0.0030081090655946839 0.0073141590088400257 -0.016043718980785715 0.058818620108067987 -0.0030081090655946839 0.017276582245384579 0.023421158148822459 -0.027479485305373329 -0.027479485305373329 0.026269607996678112 0.0084559607318702278 0.049109180375933648 -0.053387714047585758 0.0015222113054328325 0.017276582245384579 0.037593123983059605 -0.016043718980785715 -0.016043718980785715 0.037402314301003874 -0.022136867420437342 0.034999236275496726 -0.038596661921590565 0.012149371158331633 -0.030731513726841866 -0.0030081090655946839 -0.0099103571958839877 -0.022136867420437342
leaf_weight=41 39 235 35 53 200 224 36 89 73 44 73 284 39 112 30 31 84 48 105 47 34 202 201 51 30 30 35 41 30 41
leaf_count=41 39 235 35 53 200 224 36 89 73 44 73 284 39 112 30 31 84 48 105 47 34 202 201 51 30 30 35 41 30 41
internal_value=0 0.0156739 0.00781791 0.0263744 0.0155737 -0.0216902 0.0337957 -0.000945424 0.00804118 0.0174689 -0.0239175 -0.0219599 0.0309084 0.0115409 0.0170447 -0.0329991 0.00605253 0.026512 0.0321343 -0.00816991 -0.0167942 0.0347832 -0.0221369 0.0296368 -0.028419 0.017756 -0.0339835 -0.00300811 -0.00589189 -0.0274795
internal_weight=0 1507 869 638 461 1110 348 408 273 290 953 784 312 195 142 169 319 188 140 157 459 241 235 95 138 71 65 110 69 325
internal_count=2617 1507 869 638 461 1110 348 408 273 290 953 784 312 195 142 169 319 188 140 157 459 241 235 95 138 71 65 110 69 325
is_linear=0
shrinkage=0.03


Tree=17
num_leaves=25
num_cat=0
split_feature=4 0 5 0 8 16 7 14 16 0 14 16 4 8 0 1 2 5 14 16 14 8 12 12
split_gain=929.173 111.12 96.0102 60.2003 60.0232 40.2471 31.2422 27.9951 27.9688 21.7731 20.2466 16.9277 12.0694 11.514 9.06377 6.24663 4.92403 4.17612 3.768 3.34381 0.998526 0.786299 1.15035 0.783967
threshold=0.10385000000000001 0.53880000000000006 0.22360000000000002 0.37145 0.19185000000000002 -23.769555056179737 -0.37404999999999994 -0.12895393258426963 31.104215730336993 0.0032500000000000007 0.17668651685393275 28.526944943820187 0.22770000000000004 0.19140000000000004 0.071800000000000017 0.43125000000000008 0.00015000000000000004 0.34895000000000004 -0.12895393258426963 33.094215730337062 -0.27054269662921332 0.19205000000000003 1.1112595505617977 1.0902595505618005
decision_type=2 2 2 2 2 2 2 2 2 2 2 2 2 2 2 2 2 2 2 2 2 2 2 2
left_child=1 6 5 9 7 -3 -1 -4 11 15 13 -7 -11 16 23 -2 18 -16 -5 -10 -15 -12 -23 -14
right_child=3 2 4 10 -6 8 -8 -9 19 12 21 -13 14 20 17 -17 -18 -19 -20 -21 -22 22 -24 -25
leaf_value=0.0078560471075383078 -0.034568085613159029 0.020665080596583285 0.013570460749262271 -0.0094460116624372394 0.0078560471075383078 0.036251782565864157 -0.0029431466630107333 0.020665080596583285 0.020665080596583285 -0.019303860668796038 -0.0029431466630107333 0.060014751143753528 -0.033601528832009113 -0.014109919715580781 -0.023170754616326131 -0.052776647575199606 -0.014109919715580781 -0.028176477577064193 -0.0029431466630107333 0.029578347265720364 -0.019303860668796038 -0.0050657524731953446 -0.011589060697644468 -0.02906544539305073
leaf_weight=122 39 112 185 42 260 268 114 341 30 134 48 30 101 42 177 30 36 176 48 45 143 32 31 31
leaf_count=122 39 112 185 42 260 268 114 341 30 134 48 30 101 42 177 30 36 176 48 45 143 32 31 31
internal_value=0 0.0151421 0.0186552 -0.0210283 0.0121783 0.0291518 -0.00294315 0.0192849 0.0344768 -0.0265 -0.0121077 0.038644 -0.0247182 -0.0160792 -0.0270376 -0.0424849 -0.00891598 -0.0245294 -0.0047821 0.0206651 -0.0193039 -0.00294315 -0.00718836 -0.0336015
internal_weight=0 1507 1271 1110 786 485 236 526 373 688 422 298 619 311 485 69 126 353 90 75 185 111 63 132
internal_count=2617 1507 1271 1110 786 485 236 526 373 688 422 298 619 311 485 69 126 353 90 75 185 111 63 132
is_linear=0
shrinkage=0.03


Tree=18
num_leaves=31
num_cat=0
split_feature=4 3 0 0 18 14 14 16 3 5 0 15 6 14 15 14 2 15 15 5 18 7 16 3 3 7 3 13 15 15
split_gain=868.326 129.987 64.9958 56.3883 46.0116 44.2965 36.1231 28.1221 24.0799 21.7497 20.6475 18.9193 18.6673 16.8709 14.9273 12.0575 11.1543 6.97023 10.1605 6.65989 5.20735 3.79806 3.62096 3.27687 3.93812 2.60147 2.5349 2.44946 2.1576 1.73628
threshold=0.10385000000000001 0.010600000000000002 0.56540000000000012 0.37145 4.5000000000000009 -0.12895393258426963 -0.31581348314606728 29.233444943820249 0.085450000000000012 0.21925000000000003 0.092950000000000019 8.9967910112359579 -0.0024499999999999995 0.40500112359550566 -1.6509589887640448 0.17668651685393275 0.13485000000000003 6.3787910112359567 -1.8483011235955054 0.31725000000000009 4.5000000000000009 -0.32869999999999994 24.33174943820234 0.4391000000000001 0.046950000000000013 -0.36204999999999993 0.0032500000000000007 5.1930528089887646 -12.533024719101123 -0.48236685393258488
decision_type=2 2 2 2 2 2 2 2 2 2 2 2 2 2 2 2 2 2 2 2 2 2 2 2 2 2 2 2 2 2
left_child=1 5 -3 10 7 6 26 9 21 -4 16 -6 20 14 -14 25 23 18 -8 -12 -7 -5 -17 24 -2 -10 -1 -13 -21 -30
right_child=3 2 4 8 11 12 17 -9 15 -11 19 27 13 -15 -16 22 -18 -19 -20 28 -22 -23 -24 -25 -26 -27 -28 -29 29 -31
leaf_value=0.038289288437614838 -0.03647770332296689 -0.0028984432595708085 0.031550453236013708 -0.0028984432595708085 0.0042484812247338011 0.02494024210070309 0.0025025229414718016 0.042950082344836306 -0.011191612339907271 0.012178609897035788 -0.018712463108993063 0.01356533617042005 0.026716235815074815 0.048296612797365072 0.039468661910350165 -0.0028984432595708085 -0.049074377561769175 -0.0015302420202642679 0.021578834429383277 -0.026821855830390831 0.010713830019275729 -0.012795890648849308 -0.012995948750982419 -0.039046688733562346 -0.026821855830390831 -0.018712463108993063 0.02648169146478176 0.022914504122577214 -0.021346598247975666 -0.025168074871818987
leaf_weight=36 45 163 64 91 209 57 54 38 51 282 85 75 144 62 109 36 31 60 47 35 39 40 39 31 163 165 30 38 143 155
leaf_count=36 45 163 64 91 209 57 54 38 51 282 85 75 144 62 109 36 31 60 47 35 39 40 39 31 163 165 30 38 143 155
internal_value=0 0.0145846 0.00703514 -0.0203815 0.0113954 0.0248674 0.0142308 0.0184523 -0.0117479 0.0157618 -0.0256771 0.00424848 0.0307421 0.0342717 0.0308348 -0.0166112 -0.0321435 0.00656849 0.0113796 -0.0215002 0.0191608 -0.00289844 -0.00599158 -0.0299475 -0.0285914 -0.0187125 0.0329222 0.0167093 -0.0239807 -0.0228802
internal_weight=0 1507 869 1110 706 638 227 384 422 346 688 322 411 315 253 291 270 161 101 418 96 131 75 239 208 216 66 113 333 298
internal_count=2617 1507 869 1110 706 638 227 384 422 346 688 322 411 315 253 291 270 161 101 418 96 131 75 239 208 216 66 113 333 298
is_linear=0
shrinkage=0.03


Tree=19
num_leaves=30
num_cat=0
split_feature=0 0 3 3 8 7 14 18 14 15 18 3 12 18 16 17 17 3 14 12 14 0 13 0 3 3 0 14 3
split_gain=693.278 139.944 159.039 113.993 52.7399 50.2539 42.5535 38.2682 36.5378 27.8114 24.9295 31.4842 21.0635 18.7796 18.3699 9.30396 8.50161 7.22176 6.85317 6.16442 5.04983 4.37774 3.9438 4.24675 3.25776 3.88964 2.87986 2.22458 1.04511
threshold=0.61650000000000016 0.096300000000000011 0.06795000000000001 0.010600000000000002 0.20170000000000002 -0.35199999999999992 0.35813146067415735 4.5000000000000009 -0.13795393258426963 -1.6509589887640448 4.5000000000000009 0.042750000000000003 -1.6266842696629238 3.5000000000000004 26.560249438202337 -0.0073202247191011252 -0.0013202247191011205 0.042750000000000003 0.018131460674157333 0.076716853932586218 -0.12895393258426963 0.37145 2.2225887640449451 0.24995000000000003 0.4391000000000001 0.046950000000000013 0.016600000000000004 -0.26054269662921331 0.0055500000000000002
decision_type=2 2 2 2 2 2 2 2 2 2 2 2 2 2 2 2 2 2 2 2 2 2 2 2 2 2 2 2 2
left_child=1 5 -3 7 6 24 10 14 27 18 11 -5 21 -8 15 28 -16 -15 -10 -11 -17 -4 -14 -24 25 -1 -27 -9 -2
right_child=3 2 12 4 -6 -7 13 8 9 19 -12 -13 22 17 16 20 -18 -19 -20 -21 -22 -23 23 -25 -26 26 -28 -29 -30
leaf_value=-0.03538337230542675 0.022693999364972114 -0.00073929798363872254 -0.014677124217513108 0.022714574658583536 -0.00073929798363872254 -0.062519425122027697 0.044433506197835267 0.0073160920316173179 0.017822005908209378 0.04073127004478512 0.0053682330777440031 0.0053682330777440031 -0.022317013917998483 0.026352164740192478 0.036023471577093007 0.025077340016806761 0.058425913766747523 0.0097825737992534422 -0.00073929798363872254 0.025742025513115316 0.036062711574461143 -0.00073929798363872254 -0.022317013917998483 -0.015347443310797402 -0.037875287936579793 -0.032726387504774787 -0.023508384833112357 -0.00073929798363872254 0.014775262275710702
leaf_weight=45 30 349 31 180 114 47 38 31 41 58 241 140 323 58 30 56 31 40 30 43 115 48 64 152 31 39 140 42 30
leaf_count=45 30 349 31 180 114 47 38 31 41 58 241 140 323 58 30 56 31 40 30 43 115 48 64 152 31 39 140 42 30
internal_value=0 -0.0161873 -0.0106198 0.0147087 0.00760974 -0.0340142 0.0114758 0.0254298 0.0166867 0.0242354 0.00782604 0.0143518 -0.0203445 0.0265309 0.0327655 0.0288988 0.0474083 0.0195891 0.0098474 0.0343497 0.0324652 -0.00587318 -0.022317 -0.0182565 -0.0287603 -0.0274989 -0.0255168 -0.000739298 0.0187346
internal_weight=0 1269 967 1348 811 302 697 537 245 172 561 320 618 136 292 231 61 98 71 101 171 79 539 216 255 224 179 73 60
internal_count=2617 1269 967 1348 811 302 697 537 245 172 561 320 618 136 292 231 61 98 71 101 171 79 539 216 255 224 179 73 60
is_linear=0
shrinkage=0.03


Tree=20
num_leaves=30
num_cat=0
split_feature=0 5 0 8 0 14 14 14 0 0 13 16 16 2 18 14 16 16 15 8 0 14 8 15 12 14 7 18 14
split_gain=636.927 118.98 106.837 93.9092 31.3068 30.5578 28.9466 25.4674 22.3218 16.9893 16.073 16.046 13.9951 12.5501 10.0646 16.2468 6.68736 5.85913 5.77044 3.75846 4.27483 3.51305 2.42751 2.39277 2.98226 1.80726 1.46924 1.37512 6.67889
threshold=0.62315000000000009 0.22360000000000002 0.11895000000000001 0.19185000000000002 0.82840000000000014 0.018131460674157333 -0.13795393258426963 -0.12895393258426963 0.0032500000000000007 0.37145 2.6790528089887649 6.8233606741572439 31.104215730336993 0.085700000000000012 3.5000000000000004 -0.14745393258426964 29.233444943820249 29.485140449438124 -0.48236685393258488 0.16835000000000003 0.05655000000000001 -0.0049134831460674313 0.19205000000000003 24.618062359550567 1.1752595505617995 -0.31581348314606728 -0.42254999999999993 4.5000000000000009 -0.3100426966292133
decision_type=2 2 2 2 2 2 2 2 2 2 2 2 2 2 2 2 2 2 2 2 2 2 2 2 2 2 2 2 2
left_child=2 4 8 6 -2 10 25 27 13 23 14 18 -13 -1 15 -4 -12 19 -9 26 -21 -16 -11 24 -7 -3 -10 28 -6
right_child=1 3 5 -5 7 9 -8 11 17 22 16 12 -14 -15 21 -17 -18 -19 -20 20 -22 -23 -24 -25 -26 -27 -28 -29 -30
leaf_value=-0.034952509614931897 0.016028996426482325 0.016028996426482325 -0.019763864937416286 -0.0011322723484928239 0.036784033465158683 -0.010902483819560571 0.016028996426482325 0.022159527178201577 -0.020235853785847281 -0.0011322723484928239 -0.0011322723484928239 0.045367991529405113 0.026608052803751302 -0.056295616779333119 -0.020235853785847281 -0.0011322723484928239 -0.013723499459524949 -0.034462018409057667 0.030366851357725735 -0.034952509614931897 -0.024978136355469246 -0.013219338438490272 -0.0063310512635631651 -0.0063310512635631651 -0.020235853785847281 0.0071900799049578806 -0.024978136355469246 0.022159527178201577 0.022159527178201577
leaf_weight=40 32 47 89 350 46 110 342 30 96 150 56 120 51 39 204 63 45 57 107 32 42 70 63 31 32 110 47 65 52
leaf_count=40 32 47 89 350 46 110 342 30 96 150 56 120 51 39 204 63 45 57 107 32 42 70 63 31 32 110 47 65 52
internal_value=0 0.013673 -0.0159375 0.00682283 0.0252352 -0.0105186 0.0155124 0.0282901 -0.0299531 -0.0041056 -0.0152157 0.0336439 0.0397729 -0.0440026 -0.0177668 -0.0114792 -0.0044558 -0.0259024 0.0259938 -0.023654 -0.0291424 -0.0202359 -0.00113227 -0.0115298 -0.013266 0.00719008 -0.0208138 0.0221595 0.0284089
internal_weight=0 1352 1266 849 503 913 499 471 353 386 527 308 171 79 426 152 101 274 137 217 74 274 213 173 142 157 143 163 98
internal_count=2618 1352 1266 849 503 913 499 471 353 386 527 308 171 79 426 152 101 274 137 217 74 274 213 173 142 157 143 163 98
is_linear=0
shrinkage=0.03


Tree=21
num_leaves=31
num_cat=0
split_feature=4 14 3 18 6 0 8 0 16 14 4 16 16 16 14 0 6 3 8 12 4 12 18 4 18 5 3 3 17 3
split_gain=716.009 120.105 68.5497 62.6506 60.561 45.669 39.5421 29.3277 25.3544 19.2825 15.9652 15.864 15.4647 14.0849 12.7337 11.0824 10.0615 8.8565 8.74197 7.68432 6.16418 5.97803 5.23512 4.90589 4.54368 3.86647 3.75518 3.25273 3.23744 1.91794
threshold=0.10385000000000001 -0.12895393258426963 0.064250000000000015 4.5000000000000009 0.03765000000000001 0.3040500000000001 0.20170000000000002 0.82840000000000014 -41.099750561797627 0.0085865168539325815 0.22770000000000004 6.8233606741572439 26.560249438202337 31.104215730336993 -0.3100426966292133 0.62315000000000009 -0.0016999999999999997 0.13615000000000002 0.19185000000000002 -1.5966842696629227 0.48930000000000007 1.0634898876404526 4.5000000000000009 0.31575000000000003 4.5000000000000009 0.22210000000000002 0.010600000000000002 0.083850000000000022 -0.0067146067415730362 0.11255000000000003
decision_type=2 2 2 2 2 2 2 2 2 2 2 2 2 2 2 2 2 2 2 2 2 2 2 2 2 2 2 2 2 2
left_child=1 3 4 7 6 10 8 12 -3 21 -2 24 -1 -13 26 -4 -12 23 -17 -19 29 22 27 -11 -6 -16 -9 -7 -22 -18
right_child=5 2 15 -5 11 9 -8 14 -10 17 16 13 -14 -15 25 18 20 19 -20 -21 28 -23 -24 -25 -26 -27 -28 -29 -30 -31
leaf_value=-0.0030595599498469037 -0.018870971003307632 0.0076346377194948965 -0.0030595599498469037 -0.0030595599498469037 0.032176161662209775 -0.0062066170473449997 -0.0030595599498469037 0.038413222517599079 0.02096686576783318 -0.0030595599498469037 -0.041423861240460116 0.043786062104627488 0.011817849926693645 0.025590256006710908 0.02048281437009573 0.017022033557295799 -0.027506083791937308 -0.0030595599498469037 0.0020099822410025968 -0.018870971003307632 -0.033861975047641039 -0.0083505455519144352 -0.018870971003307632 -0.013447235423539365 0.024048808705927512 0.011817849926693645 0.024094830859685317 -0.015896565279161386 -0.027506083791937308 -0.023343441073675367
leaf_weight=90 122 41 33 257 64 42 36 34 434 115 44 126 35 55 50 47 60 30 59 55 74 52 93 42 84 30 32 121 63 198
leaf_count=90 122 41 33 257 64 42 36 34 434 115 44 126 35 55 50 47 60 30 59 55 74 52 93 42 84 30 32 121 63 198
internal_value=0 0.0128121 0.0190318 0.00127967 0.022261 -0.0189312 0.0157976 0.0125849 0.0183288 -0.0127883 -0.0249537 0.0323 0.00191902 0.0382569 0.0217167 -0.000483029 -0.0278159 -0.00645119 0.00707952 -0.0143079 -0.0263001 -0.0177674 -0.018871 -0.00305956 0.0250149 0.0136694 0.031471 -0.0133998 -0.031443 -0.0235692
internal_weight=0 1507 979 528 840 1111 511 271 475 550 561 329 125 181 146 139 439 242 106 85 395 308 256 157 148 80 66 163 137 258
internal_count=2618 1507 979 528 840 1111 511 271 475 550 561 329 125 181 146 139 439 242 106 85 395 308 256 157 148 80 66 163 137 258
is_linear=0
shrinkage=0.03


Tree=22
num_leaves=31
num_cat=0
split_feature=4 14 5 8 14 0 6 17 6 14 17 4 0 14 7 6 14 14 4 17 15 13 15 13 13 14 6 8 4 14
split_gain=669.644 113.596 60.0665 68.6433 56.4552 42.6071 27.2338 21.8561 21.1962 18.8695 17.3761 11.383 12.9931 8.77314 8.5517 7.0735 6.66329 6.12423 5.83246 5.41535 5.30887 4.83903 7.83744 4.12976 2.39724 2.37438 1.94898 0.884474 0.446602 0.57189
threshold=0.10385000000000001 -0.12895393258426963 0.22360000000000002 0.19185000000000002 -0.35299887640449434 0.37145 0.051900000000000009 -0.0013202247191011205 -0.0035499999999999998 0.0085865168539325815 0.030277528089887654 0.22770000000000004 0.071800000000000017 0.41254606741573041 -0.37094999999999995 0.021150000000000006 0.089046067415730359 0.35813146067415735 0.032200000000000006 0.014679775280898895 -12.533024719101123 -1.4773426966292147 -6.8223011235955049 -1.3783426966292127 2.3141398876404495 -0.11695393258426963 0.0042000000000000006 0.19235000000000002 0.16185000000000002 0.029631460674157343
decision_type=2 2 2 2 2 2 2 2 2 2 2 2 2 2 2 2 2 2 2 2 2 2 2 2 2 2 2 2 2 2
left_child=1 4 7 8 18 11 -6 -3 13 14 23 28 16 -4 -7 -5 25 -17 -1 -8 -14 -11 -23 -9 -16 -13 -22 -12 -2 -30
right_child=5 2 3 15 6 9 19 10 -10 21 27 12 20 -15 24 17 -18 -19 -20 -21 26 22 -24 -25 -26 -27 -28 -29 29 -31
leaf_value=0.031253560423851016 -0.01709118879432913 0.021054115972725509 0.0084240993270763113 -0.0030134860124761734 -0.0030134860124761734 -0.0030134860124761734 0.0061316472133621566 0.046886989297345284 0.021054115972725509 -0.0030134860124761734 0.026039751495633805 -0.032418421311941864 -0.026792407114846522 0.016445265149552257 -0.01709118879432913 0.00040215741112915247 -0.040581798470682565 0.0084240993270763113 0.015175008983728854 0.020394488340648619 -0.026792407114846522 -0.0030134860124761734 -0.01709118879432913 0.036410687031953229 -0.010052337403402651 -0.026792407114846522 -0.021155757932414213 0.021054115972725509 -0.021155757932414213 -0.018362495843660398
leaf_weight=45 44 86 187 46 350 32 50 48 228 72 35 73 35 56 170 95 54 43 37 46 39 60 58 115 46 52 270 40 64 42
leaf_count=45 44 86 187 46 350 32 50 48 228 72 35 73 35 56 170 95 54 43 37 46 39 60 58 115 46 52 270 40 64 42
internal_value=0 0.0123357 0.0183845 0.0131581 0.00112014 -0.0183626 -0.00301349 0.0289501 0.0192283 -0.0110802 0.0339972 -0.0231022 -0.0252203 0.0118364 -0.0165305 -0.00238008 -0.0317754 0.0038178 0.0239986 0.0129659 -0.0218094 -0.00396623 -0.00920779 0.0394957 -0.0170912 -0.0279711 -0.0211558 0.0220471 -0.0170912 -0.0196338
internal_weight=0 1507 979 655 528 1111 446 324 471 438 238 673 523 243 248 184 179 138 82 96 344 190 118 163 216 125 309 75 150 106
internal_count=2618 1507 979 655 528 1111 446 324 471 438 238 673 523 243 248 184 179 138 82 96 344 190 118 163 216 125 309 75 150 106
is_linear=0
shrinkage=0.03


Tree=23
num_leaves=31
num_cat=0
split_feature=0 3 3 0 5 8 18 0 14 15 12 7 14 16 13 3 5 16 8 8 0 14 12 3 15 18 3 5 5 14
split_gain=529.072 98.3596 92.858 73.2276 58.3468 43.4489 38.0879 33.5121 29.3964 22.9012 21.2037 18.7505 18.6764 17.1567 15.2299 9.782 7.76085 7.2098 7.8439 6.49647 5.78096 4.24703 3.90404 3.78827 3.47912 3.11631 2.9557 2.06239 1.57664 1.30331
threshold=0.62315000000000009 0.010600000000000002 0.056650000000000006 0.11895000000000001 0.21680000000000002 0.19185000000000002 4.5000000000000009 0.24995000000000003 -0.13795393258426963 -1.6509589887640448 -1.6266842696629238 -0.42254999999999993 -0.12895393258426963 26.560249438202337 2.4782084269662925 0.11255000000000003 0.26625000000000004 -23.769555056179737 0.19480000000000003 0.19110000000000002 0.05655000000000001 0.12491573033707866 0.29652921348314548 0.13455000000000003 -7.999708988764044 3.5000000000000004 0.25870000000000004 0.19930000000000003 0.30175000000000007 -0.26054269662921331
decision_type=2 2 2 2 2 2 2 2 2 2 2 2 2 2 2 2 2 2 2 2 2 2 2 2 2 2 2 2 2 2
left_child=2 6 3 11 17 12 13 15 29 24 -9 -1 -6 16 25 -4 19 -3 -19 -2 21 -17 -20 -16 -10 -12 -22 -11 -18 -8
right_child=1 4 7 -5 5 -7 8 10 9 27 14 -13 -14 -15 23 20 28 18 22 -21 26 -23 -24 -25 -26 -27 -28 -29 -30 -31
leaf_value=-0.013829003509308846 0.036064287948608394 0.01331439710342569 -0.040137792751193044 -0.0011160231743441115 0.0047877534678422368 -0.0011160231743441115 0.0053360273372381924 -0.0011160231743441115 0.015844684479292482 0.035460319862915916 -0.01542193638802873 -0.037722811130570022 0.01331439710342569 0.044356979903090614 -0.0044861728025995806 -0.027060507969673426 0.021932924017310142 0.039382389287153874 0.028838049666408228 0.024168486173996074 -0.020854460403015338 -0.040236035181630041 0.013990030400454998 -0.014661076635602512 0.0025956271974031222 -0.020854460403015338 -0.026175835593239119 0.026538649245068945 0.012515588969254168 -0.0011160231743441115
leaf_weight=45 75 30 44 308 119 348 30 64 30 39 99 59 221 58 73 76 32 36 34 92 118 31 30 60 44 174 115 58 32 44
leaf_count=45 75 30 44 308 119 348 30 64 30 39 99 59 221 58 73 76 32 36 34 92 118 31 30 60 44 174 115 58 32 44
internal_value=0 0.0123776 -0.0146096 -0.0029121 0.00583973 0.00235692 0.0223925 -0.0202529 0.0136907 0.0205365 -0.0148813 -0.026542 0.0106915 0.0297695 -0.0174364 -0.0268277 0.0261068 0.0242719 0.0281796 0.0295109 -0.0251052 -0.0308777 0.021878 -0.00907635 0.00796687 -0.0208545 -0.0224543 0.0301257 0.0172243 -0.00111602
internal_weight=0 1352 1266 412 818 688 534 854 245 171 470 104 340 289 406 384 231 130 100 167 340 107 64 133 74 273 233 97 64 74
internal_count=2618 1352 1266 412 818 688 534 854 245 171 470 104 340 289 406 384 231 130 100 167 340 107 64 133 74 273 233 97 64 74
is_linear=0
shrinkage=0.03


Tree=24
num_leaves=27
num_cat=0
split_feature=0 5 0 8 8 14 14 0 16 17 17 0 0 0 2 12 16 14 8 0 15 12 13 8 14 7
split_gain=494.756 93.2555 84.3444 79.8235 28.2081 26.9672 22.9874 20.8639 18.6891 26.3096 14.1721 13.2826 12.6907 12.6707 11.8946 5.7435 5.42698 5.09069 3.33343 3.96004 2.0236 2.62915 1.43856 1.1249 1.10261 0.964517
threshold=0.62315000000000009 0.22360000000000002 0.11895000000000001 0.19185000000000002 0.19900000000000004 0.018131460674157333 -0.13795393258426963 0.0032500000000000007 -23.769555056179737 -0.0013202247191011205 -0.0067146067415730362 0.37145 0.37145 0.86480000000000012 0.085700000000000012 0.076716853932586218 29.485140449438124 -0.14745393258426964 0.16835000000000003 0.05655000000000001 24.618062359550567 1.1752595505617995 2.2742084269662919 0.19205000000000003 -0.31581348314606728 -0.42254999999999993
decision_type=2 2 2 2 2 2 2 2 2 2 2 2 2 2 2 2 2 2 2 2 2 2 2 2 2 2
left_child=2 4 7 6 8 10 24 14 -2 -10 12 20 17 -11 -1 -14 18 -4 25 -20 21 -7 -12 -13 -3 -9
right_child=1 3 5 -5 -6 11 -8 16 9 13 22 23 15 -15 -16 -17 -18 -19 19 -21 -22 -23 -24 -25 -26 -27
leaf_value=-0.031418282569561515 0.020098557543584319 0.014051420811566547 -0.017950912065629793 -0.0010830793612980512 0.014051420811566547 -0.0094239609016274865 0.014051420811566547 -0.017950912065629793 0.020098557543584319 0.020238381041390065 -0.017950912065629793 -0.0010830793612980512 -0.0010830793612980512 0.039551590790718114 -0.052144209272586374 -0.0093011150646143004 -0.030906619778589196 -0.0097397310824857818 -0.031418282569561515 -0.021813177208656276 -0.0055549805868860824 -0.017950912065629793 -0.011102245225154453 -0.0055549805868860824 0.0064495263972234509 -0.021813177208656276
leaf_weight=40 103 47 67 350 101 110 342 96 86 37 193 150 78 176 39 70 57 81 32 42 31 32 38 63 110 47
leaf_count=40 103 47 67 350 101 110 342 96 86 37 193 150 78 176 39 70 57 81 32 42 31 32 38 63 110 47
internal_value=0 0.0119656 -0.0141318 0.00590102 0.0222018 -0.00931688 0.0139821 -0.0265849 0.0261457 0.030366 -0.0137295 -0.00329246 -0.00930112 0.0361967 -0.0401679 -0.0030893 -0.0226687 -0.0155129 -0.0205048 -0.0256754 -0.0100269 -0.0116533 -0.0179509 -0.00108308 0.00644953 -0.0179509
internal_weight=0 1352 1266 849 503 913 499 353 402 299 527 386 296 213 79 148 274 148 217 74 173 142 231 213 157 143
internal_count=2618 1352 1266 849 503 913 499 353 402 299 527 386 296 213 79 148 274 148 217 74 173 142 231 213 157 143
is_linear=0
shrinkage=0.03


Tree=25
num_leaves=29
num_cat=0
split_feature=4 18 14 14 4 5 6 14 2 4 14 14 6 8 5 4 2 12 5 4 14 4 4 4 5 17 8 4
split_gain=575.024 89.6965 57.037 55.018 41.6121 33.984 21.5993 22.1306 21.2128 20.8514 16.19 13.5483 13.2794 13.2335 17.6677 12.9035 10.9957 8.09992 6.47795 4.6239 2.59251 2.25878 2.19435 1.89682 1.88071 0.70613 0.166741 0.0870622
threshold=0.10385000000000001 4.5000000000000009 -0.13795393258426963 0.40500112359550566 0.030600000000000006 0.31340000000000007 0.045500000000000006 0.28045730337078673 0.00085000000000000017 0.39680000000000004 -0.11695393258426963 -0.023413483146067445 0.017550000000000003 0.19235000000000002 0.26625000000000004 0.071050000000000016 0.13485000000000003 0.076716853932586218 0.18955000000000002 0.29115000000000008 0.018131460674157333 0.13030000000000003 0.57935000000000014 0.030600000000000006 0.34740000000000004 -0.004324157303370795 0.20185000000000003 0.024100000000000003
decision_type=2 2 2 2 2 2 2 2 2 2 2 2 2 2 2 2 2 2 2 2 2 2 2 2 2 2 2 2
left_child=1 3 -3 4 13 9 7 10 15 11 -4 21 -5 14 -1 -6 19 -8 -15 20 25 -2 24 -9 -21 -7 -13 -19
right_child=5 2 6 12 8 16 17 23 -10 -11 -12 26 -14 18 -16 -17 -18 27 -20 22 -22 -23 -24 -25 -26 -27 -28 -29
leaf_value=0.035798335609446584 -0.0036113148279812027 -0.0024655440887977149 0.013876257743165248 0.029184761805193762 0.015436019532513771 -0.01595029027297579 0.029210564005504345 0.013876257743165248 -0.0024655440887977149 -0.015354820356727757 -0.0024655440887977149 -0.0024655440887977149 0.054343679725396922 0.021377526152641046 0.021377526152641046 0.0046562201397921535 -0.033987394395785839 0.015428473984991961 0.015436019532513771 -0.018893505146633374 -0.015354820356727757 -0.010778510025354232 -0.026819560252297082 0.0069987269602715969 -0.022534250816086603 -0.018893505146633374 -0.0080030643540833675 0.013876257743165248
leaf_weight=113 46 212 45 35 201 87 59 65 53 58 174 138 41 45 126 87 52 33 109 148 101 145 57 60 214 44 42 30
leaf_count=113 46 212 45 35 201 87 59 65 53 58 174 138 41 45 126 87 52 33 109 148 101 145 57 60 214 44 42 30
internal_value=0 0.0117205 0.00366973 0.0184592 0.0159433 -0.0166516 0.0103767 0.00653036 0.00827499 -0.00999752 0.000620689 -0.0062022 0.0427573 0.0225971 0.027016 0.011778 -0.0207121 0.0212222 0.015739 -0.0196517 -0.0162539 -0.0107785 -0.0215331 0.0138763 -0.0206712 -0.0188935 -0.00246554 0.0138763
internal_weight=0 1488 678 810 734 1132 466 344 341 429 219 371 76 393 239 288 703 122 154 651 232 191 419 125 362 131 180 63
internal_count=2620 1488 678 810 734 1132 466 344 341 429 219 371 76 393 239 288 703 122 154 651 232 191 419 125 362 131 180 63
is_linear=0
shrinkage=0.03


Tree=26
num_leaves=30
num_cat=0
split_feature=4 3 0 0 14 12 12 14 17 12 12 13 12 4 17 3 12 3 12 3 15 14 12 3 3 14 8 4 4
split_gain=540.191 87.8991 44.8233 41.6581 40.6585 30.7483 37.974 29.8168 24.7272 21.3821 20.4928 18.6566 17.0996 16.1089 14.724 14.9228 11.0931 8.43761 10.5 8.34171 8.16366 7.94297 7.84067 6.04585 23.0966 3.51601 3.19445 1.73705 0.631136
threshold=0.10385000000000001 0.016050000000000005 0.24995000000000003 0.56540000000000012 0.39250112359550565 0.31202921348314488 -0.47928314606741645 0.39250112359550565 0.0062775280898876304 -0.84247078651685381 0.31202921348314488 -1.7933426966292154 1.1752595505617995 0.22770000000000004 0.039179775280898867 0.085450000000000012 1.1377595505617999 0.11255000000000003 0.10131573033707754 0.39840000000000003 8.9967910112359579 -0.13795393258426963 0.38502921348314351 0.11275000000000002 0.13615000000000002 -0.030868539325842711 0.18650000000000003 0.57935000000000014 0.020150000000000005
decision_type=2 2 2 2 2 2 2 2 2 2 2 2 2 2 2 2 2 2 2 2 2 2 2 2 2 2 2 2 2
left_child=1 4 13 -3 5 6 9 10 -8 -1 11 -5 -9 -2 15 21 25 18 -15 27 -6 -4 -21 -17 -25 -7 -18 -19 -22
right_child=2 3 14 7 20 16 8 12 -10 -11 -12 -13 -14 17 -16 23 26 19 -20 22 28 -23 -24 24 -26 -27 -28 -29 -30
leaf_value=0.016898499296637184 -0.016470719640661581 -0.0024254064223499612 -0.014864085807027864 0.0035327240983409995 0.042875756325998479 -0.0024254064223499612 0.021067698506592673 0.040369012479980787 0.042145505272425138 -0.0024254064223499612 0.0030046147243660095 0.017251178076978593 0.013576117849574899 -0.023080827771890456 -0.0024254064223499612 -0.016470719640661581 0.0202349252470078 -0.020956025811229222 -0.044300055496914438 -0.04049712838648363 0.029980626211812099 -0.0024254064223499612 -0.020956025811229222 -0.0024254064223499612 -0.016470719640661581 0.0064770722065586595 0.0079775933369994161 -0.026202497713659938 0.024088894814252852
leaf_weight=168 119 163 49 169 56 49 140 36 78 66 134 189 53 41 63 99 31 205 43 43 36 97 30 99 187 40 50 57 30
leaf_count=168 119 163 49 169 56 49 140 36 78 66 134 189 53 41 63 99 31 205 43 43 36 97 30 99 187 40 50 57 30
internal_value=0 0.0113242 -0.016175 0.00403281 0.0186156 0.0155097 0.0196003 0.00843464 0.0286093 0.0112074 0.00554412 0.0107751 0.0244137 -0.0224477 -0.0104937 -0.0123137 0.00463338 -0.0254413 -0.0339431 -0.0233096 0.0344509 -0.00414683 -0.0322813 -0.0154107 -0.0119388 -0.00242541 0.0126687 -0.020956 0.0273026
internal_weight=0 1488 1132 744 744 622 452 581 218 234 492 358 89 538 594 531 170 419 84 335 122 146 73 385 286 89 81 262 66
internal_count=2620 1488 1132 744 744 622 452 581 218 234 492 358 89 538 594 531 170 419 84 335 122 146 73 385 286 89 81 262 66
is_linear=0
shrinkage=0.03


Tree=27
num_leaves=26
num_cat=0
split_feature=0 0 3 3 18 14 15 14 7 5 8 17 15 15 8 0 3 0 14 2 16 3 8 14 16
split_gain=455.702 99.0194 97.9216 73.2671 60.8451 49.4767 51.0535 41.3874 41.1845 22.4424 25.0588 18.3536 15.2254 8.80202 7.80973 7.80748 9.76555 6.76082 6.52448 5.09741 3.73786 2.81164 4.01689 1.65973 0.853127
threshold=0.62315000000000009 0.11895000000000001 0.06795000000000001 0.064250000000000015 4.5000000000000009 -0.12032359550561793 -1.6509589887640448 0.40500112359550566 -0.2715999999999999 0.22590000000000002 0.19410000000000002 0.039179775280898867 10.228291011235957 -7.9742089887640439 0.18995000000000004 0.0032500000000000007 0.26600000000000007 0.61050000000000015 -0.023413483146067445 0.085700000000000012 29.485140449438124 0.11480000000000001 0.20145000000000005 0.27495730337078667 6.8233606741572439
decision_type=2 2 2 2 2 2 2 2 2 2 2 2 2 2 2 2 2 2 2 2 2 2 2 2 2
left_child=1 8 -3 4 7 -6 13 9 15 14 -11 17 -8 -7 -2 19 20 -4 -5 -1 -17 -20 -23 -13 -18
right_child=3 2 11 18 5 6 12 -9 -10 10 -12 23 -14 -15 -16 16 24 -19 21 -21 -22 22 -24 -25 -26
leaf_value=-0.026169659003859196 0.03382021204804081 -0.00066735739790947874 -0.017045217753712448 -0.00066735739790947874 -0.00066735739790947874 0.0095560568050447707 0.040272013370936013 0.047474297359585763 -0.058188701807097953 0.019986722960994383 0.0013701976156153249 -0.00066735739790947874 0.020377882255430694 -0.00066735739790947874 0.022309409612546228 -0.017045217753712448 -0.026169659003859196 -0.0045197240427369252 0.0010468873757869005 -0.040351044829277427 -0.026169659003859196 0.01672548068454489 0.0028088874316641262 -0.0077603359073400496 -0.022625414482248363
leaf_weight=41 83 332 492 143 165 83 49 52 33 202 96 31 118 57 147 106 60 40 50 34 34 40 35 30 67
leaf_count=41 83 332 492 143 165 83 49 52 33 202 96 31 118 57 147 106 60 40 50 34 34 40 35 30 67
internal_value=0 -0.0131793 -0.00790752 0.0118446 0.0154295 0.00743176 0.0150137 0.0219381 -0.0261829 0.0194231 0.0139895 -0.0158458 0.0262151 0.00165212 0.0264633 -0.0230946 -0.0206923 -0.0170452 -0.000667357 -0.031647 -0.0170452 0.0065574 0.0102311 -0.000667357 -0.0261697
internal_weight=0 1300 925 1320 1052 472 307 580 375 528 298 593 167 140 230 342 267 532 268 75 140 125 75 61 127
internal_count=2620 1300 925 1320 1052 472 307 580 375 528 298 593 167 140 230 342 267 532 268 75 140 125 75 61 127
is_linear=0
shrinkage=0.03


Tree=28
num_leaves=30
num_cat=0
split_feature=4 3 18 6 0 16 3 17 16 4 16 12 12 6 17 3 16 5 7 18 12 3 3 5 17 3 16 8 17
split_gain=476.011 80.6387 42.7739 41.8777 39.1719 22.8892 21.6627 25.4742 17.066 14.8827 14.3214 27.4877 14.1907 13.9777 13.6152 13.2514 12.0693 10.7487 8.4118 7.48616 5.7532 5.23014 3.98845 3.39924 3.00021 2.72725 2.63195 1.99262 0.505863
threshold=0.10385000000000001 0.016050000000000005 4.5000000000000009 0.016500000000000004 0.24995000000000003 29.233444943820249 0.064250000000000015 -0.0013202247191011205 -23.769555056179737 0.22770000000000004 -10.932419101123626 0.076716853932586218 2.0143039325842733 -0.018399999999999996 0.039179775280898867 0.085450000000000012 -52.09964943820227 0.18955000000000002 -0.37404999999999994 3.5000000000000004 1.0634898876404526 0.39840000000000003 0.048450000000000007 0.31340000000000007 -0.015320224719101131 0.028950000000000004 -28.232139325842748 0.19355000000000003 0.0072853932584269762
decision_type=2 2 2 2 2 2 2 2 2 2 2 2 2 2 2 2 2 2 2 2 2 2 2 2 2 2 2 2 2
left_child=1 2 5 18 9 17 7 25 -9 -2 16 -12 -13 -11 15 22 -4 28 -3 -19 26 24 -6 -22 -15 -5 -17 -24 -1
right_child=4 3 10 6 14 -7 -8 8 -10 13 11 12 -14 21 -16 20 -18 19 -20 -21 23 -23 27 -25 -26 -27 -28 -29 -30
leaf_value=0.035368724190630016 -0.015500820840610887 0.0040287245671901473 0.016621306501328946 0.0040287245671901473 -0.012437434915381556 0.04568354050442576 0.0040287245671901473 0.0086679996316405862 0.028929728663598112 -0.042427730393760341 0.033215142915518407 0.0039887783718566498 0.023963291251339107 -0.024767311326520994 -0.0023173954027786246 -0.0072944256984331509 -0.0023173954027786246 0.013785875482190887 -0.0023173954027786246 0.023399296133204316 -0.0045378673648540403 -0.030663473510087046 -0.0023173954027786246 -0.014873473120387642 -0.019745072744229278 0.012253190695651266 -0.015500820840610887 -0.0094030450209975237 0.030149977524365695
leaf_weight=32 119 59 32 55 39 40 131 55 117 34 51 146 41 124 63 47 68 126 289 173 71 58 67 48 203 38 219 40 35
leaf_count=32 119 59 32 55 39 40 131 55 117 34 51 146 41 124 63 47 68 126 289 173 71 58 67 48 203 38 219 40 35
internal_value=0 0.0105896 0.0175734 0.00360582 -0.0152244 0.0241367 0.0103748 0.0155939 0.0224507 -0.0210883 0.00968973 0.0136926 0.00836822 -0.0239893 -0.00991332 -0.011678 0.000163002 0.0217818 -0.0023174 0.0193482 -0.0145964 -0.022361 -0.00398207 -0.00870685 -0.0208884 0.00402872 -0.0155008 -0.0023174 0.0326425
internal_weight=0 1488 744 744 1132 406 396 265 172 538 338 238 187 419 594 531 100 366 348 299 385 385 146 119 327 93 266 107 67
internal_count=2620 1488 744 744 1132 406 396 265 172 538 338 238 187 419 594 531 100 366 348 299 385 385 146 119 327 93 266 107 67
is_linear=0
shrinkage=0.03


Tree=29
num_leaves=31
num_cat=0
split_feature=3 2 5 14 3 3 5 14 18 14 5 16 3 18 17 13 18 17 5 3 14 15 12 3 5 17 13 18 16 1
split_gain=358.496 191.597 69.8697 51.6861 41.0112 38.1219 28.9927 27.8654 25.2452 24.134 18.7354 15.9594 14.2914 10.2604 10.2327 8.74851 8.31252 7.20837 7.32807 7.02915 6.14205 12.7794 5.38102 4.6858 3.03853 3.02662 2.40454 1.66671 2.03874 1.3449
threshold=0.06795000000000001 0.13485000000000003 0.22590000000000002 -0.13795393258426963 0.018650000000000003 0.30960000000000004 0.34895000000000004 -0.43491348314606731 4.5000000000000009 0.0095865168539325824 0.43890000000000001 28.526944943820187 0.030300000000000004 4.5000000000000009 0.023074157303370816 -3.2082404494382035 4.5000000000000009 0.041179775280898868 0.26835000000000003 0.37115000000000004 -0.12032359550561793 -1.6509589887640448 0.38502921348314351 0.035050000000000005 0.31285000000000002 -0.016218539325842701 1.9001398876404496 3.5000000000000004 -10.558919101123648 0.2477
decision_type=2 2 2 2 2 2 2 2 2 2 2 2 2 2 2 2 2 2 2 2 2 2 2 2 2 2 2 2 2 2
left_child=1 2 8 7 -3 6 9 -4 11 16 14 15 -6 -9 -5 -1 24 18 -11 26 -10 -22 -21 -12 -2 29 -7 -27 -29 -8
right_child=5 4 3 10 12 19 25 13 20 17 23 -13 -14 -15 -16 -17 -18 -19 -20 22 21 -23 -24 -25 -26 27 -28 28 -30 -31
leaf_value=0.014321884508556091 -0.005442862681166785 -0.0087558286443140104 0.014321884508556091 0.014321884508556091 -0.056169774884527381 -0.016554924350764069 -0.020391173914074898 0.00020197860619408035 0.014321884508556091 0.0066585173761966278 0.0043958759726956485 0.04831777572631836 -0.030412643016811378 -0.0087558286443140104 0.0072349208832513754 0.028040229134350555 -0.014263458705704132 0.0087906011089682566 -0.0063191210093119969 -0.038173555694520467 0.014321884508556091 0.028964871323900299 -0.022796985425732351 -0.0087558286443140104 -0.013342441498534753 -0.014263458705704132 -0.026185423744842409 -0.023851270769433729 -0.015670704326699845 -0.02855574171099326
leaf_weight=46 139 30 40 491 33 56 30 126 70 49 76 30 47 132 63 178 187 50 195 54 53 80 33 31 64 41 40 58 52 46
leaf_count=46 139 30 40 491 33 56 30 126 70 49 76 30 47 132 63 178 187 50 195 54 53 80 33 31 64 41 40 58 52 46
internal_value=0 0.00883246 0.0117953 0.007195 -0.0293069 -0.0136699 -0.01116 -0.0031777 0.0214488 -0.00807683 0.0118713 0.0277695 -0.0410375 -0.00691296 0.014091 0.0250175 -0.0129695 -0.0015865 -0.00371296 -0.0261648 0.0143219 0.0208408 -0.0323411 0.00037883 -0.00793337 -0.0204501 -0.0205676 -0.0179925 -0.0199841 -0.0253329
internal_weight=0 1526 1416 959 110 1094 911 298 457 684 661 254 80 258 554 224 390 294 244 183 203 133 87 107 203 227 96 151 110 76
internal_count=2620 1526 1416 959 110 1094 911 298 457 684 661 254 80 258 554 224 390 294 244 183 203 133 87 107 203 227 96 151 110 76
is_linear=0
shrinkage=0.03


Tree=30
num_leaves=26
num_cat=0
split_feature=0 3 0 3 14 2 8 18 14 15 0 14 3 17 17 0 3 14 5 8 15 15 14 13 18
split_gain=379.394 86.128 77.8009 97.2892 42.1543 38.4475 33.8252 30.7982 31.0587 19.4872 18.5123 18.4659 16.6804 16.5589 9.30536 9.03344 8.8299 6.41286 5.2532 7.44667 4.44424 2.80979 2.78631 2.30516 1.64794
threshold=0.57220000000000015 0.010600000000000002 0.0032500000000000007 0.06795000000000001 -0.12895393258426963 0.13485000000000003 0.20170000000000002 4.5000000000000009 -0.13795393258426963 -1.6509589887640448 0.74755000000000005 0.40500112359550566 0.37115000000000004 0.041179775280898868 -0.0013202247191011205 0.11895000000000001 0.11255000000000003 -0.35299887640449434 0.18955000000000002 0.19235000000000002 1.0000000180025095e-35 10.228291011235957 -0.0049134831460674313 2.5704061797752815 3.5000000000000004
decision_type=2 2 2 2 2 2 2 2 2 2 2 2 2 2 2 2 2 2 2 2 2 2 2 2 2
left_child=2 7 5 15 17 -1 10 11 -9 23 20 18 13 16 -12 22 -5 -3 24 -20 -6 -11 -4 -10 -2
right_child=1 4 3 12 6 -7 -8 8 9 21 14 -13 -14 -15 -16 -17 -18 -19 19 -21 -22 -23 -24 -25 -26
leaf_value=-0.025800707153344555 0.025439405181090863 0.012680729985237121 -0.02210825576260686 -0.023416952487900104 0.0053450237733892892 -0.067064538780720009 -0.001738523717028915 -0.001738523717028915 0.0012730796553376245 0.031941454519712642 0.011605508212770534 0.047520778924226757 -0.025512044485963174 -0.001738523717028915 0.021906808591160155 -0.001738523717028915 -0.014993438036186196 -0.001738523717028915 0.024437160034337671 0.011763570724986494 0.011605508212770534 0.02214360192828976 -0.01007694565600193 0.012017087421845644 0.034800582184323241
leaf_weight=59 32 50 30 149 118 31 91 71 41 43 102 31 88 47 170 302 451 257 137 60 88 68 41 32 35
leaf_count=59 32 50 30 149 118 31 91 71 41 43 102 31 88 47 170 302 451 257 137 60 88 68 41 32 35
internal_value=0 0.00971213 -0.0131892 -0.0110103 0.00387011 -0.0400138 0.0089902 0.0190169 0.0113813 0.0180217 0.0124286 0.0256171 -0.0175094 -0.0157164 0.0175665 -0.00173852 -0.0170853 -0.00173852 0.0230451 0.0205772 0.00564454 0.0259392 -0.0151606 0.00598278 0.0303016
internal_weight=0 1426 1198 1108 876 90 569 550 255 184 478 295 735 647 272 373 600 307 264 197 206 111 71 73 67
internal_count=2624 1426 1198 1108 876 90 569 550 255 184 478 295 735 647 272 373 600 307 264 197 206 111 71 73 67
is_linear=0
shrinkage=0.03


Tree=31
num_leaves=31
num_cat=0
split_feature=4 3 14 3 2 14 8 14 14 16 3 12 17 14 8 4 4 12 14 12 1 3 3 4 12 2 8 17 12 17
split_gain=414.646 81.8162 41.0742 33.8271 37.9932 29.9536 25.4754 24.2142 16.351 31.1228 17.6121 13.394 14.8061 11.9265 11.4639 10.4711 8.39436 7.58256 7.32028 6.78564 5.73733 5.5429 15.4863 6.42409 5.48071 4.29433 4.18519 4.10958 3.41156 3.95992
threshold=0.10385000000000001 0.010600000000000002 -0.12895393258426963 0.064250000000000015 0.00085000000000000017 -0.12895393258426963 0.19900000000000004 -0.31581348314606728 -0.0049134831460674313 33.094215730337062 0.13615000000000002 -1.8311960674157282 -0.0013202247191011205 -0.35299887640449434 0.19750000000000004 0.32190000000000007 0.37785000000000007 -0.82332752808988896 0.48391573033707874 -1.5672831460674155 0.31270000000000003 0.18280000000000005 0.26600000000000007 0.29115000000000008 -0.82332752808988896 0.13485000000000003 0.18835000000000005 -0.0035544943820224602 1.0634898876404526 -0.0076601123595505518
decision_type=2 2 2 2 2 2 2 2 2 2 2 2 2 2 2 2 2 2 2 2 2 2 2 2 2 2 2 2 2 2
left_child=1 5 13 4 6 7 -4 -1 9 16 15 -7 18 -3 -14 25 20 -9 -13 -5 24 -12 -23 -24 -2 -10 -19 -17 29 -18
right_child=8 2 3 19 -6 11 -8 17 10 -11 21 12 14 -15 -16 27 28 26 -20 -21 -22 22 23 -25 -26 -27 -28 -29 -30 -31
leaf_value=0.024329129625712671 -0.004059666410231819 0.01337073110482272 0.020158244248021314 0.010857318051159382 -0.0026911933995654633 0.0044628427462386228 0.0067507187713081599 0.012169467942991065 -0.0026911933995654633 -0.044197609960459738 -0.025128040478417747 0.015235727629535328 0.035079416746850167 -0.0026911933995654633 0.017439582077165446 -0.020736477117461617 -0.030756554958156563 0.0051850961791504117 0.027630435090701459 -0.0026911933995654633 -0.017974291532610556 -0.0036298810212222273 -0.010527270121233803 -0.025908089295866105 -0.013959474966406087 -0.0087855306407974999 -0.0026911933995654633 -0.0087855306407974999 -0.017974291532610556 -0.020216939347711477
leaf_weight=62 65 51 316 35 46 35 64 47 171 39 57 157 126 265 45 48 55 61 59 109 74 73 35 81 223 34 46 37 31 77
leaf_count=62 65 51 316 35 46 35 64 47 171 39 57 157 126 265 45 48 55 61 59 109 74 73 35 81 223 34 46 37 31 77
internal_value=0 0.00939315 0.00349464 0.00845923 0.0127304 0.0175845 0.0161926 0.00849866 -0.0147755 -0.0183412 -0.0110236 0.0222351 0.0238424 -0.00269119 0.0304374 -0.00601504 -0.0164204 0.00212535 0.0186213 -0.00269119 -0.0138749 -0.016928 -0.014455 -0.0212673 -0.0117251 -0.00269119 -0.00228655 -0.0148799 -0.0220737 -0.0246084
internal_weight=0 1524 886 570 426 638 380 216 1100 564 536 422 387 316 171 290 525 154 216 144 362 246 189 116 288 205 107 85 163 132
internal_count=2624 1524 886 570 426 638 380 216 1100 564 536 422 387 316 171 290 525 154 216 144 362 246 189 116 288 205 107 85 163 132
is_linear=0
shrinkage=0.03


Tree=32
num_leaves=31
num_cat=0
split_feature=4 14 14 4 2 18 8 14 14 14 16 5 18 6 12 7 4 18 4 5 4 1 12 8 12 17 16 16 16 7
split_gain=387.27 72.7491 43.2337 39.0188 23.9625 19.7966 19.303 17.3403 20.1136 15.4911 29.27 17.979 11.5246 9.61467 8.56821 8.34906 8.68458 8.24353 7.77093 6.8837 5.74797 5.47747 5.1568 4.46603 3.26745 3.72589 2.7299 1.55778 0.906591 0.615155
threshold=0.10385000000000001 -0.12895393258426963 -0.31581348314606728 0.030600000000000006 0.00085000000000000017 5.5000000000000009 0.19185000000000002 0.40500112359550566 -0.10782359550561792 -0.0049134831460674313 33.094215730337062 0.31340000000000007 4.5000000000000009 0.017550000000000003 -0.88332752808988768 -0.36609999999999993 0.29115000000000008 4.5000000000000009 0.37785000000000007 0.22360000000000002 0.30820000000000003 0.31270000000000003 -0.82332752808988896 0.19110000000000002 1.0634898876404526 -0.0076601123595505518 22.737249438202358 -40.50575056179769 56.153350561797716 -0.32869999999999994
decision_type=2 2 2 2 2 2 2 2 2 2 2 2 2 2 2 2 2 2 2 2 2 2 2 2 2 2 2 2 2 2
left_child=1 2 5 7 6 13 27 8 -3 10 18 20 -10 -1 -4 16 -13 -9 21 -8 29 22 -2 -15 25 -20 -18 -5 -19 -11
right_child=9 3 14 4 -6 -7 19 17 12 11 -12 15 -14 23 -16 -17 26 28 24 -21 -22 -23 -24 -25 -26 -27 -28 -29 -30 -31
leaf_value=0.0075894921744901044 -0.0039378764020422327 0.035400727514177555 0.015081353462301196 0.0086454267277185776 -0.0026474705118173132 -0.0026474705118173132 0.0086454267277185776 0.039955373309379399 0.020387533026346719 -0.0026474705118173132 -0.042871681943965644 -0.0092101873078804502 0.013361880338856137 0.033297779553880288 -0.0026474705118173132 -0.025826949683843917 -0.019341683886179281 0.02624783290719444 -0.029833858578719875 0.0039289731165810188 -0.0092101873078804502 -0.017429051687161308 -0.01354069080497159 0.019256044816859857 -0.017429051687161308 -0.019610431128991888 -0.013035920596284901 0.013361880338856137 0.019549751565341025 -0.0059288289098488817
leaf_weight=41 65 45 36 30 66 35 40 43 215 102 39 86 157 36 337 53 127 44 55 93 55 74 223 47 31 77 71 228 31 42
leaf_count=41 65 45 36 30 66 35 40 43 215 102 39 86 157 36 337 53 127 44 55 93 55 74 223 47 31 77 71 228 31 42
internal_value=0 0.00903114 8.07392e-05 0.0138312 0.0073936 0.0137727 0.0105054 0.0193302 0.0164571 -0.0143261 -0.0177967 -0.0106741 0.0141655 0.0194752 -0.00264747 -0.0148963 -0.0128564 0.0294833 -0.015934 0.00392897 -0.00352408 -0.0134848 -0.0113734 0.0253464 -0.0213733 -0.0238702 -0.0168617 0.0133619 0.0234793 -0.00264747
internal_weight=0 1524 532 992 457 159 391 535 417 1100 564 536 372 124 373 337 284 118 525 133 199 362 288 83 163 132 198 258 75 144
internal_count=2624 1524 532 992 457 159 391 535 417 1100 564 536 372 124 373 337 284 118 525 133 199 362 288 83 163 132 198 258 75 144
is_linear=0
shrinkage=0.03


Tree=33
num_leaves=25
num_cat=0
split_feature=0 3 0 3 7 14 8 18 14 15 14 0 3 17 17 3 12 13 0 14 14 15 12 15
split_gain=315.127 74.4462 71.2921 83.9534 37.3832 36.649 29.8986 27.3666 26.7847 17.6728 16.133 16.1262 15.8171 14.9574 9.0389 8.52063 7.08926 7.70294 6.13096 4.66 4.16365 2.59679 2.18515 0.33942
threshold=0.57220000000000015 0.010600000000000002 0.0032500000000000007 0.06795000000000001 -0.35199999999999992 -0.12895393258426963 0.20170000000000002 4.5000000000000009 -0.13795393258426963 -1.6509589887640448 0.40500112359550566 0.74755000000000005 0.37115000000000004 0.041179775280898868 -0.0013202247191011205 0.11255000000000003 0.29652921348314548 -3.2082404494382035 0.11895000000000001 -0.35299887640449434 0.28045730337078673 10.228291011235957 1.541315730337079 -0.21830112359550566
decision_type=2 2 2 2 2 2 2 2 2 2 2 2 2 2 2 2 2 2 2 2 2 2 2 2
left_child=2 7 4 18 -1 19 11 10 -9 22 16 20 13 15 -13 -5 17 -2 23 -3 -7 -11 -10 -4
right_child=1 5 3 12 -6 6 -8 8 9 21 -12 14 -14 -15 -16 -17 -18 -19 -20 -21 -22 -23 -24 -25
leaf_value=-0.023909119736445314 0.011831233457733806 0.011690440175682307 -0.015540022512488975 -0.02188477426126674 -0.064465158153926172 0.0048649805291781402 -0.0016771161883007931 -0.0016771161883007931 0.00035305164322802201 0.029713460135945054 0.044104560779467707 0.010638885503312242 -0.023909119736445314 -0.0016771161883007931 0.020506929435931583 -0.013610090224456042 0.011962246782917144 0.026639107094776487 -0.0016771161883007931 -0.0016771161883007931 0.010638885503312242 0.020294297591728322 0.010813655289821327 -0.011340824811719358
leaf_weight=59 39 50 41 149 31 130 91 71 41 43 31 102 88 47 170 451 58 167 302 257 76 68 32 30
leaf_count=59 39 50 41 149 31 130 91 71 41 43 31 102 88 47 170 451 58 167 302 257 76 68 32 30
internal_value=0 0.00875874 -0.012113 -0.0100272 -0.037791 0.00332733 0.00814763 0.0174095 0.0102118 0.0164033 0.0236312 0.0114071 -0.0160961 -0.0143515 0.0162025 -0.015665 0.0212271 0.0238357 -0.00167712 -0.00167712 0.00507531 0.0239432 0.00493852 -0.0137657
internal_weight=0 1426 1198 1108 90 876 569 550 255 184 295 478 735 647 272 600 264 206 373 307 206 111 73 71
internal_count=2624 1426 1198 1108 90 876 569 550 255 184 295 478 735 647 272 600 264 206 373 307 206 111 73 71
is_linear=0
shrinkage=0.03


Tree=34
num_leaves=31
num_cat=0
split_feature=4 14 0 14 14 14 0 18 18 14 12 13 8 0 5 0 12 4 18 17 4 2 16 12 5 0 8 4 13 0
split_gain=341.779 66.4947 41.892 39.6099 30.0082 34.3467 22.5039 18.1374 18.0644 15.8425 14.5181 14.1777 7.63061 9.63947 7.56633 7.15888 7.13068 6.96179 6.58549 4.74626 7.62251 2.54824 3.22605 2.51721 2.48661 2.39556 1.95252 1.53586 1.53558 3.14865
threshold=0.10385000000000001 -0.12895393258426963 0.53880000000000006 -0.31581348314606728 -0.11695393258426963 0.39250112359550565 0.081650000000000014 5.5000000000000009 4.5000000000000009 0.018131460674157333 1.1752595505617995 -1.3398426966292136 0.17675000000000002 0.27555000000000002 0.31340000000000007 1.0000000180025095e-35 -0.88332752808988768 0.030600000000000006 4.5000000000000009 0.0062775280898876304 0.37785000000000007 0.00015000000000000004 22.737249438202358 1.1377595505617999 0.31340000000000007 0.74755000000000005 0.18995000000000004 0.30820000000000003 -0.85197977528089808 0.049150000000000006
decision_type=2 2 2 2 2 2 2 2 2 2 2 2 2 2 2 2 2 2 2 2 2 2 2 2 2 2 2 2 2 2
left_child=1 3 12 7 11 8 15 17 -6 18 -7 -4 13 -3 27 -2 -5 26 19 20 -8 22 -16 -20 -21 -19 -1 -11 29 -17
right_child=6 2 4 16 5 10 9 -9 -10 14 -12 -13 -14 -15 21 28 -18 25 23 24 -22 -23 -24 -25 -26 -27 -28 -29 -30 -31
leaf_value=0.030731116540264336 -0.030659253342645403 0.0016033891062925156 0.048012822645051141 0.014348870140189925 0.015408997495403374 0.032737562530388939 -0.0030322722357345147 -0.0025363802701862362 0.0071219414432586491 -0.0025363802701862362 0.016926376227888142 0.020812407068031676 -0.0025363802701862362 0.0071219414432586491 -0.012581693140359871 -0.024654682903799265 -0.0025363802701862362 0.00546583826863958 -0.016394331351417248 -0.010824336695943203 -0.016394331351417248 -0.016394331351417248 -0.0064215790364222326 -0.0084675867725828927 -0.016394331351417248 0.017357661282527258 0.020166984341978549 -0.0064215790364222326 -0.016527236322588897 -0.016394331351417248
leaf_weight=32 59 30 35 36 308 98 103 35 252 121 112 34 50 73 91 35 337 31 176 80 32 32 74 56 58 30 31 34 115 34
leaf_count=32 59 30 35 36 308 98 103 35 252 121 112 34 50 73 91 35 337 31 176 80 32 32 74 56 58 30 31 34 115 34
internal_value=0 0.00843489 0.0130239 -0.000122125 0.0156566 0.0139582 -0.0135076 0.0130748 0.0100782 -0.0112228 0.0243049 0.0346097 -0.00141272 0.00574316 -0.00633717 -0.0215659 -0.00253638 0.0185383 -0.0146281 -0.0111521 -0.00715278 -0.0103068 -0.00876905 -0.0163943 -0.0150645 0.0113143 0.0255329 -0.00253638 -0.0186501 -0.0221882
internal_weight=0 1524 992 532 839 770 1100 159 560 857 210 69 153 103 352 243 373 124 505 273 135 197 165 232 138 61 63 155 184 69
internal_count=2624 1524 992 532 839 770 1100 159 560 857 210 69 153 103 352 243 373 124 505 273 135 197 165 232 138 61 63 155 184 69
is_linear=0
shrinkage=0.03


Tree=35
num_leaves=28
num_cat=0
split_feature=4 14 3 0 18 14 14 0 0 15 14 8 12 12 12 0 3 4 3 3 3 13 13 12 6 3 0
split_gain=313.965 56.3693 42.2595 31.4308 29.5591 29.2078 37.0206 26.9809 20.5799 18.2948 17.6267 16.8879 14.227 13.7712 12.7326 10.9754 10.2501 6.10446 5.83471 5.61138 4.7701 4.6257 3.75651 1.39562 0.933318 0.891954 0.100595
threshold=0.071050000000000016 -0.12895393258426963 0.056650000000000006 0.41815000000000008 4.5000000000000009 -0.11695393258426963 0.40500112359550566 0.24995000000000003 0.10110000000000001 -10.040871910112347 -0.3100426966292133 0.19185000000000002 -1.6266842696629238 0.05071685393258641 -0.93697078651685384 0.61650000000000016 0.11255000000000003 0.12895000000000004 0.25870000000000004 0.015200000000000002 0.035050000000000005 2.4782084269662925 -2.9677404494382045 -0.84247078651685381 0.018900000000000004 0.0032500000000000007 0.081650000000000014
decision_type=2 2 2 2 2 2 2 2 2 2 2 2 2 2 2 2 2 2 2 2 2 2 2 2 2 2 2
left_child=1 4 8 -3 10 13 11 16 20 -8 19 -7 24 -5 -12 21 -4 -17 26 25 -2 -14 -20 -16 -9 -1 -18
right_child=2 3 7 5 -6 6 9 12 -10 -11 14 -13 15 -15 23 17 18 -19 22 -21 -22 -23 -24 -25 -26 -27 -28
leaf_value=0.029109926231205462 -0.021807472505309476 -0.00025108635463408162 -0.034563272692836246 0.022235147638712077 -0.00025108635463408162 0.016069804888616864 0.04057274257000841 -0.0066092329099774359 -0.00025108635463408162 0.019431067379491945 0.020939774729311463 0.0080969413713700249 -0.014880025067406833 0.050290907909793237 0.0057483370237153128 -0.00025108635463408162 -0.017849084978991344 -0.0094951809144510641 -0.031114533792715518 0.011938404352130257 -0.0079935071038971309 -0.0094951809144510641 -0.019894165596980488 -0.00025108635463408162 -0.00025108635463408162 0.021853613306678111 -0.014880025067406833
leaf_weight=30 47 58 39 32 222 328 61 30 233 93 30 245 245 31 37 74 41 70 32 51 31 127 167 79 54 31 98
leaf_count=30 47 58 39 32 222 328 61 30 233 93 30 245 245 31 37 74 41 70 32 51 31 127 167 79 54 31 98
internal_value=0 0.0101432 -0.0106453 0.0147933 0.00192792 0.016445 0.0147469 -0.0137112 -0.00101387 0.0278054 0.0103294 0.0112373 -0.00975943 0.0360404 0.00346142 -0.0116502 -0.0200006 -0.00461794 -0.0183203 0.0192823 -0.0157359 -0.0143724 -0.0216984 -0.000251086 -0.000251086 0.0254223 -0.01488
internal_weight=0 1328 1288 848 480 790 727 977 311 154 258 573 600 63 146 516 377 144 338 112 78 372 199 116 84 61 139
internal_count=2616 1328 1288 848 480 790 727 977 311 154 258 573 600 63 146 516 377 144 338 112 78 372 199 116 84 61 139
is_linear=0
shrinkage=0.03


Tree=36
num_leaves=31
num_cat=0
split_feature=3 2 5 14 3 8 1 14 16 17 14 5 16 14 13 3 5 3 13 16 8 5 18 14 12 12 17 8 12 3
split_gain=265.348 110.296 63.0846 47.7535 28.2747 24.8806 24.0407 21.5018 19.2793 20.1707 18.4848 13.3815 11.6126 12.1895 10.8508 8.87155 7.18964 6.59403 6.00787 7.65779 5.84746 5.46895 5.39577 4.47767 3.99726 3.89218 3.74986 3.45251 3.18647 3.16975
threshold=0.06795000000000001 0.13485000000000003 0.22590000000000002 -0.13795393258426963 0.26600000000000007 0.19515000000000002 0.2477 -0.43491348314606731 -23.769555056179737 -0.0013202247191011205 0.21468651685393267 0.43890000000000001 7.7131404494380726 -0.15508426966292135 -0.16197977528089777 0.37115000000000004 0.31340000000000007 0.11425 2.0355202247191007 -10.558919101123648 0.19900000000000004 0.31940000000000007 4.5000000000000009 0.48391573033707874 0.070716853932585991 0.13381573033707642 -0.015320224719101131 0.19525000000000003 1.0987595505618002 0.13735000000000003
decision_type=2 2 2 2 2 2 2 2 2 2 2 2 2 2 2 2 2 2 2 2 2 2 2 2 2 2 2 2 2 2
left_child=1 2 8 7 6 11 10 -4 -1 23 12 -5 13 -2 -3 18 17 -12 19 21 -11 -6 -9 -10 -14 -8 -7 -17 -20 -18
right_child=4 14 3 5 15 26 25 22 9 20 16 -13 24 -15 -16 27 29 -19 28 -21 -22 -23 -24 -25 -26 -27 -28 -29 -30 -31
leaf_value=0.012135681063337133 -0.014107894652704974 -0.012774251497780475 0.012135681063337133 0.012135681063337133 -0.009452818165300414 -0.006232393206958931 -0.016218808659448705 0.00040945492002309386 0.012135681063337133 0.029590699803605399 1.8295156304917042e-05 0.0044604361290820384 -0.0060657598467410674 -0.0011838965604894182 -0.032347647277638315 -0.023371616908245615 1.8295156304917042e-05 0.012430338973262862 -0.029665855186827041 -0.0028262794855982063 0.016613101056097326 -0.026497996530185142 -0.006232393206958931 0.023772989749908446 -0.014107894652704974 -0.027411020828617943 0.0018937903037294745 -0.035932516902084315 -0.017437783293849363 -0.012791825343262066
leaf_weight=120 69 52 45 455 32 42 58 124 94 201 46 103 56 188 50 54 33 67 34 48 37 36 135 30 179 54 66 31 44 33
leaf_count=120 69 52 45 455 32 42 58 124 94 201 46 103 56 188 50 54 33 67 34 48 37 36 135 30 179 54 66 31 44 33
internal_value=0 0.00778594 0.00990427 0.00549631 -0.0116704 0.00999346 -0.00874838 -0.004356 0.0187751 0.0224617 -0.00660074 0.0121357 -0.00960412 -0.00519172 -0.0223691 -0.0198708 0.00165438 0.00624933 -0.0163298 -0.0120007 0.0275732 -0.0184767 -0.00623239 0.0126508 -0.0141079 -0.0216151 -0.00321481 -0.0279527 -0.022768 -0.00621274
internal_weight=0 1554 1452 970 1062 666 783 304 482 362 671 558 492 257 102 279 179 113 194 116 238 68 259 124 235 112 108 85 78 66
internal_count=2616 1554 1452 970 1062 666 783 304 482 362 671 558 492 257 102 279 179 113 194 116 238 68 259 124 235 112 108 85 78 66
is_linear=0
shrinkage=0.03


Tree=37
num_leaves=31
num_cat=0
split_feature=4 14 3 6 8 18 6 3 5 4 14 3 14 15 14 14 7 14 16 4 13 14 3 16 4 8 8 4 1 13
split_gain=276.726 51.936 37.9581 29.4622 27.3879 26.7239 23.1133 20.7707 24.922 16.5197 16.2432 14.2154 11.692 11.6854 6.47409 6.34508 5.39628 5.08119 7.37473 4.94663 4.65163 9.82215 4.60097 4.02774 3.72462 3.24847 2.58985 2.095 1.28314 0.208064
threshold=0.071050000000000016 -0.12895393258426963 0.056650000000000006 0.055350000000000003 0.19185000000000002 4.5000000000000009 -0.0028499999999999997 0.37115000000000004 0.31340000000000007 0.32190000000000007 -0.3100426966292133 0.088700000000000015 -0.023413483146067445 -1.6509589887640448 -0.13795393258426963 0.40500112359550566 -0.35034999999999994 -0.18595393258426959 -23.769555056179737 0.032200000000000006 -0.40174044943820414 0.0095865168539325824 0.25870000000000004 7.7131404494380726 0.33985000000000004 0.19525000000000003 0.19235000000000002 0.12835000000000002 0.034700000000000009 3.0847595505617957
decision_type=2 2 2 2 2 2 2 2 2 2 2 2 2 2 2 2 2 2 2 2 2 2 2 2 2 2 2 2 2 2
left_child=1 5 9 4 6 10 16 8 12 14 19 -10 23 29 27 20 -3 -12 -19 26 21 -5 -13 -4 -14 -9 -1 -2 -15 -6
right_child=2 3 7 15 13 -7 -8 25 11 -11 17 22 24 28 -16 -17 -18 18 -20 -21 -22 -23 -24 -25 -26 -27 -28 -29 -30 -31
leaf_value=0.027764750185555645 -0.0018954649319251379 0.013682598173512981 -0.005043553885154645 0.041026328533887865 -0.00027990622439974825 -0.00027990622439974825 0.018336801184395981 -0.022670468139565653 -0.032755028658679554 -0.018139418251812457 -0.00027990622439974825 -0.012416372814770588 -0.00027990622439974825 0.009028395162629977 -0.00027990622439974825 0.037902969315648072 0.009028395162629977 0.0021536104219328418 0.019137762216004457 0.0096761391698740994 0.018336801184395981 0.01855102675301688 -0.018841270305491334 -0.011005021428828534 -0.010105824042527403 -0.034854541217848173 0.016332944836467505 -0.0092096622381061029 0.0029445258821718971 0.0082326121869846242
leaf_weight=42 36 112 102 30 87 222 250 54 42 47 37 307 157 67 184 30 99 76 33 39 60 42 149 100 35 31 31 44 39 32
leaf_count=42 36 112 102 30 87 222 250 54 42 47 37 307 157 67 184 30 99 76 33 39 60 42 149 100 35 31 31 44 39 32
internal_value=0 0.00947848 -0.0100383 0.013942 0.0112246 0.0015929 0.0154124 -0.012944 -0.0115937 -0.000910144 0.00970749 -0.016054 -0.00595605 0.00264442 -0.000279906 0.025449 0.0090284 0.00311454 0.0072956 0.0183019 0.0226185 0.0279157 -0.0145157 -0.0109945 -0.000655235 -0.0271141 0.0229101 -0.00920966 0.0090284 -0.000279906
internal_weight=0 1328 1288 848 686 480 461 977 892 311 258 498 394 225 264 162 211 146 109 112 132 72 456 202 192 85 73 80 106 119
internal_count=2616 1328 1288 848 686 480 461 977 892 311 258 498 394 225 264 162 211 146 109 112 132 72 456 202 192 85 73 80 106 119
is_linear=0
shrinkage=0.03


Tree=38
num_leaves=28
num_cat=0
split_feature=4 14 18 6 0 2 14 15 14 12 14 4 4 15 17 12 6 16 14 0 4 13 14 12 12 17 0
split_gain=259.614 53.1491 28.3396 27.8865 22.923 21.875 16.9805 25.4016 14.3159 11.412 10.5339 8.69961 8.38591 7.89798 5.3633 8.28054 5.14886 5.1127 6.90714 2.81082 2.72495 2.58104 2.07029 1.5197 1.40663 0.656002 0.413845
threshold=0.10385000000000001 -0.13795393258426963 4.5000000000000009 0.055350000000000003 0.24995000000000003 0.04830000000000001 0.40500112359550566 -1.6509589887640448 -0.3100426966292133 -0.93697078651685384 0.21468651685393267 0.032200000000000006 0.22770000000000004 -9.9038932584269634 0.0062775280898876304 -1.5966842696629227 0.0014500000000000001 7.7131404494380726 -0.15508426966292135 0.36720000000000003 0.57935000000000014 -3.100240449438203 -0.36331348314606732 -0.72932752808988954 -0.070382022471907377 -0.015320224719101131 0.37145
decision_type=2 2 2 2 2 2 2 2 2 2 2 2 2 2 2 2 2 2 2 2 2 2 2 2 2 2 2
left_child=1 2 8 5 12 6 7 -3 11 -10 17 22 -2 -5 -15 -16 -14 18 -6 -20 21 -18 -1 -11 -19 -22 -12
right_child=4 3 -4 13 10 -7 -8 -9 9 23 26 -13 16 14 15 -17 20 24 19 -21 25 -23 -24 -25 -26 -27 -28
leaf_value=0.01650420198086067 -0.01160600310874744 0.0045430869943330768 -0.0017054171825284896 0.036450324758887293 -0.01160600310874744 -0.0017054171825284896 0.015921273125621971 0.015277652119732133 0.017887101908934049 0.0023086840564604189 -0.0055750640745206581 0.006254606500689713 -0.02786283178762956 0.015921273125621971 0.016422682049316028 0.035924656980981427 -0.018800370461737763 -0.0039469083468429743 -0.01001164735249448 -0.0017054171825284896 -0.022420351291910428 -0.014896657007549273 0.02668617338987022 -0.0017054171825284896 -0.01160600310874744 -0.018800370461737763 -0.0017054171825284896
leaf_weight=32 111 358 213 30 58 39 153 281 33 85 41 53 44 76 43 36 32 32 41 128 32 244 41 48 174 44 114
leaf_count=32 111 358 213 30 58 39 153 281 33 85 41 53 44 76 43 36 32 32 41 128 32 244 41 48 174 44 114
internal_value=0 0.0078732 -8.11674e-05 0.0118269 -0.011284 0.00948182 0.0107916 0.00840261 0.00788159 0.00209436 -0.00725347 0.015506 -0.0159585 0.0223607 0.0196337 0.0253097 -0.0181873 -0.0096863 -0.00638104 -0.00303553 -0.0169779 -0.0155928 0.0222228 -0.00170542 -0.011606 -0.022008 -0.00170542
internal_weight=0 1521 505 1016 1095 831 792 639 292 166 588 126 507 185 155 79 396 433 227 169 352 276 73 133 206 76 155
internal_count=2616 1521 505 1016 1095 831 792 639 292 166 588 126 507 185 155 79 396 433 227 169 352 276 73 133 206 76 155
is_linear=0
shrinkage=0.03


Tree=39
num_leaves=28
num_cat=0
split_feature=4 18 15 15 0 16 15 8 4 8 4 4 6 0 17 15 0 15 0 13 17 15 13 13 16 16 16
split_gain=243.79 44.4465 39.5634 48.7878 33.3511 32.275 23.388 15.6357 14.2655 8.78034 12.9246 8.61365 7.28833 4.30134 4.43557 4.35116 4.11495 3.99648 3.63098 3.33562 3.3226 3.0429 1.16317 0.241513 0.21511 0.0281086 0.0239794
threshold=0.071050000000000016 4.5000000000000009 -1.6509589887640448 -0.90439325842696572 0.24995000000000003 29.233444943820249 8.9967910112359579 0.20265000000000002 0.030600000000000006 0.19685000000000002 0.12895000000000004 0.22770000000000004 -0.0024499999999999995 0.049150000000000006 -0.011820224719101128 -12.533024719101123 0.82840000000000014 10.228291011235957 0.82840000000000014 -1.8418426966292143 0.0011758426966292093 19.641628089887647 -3.100240449438203 2.7237084269662906 30.222860674157236 -30.741859550561909 7.7131404494380726
decision_type=2 2 2 2 2 2 2 2 2 2 2 2 2 2 2 2 2 2 2 2 2 2 2 2 2 2 2
left_child=1 5 -3 -4 11 7 26 8 12 10 -6 -2 -1 14 23 -15 -10 -12 -7 -16 24 -8 -17 -13 -11 -22 -5
right_child=4 2 3 6 9 18 21 -9 16 20 17 13 -14 15 19 22 -18 -19 -20 -21 25 -23 -24 -25 -26 -27 -28
leaf_value=0.011937123922623288 -0.010527141550363243 -0.00031685154143574562 0.046755813706305722 -0.00031685154143574562 -0.00031685154143574562 0.026442528557963668 0.017087146640356096 -0.00031685154143574562 0.0064258627006443551 -0.0069569258680968471 -0.0069569258680968471 -0.018780800098595785 0.019059550118120386 -0.018780800098595785 -0.020932494306095666 -0.018780800098595785 0.011937123922623288 -0.0036368887047662961 0.04042427145583289 -0.03463694478554482 -0.0069569258680968471 0.0096353389364817448 -0.014091808523094496 -0.023017963331658391 -0.010527141550363243 -0.010527141550363243 0.00790612566866912
leaf_weight=82 111 280 31 72 175 32 105 41 154 56 295 35 300 33 31 30 71 75 35 33 31 93 202 32 33 116 32
leaf_count=82 111 280 31 72 175 32 105 41 154 56 295 35 300 33 31 30 71 75 35 33 31 93 202 32 33 116 32
internal_value=0 0.00884242 0.00291503 0.0109151 -0.00947612 0.0139242 0.00723603 0.0118747 0.0131686 -0.00558659 -0.0034934 -0.0154677 0.0166982 -0.0176565 -0.0221034 -0.0154582 0.00717603 -0.00695693 0.0337464 -0.0279989 -0.0104204 0.0135871 -0.0140918 -0.0187808 -0.00695693 -0.0105271 -0.000316852
internal_weight=0 1328 613 333 1288 715 302 648 607 781 545 507 382 396 131 265 225 370 67 64 236 198 232 67 89 147 104
internal_count=2616 1328 613 333 1288 715 302 648 607 781 545 507 382 396 131 265 225 370 67 64 236 198 232 67 89 147 104
is_linear=0
shrinkage=0.03


Tree=40
num_leaves=25
num_cat=0
split_feature=3 0 15 16 0 15 0 8 3 3 8 13 3 5 7 15 14 17 6 13 14 14 15 0
split_gain=215.047 136.568 58.9688 47.4239 40.1811 30.2113 29.3922 27.5975 18.362 17.0838 16.8958 11.9821 11.8999 10.8783 5.35757 5.16037 4.98325 4.00621 5.15648 3.73372 2.10869 1.84905 1.80664 1.20753
threshold=0.06795000000000001 0.0032500000000000007 -21.139350561797738 -23.769555056179737 0.41815000000000008 14.504220224719107 0.61650000000000016 0.19900000000000004 0.029650000000000003 0.15205000000000005 0.19185000000000002 -3.7259471910112358 0.34510000000000007 0.31340000000000007 -0.34744999999999998 1.856041011235954 -0.12895393258426963 0.025175842696629234 0.0014500000000000001 2.3141398876404495 0.058131460674157316 0.0095865168539325824 -1.6509589887640448 0.46205000000000002
decision_type=2 2 2 2 2 2 2 2 2 2 2 2 2 2 2 2 2 2 2 2 2 2 2 2
left_child=1 -1 14 5 8 11 12 -6 -5 10 16 -4 13 21 -3 19 -8 18 -15 -14 -7 23 -18 -2
right_child=6 2 3 4 7 20 9 -9 -10 -11 -12 -13 15 17 -16 -17 22 -19 -20 -21 -22 -23 -24 -25
leaf_value=-0.043801193803628069 -0.011259818152493807 -0.0050781312063336373 0.0020410297741985011 0.0073869201027634756 0.0175408627266097 0.0071556433397582022 -0.001874552522751844 0.0073869201027634756 -0.010882978549499701 0.019163879998028276 -0.0078568013502197959 -0.012155283529821467 -0.032117863881223375 -0.02461674631634762 -0.01783713192128571 -0.014462490847706793 0.0045659641794521698 -0.011259818152493807 -0.014624741578313876 -0.018571345497010044 0.014782176885039432 -0.0078568013502197959 0.013627973737117523 -0.0078568013502197959
leaf_weight=47 73 30 87 98 768 59 42 134 82 30 123 139 47 53 40 50 44 43 378 30 73 93 36 70
leaf_count=47 73 30 87 98 768 59 42 134 82 30 123 139 47 53 40 50 44 43 378 30 73 93 36 70
internal_value=0 0.00655941 0.00812693 0.0094348 0.0125664 -2.99803e-05 -0.0107135 0.015149 -0.000375129 -0.00220443 -0.00482095 -0.00669033 -0.0135092 -0.0119963 -0.0178371 -0.021967 0.0041077 -0.0146628 -0.0158535 -0.02684 0.0113733 -0.0078568 0.00864387 -0.0112598
internal_weight=0 1557 1510 1440 1082 358 1112 902 180 275 245 226 837 710 70 127 122 474 431 77 132 236 80 143
internal_count=2669 1557 1510 1440 1082 358 1112 902 180 275 245 226 837 710 70 127 122 474 431 77 132 236 80 143
is_linear=0
shrinkage=0.03


Tree=41
num_leaves=23
num_cat=0
split_feature=4 18 15 15 16 4 0 14 8 0 8 6 16 14 18 15 4 0 13 14 13 6
split_gain=227.936 50.2078 32.1492 43.5525 30.1259 30.0907 24.389 23.4374 22.8957 16.682 11.0745 9.97323 9.01605 4.48204 4.66886 3.92742 3.91159 3.76362 1.83162 1.49009 1.2895 0.98188
threshold=0.071050000000000016 4.5000000000000009 -1.6509589887640448 -0.90439325842696572 29.666444943820185 0.13925000000000001 0.41815000000000008 0.24095730337078661 0.19185000000000002 0.30040000000000006 0.19900000000000004 0.055350000000000003 24.33174943820234 0.0095865168539325824 3.5000000000000004 -12.533024719101123 0.030600000000000006 0.029800000000000004 -1.3398426966292136 0.21468651685393267 2.5704061797752815 0.037950000000000005
decision_type=2 2 2 2 2 2 2 2 2 2 2 2 2 2 2 2 2 2 2 2 2 2
left_child=1 4 -3 -4 6 10 -1 -5 12 15 -2 -10 -8 14 -11 21 -9 18 -17 -19 -16 -7
right_child=5 2 3 7 -6 9 8 16 11 13 -12 -13 -14 -15 20 17 -18 19 -20 -21 -22 -23
leaf_value=-0.00063328506746975985 -0.00063328506746975985 -0.00063328506746975985 0.042397440914064645 -0.00063328506746975985 0.042398013232215752 -0.02655361267107148 0.016194546147324747 0.016917435998429677 0.006630231071197013 -0.0070643642728670649 -0.0070643642728670649 0.01270916896675605 0.027605371427220794 -0.0070643642728670649 -0.011685103514100204 -0.016541886281392821 0.0076816913585207652 -0.014615887475767256 -0.023126049841798484 -0.011685103514100204 -0.0070643642728670649 -0.018940294848755
leaf_weight=51 256 263 32 141 31 31 310 105 185 72 104 71 78 188 109 42 68 275 63 102 62 30
leaf_count=51 256 263 32 141 31 31 310 105 185 72 104 71 78 188 109 42 68 275 63 102 62 30
internal_value=0 0.00813377 0.00178154 0.00905635 0.0134623 -0.00940034 0.0121716 0.00565853 0.0138937 -0.0121396 -0.00198914 0.00692986 0.0184885 -0.00773274 -0.0112348 -0.0156375 0.0132872 -0.0147298 -0.019753 -0.0133308 -0.0116851 -0.0228094
internal_weight=0 1335 609 346 726 1334 695 314 644 974 360 256 388 431 243 543 173 482 105 377 171 61
internal_count=2669 1335 609 346 726 1334 695 314 644 974 360 256 388 431 243 543 173 482 105 377 171 61
is_linear=0
shrinkage=0.03


Tree=42
num_leaves=21
num_cat=0
split_feature=4 18 3 15 15 0 8 15 0 5 1 17 0 3 15 15 3 2 3 4
split_gain=212.325 47.9143 31.3576 30.4469 41.0737 26.5735 23.5568 20.3671 18.5626 14.4762 13.9715 12.2314 7.27694 8.2245 6.80912 5.20608 5.0022 4.54781 2.71423 2.12669
threshold=0.071050000000000016 4.5000000000000009 0.029650000000000003 -1.6509589887640448 -0.90439325842696572 0.41815000000000008 0.19185000000000002 8.9967910112359579 0.61650000000000016 0.22360000000000002 0.062400000000000004 0.017781460674157316 1.0000000180025095e-35 0.34510000000000007 -6.5933011235955048 -7.1730247191011234 0.016750000000000004 0.00045000000000000004 0.31860000000000005 0.13245000000000004
decision_type=2 2 2 2 2 2 2 2 2 2 2 2 2 2 2 2 2 2 2 2
left_child=1 5 -2 -3 -5 -1 10 -6 11 -8 14 12 -4 -14 -7 -12 -9 19 -13 -10
right_child=2 3 8 4 7 6 9 16 17 -11 15 18 13 -15 -16 -17 -18 -19 -20 -21
leaf_value=-0.00064198884561265208 -0.00064198884561265208 -0.00064198884561265208 -0.027015091036691478 0.041125517450273034 -0.00064198884561265208 0.038959826196615512 0.013639801503690988 0.01555517206347342 -0.00064198884561265208 0.0070444924680467197 0.021162335043930905 -0.0076663148067890935 -0.012348965737887818 -0.020290581365656851 0.022748958661766915 0.013639801503690988 0.0059086966198846329 -0.0076663148067890935 -0.018349454286508263 -0.0041541518262008725
leaf_weight=51 135 263 38 32 114 39 143 118 120 130 118 147 668 100 58 187 82 44 32 50
leaf_count=51 135 263 38 32 114 39 143 118 120 130 118 147 668 100 58 187 82 44 32 50
internal_value=0 0.00781952 -0.00910349 0.00161407 0.00874715 0.0130249 0.014731 0.00544744 -0.0108005 0.00793018 0.0193494 -0.0125404 -0.0142001 -0.0135661 0.0292667 0.0161954 0.0116001 -0.0027922 -0.00766631 -0.000641989
internal_weight=0 1335 1334 609 346 726 675 314 1199 273 402 985 806 768 97 305 200 214 179 170
internal_count=2669 1335 1334 609 346 726 675 314 1199 273 402 985 806 768 97 305 200 214 179 170
is_linear=0
shrinkage=0.03


Tree=43
num_leaves=26
num_cat=0
split_feature=3 0 15 16 0 15 8 0 3 3 8 3 5 18 7 15 14 3 17 6 8 14 3 14 12
split_gain=180.028 122.832 53.4213 42.827 32.6802 27.0152 24.8314 22.747 16.0877 15.6719 14.8779 10.5471 9.72633 8.45479 5.22419 4.79607 4.58045 3.67065 3.57715 5.07811 2.0591 1.08547 0.904139 0.219715 0.063984
threshold=0.06795000000000001 0.0032500000000000007 -21.139350561797738 -23.769555056179737 0.41815000000000008 14.504220224719107 0.19900000000000004 0.61650000000000016 0.029650000000000003 0.15205000000000005 0.19185000000000002 0.34510000000000007 0.31340000000000007 3.5000000000000004 -0.34744999999999998 1.856041011235954 -0.026868539325842707 0.39840000000000003 0.025175842696629234 0.0014500000000000001 0.19235000000000002 0.0095865168539325824 0.11425 0.27495730337078667 0.05071685393258641
decision_type=2 2 2 2 2 2 2 2 2 2 2 2 2 2 2 2 2 2 2 2 2 2 2 2 2
left_child=1 -1 14 5 8 13 -6 11 -5 10 16 12 21 -4 -3 17 24 -13 19 -14 -7 22 -2 -18 -9
right_child=7 2 3 4 6 20 -8 9 -10 -11 -12 15 18 -15 -16 -17 23 -19 -20 -21 -22 -23 -24 -25 -26
leaf_value=-0.04181958863472051 -0.010404351047000781 -0.0045862606228329241 0.00064674088652034035 0.0069778223818943112 0.016286498795407167 0.013294264318621051 0.0069778223818943112 -0.0018275554840618113 -0.009878570573892808 0.018089191637933256 -0.0073495968038355675 -0.032348737206090897 -0.023311753392852141 -0.011253233207845251 -0.017195812356909597 -0.013049957205355166 0.011148524351301602 -0.019158146728349978 -0.010404351047000781 -0.013395971771447903 0.0055051719502080231 -0.0073495968038355675 -0.0073600173925750714 0.0075748765356838709 -0.00033442884846590458
leaf_weight=47 54 30 88 98 768 84 134 30 82 30 123 34 53 138 40 50 32 43 43 378 48 93 89 30 30
leaf_count=47 54 30 88 98 768 84 134 30 82 30 123 34 53 138 40 50 32 43 43 378 48 93 89 30 30
internal_value=0 0.00594136 0.00742796 0.00867295 0.0116489 -0.000321415 0.013978 -0.00986269 -2.23389e-05 -0.00237707 -0.00488315 -0.0123221 -0.0108978 -0.00661961 -0.0171958 -0.0202847 0.00369449 -0.0249826 -0.0134591 -0.0146153 0.0104619 -0.0073496 -0.0104044 0.00941934 -0.00182756
internal_weight=0 1557 1510 1440 1082 358 902 1112 180 275 245 837 710 226 70 127 122 77 474 431 132 236 143 62 60
internal_count=2669 1557 1510 1440 1082 358 902 1112 180 275 245 837 710 226 70 127 122 77 474 431 132 236 143 62 60
is_linear=0
shrinkage=0.03


Tree=44
num_leaves=24
num_cat=0
split_feature=4 18 3 16 15 15 0 14 8 0 14 5 16 3 14 3 15 0 4 3 12 12 18
split_gain=184.217 44.3436 28.432 27.8636 27.7368 38.2692 21.2486 20.3854 20.2069 16.0924 11.8496 10.7728 8.01471 5.41469 5.29534 5.11671 3.94506 4.46164 2.33972 2.08272 1.72073 1.45595 1.14237
threshold=0.071050000000000016 4.5000000000000009 0.029650000000000003 29.666444943820185 -1.6509589887640448 -0.90439325842696572 0.41815000000000008 0.24095730337078661 0.19185000000000002 0.30040000000000006 0.018131460674157333 0.22360000000000002 24.33174943820234 0.015200000000000002 -0.27054269662921332 0.28140000000000004 -12.533024719101123 0.029800000000000004 0.39680000000000004 0.26600000000000007 -0.14738202247190732 0.10131573033707754 3.5000000000000004
decision_type=2 2 2 2 2 2 2 2 2 2 2 2 2 2 2 2 2 2 2 2 2 2 2
left_child=1 3 -2 6 -3 -6 -1 -7 12 16 14 -10 -8 -9 20 18 -4 21 -12 -19 -11 -18 -16
right_child=2 4 9 -5 5 7 8 13 11 10 15 -13 -14 -15 22 -17 17 19 -20 -21 -22 -23 -24
leaf_value=-0.00063876065531161339 -0.00063876065531161339 -0.00063876065531161339 -0.021455194123273971 0.04007857212135868 0.039479280654340983 -0.00063876065531161339 0.014785792895269908 0.016944141182757447 0.011519236546340057 -0.00063876065531161339 -0.00063876065531161339 0.0059966623635332224 0.02554432187659236 0.0062646600695980053 -0.0051926045799627896 -0.010572961465877901 -0.016294075683488146 -0.010572961465877901 -0.0090176514387130743 -0.014955976865474731 -0.007389294374455983 -0.024626824627630411 -0.010572961465877901
leaf_weight=51 135 263 58 31 32 141 310 96 132 48 210 124 78 77 80 30 46 260 30 131 58 32 216
leaf_count=51 135 263 58 31 32 141 310 96 132 48 210 124 78 77 80 30 46 260 30 131 58 32 216
internal_value=0 0.0072428 -0.00852032 0.0122505 0.00127305 0.00822584 0.0110092 0.00504077 0.0126321 -0.0101495 -0.00707173 0.00608988 0.0169486 0.0121908 -0.0103365 -0.00221079 -0.0140742 -0.0131614 -0.000680829 -0.0118545 -0.00385192 -0.0197126 -0.010573
internal_weight=0 1335 1334 726 609 346 695 314 644 1199 672 256 388 173 402 270 527 469 240 391 106 78 296
internal_count=2669 1335 1334 726 609 346 695 314 644 1199 672 256 388 173 402 270 527 469 240 391 106 78 296
is_linear=0
shrinkage=0.03


Tree=45
num_leaves=31
num_cat=0
split_feature=4 3 17 6 16 0 17 15 3 2 8 8 5 15 16 16 7 15 3 3 17 16 7 1 15 8 15 3 13 13
split_gain=154.188 39.9047 24.8787 17.9597 17.9 16.6892 15.7922 15.5746 13.8412 9.23491 9.20535 8.54588 7.8723 7.83964 6.55136 6.49848 6.28752 4.95382 4.63527 4.27139 3.78792 3.71897 2.59907 2.38978 2.13798 2.12724 1.41984 1.28468 1.00755 0.708703
threshold=0.10385000000000001 0.010600000000000002 -0.0073202247191011252 0.016500000000000004 -23.769555056179737 0.096300000000000011 -0.0013202247191011205 8.9967910112359579 0.064250000000000015 1.0000000180025095e-35 0.19750000000000004 0.18835000000000005 0.31340000000000007 17.263128089887644 30.222860674157236 32.123080898876317 -0.37404999999999994 5.636198876404495 0.075750000000000012 0.0055500000000000002 -0.004324157303370795 31.104215730336993 -0.32869999999999994 0.035750000000000011 14.504220224719107 0.16270000000000004 -10.092958988764044 0.074450000000000016 -3.7259471910112358 -3.3162404494382041
decision_type=2 2 2 2 2 2 2 2 2 2 2 2 2 2 2 2 2 2 2 2 2 2 2 2 2 2 2 2 2 2
left_child=1 4 16 20 13 15 11 10 9 -5 -8 21 14 28 22 17 -3 26 -14 -13 -4 -6 -7 -10 -19 -20 -2 -24 -1 -15
right_child=5 2 3 8 6 12 7 -9 23 -11 -12 19 18 29 -16 -17 -18 24 25 -21 -22 -23 27 -25 -26 -27 -28 -29 -30 -31
leaf_value=0.003880465862834278 -0.017846922613680365 0.012590913385786908 0.0040021457596566374 0.018298708563143352 0.016365595650824162 -0.0017992068405269512 0.032274725606495684 0.0081746430988660305 0.010904896845154109 0.0052858179486619016 0.015204194547342403 0.0083167065875081412 -0.0069895300041554849 0.0075826391262340956 -0.0069895300041554849 -0.027269844623232207 -0.0017992068405269512 -0.026785652764141559 -0.0069895300041554849 -0.0017992068405269512 -0.0017992068405269512 0.0083167065875081412 -0.0043943684223412176 0.0040021457596566374 -0.015720020317557183 -0.011313596896749599 -0.011313596896749599 -0.0069895300041554849 -0.0017992068405269512 0.013899562298883533
leaf_weight=34 30 47 34 159 133 259 88 59 63 71 42 38 88 33 70 37 311 30 31 66 118 48 40 59 33 305 147 35 57 31
leaf_count=34 30 47 34 159 133 259 88 59 63 71 42 38 88 33 70 37 311 30 31 66 118 48 40 59 33 305 147 35 57 31
internal_value=0 0.00559426 0.00140183 0.00607171 0.0113397 -0.00919268 0.0142337 0.020958 0.0098035 0.0142817 0.0267596 0.00977445 -0.00706021 0.00248965 -0.00406347 -0.015567 -0.00179921 -0.0137628 -0.00991559 0.00292115 -0.00179921 0.0137123 -0.00179921 0.00400215 -0.0209894 -0.0113136 -0.0113136 -0.00698953 -0.00179921 0.0106424
internal_weight=0 1491 862 504 629 1105 474 189 352 230 130 285 828 155 404 277 358 240 424 104 152 181 334 122 63 336 177 75 91 64
internal_count=2596 1491 862 504 629 1105 474 189 352 230 130 285 828 155 404 277 358 240 424 104 152 181 334 122 63 336 177 75 91 64
is_linear=0
shrinkage=0.03


Tree=46
num_leaves=30
num_cat=0
split_feature=4 14 3 14 0 0 17 14 17 17 14 12 16 3 12 14 5 3 14 16 13 5 7 14 14 3 3 12 12
split_gain=143.732 40.702 24.505 21.5736 17.742 15.5874 10.406 8.89706 8.81555 13.4575 7.63015 6.46779 6.13985 6.05013 5.94715 4.72148 3.95377 3.80968 3.779 3.73423 6.26846 3.7433 2.73022 2.29531 2.50633 1.49658 1.04446 0.776223 0.59738
threshold=0.10385000000000001 -0.13795393258426963 0.010600000000000002 -0.35299887640449434 0.56540000000000012 0.096300000000000011 -0.0073202247191011252 0.018131460674157333 0.041179775280898868 -0.0013202247191011205 -0.10782359550561792 -0.19338202247190669 32.123080898876317 0.29390000000000011 -0.88332752808988768 0.48391573033707874 0.36295000000000005 0.088700000000000015 0.48391573033707874 29.233444943820249 -1.4993426966292149 0.31285000000000002 -0.37404999999999994 -0.17132359550561785 0.28045730337078673 0.018400000000000003 0.018400000000000003 -0.96697078651685497 0.10131573033707754
decision_type=2 2 2 2 2 2 2 2 2 2 2 2 2 2 2 2 2 2 2 2 2 2 2 2 2 2 2 2 2
left_child=1 3 8 25 22 12 18 19 9 15 -8 -11 23 16 26 -3 -9 -18 -6 20 27 -22 -4 -2 28 -1 -5 -7 -25
right_child=5 2 4 14 6 7 10 13 -10 11 -12 -13 -14 -15 -16 -17 17 -19 -20 -21 21 -23 -24 24 -26 -27 -28 -29 -30
leaf_value=0.017499972893856464 -0.01911503996624022 0.0089122084405478409 0.002879592074600808 0.013123330515180085 0.002879592074600808 -0.0053408658206462855 0.025059619143064465 -0.0017776961312544293 0.0024280420554801821 0.013952076948992908 0.009329576446526499 0.027145031139549643 -0.026451749351643326 -0.010965798475017477 -0.0017776961312544293 0.019272114689297536 -0.0052228157597551473 -0.010965798475017477 0.011210092880452672 -0.010965798475017477 -0.0017776961312544293 -0.0081139104338589958 -0.0017776961312544293 -0.010965798475017477 -0.018189803225028774 0.0094425869920495443 0.0055907655432820315 -0.010965798475017477 -0.014602976055646484
leaf_weight=42 49 177 42 37 113 30 31 244 50 50 265 101 37 31 346 51 38 37 54 81 108 123 61 90 46 41 30 136 55
leaf_count=42 49 177 42 37 113 30 31 244 50 50 265 101 37 31 346 51 38 37 54 81 108 123 61 90 46 41 30 136 55
internal_value=0 0.00536069 0.0088603 -0.0016597 0.0047615 -0.00891608 0.00753688 -0.00685521 0.014268 0.0158301 0.010977 0.0227765 -0.0150764 -0.003221 -0.0017777 0.0112296 -0.00186194 -0.00866794 0.00287959 -0.00951623 -0.00764986 -0.00438404 -0.0017777 -0.0133227 -0.0118367 0.0135198 0.00975054 -0.0109658 -0.0109658
internal_weight=0 1491 995 496 566 1105 463 828 429 379 296 151 277 350 413 228 319 75 167 478 397 231 103 240 191 83 67 166 145
internal_count=2596 1491 995 496 566 1105 463 828 429 379 296 151 277 350 413 228 319 75 167 478 397 231 103 240 191 83 67 166 145
is_linear=0
shrinkage=0.03


Tree=47
num_leaves=21
num_cat=0
split_feature=0 3 8 0 2 18 16 15 3 17 13 5 3 3 14 3 14 15 17 14
split_gain=131.465 69.7999 44.6871 39.9216 36.1738 32.6908 28.2821 15.726 13.9722 12.6203 8.08453 7.68509 6.75703 8.96066 6.59268 4.7972 3.76036 2.09121 1.19491 0.0392305
threshold=0.37145 0.064250000000000015 0.19900000000000004 0.0032500000000000007 0.13485000000000003 4.5000000000000009 29.233444943820249 8.9967910112359579 0.029650000000000003 0.049105617977528111 -3.3162404494382041 0.22475000000000003 0.26600000000000007 0.21750000000000003 -0.15508426966292135 0.0016000000000000001 0.0050865168539325776 28.896062359550566 -0.0083202247191011252 0.31913146067415737
decision_type=2 2 2 2 2 2 2 2 2 2 2 2 2 2 2 2 2 2 2 2
left_child=3 2 5 4 -1 6 10 11 -5 -3 -2 -7 13 14 -10 -4 18 -9 -14 -18
right_child=1 9 15 8 -6 7 -8 17 12 -11 -12 -13 16 -15 -16 -17 19 -19 -20 -21
leaf_value=-0.019793534187128935 0.002943323240223914 -0.0039025360663984352 0.002943323240223914 -0.0039025360663984352 -0.05751714352611452 0.012569749443500767 0.035328406939903891 0.014577445089817048 -0.018843971309769485 0.014992406929240506 0.013900578290162252 0.002943323240223914 -0.008790353527665138 -0.0039025360663984352 -0.0088079642785790675 -0.0039025360663984352 -0.019793534187128935 0.00693161176178943 -0.015001517021585078 -0.017598377457604959
leaf_weight=55 63 552 36 85 30 99 54 120 81 34 467 251 50 96 216 129 32 44 63 39
leaf_count=55 63 552 36 85 30 99 54 120 81 34 467 251 50 96 216 129 32 44 63 39
internal_value=0 0.00355371 0.00754863 -0.0113588 -0.0307134 0.00978918 0.0146455 0.00427149 -0.00887367 -0.00390254 0.0125382 0.00294332 -0.010984 -0.00876257 -0.0115451 -0.00390254 -0.0157285 0.0125261 -0.0122532 -0.0197935
internal_weight=0 1849 1263 747 85 1098 584 514 662 586 530 350 577 393 297 165 184 164 113 71
internal_count=2596 1849 1263 747 85 1098 584 514 662 586 530 350 577 393 297 165 184 164 113 71
is_linear=0
shrinkage=0.03


Tree=48
num_leaves=25
num_cat=0
split_feature=4 14 8 14 6 0 8 14 7 15 15 0 12 8 12 3 0 5 14 3 12 3 15 18
split_gain=125.816 41.4374 29.2444 20.457 17.1994 15.924 13.2689 7.73739 7.73674 7.16662 6.54195 5.93045 4.92722 4.80794 4.38632 3.60895 3.44772 3.00487 2.47366 2.29463 2.25086 2.17227 1.48923 0.779829
threshold=0.12895000000000004 -0.13795393258426963 0.19900000000000004 -0.35299887640449434 -0.0028499999999999997 0.24995000000000003 0.19185000000000002 0.17668651685393275 -0.32264999999999994 -9.9038932584269634 -12.533024719101123 0.97905000000000009 -0.88332752808988768 0.19185000000000002 -0.88332752808988768 0.41800000000000009 0.016600000000000004 0.22650000000000003 -0.27054269662921332 0.06795000000000001 -1.0029707865168562 0.1082 14.504220224719107 4.5000000000000009
decision_type=2 2 2 2 2 2 2 2 2 2 2 2 2 2 2 2 2 2 2 2 2 2 2 2
left_child=1 3 4 13 8 10 9 12 19 -6 -2 -4 -7 -1 20 16 23 -8 21 -3 -5 -14 -18 -12
right_child=5 2 11 14 6 7 17 -9 -10 -11 15 -13 18 -15 -16 -17 22 -19 -20 -21 -22 -23 -24 -25
leaf_value=0.017881006968892971 -0.02304021408387388 0.0088005217586720613 -0.0022839086230487526 0.001949303187429905 0.026575158104034404 -0.0022839086230487526 0.012746919399041859 -0.0022839086230487526 0.003901376587444245 0.014919653258581932 -0.013602301494218408 0.003901376587444245 -0.0092076756170307809 0.0035535199652159855 -0.0022839086230487526 -0.019269228705807644 -0.0092076756170307809 0.0088005217586720613 -0.0092076756170307809 0.0063509491730581536 0.012708424276539256 -0.0022839086230487526 -0.012913288751358203 -0.019688505635907252
leaf_weight=53 52 206 138 30 56 61 121 145 75 312 40 33 33 35 367 51 242 90 239 34 42 43 62 36
leaf_count=53 52 206 138 30 56 61 121 145 75 312 40 33 33 35 367 51 242 90 239 34 42 43 62 36
internal_value=0 0.00449676 0.00790168 -0.00228391 0.0100867 -0.00906458 0.0131559 -0.00542681 0.00444518 0.0166933 -0.0129885 -0.00228391 -0.00795907 0.0121826 -0.00228391 -0.0117758 -0.0107701 0.00880052 -0.00920768 0.00880052 0.00822546 -0.00375355 -0.00934134 -0.0164852
internal_weight=0 1592 1065 527 894 1004 579 521 315 368 483 171 376 88 439 431 380 211 315 240 72 76 304 76
internal_count=2596 1592 1065 527 894 1004 579 521 315 368 483 171 376 88 439 431 380 211 315 240 72 76 304 76
is_linear=0
shrinkage=0.03


Tree=49
num_leaves=23
num_cat=0
split_feature=4 14 6 8 7 14 5 7 14 4 17 17 6 0 12 8 8 17 12 14 4 13
split_gain=116.725 36.1835 20.3251 23.7398 19.4152 18.6603 12.6295 11.9753 9.28955 7.80805 6.81372 9.58294 6.18475 6.03706 4.1289 3.44957 2.84496 2.79624 1.91719 1.67506 1.48362 1.06439
threshold=0.10385000000000001 -0.13795393258426963 0.016500000000000004 0.19185000000000002 -0.32264999999999994 -0.35299887640449434 0.31340000000000007 -0.36204999999999993 -0.0049134831460674313 0.21385000000000004 -0.0013202247191011205 0.030277528089887654 0.055350000000000003 0.3040500000000001 -0.88332752808988768 0.19185000000000002 0.16825000000000004 -0.004324157303370795 1.1377595505617999 -0.17132359550561785 0.064250000000000015 -2.011842696629214
decision_type=2 2 2 2 2 2 2 2 2 2 2 2 2 2 2 2 2 2 2 2 2 2
left_child=1 5 4 10 17 15 8 13 18 -9 -4 -12 -5 16 -7 -1 19 -3 -2 -8 -19 -18
right_child=6 2 3 12 -6 14 7 9 -10 -11 11 -13 -14 -15 -16 -17 21 20 -20 -21 -22 -23
leaf_value=0.017227719950561337 -0.0074113701090035471 0.007543066379686221 0.013246126852315987 0.007543066379686221 -0.0017265695856885693 0.008958613018491374 -0.012224744854806943 -0.015020296327544846 -0.0017265695856885693 -0.032816103663062673 0.027045575361307552 0.013246126852315987 0.013246126852315987 -0.0074113701090035471 -0.0017265695856885693 0.0045844208802126585 -0.015020296327544846 0.007543066379686221 -0.0017265695856885693 -0.0094271504098063664 0.0029082483969988257 -0.012224744854806943
leaf_weight=52 185 214 74 211 154 67 77 58 207 32 119 50 97 145 346 31 35 41 35 213 35 118
leaf_count=52 185 214 74 211 154 67 77 58 207 32 119 50 97 145 346 31 35 41 35 213 35 118
internal_value=0 0.00470631 0.00800685 0.0118558 0.00323034 -0.00172657 -0.00815945 -0.0107047 -0.00411803 -0.0208957 0.0189492 0.0223595 0.00754307 -0.00914486 -0.00172657 0.0125055 -0.0114429 0.00754307 -0.00741137 -0.00969669 0.00290825 -0.0147528
internal_weight=0 1491 995 551 444 496 1105 678 427 90 243 169 308 588 413 83 443 290 220 290 76 153
internal_count=2596 1491 995 551 444 496 1105 678 427 90 243 169 308 588 413 83 443 290 220 290 76 153
is_linear=0
shrinkage=0.03


Tree=50
num_leaves=31
num_cat=0
split_feature=3 0 18 14 4 14 3 14 12 6 14 14 5 6 7 12 8 3 13 3 13 18 12 0 3 3 3 17 12 3
split_gain=119.847 88.8125 41.4852 33.6858 27.9262 20.324 17.488 16.2757 14.7616 10.7215 10.1667 13.8432 9.44191 7.75341 7.20717 5.97005 5.27465 4.75279 4.40433 6.91176 6.49655 3.92102 8.89313 3.83835 3.4211 3.14183 3.12326 3.00731 2.35888 1.76996
threshold=0.064250000000000015 0.0032500000000000007 4.5000000000000009 -0.13795393258426963 0.12835000000000002 0.40500112359550566 0.26600000000000007 0.21468651685393267 0.29652921348314548 0.054100000000000002 -0.11695393258426963 0.28045730337078673 0.31340000000000007 0.017550000000000003 -0.34744999999999998 -0.88332752808988768 0.19110000000000002 0.046200000000000012 1.5700202247191017 0.37115000000000004 -1.8418426966292143 4.5000000000000009 0.05071685393258641 0.61650000000000016 0.13735000000000003 0.1082 0.39840000000000003 -0.0165584269662921 -1.5357831460674143 0.11425
decision_type=2 2 2 2 2 2 2 2 2 2 2 2 2 2 2 2 2 2 2 2 2 2 2 2 2 2 2 2 2 2
left_child=1 -1 4 9 5 8 7 15 -3 14 13 -12 25 -5 -4 29 -7 -6 19 20 -8 23 -23 -17 -14 -9 27 -20 -27 -2
right_child=6 2 3 10 17 16 18 12 -10 -11 11 -13 24 -15 -16 21 -18 -19 26 -21 -22 22 -24 -25 -26 28 -28 -29 -30 -31
leaf_value=-0.037597718558512454 -0.0067881545355153632 0.013572478135235412 -0.0049144746798515972 0.005233740453657351 -0.010165521780911244 0.034159130307591767 -0.015125245586968957 0.00073437653070054581 0.0039543755744761303 0.0033025218676092385 -0.0014830341895064533 0.0097553284992993681 -0.00064596870270642367 0.024156880070921032 -0.015737238569791777 -0.0098701009954675085 0.017845644384622574 0.0036421760191788543 -0.01685418184264563 -0.020599417240172623 -8.466350078898748e-05 -0.025286878625657861 -0.0099363654319577933 -0.002106745266516147 -0.011941375754946885 0.017036198340957202 -0.010935956493020057 -0.028295895793260289 0.0062318730789279056 0.0010336959057233551
leaf_weight=43 43 493 49 38 57 44 48 40 165 46 241 167 55 40 111 168 30 37 44 50 56 41 198 87 43 31 30 39 44 66
leaf_count=43 43 493 49 38 57 44 48 40 165 46 241 167 55 40 111 168 30 37 44 50 56 41 198 87 43 31 30 39 44 66
internal_value=0 0.00491888 0.00612324 0.000704865 0.0106626 0.0126393 -0.00806932 -0.00588866 0.0109629 -0.00946174 0.00501417 0.00311698 0.00124011 0.0149379 -0.0131315 -0.00840679 0.0275456 -0.00473058 -0.0147338 -0.0114333 -0.00702647 -0.00980896 -0.0125697 -0.00722143 -0.00560212 0.00707087 -0.0192319 -0.0222304 0.0106977 -0.00205199
internal_weight=0 1561 1518 692 826 732 1083 816 658 206 486 408 213 78 160 603 74 94 267 154 104 494 239 255 98 115 113 83 75 109
internal_count=2644 1561 1518 692 826 732 1083 816 658 206 486 408 213 78 160 603 74 94 267 154 104 494 239 255 98 115 113 83 75 109
is_linear=0
shrinkage=0.03


Tree=51
num_leaves=22
num_cat=0
split_feature=3 0 15 8 16 4 15 3 14 16 5 1 7 3 3 3 13 3 13 8 3
split_gain=112.689 83.5447 36.53 32.6004 33.7903 27.9036 20.0379 16.4518 15.3135 12.5406 8.53408 6.63366 4.42223 4.36639 4.20909 5.68013 4.14403 6.50327 6.1126 3.04313 3.01149
threshold=0.064250000000000015 0.0032500000000000007 -21.139350561797738 0.20425000000000001 -23.769555056179737 0.12835000000000002 14.504220224719107 0.26600000000000007 0.17668651685393275 33.094215730337062 0.37200000000000005 0.32200000000000001 -0.34394999999999992 0.21215000000000003 0.18280000000000005 0.13615000000000002 1.5700202247191017 0.37115000000000004 -1.8418426966292143 0.19325000000000003 0.31325000000000008
decision_type=2 2 2 2 2 2 2 2 2 2 2 2 2 2 2 2 2 2 2 2 2
left_child=1 -1 12 4 6 -6 -4 8 9 11 14 13 -3 -2 15 -10 17 18 -9 20 -18
right_child=7 2 3 -5 5 -7 -8 16 10 -11 -12 -13 -14 -15 -16 -17 19 -19 -20 -21 -22
leaf_value=-0.036469787451936755 -0.0075609399818132141 -0.0038988956502608715 -0.0037692201400921807 -0.015267527549687854 0.012125410189596996 -0.0034697738310707537 0.0091564115565235162 -0.01467148805852048 0.0054745339632437029 -0.026766910490489775 -0.011399491861928254 -0.02090169637557119 -0.015267527549687854 -7.8749511256275407e-05 0.01360750686334954 -0.0037279481525272443 -0.021024065949254524 -0.019981434890627859 -8.2123487393671104e-05 -0.026487594428763257 -0.010996453748906359
leaf_weight=43 455 31 219 44 940 116 133 48 111 31 40 30 35 83 33 33 30 50 56 32 51
leaf_count=43 455 31 219 44 940 116 133 48 111 31 40 30 35 83 33 33 30 50 56 32 51
internal_value=0 0.00476664 0.00593473 0.00692733 0.00772909 0.0104123 -0.000320559 -0.00782776 -0.00571269 -0.00818629 0.00111538 -0.00717221 -0.0152675 -0.00640662 0.0039436 0.00172895 -0.0142918 -0.0110903 -0.00681568 -0.0186549 -0.0155605
internal_weight=0 1561 1518 1452 1408 1056 352 1083 816 599 217 568 66 538 177 144 267 154 104 113 81
internal_count=2644 1561 1518 1452 1408 1056 352 1083 816 599 217 568 66 538 177 144 267 154 104 113 81
is_linear=0
shrinkage=0.03


Tree=52
num_leaves=27
num_cat=0
split_feature=3 2 5 8 3 3 17 16 15 16 17 7 1 15 13 16 13 3 13 8 16 8 8 3 15 3
split_gain=105.825 69.3471 28.1484 30.8718 16.9306 15.4761 14.8606 12.9513 15.2447 12.7707 13.4493 11.1694 9.80347 7.66584 7.26136 8.42223 3.93516 5.8757 4.83862 3.47658 2.93602 2.1356 1.78124 1.84174 1.72368 1.71213
threshold=0.064250000000000015 0.13485000000000003 0.22590000000000002 0.19445000000000004 0.018650000000000003 0.26600000000000007 0.049105617977528111 -23.769555056179737 -12.654524719101122 -23.769555056179737 -0.0013202247191011205 -0.2715999999999999 0.32200000000000001 14.504220224719107 3.403520224719101 33.030350561797782 2.0710887640449429 0.37115000000000004 -1.8418426966292143 0.18700000000000003 7.7131404494380726 0.18795000000000003 0.18755000000000002 0.32895000000000008 14.504220224719107 0.1082
decision_type=2 2 2 2 2 2 2 2 2 2 2 2 2 2 2 2 2 2 2 2 2 2 2 2 2 2
left_child=1 2 9 7 -3 6 12 13 -9 -1 21 -6 14 -4 15 -2 17 18 -7 -12 -20 -11 23 -18 -5 -16
right_child=5 4 3 24 11 16 -8 8 -10 10 19 -13 -14 -15 25 -17 22 -19 20 -21 -22 -23 -24 -25 -26 -27
leaf_value=0.0078543993446392752 -0.0057016286911155106 -0.0064512439629144415 -0.00025885035015770581 -0.0064512439629144415 -0.013925454480753791 -0.014231343425926753 0.01302646699789408 -0.00025885035015770581 0.0078543993446392752 0.015763459792060237 0.028010832002529729 -0.037788752628172315 -0.021092022657394408 0.0078543993446392752 -0.0042175403255368428 -0.013375853593718626 -0.020024914379165919 -0.018974931447467366 0.0052041838518343863 0.018177379455564444 -0.007763242884115739 0.0078543993446392752 -0.024282453176142138 -0.010695836083455519 -0.00025885035015770581 0.0041976599962361251
leaf_weight=122 587 31 129 145 31 48 37 57 561 31 39 41 39 58 31 49 34 56 30 190 33 90 33 33 36 73
leaf_count=122 587 31 129 145 31 48 37 57 561 31 39 41 39 58 31 49 34 56 30 190 33 90 33 33 36 73
internal_value=0 0.00460343 0.00628406 0.00340002 -0.0191865 -0.00760136 -0.00554997 0.00593354 0.0078544 0.0123088 0.0155743 -0.0275143 -0.00643229 -0.00025885 -0.00565968 -0.0068614 -0.0138708 -0.0110525 -0.00705555 0.0198521 -0.00158828 0.0078544 -0.0185774 -0.0157674 -0.00645124 0.00168928
internal_weight=0 1561 1458 986 103 1083 816 805 618 472 350 72 779 187 740 636 267 167 111 229 63 121 100 67 181 104
internal_count=2644 1561 1458 986 103 1083 816 805 618 472 350 72 779 187 740 636 267 167 111 229 63 121 100 67 181 104
is_linear=0
shrinkage=0.03


Tree=53
num_leaves=21
num_cat=0
split_feature=3 0 15 8 0 14 3 17 14 5 4 1 7 13 3 13 3 3 3 17
split_gain=99.3612 76.1473 34.0278 30.0116 28.3929 20.198 14.5227 14.003 10.2398 7.97273 7.42007 5.55171 4.04809 3.72172 5.79019 5.44535 3.64832 2.90302 2.89876 2.69725
threshold=0.064250000000000015 0.0032500000000000007 -21.139350561797738 0.20425000000000001 0.41815000000000008 0.39250112359550565 0.26600000000000007 0.049105617977528111 0.35813146067415735 0.36295000000000005 0.12835000000000002 0.32200000000000001 -0.34394999999999992 1.5700202247191017 0.37115000000000004 -1.8418426966292143 0.21215000000000003 0.39840000000000003 0.1082 -0.0165584269662921
decision_type=2 2 2 2 2 2 2 2 2 2 2 2 2 2 2 2 2 2 2 2
left_child=1 -1 12 4 10 -6 7 8 11 18 -4 16 -3 14 15 -8 -2 19 -10 -15
right_child=6 2 3 -5 5 -7 13 -9 9 -11 -12 -13 -14 17 -16 -17 -18 -19 -20 -21
leaf_value=-0.034926259465688884 -0.0082236627250081278 -0.0037741632810643607 0.0033455294101169203 -0.014684427693028849 0.0073784781419605682 0.017838034647109452 -0.013804403100002674 0.012635672895892246 -0.0033085036518112304 -0.012834101143293083 -0.0036994796754669778 -0.020074384036306583 -0.014684427693028849 -0.015391367908014217 -0.018812743759062139 -3.432711079117975e-05 -0.0016438656986764307 -0.0095939538218080996 0.0074253546962115384 -0.026227200472584138
leaf_weight=43 513 31 110 44 982 200 48 37 31 30 116 32 35 44 50 56 89 30 84 39
leaf_count=43 513 31 110 44 982 200 48 37 31 30 116 32 35 44 50 56 89 30 84 39
internal_value=0 0.00444222 0.0055574 0.00651575 0.00728547 0.00914828 -0.00738396 -0.00539677 -0.00625325 0.000938918 -0.00245723 -0.00789814 -0.0146844 -0.0134572 -0.0104232 -0.00638975 -0.0072509 -0.017592 0.00453188 -0.0204829
internal_weight=0 1561 1518 1452 1408 1182 1083 816 779 145 226 634 66 267 154 104 602 113 115 83
internal_count=2644 1561 1518 1452 1408 1182 1083 816 779 145 226 634 66 267 154 104 602 113 115 83
is_linear=0
shrinkage=0.03


Tree=54
num_leaves=29
num_cat=0
split_feature=3 0 18 14 15 4 16 3 17 15 14 16 6 17 8 5 8 1 0 3 16 8 0 5 3 16 14 17
split_gain=93.1638 71.5721 37.4803 28.825 27.8869 23.5889 20.3738 13.6644 13.1754 12.4676 9.63466 11.3205 9.25237 8.53655 7.87167 7.50154 6.08714 6.07512 5.48711 4.43272 3.0418 5.73251 3.5895 3.77604 2.72744 1.47737 1.45503 1.20855
threshold=0.064250000000000015 0.0032500000000000007 4.5000000000000009 -0.13795393258426963 -1.6509589887640448 0.12835000000000002 26.560249438202337 0.26600000000000007 0.049105617977528111 -7.9742089887640439 0.35813146067415735 33.094215730337062 0.054100000000000002 -0.0073202247191011252 0.19235000000000002 0.36295000000000005 0.18310000000000001 0.32200000000000001 0.41815000000000008 0.046200000000000012 7.7131404494380726 0.19325000000000003 0.049150000000000006 0.31430000000000008 0.1082 -23.644359550561884 -0.13795393258426963 -0.017320224719101131
decision_type=2 2 2 2 2 2 2 2 2 2 2 2 2 2 2 2 2 2 2 2 2 2 2 2 2 2 2 2
left_child=1 -1 5 12 9 6 13 8 10 -5 11 17 16 -3 -8 24 -4 -2 -6 -7 22 26 -9 -24 -12 -25 -22 -28
right_child=7 2 3 4 18 19 14 20 -10 -11 15 -13 -14 -15 -16 -17 -18 -19 -20 -21 21 -23 23 25 -26 -27 27 -29
leaf_value=-0.033878471791787546 -0.0060394197285596127 0.0037350082688746931 -0.005757671547145014 0.0030715460393063642 0.00020006107818335296 -0.0097115795641500302 0.026709678807157151 -0.018015267557896938 0.012256602660022877 -0.011553937814280608 -0.0032092485955405618 -0.025341388113916882 0.0026729740137639252 0.011491954533837211 0.012162943463593433 -0.012449077952420338 -0.014254161051074394 -0.019472152696398553 0.012216108599283052 0.0035195122778031635 -0.0072891671659753602 -0.025909676431463316 0.0018230965445118566 -0.012403830650402336 0.0072025940556445017 -0.0055027528966386475 -0.011024715730243108 -0.019100182685859998
leaf_weight=43 571 188 82 108 40 57 94 35 37 102 31 31 46 398 52 30 78 32 236 37 34 39 31 34 84 31 33 30
leaf_count=43 571 188 82 108 40 57 94 35 37 102 31 31 46 398 52 30 78 32 236 37 34 39 31 34 84 31 33 30
internal_value=0 0.00428899 0.00537015 0.000219951 0.00420623 0.00968484 0.0115016 -0.00716244 -0.00523486 -0.00403226 -0.00606565 -0.0076612 -0.00918458 0.00900338 0.0215286 0.000910751 -0.0125936 -0.00675227 0.0104747 -0.00446256 -0.0130535 -0.0161961 -0.00979087 -0.00679239 0.00439592 -0.0109013 -0.0122907 -0.0149899
internal_weight=0 1561 1518 692 486 826 732 1083 816 210 779 634 206 586 146 145 160 603 276 94 267 136 131 96 115 65 97 63
internal_count=2644 1561 1518 692 486 826 732 1083 816 210 779 634 206 586 146 145 160 603 276 94 267 136 131 96 115 65 97 63
is_linear=0
shrinkage=0.03


Tree=55
num_leaves=28
num_cat=0
split_feature=3 7 3 8 6 18 17 15 14 7 8 14 3 3 6 17 13 16 12 13 13 5 14 5 8 12 8
split_gain=87.0082 57.0153 34.1219 36.1025 20.6974 18.1913 18.0574 13.9806 13.289 13.0431 12.8843 12.8312 9.66812 10.8974 9.70265 8.24369 7.58148 7.49197 7.47438 8.20062 6.2641 4.93919 4.65387 3.28501 2.33808 0.740475 0.576803
threshold=0.016650000000000002 -0.25914999999999994 0.064250000000000015 0.19945000000000004 -0.0035499999999999998 4.5000000000000009 0.055605617977528117 -1.6509589887640448 -0.12032359550561793 -0.35199999999999992 0.19655000000000003 0.40500112359550566 0.13455000000000003 0.11275000000000002 0.017900000000000003 -0.0053241573033707959 2.0710887640449429 -23.769555056179737 0.29652921348314548 -3.3162404494382041 1.7265202247191029 0.26625000000000004 0.35813146067415735 0.29340000000000005 0.18835000000000005 2.0143039325842733 0.18370000000000003
decision_type=2 2 2 2 2 2 2 2 2 2 2 2 2 2 2 2 2 2 2 2 2 2 2 2 2 2 2
left_child=5 2 3 4 9 11 12 10 24 -2 16 18 13 -4 -14 -5 -7 -6 19 -1 -20 -18 -10 -21 -9 -24 -22
right_child=1 -3 6 15 17 7 -8 8 22 -11 -12 -13 14 -15 -16 -17 21 -19 20 23 26 -23 25 -25 -26 -27 -28
leaf_value=0.00015543718261390246 0.0040142392759033706 -0.043870561814401299 -0.0078236302302684638 -0.023666741701623729 0.0042314781002651828 -0.010087498183433411 0.014472067096403666 0.0029984184882293147 0.023650219256934873 -0.0064998278450915745 -0.020499390626156872 0.026018752615366663 -0.018601652468763746 0.0016084737612153063 -0.0082645981730594224 -0.0064998278450915745 0.011314394276851089 0.01263523305298616 -0.0081968574349593828 0.016266091362055531 0.010657827378335325 -0.0015038578753134764 0.0079010287721951802 0.008840043576434255 -0.0068717407248914232 0.013343361072242259 0.0052997435764409601
leaf_weight=44 173 32 287 44 72 31 35 54 34 111 33 49 98 179 492 33 48 232 32 188 33 62 45 75 36 45 40
leaf_count=44 173 32 287 44 72 31 35 54 34 111 33 49 98 179 492 33 48 232 32 188 33 62 45 75 36 45 40
internal_value=0 -0.0041861 -0.00346292 0.00189353 0.00442303 0.00747713 -0.00672785 0.00269046 0.00782541 -0.00140025 -0.00362494 0.0115058 -0.0074305 -0.00420057 -0.0099816 -0.0174227 0.000324394 0.00986321 0.00977977 0.0121429 0.00287046 0.00408956 0.0141944 0.0141484 -0.000949645 0.0106222 0.00772189
internal_weight=0 1788 1756 665 588 849 1091 388 214 284 174 461 1056 466 590 77 141 304 412 307 105 110 124 263 90 90 73
internal_count=2637 1788 1756 665 588 849 1091 388 214 284 174 461 1056 466 590 77 141 304 412 307 105 110 124 263 90 90 73
is_linear=0
shrinkage=0.03


Tree=56
num_leaves=30
num_cat=0
split_feature=3 2 3 8 0 14 18 12 14 14 8 13 18 5 0 5 12 13 14 14 14 13 13 14 5 5 12 12 8
split_gain=81.9878 46.3313 42.7074 39.8053 32.4091 17.3634 17.1445 15.1562 12.0729 11.0298 14.762 9.19581 10.0256 9.74789 8.80509 7.42284 7.03264 7.71596 6.76539 6.49832 7.03405 6.29211 5.89389 5.87332 3.09086 2.23616 1.91278 0.696712 0.542714
threshold=0.016650000000000002 0.13485000000000003 0.064250000000000015 0.19900000000000004 0.090150000000000008 -0.12895393258426963 4.5000000000000009 -1.6266842696629238 0.40500112359550566 -0.13795393258426963 0.19155000000000003 2.2225887640449451 4.5000000000000009 0.35940000000000005 0.24995000000000003 0.22620000000000004 0.29652921348314548 -3.3162404494382041 0.39250112359550565 -0.10782359550561792 0.35813146067415735 -3.7259471910112358 1.7265202247191029 0.27495730337078667 0.29340000000000005 0.28155000000000002 0.34752921348314386 2.0143039325842733 0.18370000000000003
decision_type=2 2 2 2 2 2 2 2 2 2 2 2 2 2 2 2 2 2 2 2 2 2 2 2 2 2 2 2 2
left_child=6 2 3 5 -3 15 8 14 16 10 25 12 -9 -13 -4 -2 17 -1 -7 -11 23 -16 -18 -21 -19 -8 -5 -22 -24
right_child=1 4 7 26 -6 18 9 11 -10 19 -12 13 -14 -15 21 -17 22 24 -20 20 27 -23 28 -25 -26 -27 -28 -29 -30
leaf_value=0.00015077423296381973 0.01254345032502897 -0.04900864304678345 -0.011037850423806136 -0.0084208519766953861 -0.01413554283115704 0.0081585183762075738 0.0061835581341455146 -0.0072284103737079667 0.025238189923824095 0.016085046234581134 -0.022596550531452521 -0.0014711654188520299 -0.01413554283115704 -0.012471740946927367 0.016889104390222773 -0.0033010926372902109 -0.0079509517293615776 0.01577810860977092 0.017877385372888636 0.0027410338380286703 0.0076639980822801584 0.0014778563124127684 0.010338092336896807 -0.012205399950966239 0.0085748422317206852 -0.0040294047838875221 -0.01413554283115704 0.012943060257782538 0.0051407512840814882
leaf_weight=44 32 33 31 55 55 241 43 371 49 46 32 287 203 97 38 158 32 188 88 112 45 64 33 30 75 35 35 45 40
leaf_count=44 32 33 31 55 55 241 43 371 49 46 32 287 203 97 38 158 32 188 88 112 45 64 33 30 75 35 35 45 40
internal_value=0 -0.00407216 -0.00297343 0.00339089 -0.0252977 0.00658811 0.00724958 -0.00652602 0.0111606 0.00260267 -0.00543842 -0.00784351 -0.0102476 -0.00424996 0.00296388 -0.000632538 0.00948638 0.0117786 0.0107581 0.0057844 0.00374203 0.0072193 0.00278435 -0.000416663 0.0137239 0.00160082 -0.0141355 0.0103035 0.00749023
internal_weight=0 1788 1700 609 88 519 849 1091 461 388 110 958 574 384 133 190 412 307 329 278 232 102 105 142 263 78 90 90 73
internal_count=2637 1788 1700 609 88 519 849 1091 461 388 110 958 574 384 133 190 412 307 329 278 232 102 105 142 263 78 90 90 73
is_linear=0
shrinkage=0.03


Tree=57
num_leaves=31
num_cat=0
split_feature=3 2 3 8 0 14 18 12 8 14 5 13 18 5 0 5 14 18 13 14 14 3 14 16 14 14 4 13 3 8
split_gain=77.3036 43.624 40.5979 37.454 30.6363 17.3719 14.4405 14.2887 11.0578 10.3909 8.78527 8.70384 9.4733 9.17179 8.28471 7.19069 6.90561 6.43838 5.92025 4.73663 4.38127 4.03161 3.67208 3.61542 2.32212 2.06947 1.35121 0.62828 0.53638 0.45531
threshold=0.016050000000000005 0.13485000000000003 0.064250000000000015 0.19945000000000004 0.090150000000000008 -0.12895393258426963 4.5000000000000009 -1.6266842696629238 0.19655000000000003 0.40500112359550566 0.26625000000000004 2.2225887640449451 4.5000000000000009 0.35940000000000005 0.24995000000000003 0.29340000000000005 0.39250112359550565 4.5000000000000009 -3.7259471910112358 -0.083584269662921359 -0.3100426966292133 0.0070500000000000007 0.41254606741573041 6.8233606741572439 -0.12895393258426963 -0.030868539325842711 0.032200000000000006 -1.9368426966292132 0.010600000000000002 0.18310000000000001
decision_type=2 2 2 2 2 2 2 2 2 2 2 2 2 2 2 2 2 2 2 2 2 2 2 2 2 2 2 2 2 2
left_child=6 2 3 5 -3 17 9 14 10 15 23 12 -9 -13 -4 20 -7 -2 -16 -10 -1 26 29 27 -22 -25 -17 -8 -23 -12
right_child=1 4 7 -5 -6 16 8 11 19 -11 22 13 -14 -15 18 21 -18 -19 -20 -21 24 28 -24 25 -26 -27 -28 -29 -30 -31
leaf_value=0.020413944625711822 0.004678477853176986 -0.047538382956250146 -0.010706715088698172 -0.013654345378725461 -0.013654345378725461 0.0073804778780322518 0.0056764868280576673 -0.0070115580684329678 -0.016991395302116869 0.024197577918146519 0.0010329452714951776 -0.0014270304027459671 -0.013654345378725461 -0.012097588676872864 0.0163824310766435 0.0078075678973851797 0.016795581730548292 -0.0038642682221036416 0.0014335207105614243 -0.0013900437205871515 0.0078075678973851797 0.00073250490248263358 0.0056764868280576673 0.021278925037688828 0.012429848149015635 0.010484411844442928 0.001908641882861654 0.0097918178296337519 -0.004848232912800966 -0.0013900437205871515
leaf_weight=47 101 33 31 77 55 260 42 371 30 47 81 287 203 97 38 33 96 102 64 38 58 31 39 33 164 31 36 36 31 45
leaf_count=47 101 33 31 77 55 260 42 371 30 47 81 287 203 97 38 33 96 102 64 38 58 31 39 33 164 31 36 36 31 45
internal_value=0 -0.00387731 -0.00282742 0.00319693 -0.0244813 0.00592581 0.00721194 -0.00633933 0.00287069 0.0108539 0.00529521 -0.00761856 -0.00995742 -0.00412246 0.00287496 0.00928604 0.00991938 -0.0010777 0.00700272 -0.0080753 0.012093 0.00352214 0.000587259 0.0107657 0.0103314 0.0160503 0.00780757 0.00642962 -0.00205786 -0.00139004
internal_weight=0 1815 1727 636 88 559 822 1091 375 447 307 958 574 384 133 400 356 203 102 68 269 131 165 142 222 64 69 78 62 126
internal_count=2637 1815 1727 636 88 559 822 1091 375 447 307 958 574 384 133 400 356 203 102 68 269 131 165 142 222 64 69 78 62 126
is_linear=0
shrinkage=0.03


Tree=58
num_leaves=26
num_cat=0
split_feature=3 7 3 14 18 0 15 16 15 3 0 15 13 1 3 14 14 12 14 4 15 17 15 14 3
split_gain=72.8146 49.1545 29.1619 30.2564 31.0718 15.6067 13.8482 15.013 12.0546 9.29162 23.4305 7.76617 7.14331 6.8491 6.37479 6.25706 5.52158 14.2865 5.0311 4.93989 4.43006 1.69997 1.35055 1.17957 0.716954
threshold=0.016050000000000005 -0.25914999999999994 0.13455000000000003 -0.13795393258426963 4.5000000000000009 0.35155000000000008 -21.139350561797738 -23.769555056179737 -1.6509589887640448 0.15205000000000005 0.71345000000000003 17.263128089887644 2.6790528089887649 0.51270000000000016 0.18280000000000005 -0.3100426966292133 0.40500112359550566 0.29652921348314548 -0.15232359550561794 0.27155000000000001 8.9967910112359579 0.013175842696629221 -6.5933011235955048 0.058131460674157316 0.0045500000000000011
decision_type=2 2 2 2 2 2 2 2 2 2 2 2 2 2 2 2 2 2 2 2 2 2 2 2 2
left_child=6 2 3 4 15 19 -1 11 -7 18 14 21 -6 16 -11 -2 17 -9 -4 -5 -18 24 -15 -13 -8
right_child=1 -3 9 5 12 8 7 13 -10 10 -12 23 -14 22 -16 -17 20 -19 -20 -21 -22 -23 -24 -25 -26
leaf_value=-0.012357440250925718 0.0060070570100240568 -0.040624931738711893 -0.0075881131113536898 -0.00012970461900793651 -0.021775919471919123 0.0010620216668392047 0.002111115305684507 0.014767671814386742 0.0093318374380951096 -0.016603327800419083 0.018403231666513507 0.0035500792515548792 -0.0082421884484266718 0.0051734520914033053 -0.007050483735275742 -0.00435484613640211 0.025137293672234544 0.0059423816353043829 -0.021868062866840364 -0.010457621882164692 0.012426964949455952 -0.0088616649198035406 -0.0037554741285238114 0.01098302266165695 -0.0039316170250043971
leaf_weight=32 92 32 31 79 108 326 30 245 309 74 31 33 52 30 418 122 41 184 58 83 62 45 31 46 43
leaf_count=32 92 32 31 79 108 326 30 245 309 74 31 33 52 30 418 122 41 184 58 83 62 45 31 46 43
internal_value=0 -0.00377259 -0.00311119 -0.000337551 -0.0073771 0.00296583 0.00698986 0.00777355 0.00508623 -0.00841828 -0.0068934 0.000598328 -0.0173775 0.0101572 -0.00848729 9.98038e-05 0.011249 0.00975139 -0.0173791 -0.00534564 0.0174864 -0.00427543 0.000635801 0.00787812 -0.0014483
internal_weight=0 1815 1783 1171 374 797 822 790 635 612 523 197 160 593 492 214 532 429 89 162 103 118 61 79 73
internal_count=2637 1815 1783 1171 374 797 822 790 635 612 523 197 160 593 492 214 532 429 89 162 103 118 61 79 73
is_linear=0
shrinkage=0.03


Tree=59
num_leaves=26
num_cat=0
split_feature=3 2 3 15 8 4 17 16 3 3 3 12 14 8 17 12 15 12 12 7 17 8 8 3 14
split_gain=68.6837 35.765 30.1789 32.8379 25.4156 23.938 14.7941 10.6412 8.17856 10.1826 8.43468 7.82971 15.9222 6.94462 5.62907 5.64078 5.18512 3.11498 2.84171 2.72059 2.14904 1.71073 1.47044 2.52091 1.37199
threshold=0.010600000000000002 0.37945000000000007 0.064250000000000015 -12.654524719101122 0.20170000000000002 0.12835000000000002 0.055605617977528117 -23.769555056179737 0.13455000000000003 0.11275000000000002 0.15205000000000005 0.29652921348314548 0.39250112359550565 0.19515000000000002 0.0062775280898876304 -0.47928314606741645 17.263128089887644 1.1377595505617999 1.9908039325842746 -0.33334999999999998 0.013175842696629221 0.19110000000000002 0.18220000000000003 0.004850000000000001 0.058131460674157316
decision_type=2 2 2 2 2 2 2 2 2 2 2 2 2 2 2 2 2 2 2 2 2 2 2 2 2
left_child=7 2 3 19 5 -5 8 16 9 -4 -10 14 13 17 22 -16 20 -13 -14 -2 -1 -17 -9 -24 -18
right_child=1 -3 6 4 -6 -7 -8 11 10 -11 -12 12 18 -15 15 21 24 -19 -20 -21 -22 -23 23 -25 -26
leaf_value=0.00036880379836810265 -0.0099025662690401077 -0.035181338712573049 -0.0071760069732538035 0.0076943318757478783 -0.01592019136368843 -0.0051534360823604986 0.013180453922599554 0.013424682045712115 -0.017615764949085382 0.0019414838730206702 -0.0074990871690434006 0.0010353254111593261 0.023514855633665982 -0.0097426600585906551 0.010688903532466109 0.029045917382463812 0.0027934962436556815 0.010302371164160024 0.012400065292703344 -0.01894182178581847 -0.0089159340748714427 0.019790285296919868 0.0099845828779367429 8.1868256412206151e-06 0.011375708674374771
leaf_weight=57 30 31 287 562 58 170 35 47 87 179 503 85 37 39 49 32 30 53 47 34 37 41 38 31 38
leaf_count=57 30 31 287 562 58 170 35 47 87 179 503 85 37 39 49 32 30 53 47 34 37 41 38 31 38
internal_value=0 -0.00321184 -0.0027023 0.00152143 0.0031959 0.00471056 -0.00600851 0.00795959 -0.00664451 -0.00367379 -0.00899087 0.0101284 0.00653991 0.00143539 0.0140637 0.0185625 0.0012791 0.00459441 0.0172959 -0.0189418 -0.00328583 0.0238475 0.00933215 0.00654448 0.00758944
internal_weight=0 1976 1945 854 790 732 1091 661 1056 466 590 499 261 177 238 122 162 138 84 64 94 73 116 69 68
internal_count=2637 1976 1945 854 790 732 1091 661 1056 466 590 499 261 177 238 122 162 138 84 64 94 73 116 69 68
is_linear=0
shrinkage=0.03


Tree=60
num_leaves=19
num_cat=0
split_feature=3 0 15 8 16 4 15 17 16 15 0 8 5 3 16 4 3 0
split_gain=65.9766 61.5132 35.6221 23.0604 18.7598 14.9438 14.9214 10.5135 7.9115 14.2316 7.05666 6.96229 3.10037 3.23434 2.07472 2.05575 0.904427 0.264412
threshold=0.06795000000000001 0.029800000000000004 -21.139350561797738 0.20290000000000002 -23.769555056179737 0.12835000000000002 14.504220224719107 0.055605617977528117 33.094215730337062 -6.8223011235955049 0.61650000000000016 0.19185000000000002 0.31340000000000007 0.11255000000000003 -22.359750561797679 0.39680000000000004 0.15055000000000004 0.41285000000000011
decision_type=2 2 2 2 2 2 2 2 2 2 2 2 2 2 2 2 2 2
left_child=1 -1 -3 4 6 -6 -4 8 10 -10 12 14 15 -14 -12 -2 -13 -11
right_child=7 2 3 -5 5 -7 -8 -9 9 17 11 16 13 -15 -16 -17 -18 -19
leaf_value=-0.027441586640320325 -0.0046913911676799893 -0.011558194471298716 -0.0026755305739491796 -0.011558194471298716 0.0094949238968095196 -0.002314330323392318 0.0084888174981322308 0.009644763136548655 -0.030522544435092377 -0.0085412392392754544 -0.0001858996250063885 -0.0046913911676799893 -0.014608341139753031 -0.0079817101533425222 0.0073336836124238162 -0.0069528710808244316 -0.0001858996250063885 -0.004677105588838458
leaf_weight=57 181 71 201 55 901 108 126 35 35 34 33 92 79 412 70 54 38 30
leaf_count=57 181 71 201 55 901 108 126 35 35 34 33 92 79 412 70 54 38 30
internal_value=0 0.00313316 0.0043252 0.00541848 0.00620713 0.0082309 -3.74576e-05 -0.00653211 -0.00706726 -0.0151415 -0.00623374 -0.00169116 -0.00769162 -0.00904791 0.00431959 -0.00485783 -0.00469139 -0.00672993
internal_weight=0 1519 1462 1391 1336 1009 327 1093 1058 99 959 233 726 491 103 235 130 64
internal_count=2612 1519 1462 1391 1336 1009 327 1093 1058 99 959 233 726 491 103 235 130 64
is_linear=0
shrinkage=0.03


Tree=61
num_leaves=20
num_cat=0
split_feature=3 0 15 8 16 15 0 17 16 13 0 8 5 3 7 16 8 3 0
split_gain=61.939 58.2821 34.2589 21.6148 18.1497 15.8371 14.4014 9.90533 7.42348 13.3905 6.49668 6.61787 2.93237 3.04319 2.78312 1.9734 1.88069 0.843967 0.248786
threshold=0.06795000000000001 0.0032500000000000007 -21.139350561797738 0.20290000000000002 -23.769555056179737 14.504220224719107 0.41815000000000008 0.055605617977528117 33.094215730337062 2.0946573033707865 0.61650000000000016 0.19185000000000002 0.31340000000000007 0.11255000000000003 -0.32379999999999992 -22.359750561797679 0.19685000000000002 0.15055000000000004 0.41285000000000011
decision_type=2 2 2 2 2 2 2 2 2 2 2 2 2 2 2 2 2 2 2
left_child=1 -1 14 4 5 -4 -6 8 10 -10 12 15 16 -14 -3 -12 -2 -13 -11
right_child=7 2 3 -5 6 -7 -8 -9 9 18 11 17 13 -15 -16 -17 -18 -19 -20
leaf_value=-0.032263866632995082 -0.0045787150416169422 -0.0059722206555306908 -0.0037989353229885281 -0.013391982161863283 -0.0001982761486981283 0.0082341530281562544 0.0093668415540158183 0.0093554201072880185 -0.029606867577348435 -0.0082850024082204883 -0.00020342900835839851 -0.0045787150416169422 -0.014170090727319444 -0.0077422588310540408 -0.014133422301648041 0.0071136731226329828 -0.0067389866431809328 -0.00020342900835839851 -0.0045367924929596484
leaf_weight=41 149 42 204 55 170 126 850 35 35 34 33 92 79 412 31 70 86 38 30
leaf_count=41 149 42 204 55 170 126 850 35 35 34 33 92 79 412 31 70 86 38 30
internal_value=0 0.00301829 0.00399702 0.00504305 0.00579411 -0.000321387 0.00777266 -0.00634656 -0.006866 -0.0146872 -0.0060586 -0.00169999 -0.00745744 -0.00877647 -0.0141334 0.00417186 -0.0047015 -0.00457872 -0.00652803
internal_weight=0 1519 1478 1405 1350 330 1020 1093 1058 99 959 233 726 491 73 103 235 130 64
internal_count=2612 1519 1478 1405 1350 330 1020 1093 1058 99 959 233 726 491 73 103 235 130 64
is_linear=0
shrinkage=0.03


Tree=62
num_leaves=25
num_cat=0
split_feature=3 0 3 15 3 14 17 12 14 15 12 13 12 17 14 5 15 14 12 14 14 7 14 3
split_gain=58.278 25.8391 29.7532 25.1285 16.2824 12.4157 9.21218 8.80118 8.53591 7.74451 7.31858 9.03011 5.93621 6.3547 5.73361 5.67452 4.39258 3.29929 3.18327 3.1117 2.26878 1.76627 1.17266 0.336448
threshold=0.010600000000000002 0.016600000000000004 0.06795000000000001 -12.654524719101122 0.056650000000000006 0.39250112359550565 0.055605617977528117 0.31202921348314488 -0.12895393258426963 -10.040871910112347 0.31202921348314488 -1.2829112359550556 -1.8311960674157282 -0.0013202247191011205 0.35813146067415735 0.35940000000000005 15.312628089887648 0.0095865168539325824 1.0987595505618002 0.48391573033707874 0.40500112359550566 -0.32264999999999994 -0.15232359550561794 0.0031000000000000008
decision_type=2 2 2 2 2 2 2 2 2 2 2 2 2 2 2 2 2 2 2 2 2 2 2 2
left_child=8 4 3 -3 -2 7 14 -5 10 -7 11 22 -10 19 16 -16 -4 -15 -12 21 -19 -14 -1 -13
right_child=1 2 6 5 -6 9 -8 -9 12 -11 18 23 13 17 15 -17 -18 20 -20 -21 -22 -23 -24 -25
leaf_value=-0.0032575088273733852 -0.036302161974599581 -0.010835633966160272 -0.0085714834856971886 0.0033522885697920063 -0.010835633966160272 0.019574464242273971 0.0090747573689690664 -0.0050333231304087959 -0.0022990368237452846 0.0050883323229285642 -0.01342323162255343 0.016536932009107927 0.0086779246767624638 0.020622326375569325 0.0010303667253043888 -0.010835633966160272 -0.0022697477628364515 0.0091396801545051854 -1.5737065935836118e-05 0.013406169822152991 0.018488461576740851 0.0021727512001561583 0.0031066803707692184 0.012178097978234291
leaf_weight=48 32 64 702 482 60 59 35 147 35 76 30 34 65 59 145 48 116 80 34 52 33 89 57 30
leaf_count=48 32 64 702 482 60 59 35 147 35 76 30 34 65 59 145 48 116 80 34 52 33 89 57 30
internal_value=0 -0.00345545 -0.00269341 0.00155527 -0.0189779 0.00316428 -0.00605661 0.00139254 0.00693064 0.0114193 0.00233943 0.00561135 0.00952084 0.0106153 -0.00658045 -0.00192932 -0.00767784 0.0148722 -0.0063005 0.00706097 0.0118699 0.00491844 0.000197337 0.0144937
internal_weight=0 1966 1874 828 92 764 1046 629 646 135 233 169 413 378 1011 193 818 172 64 206 113 154 105 64
internal_count=2612 1966 1874 828 92 764 1046 629 646 135 233 169 413 378 1011 193 818 172 64 206 113 154 105 64
is_linear=0
shrinkage=0.03


Tree=63
num_leaves=25
num_cat=0
split_feature=3 2 3 15 8 2 17 14 16 12 12 13 0 12 17 8 12 12 14 8 8 7 3 12
split_gain=54.8955 26.6271 26.0092 27.8525 20.8851 12.1208 8.77522 8.03144 7.07224 8.53502 6.88606 8.49643 5.91401 5.58538 5.97913 4.93014 6.06524 2.99514 2.9278 2.85104 1.44374 1.39775 0.316564 0.125922
threshold=0.010600000000000002 0.37945000000000007 0.06795000000000001 -12.698524719101121 0.20170000000000002 0.00055000000000000003 0.055605617977528117 -0.12895393258426963 33.094215730337062 2.0143039325842733 0.31202921348314488 -1.2829112359550556 0.61650000000000016 -1.8311960674157282 -0.0013202247191011205 0.19750000000000004 -0.19338202247190669 1.0987595505618002 0.48391573033707874 0.18520000000000003 0.18835000000000005 -0.31759999999999994 0.0031000000000000008 -0.77568426966292126
decision_type=2 2 2 2 2 2 2 2 2 2 2 2 2 2 2 2 2 2 2 2 2 2 2 2
left_child=7 2 3 21 5 -5 8 10 12 -10 11 20 -4 -9 18 16 -16 -12 19 -15 23 -2 -13 -1
right_child=1 -3 6 4 -6 -7 -8 13 9 -11 17 22 -14 14 15 -17 -18 -19 -20 -21 -22 -23 -24 -25
leaf_value=0.0018382214941084383 -0.010972200675374445 -0.031404290702193971 -0.0070120985619290845 0.0060633501044878545 -0.015579330390494948 -0.0031090780880202997 0.0088025151129279815 -0.002230065782288355 -0.017163572108442212 -0.004651036425324326 -0.013020534990355373 0.016040823937338942 -0.0015189010719443938 0.0078999487367775491 0.011671366016282712 0.0058933704749991496 0.023793619681488382 -1.5264997149215024e-05 0.013003984583685032 -0.00055400457080012481 -0.0039505853601308032 -0.017163572108442212 0.01181275487691164 0.0045646543893963099
leaf_weight=31 34 30 726 557 53 169 35 35 44 55 30 34 233 97 61 45 66 34 52 57 44 30 30 30
leaf_count=31 34 30 726 557 53 169 35 35 44 55 30 34 233 97 61 45 66 34 52 57 44 30 30 30
internal_value=0 -0.00335746 -0.00292285 0.00103654 0.00260096 0.00392817 -0.00597662 0.00672272 -0.00646553 -0.0140995 0.00226925 0.00544301 -0.00567746 0.00923521 0.0102968 0.014426 0.0174494 -0.00611149 0.00684915 0.00477089 0.000191417 -0.0171636 0.0140589 0.00317909
internal_weight=0 1966 1936 843 779 726 1093 646 1058 99 233 169 959 413 378 172 127 64 206 154 105 64 64 61
internal_count=2612 1966 1936 843 779 726 1093 646 1058 99 233 169 959 413 378 172 127 64 206 154 105 64 64 61
is_linear=0
shrinkage=0.03


Tree=64
num_leaves=26
num_cat=0
split_feature=4 18 16 15 8 5 0 4 8 16 4 14 16 1 13 17 13 2 13 15 0 16 17 6 13
split_gain=45.6332 27.9623 22.1678 15.7427 11.5614 10.7478 7.99748 5.32066 5.26066 4.98351 3.92311 3.38027 5.03432 3.03322 2.99402 2.29256 3.70267 3.97067 3.45183 3.37402 1.64615 1.61308 1.40962 0.420861 0.312351
threshold=0.13925000000000001 4.5000000000000009 29.233444943820249 8.9967910112359579 0.19185000000000002 0.21230000000000002 0.83065000000000011 0.024600000000000004 0.19185000000000002 -10.558919101123648 0.030100000000000005 -0.34104269662921333 29.233444943820249 0.062400000000000004 -3.8039471910112357 0.023074157303370816 2.2316573033707869 0.0018500000000000003 1.5700202247191017 -0.48236685393258488 0.096300000000000011 -50.577649438202279 -0.017320224719101131 0.021850000000000005 -3.8804471910112359
decision_type=2 2 2 2 2 2 2 2 2 2 2 2 2 2 2 2 2 2 2 2 2 2 2 2 2
left_child=1 2 4 -3 6 -6 7 -1 -4 14 -11 12 -2 -8 24 16 18 20 19 -13 -18 -17 -20 -12 -5
right_child=11 3 8 9 5 -7 13 -9 -10 10 23 15 -14 -15 -16 21 17 -19 22 -21 -22 -23 -24 -25 -26
leaf_value=0.0086008596123233385 -0.0061625679744068866 -0.0019940711662551473 0.025786114815961228 0.0039311536570841611 0.0033366564454988265 -0.0019940711662551473 0.0162525681682586 0.0033366564454988265 0.010332566463236412 0.0078425626955785834 -0.0019940711662551473 -0.0024176081627907261 -0.020984151620756498 0.0086008596123233385 0.015766421214211731 -0.0077148756301806615 -0.0068496610672168787 -0.011892780187938894 -0.0091662250678328904 -0.0084886174726940856 -0.0019940711662551473 -0.0019940711662551473 -0.017427957030183568 0.0011010896485919755 0.0079206980321262221
leaf_weight=98 55 521 55 33 117 194 91 249 31 53 33 118 33 63 48 45 63 42 34 273 170 69 41 45 38
leaf_count=98 55 521 55 33 117 194 91 249 31 53 33 118 33 63 48 45 63 42 34 273 170 69 41 45 38
internal_value=0 0.00213388 0.00573216 -0.00199407 0.00419819 -0.000345274 0.00701859 0.00449351 0.0202156 0.00553494 0.00149796 -0.00612202 -0.0117207 0.0127082 0.00997902 -0.00554578 -0.00615819 -0.00339763 -0.00778727 -0.00665645 -0.00199407 -0.00199407 -0.0136826 -0.00199407 0.0060664
internal_weight=0 1669 898 771 812 311 501 347 86 250 131 943 88 154 119 855 741 275 466 391 233 114 75 78 71
internal_count=2612 1669 898 771 812 311 501 347 86 250 131 943 88 154 119 855 741 275 466 391 233 114 75 78 71
is_linear=0
shrinkage=0.03


Tree=65
num_leaves=27
num_cat=0
split_feature=3 0 3 14 18 2 4 14 14 3 0 14 18 3 14 5 8 14 4 8 17 13 0 18 7 16
split_gain=48.1752 30.4269 21.9751 26.1899 23.8203 16.7938 10.6231 11.0439 7.97815 6.56155 22.7231 5.85448 6.53218 5.7382 5.60785 4.97879 5.45606 4.7381 3.9474 3.22647 2.61874 1.37499 1.23807 0.864237 0.559041 0.166982
threshold=0.010600000000000002 0.016600000000000004 0.13455000000000003 -0.13795393258426963 4.5000000000000009 0.13485000000000003 0.39680000000000004 0.39250112359550565 -0.12895393258426963 0.15205000000000005 0.71345000000000003 -0.10782359550561792 4.5000000000000009 0.37115000000000004 -0.3100426966292133 0.26625000000000004 0.19110000000000002 0.40500112359550566 0.030100000000000005 0.19835000000000003 0.0062775280898876304 -0.51036011235955125 0.83065000000000011 3.5000000000000004 -0.32379999999999992 7.7131404494380726
decision_type=2 2 2 2 2 2 2 2 2 2 2 2 2 2 2 2 2 2 2 2 2 2 2 2 2 2
left_child=8 5 3 4 14 25 7 -5 15 -4 13 -10 17 -11 -3 16 21 20 24 22 -13 -1 -14 -18 -17 -2
right_child=1 2 9 6 -6 -7 -8 -9 11 10 -12 12 19 -15 -16 18 23 -19 -20 -21 -22 -23 -24 -25 -26 -27
leaf_value=0.0077672169093663491 -0.01340105490578759 0.0055785322431613242 -0.011111062957996546 0.0017034780737220051 -0.011111062957996546 -0.037508005403360585 -0.009887299772485026 0.0098789536530216777 0.019904622753689948 -0.0054874921679137047 0.019646587979048492 0.0066566792465312307 0.0022666177762273166 -0.011111062957996546 -0.0036824484217040081 0.0011475584403922319 0.0064514262549366088 0.021600359746000983 -0.010583621632307767 -0.0056265229014679794 0.014487508148886264 0.016386609481227013 0.0077623879612376467 0.0011475584403922319 -0.0029898985307663679 -0.011111062957996546
leaf_weight=36 31 101 73 637 175 32 56 194 38 389 30 118 70 93 141 31 30 33 40 30 57 31 78 39 30 30
leaf_count=36 31 101 73 637 175 32 56 194 38 389 30 118 70 93 141 31 30 33 40 30 57 31 78 39 30 30
internal_value=0 -0.00314732 -0.00232257 -0.000155314 -0.00635605 -0.0198996 0.0027598 0.00361207 0.00620521 -0.00715351 -0.00568619 0.00866933 0.00756327 -0.00726292 0.000182672 0.00179682 0.00554396 0.0111735 -0.00324884 0.00334457 0.00920729 0.0117553 0.00516304 0.00114756 0.00114756 -0.0111111
internal_weight=0 1982 1889 1304 417 93 887 831 661 585 512 424 386 482 242 237 136 208 101 178 175 67 148 69 61 61
internal_count=2643 1982 1889 1304 417 93 887 831 661 585 512 424 386 482 242 237 136 208 101 178 175 67 148 69 61 61
is_linear=0
shrinkage=0.03


Tree=66
num_leaves=30
num_cat=0
split_feature=3 0 3 14 18 2 15 15 6 1 3 14 14 14 18 14 6 8 14 12 15 8 17 13 8 18 8 15 15
split_gain=45.4915 28.44 20.8199 24.9438 22.6359 15.8574 8.96344 17.8977 8.45344 8.38019 9.37139 7.54163 6.96946 5.50848 6.14613 5.27643 5.19746 5.12897 4.45807 3.21333 3.14845 3.11817 2.46397 2.34436 2.25846 0.94994 0.619004 0.20123 0.0229498
threshold=0.010600000000000002 0.016600000000000004 0.13455000000000003 -0.13795393258426963 4.5000000000000009 0.13485000000000003 -10.040871910112347 -1.6509589887640448 0.017900000000000003 0.051450000000000003 0.17570000000000005 -0.12895393258426963 0.39250112359550565 -0.10782359550561792 4.5000000000000009 -0.3100426966292133 0.017900000000000003 0.19110000000000002 0.40500112359550566 0.31202921348314488 8.9967910112359579 0.19235000000000002 0.0062775280898876304 -1.2829112359550556 0.16510000000000002 3.5000000000000004 0.19110000000000002 -3.1038719101123493 -0.21830112359550566
decision_type=2 2 2 2 2 2 2 2 2 2 2 2 2 2 2 2 2 2 2 2 2 2 2 2 2 2 2 2 2
left_child=11 5 3 4 15 27 12 -8 -4 10 -10 16 -5 -13 18 -3 19 23 22 28 21 -16 -15 -18 -11 -19 -22 -2 -1
right_child=1 2 8 6 -6 -7 7 -9 9 24 -12 13 -14 14 20 -17 17 25 -20 -21 26 -23 -24 -25 -26 -27 -28 -29 -30
leaf_value=0.00082850827789227532 -0.010774137596277242 0.0054111763941917081 -0.010774137596277242 0.00071450386947134921 -0.010774137596277242 -0.036382765474263577 -0.0039519941248693366 0.0054060047247322515 0.012083282557815858 -0.0044423378093184996 -0.0036544110871670737 0.019307484201057566 0.014860469395102098 0.0064569788667204649 0.0032906144001485348 -0.0035719749467209615 0.0059078412981023246 0.0059078412981023246 0.020952348837798292 -0.011094473931897322 0.0097550117215723722 -0.0082723431750350903 0.01405288296800695 0.015658662156867127 -0.0078965680002480252 0.00082850827789227532 0.0044642931589281513 -0.013324718460440635 -0.00017285162883420144
leaf_weight=30 31 101 101 49 175 32 322 429 41 75 201 38 87 118 65 141 31 30 33 34 48 31 57 42 167 39 34 30 31
leaf_count=30 31 101 101 49 175 32 322 429 41 75 201 38 87 118 65 141 31 30 33 34 48 31 57 42 167 39 34 30 31
internal_value=0 -0.0030748 -0.00227743 -0.000167914 -0.00621934 -0.0192708 0.00267701 0.00139365 -0.00697968 -0.005019 -0.000988108 0.00601349 0.00976376 0.00840925 0.00733637 0.000177192 0.00172739 0.00536119 0.0108383 -0.00370417 0.00324423 -0.000443257 0.00893107 0.0109872 -0.00789657 0.000828508 0.0075613 -0.0107741 0.000415016
internal_weight=0 1982 1889 1304 417 93 887 751 585 484 242 661 136 424 386 242 237 142 208 95 178 96 175 73 242 69 82 61 61
internal_count=2643 1982 1889 1304 417 93 887 751 585 484 242 661 136 424 386 242 237 142 208 95 178 96 175 73 242 69 82 61 61
is_linear=0
shrinkage=0.03


Tree=67
num_leaves=30
num_cat=0
split_feature=3 7 3 14 18 2 14 15 12 14 3 13 3 14 14 18 6 15 14 13 12 15 3 17 14 12 6 7 5
split_gain=42.9353 21.9256 23.918 18.6155 14.0562 13.1025 9.80347 9.57754 8.18501 7.17464 5.34718 6.09162 5.32235 5.26419 5.18293 5.78289 4.82057 4.27584 4.1946 4.03212 3.02497 2.96238 2.4949 2.31835 2.26583 1.09164 0.940219 0.543662 0.326745
threshold=0.010600000000000002 -0.28274999999999995 0.064250000000000015 -0.13795393258426963 4.5000000000000009 0.27755000000000002 0.39250112359550565 -1.6509589887640448 -1.6266842696629238 -0.12895393258426963 0.37115000000000004 -1.8418426966292143 0.26600000000000007 -0.3100426966292133 -0.10782359550561792 4.5000000000000009 0.017900000000000003 -10.040871910112347 0.40500112359550566 -1.2829112359550556 0.31202921348314488 8.9967910112359579 0.11480000000000001 0.0062775280898876304 0.018131460674157333 -0.2988820224719077 -0.014399999999999998 -0.33029999999999993 0.19715000000000002
decision_type=2 2 2 2 2 2 2 2 2 2 2 2 2 2 2 2 2 2 2 2 2 2 2 2 2 2 2 2 2
left_child=9 2 3 4 13 26 7 -5 12 16 11 -10 22 -2 -11 18 20 -8 23 -18 27 24 -4 -16 -17 -21 -3 -1 -23
right_child=1 5 8 6 -6 -7 17 -9 10 14 -12 -13 -14 -15 15 21 19 -19 -20 25 -22 28 -24 -25 -26 -27 -28 -29 -30
leaf_value=0.00077403679736865719 0.0083463386301721992 -0.015028178678645242 -0.00072732772145952488 -0.0018152846809297186 -0.0097275329953039891 -0.032756796113681048 0.018031901726178055 0.0072992399267174978 -0.0097275329953039891 0.018728259548937018 -0.0097275329953039891 -0.0041234773648606907 -0.0093916111970320341 -0.003376466993461637 0.0062632694816062914 0.0034652886927921955 0.00077403679736865719 0.007052379297584452 0.020323778424750673 0.013745268471539019 -0.010761639648391042 0.0098276762543246157 0.0087121495883911854 0.013631296420567913 -0.0058833073458226855 0.0067152370713651176 -0.0097275329953039891 -0.0032985727936029434 0.0058960660350903006
leaf_weight=31 58 31 42 218 101 32 58 198 160 38 80 724 30 85 118 56 59 71 33 33 34 30 63 57 40 50 31 30 52
leaf_count=31 58 31 42 218 101 32 58 198 160 38 80 724 30 85 118 56 59 71 33 33 34 30 63 57 40 50 31 30 52
internal_value=0 -0.00300903 -0.00230498 0.00168016 -0.00520674 -0.0171501 0.00476346 0.00252288 -0.005166 0.00582023 -0.00613486 -0.00530947 0.00175237 0.00137824 0.00815698 0.00711628 0.00163972 0.0119889 0.0105131 0.00513928 -0.00359121 0.00314691 0.00493636 0.00866314 -0.00042996 0.00951031 -0.00972753 0.000405427 0.00733446
internal_weight=0 1982 1888 789 244 94 545 416 1099 661 964 884 135 143 424 386 237 129 208 142 95 178 105 175 96 83 62 61 82
internal_count=2643 1982 1888 789 244 94 545 416 1099 661 964 884 135 143 424 386 237 129 208 142 95 178 105 175 96 83 62 61 82
is_linear=0
shrinkage=0.03


Tree=68
num_leaves=29
num_cat=0
split_feature=3 0 3 14 18 2 8 0 6 1 3 14 16 14 18 14 6 8 14 8 12 17 8 3 15 18 15 15
split_gain=40.5205 26.0659 19.1513 22.9082 21.0524 14.5112 8.19387 9.03406 7.96355 7.97795 8.69525 6.75212 6.61524 4.87662 5.44112 4.71156 4.47831 4.86561 3.9467 2.95922 2.87202 2.18133 2.16638 1.54082 1.22413 0.788032 0.200134 0.0204662
threshold=0.010600000000000002 0.016600000000000004 0.13455000000000003 -0.13795393258426963 4.5000000000000009 0.13485000000000003 0.20170000000000002 0.37145 0.017900000000000003 0.051450000000000003 0.17570000000000005 -0.12895393258426963 -16.688834831460664 -0.10782359550561792 4.5000000000000009 -0.3100426966292133 0.017900000000000003 0.19110000000000002 0.40500112359550566 0.19835000000000003 0.31202921348314488 0.0062775280898876304 0.16510000000000002 0.0025500000000000006 8.9967910112359579 3.5000000000000004 -3.1038719101123493 -0.21830112359550566
decision_type=2 2 2 2 2 2 2 2 2 2 2 2 2 2 2 2 2 2 2 2 2 2 2 2 2 2 2 2
left_child=11 5 3 4 15 26 7 -5 -4 10 -10 16 -8 -13 18 -3 20 23 21 24 27 -15 -11 -18 -16 -19 -2 -1
right_child=1 2 8 6 -6 -7 12 -9 9 22 -12 13 -14 14 19 -17 17 25 -20 -21 -22 -23 -24 -25 -26 -27 -28 -29
leaf_value=0.00075543900584443735 -0.01030298502868369 0.0051797348902085883 -0.01030298502868369 -0.00097547848660107844 -0.01030298502868369 -0.034806565528269856 -0.00097547848660107844 0.0054074473312732668 0.011766971218422418 -0.004178633164673734 -0.0033923560062617954 0.018166411823936201 -0.01030298502868369 0.0060753714442805589 0.0023126101468396547 -0.0033089627954053708 0.0062896279025038606 0.0056139862905581718 0.019714065126397392 -0.0055390168001758864 -0.010438791022581212 0.013222357400104795 -0.0075332260925569661 0.015013974019991501 0.0077939432527897728 0.00075543900584443735 -0.012836940348148345 -0.00013176882098759373
leaf_weight=30 31 101 101 183 175 32 33 605 41 75 201 38 66 118 81 141 38 30 33 30 34 57 167 35 67 39 30 31
leaf_count=30 31 101 101 183 175 32 33 605 41 75 201 38 66 118 81 141 38 30 33 30 34 57 167 35 67 39 30 31
internal_value=0 -0.00293201 -0.00216865 -0.000145431 -0.00594468 -0.0184373 0.00258094 0.00360296 -0.00667853 -0.00476347 -0.00082404 0.00564537 -0.00555391 0.00791227 0.00690279 0.000233841 0.00158982 0.00496287 0.0101978 0.0030525 -0.00345199 0.00840325 -0.00753323 0.0104725 0.00479402 0.000755439 -0.010303 0.000442294
internal_weight=0 1982 1889 1304 417 93 887 788 585 484 242 661 99 424 386 242 237 142 208 178 95 175 242 73 148 69 61 61
internal_count=2643 1982 1889 1304 417 93 887 788 585 484 242 661 99 424 386 242 237 142 208 178 95 175 242 73 148 69 61 61
is_linear=0
shrinkage=0.03


Tree=69
num_leaves=25
num_cat=0
split_feature=3 7 3 14 18 2 8 14 12 5 8 5 8 3 13 3 14 5 3 8 12 16 8 13
split_gain=38.2741 19.868 21.8045 16.9458 12.9038 11.8906 10.2569 10.6036 7.64906 6.64997 11.2241 6.37467 5.70561 4.98669 5.65446 4.86873 4.73613 3.41588 2.38105 2.26478 1.83495 1.26898 0.687814 0.31954
threshold=0.010600000000000002 -0.28274999999999995 0.064250000000000015 -0.13795393258426963 4.5000000000000009 0.27755000000000002 0.19900000000000004 0.39250112359550565 -1.6266842696629238 0.18055000000000002 0.20095000000000002 0.26625000000000004 0.18835000000000005 0.37115000000000004 -1.8418426966292143 0.26600000000000007 -0.3100426966292133 0.45840000000000009 0.11480000000000001 0.14960000000000004 -0.47928314606741645 -23.769555056179737 0.20170000000000002 2.2316573033707869
decision_type=2 2 2 2 2 2 2 2 2 2 2 2 2 2 2 2 2 2 2 2 2 2 2 2
left_child=9 2 3 4 16 19 7 -5 15 20 11 21 17 14 -10 18 -2 -13 -4 -3 -1 -11 -8 -22
right_child=1 5 8 6 -6 -7 22 -9 13 10 -12 12 -14 -15 -16 -17 -18 -19 -20 -21 23 -23 -24 -25
leaf_value=0.0080947220518533015 0.0079612389446541282 -0.009267032349706588 -0.00073265825930450632 0.0035209375520633933 -0.009267032349706588 -0.031200483120046554 -0.0037186946871600323 0.01392636987013373 -0.009267032349706588 0.0052018716263789525 -0.0099194051244573533 0.0052018716263789525 -0.0022530398650074633 -0.009267032349706588 -0.0039194652941957489 -0.0089035071795806279 -0.0031580617594368318 0.001188133988425228 0.0084889159582200498 -0.017292815054242964 0.017160758183083751 0.0080947220518533015 -0.009267032349706588 0.013172730242600664
leaf_weight=40 58 30 42 367 101 32 31 116 160 48 47 174 48 80 724 30 85 57 63 32 33 174 31 40
leaf_count=40 58 30 42 367 101 32 31 116 160 48 47 174 48 80 724 30 85 57 63 32 33 174 31 40
internal_value=0 -0.00287154 -0.00220133 0.00160366 -0.00496712 -0.0163327 0.00454544 0.00601996 -0.00493303 0.0054647 0.00409829 0.00541333 0.00230902 -0.00586963 -0.0050642 0.001755 0.00135186 0.00462931 0.00480029 -0.00926703 0.0120912 0.00809472 -0.0069416 0.0149755
internal_weight=0 1982 1888 789 244 94 545 483 1099 661 548 501 279 964 884 135 143 231 105 62 113 222 62 73
internal_count=2643 1982 1888 789 244 94 545 483 1099 661 548 501 279 964 884 135 143 231 105 62 113 222 62 73
is_linear=0
shrinkage=0.03


Tree=70
num_leaves=31
num_cat=0
split_feature=3 0 18 12 3 2 8 3 18 14 8 5 12 3 13 16 15 17 12 16 3 12 16 14 16 17 12 3 3 3
split_gain=46 24.417 15.935 19.6329 15.978 10.0006 11.3031 9.70039 9.4326 6.52261 5.26959 6.12852 4.39109 4.12511 4.08923 3.89397 4.33918 2.70021 2.47577 2.29924 3.62595 2.24058 7.47485 2.13465 1.93712 2.97066 1.83791 0.95141 0.464532 0.36986
threshold=0.016650000000000002 0.3040500000000001 4.5000000000000009 -2.0850101123595475 0.064250000000000015 0.00030000000000000008 0.19445000000000004 0.030300000000000004 4.5000000000000009 0.40500112359550566 0.19655000000000003 0.26625000000000004 0.29652921348314548 0.0016000000000000001 -3.2082404494382035 24.892749438202319 1.0000000180025095e-35 0.016777528089887642 1.3651724719101106 32.123080898876317 0.26600000000000007 -1.5357831460674143 -10.932419101123626 0.41254606741573041 6.8233606741572439 -0.0042185393258427064 1.9908039325842746 0.11585000000000002 0.008550000000000002 0.0039500000000000013
decision_type=2 2 2 2 2 2 2 2 2 2 2 2 2 2 2 2 2 2 2 2 2 2 2 2 2 2 2 2 2 2
left_child=8 7 4 -4 5 6 -3 -2 9 12 11 24 14 -12 29 16 -6 -16 19 20 -9 22 -5 -13 28 -26 -14 -17 -10 -1
right_child=1 2 3 21 15 -7 -8 18 10 -11 13 23 26 -15 17 27 -18 -19 -20 -21 -22 -23 -24 -25 25 -27 -28 -29 -30 -31
leaf_value=0.0041275843527288202 -0.022726715345662538 0.015128563846008398 0.018246146032417362 -0.0048990393675172597 -0.0048990393675172597 -0.0036479702086539053 0.0031595208019910876 -0.0056391792933906991 0.0035161732222781673 0.018520682372618464 -0.0012852913622126709 -0.0012852913622126709 -0.0023017176451764747 -0.012790209026290819 0.0091890150087419898 -0.00012877649011751338 0.00098697376414770034 0.01857488203793764 -0.0048990393675172597 -0.015634016076004818 -0.011530148474426537 -0.0048990393675172597 0.0079906306260241321 0.0035161732222781673 0.0050978232123288173 0.018128351394552735 0.0058734227327319477 0.0067328728269785637 0.0077882101908326156 -0.00050660667009651663
leaf_weight=31 41 148 33 56 163 61 90 244 54 48 30 124 55 39 200 31 123 32 82 38 153 426 58 39 31 32 45 44 30 31
leaf_count=31 41 148 33 56 163 61 90 244 54 48 30 124 55 39 200 31 123 32 82 38 153 426 58 39 31 32 45 44 30 31
internal_value=0 -0.00347378 -0.00111734 -0.00477759 0.00206042 0.00718937 0.00996701 -0.00868074 0.00510188 0.00807953 0.00162926 0.00329817 0.00680751 -0.00586876 0.00865459 -0.00218766 -0.00378321 0.0104836 -0.00756684 -0.00858429 -0.0079095 -0.00489904 0.000152418 -0.000707571 0.00773992 0.0117165 0.0013771 0.00389672 0.00475748 0.00181049
internal_weight=0 1791 1233 573 660 299 238 558 821 442 379 310 394 69 294 361 286 232 517 435 397 540 114 163 147 63 100 75 84 62
internal_count=2612 1791 1233 573 660 299 238 558 821 442 379 310 394 69 294 361 286 232 517 435 397 540 114 163 147 63 100 75 84 62
is_linear=0
shrinkage=0.03


Tree=71
num_leaves=28
num_cat=0
split_feature=3 7 3 16 12 15 16 5 12 15 8 5 13 6 4 3 15 15 4 15 16 15 16 15 3 3 15
split_gain=43.5971 25.2987 21.4727 12.1842 12.0507 11.2811 8.85 10.095 7.88356 7.76817 7.74614 11.7431 7.34593 6.76158 6.01812 4.45398 4.42956 3.9824 3.2779 2.91862 2.90605 2.3828 2.26704 3.2806 0.584128 0.482622 0.237867
threshold=0.016650000000000002 -0.28274999999999995 0.064250000000000015 30.222860674157236 -1.6266842696629238 21.750128089887649 -23.769555056179737 0.22210000000000002 0.31202921348314488 14.504220224719107 0.19235000000000002 0.26625000000000004 2.2225887640449451 0.054100000000000002 0.37785000000000007 0.13455000000000003 -7.3955247191011235 6.3787910112359567 0.024400000000000002 -7.4720247191011238 -23.769555056179737 27.98214943820226 26.560249438202337 -1.6509589887640448 0.0059500000000000013 0.039250000000000007 -0.21830112359550566
decision_type=2 2 2 2 2 2 2 2 2 2 2 2 2 2 2 2 2 2 2 2 2 2 2 2 2 2 2
left_child=10 2 3 6 14 25 9 -8 -3 -2 11 17 16 19 21 -14 -6 22 24 -12 -21 -4 23 -1 26 -5 -13
right_child=1 8 4 5 12 -7 7 -9 -10 -11 13 18 15 -15 -16 -17 -18 -19 -20 20 -22 -23 -24 -25 -26 -27 -28
leaf_value=0.0083498789657516261 -0.0075897635261904673 -0.012461647917895556 0.010688441045778362 -0.011680323228461452 -0.011680323228461452 0.0085455048382282253 0.0194390893081689 0.0043909787653298796 -0.032499400384724139 0.0068610216429134683 -0.0099578023990806262 0.0057822381993321596 0.00063391367177067582 0.0036932327991805493 -0.0085158232178899548 -0.0059156330800551457 -0.0073196936876834236 0.0078712435994837699 0.0036932327991805493 -0.0093012963241199034 -0.00015353842222206099 0.0017155147220939398 0.020207167985290288 0.01954014976383061 0.0078712435994837699 -0.0072232204668398478 0.0078712435994837699
leaf_weight=65 94 43 57 47 58 30 46 314 30 52 49 42 163 103 31 219 525 82 177 32 64 50 50 37 88 32 32
leaf_count=65 94 43 57 47 58 30 46 314 30 52 49 42 163 103 31 219 525 82 177 32 64 50 50 37 88 32 32
internal_value=0 -0.00339928 -0.00266431 0.00182732 -0.0051687 -0.00727064 0.00378716 0.00631379 -0.0206963 -0.00244291 0.00494939 0.00686647 -0.00635451 0.000519997 0.00312338 -0.00312093 -0.00847326 0.0120493 0.00369323 -0.00400031 -0.000959506 0.00649548 0.0149743 0.0124091 0.00787124 -0.0116803 0.00578224
internal_weight=0 1791 1718 615 1103 109 506 360 73 146 821 573 965 248 138 382 583 234 339 145 96 107 152 102 162 79 74
internal_count=2612 1791 1718 615 1103 109 506 360 73 146 821 573 965 248 138 382 583 234 339 145 96 107 152 102 162 79 74
is_linear=0
shrinkage=0.03


Tree=72
num_leaves=31
num_cat=0
split_feature=3 7 3 18 12 15 18 2 6 14 12 13 14 18 15 14 12 3 12 12 13 5 14 17 7 14 12 7 6 15
split_gain=41.0321 23.7708 20.1936 13.341 11.3707 9.4008 8.8567 8.42335 10.3073 8.17294 7.41764 6.9694 6.08075 5.70145 5.22128 5.77283 4.57768 4.19075 4.06716 3.99171 3.76148 3.69561 3.06853 2.5009 2.39078 2.11183 1.75584 1.66493 2.07651 0.805347
threshold=0.016650000000000002 -0.28274999999999995 0.064250000000000015 4.5000000000000009 -1.6266842696629238 -1.6509589887640448 4.5000000000000009 0.00030000000000000008 0.040300000000000009 -0.13795393258426963 0.31202921348314488 2.2225887640449451 0.40500112359550566 4.5000000000000009 -1.6509589887640448 -0.12032359550561793 1.1377595505617999 0.13455000000000003 0.29652921348314548 1.1377595505617999 -3.2082404494382035 0.31340000000000007 0.35813146067415735 0.016777528089887642 -0.3098999999999999 0.090631460674157352 1.9908039325842746 -0.3108499999999999 0.047700000000000006 -0.33095898876404556
decision_type=2 2 2 2 2 2 2 2 2 2 2 2 2 2 2 2 2 2 2 2 2 2 2 2 2 2 2 2 2 2
left_child=6 2 3 7 21 16 12 8 -2 -7 -3 13 18 -6 19 27 -5 -13 20 24 -1 25 -17 -22 -8 -4 -20 -16 -29 -9
right_child=1 10 4 5 11 9 14 29 -10 -11 -12 17 -14 -15 15 22 -18 -19 26 -21 23 -23 -24 -25 -26 -27 -28 28 -30 -31
leaf_value=0.0016612131731404411 0.0056821398884879751 -0.012087798547649452 0.0020878600402863354 -0.011335923555898462 -0.0059685446355011188 -0.0093216809298752278 -0.001934251717175357 -0.0046785849418912858 0.021402771486698287 0.0063910245861101963 -0.031524417892098422 0.00061489630404836925 0.017757133075501769 -0.011335923555898462 0.0042306717919806634 0.016151668736711144 -0.0012164582358673215 -0.0057381640076126957 -0.0023743589461188426 0.0031946420806249786 0.0087335996683978005 -0.0029110203999360759 0.0057016255915993547 0.017766418376122601 -0.01140490779890976 0.011562377234751528 0.0056161824828013778 -0.009336783865001053 0.0001984142643535354 0.0014725204864516855
leaf_weight=62 204 43 38 84 372 41 49 53 46 109 30 163 48 211 36 36 48 219 55 62 200 56 85 32 47 44 45 32 32 30
leaf_count=62 204 43 38 84 372 41 49 53 46 109 30 163 48 211 36 36 48 219 55 62 200 56 85 32 47 44 45 32 32 30
internal_value=0 -0.00330883 -0.0025964 0.00175939 -0.00502505 -0.00304209 0.00479052 0.00582551 0.00857474 0.00209622 -0.0200755 -0.00617692 0.00767584 -0.00824065 0.00142558 0.00440288 -0.00888109 -0.0030273 0.00644766 -0.00273887 0.00822531 0.00302968 0.00881073 0.00997951 -0.00657093 0.00708674 0.00122138 -0.000930618 -0.00383384 -0.00245529
internal_weight=0 1791 1718 615 1103 282 821 333 250 150 73 965 442 583 379 221 132 382 394 158 294 138 121 232 96 82 100 100 64 83
internal_count=2612 1791 1718 615 1103 282 821 333 250 150 73 965 442 583 379 221 132 382 394 158 294 138 121 232 96 82 100 100 64 83
is_linear=0
shrinkage=0.03


Tree=73
num_leaves=31
num_cat=0
split_feature=3 7 3 18 12 4 15 18 14 12 16 3 8 14 4 15 14 12 12 12 8 14 3 16 3 14 15 8 17 12
split_gain=38.6834 22.3493 18.9859 12.6028 10.7094 10.6186 8.90638 8.32303 7.70576 6.97926 6.7017 7.38243 6.23002 5.72138 5.51607 4.92176 5.41543 4.33374 3.82679 3.7558 3.67369 3.65407 3.46005 3.28781 2.91612 2.88718 2.6173 2.21007 2.14626 1.65207
threshold=0.016650000000000002 -0.28274999999999995 0.064250000000000015 4.5000000000000009 -1.6266842696629238 0.1014 -1.6509589887640448 4.5000000000000009 -0.15508426966292135 0.31202921348314488 -23.769555056179737 0.37115000000000004 0.19410000000000002 0.40500112359550566 0.37785000000000007 -1.6509589887640448 -0.12032359550561793 1.1377595505617999 0.29652921348314548 1.1377595505617999 0.18255000000000002 0.28045730337078673 0.0059500000000000013 -23.769555056179737 0.046950000000000013 0.35813146067415735 -0.20636685393258422 0.18835000000000005 0.016777528089887642 1.9908039325842746
decision_type=2 2 2 2 2 2 2 2 2 2 2 2 2 2 2 2 2 2 2 2 2 2 2 2 2 2 2 2 2 2
left_child=7 2 3 5 14 12 17 13 -8 -3 26 -12 -2 18 21 19 27 -5 23 20 -9 -4 -22 -1 -7 -18 -6 -17 -25 -20
right_child=1 9 4 6 10 24 8 15 -10 -11 11 -13 -14 -15 -16 16 25 -19 29 -21 22 -23 -24 28 -26 -27 -28 -29 -30 -31
leaf_value=0.0032401848629444508 0.012977653744782568 -0.011725164579530788 0.0027052058707680792 -0.010998995918218379 -0.0039578477070875921 -0.0063578025710635949 -0.009437968475887409 0.0013738157721818424 0.0060637887011005262 -0.030578685326501723 -0.0039456932342523147 -0.010998995918218379 0.003481154897531927 0.017224418889964 -0.0082058685913591854 0.0029850746715735445 0.015667118597775698 -0.0011799644399434327 -0.0023031281830173445 0.0030988028028889766 -0.0047226682236588928 0.015047488316893579 -0.017897965214065004 0.0087682273845482422 0.003481154897531927 0.0055305769113166365 -0.010998995918218379 -0.0060234263203604969 0.017233425821468699 0.0054476970837761957
leaf_weight=91 147 43 77 84 49 63 39 35 111 30 740 67 82 48 31 57 36 48 55 62 30 30 31 171 41 85 109 43 32 45
leaf_count=91 147 43 77 84 49 63 39 35 111 30 740 67 82 48 31 57 36 48 55 62 30 30 31 171 41 85 109 43 32 45
internal_value=0 -0.00321561 -0.00252481 0.00169872 -0.00487972 0.00565074 -0.00296803 0.00464852 0.00203333 -0.0194732 -0.00599759 -0.00488462 0.00926094 0.00744557 0.00293727 0.00138654 0.00427718 -0.0086514 0.00625423 -0.0026567 -0.0063738 0.00616566 -0.0108192 0.00797855 -0.00229863 0.00854641 -0.010999 -0.000888581 0.0101026 0.00118474
internal_weight=0 1791 1718 615 1103 333 282 821 150 73 965 807 229 442 138 379 221 132 394 158 96 107 61 294 104 121 158 100 203 100
internal_count=2612 1791 1718 615 1103 333 282 821 150 73 965 807 229 442 138 379 221 132 394 158 96 107 61 294 104 121 158 100 203 100
is_linear=0
shrinkage=0.03


Tree=74
num_leaves=31
num_cat=0
split_feature=3 7 3 18 12 4 14 18 3 13 14 18 4 14 4 12 6 7 14 14 13 0 14 17 12 16 5 3 3 5
split_gain=36.5625 20.9859 17.9175 11.893 10.1299 9.96447 8.38265 7.82343 6.72104 6.49128 5.38324 5.27427 5.19007 4.95216 4.21773 3.60063 3.5037 4.08775 7.47305 3.43811 3.38291 3.20055 2.78499 2.20614 1.55443 1.22918 0.834281 0.742985 0.357807 0.314172
threshold=0.016650000000000002 -0.28274999999999995 0.064250000000000015 4.5000000000000009 -1.6266842696629238 0.1014 -0.13795393258426963 4.5000000000000009 0.029650000000000003 2.2225887640449451 0.40500112359550566 4.5000000000000009 0.37785000000000007 0.39250112359550565 0.53545000000000009 0.29652921348314548 0.054100000000000002 -0.3098999999999999 -0.13795393258426963 0.28045730337078673 -3.2082404494382035 0.42035000000000006 -0.10782359550561792 0.016777528089887642 1.9908039325842746 6.8233606741572439 0.45840000000000009 0.038500000000000006 0.0039500000000000013 0.23240000000000002
decision_type=2 2 2 2 2 2 2 2 2 2 2 2 2 2 2 2 2 2 2 2 2 2 2 2 2 2 2 2 2 2
left_child=7 2 3 5 12 13 27 10 -3 11 15 -6 19 -2 -11 20 17 26 -19 -4 28 -7 -8 -22 -17 -18 -9 -5 -1 -20
right_child=1 8 4 6 9 21 22 16 -10 14 -12 -13 -14 -15 -16 24 25 18 29 -21 23 -23 -24 -25 -26 -27 -28 -29 -30 -31
leaf_value=0.0037932012446465031 0.0072607140993727511 -0.026839770677366426 0.0026240497163509007 -0.010677348422173093 -0.0056329588901116358 -0.007191714149984446 0.0087071260473420547 0.0028061401753456793 -0.010677348422173093 -0.0016848037346464801 0.016707686269655825 -0.010677348422173093 -0.0079596925276001138 0.020335940783483237 -0.010677348422173093 -0.0022340342867272819 0.0032999846473580501 -0.015039798944461637 -0.00075719585288272636 0.014596063908189535 0.0082325918710324901 0.0033514509678875303 -0.0010793006310372479 0.016716423145844601 0.0052842660173773757 0.009922858903747658 -0.00075719585288272636 -0.0061611133873124011 -0.00076485867762277201 -0.0046215257134228464
leaf_weight=31 199 42 77 50 372 55 31 116 31 340 48 211 31 30 42 55 61 41 57 30 200 49 168 32 45 43 30 33 31 31
leaf_count=31 199 42 77 50 372 55 31 116 31 340 48 211 31 30 42 55 61 41 57 30 200 49 168 32 45 43 30 33 31 31
internal_value=0 -0.00313511 -0.00246571 0.00163727 -0.0047534 0.00547639 -0.00289617 0.0045104 -0.018889 -0.00584061 0.0072222 -0.00783229 0.00284915 0.00897363 -0.00280094 0.00606661 0.00134784 -0.000426008 -0.00432053 0.00598069 0.00773919 -0.00222426 0.000445218 0.00940278 0.0011492 0.00603829 0.00280614 -0.0106773 0.00151417 -0.000757196
internal_weight=0 1791 1718 615 1103 333 282 821 73 965 442 583 138 229 382 394 379 275 129 107 294 104 199 232 100 104 146 83 62 88
internal_count=2612 1791 1718 615 1103 333 282 821 73 965 442 583 138 229 382 394 379 275 129 107 294 104 199 232 100 104 146 83 62 88
is_linear=0
shrinkage=0.03


Tree=75
num_leaves=24
num_cat=0
split_feature=3 0 8 3 2 2 15 0 5 1 6 3 13 3 8 3 3 18 4 13 12 8 12
split_gain=32.2424 15.8605 13.8617 19.9856 11.8019 11.7447 10.9366 9.69202 7.79377 7.23268 6.83135 6.03495 5.82756 4.84435 4.26422 3.04343 2.8579 2.44191 2.37177 1.8374 1.43345 0.313825 0.285636
threshold=0.016050000000000005 0.016600000000000004 0.20170000000000002 0.064250000000000015 0.00055000000000000003 0.13485000000000003 -21.139350561797738 0.61650000000000016 0.29340000000000005 0.052700000000000004 0.040300000000000009 0.11865000000000002 -1.6228426966292149 0.010600000000000002 0.19235000000000002 0.0016000000000000001 0.0089000000000000017 4.5000000000000009 0.032200000000000006 -3.8039471910112357 -0.19338202247190669 0.18370000000000003 -0.17938202247190735
decision_type=2 2 2 2 2 2 2 2 2 2 2 2 2 2 2 2 2 2 2 2 2 2 2
left_child=6 5 3 4 10 -2 -1 19 12 -9 -3 -4 20 18 16 -16 -14 -6 21 -5 -8 -10 -20
right_child=1 2 11 7 17 -7 8 9 13 -11 -12 -13 14 -15 15 -17 -18 -19 22 -21 -22 -23 -24
leaf_value=-0.012347441464662552 -0.0093105580655592907 0.0033121306989168293 -0.0093105580655592907 -0.0019520085441772567 -0.00014013508342348202 -0.030446078251115977 0.0036785927459059907 0.0067656707678711197 0.0036785927459059907 -0.0019520085441772567 0.012251433118236895 -0.0053334530235228245 0.009265163383180541 -0.0076777750844709003 0.0087020257606860874 0.0036785927459059907 0.016487911730590794 -0.0053334530235228245 -0.0042364127269247549 -0.0053334530235228245 0.01069442144408822 0.00082750506452382007 -0.00036396003430854763
leaf_weight=34 45 372 102 53 92 32 158 118 72 97 97 116 126 52 53 87 81 79 30 637 30 30 40
leaf_count=34 45 372 102 53 92 32 158 118 72 97 97 116 126 52 53 87 81 79 30 637 30 30 40
internal_value=0 -0.00293781 -0.00235572 -0.00135635 0.00270108 -0.0162654 0.00429846 -0.00422569 0.00504413 0.00142944 0.00516098 -0.00931056 0.00701121 0.000345978 0.00935647 0.0053126 0.0120915 -0.00404569 0.00277176 -0.00533345 0.00367859 0.00367859 -0.00202358
internal_weight=0 1840 1763 1545 640 77 793 905 759 215 469 218 535 224 347 140 207 171 172 690 188 102 70
internal_count=2633 1840 1763 1545 640 77 793 905 759 215 469 218 535 224 347 140 207 171 172 690 188 102 70
is_linear=0
shrinkage=0.03


Tree=76
num_leaves=23
num_cat=0
split_feature=0 4 6 18 6 14 16 15 12 16 17 15 17 13 17 16 4 15 15 15 16 15
split_gain=27.4476 22.5738 18.6981 11.7783 11.1466 6.38379 7.43105 3.92602 5.00139 3.64183 4.71262 3.38332 6.38907 2.44268 2.11566 2.03418 1.72653 0.902982 0.73049 0.366893 0.21102 0.0100376
threshold=0.029800000000000004 0.071050000000000016 0.054850000000000003 4.5000000000000009 1.0000000180025095e-35 -0.17132359550561785 30.222860674157236 -6.2368011235955043 -0.84897078651685465 -22.692750561797705 -0.0013202247191011205 -1.6509589887640448 0.0027814606741572994 -0.10697977528089807 -0.055394382022471871 26.560249438202337 0.37785000000000007 1.0000000180025095e-35 -20.411350561797729 6.775791011235957 29.233444943820249 -9.0023668539325818
decision_type=2 2 2 2 2 2 2 2 2 2 2 2 2 2 2 2 2 2 2 2 2 2
left_child=4 2 3 7 -1 13 11 -2 -9 19 20 12 -7 -3 -8 -12 18 21 -15 -4 -11 -6
right_child=1 5 9 -5 17 6 14 8 -10 10 15 -13 -14 16 -16 -17 -18 -19 -20 -21 -22 -23
leaf_value=-0.029532695647794753 0.0054174189031064718 -0.0070970443242378755 0.0054174189031064718 -0.00014240419091627847 -0.0077474198089912526 -0.00084558849309740414 -0.00030542986032188585 0.0054174189031064718 -0.00014240419091627847 0.0054174189031064718 0.013425963586423454 -0.00014240419091627847 -0.0070970443242378755 -0.0040817305732622159 -0.0070970443242378755 0.022246622971513051 -0.0070970443242378755 -0.012727059888689276 -0.00014240419091627847 0.0085607805701070697 0.0079124506238487449 -0.0070970443242378755
leaf_weight=32 273 163 44 482 30 330 46 108 169 30 82 365 82 43 88 33 34 39 61 38 31 30
leaf_count=32 273 163 44 482 30 330 46 108 169 30 82 365 82 43 88 33 34 39 61 38 31 30
internal_value=0 -5.35253e-05 0.00270856 0.000902651 -0.0141406 -0.00299337 -0.00174186 0.00447525 0.0016071 0.00993219 0.0123818 -0.000598494 -0.00293222 -0.00678115 -0.00709704 0.0159571 -0.00307857 -0.00916533 -0.00106642 0.00541742 0.0056415 -0.00709704
internal_weight=0 2502 1290 1032 131 1212 911 550 277 258 176 777 412 301 134 115 138 99 104 82 61 60
internal_count=2633 2502 1290 1032 131 1212 911 550 277 258 176 777 412 301 134 115 138 99 104 82 61 60
is_linear=0
shrinkage=0.03


Tree=77
num_leaves=24
num_cat=0
split_feature=0 4 6 8 6 18 14 16 16 17 4 17 8 18 17 16 15 6 0 15 12 15 16
split_gain=25.7153 21.1046 17.6005 15.5773 10.5143 7.21928 6.11654 7.19528 3.47308 4.4619 3.29959 3.9392 2.5914 2.13019 1.95627 1.91396 1.74608 1.52563 1.22207 1.1468 0.489904 0.34785 0.203522
threshold=0.029800000000000004 0.071050000000000016 0.054850000000000003 0.19185000000000002 0.038850000000000003 4.5000000000000009 -0.17132359550561785 30.222860674157236 -22.692750561797705 -0.0013202247191011205 0.37785000000000007 -0.0108241573033708 0.19525000000000003 4.5000000000000009 -0.055394382022471871 26.560249438202337 1.0000000180025095e-35 0.017550000000000003 0.24995000000000003 -1.6509589887640448 1.0092595505617992 6.775791011235957 29.233444943820249
decision_type=2 2 2 2 2 2 2 2 2 2 2 2 2 2 2 2 2 2 2 2 2 2 2
left_child=4 2 3 5 -1 -2 12 10 21 22 19 -12 13 18 -9 -11 -6 -7 -3 -8 -15 -4 -10
right_child=1 6 8 -5 16 17 7 14 9 15 11 -13 -14 20 -16 -17 -18 -19 -20 -21 -22 -23 -24
leaf_value=-0.025261798793369011 0.0052255941858992475 -0.0052772491085285771 0.0052255941858992475 -0.00015917525063268031 -0.0068908619467627271 0.002202627021064598 -0.0021626451405956267 -0.00029626692837590106 0.0052255941858992475 0.013023184678551354 -0.0068908619467627271 -0.0023057732190392105 -0.0068908619467627271 -0.0052772491085285771 -0.0068908619467627271 0.021579224291172896 -0.013850979605181651 0.0052255941858992475 -0.00015917525063268031 -0.00015917525063268031 -0.0014696413697674871 0.0083039572173239356 0.0076750770980311984
leaf_weight=46 354 39 44 357 52 227 325 46 30 82 70 98 75 75 88 33 33 94 68 284 44 38 31
leaf_count=46 354 39 44 357 52 227 325 46 30 82 70 98 75 75 88 33 33 94 68 284 44 38 31
internal_value=0 -7.32375e-05 0.00259744 0.000845345 -0.0137085 0.00456443 -0.0029158 -0.00169076 0.00960584 0.0119995 -0.000563244 -0.00445237 -0.00662345 -0.00366364 -0.00689086 0.0154784 -0.00745611 0.00220263 -0.000438138 -0.000159175 -0.00527725 0.00522559 0.00544094
internal_weight=0 2502 1290 1032 131 675 1212 911 258 176 777 168 301 226 134 115 85 321 107 609 119 82 61
internal_count=2633 2502 1290 1032 131 675 1212 911 258 176 777 168 301 226 134 115 85 321 107 609 119 82 61
is_linear=0
shrinkage=0.03


Tree=78
num_leaves=26
num_cat=0
split_feature=3 7 3 8 15 14 16 16 17 14 17 4 15 17 15 8 8 3 14 3 0 12 8 8 18
split_gain=27.8878 20.6789 15.4663 17.8666 9.98253 8.94698 8.28385 7.02792 5.73368 5.41713 5.38907 5.17623 4.31782 4.03491 10.0462 5.3513 3.62957 3.28482 3.26982 3.06355 2.78597 1.33992 1.1654 0.774568 0.0259833
threshold=0.016050000000000005 -0.28274999999999995 0.064250000000000015 0.19900000000000004 -21.139350561797738 -0.13795393258426963 33.094215730337062 -23.769555056179737 0.055605617977528117 0.35813146067415735 -0.015320224719101131 0.12340000000000002 -1.8483011235955054 -0.0013202247191011205 8.9967910112359579 0.19750000000000004 0.18520000000000003 0.0059500000000000013 -0.15232359550561794 0.011100000000000002 0.72205000000000008 0.2500292134831455 0.18700000000000003 0.19110000000000002 4.5000000000000009
decision_type=2 2 2 2 2 2 2 2 2 2 2 2 2 2 2 2 2 2 2 2 2 2 2 2 2
left_child=4 2 3 5 -1 20 8 12 9 -4 -3 -7 -6 16 15 -15 17 -9 22 -18 -2 -16 -14 -20 -5
right_child=1 10 6 24 7 11 -8 13 -10 -11 -12 -13 18 14 21 -17 19 -19 23 -21 -22 -23 -24 -25 -26
leaf_value=-0.011954821814399431 -0.0033206614037581028 -0.025732296695932744 -0.0047857749624625814 -0.0060835481498663019 -0.0077498732464771495 0.0080458005416647726 -0.0099524281446301422 0.004229518787627261 0.008506013037902967 0.0014983695441022 -0.01006012090515287 0.00070367731109261509 0.0011915591557044535 0.017979856490804677 0.0047609663651446282 0.0050329765272326766 -0.0019594813992367373 0.011597364377141383 0.0086121433206340844 0.004229518787627261 0.0020708463512991945 -0.0027979390355400168 -0.0070387968849390742 0.0025991309172804316 -0.0099524281446301422
leaf_weight=34 86 39 831 41 51 280 94 86 35 145 40 125 32 102 46 40 114 85 51 52 93 39 30 31 31
leaf_count=34 86 39 831 41 51 280 94 86 35 145 40 125 32 102 46 40 114 85 51 52 93 39 30 31 31
internal_value=0 -0.00278145 -0.00210784 0.00154108 0.00394844 0.00331111 -0.00427408 0.00466084 -0.00342434 -0.00385217 -0.017797 0.00577971 -0.000248642 0.00635827 0.00945 0.0143328 0.00427572 0.00734325 0.00240804 0.00111578 -0.00227429 0.00129276 -0.00279087 0.00633893 -0.00995243
internal_weight=0 1840 1761 656 793 584 1105 759 1011 976 79 405 195 564 227 142 337 171 144 166 179 85 62 82 72
internal_count=2633 1840 1761 656 793 584 1105 759 1011 976 79 405 195 564 227 142 337 171 144 166 179 85 62 82 72
is_linear=0
shrinkage=0.03


Tree=79
num_leaves=26
num_cat=0
split_feature=3 7 3 14 5 16 18 14 18 17 14 17 6 3 6 2 4 5 3 16 5 3 13 3 3
split_gain=26.4003 19.413 14.4379 11.2441 8.10881 7.91981 7.69404 7.6559 6.28635 5.39482 5.09697 5.08349 4.78076 3.91086 7.59236 3.14579 2.55221 2.41613 2.76521 2.24628 1.9414 0.947233 0.80808 0.785142 0.176083
threshold=0.016050000000000005 -0.28274999999999995 0.064250000000000015 -0.13795393258426963 0.46860000000000007 33.094215730337062 4.5000000000000009 0.40500112359550566 4.5000000000000009 0.055605617977528117 0.35813146067415735 -0.016218539325842701 0.057650000000000007 0.046950000000000013 0.040300000000000009 0.00055000000000000003 0.081450000000000009 0.18955000000000002 0.0064500000000000009 -2.4819191011236508 0.29340000000000005 0.038500000000000006 3.403520224719101 0.0014500000000000001 0.0016000000000000001
decision_type=2 2 2 2 2 2 2 2 2 2 2 2 2 2 2 2 2 2 2 2 2 2 2 2 2
left_child=4 2 3 6 7 9 16 8 17 10 -4 -3 24 14 -5 -15 -2 23 -19 -14 22 -8 -9 -1 -10
right_child=1 11 5 13 -6 -7 21 20 12 -11 -12 -13 19 15 -16 -17 -18 18 -20 -21 -22 -23 -24 -25 -26
leaf_value=0.0081674599616701656 0.0039107055447171798 -0.025580206214605519 -0.0046422017187036447 0.00036868490069111353 -0.0071717453459651942 -0.0096624091345137858 -0.0096624091345137858 0.018613389874658274 0.0020261310508666451 0.008250832768423217 0.001453418338864014 -0.010299954873747949 0.0028149512469317806 0.014027465714274772 0.011283603450089382 0.0033750941449155409 -0.006385656748898327 0.0018845206277404466 0.0077782971863589343 0.012559429670081418 0.0059788784865410088 -0.0046524423539925077 0.012194765869800638 0.014614177578213539 -0.0012509701416644758
leaf_weight=31 78 36 831 282 56 94 54 31 34 35 145 43 39 56 72 45 30 138 149 34 31 39 41 33 176
leaf_count=31 78 36 831 282 56 94 54 31 34 35 145 43 39 56 72 45 30 138 149 34 31 39 41 33 176
internal_value=0 -0.00271438 -0.00206171 0.0014638 0.00383358 -0.00415468 -0.00444553 0.00466981 0.00343738 -0.00332161 -0.0037366 -0.0172631 0.00011051 0.0040743 0.00258867 0.00928136 0.0010506 0.00611973 0.00494436 0.00688087 0.0122558 -0.00966241 0.0149583 0.0113906 -0.00125097
internal_weight=0 1840 1761 656 793 1105 201 737 634 1011 976 79 283 455 354 101 108 351 287 73 103 93 72 64 210
internal_count=2633 1840 1761 656 793 1105 201 737 634 1011 976 79 283 455 354 101 108 351 287 73 103 93 72 64 210
is_linear=0
shrinkage=0.03


Tree=80
num_leaves=17
num_cat=0
split_feature=0 8 5 3 14 0 6 6 15 13 4 17 18 4 3 15
split_gain=20.11 22.0573 11.5471 7.82164 7.61978 6.81358 7.1507 6.09976 4.9205 3.94042 4.24249 3.08881 2.8227 4.15753 1.41666 1.38078
threshold=0.24995000000000003 0.19185000000000002 0.26625000000000004 0.036800000000000006 0.28045730337078673 0.0032500000000000007 1.0000000180025095e-35 0.054100000000000002 -0.21830112359550566 -3.100240449438203 0.57935000000000014 -0.0013202247191011205 4.5000000000000009 0.30820000000000003 0.0089000000000000017 -12.533024719101123
decision_type=2 2 2 2 2 2 2 2 2 2 2 2 2 2 2 2
left_child=5 2 3 8 12 6 -1 -3 11 -7 15 -2 13 -4 -10 -11
right_child=1 7 4 -5 -6 9 -8 -9 14 10 -12 -13 -14 -15 -16 -17
leaf_value=-0.02504539414579349 0.0080006836177781218 -0.0025675374736628944 0.0045057312596374815 0.0045057312596374815 0.0045057312596374815 -0.0087181114513919938 -0.0087181114513919938 0.00031916409839443521 0.0045057312596374815 -0.0056428244625274446 -0.0087181114513919938 0.017436272809008026 0.00031916409839443521 0.00031916409839443521 0.010196117526042507 -0.0025675374736628944
leaf_weight=31 45 621 324 97 187 48 63 195 64 46 43 102 290 43 50 351
leaf_count=31 45 621 324 97 187 48 63 195 64 46 43 102 290 43 50 351
internal_value=0 0.000597379 0.00320587 0.00772063 0.00129084 -0.00573245 -0.0131284 -0.00256754 0.0109204 -0.00430783 -0.00327454 0.0145478 0.000319164 0.00312984 0.00624291 -0.00256754
internal_weight=0 2018 1202 358 844 582 94 816 261 488 440 147 657 367 114 397
internal_count=2600 2018 1202 358 844 582 94 816 261 488 440 147 657 367 114 397
is_linear=0
shrinkage=0.03


Tree=81
num_leaves=17
num_cat=0
split_feature=0 8 5 3 14 0 7 7 5 4 3 16 18 4 15 12
split_gain=18.6614 20.6852 10.85 7.50599 7.37567 6.35359 6.75616 5.12899 5.06238 3.02537 3.5825 3.13973 2.62526 4.02356 2.38747 0.350064
threshold=0.24995000000000003 0.19185000000000002 0.26625000000000004 0.036800000000000006 0.28045730337078673 0.0032500000000000007 -0.35199999999999992 -0.30799999999999994 0.21230000000000002 0.22770000000000004 0.15970000000000004 -27.622419101123679 4.5000000000000009 0.30820000000000003 -0.21830112359550566 0.13381573033707642
decision_type=2 2 2 2 2 2 2 2 2 2 2 2 2 2 2 2
left_child=5 2 3 7 12 6 -1 -2 -3 -7 15 -12 13 -4 -9 -11
right_child=1 8 4 -5 -6 9 -8 14 -10 10 11 -13 -14 -15 -16 -17
leaf_value=-0.0084465066338988478 0.018450598987140531 0.00027347222287691487 0.0043215637648830836 0.0043215637648830836 0.0043215637648830836 -0.0025145999761435173 -0.024294032361959258 0.011238424499618071 -0.0025145999761435173 -0.0042091183479665154 -0.0084465066338988478 -0.0042091183479665154 0.00027347222287691487 0.00027347222287691487 0.0046893882979638871 -0.0084465066338988478
leaf_weight=63 58 244 324 97 187 132 31 113 572 52 38 213 290 43 90 53
leaf_count=63 58 244 324 97 187 132 31 113 572 52 38 213 290 43 90 53
internal_value=0 0.000534194 0.00306154 0.00743791 0.00120522 -0.00556339 -0.0127053 0.0105828 -0.0025146 -0.00418769 -0.00590364 -0.00420912 0.000273472 0.00300939 0.00833491 -0.00844651
internal_weight=0 2018 1202 358 844 582 94 261 816 488 356 251 657 367 203 105
internal_count=2600 2018 1202 358 844 582 94 261 816 488 356 251 657 367 203 105
is_linear=0
shrinkage=0.03


Tree=82
num_leaves=16
num_cat=0
split_feature=0 8 4 6 0 6 6 7 0 13 4 14 15 15 15
split_gain=17.2121 19.4288 10.4157 12.8772 5.95145 6.38581 5.63286 4.63746 6.22598 3.68078 3.95856 3.41167 2.13213 1.21481 0.868018
threshold=0.24995000000000003 0.19185000000000002 0.075700000000000003 0.017550000000000003 0.0032500000000000007 1.0000000180025095e-35 0.054100000000000002 -0.30834999999999996 0.74755000000000005 -3.100240449438203 0.57935000000000014 0.40500112359550566 -0.21830112359550566 -12.533024719101123 8.9967910112359579
decision_type=2 2 2 2 2 2 2 2 2 2 2 2 2 2 2
left_child=4 2 3 11 5 -1 -3 8 -5 -6 13 -2 -9 -11 -4
right_child=1 6 14 7 9 -7 -8 12 -10 10 -12 -13 -14 -15 -16
leaf_value=-0.023565211530113893 0.0026508774685714922 -0.0024549055070276996 0.00023492472185635799 0.011619366191643254 -0.0081733003459897417 -0.0081733003459897417 0.00023492472185635799 0.010317322253452048 0.02312145284043168 -0.0053141029265087198 -0.0081733003459897417 0.0061547087823278753 0.0061547087823278753 -0.0024549055070276996 0.0026508774685714922
leaf_weight=31 372 621 332 32 48 63 195 138 53 46 43 74 105 351 96
leaf_count=31 372 621 332 32 48 63 195 138 53 46 43 74 105 351 96
internal_value=0 0.000473107 0.00292475 0.00506683 -0.00538292 -0.0122951 -0.00245491 0.00965854 0.0156899 -0.00405147 -0.00303795 0.00265088 0.00754879 -0.00245491 0.000234925
internal_weight=0 2018 1202 774 582 94 816 328 85 488 440 446 243 397 428
internal_count=2600 2018 1202 774 582 94 816 328 85 488 440 446 243 397 428
is_linear=0
shrinkage=0.03


Tree=83
num_leaves=25
num_cat=0
split_feature=3 16 12 7 0 7 3 16 3 16 14 12 8 3 1 5 13 14 12 8 0 12 3 16
split_gain=16.9065 11.4131 13.6054 19.8429 14.266 15.3795 11.1065 10.1648 6.6369 6.61743 12.5515 11.8482 5.20941 8.05334 6.60697 5.62541 3.44261 3.38643 2.77921 2.77328 1.8877 1.62547 0.811268 0.46018
threshold=0.010600000000000002 30.222860674157236 1.1377595505617999 -0.42464999999999992 0.29825000000000007 -0.33544999999999997 0.37115000000000004 29.233444943820249 0.074450000000000016 -23.769555056179737 -0.15508426966292135 0.070716853932585991 0.20095000000000002 0.0089000000000000017 0.032550000000000003 0.18955000000000002 -0.10697977528089807 0.31913146067415737 -0.47928314606741645 0.19235000000000002 0.42035000000000006 0.076716853932586218 0.0064500000000000009 8.2705808988763483
decision_type=2 2 2 2 2 2 2 2 2 2 2 2 2 2 2 2 2 2 2 2 2 2 2 2
left_child=12 6 3 -3 -5 -6 7 9 -9 10 -2 -11 13 14 18 -14 -8 22 -1 20 -4 -20 -16 -15
right_child=1 2 19 4 5 -7 16 8 -10 11 -12 -13 15 23 17 -17 -18 -19 21 -21 -22 -23 -24 -25
leaf_value=0.0043258099057704776 -0.011847137084529521 0.0061839243189685724 -0.00070338266088612502 -0.033798170915859585 -0.005097755547069675 -0.022050884307051696 -0.017832938409833743 0.017593166894194753 0.00047755041931706824 0.0036899068816712401 -0.00082514320230539127 -0.0028697752185916116 -0.00045095083393146217 0.011917546558674545 -0.00045095083393146217 -0.014768040948397209 -0.0047805911975522192 0.0043258099057704776 0.016307445906157441 -0.005060417792863316 0.0079484292200173844 0.008399686427274719 0.0030694311646220739 0.017129598975181577
leaf_weight=59 136 44 40 34 67 72 44 44 38 458 294 540 30 31 222 31 31 84 34 54 44 75 64 30
leaf_count=59 136 44 40 34 67 72 44 44 38 458 294 540 30 31 222 31 31 84 34 54 44 75 64 30
internal_value=0 -0.00225877 -0.00712086 -0.0118044 -0.0163794 -0.0121187 -0.00116978 -0.000610104 0.00966154 -0.00119993 -0.00431117 0.00014058 0.00329979 0.00415033 0.00297903 -0.00505223 -0.012438 0.000738838 0.00791278 0.000243799 0.00365365 0.0108663 -0.000450951 0.0144809
internal_weight=0 1940 355 217 173 139 1585 1510 82 1428 430 998 660 599 538 61 75 370 168 138 84 109 286 61
internal_count=2600 1940 355 217 173 139 1585 1510 82 1428 430 998 660 599 538 61 75 370 168 138 84 109 286 61
is_linear=0
shrinkage=0.03


Tree=84
num_leaves=27
num_cat=0
split_feature=3 16 12 3 4 16 8 3 3 8 0 8 3 1 6 13 13 12 8 17 17 0 13 16 15 3
split_gain=15.8506 10.6664 12.7203 10.4502 10.7719 16.6661 9.92658 8.90385 4.86001 9.21534 5.08456 4.79765 7.59987 6.2083 5.35288 3.23915 2.99427 2.64472 2.60614 1.93077 7.39144 1.78036 1.53103 1.2136 0.808556 0.758185
threshold=0.010600000000000002 30.222860674157236 1.1377595505617999 0.37115000000000004 0.13925000000000001 29.233444943820249 0.19925000000000001 0.15205000000000005 0.080850000000000019 0.17000000000000001 0.35750000000000004 0.20095000000000002 0.0089000000000000017 0.032550000000000003 0.050050000000000004 -0.10697977528089807 2.8443550561797761 -0.47928314606741645 0.19235000000000002 0.016777528089887642 0.012175842696629221 0.42035000000000006 -0.40174044943820414 -50.577649438202279 -0.48236685393258488 0.0064500000000000009
decision_type=2 2 2 2 2 2 2 2 2 2 2 2 2 2 2 2 2 2 2 2 2 2 2 2 2 2
left_child=11 3 6 4 5 7 8 -2 10 -10 -3 12 13 17 -13 -5 25 -1 21 20 -6 -4 -19 -21 -14 -15
right_child=1 2 18 15 19 -7 -8 -9 9 -11 -12 14 24 16 -16 -17 -18 22 -20 23 -22 -23 -24 -25 -26 -27
leaf_value=0.0041786330016626546 -0.00018433128951700451 -0.01779598935628058 -0.00068490420627067726 -0.017297950409860773 -0.003324107132764478 0.01853594951480627 -0.026844144947826862 0.013163721819291822 0.0092833998746937145 -0.011415456520317464 -0.0077746572049901532 -0.014324999691978577 0.017444174257858148 -0.00040473130761648683 -0.00040473130761648683 -0.0046371734130286396 0.0041786330016626546 0.015603358993927638 -0.0049086052231076694 -0.0059279947197397372 -0.01841592973304702 0.0077099763390354138 0.0080435045289309476 -0.00078364507416509271 0.010535418599843978 0.0029328124594086638
leaf_weight=59 714 35 40 44 505 50 32 48 32 49 69 31 31 228 30 31 77 36 54 42 31 44 73 120 30 65
leaf_count=59 714 35 40 44 505 50 32 48 32 49 69 31 31 228 30 31 77 36 54 42 31 44 73 120 30 65
internal_value=0 -0.00218745 -0.0068878 -0.00113469 -0.000591801 0.00175744 -0.0114164 0.000656491 -0.00874783 -0.00323813 -0.013039 0.00319473 0.00401097 0.00287312 -0.00482043 -0.0120648 0.000701565 0.0076557 0.000233292 -0.00332473 -0.00419696 0.0035388 0.0105403 -0.000783645 0.0140464 -0.000404731
internal_weight=0 1940 355 1585 1510 812 217 762 185 81 104 660 599 538 61 75 370 168 138 698 536 84 109 162 61 293
internal_count=2600 1940 355 1585 1510 812 217 762 185 81 104 660 599 538 61 75 370 168 138 698 536 84 109 162 61 293
is_linear=0
shrinkage=0.03


Tree=85
num_leaves=21
num_cat=0
split_feature=15 3 8 3 0 14 12 8 12 14 2 15 3 8 6 3 12 0 12 8
split_gain=18.9562 18.4322 16.2806 13.3857 11.59 10.7924 10.2596 6.59027 5.21672 4.50929 4.37531 4.35661 3.38856 4.49341 6.09604 5.18476 2.48057 2.47226 1.22915 0.677934
threshold=-21.139350561797738 0.010600000000000002 0.18310000000000001 0.37115000000000004 0.016600000000000004 0.35813146067415735 0.31202921348314488 0.19525000000000003 1.0092595505617992 0.40500112359550566 0.13485000000000003 -10.040871910112347 0.00090000000000000008 0.19110000000000002 0.057100000000000005 0.0089000000000000017 1.1112595505617977 0.071800000000000017 -0.47928314606741645 0.18370000000000003
decision_type=2 2 2 2 2 2 2 2 2 2 2 2 2 2 2 2 2 2 2 2
left_child=2 9 8 4 10 6 -6 17 -1 12 -3 -7 18 15 -15 -14 -11 -5 -2 -18
right_child=1 3 -4 7 5 11 -8 -9 -10 16 -12 -13 13 14 -16 -17 19 -19 -20 -21
leaf_value=-0.014079522600566798 0.0046910440258216115 -0.0066194816551390376 -0.02732524900356444 -0.013088979624211789 8.3001115099116572e-05 0.0094577766337262635 -0.0056818455308876902 -0.023842832608929564 0.00086112946946302355 0.016338681061016883 -0.021057987565174699 0.0020817661061481923 0.0027541912355449759 -0.0082638685949160181 0.0011799100643236035 0.01346357731381431 0.0097413183213962661 -0.0011014903779141604 0.012382134791463615 0.0034672536658904244
leaf_weight=33 32 51 41 30 1019 110 382 31 58 38 30 209 267 78 65 48 31 32 45 31
leaf_count=33 32 51 41 30 1019 110 382 31 58 38 30 209 267 78 65 48 31 32 45 31
internal_value=0 3.26958e-05 -0.0116289 -0.00145027 -0.000877166 -0.000354908 -0.00148886 -0.0125489 -0.00455691 0.00445592 -0.0119671 0.00462522 0.00336294 0.00238398 -0.00202628 0.0043861 0.0103034 -0.00690189 0.00918584 0.00660429
internal_weight=0 2529 132 1894 1801 1720 1401 93 91 635 81 319 535 458 143 315 100 62 77 62
internal_count=2661 2529 132 1894 1801 1720 1401 93 91 635 81 319 535 458 143 315 100 62 77 62
is_linear=0
shrinkage=0.03


Tree=86
num_leaves=24
num_cat=0
split_feature=15 3 8 3 0 16 12 15 8 12 2 16 12 13 16 1 0 12 12 15 12 15 13
split_gain=17.8463 17.4225 15.3185 12.5947 10.905 8.18311 12.7639 11.3477 6.20078 4.90841 4.11673 4.01966 4.04956 4.16617 2.49012 2.36174 2.32615 2.05943 1.5633 1.43234 1.29748 0.397647 0.364179
threshold=-21.139350561797738 0.010600000000000002 0.18310000000000001 0.37115000000000004 0.016600000000000004 -23.769555056179737 0.070716853932585991 14.504220224719107 0.19525000000000003 1.0092595505617992 0.13485000000000003 -23.769555056179737 0.076716853932586218 3.0847595505617957 15.368640449438148 0.15135000000000001 0.071800000000000017 1.0000000180025095e-35 1.9908039325842746 -1.8483011235955054 -0.82332752808988896 29.104062359550564 -0.85197977528089808
decision_type=2 2 2 2 2 2 2 2 2 2 2 2 2 2 2 2 2 2 2 2 2 2 2
left_child=2 11 9 4 10 7 -7 -6 16 -1 -3 19 15 14 -14 17 -5 -13 -15 -2 21 -21 -17
right_child=1 3 -4 8 5 6 -8 -9 -10 -11 -12 12 13 18 -16 22 -18 -19 -20 20 -22 -23 -24
leaf_value=-0.013657136584039437 -0.0049894289694508952 -0.0064208971917190973 -0.026505491543652077 -0.012696310393512248 -0.0059761626242907182 0.0048772996891681226 -0.0013592291601966999 0.0026529361081659587 -0.023127547721979357 0.00083529553392195494 -0.020426248087896965 0.0093168679804781843 0.0034296663088233411 0.013037332055737844 -0.0037832250034303535 0.007014413016149774 -0.0010684457200113684 0.018295482464375033 0.0055340872415531933 0.0058743516747774768 -0.002940546205888192 0.0014962498361075468 0.0026439492364187501
leaf_weight=33 38 51 41 30 267 457 835 161 31 58 30 89 112 37 70 32 32 31 77 43 36 33 37
leaf_count=33 38 51 41 30 267 457 835 161 31 58 30 89 112 37 70 32 32 31 77 43 36 33 37
internal_value=0 3.50143e-05 -0.01128 -0.00140677 -0.000850851 -0.000344261 0.000846726 -0.00393948 -0.0121724 -0.0044202 -0.0116081 0.00433538 0.00566279 0.00347231 0.000655477 0.00909338 -0.00669483 0.0116363 0.00796935 4.3436e-05 0.00175102 0.00397333 0.00467083
internal_weight=0 2529 132 1894 1801 1720 1292 428 93 91 81 635 485 296 182 189 62 120 114 150 112 76 69
internal_count=2661 2529 132 1894 1801 1720 1292 428 93 91 81 635 485 296 182 189 62 120 114 150 112 76 69
is_linear=0
shrinkage=0.03


Tree=87
num_leaves=21
num_cat=0
split_feature=15 3 8 3 0 14 12 8 12 15 14 6 3 8 6 3 12 0 12 8
split_gain=16.7728 16.4411 14.4131 11.8317 10.2436 10.0717 9.48798 5.83432 4.61832 4.20339 4.02344 3.87343 3.12436 4.21512 5.80806 4.81016 2.31324 2.18867 1.13784 0.63028
threshold=-21.139350561797738 0.010600000000000002 0.18310000000000001 0.37115000000000004 0.016600000000000004 0.35813146067415735 0.31202921348314488 0.19525000000000003 1.0092595505617992 -10.040871910112347 0.40500112359550566 0.038850000000000003 0.00090000000000000008 0.19110000000000002 0.057100000000000005 0.0089000000000000017 1.1112595505617977 0.071800000000000017 -0.47928314606741645 0.18370000000000003
decision_type=2 2 2 2 2 2 2 2 2 2 2 2 2 2 2 2 2 2 2 2
left_child=2 10 8 4 11 6 -6 17 -1 -7 12 -3 18 15 -15 -14 -12 -5 -2 -18
right_child=1 3 -4 7 5 9 -8 -9 -10 -11 16 -13 13 14 -16 -17 19 -19 -20 -21
leaf_value=-0.013247422828677701 0.004439583956846036 -0.019813460463657975 -0.025710326886122545 -0.012315420955419539 7.3198434777724199e-05 0.0092148203499699856 -0.0054706133554655451 -0.02243372113714295 0.00081023662672217544 0.0019696751891515041 0.015556977395164338 -0.0062282704008633592 0.0026001578688280122 -0.008136292107206268 0.0010666897536624651 0.012915412785951048 0.0091813993502047747 -0.0010363922727992757 0.01183947838807459 0.0031318628754947453
leaf_weight=33 32 30 41 30 1019 110 382 31 58 209 38 51 267 78 65 48 31 32 45 31
leaf_count=33 32 30 41 30 1019 110 382 31 58 209 38 51 267 78 65 48 31 32 45 31
internal_value=0 2.7824e-05 -0.0109416 -0.00137276 -0.000833947 -0.000342961 -0.00143839 -0.0118072 -0.0042876 0.004468 0.00420532 -0.0112598 0.0031729 0.00223288 -0.00203863 0.00417201 0.00972876 -0.00649399 0.0087642 0.00615663
internal_weight=0 2529 132 1894 1801 1720 1401 93 91 319 635 81 535 458 143 315 100 62 77 62
internal_count=2661 2529 132 1894 1801 1720 1401 93 91 319 635 81 535 458 143 315 100 62 77 62
is_linear=0
shrinkage=0.03


Tree=88
num_leaves=18
num_cat=0
split_feature=15 3 8 4 8 6 3 7 1 14 8 14 12 15 12 4 16
split_gain=15.7911 15.8774 13.5613 11.226 9.95762 8.97925 8.51421 6.40924 5.9369 8.0314 5.48951 5.48362 4.34538 3.23624 1.87935 1.74336 1.59195
threshold=-21.139350561797738 0.064250000000000015 0.18310000000000001 0.32190000000000007 0.20290000000000002 -0.0028499999999999997 0.37115000000000004 -0.35034999999999994 0.31080000000000002 0.35813146067415735 0.19525000000000003 0.40500112359550566 1.0092595505617992 15.312628089887648 -0.2988820224719077 0.098350000000000007 6.8233606741572439
decision_type=2 2 2 2 2 2 2 2 2 2 2 2 2 2 2 2 2
left_child=2 3 12 4 5 7 8 -2 9 13 16 -7 -1 -3 -10 -11 -8
right_child=1 6 -4 -5 -6 11 10 -9 14 15 -12 -13 -14 -15 -16 -17 -18
leaf_value=-0.012849999776279384 0.0022178585601849961 -0.0035071533851797694 -0.024939017103979274 -0.012889547969891942 -0.0051974540322678149 0.0038447555508212511 -0.01095369087299332 -0.0010658329202459351 -0.0054167755783440553 0.011175991174823138 -0.021760709582557599 0.010519544508004949 0.00078592956660251154 0.0017225462031335785 -0.013204564937533667 0.0033284410804510114 -0.0013343417569994926
leaf_weight=33 260 589 41 44 60 784 32 200 31 32 31 129 58 130 52 125 30
leaf_count=33 260 589 41 44 60 784 32 200 31 32 31 129 58 130 52 125 30
internal_value=0 3.02369e-05 -0.0106134 0.00203634 0.00249464 0.00306579 -0.00278632 -0.000352136 -0.00194586 -0.00121929 -0.011453 0.00478785 -0.00415897 -0.00256159 -0.00961426 0.00492794 -0.00629917
internal_weight=0 2529 132 1477 1433 1373 1052 460 959 876 93 913 91 719 83 157 62
internal_count=2661 2529 132 1477 1433 1373 1052 460 959 876 93 913 91 719 83 157 62
is_linear=0
shrinkage=0.03


Tree=89
num_leaves=16
num_cat=0
split_feature=15 0 8 8 6 0 2 6 12 15 4 15 15 4 4
split_gain=14.8309 13.749 17.6085 12.7598 7.77383 5.58009 5.24054 4.23804 4.08857 3.55911 2.96256 1.99005 2.77423 1.84132 0.40581
threshold=-21.139350561797738 0.37145 0.19185000000000002 0.18310000000000001 -0.0035499999999999998 0.83065000000000011 0.27755000000000002 0.057650000000000007 1.0092595505617992 6.3787910112359567 0.22770000000000004 15.312628089887648 3.5745410112359548 0.020150000000000005 0.024400000000000002
decision_type=2 2 2 2 2 2 2 2 2 2 2 2 2 2 2
left_child=3 6 4 8 14 13 10 -4 -1 -7 -2 12 -12 -6 -3
right_child=1 2 7 -5 5 9 -8 -9 -10 -11 11 -13 -14 -15 -16
leaf_value=-0.012464500350708311 -0.0010449488940111897 0.0036942838144075596 -0.0010449488940111897 -0.024190846855366013 0.006329538320173923 0.011510283612420387 -0.014193300818487142 0.0015018207717427039 0.00076235171905237014 0.006329538320173923 -0.0040900325329907769 -0.0026050983169744221 -0.0085386036395979827 0.0036942838144075596 0.0015018207717427039
leaf_weight=33 168 80 635 41 84 198 39 146 58 106 350 89 70 324 240
leaf_count=33 168 80 635 41 84 198 39 146 58 106 350 89 70 324 240
internal_value=0 1.99401e-05 0.00141002 -0.010295 0.00404859 0.00588675 -0.00349992 -0.00104495 -0.0040342 0.00896479 -0.00288391 -0.00416525 -0.00529103 0.00369428 0.00150182
internal_weight=0 2529 1813 132 1032 712 716 781 91 304 677 509 420 408 320
internal_count=2661 2529 1813 132 1032 712 716 781 91 304 677 509 420 408 320
is_linear=0
shrinkage=0.03


Tree=90
num_leaves=31
num_cat=0
split_feature=18 0 14 8 15 13 8 16 17 13 14 5 6 7 12 16 0 7 0 7 0 5 12 16 8 13 7 12 7 13
split_gain=16.5062 17.5923 15.0648 18.2436 14.4382 16.6602 8.43948 8.99437 7.17713 6.49538 5.67221 5.01139 4.81639 4.51787 3.3679 3.64604 3.22217 4.27126 3.13325 2.13237 2.02957 1.62671 1.31933 1.99377 1.26398 1.25561 1.23096 0.829813 1.17144 0.733165
threshold=4.5000000000000009 0.3040500000000001 -0.13795393258426963 0.19945000000000004 -1.6509589887640448 -1.5998426966292134 0.19185000000000002 29.233444943820249 -0.02005449438202243 2.5704061797752815 0.24095730337078661 0.22360000000000002 0.048750000000000009 -0.32839999999999997 -0.17938202247190735 -23.769555056179737 0.85910000000000009 -0.34549999999999997 0.0032500000000000007 -0.29079999999999995 0.56540000000000012 0.29340000000000005 0.070716853932585991 22.737249438202358 0.19185000000000002 5.178052808988765 -0.38239999999999991 -0.17938202247190735 -0.42254999999999993 -0.34124044943820303
decision_type=2 2 2 2 2 2 2 2 2 2 2 2 2 2 2 2 2 2 2 2 2 2 2 2 2 2 2 2 2 2
left_child=1 18 3 8 9 10 7 14 -2 12 -6 -8 13 -4 15 -3 17 -10 -1 -18 25 -9 27 -24 -22 -7 -11 28 -20 -16
right_child=2 6 4 -5 5 20 11 21 16 26 -12 -13 -14 -15 29 -17 19 -19 22 -21 24 -23 23 -25 -26 -27 -28 -29 -30 -31
leaf_value=-0.011060569389476716 -0.015252084197908087 0.003705536235703283 -0.0071038464454942244 -0.025058852988390289 0.018873075894354021 -0.0059014513939619068 0.003156835683423424 0.021729004476685077 -0.0023318981416791461 0.0053049110813486958 0.0067154463580766013 -0.00028693607155705212 0.00040437079119411378 -0.017130014706580411 0.0056119706695152887 0.010797150103876796 0.0071126273561801226 -0.010720474452866863 -0.00028693607155705212 -0.0019310206112732819 0.0035901040120431818 0.012005177652463317 -0.0070268368180433178 -0.00030593324205553045 -0.0013844230363698371 -0.0013844230363698371 -0.0016073621570578086 -0.00028693607155705212 -0.0061410756362602114 0.003156835683423424
leaf_weight=51 33 131 113 49 51 100 147 30 139 31 107 295 44 63 131 130 35 90 58 34 83 32 81 49 69 51 92 44 56 177
leaf_count=51 33 131 113 49 51 100 147 30 139 31 107 295 44 63 131 130 35 90 58 34 83 32 81 49 69 51 92 44 56 177
internal_value=0 0.00175072 -0.00305218 -0.00797443 -0.000725751 0.00274198 0.00363292 0.00585969 -0.00544532 -0.00538647 0.0106397 0.000453978 -0.00847333 -0.0106928 0.00467738 0.00723776 -0.00391636 -0.00562872 -0.00420679 0.00176668 -0.00137632 0.0167103 -0.0029931 -0.00523161 0.00107088 -0.00383972 0.000134755 -0.00115129 -0.00304132 0.00315684
internal_weight=0 1412 1184 380 804 461 1073 631 331 343 158 442 220 176 569 261 298 229 339 69 303 62 288 130 152 151 123 158 114 308
internal_count=2596 1412 1184 380 804 461 1073 631 331 343 158 442 220 176 569 261 298 229 339 69 303 62 288 130 152 151 123 158 114 308
is_linear=0
shrinkage=0.03


Tree=91
num_leaves=16
num_cat=0
split_feature=15 3 2 8 16 12 7 1 3 3 8 4 15 13 4
split_gain=15.6657 14.6281 12.3203 12.8281 9.70586 9.79282 7.36686 5.37051 4.94906 4.35203 3.35003 4.51373 2.50705 2.05402 1.27598
threshold=-21.139350561797738 0.064250000000000015 0.27755000000000002 0.20095000000000002 -23.769555056179737 0.076716853932586218 -0.3169499999999999 0.32200000000000001 0.031000000000000003 0.37115000000000004 0.20715000000000003 0.13925000000000001 14.504220224719107 -0.10697977528089807 0.0091500000000000001
decision_type=2 2 2 2 2 2 2 2 2 2 2 2 2 2 2
left_child=6 2 3 4 12 -6 8 9 -1 10 11 -3 -2 -11 -5
right_child=1 7 -4 14 5 -7 -8 -9 -10 13 -12 -13 -14 -15 -16
leaf_value=0.0029824238121509551 -0.0012164581906803325 0.002114219729961871 -0.01399879651476762 -0.0012164581906803325 0.0086429962235622746 0.0024488757177077722 -0.024100588742643592 -0.013435767134651541 -0.012265938578419528 -0.0078303114434185393 -0.0078303114434185393 -0.0026112045163661918 0.0029196994383396072 -0.0011902758056774388 -0.0057540364848398364
leaf_weight=30 196 258 42 42 373 598 30 40 53 47 32 617 132 43 63
leaf_count=30 196 258 42 42 373 598 30 40 53 47 32 617 132 43 63
internal_value=0 6.1786e-05 0.00201177 0.00249072 0.00332112 0.00482829 -0.0113596 -0.00265729 -0.00675448 -0.00222486 -0.00159674 -0.00121788 -0.00114064 -0.00783031 -0.00575404
internal_weight=0 2483 1446 1404 1299 971 113 1037 83 997 907 875 328 90 105
internal_count=2596 2483 1446 1404 1299 971 113 1037 83 997 907 875 328 90 105
is_linear=0
shrinkage=0.03


Tree=92
num_leaves=31
num_cat=0
split_feature=18 4 15 8 7 3 6 8 4 6 5 12 5 3 4 12 15 17 7 17 3 7 4 3 3 8 7 5 17 4
split_gain=15.0654 14.3144 10.6917 11.5762 16.7154 8.66552 7.26819 6.65251 6.47657 5.85054 5.57694 4.81408 3.31666 3.23334 6.35325 3.06441 2.76337 2.88378 2.8162 2.661 2.08848 4.60634 3.24824 3.05713 2.08793 1.99797 1.54359 1.29665 1.28669 0.35116
threshold=4.5000000000000009 0.13925000000000001 8.9967910112359579 0.20095000000000002 -0.3098999999999999 0.010600000000000002 0.0034500000000000004 0.19185000000000002 0.35910000000000003 0.016500000000000004 0.22620000000000004 -1.998010112359548 0.21230000000000002 0.0089000000000000017 0.036600000000000008 -0.77568426966292126 10.523291011235957 -0.061394382022471876 -0.32904999999999995 -0.0042185393258427064 0.046950000000000013 -0.34939999999999999 0.37785000000000007 0.11965000000000002 0.023950000000000003 0.15710000000000005 -0.37404999999999994 0.35940000000000005 -0.004324157303370795 0.024400000000000002
decision_type=2 2 2 2 2 2 2 2 2 2 2 2 2 2 2 2 2 2 2 2 2 2 2 2 2 2 2 2 2 2
left_child=1 7 3 5 -5 15 26 9 11 24 -8 -4 -9 -11 -15 -2 18 -18 -13 -17 25 22 27 -24 29 -3 -7 -22 -26 -1
right_child=2 20 8 4 -6 6 10 12 -10 13 -12 16 -14 14 -16 19 17 -19 -20 -21 21 -23 23 -25 28 -27 -28 -29 -30 -31
leaf_value=0.0067079926071014545 -0.0068085714832413942 -0.0019832909378138456 0.010501653632243811 -0.0095411710285193962 -0.033226020958099976 -0.0063819138975530973 0.0052462848017813032 0.0033337697225177391 -0.0090577613376080987 0.0067079926071014545 -0.0047988951026553097 0.010650969172552736 0.00076194150252359481 0.020417595195927115 0.0071302551895380019 0.0010583316480793127 0.004207028467208147 -0.003159608120372233 0.00062285040805147866 0.0096220676945720576 0.00076194150252359481 -0.011332759309094399 -0.0059928389725821731 -0.0015174730556013478 0.0067079926071014545 -0.012272444050759076 -0.0095411710285193962 -0.0015174730556013478 0.0033337697225177391 0.0033337697225177391
leaf_weight=89 30 33 59 52 32 58 59 127 48 79 317 44 213 57 75 107 58 109 59 47 135 40 36 143 87 35 105 84 43 136
leaf_count=89 30 33 59 52 32 58 59 127 48 79 317 44 213 57 75 107 58 109 59 47 135 40 36 143 87 35 105 84 43 136
internal_value=0 0.00165418 -0.00293433 -0.00488284 -0.0154242 -0.00365811 -0.00557707 0.00391154 0.00123663 0.0059056 -0.00322266 0.00273855 0.000761942 0.00986185 0.012868 0.00196316 0.00104216 -0.00134136 0.00490671 0.00367194 -0.00238766 -0.00162825 -0.000652919 -0.00379689 0.00355414 -0.00727918 -0.00954117 0.000761942 0.00670799 0.00333377
internal_weight=0 1412 1184 807 84 723 539 906 377 566 376 329 340 211 132 184 270 167 103 154 506 438 398 179 355 68 163 219 130 225
internal_count=2596 1412 1184 807 84 723 539 906 377 566 376 329 340 211 132 184 270 167 103 154 506 438 398 179 355 68 163 219 130 225
is_linear=0
shrinkage=0.03


Tree=93
num_leaves=16
num_cat=0
split_feature=15 3 2 8 16 12 8 17 1 12 3 8 15 13 4
split_gain=14.2778 13.0429 11.3484 11.7404 9.11505 9.00794 6.3134 5.78629 4.64602 4.44134 4.19077 3.1941 2.26405 2.02787 1.30374
threshold=-21.139350561797738 0.064250000000000015 0.27755000000000002 0.20095000000000002 -23.769555056179737 0.076716853932586218 0.18370000000000003 0.055605617977528117 0.32200000000000001 1.0987595505618002 0.37115000000000004 0.20715000000000003 14.504220224719107 -0.10697977528089807 0.0091500000000000001
decision_type=2 2 2 2 2 2 2 2 2 2 2 2 2 2 2
left_child=6 2 3 4 12 -6 9 8 10 -1 11 -3 -2 -12 -5
right_child=1 7 -4 14 5 -7 -8 -9 -10 -11 13 -13 -14 -15 -16
leaf_value=-0.014264597135285535 -0.0012223729512610563 -0.0015484579482090729 -0.013488672180101274 -0.0012223729512610563 0.008250267975746739 0.0023095536273869104 -0.02214950621011667 0.0083759400195309083 -0.013008448747918009 -0.00012739527970552446 -0.0077903575130910657 -0.0077903575130910657 0.0027068644217268394 -0.0010571991057719949 -0.0055757919918333074
leaf_weight=36 196 838 42 42 373 598 32 42 40 45 43 31 132 43 63
leaf_count=36 196 838 42 42 373 598 32 42 40 45 43 31 132 43 63
internal_value=0 3.61195e-05 0.00187742 0.00233709 0.00313105 0.00459162 -0.0108676 -0.0025314 -0.00299181 -0.0064106 -0.00257227 -0.00193686 -0.00119279 -0.00779036 -0.00557579
internal_weight=0 2483 1446 1404 1299 971 113 1037 995 81 955 869 328 86 105
internal_count=2596 2483 1446 1404 1299 971 113 1037 995 81 955 869 328 86 105
is_linear=0
shrinkage=0.03


Tree=94
num_leaves=31
num_cat=0
split_feature=18 4 14 8 15 13 16 17 13 12 14 13 2 6 4 14 15 4 6 13 4 17 17 1 13 14 14 15 5 6
split_gain=13.8061 12.8038 12.7621 16.3973 12.6875 15.0578 10.7999 6.30337 5.90338 5.4764 5.45509 4.71719 5.93834 4.31019 4.00027 3.35785 2.78145 2.38271 2.93462 2.01855 2.1433 2.90877 2.00914 1.69794 1.22367 1.19354 1.15096 0.934308 0.455642 0.393604
threshold=4.5000000000000009 0.13925000000000001 -0.13795393258426963 0.19945000000000004 -1.6509589887640448 -1.5998426966292134 29.233444943820249 -0.02005449438202243 2.5704061797752815 0.27402921348314463 0.24095730337078661 -3.2082404494382035 0.00030000000000000008 0.048750000000000009 0.091450000000000017 -0.0018685393258426883 -10.080393258426964 0.024100000000000003 0.011500000000000002 -0.47297977528089769 0.46985000000000005 -0.015320224719101131 -0.017320224719101131 0.05050000000000001 5.178052808988765 1.0000000180025095e-35 0.41254606741573041 29.104062359550564 0.38735000000000003 0.035800000000000005
decision_type=2 2 2 2 2 2 2 2 2 2 2 2 2 2 2 2 2 2 2 2 2 2 2 2 2 2 2 2 2 2
left_child=1 6 3 7 8 10 9 -2 13 11 -6 -1 -13 15 26 -4 -8 29 -19 27 22 -22 -21 -12 -16 -24 -7 28 -3 -9
right_child=2 19 4 -5 5 14 16 17 -10 -11 23 12 -14 -15 24 -17 -18 18 -20 20 21 -23 25 -25 -26 -27 -28 -29 -30 -31
leaf_value=0.00071766370198446915 -0.014261075858218904 0.00071766370198446915 -0.016772319588392062 -0.023558383880525217 0.018143509637893122 -0.0014567326079951975 0.019072832181876484 -0.00081993684368698221 0.00020481431163938305 0.00071766370198446915 0.0085797138817044413 0.0074474486559296827 0.00071766370198446915 0.00039661344267766582 -0.0069334768523511125 -0.0075272880454261715 0.0085145086153073507 -0.0098911947563290591 -0.0026391995205592954 0.00071766370198446915 -0.015749288559163688 -0.0056996505345588977 -0.001956776082812947 0.00016636512801051137 -0.0014567326079951975 -0.0056996505345588977 0.0034930981859718686 -0.0044210334414163154 -0.0024140760734943406 0.0036585500552742318
leaf_weight=134 33 138 49 49 51 38 43 38 123 206 77 385 91 44 95 127 47 75 152 69 32 30 94 30 52 64 118 37 42 33
leaf_count=134 33 138 49 49 51 38 43 38 123 206 77 385 91 44 95 127 47 75 152 69 32 30 94 30 52 64 118 37 42 33
internal_value=0 0.00156151 -0.00283103 -0.00736149 -0.000689765 0.00256094 0.00369645 -0.00496377 -0.00505879 0.00260866 0.0100693 0.00430422 0.00575787 -0.00800163 -0.0013543 -0.0101012 0.013559 -0.00353498 -0.00503523 -0.00226112 -0.00390302 -0.00884648 -0.00255283 0.00622083 -0.00490528 -0.00446034 0.00199182 -7.44405e-05 0.000717664 0.00126161
internal_weight=0 1412 1184 380 804 461 906 331 343 816 158 610 476 220 303 176 90 298 227 506 289 62 227 107 147 158 156 217 180 71
internal_count=2596 1412 1184 380 804 461 906 331 343 816 158 610 476 220 303 176 90 298 227 506 289 62 227 107 147 158 156 217 180 71
is_linear=0
shrinkage=0.03


Tree=95
num_leaves=21
num_cat=0
split_feature=0 3 8 2 14 15 16 12 12 15 0 3 1 16 6 0 17 12 6 2
split_gain=16.1814 15.6159 12.5909 11.505 8.03001 6.5009 4.95146 10.955 4.70917 3.39446 3.32589 2.70459 3.3689 2.91135 2.70151 2.35191 2.88859 1.61128 0.793565 0.654034
threshold=0.016600000000000004 0.064250000000000015 0.20000000000000004 0.13485000000000003 0.40500112359550566 -10.040871910112347 -23.769555056179737 0.070716853932585991 -1.6266842696629238 14.504220224719107 0.97905000000000009 0.37115000000000004 0.2477 30.222860674157236 0.017550000000000003 0.30040000000000006 0.052605617977528114 -1.6888820224719081 0.063600000000000018 0.00030000000000000008
decision_type=2 2 2 2 2 2 2 2 2 2 2 2 2 2 2 2 2 2 2 2
left_child=3 2 4 18 6 14 9 -8 15 -2 -4 12 13 -10 -6 -3 17 -17 -1 -7
right_child=1 8 10 -5 5 19 7 -9 11 -11 -12 -13 -14 -15 -16 16 -18 -19 -20 -21
leaf_value=-0.010766957607120275 -0.0016691251399797349 -0.0048257737528652912 -0.0061061783151667697 -0.027823876833543183 0.0098461157384400182 0.0053360332938997695 0.0074716655830981199 0.00032191914594921738 -0.0011987063653775218 0.0036811273331236022 -0.0016691251399797349 -0.0061061783151667697 -0.0061061783151667697 -0.0041912054625364119 0.021242612438897291 -0.00010245576174885099 0.011742853421498747 0.0069287745678617103 -0.0061061783151667697 0.00022121494635939597
leaf_weight=33 193 31 95 30 39 90 308 516 603 107 39 82 97 155 36 36 34 31 44 30
leaf_count=33 193 31 95 30 39 90 308 516 603 107 39 82 97 155 36 36 34 31 44 30
internal_value=0 -0.000150512 0.00187432 -0.0120618 0.00276793 0.00838775 0.00179296 0.0029944 -0.00290269 -0.00150699 -0.00610618 -0.00365004 -0.00303077 -0.00227623 0.0153164 0.00240233 0.00462086 0.00100672 -0.00610618 0.00405733
internal_weight=0 2522 1453 107 1319 195 1124 824 1069 300 134 937 855 758 75 132 101 67 77 120
internal_count=2629 2522 1453 107 1319 195 1124 824 1069 300 134 937 855 758 75 132 101 67 77 120
is_linear=0
shrinkage=0.03


Tree=96
num_leaves=24
num_cat=0
split_feature=0 3 8 6 14 18 5 5 12 13 14 6 17 17 12 5 3 5 12 3 12 6 3
split_gain=15.0417 14.7831 11.9758 10.89 7.42565 5.64211 4.78959 4.5839 4.42771 5.25372 3.21142 3.16674 2.65619 7.35096 2.64634 2.55054 2.69895 2.24131 1.71747 1.68205 1.00436 0.748846 0.411928
threshold=0.016600000000000004 0.064250000000000015 0.19900000000000004 1.0000000180025095e-35 0.40500112359550566 4.5000000000000009 0.18955000000000002 0.22620000000000004 -1.6266842696629238 2.2225887640449451 -0.13795393258426963 0.017550000000000003 0.0081797752808988895 0.012175842696629221 -0.77568426966292126 0.35940000000000005 0.28140000000000004 0.31340000000000007 1.1112595505617977 0.11670000000000001 -0.77568426966292126 0.063600000000000018 0.011100000000000002
decision_type=2 2 2 2 2 2 2 2 2 2 2 2 2 2 2 2 2 2 2 2 2 2 2
left_child=3 2 4 -1 7 11 -4 14 17 12 -9 -6 20 -14 -2 16 -11 19 -17 -3 -10 -5 -7
right_child=1 8 6 21 5 22 -8 10 9 15 -12 -13 13 -15 -16 18 -18 -19 -20 -21 -22 -23 -24
leaf_value=-0.026989160972181705 0.0026083824578966817 0.0012555449717460126 -0.0013883526182597139 -0.010443948703733358 0.0090355631713609913 0.0020904357131570576 -0.0059107572957238065 -0.0013883526182597139 -0.00094474771716555601 0.00238647587004564 0.0020812277628874947 0.021488559655845164 0.010091358608965362 -0.0048700890865323969 0.0069058537993153058 -0.0023720144894866673 -0.0023720144894866673 -0.0027901411435699887 -0.0059107572957238065 0.0086172919622007401 -0.0059107572957238065 -0.0059107572957238065 0.0057123588908177154
leaf_weight=30 137 30 40 33 40 50 134 277 61 217 465 34 35 190 211 32 66 49 53 53 283 44 65
leaf_count=30 137 30 40 33 40 50 134 277 61 217 465 34 35 190 211 32 66 49 53 53 283 44 65
internal_value=0 -0.000168651 0.00180144 -0.0116529 0.00280601 0.00829555 -0.00558272 0.00185416 -0.00284643 -0.0035711 0.000521823 0.0147572 -0.00537766 -0.00254275 0.00469494 -0.000777803 0.000590965 0.00229762 -0.00533499 0.00530123 -0.00591076 -0.00591076 0.00413761
internal_weight=0 2522 1453 107 1279 189 174 1090 1069 937 742 74 569 225 348 368 283 132 85 83 344 77 115
internal_count=2629 2522 1453 107 1279 189 174 1090 1069 937 742 74 569 225 348 368 283 132 85 83 344 77 115
is_linear=0
shrinkage=0.03


Tree=97
num_leaves=30
num_cat=0
split_feature=14 3 8 3 3 5 7 14 15 15 13 15 14 18 13 15 12 3 7 7 13 15 3 3 3 3 3 3 3
split_gain=10.0651 14.2175 10.2656 9.73736 9.69199 8.02956 7.18506 6.84702 8.28064 9.90153 9.88448 6.69566 6.10282 5.71107 5.22239 5.08131 4.71057 6.55492 4.2269 4.21727 4.13193 3.99689 3.66337 3.64713 3.40937 2.26301 2.08485 0.53316 0.129864
threshold=-0.12995393258426963 0.13455000000000003 0.20350000000000004 0.15205000000000005 0.25870000000000004 0.30845000000000006 -0.3542499999999999 -0.11695393258426963 -10.040871910112347 -0.48236685393258488 3.2241398876404497 -6.3738668539325838 -0.12032359550561793 4.5000000000000009 -3.100240449438203 17.263128089887644 0.31202921348314488 0.30960000000000004 -0.32264999999999994 -0.37284999999999996 -1.2829112359550556 -21.139350561797738 0.11275000000000002 0.26200000000000007 0.21215000000000003 0.083850000000000022 0.15055000000000004 0.035050000000000005 0.035050000000000005
decision_type=2 2 2 2 2 2 2 2 2 2 2 2 2 2 2 2 2 2 2 2 2 2 2 2 2 2 2 2 2
left_child=2 7 13 -3 5 -5 15 12 10 11 -9 -10 27 16 -11 -6 17 20 -12 22 -1 -21 28 -24 -7 -18 -23 -2 -15
right_child=1 3 -4 4 6 24 -8 8 9 14 18 -13 -14 19 -16 -17 25 -19 -20 21 -22 26 23 -25 -26 -27 -28 -29 -30
leaf_value=-0.0018610663126621926 0.006799204850641007 -0.016233704397103418 -0.016607829249696806 0.01473022073842003 -0.0066085194563999285 -0.0072628797169200813 -0.020114624302834273 0.022074889355254444 -0.00073435650520448613 0.0091194359039806789 0.0084882406276871551 -0.0093583957330488094 0.019865911906319002 -0.00048003085597883908 0.0017734705805074824 0.0070141884945332999 -0.0094901887712112269 -0.0094901887712112269 -0.00070452314402375893 -0.0094901887712112269 0.0048926124711635875 -0.0037523587711442352 0.01192689572169911 -0.001992656771714489 0.0043683122620859641 0.00030554635263979434 -0.0094901887712112269 0.0014795734528452158 -0.0037523587711442352
leaf_weight=126 39 53 48 42 138 43 30 33 394 115 97 102 35 32 359 30 58 35 84 66 231 195 32 36 48 30 30 30 38
leaf_count=126 39 53 48 42 138 43 30 33 394 115 97 102 35 32 359 30 58 35 84 66 231 195 32 36 48 30 30 30 38
internal_value=0 0.000771353 -0.00308654 -0.00429513 -0.00238352 0.00388003 -0.00659085 0.00228186 0.00163359 0.000455173 0.006975 -0.00250785 0.00966215 -0.00237255 0.00355572 -0.00417589 -0.000124497 0.00128361 0.00422199 -0.00488785 0.00250896 -0.00693619 -0.00056853 0.00455772 -0.00112775 -0.00639697 -0.00454814 0.00448632 -0.00375236
internal_weight=0 1672 957 384 331 133 198 1288 1184 970 214 496 104 909 474 168 480 392 181 429 357 291 138 68 91 88 225 69 70
internal_count=2629 1672 957 384 331 133 198 1288 1184 970 214 496 104 909 474 168 480 392 181 429 357 291 138 68 91 88 225 69 70
is_linear=0
shrinkage=0.03


Tree=98
num_leaves=24
num_cat=0
split_feature=0 2 14 14 18 15 15 14 4 14 15 12 0 12 12 12 4 14 4 14 14 6 15
split_gain=13.9527 10.3161 9.33603 10.5499 8.11796 6.67151 8.99136 8.77144 5.76512 4.92482 4.14508 4.10014 3.40738 3.21067 2.8921 2.8674 2.53384 2.05381 1.67619 1.50802 0.873378 0.724563 0.641939
threshold=0.016600000000000004 0.13485000000000003 -0.12895393258426963 -0.11695393258426963 4.5000000000000009 -10.040871910112347 -0.61430112359550548 0.40500112359550566 0.13925000000000001 -0.3100426966292133 -6.3738668539325838 0.05071685393258641 0.37145 1.1112595505617977 -0.72932752808988954 1.1377595505617999 0.19590000000000005 0.3460865168539326 0.04685000000000001 -0.15508426966292135 -0.43491348314606731 0.063600000000000018 -8.6613668539325825
decision_type=2 2 2 2 2 2 2 2 2 2 2 2 2 2 2 2 2 2 2 2 2 2 2
left_child=1 21 4 8 9 7 10 17 11 16 -7 -4 -8 -9 18 19 20 -5 -11 -6 -2 -1 -18
right_child=2 -3 3 5 15 6 12 13 -10 14 -12 -13 -14 -15 -16 -17 22 -19 -20 -21 -22 -23 -24
leaf_value=-0.010168746550652114 0.0086686732971833803 -0.026160965465009213 0.0075715115812740146 0.0033314478119198035 -0.0057020163756545594 -0.0015487831887838655 -0.0015656345791868723 0.01707477315963107 -0.00021558336913585661 0.002814865214667017 -0.0057020163756545594 0.020908056157811477 0.0035538891831748752 0.0069081962783820927 -0.0057020163756545594 0.0018784515770773093 -0.0047811895497143269 -0.0038451902260182094 -0.0028130450298247687 -0.0013876434933832464 0.0038995833983062767 -0.0057020163756545594 0.0014249622225761412
leaf_weight=33 54 30 42 76 299 486 159 47 36 84 130 41 443 69 92 45 30 68 110 85 96 44 30
leaf_count=33 54 30 42 76 299 486 159 47 36 84 130 41 443 69 92 45 30 68 110 85 96 44 30
internal_value=0 -0.0112324 -0.000171681 0.00121747 -0.00257002 0.000525589 -0.000405646 0.00488807 0.0098107 4.37106e-05 -0.00295376 0.0141594 0.00220172 0.0110274 -0.00251784 -0.00559196 0.00353229 -5.75202e-05 -0.000376218 -0.00570202 0.00561646 -0.00570202 -0.00167811
internal_weight=0 107 2522 1597 925 1478 1218 260 119 496 616 83 602 116 286 429 210 144 194 384 150 77 60
internal_count=2629 107 2522 1597 925 1478 1218 260 119 496 616 83 602 116 286 429 210 144 194 384 150 77 60
is_linear=0
shrinkage=0.03


Tree=99
num_leaves=23
num_cat=0
split_feature=0 3 8 7 16 12 14 12 13 0 15 4 5 15 0 13 15 15 14 12 12 3
split_gain=12.98 13.3875 11.1243 9.76774 6.91375 4.98661 8.48125 4.11227 4.80439 2.804 2.78253 2.52754 2.34022 2.81692 2.05644 2.79902 2.0376 3.5936 1.63506 1.55742 1.46979 0.68468
threshold=0.016600000000000004 0.064250000000000015 0.20000000000000004 -0.35199999999999992 -23.769555056179737 0.070716853932585991 0.40500112359550566 -1.6266842696629238 2.2225887640449451 0.97905000000000009 14.504220224719107 0.12895000000000004 0.35940000000000005 -12.533024719101123 0.30040000000000006 -3.7259471910112358 -7.3955247191011235 -0.48236685393258488 0.058131460674157316 1.1112595505617977 -1.6888820224719081 0.11370000000000001
decision_type=2 2 2 2 2 2 2 2 2 2 2 2 2 2 2 2 2 2 2 2 2 2
left_child=3 2 4 21 10 11 -7 14 16 -4 -2 -6 13 -10 -3 -16 -9 -18 -12 -14 -17 -1
right_child=1 7 9 -5 5 6 -8 8 12 -11 18 -13 19 -15 15 20 17 -19 -20 -21 -22 -23
leaf_value=-0.0098636844110759816 -0.0014876983764245818 -0.004529383938999907 -0.0055137989683032608 -0.025376136340200903 0.0074763594744277559 0.00036657916168752666 0.0085132378272435357 -0.0055137989683032608 -0.0022822395648981124 -0.0014876983764245818 -0.00092025948779495513 -0.00061848656059457707 -0.0022822395648981124 0.002575982817558243 0.011162006146673644 -0.00011272032292460418 -0.00040494851525140179 -0.0055137989683032608 0.0065706710223887169 -0.0055137989683032608 0.0065179567315405409 -0.0055137989683032608
leaf_weight=33 193 31 95 30 316 516 148 54 79 39 46 39 32 204 35 35 197 318 61 53 31 44
leaf_count=33 193 31 95 30 316 516 148 54 79 39 46 39 32 204 35 35 197 318 61 53 31 44
internal_value=0 -0.000179719 0.00169508 -0.0108479 0.0025384 0.0037169 0.0021824 -0.00272797 -0.00342635 -0.0055138 -0.00146457 0.00658707 -0.000755172 0.000555946 0.00222945 0.00430394 -0.00515393 -0.00358924 0.00335027 -0.00512043 0.000667092 -0.0055138
internal_weight=0 2522 1453 107 1319 1019 664 1069 937 134 300 355 368 283 132 101 569 515 107 85 66 77
internal_count=2629 2522 1453 107 1319 1019 664 1069 937 134 300 355 368 283 132 101 569 515 107 85 66 77
is_linear=0
shrinkage=0.03


Tree=100
num_leaves=15
num_cat=0
split_feature=2 5 8 4 6 3 3 2 6 16 13 16 17 15
split_gain=10.0459 7.69703 10.4524 12.3272 6.36403 4.70338 4.01715 1.76493 1.6267 1.44537 2.204 1.5997 0.607004 0.367499
threshold=0.37945000000000007 0.19505000000000003 0.19185000000000002 0.12835000000000002 0.013700000000000002 0.039250000000000007 0.0055500000000000002 0.00045000000000000004 -0.0035499999999999998 -22.692750561797705 -0.40174044943820414 26.560249438202337 0.025175842696629234 26.914562359550562
decision_type=2 2 2 2 2 2 2 2 2 2 2 2 2 2
left_child=1 9 3 8 -4 6 -6 -7 13 -1 -11 -12 -5 -3
right_child=-2 2 4 12 5 7 -8 -9 -10 10 11 -13 -14 -15
leaf_value=0.002071325020162051 -0.017268469640985131 0.00019318289895997826 -0.0088121715342320307 -0.0016849592222420943 -0.0016849592222420943 -0.0016849592222420943 -0.0058304217755444114 -0.0058304217755444114 0.002071325020162051 0.011307552625719261 0.002071325020162051 0.007479864418884972 0.00019318289895997826 0.0011322539595610146
leaf_weight=67 32 348 62 659 58 385 152 72 534 57 37 60 57 40
leaf_count=67 32 348 62 659 58 385 152 72 534 57 37 60 57 40
internal_value=0 -0.000355873 -0.00085579 0.000474164 -0.00384408 -0.00284867 -0.00583042 -0.00168496 0.00207133 0.00499844 0.00662573 0.00387456 -0.00168496 0.000193183
internal_weight=0 2588 2367 1638 729 667 210 457 922 221 154 97 716 388
internal_count=2620 2588 2367 1638 729 667 210 457 922 221 154 97 716 388
is_linear=0
shrinkage=0.03


Tree=101
num_leaves=15
num_cat=0
split_feature=2 3 4 8 3 3 3 18 16 3 3 15 5 1
split_gain=9.45557 7.33989 12.9002 9.6253 7.14567 22.4722 6.61697 6.18462 5.92929 5.51036 3.72353 3.41092 2.67687 0.338701
threshold=0.37945000000000007 0.13455000000000003 0.39680000000000004 0.19900000000000004 0.15205000000000005 0.17060000000000003 0.18280000000000005 4.5000000000000009 29.233444943820249 0.37115000000000004 0.11370000000000001 -1.6509589887640448 0.18955000000000002 0.052700000000000004
decision_type=2 2 2 2 2 2 2 2 2 2 2 2 2 2
left_child=1 2 3 7 13 -6 -7 8 -1 -8 -4 -9 -5 -3
right_child=-2 4 10 12 5 6 9 11 -10 -11 -12 -13 -14 -15
leaf_value=0.0029424774636397921 -0.016750415372662246 -0.0030130893460591324 -0.0085463582366280353 -0.00083546284952593184 0.022210301844911139 -0.0085463582366280353 -0.00015874604088243505 -0.00083546284952593184 0.011512828530750994 -0.0083497233813668182 -0.0036967657159480438 0.0021665072748833451 -0.0036967657159480438 -0.0085463582366280353
leaf_weight=791 32 32 63 41 33 58 346 331 80 94 47 394 217 61
leaf_count=791 32 32 63 41 33 58 346 331 80 94 47 394 217 61
internal_value=0 -0.000342301 0.000558244 0.00115283 -0.00317671 -0.00176445 -0.00335314 0.00202584 0.00372965 -0.00190864 -0.00854636 -2.10832e-05 -0.00369677 -0.00854636
internal_weight=0 2588 1964 1854 624 531 498 1596 871 440 110 725 258 93
internal_count=2620 2588 1964 1854 624 531 498 1596 871 440 110 725 258 93
is_linear=0
shrinkage=0.03


Tree=102
num_leaves=15
num_cat=0
split_feature=2 5 8 4 6 3 3 1 6 14 17 12 17 18
split_gain=8.87159 7.06158 9.79362 11.4701 5.82674 4.46896 3.59299 2.73722 1.53477 1.48213 1.13186 2.93492 0.611044 0.485501
threshold=0.37945000000000007 0.19505000000000003 0.19185000000000002 0.12835000000000002 0.013700000000000002 0.039250000000000007 0.0055500000000000002 0.052700000000000004 -0.0035499999999999998 0.40500112359550566 0.0062775280898876304 -0.47928314606741645 0.030277528089887654 4.5000000000000009
decision_type=2 2 2 2 2 2 2 2 2 2 2 2 2 2
left_child=1 9 3 8 -4 6 -6 -7 13 10 -1 -12 -5 -3
right_child=-2 2 4 12 5 7 -8 -9 -10 -11 11 -13 -14 -15
leaf_value=0.0019702973829678542 -0.016247903304174541 0.0010687228662021469 -0.0083012266770986411 -0.0016360006840949748 -0.0016360006840949748 -0.0016360006840949748 -0.0055290045802736118 -0.0055290045802736118 0.0019702973829678542 0.010973011655732988 0.0019702973829678542 0.010977369023416682 0.00016714834943643966 0.00016714834943643966
leaf_weight=71 32 210 62 660 58 355 152 102 534 30 67 53 56 178
leaf_count=71 32 210 62 660 58 355 152 102 534 30 67 53 56 178
internal_value=0 -0.00035455 -0.000833386 0.000453975 -0.00372598 -0.00275678 -0.005529 -0.001636 0.0019703 0.00477398 0.00380031 0.00568773 -0.001636 0.000167148
internal_weight=0 2588 2367 1638 729 667 210 457 922 221 191 120 716 388
internal_count=2620 2588 2367 1638 729 667 210 457 922 221 191 120 716 388
is_linear=0
shrinkage=0.03


Tree=103
num_leaves=16
num_cat=0
split_feature=2 3 4 8 6 1 4 6 12 3 12 8 5 4 12
split_gain=8.35052 6.74538 12.1237 8.85164 8.52756 7.18186 15.6045 6.63421 4.0494 3.34722 2.65624 2.62174 2.43447 1.65262 0.00879462
threshold=0.37945000000000007 0.13455000000000003 0.39680000000000004 0.19900000000000004 0.017900000000000003 0.051450000000000003 0.10385000000000001 0.0023000000000000004 -0.47928314606741645 0.11370000000000001 -0.93697078651685384 0.16510000000000002 0.18955000000000002 0.024400000000000002 -0.47928314606741645
decision_type=2 2 2 2 2 2 2 2 2 2 2 2 2 2 2
left_child=1 2 3 7 14 6 -6 13 -9 -4 -8 -7 -5 -1 -3
right_child=-2 4 9 12 5 11 10 8 -10 -11 -12 -13 -14 -15 -16
leaf_value=0.0014086294596740599 -0.015760465858038513 -0.0046959748853383733 -0.0080506924900702638 -0.00076809524840370396 0.016992083441959144 -0.0013252399884357191 0.0055250658204450322 0.0014086294596740599 0.0048223526929026123 -0.0034751146991215927 -0.0013252399884357191 -0.0046959748853383733 -0.0034751146991215927 -0.00076809524840370396 -0.0080506924900702638
leaf_weight=126 32 37 63 41 51 94 51 348 661 47 168 152 217 461 71
leaf_count=126 32 37 63 41 51 94 51 348 661 47 168 152 217 461 71
internal_value=0 -0.000340919 0.000522385 0.00110046 -0.00305811 -0.00134126 0.00204549 0.00193892 0.0034142 -0.00805069 -0.00132524 -0.00469597 -0.00347511 -0.00059694 -0.00805069
internal_weight=0 2588 1964 1854 624 516 270 1596 1009 110 219 246 258 587 108
internal_count=2620 2588 1964 1854 624 516 270 1596 1009 110 219 246 258 587 108
is_linear=0
shrinkage=0.03


Tree=104
num_leaves=17
num_cat=0
split_feature=0 8 5 5 6 2 4 17 17 17 12 6 0 14 14 4
split_gain=8.38815 6.84425 11.0568 5.50296 5.27788 4.68369 4.41981 2.71604 5.27934 2.13173 1.10499 1.56105 0.579034 0.170641 0.13942 0.25507
threshold=0.016600000000000004 0.19185000000000002 0.26625000000000004 0.21230000000000002 0.038850000000000003 0.00030000000000000008 0.024400000000000002 0.021285393258426991 0.0086758426966292174 0.049105617977528111 1.1112595505617977 0.018900000000000004 0.90685000000000004 0.018131460674157333 0.48391573033707874 0.27505000000000007
decision_type=2 2 2 2 2 2 2 2 2 2 2 2 2 2 2 2
left_child=4 2 5 -3 -1 7 -4 8 -2 10 -5 -12 -7 -6 -8 -16
right_child=1 3 6 9 13 12 14 -9 -10 -11 11 -13 -14 -15 15 -17
leaf_value=-0.016675558368364971 0.0074042450359136968 -0.00066868316140700982 0.002485852520568094 -0.0044566540613882582 -0.0044566540613882582 0.002485852520568094 -0.00066868316140700982 0.0053888300507858242 0.019847467024015578 -0.0023416840679363251 -0.0044566540613882582 -0.0023416840679363251 0.0053888300507858242 -0.0075043747611343858 0.00090858467958054216 -0.00066868316140700982
leaf_weight=45 122 232 200 479 33 118 940 59 41 33 37 106 48 30 66 31
leaf_count=45 122 232 200 479 33 118 940 59 41 33 37 106 48 30 66 31
internal_value=0 -0.000187387 0.000969549 -0.00230692 -0.00872592 0.00538808 -0.000416377 0.00829181 0.0105341 -0.00401468 -0.00445665 -0.00234168 0.00248585 -0.00445665 -0.000668683 0.000908585
internal_weight=0 2512 1625 887 108 388 1237 222 163 655 622 143 166 63 1037 97
internal_count=2620 2512 1625 887 108 388 1237 222 163 655 622 143 166 63 1037 97
is_linear=0
shrinkage=0.03


Tree=105
num_leaves=24
num_cat=0
split_feature=16 13 3 16 16 13 15 0 3 3 3 15 15 8 2 6 5 8 3 13 14 14 3
split_gain=13.5516 10.9887 10.9634 13.8677 7.64392 7.02657 10.1492 7.01676 6.99648 5.46777 5.31284 4.86022 4.83516 4.42823 3.69527 2.94777 2.69941 6.7444 2.77896 2.26259 2.15546 1.2037 0.884489
threshold=30.222860674157236 2.2316573033707869 0.085450000000000012 29.666444943820185 -23.769555056179737 -0.2692134831460668 -6.2368011235955043 0.74755000000000005 0.098450000000000024 0.36100000000000004 0.11245000000000001 -0.21830112359550566 14.504220224719107 0.19900000000000004 0.037300000000000007 0.033000000000000008 0.31285000000000002 0.19185000000000002 0.17060000000000003 -3.7259471910112358 -0.26054269662921331 0.090631460674157352 0.11245000000000001
decision_type=2 2 2 2 2 2 2 2 2 2 2 2 2 2 2 2 2 2 2 2 2 2 2
left_child=2 7 3 4 12 11 -7 10 -4 16 -2 -6 19 14 20 -11 17 -10 -18 -1 -3 -14 -22
right_child=1 13 8 -5 5 6 -8 -9 9 15 -12 -13 21 -15 -16 -17 18 -19 -20 -21 22 -23 -24
leaf_value=-0.00088641028397610968 -0.027995503964749247 0.0054797373756871751 -0.015202757428224021 0.021491785948164761 0.0096144703520873852 0.0021260797365361618 -0.010644268339499829 -0.0027766026748078211 0.0076763860781348357 -0.015556556989904494 -0.011541754750620671 0.0033046832977301757 0.00072571493368337131 -0.010678886053048901 -0.0060151842037293604 -0.0041486246166552634 -0.00069920886949592545 -0.00069920886949592545 -0.0049084185596718136 -0.0067213521111541647 -0.0023479204729949009 0.0068745873220121632 0.002175631792668034
leaf_weight=97 33 53 37 32 169 405 65 35 102 36 38 314 108 54 34 47 152 190 219 156 164 39 51
leaf_count=97 33 53 37 32 169 405 65 35 102 36 38 314 108 54 34 47 152 190 219 156 164 39 51
internal_value=0 -0.00529097 0.000368082 0.00197214 0.00151048 0.00297135 0.000359968 -0.01377 -0.00246923 -0.00183768 -0.0191893 0.00551246 -0.00197007 -0.00276631 -0.00135148 -0.00909664 -0.000928939 0.00122878 -0.0026272 -0.00448424 6.09117e-05 0.00235705 -0.00127489
internal_weight=0 462 2168 1385 1353 953 470 106 783 746 71 483 400 356 302 83 663 292 371 253 268 147 215
internal_count=2630 462 2168 1385 1353 953 470 106 783 746 71 483 400 356 302 83 663 292 371 253 268 147 215
is_linear=0
shrinkage=0.03


Tree=106
num_leaves=23
num_cat=0
split_feature=16 3 16 13 16 12 13 0 7 3 3 17 8 17 2 6 3 3 6 17 7 17
split_gain=12.8117 10.331 13.0481 10.3034 7.19217 7.82622 7.50338 6.60207 13.1893 6.57952 5.13964 4.98862 4.14642 4.04492 3.54839 2.77356 2.5205 6.72037 4.55235 2.02807 1.93326 1.85451
threshold=30.222860674157236 0.085450000000000012 29.666444943820185 2.2316573033707869 -23.769555056179737 0.27402921348314463 2.5704061797752815 0.74755000000000005 -0.36829999999999991 0.098450000000000024 0.36100000000000004 0.005281460674157302 0.19900000000000004 0.05910561797752812 0.037300000000000007 0.033000000000000008 0.13455000000000003 0.11275000000000002 0.017900000000000003 -0.0083202247191011252 -0.35034999999999994 -0.0022185393258427051
decision_type=2 2 2 2 2 2 2 2 2 2 2 2 2 2 2 2 2 2 2 2 2 2
left_child=1 2 4 7 13 11 -7 8 -2 -3 16 -6 14 21 19 -12 17 -11 -18 20 -5 -1
right_child=3 9 -4 12 5 6 -8 -9 -10 10 15 -13 -14 -15 -16 -17 18 -19 -20 -21 -22 -23
leaf_value=-0.0058206377308443183 -0.010653449224744748 -0.014746674652639272 0.020847032249439505 0.0017951106778258141 0.0024488783607815108 -0.0066905066267922055 0.0024718056962010448 -0.0026933046621935709 -0.034012407913804048 -0.0052124528916045916 -0.015089860102549816 0.0079719871985891762 -0.010358519229727487 0.0076818376257627571 -0.0058456535369443563 -0.0040241658489437813 -0.010607964341313792 0.0052962014491952552 -0.0011314416401118281 0.0053153453183905127 -0.0028932845971801156 -0.0013110972685928389
leaf_weight=125 41 37 32 106 318 121 240 35 30 85 36 274 54 36 34 47 52 154 372 53 109 239
leaf_count=125 41 37 32 106 318 121 240 35 30 85 36 274 54 36 34 47 52 154 372 53 109 239
internal_value=0 0.000355866 0.00191297 -0.00514652 0.00146516 0.00288221 -0.000599219 -0.0133569 -0.0186136 -0.00239841 -0.00178596 0.00500518 -0.00270186 -0.00191096 -0.00133279 -0.00882374 -0.000904908 0.00155881 -0.00229366 5.90843e-05 -0.00123665 -0.0028597
internal_weight=0 2168 1385 462 1353 953 361 106 71 783 746 592 356 400 302 83 663 239 424 268 215 364
internal_count=2630 2168 1385 462 1353 953 361 106 71 783 746 592 356 400 302 83 663 239 424 268 215 364
is_linear=0
shrinkage=0.03


Tree=107
num_leaves=23
num_cat=0
split_feature=16 13 0 8 16 0 7 8 5 2 5 7 6 14 7 13 16 0 13 14 13 4
split_gain=12.1205 9.56595 7.73144 10.6123 12.7502 6.16588 12.488 3.86952 3.66406 3.39845 3.14639 3.06246 2.12407 1.92003 1.83923 1.54529 1.69622 1.56873 1.22625 0.912241 0.652298 0.357164
threshold=30.222860674157236 2.2316573033707869 0.3040500000000001 0.19185000000000002 26.560249438202337 0.74755000000000005 -0.36829999999999991 0.19900000000000004 0.26625000000000004 0.037300000000000007 0.26625000000000004 -0.30834999999999996 0.055350000000000003 -0.26054269662921331 -0.35034999999999994 -3.7709471910112358 28.526944943820187 0.016600000000000004 -1.3398426966292136 0.28045730337078673 3.403520224719101 0.30165000000000003
decision_type=2 2 2 2 2 2 2 2 2 2 2 2 2 2 2 2 2 2 2 2 2 2
left_child=2 5 15 4 10 6 -2 9 -6 13 11 -4 -5 -3 -15 -1 17 18 -17 -12 -10 -19
right_child=1 7 3 12 8 -7 -8 -9 20 -11 19 -13 -14 14 -16 16 -18 21 -20 -21 -22 -23
leaf_value=-0.0079393745723123459 -0.010305198158483233 0.005155885073286042 0.010078930560549771 -0.0007650072914460903 0.02044424201672276 -0.0026125055008700913 -0.032992035880684854 -0.010047763903728789 0.0067811746814594679 -0.0056881835478635795 0.0013341210687565933 0.0031190442006675365 0.0013341210687565933 0.0017412573677341601 -0.002823316016156715 -0.0033814600554465573 -0.0078723903312347826 -0.0007650072914460903 -0.0098064548096216814 0.0031190442006675365 0.011944284149911253 -0.0020275182157511941
leaf_weight=49 41 53 74 534 36 35 30 54 49 34 490 186 162 106 109 33 45 142 37 84 40 207
leaf_count=49 41 53 74 534 36 35 30 54 49 34 490 186 162 106 109 33 45 142 37 84 40 207
internal_value=0 -0.00500672 0.00034519 0.00134262 0.00343325 -0.0129178 -0.0179979 -0.00265117 0.0123683 -0.0013286 0.00209406 0.00490397 -0.000765007 4.15515e-05 -0.00121919 -0.00287263 -0.00233757 -0.00174313 -0.00584188 0.00133412 0.00910167 -0.000921036
internal_weight=0 462 2168 1655 959 106 71 356 125 302 834 260 696 268 215 513 464 419 70 574 89 349
internal_count=2630 462 2168 1655 959 106 71 356 125 302 834 260 696 268 215 513 464 419 70 574 89 349
is_linear=0
shrinkage=0.03


Tree=108
num_leaves=23
num_cat=0
split_feature=16 3 16 2 8 16 12 15 3 3 17 15 3 5 3 3 3 16 8 3 14 3
split_gain=11.401 9.39529 11.8755 7.49632 7.76903 6.70451 7.36128 8.91955 6.17679 4.75774 4.61451 4.33194 3.30564 3.7465 2.31959 6.40693 4.56207 2.09271 2.01731 1.44474 1.04861 0.0668198
threshold=30.222860674157236 0.085450000000000012 29.666444943820185 0.0018500000000000003 0.19900000000000004 -23.769555056179737 0.27402921348314463 -6.2368011235955043 0.098450000000000024 0.36100000000000004 0.005281460674157302 14.504220224719107 0.21215000000000003 0.22620000000000004 0.13455000000000003 0.11275000000000002 0.15205000000000005 33.094215730337062 0.19855000000000003 0.41800000000000009 0.090631460674157352 0.0089000000000000017
decision_type=2 2 2 2 2 2 2 2 2 2 2 2 2 2 2 2 2 2 2 2 2 2
left_child=1 2 5 4 12 11 10 -8 -3 14 -7 18 13 21 15 -10 -16 -15 -1 -11 -13 -2
right_child=3 8 -4 -5 -6 6 7 -9 9 19 -12 20 -14 17 16 -17 -18 -19 -20 -21 -22 -23
leaf_value=-0.003066931736216355 0.0029966145457530559 -0.014271361121052019 0.019867783184163271 -0.01505728555598532 -0.0092473492096360761 0.0023458287448958354 0.0015372422483168392 -0.010886944471886159 -0.0051138677380650364 -0.01279200609552821 0.0076578045255219036 0.00069077800597167668 0.0062802255348387093 -0.001167016290643512 -0.0088041410096860555 0.0051467903853279189 -0.00073225307043491505 -0.0053146204610396274 -0.010266434177756309 -0.004847672601540883 0.0064298739398901275 0.00495287362858653
leaf_weight=211 33 37 32 57 71 318 298 63 85 38 274 108 44 122 77 154 347 105 42 45 39 30
leaf_count=211 33 37 32 57 71 318 298 63 85 38 274 108 44 122 77 154 347 105 42 45 39 30
internal_value=0 0.0003196 0.00180452 -0.00487103 -0.00343741 0.0013773 0.00274547 -0.000630968 -0.00230698 -0.00171357 0.00480441 -0.00188236 -0.00138189 -0.00254442 -0.000865888 0.0014976 -0.00219814 -0.00434078 -0.00426211 -0.00848484 0.0022134 0.00392817
internal_weight=0 2168 1385 462 405 1353 953 361 783 746 592 400 334 290 663 239 424 227 253 83 147 63
internal_count=2630 2168 1385 462 405 1353 953 361 783 746 592 400 334 290 663 239 424 227 253 83 147 63
is_linear=0
shrinkage=0.03


Tree=109
num_leaves=23
num_cat=0
split_feature=16 3 16 13 16 0 13 3 0 3 3 15 8 2 6 5 8 3 13 17 15 3
split_gain=10.8824 8.84003 11.1737 8.8367 6.30828 6.27926 5.95297 5.81174 5.67024 4.88071 4.47655 4.07592 3.43772 3.05027 2.55889 2.24313 6.18981 2.54586 2.16246 1.77881 0.814651 0.756912
threshold=30.222860674157236 0.085450000000000012 29.666444943820185 2.2316573033707869 -23.769555056179737 0.029800000000000004 -0.2692134831460668 0.098450000000000024 0.74755000000000005 0.11245000000000001 0.36100000000000004 14.504220224719107 0.19900000000000004 0.037300000000000007 0.033000000000000008 0.31285000000000002 0.19185000000000002 0.17060000000000003 -3.7259471910112358 -0.0083202247191011252 27.98214943820226 0.11245000000000001
decision_type=2 2 2 2 2 2 2 2 2 2 2 2 2 2 2 2 2 2 2 2 2 2
left_child=1 2 4 8 11 -6 -7 -3 9 -2 15 18 13 19 -12 16 -9 -17 -1 21 -13 -5
right_child=3 7 -4 12 5 6 -8 10 -10 -11 14 20 -14 -15 -16 17 -18 -19 -20 -21 -22 -23
leaf_value=-0.00061692961412433949 -0.02567690130661834 -0.013843220194449297 0.019271749674808235 -0.0021556540379277997 -0.0099972909382160958 0.0055069231865199674 0.0006772443453036454 0.0073355883487623511 -0.0024823302498885561 -0.0099064785759209809 -0.014249036667558054 0.0059294142336339534 -0.0094689105539065253 -0.0053597662391156814 -0.0036201900564768212 -0.00063049485925116902 -0.00063049485925116902 -0.0045922020041345522 -0.0063212902431867123 0.0049731267394743997 0.00082835140608148556 0.0020289671415572659
leaf_weight=97 33 37 32 164 34 467 452 102 35 38 36 38 54 34 47 152 190 219 156 53 109 51
leaf_count=97 33 37 32 164 34 467 452 102 35 38 36 38 54 34 47 152 190 219 156 53 109 51
internal_value=0 0.000310012 0.00175038 -0.0047612 0.00133598 0.00266311 0.0031315 -0.00223777 -0.0123648 -0.0172364 -0.00166217 -0.00182589 -0.00249722 -0.00125062 -0.00823029 -0.000839911 0.00112701 -0.002388 -0.00413424 5.04693e-05 0.00214699 -0.00116302
internal_weight=0 2168 1385 462 1353 953 919 783 106 71 746 400 356 302 83 663 292 371 253 268 147 215
internal_count=2630 2168 1385 462 1353 953 919 783 106 71 746 400 356 302 83 663 292 371 253 268 147 215
is_linear=0
shrinkage=0.03


Tree=110
num_leaves=24
num_cat=0
split_feature=16 12 7 3 0 7 16 4 3 16 12 12 14 13 3 3 7 12 3 2 3 6 1
split_gain=10.3754 11.0438 12.5806 9.21109 5.32344 5.91962 5.19737 4.48446 3.97136 4.24626 7.58116 7.84173 7.00863 4.3838 2.96911 2.77591 2.62394 2.54547 1.84528 2.09789 1.86776 1.77014 0.270244
threshold=30.222860674157236 1.1112595505617977 -0.33849999999999997 0.017750000000000005 0.27555000000000002 -0.42994999999999994 29.233444943820249 0.13925000000000001 0.37115000000000004 -23.769555056179737 0.070716853932585991 0.05071685393258641 -0.15508426966292135 -3.7259471910112358 0.016750000000000004 0.010600000000000002 -0.3088499999999999 0.80481573033707587 0.015200000000000002 0.00015000000000000004 0.1082 0.068050000000000013 0.043150000000000001
decision_type=2 2 2 2 2 2 2 2 2 2 2 2 2 2 2 2 2 2 2 2 2 2 2
left_child=6 2 4 -4 5 -2 8 16 9 12 11 -11 14 -14 -1 -12 -8 -6 22 20 -20 -10 -3
right_child=1 18 3 -5 17 -7 7 -9 21 10 15 -13 13 -15 -16 -17 -18 -19 19 -21 -22 -23 -24
leaf_value=-0.0013670656182379886 -0.0031572373315893023 0.0074354416552570553 -0.0092437108348952229 -0.024409841991636264 -0.0027442304420595364 -0.0092437108348952229 0.015766653874889014 -0.0014857382066093567 -0.01227840389034921 0.0028631260916383238 0.0024956869614279689 0.016121879651882619 0.0039047987434628695 -0.0022619855213485171 -0.0092889441535808151 -0.0017932932099887799 0.0049469628784266353 0.0074629589014275129 -0.0024289253865044441 -0.0064822895043506849 0.0055640122548485287 -0.0022950320521538908 0.0034413072555325923
leaf_weight=66 47 31 59 57 45 30 43 41 31 605 181 43 189 230 120 544 38 43 45 41 51 33 30
leaf_count=66 47 31 59 57 45 30 43 41 31 605 181 43 189 230 120 544 38 43 45 41 51 33 30
internal_value=0 -0.00429581 -0.00811959 -0.0156902 -0.0027972 -0.00855785 0.000583697 0.00659865 0.000224331 0.000462311 0.001385 0.00374295 -0.00163165 0.00051969 -0.00647795 -0.000722527 0.0106907 0.00224337 0.00113086 -0.000801662 0.00162444 -0.00713073 0.00547111
internal_weight=0 479 281 116 165 77 2164 122 2042 1978 1373 648 605 419 186 725 81 88 198 137 96 64 61
internal_count=2643 479 281 116 165 77 2164 122 2042 1978 1373 648 605 419 186 725 81 88 198 137 96 64 61
is_linear=0
shrinkage=0.03


Tree=111
num_leaves=20
num_cat=0
split_feature=0 6 16 7 12 16 14 15 15 13 12 4 12 16 2 14 7 5 6
split_gain=9.83281 8.67445 6.80563 8.55556 6.89953 5.91755 4.56031 6.22352 5.71836 4.3294 4.11396 3.65506 3.51932 2.64585 1.52728 1.22656 1.06814 0.657098 0.352278
threshold=0.0032500000000000007 0.063600000000000018 30.222860674157236 -0.42994999999999994 1.1377595505617999 24.892749438202319 -0.15508426966292135 -1.6509589887640448 -0.48236685393258488 -1.2829112359550556 0.31202921348314488 0.13925000000000001 -0.84897078651685465 29.666444943820185 0.00015000000000000004 -0.31581348314606728 -0.32264999999999994 0.35940000000000005 0.017550000000000003
decision_type=2 2 2 2 2 2 2 2 2 2 2 2 2 2 2 2 2 2 2
left_child=1 -1 5 -4 -5 6 9 12 -9 15 -11 13 -8 16 18 -2 -7 -13 -6
right_child=2 -3 3 4 14 11 7 8 -10 10 -12 17 -14 -15 -16 -17 -18 -19 -20
leaf_value=-0.020465964222066972 0.0011827538546640426 -0.0051454292171778928 0.0083160320862525079 -0.0051454292171778928 -0.00094584083438632857 0.0087489367676990733 -0.0051454292171778928 0.010367323073513079 0.0019513146964749933 0.0040373312227090759 -0.0047417251283030318 0.001973382101217606 -0.00031808489748073041 0.014636499356931528 -0.0036913289280178455 -0.0051454292171778928 0.0037964516630165099 -0.0033817291591549292 0.0017996472592451882
leaf_weight=43 32 42 51 228 43 57 61 82 638 116 82 58 672 37 52 153 79 32 85
leaf_count=43 32 42 51 228 43 57 61 82 638 116 82 58 672 37 52 153 79 32 85
internal_value=0 -0.0103313 4.04098e-05 -0.00326865 -0.00471674 0.000764021 0.000161145 0.000928769 0.0029098 -0.00275102 0.00040156 0.00497269 -0.00101713 0.00752356 0.000763395 -0.00514543 0.00558842 6.93425e-05 0.00179965
internal_weight=0 85 2558 459 408 2099 1836 1453 720 383 198 263 733 173 180 185 136 90 128
internal_count=2643 85 2558 459 408 2099 1836 1453 720 383 198 263 733 173 180 185 136 90 128
is_linear=0
shrinkage=0.03


Tree=112
num_leaves=23
num_cat=0
split_feature=16 12 8 7 0 16 17 16 18 8 12 12 14 7 7 14 3 8 7 7 3 0
split_gain=9.43454 10.1674 11.9657 7.25252 11.9516 4.66964 3.91402 7.82037 6.95523 6.85694 5.69164 5.89221 3.45944 3.18552 2.9555 2.54503 1.74647 1.35184 1.72703 0.447347 0.370437 0.146093
threshold=30.222860674157236 1.1112595505617977 0.19900000000000004 -0.42464999999999992 0.27555000000000002 29.666444943820185 0.049105617977528111 -23.769555056179737 4.5000000000000009 0.19875000000000001 0.070716853932585991 0.05071685393258641 0.48391573033707874 -0.33469999999999994 -0.32839999999999997 0.037086516853932612 0.015200000000000002 0.19900000000000004 -0.37094999999999995 -0.29794999999999994 0.064250000000000015 0.91580000000000006
decision_type=2 2 2 2 2 2 2 2 2 2 2 2 2 2 2 2 2 2 2 2 2 2
left_child=5 2 3 -2 -5 6 7 8 15 -10 11 -9 -12 -6 -8 -1 21 18 -18 -16 -20 -3
right_child=1 16 -4 4 13 -7 14 10 9 -11 12 -13 -14 -15 19 -17 17 -19 20 -21 -22 -23
leaf_value=-0.0019621052736059782 0.0046056043732768072 0.0038785679208775681 -0.023430242378411716 -0.014378785847771252 -0.0017129895711447808 0.0097992739803157737 0.012697186243083131 0.0024412373463749545 -0.0051208399145188941 -0.020455819180595778 -0.0011335476744649261 0.013567530417450419 0.0056244238640181712 -0.0082498139384444107 0.004805105309933424 0.0041218946906571678 0.0062647934981754846 -0.0064076787230442278 0.00034877856262028218 -0.00022102025830570389 -0.0028047029669986813 0.0068152688387781374
leaf_weight=235 52 31 38 31 79 48 38 623 171 31 749 46 75 81 30 84 35 30 40 34 32 30
leaf_count=235 52 31 38 31 79 48 38 623 171 31 749 46 75 81 30 84 35 30 40 34 32 30
internal_value=0 -0.0041065 -0.00777541 -0.00532733 -0.00803158 0.000546511 0.000336618 4.62524e-05 -0.00311833 -0.00747423 0.00115057 0.00320627 -0.000518441 -0.00364005 0.00606992 -0.000360049 0.0011004 -0.000779673 0.000798273 0.00213498 -0.00185906 0.00532285
internal_weight=0 479 281 243 191 2164 2116 2014 521 202 1493 669 824 160 102 319 198 137 107 64 72 61
internal_count=2643 479 281 243 191 2164 2116 2014 521 202 1493 669 824 160 102 319 198 137 107 64 72 61
is_linear=0
shrinkage=0.03


Tree=113
num_leaves=19
num_cat=0
split_feature=0 6 8 4 17 1 6 7 0 8 1 3 12 6 3 3 6 3
split_gain=9.10682 8.19906 6.02875 7.06275 5.776 5.979 4.98921 3.67952 9.7683 2.12863 1.98097 1.76296 1.3889 0.824417 0.783079 1.14424 0.763116 0.551591
threshold=0.0032500000000000007 0.063600000000000018 0.19185000000000002 0.12835000000000002 -0.012824157303370802 0.052700000000000004 0.017550000000000003 -0.30834999999999996 0.74755000000000005 0.17675000000000002 0.062400000000000004 0.30960000000000004 2.0143039325842733 -0.056649999999999992 0.11275000000000002 0.13735000000000003 0.033000000000000008 0.20650000000000004
decision_type=2 2 2 2 2 2 2 2 2 2 2 2 2 2 2 2 2 2
left_child=1 -1 3 6 12 11 9 8 -8 13 -9 -6 -4 -2 -5 -16 -14 -17
right_child=2 -3 4 14 5 -7 7 10 -10 -11 -12 -13 16 -15 15 17 -18 -19
leaf_value=-0.01982228273525834 0.0022921718751733153 -0.0049614728204397341 -0.0049614728204397341 -0.00041349161728898576 -0.00041349161728898576 -0.0049614728204397341 0.0066415047836368311 0.0066415047836368311 0.019470904194673556 0.0011900164970142745 0.0033943272533323559 -0.0026874822188643599 -0.0049614728204397341 0.0033943272533323559 0.0011900164970142745 -0.00041349161728898576 -0.00041349161728898576 0.001048129940712143
leaf_weight=43 89 42 158 306 543 75 61 153 61 436 87 69 30 103 50 59 32 246
leaf_count=43 89 42 158 306 543 75 61 153 61 436 87 69 30 103 50 59 32 246
internal_value=0 -0.0099522 2.92499e-05 0.00110873 -0.00193571 -0.000528208 0.00279352 0.00559864 0.00984081 0.00119002 0.0034422 -0.000413492 -0.00496147 0.00339433 -0.000413492 0.00119002 -0.000413492 -0.000413492
internal_weight=0 85 2558 1651 907 687 990 362 122 628 240 612 220 192 661 355 62 305
internal_count=2643 85 2558 1651 907 687 990 362 122 628 240 612 220 192 661 355 62 305
is_linear=0
shrinkage=0.03


Tree=114
num_leaves=17
num_cat=0
split_feature=0 6 8 4 17 1 5 12 7 7 3 5 5 3 3 3
split_gain=8.38681 7.7948 5.51562 6.65191 5.5439 5.6967 5.08512 3.52212 3.93432 2.06396 1.59863 1.42725 1.27455 0.747365 1.07441 0.530871
threshold=0.0032500000000000007 0.063600000000000018 0.19185000000000002 0.12835000000000002 -0.012824157303370802 0.052700000000000004 0.26625000000000004 -0.47928314606741645 -0.30834999999999996 -0.32264999999999994 0.30960000000000004 0.19715000000000002 0.34515000000000001 0.11275000000000002 0.13735000000000003 0.20650000000000004
decision_type=2 2 2 2 2 2 2 2 2 2 2 2 2 2 2 2
left_child=1 -1 3 6 11 10 7 -2 -9 12 -6 -4 -8 -5 -15 -16
right_child=2 -3 4 13 5 -7 9 8 -10 -11 -12 -13 -14 14 15 -17
leaf_value=-0.019227614377213771 0.003359416949086575 -0.0047884456649860624 -0.00042255550204340546 -0.00042255550204340546 -0.00042255550204340546 -0.0047884456649860624 0.003359416949086575 0.014554168533182657 0.0055999572894070296 0.0011252303316112288 -0.0026055005835147337 -0.0047884456649860624 0.0021059881437686138 0.0011252303316112288 -0.00042255550204340546 0.0010166860963842581
leaf_weight=43 127 42 37 306 543 75 218 61 160 159 69 183 265 50 59 246
leaf_count=43 127 42 37 306 543 75 218 61 160 159 69 183 265 50 59 246
internal_value=0 -0.00957782 9.25409e-07 0.00103344 -0.00187856 -0.000494057 0.00267302 0.0055936 0.00807148 0.00112523 -0.000422556 -0.00478845 0.00308675 -0.000422556 0.00112523 -0.000422556
internal_weight=0 85 2558 1651 907 687 990 348 221 642 612 220 483 661 355 305
internal_count=2643 85 2558 1651 907 687 990 348 221 642 612 220 483 661 355 305
is_linear=0
shrinkage=0.03


Tree=115
num_leaves=20
num_cat=0
split_feature=8 3 14 4 13 12 3 3 3 3 13 3 15 7 3 12 3 6 7
split_gain=7.04325 5.67947 8.0923 6.71505 6.65953 8.5454 5.18037 4.8425 9.07932 5.91153 6.16053 4.51893 3.55909 3.27121 3.15943 2.59683 2.17058 1.4863 0.512504
threshold=0.20715000000000003 0.13455000000000003 -0.15508426966292135 0.39680000000000004 -1.2829112359550556 0.31202921348314488 0.11275000000000002 0.15205000000000005 0.17515000000000003 0.18280000000000005 -3.8039471910112357 0.039250000000000007 -1.8483011235955054 -0.34939999999999999 0.11370000000000001 -0.16388202247190617 0.016750000000000004 0.051900000000000009 -0.30349999999999994
decision_type=2 2 2 2 2 2 2 2 2 2 2 2 2 2 2 2 2 2 2
left_child=1 2 4 6 16 15 12 17 -9 -10 -11 -7 -4 -8 -5 -6 18 -3 -1
right_child=-2 7 3 14 5 11 13 8 9 10 -12 -13 -14 -15 -16 -17 -18 -19 -20
leaf_value=0.00087770062591880564 -0.014935370996594428 -0.0076252166568537352 0.00014780679920870125 -0.0076252166568537352 0.0019958736673080625 -0.0076252166568537352 0.016973636194222395 0.011467522460490811 -0.0076252166568537352 0.0093750006974213252 -0.0027129867061873084 0.0010272043843108875 0.0033350263972327038 0.0049374304844413772 -0.0025116034261811774 0.010211800740343396 -0.0076252166568537352 -0.0012133887757293201 -0.0045400933447209274
leaf_weight=30 30 37 676 42 140 137 31 43 50 42 393 78 591 59 32 46 77 44 33
leaf_count=30 30 37 676 42 140 137 31 43 50 42 393 78 591 59 32 46 77 44 33
internal_value=0 -0.000315062 0.000466991 0.00164862 -0.00265855 -0.000680682 0.00212853 -0.00284743 -0.00174445 -0.00291582 -0.00154587 -0.00475404 0.00163451 0.00908323 -0.00715173 0.00402777 -0.00762522 -0.00762522 -0.00196019
internal_weight=0 2581 1972 1431 541 401 1357 609 528 485 435 215 1267 90 74 186 140 81 63
internal_count=2611 2581 1972 1431 541 401 1357 609 528 485 435 215 1267 90 74 186 140 81 63
is_linear=0
shrinkage=0.03


Tree=116
num_leaves=14
num_cat=0
split_feature=8 3 0 4 8 3 5 7 3 6 3 6 15
split_gain=6.61094 5.44914 7.2767 6.4188 5.72758 4.6811 17.9102 8.18237 4.39248 3.07618 3.03144 1.33029 1.21764
threshold=0.20715000000000003 0.13455000000000003 0.029800000000000004 0.39680000000000004 0.19280000000000003 0.15205000000000005 0.28340000000000004 -0.36564999999999998 0.11275000000000002 0.055350000000000003 0.25870000000000004 0.051900000000000009 -6.4344589887640451
decision_type=2 2 2 2 2 2 2 2 2 2 2 2 2
left_child=1 2 12 4 8 11 -7 10 -4 -6 -8 -3 -1
right_child=-2 5 3 -5 9 6 7 -9 -10 -11 -12 -13 -14
leaf_value=-0.007405054767783496 -0.014487310171127319 -0.007405054767783496 0.0019937674539638587 -0.0033019716102988417 -0.0010201222341237853 0.015562637509512048 0.0029264090889833932 -0.007405054767783496 0.010446296934809151 0.00068121067886889742 -0.0029440175337659999 -0.0011769870554350994 -0.0033019716102988417
leaf_weight=33 30 37 1203 87 410 49 121 129 58 143 229 44 38
leaf_count=33 30 37 1203 87 410 49 121 129 58 143 229 44 38
internal_value=0 -0.000322799 0.000443232 0.000801112 0.00126173 -0.00280328 -0.00171259 -0.00347979 0.00238254 -0.00102012 -0.000914527 -0.00740505 -0.00740505
internal_weight=0 2581 1972 1901 1814 609 528 479 1261 553 350 81 71
internal_count=2611 2581 1972 1901 1814 609 528 479 1261 553 350 81 71
is_linear=0
shrinkage=0.03


Tree=117
num_leaves=15
num_cat=0
split_feature=17 2 3 8 14 3 17 18 3 3 0 7 17 3
split_gain=7.11517 6.32625 6.22534 8.22375 4.94599 4.51348 4.10109 2.89909 2.28442 8.59993 6.70773 4.57194 3.70873 2.50878
threshold=0.05910561797752812 0.37945000000000007 0.064250000000000015 0.19900000000000004 0.39250112359550565 0.0016000000000000001 0.020281460674157318 3.5000000000000004 0.11255000000000003 0.11670000000000001 0.46205000000000002 -0.36564999999999998 -0.0076601123595505518 0.1082
decision_type=2 2 2 2 2 2 2 2 2 2 2 2 2 2
left_child=1 2 3 4 6 -5 -1 -6 10 12 -4 -11 -10 -12
right_child=-2 -3 8 5 7 -7 -8 -9 9 11 13 -13 -14 -15
leaf_value=0.0016057346482703484 0.010601255760035093 -0.01356963800102034 -0.0070559312541573875 -0.0020875853451735944 0.011018776222705267 -0.0070559312541573875 -0.0020875853451735944 0.0033776184219306894 0.01254999855724985 -0.00064619802523889686 0.0022595198442920657 -0.0056027628615645322 0.00051169277700994695 -0.0037155620742272493
leaf_weight=897 51 34 105 35 65 124 190 143 51 426 117 276 42 55
leaf_count=897 51 34 105 35 65 124 190 143 51 426 117 276 42 55
internal_value=0 -0.000715245 -0.000542225 0.000736571 0.00152714 -0.00570231 0.000716119 0.00576548 -0.00227671 -0.00145925 -0.00462286 -0.00259493 0.00711334 -0.000375193
internal_weight=0 2560 2526 1454 1295 159 1087 208 1072 795 277 702 93 172
internal_count=2611 2560 2526 1454 1295 159 1087 208 1072 795 277 702 93 172
is_linear=0
shrinkage=0.03


Tree=118
num_leaves=18
num_cat=0
split_feature=17 0 3 3 16 15 3 12 7 13 5 15 7 3 14 16 5
split_gain=6.70644 5.23542 12.9471 6.70296 4.90616 5.10632 4.06282 4.71092 3.65205 3.01124 4.71549 3.10101 3.26492 2.11263 1.37494 0.970631 0.531916
threshold=0.05910561797752812 0.0032500000000000007 0.056650000000000006 0.064250000000000015 -23.769555056179737 14.504220224719107 0.049800000000000004 0.27402921348314463 -0.33584999999999993 2.6790528089887649 0.35940000000000005 17.980628089887645 -0.42124999999999996 0.11275000000000002 0.058131460674157316 -40.50575056179769 0.22590000000000002
decision_type=2 2 2 2 2 2 2 2 2 2 2 2 2 2 2 2 2
left_child=1 2 -1 4 5 16 7 -6 -8 11 13 12 -5 -11 -7 -13 -3
right_child=-2 3 -4 9 6 14 8 -9 -10 10 -12 15 -14 -15 -16 -17 -18
leaf_value=-0.024801629517227412 0.010283218163120396 -0.00029982388895004986 -0.0040858551617075712 0.00035036550778895617 0.0034865801713381316 -0.00029952027536225769 0.016286705081438414 -0.00052590831938358225 0.002357774697205362 -0.00059865101203698898 -0.0040858551617075712 -0.00083214981015771621 -0.0040858551617075712 0.0050382295974722019 0.0065339257778986443 0.0054954518086960885 -0.0040858551617075712
leaf_weight=30 51 50 62 150 494 53 32 564 36 63 61 48 524 136 53 40 164
leaf_count=30 51 50 62 150 494 53 32 564 36 63 61 48 524 136 53 40 164
internal_value=0 -0.000703439 -0.00773021 -0.000441501 0.000872886 -0.00240506 0.00180445 0.0013476 0.00891257 -0.00230119 0.000486591 -0.0032524 -0.00394393 0.00288855 0.0031172 0.00204403 -0.00408586
internal_weight=0 2560 92 2468 1446 320 1126 1058 68 1022 260 762 674 199 106 88 214
internal_count=2611 2560 92 2468 1446 320 1126 1058 68 1022 260 762 674 199 106 88 214
is_linear=0
shrinkage=0.03


Tree=119
num_leaves=13
num_cat=0
split_feature=17 2 5 8 4 7 12 16 6 4 1 4
split_gain=6.32356 5.60619 4.48965 7.4115 7.56391 5.6981 3.23928 1.2341 0.972407 1.28076 0.667713 0.302747
threshold=0.05910561797752812 0.37945000000000007 0.19505000000000003 0.19185000000000002 0.12835000000000002 -0.34939999999999999 1.1047595505617986 -23.769555056179737 0.058650000000000008 0.010700000000000003 0.014400000000000001 0.30165000000000003
decision_type=2 2 2 2 2 2 2 2 2 2 2 2
left_child=1 2 8 4 7 -5 -7 -4 -1 10 -10 -6
right_child=-2 -3 3 5 11 6 -8 -9 9 -11 -12 -13
leaf_value=0.0013611762299583746 0.0099747215589398846 -0.012794454791240722 -0.00015007668485681415 -0.0016613295996720028 -0.00036787799117375718 -0.0066626425642699813 -0.0036659149394299242 0.0013611762299583746 0.010380297800382743 0.0030569141538739071 0.0052843949942071684 -0.0016613295996720028
leaf_weight=41 51 34 206 224 317 360 107 711 39 89 44 388
leaf_count=41 51 34 206 224 317 360 107 711 39 89 44 388
internal_value=0 -0.000693707 -0.00053083 -0.000914637 0.000193771 -0.00351643 -0.0056705 0.00136118 0.00363699 0.00475265 0.00751188 -0.00166133
internal_weight=0 2560 2526 2313 1622 691 467 917 213 172 83 705
internal_count=2611 2560 2526 2313 1622 691 467 917 213 172 83 705
is_linear=0
shrinkage=0.03


Tree=120
num_leaves=13
num_cat=0
split_feature=0 3 8 5 7 3 0 7 3 3 5 8
split_gain=7.56761 5.73754 7.14284 6.68176 5.90263 5.52943 3.44392 4.32991 3.26784 4.96149 2.41723 1.07796
threshold=0.016600000000000004 0.00090000000000000008 0.19185000000000002 0.26625000000000004 -0.34939999999999999 0.056650000000000006 0.37145 -0.32264999999999994 0.036800000000000006 0.0089000000000000017 0.19715000000000002 0.19750000000000004
decision_type=2 2 2 2 2 2 2 2 2 2 2 2
left_child=5 11 3 8 -4 -1 -5 -8 9 -3 -6 -2
right_child=1 2 4 6 10 -7 7 -9 -10 -11 -12 -13
leaf_value=-0.015851401576073839 0.010903339360028188 0.002263666763959918 -0.00077355170521348367 -0.00077355170521348367 -0.0023816711743250073 -0.0039897906434365306 0.002263666763959918 0.00035578094045031304 0.002263666763959918 0.010311586391956855 -0.0039897906434365306 0.0036965798111932894
leaf_weight=48 47 109 223 535 144 62 565 162 97 144 464 31
leaf_count=48 47 109 223 535 144 62 565 162 97 144 464 31
internal_value=0 2.94889e-05 -0.000226242 0.000938455 -0.00248556 -0.00800907 -7.87027e-05 0.00148511 0.00460604 0.00664716 -0.00398979 0.00803911
internal_weight=0 2521 2443 1612 831 110 1262 727 350 253 608 78
internal_count=2631 2521 2443 1612 831 110 1262 727 350 253 608 78
is_linear=0
shrinkage=0.03


Tree=121
num_leaves=17
num_cat=0
split_feature=0 3 8 5 7 15 3 7 3 8 2 14 3 5 3 14
split_gain=7.06939 9.00451 5.91917 5.42366 3.69974 3.19321 2.90832 4.6794 2.48497 2.38548 2.33124 1.27646 1.51554 1.06292 0.894798 0.589658
threshold=0.092950000000000019 0.046950000000000013 0.19185000000000002 0.26625000000000004 -0.34939999999999999 -5.7213932584269651 0.036800000000000006 -0.30799999999999994 0.11255000000000003 0.18520000000000003 0.0014500000000000001 0.28045730337078673 0.06795000000000001 0.21230000000000002 0.021000000000000001 0.28045730337078673
decision_type=2 2 2 2 2 2 2 2 2 2 2 2 2 2 2 2
left_child=1 5 3 6 -4 -1 7 14 11 -9 -10 -5 -13 -6 -2 -3
right_child=2 15 4 8 13 -7 -8 9 10 -11 -12 12 -14 -15 -16 -17
leaf_value=-0.019599439189411125 0.010058019085481646 -0.0022339313903015109 -0.00019444442428512258 -0.00019444442428512258 -0.0012141879072933169 -0.0073798521366092917 0.0023959859455627702 0.0089416745352430323 0.0023959859455627702 0.002638801769827003 -0.00019444442428512258 0.0023959859455627702 -0.00019444442428512258 -0.0022339313903015109 0.017325889771804211 -0.0057293713744729757
leaf_weight=39 31 163 189 620 237 38 97 45 221 177 93 145 35 419 30 52
leaf_count=39 31 163 189 620 237 38 97 45 221 177 93 145 35 419 30 52
internal_value=0 -0.00470928 0.000241416 0.0013764 -0.00176529 -0.013569 0.00447127 0.00627311 0.000320697 0.00425097 0.00239599 -0.000194444 0.00239599 -0.00223393 0.0136324 -0.00223393
internal_weight=0 292 2339 1494 845 77 380 283 1114 222 314 800 180 656 61 215
internal_count=2631 292 2339 1494 845 77 380 283 1114 222 314 800 180 656 61 215
is_linear=0
shrinkage=0.03


Tree=122
num_leaves=16
num_cat=0
split_feature=0 3 3 18 15 15 14 7 3 0 16 12 16 14 3
split_gain=6.69627 7.73445 5.4423 4.1206 5.25865 11.1551 5.56415 4.81461 4.08906 3.29803 4.55082 1.49132 0.869434 0.668358 0.486773
threshold=0.0032500000000000007 0.056650000000000006 0.00090000000000000008 4.5000000000000009 -1.6509589887640448 -0.90439325842696572 -0.15508426966292135 -0.42464999999999992 0.36100000000000004 0.3040500000000001 27.881444943820217 1.1112595505617977 30.390300000000028 -0.0049134831460674313 0.00040000000000000002
decision_type=2 2 2 2 2 2 2 2 2 2 2 2 2 2 2
left_child=1 -1 14 8 7 -6 -7 12 9 13 -11 -9 -5 -4 -2
right_child=2 -3 3 4 5 6 -8 11 -10 10 -12 -13 -14 -15 -16
leaf_value=-0.020139876919883219 0.005813243836037936 -0.0040679695211819945 -0.0038094566849935234 0.00065939661475919909 0.014290116068689112 -0.0040679695211819945 0.00098106185852495195 -0.0040679695211819945 -0.0040679695211819945 0.0011500521109473266 0.0066678003675111055 -0.00080493674737270248 0.0077088273991830648 -0.00057423651151284304 0.010631365107838063
leaf_weight=33 46 62 99 31 47 157 425 269 61 874 159 167 32 137 32
leaf_count=33 46 62 99 31 47 157 425 269 61 874 159 167 32 137 32
internal_value=0 -0.00812428 -1.16544e-05 -0.000259222 -0.001593 0.000231441 -0.000903881 -0.00389274 0.000871978 0.00126834 0.00199935 -0.00406797 0.00424006 -0.00193138 0.00778991
internal_weight=0 95 2536 2458 1128 629 582 499 1330 1269 1033 436 63 236 78
internal_count=2631 95 2536 2458 1128 629 582 499 1330 1269 1033 436 63 236 78
is_linear=0
shrinkage=0.03


Tree=123
num_leaves=15
num_cat=0
split_feature=0 3 3 8 7 5 0 7 3 3 16 0 15 15
split_gain=6.19943 7.31969 5.18591 7.05942 6.20856 6.06622 3.40242 4.33554 3.23065 4.24828 1.81802 1.6482 1.9809 0.873374
threshold=0.0032500000000000007 0.056650000000000006 0.0016000000000000001 0.19185000000000002 -0.34939999999999999 0.26625000000000004 0.37145 -0.32264999999999994 0.036800000000000006 0.0089000000000000017 -23.769555056179737 0.94475000000000009 -7.3955247191011235 17.134106741573039
decision_type=2 2 2 2 2 2 2 2 2 2 2 2 2 2
left_child=1 -1 10 5 -5 8 -7 -8 9 -4 -2 -12 -13 -6
right_child=2 -3 3 4 13 6 7 -9 -10 -11 11 12 -14 -15
leaf_value=-0.019535680497911843 -0.0006537282148089546 -0.0039318266330741654 0.0020772249923586522 -0.00097631750661060013 -0.0039318266330741654 -0.00097631750661060013 0.0020772249923586522 0.00019425043749631452 0.0020772249923586522 0.0097428991761019761 0.0012585268022182086 0.0050274607010998579 0.013279295405955053 -0.0024540720698423826
leaf_weight=33 39 62 93 223 452 550 551 145 97 144 36 49 46 111
leaf_count=33 39 62 93 223 452 550 551 145 97 144 36 49 46 111
internal_value=0 -0.00783476 -2.88939e-05 -0.000392538 -0.00271589 0.000763258 -0.000199165 0.00136482 0.00435361 0.00650115 0.00503217 0.00672492 0.00879639 -0.00393183
internal_weight=0 95 2536 2366 786 1580 1246 696 334 237 170 131 95 563
internal_count=2631 95 2536 2366 786 1580 1246 696 334 237 170 131 95 563
is_linear=0
shrinkage=0.03


Tree=124
num_leaves=27
num_cat=0
split_feature=18 15 15 14 4 13 8 7 3 7 3 12 13 17 16 12 16 4 8 3 5 13 17 3 3 3
split_gain=4.70503 6.20042 11.4067 6.26475 6.95328 5.20099 5.46299 5.06095 4.60762 3.93753 4.15059 3.77556 3.6485 3.62186 2.89836 2.9611 3.75613 3.74257 2.72315 2.50306 2.35275 2.17581 1.91796 0.446463 0.35642 0.177989
threshold=4.5000000000000009 -1.6509589887640448 -0.90439325842696572 -0.15508426966292135 0.38120000000000004 2.7514061797752798 0.20145000000000005 -0.31759999999999994 0.36100000000000004 -0.42724999999999996 0.056650000000000006 -1.6266842696629238 2.8250528089887639 0.0022775280898876264 29.666444943820185 -0.070382022471907377 10.237249438202356 0.019550000000000001 0.19575000000000001 0.016050000000000005 0.43890000000000001 -3.6674471910112358 0.039179775280898867 0.046950000000000013 0.11965000000000002 0.25665000000000004
decision_type=2 2 2 2 2 2 2 2 2 2 2 2 2 2 2 2 2 2 2 2 2 2 2 2 2 2
left_child=8 5 -3 18 11 6 9 23 14 -2 -11 -5 -9 -10 15 20 17 -17 19 -4 21 -1 -18 -7 -25 -6
right_child=1 2 3 4 25 7 -8 12 13 10 -12 -13 -14 -15 -16 16 22 -19 -20 -21 -22 -23 -24 24 -26 -27
leaf_value=-0.0006390963398958914 0.0023056489743220692 0.013864804096519946 0.0024114474288320963 0.007200509285658737 -0.010205428808927537 0.0012930372922814318 -0.018427471895702183 -0.0015646476381353551 0.00021883217617869378 -0.0037944092938991922 -0.011811167992174472 0.00059459216030034918 -0.012338531223464419 -0.014403284437270954 0.0082321150031159918 0.0041376359800675078 0.00016877910233184545 -0.0069809159806861381 -0.012156652510166167 -0.0066134502893934648 -0.0046944632693557645 0.0037257118504176717 0.0063664484549313784 0.0068062094828257192 0.0025699800604277036 -0.0069375055171549318
leaf_weight=130 52 51 42 107 30 56 31 33 30 155 91 286 44 31 51 35 444 123 45 81 40 491 50 39 33 30
leaf_count=130 52 51 42 107 30 56 31 33 30 155 91 286 44 31 51 35 444 123 45 81 40 491 50 39 33 30
internal_value=0 -0.00169155 0.000225992 -0.000894103 0.000940883 -0.00410463 -0.00644171 -0.00035391 0.000854589 -0.00519486 -0.00678034 0.00239315 -0.00643134 -0.00721208 0.00121534 0.000942794 -0.00049168 -0.00451795 -0.00584201 -0.00353178 0.00235774 0.00281198 0.000796074 0.00330204 0.0048646 -0.00857147
internal_weight=0 1206 672 621 453 534 329 205 1425 298 246 393 77 61 1364 1313 652 158 168 123 661 621 494 128 72 60
internal_count=2631 1206 672 621 453 534 329 205 1425 298 246 393 77 61 1364 1313 652 158 168 123 661 621 494 128 72 60
is_linear=0
shrinkage=0.03


Tree=125
num_leaves=26
num_cat=0
split_feature=14 3 17 12 17 14 3 3 14 3 7 17 6 6 12 4 5 7 0 7 3 13 12 3 7
split_gain=6.60844 5.56555 6.46604 4.60434 3.90187 3.51386 3.19562 3.38593 3.0226 3.25894 2.42043 7.42728 3.67553 2.03667 2.00028 1.84867 1.8347 1.79886 1.53034 0.845423 1.12276 0.828617 0.392796 0.208468 0.199433
threshold=-0.14745393258426964 0.25870000000000004 0.049105617977528111 -1.8311960674157282 -0.017054494382022441 -0.31581348314606728 0.0032500000000000007 0.21750000000000003 0.35813146067415735 0.28140000000000004 -0.34549999999999997 -0.0076601123595505518 0.012300000000000002 0.035150000000000008 -0.77568426966292126 0.31145000000000006 0.18055000000000002 -0.31149999999999994 0.82840000000000014 -0.34939999999999999 0.071700000000000014 2.7237084269662906 0.10131573033707754 0.015200000000000002 -0.32904999999999995
decision_type=2 2 2 2 2 2 2 2 2 2 2 2 2 2 2 2 2 2 2 2 2 2 2 2 2
left_child=4 2 3 24 -1 18 16 -8 9 -3 14 -12 -13 -11 -7 -16 -5 -4 19 21 -21 -6 -15 -20 -2
right_child=1 8 17 6 5 10 7 -9 -10 13 11 12 -14 22 15 -17 -18 -19 23 20 -22 -23 -24 -25 -26
leaf_value=-0.012000164235010742 -0.0055342886319849644 -0.014353886645985768 0.015870684891939161 0.0094312458768343703 0.0015691598538803834 -0.0036747492286008879 0.00015121845858511151 0.0081888421166840253 0.0017891744270713791 -0.0087970959759600779 -0.017670524700544775 -0.012445958846486931 -0.0036747492286008879 0.0019709904603660107 0.0027593110721661814 -0.0031168839219829132 0.0027990760964651902 0.0054816651605069638 0.0054662825850148996 -0.0013789481394666618 -0.0080589441545307634 -0.0013789481394666618 -0.0027070817968675065 0.0022691478748475351 -0.0089139465784484687
leaf_weight=40 30 36 30 52 53 44 1263 49 54 46 40 43 183 30 108 87 135 30 45 36 30 38 35 31 33
leaf_count=40 30 36 30 52 53 44 1263 49 54 46 40 43 183 30 108 87 135 30 45 36 30 38 35 31 33
internal_value=0 0.000428149 0.00101167 0.000640431 -0.00287446 -0.00237985 0.000974344 0.000451404 -0.00428064 -0.00651037 -0.00378595 -0.00575466 -0.00367475 -0.00396653 -0.00159484 0.000137624 0.00464332 0.0106762 0.000667721 -0.00102387 -0.00360885 0.000850952 -0.000547972 0.00416219 -0.00730459
internal_weight=0 1823 1622 1562 778 738 1499 1312 201 147 505 266 226 111 239 195 187 60 233 157 66 91 65 76 63
internal_count=2601 1823 1622 1562 778 738 1499 1312 201 147 505 266 226 111 239 195 187 60 233 157 66 91 65 76 63
is_linear=0
shrinkage=0.03


Tree=126
num_leaves=27
num_cat=0
split_feature=14 3 17 12 18 3 3 14 15 12 3 12 14 14 14 6 3 3 14 17 2 3 3 3 4 3
split_gain=6.18241 5.23663 6.08389 4.33222 3.97942 3.88593 6.06124 5.64389 3.25977 6.36507 3.04428 3.07756 2.85202 2.84397 3.09052 3.64958 2.58135 2.82516 2.07594 1.95303 1.87727 1.77405 1.7476 0.792448 0.69257 0.0399688
threshold=-0.14745393258426964 0.25870000000000004 0.049105617977528111 -1.8311960674157282 4.5000000000000009 0.11275000000000002 0.074450000000000016 -0.27054269662921332 -10.040871910112347 0.13381573033707642 0.30960000000000004 0.31202921348314488 -0.18158426966292132 0.35813146067415735 -0.030868539325842711 0.039400000000000011 0.0096500000000000023 0.0031000000000000008 0.40500112359550566 -0.0022185393258427051 1.0000000180025095e-35 0.052800000000000007 0.04200000000000001 0.042750000000000003 0.14520000000000002 0.018400000000000003
decision_type=2 2 2 2 2 2 2 2 2 2 2 2 2 2 2 2 2 2 2 2 2 2 2 2 2 2
left_child=4 2 3 25 10 6 16 -7 18 -10 11 19 -9 14 -3 -16 17 -6 -5 24 -21 -13 -18 -4 -1 -2
right_child=1 13 23 8 5 7 -8 12 9 -11 -12 21 -14 -15 15 -17 22 -19 -20 20 -22 -23 -24 -25 -26 -27
leaf_value=8.3126065958487346e-05 -0.0078531727176760473 0.00034028774253039789 0.0069081786219030621 0.0015329747741262233 -0.0066257781219402597 0.0099983536608686495 -0.018531257330129541 -0.011686065264511852 0.002118577253711769 -0.0022185626738598216 -0.0084108817750321967 -0.0085519743321463455 -0.00017097647453905368 0.0017354992580496601 -0.014750637236194542 -0.0034559465276406088 -0.010250718434226145 0.0043777853543204917 0.0071022932692245471 0.0056251147042024694 -0.00041050664222750223 0.00058244476094841951 -0.0028852581403889625 0.013803600944578647 -0.0051877004392696787 -0.00634171487079584
leaf_weight=57 31 44 30 129 42 33 36 32 739 518 42 50 49 54 52 51 89 42 113 119 76 31 43 30 37 32
leaf_count=57 31 44 30 129 42 33 36 32 739 518 42 50 49 54 52 51 89 42 113 119 76 31 43 30 37 32
internal_value=0 0.000415304 0.000981317 0.000621218 -0.00277908 -0.00505548 -0.00713461 -0.000459529 0.000945114 0.000331275 -0.000756836 0.000112001 -0.00472015 -0.00415222 -0.00631506 -0.00915812 -0.00523517 -0.001124 0.00413352 0.0015605 0.00327277 -0.00505609 -0.00785136 0.0103559 -0.00199156 -0.00708545
internal_weight=0 1823 1622 1562 778 366 252 114 1499 1257 412 370 81 201 147 103 216 84 242 289 195 81 132 60 94 63
internal_count=2601 1823 1622 1562 778 366 252 114 1499 1257 412 370 81 201 147 103 216 84 242 289 195 81 132 60 94 63
is_linear=0
shrinkage=0.03


Tree=127
num_leaves=23
num_cat=0
split_feature=14 8 0 3 3 5 7 3 7 4 3 8 6 6 14 18 7 17 4 13 6 8
split_gain=5.81703 5.93852 5.03904 4.97873 11.5669 11.7526 6.43116 6.2006 11.1038 7.00471 5.46764 4.81445 4.62002 4.19204 3.51534 4.23473 3.4629 2.85928 1.55001 0.990903 0.984001 0.485082
threshold=-0.14745393258426964 0.19900000000000004 0.86180000000000012 0.13615000000000002 0.15205000000000005 0.28340000000000004 -0.38239999999999991 0.11425 -0.32419999999999999 0.39680000000000004 0.25870000000000004 0.20290000000000002 0.018900000000000004 0.019600000000000003 -0.27054269662921332 4.5000000000000009 -0.32869999999999994 0.023074157303370816 0.43420000000000009 2.2742084269662919 0.022750000000000003 0.19110000000000002
decision_type=2 2 2 2 2 2 2 2 2 2 2 2 2 2 2 2 2 2 2 2 2 2
left_child=1 2 16 7 -5 -6 10 9 12 11 -7 17 -9 -8 -3 -16 18 -2 20 21 -1 -4
right_child=3 14 19 4 5 6 13 8 -10 -11 -12 -13 -14 -15 15 -17 -18 -19 -20 -21 -22 -23
leaf_value=-0.0016643949101102227 0.0021293612034074092 -0.0051176449571506948 0.0034196859576482454 -0.017253640157625427 0.014759316578364143 0.0060347036664648397 -0.015565044929946611 0.0082115134108811626 -0.0072596319284169908 -0.010134878343042846 -0.0031241781638063331 -0.0045169876726207309 0.022952271776814612 -0.0041982774132915401 -0.005400462033227086 -0.020760632714946818 -0.0051176449571506948 -0.0014907817722744326 -0.0031857512754955128 0.0066294449786929522 0.00010417465356260758 0.00010417465356260758
leaf_weight=179 1037 60 58 43 39 71 46 50 31 52 141 56 31 60 30 35 142 166 63 51 116 44
leaf_count=179 1037 60 58 43 39 71 46 50 31 52 141 56 31 60 30 35 142 166 63 51 116 44
internal_value=0 -0.00269571 -0.00154896 0.000402845 -0.00255421 -0.000783691 -0.00268991 0.00123406 0.00800935 0.000655243 0.000326827 0.0011009 0.013853 -0.00872338 -0.00868633 -0.0136713 -0.00300676 0.00153542 -0.00125386 0.00321511 -0.000143039 0.00150794
internal_weight=0 778 653 1823 400 357 318 1423 112 1311 212 1259 81 106 125 65 500 1203 358 153 295 102
internal_count=2601 778 653 1823 400 357 318 1423 112 1311 212 1259 81 106 125 65 500 1203 358 153 295 102
is_linear=0
shrinkage=0.03


Tree=128
num_leaves=19
num_cat=0
split_feature=15 8 8 17 0 3 3 6 3 16 15 7 15 8 4 12 15 3
split_gain=5.2991 6.82458 5.51202 10.8087 4.53483 4.375 7.59867 6.92398 5.33132 3.50459 3.28943 3.02898 2.09873 1.87105 1.77491 0.608072 0.539881 0.303531
threshold=-21.139350561797738 0.18310000000000001 0.20400000000000004 -0.011820224719101128 0.27555000000000002 0.13615000000000002 0.11425 0.027200000000000005 0.085450000000000012 -23.769555056179737 17.263128089887644 -0.32419999999999999 24.618062359550567 0.16510000000000002 0.57935000000000014 0.27402921348314463 -8.6613668539325825 0.23790000000000003
decision_type=2 2 2 2 2 2 2 2 2 2 2 2 2 2 2 2 2 2
left_child=1 4 5 -4 -1 6 8 11 9 -2 13 -8 -12 14 -7 -10 -15 -14
right_child=2 -3 3 -5 -6 10 7 -9 15 -11 12 -13 17 16 -16 -17 -18 -19
leaf_value=-0.0092985688766034757 -0.0016455939011456803 -0.017857977015099356 -0.021679779294539583 -0.0034025878696038892 0.0049911193876731683 0.0050810269584112304 0.0078345976490527391 0.020252064353516022 -0.0034025878696038892 0.0016662875047158143 0.0093858110718429075 -0.0034025878696038892 -0.0024126309838611629 -0.0012119878624149468 -0.0012119878624149468 0.00061889123907101081 -0.0034025878696038892 0.0016732207189003626
leaf_weight=39 383 35 33 74 41 51 60 31 95 1154 30 32 30 94 37 66 280 36
leaf_count=39 383 35 33 74 41 51 60 31 95 1154 30 32 30 94 37 66 280 36
internal_value=0 -0.00680902 -0.000221941 -0.00688282 -0.0019751 7.76448e-05 0.000789801 0.00799011 0.000268223 0.000841011 -0.00224643 0.00385837 0.00280658 -0.00329641 0.000978612 -0.00340259 -0.00340259 -0.000183985
internal_weight=0 115 2486 107 80 2379 1821 123 1698 1537 558 92 96 462 88 161 374 66
internal_count=2601 115 2486 107 80 2379 1821 123 1698 1537 558 92 96 462 88 161 374 66
is_linear=0
shrinkage=0.03


Tree=129
num_leaves=24
num_cat=0
split_feature=14 8 0 3 17 17 8 2 7 14 18 1 14 13 14 7 8 13 13 8 4 7 6
split_gain=5.32433 5.42665 4.72061 4.61301 5.82722 3.9185 3.78828 3.50448 3.32798 3.26946 3.96112 2.69601 3.78463 2.03774 1.69339 1.62733 1.61584 1.32542 0.934531 0.45765 0.434111 0.280132 0.0720792
threshold=-0.14745393258426964 0.19900000000000004 0.86180000000000012 0.25870000000000004 0.049105617977528111 0.045945505617977535 0.20425000000000001 0.00045000000000000004 -0.42124999999999996 -0.27054269662921332 4.5000000000000009 0.093100000000000002 0.35813146067415735 1.0000000180025095e-35 -0.030868539325842711 -0.31149999999999994 0.18255000000000002 1.0000000180025095e-35 2.2742084269662919 0.19110000000000002 0.020150000000000005 -0.31759999999999994 0.04370000000000001
decision_type=2 2 2 2 2 2 2 2 2 2 2 2 2 2 2 2 2 2 2 2 2 2 2
left_child=1 2 8 4 5 6 7 -2 -1 -3 -11 12 14 20 -5 -6 -7 -8 19 -4 -10 -15 -16
right_child=3 9 18 11 15 16 17 -9 13 10 -12 -13 -14 21 22 -17 -18 -19 -20 -21 -22 -23 -24
leaf_value=0.00010921120298315316 0.0019207138256966071 -0.0049022563816840357 0.0033219173912697564 0.0018180226180702448 0.015023950587958095 -0.0021923126110976392 -0.0025170571912300583 -0.0018055758532136677 -0.0021104578262409741 -0.0051280048163607718 -0.019983671955764296 -0.0092997279902130858 0.0064324100364587808 -0.0021104578262409741 -0.0054848587864444742 0.0051426653135567902 -0.011812281148973851 -0.010463606613603505 0.0064360416220391502 0.00010921120298315316 -0.0049022563816840357 -0.0049022563816840357 -0.002404940622227807
leaf_weight=118 1151 60 58 30 30 33 32 283 31 30 35 59 38 110 43 30 30 33 51 44 209 32 31
leaf_count=118 1151 60 58 30 30 33 32 283 31 30 35 59 38 110 43 30 30 33 51 44 209 32 31
internal_value=0 -0.00258705 -0.00149083 0.000377378 0.000908621 0.0005562 0.000864243 0.00118533 -0.00290183 -0.00831368 -0.0131272 -0.00390956 -0.00166999 -0.00433013 -0.00463048 0.0100833 -0.00677325 -0.00621944 0.00312025 0.00146235 -0.00490226 -0.00211046 -0.00548486
internal_weight=0 778 653 1823 1622 1562 1499 1434 500 125 65 201 142 382 104 60 63 65 153 102 240 142 74
internal_count=2601 778 653 1823 1622 1562 1499 1434 500 125 65 201 142 382 104 60 63 65 153 102 240 142 74
is_linear=0
shrinkage=0.03


Tree=130
num_leaves=22
num_cat=0
split_feature=3 3 8 0 6 7 4 7 17 3 3 3 17 3 17 6 3 3 3 17 17
split_gain=4.8202 9.17965 26.9332 21.3166 6.51812 10.4864 5.46705 8.82631 8.76327 6.62212 6.07988 2.98308 2.28355 3.9932 2.04929 1.99776 1.93872 1.80023 1.77301 1.5092 0.804256
threshold=0.13455000000000003 0.15205000000000005 0.19185000000000002 0.71345000000000003 0.017900000000000003 -0.36204999999999993 0.39680000000000004 -0.32904999999999995 -0.0048241573033707954 0.11370000000000001 0.11425 0.042750000000000003 -0.021820224719101108 0.046950000000000013 -0.022824157303370781 0.027200000000000005 0.0070500000000000007 0.41800000000000009 0.004850000000000001 0.020281460674157318 0.030277528089887654
decision_type=2 2 2 2 2 2 2 2 2 2 2 2 2 2 2 2 2 2 2 2 2
left_child=6 2 -2 4 5 -3 7 10 18 -8 12 19 13 -1 -6 -12 -14 -16 -9 -10 -13
right_child=1 3 -4 -5 14 -7 9 8 11 -11 15 20 16 -15 17 -17 -18 -19 -20 -21 -22
leaf_value=0.0018472489453715219 0.0014655533205742747 -0.0054270211789249016 -0.032383980965789629 0.022019402503638583 0.0060171763811792643 -0.021403032570855098 -0.014394197678193449 0.0013424683931642239 0.0013424683931642239 -0.0028072549407354569 0.0075371370793630675 -0.0028072549407354569 0.0061795788739890424 0.01336745016525189 -0.00075312872736864138 0.017531533643603322 0.0013424683931642239 -0.0054270211789249016 -0.0028072549407354569 -0.0020524318263131537 0.0013424683931642239
leaf_weight=68 56 44 34 34 35 44 54 75 355 39 45 87 79 45 318 30 493 43 402 199 32
leaf_count=68 56 44 34 34 35 44 54 75 355 39 45 87 79 45 318 30 493 43 402 199 32
internal_value=0 -0.00247851 -0.011322 -0.000941985 -0.00255497 -0.00994024 0.000571247 0.000917092 -0.000740784 -0.0065316 0.00342572 0.00134247 0.00253786 0.00643494 -0.000913806 0.0115349 0.00176798 -0.00158578 -0.00280725 0.00134247 -0.00280725
internal_weight=0 608 90 518 484 88 2003 1910 1150 93 760 673 685 113 396 75 572 361 477 554 119
internal_count=2611 608 90 518 484 88 2003 1910 1150 93 760 673 685 113 396 75 572 361 477 554 119
is_linear=0
shrinkage=0.03


Tree=131
num_leaves=24
num_cat=0
split_feature=3 3 8 0 3 14 3 4 3 8 15 7 8 6 7 14 14 0 8 12 15 14 7
split_gain=4.52479 8.65763 25.3414 20.0352 6.37644 5.90175 5.05063 6.32558 4.98756 4.92756 4.72797 4.66151 3.26199 4.48776 3.1695 2.79296 2.77223 3.28067 2.38933 1.96325 1.84199 1.47841 0.768203
threshold=0.13455000000000003 0.15205000000000005 0.19185000000000002 0.71345000000000003 0.18280000000000005 -0.13795393258426963 0.11425 0.39680000000000004 0.26600000000000007 0.20350000000000004 -0.21830112359550566 -0.36204999999999993 0.19280000000000003 0.055350000000000003 -0.3088499999999999 -0.33454269662921338 -0.31581348314606728 0.37145 0.19080000000000003 -0.82332752808988896 10.228291011235957 -0.17582359550561785 -0.32784999999999992
decision_type=2 2 2 2 2 2 2 2 2 2 2 2 2 2 2 2 2 2 2 2 2 2 2
left_child=5 2 -2 4 11 9 7 12 20 16 -8 -3 14 -14 -7 -10 17 -1 21 -20 -6 -18 -19
right_child=1 3 -4 -5 8 6 10 -9 15 -11 -12 -13 13 -15 -16 -17 18 22 19 -21 -22 -23 -24
leaf_value=-0.0065417530064416276 0.001421586688167216 -0.0042288948434659026 -0.03141246218015166 0.021358820545103619 0.0015536516879934188 0.0038126102253135306 0.0027940476393737528 -0.010018925444138321 0.0052770340954884885 -0.012618176760151983 0.016154467681422827 -0.019417155230598102 -0.0035757767368699064 0.00084107267546598555 0.00084107267546598555 -0.0044296018273112681 0.00035294962864693087 0.0070588196888566011 -0.0034898372318436432 -0.0069032295404257401 0.0093779139301261374 -0.0034898372318436432 0.0023738790697285109
leaf_weight=34 56 44 34 34 101 610 59 44 30 36 40 31 260 96 263 241 207 45 49 79 37 76 105
leaf_count=34 56 44 34 34 101 610 59 44 30 36 40 31 260 96 263 241 207 45 49 79 37 76 105
internal_value=0 -0.00239398 -0.0109824 -0.000901785 -0.00246555 0.000560844 0.0016652 0.0011576 -0.000991006 -0.00184038 0.0081922 -0.0105067 0.00155774 -0.000862563 0.00254471 -0.00335507 -0.00118828 0.0018722 -0.00255842 -0.00595958 0.00365146 -0.00102009 0.00377936
internal_weight=0 608 90 518 484 2003 1372 1273 409 631 99 75 1229 356 873 271 595 184 411 128 138 283 150
internal_count=2611 608 90 518 484 2003 1372 1273 409 631 99 75 1229 356 873 271 595 184 411 128 138 283 150
is_linear=0
shrinkage=0.03


Tree=132
num_leaves=25
num_cat=0
split_feature=3 3 8 0 3 14 3 4 18 8 15 3 7 17 2 17 14 17 12 0 7 6 0 12
split_gain=4.26065 8.14597 23.8437 18.8512 5.9996 5.59068 4.78661 6.522 4.77627 12.7926 4.77387 4.6928 4.38601 4.01494 2.9841 3.47516 2.62789 2.29832 2.28118 2.06728 1.6719 3.64765 1.90553 1.38482
threshold=0.13455000000000003 0.15205000000000005 0.19185000000000002 0.71345000000000003 0.18280000000000005 -0.13795393258426963 0.11275000000000002 0.39680000000000004 4.5000000000000009 0.19655000000000003 -0.21830112359550566 0.26600000000000007 -0.36204999999999993 -0.0013202247191011205 0.27755000000000002 0.023074157303370816 -0.33454269662921338 0.019175842696629228 0.31202921348314488 0.46205000000000002 -0.33669999999999994 0.012300000000000002 0.37145 -0.47928314606741645
decision_type=2 2 2 2 2 2 2 2 2 2 2 2 2 2 2 2 2 2 2 2 2 2 2 2
left_child=5 2 -2 4 12 8 7 14 18 20 13 17 -3 -8 15 -7 -13 -6 19 -1 22 -22 -10 -21
right_child=1 3 -4 -5 11 6 10 -9 9 -11 -12 16 -14 -15 -16 -17 -18 -19 -20 23 21 -23 -24 -25
leaf_value=-0.0033914252556860444 0.001378939196594209 -0.0041020279369232329 -0.030470087925958282 0.02071805578382576 0.0014117348251133182 0.0023443471620229329 0.0080496455356478692 -0.011717471234500407 -0.001256460069099023 -0.018121910597770831 0.013921788001639976 0.0051187231233343483 -0.018834640441101884 -0.0060459675378496608 -0.0051492222363941362 -0.0017374785806312351 -0.0042967138242138801 0.009163237779767297 -0.004851205769368319 0.00061854371035714511 -0.0098935522561872571 -0.001256460069099023 0.0056897416011411316 0.0052742270456080358
leaf_weight=58 56 44 34 34 107 1010 44 35 49 52 54 30 31 31 31 167 241 31 58 115 45 90 49 115
leaf_count=58 56 44 34 34 107 1010 44 35 49 52 54 30 31 31 31 167 241 31 58 115 45 90 49 115
internal_value=0 -0.00232216 -0.0106529 -0.000874732 -0.00239158 0.00054512 0.00161998 0.00104913 -0.00179197 -0.00466782 0.00712043 -0.000961276 -0.0101915 0.00222346 0.00141903 0.00167427 -0.00325441 0.00354192 0.000576867 0.00167002 -0.00166519 -0.00383038 0.00131746 0.00294639
internal_weight=0 608 90 518 484 2003 1372 1243 631 285 129 409 75 75 1208 1177 271 138 346 288 233 135 98 230
internal_count=2611 608 90 518 484 2003 1372 1243 631 285 129 409 75 75 1208 1177 271 138 346 288 233 135 98 230
is_linear=0
shrinkage=0.03


Tree=133
num_leaves=25
num_cat=0
split_feature=3 3 8 0 3 14 3 4 18 8 3 15 3 8 1 14 1 17 12 13 4 8 12 3
split_gain=3.9904 7.66956 22.4346 17.7318 5.64998 5.2532 4.5123 5.67445 4.50272 12.1662 4.43109 4.21272 4.1268 2.96372 2.61663 2.47258 2.46958 2.18217 2.14637 2.37679 3.2628 1.2548 1.39021 0.340003
threshold=0.13455000000000003 0.15205000000000005 0.19185000000000002 0.71345000000000003 0.18280000000000005 -0.13795393258426963 0.11425 0.39680000000000004 4.5000000000000009 0.19900000000000004 0.26600000000000007 -0.21830112359550566 0.17570000000000005 0.19280000000000003 0.034700000000000009 -0.33454269662921338 0.062400000000000004 0.019175842696629228 0.31202921348314488 -1.2829112359550556 0.14520000000000002 0.19080000000000003 0.84248988764045241 0.010600000000000002
decision_type=2 2 2 2 2 2 2 2 2 2 2 2 2 2 2 2 2 2 2 2 2 2 2 2
left_child=5 2 -2 4 12 8 7 13 18 21 17 -8 -3 16 -15 -12 -7 -6 19 23 -21 22 -10 -1
right_child=1 3 -4 -5 10 6 11 -9 9 -11 15 -13 -14 14 -16 -17 -18 -19 -20 20 -22 -23 -24 -25
leaf_value=0.00035500150098574949 0.0013375710213689932 -0.0039789672678505828 -0.02955598564380232 0.020096514286363828 0.0013693828024753483 0.0058011860943316847 0.0026407510975091637 -0.0094985396973788737 -0.0030750105562111158 -0.021373940344680757 0.0049651614241302015 0.015252179939299821 -0.018269601507946067 0.00078300603174231097 -0.004016210399370345 -0.0041678123612196426 0.0016568163446520317 0.0088900040118498162 -0.0047056696473235455 0.0054908800201819222 -0.0047834215893903199 -0.0060779008427802551 0.0021836828879297594 -0.0033283785116205466
leaf_weight=34 56 44 34 34 107 158 59 44 119 34 30 40 31 236 120 241 715 31 58 153 34 59 73 67
leaf_count=34 56 44 34 34 107 158 59 44 119 34 30 40 31 236 120 241 715 31 58 153 34 59 73 67
internal_value=0 -0.00224985 -0.0103333 -0.000845381 -0.00231651 0.000525011 0.00156692 0.00108714 -0.00174044 -0.00453273 -0.000928501 0.00773628 -0.00988576 0.00146612 -0.000840873 -0.00315678 0.00240689 0.00344733 0.000559561 0.00161992 0.00362283 -0.00225145 -0.00107561 -0.00208843
internal_weight=0 608 90 518 484 2003 1372 1273 631 285 409 99 75 1229 356 271 873 138 346 288 187 251 192 101
internal_count=2611 608 90 518 484 2003 1372 1273 631 285 409 99 75 1229 356 271 873 138 346 288 187 251 192 101
is_linear=0
shrinkage=0.03


Tree=134
num_leaves=25
num_cat=0
split_feature=3 3 4 6 6 7 14 3 4 15 13 18 7 6 7 2 14 12 15 4 12 13 4 7
split_gain=3.7471 7.22116 16.6787 9.28586 5.45468 9.48668 4.94259 4.31533 5.8189 4.28368 4.71874 4.23661 4.86282 3.65722 3.92597 2.81377 2.20742 2.16115 2.05176 2.28153 2.01952 2.23632 3.06997 0.562838
threshold=0.13455000000000003 0.15205000000000005 0.071050000000000016 0.051900000000000009 0.017900000000000003 -0.36204999999999993 -0.13795393258426963 0.11275000000000002 0.39680000000000004 -0.21830112359550566 2.2225887640449451 4.5000000000000009 -0.33669999999999994 0.045500000000000006 -0.30749999999999994 0.27755000000000002 0.39250112359550565 0.80481573033707587 -12.580524719101122 0.48930000000000007 0.31202921348314488 -1.2829112359550556 0.14520000000000002 -0.3088499999999999
decision_type=2 2 2 2 2 2 2 2 2 2 2 2 2 2 2 2 2 2 2 2 2 2 2 2
left_child=6 3 -3 -2 5 -4 11 8 15 10 -9 20 17 14 -14 16 -8 -13 -6 -20 21 23 -23 -1
right_child=1 2 4 -5 18 -7 7 9 -10 -11 -12 12 13 -15 -16 -17 -18 -19 19 -21 -22 22 -24 -25
leaf_value=-0.00032297754762112163 -0.021042881281330035 0.019493618703940334 -0.0048710206512248885 -0.0015966114609995308 0.0063037983766373457 -0.019975243008018215 0.00086674803559502994 -0.005321501238933323 -0.011080990864762236 0.013185239575751538 0.0097297352013757093 -0.0033278308535615603 -0.0069546723141927138 -0.0033278308535615603 -0.016582939250902696 -0.0048768761528141637 0.0039527977185196683 0.0045670495756854439 -0.00016354812595954608 -0.0048710206512248885 -0.0045644995605508831 0.0053261536142021858 -0.0046399190435733864 -0.0049711570357022852
leaf_weight=64 39 34 44 51 34 44 906 38 35 54 37 46 64 61 55 31 271 59 289 73 58 153 34 37
leaf_count=64 39 34 44 51 34 44 906 38 35 54 37 46 64 61 55 31 271 59 289 73 58 153 34 37
internal_value=0 -0.00217971 -0.000816915 -0.0100233 -0.00224369 -0.00899969 0.000509228 0.00151987 0.000977852 0.00674253 0.00210378 -0.00168823 -0.00439675 -0.00738971 -0.0105815 0.00132724 0.0015773 0.000734048 -0.000742355 -0.00140415 0.000542774 0.00157132 0.00351414 -0.00202578
internal_weight=0 608 518 90 484 88 2003 1372 1243 129 75 631 285 180 119 1208 1177 105 396 362 346 288 187 101
internal_count=2611 608 518 90 484 88 2003 1372 1243 129 75 631 285 180 119 1208 1177 105 396 362 346 288 187 101
is_linear=0
shrinkage=0.03


Tree=135
num_leaves=22
num_cat=0
split_feature=8 7 3 14 12 3 14 3 3 17 7 14 17 2 6 7 12 6 4 17 17
split_gain=4.3361 8.57997 3.46317 3.71525 4.38618 3.96673 3.70797 3.47781 7.23208 3.87004 3.61383 3.54531 3.06848 2.32099 1.50511 1.11964 0.916423 0.758066 0.731088 0.517707 0.514641
threshold=0.20425000000000001 -0.30749999999999994 0.064250000000000015 0.39250112359550565 0.31202921348314488 0.038500000000000006 0.27495730337078667 0.11255000000000003 0.11670000000000001 -0.0013202247191011205 -0.34824999999999995 -0.13795393258426963 0.005281460674157302 0.00030000000000000008 0.054100000000000002 -0.3088499999999999 2.0143039325842733 0.058650000000000008 0.27430000000000004 -0.017054494382022441 0.016777528089887642
decision_type=2 2 2 2 2 2 2 2 2 2 2 2 2 2 2 2 2 2 2 2 2
left_child=2 -2 3 4 6 14 12 20 9 18 11 -10 -1 15 -6 16 -5 -17 -9 -7 -4
right_child=1 -3 7 13 5 19 -8 8 10 -11 -12 -13 -14 -15 -16 17 -18 -19 -20 -21 -22
leaf_value=0.00051386747859847063 -0.0031127178709917666 -0.017203568135472861 -0.0031127178709917666 0.010971355984296619 -0.0031127178709917666 0.0069927838237901375 -0.0031127178709917666 0.014200146113123211 0.0035636774152620226 -0.001446796600939706 -0.0031127178709917666 -0.0014901582516168097 0.0043161227655389503 -0.00045812812691033513 0.0030175108106258062 0.003016760616128402 0.0061813696648060773 0.0061813696648060773 0.0081517906366167844 0.0016763431628351098 0.0010123964070397266
leaf_weight=428 55 44 217 61 243 34 73 35 181 32 162 363 345 59 42 41 30 30 37 32 51
leaf_count=428 55 44 217 61 243 34 73 35 181 32 162 363 345 59 42 41 30 30 37 32 51
internal_value=0 -0.0063136 8.81661e-05 0.0010625 0.000402678 -0.00241667 0.00157241 -0.00119347 -0.000151893 0.00723388 -0.00123988 0.000132401 0.00221086 0.00463628 -0.00311272 0.00649165 0.00869464 0.0036681 0.011092 0.00441512 -0.00311272
internal_weight=0 99 2496 1418 1197 351 846 1078 810 104 706 544 773 221 285 162 91 71 72 66 268
internal_count=2595 99 2496 1418 1197 351 846 1078 810 104 706 544 773 221 285 162 91 71 72 66 268
is_linear=0
shrinkage=0.03


Tree=136
num_leaves=16
num_cat=0
split_feature=8 7 4 14 7 1 17 17 7 4 1 8 7 7 17
split_gain=3.93226 8.15832 2.96197 3.02939 2.69973 4.04622 1.44483 5.52469 3.80795 0.936662 0.622541 0.464776 0.40821 0.396327 0.203825
threshold=0.20425000000000001 -0.30749999999999994 0.030100000000000005 0.40500112359550566 -0.33849999999999997 0.052700000000000004 0.0022775280898876264 0.021285393258426991 -0.30524999999999997 0.46985000000000005 0.29910000000000009 0.19280000000000003 -0.33669999999999994 -0.3088499999999999 -0.0067146067415730362
decision_type=2 2 2 2 2 2 2 2 2 2 2 2 2 2 2
left_child=2 -2 3 6 9 -6 12 8 -8 10 -4 13 -1 -5 -11
right_child=1 -3 4 11 5 -7 7 -9 -10 14 -12 -13 -14 -15 -16
leaf_value=0.0049694431386888022 -0.0029841592668034618 -0.01668746106653006 0.00053770499295388758 0.0096617730527317949 -0.00097208634660840825 -0.0029841592668034618 0.015356860295869409 0.00053770499295388758 0.00433137203579267 -0.00097208634660840825 -0.00021719067682726033 0.0033704297734244216 0.00053770499295388758 0.0055672004888170914 -0.00021719067682726033
leaf_weight=45 55 44 621 42 362 254 36 126 130 110 326 31 288 30 95
leaf_count=45 55 44 621 42 362 254 36 126 130 110 326 31 288 30 95
internal_value=0 -0.00603234 6.40238e-05 0.00167454 -0.00059913 -0.00220229 0.000888921 0.00270963 0.00672244 0.000258113 0.000537705 0.00644164 0.000537705 0.00776397 -0.000972086
internal_weight=0 99 2496 728 1768 616 625 292 166 1152 947 103 333 72 205
internal_count=2595 99 2496 728 1768 616 625 292 166 1152 947 103 333 72 205
is_linear=0
shrinkage=0.03


Tree=137
num_leaves=19
num_cat=0
split_feature=8 7 3 3 7 3 3 8 12 6 8 7 17 4 16 1 3 17
split_gain=3.57019 7.76062 3.18888 3.3087 4.90053 3.16537 6.83274 3.27077 3.67377 3.11169 4.09936 3.23805 2.94419 2.86046 1.77395 1.28647 0.650618 0.255422
threshold=0.20425000000000001 -0.30749999999999994 0.064250000000000015 0.049800000000000004 -0.35199999999999992 0.11255000000000003 0.11585000000000002 0.16485000000000002 -0.19338202247190669 0.055350000000000003 0.19410000000000002 -0.3088499999999999 -0.004324157303370795 0.47870000000000007 29.233444943820249 0.010500000000000001 0.0012500000000000002 0.016777528089887642
decision_type=2 2 2 2 2 2 2 2 2 2 2 2 2 2 2 2 2 2
left_child=2 -2 3 9 -5 17 12 13 -9 10 11 -1 -7 -8 15 -11 -12 -4
right_child=1 -3 5 4 -6 6 7 8 -10 14 16 -13 -14 -15 -16 -17 -18 -19
leaf_value=0.0016752804434325892 -0.0028556444502738157 -0.016186837028627367 -0.0028556444502738157 0.013589713661621015 0.00034632194297094094 0.01166046755725582 0.0098307227629215212 0.00089167884606154127 -0.0028556444502738157 0.0074503552395145632 -0.00099432168425832843 -0.00099432168425832843 0.00032508610747754573 0.00089167884606154127 0.0084623850035803541 0.0016752804434325892 -0.0028556444502738157 0.00099549490301048039
leaf_weight=584 55 44 217 45 57 58 43 233 382 37 41 239 32 62 52 174 189 51
leaf_count=584 55 44 217 45 57 58 43 233 382 37 41 239 32 62 52 174 189 51
internal_value=0 -0.00576011 4.88179e-05 0.000983769 0.00618899 -0.00118102 -0.000163188 -0.00113735 -0.00197283 0.000580325 -0.000148721 0.000867001 0.00763011 0.00375619 0.00349928 0.00227615 -0.00285564 -0.00285564
internal_weight=0 99 2496 1418 102 1078 810 720 615 1316 1053 823 90 105 263 211 230 268
internal_count=2595 99 2496 1418 102 1078 810 720 615 1316 1053 823 90 105 263 211 230 268
is_linear=0
shrinkage=0.03


Tree=138
num_leaves=15
num_cat=0
split_feature=8 7 4 14 7 1 18 6 7 4 1 8 7 17
split_gain=3.23245 7.3817 2.66896 2.86576 2.5001 3.55307 1.47167 1.57774 2.74712 0.881435 0.597928 0.423047 0.383827 0.191875
threshold=0.20425000000000001 -0.30749999999999994 0.030100000000000005 0.40500112359550566 -0.33849999999999997 0.052700000000000004 4.5000000000000009 -0.0024499999999999995 -0.3098999999999999 0.46985000000000005 0.29910000000000009 0.19280000000000003 -0.3088499999999999 -0.0067146067415730362
decision_type=2 2 2 2 2 2 2 2 2 2 2 2 2 2
left_child=2 -2 3 6 9 -6 7 -1 -9 10 -4 12 -5 -11
right_child=1 -3 4 11 5 -7 -8 8 -10 13 -12 -13 -14 -15
leaf_value=0.00048029281974016648 -0.0027330183244636415 -0.015701232049402526 0.00048029281974016648 0.0093309820250474986 -0.00095774896316127135 -0.0027330183244636415 0.00048029281974016648 0.0090427901789975861 0.0020548528435912366 -0.00095774896316127135 -0.00023872807171055244 0.0032659040980281369 0.0053617382150013748 -0.00023872807171055244
leaf_weight=75 55 44 621 42 362 254 267 65 218 110 326 31 30 95
leaf_count=75 55 44 621 42 362 254 267 65 218 110 326 31 30 95
internal_value=0 -0.00549669 3.06516e-05 0.00155943 -0.000598846 -0.00214159 0.000795325 0.00244828 0.00362941 0.000226095 0.000480293 0.006196 0.00745757 -0.000957749
internal_weight=0 99 2496 728 1768 616 625 358 283 1152 947 103 72 205
internal_count=2595 99 2496 728 1768 616 625 358 283 1152 947 103 72 205
is_linear=0
shrinkage=0.03


Tree=139
num_leaves=18
num_cat=0
split_feature=8 7 3 0 3 7 12 18 3 7 16 13 12 6 1 12 6
split_gain=2.92906 7.02394 2.97076 3.32462 2.93921 4.48289 2.86846 2.80813 3.6691 2.29557 2.92602 2.18375 1.63758 1.60877 1.33275 1.37687 0.488615
threshold=0.20425000000000001 -0.30749999999999994 0.064250000000000015 0.0032500000000000007 0.049800000000000004 -0.33584999999999993 -1.6266842696629238 4.5000000000000009 0.033000000000000008 -0.43394999999999995 30.390300000000028 -1.3783426966292127 1.0902595505618005 0.054100000000000002 0.035750000000000011 -1.8311960674157282 0.012300000000000002
decision_type=2 2 2 2 2 2 2 2 2 2 2 2 2 2 2 2 2
left_child=2 -2 3 -1 7 -6 14 8 -5 10 11 -8 -11 -9 -4 -16 -14
right_child=1 -3 6 4 5 -7 9 13 -10 12 -12 -13 16 -15 15 -17 -18
leaf_value=-0.0026110100425319476 -0.0026110100425319476 -0.01523019509585786 0.0065422973182391033 0.0032393455066198722 0.013182952634834995 -0.0004449452313461474 0.0049385760156437754 -0.00067200373938933991 -0.00067200373938933991 -0.0026110100425319476 0.0089026286362537312 -0.00079937971060913134 -0.0026110100425319476 0.0026923851172614378 -0.0026110100425319476 0.0034850862972051291 -0.00079937971060913134
leaf_weight=42 55 44 55 591 45 42 60 456 114 506 35 123 43 128 39 38 179
leaf_count=42 55 44 55 591 45 42 60 456 114 506 35 123 43 128 39 38 179
internal_value=0 -0.00524179 1.97681e-05 0.000922178 0.001267 0.00660397 -0.00116726 0.000906788 0.00218122 -0.00174533 0.00095526 -0.000564728 -0.00255402 -0.000631691 0.00297555 0.000427875 -0.00079938
internal_weight=0 99 2496 1418 1376 87 1078 1289 705 946 218 183 728 584 132 77 222
internal_count=2595 99 2496 1418 1376 87 1078 1289 705 946 218 183 728 584 132 77 222
is_linear=0
shrinkage=0.03


Tree=140
num_leaves=31
num_cat=0
split_feature=13 12 7 15 16 12 4 17 16 15 17 17 13 15 13 2 0 7 5 4 4 15 7 0 12 6 12 16 2 7
split_gain=3.01772 6.41328 7.61537 10.0678 4.32448 3.64952 3.28712 3.02279 2.82328 2.72622 2.7261 4.87191 2.68102 3.8541 2.16869 1.94225 2.37694 1.91001 3.8151 3.44539 2.54355 1.64994 1.4894 3.79715 1.33054 1.23229 1.00546 0.998557 0.367741 0.366314
threshold=2.6790528089887649 0.16531573033707761 -0.43159999999999993 -9.0023668539325818 -23.769555056179737 -0.72932752808988954 0.13925000000000001 -0.0083202247191011252 30.222860674157236 -10.092958988764044 0.016777528089887642 0.0081797752808988895 -2.8697404494382037 -3.1038719101123493 -1.9368426966292132 0.00015000000000000004 0.79810000000000014 -0.32264999999999994 0.26625000000000004 0.024400000000000002 0.29115000000000008 -6.3738668539325838 -0.37404999999999994 0.35155000000000008 0.070716853932585991 0.027200000000000005 2.0448039325842733 -9.9194191011236494 1.0000000180025095e-35 -0.30609999999999998
decision_type=2 2 2 2 2 2 2 2 2 2 2 2 2 2 2 2 2 2 2 2 2 2 2 2 2 2 2 2 2 2
left_child=1 4 8 -4 5 12 10 17 -3 28 11 -6 13 -1 -14 21 -17 20 -19 -20 22 -5 23 -2 27 -26 -24 -8 29 -9
right_child=7 2 3 15 6 -7 24 9 -10 -11 -12 -13 14 -15 -16 16 -18 18 19 -21 -22 -23 26 -25 25 -27 -28 -29 -30 -31
leaf_value=-0.0065314804972149429 0.0039798085187487354 -7.1365664680815289e-05 -0.020402077378967078 -0.00094424119572696422 0.0027873355767868493 -0.0096625611806666709 -0.001932171794876922 0.0050799244252266364 0.011316290444561412 0.0098918571490794419 0.0010057556926255226 0.01132347682196843 -0.0082094080687966208 0.0014824707002844661 -0.0011521917748329943 -0.011224017919351657 -0.0050795607623900169 -0.0004800750388324931 -0.0044996862873758828 -0.016026319076697673 -0.0004800750388324931 -0.0050795607623900169 0.0039798085187487354 0.013797493518852604 -0.0089967488602269441 -0.00067109681374859058 0.0014419754782620971 0.0010057556926255226 1.6046222695644865e-05 0.0016957058188194522
leaf_weight=64 50 42 36 191 289 48 120 48 35 60 130 76 72 346 86 72 33 111 32 31 115 132 109 41 32 32 44 72 47 30
leaf_count=64 50 42 36 191 289 48 120 48 35 60 130 76 72 346 86 72 33 111 32 31 115 132 109 41 32 32 44 72 47 30
internal_value=0 -0.000950321 -0.00371508 -0.00516504 0.000143853 -0.00171923 0.00167203 0.00133137 0.00502231 0.00463537 0.00309937 0.00456472 -0.00104797 0.000231512 -0.00436814 -0.00388342 -0.00742795 0.000184578 -0.00239499 -0.0085193 0.00143484 -0.00273117 0.00336403 0.00640321 -0.00108786 -0.00483392 0.00155641 0.00016083 0.00211226 0.00337537
internal_weight=0 1908 541 464 1367 616 751 718 77 185 495 365 568 410 158 428 105 533 174 63 359 323 244 91 256 64 153 192 125 78
internal_count=2626 1908 541 464 1367 616 751 718 77 185 495 365 568 410 158 428 105 533 174 63 359 323 244 91 256 64 153 192 125 78
is_linear=0
shrinkage=0.03


Tree=141
num_leaves=31
num_cat=0
split_feature=13 12 8 16 12 6 0 4 12 14 13 15 14 14 8 0 4 12 1 12 14 8 14 4 12 14 13 8 12 0
split_gain=2.78837 6.00091 6.49127 4.06175 3.43383 3.0961 4.67227 3.08117 3.07104 2.55882 2.52257 3.62632 2.31717 2.8302 2.2192 2.04057 1.98092 1.33304 2.41424 1.27544 1.26585 1.31754 0.88554 3.51541 1.8273 0.819176 0.733341 1.39568 0.553211 0.458333
threshold=2.6790528089887649 0.16531573033707761 0.20170000000000002 -23.769555056179737 -0.72932752808988954 0.045500000000000006 0.097850000000000006 0.030600000000000006 0.070716853932585991 0.36067640449438215 -2.8697404494382037 -3.1038719101123493 -0.023413483146067445 -0.12032359550561793 0.19140000000000004 0.85910000000000009 0.53545000000000009 2.0448039325842733 0.019500000000000003 0.10131573033707754 0.3460865168539326 0.18270000000000003 0.40500112359550566 0.13925000000000001 1.1112595505617977 0.018131460674157333 2.8250528089887639 0.17815000000000003 0.84248988764045241 0.30040000000000006
decision_type=2 2 2 2 2 2 2 2 2 2 2 2 2 2 2 2 2 2 2 2 2 2 2 2 2 2 2 2 2 2
left_child=1 3 5 4 10 6 -3 12 9 -9 11 -1 13 -5 -8 -12 17 22 -19 -10 21 -20 26 24 -24 -7 28 -28 -2 -25
right_child=16 2 -4 7 -6 25 14 8 19 -11 15 -13 -14 -15 -16 -17 -18 18 20 -21 -22 -23 23 29 -26 -27 27 -29 -30 -31
leaf_value=-0.0063355361583217014 0.0012765634190873242 -0.007767000375314268 -0.01307788748518917 0.0045237406820786089 -0.0093726840816088942 0.0031962903207586554 -0.0011480827698375962 0.0023624827466213428 -0.0063313129864633081 -0.0038792708617719739 -0.0060223346424379169 0.0014379966007061085 0.0023624827466213428 0.014593326534543719 -0.0050297571809722252 0.0022737824905882864 -0.0056881433161241664 0.0069667794629931449 0.0024687334779918716 0.00041501400468405334 -0.0020293125070094016 -0.0020293125070094016 0.012391278638112308 -0.0020293125070094016 0.0045711809682720548 -0.0011480827698375962 0.00391062119640992 -0.0014681626502424478 0.0053037645639378139 0.0014068506562427893
leaf_weight=64 64 37 58 89 48 89 230 332 75 66 124 346 116 35 90 34 35 30 36 38 64 30 38 34 92 37 64 135 59 37
leaf_count=64 64 37 58 89 48 89 230 332 75 66 124 346 116 35 90 34 35 30 36 38 64 30 38 34 92 37 64 135 59 37
internal_value=0 -0.000920463 -0.00359486 0.00013795 -0.00166766 -0.00245611 -0.00388306 0.00161898 0.000302077 0.00154131 -0.00101653 0.000224567 0.00442289 0.00736596 -0.00229251 -0.00423709 0.00127281 0.00162952 -0.000766681 -0.00406264 -0.00202931 0.00218949 0.00236258 0.00392502 0.00685706 0.00158689 0.00138727 0.000261697 0.00320831 -0.00144348
internal_weight=0 1908 541 1367 616 483 357 751 511 398 568 410 240 124 320 158 718 683 160 113 130 66 523 201 130 126 322 199 123 71
internal_count=2626 1908 541 1367 616 483 357 751 511 398 568 410 240 124 320 158 718 683 160 113 130 66 523 201 130 126 322 199 123 71
is_linear=0
shrinkage=0.03


Tree=142
num_leaves=31
num_cat=0
split_feature=13 12 7 15 13 13 12 13 8 3 4 17 8 17 3 3 16 15 7 3 15 8 3 3 0 2 6 0 8 2
split_gain=2.60913 5.71704 7.06921 9.50218 3.87976 5.04979 5.22242 3.58088 4.93724 4.04968 3.55975 3.19417 2.96024 2.76467 2.71168 4.55368 2.65193 2.43618 1.72155 3.12152 1.93713 3.2673 1.77204 2.47576 1.71298 1.62857 1.20514 0.513267 0.469893 0.350107
threshold=2.6790528089887649 0.16531573033707761 -0.43159999999999993 -9.0023668539325818 -1.7933426966292154 -1.5998426966292134 0.05071685393258641 -2.8697404494382037 0.16025000000000003 0.31860000000000005 0.030600000000000006 0.0062775280898876304 0.20170000000000002 -0.0083202247191011252 0.25465000000000004 0.022050000000000004 30.222860674157236 -10.092958988764044 -0.32264999999999994 0.06795000000000001 21.750128089887649 0.18610000000000002 0.046200000000000012 0.030300000000000004 0.9013500000000001 0.0014500000000000001 -0.0024499999999999995 0.54965000000000008 0.19430000000000003 1.0000000180025095e-35
decision_type=2 2 2 2 2 2 2 2 2 2 2 2 2 2 2 2 2 2 2 2 2 2 2 2 2 2 2 2 2 2
left_child=1 4 16 -4 7 6 -6 8 -1 -10 26 -12 25 18 15 -9 -3 29 19 22 21 -20 23 -2 -23 -5 -7 -21 -19 -15
right_child=13 2 3 12 5 10 -8 14 9 -11 11 -13 -14 17 -16 -17 -18 28 20 27 -22 24 -24 -25 -26 -27 -28 -29 -30 -31
leaf_value=0.0081560663898524472 0.0054133503290676004 8.8485925552189707e-08 -0.01971035746547083 -0.0019434325424530965 0.001199057473716861 0.0018309411590774767 0.015341463748841211 -0.00066218624810752426 -0.00048567553037988587 -0.011846472021192312 0.0015933414960434189 -0.0039483704245063716 -0.010159781858325004 0.0032285671115208129 0.0029365288801491258 -0.011761867465236438 0.01100822213185685 0.012005128048709594 -0.0005063022164341856 -0.0005063022164341856 -0.0005063022164341856 -0.01427327506921508 0.01067307237535715 -0.0005063022164341856 -0.004969566936501477 -0.0064320806989436293 0.0060800011491221259 0.0035776121326183017 0.0066953644901514052 -4.9218493810993556e-05
leaf_weight=57 109 42 36 330 47 36 47 58 481 30 213 167 55 78 30 78 35 30 49 148 59 33 32 32 33 43 123 38 30 47
leaf_count=57 109 42 36 330 47 36 47 58 481 30 213 167 55 78 30 78 35 30 49 148 59 33 32 32 33 43 123 38 30 47
internal_value=0 -0.00090016 -0.00351054 -0.00490753 0.000132916 0.00185393 0.00827026 -0.00135129 -0.000218501 -0.00115265 0.000734947 -0.000842095 -0.00366243 0.00122145 -0.00522733 -0.00702818 0.00490771 0.00438124 0.000124709 0.00131169 -0.0023243 -0.00499639 0.0042997 0.00285326 -0.00943283 -0.00270438 0.00450398 -0.000506302 0.00935025 0.00199612
internal_weight=0 1908 541 464 1367 633 94 734 568 511 539 380 428 718 166 136 77 185 533 359 174 115 173 141 66 373 159 186 60 125
internal_count=2626 1908 541 464 1367 633 94 734 568 511 539 380 428 718 166 136 77 185 533 359 174 115 173 141 66 373 159 186 60 125
is_linear=0
shrinkage=0.03


Tree=143
num_leaves=31
num_cat=0
split_feature=13 12 7 15 13 13 12 14 3 3 3 8 3 17 8 17 3 16 13 15 7 5 3 3 3 5 3 8 5 3
split_gain=2.44034 5.38923 6.65559 8.9333 3.63961 4.75841 4.91378 3.86459 3.71486 8.87407 3.38278 3.16712 4.71768 3.08719 2.77967 2.61693 2.60409 2.49762 2.38598 2.2922 1.53691 3.57914 2.94119 1.68339 2.36518 1.42752 0.778926 0.442122 0.368077 1.10919
threshold=2.6790528089887649 0.16531573033707761 -0.43159999999999993 -9.0023668539325818 -1.7933426966292154 -1.5998426966292134 0.05071685393258641 -0.17732359550561785 0.023950000000000003 0.13615000000000002 0.033000000000000008 0.16025000000000003 0.25870000000000004 0.0062775280898876304 0.20170000000000002 -0.0083202247191011252 0.023950000000000003 30.222860674157236 -2.9677404494382045 -10.092958988764044 -0.32264999999999994 0.29340000000000005 0.06795000000000001 0.046200000000000012 0.030300000000000004 0.22620000000000004 0.028950000000000004 0.19430000000000003 0.35940000000000005 0.27420000000000005
decision_type=2 2 2 2 2 2 2 2 2 2 2 2 2 2 2 2 2 2 2 2 2 2 2 2 2 2 2 2 2 2
left_child=1 4 17 -4 7 6 -6 8 -1 -10 16 18 -13 -12 25 20 -7 -3 -9 -17 22 26 23 24 -2 -5 -22 -21 29 -24
right_child=15 2 3 14 5 10 -8 11 9 -11 13 12 -14 -15 -16 19 -18 -19 -20 27 21 -23 28 -25 -26 -27 -28 -29 -30 -31
leaf_value=0.00048320091942227202 0.0052509498273218989 -4.2913896547867869e-06 -0.019119046746442714 -4.2913896547867869e-06 0.0011630857907275252 0.0021658312761143818 0.014881219759464581 0.010611897299020756 -0.023041944224387406 3.2814968377351758e-05 0.0014084207640068294 -0.00026596742648204476 -0.0091648204778321078 -0.0046858440884958493 -0.0098549883968450797 0.0019362360338866711 0.011489182214342777 0.010677975501332964 0.0021281139117924424 0.011644974306225776 -0.00048764285846998465 -0.011645050376886502 0.0039218177861466853 0.010352880226273556 -0.00048764285846998465 -0.003722617470143583 -0.0051259260556914587 0.0064945034608244892 -0.00048764285846998465 0.00051377046776466412
leaf_weight=38 109 42 36 94 47 207 47 41 30 30 162 504 60 139 55 125 31 35 31 30 111 30 97 32 32 279 33 30 58 31
leaf_count=38 109 42 36 94 47 207 47 41 30 30 162 504 60 139 55 125 31 35 31 30 111 30 97 32 32 279 33 30 58 31
internal_value=0 -0.000876234 -0.00341067 -0.00476618 0.000126786 0.00179369 0.00802215 -0.00131075 -0.00685625 -0.0115046 0.000707465 -0.000456254 -0.00121265 -0.00140587 -0.00355893 0.0011756 0.00338022 0.00475759 0.00546888 0.0042498 0.000108571 -0.00220538 0.0012301 0.00414096 0.00273117 -0.00263055 -0.000487643 0.00906974 -0.000487643 0.00151518
internal_weight=0 1908 541 464 1367 633 94 734 98 60 539 636 564 301 428 718 238 77 72 185 533 174 359 173 141 373 144 60 186 128
internal_count=2626 1908 541 464 1367 633 94 734 98 60 539 636 564 301 428 718 238 77 72 185 533 174 359 173 141 373 144 60 186 128
is_linear=0
shrinkage=0.03


Tree=144
num_leaves=29
num_cat=0
split_feature=13 17 3 13 8 13 13 13 3 14 3 8 7 17 15 0 3 7 5 4 5 3 3 13 8 7 8 16
split_gain=2.23823 4.38468 9.46992 2.59182 3.6104 3.37875 4.50256 4.62337 4.61773 3.63027 3.49531 2.93897 2.52028 2.50562 2.15673 1.94543 1.46473 2.07015 3.52343 3.22272 2.5956 2.90211 1.38315 0.478575 0.415993 0.223158 0.240277 0.221671
threshold=2.6790528089887649 -0.02132415730337078 0.088700000000000015 -0.16197977528089777 0.20170000000000002 -1.7933426966292154 -1.5998426966292134 -1.6228426966292149 0.32895000000000008 -0.17732359550561785 0.023950000000000003 0.16025000000000003 -0.43159999999999993 -0.0083202247191011252 -10.092958988764044 0.24995000000000003 0.28045000000000003 -0.32264999999999994 0.26625000000000004 0.024400000000000002 0.36090000000000005 0.1082 0.022050000000000004 2.0786573033707865 0.19430000000000003 -0.33849999999999997 0.19185000000000002 33.030350561797782
decision_type=2 2 2 2 2 2 2 2 2 2 2 2 2 2 2 2 2 2 2 2 2 2 2 2 2 2 2 2
left_child=1 2 -1 5 12 9 7 -7 -8 10 -3 -11 23 16 25 -14 17 20 27 -20 21 -2 -22 -5 -16 -15 -27 -19
right_child=13 3 -4 4 -6 6 8 -9 -10 11 -12 -13 15 14 24 -17 -18 18 19 -21 22 -23 -24 -25 -26 26 -28 -29
leaf_value=-0.019784712310541758 0.0022954950192932656 0.0004687049016846638 0.0031197019026149063 0.0013773901303383437 -0.0104453875310719 0.0011281932903295184 0.0013579747847436931 0.014434783182879711 -0.01058050336316228 0.0052601070756403108 -0.011159427665174007 -0.0011762743189180408 -0.0060321250232922979 0.0035682439083854355 0.011295625135302544 -0.0016470799601103895 -0.0053777783241395543 -0.0027447298901454318 -0.0040013553864941204 -0.015179363050828537 0.0022954950192932656 0.009495543285944116 -7.1548261257940236e-05 0.0065683570089599781 0.0062996682822704314 0.0022478572909797852 -0.00059548891615122555 -7.1548261257940236e-05
leaf_weight=33 95 38 32 33 46 47 491 47 31 72 60 564 49 45 30 334 41 53 32 31 59 68 96 31 30 36 44 58
leaf_count=33 95 38 32 33 46 47 491 47 31 72 60 564 49 45 30 334 41 53 32 31 59 68 96 31 30 36 44 58
internal_value=0 -0.000850839 -0.00850869 -0.000580757 -0.00244243 9.90993e-05 0.00173739 0.00778149 0.000648985 -0.00127581 -0.00665056 -0.000447627 -0.00161886 0.00111419 0.00412231 -0.0025397 7.01023e-05 0.000524092 -0.00210665 -0.00793116 0.00196356 0.00466254 -7.15483e-05 0.00389176 0.00879765 0.00187815 0.000927471 -7.15483e-05
internal_weight=0 1908 65 1843 493 1350 616 94 522 734 98 636 447 718 185 383 533 492 174 63 318 163 155 64 60 125 80 111
internal_count=2626 1908 65 1843 493 1350 616 94 522 734 98 636 447 718 185 383 533 492 174 63 318 163 155 64 60 125 80 111
is_linear=0
shrinkage=0.03


Tree=145
num_leaves=23
num_cat=0
split_feature=0 3 18 16 13 17 12 8 3 3 2 14 15 17 3 3 12 1 1 8 3 14
split_gain=5.39414 4.56439 3.92275 2.10481 5.96195 2.43938 2.30052 4.09897 2.09744 4.48526 3.99484 2.17336 1.96792 1.78539 1.63046 1.76126 1.58613 1.37584 0.945698 0.944757 0.916134 0.208373
threshold=0.016600000000000004 0.056650000000000006 4.5000000000000009 -10.932419101123626 -1.5998426966292134 0.055605617977528117 1.1377595505617999 0.17830000000000004 0.033000000000000008 0.023950000000000003 0.00045000000000000004 0.48391573033707874 1.856041011235954 -0.0073202247191011252 0.018400000000000003 0.012550000000000002 0.05071685393258641 0.016950000000000003 0.069900000000000018 0.16825000000000004 0.048450000000000007 -0.15232359550561794
decision_type=2 2 2 2 2 2 2 2 2 2 2 2 2 2 2 2 2 2 2 2 2 2
left_child=1 -1 8 5 16 19 7 -6 9 14 11 12 -10 -11 15 -2 -5 -8 -16 -4 -7 -12
right_child=2 -3 3 4 6 20 17 -9 10 13 21 -13 -14 -15 18 -17 -18 -19 -20 -21 -22 -23
leaf_value=-0.014480508799354235 0.0011466812313075878 -0.003555203037621235 0.0031986913537945258 0.002834177968683294 0.0010594908376426941 -0.0012696202299915826 0.0044356016170293572 -0.003555203037621235 -0.0004071344653741012 0.0049607518328944359 -0.0012983385493010883 0.0087065432581209367 0.0035710231601292063 0.014258705426884047 0.0016775539254939014 0.0058930217422718222 0.010526690617203712 -0.00053960853743971005 -0.003555203037621235 -0.003555203037621235 0.0054161330344421523 -0.003555203037621235
leaf_weight=45 387 59 33 52 181 39 62 249 459 41 37 31 148 34 33 86 45 259 43 197 35 90
leaf_count=45 387 59 33 52 181 39 62 249 459 41 37 31 148 34 33 86 45 259 43 197 35 90
internal_value=0 -0.00704055 -6.98542e-05 -0.00136417 -0.000596381 -0.00350588 -0.00150041 -0.00293502 0.00100361 0.0022944 -4.92611e-05 0.000958526 0.000562828 0.00917582 0.00135431 0.00200965 0.00640287 0.000421335 -0.00272431 -0.0035552 0.00189256 -0.0035552
internal_weight=0 104 2541 1152 848 304 751 430 1389 624 765 638 607 75 549 473 97 321 76 230 74 127
internal_count=2645 104 2541 1152 848 304 751 430 1389 624 765 638 607 75 549 473 97 321 76 230 74 127
is_linear=0
shrinkage=0.03


Tree=146
num_leaves=21
num_cat=0
split_feature=0 3 16 16 13 15 3 17 4 5 7 14 7 3 13 7 1 3 5 5
split_gain=4.99193 4.32626 3.13016 4.88874 3.37416 2.75064 2.23221 2.4331 3.67861 2.91568 1.84183 1.11741 1.61794 0.818804 0.732686 1.20697 0.536115 0.455519 0.355616 0.317302
threshold=0.016600000000000004 0.056650000000000006 30.222860674157236 -23.769555056179737 5.1930528089887646 17.263128089887644 0.37115000000000004 -0.011820224719101128 0.29375000000000001 0.43485000000000001 -0.42464999999999992 0.037086516853932612 -0.32869999999999994 0.072800000000000017 -3.8334797752808982 -0.34104999999999996 0.047500000000000007 0.011450000000000002 0.21925000000000003 0.22360000000000002
decision_type=2 2 2 2 2 2 2 2 2 2 2 2 2 2 2 2 2 2 2 2
left_child=1 -1 3 5 10 14 7 8 -5 -9 -4 16 -13 17 15 -2 -7 -6 -16 -12
right_child=2 -3 4 6 13 11 -8 9 -10 -11 19 12 -14 -15 18 -17 -18 -19 -20 -21
leaf_value=-0.014046093693623939 0.0020953722430491137 -0.0034391878482955725 0.0026524576858835336 0.0011208719404191781 0.0014633449661279362 0.00029291953570370014 -0.0034391878482955725 0.0028817114961831292 -0.0034391878482955725 -0.0034391878482955725 -0.00039336508120601941 0.0065247465832666916 -0.00059876400930806983 -0.0014426344064505476 0.0013231755102113369 -0.0034391878482955725 -0.0034391878482955725 0.006149764331668848 -0.0034391878482955725 -0.0034391878482955725
leaf_weight=45 57 59 47 474 35 58 51 857 89 44 54 55 60 38 31 75 37 40 213 226
leaf_count=45 57 59 47 474 35 58 51 857 89 44 54 55 60 38 31 75 37 40 213 226
internal_value=0 -0.00679208 -8.62987e-05 0.000395556 -0.00238715 -0.00193127 0.00129557 0.00151774 -2.94333e-05 0.00248451 -0.00343919 0.000819151 0.00280813 0.00214502 -0.00343919 -0.0012036 -0.00158856 0.00396277 -0.00343919 -0.00343919
internal_weight=0 104 2541 2101 440 586 1515 1464 563 901 327 210 115 113 376 132 95 75 244 280
internal_count=2645 104 2541 2101 440 586 1515 1464 563 901 327 210 115 113 376 132 95 75 244 280
is_linear=0
shrinkage=0.03


Tree=147
num_leaves=24
num_cat=0
split_feature=16 13 0 16 12 7 12 12 0 0 14 14 16 8 12 14 14 7 8 6 14 17 1
split_gain=4.65588 4.37057 5.00837 3.83412 4.33622 3.29369 5.39995 3.54637 2.65771 2.03109 2.01294 3.30884 2.57042 2.99016 2.21461 1.90588 2.70755 1.92868 1.65326 1.3492 1.28105 0.87684 0.941305
threshold=30.222860674157236 2.2225887640449451 0.74755000000000005 -23.769555056179737 -0.72932752808988954 -0.34549999999999997 1.1377595505617999 1.0092595505617992 0.016600000000000004 0.13570000000000002 -0.11695393258426963 -0.12195393258426963 29.233444943820249 0.19515000000000002 0.31202921348314488 0.27495730337078667 0.037086516853932612 -0.33164999999999994 0.18045000000000003 0.012300000000000002 0.088001123595505673 -0.045894382022471862 0.077550000000000022
decision_type=2 2 2 2 2 2 2 2 2 2 2 2 2 2 2 2 2 2 2 2 2 2 2
left_child=3 2 -2 4 15 9 7 -7 -5 -3 11 14 20 -14 -10 16 19 -18 -17 -1 -12 -11 -23
right_child=1 5 -4 8 -6 6 -8 -9 10 21 12 -13 13 -15 -16 18 17 -19 -20 -21 -22 22 -24
leaf_value=-0.0045815159427561756 -0.014422000013782006 -0.0016136131881984714 -4.4298625684210231e-06 -0.005294952998820949 -0.010982545773650324 -0.0043057309974683447 -0.0016136131881984714 -0.017019209759668089 0.0028518370826041985 0.00093447337975091714 0.0010701624023378826 0.0098199541923010124 0.0075188539286014126 -0.002023138242854515 -0.002023138242854515 -0.0015590619884998252 0.0073045764556154604 -0.0001822307975089643 -0.010142637365497649 -0.00052487021520198501 -0.0012705845583538601 0.009201134969903664 0.0028344519531942509
leaf_weight=104 57 58 35 58 43 40 109 39 413 37 400 53 86 33 86 46 60 64 36 254 444 33 57
leaf_count=104 57 58 35 58 43 40 109 39 413 37 400 53 86 33 86 46 60 64 36 254 444 33 57
internal_value=0 -0.00308074 -0.00893705 0.00022585 -0.00179948 -0.00163629 -0.00443279 -0.010582 0.0010074 0.00120557 0.00124868 0.00269303 0.000420761 0.00454846 0.00193606 -0.00109935 -0.000380047 0.00344042 -0.00532746 -0.00170334 -0.000161226 0.00348256 0.0051689
internal_weight=0 465 92 2180 607 373 188 79 1573 185 1515 552 963 119 499 564 482 124 82 358 844 127 90
internal_count=2645 465 92 2180 607 373 188 79 1573 185 1515 552 963 119 499 564 482 124 82 358 844 127 90
is_linear=0
shrinkage=0.03


Tree=148
num_leaves=20
num_cat=0
split_feature=0 16 18 5 7 4 3 7 14 12 16 3 12 8 7 16 5 16 12
split_gain=4.47858 3.9089 3.47833 1.96627 2.16665 2.78736 1.92707 2.46968 1.75615 2.69533 2.6983 2.2908 1.80458 1.37233 0.921078 0.891507 0.494259 0.411143 0.116183
threshold=0.0032500000000000007 7.1178606741572716 4.5000000000000009 0.19505000000000003 -0.32869999999999994 0.30820000000000003 0.35670000000000007 -0.41099999999999998 0.40500112359550566 0.31202921348314488 22.737249438202358 0.033000000000000008 1.1112595505617977 0.19110000000000002 -0.33544999999999997 6.8233606741572439 0.26625000000000004 33.094215730337062 -1.5966842696629227
decision_type=2 2 2 2 2 2 2 2 2 2 2 2 2 2 2 2 2 2 2
left_child=1 -1 6 15 5 17 8 -8 9 11 -11 -2 -10 16 -14 18 -6 -5 -4
right_child=2 -3 3 4 13 -7 7 -9 12 10 -12 -13 14 -15 -16 -17 -18 -19 -20
leaf_value=-0.0035583618751250834 0.0029920823650498845 -0.013108618047460913 0.00038659368328114506 0.00038659368328114506 -0.0019187209124098212 -0.0019187209124098212 0.004980191278361505 -0.0035583618751250834 0.0085711182288148186 -0.0035583618751250834 0.0012400562960898415 7.7650976666452428e-05 0.0044881590823206349 -0.0035583618751250834 -0.0021378251742571594 0.0056269711751411565 -0.0027385413937674524 -0.00076606361456433799 0.0022278022993850754
leaf_weight=38 464 50 30 330 128 197 31 31 55 106 126 509 41 219 35 47 106 70 32
leaf_count=38 464 50 30 330 128 197 31 31 55 106 126 509 41 219 35 47 106 70 32
internal_value=0 -0.00700002 -0.000116704 -0.00133192 -0.00173004 -0.000542955 0.000890759 -0.00355836 0.00113328 0.000774652 -0.00213101 0.00146747 0.00443208 -0.00329449 0.00143672 0.00250323 -0.00191872 0.000386594 0.000386594
internal_weight=0 88 2557 1159 1050 597 1398 62 1336 1205 232 973 131 453 76 109 234 400 62
internal_count=2645 88 2557 1159 1050 597 1398 62 1336 1205 232 973 131 453 76 109 234 400 62
is_linear=0
shrinkage=0.03


Tree=149
num_leaves=20
num_cat=0
split_feature=18 0 3 3 15 4 7 3 7 17 12 15 17 0 13 15 7 3 15
split_gain=4.17933 4.18961 2.63153 2.89248 6.01127 2.66254 3.72617 1.87483 5.81454 1.68722 1.96232 5.50609 2.01088 1.62152 1.57899 1.43706 0.944502 0.928739 0.694774
threshold=4.5000000000000009 0.0032500000000000007 0.31860000000000005 0.25665000000000004 -1.6509589887640448 0.32190000000000007 -0.37404999999999994 0.35670000000000007 -0.41099999999999998 0.039179775280898867 -0.070382022471907377 -6.3738668539325838 0.0027814606741572994 0.081650000000000014 -3.2082404494382035 -0.90439325842696572 -0.3542499999999999 0.11255000000000003 6.775791011235957
decision_type=2 2 2 2 2 2 2 2 2 2 2 2 2 2 2 2 2 2 2
left_child=7 -2 3 5 -5 6 -3 9 -9 10 14 13 -13 -12 16 -7 -1 -16 -4
right_child=1 2 18 4 -6 15 -8 8 -10 -11 11 12 -14 -15 17 -17 -18 -19 -20
leaf_value=0.0029851248707356195 -0.010628814330052895 0.0039373480117197808 -0.0012630760182133491 -0.0048841885351575904 0.013186733891835084 -0.003400336623862475 -0.0015937115072032037 0.004830785530709451 -0.013543617645609041 0.0060768725160908485 -0.0046941980275397111 -0.012094653413420723 -0.003591612500263951 0.0016842467243151876 0.0019886344871006783 -0.0059639063083053879 -0.0019180690341328425 0.0049437286241283251 -0.0059639063083053879
leaf_weight=49 45 127 34 30 37 44 801 31 31 56 39 31 130 447 371 56 127 129 30
leaf_count=49 45 127 34 30 37 44 801 31 31 56 39 31 130 447 371 56 127 129 30
internal_value=0 -0.0016477 -0.001299 -0.000944328 0.00509528 -0.00133796 -0.000836767 0.000746946 -0.00435642 0.000976393 0.0007605 -0.000420494 -0.00522884 0.0011724 0.00189083 -0.00596391 -0.000552975 0.00275105 -0.00596391
internal_weight=0 1204 1159 1095 67 1028 928 1441 62 1379 1323 647 161 486 676 100 176 500 64
internal_count=2645 1204 1159 1095 67 1028 928 1441 62 1379 1323 647 161 486 676 100 176 500 64
is_linear=0
shrinkage=0.03


Tree=150
num_leaves=20
num_cat=0
split_feature=3 3 3 7 3 13 3 8 3 3 5 7 0 3 7 0 0 7 0
split_gain=3.89938 5.85194 3.30381 7.82582 2.93908 2.15376 2.12693 6.21923 3.91103 1.95266 2.55476 4.32408 2.16823 1.88632 1.84925 1.57569 1.47707 0.987421 0.94966
threshold=0.010600000000000002 0.011450000000000002 0.015200000000000002 -0.28274999999999995 0.0089000000000000017 -0.30544719101123613 0.064250000000000015 0.19900000000000004 0.11275000000000002 0.00090000000000000008 0.18055000000000002 -0.32264999999999994 0.8236500000000001 0.012550000000000002 -0.27924999999999994 0.94475000000000009 0.97340000000000015 -0.28149999999999992 0.41815000000000008
decision_type=2 2 2 2 2 2 2 2 2 2 2 2 2 2 2 2 2 2 2
left_child=4 -2 13 6 9 -5 7 -4 -8 15 16 18 -13 -3 -6 -1 -11 -17 -12
right_child=1 2 3 5 14 -7 8 -9 -10 10 11 12 -14 -15 -16 17 -18 -19 -20
leaf_value=-0.00064792631936143145 -0.014213635765016079 -0.0004938091701123772 0.0016523333012880145 -0.0057293267988834436 0.011162697456946426 -0.015966467171674596 -0.0045048013589632429 -0.0057293267988834436 -0.00047416736200898328 0.0024680655174375448 -0.00038063494695167016 -0.0088225923193618657 -0.0018448658796525238 0.007883623939765206 0.0015964265972856551 0.011005534071146565 0.010239724860611287 0.0035382546875625848 0.0024680655174375448
leaf_weight=32 30 41 594 38 44 36 297 79 801 30 41 50 202 59 31 34 33 30 114
leaf_count=32 30 41 594 38 44 36 297 79 801 30 41 50 202 59 31 34 33 30 114
internal_value=0 -0.00106482 -0.00086201 -0.00114986 0.00162811 -0.0107082 -0.000750475 0.000577478 -0.00156442 0.000888642 9.22745e-05 -0.000777928 -0.00322934 0.00444888 0.00720864 0.00478752 0.00571406 0.00750525 0.00246807
internal_weight=0 1975 1945 1845 641 74 1771 673 1098 566 470 407 252 100 75 96 63 64 155
internal_count=2616 1975 1945 1845 641 74 1771 673 1098 566 470 407 252 100 75 96 63 64 155
is_linear=0
shrinkage=0.03


Tree=151
num_leaves=19
num_cat=0
split_feature=3 3 3 7 17 3 17 18 3 7 6 8 1 3 7 0 7 4
split_gain=3.69855 5.50425 3.11116 7.35963 2.89586 2.7568 2.6003 2.22495 1.82803 2.39857 3.4811 2.21052 1.88934 1.77484 1.73996 1.48256 0.929065 0.434168
threshold=0.010600000000000002 0.011450000000000002 0.015200000000000002 -0.28274999999999995 -0.016218539325842701 0.0089000000000000017 0.05910561797752812 4.5000000000000009 0.00090000000000000008 -0.32264999999999994 0.057650000000000007 0.19110000000000002 0.53665000000000007 0.012550000000000002 -0.27924999999999994 0.94475000000000009 -0.28149999999999992 0.028500000000000001
decision_type=2 2 2 2 2 2 2 2 2 2 2 2 2 2 2 2 2 2
left_child=5 -2 13 6 -5 8 7 -4 15 12 11 -11 17 -3 -7 -1 -17 -10
right_child=1 2 3 4 -6 14 -8 -9 9 10 -12 -13 -14 -15 -16 16 -18 -19
leaf_value=-0.00062848856498021633 -0.013787226814776659 -0.00047899494947093287 5.9255126850382528e-05 -0.017192856083420336 -0.0055586140453643459 0.010827816499354825 0.0072500217333436008 -0.0021042356657015658 0.0076347178842739328 -0.0015407396142862932 0.00087688174257419716 -0.0073280474406201392 0.00087688174257419716 0.0076471151771434279 0.0015485337220372691 0.010675368168774773 0.0034321070108562705 0.0036524577678011898
leaf_weight=32 30 41 969 32 42 44 36 766 56 109 111 95 55 59 31 34 30 44
leaf_count=32 30 41 969 32 42 44 36 766 56 109 111 95 55 59 31 34 30 44
internal_value=0 -0.001035 -0.000838311 -0.00111765 -0.0103869 0.00158767 -0.000730336 -0.000895923 0.000871494 0.000100961 -0.00140239 -0.00395836 0.00315615 0.00431541 0.00699238 0.0046439 0.00728009 0.00588252
internal_weight=0 1975 1945 1845 74 641 1771 1735 566 470 315 204 155 100 75 96 64 100
internal_count=2616 1975 1945 1845 74 641 1771 1735 566 470 315 204 155 100 75 96 64 100
is_linear=0
shrinkage=0.03


Tree=152
num_leaves=23
num_cat=0
split_feature=3 3 2 16 15 6 4 3 3 5 8 3 12 0 0 0 3 15 0 8 18 14
split_gain=3.50214 5.17914 2.94271 6.88529 2.66335 3.03711 5.18731 2.58565 1.71115 2.34174 3.32944 1.78078 1.66153 1.49995 1.39876 1.39494 1.29283 2.04515 1.04636 0.934018 0.87489 0.441502
threshold=0.010600000000000002 0.011450000000000002 0.00045000000000000004 33.094215730337062 17.134106741573039 0.045500000000000006 0.075700000000000003 0.0089000000000000017 0.00090000000000000008 0.18055000000000002 0.18520000000000003 0.0025500000000000006 1.1112595505617977 0.029800000000000004 0.97340000000000015 0.94475000000000009 0.28045000000000003 30.472062359550563 0.41815000000000008 0.19430000000000003 4.5000000000000009 0.018131460674157333
decision_type=2 2 2 2 2 2 2 2 2 2 2 2 2 2 2 2 2 2 2 2 2 2
left_child=7 -2 4 13 5 12 -7 8 15 14 18 -12 -3 -4 -10 -1 17 -6 -11 -15 -17 -9
right_child=1 2 3 -5 16 6 -8 21 9 10 11 -13 -14 19 -16 20 -18 -19 -20 -21 -22 -23
leaf_value=-0.0006096337658527773 -0.01337360979989171 -0.001751469874051888 -0.0075762501228600733 -0.01589727143730436 0.0046801245522829779 0.008418395672440921 0.00025776139318122024 0.0087682346721872865 0.0023838641295002008 -0.00081056854889361416 -0.006667359580934634 -0.00093606114077071352 0.00025776139318122024 -0.001751469874051888 0.0099062266340479242 0.010461318516595796 -0.001751469874051888 -0.001751469874051888 0.0023838641295002008 -0.0046638599984559805 0.0034427240136409958 0.0041144227492623028
leaf_weight=32 30 851 40 35 187 83 188 43 30 41 89 108 204 252 33 33 39 30 169 36 31 32
leaf_count=32 30 851 40 35 187 83 188 43 30 41 89 108 204 252 33 33 39 30 169 36 31 32
internal_value=0 -0.00100373 -0.00081293 -0.00324898 -0.000253964 -0.000794818 0.00203802 0.00154836 0.00085477 0.000109277 -0.000723856 -0.00352533 -0.00152249 -0.00189931 0.00549158 0.00450458 0.00254749 0.00346049 0.00190419 -0.00175147 0.00706169 0.00678261
internal_weight=0 1975 1945 363 1582 1326 271 641 566 470 407 197 1055 328 63 96 256 217 210 288 64 75
internal_count=2616 1975 1945 363 1582 1326 271 641 566 470 407 197 1055 328 63 96 256 217 210 288 64 75
is_linear=0
shrinkage=0.03


Tree=153
num_leaves=20
num_cat=0
split_feature=3 7 3 3 5 17 3 17 18 16 17 3 3 3 3 7 3 5 0
split_gain=3.32565 6.78647 2.70946 3.77954 3.99726 2.7005 2.43383 2.40265 2.06234 3.88358 3.66684 3.61327 7.6562 3.04717 1.78942 1.62939 1.61109 2.1835 1.3125
threshold=0.015200000000000002 -0.28274999999999995 0.012550000000000002 0.010600000000000002 0.23240000000000002 -0.016218539325842701 0.0089000000000000017 0.05910561797752812 4.5000000000000009 -10.932419101123626 0.0081797752808988895 0.033000000000000008 0.023950000000000003 0.039250000000000007 0.25465000000000004 -0.27924999999999994 0.00090000000000000008 0.18055000000000002 0.94475000000000009
decision_type=2 2 2 2 2 2 2 2 2 2 2 2 2 2 2 2 2 2 2
left_child=2 7 3 6 -5 -3 16 8 11 14 -11 12 -2 -13 -10 -8 18 -18 -1
right_child=1 5 -4 4 -6 -7 15 -9 9 10 -12 13 -14 -15 -16 -17 17 -19 -20
leaf_value=-0.00059134476177860054 -0.00070838975993430474 -0.016535250168526545 0.0074633770579693171 0.0020642468577716498 -0.012241959973023487 -0.0053253100234327538 0.010290703864725815 0.0069822199859966832 -0.0053253100234327538 -0.0020818908903372266 0.0036521799326146719 -0.0053253100234327538 0.01223701354174409 -0.00026579956159232553 0.0015304866126583268 0.0013110897449716444 0.0053018600576823305 -0.00069991165356760889 0.0068498361800448035
leaf_weight=32 115 32 59 32 39 42 44 36 137 465 128 51 64 739 36 31 63 407 64
leaf_count=32 115 32 59 32 39 42 44 36 137 465 128 51 64 739 36 31 63 407 64
internal_value=0 -0.00106077 0.00128536 0.000773418 -0.00579409 -0.00996177 0.00150086 -0.000688851 -0.00084802 -0.00201134 -0.000844183 7.15901e-05 0.00392013 -0.000800422 -0.00532531 0.00657913 0.00082795 0.000104581 0.00436944
internal_weight=0 1845 771 712 71 74 641 1771 1735 766 593 969 179 790 173 75 566 470 96
internal_count=2616 1845 771 712 71 74 641 1771 1735 766 593 969 179 790 173 75 566 470 96
is_linear=0
shrinkage=0.03


Tree=154
num_leaves=23
num_cat=0
split_feature=3 2 16 3 3 5 3 3 1 3 3 3 3 3 15 3 5 4 12 3 17 17
split_gain=3.15214 4.05225 8.08578 2.54933 3.55617 3.76102 2.29145 6.71472 4.50923 9.34874 6.04814 4.3239 7.11127 2.29 2.22814 1.51588 2.05446 1.23493 0.989715 0.645683 0.575888 0.42502
threshold=0.015200000000000002 0.00045000000000000004 31.104215730336993 0.012550000000000002 0.010600000000000002 0.23240000000000002 0.17060000000000003 0.11425 0.052700000000000004 0.14580000000000001 0.13735000000000003 0.06795000000000001 0.052800000000000007 0.0089000000000000017 17.263128089887644 0.00090000000000000008 0.18055000000000002 0.026450000000000005 1.5263157303370785 0.28045000000000003 -0.018718539325842689 -0.0042185393258427064
decision_type=2 2 2 2 2 2 2 2 2 2 2 2 2 2 2 2 2 2 2 2 2 2
left_child=3 6 18 4 13 -6 7 11 9 -9 -10 12 -2 15 20 17 -17 -1 -3 -16 -8 -15
right_child=1 2 -4 -5 5 -7 14 8 10 -11 -12 -13 -14 21 19 16 -18 -19 -20 -21 -22 -23
leaf_value=0.0066443411064392418 -3.251021333536535e-05 -0.0021627763038089376 -0.014196787771351378 0.0072394757202759348 0.0020023195410612971 -0.011874701140018609 0.0023687573420730504 0.005266333912218482 0.005266333912218482 0.0239419098906219 -0.0021627763038089376 -0.0021627763038089376 0.01205512672837358 0.003901778667726937 0.0066220157481729977 0.005142804282451314 -0.00067891427949620111 -0.00057360442267963664 -0.0071910189588864646 0.00062420086881944108 -0.0021627763038089376 0.0084383227785186071
leaf_weight=64 501 252 58 59 32 39 44 72 43 30 57 314 48 34 30 63 407 32 36 35 325 41
leaf_count=64 501 252 58 59 32 39 44 72 43 30 57 314 48 34 30 63 407 32 36 35 325 41
internal_value=0 -0.00103731 -0.00396371 0.0012468 0.000750216 -0.00562027 -0.000361839 0.000387032 0.00531071 0.00974881 0.000783857 -0.000765441 0.00102433 0.00145584 -0.00216278 0.000803111 0.000101444 0.00423836 -0.00216278 0.00339242 -0.00216278 0.00638176
internal_weight=0 1845 346 771 712 71 1499 1065 202 102 100 863 549 641 434 566 470 96 288 65 369 75
internal_count=2616 1845 346 771 712 71 1499 1065 202 102 100 863 549 641 434 566 470 96 288 65 369 75
is_linear=0
shrinkage=0.03


Tree=155
num_leaves=21
num_cat=0
split_feature=15 7 3 13 16 13 15 0 7 13 15 7 3 6 13 7 3 14 16 8
split_gain=3.01182 8.62629 3.62821 3.35615 2.40183 3.84434 8.90684 3.19813 3.64396 2.63079 2.54596 3.61314 5.23251 1.73746 1.56099 1.34168 1.17963 1.82966 1.74548 1.13575
threshold=-21.139350561797738 -0.42464999999999992 0.37115000000000004 -0.43024044943820344 -23.769555056179737 -0.47297977528089769 -0.63070898876404413 0.096300000000000011 -0.42994999999999994 2.2225887640449451 7.5527910112359562 -0.33544999999999997 0.048450000000000007 0.040300000000000009 -3.7259471910112358 -0.32379999999999992 0.13615000000000002 -0.015913483146067438 -41.099750561797627 0.19185000000000002
decision_type=2 2 2 2 2 2 2 2 2 2 2 2 2 2 2 2 2 2 2 2
left_child=1 -1 4 -4 10 6 13 8 -7 -9 11 14 -13 -6 -2 -3 17 -12 -18 -8
right_child=2 15 3 -5 5 7 19 9 -10 -11 16 12 -14 -15 -16 -17 18 -19 -20 -21
leaf_value=0.0085594891192886276 0.0035680293420683852 -0.0067861690620874176 -0.012065553983173719 4.6800422881330758e-07 0.008790603048826862 -0.0020078862721022855 0.0025332116002358485 -0.0014928275927920721 -0.011227137483656406 0.0015750994513036908 -0.0045048365833936259 -0.0033371291296084133 -0.01633421648613044 0.018202391530897831 -0.0021910531876076543 -0.014565492002293467 -0.0075195470830846222 0.0035850093046162954 0.0026312979026697574 -0.00050218411290121293
leaf_weight=32 71 53 41 42 41 77 352 383 48 733 30 137 35 31 105 32 31 156 30 162
leaf_count=32 71 53 41 42 41 77 352 383 48 733 30 137 35 31 105 32 31 156 30 162
internal_value=0 -0.00471674 0.00020768 -0.00595986 0.000419036 0.000958167 0.00296079 1.25271e-05 -0.00453799 0.000522218 -0.00123641 -0.0028897 -0.00598189 0.0128429 0.000132213 -0.00971486 0.00109291 0.0022802 -0.00252733 0.00157653
internal_weight=0 117 2505 83 2422 1827 586 1241 125 1116 595 348 172 72 176 85 247 186 61 514
internal_count=2622 117 2505 83 2422 1827 586 1241 125 1116 595 348 172 72 176 85 247 186 61 514
is_linear=0
shrinkage=0.03


Tree=156
num_leaves=20
num_cat=0
split_feature=15 7 3 15 16 16 3 16 3 18 15 7 3 7 3 7 0 12 17
split_gain=2.83562 8.11648 3.41551 2.49178 2.26428 2.80136 3.03638 2.96779 5.50858 2.86017 2.3955 3.3996 4.92326 2.08147 1.95156 1.26238 1.11479 2.03287 1.09687
threshold=-21.139350561797738 -0.42464999999999992 0.37115000000000004 -1.8483011235955054 -23.769555056179737 7.7131404494380726 0.13455000000000003 1.0000000180025095e-35 0.11585000000000002 4.5000000000000009 7.5527910112359562 -0.33544999999999997 0.048450000000000007 -0.32904999999999995 0.11370000000000001 -0.32379999999999992 0.24245000000000003 -1.998010112359548 -0.004324157303370795
decision_type=2 2 2 2 2 2 2 2 2 2 2 2 2 2 2 2 2 2 2
left_child=1 -1 4 -4 10 7 14 13 -9 -8 11 18 -13 -6 -7 -3 -12 -18 -2
right_child=2 15 3 -5 5 6 9 8 -10 -11 16 12 -14 -15 -16 -17 17 -19 -20
leaf_value=0.0083027041710738558 0.0025236492158829012 -0.006582583868272057 0.000158227343733112 -0.010330302139268593 0.0033113485762070235 0.00040602011249026173 -0.00070127935372875068 0.003115192438328251 0.017572465892280301 -0.0077382568066770374 -0.0032099861077343425 -0.0032370151774311967 -0.015844190099409648 -0.00043591985415416553 0.0054241649781990985 -0.014128526912536472 0.0072587068053893734 0.00028529536570299807 -0.0022133265621436947
leaf_weight=32 87 53 36 47 274 848 160 101 31 77 45 137 35 260 76 32 50 152 89
leaf_count=32 87 53 36 47 274 848 160 101 31 77 45 137 35 260 76 32 50 152 89
internal_value=0 -0.00457524 0.000202962 -0.00578106 0.000408029 0.000931496 4.17667e-05 0.00248251 0.00651046 -0.00298755 -0.00119932 -0.00280301 -0.00580243 0.00148684 0.000818768 -0.00942341 0.00106012 0.00201139 0.000128247
internal_weight=0 117 2505 83 2422 1827 1161 666 132 237 595 348 172 534 924 85 247 202 176
internal_count=2622 117 2505 83 2422 1827 1161 666 132 237 595 348 172 534 924 85 247 202 176
is_linear=0
shrinkage=0.03


Tree=157
num_leaves=21
num_cat=0
split_feature=15 7 3 13 16 13 15 3 15 7 3 13 13 5 13 8 3 14 16 13
split_gain=2.66803 7.63679 3.21365 3.03797 2.13046 3.51958 6.56062 2.65874 2.25392 3.19868 4.6323 1.76831 4.31788 1.87799 1.44606 1.2127 1.08553 1.70095 1.662 1.06551
threshold=-21.139350561797738 -0.42464999999999992 0.37115000000000004 -0.43024044943820344 -23.769555056179737 -0.43024044943820344 -0.63070898876404413 0.11865000000000002 7.5527910112359562 -0.33544999999999997 0.048450000000000007 2.2316573033707869 2.0355202247191007 0.35940000000000005 -3.7259471910112358 0.18310000000000001 0.13615000000000002 -0.015913483146067438 -41.099750561797627 -0.85197977528089808
decision_type=2 2 2 2 2 2 2 2 2 2 2 2 2 2 2 2 2 2 2 2
left_child=1 -1 4 -4 8 6 7 -6 9 14 -11 12 -7 -13 -2 -3 17 -10 -18 -8
right_child=2 15 3 -5 5 11 19 -9 16 10 -12 13 -14 -15 -16 -17 18 -19 -20 -21
leaf_value=0.008053623079613317 0.0034313144556469689 -0.006142668673116713 -0.011416701779845625 6.3133410045078831e-05 0.006067799935955554 -9.6147275222132776e-05 0.00073716503662021404 0.01684855773619243 -0.0043747551906853912 -0.0031399047730599331 -0.015368864258086043 0.0016085811147257283 -0.0077745040434003786 -0.0017894909128881406 -0.002111705176000084 -0.013423619736518179 -0.0073159003762468212 0.0034253444495754171 0.002589238618500531 0.0039104311366654227
leaf_weight=32 71 50 41 42 50 336 390 35 30 137 35 616 82 192 105 35 31 156 30 126
leaf_count=32 71 50 41 42 50 336 390 35 30 137 35 616 82 192 105 35 31 156 30 126
internal_value=0 -0.00443798 0.000196873 -0.00560763 0.000395788 0.000903551 0.00278419 0.0105069 -0.00116334 -0.00271892 -0.00562836 -1.83614e-05 -0.00160243 0.000801118 0.000124399 -0.00914071 0.00102832 0.00216726 -0.00244452 0.00151203
internal_weight=0 117 2505 83 2422 1827 601 85 595 348 172 1226 418 808 176 85 247 186 61 516
internal_count=2622 117 2505 83 2422 1827 601 85 595 348 172 1226 418 808 176 85 247 186 61 516
is_linear=0
shrinkage=0.03


Tree=158
num_leaves=19
num_cat=0
split_feature=15 3 3 13 16 13 15 0 16 13 15 14 12 6 18 0 14 6
split_gain=2.51035 5.4206 3.02373 2.85843 2.00455 3.33549 7.73484 2.91395 2.50284 2.39856 2.12072 2.03351 1.95011 1.69306 1.15437 1.02835 2.42897 0.703581
threshold=-21.139350561797738 0.038500000000000006 0.37115000000000004 -0.43024044943820344 -23.769555056179737 -0.47297977528089769 -0.63070898876404413 0.096300000000000011 24.892749438202319 2.2225887640449451 7.5527910112359562 -0.17732359550561785 -2.084010112359548 0.040300000000000009 4.5000000000000009 0.24245000000000003 0.037086516853932612 0.022500000000000003
decision_type=2 2 2 2 2 2 2 2 2 2 2 2 2 2 2 2 2 2
left_child=1 -1 4 -4 10 6 13 8 -7 -9 11 -2 -13 -6 -8 -12 -17 -3
right_child=2 17 3 -5 5 7 14 9 -10 -11 15 12 -14 -15 -16 16 -18 -19
leaf_value=-0.011400689496746602 -0.007873980240048175 -0.0014772801820866085 -0.011074201113249107 6.1239266235913538e-05 0.0079506709006410548 -0.0019329510836990117 0.0026914967219755911 -0.0014419258674320961 -0.0092297599532633161 0.001487465114968414 -0.0031037488520766297 -0.0062146487739653533 -0.00032115580427915776 0.017241416573524473 -0.00017867359294983985 -0.00059631957389143827 0.0050089414664967495 0.0048167725964899984
leaf_weight=53 56 33 41 42 41 69 292 383 56 733 45 65 227 31 222 92 110 31
leaf_count=53 56 33 41 42 41 69 292 383 56 733 45 65 227 31 222 92 110 31
internal_value=0 -0.00430484 0.000190967 -0.0054394 0.000383915 0.000876444 0.00274183 -4.39113e-06 -0.00434803 0.000482128 -0.00112844 -0.00263735 -0.00163306 0.0119509 0.00145185 0.000997472 0.00191111 0.0015714
internal_weight=0 117 2505 83 2422 1827 586 1241 125 1116 595 348 292 72 514 247 202 64
internal_count=2622 117 2505 83 2422 1827 586 1241 125 1116 595 348 292 72 514 247 202 64
is_linear=0
shrinkage=0.03


Tree=159
num_leaves=18
num_cat=0
split_feature=15 7 3 13 3 3 1 7 5 3 4 5 3 5 12 7 17
split_gain=2.36195 7.02598 2.84498 2.6895 1.42581 2.02984 2.20002 1.79336 4.95209 7.48883 2.587 6.69624 2.34698 2.0242 1.48441 1.11557 0.737298
threshold=-21.139350561797738 -0.42464999999999992 0.37115000000000004 -0.43024044943820344 0.0032500000000000007 0.0025500000000000006 0.032550000000000003 -0.32904999999999995 0.29340000000000005 0.012550000000000002 0.077550000000000022 0.34515000000000001 0.042750000000000003 0.31285000000000002 -0.47928314606741645 -0.32379999999999992 -0.0042185393258427064
decision_type=2 2 2 2 2 2 2 2 2 2 2 2 2 2 2 2 2
left_child=1 -1 4 -4 5 6 14 10 12 -10 11 -6 -9 -12 -2 -3 -8
right_child=2 15 3 -5 7 -7 16 8 9 -11 13 -13 -14 -15 -16 -17 -18
leaf_value=0.007805939699755981 0.00059549712622451951 -0.0060159079073313273 -0.01074197508258427 5.9402127351079665e-05 0.012568264278993642 0.0081049861985704168 0.00012895682281902375 -1.7605820967777353e-05 -0.017452284729153642 -0.0034790603019937143 0.0018627578346711877 0.0018627578346711877 -0.0030313368525684311 -1.7605820967777353e-05 0.0056675231980625532 -0.013109493926167488 -0.0050927387364208699
leaf_weight=32 55 53 41 42 59 46 53 578 41 69 313 191 233 637 102 32 45
leaf_count=32 55 53 41 42 59 46 53 578 41 69 313 191 233 637 102 32 45
internal_value=0 -0.0041757 0.000185198 -0.00527622 0.000372356 0.00230456 0.00125821 9.81488e-05 -0.00089759 -0.00687069 0.000862378 0.00357769 -8.74283e-05 0.000147822 0.00345975 -0.00868643 -0.00226876
internal_weight=0 117 2505 83 2422 301 255 2121 921 110 1200 250 811 950 157 85 98
internal_count=2622 117 2505 83 2422 301 255 2121 921 110 1200 250 811 950 157 85 98
is_linear=0
shrinkage=0.03


Tree=160
num_leaves=19
num_cat=0
split_feature=17 18 3 13 8 2 3 4 3 6 3 13 13 14 5 17 3 3
split_gain=2.73747 2.42335 4.93289 4.0914 4.96057 3.86422 3.67053 3.20508 3.82203 2.87398 2.8188 2.48921 4.1341 2.97074 2.39853 0.876287 0.705388 1.76244
threshold=0.049105617977528111 4.5000000000000009 0.25870000000000004 -2.011842696629214 0.18465000000000004 0.13485000000000003 0.21750000000000003 0.37785000000000007 0.11370000000000001 0.025450000000000004 0.13455000000000003 -1.5998426966292134 2.5704061797752815 -0.12032359550561793 0.34895000000000004 -0.0013202247191011205 0.035050000000000005 0.14580000000000001
decision_type=2 2 2 2 2 2 2 2 2 2 2 2 2 2 2 2 2 2
left_child=1 2 6 4 -3 11 7 10 -9 -4 -1 13 -13 -5 15 -11 -2 -18
right_child=16 3 9 5 -6 -7 -8 8 -10 14 -12 12 -14 -15 -16 -17 17 -19
leaf_value=0.0017151086155155842 0.0012684996082680299 -0.0013730960641987621 -0.01027696076013586 -0.00079355194152248864 -0.015990661770810145 -0.0094910951318840191 0.010031471962574869 -0.012644111060847837 -0.0018261059772139094 -0.0022725806651370866 -0.0018261059772139094 -0.0035098614129177356 0.00085861844909848953 0.0062405739089032419 -0.0060468076893850356 0.004026452716358978 0.011784592979782892 0.0015845390334725379
leaf_weight=1056 32 48 51 122 37 45 40 36 48 35 107 385 395 97 43 46 31 30
leaf_count=1056 32 48 51 122 37 45 40 36 48 35 107 385 395 97 43 46 31 30
internal_value=0 -0.000362752 0.000443496 -0.0014068 -0.00773604 -0.000891494 0.00108608 0.000799136 -0.0048601 -0.00428223 0.00120789 -0.000504124 -0.00129762 0.00232202 -0.00181665 0.00130465 0.00487581 0.00676817
internal_weight=0 2591 1462 1129 85 1044 1287 1247 84 175 1163 999 780 219 124 81 93 61
internal_count=2684 2591 1462 1129 85 1044 1287 1247 84 175 1163 999 780 219 124 81 93 61
is_linear=0
shrinkage=0.03


Tree=161
num_leaves=18
num_cat=0
split_feature=0 3 3 3 3 8 12 8 3 3 3 16 3 3 15 15 16
split_gain=3.13378 4.14635 2.5464 3.72528 6.53848 3.09953 3.09125 3.70517 2.65138 2.53218 3.06989 1.82819 1.07243 1.39281 1.03279 0.807229 0.0653417
threshold=0.016600000000000004 0.056650000000000006 0.13455000000000003 0.11425 0.11585000000000002 0.20095000000000002 -0.19338202247190669 0.15900000000000003 0.11865000000000002 0.11255000000000003 0.064250000000000015 -9.9194191011236494 0.20650000000000004 0.26600000000000007 -6.7057089887640435 14.504220224719107 -28.900139325842812
decision_type=2 2 2 2 2 2 2 2 2 2 2 2 2 2 2 2 2
left_child=1 -1 3 5 -5 9 11 -8 -6 10 -2 12 16 -14 -10 -7 -4
right_child=2 -3 6 4 8 15 7 -9 14 -11 -12 -13 13 -15 -16 -17 -18
leaf_value=-0.01227239346364513 0.0010930202193113097 -0.0026274051660517424 -0.0026274051660517424 0.017106326452048959 -0.0026274051660517424 -0.0026274051660517424 0.0082092294991016387 -0.0026274051660517424 0.0097295027300715441 0.0090597028008872465 -0.0010308418624812542 0.0072306514461524781 0.0062681628857972098 -0.00052046956549234248 0.0025434434556712705 -0.0010308418624812542 -0.001069919661968015
leaf_weight=48 1360 56 32 32 47 108 30 361 30 31 276 38 40 85 45 33 32
leaf_count=48 1360 56 32 32 47 108 30 361 30 31 276 38 40 85 45 33 32
internal_value=0 -0.00528318 2.83655e-05 0.000557321 0.00503642 0.000175806 -0.00165094 -0.00262741 0.00187054 0.000565721 0.000404772 0.00122641 1.92063e-05 0.00165189 0.00541787 -0.00262741 -0.00262741
internal_weight=0 104 2580 1962 154 1808 618 391 122 1667 1636 227 189 125 75 141 64
internal_count=2684 104 2580 1962 154 1808 618 391 122 1667 1636 227 189 125 75 141 64
is_linear=0
shrinkage=0.03


Tree=162
num_leaves=20
num_cat=0
split_feature=0 3 3 4 7 1 7 12 7 5 16 16 3 3 3 12 7 3 4
split_gain=2.87039 6.4316 2.37988 5.05948 5.12615 7.2135 7.1821 3.05717 2.39895 1.97463 1.72675 1.64553 1.80207 1.03897 1.31049 0.951997 0.755213 0.334794 0.19725
threshold=0.0032500000000000007 0.056650000000000006 0.13455000000000003 0.39680000000000004 -0.33469999999999994 0.29910000000000009 -0.35774999999999996 -0.19338202247190669 -0.40289999999999992 0.22210000000000002 -9.9194191011236494 31.104215730336993 0.25870000000000004 0.20650000000000004 0.26600000000000007 -0.77568426966292126 -0.3088499999999999 0.0070500000000000007 0.19070000000000001
decision_type=2 2 2 2 2 2 2 2 2 2 2 2 2 2 2 2 2 2 2
left_child=1 -1 3 4 5 6 -2 10 11 15 13 12 -9 18 -15 -6 -11 -7 -4
right_child=2 -3 7 -5 9 17 -8 8 -10 16 -12 -13 -14 14 -16 -17 -18 -19 -20
leaf_value=-0.017463909627869725 0.013987836030695366 -0.0027946079743763584 -0.0004329123737459833 -0.0027946079743763584 0.00016322854600464676 0.0039682912040389139 0.0039682912040389139 0.0042843476750341987 -0.0027946079743763584 0.00016322854600464676 0.0070137318558255697 0.0069844212082605201 -0.0010615898648168097 0.0060801178256515414 -0.00050485551927019565 0.0013929084207856633 -0.00093940778406356013 0.0013929084207856633 -0.0027946079743763584
leaf_weight=30 85 56 33 90 164 64 227 58 204 455 38 31 98 40 85 324 278 293 31
leaf_count=30 85 56 33 90 164 64 227 58 204 455 38 31 98 40 85 324 278 293 31
internal_value=0 -0.00557998 -9.23155e-06 0.00049804 0.000915792 0.00302651 0.00654367 -0.00163447 -0.00279461 -0.000240695 0.00117844 0.000671428 -0.000583077 5.21068e-06 0.00160234 0.00126586 -0.000939408 0.00139291 -0.00279461
internal_weight=0 86 2598 1980 1890 669 312 618 391 1221 227 187 156 189 125 488 733 357 64
internal_count=2684 86 2598 1980 1890 669 312 618 391 1221 227 187 156 189 125 488 733 357 64
is_linear=0
shrinkage=0.03


Tree=163
num_leaves=16
num_cat=0
split_feature=0 3 3 4 8 3 3 12 8 15 6 16 3 3 4
split_gain=2.62026 3.77312 2.36153 4.59615 3.22258 7.84011 3.49713 2.78684 3.27114 2.15198 1.772 1.63217 0.977576 1.24385 0.124837
threshold=0.016600000000000004 0.056650000000000006 0.13455000000000003 0.39680000000000004 0.19280000000000003 0.11275000000000002 0.11585000000000002 -0.19338202247190669 0.15900000000000003 -10.040871910112347 0.055350000000000003 -9.9194191011236494 0.20650000000000004 0.25870000000000004 0.19070000000000001
decision_type=2 2 2 2 2 2 2 2 2 2 2 2 2 2 2
left_child=1 -1 3 4 5 9 -7 11 -9 -2 -6 12 14 -14 -4
right_child=2 -3 7 -5 10 6 -8 8 -10 -11 -12 -13 13 -15 -16
leaf_value=-0.011592443746048956 0.0037168280503162778 -0.0024533241587464442 -0.00041992510414936321 -0.0024533241587464442 -0.0007758624586770642 0.019322540570771502 0.0049543908420018852 0.0078635265193879606 -0.0024533241587464442 0.00058600387352105994 0.00049364981819200479 0.0068033199615188328 0.0068796482123434539 -0.00012743382459800493 -0.0024533241587464442
leaf_weight=48 249 56 33 90 449 31 30 30 361 957 156 38 30 95 31
leaf_count=48 249 56 33 90 449 31 30 30 361 957 156 38 30 95 31
internal_value=0 -0.00488177 -2.48818e-05 0.000484511 0.000901599 0.00176316 0.0122562 -0.00164208 -0.00245332 0.00123242 -0.000775862 0.00113009 -1.05628e-05 0.00155427 -0.00245332
internal_weight=0 104 2580 1962 1872 1267 61 618 391 1206 605 227 189 125 64
internal_count=2684 104 2580 1962 1872 1267 61 618 391 1206 605 227 189 125 64
is_linear=0
shrinkage=0.03


Tree=164
num_leaves=12
num_cat=0
split_feature=17 0 3 8 4 7 15 6 15 7 13
split_gain=2.58451 2.97296 5.33264 2.6514 3.83905 2.96954 2.40872 2.27754 1.90071 1.29362 1.11829
threshold=0.049105617977528111 0.0032500000000000007 0.056650000000000006 0.19185000000000002 0.29115000000000008 -0.34939999999999999 -10.040871910112347 0.055350000000000003 -10.092958988764044 -0.32839999999999997 -0.16197977528089777
decision_type=2 2 2 2 2 2 2 2 2 2 2
left_child=1 2 -1 4 6 -5 8 -7 -3 -2 -8
right_child=9 3 -4 5 -6 7 10 -9 -10 -11 -12
leaf_value=-0.016592219186946752 0.0086768121835662099 0.0026404412492669273 -0.0030632583582638714 -0.00052858864748605888 -0.00052858864748605888 -0.0030632583582638714 0.001812821469779855 -0.0017126662020915651 0.0086419243825178946 0.001550385826983704 0.00048796697583588974
leaf_weight=30 41 203 55 226 387 463 637 176 62 52 352
leaf_count=30 41 203 55 226 387 463 637 176 62 52 352
internal_value=0 -0.000397955 -0.00591572 -0.0002108 0.000497671 -0.00155485 0.00150452 -0.00289674 0.00404456 0.00469214 0.000823926
internal_weight=0 2591 85 2506 1641 865 1254 639 265 93 989
internal_count=2684 2591 85 2506 1641 865 1254 639 265 93 989
is_linear=0
shrinkage=0.03


Tree=165
num_leaves=21
num_cat=0
split_feature=15 8 0 7 15 8 6 16 2 12 17 0 16 7 18 14 15 0 0 15
split_gain=2.17311 2.02466 1.52035 4.21509 2.01356 1.82158 3.01385 1.77756 1.51776 1.45381 0.893954 0.958075 1.40911 0.951532 0.876688 0.63273 0.588972 0.404416 0.159096 0.130278
threshold=17.134106741573039 0.20485000000000003 0.3040500000000001 -0.37404999999999994 -9.0023668539325818 0.19185000000000002 0.017550000000000003 14.639140449438118 0.00045000000000000004 -1.5672831460674155 -0.055394382022471871 0.88915000000000011 14.639140449438118 -0.3542499999999999 3.5000000000000004 0.28045730337078673 -12.580524719101122 0.37620000000000003 0.56540000000000012 29.104062359550564
decision_type=2 2 2 2 2 2 2 2 2 2 2 2 2 2 2 2 2 2 2 2
left_child=1 2 7 4 17 6 -5 15 10 -10 18 13 -13 19 -6 -1 -9 -4 -2 -12
right_child=8 -3 3 5 14 -7 -8 16 9 -11 11 12 -14 -15 -16 -17 -18 -19 -20 -21
leaf_value=-0.00096735324368001107 0.0040430046612164004 -0.0063045884562078361 0.0062328460092859099 -0.00022427877364194061 0.005839332803152502 -0.00096735324368001107 0.0017648110953617222 -0.00096735324368001107 0.00044746837964463199 -0.005522696971608212 0.0026378066624612663 0.0026378066624612663 0.0098631127178668981 0.00044746837964463199 0.0017648110953617222 -0.0034156109781431441 -0.0034156109781431441 0.011118907449766994 0.0067357953809774841 0.0015426375210529492
leaf_weight=307 40 56 31 467 48 591 352 53 48 49 33 43 30 114 80 45 151 30 39 44
leaf_count=307 40 56 31 467 48 591 352 53 48 49 33 43 30 114 80 45 151 30 39 44
internal_value=0 -0.000672977 -0.000526634 -5.67578e-05 0.00415031 -0.000620683 0.000518796 -0.00187795 0.00163561 -0.00167766 0.0025726 0.0017348 0.0046581 0.000617512 0.00201267 -0.000967353 -0.00341561 0.00863583 0.00537236 0.00263781
internal_weight=0 2211 2155 1599 189 1410 819 556 440 97 343 264 73 191 128 352 204 61 79 77
internal_count=2651 2211 2155 1599 189 1410 819 556 440 97 343 264 73 191 128 352 204 61 79 77
is_linear=0
shrinkage=0.03


Tree=166
num_leaves=27
num_cat=0
split_feature=3 3 6 8 8 0 14 3 3 18 17 13 13 17 0 3 12 16 17 15 3 8 12 13 12 5
split_gain=3.2029 6.49754 6.99752 5.89105 5.11966 3.61917 3.50457 2.27892 2.70318 2.16799 1.93082 1.72742 1.76397 1.66978 4.20618 3.59518 2.06595 1.51017 4.30204 1.41828 1.34335 1.78769 1.17894 0.75597 0.651188 0.390585
threshold=0.13455000000000003 0.15205000000000005 0.017900000000000003 0.19170000000000001 0.19900000000000004 0.37145 0.40500112359550566 0.17515000000000003 0.20650000000000004 4.5000000000000009 0.025175842696629234 -0.16197977528089777 -3.6674471910112358 -0.0083202247191011252 0.0032500000000000007 0.033000000000000008 0.71181573033707946 -4.3259191011236444 0.0081797752808988895 -6.3738668539325838 0.077300000000000021 0.19280000000000003 1.1112595505617977 -0.16197977528089777 1.1752595505617995 0.48055000000000009
decision_type=2 2 2 2 2 2 2 2 2 2 2 2 2 2 2 2 2 2 2 2 2 2 2 2 2 2
left_child=5 3 4 -2 23 13 9 -4 -9 11 -10 12 -7 14 -1 -16 -17 -11 -19 -13 21 22 -8 -3 -23 -15
right_child=1 2 7 -5 -6 6 20 8 10 17 -12 19 -14 25 15 16 -18 18 -20 -21 -22 24 -24 -25 -26 -27
leaf_value=-0.014111812292248942 -0.0025430639530532062 -0.0086279780431951 0.007215595895554437 -0.018027672242464089 -0.017905083090405571 -0.00069210862572770227 0.0092554292430480321 -0.0038529934237188316 0.00022144724880785656 -0.00069210862572770227 0.0070949736796319489 0.0017621665294461034 0.0033955453279338656 -0.00069210862572770227 -0.00069210862572770227 -0.0082378151959801461 -0.0023498568801352611 0.00013814418484080115 0.010881896514053406 -0.00069210862572770227 0.0095979670379814259 -0.00069210862572770227 0.003250301366124083 -0.0038529934237188316 0.0023184454258196427 -0.0043798463612671409
leaf_weight=32 48 31 43 41 33 84 45 62 296 296 42 218 394 138 76 51 65 286 38 88 37 30 85 30 30 32
leaf_count=32 48 31 43 41 33 84 45 62 296 296 42 218 394 138 76 51 65 286 38 88 37 30 85 30 30 32
internal_value=0 -0.00216883 -0.000924557 -0.00967642 -0.00835893 0.00028643 0.000909784 0.000652939 -5.25467e-05 0.000350618 0.00107555 0.00141404 0.00254075 -0.002294 -0.0040421 -0.00236382 -0.00639467 -0.000692109 0.00139821 -0.000345966 0.00436824 0.00334982 0.005329 -0.00385299 -0.000692109 -0.000692109
internal_weight=0 626 537 89 94 2025 1631 443 400 1404 338 784 478 394 224 192 116 620 324 306 227 190 130 61 60 170
internal_count=2651 626 537 89 94 2025 1631 443 400 1404 338 784 478 394 224 192 116 620 324 306 227 190 130 61 60 170
is_linear=0
shrinkage=0.03


Tree=167
num_leaves=26
num_cat=0
split_feature=15 15 17 15 7 14 4 0 7 14 4 14 5 12 2 12 17 0 16 7 12 7 7 0 15
split_gain=2.00786 1.86545 3.23551 3.12865 2.15491 2.17396 1.8801 1.83693 3.97581 3.67479 2.89182 2.26129 1.99698 1.6682 1.38841 1.37292 0.829698 0.869081 1.32235 0.906382 0.417513 0.376386 0.21842 0.1364 0.0964422
threshold=17.134106741573039 5.636198876404495 0.039179775280898867 1.856041011235954 -0.32904999999999995 -0.18158426966292132 0.31145000000000006 0.30040000000000006 -0.3783999999999999 -0.36331348314606732 0.30820000000000003 0.3460865168539326 0.22590000000000002 -1.5357831460674143 0.00045000000000000004 -1.5672831460674155 -0.055394382022471871 0.88915000000000011 14.639140449438118 -0.3542499999999999 -0.77568426966292126 -0.32839999999999997 -0.29124999999999995 0.56540000000000012 29.104062359550564
decision_type=2 2 2 2 2 2 2 2 2 2 2 2 2 2 2 2 2 2 2 2 2 2 2 2 2
left_child=1 3 4 7 6 -6 13 9 10 -1 -9 -11 -10 -3 16 -16 23 19 -19 24 -8 -4 -7 -2 -18
right_child=14 2 21 -5 5 22 20 8 12 11 -12 -13 -14 -15 15 -17 17 18 -20 -21 -22 -23 -24 -25 -26
leaf_value=-0.011333470284007489 0.0039173049142118546 0.0064768222447544816 0.0053975382312866187 0.0087504956024863252 -0.014000721324700861 -0.0044275444235750572 -0.0044275444235750572 0.0082279908625090391 0.0014128206749073645 -0.0010347905059977834 0.0020618241641307275 -0.008310910226204074 -0.0010347905059977834 -0.0015811216285206622 0.00041837192578899165 -0.0053604865920425827 0.0025038455659208 0.0025038455659208 0.0094809378366917368 0.00041837192578899165 -0.0019805778618202799 0.0010577428541649636 -0.0069149017230268903 0.0064106345348633256 0.0014611087458548957
leaf_weight=36 40 31 35 34 30 60 37 95 362 347 61 39 853 91 48 49 33 43 30 114 30 37 33 39 44
leaf_count=36 40 31 35 34 30 60 37 95 362 347 61 39 853 91 48 49 33 43 30 114 30 37 33 39 44
internal_value=0 -0.000664318 -0.00256506 -0.000264819 -0.00388792 -0.00697848 -0.00187661 -0.000435774 9.69665e-05 -0.00216655 0.00460556 -0.0013116 -0.000481915 0.000466389 0.00155476 -0.00161419 0.00245093 0.0016438 0.00442802 0.000579667 -0.00442754 0.00316737 -0.00471324 0.00514819 0.00250385
internal_weight=0 2211 384 1827 312 123 189 1793 1371 422 156 386 1215 122 440 97 343 264 73 191 67 72 93 79 77
internal_count=2651 2211 384 1827 312 123 189 1793 1371 422 156 386 1215 122 440 97 343 264 73 191 67 72 93 79 77
is_linear=0
shrinkage=0.03


Tree=168
num_leaves=21
num_cat=0
split_feature=3 7 12 3 3 4 7 8 13 2 13 7 6 4 3 5 3 17 17 13
split_gain=2.9311 7.69408 5.44944 4.55481 3.58354 7.90716 4.94809 4.26999 2.75814 2.80775 2.05192 2.5612 2.36987 2.04688 1.3584 1.33071 0.946009 0.808285 0.675952 0.391531
threshold=0.13455000000000003 -0.34824999999999995 -0.19338202247190669 0.18280000000000005 0.11370000000000001 0.39680000000000004 -0.32419999999999999 0.20290000000000002 -3.8039471910112357 0.00015000000000000004 3.0847595505617957 -0.34549999999999997 0.0023000000000000004 0.57935000000000014 0.11965000000000002 0.31805000000000005 0.17060000000000003 -0.0013202247191011205 0.0086758426966292174 -0.2692134831460668
decision_type=2 2 2 2 2 2 2 2 2 2 2 2 2 2 2 2 2 2 2 2
left_child=4 3 -3 16 5 7 14 10 -5 13 12 -12 -1 -10 15 -6 19 -9 -11 -2
right_child=1 2 -4 8 6 -7 -8 17 9 18 11 -13 -14 -15 -16 -17 -18 -19 -20 -21
leaf_value=-0.0015179767950997435 0.0011219411745498125 -0.0050953664670753806 -0.015878535505384206 0.0094353706756186099 0.013197022876638979 -0.011023953284883614 -0.0038932065039556079 -0.0024208131947286008 0.0026478421744534522 -0.0050953664670753806 0.0073243939551715567 0.0010416443802582968 0.001018263823967381 -0.0016643047535029689 0.0033552342976133028 0.0053701409325174823 -0.0050953664670753806 -0.0053967456763231725 -0.0016643047535029689 -0.0035732818488031625
leaf_weight=521 33 43 60 31 46 58 47 33 259 51 83 197 912 45 45 34 42 49 31 31
leaf_count=521 33 43 60 31 46 58 47 33 259 51 83 197 912 45 45 34 42 49 31 31
internal_value=0 -0.00208609 -0.00958062 -0.00061011 0.000262688 -0.000121808 0.00440496 0.000230462 0.000825939 0.000134508 0.000555119 0.00290403 9.61554e-05 0.00146336 0.00752507 0.0098706 -0.00509537 -0.00539675 -0.00479197 -0.00115231
internal_weight=0 626 103 523 2025 1853 172 1795 417 386 1713 280 1433 304 125 80 106 82 82 64
internal_count=2651 626 103 523 2025 1853 172 1795 417 386 1713 280 1433 304 125 80 106 82 82 64
is_linear=0
shrinkage=0.03


Tree=169
num_leaves=21
num_cat=0
split_feature=3 3 6 4 8 8 3 4 8 0 3 17 2 12 3 17 5 17 13 3
split_gain=2.80198 5.87574 6.47489 5.44779 5.3368 4.69346 3.37655 7.43545 4.08817 4.02095 3.06709 3.26258 2.96325 2.73443 2.10387 2.17953 1.33592 0.764117 0.760194 0.73874
threshold=0.13455000000000003 0.15205000000000005 0.017900000000000003 0.16300000000000003 0.19170000000000001 0.19900000000000004 0.11370000000000001 0.39680000000000004 0.20290000000000002 0.35155000000000008 0.11670000000000001 -0.0073202247191011252 0.00015000000000000004 -0.47928314606741645 0.18280000000000005 0.019175842696629228 0.31805000000000005 -0.0013202247191011205 -0.16197977528089777 0.018650000000000003
decision_type=2 2 2 2 2 2 2 2 2 2 2 2 2 2 2 2 2 2 2 2
left_child=6 4 5 -4 -2 18 7 8 9 19 16 -12 -13 -11 -5 -16 -8 -10 -3 -1
right_child=1 2 3 14 -6 -7 10 -9 17 13 11 12 -14 -15 15 -17 -18 -19 -20 -21
leaf_value=-0.00058732526111294797 -0.002394341030449141 -0.0084532417621343368 0.01019967145868577 -0.0036782232692949409 -0.017132526988663323 -0.017151080816984177 0.013749241933983284 -0.010693234697562353 -0.0023489948413424919 -0.00058732526111294797 -0.0072654220461845394 0.010342235810270436 -0.0015053207076179157 0.0021218989366662711 -0.00071031485174575604 0.004848065177375108 0.0052090367017423398 -0.0052364553940942556 -0.0036782232692949409 -0.0023489948413424919
leaf_weight=75 48 31 48 58 41 33 32 58 33 497 30 38 38 945 270 67 34 49 30 196
leaf_count=75 48 31 48 58 41 33 32 58 33 497 30 38 38 945 270 67 34 49 30 196
internal_value=0 -0.00204451 -0.000861268 0.000656175 -0.00918384 -0.00801262 0.000251949 -0.000121277 0.000220324 0.000538466 0.00427281 0.0011117 0.00441846 0.00117434 -0.000503541 0.000496922 0.00934974 -0.00523646 -0.00367822 -0.00234899
internal_weight=0 626 537 443 89 94 2025 1853 1795 1713 172 106 76 1442 395 337 66 82 61 271
internal_count=2651 626 537 443 89 94 2025 1853 1795 1713 172 106 76 1442 395 337 66 82 61 271
is_linear=0
shrinkage=0.03


Tree=170
num_leaves=24
num_cat=0
split_feature=16 13 16 3 16 14 2 15 15 8 17 3 16 1 7 12 16 8 3 2 3 3 5
split_gain=3.28613 5.04849 3.98738 3.54842 3.05477 1.80618 2.3539 2.33145 2.03452 2.0116 1.86088 1.76084 1.94157 4.10751 3.37363 1.76101 1.16164 1.8122 1.07437 1.47624 1.44675 0.812382 0.619185
threshold=30.222860674157236 2.2225887640449451 22.737249438202358 0.061000000000000006 15.368640449438148 0.27495730337078667 0.00045000000000000004 10.523291011235957 8.9967910112359579 0.19430000000000003 0.0031797752808988837 0.28140000000000004 32.123080898876317 0.019500000000000003 -0.33544999999999997 2.0448039325842733 29.233444943820249 0.19430000000000003 0.25870000000000004 0.00030000000000000008 0.017000000000000005 0.098450000000000024 0.31530000000000008
decision_type=2 2 2 2 2 2 2 2 2 2 2 2 2 2 2 2 2 2 2 2 2 2 2
left_child=2 3 4 -2 5 6 10 8 -7 -8 -1 12 14 -14 -3 -15 18 22 19 20 -4 -6 -18
right_child=1 11 16 -5 21 7 9 -9 -10 -11 -12 -13 13 15 -16 -17 17 -19 -20 -21 -22 -23 -24
leaf_value=1.2645869121080916e-05 -0.0025681480239419375 0.00093145369991867082 0.001120531401202655 -0.013653068667066828 -0.0077596765483633201 -0.0050719865658779588 -0.0010272362537371614 -0.0093454354190947234 0.0014082781113766596 -0.0084074692671688694 0.0024471423189692909 -0.0074978802952682597 0.0091059044614667066 0.00066993248089877234 -0.010735972971643174 -0.006466078303362194 0.010202869577531484 -0.00067210624553263188 -0.0031091773658408783 -0.0017042103758354162 0.0058392019549501125 -0.0016787721063010394 0.0050146138650440679
leaf_weight=683 51 54 66 53 58 71 225 37 113 39 482 32 48 172 38 38 47 30 32 53 128 30 37
leaf_count=683 51 54 66 53 58 71 225 37 113 39 482 32 48 172 38 38 47 30 32 53 128 30 37
internal_value=0 -0.00235718 0.000376555 -0.00821719 -0.00024053 4.99294e-05 0.000440266 -0.00247401 -0.00109226 -0.0021175 0.00101988 -0.00076178 -0.000145908 0.00118838 -0.0038877 -0.000621346 0.00310554 0.00565713 0.00206296 0.00273304 0.00394527 -0.00568664 0.00791757
internal_weight=0 486 2131 104 1738 1650 1429 221 184 264 1165 382 350 258 92 210 393 114 279 247 194 88 84
internal_count=2617 486 2131 104 1738 1650 1429 221 184 264 1165 382 350 258 92 210 393 114 279 247 194 88 84
is_linear=0
shrinkage=0.03


Tree=171
num_leaves=24
num_cat=0
split_feature=16 13 16 3 16 3 16 1 12 16 16 16 3 3 0 16 8 8 2 3 13 3 5
split_gain=3.09009 4.75012 3.74185 3.33871 2.87424 1.65677 1.82682 3.86475 1.65693 1.46294 2.71367 3.05732 1.40399 1.34256 1.11303 1.41963 1.64488 1.08286 0.82593 0.846314 0.782254 0.76437 0.673166
threshold=30.222860674157236 2.2225887640449451 22.737249438202358 0.061000000000000006 15.368640449438148 0.28140000000000004 32.123080898876317 0.019500000000000003 2.0448039325842733 9.7684449438202154 7.7131404494380726 -4.3259191011236444 0.13455000000000003 0.15055000000000004 0.081650000000000014 29.233444943820249 0.19185000000000002 0.18610000000000002 0.00015000000000000004 0.017000000000000005 -0.47297977528089769 0.098450000000000024 0.31235000000000007
decision_type=2 2 2 2 2 2 2 2 2 2 2 2 2 2 2 2 2 2 2 2 2 2 2
left_child=2 3 4 -2 9 6 17 -8 -9 10 11 -1 20 -12 -4 18 22 -3 19 -16 -11 -6 -17
right_child=1 5 14 -5 21 -7 7 8 -10 12 13 -13 -14 -15 15 16 -18 -19 -20 -21 -22 -23 -24
leaf_value=-0.00050401397438541988 -0.0024911035246708811 -0.0013369396469019102 -0.0019441573772378065 -0.013243476744776345 -0.0075268862512091099 -0.0072729439329123121 0.0088327273211325514 0.00064983451818819912 -0.0062720959844361794 0.0073266557204936227 -0.0026179932121579582 0.003453262497604425 -0.0016049135766797145 -0.0094892772896723303 0.0021051780750903871 0.012100344613815346 0.001499519127568132 -0.0081229994284116053 0.00078932349442944149 0.0050039766387243827 0.0025483937965754158 -0.0016284090613480657 0.0060156010631471869
leaf_weight=1076 51 59 37 53 58 32 48 172 38 42 114 210 59 33 61 36 38 33 61 130 116 30 30
leaf_count=1076 51 59 37 53 58 32 48 172 38 42 114 210 59 33 61 36 38 33 61 130 116 30 30
internal_value=0 -0.00228646 0.00036447 -0.00797068 -0.000233314 -0.000738926 -0.00014153 0.00115272 -0.000602705 4.84315e-05 -0.000299184 0.000142198 0.00234398 -0.00416053 0.0030081 0.0035228 0.00647175 -0.00377107 0.00230578 0.00342103 0.00381856 -0.00551604 0.00933455
internal_weight=0 486 2131 104 1738 382 350 258 210 1650 1433 1286 217 147 393 356 104 92 252 191 158 88 66
internal_count=2617 486 2131 104 1738 382 350 258 210 1650 1433 1286 217 147 393 356 104 92 252 191 158 88 66
is_linear=0
shrinkage=0.03


Tree=172
num_leaves=25
num_cat=0
split_feature=16 13 16 3 16 3 16 7 5 3 16 16 16 7 3 3 7 17 2 0 13 3 3 3
split_gain=2.89963 4.46939 3.47877 3.14139 2.70437 1.55886 1.71886 3.12646 1.93429 1.74032 1.37648 2.55329 2.87663 1.36041 1.32101 1.06654 1.27652 1.14432 1.10407 0.916169 0.736022 0.719196 0.468239 0.00887045
threshold=30.222860674157236 2.2225887640449451 22.737249438202358 0.061000000000000006 15.368640449438148 0.28140000000000004 32.123080898876317 -0.33544999999999997 0.36040000000000005 0.11740000000000002 9.7684449438202154 7.7131404494380726 -4.3259191011236444 -0.41099999999999998 0.13455000000000003 0.26600000000000007 -0.31124999999999997 -0.0013202247191011205 0.00045000000000000004 0.3040500000000001 -0.47297977528089769 0.098450000000000024 0.031000000000000003 0.0089000000000000017
decision_type=2 2 2 2 2 2 2 2 2 2 2 2 2 2 2 2 2 2 2 2 2 2 2 2
left_child=2 3 4 -2 10 6 7 -3 9 -8 11 12 -1 -13 20 16 18 -18 19 -4 -12 -6 -10 -19
right_child=1 5 15 -5 21 -7 8 -9 22 -11 14 13 -14 -15 -16 -17 17 23 -20 -21 -22 -23 -24 -25
leaf_value=-0.00048889354843186243 -0.0024163704102530196 0.00098131852625455286 0.0043057774442493988 -0.012846172331955353 -0.0073010796642508993 -0.0070547558547696095 0.0011920129510350284 -0.010250564889038765 -0.00060765187069773674 0.0082865159485775684 0.0071068560225622992 0.0013283344764601101 0.0033496646570108294 -0.0055884603361942269 -0.0015567660997858491 -0.0020224011324656505 -0.0023286867370351113 0.0014374277356546373 0.0027849556376961502 0.0072227513330174447 0.0024719419769926704 -0.0015795568627072498 -0.0057152525285658028 0.0027849556376961502
leaf_weight=1076 51 54 48 53 58 32 154 38 30 39 42 33 210 114 59 36 56 32 37 151 116 30 35 33
leaf_count=1076 51 54 48 53 58 32 154 38 30 39 42 33 210 114 59 36 56 32 37 151 116 30 35 33
internal_value=0 -0.00221787 0.000350072 -0.00773156 -0.000226315 -0.000716758 -0.000137284 -0.00365794 0.00111814 0.00262562 4.69786e-05 -0.000290209 0.000137932 -0.00403571 0.00227366 0.00289908 0.00339536 0.000890038 0.00467987 0.0058266 0.00370401 -0.00535056 -0.0033579 0.00278496
internal_weight=0 486 2131 104 1738 382 350 92 258 193 1650 1433 1286 147 217 393 357 121 236 199 158 88 65 65
internal_count=2617 486 2131 104 1738 382 350 92 258 193 1650 1433 1286 147 217 393 357 121 236 199 158 88 65 65
is_linear=0
shrinkage=0.03


Tree=173
num_leaves=15
num_cat=0
split_feature=2 8 6 12 8 4 4 3 3 3 3 7 14 14
split_gain=2.40208 3.14697 1.73374 2.01663 1.99699 2.10888 1.5805 2.91147 2.01566 1.50316 3.76006 1.02309 0.90094 2.63125
threshold=0.00045000000000000004 0.19750000000000004 0.045500000000000006 -0.47928314606741645 0.19185000000000002 0.12835000000000002 0.48930000000000007 0.017000000000000005 0.039500000000000007 0.018400000000000003 0.046950000000000013 -0.34939999999999999 -0.11695393258426963 0.0095865168539325824
decision_type=2 2 2 2 2 2 2 2 2 2 2 2 2 2
left_child=2 9 4 -4 5 -1 7 -5 -9 -2 -11 -6 -12 -14
right_child=1 -3 3 6 11 -7 -8 8 -10 10 12 -13 13 -15
leaf_value=0.00085956845957569912 -0.00086428106980602451 -0.0094994349988258391 0.00085956845957569912 0.0027212573803774565 -6.1769231444950035e-05 -6.1769231444950035e-05 0.00085956845957569912 0.013447925167588087 0.0055287990774793017 -0.0053747446731199633 -0.00086428106980602451 -0.00086428106980602451 -0.0053747446731199633 -0.00086428106980602451
leaf_weight=634 146 46 160 119 226 382 58 39 112 97 75 404 41 78
leaf_count=634 146 46 160 119 226 382 58 39 112 97 75 404 41 78
internal_value=0 -0.00203571 0.000307148 0.00187759 -0.000158451 0.000740743 0.00351952 0.00458295 0.00757414 -0.00125005 -0.00307164 -0.000864281 -0.000864281 -0.00357092
internal_weight=0 483 2134 488 1646 1016 328 270 151 437 291 630 194 119
internal_count=2617 483 2134 488 1646 1016 328 270 151 437 291 630 194 119
is_linear=0
shrinkage=0.03


Tree=174
num_leaves=25
num_cat=0
split_feature=18 3 3 6 14 5 0 3 17 3 3 13 5 3 1 2 8 12 5 12 3 17 3 12
split_gain=2.59078 2.52697 2.9881 2.26828 1.98538 1.7976 1.62568 5.34148 1.86572 2.0083 2.53246 6.38078 2.30918 1.6616 1.57669 2.47143 1.40778 1.27457 1.19718 1.07085 1.01482 0.612993 0.446814 0.11165
threshold=4.5000000000000009 0.25870000000000004 0.21750000000000003 0.025450000000000004 0.40500112359550566 0.31655000000000005 0.072950000000000015 0.046950000000000013 0.049105617977528111 0.015200000000000002 0.25665000000000004 2.0710887640449429 0.21680000000000002 0.34510000000000007 0.53665000000000007 0.00030000000000000008 0.18520000000000003 0.80481573033707587 0.26625000000000004 1.1112595505617977 0.037600000000000001 -0.004324157303370795 0.028950000000000004 1.0000000180025095e-35
decision_type=2 2 2 2 2 2 2 2 2 2 2 2 2 2 2 2 2 2 2 2 2 2 2 2
left_child=1 2 4 -3 14 -5 7 -2 9 16 12 -12 -11 -9 15 -1 17 -8 -18 -6 -10 -7 -21 -16
right_child=6 3 -4 5 19 21 8 13 20 10 11 -13 -14 -15 23 -17 18 -19 -20 22 -22 -23 -24 -25
leaf_value=0.001643506386928271 -0.015579872950611097 -0.0081999606906902039 0.0092881288756616418 0.0042642944836989039 0.0083335044942796227 -0.0043552405418254567 0.001204281378215377 -0.0026114170030201007 -0.00069042865679982827 0.0039819958969019359 0.012518400903791188 -0.0026114170030201007 -0.0026114170030201007 -0.01011223944750699 -0.0054623810739722108 -0.0016661843754024147 0.00079793450760353411 0.00695592105279074 -0.0026114170030201007 0.0046926031485199932 0.0059026744761927563 0.0001321323975571431 -0.00021210297796642408 -0.0028741424814797936
leaf_weight=786 31 48 40 45 45 46 78 57 34 48 36 49 559 33 30 234 142 51 41 35 55 32 32 30
leaf_count=786 31 48 40 45 45 46 78 57 34 48 36 49 559 33 30 234 142 51 41 35 55 32 32 30
internal_value=0 0.000748475 0.00122281 -0.00266896 0.000952162 -0.00051052 -0.0011443 -0.0044438 -0.000779036 -0.00114807 -0.002049 0.00280979 -0.00261142 -0.00261142 0.000557884 0.000835893 0.000850158 0.00325033 -0.000841764 0.00475412 0.00338396 -0.00326522 0.00235006 -0.00416826
internal_weight=0 1403 1232 171 1192 123 1214 121 1093 1004 692 85 607 90 1080 1020 312 129 183 112 89 78 67 60
internal_count=2617 1403 1232 171 1192 123 1214 121 1093 1004 692 85 607 90 1080 1020 312 129 183 112 89 78 67 60
is_linear=0
shrinkage=0.03


Tree=175
num_leaves=18
num_cat=0
split_feature=0 3 2 8 16 16 14 4 14 16 4 15 15 2 3 16 14
split_gain=2.35331 4.80264 3.68995 2.73458 2.53137 2.81989 1.84128 2.21577 1.56338 1.03794 0.993204 0.878813 0.630346 0.539086 0.440983 0.277803 0.209309
threshold=0.081650000000000014 0.046950000000000013 0.042200000000000008 0.14960000000000004 -24.753139325842763 33.030350561797782 -0.11695393258426963 0.37785000000000007 0.48391573033707874 56.013350561797729 0.061200000000000011 14.504220224719107 29.580475280898877 0.27755000000000002 0.31860000000000005 -41.099750561797627 0.088001123595505673
decision_type=2 2 2 2 2 2 2 2 2 2 2 2 2 2 2 2 2
left_child=1 2 -1 13 11 6 7 -6 -8 -7 -11 -5 15 -2 -3 -13 -16
right_child=3 14 -4 4 5 9 8 -9 -10 10 -12 12 -14 -15 16 -17 -18
leaf_value=-0.0028422989991240149 0.0089216416748240587 -0.0014421859140218397 -0.016718891659485442 -0.0014421859140218397 0.0028432642608674083 -0.0014421859140218397 -0.00024778918508472369 -0.0014421859140218397 0.0030223112456963653 0.0030223112456963653 -0.0014421859140218397 0.0030223112456963653 -0.0014421859140218397 0.003370722414054457 -0.0028918915219943628 0.00074586230630994629 -0.0060070683248341084
leaf_weight=34 32 121 35 272 548 156 870 44 61 66 46 58 50 31 55 113 30
leaf_count=34 32 121 35 272 548 156 870 44 61 66 46 58 50 31 55 113 30
internal_value=0 -0.00290883 -0.00988115 2.44574e-05 -0.000145614 0.000406027 0.000941794 0.00224991 0.000109996 -0.00144219 0.00198798 -0.00144219 0.000724698 0.00619024 -0.00144219 0.00162146 -0.00399137
internal_weight=0 275 69 2347 2284 1791 1523 592 931 268 112 493 221 63 206 171 85
internal_count=2622 275 69 2347 2284 1791 1523 592 931 268 112 493 221 63 206 171 85
is_linear=0
shrinkage=0.03


Tree=176
num_leaves=20
num_cat=0
split_feature=17 8 16 16 2 3 8 15 14 18 3 8 15 8 12 15 12 7 1
split_gain=2.35412 6.91263 3.81689 3.73079 3.37596 3.01865 2.56651 3.40237 2.55149 3.06412 2.18975 1.95565 1.87658 3.11498 2.20062 1.55966 0.936718 0.770647 1.38042
threshold=-0.012218539325842713 0.20320000000000002 33.094215730337062 -23.968639325842727 0.27755000000000002 0.30960000000000004 0.13425000000000004 -12.533024719101123 0.089046067415730359 4.5000000000000009 0.083850000000000022 0.20095000000000002 17.263128089887644 0.16835000000000003 -2.084010112359548 -10.040871910112347 0.31202921348314488 -0.28729999999999994 0.052700000000000004
decision_type=2 2 2 2 2 2 2 2 2 2 2 2 2 2 2 2 2 2 2
left_child=1 4 3 12 6 8 -1 10 9 -5 -8 -10 13 -2 -15 -9 -7 18 -14
right_child=2 -3 -4 5 -6 16 7 15 11 -11 -12 -13 17 14 -16 -17 -18 -19 -20
leaf_value=0.0074549339711666102 0.0037131907708115048 -0.015140227902447805 -0.0077317455433309071 0.0020502649061248145 -0.0080559708570939158 -0.0057791153848941977 -0.0043474507514468658 0.0021464017847307999 0.00098868675827042682 0.0067083487749594996 0.0031550526511855423 -0.0057245914693525492 0.0040196067267625601 -0.0087958885611885262 -0.0025362711951934865 -0.00095026938363997309 0.00075057349912822241 -0.0032800654320453756 -0.00088749921599109538
leaf_weight=34 54 32 50 479 31 58 79 193 231 173 40 47 97 69 189 606 30 36 94
leaf_count=34 54 32 50 479 31 58 79 193 231 173 40 47 97 69 189 606 30 36 94
internal_value=0 -0.00141841 0.000427081 0.000689086 -0.000971714 0.00175764 -0.000638931 -0.000938703 0.00226016 0.00328623 -0.00434745 -0.000146292 -0.00132908 -0.00283897 -0.00421035 -0.000202262 -0.00355309 0.000746191 0.00150507
internal_weight=0 1015 1607 1557 983 1018 952 918 930 652 119 278 539 312 258 799 88 227 191
internal_count=2622 1015 1607 1557 983 1018 952 918 930 652 119 278 539 312 258 799 88 227 191
is_linear=0
shrinkage=0.03


Tree=177
num_leaves=26
num_cat=0
split_feature=17 7 3 12 16 16 4 3 3 13 3 5 7 13 17 18 4 3 7 3 8 4 8 7 3
split_gain=2.26009 5.93242 6.72748 4.8223 3.66306 3.04296 2.39586 2.09009 6.97551 1.69215 1.55005 2.19706 2.78186 1.94683 1.5115 1.35897 2.68312 1.56307 1.29187 1.23118 1.03617 3.57207 0.984944 0.347952 0.051054
threshold=-0.0073202247191011252 -0.31494999999999995 0.018400000000000003 1.0987595505618002 33.094215730337062 -23.968639325842727 0.30820000000000003 0.13455000000000003 0.083850000000000022 -0.37559382022472038 0.30960000000000004 0.34110000000000001 -0.34939999999999999 -0.10697977528089807 0.05910561797752812 4.5000000000000009 0.24220000000000003 0.13455000000000003 -0.42994999999999994 0.064250000000000015 0.18545000000000003 0.024400000000000002 0.19525000000000003 -0.34994999999999993 0.31860000000000005
decision_type=2 2 2 2 2 2 2 2 2 2 2 2 2 2 2 2 2 2 2 2 2 2 2 2 2
left_child=1 6 20 9 5 14 7 8 19 -4 11 12 -7 -13 15 17 -17 -2 24 -1 -3 -22 -12 -10 -8
right_child=4 2 3 -5 -6 10 18 -9 23 -11 22 13 -14 -15 -16 16 -18 -19 -20 -21 21 -23 -24 -25 -26
leaf_value=0.0014330638764594446 0.0013036856761414416 -0.0023655024025939571 -0.011569213979157871 -0.0037086516223391705 -0.0074997930586338038 0.0064935559681877234 -0.00062057125694920453 -0.00062057125694920453 0.011728214633185416 -0.02141371641308069 0.00092431655991822475 0.00057430530509610821 0.0018395004450198103 -0.0075084083308191857 0.0038219269826275078 -0.0016627783362477106 -0.009818467362929368 -0.0046927056704253811 -0.0023655024025939571 -0.00062057125694920453 -0.0037827814912598659 -0.013623219371462861 -0.0058202281741327353 0.0079796255550956211 -0.0014930368297715808
leaf_weight=361 158 69 33 49 50 143 112 75 39 30 40 127 603 34 47 149 48 52 92 43 99 36 38 52 43
leaf_count=361 158 69 33 49 50 143 112 75 39 30 40 127 603 34 47 149 48 52 92 43 99 36 38 52 43
internal_value=0 -0.00129528 -0.00478579 -0.0107671 0.00048275 0.000760114 5.47889e-05 0.00112436 0.00208244 -0.0162571 0.0016967 0.0020457 0.00273163 -0.0011326 -0.00127191 -0.00186014 -0.00364995 -0.000181135 -0.0023655 0.000392248 -0.0023655 -0.00520006 -0.00236149 0.00958616 -0.000620571
internal_weight=0 1133 316 112 1489 1439 817 570 495 63 985 907 746 161 454 407 197 210 247 404 204 135 78 91 155
internal_count=2622 1133 316 112 1489 1439 817 570 495 63 985 907 746 161 454 407 197 210 247 404 204 135 78 91 155
is_linear=0
shrinkage=0.03


Tree=178
num_leaves=24
num_cat=0
split_feature=17 16 16 2 15 3 16 3 14 18 4 3 3 12 15 3 13 13 12 1 3 3 3
split_gain=2.14444 3.37972 3.32352 3.13812 2.72799 4.32427 3.057 2.71504 2.40108 2.90161 2.28712 3.62976 2.99648 1.88541 1.68783 1.51655 4.2706 2.01668 0.886091 0.679995 0.961717 0.641718 0.211766
threshold=-0.012218539325842713 33.094215730337062 -23.968639325842727 0.27755000000000002 -12.533024719101123 0.083850000000000022 -5.8954191011236494 0.30960000000000004 0.089046067415730359 4.5000000000000009 0.37155000000000005 0.13965000000000002 0.11670000000000001 1.0902595505618005 17.263128089887644 0.15055000000000004 -3.7259471910112358 -3.7259471910112358 0.31202921348314488 0.096500000000000016 0.11480000000000001 0.03160000000000001 0.071700000000000014
decision_type=2 2 2 2 2 2 2 2 2 2 2 2 2 2 2 2 2 2 2 2 2 2 2
left_child=3 2 14 4 5 -1 22 8 9 -4 12 -12 -8 -10 15 16 -2 -17 -9 20 -16 -21 -6
right_child=1 -3 7 -5 6 -7 10 18 13 -11 11 -13 -14 -15 19 17 -18 -19 -20 21 -22 -23 -24
leaf_value=-0.0059098032761524914 0.0057176258474854478 -0.0072747995115816592 0.0019268751131389166 -0.010756885802914059 -0.0059098032761524914 0.0037979461226080144 0.0018454883993583402 -0.0055439452515465429 -0.0019236541740387119 0.006459753321957468 -0.0059098032761524914 -0.0014605020962944863 -0.0014605020962944863 0.0033414254771484122 0.00012037532391259442 -0.012116265674403621 -0.0037500854947634769 -0.0020670079398778175 0.00080683688633143903 0.00012037532391259442 0.0049483304794289565 -0.0048218297979540446 -0.0035290291571222683
leaf_weight=84 56 50 479 31 54 42 562 58 187 173 50 65 93 91 95 32 183 41 30 42 57 33 34
leaf_count=84 56 50 479 31 54 42 562 58 187 173 50 65 93 91 95 32 183 41 30 42 57 33 34
internal_value=0 0.000402583 0.000649127 -0.0013588 -0.00106272 -0.00518468 -0.000457398 0.00165768 0.00213425 0.00312962 0.000147973 -0.00375407 0.000833064 -0.000200193 -0.0012557 -0.00268765 -0.00153171 -0.00647216 -0.00337891 0.00071244 0.00186581 -0.00162506 -0.00575439
internal_weight=0 1607 1557 1015 984 126 858 1018 930 652 770 115 655 278 539 312 239 73 88 227 152 75 88
internal_count=2622 1607 1557 1015 984 126 858 1018 930 652 770 115 655 278 539 312 239 73 88 227 152 75 88
is_linear=0
shrinkage=0.03


Tree=179
num_leaves=21
num_cat=0
split_feature=17 8 0 16 16 4 0 18 15 8 3 15 2 17 12 17 16 1 3 3
split_gain=2.07356 6.22485 3.27832 3.18034 3.13448 2.47243 2.02718 2.15281 1.95706 3.5988 3.2452 1.87549 2.56152 1.68984 2.25124 1.32742 0.999944 0.634217 0.905968 0.607801
threshold=-0.012218539325842713 0.20320000000000002 0.0032500000000000007 33.094215730337062 -24.753139325842763 0.46985000000000005 0.081650000000000014 4.5000000000000009 17.263128089887644 0.16835000000000003 0.15055000000000004 10.523291011235957 0.00030000000000000008 -0.021820224719101108 0.38502921348314351 0.039179775280898867 45.355850561797759 0.096500000000000016 0.18280000000000005 0.03160000000000001
decision_type=2 2 2 2 2 2 2 2 2 2 2 2 2 2 2 2 2 2 2 2
left_child=1 2 -1 4 8 13 7 -6 9 -2 -11 12 -8 16 -15 -13 -4 18 -10 -19
right_child=3 -3 5 -5 6 -7 11 -9 17 10 -12 15 -14 14 -16 -17 -18 19 -20 -21
leaf_value=-0.0076398132014367697 0.0038092028349637984 -0.014362407296430318 0.0034990523358150809 -0.0070565556831657886 -0.00034138266045348286 -0.0040673085046316467 0.0034849527371048602 -0.0086880055367946612 0.00061186297715175905 -0.0029330030661525136 -0.012015872474216545 -0.00034138266045348286 -0.00034138266045348286 0.00083068797584884323 -0.002051990970804312 0.0046488865816758738 -8.9078844794130419e-05 0.00012222536910435573 0.0062929825804894785 -0.0046771748650776728
leaf_weight=55 54 32 154 50 60 62 622 35 120 166 45 88 206 328 256 54 128 42 32 33
leaf_count=55 54 32 154 50 60 62 622 35 120 166 45 88 206 328 256 54 128 42 32 33
internal_value=0 -0.00134111 -0.000917219 0.000390922 0.000630083 -0.000494804 0.00154497 -0.00263734 -0.00135031 -0.00310149 -0.00487011 0.00195458 0.00252463 -3.66734e-05 -0.000957553 -0.000341383 0.0018704 0.000694014 0.00180789 -0.00156344
internal_weight=0 1015 983 1607 1557 928 1065 95 492 265 211 970 828 866 584 142 282 227 152 75
internal_count=2622 1015 983 1607 1557 928 1065 95 492 265 211 970 828 866 584 142 282 227 152 75
is_linear=0
shrinkage=0.03


Tree=180
num_leaves=27
num_cat=0
split_feature=17 8 7 4 4 1 7 17 17 4 7 4 7 8 17 15 12 7 4 7 1 7 3 3 1 1
split_gain=1.86345 7.0399 2.79568 3.98771 2.52797 2.68248 5.43088 2.41157 4.00904 6.02889 1.99208 1.73783 5.30314 5.11368 3.07821 4.22899 1.68118 1.40477 2.51603 1.08005 0.823324 1.35011 0.742997 0.539137 0.509101 0.320847
threshold=-0.011820224719101128 0.20320000000000002 -0.3088499999999999 0.024400000000000002 0.29115000000000008 0.29910000000000009 -0.36609999999999993 -0.00071460674157303161 0.0016758426966292097 0.10385000000000001 -0.27924999999999994 0.071050000000000016 -0.34939999999999999 0.19355000000000003 0.0096758426966292183 -1.6509589887640448 1.0634898876404526 -0.32904999999999995 0.30820000000000003 -0.42994999999999994 0.065400000000000014 -0.34939999999999999 0.046950000000000013 0.039250000000000007 0.11285000000000002 0.055150000000000012
decision_type=2 2 2 2 2 2 2 2 2 2 2 2 2 2 2 2 2 2 2 2 2 2 2 2 2 2
left_child=1 2 4 -4 5 6 -1 10 9 -9 16 14 22 -14 15 -10 17 18 -2 -6 21 -18 -13 -16 -5 -19
right_child=7 -3 3 24 19 -7 -8 8 11 -11 -12 12 13 -15 23 -17 20 25 -20 -21 -22 -23 -24 -25 -26 -27
leaf_value=0.013155265542575905 0.0053128388502409508 -0.0146802075052013 -0.0023087666523718851 -0.0051184793622939696 -0.00078802734520896152 -0.00078802734520896152 0.0011653320850867881 0.00033703638240694999 0.0017211409257597301 -0.017872543884441257 -0.0051046099614884171 -0.0034552730444664371 -0.0034552730444664371 -0.011888065191784074 -0.00044195784549244633 0.013076160459502323 0.010622720738980344 0.0004856392455610022 0.0004856392455610022 -0.0023087666523718851 0.00069063289556652312 0.003815006981603801 -0.00044195784549244633 0.0020091993983506278 -0.0079281920722160549 -0.0013861156609490499
leaf_weight=38 128 36 112 36 135 209 323 36 146 30 35 39 67 84 320 37 39 37 77 82 33 80 292 85 61 45
leaf_count=38 128 36 112 36 135 209 323 36 146 30 35 39 67 84 320 37 39 37 77 82 33 80 292 85 61 45
internal_value=0 -0.00164725 -0.00117618 -0.00426043 -0.000357106 0.000732712 0.00242743 -1.42209e-05 -0.000764215 -0.00794005 0.00178323 -0.000321594 -0.00165695 -0.00646859 0.000773036 0.00401696 0.00233238 0.000981312 0.00235739 -0.00230877 0.0048834 0.00604611 -0.000441958 -0.000441958 -0.00792819 -0.00138612
internal_weight=0 1032 996 209 787 570 361 1610 1136 66 474 1070 482 151 588 183 439 287 205 217 152 119 331 405 97 82
internal_count=2642 1032 996 209 787 570 361 1610 1136 66 474 1070 482 151 588 183 439 287 205 217 152 119 331 405 97 82
is_linear=0
shrinkage=0.03


Tree=181
num_leaves=26
num_cat=0
split_feature=16 13 3 7 12 7 17 3 16 16 17 4 13 13 4 7 2 7 3 7 3 17 3 3 7
split_gain=2.39981 3.87228 3.75762 1.74747 4.02362 2.62841 1.61514 1.40146 3.18005 1.88277 3.01498 3.10611 2.61529 3.47731 4.19138 2.41645 1.72906 3.00887 1.93396 1.57461 1.29334 1.22274 1.58789 1.22023 0.670033
threshold=30.222860674157236 2.2316573033707869 0.056650000000000006 -0.34549999999999997 1.1377595505617999 -0.31149999999999994 -0.045894382022471862 0.37115000000000004 1.0000000180025095e-35 -23.769555056179737 -0.015320224719101131 0.37785000000000007 -2.8697404494382037 -1.9368426966292132 0.050300000000000004 -0.32264999999999994 0.00015000000000000004 -0.3542499999999999 0.28140000000000004 -0.37404999999999994 0.046950000000000013 0.049105617977528111 0.18280000000000005 0.18280000000000005 -0.32839999999999997
decision_type=2 2 2 2 2 2 2 2 2 2 2 2 2 2 2 2 2 2 2 2 2 2 2 2 2
left_child=7 2 -2 6 5 -5 -3 9 -9 12 11 15 21 14 -14 -11 18 -18 -12 -15 -8 22 -1 -22 -23
right_child=1 3 -4 4 -6 -7 20 8 -10 10 16 -13 13 19 -16 -17 17 -19 -20 -21 23 24 -24 -25 -26
leaf_value=-0.0017792601660126819 -0.0019565736626585323 -0.00099703804051447784 -0.013148264620556599 -0.0019706831601533025 -0.00099703804051447784 -0.013016724480672719 -0.00099703804051447784 0.001391850936692208 -0.011189080403948372 0.0013112693366438681 0.0017481226063064388 -0.0084512817875903867 -0.0015224942916463458 0.0033794937690877955 -0.01630116692242714 -0.0037178118817481984 0.00073530815027582829 -0.0031670963520210394 0.0086878276851616414 -0.004168594848272986 0.0081332460615410052 0.0064475345652317629 0.004448882922796266 0.000887770654434072 0.00090959443190299406
leaf_weight=300 54 57 54 33 121 47 35 40 33 218 739 53 31 42 39 142 80 213 38 61 52 32 42 35 51
leaf_count=300 54 57 54 33 121 47 35 40 33 218 739 53 31 42 39 142 80 213 38 61 52 32 42 35 51
internal_value=0 -0.00253969 -0.00755242 -0.00111502 -0.00303485 -0.00846023 0.00104077 -0.000209754 -0.00429542 -6.6432e-05 0.00050658 -0.00167068 -0.00148746 -0.00459704 -0.00975633 -0.000672424 0.00134696 -0.0006169 0.00208752 -0.00109073 0.00324652 -0.000221681 -0.0010144 0.0052184 0.0030447
internal_weight=0 488 108 380 201 80 179 2154 73 2081 1483 413 598 173 70 360 1070 293 777 103 122 425 342 87 83
internal_count=2642 488 108 380 201 80 179 2154 73 2081 1483 413 598 173 70 360 1070 293 777 103 122 425 342 87 83
is_linear=0
shrinkage=0.03


Tree=182
num_leaves=31
num_cat=0
split_feature=16 13 0 15 8 13 7 17 4 7 5 16 15 7 17 17 8 2 7 4 18 8 2 0 17 6 5 7 4 8
split_gain=2.26869 3.64448 3.35862 6.41241 1.80509 2.44221 1.24246 1.23065 2.35054 3.09978 3.63364 1.97401 2.04387 2.82447 2.00067 1.96129 1.80023 1.43884 2.42808 2.20287 1.35432 3.13427 0.908746 0.748633 0.737513 0.838296 0.689455 0.572802 0.450639 0.42323
threshold=30.222860674157236 2.2316573033707869 0.76035000000000019 -42.048850561797742 0.19900000000000004 3.0126398876404488 -0.31149999999999994 -0.016218539325842701 0.29115000000000008 -0.32264999999999994 0.36090000000000005 -23.769555056179737 10.523291011235957 -0.35034999999999994 0.049105617977528111 0.039179775280898867 0.16905000000000001 0.00015000000000000004 -0.3542499999999999 0.13925000000000001 4.5000000000000009 0.19815000000000002 0.00045000000000000004 0.86480000000000012 -0.045894382022471862 -0.0016999999999999997 0.35360000000000008 -0.32839999999999997 0.023350000000000003 0.18610000000000002
decision_type=2 2 2 2 2 2 2 2 2 2 2 2 2 2 2 2 2 2 2 2 2 2 2 2 2 2 2 2 2 2
left_child=7 2 3 -2 6 -6 24 8 9 10 -1 14 17 26 20 -15 -10 19 -19 -13 22 -22 -9 -8 -3 -26 -14 -16 29 -11
right_child=1 4 -4 -5 5 -7 23 11 16 28 -12 12 13 15 27 -17 -18 18 -20 -21 21 -23 -24 -25 25 -27 -28 -29 -30 -31
leaf_value=0.0065951585232590631 -0.0054554005460280067 -0.0009388239178883134 0.00015593697627385458 -0.019457352688939243 -0.012098589541856199 -0.0029388164306795258 -0.0029388164306795258 0.0001642781549478432 -0.0031791016761902936 -0.00053285071864967858 -0.00053285071864967858 0.0034240402215677391 0.0053342676840045233 -0.010254162323505928 0.0057479648473427476 -0.0018768715889182777 -0.010953835433250979 0.0008208654987778858 -0.0029369063237344004 0.0008208654987778858 -0.0021165438181817049 -0.011800096370279789 -0.0039454234312288469 -0.0009388239178883134 -0.00064781764319999833 0.0039363120402660726 -0.00052372453396674239 0.00088230656788629638 -0.0031791016761902936 -0.00198126968749693
leaf_weight=90 31 69 36 41 32 31 35 251 54 31 96 472 33 45 38 42 38 68 186 228 183 36 60 59 57 97 40 51 62 50
leaf_count=90 31 69 36 41 32 31 35 251 54 31 96 472 33 45 38 42 38 68 186 228 183 36 60 59 57 97 40 51 62 50
internal_value=0 -0.00246279 -0.00732585 -0.0110667 -0.00108066 -0.00571874 -0.000158897 -0.000197403 -0.00165227 -0.000466886 0.0021134 0.000156031 0.000910775 -0.00222698 -0.00120227 -0.00587815 -0.00589132 0.00143702 -0.000497105 0.00213884 -0.00190117 -0.00370836 -0.00062859 -0.00293882 0.00106117 0.00223959 0.00212441 0.00295978 -0.0031791 -0.000783438
internal_weight=0 488 108 72 380 63 317 2154 421 329 186 1733 1114 160 619 87 92 954 254 700 530 219 311 94 223 154 73 89 143 81
internal_count=2642 488 108 72 380 63 317 2154 421 329 186 1733 1114 160 619 87 92 954 254 700 530 219 311 94 223 154 73 89 143 81
is_linear=0
shrinkage=0.03


Tree=183
num_leaves=13
num_cat=0
split_feature=0 6 8 15 7 5 7 3 0 17 3 15
split_gain=1.73692 3.9001 1.7422 1.5981 1.55392 1.25397 1.15914 1.88842 1.55302 0.509433 0.459948 0.377634
threshold=0.016600000000000004 1.0000000180025095e-35 0.14540000000000003 -12.533024719101123 -0.42254999999999993 0.43485000000000001 -0.38239999999999991 0.042750000000000003 0.37145 -0.0042185393258427064 0.046950000000000013 -3.1038719101123493
decision_type=2 2 2 2 2 2 2 2 2 2 2 2
left_child=1 -1 11 4 -4 6 8 -8 -5 -6 -7 -2
right_child=2 -3 3 5 9 10 7 -9 -10 -11 -12 -13
leaf_value=-0.013494345891085686 0.0069873433560132979 -0.0024309629721164729 0.0020205485576920553 0.00037892383523059837 -0.0024309629721164729 -0.0024309629721164729 0.00035863977448285562 -0.0012769338080067534 0.0020205485576920553 -0.00020520720721220887 -0.0012769338080067534 0.0022272963679861274
leaf_weight=32 30 71 31 385 102 99 1023 636 56 107 40 30
leaf_count=32 30 71 31 385 102 99 1023 636 56 107 40 30
internal_value=0 -0.00441796 -0.000443965 -0.000566223 -0.00243096 -0.000311443 -0.000122905 -0.000486298 0.00124415 -0.00243096 -0.00243096 0.00460732
internal_weight=0 103 2539 2479 240 2239 2100 1659 441 209 139 60
internal_count=2642 103 2539 2479 240 2239 2100 1659 441 209 139 60
is_linear=0
shrinkage=0.03


Tree=184
num_leaves=27
num_cat=0
split_feature=17 8 7 4 4 1 7 12 15 3 15 12 0 4 12 7 5 1 7 12 7 3 7 8 1 6
split_gain=1.70906 6.48877 2.40575 3.79388 2.18691 2.45881 4.99365 2.12547 4.05472 5.70524 5.10124 3.83964 2.70588 2.16067 2.05562 1.8447 2.11578 2.11031 1.758 1.79186 1.57867 1.56977 1.04778 0.650857 0.491015 0.420543
threshold=-0.011820224719101128 0.20320000000000002 -0.3088499999999999 0.024400000000000002 0.29115000000000008 0.29910000000000009 -0.36609999999999993 1.0634898876404526 -1.6509589887640448 0.035050000000000005 -0.48236685393258488 -0.070382022471907377 0.73850000000000005 0.20740000000000003 -0.84897078651685465 -0.32904999999999995 0.35940000000000005 0.052700000000000004 -0.3542499999999999 1.1377595505617999 -0.3542499999999999 0.0034000000000000007 -0.42994999999999994 0.19185000000000002 0.11285000000000002 0.047700000000000006
decision_type=2 2 2 2 2 2 2 2 2 2 2 2 2 2 2 2 2 2 2 2 2 2 2 2 2 2
left_child=1 2 4 -4 5 6 -1 8 9 14 13 20 -13 -10 -2 16 -12 -17 -9 -20 -11 -16 -6 -21 -5 -25
right_child=7 -3 3 24 22 -7 -8 18 10 11 15 12 -14 -15 21 17 -18 -19 19 23 -22 -23 -24 25 -26 -27
leaf_value=0.012606673174611243 -0.0048893551390418516 -0.014052824337656299 -0.0021388021037438056 -0.0048546475987180631 -0.00072648451750462195 -0.00072648451750462195 0.0011095030984953737 0.0076412897944614722 0.011183824916887613 0.0024250093125156125 0.0030604279842695089 -0.013420715542314084 -0.0027802436314523218 0.0012470211924594497 0.00026688320088689608 -0.00014015070156906152 -0.00014015070156906152 -0.0039983414111346783 0.0044659736412662925 0.0016625413095091724 -0.0053782901184500327 0.0076600311461674127 -0.0021388021037438056 -0.0050875402099507701 -0.0075704930936923214 -0.00053934710172645996
leaf_weight=38 35 36 112 36 135 209 323 51 54 40 269 76 30 31 59 287 224 182 48 55 56 46 82 34 61 33
leaf_count=38 35 36 112 36 135 209 323 51 54 40 269 76 30 31 59 287 224 182 48 55 56 46 82 34 61 33
internal_value=0 -0.00154042 -0.00108816 -0.00394925 -0.000328356 0.000685833 0.00231973 2.34969e-05 -0.000411294 -0.00324733 0.000515089 -0.0064731 -0.0104093 0.00755981 0.001407 -0.000107366 0.00117396 -0.00145426 0.00275619 0.00129066 -0.00212692 0.00350579 -0.0021388 -0.000755926 -0.00757049 -0.00274124
internal_weight=0 1032 996 209 787 570 361 1610 1389 342 1047 202 106 85 140 962 493 469 221 170 96 105 217 122 97 67
internal_count=2642 1032 996 209 787 570 361 1610 1389 342 1047 202 106 85 140 962 493 469 221 170 96 105 217 122 97 67
is_linear=0
shrinkage=0.03


Tree=185
num_leaves=27
num_cat=0
split_feature=12 12 13 7 0 7 5 5 4 13 16 7 5 16 8 4 5 17 5 4 18 12 4 8 1 2
split_gain=1.4318 4.20889 1.9639 5.48367 7.80217 2.01773 2.54487 2.25528 2.01276 3.42616 2.65454 1.87369 2.28844 2.16304 2.12225 1.17213 1.0496 1.02831 1.0679 1.00866 0.889119 0.697105 0.695854 0.574823 0.33112 0.0369191
threshold=0.070716853932585991 0.05071685393258641 2.6790528089887649 -0.46834999999999999 0.071800000000000017 -0.37404999999999994 0.35940000000000005 0.34110000000000001 0.20455000000000004 1.9001398876404496 8.636860674157278 -0.32904999999999995 0.31340000000000007 -22.359750561797679 0.20290000000000002 0.12025000000000001 0.29340000000000005 -0.0083202247191011252 0.26625000000000004 0.22770000000000004 4.5000000000000009 -0.88332752808988768 0.44185000000000002 0.19900000000000004 0.58310000000000006 0.00085000000000000017
decision_type=2 2 2 2 2 2 2 2 2 2 2 2 2 2 2 2 2 2 2 2 2 2 2 2 2 2
left_child=1 11 3 -2 -5 6 22 17 9 -6 -10 12 13 21 16 24 20 18 -7 -8 -13 -1 -4 -19 -14 -18
right_child=2 -3 5 4 8 7 19 -9 10 -11 -12 14 15 -15 -16 -17 25 23 -20 -21 -22 -23 -24 -25 -26 -27
leaf_value=0.0050163067326491782 0.0093935064381387608 0.0093292186095689737 0.010916560262121493 -0.014439837386235013 0.0010694566967812044 0.00071607024998846067 0.0044084099428744854 -0.0068654602579772466 -0.0081611053036135979 -0.0029160208901863626 -0.0029160208901863626 -8.7807210767149659e-05 0.0019442783160910425 0.008775476257586361 -0.0082041292275125913 -8.7807210767149659e-05 -0.0034937908801743211 0.00097756072829599983 -0.0031519260411051672 0.00097756072829599983 -0.0021309211128627699 0.0019442783160910425 0.0045568046458065508 -0.0032654256491284621 0.0009282355526619465 -0.0044921815024370039
leaf_weight=67 35 45 32 48 312 118 55 51 50 155 99 286 134 57 37 318 34 104 141 57 197 62 30 38 31 30
leaf_count=67 35 45 32 48 312 118 55 51 50 155 99 286 134 57 37 318 34 104 141 57 197 62 30 38 31 30
internal_value=0 0.000314814 -0.00108708 -0.00218009 -0.00279014 0.000133378 0.00287849 -0.000923368 -0.00188237 -0.000913735 -0.00491831 -8.92775e-06 0.00107497 0.00390242 -0.00125058 -1.38631e-05 -0.000780234 -0.00016764 -0.00138967 0.000977561 -0.000301873 0.00194428 0.00783926 0.000977561 0.00194428 -0.00439037
internal_weight=0 1298 1325 699 664 626 174 452 616 467 149 1253 669 186 584 483 547 401 259 112 483 129 62 142 165 64
internal_count=2623 1298 1325 699 664 626 174 452 616 467 149 1253 669 186 584 483 547 401 259 112 483 129 62 142 165 64
is_linear=0
shrinkage=0.03


Tree=186
num_leaves=27
num_cat=0
split_feature=12 12 13 7 0 3 7 12 7 5 5 7 5 15 8 3 6 13 7 3 14 3 18 5 3 3
split_gain=1.3508 3.96491 1.87479 5.17318 7.32085 3.78217 3.07228 2.11891 1.82732 2.43193 2.13742 1.70662 2.1299 2.09301 2.0051 1.66189 1.47736 1.41352 1.38276 1.34627 1.03142 0.839397 0.449491 0.405391 0.345243 0.339389
threshold=0.070716853932585991 0.05071685393258641 2.6790528089887649 -0.46834999999999999 0.071800000000000017 0.17570000000000005 -0.38239999999999991 0.31202921348314488 -0.37404999999999994 0.35940000000000005 0.34110000000000001 -0.32904999999999995 0.31340000000000007 8.9967910112359579 0.20290000000000002 0.13615000000000002 -0.0024499999999999995 -1.2829112359550556 -0.31149999999999994 0.033000000000000008 0.029631460674157343 0.075750000000000012 4.5000000000000009 0.48055000000000009 0.36100000000000004 0.014400000000000001
decision_type=2 2 2 2 2 2 2 2 2 2 2 2 2 2 2 2 2 2 2 2 2 2 2 2 2 2
left_child=1 11 3 -2 -5 7 -7 -6 9 22 15 12 13 17 16 18 25 -1 -10 23 -18 -11 -4 -14 -21 -13
right_child=2 -3 8 4 5 6 -8 -9 10 21 -12 14 19 -15 -16 -17 20 -19 -20 24 -22 -23 -24 -25 -26 -27
leaf_value=0.0018589962320507808 0.0091117012504089087 0.0090493420564259092 0.0049659259766340258 -0.014006642296444625 0.0011046090087167562 -3.5302292555570598e-05 -0.0079246606303195813 -0.0027257061543203395 0.00093426391218411563 0.0042691726183780787 -0.0066594963915207802 -0.0043499663225468757 0.0018589962320507808 0.0084299715002406767 -0.0079580055736005306 -0.0033992661780485305 -8.9385100530641915e-05 0.006687989806841042 -0.0015795040827147697 -8.9385100530641915e-05 -0.0022432492300680069 0.00093426391218411563 0.010077351963263936 -8.9385100530641915e-05 0.0018589962320507808 -0.0022432492300680069
leaf_weight=72 35 45 30 48 257 45 51 263 152 60 51 31 112 59 37 47 322 55 202 310 154 52 32 30 31 40
leaf_count=72 35 45 30 48 257 45 51 263 152 60 51 31 112 59 37 47 322 55 202 310 154 52 32 30 31 40
internal_value=0 0.000300114 -0.00106155 -0.00212947 -0.002722 -0.00184268 -0.00731369 -0.000832647 0.000130899 0.00274328 -0.000874752 -1.41045e-05 0.00102034 0.00374809 -0.00119911 -0.000139036 -0.000741927 0.001859 0.00063378 -3.00983e-05 -0.000136532 0.000934264 0.00760408 0.001859 -8.93851e-05 -0.00434997
internal_weight=0 1298 1325 699 664 616 96 520 626 174 452 1253 669 186 584 401 547 127 354 483 476 112 62 142 341 71
internal_count=2623 1298 1325 699 664 616 96 520 626 174 452 1253 669 186 584 401 547 127 354 483 476 112 62 142 341 71
is_linear=0
shrinkage=0.03


Tree=187
num_leaves=20
num_cat=0
split_feature=17 7 3 12 16 3 3 1 3 7 4 3 3 3 4 3 3 0 12
split_gain=1.28657 3.65947 4.83839 4.28685 2.35643 1.70752 3.09343 1.80346 3.00573 7.42977 2.71552 2.20173 8.22512 1.6389 2.7986 2.17004 4.43101 2.04629 1.00755
threshold=-0.012824157303370802 -0.3088499999999999 0.016750000000000004 1.0987595505618002 33.094215730337062 0.35670000000000007 0.39840000000000003 0.052700000000000004 0.13965000000000002 -0.36564999999999998 0.32190000000000007 0.11480000000000001 0.17570000000000005 0.19675000000000001 0.29375000000000001 0.11670000000000001 0.083850000000000022 0.096300000000000011 -0.77568426966292126
decision_type=2 2 2 2 2 2 2 2 2 2 2 2 2 2 2 2 2 2 2
left_child=1 13 -3 -4 5 7 -7 11 10 -10 -9 18 -13 14 15 16 -1 -15 -2
right_child=4 2 3 -5 -6 6 -8 8 9 -11 -12 12 -14 17 -16 -17 -18 -19 -20
leaf_value=0.00027134321359127559 0.0004900128877739009 -0.0023715104425522334 -0.01536698875290511 -0.0028037870961072089 -0.0066462349295616152 -0.011189749978948385 0.00058138981409784813 0.0004900128877739009 -0.00060867359479889276 -0.017216815121937543 -0.006583671628554561 0.011403251574699616 0.0004900128877739009 -0.00046060375354595873 -0.0023715104425522334 -0.00097484127901234703 0.0081432866757907164 0.0080971773192286493 0.0021742338083495269
leaf_weight=420 227 134 55 44 45 32 54 539 100 32 49 86 170 57 106 32 76 45 320
leaf_count=420 227 134 55 44 45 32 54 539 100 32 49 86 170 57 106 32 76 45 320
internal_value=0 -0.00125184 -0.00452849 -0.00978334 0.000124755 0.000314124 -0.00379857 0.000546357 -0.000543868 -0.00463489 0.000374525 0.00152389 0.00382067 -0.000214535 -0.00078236 0.000421828 0.00147753 0.00331489 0.000490013
internal_weight=0 969 233 99 1654 1609 86 1523 720 132 588 803 256 736 634 528 496 102 547
internal_count=2623 969 233 99 1654 1609 86 1523 720 132 588 803 256 736 634 528 496 102 547
is_linear=0
shrinkage=0.03


Tree=188
num_leaves=30
num_cat=0
split_feature=12 12 13 7 15 3 3 12 3 3 7 5 17 16 7 5 15 18 13 3 1 4 3 15 13 18 1 3 3
split_gain=1.25974 3.69636 1.73233 4.90064 4.53996 3.29571 2.31532 3.36135 2.54755 1.65294 2.09801 2.43211 1.70796 1.91316 1.57111 1.93565 2.03113 1.58821 1.32258 1.28708 1.03365 2.03912 0.87907 0.760811 0.806622 0.421607 0.392628 0.334536 0.178171
threshold=0.070716853932585991 0.05071685393258641 2.6790528089887649 -0.46834999999999999 -7.999708988764044 0.056650000000000006 0.17570000000000005 0.23352921348314484 0.11370000000000001 0.0016000000000000001 -0.37404999999999994 0.35940000000000005 -0.0083202247191011252 56.153350561797716 -0.32904999999999995 0.31340000000000007 8.9967910112359579 4.5000000000000009 -1.2829112359550556 0.033000000000000008 0.052700000000000004 0.023800000000000005 0.075750000000000012 6.3787910112359567 -1.5998426966292134 4.5000000000000009 0.58310000000000006 0.36100000000000004 0.021000000000000001
decision_type=2 2 2 2 2 2 2 2 2 2 2 2 2 2 2 2 2 2 2 2 2 2 2 2 2 2 2 2 2
left_child=1 14 3 -2 5 -5 8 -8 -6 -4 11 25 13 -12 15 16 18 20 -1 26 -16 -22 -13 -19 -25 -11 -17 -21 -14
right_child=2 -3 9 4 6 -7 7 -9 -10 10 12 22 28 -15 17 19 -18 23 -20 27 21 -23 -24 24 -26 -27 -28 -29 -30
leaf_value=0.001768214406367431 0.0088791175619033838 0.0087273135719976077 0.0059338777187484789 -0.0026692364271730185 -0.0016518843644454052 -0.013028513544823154 -0.012715060013395391 -0.00087802454307675363 0.0031202344357551945 0.0047551285158842806 -0.0040603285646648142 0.0039166486930699573 -0.0022405862272717059 0.00052315113144228047 -9.6041170410730012e-05 0.001768214406367431 0.0081875339237246977 -0.0074985290228599503 0.0064497168795734812 -9.6041170410730012e-05 -0.0013292752152868107 -0.0063243883487863846 0.00052315113144228047 -0.0015747593743498066 -0.0067179599251936785 0.0097054753848351532 -9.6041170410730012e-05 0.001768214406367431 0.00052315113144228047
leaf_weight=72 35 45 41 52 396 59 38 50 69 30 232 57 36 49 202 111 59 31 55 310 72 83 52 163 33 32 31 31 97
leaf_count=72 35 45 41 52 396 59 38 50 69 30 232 57 36 49 202 111 59 31 55 310 72 83 52 163 33 32 31 31 97
internal_value=0 0.000279579 -0.00103539 -0.00206194 -0.00263865 -0.00817552 -0.00152727 -0.00598947 -0.00068281 0.000110862 -0.000297247 0.00249818 -0.00145188 -0.00282608 -2.38111e-05 0.000968715 0.00356911 -0.0011608 0.00176821 -3.26789e-05 -9.60412e-05 -0.00256251 0.000523151 -0.00313142 -0.00244071 0.00731015 0.00176821 -9.60412e-05 0.000523151
internal_weight=0 1298 1325 699 664 111 553 88 465 626 585 171 414 281 1253 669 186 584 127 483 357 155 109 227 196 62 142 341 133
internal_count=2623 1298 1325 699 664 111 553 88 465 626 585 171 414 281 1253 669 186 584 127 483 357 155 109 227 196 62 142 341 133
is_linear=0
shrinkage=0.03


Tree=189
num_leaves=26
num_cat=0
split_feature=17 8 3 4 3 3 3 3 1 3 3 8 8 2 16 3 12 15 5 3 13 8 8 3 13
split_gain=1.22002 3.24689 2.11016 4.43879 3.03853 5.7294 2.10702 3.88145 7.62995 10.7707 3.83692 3.46834 3.3664 3.25269 2.71918 2.69421 3.46687 2.38087 2.32131 1.9519 1.78058 1.44208 1.36104 1.08666 0.258426
threshold=-0.012824157303370802 0.20350000000000004 0.19675000000000001 0.29375000000000001 0.11670000000000001 0.083850000000000022 0.17060000000000003 0.11425 0.052700000000000004 0.13965000000000002 0.11230000000000001 0.20145000000000005 0.19900000000000004 0.00055000000000000003 -10.558919101123648 0.18280000000000005 -0.88332752808988768 14.504220224719107 0.18955000000000002 0.26600000000000007 2.7237084269662906 0.15335000000000001 0.16835000000000003 0.37115000000000004 -1.2509112359550565
decision_type=2 2 2 2 2 2 2 2 2 2 2 2 2 2 2 2 2 2 2 2 2 2 2 2 2
left_child=1 2 3 4 5 -1 7 10 11 24 12 -9 13 -2 -12 -8 17 -17 -14 -4 -21 -5 -18 -24 -10
right_child=6 -3 19 21 -6 -7 15 8 9 -11 14 -13 18 -15 -16 16 22 -19 -20 20 -22 -23 23 -25 -26
leaf_value=-0.00079679354622486987 0.0021981349008800234 -0.01093019305355847 0.00945015175087798 -0.0032366134568054231 -0.0032366134568054231 0.0079776008959859621 -0.0093359401979698584 0.017456455340654382 0.0049668167047797005 -0.015094747899777508 -0.00052591823041439059 0.0055751421349123122 -0.0014977161034133801 -0.0014977161034133801 -0.012917607191073543 0.0084040445344028426 0.0019378575301024973 -0.00094798695086976699 -0.0070154126277361447 0.0048546633903721447 -0.0046707070195539432 -0.0059172398550368958 -0.0027779066372424998 -0.0080452209798262467 0.0017325471160002052
leaf_weight=626 664 30 31 30 32 75 39 41 34 33 30 48 31 246 34 49 41 49 97 38 33 74 141 47 30
leaf_count=626 664 30 31 30 32 75 39 41 34 33 30 48 31 246 34 49 41 49 97 38 33 74 141 47 30
internal_value=0 -0.00121469 -0.000904287 -0.00140075 -0.000555987 0.000141979 0.000125834 0.000696617 0.00470524 -0.00111492 2.00257e-05 0.0110486 0.00045958 0.00110033 -0.007109 -0.00188282 -0.000993918 0.00372803 -0.00409576 0.00316959 0.000427379 -0.00591724 -0.00301466 -0.00409474 0.00496682
internal_weight=0 969 939 837 733 701 1654 1288 186 97 1102 89 1038 910 64 366 327 98 128 102 71 104 229 188 64
internal_count=2623 969 939 837 733 701 1654 1288 186 97 1102 89 1038 910 64 366 327 98 128 102 71 104 229 188 64
is_linear=0
shrinkage=0.03


Tree=190
num_leaves=15
num_cat=0
split_feature=13 15 8 1 7 0 3 3 17 12 7 0 14 2
split_gain=2.08976 1.71414 1.91623 5.48601 8.38589 5.902 2.6428 2.84747 2.31071 1.34789 1.32389 1.31608 0.766008 0.628611
threshold=5.2250528089887647 -31.911850561797731 0.19185000000000002 0.052700000000000004 -0.32869999999999994 0.78890000000000005 0.06795000000000001 0.062800000000000009 -0.012824157303370802 1.3651724719101106 -0.3088499999999999 0.61650000000000016 -0.13795393258426963 0.00045000000000000004
decision_type=2 2 2 2 2 2 2 2 2 2 2 2 2 2
left_child=1 -1 6 8 -5 -6 7 10 9 -4 -3 -8 -13 -10
right_child=-2 2 3 4 5 -7 11 -9 13 -11 -12 12 -14 -15
leaf_value=-0.0071581119715290915 0.00598430918580245 0.0016947991293376878 -0.0040865147579739599 -0.0040865147579739599 -0.025355455154785884 -0.0099973822794120655 -0.00066031752189144629 0.0097485582529128895 -0.00066031752189144629 -0.00066031752189144629 -0.00060024427793526746 0.0011844086497347834 0.0049435167644467006 -0.0040865147579739599
leaf_weight=34 46 672 99 55 32 32 542 34 528 46 341 37 76 73
leaf_count=34 46 672 99 55 32 32 542 34 528 46 341 37 76 73
internal_value=0 -0.000466242 -0.000377608 -0.00152736 -0.00751271 -0.0159082 0.000206725 0.00120886 -0.000660318 -0.00408651 0.000922233 -0.000660318 0.00302913 -0.000660318
internal_weight=0 2601 2567 865 119 64 1702 1047 746 145 1013 655 113 601
internal_count=2647 2601 2567 865 119 64 1702 1047 746 145 1013 655 113 601
is_linear=0
shrinkage=0.03


Tree=191
num_leaves=15
num_cat=0
split_feature=13 15 12 13 7 2 14 7 17 16 17 7 17 17
split_gain=1.96523 1.61364 1.13833 2.26077 2.7921 2.72734 1.82735 1.4343 1.94835 1.16286 1.08659 3.62317 1.49618 0.699754
threshold=5.2250528089887647 -31.911850561797731 0.31202921348314488 2.6790528089887649 -0.43159999999999993 0.00045000000000000004 0.27495730337078667 -0.28274999999999995 -0.0048241573033707954 -9.9194191011236494 0.019175842696629228 -0.34939999999999999 0.012175842696629221 0.023074157303370816
decision_type=2 2 2 2 2 2 2 2 2 2 2 2 2 2
left_child=1 -1 6 4 -4 -6 10 8 -5 13 12 -12 -3 -8
right_child=-2 2 3 7 5 -7 9 -9 -10 -11 11 -13 -14 -15
leaf_value=-0.006943368907360469 0.0058047798978679522 0.00059120210192270691 0.0031568656098813963 -0.00079474480246545325 -0.003063825177029288 -0.011003531835022125 -0.0012058004036323347 -0.0048286398684711388 0.0031513267163411252 0.0014100688890638677 0.0092861694099276131 0.00012865337268895891 -0.0024982596368477482 -0.0051297745970743042
leaf_weight=34 46 1049 52 392 227 47 67 53 158 55 53 146 163 105
leaf_count=34 46 1049 52 392 227 47 67 53 158 55 53 146 163 105
internal_value=0 -0.000450625 -0.000364629 -0.00120349 -0.00321625 -0.00442575 0.000111138 -0.000115337 0.000338854 -0.00238705 0.000513044 0.00256759 0.000175705 -0.00360125
internal_weight=0 2601 2567 929 326 274 1638 603 550 227 1411 199 1212 172
internal_count=2647 2601 2567 929 326 274 1638 603 550 227 1411 199 1212 172
is_linear=0
shrinkage=0.03


Tree=192
num_leaves=16
num_cat=0
split_feature=13 15 17 16 3 0 3 17 7 16 0 5 7 3 14
split_gain=1.84908 1.55087 2.51314 4.28858 4.99455 2.63967 1.42703 0.970475 2.43316 1.46668 1.68949 1.4555 0.740555 0.788184 0.724604
threshold=5.2250528089887647 -12.533024719101123 -0.004324157303370795 33.030350561797782 0.083850000000000022 0.41815000000000008 0.00090000000000000008 0.055605617977528117 -0.30834999999999996 -41.099750561797627 0.016600000000000004 0.29340000000000005 -0.29794999999999994 0.11230000000000001 -0.030868539325842711
decision_type=2 2 2 2 2 2 2 2 2 2 2 2 2 2 2
left_child=1 2 3 -1 5 -5 14 9 -9 11 -11 -8 13 -4 -3
right_child=-2 6 12 4 -6 -7 7 8 -10 10 -12 -13 -14 -15 -16
leaf_value=-0.01539756004139781 0.0056306365161688755 0.00097489980328828094 0.0057100812107434163 -0.013187977771740406 0.0078429790418595071 -0.0021098714595546527 0.00071224740520119665 0.0074339392073452465 -0.0035959278671070932 -0.0047229718253318526 -0.00010739559423126128 -0.0064803593028235525 -0.0030883347818797284 -0.00034197501714030903 0.006759816457113055
leaf_weight=30 46 40 34 32 30 49 40 45 30 74 2012 69 33 45 38
leaf_count=30 46 40 34 32 30 49 40 45 30 74 2012 69 33 45 38
internal_value=0 -0.000437106 -0.00266877 -0.00533359 -0.0026136 -0.00648641 -0.000196642 -0.000333738 0.00302199 -0.000448399 -0.000271131 -0.00384087 0.000686061 0.00226271 0.00379319
internal_weight=0 2601 253 141 111 81 2348 2270 75 2195 2086 109 112 79 78
internal_count=2647 2601 253 141 111 81 2348 2270 75 2195 2086 109 112 79 78
is_linear=0
shrinkage=0.03


Tree=193
num_leaves=14
num_cat=0
split_feature=13 15 8 1 7 3 4 1 7 3 14 14 2
split_gain=1.7398 1.47129 1.7685 5.02882 7.94715 5.62213 3.26873 2.02636 2.18529 1.6337 1.28725 2.23995 1.41288
threshold=5.2250528089887647 -31.911850561797731 0.19185000000000002 0.052700000000000004 -0.32869999999999994 0.074450000000000016 0.12835000000000002 0.062400000000000004 -0.28529999999999994 0.023950000000000003 -0.18595393258426959 -0.3100426966292133 0.00045000000000000004
decision_type=2 2 2 2 2 2 2 2 2 2 2 2 2
left_child=1 -1 6 10 -5 -6 7 8 -3 -9 11 -4 -12
right_child=-2 2 3 4 5 -7 -8 9 -10 -11 12 -13 -14
leaf_value=-0.0066237365476348817 0.0054617173198367591 0.0068948923426796682 -0.0006134706528721645 -0.0038950973564127554 -0.0096348824940539011 -0.02460193956911098 -0.0006134706528721645 0.00041733281066405815 0.0024386287344307939 0.0024386287344307939 -0.0006134706528721645 -0.0038950973564127554 -0.0038950973564127554
leaf_weight=34 46 128 90 55 32 32 732 504 73 265 534 65 57
leaf_count=34 46 128 90 55 32 32 732 504 73 265 534 65 57
internal_value=0 -0.000423993 -0.000341877 -0.00144642 -0.00717672 -0.0153747 0.00021948 0.00144814 0.00413014 0.000747119 -0.000613471 -0.00335318 -0.000613471
internal_weight=0 2601 2567 865 119 64 1702 970 201 769 746 155 591
internal_count=2647 2601 2567 865 119 64 1702 970 201 769 746 155 591
is_linear=0
shrinkage=0.03


Tree=194
num_leaves=17
num_cat=0
split_feature=13 15 17 16 3 4 3 2 16 7 4 3 7 3 14 3
split_gain=1.63816 1.41149 2.3336 4.07625 4.70191 1.3638 1.33919 0.937846 6.66213 1.13429 2.44568 0.898114 0.712941 0.833769 0.683243 0.440565
threshold=5.2250528089887647 -12.533024719101123 -0.004324157303370795 33.030350561797782 0.083850000000000022 0.085700000000000012 0.00090000000000000008 0.00045000000000000004 30.253665168539332 -0.31124999999999997 0.13925000000000001 0.061000000000000006 -0.30524999999999997 0.11230000000000001 -0.030868539325842711 0.040500000000000008
decision_type=2 2 2 2 2 2 2 2 2 2 2 2 2 2 2 2
left_child=1 2 3 -1 5 -5 14 9 11 10 -8 -9 13 -4 -3 -11
right_child=-2 6 12 4 -6 -7 7 8 -10 15 -12 -13 -14 -15 -16 -17
leaf_value=-0.014921883554663508 0.0052978659925334475 0.00094448824692517524 0.0061238538183932822 -0.0032304630077937069 0.0076872086264193062 -0.011291546426713466 0.0018319243473410094 -0.00082534437599862556 -0.014191795840061135 -0.00082534437599862556 -0.00018944678973464841 -0.0034332975905295095 -0.0027872874432553849 -0.00022475684538540811 0.0065618748594639138 -0.00018944678973464841
leaf_weight=30 46 40 31 51 30 30 673 246 35 440 684 127 36 45 38 65
leaf_count=30 46 40 31 51 30 30 673 246 35 440 684 127 36 45 38 65
internal_value=0 -0.000413325 -0.00254234 -0.00511021 -0.00245841 -0.00621605 -0.000183921 -0.00031673 -0.0016194 -3.12903e-05 0.000446451 -0.000825344 0.000690433 0.00233777 0.00368116 -0.000825344
internal_weight=0 2601 253 141 111 81 2348 2270 408 1862 1357 373 112 76 78 505
internal_count=2647 2601 253 141 111 81 2348 2270 408 1862 1357 373 112 76 78 505
is_linear=0
shrinkage=0.03


Tree=195
num_leaves=28
num_cat=0
split_feature=17 16 7 12 12 17 7 7 8 6 3 3 14 3 3 3 3 14 4 8 13 14 3 1 7 3 3
split_gain=2.02773 2.3268 3.08429 2.05053 2.45372 2.36404 2.11804 1.9385 2.34267 2.41287 1.83693 3.5767 1.5364 1.52495 3.96457 1.45875 2.70648 1.44592 2.06598 1.66785 1.4322 1.41074 1.10283 1.08065 1.06538 1.0602 0.228124
threshold=-0.016218539325842701 -9.9194191011236494 -0.44259999999999994 0.076716853932586218 1.0634898876404526 0.039179775280898867 -0.29179999999999995 -0.32264999999999994 0.20095000000000002 0.0023000000000000004 0.06795000000000001 0.046950000000000013 -0.18595393258426959 0.11055000000000001 0.11585000000000002 0.031000000000000003 0.023950000000000003 0.27495730337078667 0.32190000000000007 0.19205000000000003 3.3466398876404502 0.037086516853932612 0.0089000000000000017 0.096500000000000016 -0.33164999999999994 0.11230000000000001 0.0016000000000000001
decision_type=2 2 2 2 2 2 2 2 2 2 2 2 2 2 2 2 2 2 2 2 2 2 2 2 2 2 2
left_child=7 12 -3 22 5 -5 -6 10 9 -9 11 15 -2 -12 -15 16 -1 21 19 -19 -16 23 26 -14 -23 -24 -4
right_child=1 2 3 4 6 -7 -8 8 -10 -11 13 -13 17 14 20 -17 -18 18 -20 -21 -22 24 25 -25 -26 -27 -28
leaf_value=-0.00015713237308793597 -0.0058063258096808564 0.0087287546234095792 0.0018315974622964857 -0.0026251505166440805 0.0044402810933171196 0.0043936169235145343 -0.0021266048703522931 -0.0063456699782509004 -0.01037890077887201 -0.0019060229614151574 -0.0019060229614151574 0.010462107404268214 0.00076805449629793884 0.0091689002229832107 0.0021402875537535658 -0.0019060229614151574 0.0096723377368142516 0.0009857562955050748 -0.0090775558151103344 -0.0050532538760396433 -0.0019060229614151574 0.0056126266526989642 0.0049277929259219939 -0.0018089944224006364 0.00027885624150244089 0.0014957611455485738 -0.0015778724922749557
leaf_weight=135 48 51 33 282 154 51 62 52 38 168 75 35 337 40 81 40 31 98 37 30 75 70 119 259 65 87 38
leaf_count=135 48 51 33 282 154 51 62 52 38 168 75 35 337 40 81 40 31 98 37 30 75 70 119 259 65 87 38
internal_value=0 0.000456323 0.0015689 0.00112683 6.50925e-05 -0.0015502 0.00255534 -0.00138005 -0.00350052 -0.00231244 -0.000311523 0.00159558 -0.000577293 -0.00190602 0.000742859 8.91348e-05 0.00167849 -0.000297166 -0.00283379 -0.00102895 -0.00141766 0.000275396 0.00323114 -0.000351838 0.00304451 0.00434244 6.81073e-06
internal_weight=0 1821 877 826 549 333 216 770 258 220 512 241 944 271 196 206 166 896 165 128 156 731 277 596 135 206 71
internal_count=2591 1821 877 826 549 333 216 770 258 220 512 241 944 271 196 206 166 896 165 128 156 731 277 596 135 206 71
is_linear=0
shrinkage=0.03


Tree=196
num_leaves=25
num_cat=0
split_feature=17 13 8 14 5 7 5 8 2 14 8 0 13 7 17 13 6 17 14 17 4 14 4 12
split_gain=1.98236 1.79673 2.18741 1.99843 1.80934 1.73771 3.1651 2.35092 1.726 1.71429 2.93279 1.52695 1.41972 1.31624 0.990635 1.03201 0.851436 0.982718 0.731737 0.650145 0.447766 0.428552 0.189789 0.159716
threshold=-0.016218539325842701 -1.7933426966292154 0.16025000000000003 0.27495730337078667 0.43485000000000001 -0.32264999999999994 0.29340000000000005 0.20095000000000002 0.00045000000000000004 0.037086516853932612 0.20290000000000002 0.56540000000000012 -2.9457404494382042 -0.42464999999999992 0.020281460674157318 -1.5368426966292146 -0.0066499999999999988 -0.02132415730337078 -0.030868539325842711 0.039179775280898867 0.048600000000000011 0.12491573033707866 0.30820000000000003 0.05071685393258641
decision_type=2 2 2 2 2 2 2 2 2 2 2 2 2 2 2 2 2 2 2 2 2 2 2 2
left_child=5 2 12 9 8 11 7 -7 14 10 -4 13 -2 21 15 -3 -13 -18 23 -16 -5 -1 -15 -10
right_child=1 4 3 20 -6 6 -8 -9 18 -11 -12 16 -14 22 19 -17 17 -19 -20 -21 -22 -23 -24 -25
leaf_value=0.00050040788203708987 0.0077308428213000288 0.0074743518821502979 -0.00095228014700332825 -0.0035363834803224976 -0.0039458414575020816 -0.0018693960876116971 -0.011374174706686876 -0.0066861297196096469 -0.0012234895550633795 0.0013536261428268514 -0.010508803049282681 0.00050040788203708987 0.0013536261428268514 -0.00068449410278730363 0.00055042350997510736 0.0023765322867215894 0.0073488615723326803 0.0021993433632725378 -0.0012234895550633795 0.0034131877247646852 -0.0083429830874995996 -0.00068449410278730363 -0.0018693960876116971 0.00055042350997510736
leaf_weight=72 45 38 427 33 58 182 38 38 32 118 31 30 34 176 124 601 45 62 97 74 37 73 54 72
leaf_count=72 45 38 427 33 58 182 38 38 32 118 31 30 34 176 124 601 45 62 97 74 37 73 54 72
internal_value=0 0.000444302 -0.000714326 -0.00129058 0.00121073 -0.0013714 -0.00337906 -0.00199808 0.00149886 -0.000708896 -0.00159912 -0.000359733 0.00399783 -0.00134998 0.00209835 0.00267969 0.00235079 0.00389828 -0.0009975 0.000550424 -0.00607701 0.000500408 -0.0018694 0.000550424
internal_weight=0 1821 725 646 1096 770 258 220 1038 576 458 512 79 375 837 639 137 107 201 198 70 145 230 104
internal_count=2591 1821 725 646 1096 770 258 220 1038 576 458 512 79 375 837 639 137 107 201 198 70 145 230 104
is_linear=0
shrinkage=0.03


Tree=197
num_leaves=12
num_cat=0
split_feature=12 0 0 3 8 2 16 3 0 8 2
split_gain=1.46299 1.193 1.09174 2.16103 1.78978 1.57841 1.50259 1.53452 0.696346 0.602643 0.431522
threshold=2.0576179775280932 0.73850000000000005 0.016600000000000004 0.056650000000000006 0.14540000000000003 0.00045000000000000004 -22.692750561797705 0.017000000000000005 0.79810000000000014 0.16025000000000003 0.27755000000000002
decision_type=2 2 2 2 2 2 2 2 2 2 2
left_child=2 -2 3 -1 10 6 9 -8 -7 -6 -4
right_child=1 -3 4 -5 5 8 7 -9 -10 -11 -12
leaf_value=-0.0081738123728428026 -0.0087991420900629409 -0.00066187974360004502 0.0076977233644574877 -0.0014015772514619428 0.0025343201021228927 -0.0014015772514619428 -0.00051755476055578105 0.0016386784078581463 -0.00052572207527130683 -0.00052572207527130683 0.0027944649598960363
leaf_weight=48 31 34 30 59 31 237 441 910 123 612 35
leaf_count=48 31 34 30 59 31 237 441 910 123 612 35
internal_value=0 -0.00454273 1.5561e-05 -0.00294989 0.000146732 1.11329e-05 0.000350133 0.00093483 -0.00140158 -0.000525722 0.00505751
internal_weight=0 65 2526 107 2419 2354 1994 1351 360 643 65
internal_count=2591 65 2526 107 2419 2354 1994 1351 360 643 65
is_linear=0
shrinkage=0.03


Tree=198
num_leaves=29
num_cat=0
split_feature=17 16 7 12 12 0 7 7 8 6 3 3 3 3 3 3 3 18 3 3 8 16 3 15 3 0 4 13
split_gain=1.87663 2.01661 2.92948 1.91595 2.30954 2.81501 1.99063 1.58622 2.16838 2.17122 1.76637 3.36107 1.38398 2.50693 1.35602 3.73056 1.33806 1.15815 2.56794 2.23577 2.11545 1.74841 1.45555 1.05545 1.02695 1.25416 0.92846 0.216045
threshold=-0.016218539325842701 -9.9194191011236494 -0.44259999999999994 0.076716853932586218 1.0634898876404526 0.74755000000000005 -0.29794999999999994 -0.32264999999999994 0.20095000000000002 0.0023000000000000004 0.06795000000000001 0.046950000000000013 0.031000000000000003 0.023950000000000003 0.11055000000000001 0.11585000000000002 0.30785000000000007 4.5000000000000009 0.25870000000000004 0.17680000000000004 0.19945000000000004 -22.692750561797705 0.28045000000000003 0.61460674157303441 0.0089000000000000017 0.34820000000000007 0.024100000000000003 -0.40174044943820414
decision_type=2 2 2 2 2 2 2 2 2 2 2 2 2 2 2 2 2 2 2 2 2 2 2 2 2 2 2 2
left_child=7 17 -3 24 5 -5 -6 10 9 -9 11 12 13 -1 -12 -16 -17 18 19 21 22 -2 26 -20 27 -26 -19 -4
right_child=1 2 3 4 6 -7 -8 8 -10 -11 14 -13 -14 -15 15 16 -18 20 23 -21 -22 -23 -24 -25 25 -27 -28 -29
leaf_value=-0.00015116843565677604 1.0690541239455342e-06 0.0084377400837290801 0.0014085654406808317 -0.0038136870875023305 0.0044339983901651257 0.0018180482481305199 -0.0016969843551805112 -0.0059979295203073449 -0.0098782342413170753 -0.0018182989556636674 -0.0018182989556636674 0.01009586744702288 -0.0018182989556636674 0.0093089895923772169 0.0088647927520796657 -0.0018182989556636674 0.0032993685858363803 0.0010218120881301514 -0.0086292068722347414 0.008903086317342615 -0.0078360765557938614 0.0065677882020827383 0.0048127637654542922 -0.001201464126563885 -0.001213374713107067 0.0047333960127128351 -0.0026652970326422535 -0.001928091764209732
leaf_weight=135 416 51 40 200 145 133 71 52 38 168 75 35 40 31 40 109 47 85 36 31 46 40 35 33 34 172 222 31
leaf_count=135 416 51 40 200 145 133 71 52 38 168 75 35 40 31 40 109 47 85 36 31 46 40 35 33 34 172 222 31
internal_value=0 0.000424118 0.00145989 0.00102905 2.74477e-06 -0.00156438 0.00241872 -0.00134251 -0.00326066 -0.00211762 -0.000375938 0.00150076 4.04299e-05 0.00161549 -0.0018183 0.000691208 -0.00140458 -0.000538138 0.000339662 0.00110709 -0.00179602 0.000577097 -0.000983612 -0.00507681 0.00306314 0.00413553 -0.00164444 -4.82849e-05
internal_weight=0 1821 877 826 549 333 216 770 258 220 512 241 206 166 271 196 156 944 556 487 388 456 342 69 277 206 307 71
internal_count=2591 1821 877 826 549 333 216 770 258 220 512 241 206 166 271 196 156 944 556 487 388 456 342 69 277 206 307 71
is_linear=0
shrinkage=0.03


Tree=199
num_leaves=22
num_cat=0
split_feature=17 16 7 0 13 13 5 8 14 14 4 8 14 1 7 7 4 14 13 0 7
split_gain=1.8304 1.90272 2.75415 1.8243 1.46542 3.09513 1.4486 1.43891 1.37995 1.29661 1.97531 1.57118 1.28121 1.03419 0.97858 0.948468 2.88504 1.93101 1.17799 0.927033 0.510221
threshold=-0.016218539325842701 -9.9194191011236494 -0.44259999999999994 0.081650000000000014 -0.16197977528089777 2.2225887640449451 0.31235000000000007 0.20095000000000002 -0.18595393258426959 0.27495730337078667 0.32190000000000007 0.19205000000000003 0.037086516853932612 0.096500000000000016 -0.33164999999999994 -0.42464999999999992 0.30820000000000003 0.12491573033707866 2.3141398876404495 0.24995000000000003 -0.3783999999999999
decision_type=2 2 2 2 2 2 2 2 2 2 2 2 2 2 2 2 2 2 2 2 2
left_child=7 8 -3 -4 6 -6 -5 15 -2 12 11 -11 13 -10 -14 17 19 18 -1 -17 -21
right_child=1 2 3 4 5 -7 -8 -9 9 10 -12 -13 14 -15 -16 16 -18 -19 -20 20 -22
leaf_value=0.009397262713318923 -0.005477634143899195 0.0081846076969112093 -0.0050152078985648101 0.0040726818605471629 -0.0018418812265662144 0.0022610396742251226 -0.00032070393168783564 -0.0061019842983838519 0.0007834875785527358 0.0010579076447353071 -0.0087638085113989333 -0.0048288104207883428 0.0053858953646517228 -0.0017375529322253619 0.00027401656542833038 -0.0020054793266128077 -0.0035407130264830692 -0.00017055295792119471 0.0016748502388363705 -0.00017055295792119471 -0.0010880161422670009
leaf_weight=32 48 51 43 240 171 278 94 53 337 98 37 30 70 259 65 48 51 73 40 75 398
leaf_count=32 48 51 43 240 171 278 94 53 337 98 37 30 70 259 65 48 51 73 40 75 398
internal_value=0 0.000412697 0.00141879 0.00100105 0.00133145 0.000212081 0.00283622 -0.00133203 -0.000521994 -0.000256513 -0.0026586 -0.000893812 0.000285681 -0.000312065 0.00292462 -0.000979442 -0.0015288 0.0011877 0.00510703 -0.000470246 -0.000170553
internal_weight=0 1821 877 826 783 449 334 770 944 896 165 128 731 596 135 717 572 145 72 521 473
internal_count=2591 1821 877 826 783 449 334 770 944 896 165 128 731 596 135 717 572 145 72 521 473
is_linear=0
shrinkage=0.03


Tree=200
num_leaves=15
num_cat=0
split_feature=3 3 17 8 17 17 17 1 8 0 7 15 3 3
split_gain=2.03705 3.45965 1.82722 6.05686 3.27894 2.00321 1.48297 1.44818 6.1234 1.35241 1.34971 2.0498 1.77236 0.929413
threshold=0.39840000000000003 0.36100000000000004 -0.012824157303370802 0.20320000000000002 0.012175842696629221 0.014679775280898895 0.049105617977528111 0.052700000000000004 0.19140000000000004 0.071800000000000017 -0.3088499999999999 -9.9038932584269634 0.031000000000000003 0.17570000000000005
decision_type=2 2 2 2 2 2 2 2 2 2 2 2 2 2
left_child=1 2 3 10 7 -6 -7 13 -9 -2 12 -12 -1 -4
right_child=9 -3 4 -5 5 6 -8 8 -10 -11 11 -13 -14 -15
leaf_value=0.0017047198546946154 6.9679926673416043e-05 -0.010078876186162234 0.003570896063342759 -0.014015466661658137 -0.0067969684754140098 -0.001269674616020271 0.0029872229811193983 0.0015602332880880183 -0.0090890012319303215 0.0082147987848580923 -0.0072011025529354804 -0.0015102585983602164 -0.0013329664068863309 0.0015602332880880183
leaf_weight=286 32 32 379 32 52 513 86 375 54 43 69 136 437 108
leaf_count=286 32 32 379 32 52 513 86 375 54 43 69 136 437 108
internal_value=0 -0.000276531 -0.000152402 -0.00118306 0.000479013 -0.00114882 -0.000658501 0.00163591 0.000364986 0.00473955 -0.000740559 -0.00288918 -0.000131337 0.00275548
internal_weight=0 2559 2527 960 1567 651 599 916 429 75 928 205 723 487
internal_count=2634 2559 2527 960 1567 651 599 916 429 75 928 205 723 487
is_linear=0
shrinkage=0.03


Tree=201
num_leaves=27
num_cat=0
split_feature=17 8 17 17 7 7 4 5 0 1 8 4 4 8 8 17 13 8 5 7 0 13 15 7 17 12
split_gain=1.50157 5.77598 2.29488 1.5588 1.89409 1.3989 3.74407 2.13365 2.09824 1.20762 5.15918 2.50408 2.09121 1.16107 1.15869 1.19978 1.00525 2.4678 1.73685 0.936418 1.05849 0.752232 0.377012 0.287804 0.263001 0.167829
threshold=-0.012824157303370802 0.20320000000000002 0.012175842696629221 -0.0083202247191011252 -0.42124999999999996 -0.32264999999999994 0.024400000000000002 0.26625000000000004 0.56540000000000012 0.051450000000000003 0.19140000000000004 0.071050000000000016 0.30165000000000003 0.18970000000000001 0.16025000000000003 0.055605617977528117 -3.6674471910112358 0.19900000000000004 0.28670000000000007 -0.3783999999999999 0.37145 2.8250528089887639 -6.1164589887640446 -0.30524999999999997 -0.020324157303370779 1.0634898876404526
decision_type=2 2 2 2 2 2 2 2 2 2 2 2 2 2 2 2 2 2 2 2 2 2 2 2 2 2
left_child=1 5 3 4 -2 8 -7 -8 19 11 12 13 -11 -5 -4 16 18 -18 -16 20 -1 22 -10 -17 -23 -13
right_child=2 -3 14 9 -6 6 7 -9 21 10 -12 25 -14 -15 15 23 17 -19 -20 -21 -22 24 -24 -25 -26 -27
leaf_value=-0.00029340941164627778 0.011042009783559478 -0.013595002790680155 0.0037957375278611749 0.0081632598102936212 0.00063716864438667414 -0.001068891004970617 -0.0037048377913825761 -0.00711577638462676 0.0061098450859407745 0.00094060077112232212 -0.008816331024281681 0.00094060077112232212 -0.0039378651265796786 0.003214751657717287 0.00026255960212438366 0.0012789116330731804 -0.00013784550847753844 -0.0053701976562049959 -0.0090146668681076597 -0.001068891004970617 0.00096300902727038768 0.0029495631298050284 0.0020578978715404387 -0.0021737121902406214 0.00096300902727038768 0.0025597918984024254
leaf_weight=293 32 32 44 53 31 170 74 64 62 280 54 153 78 219 32 48 382 103 42 103 61 60 31 30 32 71
leaf_count=293 32 32 44 53 31 170 74 64 62 280 54 153 78 219 32 48 382 103 42 103 61 60 31 30 32 71
internal_value=0 -0.00105882 0.00042247 0.00135887 0.00592217 -0.00063655 -0.0022986 -0.00634078 0.000160821 0.00104225 -0.000158175 0.00203938 0.000940601 0.00417898 -0.000912686 -0.00123791 -0.00174598 -0.00124905 -0.00500289 -0.000930389 0.000482072 0.00285641 0.0047592 0.00127891 0.000963009 0.000940601
internal_weight=0 982 1652 971 63 950 308 138 642 908 412 496 358 272 681 637 559 485 74 457 354 185 93 78 92 224
internal_count=2634 982 1652 971 63 950 308 138 642 908 412 496 358 272 681 637 559 485 74 457 354 185 93 78 92 224
is_linear=0
shrinkage=0.03


Tree=202
num_leaves=17
num_cat=0
split_feature=3 3 17 17 7 14 15 17 6 0 17 13 2 14 14 3
split_gain=1.8774 3.26542 1.647 3.03288 2.74998 3.51148 1.96777 1.87577 1.8062 1.55803 1.38213 1.33382 1.27259 2.70621 2.25023 0.254872
threshold=0.39840000000000003 0.36100000000000004 -0.011820224719101128 0.012175842696629221 -0.3088499999999999 -0.14745393258426964 -0.21830112359550566 0.014679775280898895 0.0023000000000000004 0.30040000000000006 0.049105617977528111 -0.10697977528089807 0.00030000000000000008 0.40500112359550566 0.089046067415730359 0.064250000000000015
decision_type=2 2 2 2 2 2 2 2 2 2 2 2 2 2 2 2
left_child=1 2 4 12 6 -6 9 -5 -7 -1 -9 -2 13 -4 -14 -8
right_child=11 -3 3 7 5 8 15 10 -10 -11 -12 -13 14 -15 -16 -17
leaf_value=-0.0016015953509958645 0.0004979280014899937 -0.0097863433579914276 0.0018115143244541818 -0.0065436438433467761 -0.011271537173579031 -0.0089975124456481443 0.00043228604770325995 -0.0011936700202481092 -0.0020829083046661609 0.0016827250430554938 0.0029159463112524084 0.008500108674634247 0.00093855294651141042 0.010268169632181525 -0.0059262554273557134 -0.0020829083046661609
leaf_weight=191 37 32 631 52 47 34 77 513 152 407 86 38 163 36 51 87
leaf_count=191 37 32 631 52 47 34 77 513 152 407 86 38 163 36 51 87
internal_value=0 -0.000263132 -0.000142537 0.000474693 -0.00109289 -0.00394505 -0.000220768 -0.00107811 -0.00209373 0.00063372 -0.000603642 0.00455237 0.00162211 0.00226795 -0.00039084 -0.00208291
internal_weight=0 2559 2527 1532 995 233 762 651 186 598 599 75 881 667 214 164
internal_count=2634 2559 2527 1532 995 233 762 651 186 598 599 75 881 667 214 164
is_linear=0
shrinkage=0.03


Tree=203
num_leaves=16
num_cat=0
split_feature=3 3 3 1 7 8 16 5 4 5 3 13 3 3 14
split_gain=1.76733 3.07165 1.54604 2.23401 1.77089 6.04971 6.07248 2.7342 1.49296 4.8666 1.34699 1.25499 0.577855 0.805089 0.256103
threshold=0.39840000000000003 0.36100000000000004 0.0016000000000000001 0.012900000000000002 -0.32904999999999995 0.20095000000000002 28.96344494382021 0.29340000000000005 0.077550000000000022 0.34515000000000001 0.11255000000000003 -0.10697977528089807 0.00090000000000000008 0.00040000000000000002 -0.030868539325842711
decision_type=2 2 2 2 2 2 2 2 2 2 2 2 2 2 2
left_child=1 2 3 -1 8 7 -7 -6 9 -4 -10 -2 13 -5 -14
right_child=11 -3 4 12 5 6 -8 -9 10 -11 -12 -13 14 -15 -16
leaf_value=0.0084076715955002743 0.00048299018595669718 -0.0094927529362030319 0.0088099307896724599 -0.00064154321683944501 -0.0004053351885700515 -0.0038289974267360625 -0.01886923009950307 -0.0038289974267360625 -0.0004053351885700515 0.0011009819882338491 0.0010867049546989921 0.0082451054105829244 0.00064494518144431732 0.0045295132073249833 -0.0030749792074008537
leaf_weight=44 37 32 81 38 824 101 31 133 396 202 576 38 31 34 36
leaf_count=44 37 32 81 38 824 101 31 133 396 202 576 38 31 34 36
internal_value=0 -0.000256417 -0.000139455 0.00251626 -0.000346791 -0.001232 -0.00725266 -0.000405335 0.000421331 0.00233895 -0.000136989 0.0044158 0.000651355 0.00251728 -0.00135382
internal_weight=0 2559 2527 183 2344 1089 132 957 1255 283 972 75 139 72 67
internal_count=2634 2559 2527 183 2344 1089 132 957 1255 283 972 75 139 72 67
is_linear=0
shrinkage=0.03


Tree=204
num_leaves=14
num_cat=0
split_feature=3 3 17 8 17 17 4 7 17 17 1 15 12
split_gain=1.66588 2.88749 1.54191 5.11204 2.87174 1.76783 1.35356 4.29525 1.30632 1.21194 2.3108 1.05595 0.968427
threshold=0.39840000000000003 0.36100000000000004 -0.011820224719101128 0.20320000000000002 0.012175842696629221 0.014679775280898895 0.024100000000000003 -0.31494999999999995 0.049105617977528111 -0.0076601123595505518 0.052700000000000004 26.914562359550562 0.15421685393258325
decision_type=2 2 2 2 2 2 2 2 2 2 2 2 2
left_child=1 2 3 6 9 -6 11 -8 -7 -4 -11 -1 -2
right_child=12 -3 4 -5 5 8 7 -9 -10 10 -12 -13 -14
leaf_value=0.00046106360416570808 0.001094515590230003 -0.0092079703439958398 0.0075005480498075471 -0.012491107059861806 -0.006359116175713447 -0.0011661795453762102 -0.00027627826929374624 -0.00652072016019648 0.0028291424302124353 0.0028101084965644128 -0.00032619427939477774 0.0060837647572958035 0.007927670651780707
leaf_weight=213 40 32 30 34 52 513 594 119 86 459 392 35 35
leaf_count=213 40 32 30 34 52 513 594 119 86 459 392 35 35
internal_value=0 -0.000252802 -0.0001394 -0.00105893 0.000457813 -0.00105318 -0.000654461 -0.00131848 -0.000592561 0.00157433 0.00136542 0.00125459 0.00428332
internal_weight=0 2559 2527 995 1532 651 961 713 599 881 851 248 75
internal_count=2634 2559 2527 995 1532 651 961 713 599 881 851 248 75
is_linear=0
shrinkage=0.03


Tree=205
num_leaves=21
num_cat=0
split_feature=15 3 14 3 16 13 12 13 3 16 17 3 0 3 15 3 0 3 17 3
split_gain=3.71206 1.81841 2.80215 2.70198 2.58858 3.52295 1.95371 3.36113 2.74621 2.72289 2.66905 2.068 1.67789 1.18663 2.17617 1.0613 3.19842 2.86659 0.994577 0.287356
threshold=-42.048850561797742 0.064250000000000015 0.40500112359550566 0.071700000000000014 33.094215730337062 5.178052808988765 0.31202921348314488 2.6403550561797755 0.018650000000000003 1.0000000180025095e-35 0.0086758426966292174 0.037600000000000001 0.38135000000000002 0.0089000000000000017 -10.040871910112347 0.11255000000000003 0.46205000000000002 0.17060000000000003 0.049105617977528111 0.0032500000000000007
decision_type=2 2 2 2 2 2 2 2 2 2 2 2 2 2 2 2 2 2 2 2
left_child=-1 2 6 -3 15 -6 9 8 -8 18 -11 -9 -4 19 -15 16 -5 -17 -2 -14
right_child=1 3 12 4 5 -7 7 11 -10 10 -12 -13 13 14 -16 17 -18 -19 -20 -21
leaf_value=0.0095482587573282856 -0.0012468437579331347 -0.0096910861375577306 -0.0019152993410825726 -0.0073865890510093702 -0.014412683919072151 -0.0014087711647152901 -0.0021566860358424411 -0.0010374550147804135 -0.0099899863378047505 0.001359317529072664 0.0083971883641324584 0.0064320045634081993 0.0039323720558044999 0.012114185251062736 0.0033424617883616261 0.0020665942566455878 0.00013811277334055264 -0.0017016771235984975 0.0033157871968727158 0.0013125710430359769
leaf_weight=34 505 34 45 78 30 50 101 179 67 296 58 41 39 40 70 312 146 435 47 37
leaf_count=34 505 34 45 78 30 50 101 179 67 296 58 41 39 40 70 312 146 435 47 37
internal_value=0 -0.000428732 0.000239192 -0.00136752 -0.00109825 -0.00628524 -0.000304147 -0.00208543 -0.00528068 0.000458698 0.00251242 0.000354581 0.00328283 0.00454044 0.00653218 -0.000670898 -0.0024821 -0.000127781 -0.000858359 0.00165766
internal_weight=0 2610 1525 1085 1051 80 1294 388 168 906 354 220 231 186 110 971 224 747 552 76
internal_count=2644 2610 1525 1085 1051 80 1294 388 168 906 354 220 231 186 110 971 224 747 552 76
is_linear=0
shrinkage=0.03


Tree=206
num_leaves=19
num_cat=0
split_feature=15 3 14 3 16 13 12 8 15 16 17 8 3 3 3 14 1 3
split_gain=3.4933 1.70766 2.62161 2.54229 2.43559 3.31475 1.83825 3.3392 3.45904 2.56197 2.51131 1.17899 0.998572 2.69717 2.62011 0.980452 1.05972 0.555
threshold=-42.048850561797742 0.064250000000000015 0.40500112359550566 0.071700000000000014 33.094215730337062 5.178052808988765 0.31202921348314488 0.19900000000000004 -7.9742089887640439 1.0000000180025095e-35 0.0086758426966292174 0.14055000000000004 0.11255000000000003 0.17060000000000003 0.085450000000000012 0.41254606741573041 0.034700000000000009 0.039250000000000007
decision_type=2 2 2 2 2 2 2 2 2 2 2 2 2 2 2 2 2 2
left_child=-1 2 6 -3 12 -6 9 8 -8 11 -11 -2 14 -14 -5 -4 -17 -18
right_child=1 3 15 4 5 -7 7 -9 -10 10 -12 -13 13 -15 -16 16 17 -19
leaf_value=0.0092618110228110759 0.0044960583733128648 -0.0094003535346949794 0.0082334945239126694 0.0010775934671983123 -0.01398030336201191 -0.0013665080565959213 0.00087040141530626695 -0.0094299246260925434 -0.0052035444386886358 0.0013185380212844637 0.0081452727223072074 -0.0011933495241219115 0.002004596408783422 -0.0016506268247994112 -0.005428162650670856 0.0074253511165443343 0.00060215988196755965 0.0044484424426042288
leaf_weight=34 35 34 30 104 30 50 249 48 91 296 58 517 312 435 120 32 135 34
leaf_count=34 35 34 30 104 30 50 249 48 91 296 58 517 312 435 120 32 135 34
internal_value=0 -0.000416743 0.000230522 -0.00132649 -0.0010653 -0.00609668 -0.000295022 -0.00202287 -0.000977164 0.000444938 0.00243704 -0.000832608 -0.000650771 -0.000123947 -0.00240763 0.00317448 0.00241941 0.00147153
internal_weight=0 2610 1525 1085 1051 80 1294 388 340 906 354 552 971 747 224 231 201 169
internal_count=2644 2610 1525 1085 1051 80 1294 388 340 906 354 552 971 747 224 231 201 169
is_linear=0
shrinkage=0.03


Tree=207
num_leaves=16
num_cat=0
split_feature=15 3 4 14 3 16 13 7 5 7 0 13 6 7 6
split_gain=3.28733 1.60426 4.32005 3.28204 2.39205 2.29165 3.11885 1.75406 3.13042 1.55697 3.12928 1.39326 1.27761 1.12117 1.57817
threshold=-42.048850561797742 0.064250000000000015 0.32190000000000007 0.40500112359550566 0.071700000000000014 33.094215730337062 5.178052808988765 -0.3088499999999999 0.22590000000000002 -0.32869999999999994 0.61650000000000016 -2.011842696629214 -0.0066499999999999988 -0.35199999999999992 -0.0024499999999999995
decision_type=2 2 2 2 2 2 2 2 2 2 2 2 2 2 2
left_child=-1 2 3 7 -3 9 -7 12 -9 10 -6 -11 -2 -5 -15
right_child=1 4 -4 13 5 6 -8 8 -10 11 -12 -13 -14 14 -16
leaf_value=0.0089839566389427455 -0.00010584945669495699 -0.0091183430416619075 -0.0090412052792750962 0.0079136315120558708 -0.00073530324900230345 -0.013560894958674907 -0.0013255127778276799 -0.00010584945669495699 -0.0042717726966208748 -0.0077481254744950845 0.005348513000576263 -0.0017167540862119382 0.002238455684623736 -0.002177808112464845 0.0043890047106067186
leaf_weight=34 280 34 44 48 726 30 50 419 205 46 85 114 354 44 131
leaf_count=34 280 34 44 48 726 30 50 419 205 46 85 114 354 44 131
internal_value=0 -0.000404922 0.00022244 0.00049766 -0.0012867 -0.00103334 -0.00591378 -9.69444e-05 -0.0012261 -0.000631248 -9.76653e-05 -0.00333584 0.0010144 0.00385197 0.00273792
internal_weight=0 2610 1525 1481 1085 1051 80 1258 624 971 811 160 634 223 175
internal_count=2644 2610 1525 1481 1085 1051 80 1258 624 971 811 160 634 223 175
is_linear=0
shrinkage=0.03


Tree=208
num_leaves=16
num_cat=0
split_feature=15 3 4 14 3 16 12 12 16 12 7 8 0 7 6
split_gain=3.09263 1.50983 4.06536 3.08672 2.25098 2.15669 2.57733 2.09924 2.37465 1.95993 1.46174 3.42008 2.94434 1.05491 1.4849
threshold=-42.048850561797742 0.064250000000000015 0.32190000000000007 0.40500112359550566 0.071700000000000014 33.094215730337062 2.0448039325842733 0.31202921348314488 1.0000000180025095e-35 1.0987595505618002 -0.32869999999999994 0.20185000000000003 0.61650000000000016 -0.35199999999999992 -0.0024499999999999995
decision_type=2 2 2 2 2 2 2 2 2 2 2 2 2 2 2
left_child=-1 2 3 7 -3 10 -7 8 -2 -9 12 -12 -6 -5 -15
right_child=1 4 -4 13 5 6 -8 9 -10 -11 11 -13 -14 14 -16
leaf_value=0.0087144382697913574 -0.00053777248852779791 -0.0088447927798637558 -0.0087699689754200238 0.0076762226852588348 -0.00071324416079071595 -0.010132953075808472 0.00085851083218585695 -0.0041432615768633198 0.0026536564956895323 -0.00032669670637668237 -0.0016635274580959138 -0.011221998943702171 0.0051880576484562716 -0.0021124738721515642 0.0042573345788818502
leaf_weight=34 538 34 44 48 726 48 32 133 344 243 122 38 85 44 131
leaf_count=34 538 34 44 48 726 48 32 133 344 243 122 38 85 44 131
internal_value=0 -0.000392157 0.000216462 0.000483446 -0.00124759 -0.00100182 -0.00573637 -9.31935e-05 0.000706957 -0.00197014 -0.000611742 -0.00323232 -9.47353e-05 0.00373642 0.00265578
internal_weight=0 2610 1525 1481 1085 1051 80 1258 882 376 971 160 811 223 175
internal_count=2644 2610 1525 1481 1085 1051 80 1258 882 376 971 160 811 223 175
is_linear=0
shrinkage=0.03


Tree=209
num_leaves=19
num_cat=0
split_feature=15 3 14 3 16 13 12 8 15 16 17 7 8 3 8 14 1 7
split_gain=2.90984 1.41007 2.16008 2.11973 2.03206 2.85677 1.63014 3.11152 3.17049 2.27151 2.34916 1.3564 3.23186 1.69235 1.15418 0.900003 0.968864 0.649758
threshold=-42.048850561797742 0.064250000000000015 0.40500112359550566 0.071700000000000014 33.094215730337062 5.178052808988765 0.31202921348314488 0.19900000000000004 -7.9742089887640439 1.0000000180025095e-35 0.0086758426966292174 -0.32869999999999994 0.20185000000000003 0.17060000000000003 0.14055000000000004 0.41254606741573041 0.034700000000000009 -0.35034999999999994
decision_type=2 2 2 2 2 2 2 2 2 2 2 2 2 2 2 2 2 2
left_child=-1 2 6 -3 11 -6 9 8 -8 14 -11 13 -13 -5 -2 -4 -17 -18
right_child=1 3 15 4 5 -7 7 -9 -10 10 -12 12 -14 -15 -16 16 17 -19
leaf_value=0.0084530051970196987 0.0044969098533370663 -0.0085794487316161391 0.0077270996393635867 0.0013460981458729528 -0.012883053362369537 -0.0011730102780042216 0.00088027315460957579 -0.0090464274771511546 -0.0049666779264296241 0.0012215583943927068 0.0078242288232813102 -0.0016031014876296873 -0.010885339163145737 -0.0013979278907700276 -0.0011323050971473278 0.0069432004558620973 0.0037902600543920769 -0.00011201606086846864
leaf_weight=34 35 34 30 386 30 50 249 48 91 296 58 122 38 425 517 32 59 110
leaf_count=34 35 34 30 386 30 50 249 48 91 296 58 122 38 425 517 32 59 110
internal_value=0 -0.00038037 0.000207798 -0.00120706 -0.000968561 -0.00556428 -0.000269248 -0.00189635 -0.000886928 0.000427568 0.00230335 -0.000589923 -0.00311431 -9.18933e-05 -0.00077538 0.00288008 0.00215665 0.00125032
internal_weight=0 2610 1525 1085 1051 80 1294 388 340 906 354 971 160 811 552 231 201 169
internal_count=2644 2610 1525 1085 1051 80 1294 388 340 906 354 971 160 811 552 231 201 169
is_linear=0
shrinkage=0.03


Tree=210
num_leaves=13
num_cat=0
split_feature=2 8 2 3 3 15 3 17 3 15 6 5
split_gain=1.10377 2.94132 1.25714 1.38014 2.93451 3.17638 1.08156 1.24614 0.997288 0.994865 1.19068 0.242893
threshold=0.27755000000000002 0.13425000000000004 0.00045000000000000004 0.17060000000000003 0.023950000000000003 5.636198876404495 0.035050000000000005 0.019175842696629228 0.00090000000000000008 16.246606741573036 0.033000000000000008 0.30945000000000006
decision_type=2 2 2 2 2 2 2 2 2 2 2 2
left_child=1 -1 3 4 8 -6 11 -8 -3 -5 -11 -4
right_child=-2 2 6 9 5 -7 7 -9 -10 10 -12 -13
leaf_value=0.0077242791478832557 -0.0045668988378273073 0.0028552019516006112 -0.00060640578132200858 -0.00060640578132200858 0.003167608787200299 -0.00060640578132200858 -0.002222870569933727 -0.00060640578132200858 -0.00060640578132200858 -0.00060640578132200858 0.003855710889579104 -0.002222870569933727
leaf_weight=45 46 75 137 362 592 269 187 57 746 30 52 46
leaf_count=45 46 75 137 362 592 269 187 57 746 30 52 46
internal_value=0 0.000121158 -1.28574e-05 0.000285489 0.000714178 0.0019378 -0.0014983 -0.00222287 -0.000569057 -0.000606406 0.0031113 -0.000606406
internal_weight=0 2598 2553 2126 1682 861 427 244 821 444 82 183
internal_count=2644 2598 2553 2126 1682 861 427 244 821 444 82 183
is_linear=0
shrinkage=0.03


Tree=211
num_leaves=12
num_cat=0
split_feature=2 8 2 3 3 1 3 4 15 6 17
split_gain=1.03414 2.77472 1.16729 1.32728 2.86683 1.63337 1.42626 1.13751 0.934954 1.1399 0.551818
threshold=0.27755000000000002 0.13425000000000004 0.00045000000000000004 0.17060000000000003 0.11425 0.052700000000000004 0.06795000000000001 0.038400000000000011 16.246606741573036 0.033000000000000008 0.039179775280898867
decision_type=2 2 2 2 2 2 2 2 2 2 2
left_child=1 -1 3 4 6 -6 -3 -4 -5 -10 -9
right_child=-2 2 7 8 5 -7 -8 10 9 -11 -12
leaf_value=0.0074925507530570028 -0.0044298918207641693 0.00080102263996665159 -0.0005942151820534919 -0.0005942151820534919 0.0037351400126211906 -0.00012559676421806216 -0.0005942151820534919 -0.0021609991021109458 -0.0005942151820534919 0.0037351400126211906 -0.0013776071420822187
leaf_weight=45 46 1174 137 362 102 100 306 250 30 52 40
leaf_count=45 46 1174 137 362 102 100 306 250 30 52 40
internal_value=0 0.000107894 -2.22707e-05 0.000265216 0.00068789 0.00373514 0.00022851 -0.00145365 -0.000594215 0.00304461 -0.002161
internal_weight=0 2598 2553 2126 1682 202 1480 427 444 82 290
internal_count=2644 2598 2553 2126 1682 202 1480 427 444 82 290
is_linear=0
shrinkage=0.03


Tree=212
num_leaves=12
num_cat=0
split_feature=2 8 2 3 3 7 8 4 15 7 17
split_gain=0.970636 2.61468 1.08342 1.28164 2.7983 1.70545 1.38718 1.09694 0.872126 0.945045 0.530229
threshold=0.27755000000000002 0.13425000000000004 0.00045000000000000004 0.17060000000000003 0.11425 -0.32839999999999997 0.19900000000000004 0.038400000000000011 16.246606741573036 -0.36609999999999993 0.039179775280898867
decision_type=2 2 2 2 2 2 2 2 2 2 2
left_child=1 -1 3 4 6 -6 -3 -4 -5 -10 -9
right_child=-2 2 7 8 5 -7 -8 10 9 -11 -12
leaf_value=0.0072677742342154182 -0.0042969951365628969 0.00072748245903651908 -0.0005781197985925315 -0.0005781197985925315 0.0036203338427822323 -0.0005781197985925315 -0.0005781197985925315 -0.0020988734686213616 0.0036203338427822323 -0.0005781197985925315 -0.0013384966336069466
leaf_weight=45 46 1276 137 362 130 72 204 250 52 30 40
leaf_count=45 46 1276 137 362 130 72 204 250 52 30 40
internal_value=0 9.92482e-05 -2.71065e-05 0.000249859 0.000667789 0.00362033 0.000213134 -0.0014061 -0.00057812 0.00298007 -0.00209887
internal_weight=0 2598 2553 2126 1682 202 1480 427 444 82 290
internal_count=2644 2598 2553 2126 1682 202 1480 427 444 82 290
is_linear=0
shrinkage=0.03


Tree=213
num_leaves=17
num_cat=0
split_feature=17 16 2 14 3 3 16 3 13 4 7 17 17 0 7 3
split_gain=0.934494 1.06135 2.03183 1.59576 1.37553 2.92096 2.69063 1.8804 1.16246 1.42663 2.88162 1.69657 1.26822 2.20216 0.956551 0.634011
threshold=0.05910561797752812 -23.769555056179737 0.27755000000000002 -0.18158426966292132 0.13615000000000002 0.11255000000000003 -40.50575056179769 0.064250000000000015 -0.34124044943820303 0.36690000000000006 -0.39244999999999997 -0.0013202247191011205 -0.00071460674157303161 0.82840000000000014 -0.3783999999999999 0.22055000000000002
decision_type=2 2 2 2 2 2 2 2 2 2 2 2 2 2 2 2
left_child=1 3 8 -1 5 7 -6 -5 9 10 -3 -11 14 -14 -10 -8
right_child=-2 2 -4 4 6 -7 15 -9 12 11 -12 -13 13 -15 -16 -17
leaf_value=-0.0061770651124874653 0.0040774916916154324 0.007379594552773051 -0.0069124956979815444 0.00016583271165268422 -0.0099770038259717128 0.0075459097518563965 -0.0037024393404135481 -0.0061897828502162373 0.0016907474853614817 -0.0032669614015829263 0.0011157675431357843 -6.08002588620141e-05 -0.0032669614015829263 0.0016373918616974896 -0.00031014251583615457 0.0017053117901086807
leaf_weight=53 50 75 35 289 39 43 32 49 327 52 557 49 206 110 628 50
leaf_count=53 50 75 35 289 39 43 32 49 327 52 557 49 206 110 628 50
internal_value=0 -6.31754e-05 0.00025342 -0.00122631 -0.000703616 0.000181366 -0.00349021 -0.000755544 0.000378573 0.00133002 0.0018591 -0.0019807 -0.000170135 -0.00181755 0.000374979 -0.00040503
internal_weight=0 2594 2039 555 502 381 121 338 2004 733 632 101 1271 316 955 82
internal_count=2644 2594 2039 555 502 381 121 338 2004 733 632 101 1271 316 955 82
is_linear=0
shrinkage=0.03


Tree=214
num_leaves=16
num_cat=0
split_feature=17 18 4 0 17 8 16 3 12 13 15 16 3 0 0
split_gain=0.879816 1.0569 1.91296 1.81821 3.90893 2.17433 1.4512 2.19498 1.92578 1.23239 1.05338 1.1644 1.26192 0.5328 0.117363
threshold=0.05910561797752812 4.5000000000000009 0.57935000000000014 0.072950000000000015 -0.011820224719101128 0.16270000000000004 -5.8954191011236494 0.26200000000000007 0.71181573033707946 2.0786573033707865 -12.533024719101123 -40.50575056179769 0.0089000000000000017 0.77115000000000011 0.74755000000000005
decision_type=2 2 2 2 2 2 2 2 2 2 2 2 2 2 2
left_child=1 2 10 4 -3 9 7 -7 -8 -5 14 13 -13 -12 -1
right_child=-2 3 -4 5 -6 6 8 -9 -10 -11 11 12 -14 -15 -16
leaf_value=-0.0024906893533364438 0.0039551669418811794 -0.002353765768024057 -0.0056680607575584534 0.0088610959811402223 -0.011008742641446724 -0.002353765768024057 0.002030935786857787 0.002030935786857787 -0.00075801018427798419 0.002030935786857787 -0.0024906893533364438 -0.0006990585922236665 0.0015986506621109616 0.0014892636410513659 -0.00056459888866811526
leaf_weight=38 50 59 44 35 53 329 126 33 507 35 31 277 963 32 32
leaf_count=38 50 59 44 35 53 329 126 33 507 35 31 277 963 32 32
internal_value=0 -6.25367e-05 0.000489358 -0.000726967 -0.00436294 -0.000344592 -0.000704132 -0.00221916 0.000162282 0.004766 0.000686682 0.000880606 0.00108537 -0.00249069 -0.00249069
internal_weight=0 2594 1417 1177 112 1065 995 362 633 70 1373 1303 1240 63 70
internal_count=2644 2594 1417 1177 112 1065 995 362 633 70 1373 1303 1240 63 70
is_linear=0
shrinkage=0.03


Tree=215
num_leaves=21
num_cat=0
split_feature=15 17 15 8 3 3 3 15 3 3 7 0 12 3 3 3 15 16 7 12
split_gain=2.75255 1.72762 3.60989 3.08662 1.45376 3.40029 4.70465 3.51144 3.14899 1.17463 4.12668 3.82951 2.69389 2.6207 2.88 2.60172 1.64264 2.67514 1.94296 1.04212
threshold=-42.048850561797742 -0.012218539325842713 -12.533024719101123 0.17830000000000004 0.21215000000000003 0.11670000000000001 0.11275000000000002 -6.3738668539325838 0.28045000000000003 0.085450000000000012 -0.34939999999999999 0.61650000000000016 0.2500292134831455 0.11255000000000003 0.11965000000000002 0.077300000000000021 -7.999708988764044 15.368640449438148 -0.28149999999999992 1.1112595505617977
decision_type=2 2 2 2 2 2 2 2 2 2 2 2 2 2 2 2 2 2 2 2
left_child=-1 2 3 -2 5 6 -4 -7 -6 15 13 -12 -13 -11 -15 16 18 -18 -3 -10
right_child=1 9 4 -5 8 7 -8 -9 19 10 11 12 -14 14 -16 -17 17 -19 -20 -21
leaf_value=0.0081722272541567987 -0.0017074383255642127 0.0051516797057057319 -0.00098379590525432114 -0.012552022585983981 0.009363724328577518 -0.0018960782037453446 0.0094875725604048593 -0.015033184861764312 0.0020555500874884034 -0.0016810538998066546 -0.012193370383492734 -0.0016810538998066546 -0.0070881223141382038 0.0096064181848451845 0.0011974483818336283 0.0082812632572685559 0.00061622048223206787 -0.006763328900164429 -0.0032190945576275548 -0.0054240974113345152
leaf_weight=36 51 128 664 44 40 47 41 30 38 56 43 97 46 41 346 43 745 47 31 30
leaf_count=36 51 128 664 44 40 47 41 30 38 56 43 97 46 41 346 43 745 47 31 30
internal_value=0 -0.000180229 -0.00117136 -0.00673019 -0.000578005 -0.00102859 -0.000374823 -0.00701443 0.0026846 0.000421292 -0.000593273 -0.00434337 -0.00198287 0.000981257 0.00208832 0.00106331 0.000736941 0.000178293 0.00351964 -0.00124429
internal_weight=0 2608 985 95 890 782 705 77 108 1623 629 186 143 443 387 994 951 792 159 68
internal_count=2644 2608 985 95 890 782 705 77 108 1623 629 186 143 443 387 994 951 792 159 68
is_linear=0
shrinkage=0.03


Tree=216
num_leaves=28
num_cat=0
split_feature=17 8 7 4 12 13 17 13 14 13 16 16 0 14 2 16 8 17 2 0 6 17 12 8 0 14 7
split_gain=1.04319 3.68519 1.70189 2.28398 1.58573 2.1537 2.41435 1.06752 1.77616 1.28946 4.13373 1.98188 1.53195 3.4684 3.71407 1.40626 1.19089 1.11812 1.10305 0.962366 0.931266 0.590899 0.287921 0.198803 0.189216 0.105156 1.34132
threshold=-0.012218539325842713 0.20320000000000002 -0.32264999999999994 0.023350000000000003 1.1752595505617995 -0.30544719101123613 -0.02132415730337078 2.7514061797752798 -0.2838134831460673 -0.47297977528089769 1.0000000180025095e-35 11.227749438202354 0.82840000000000014 -0.030868539325842711 0.00015000000000000004 26.560249438202337 0.14280000000000001 -0.0067146067415730362 0.00030000000000000008 0.56540000000000012 0.017900000000000003 0.0006758426966292087 0.27402921348314463 0.19410000000000002 0.67740000000000011 0.3460865168539326 -0.37404999999999994
decision_type=2 2 2 2 2 2 2 2 2 2 2 2 2 2 2 2 2 2 2 2 2 2 2 2 2 2 2
left_child=1 2 4 -4 5 19 -7 9 -9 10 16 24 13 23 -15 22 -2 -18 21 -1 -5 -10 -14 -11 -12 26 -6
right_child=7 -3 3 20 25 6 -8 8 18 12 11 -13 15 14 -16 -17 17 -19 -20 -21 -22 -23 -24 -25 -26 -27 -28
leaf_value=-0.00095078317538543357 0.0047268090260525544 -0.010244341036789895 -0.00095078317538543357 -0.0053582153775854355 0.0040779378743431832 0.0078462319208109487 0.0014666466485442166 -0.0017982604313458849 0.0085208500001360387 -0.0008022450216317637 0.0069196999352425332 0.0010359691803862984 0.00169515652412718 -0.0021862543802708386 -0.014537882345802455 0.0053769193863139504 0.0021842199145380328 -0.00072102962437681 2.0378284071656788e-06 0.0034068200133859795 -0.0030614050672786467 0.0035008810817574458 -0.0008022450216317637 -0.0036781817884849648 0.009837700569381316 -0.00095078317538543357 -0.00095078317538543357
leaf_weight=115 45 36 169 84 59 70 225 56 51 108 36 52 44 50 39 47 141 772 33 47 63 36 33 35 45 104 49
leaf_count=115 45 36 169 84 59 70 225 56 51 108 36 52 44 50 39 47 141 772 33 47 63 36 33 35 45 104 49
internal_value=0 -0.000816655 -0.00047209 -0.00228651 0.000384948 0.00144394 0.00298045 0.000407289 0.00261341 0.000138957 0.000650525 0.00560659 -0.0014288 -0.00286755 -0.00759877 0.00126306 -3.75297e-05 -0.000272355 0.00467219 -0.000950783 -0.00517203 0.00644362 -0.000802245 -0.000802245 0.00854081 -0.000950783 0.000673131
internal_weight=0 1021 985 316 669 457 295 1623 176 1447 1091 133 356 232 89 124 958 913 120 162 147 87 77 143 81 212 108
internal_count=2644 1021 985 316 669 457 295 1623 176 1447 1091 133 356 232 89 124 958 913 120 162 147 87 77 143 81 212 108
is_linear=0
shrinkage=0.03


Tree=217
num_leaves=22
num_cat=0
split_feature=3 8 7 1 16 3 3 5 2 0 7 3 8 3 16 14 3 1 3 12 12
split_gain=1.26989 1.63474 4.06995 5.63722 3.6853 2.45242 2.03037 1.71568 1.61452 1.69796 3.56458 1.59447 1.31989 1.27733 1.05763 0.769919 1.42234 0.697847 0.449502 0.151888 0.176518
threshold=0.0016000000000000001 0.19185000000000002 -0.34939999999999999 0.052700000000000004 30.390300000000028 0.074450000000000016 0.17570000000000005 0.26625000000000004 0.00030000000000000008 0.77115000000000011 -0.30934999999999996 0.11255000000000003 0.19900000000000004 0.018650000000000003 29.666444943820185 -0.13795393258426963 0.11965000000000002 0.012900000000000002 0.00090000000000000008 -1.5672831460674155 -2.084010112359548
decision_type=2 2 2 2 2 2 2 2 2 2 2 2 2 2 2 2 2 2 2 2 2
left_child=14 7 -3 4 6 -5 -4 8 9 -2 -11 19 -6 -10 17 -13 -17 -1 -19 20 -9
right_child=1 2 3 5 12 -7 -8 11 13 10 -12 15 -14 -15 -16 16 -18 18 -20 -21 -22
leaf_value=0.004926960972802979 0.0026500777719206813 -0.00053023035536149546 -0.0018818900313452851 -0.0070792618389160173 -0.0018818900313452851 -0.018068708579987287 -0.0070792618389160173 -0.00053023035536149546 0.0026500777719206813 0.015632292768287079 0.004690094510628226 0.00096408586896894449 -0.0070792618389160173 0.00096408586896894449 0.0071486945474958591 0.00096408586896894449 -0.00053023035536149546 0.0019225049338525754 -0.001987465970108614 -0.00053023035536149546 0.00096408586896894449
leaf_weight=35 50 231 404 30 40 30 38 44 110 31 90 157 34 75 34 51 246 55 51 717 91
leaf_count=35 50 231 404 30 40 30 38 44 110 31 90 157 34 75 34 51 246 55 51 717 91
internal_value=0 -0.00024528 -0.00135309 -0.00323355 -0.00222152 -0.011937 -0.00188189 0.000292625 0.00213879 0.00433607 0.00673011 -0.000210616 -0.00707926 0.000964086 0.00239929 0.000964086 -0.00053023 0.00125405 4.12925e-05 -0.00053023 0.000964086
internal_weight=0 2469 807 576 516 60 442 1662 356 171 121 1306 74 185 175 454 297 141 106 852 135
internal_count=2644 2469 807 576 516 60 442 1662 356 171 121 1306 74 185 175 454 297 141 106 852 135
is_linear=0
shrinkage=0.03


Tree=218
num_leaves=28
num_cat=0
split_feature=17 8 7 4 12 13 17 1 13 14 13 16 16 5 14 2 13 8 8 2 0 8 17 7 5 14 14
split_gain=0.992393 3.40261 1.56689 2.18035 1.51928 2.06763 2.27919 1.06296 0.994601 1.67679 1.20596 3.87573 1.87405 1.51506 2.97549 2.62765 1.13607 2.76009 1.93913 1.03473 0.92038 0.624423 0.559266 0.384244 0.191047 0.0759218 0.406628
threshold=-0.012218539325842713 0.20320000000000002 -0.32264999999999994 0.023350000000000003 1.1752595505617995 -0.30544719101123613 -0.02132415730337078 0.11285000000000002 2.7514061797752798 -0.2838134831460673 -0.47297977528089769 1.0000000180025095e-35 11.227749438202354 0.22590000000000002 -0.030868539325842711 0.00015000000000000004 -3.7259471910112358 0.18045000000000003 0.20375000000000001 0.00030000000000000008 0.56540000000000012 0.19235000000000002 0.0006758426966292087 -0.3542499999999999 0.28305000000000008 0.3460865168539326 -0.040823595505617864
decision_type=2 2 2 2 2 2 2 2 2 2 2 2 2 2 2 2 2 2 2 2 2 2 2 2 2 2 2
left_child=1 2 4 -4 5 20 -7 -5 10 -10 11 16 24 21 23 -16 17 -2 -18 22 -1 -12 -11 -15 -13 26 -6
right_child=8 -3 3 7 25 6 -8 -9 9 19 13 12 -14 14 15 -17 18 -19 -20 -21 -22 -23 -24 -25 -26 -27 -28
leaf_value=-0.00092393662254713948 0.010262390785520116 -0.0098547414216833811 -0.00092393662254713948 -0.0029782129455990149 -0.00092393662254713948 0.0076336121346269343 0.0014351696527795865 -0.0051596815074027892 -0.0017589844328956261 0.008264415662954834 0.0035859445783988394 0.0097250622906154254 0.00098815698190054938 -0.00067639054603623459 -0.0026801137878176046 -0.013101447031490113 -0.0002128688921446877 0.00041779419262515934 -0.0076441982811824832 4.6402520754120563e-06 0.0033462919712938526 -0.00067639054603623459 0.003380660880357027 -0.0029828559579200124 0.0068109115641564128 -0.00092393662254713948 0.0027401896280811189
leaf_weight=115 31 36 169 77 61 70 225 70 56 51 59 41 52 76 51 38 746 148 33 33 47 59 36 73 40 104 47
leaf_count=115 31 36 169 77 61 70 225 70 56 51 59 41 52 76 51 38 746 148 33 33 47 59 36 73 40 104 47
internal_value=0 -0.000795713 -0.000464622 -0.00220559 0.000357721 0.00139914 0.00290599 -0.00503249 0.00039806 0.00252749 0.000139055 0.000633783 0.00543269 -0.00137709 -0.00275514 -0.00712967 -3.24542e-05 0.00212272 -0.000527675 0.00452785 -0.000923937 0.00140236 0.00624355 -0.000676391 0.00828598 -0.000923937 0.000642637
internal_weight=0 1021 985 316 669 457 295 147 1623 176 1447 1091 133 356 238 89 958 179 779 120 162 118 87 149 81 212 108
internal_count=2644 1021 985 316 669 457 295 147 1623 176 1447 1091 133 356 238 89 958 179 779 120 162 118 87 149 81 212 108
is_linear=0
shrinkage=0.03


Tree=219
num_leaves=15
num_cat=0
split_feature=15 15 8 3 17 17 15 15 8 3 4 3 8 6
split_gain=2.41162 1.53973 2.81562 2.03324 0.938818 2.88829 1.62933 1.65395 1.0136 1.05638 2.92372 2.1041 0.979247 0.903106
threshold=-42.048850561797742 -17.877850561797754 0.19480000000000003 0.013600000000000003 -0.012218539325842713 -0.0076601123595505518 -8.0048668539325831 -1.6509589887640448 0.20320000000000002 0.21215000000000003 0.29375000000000001 0.28045000000000003 0.19900000000000004 0.017300000000000003
decision_type=2 2 2 2 2 2 2 2 2 2 2 2 2 2
left_child=-1 2 3 -2 8 -6 12 -8 9 10 -3 -11 -7 -5
right_child=1 4 -4 13 5 6 7 -9 -10 11 -12 -13 -14 -15
leaf_value=0.0076465949133853427 0.0056858291700482367 -8.6059616996450876e-05 -0.011209722483951239 -0.0060864421330613485 0.0096677585057914246 0.0044287718814467227 -0.0019326688830760565 0.00051177707056645799 -0.0058456287995966921 0.0074635260765041622 -0.003205932798961043 -0.00098567953876530119 -0.00058057985249526645 -0.00035642575253959651
leaf_weight=36 30 662 31 38 30 124 329 1026 34 42 100 72 49 41
leaf_count=36 30 662 31 38 30 124 329 1026 34 42 100 72 49 41
internal_value=0 -0.000171501 -0.00323204 -0.000963162 2.11202e-06 0.000449286 0.000268295 -8.17452e-05 -0.000763489 -0.000566237 -0.00096919 0.00212719 0.00300994 -0.0034881
internal_weight=0 2608 140 109 2468 1558 1528 1355 910 876 762 114 173 79
internal_count=2644 2608 140 109 2468 1558 1528 1355 910 876 762 114 173 79
is_linear=0
shrinkage=0.03


Tree=220
num_leaves=17
num_cat=0
split_feature=12 3 3 3 3 16 4 3 3 4 12 16 3 14 15 3
split_gain=1.47855 2.04525 1.74468 2.06257 1.72998 2.57443 2.12364 4.33753 1.72893 1.55562 1.60189 1.04475 2.22207 1.65174 0.88889 0.367647
threshold=0.31202921348314488 0.37115000000000004 0.36100000000000004 0.26200000000000007 0.28140000000000004 -10.558919101123648 0.37785000000000007 0.11370000000000001 0.21215000000000003 0.39680000000000004 1.1047595505617986 -23.769555056179737 0.15055000000000004 -0.17132359550561785 -8.0048668539325831 0.26600000000000007
decision_type=2 2 2 2 2 2 2 2 2 2 2 2 2 2 2 2
left_child=1 4 3 8 6 -6 11 -8 9 10 -2 13 -13 -1 -5 -9
right_child=2 -3 -4 14 5 -7 7 15 -10 -11 -12 12 -14 -15 -16 -17
leaf_value=-0.0011568368937265379 -0.0025491449069155411 -0.0050984237582326454 0.0054536060856965676 -0.0030390063335968029 -0.00012215027180702791 0.010216193747956579 -0.012252320181578397 -0.0011568368937265379 0.005133676902368301 -0.006150489494112267 0.00022017952470983169 0.0019948697671801582 -0.0011568368937265379 0.0011095346169703597 -0.0098113092492249886 -0.0051401634700596324
leaf_weight=153 305 58 36 37 46 41 36 77 41 53 490 762 78 364 33 30
leaf_count=153 305 58 36 37 46 41 36 77 41 53 490 762 78 364 33 30
internal_value=0 0.000434899 -0.00103013 -0.00127353 0.000637125 0.00474994 0.000398581 -0.00307869 -0.000883123 -0.00117403 -0.000842266 0.000765014 0.00141806 -0.000296026 -0.00623166 -0.00115684
internal_weight=0 1645 995 959 1587 87 1500 143 889 848 795 1357 840 517 70 107
internal_count=2640 1645 995 959 1587 87 1500 143 889 848 795 1357 840 517 70 107
is_linear=0
shrinkage=0.03


Tree=221
num_leaves=14
num_cat=0
split_feature=0 16 8 7 17 3 7 6 17 13 3 2 13
split_gain=1.64825 4.2645 3.09417 1.24761 1.85368 1.77165 2.33312 1.47589 1.42874 1.08789 1.00466 0.541463 0.40151
threshold=0.016600000000000004 27.881444943820217 0.14540000000000003 -0.43159999999999993 -0.0073202247191011252 0.064250000000000015 -0.32264999999999994 0.0023000000000000004 -0.0076601123595505518 2.7237084269662906 0.17060000000000003 0.00030000000000000008 -0.16197977528089777
decision_type=2 2 2 2 2 2 2 2 2 2 2 2 2
left_child=1 -1 12 8 5 6 -5 11 9 -4 -9 -6 -2
right_child=2 -3 3 4 7 -7 -8 10 -10 -11 -12 -13 -14
leaf_value=-0.0019428458396327944 0.0090288050184326781 -0.013807855747640133 0.0032292778070552876 0.0007966300433866364 -0.00060381859365559159 -0.0019428458396327944 -0.0019428458396327944 0.0007966300433866364 0.0007966300433866364 0.0007966300433866364 -0.00060381859365559159 -0.0019428458396327944 0.0042382691439706828
leaf_weight=69 31 30 98 280 156 275 305 942 87 49 236 50 32
leaf_count=69 31 30 98 280 156 275 305 942 87 49 236 50 32
internal_value=0 -0.00391565 2.99596e-05 -0.000136961 -0.000354335 -0.00144815 -0.000186321 0.000325351 0.00194759 0.00322928 0.000735209 -0.00194285 0.00659552
internal_weight=0 99 2541 2478 2244 860 585 1384 234 147 1178 206 63
internal_count=2640 99 2541 2478 2244 860 585 1384 234 147 1178 206 63
is_linear=0
shrinkage=0.03


Tree=222
num_leaves=12
num_cat=0
split_feature=0 8 15 4 7 14 17 4 1 2 8
split_gain=1.50902 2.9143 2.74179 1.21661 2.21697 1.44915 1.26986 1.6725 1.16285 0.288054 0.141505
threshold=0.016600000000000004 0.14540000000000003 -6.4344589887640451 0.57935000000000014 -0.43159999999999993 -0.14745393258426964 -0.0073202247191011252 0.024100000000000003 0.052700000000000004 0.27755000000000002 0.16025000000000003
decision_type=2 2 2 2 2 2 2 2 2 2 2
left_child=2 9 -1 4 5 -3 7 -6 -8 -2 -7
right_child=1 3 -4 -5 6 10 8 -9 -10 -11 -12
leaf_value=-0.0096083240983809558 0.0084586720763435274 0.0031307227746422616 -0.0018618558897599124 -0.0018618558897599124 0.0013099763500625339 0.0031307227746422616 0.001007181101445855 -0.0009285261792448189 -0.00078500813362036598 0.0044010377215454354 0.0013099763500625339
leaf_weight=47 31 73 52 46 286 43 831 562 536 32 101
leaf_count=47 31 73 52 46 286 43 831 562 536 32 101
internal_value=0 2.57906e-05 -0.0037495 -0.000136206 4.80353e-06 0.00289866 -0.000278702 -0.000928526 0.000304465 0.00639765 0.00130998
internal_weight=0 2541 99 2478 2432 217 2215 848 1367 63 144
internal_count=2640 2541 99 2478 2432 217 2215 848 1367 63 144
is_linear=0
shrinkage=0.03


Tree=223
num_leaves=27
num_cat=0
split_feature=13 3 3 3 16 3 4 17 3 3 2 8 3 1 18 18 3 1 7 15 15 7 3 1 4 7
split_gain=1.39542 2.35468 2.07997 11.3723 3.93366 2.6214 6.43662 3.30879 2.05802 2.05418 2.13414 1.92035 1.90219 1.87769 1.81 2.44891 1.71996 1.68396 1.42043 1.34193 1.42051 1.30369 1.28486 1.26322 0.241733 0.0242343
threshold=-0.16197977528089777 0.37115000000000004 0.18280000000000005 0.17060000000000003 -10.558919101123648 0.11425 0.39680000000000004 0.012175842696629221 0.39840000000000003 0.015200000000000002 0.00045000000000000004 0.18520000000000003 0.26600000000000007 0.062400000000000004 4.5000000000000009 5.5000000000000009 0.26600000000000007 0.11920000000000001 -0.27924999999999994 -6.3738668539325838 -21.139350561797738 -0.42044999999999993 0.0059500000000000013 0.41135000000000005 0.020150000000000005 -0.31494999999999995
decision_type=2 2 2 2 2 2 2 2 2 2 2 2 2 2 2 2 2 2 2 2 2 2 2 2 2 2
left_child=1 2 3 5 12 6 -1 -7 9 11 19 22 -4 -14 25 -16 -6 18 -13 20 -11 -21 24 -24 -2 -12
right_child=8 -3 4 -5 16 7 -8 -9 -10 10 14 17 13 -15 15 -17 -18 -19 -20 21 -22 -23 23 -25 -26 -27
leaf_value=0.00071991740000227039 0.0037338371381450157 -0.0058777855318039654 0.0046475093296783811 -0.017076991653408514 0.0043364185941490259 0.0091176109922040879 -0.011866277266097696 -9.3963542874430256e-06 0.0065232249603352759 -0.0030333479666161968 -0.0030333479666161968 0.0012586560416483431 0.0019286625121127476 -0.0082703451951965691 -0.01383756241418029 -0.003136448241197146 0.01375686177530804 -0.0056850946307755428 -0.0026004318708615771 0.0033182163722813127 0.00027240468290063937 -0.0030333479666161968 0.011081669941544534 0.0029380302802892401 0.0012586560416483431 -0.005055716043758777
leaf_weight=971 39 50 51 33 33 72 38 71 33 44 59 121 33 32 38 39 37 52 49 30 443 135 30 40 36 31
leaf_count=971 39 50 51 33 33 72 38 71 33 44 59 121 33 32 38 39 37 52 49 30 443 135 30 40 36 31
internal_value=0 0.000516971 0.000750186 0.000287242 0.00369959 0.000784655 0.000245908 0.00458602 -0.00086652 -0.00107214 -0.00190791 0.000792986 0.000310498 -0.00309239 -0.00493383 -0.00841752 0.0093158 -0.000960836 0.000484231 -0.00113287 -0.000328631 -0.00303335 0.00347815 0.00642816 0.00125866 -0.00303335
internal_weight=0 1421 1371 1185 186 1152 1009 143 1219 1186 819 367 116 65 167 77 70 222 170 652 487 165 145 70 75 90
internal_count=2640 1421 1371 1185 186 1152 1009 143 1219 1186 819 367 116 65 167 77 70 222 170 652 487 165 145 70 75 90
is_linear=0
shrinkage=0.03


Tree=224
num_leaves=11
num_cat=0
split_feature=0 16 15 16 4 7 4 7 14 14
split_gain=1.35558 3.92797 1.53355 1.11557 1.48726 0.882927 0.784378 0.863981 3.15881 1.02122
threshold=0.016600000000000004 27.881444943820217 -42.048850561797742 33.030350561797782 0.030100000000000005 -0.29044999999999993 0.57935000000000014 -0.43394999999999995 -0.14745393258426964 -0.12895393258426963
decision_type=2 2 2 2 2 2 2 2 2 2
left_child=1 -1 -2 6 5 -5 7 8 -4 -9
right_child=2 -3 3 4 -6 -7 -8 9 -10 -11
leaf_value=-0.0017769183052788763 0.0066438803929204657 -0.013108376596122979 0.0083569100320781183 0.004796448754462993 -0.0017769183052788763 0.00017745909559199979 -0.0017769183052788763 -0.00076625734514545801 0.0011619773614662714 0.00056353298043367223
leaf_weight=69 31 30 59 53 174 35 39 710 118 1322
leaf_count=69 31 30 59 53 174 35 39 710 118 1322
internal_value=0 -0.00356602 1.21846e-05 -6.97208e-05 -0.00177692 0.00213184 0.000146836 0.000244404 0.00225466 6.92979e-05
internal_weight=0 99 2541 2510 262 88 2248 2209 177 2032
internal_count=2640 99 2541 2510 262 88 2248 2209 177 2032
is_linear=0
shrinkage=0.03


Tree=225
num_leaves=17
num_cat=0
split_feature=12 17 7 3 8 7 18 15 14 14 0 3 6 7 3 14
split_gain=1.61206 1.29442 1.46136 1.96649 1.20346 7.4376 6.94863 1.67513 1.52603 1.85404 1.2598 1.0391 1.29503 0.97479 0.766106 0.584196
threshold=2.0448039325842733 0.049105617977528111 -0.30234999999999995 0.14580000000000001 0.20095000000000002 -0.31494999999999995 4.5000000000000009 -10.040871910112347 -0.11695393258426963 -0.12032359550561793 0.071800000000000017 0.13455000000000003 0.025850000000000005 -0.33164999999999994 0.033000000000000008 0.40500112359550566
decision_type=2 2 2 2 2 2 2 2 2 2 2 2 2 2 2 2
left_child=1 4 3 -3 7 -6 -7 10 9 -9 -1 12 13 -2 -10 -12
right_child=11 2 -4 -5 5 6 -8 8 14 -11 15 -13 -14 -15 -16 -17
leaf_value=-0.0011525001498945821 -0.0011621295812886295 0.010182839604990127 -0.0021198630891740319 0.001700460447021432 -0.0011525001498945821 -0.0049088447479238339 -0.017197376095847983 0.0002270781595051166 4.1838420165507233e-05 0.0069580621874103174 0.0015743514216280477 -0.007391069672469581 0.0022037524844758039 -0.0084705197066068643 -0.0011525001498945821 0.0042941463998321331
leaf_weight=36 34 39 33 32 143 71 53 662 486 39 252 42 43 30 552 99
leaf_count=36 34 39 33 32 143 71 53 662 486 39 252 42 43 30 552 99
internal_value=0 -0.000180107 0.00309635 0.00552078 -0.000322502 -0.00222092 -0.00866519 -8.40841e-05 -0.00048134 0.000601555 0.001701 -0.00339232 -0.00182272 -0.00452801 -0.0011525 0.00234147
internal_weight=0 2497 104 71 2393 267 124 2126 1739 701 387 149 107 64 1038 351
internal_count=2646 2497 104 71 2393 267 124 2126 1739 701 387 149 107 64 1038 351
is_linear=0
shrinkage=0.03


Tree=226
num_leaves=26
num_cat=0
split_feature=12 13 13 8 6 7 17 14 8 6 12 8 14 16 7 17 4 6 8 12 12 13 7 0 7
split_gain=1.51612 1.20488 1.9408 2.2632 1.49959 1.11406 1.88019 1.50856 2.46264 1.5282 1.09141 1.05012 0.958287 2.45707 1.06798 0.86029 1.14662 1.1595 1.12372 1.53743 1.04918 0.627909 0.579384 0.851428 0.461147
threshold=2.0448039325842733 2.7514061797752798 -0.16197977528089777 0.20265000000000002 0.0014500000000000001 -0.33469999999999994 0.049105617977528111 0.31913146067415737 0.19170000000000001 -0.0028499999999999997 -0.2988820224719077 0.14055000000000004 0.3460865168539326 56.013350561797729 -0.34549999999999997 -0.0083202247191011252 0.27505000000000007 0.046400000000000004 0.18310000000000001 1.1752595505617995 1.7234028089887661 2.2225887640449451 -0.28729999999999994 0.82840000000000014 -0.34939999999999999
decision_type=2 2 2 2 2 2 2 2 2 2 2 2 2 2 2 2 2 2 2 2 2 2 2 2 2
left_child=1 2 5 4 21 6 11 9 -9 -7 -6 -1 14 -14 -2 16 18 -18 19 -3 -20 -4 23 24 -17
right_child=12 15 3 -5 10 7 -8 8 -10 -11 -12 -13 13 -15 -16 22 17 -19 20 -21 -22 -23 -24 -25 -26
leaf_value=0.0060554211270064107 0.0031898211179809135 0.0064218348563140765 -0.0022960091781083192 -0.0091385846892120051 0.0043167447085541329 -0.004122355115974731 0.0073476436963448152 0.00010796237867285405 -0.01056972822067993 0.00010796237867285405 -0.0010283720536496737 0.00031176607547611223 -0.011641210305559284 -0.00095562809581557914 -0.0042334395344998379 0.0043787901582003665 -0.007519647421484644 -0.0010698813733793747 -0.0010698813733793747 0.0010169000520992896 0.0010169000520992896 -0.0053049078937333861 -0.00047787201639853027 0.0072175875605019028 0.001607458033242378
leaf_weight=30 33 66 71 37 38 82 39 39 35 569 361 636 34 45 37 58 33 33 79 62 32 75 38 43 41
leaf_count=30 33 66 71 37 38 82 39 39 35 569 361 636 34 45 37 58 33 33 79 62 32 75 38 43 41
internal_value=0 -0.000174616 -0.000498167 -0.00195867 -0.00147123 9.625e-05 0.000945396 -0.000729471 -0.00478838 -0.00026809 -0.000519313 0.000570489 -0.00328978 -0.00555449 -0.000733902 0.00116762 0.000196973 -0.00330335 0.00116359 0.0030792 -0.0010454 -0.00407271 0.00281232 0.00369279 0.00216181
internal_weight=0 2497 2012 582 545 1430 705 725 74 651 399 666 149 79 70 485 305 66 239 128 111 146 180 142 99
internal_count=2646 2497 2012 582 545 1430 705 725 74 651 399 666 149 79 70 485 305 66 239 128 111 146 180 142 99
is_linear=0
shrinkage=0.03


Tree=227
num_leaves=22
num_cat=0
split_feature=12 17 13 12 7 0 5 7 14 13 7 14 16 7 17 4 17 1 12 5 7
split_gain=1.42519 1.13819 1.37187 1.44183 4.95116 2.76313 2.5859 1.32191 1.10545 1.23769 0.968349 0.901652 2.31186 1.00487 0.803934 1.06222 1.02306 0.600977 0.57473 0.580296 0.248893
threshold=2.0448039325842733 0.049105617977528111 2.7514061797752798 0.31202921348314488 -0.43159999999999993 0.27555000000000002 0.37640000000000007 -0.30234999999999995 0.10100112359550563 -1.6228426966292149 -0.32904999999999995 0.3460865168539326 56.013350561797729 -0.34549999999999997 -0.0083202247191011252 0.35910000000000003 -0.020324157303370779 0.052700000000000004 1.1112595505617977 0.28230000000000005 -0.34104999999999996
decision_type=2 2 2 2 2 2 2 2 2 2 2 2 2 2 2 2 2 2 2 2 2
left_child=1 2 3 8 6 -6 -5 17 9 -1 -10 13 -13 -2 15 16 -4 -3 19 -16 -20
right_child=11 7 14 4 5 -7 -8 -9 10 -11 -12 12 -14 -15 18 -17 -18 -19 20 -21 -22
leaf_value=-0.00083413077726806272 0.0030941265550526705 0.0075684149452008116 0.0021933650018334328 0.011645735889673232 -0.01116463525486844 -0.0028485569995053812 0.00056197741889612706 -0.0020595061304894361 -0.00024831046702192082 0.0010824071457878185 -0.0034625765102639519 -0.011291973664534879 -0.00092695922280351315 -0.0041064363909331528 0.0076758630561423215 -0.0037230751992991334 -0.0013691795448398196 0.0019807967618107793 0.003481688892619835 0.0019513860326260326 0.00050014129757315292
leaf_weight=590 33 41 183 30 42 250 34 33 176 624 162 34 45 37 34 52 70 30 37 30 79
leaf_count=590 33 41 183 30 42 250 34 33 176 624 162 34 45 37 34 52 70 30 37 30 79
internal_value=0 -0.00017079 -0.000304315 -0.000666465 -0.00238837 -0.00404471 0.00516866 0.00290159 -0.000271492 0.000150976 -0.00178888 -0.00319109 -0.00538785 -0.000711885 0.00112039 0.000182076 0.000984716 0.00520745 0.0027103 0.00499251 0.00145115
internal_weight=0 2497 2393 1908 356 292 64 104 1552 1214 338 149 79 70 485 305 253 71 180 64 116
internal_count=2646 2497 2393 1908 356 292 64 104 1552 1214 338 149 79 70 485 305 253 71 180 64 116
is_linear=0
shrinkage=0.03


Tree=228
num_leaves=22
num_cat=0
split_feature=17 7 3 2 3 7 17 17 3 7 3 3 3 6 0 7 3 13 7 4 2
split_gain=1.19067 1.24378 1.87611 0.966404 2.51974 1.77991 1.62074 2.17757 2.88973 5.73422 1.696 1.34238 4.36345 2.87593 1.33905 1.07994 1.24926 1.07826 0.950957 0.146114 0.0103669
threshold=0.049105617977528111 -0.30234999999999995 0.14580000000000001 0.00045000000000000004 0.04735000000000001 -0.33469999999999994 -0.0042185393258427064 0.021285393258426991 0.1082 -0.30799999999999994 0.15205000000000005 0.1082 0.11670000000000001 0.0053000000000000009 0.78790000000000016 -0.3542499999999999 0.17515000000000003 2.0355202247191007 -0.36609999999999993 0.0067000000000000011 0.37945000000000007
decision_type=2 2 2 2 2 2 2 2 2 2 2 2 2 2 2 2 2 2 2 2 2
left_child=3 2 -2 6 20 17 11 8 9 -8 -10 19 13 -13 -7 16 -9 -6 -14 -1 -5
right_child=1 -3 -4 4 5 14 7 15 10 -11 -12 12 18 -15 -16 -17 -18 -19 -20 -21 -22
leaf_value=0.00326287544700072 0.0096451935365509511 -0.0019977210987020622 0.001526752481107074 -0.00094416843334670846 -0.00094416843334670846 -0.011009345323277207 0.0084584632433978898 0.00052709990210148472 -0.00094416843334670846 0.00064515671848343554 0.0020509808972590314 0.0011428154366356987 0.0011152849510115558 0.012988493515608402 -0.0049464653032097071 -0.00094416843334670846 0.0062542116854872017 -0.0049464653032097071 -0.00094416843334670846 -0.00094416843334670846 -0.004722491079433397
leaf_weight=38 39 33 32 234 63 52 133 75 99 232 174 35 202 39 32 209 42 47 54 749 33
leaf_count=38 39 33 32 234 63 52 133 75 99 232 174 35 202 39 32 209 42 47 54 749 33
internal_value=0 0.00281454 0.00505123 -0.000460429 -0.00170322 -0.00455784 -0.000185116 0.000716224 0.00174608 0.0034922 -0.000588483 -0.000944168 0.000969527 0.00738581 -0.00784618 -0.000944168 0.00199837 -0.00204675 -0.00088518 -0.000944168 -0.000944168
internal_weight=0 104 71 2542 461 194 2081 964 638 365 273 1117 330 74 84 326 117 110 256 787 267
internal_count=2646 104 71 2542 461 194 2081 964 638 365 273 1117 330 74 84 326 117 110 256 787 267
is_linear=0
shrinkage=0.03


Tree=229
num_leaves=25
num_cat=0
split_feature=12 13 13 8 6 12 7 17 14 8 6 1 3 6 7 2 17 8 14 8 3 3 7 6
split_gain=1.31721 1.05878 1.73317 2.12623 1.35981 0.994145 0.964838 1.63504 1.33136 2.31607 1.40013 1.19015 0.896004 1.16493 0.85154 0.823553 0.751459 1.02229 1.32227 1.46386 0.674907 1.94798 1.05036 0.703668
threshold=2.0448039325842733 2.7514061797752798 -0.16197977528089777 0.20265000000000002 0.0014500000000000001 -0.2988820224719077 -0.33469999999999994 0.049105617977528111 0.31913146067415737 0.19170000000000001 -0.0028499999999999997 0.29910000000000009 0.13455000000000003 0.025850000000000005 -0.33164999999999994 0.00030000000000000008 -0.017054494382022441 0.19900000000000004 0.40500112359550566 0.17735000000000004 0.030300000000000004 0.11055000000000001 -0.32264999999999994 0.021150000000000006
decision_type=2 2 2 2 2 2 2 2 2 2 2 2 2 2 2 2 2 2 2 2 2 2 2 2
left_child=1 2 6 4 15 -6 7 11 10 -10 -8 -1 13 14 -2 -4 20 18 19 -18 22 -22 -3 -24
right_child=12 16 3 -5 5 -7 8 -9 9 -11 -12 -13 -14 -15 -16 -17 17 -19 -20 -21 21 -23 23 -25
leaf_value=0.0016935078861704494 -0.00099616700046300491 0.004685931464370627 -0.0021730005422089965 -0.0088193067958628798 0.0041343939469171394 -0.00096698025563974287 -0.0039467207668349149 0.0068423502089885561 9.2730011067345325e-05 -0.010112493509559757 9.2730011067345325e-05 9.2730011067345325e-05 -0.0067934413280870227 0.002196169117422298 -0.0078727224096655848 -0.0051034546245170998 0.0077026428151029079 -0.0013097018309469733 0.0083072712615524461 0.00099776500932103598 -0.0055863744079656264 0.0020905125706340184 -0.0038701716531068086 0.0018628316264705466
leaf_weight=466 34 52 107 37 38 361 82 39 39 35 569 200 42 43 30 39 33 56 38 118 59 60 36 33
leaf_count=466 34 52 107 37 38 361 82 39 39 35 569 200 42 43 30 39 33 56 38 118 59 60 36 33
internal_value=0 -0.000176592 -0.000479891 -0.00186006 -0.0013876 -0.000481135 8.18303e-05 0.000872063 -0.000686603 -0.00449967 -0.000253167 0.000522451 -0.00308022 -0.0016227 -0.0041885 -0.00386487 0.00108163 0.00225039 0.00330523 0.00204644 -0.000111481 -0.00171568 0.0014662 -0.000960268
internal_weight=0 2497 2012 582 545 399 1430 705 725 74 651 666 149 107 64 146 485 245 189 151 240 119 121 69
internal_count=2646 2497 2012 582 545 399 1430 705 725 74 651 666 149 107 64 146 485 245 189 151 240 119 121 69
is_linear=0
shrinkage=0.03


Tree=230
num_leaves=19
num_cat=0
split_feature=17 7 3 6 17 3 3 3 17 16 18 0 3 3 3 3 15 7
split_gain=1.05754 1.57033 3.48917 5.27068 3.27483 3.08189 5.73119 2.04404 4.12409 1.72087 3.23093 2.94689 1.79503 1.36594 0.882969 1.11349 0.529068 0.198414
threshold=0.049105617977528111 -0.37404999999999994 0.17060000000000003 0.018450000000000005 0.0027814606741572994 0.046950000000000013 0.075750000000000012 0.11275000000000002 -0.022824157303370781 -23.968639325842727 4.5000000000000009 0.10110000000000001 0.037600000000000001 0.19675000000000001 0.14580000000000001 0.016750000000000004 -21.139350561797738 -0.32904999999999995
decision_type=2 2 2 2 2 2 2 2 2 2 2 2 2 2 2 2 2 2
left_child=1 5 9 4 -4 -1 -7 -8 -9 10 17 -11 -12 -5 15 -2 -13 -3
right_child=14 2 3 13 -6 6 7 8 -10 11 12 16 -14 -15 -16 -17 -18 -19
leaf_value=0.00019532779023703658 0.00080254357494413849 0.00019532779023703658 -0.018970433615148066 -0.0054394707775541713 -0.0063317606530876626 0.012803958633044005 0.00019532779023703658 0.011950252983298878 0.001890697945471339 -0.0087888480485840276 -0.0031268241834875783 -0.003003631664905697 -0.010196163281275681 0.00019532779023703658 -0.0010439564549596979 0.0086789289909814087 0.00019532779023703658 -0.00095574720633870107
leaf_weight=202 30 54 30 42 30 46 91 41 348 33 95 60 49 66 32 35 1210 141
leaf_count=202 30 54 30 42 30 46 91 41 348 33 95 60 49 66 32 35 1210 141
internal_value=0 -0.000156365 -0.000629622 -0.00474751 -0.0118766 0.00102028 0.00268834 0.00171892 0.00295096 -0.000208303 -0.00211936 0.000195328 -0.00553236 -0.000786887 0.00303538 0.00504367 0.000195328 0.000195328
internal_weight=0 2538 1810 168 60 728 526 480 389 1642 339 1303 144 108 97 65 1270 195
internal_count=2635 2538 1810 168 60 728 526 480 389 1642 339 1303 144 108 97 65 1270 195
is_linear=0
shrinkage=0.03


Tree=231
num_leaves=16
num_cat=0
split_feature=1 7 0 3 3 3 4 13 7 3 5 3 3 3 5
split_gain=1.00837 1.84579 3.18339 2.31021 1.5361 1.23905 1.08543 1.03689 0.933674 0.933573 1.13643 0.735622 0.877222 0.61563 0.0906289
threshold=0.55480000000000007 -0.37404999999999994 0.37145 0.049800000000000004 0.046200000000000012 0.17060000000000003 0.22770000000000004 2.2316573033707869 -0.33469999999999994 0.042750000000000003 0.29340000000000005 0.11255000000000003 0.26600000000000007 0.14580000000000001 0.34110000000000001
decision_type=2 2 2 2 2 2 2 2 2 2 2 2 2 2 2
left_child=1 2 6 -4 7 8 -1 -2 14 10 -10 -8 -13 -11 -3
right_child=4 5 3 -5 -6 -7 11 -9 9 13 -12 12 -14 -15 -16
leaf_value=0.0036774215532240527 -0.0079345730787588695 0.00056899091127979448 0.0036774215532240527 0.011555595249532067 -0.0012995500707718222 -0.0012995500707718222 0.00056899091127979448 -0.0013960219347583394 3.8882535071527604e-05 -0.0012995500707718222 -0.0012995500707718222 0.0021232062322519233 0.00056899091127979448 3.8882535071527604e-05 3.8882535071527604e-05
leaf_weight=38 58 233 43 47 30 181 119 35 868 245 143 186 187 47 175
leaf_count=38 58 233 43 47 30 181 119 35 868 245 143 186 187 47 175
internal_value=0 9.14581e-05 0.00151204 0.00672864 -0.00269056 -0.000374061 0.000626206 -0.00547383 -3.50781e-05 -0.000491226 -6.03735e-06 0.000568991 0.00197034 -0.00129955 0.000568991
internal_weight=0 2512 620 90 123 1892 530 93 1711 1303 1011 492 373 292 408
internal_count=2635 2512 620 90 123 1892 530 93 1711 1303 1011 492 373 292 408
is_linear=0
shrinkage=0.03


Tree=232
num_leaves=20
num_cat=0
split_feature=17 7 3 6 17 3 3 3 17 16 18 8 3 2 3 3 3 8 15
split_gain=0.998528 1.29272 3.20904 4.97121 3.10095 2.80071 5.24413 1.92363 3.86814 1.59888 3.06637 3.42523 1.27408 0.915461 4.36567 0.831286 1.04916 0.234622 0.0563181
threshold=0.049105617977528111 -0.37404999999999994 0.17060000000000003 0.018450000000000005 0.0027814606741572994 0.046950000000000013 0.075750000000000012 0.11275000000000002 -0.022824157303370781 -23.968639325842727 4.5000000000000009 0.19815000000000002 0.19675000000000001 0.00045000000000000004 0.018650000000000003 0.14580000000000001 0.016750000000000004 0.19185000000000002 -21.139350561797738
decision_type=2 2 2 2 2 2 2 2 2 2 2 2 2 2 2 2 2 2 2
left_child=1 5 9 4 -4 -1 -7 -8 -9 10 17 -12 -5 18 -15 16 -2 -3 -11
right_child=15 2 3 12 -6 6 7 8 -10 13 11 -13 -14 14 -16 -17 -18 -19 -20
leaf_value=0.00016313443543227162 0.00077730072289705274 0.00016313443543227162 -0.018362334055826067 -0.0052373000819768223 -0.0060730679162726217 0.012198928786320206 0.00016313443543227162 0.011520990674815526 0.0017786018363435217 -0.00069954655882150296 -0.002937098918482661 -0.014194223847120038 0.00016313443543227162 -0.00069954655882150296 -0.0059538822080474341 -0.0010126955027226357 0.0084227525474769721 -0.0014720336783128525 0.00016313443543227162
leaf_weight=202 30 111 30 42 30 46 91 41 348 49 113 31 66 135 150 32 35 84 969
leaf_count=202 30 111 30 42 30 46 91 41 348 49 113 31 66 135 150 32 35 84 969
internal_value=0 -0.000155961 -0.000585354 -0.00453448 -0.0114581 0.000911623 0.00252268 0.00159538 0.00280543 -0.000181302 -0.00203219 -0.00536051 -0.000688021 0.000163134 -0.00156223 0.00294545 0.00489408 0.000163134 0.000163134
internal_weight=0 2538 1810 168 60 728 526 480 389 1642 339 144 108 1303 285 97 65 195 1018
internal_count=2635 2538 1810 168 60 728 526 480 389 1642 339 144 108 1303 285 97 65 195 1018
is_linear=0
shrinkage=0.03


Tree=233
num_leaves=16
num_cat=0
split_feature=8 0 2 8 16 3 17 3 17 3 6 3 12 0 16
split_gain=0.958399 2.59301 1.43862 2.44102 1.89852 1.31673 1.48604 2.46736 1.15542 1.06749 2.25315 1.03965 0.291767 0.290054 0.0722285
threshold=0.14055000000000004 0.10110000000000001 0.00045000000000000004 0.19815000000000002 33.094215730337062 0.11425 -0.0048241573033707954 0.11230000000000001 0.021285393258426991 0.17060000000000003 0.033000000000000008 0.1082 1.1752595505617995 0.05655000000000001 7.1178606741572716
decision_type=2 2 2 2 2 2 2 2 2 2 2 2 2 2 2
left_child=1 14 5 4 12 6 11 8 -8 -7 -11 -2 -4 -12 -1
right_child=2 -3 3 -5 -6 9 7 -9 -10 10 13 -13 -14 -15 -16
leaf_value=0.0049804686780964185 -0.00086049845947807756 0.0087611423308650641 -0.00086049845947807756 -0.0099301080043698031 -0.0055369441663086476 0.0012193293050964205 0.0012193293050964205 -0.00086049845947807756 -0.00086049845947807756 -0.00086049845947807756 0.0001794154228091714 0.0012193293050964205 -0.0037547875815866195 0.0012193293050964205 0.0012193293050964205
leaf_weight=34 766 45 275 31 31 208 373 52 260 149 78 35 41 217 40
leaf_count=34 766 45 275 31 31 208 373 52 260 149 78 35 41 217 40
internal_value=0 0.00259694 -0.00015828 -0.00186435 -0.00114378 0.000143355 -0.000350118 0.000726182 0.00121933 0.00121933 -0.00025285 -0.000860498 -0.000860498 0.00121933 0.00121933
internal_weight=0 119 2516 378 347 2138 1486 685 633 652 444 801 316 295 74
internal_count=2635 119 2516 378 347 2138 1486 685 633 652 444 801 316 295 74
is_linear=0
shrinkage=0.03


Tree=234
num_leaves=14
num_cat=0
split_feature=17 13 7 12 5 13 16 4 3 4 7 0 12
split_gain=0.948746 0.798031 1.62587 1.56318 1.38032 1.27125 1.12277 4.71606 0.978984 3.98889 2.60467 0.655336 0.65493
threshold=0.05910561797752812 3.9167595505617965 -0.3783999999999999 2.0448039325842733 0.26625000000000004 3.5486398876404501 33.094215730337062 0.12895000000000004 0.11255000000000003 0.39680000000000004 -0.36204999999999993 0.74755000000000005 2.0448039325842733
decision_type=2 2 2 2 2 2 2 2 2 2 2 2 2
left_child=1 5 3 -3 -4 6 8 -8 9 -1 -10 -7 -6
right_child=-2 2 4 -5 12 11 7 -9 10 -11 -12 -13 -14
leaf_value=-0.00017847465214595456 0.0040213587063857737 0.0025297551240878857 0.0025297551240878857 0.0094405696495640564 -0.00011925550525226924 -0.007456702222480089 0.0022280753593967883 -0.012579374676570295 0.0023700201593882808 -0.0091482976817971341 -0.0014302532065539361 -0.0014751922555596513 -0.0050603025115560736
leaf_weight=1487 51 32 61 41 35 32 49 32 424 46 263 34 48
leaf_count=1487 51 32 61 41 35 32 49 32 424 46 263 34 48
internal_value=0 -0.000110592 0.00163063 0.00527779 -0.000218275 -0.000270223 -0.000152475 -0.00362178 -2.58926e-05 -0.000447628 0.000915185 -0.00437532 -0.00276827
internal_weight=0 2584 217 73 144 2367 2301 81 2220 1533 687 66 83
internal_count=2635 2584 217 73 144 2367 2301 81 2220 1533 687 66 83
is_linear=0
shrinkage=0.03


Tree=235
num_leaves=12
num_cat=0
split_feature=2 8 15 17 12 12 18 17 17 7 7
split_gain=1.18527 1.23859 0.951573 1.46494 0.910182 0.785433 0.900564 1.27103 1.19581 0.655686 0.0462302
threshold=0.27755000000000002 0.13235000000000005 -12.533024719101123 -0.0042185393258427064 1.0092595505617992 2.0576179775280932 4.5000000000000009 -0.02005449438202243 0.05910561797752812 -0.29794999999999994 -0.34104999999999996
decision_type=2 2 2 2 2 2 2 2 2 2 2
left_child=1 -1 3 4 -3 6 7 -4 -8 10 -5
right_child=-2 2 5 9 -6 -7 8 -9 -10 -11 -12
leaf_value=0.0058315240349620578 -0.005309234303422272 0.0027657061047753986 -0.0027688574343912209 0.0027657061047753986 -0.0027688574343912209 0.0027657061047753986 -0.0011730503180946027 0.00054848306347363227 0.0027657061047753986 -0.0025386095467594362 0.0016753923065428223
leaf_weight=30 42 30 87 30 99 48 888 1240 50 31 35
leaf_count=30 42 30 87 30 99 48 888 1240 50 31 35
internal_value=0 -0.000228481 -0.000300112 -0.0021626 -0.00276886 -0.000118936 -0.00020239 0.000300543 -0.000913896 0.00105152 0.00276373
internal_weight=0 2568 2538 225 129 2313 2265 1327 938 96 65
internal_count=2610 2568 2538 225 129 2313 2265 1327 938 96 65
is_linear=0
shrinkage=0.03


Tree=236
num_leaves=12
num_cat=0
split_feature=2 8 13 16 8 0 3 3 3 3 3
split_gain=1.11362 1.16679 1.05997 1.09772 2.04688 2.52882 0.773361 3.14397 1.54471 0.384869 0.0423409
threshold=0.27755000000000002 0.13235000000000005 5.1930528089887646 28.96344494382021 0.19900000000000004 0.81210000000000016 0.17515000000000003 0.11425 0.18280000000000005 0.11230000000000001 0.0089000000000000017
decision_type=2 2 2 2 2 2 2 2 2 2 2
left_child=1 -1 3 6 5 -5 7 -3 -8 10 -4
right_child=-2 2 9 4 -6 -7 8 -9 -10 -11 -12
leaf_value=0.0056565782197285442 -0.0051499573941276005 -0.00037330963570346518 0.00066980300729483125 -0.0014688220646148365 -0.0026875560811616679 0.0026809497104713438 -0.0026875560811616679 0.0026809497104713438 -0.00021981275550784815 -0.00067386510090962522 0.0026809497104713438
leaf_weight=30 42 1380 32 283 82 96 34 212 337 31 51
leaf_count=30 42 1380 32 283 82 96 34 212 337 31 51
internal_value=0 -0.000225155 -0.000294679 -0.000427635 -0.00174501 -0.000250088 -0.000118255 0.000169198 -0.00135175 0.00253238 0.00268095
internal_weight=0 2568 2538 2424 461 379 1963 1592 371 114 83
internal_count=2610 2568 2538 2424 461 379 1963 1592 371 114 83
is_linear=0
shrinkage=0.03


Tree=237
num_leaves=11
num_cat=0
split_feature=2 8 15 3 14 3 12 17 8 15
split_gain=1.04579 1.09961 0.926616 1.75095 1.65931 0.982754 0.869236 0.852341 0.187544 0.142465
threshold=0.27755000000000002 0.13235000000000005 -12.533024719101123 0.039250000000000007 0.3460865168539326 0.00090000000000000008 2.0576179775280932 0.05910561797752812 0.18155000000000002 0.61460674157303441
decision_type=2 2 2 2 2 2 2 2 2 2
left_child=1 -1 3 -3 8 9 7 -7 -5 -4
right_child=-2 2 5 4 -6 6 -8 -9 -10 -11
leaf_value=0.0054868809157051137 -0.0049954585009254517 -0.0026092320076613502 0.0025981913269535637 0.0025981913269535637 -0.0026092320076613502 -0.00041351069100692948 0.0025981913269535637 0.0025981913269535637 0.00045437057870765065 0.00032391768391995177
leaf_weight=30 42 93 48 52 37 2141 46 47 43 31
leaf_count=30 42 93 48 52 37 2141 46 47 43 31
internal_value=0 -0.000223006 -0.000290498 -0.0021284 0.000902515 -0.000111714 -0.000230093 -0.000321554 0.00259819 0.00259819
internal_weight=0 2568 2538 225 132 2313 2234 2188 95 79
internal_count=2610 2568 2538 225 132 2313 2234 2188 95 79
is_linear=0
shrinkage=0.03


Tree=238
num_leaves=28
num_cat=0
split_feature=18 8 3 14 4 7 3 3 3 3 15 3 3 16 4 3 3 8 5 12 17 16 16 5 8 18 7
split_gain=0.852758 1.66967 1.68497 2.95711 2.10351 2.0244 2.5904 1.57858 4.19932 2.24973 2.0457 2.15174 2.37657 1.46312 2.47638 1.31186 2.24509 1.71832 1.21987 1.17888 0.957322 0.938715 1.03489 0.829298 0.687865 0.426171 0.223443
threshold=4.5000000000000009 0.20485000000000003 0.11275000000000002 -0.27054269662921332 0.32190000000000007 -0.37404999999999994 0.046950000000000013 0.033000000000000008 0.023950000000000003 0.018400000000000003 1.856041011235954 0.038500000000000006 0.042750000000000003 33.094215730337062 0.31435000000000007 0.0064500000000000009 0.0031000000000000008 0.18545000000000003 0.34110000000000001 0.070716853932585991 -0.015320224719101131 -40.204750561797702 14.639140449438118 0.31430000000000008 0.18815000000000001 3.5000000000000004 -0.36609999999999993
decision_type=2 2 2 2 2 2 2 2 2 2 2 2 2 2 2 2 2 2 2 2 2 2 2 2 2 2 2
left_child=7 2 4 -4 5 6 -2 8 9 15 11 -9 -13 14 -5 16 -1 -17 -7 -14 -10 23 -23 -12 -24 -11 -15
right_child=1 -3 3 13 -6 18 -8 10 20 25 21 12 19 26 -16 17 -18 -19 -20 -21 -22 22 24 -25 -26 -27 -28
leaf_value=0.0018608630145114326 0.00050121574851167295 -0.0077600820798186532 0.0094415958685225201 0.0036297006053673856 -0.0042321000348390534 -0.000833024771974629 0.0093143696061058628 -0.009336689732270316 0.0042724828922655429 -0.0018419365980662404 0.0024566368285465884 0.0063688404738301563 -0.00033624204594696709 -0.0016347913611680267 -0.0023773752196850082 0.0061797743229809301 -0.0040422863623437782 0.0007997280220939394 -0.0025905804999236497 -0.003113158230409026 0.011234121962450444 0.0075642514453336052 0.0042557689542943415 -0.0041385233720939137 -0.0018210301399230956 -0.0061204868411137295 -0.0042321000348390534
leaf_weight=163 82 31 34 148 55 540 37 30 32 40 37 36 306 30 106 88 90 136 83 250 40 42 38 32 30 44 30
leaf_count=163 82 31 34 148 55 540 37 30 32 40 37 36 306 30 106 88 90 136 83 250 40 42 38 32 30 44 30
internal_value=0 -0.000890117 -0.000704118 0.00103751 -0.00146458 -0.000949061 0.00263635 0.000199757 0.00131944 0.000444063 -0.000685084 -0.0014984 -0.00110118 0.000127509 0.00112281 0.0012413 -0.000239072 0.00291332 -0.00163391 -0.00158486 0.00814006 0.00214106 0.0038617 -0.000601988 0.00157483 -0.00408308 -0.00408593
internal_weight=0 1176 1145 348 797 742 119 1434 633 561 801 622 592 314 254 477 253 224 623 556 72 179 110 69 68 84 60
internal_count=2610 1176 1145 348 797 742 119 1434 633 561 801 622 592 314 254 477 253 224 623 556 72 179 110 69 68 84 60
is_linear=0
shrinkage=0.03


Tree=239
num_leaves=12
num_cat=0
split_feature=2 8 15 3 16 3 3 3 3 3 3
split_gain=0.983716 1.00677 1.07429 1.40298 1.97818 0.90277 0.773163 1.92845 0.50005 0.241492 1.28302
threshold=0.27755000000000002 0.13425000000000004 -12.533024719101123 0.039250000000000007 32.570215730337061 0.0016000000000000001 0.0064500000000000009 0.010600000000000002 0.0032500000000000007 0.0014500000000000001 0.00090000000000000008
decision_type=2 2 2 2 2 2 2 2 2 2 2
left_child=1 -1 3 -3 -5 9 8 -8 -7 10 -4
right_child=-2 2 5 4 -6 6 7 -9 -10 -11 -12
leaf_value=0.004133957902742352 -0.0048450655929212052 -0.0025307415028827133 0.0019182173612059931 -0.0025307415028827133 0.0019182173612059931 -0.00032113374547735159 0.0019182173612059931 -0.0003792143159458783 -0.0025307415028827133 0.0019182173612059931 -0.0025307415028827133
leaf_weight=47 42 93 79 58 72 122 164 1709 142 31 51
leaf_count=47 42 93 79 58 72 122 164 1709 142 31 51
internal_value=0 -0.000216417 -0.000297523 -0.00228553 0.000602325 -0.000104605 -0.00026817 -5.39362e-05 -0.00178809 0.00191822 0.000614732
internal_weight=0 2568 2521 223 130 2298 2137 1873 264 161 130
internal_count=2610 2568 2521 223 130 2298 2137 1873 264 161 130
is_linear=0
shrinkage=0.03


Tree=240
num_leaves=14
num_cat=0
split_feature=17 15 8 13 2 8 5 16 13 5 1 13 17
split_gain=1.62311 1.61181 1.74868 1.4084 1.32028 1.67266 1.48564 1.54052 0.828781 0.76936 0.428911 0.381073 0.274788
threshold=0.039179775280898867 2.518041011235955 0.18255000000000002 -3.8547134831460665 0.27755000000000002 0.13235000000000005 0.43670000000000003 56.153350561797716 -3.8039471910112357 0.28230000000000005 0.035750000000000011 2.8250528089887639 0.04344550561797756
decision_type=2 2 2 2 2 2 2 2 2 2 2 2 2
left_child=3 2 -2 9 5 -5 7 -7 10 -1 -3 -8 -10
right_child=1 8 -4 4 -6 6 11 -9 12 -11 -12 -13 -14
leaf_value=-0.0014182751095638824 0.0025862998848682956 0.0032865593729670653 -0.0071026995750144125 0.0069540550326928491 -0.0051626191827533544 0.00010123449667538181 -0.0025088908901361659 0.0034996530356475445 0.0036001012115739286 -0.007694636374199035 -0.0010878669063707715 -0.0011277760806890766 0.0063578259484009473
leaf_weight=39 38 43 30 32 43 1987 103 59 60 32 38 39 71
leaf_count=39 38 43 30 32 43 1987 103 59 60 32 38 39 71
internal_value=0 0.00233069 -0.00168826 -8.65444e-05 4.39887e-05 0.000144837 4.5251e-05 0.000253339 0.00361979 -0.00424706 0.00123436 -0.00250889 0.00509475
internal_weight=0 280 68 2334 2263 2220 2188 2046 212 71 81 142 131
internal_count=2614 280 68 2334 2263 2220 2188 2046 212 71 81 142 131
is_linear=0
shrinkage=0.03


Tree=241
num_leaves=20
num_cat=0
split_feature=17 3 12 3 3 0 12 15 8 3 8 3 3 3 5 15 13 15 8
split_gain=1.52729 1.96935 2.2016 1.46717 6.31211 4.13378 3.19317 2.7709 2.69807 2.02572 1.81391 2.52539 3.26163 2.39281 1.79704 1.01974 1.10658 0.506532 0.29583
threshold=0.039179775280898867 0.046950000000000013 -2.084010112359548 0.033000000000000008 0.037600000000000001 0.090150000000000008 2.0576179775280932 -12.654524719101122 0.17405000000000004 0.042750000000000003 0.19900000000000004 0.023950000000000003 0.028200000000000006 0.0016000000000000001 0.26625000000000004 14.504220224719107 -3.8039471910112357 17.134106741573039 0.18545000000000003
decision_type=2 2 2 2 2 2 2 2 2 2 2 2 2 2 2 2 2 2 2
left_child=3 15 -3 5 -5 -1 7 8 -6 -9 11 14 -13 -12 -7 18 -17 -4 -2
right_child=1 2 17 4 6 10 -8 9 -10 -11 13 12 -14 -15 -16 16 -18 -19 -20
leaf_value=-0.0083366196914467696 -0.00048193859657452947 0.00064661432683853237 0.011244221634485504 -0.013136740063006679 0.011652703854170712 0.0025452828519337343 -0.0090830078859486293 0.0040075817823203071 0.0012231406281985667 -0.00091543337928850675 -0.00023933799539826921 0.014179931375528535 0.0026336264832551885 -0.0035848510933918091 -0.00023933799539826921 -0.00077555837028700362 0.0063618211337255646 0.0061637385415011332 -0.0043863927042111749
leaf_weight=43 31 58 33 36 33 368 37 81 69 1055 37 31 76 92 376 46 34 38 40
leaf_count=43 31 58 33 36 33 368 37 81 69 1055 37 31 76 92 376 46 34 38 40
internal_value=0 0.00226077 0.00498283 -8.40281e-05 -0.000748456 0.000767453 -0.000398669 -0.000139121 0.00459741 -0.000564409 0.00116692 0.00166943 0.00597882 -0.00214811 0.00104967 -6.46991e-05 0.00225783 0.00852509 -0.00268163
internal_weight=0 280 129 2334 1311 1023 1275 1238 102 1136 980 851 107 129 744 151 80 71 71
internal_count=2614 280 129 2334 1311 1023 1275 1238 102 1136 980 851 107 129 744 151 80 71 71
is_linear=0
shrinkage=0.03


Tree=242
num_leaves=20
num_cat=0
split_feature=17 7 16 3 12 4 3 0 2 7 8 13 14 3 14 3 12 16 7
split_gain=1.43709 1.99038 2.44836 1.38389 3.97733 3.87725 2.92364 2.84303 2.67484 4.58323 2.49391 2.06046 1.67831 0.770801 0.688452 0.590906 0.499615 0.544721 0.346099
threshold=0.039179775280898867 -0.34939999999999999 -50.577649438202279 0.064250000000000015 2.0576179775280932 0.32190000000000007 0.075750000000000012 0.029800000000000004 0.00015000000000000004 -0.3542499999999999 0.19900000000000004 -1.2829112359550556 0.40500112359550566 0.0016000000000000001 -0.026868539325842707 0.11480000000000001 0.23352921348314484 -54.493149438202259 -0.31149999999999994
decision_type=2 2 2 2 2 2 2 2 2 2 2 2 2 2 2 2 2 2 2
left_child=3 2 -2 5 6 7 14 -1 11 -10 12 -8 -9 -12 -5 16 17 -3 -19
right_child=1 15 -4 4 -6 -7 8 10 9 -11 13 -13 -14 -15 -16 -17 -18 18 -20
leaf_value=-0.0038506999321718271 0.0032503831601062298 0.0023308146576727588 0.012838486526762286 -0.0037747226075523278 -0.011686993930488825 -0.0085356934820074674 -0.0014318206718338757 0.0011369988587394205 -0.0014318206718338757 -0.010366889064688785 0.00013893131013478782 0.0017909386101564448 0.0043396866734974693 -0.0013668086728744267 -0.010000740966009494 0.0032503831601062298 0.0028348066962349252 0.00030426067183725536 -0.0035168723302194849
leaf_weight=40 55 31 31 33 30 41 247 929 112 61 37 480 175 118 31 30 37 32 64
leaf_count=40 55 31 31 33 30 41 247 929 112 61 37 480 175 118 31 30 37 32 64
internal_value=0 0.00219295 0.00599189 -8.15608e-05 -0.000929725 0.0005476 -0.000594955 0.000834294 -0.000154387 -0.00350707 0.00111708 0.000643433 0.00164467 -0.00136681 -0.00679045 0.00050888 -0.000232929 -0.00112668 -0.00224316
internal_weight=0 280 86 2334 994 1340 964 1299 900 173 1259 727 1104 155 64 194 164 127 96
internal_count=2614 280 86 2334 994 1340 964 1299 900 173 1259 727 1104 155 64 194 164 127 96
is_linear=0
shrinkage=0.03


Tree=243
num_leaves=21
num_cat=0
split_feature=17 8 15 8 17 3 3 2 1 3 14 0 14 17 13 1 3 1 14 12
split_gain=1.36843 2.81193 2.41946 1.48333 2.60499 1.90008 2.65176 4.86674 8.96512 2.27193 1.89265 1.88335 0.930892 2.32107 1.21521 0.821393 1.19543 0.949834 0.277539 0.240846
threshold=0.025175842696629234 0.16835000000000003 2.518041011235955 0.20155000000000003 -0.012824157303370802 0.17060000000000003 0.11255000000000003 0.00015000000000000004 0.052700000000000004 0.061000000000000006 0.10100112359550563 0.35155000000000008 -0.17132359550561785 -0.0067146067415730362 -0.10697977528089807 0.0074500000000000009 0.016750000000000004 0.051450000000000003 -0.083584269662921359 -1.6572831460674153
decision_type=2 2 2 2 2 2 2 2 2 2 2 2 2 2 2 2 2 2 2 2
left_child=3 -2 -3 5 -5 6 9 8 -8 11 -6 -1 13 -7 -15 -4 19 -18 -9 -17
right_child=1 2 15 4 10 12 7 18 -10 -11 -12 -13 -14 14 -16 16 17 -19 -20 -21
leaf_value=-0.0012027868188205543 0.010533922736142431 -0.0049879608543589712 0.0057985189294960434 -0.0091440596888491578 -0.0012027868188205543 -0.0012027868188205543 0.020289834456737425 0.0027442862051133181 0.0028384579145349564 -0.0012027868188205543 -0.0077787852231413126 0.0013128702205276275 -0.0012027868188205543 0.01009236803909223 0.0016226348441559821 -6.5246782773597682e-05 0.0036907691027828365 -0.00071856534574180834 -0.0012027868188205543 -0.0034858040823019108
leaf_weight=193 31 50 31 43 124 41 34 32 120 272 40 992 279 31 30 44 110 47 38 32
leaf_count=193 31 50 31 43 124 41 34 32 120 272 40 992 279 31 30 44 110 47 38 32
internal_value=0 0.00191412 0.00106312 -0.000113838 -0.00253477 0.000129194 0.000584273 0.00362313 0.00669136 0.000117078 -0.00120279 0.000763789 -0.00120279 0.00194682 0.00592693 0.00220915 0.00158302 0.00307809 -0.00120279 -0.00150548
internal_weight=0 345 314 2269 207 2062 1681 224 154 1457 164 1185 381 102 61 264 233 157 70 76
internal_count=2614 345 314 2269 207 2062 1681 224 154 1457 164 1185 381 102 61 264 233 157 70 76
is_linear=0
shrinkage=0.03


Tree=244
num_leaves=15
num_cat=0
split_feature=17 7 12 13 2 8 5 7 1 5 7 17 13 4
split_gain=1.32757 1.79827 2.30128 1.29269 1.205 1.68127 1.33111 1.6748 0.766566 0.688893 0.610948 0.571549 0.368798 0.0306442
threshold=0.039179775280898867 -0.34939999999999999 -2.084010112359548 -3.8547134831460665 0.27755000000000002 0.13235000000000005 0.43670000000000003 -0.38239999999999991 0.039900000000000012 0.28230000000000005 -0.30449999999999994 0.045945505617977535 2.8250528089887639 0.016650000000000002
decision_type=2 2 2 2 2 2 2 2 2 2 2 2 2 2
left_child=3 2 -2 9 5 -5 7 -7 10 -1 -3 -10 -8 -12
right_child=1 8 -4 4 -6 6 12 -9 11 -11 13 -13 -14 -15
leaf_value=-0.0014062068382134803 0.0030941931933195967 0.0030941931933195967 0.011565322944441358 0.0069510900095338 -0.0049460808291684746 0.0016916673435525109 -0.0024108569808116978 -0.00027974117765757384 0.00013222811243972994 -0.00734528396918904 0.0010841163028688992 -0.0039638979960000134 -0.00109477795728223 0.00013222811243972994
leaf_weight=39 49 48 37 32 43 520 103 1526 31 32 34 48 39 33
leaf_count=39 49 48 37 32 43 520 103 1526 31 32 34 48 39 33
internal_value=0 0.00208908 0.00570003 -9.70344e-05 2.80216e-05 0.000124367 2.45245e-05 0.000221301 0.000488355 -0.00408297 0.00205136 -0.0017869 -0.00241086 0.000132228
internal_weight=0 280 86 2334 2263 2220 2188 2046 194 71 115 79 142 67
internal_count=2614 280 86 2334 2263 2220 2188 2046 194 71 115 79 142 67
is_linear=0
shrinkage=0.03


Tree=245
num_leaves=31
num_cat=0
split_feature=15 15 3 12 4 3 15 15 15 17 16 3 14 3 4 5 14 16 3 14 12 3 12 3 3 3 3 12 14 3
split_gain=1.274 3.16698 2.65265 1.25907 2.18162 1.60668 2.19981 1.04294 1.15634 1.95851 2.56194 1.78632 1.34382 1.20093 1.92426 1.78278 0.938289 0.87658 0.872522 4.29174 1.44116 0.811577 3.8927 3.73772 0.530332 0.473003 0.860953 0.488257 0.436845 0.392541
threshold=-1.6509589887640448 -0.48236685393258488 0.11865000000000002 -1.5672831460674155 0.35910000000000003 0.012550000000000002 17.263128089887644 -6.3738668539325838 -12.533024719101123 -0.004324157303370795 33.030350561797782 0.038500000000000006 -0.0049134831460674313 0.11425 0.20455000000000004 0.31340000000000007 -0.067323595505617881 -27.153139325842798 0.042750000000000003 -0.030868539325842711 0.74281573033707826 0.13455000000000003 -0.93697078651685384 0.19675000000000001 0.018950000000000005 0.010600000000000002 0.13735000000000003 0.16531573033707761 0.39250112359550565 0.0032500000000000007
decision_type=2 2 2 2 2 2 2 2 2 2 2 2 2 2 2 2 2 2 2 2 2 2 2 2 2 2 2 2 2 2
left_child=7 2 -2 4 5 29 -7 8 9 10 -1 -12 18 14 -14 -15 -9 -5 20 -20 -10 22 -19 -23 -11 -18 27 -27 -26 -3
right_child=1 3 -4 17 -6 6 -8 16 12 24 11 -13 13 15 -16 -17 25 21 19 -21 -22 23 -24 -25 28 26 -28 -29 -30 -31
leaf_value=-0.011599147773601791 0.0021458776865867857 0.0018042105381851489 0.013451099089316784 -0.0039763368639813843 -0.0049106590746362741 0.0082401417041770546 0.0018581427528717835 -0.00039149305073362664 0.0025718955965789636 -0.0019685146305710075 -0.0055340202852010223 0.0022597243112977591 0.0016952685354642684 0.010383230893602295 -0.0041631955290060548 0.0017222885533397937 -0.00086928756907582276 -0.0082832818451736654 0.00014088637141560184 -0.010325662095261656 -0.0026177575683686881 -0.0082548025977289812 0.0011844469458927593 0.0012405771692684884 0.0043395136209825672 -0.0046269909156536728 -0.00092141403546256394 -0.0097310826197386738 -0.0002886059306441776 -0.0011091508433375185
leaf_weight=33 47 53 31 53 38 78 129 123 121 36 59 48 292 31 61 69 32 42 151 46 80 55 563 116 45 37 31 31 31 60
leaf_count=33 47 53 31 53 38 78 129 123 121 36 59 48 292 31 61 69 32 42 151 46 80 55 563 116 45 37 31 31 31 60
internal_value=0 0.000783306 0.00663898 0.000398519 0.00188533 0.00269236 0.00426295 -0.000540082 -0.000140974 -0.00192598 -0.00429152 -0.00203776 0.000387607 0.00150504 0.000682899 0.00440718 -0.00227322 -0.000243555 -0.000884241 -0.00230308 0.000506362 1.139e-05 0.000527183 -0.00181349 0.00103094 -0.00404002 -0.00506491 -0.00695386 0.00245173 -0.000184753
internal_weight=0 1265 78 1187 358 320 207 1357 1103 252 140 107 851 453 353 100 254 829 398 197 201 776 605 171 112 131 99 68 76 113
internal_count=2622 1265 78 1187 358 320 207 1357 1103 252 140 107 851 453 353 100 254 829 398 197 201 776 605 171 112 131 99 68 76 113
is_linear=0
shrinkage=0.03


Tree=246
num_leaves=25
num_cat=0
split_feature=15 15 7 15 8 4 15 8 14 12 14 7 12 4 7 17 4 7 12 14 17 1 4 13
split_gain=1.1965 2.98106 1.60401 1.80547 5.53129 2.46646 1.37235 1.66496 1.78432 1.39942 1.94118 1.24956 1.17986 2.05008 2.97424 1.75551 0.926318 0.75535 1.60926 1.5003 0.619397 2.33182 0.565407 0.313874
threshold=-1.6509589887640448 -0.48236685393258488 -0.48144999999999999 -21.139350561797738 0.18310000000000001 0.12835000000000002 -6.3738668539325838 0.16905000000000001 -0.067323595505617881 1.1752595505617995 0.3460865168539326 -0.27924999999999994 -1.5672831460674155 0.35910000000000003 -0.32904999999999995 0.041179775280898868 0.071050000000000016 -0.35034999999999994 -0.96697078651685497 -0.18158426966292132 0.013175842696629221 0.093100000000000002 0.29115000000000008 -3.8039471910112357
decision_type=2 2 2 2 2 2 2 2 2 2 2 2 2 2 2 2 2 2 2 2 2 2 2 2
left_child=2 16 -1 4 5 -4 9 -8 -9 11 -11 -5 13 14 15 -3 -2 20 -19 -20 22 -22 -14 -16
right_child=1 12 3 6 -6 -7 7 8 -10 10 -12 -13 17 -15 23 -17 -18 18 19 -21 21 -23 -24 -25
leaf_value=0.0060092500664971089 0.010359555494505911 0.0038216715815069619 0.0026612680627206122 0.0013188476490737862 -0.014219664650303977 -0.0053566971793770788 0.0026612680627206122 -0.00046929593200261869 -0.0059400823025498534 -2.9461860958434325e-05 -0.0054146692103573257 -0.0033255520266921895 0.0018035167367714973 -0.0047633391760877877 -0.0010782177510943593 0.0115844766716831 0.0037130292521222776 -0.0065087523209777743 -0.0041259334958026143 -0.00014512527371927063 0.0073297561334779941 -0.00014512527371927063 -0.00014512527371927063 0.0012163344182384509
leaf_weight=33 32 80 35 611 35 42 32 103 112 213 84 57 135 38 66 39 46 44 88 324 53 57 128 135
leaf_count=33 32 80 35 611 35 42 32 103 112 213 84 57 135 38 66 39 46 44 88 324 53 57 128 135
internal_value=0 0.000758622 -0.000523879 -0.000686714 -0.00433102 0.000163816 -0.000349946 -0.00234529 -0.00331919 0.000160779 -0.00155255 0.000922544 0.000385301 0.00182459 0.0026069 0.00636578 0.00643981 -0.000236249 -0.00105526 -0.000472848 0.000765009 0.00265532 -2.56141e-05 0.000381497
internal_weight=0 1265 1357 1324 112 77 1212 247 215 965 297 668 1187 358 320 119 78 829 456 412 373 110 263 201
internal_count=2622 1265 1357 1324 112 77 1212 247 215 965 297 668 1187 358 320 119 78 829 456 412 373 110 263 201
is_linear=0
shrinkage=0.03


Tree=247
num_leaves=13
num_cat=0
split_feature=4 8 16 0 16 3 4 3 7 13 2 17
split_gain=1.07971 1.15638 3.85606 3.50026 1.45162 1.419 2.16847 2.08601 2.03588 2.01734 1.14403 1.10006
threshold=0.62970000000000004 0.16025000000000003 -28.900139325842812 0.096300000000000011 10.815749438202376 0.13455000000000003 0.39680000000000004 0.19675000000000001 -0.33469999999999994 -2.9677404494382045 0.0018500000000000003 -0.0048241573033707954
decision_type=2 2 2 2 2 2 2 2 2 2 2 2
left_child=1 2 -1 -4 -5 6 8 -7 -3 -9 -11 -10
right_child=-2 5 3 4 -6 7 -8 9 11 10 -12 -13
leaf_value=0.012054903401182062 -0.0050668132801850634 0.0010450143178879457 0.0010450143178879457 0.004390045220828899 0.011925356612616294 -0.0024510632309018938 -0.0024510632309018938 -0.0024510632309018938 -0.00093272172799427854 0.0010450143178879457 -0.0024510632309018938 0.00035296893516421495
leaf_weight=31 36 623 142 34 37 175 74 54 461 229 35 691
leaf_count=31 36 623 142 34 37 175 74 54 461 229 35 691
internal_value=0 0.000164687 0.00213011 0.00104501 0.00773508 -4.00795e-05 0.000341227 -0.00147017 0.00058562 0.000268394 0.00104501 -0.000339076
internal_weight=0 2586 244 213 71 2342 1849 493 1775 318 264 1152
internal_count=2622 2586 244 213 71 2342 1849 493 1775 318 264 1152
is_linear=0
shrinkage=0.03


Tree=248
num_leaves=27
num_cat=0
split_feature=17 7 3 5 12 0 8 16 3 3 3 3 3 8 3 3 3 3 18 2 17 3 3 12 3 17
split_gain=1.04263 1.32787 4.37093 3.91334 2.24766 2.14595 1.98708 1.37932 1.30815 1.16282 7.79325 5.27824 4.47926 3.66426 3.27069 3.14514 1.648 1.56149 1.12308 1.23822 0.882147 0.721428 0.584994 0.287535 0.282268 0.115895
threshold=-0.016218539325842701 -0.34939999999999999 0.15055000000000004 0.31285000000000002 -0.19338202247190669 0.43975000000000003 0.20290000000000002 1.0000000180025095e-35 0.11425 0.1082 0.064250000000000015 0.046950000000000013 0.11740000000000002 0.15900000000000003 0.031000000000000003 0.080850000000000019 0.023950000000000003 0.19675000000000001 5.5000000000000009 0.00030000000000000008 -0.020324157303370779 0.0070500000000000007 0.039250000000000007 -2.0850101123595475 0.35670000000000007 0.0072853932584269762
decision_type=2 2 2 2 2 2 2 2 2 2 2 2 2 2 2 2 2 2 2 2 2 2 2 2 2 2
left_child=9 3 6 5 -4 -2 18 -8 -7 10 11 14 -11 -14 16 -12 -1 -15 19 -3 -19 -5 -16 -20 -23 -10
right_child=1 2 4 21 -6 8 7 -9 25 12 15 -13 13 17 22 -17 -18 20 23 -21 -22 24 -24 -25 -26 -27
leaf_value=-0.00088826329846545735 0.0030052466511489616 0.00061424562290909597 -0.0018564746645279228 0.0030052466511489616 -0.012695811547649403 0.0055105933901663847 -0.0020112337167555415 -0.0095765367094427355 0.012181212680244987 0.0093081944885299254 -0.017425147818020459 0.0096415582560002815 0.0080009393580257882 -0.0075718127482763999 -0.010616580929607152 -0.0051732604533687911 0.0050222003613883742 0.0021446879130926689 0.00061424562290909597 -0.0016173878642947001 -0.0040550921986411718 0.00061424562290909597 -0.0046920879352837794 -0.0020112337167555415 0.0030052466511489616 0.0096473743545357135
leaf_weight=318 59 589 33 39 36 52 39 30 33 46 33 45 30 53 30 44 49 33 34 258 35 484 30 96 62 32
leaf_count=318 59 589 33 39 36 52 39 30 33 46 33 45 30 53 30 44 49 33 34 258 35 484 30 96 62 32
internal_value=0 0.000460881 -0.000198502 0.00142699 -0.00751178 0.00539625 0.000283923 -0.00463671 0.00801594 -0.000865037 -0.00157454 -0.000130868 0.00111221 -0.00138458 -0.00116075 -0.0104241 -9.91278e-05 -0.00371156 0.000614246 0.000614246 -0.00070284 0.000614246 -0.00765433 -0.00201123 0.000614246 0.0109338
internal_weight=0 1876 1115 761 69 176 1046 69 117 746 549 472 197 151 427 77 367 121 977 847 68 585 60 130 546 65
internal_count=2622 1876 1115 761 69 176 1046 69 117 746 549 472 197 151 427 77 367 121 977 847 68 585 60 130 546 65
is_linear=0
shrinkage=0.03


Tree=249
num_leaves=23
num_cat=0
split_feature=15 15 3 7 15 8 4 15 8 14 12 14 7 12 4 7 17 16 3 3 14 3
split_gain=1.0781 2.82774 2.5591 1.42929 1.66856 5.16191 2.40044 1.29198 1.53607 1.64893 1.30119 1.78903 1.20965 1.0898 1.95324 2.72551 1.65307 0.838377 0.884793 2.35675 0.906091 0.489147
threshold=-1.6509589887640448 -0.48236685393258488 0.11865000000000002 -0.48144999999999999 -21.139350561797738 0.18255000000000002 0.12835000000000002 -6.3738668539325838 0.16905000000000001 -0.067323595505617881 1.1752595505617995 0.3460865168539326 -0.27924999999999994 -1.5672831460674155 0.35910000000000003 -0.32904999999999995 0.041179775280898868 -27.153139325842798 0.28045000000000003 0.19675000000000001 -0.13795393258426963 0.012550000000000002
decision_type=2 2 2 2 2 2 2 2 2 2 2 2 2 2 2 2 2 2 2 2 2 2
left_child=3 2 -2 -1 5 6 -5 10 -9 -10 12 -12 -6 14 15 16 -3 -15 19 -19 -20 -17
right_child=1 13 -4 4 7 -7 -8 8 9 -11 11 -13 -14 17 -16 21 -18 18 20 -21 -22 -23
leaf_value=0.0056634115597063847 0.0018337602564629087 0.0036265444939490407 0.012937833868688154 0.0025030271696481572 0.0012864014319280039 -0.013330296404861114 -0.005218178871353822 0.0025030271696481572 -0.00046686704980336059 -0.0057259905752393286 -2.7984963257757712e-05 -0.0051978514040820298 -0.0032832290055720427 -0.0038977364958527514 -0.0046970236161723734 -0.0010999935672662104 0.011159455160108895 -0.00018551992234080734 2.4601164358583364e-05 0.0063897409142469452 -0.0071791679784655562 0.0017294541311903147
leaf_weight=33 47 80 31 33 611 37 42 32 103 112 213 84 57 53 38 92 39 660 33 53 30 109
leaf_count=33 47 80 31 33 611 37 42 32 103 112 213 84 57 53 38 92 39 660 33 53 30 109
internal_value=0 0.00071375 0.00624692 -0.000503647 -0.000657357 -0.00416076 0.000362871 -0.00033361 -0.00226964 -0.0032065 0.000161935 -0.00149017 0.000896478 0.000350156 0.00173342 0.00249704 0.00609531 -0.000247202 2.12618e-06 0.000303244 -0.00340577 0.000366713
internal_weight=0 1265 78 1357 1324 112 75 1212 247 215 965 297 668 1187 358 320 119 829 776 713 63 201
internal_count=2622 1265 78 1357 1324 112 75 1212 247 215 965 297 668 1187 358 320 119 829 776 713 63 201
is_linear=0
shrinkage=0.03


Tree=250
num_leaves=18
num_cat=0
split_feature=15 3 1 3 3 8 1 3 6 8 4 1 3 3 1 17 18
split_gain=1.408 1.0483 1.96746 0.832028 1.23062 3.95658 2.24313 1.94587 1.86973 1.21083 1.61818 0.996491 0.569438 0.5509 1.04847 0.230354 0.0368631
threshold=-42.048850561797742 0.0016000000000000001 0.012900000000000002 0.0064500000000000009 0.010600000000000002 0.19515000000000002 0.53665000000000007 0.011450000000000002 -0.014399999999999998 0.18520000000000003 0.020150000000000005 0.13390000000000005 0.0025500000000000006 0.00065000000000000008 0.035150000000000008 0.0062775280898876304 4.5000000000000009
decision_type=2 2 2 2 2 2 2 2 2 2 2 2 2 2 2 2 2
left_child=-1 2 -2 9 5 6 -5 -6 -9 10 -3 12 -11 15 -15 -4 -12
right_child=1 3 13 4 7 -7 -8 8 -10 11 16 -13 -14 14 -16 -17 -18
leaf_value=0.0059679074166342615 0.0076311828768471394 0.0040051539239056152 -0.00010920854657888412 0.0058895335241686553 -0.008122606454184278 -0.0075740753870923066 -0.0017742301196923627 -0.0026236845122897348 -2.3344834553112864e-05 -0.0050034149103508939 -0.0017785090400730867 -0.008569779773693411 -0.0017785090400730867 0.0038728007975965179 -0.0015305408318194427 -0.0037968013185872545 0.00034910850632455075
leaf_weight=32 41 58 30 122 30 32 31 294 1621 58 39 31 76 30 42 31 31
leaf_count=32 41 58 30 122 30 32 31 294 1621 58 39 31 76 30 42 31 31
internal_value=0 -0.000363602 0.00188561 -0.000525122 -0.000318936 0.00201918 0.00402562 -0.000541328 -0.000422561 -0.00202401 0.0001656 -0.00372262 -0.00260126 0.000114419 0.00189159 -0.00198323 -0.00177851
internal_weight=0 2597 174 2423 2130 185 153 1945 1915 293 128 165 134 133 72 61 70
internal_count=2629 2597 174 2423 2130 185 153 1945 1915 293 128 165 134 133 72 61 70
is_linear=0
shrinkage=0.03


Tree=251
num_leaves=17
num_cat=0
split_feature=15 3 3 0 3 17 3 7 0 3 8 3 6 0 8 0
split_gain=1.32498 0.999942 1.05346 1.01823 1.19436 0.990322 0.789579 1.23578 2.55159 1.1507 3.71657 1.83087 1.75923 1.35433 0.885218 0.171868
threshold=-42.048850561797742 0.0016000000000000001 0.00065000000000000008 0.97905000000000009 0.0012500000000000002 0.0022775280898876264 0.0064500000000000009 -0.32264999999999994 0.8236500000000001 0.010600000000000002 0.19515000000000002 0.011450000000000002 -0.014399999999999998 0.57220000000000015 0.19110000000000002 0.73080000000000012
decision_type=2 2 2 2 2 2 2 2 2 2 2 2 2 2 2 2
left_child=-1 2 5 4 -4 -2 7 15 -9 10 13 -11 -13 -8 -10 -3
right_child=1 6 3 -5 -6 -7 9 8 14 11 -12 12 -14 -15 -16 -17
leaf_value=0.0057888698810711504 0.0031114680205862368 0.00016785855382317447 0.005159146447724197 0.008448324162513017 -0.001484624602765377 -0.0039941674556651305 0.00042921276970386705 -0.0097378713916987172 -0.0008203730924665327 -0.0078789282171055682 -0.0073468530457466838 -0.002544973985887755 -2.2644479362473119e-05 0.0061938204057767742 -0.0040093053369943442 0.0031279997094984975
leaf_weight=32 31 41 30 30 42 41 61 42 92 30 32 294 1621 92 87 31
leaf_count=32 31 41 30 30 42 41 61 42 92 30 32 294 1621 92 87 31
internal_value=0 -0.000353145 0.00184358 0.00380478 0.00186997 -0.000934797 -0.000510896 -0.00197105 -0.00308311 -0.000310039 0.00195089 -0.000525088 -0.000409885 0.00389551 -0.00152166 0.00144236
internal_weight=0 2597 174 102 72 72 2423 293 221 2130 185 1945 1915 153 179 72
internal_count=2629 2597 174 102 72 72 2423 293 221 2130 185 1945 1915 153 179 72
is_linear=0
shrinkage=0.03


Tree=252
num_leaves=19
num_cat=0
split_feature=15 14 8 3 15 6 3 1 14 3 16 8 14 8 6 4 3 0
split_gain=1.24574 0.95096 2.68322 1.39951 1.59153 1.25069 2.73356 3.17903 1.80851 2.13125 1.1567 1.13321 0.698063 2.9392 1.19955 0.964804 0.778938 0.161759
threshold=-42.048850561797742 -0.18595393258426959 0.20095000000000002 0.37115000000000004 0.53354101123595499 0.0023000000000000004 0.06795000000000001 0.32200000000000001 0.0050865168539325776 0.31325000000000008 24.33174943820234 0.17830000000000004 -0.28808426966292128 0.17485000000000003 0.0014500000000000001 0.37785000000000007 0.011100000000000002 0.38135000000000002
decision_type=2 2 2 2 2 2 2 2 2 2 2 2 2 2 2 2 2 2
left_child=-1 2 12 5 -5 6 11 -8 9 -7 -10 -3 14 -14 17 -16 -15 -2
right_child=1 3 -4 4 -6 8 7 -9 10 -11 -12 -13 13 16 15 -17 -18 -19
leaf_value=0.0056152041954919693 -0.0041875506391049607 -0.00032907268525611636 -0.0076500902707247352 -0.0081583181675523517 0.00089789896302165521 0.0013170314913447858 -0.00099388169590383765 -0.012243313664104789 -0.00032907268525611636 0.009373408667743206 0.0015223364973589626 -0.0027006503334650617 0.0072287042219313265 0.0019364773705601692 0.00065501854145661625 -0.0023035845120087856 -0.0039368384617513843 -0.0023035845120087856
leaf_weight=32 30 252 57 40 31 633 52 40 541 31 305 183 46 30 188 31 63 44
leaf_count=32 30 252 57 40 31 633 52 40 541 31 305 183 46 30 188 31 63 44
internal_value=0 -0.000340308 -0.00153223 -6.38143e-05 -0.0042042 8.04994e-05 -0.0011778 -0.00588494 0.000519654 0.00169316 -0.000329073 -0.000329073 -0.000725011 0.00102586 -0.00155563 -0.000419618 -0.00204222 -0.00418755
internal_weight=0 2597 489 2108 71 2037 527 92 1510 664 846 435 432 139 293 219 93 74
internal_count=2629 2597 489 2108 71 2037 527 92 1510 664 846 435 432 139 293 219 93 74
is_linear=0
shrinkage=0.03


Tree=253
num_leaves=16
num_cat=0
split_feature=15 3 1 7 3 14 8 3 15 6 3 14 14 8 6
split_gain=1.17403 0.931436 1.75785 1.2996 0.991073 0.784395 3.44349 1.21417 1.49747 1.15052 2.4113 1.8346 0.811378 3.08762 1.12327
threshold=-42.048850561797742 0.0016000000000000001 0.012900000000000002 -0.28149999999999992 0.00065000000000000008 -0.18595393258426959 0.20095000000000002 0.37115000000000004 0.53354101123595499 0.0023000000000000004 0.06795000000000001 0.0050865168539325776 -0.28808426966292128 0.17485000000000003 0.0014500000000000001
decision_type=2 2 2 2 2 2 2 2 2 2 2 2 2 2 2
left_child=-1 2 -2 4 -4 6 12 9 -9 10 -7 -11 14 -14 -3
right_child=1 5 3 -5 -6 7 -8 8 -10 11 -12 -13 13 -15 -16
leaf_value=0.0054467478068545459 0.007216214291387941 -0.004730010642431854 -0.0016789493011310696 -0.0053837536456994711 0.0036636734464991732 -0.00047117943073812259 -0.0087959230128886561 -0.007913568649906666 0.00087096197500584587 0.0016064354356965572 -0.0057083908725610892 -0.00047117943073812259 0.007644962644204497 -0.0020537279274512278 -0.00045609006545795452
leaf_weight=32 41 71 45 30 58 414 53 40 31 607 92 781 45 86 203
leaf_count=32 41 71 45 30 58 414 53 40 31 607 92 781 45 86 203
internal_value=0 -0.000334818 0.00178532 0.000111133 0.00171158 -0.000487069 -0.00160512 -0.000226476 -0.00407807 -8.20921e-05 -0.0013067 0.000364344 -0.000664098 0.00127788 -0.00159256
internal_weight=0 2597 174 133 103 2423 458 1965 71 1894 506 1388 405 131 274
internal_count=2629 2597 174 133 103 2423 458 1965 71 1894 506 1388 405 131 274
is_linear=0
shrinkage=0.03


Tree=254
num_leaves=16
num_cat=0
split_feature=15 3 1 7 3 3 7 0 3 8 1 3 6 8 0
split_gain=1.1047 0.882289 1.6497 1.22687 0.93784 0.75561 1.16971 2.39176 1.0792 3.44084 2.03779 1.71572 1.52924 0.847683 0.165834
threshold=-42.048850561797742 0.0016000000000000001 0.012900000000000002 -0.28149999999999992 0.00065000000000000008 0.0064500000000000009 -0.32264999999999994 0.8236500000000001 0.010600000000000002 0.19515000000000002 0.53665000000000007 0.011450000000000002 -0.014399999999999998 0.19110000000000002 0.73080000000000012
decision_type=2 2 2 2 2 2 2 2 2 2 2 2 2 2 2
left_child=-1 2 -2 4 -4 6 14 -8 9 10 -7 -10 -13 -9 -3
right_child=1 5 3 -5 -6 8 7 13 11 -11 -12 12 -14 -15 -16
leaf_value=0.0052833453146740794 0.0069997278401037538 0.00016749610261219304 -0.0016285808727455635 -0.0052222411688417191 0.0035582014969807963 0.0055670525276731433 -0.009426373799048763 -0.0007819871177723594 -0.0076036730501800771 -0.0070332292537204919 -0.0016245807726869208 -0.0023639721075567055 -1.2289230082964583e-05 -0.0039041218813358211 0.0030752105482162967
leaf_weight=32 41 41 45 30 58 122 42 92 30 32 31 294 1621 87 31
leaf_count=32 41 41 45 30 58 122 42 92 30 32 31 294 1621 87 31
internal_value=0 -0.0003249 0.00173854 0.000116675 0.0016717 -0.00047308 -0.00190148 -0.0029834 -0.000276591 0.00191297 0.00378407 -0.000484853 -0.000373331 -0.00147164 0.00141943
internal_weight=0 2597 174 133 103 2423 293 221 2130 185 153 1945 1915 179 72
internal_count=2629 2597 174 133 103 2423 293 221 2130 185 153 1945 1915 179 72
is_linear=0
shrinkage=0.03


Tree=255
num_leaves=12
num_cat=0
split_feature=0 16 8 3 16 1 7 3 14 16 3
split_gain=1.98979 4.47426 2.93937 1.23684 1.46921 1.37585 1.10116 0.999595 0.707069 0.235675 0.15121
threshold=0.016600000000000004 28.526944943820187 0.14540000000000003 0.37115000000000004 56.013350561797729 0.28680000000000005 -0.32904999999999995 0.019050000000000001 -0.15508426966292135 10.815749438202376 0.0092000000000000016
decision_type=2 2 2 2 2 2 2 2 2 2 2
left_child=1 -1 9 4 5 6 -4 -7 -5 -2 -6
right_child=2 -3 3 8 10 7 -8 -9 -10 -11 -12
leaf_value=-0.0021079689931766529 0.0047200708376476542 -0.013956269363989122 0.0010314228401287725 0.0032037253306673231 0.0010054077673703431 -0.00083712258736419584 -0.00042604420705274413 -0.0021079689931766529 -0.0021079689931766529 0.0084212371520698062 0.0032037253306673231
leaf_weight=67 32 32 814 30 30 119 1093 223 57 30 77
leaf_count=67 32 32 814 30 30 119 1093 223 57 30 77
internal_value=0 -0.00427614 6.02042e-05 -0.000103507 4.57984e-05 -0.000118158 0.000196073 -0.00187032 -0.00210797 0.00651096 0.00320373
internal_weight=0 99 2505 2443 2356 2249 1907 342 87 62 107
internal_count=2604 99 2505 2443 2356 2249 1907 342 87 62 107
is_linear=0
shrinkage=0.03


Tree=256
num_leaves=12
num_cat=0
split_feature=0 16 8 3 16 5 8 16 14 4 0
split_gain=1.82482 4.24102 2.76894 1.19823 1.40275 1.31406 0.922381 0.88305 0.606397 0.376685 0.226423
threshold=0.016600000000000004 28.526944943820187 0.14540000000000003 0.37115000000000004 56.013350561797729 0.35940000000000005 0.19185000000000002 -5.8954191011236494 -0.15508426966292135 0.10385000000000001 0.14340000000000003
decision_type=2 2 2 2 2 2 2 2 2 2 2
left_child=1 -1 10 4 5 6 -4 -7 -5 -6 -2
right_child=2 -3 3 8 9 7 -8 -9 -10 -11 -12
leaf_value=-0.0020216618494454906 0.0045602494978811588 -0.013537581329946988 0.00089610416862893373 0.0031057108046247919 0.0031057108046247919 -0.0020216618494454906 -0.00049297446099381438 -0.0005909202682111307 -0.0020216618494454906 -0.00025058914907276629 0.0081880337130278355
leaf_weight=67 32 32 964 30 76 202 777 306 57 31 30
leaf_count=67 32 32 964 30 76 202 777 306 57 31 30
internal_value=0 -0.00409801 5.46868e-05 -0.000104207 4.47662e-05 -0.000115546 0.000276165 -0.00145801 -0.00202166 0.00310571 0.00631563
internal_weight=0 99 2505 2443 2356 2249 1741 508 87 107 62
internal_count=2604 99 2505 2443 2356 2249 1741 508 87 107 62
is_linear=0
shrinkage=0.03


Tree=257
num_leaves=12
num_cat=0
split_feature=0 16 8 3 16 6 3 3 3 4 16
split_gain=1.67158 4.02012 2.60891 1.15961 1.34839 1.31621 1.35065 1.13897 0.359557 0.350852 0.221327
threshold=0.016600000000000004 28.526944943820187 0.14540000000000003 0.37115000000000004 56.013350561797729 -0.0035499999999999998 0.046950000000000013 0.085450000000000012 0.4935500000000001 0.10385000000000001 10.815749438202376
decision_type=2 2 2 2 2 2 2 2 2 2 2
left_child=1 -1 10 4 5 6 -4 -7 -5 -6 -2
right_child=2 -3 3 8 9 7 -8 -9 -10 -11 -12
leaf_value=-0.0019384325461848204 0.0043906455009710046 -0.013131453843670897 -0.0019384325461848204 -0.0019384325461848204 0.0030103758473414496 0.00086923878859238035 -0.0006826917209392635 -0.00065577035088689817 0.0030103758473414496 -0.00024307140389517431 0.007977375699207187
leaf_weight=67 32 32 324 57 76 1067 107 751 30 31 30
leaf_count=67 32 32 324 57 76 1067 107 751 30 31 30
internal_value=0 -0.00392569 4.8826e-05 -0.000105408 4.32398e-05 -0.0001141 -0.00160465 0.000239271 -0.00193843 0.00301038 0.00612616
internal_weight=0 99 2505 2443 2356 2249 431 1818 87 107 62
internal_count=2604 99 2505 2443 2356 2249 431 1818 87 107 62
is_linear=0
shrinkage=0.03


Tree=258
num_leaves=12
num_cat=0
split_feature=3 14 0 16 8 16 3 15 16 4 0
split_gain=1.61966 2.95234 1.65216 3.83756 2.3354 1.30068 1.08364 2.63999 1.26276 0.348744 0.212634
threshold=0.37115000000000004 -0.15508426966292135 0.016600000000000004 28.526944943820187 0.14540000000000003 56.013350561797729 0.27420000000000005 -7.999708988764044 -54.493149438202259 0.10385000000000001 0.14340000000000003
decision_type=2 2 2 2 2 2 2 2 2 2 2
left_child=2 -2 3 -1 10 6 8 -8 -6 -7 -4
right_child=1 -3 4 -5 5 9 7 -9 -10 -11 -12
leaf_value=-0.0017819717567901959 0.0034937520064413545 -0.0081332095457535038 0.0042412842769408597 -0.012737510285514873 0.0029930931103744297 0.0029930931103744297 -0.0017819717567901959 0.0029930931103744297 -0.00040959568872825581 -0.00023577930315607975 0.0077568723820149905
leaf_weight=67 30 57 32 32 42 76 51 110 2046 31 30
leaf_count=67 30 57 32 32 42 76 51 110 2046 31 30
internal_value=0 -0.00412391 3.95331e-05 -0.003759 0.000195056 4.38109e-05 -0.000110551 0.00226094 -0.00029341 0.00299309 0.00594238
internal_weight=0 87 2517 99 2418 2356 2249 161 2088 107 62
internal_count=2604 87 2517 99 2418 2356 2249 161 2088 107 62
is_linear=0
shrinkage=0.03


Tree=259
num_leaves=14
num_cat=0
split_feature=3 14 0 13 12 8 14 6 3 3 3 4 0
split_gain=1.52855 2.77786 1.52026 2.45842 3.89488 2.19389 1.21698 1.28545 1.42088 0.949571 0.725343 0.739971 0.200067
threshold=0.37115000000000004 -0.15508426966292135 0.016600000000000004 -1.3398426966292136 1.0634898876404526 0.14540000000000003 0.48391573033707874 -0.0035499999999999998 0.085450000000000012 0.046950000000000013 0.011100000000000002 0.29115000000000008 0.14340000000000003
decision_type=2 2 2 2 2 2 2 2 2 2 2 2 2
left_child=2 -2 3 -1 -5 12 7 9 -9 -7 -8 -12 -4
right_child=1 -3 5 4 -6 6 10 8 -10 -11 11 -13 -14
leaf_value=-0.0017028355587252453 0.003388939373195171 -0.0078892133855505992 0.0041140458203153679 -0.015269766043532976 -0.0017028355587252453 -0.0017028355587252453 -0.00072735192034054878 0.00091006750045841546 -0.00074233059877823633 -0.00074233059877823633 0.0029055733798204822 -0.0015989807578069822 0.0075241662953048939
leaf_weight=36 30 57 32 33 30 305 55 1030 721 102 108 35 30
leaf_count=36 30 57 32 33 30 305 55 1030 721 102 108 35 30
internal_value=0 -0.0040002 4.4448e-05 -0.00359931 -0.00808813 0.000193634 4.70426e-05 -0.000159487 0.000193515 -0.00167818 0.002298 0.00290557 0.0057641
internal_weight=0 87 2517 99 63 2418 2356 2158 1751 407 198 143 62
internal_count=2604 87 2517 99 63 2418 2356 2158 1751 407 198 143 62
is_linear=0
shrinkage=0.03


Tree=260
num_leaves=25
num_cat=0
split_feature=3 3 0 7 0 7 1 3 3 3 7 0 3 3 8 0 13 17 8 1 3 7 14 1
split_gain=1.05858 2.85056 4.53225 4.34792 4.43534 3.74208 3.64014 2.86522 2.55692 2.52546 5.30442 4.03964 2.23891 2.95194 2.20428 2.10215 2.04802 1.44052 1.41088 1.06429 0.955619 0.885552 0.623557 0.597827
threshold=0.06795000000000001 0.11255000000000003 0.46205000000000002 -0.34939999999999999 0.62315000000000009 -0.39629999999999993 0.052700000000000004 0.1082 0.11965000000000002 0.046950000000000013 -0.35199999999999992 0.090150000000000008 0.04420000000000001 0.039250000000000007 0.14960000000000004 0.37145 -3.8039471910112357 -0.0076601123595505518 0.15900000000000003 0.072550000000000017 0.077300000000000021 -0.33469999999999994 -0.026868539325842707 0.31270000000000003
decision_type=2 2 2 2 2 2 2 2 2 2 2 2 2 2 2 2 2 2 2 2 2 2 2 2
left_child=9 2 5 8 -5 23 -6 20 15 11 -11 17 13 14 -13 -3 -10 -1 -18 -15 -4 -12 -23 -2
right_child=1 3 7 4 6 -7 -8 -9 16 10 21 12 -14 19 -16 -17 18 -19 -20 -21 -22 22 -24 -25
leaf_value=-0.012455303733237087 -0.0044407839256137274 0.00023165987367974593 -0.00052900979578095891 -0.012142329111128398 -0.0014278323740156502 -0.015464009775647094 -0.0068303462215330065 -0.0044407839256137274 0.0066709361511260966 0.011263136263338049 0.0039807329530065711 0.0064425459084041566 -0.0037998655742932934 0.009124712729098974 -0.00018855441269494979 0.010200451337236989 0.0037676488558276437 -0.0037998655742932934 -0.00079640394176103667 0.0019008388586582677 0.0055294593825127997 0.0010320866463324901 -0.0042797902585981892 -0.0086764348878134636
leaf_weight=30 33 32 42 46 108 42 45 56 43 56 33 47 46 45 1126 47 71 30 431 31 53 32 43 31
leaf_count=30 33 32 42 46 108 42 45 56 43 56 33 47 46 45 1126 47 71 30 431 31 53 32 43 31
internal_value=0 -0.000974177 -0.00373226 -0.000112903 -0.00397415 -0.00848723 -0.00151836 -0.000394341 0.00111849 0.000254384 0.00377047 -0.00017118 0.000181405 0.000448379 7.71418e-05 0.00616246 0.000387345 -0.00778114 -0.00015089 0.00617813 0.00285098 -0.000114609 -0.00191656 -0.00444078
internal_weight=0 1080 257 823 199 106 153 151 624 1519 164 1355 1295 1249 1173 79 545 60 502 76 95 108 75 64
internal_count=2599 1080 257 823 199 106 153 151 624 1519 164 1355 1295 1249 1173 79 545 60 502 76 95 108 75 64
is_linear=0
shrinkage=0.03


Tree=261
num_leaves=12
num_cat=0
split_feature=2 15 3 3 8 18 3 15 3 3 4
split_gain=1.03037 1.61954 1.38745 2.62274 1.36891 1.78595 1.62886 1.28481 2.0766 1.53311 1.2212
threshold=0.27755000000000002 -42.048850561797742 0.085450000000000012 0.11255000000000003 0.19185000000000002 3.5000000000000004 0.15205000000000005 -12.533024719101123 0.010600000000000002 0.077300000000000021 0.32190000000000007
decision_type=2 2 2 2 2 2 2 2 2 2 2
left_child=1 -1 7 -4 5 -5 -6 8 -3 10 -9
right_child=-2 2 3 4 6 -7 -8 9 -10 -11 -12
leaf_value=0.006762350514531135 -0.0047463275573682035 0.0038600700134609608 -0.002456645856500109 0.0038792548901701884 -0.002456645856500109 -0.0003121830677589599 -0.0004601334391504559 0.00053327476735880468 -0.002456645856500109 0.0056488813657094451 -0.002456645856500109
leaf_weight=30 45 47 126 124 128 349 213 1371 74 51 41
leaf_count=30 45 47 126 124 128 349 213 1371 74 51 41
internal_value=0 -0.000166964 -0.000249325 -0.00116238 -0.000257956 0.000786629 -0.0017069 0.000292515 -0.00245665 0.000538911 0.000354344
internal_weight=0 2554 2524 940 814 473 341 1584 121 1463 1412
internal_count=2599 2554 2524 940 814 473 341 1584 121 1463 1412
is_linear=0
shrinkage=0.03


Tree=262
num_leaves=24
num_cat=0
split_feature=3 3 0 7 0 7 1 17 3 3 3 7 0 3 3 8 0 13 17 8 4 7 1
split_gain=0.96226 2.6817 4.17848 3.96164 4.21181 3.52648 3.48923 2.81736 2.62519 2.41375 2.40078 4.95752 3.70906 2.14177 4.131 2.10799 1.98809 1.89942 1.3609 1.31496 0.844351 0.639403 0.559689
threshold=0.06795000000000001 0.11255000000000003 0.46205000000000002 -0.34939999999999999 0.62315000000000009 -0.39629999999999993 0.052700000000000004 -0.0013202247191011205 0.080850000000000019 0.11965000000000002 0.046950000000000013 -0.35199999999999992 0.090150000000000008 0.042750000000000003 0.039250000000000007 0.14960000000000004 0.37145 -3.8039471910112357 -0.0076601123595505518 0.15900000000000003 0.12895000000000004 -0.33164999999999994 0.31270000000000003
decision_type=2 2 2 2 2 2 2 2 2 2 2 2 2 2 2 2 2 2 2 2 2 2 2
left_child=10 2 5 9 -5 22 -6 21 -9 16 12 -12 18 14 15 -14 -3 -11 -1 -19 -13 -4 -2
right_child=1 3 7 4 6 -7 -8 8 -10 17 11 20 13 -15 -16 -17 -18 19 -20 -21 -22 -23 -24
leaf_value=-0.01202056395728141 -0.0042927323955165722 0.00020656926993979139 0.0072866842758958226 -0.011747328332250775 -0.0013570652222177808 -0.014954153759671109 -0.0065709332285457051 0.0045937128793448207 -0.0042927323955165722 0.0064144637175770694 0.01090577349981426 0.0023692276299898994 0.0062836614647444255 -0.0036579185926119613 0.008194248327823608 -0.00020098175519798353 0.0099011543305947414 0.0036277862591013103 -0.0036579185926119613 -0.00077838955118629885 -0.0029505780559033155 0.0013783346341840702 -0.0084036877505000562
leaf_weight=30 33 32 32 46 108 42 45 30 55 43 56 58 47 63 59 1126 47 71 30 431 50 34 31
leaf_count=30 33 32 32 46 108 42 45 30 55 43 56 58 47 63 59 1126 47 71 30 431 50 34 31
internal_value=0 -0.000937279 -0.00361243 -0.000101905 -0.00378765 -0.00817804 -0.00139454 -0.000407422 -0.00401833 0.00107351 0.000234052 0.00366225 -0.000180874 0.000156977 0.000448447 5.88462e-05 0.00597423 0.000363136 -0.00747281 -0.000155205 -9.36454e-05 0.00424299 -0.00429273
internal_weight=0 1080 257 823 199 106 153 151 85 624 1519 164 1355 1295 1232 1173 79 545 60 502 108 66 64
internal_count=2599 1080 257 823 199 106 153 151 85 624 1519 164 1355 1295 1232 1173 79 545 60 502 108 66 64
is_linear=0
shrinkage=0.03


Tree=263
num_leaves=12
num_cat=0
split_feature=2 15 3 3 7 3 15 3 3 4 16
split_gain=0.943834 1.51571 1.27271 2.45013 3.14183 2.15584 1.25455 1.94072 1.45948 1.12808 0.159752
threshold=0.27755000000000002 -42.048850561797742 0.085450000000000012 0.11255000000000003 -0.34939999999999999 0.11965000000000002 -12.533024719101123 0.010600000000000002 0.077300000000000021 0.32190000000000007 11.770249438202315
decision_type=2 2 2 2 2 2 2 2 2 2 2
left_child=1 -1 6 -4 5 -5 7 -3 9 -8 -6
right_child=-2 2 3 4 10 -7 8 -9 -10 -11 -12
leaf_value=0.0065348947942256925 -0.0045514567047357565 0.0037578417661976306 -0.0023600375282866203 0.0055423101372546694 -0.00073938700572500509 0.00020549839343027415 0.00050691461773740563 -0.0023600375282866203 0.0055005461484303369 -0.0023600375282866203 -0.0023600375282866203
leaf_weight=30 45 47 126 78 114 538 1371 74 51 41 84
leaf_count=30 45 47 126 78 114 538 1371 74 51 41 84
internal_value=0 -0.000168618 -0.000248296 -0.00112278 -0.000244207 0.000881264 0.000270656 -0.00236004 0.0005148 0.00033472 -0.00236004
internal_weight=0 2554 2524 940 814 616 1584 121 1463 1412 198
internal_count=2599 2554 2524 940 814 616 1584 121 1463 1412 198
is_linear=0
shrinkage=0.03


Tree=264
num_leaves=23
num_cat=0
split_feature=3 1 3 7 0 17 17 17 3 3 8 16 8 3 3 4 7 17 1 7 12 7
split_gain=0.895123 2.53779 2.27963 4.63523 3.40505 2.09736 2.03424 2.14015 2.03268 3.89555 2.01528 1.58367 2.36196 1.35785 4.11068 2.33864 2.08917 1.28596 1.06602 0.820997 0.585347 0.45209
threshold=0.06795000000000001 0.31270000000000003 0.046950000000000013 -0.35199999999999992 0.090150000000000008 -0.014058426966292127 -0.0013202247191011205 0.0081797752808988895 0.042750000000000003 0.039250000000000007 0.14960000000000004 -10.558919101123648 0.19185000000000002 0.1082 0.11480000000000001 0.37555000000000005 -0.36204999999999993 -0.0076601123595505518 0.047500000000000007 -0.33469999999999994 0.2500292134831455 -0.38239999999999991
decision_type=2 2 2 2 2 2 2 2 2 2 2 2 2 2 2 2 2 2 2 2 2 2
left_child=2 6 4 -4 17 -3 13 21 9 10 -6 18 -13 15 -15 -2 -16 -1 -9 -5 -21 -8
right_child=1 5 3 19 8 -7 7 11 -10 -11 -12 12 -14 14 16 -17 -18 -19 -20 20 -22 -23
leaf_value=-0.011601343676447868 0.0027950468874970002 -0.012045413259289818 0.010560005939722551 0.0038673777810551905 0.0061281877316217469 -0.0033372455797080727 0.0018280827656628623 0.00029463673389590946 -0.0035205101517065515 0.0079419600845204059 -0.00021225206026293382 0.006847603395091076 -0.0020860065244138241 0.0091166981708790569 0.0017034017436594103 -0.0033372455797080727 -0.0033372455797080727 -0.0035205101517065515 -0.0033372455797080727 -0.0039858825691044333 0.0010282413310963999 -0.0033372455797080727
leaf_weight=30 58 33 56 33 47 44 31 113 63 59 1126 57 50 56 269 36 90 30 106 45 30 137
leaf_count=30 58 33 56 33 47 44 31 113 63 59 1126 57 50 56 269 36 90 30 106 45 30 137
internal_value=0 -0.000914419 0.000215312 0.00355589 -0.00018901 -0.006163 -0.000511487 -0.0018829 0.000134699 0.000420134 4.1798e-05 -0.000318387 0.00267302 0.00081951 0.00155695 -0.00243622 0.000377716 -0.00717572 -0.00177994 -7.58673e-05 -0.0018109 -0.00333725
internal_weight=0 1080 1519 164 1355 77 1003 494 1295 1232 1173 326 107 509 415 94 359 60 219 108 75 168
internal_count=2599 1080 1519 164 1355 77 1003 494 1295 1232 1173 326 107 509 415 94 359 60 219 108 75 168
is_linear=0
shrinkage=0.03


Tree=265
num_leaves=13
num_cat=0
split_feature=17 7 8 7 16 18 5 3 7 8 3 3
split_gain=2.04616 2.06764 1.00119 3.48351 4.63464 1.857 0.870401 1.91172 1.45844 1.13922 1.47727 0.227471
threshold=0.049105617977528111 -0.32839999999999997 0.20095000000000002 -0.31494999999999995 28.96344494382021 4.5000000000000009 0.29340000000000005 0.15205000000000005 -0.37404999999999994 0.19185000000000002 0.0089000000000000017 0.046950000000000013
decision_type=2 2 2 2 2 2 2 2 2 2 2 2
left_child=2 -2 6 -4 5 -5 7 9 11 10 -1 -8
right_child=1 -3 3 4 -6 -7 8 -9 -10 -11 -12 -13
leaf_value=0.00075706482953296131 0.0093184457564862745 0.00026997501194915352 -0.00096981599797752241 -0.0034302406235557684 -0.015579668197999981 -0.010533926951534607 -0.00046252553026464489 0.0071501804616015685 -0.00096981599797752241 4.4764937448232512e-05 0.0029111568738172311 4.4764937448232512e-05
leaf_weight=206 41 51 152 72 34 34 215 39 594 369 347 449
leaf_count=206 41 51 152 72 34 34 215 39 594 369 347 449
internal_value=0 0.00430245 -0.000252786 -0.00190415 -0.00589067 -0.00343024 -3.54817e-05 0.000644318 -0.000554788 0.000369124 0.00146936 4.47649e-05
internal_weight=0 92 2511 292 140 106 2219 961 1258 922 553 664
internal_count=2603 92 2511 292 140 106 2219 961 1258 922 553 664
is_linear=0
shrinkage=0.03


Tree=266
num_leaves=21
num_cat=0
split_feature=17 1 14 16 13 12 2 3 3 14 8 1 8 3 4 8 12 14 3 12
split_gain=1.92688 1.21044 1.07151 1.37322 1.81654 1.67676 1.44555 2.46987 1.79089 1.37484 3.33569 1.29788 3.03425 1.16159 1.56755 1.01505 0.867093 0.581833 0.339585 0.3105
threshold=0.049105617977528111 0.035150000000000008 -0.28808426966292128 -23.769555056179737 -1.5998426966292134 -0.72932752808988954 0.00030000000000000008 0.048450000000000007 0.25465000000000004 -0.15232359550561794 0.17485000000000003 0.29910000000000009 0.16905000000000001 0.017000000000000005 0.12895000000000004 0.20095000000000002 -0.19338202247190669 0.029631460674157343 0.083850000000000022 -0.2988820224719077
decision_type=2 2 2 2 2 2 2 2 2 2 2 2 2 2 2 2 2 2 2 2
left_child=2 -2 11 5 13 6 8 -8 -4 10 -6 12 -1 17 -15 -11 19 -5 -18 -14
right_child=1 -3 3 4 9 -7 7 -9 -10 15 -12 -13 16 14 -16 -17 18 -19 -20 -21
leaf_value=0.0070938339744073646 0.0077674954811068758 0.00087875922094099218 -0.00069546214421453484 0.0029825431565326209 0.0087445875627146855 -0.0065907776378095152 -0.0021045738907731469 -0.011309054909694579 0.0060971465821449576 -8.1684948360358559e-05 0.00019245139425518092 -0.0059848875163956297 -0.0018358735129237174 0.0074747573078743045 0.00097600291056905756 -0.0028477395838821555 -0.0013467836990266253 -0.0020467898723461287 -0.0034812137219649756 0.0015244936540114635
leaf_weight=36 44 48 335 37 53 50 59 31 39 1096 182 57 50 77 59 134 76 47 44 49
leaf_count=36 44 48 335 37 53 50 59 31 39 1096 182 57 50 77 59 134 76 47 44 49
internal_value=0 0.00417337 -0.000247097 -1.36651e-05 0.000400392 -0.00137103 -0.00080856 -0.00422201 1.2858e-05 1.86795e-05 0.00212123 -0.00189234 -0.00097754 0.00294225 0.00465544 -0.000383027 -0.00230434 0.000168512 -0.00348121 -0.000172661
internal_weight=0 92 2511 2199 1685 514 464 90 374 1465 235 312 255 220 136 1230 219 84 120 99
internal_count=2603 92 2511 2199 1685 514 464 90 374 1465 235 312 255 220 136 1230 219 84 120 99
is_linear=0
shrinkage=0.03


Tree=267
num_leaves=21
num_cat=0
split_feature=17 7 14 7 0 16 13 14 8 14 4 8 8 14 2 14 16 2 7 13
split_gain=1.81439 1.96406 1.03447 2.39846 4.24506 1.28376 1.70919 1.29358 3.13855 1.01444 1.08855 0.955064 0.868518 3.48065 0.656508 1.21383 0.559216 0.912568 0.460755 0.445113
threshold=0.049105617977528111 -0.32839999999999997 -0.28808426966292128 -0.43159999999999993 0.24995000000000003 -23.769555056179737 -1.5998426966292134 -0.15232359550561794 0.17485000000000003 -0.3100426966292133 0.19590000000000005 0.20095000000000002 0.20095000000000002 -0.14745393258426964 0.00030000000000000008 -0.17582359550561785 -22.692750561797705 0.00055000000000000003 -0.32904999999999995 -3.3162404494382041
decision_type=2 2 2 2 2 2 2 2 2 2 2 2 2 2 2 2 2 2 2 2
left_child=2 -2 3 -1 -5 12 16 8 -8 10 -6 -9 14 -14 15 -4 18 -18 -7 -16
right_child=1 -3 5 4 9 6 7 11 -10 -11 -12 -13 13 -15 19 -17 17 -19 -20 -21
leaf_value=0.0051013200242932023 0.0089369214253454659 0.00011799931516768137 0.0027929894215247427 -0.012770454111947294 0.00070396823157858565 0.0027722502454175478 0.008482250195690693 -7.9234378639022609e-05 0.00018667786873385799 -0.0049335502499812528 -0.0054678279161453243 -0.0027623072842400133 -0.013147289760771298 -0.0027436631338571085 -0.0015031476865687474 -0.0012697285169989308 0.0051462256152118588 -0.00057620870575192384 -0.0020744896127331642 -0.0027436631338571085
leaf_weight=39 41 51 88 34 151 41 53 1096 182 57 31 134 31 32 39 267 116 32 31 57
leaf_count=39 41 51 88 34 151 41 53 1096 182 57 31 134 31 32 39 267 116 32 31 57
internal_value=0 0.00404817 -0.000241324 -0.00185788 -0.00285206 -1.19622e-05 0.000388381 1.81192e-05 0.00205759 -0.00144107 -0.000347272 -0.000371537 -0.00132437 -0.00462386 -0.000863465 -0.000262632 0.00285398 0.00390894 0.000685459 -0.00274366
internal_weight=0 92 2511 312 273 2199 1685 1465 235 239 182 1230 514 63 451 355 220 148 72 96
internal_count=2603 92 2511 312 273 2199 1685 1465 235 239 182 1230 514 63 451 355 220 148 72 96
is_linear=0
shrinkage=0.03


Tree=268
num_leaves=17
num_cat=0
split_feature=17 7 16 13 12 2 3 3 3 3 18 3 3 3 13 15
split_gain=1.70595 1.84798 0.814878 2.04032 1.53694 1.34436 2.31176 1.6873 1.18338 2.14401 1.15908 1.09764 1.07866 0.9723 1.0762 0.531519
threshold=0.049105617977528111 -0.32839999999999997 -23.769555056179737 -1.5998426966292134 -0.72932752808988954 0.00030000000000000008 0.048450000000000007 0.25465000000000004 0.41800000000000009 0.35670000000000007 4.5000000000000009 0.0014500000000000001 0.017000000000000005 0.04200000000000001 -2.9677404494382045 0.032698876404494655
decision_type=2 2 2 2 2 2 2 2 2 2 2 2 2 2 2 2
left_child=2 -2 4 12 5 7 -7 10 9 11 -1 -5 15 -14 -15 -4
right_child=1 -3 3 8 -6 6 -8 -9 -10 -11 -12 -13 13 14 -16 -17
leaf_value=0.00094635442561411757 0.008668813731339646 0.00011445930147173758 0.0027850781975162992 -0.0034138353529476351 -0.0062905949994921688 -0.0019884883108489829 -0.010890611192632106 0.0059427468249431022 0.0049420745543351302 -0.0071883929673037146 -0.0019884883108489829 -6.1206989260496745e-05 0.0082804664138068501 -0.00047398406932962694 0.0059124771121423694 -0.0020218802143713121
leaf_weight=192 41 51 37 93 50 61 31 39 38 41 147 1599 41 47 48 47
leaf_count=192 41 51 37 93 50 61 31 39 38 41 147 1599 41 47 48 47
internal_value=0 0.00392673 -0.000232616 4.35753e-05 -0.00129011 -0.000758145 -0.00401038 3.34054e-05 -0.000294908 -0.000409741 -0.00064643 -0.000245483 0.00276836 0.00441927 0.00275286 9.54705e-05
internal_weight=0 92 2511 1991 520 470 92 378 1771 1733 339 1692 220 136 95 84
internal_count=2603 92 2511 1991 520 470 92 378 1771 1733 339 1692 220 136 95 84
is_linear=0
shrinkage=0.03


Tree=269
num_leaves=18
num_cat=0
split_feature=17 1 16 13 12 2 3 3 3 3 18 3 3 5 12 15 3
split_gain=1.60531 1.17485 0.76799 1.91974 1.44547 1.24055 2.18887 1.59236 1.11344 2.0173 1.09745 1.03277 1.01491 1.6047 0.55438 0.500106 0.155465
threshold=0.049105617977528111 0.035150000000000008 -23.769555056179737 -1.5998426966292134 -0.72932752808988954 0.00030000000000000008 0.048450000000000007 0.25465000000000004 0.41800000000000009 0.35670000000000007 4.5000000000000009 0.0014500000000000001 0.017000000000000005 0.28385000000000005 -0.17938202247190735 0.032698876404494655 0.042750000000000003
decision_type=2 2 2 2 2 2 2 2 2 2 2 2 2 2 2 2 2
left_child=2 -2 4 12 5 7 -7 10 9 11 -1 -5 15 16 -15 -4 -14
right_child=1 -3 3 8 -6 6 -8 -9 -10 -11 -12 -13 13 14 -16 -17 -18
leaf_value=0.00091796379278093806 0.0073498156115138864 0.00056310702406335621 0.0027015258357671367 -0.003311420330597508 -0.0061018773414194582 -0.0019184744336167585 -0.010563892608568553 0.0057644645869731901 0.0047938120835705807 -0.0069727411774191542 -0.0019184744336167585 -5.9370784272151354e-05 0.0093575461034197359 0.0043893296308815484 -0.00092430239846540043 -0.0019612236793569112 0.0063736024736003438
leaf_weight=192 44 48 37 93 50 61 31 39 38 41 147 1599 30 30 43 47 33
leaf_count=192 44 48 37 93 50 61 31 39 38 41 147 1599 30 30 43 47 33
internal_value=0 0.00380892 -0.00022586 4.2268e-05 -0.00125248 -0.000736586 -0.00386074 2.37895e-05 -0.000286061 -0.000397449 -0.000636642 -0.000238118 0.00268531 0.00428669 0.00125938 9.26065e-05 0.00779453
internal_weight=0 92 2511 1991 520 470 92 378 1771 1733 339 1692 220 136 73 84 63
internal_count=2603 92 2511 1991 520 470 92 378 1771 1733 339 1692 220 136 73 84 63
is_linear=0
shrinkage=0.03


Tree=270
num_leaves=18
num_cat=0
split_feature=15 15 7 3 6 16 16 12 3 3 5 3 13 0 3 3 15
split_gain=0.661787 1.06634 1.27951 0.966978 0.913647 2.64909 0.825947 1.72405 1.12397 1.57815 7.70203 6.5124 0.666011 1.93885 1.65649 0.395433 0.972478
threshold=-42.048850561797742 -10.092958988764044 -0.3088499999999999 0.23790000000000003 0.054100000000000002 30.608715730337057 -23.769555056179737 -0.72932752808988954 0.37115000000000004 0.15205000000000005 0.31285000000000002 0.13455000000000003 -2.8697404494382037 0.85910000000000009 0.26600000000000007 0.013600000000000003 -23.788350561797738
decision_type=2 2 2 2 2 2 2 2 2 2 2 2 2 2 2 2 2
left_child=-1 2 3 15 5 -4 7 12 9 11 -11 -8 14 -14 -3 -2 -17
right_child=1 6 4 -5 -6 -7 8 -9 -10 10 -12 -13 13 -15 -16 16 -18
leaf_value=0.0041337258252315224 0.00275150888543576 0.00075911685586082991 -0.0045805500074968366 -0.0025278912146695504 -0.0025278912146695504 -0.014052891615778208 0.00055890188793922789 -0.0062291192851960655 -0.003810708469626578 0.009791289870627223 -0.001008280319161713 -0.010282800457834336 -0.0038507915311685398 0.0044528935564449052 -0.0061488812498967441 -0.0025278912146695504 0.0010591250663722744
leaf_weight=32 50 385 43 41 33 30 1214 50 55 90 175 52 121 32 34 32 131
leaf_count=32 50 385 43 41 33 30 1214 50 55 90 175 52 121 32 34 32 131
internal_value=0 -0.000207321 -0.0017213 -0.000565911 -0.00448987 -0.00663321 3.95236e-05 -0.000886995 0.000402887 0.000554258 0.0026595 0.000113587 -0.000420026 -0.00211407 0.000198563 0.000417639 -0.000298272
internal_weight=0 2568 360 254 106 73 2208 622 1586 1531 265 1266 572 153 419 213 163
internal_count=2600 2568 360 254 106 73 2208 622 1586 1531 265 1266 572 153 419 213 163
is_linear=0
shrinkage=0.03


Tree=271
num_leaves=17
num_cat=0
split_feature=8 18 14 4 8 6 12 13 15 1 16 13 15 15 14 5
split_gain=1.3604 2.59299 1.45416 3.1787 2.39242 1.59868 1.03348 0.904108 0.883774 0.863818 0.966731 0.687887 0.679065 0.567448 0.487977 0.272759
threshold=0.14540000000000003 5.5000000000000009 -0.14745393258426964 0.46985000000000005 0.20350000000000004 0.017550000000000003 0.31202921348314488 2.4782084269662925 -12.533024719101123 0.051450000000000003 -40.50575056179769 -1.9368426966292132 -7.3955247191011235 14.504220224719107 0.12491573033707866 0.27185000000000009
decision_type=2 2 2 2 2 2 2 2 2 2 2 2 2 2 2 2
left_child=1 11 3 4 5 7 -7 -2 15 14 13 -1 -12 -11 -10 -4
right_child=2 -3 8 -5 -6 6 -8 -9 9 10 12 -13 -14 -15 -16 -17
leaf_value=0.0057612821729853747 -0.0028747479448758321 0.0097937257593231544 -0.0014274973686980573 -0.009558835888236035 -0.005260965279057981 0.0010748571391307358 -0.000956578398070786 -0.000956578398070786 0.0010748571391307358 -0.00096258136124917012 -0.0013152281802918185 0.0010748571391307358 0.00038424946179152659 -0.0057562314112519107 0.00038424946179152659 -0.0051866773405345153
leaf_weight=30 136 35 38 41 37 327 102 94 432 46 252 101 583 43 271 32
leaf_count=30 136 35 38 41 37 327 102 94 432 46 252 101 583 43 271 32
internal_value=0 0.00247831 -0.000328595 -0.00144128 -0.000963095 -0.000488531 0.000593389 -0.00250655 0.000154641 0.000296647 -0.000306358 0.00107486 1.04452e-05 -0.00327861 0.00107486 -0.00314598
internal_weight=0 166 2434 737 696 659 429 230 1697 1627 924 131 835 89 703 70
internal_count=2600 166 2434 737 696 659 429 230 1697 1627 924 131 835 89 703 70
is_linear=0
shrinkage=0.03


Tree=272
num_leaves=20
num_cat=0
split_feature=8 13 14 4 8 6 0 7 8 3 3 2 14 17 3 3 3 3 0
split_gain=1.24336 1.68804 1.39604 2.98316 2.29259 1.51675 1.37001 1.13094 0.907135 0.877893 2.27749 1.7056 1.18548 1.50921 0.737529 0.948203 0.602013 1.02662 0.130356
threshold=0.14540000000000003 -2.0218426966292138 -0.14745393258426964 0.46985000000000005 0.20350000000000004 0.017550000000000003 0.10110000000000001 -0.37284999999999996 0.19280000000000003 0.023950000000000003 0.018950000000000005 0.00045000000000000004 0.090631460674157352 1.0000000180025095e-35 0.17060000000000003 0.18280000000000005 0.017000000000000005 0.015200000000000002 0.35155000000000008
decision_type=2 2 2 2 2 2 2 2 2 2 2 2 2 2 2 2 2 2 2
left_child=1 -1 3 4 5 7 -3 -2 -7 10 16 14 13 -13 18 -16 17 -4 -11
right_child=2 6 9 -5 -6 8 -8 -9 -10 11 -12 12 -14 -15 15 -17 -18 -19 -20
leaf_value=0.0080335688014590255 -0.00093409425305456667 0.0010237830652838769 -0.0001317729314330092 -0.0092720710277193925 -0.0051084959342108226 0.0010237830652838769 0.0066702390619768539 -0.0027933468715349136 -0.00093409425305456667 -0.00069726934545950858 -0.0063525725644210289 -0.00069726934545950858 -0.00069726934545950858 -0.0090068602761844314 -0.00069726934545950858 0.0010237830652838769 0.0010237830652838769 -0.004473472135658893 0.0010237830652838769
leaf_weight=37 73 90 531 41 37 252 39 157 177 95 58 32 64 41 42 235 56 54 489
leaf_count=37 73 90 531 41 37 252 39 157 177 95 58 32 64 41 42 235 56 54 489
internal_value=0 0.00236551 -0.00031794 -0.00140817 -0.000944921 -0.000478198 0.00102378 -0.00244382 0.000575633 0.000155542 -0.000659778 0.000726592 -0.00241832 -0.00518886 0.00102378 -0.000565138 -0.000144673 -0.000532545 0.00102378
internal_weight=0 166 2434 737 696 659 129 230 429 1697 699 998 137 73 861 277 641 585 584
internal_count=2600 166 2434 737 696 659 129 230 429 1697 699 998 137 73 861 277 641 585 584
is_linear=0
shrinkage=0.03


Tree=273
num_leaves=18
num_cat=0
split_feature=8 18 14 8 15 3 3 2 14 0 3 3 3 13 3 16 12
split_gain=1.12176 2.44697 1.33823 2.78836 0.837486 0.936709 1.91496 1.32803 1.2795 0.806507 0.761992 1.2567 1.23126 1.09085 0.742083 0.637678 0.467326
threshold=0.14540000000000003 5.5000000000000009 -0.14745393258426964 0.20350000000000004 -12.533024719101123 0.023950000000000003 0.018950000000000005 0.00045000000000000004 0.090631460674157352 0.72155000000000002 0.36100000000000004 0.11275000000000002 0.075750000000000012 -1.8418426966292143 0.018650000000000003 6.8233606741572439 -2.084010112359548
decision_type=2 2 2 2 2 2 2 2 2 2 2 2 2 2 2 2 2
left_child=1 14 3 10 9 6 15 16 -9 -4 11 12 -2 -13 -1 -6 -7
right_child=2 -3 4 -5 5 7 -8 8 -10 -11 -12 13 -14 -15 -16 -17 -18
leaf_value=0.005575273904182455 -0.00094329247698642137 0.0093775747721748688 -0.0067684877216815939 -0.0088745090139231517 -0.0010628709730195606 -0.00056897618700047306 -0.0058663045817853084 -0.0050279346126297563 -0.00056897618700047306 -0.00026144539006054399 -0.0048945154990129389 -0.0033649406302720306 -0.0048945154990129389 0.00097369714263912961 0.00097369714263912961 0.00086363545885827957 0.00097369714263912961
leaf_weight=34 410 35 30 42 301 54 56 73 53 40 36 54 58 137 97 318 772
leaf_count=34 410 35 30 42 301 54 56 73 53 40 36 54 58 137 97 318 772
internal_value=0 0.00224812 -0.000300728 -0.00136814 0.000162846 0.000301083 -0.000553779 0.00090721 -0.00211165 -0.00305018 -0.000914522 -0.000681876 -0.00153155 0.000973697 0.000973697 -7.31633e-05 0.000973697
internal_weight=0 166 2434 737 1697 1627 675 952 126 70 695 659 468 191 131 619 826
internal_count=2600 166 2434 737 1697 1627 675 952 126 70 695 659 468 191 131 619 826
is_linear=0
shrinkage=0.03


Tree=274
num_leaves=23
num_cat=0
split_feature=8 18 14 4 8 18 6 3 3 2 18 14 3 3 18 3 6 7 5 7 15 14
split_gain=1.01066 2.3249 1.25741 2.77254 2.14275 1.7191 1.60502 0.811676 2.02802 1.46386 1.12095 0.735855 0.696872 0.657002 0.975933 0.5604 1.64376 1.63833 0.440726 0.363978 0.349767 0.19382
threshold=0.14540000000000003 5.5000000000000009 -0.14745393258426964 0.46985000000000005 0.19655000000000003 4.5000000000000009 0.0034500000000000004 0.023950000000000003 0.018950000000000005 0.00045000000000000004 4.5000000000000009 0.0095865168539325824 0.018650000000000003 0.17060000000000003 3.5000000000000004 0.011100000000000002 -0.0028499999999999997 -0.28829999999999995 0.27910000000000007 -0.33469999999999994 16.246606741573036 -0.26054269662921331
decision_type=2 2 2 2 2 2 2 2 2 2 2 2 2 2 2 2 2 2 2 2 2 2
left_child=1 12 3 4 6 18 21 8 15 13 11 -11 -1 -9 -15 16 -4 -17 -6 -12 -8 -2
right_child=2 -3 7 -5 5 -7 20 9 -10 10 19 -13 -14 14 -16 17 -18 -19 -20 -21 -22 -23
leaf_value=0.0054080156231408605 -0.00047026555383991733 0.0090962475895149889 -0.0038996981728864327 -0.0088977553459202371 -0.0018683445532417561 -0.0048838474834490813 0.00092781344556192133 0.00092781344556192133 -0.0059884385758175928 -0.0084656800792342231 -0.00064870242546676081 -0.0023406120582637035 0.00092781344556192133 0.00092781344556192133 -0.00064870242546676081 0.00092781344556192133 0.00030169729535952104 -0.0048540813581397137 -0.0048838474834490813 -0.0045362963395253302 -0.00047026555383991733 -0.0018683445532417561
leaf_weight=34 75 35 110 41 70 68 289 584 58 31 34 41 97 59 218 134 352 45 31 31 97 66
leaf_count=34 75 35 110 41 70 68 289 584 58 31 34 41 97 59 218 134 352 45 31 31 97 66
internal_value=0 0.00213748 -0.000281853 -0.00131653 -0.00086994 -0.00380938 7.26885e-05 0.000167505 -0.000616463 0.000716597 -0.00222522 -0.00497779 0.000927813 0.000927813 -0.000601816 -0.000130387 -0.000698635 0.000927813 -0.00186834 -0.000648702 0.000927813 -0.00186834
internal_weight=0 166 2434 737 696 169 527 1697 699 998 137 72 131 861 277 641 462 179 101 65 386 141
internal_count=2600 166 2434 737 696 169 527 1697 699 998 137 72 131 861 277 641 462 179 101 65 386 141
is_linear=0
shrinkage=0.03


Tree=275
num_leaves=15
num_cat=0
split_feature=15 3 3 3 3 3 12 12 8 2 3 12 13 17
split_gain=3.51602 1.17536 1.04051 3.1375 2.21301 3.33051 3.20733 5.14186 2.89768 1.74304 4.37696 3.66061 1.34251 0.516334
threshold=-31.911850561797731 0.00090000000000000008 0.11425 0.11670000000000001 0.085450000000000012 0.077300000000000021 0.2500292134831455 -0.47928314606741645 0.19235000000000002 0.00015000000000000004 0.17060000000000003 -0.19338202247190669 2.8443550561797761 -0.0022185393258427051
decision_type=2 2 2 2 2 2 2 2 2 2 2 2 2 2
left_child=-1 13 4 -4 5 8 7 -6 -3 10 -5 -11 -8 -2
right_child=1 2 3 9 6 -7 12 -9 -10 11 -12 -13 -14 -15
leaf_value=-0.0092145007941871887 0.0066838501975871618 0.00063209280313648863 0.0088084407933903004 0.0058529427747513784 -0.0014449301822797246 0.0074532064640859385 0.0043724299065458277 -0.01558160298718856 -0.002301311741928993 -0.00041109583413303656 -0.00023463896901250398 -0.0065773372973548247 -0.0034001481373949595 0.0018910435623573987
leaf_weight=36 32 1069 44 144 57 53 45 39 423 62 406 100 36 55
leaf_count=36 32 1069 44 144 57 53 45 39 423 62 406 100 36 55
internal_value=0 0.000226596 0.000106267 0.00103406 -0.000301055 6.29594e-05 -0.00347847 -0.00718795 -0.000199563 0.000553616 0.0013592 -0.00218139 0.000917951 0.00365391
internal_weight=0 2565 2478 756 1722 1545 177 96 1492 712 550 162 81 87
internal_count=2601 2565 2478 756 1722 1545 177 96 1492 712 550 162 81 87
is_linear=0
shrinkage=0.03


Tree=276
num_leaves=13
num_cat=0
split_feature=15 7 0 4 8 15 6 15 15 4 13 15
split_gain=3.31101 0.677604 2.52131 1.41235 1.52597 0.99021 0.859232 0.849223 0.814502 0.777547 0.599523 0.464976
threshold=-31.911850561797731 -0.33469999999999994 0.72155000000000002 0.12895000000000004 0.20095000000000002 -12.580524719101122 -0.0024499999999999995 14.504220224719107 -0.21830112359550566 0.028500000000000001 -3.8039471910112357 -23.788350561797738
decision_type=2 2 2 2 2 2 2 2 2 2 2 2
left_child=-1 2 5 4 6 11 -3 -6 -5 -7 -11 -2
right_child=1 3 -4 8 7 9 -8 -9 -10 10 -12 -13
leaf_value=-0.0089380649011582131 0.00062705194387335057 -0.00088522085781860623 0.0073819419925994405 -0.0067697647207000467 -0.0019897254397794177 0.0038885998115158419 0.00021928372414220502 -0.00088522085781860623 -0.0019897254397794177 0.0020539417678290231 0.00021928372414220502 0.0039130675207728061
leaf_weight=36 41 161 49 47 133 52 850 41 39 80 1019 53
leaf_count=36 41 161 49 47 133 52 850 41 39 80 1019 53
internal_value=0 0.000223656 0.000706905 -0.000268338 1.06945e-06 0.000444193 0.000219284 -0.00198973 -0.00398052 0.000219284 0.000219284 0.0034053
internal_weight=0 2565 1294 1271 1185 1245 1011 174 86 1151 1099 94
internal_count=2601 2565 1294 1271 1185 1245 1011 174 86 1151 1099 94
is_linear=0
shrinkage=0.03


Tree=277
num_leaves=15
num_cat=0
split_feature=15 3 3 3 3 3 12 12 8 13 2 16 13 17
split_gain=3.11568 1.10268 0.973877 2.93427 2.10164 3.14714 3.01148 4.83184 2.68412 1.70466 3.01415 2.188 1.26253 0.485459
threshold=-31.911850561797731 0.00090000000000000008 0.11425 0.11670000000000001 0.085450000000000012 0.077300000000000021 0.2500292134831455 -0.47928314606741645 0.19235000000000002 -2.011842696629214 0.00015000000000000004 -28.232139325842748 2.8443550561797761 -0.0022185393258427051
decision_type=2 2 2 2 2 2 2 2 2 2 2 2 2 2
left_child=-1 13 4 -4 5 8 7 -6 -3 11 -11 -5 -8 -2
right_child=1 2 3 9 6 -7 12 -9 -10 10 -12 -13 -14 -15
leaf_value=-0.0086699229587490351 0.0064750362059567117 0.00060678727485298739 0.0085168465916914005 -9.0161561858482082e-05 -0.001416851321088248 0.0072454784810543054 0.004220462867058814 -0.015120733815890092 -0.0022164513606657372 0.0025653427149233605 -0.0028448688845392786 -0.0078298186036673458 -0.003317034852419359 0.0018277336778965863
leaf_weight=36 32 1069 44 130 57 53 45 39 423 419 119 44 36 55
leaf_count=36 32 1069 44 130 57 53 45 39 423 419 119 44 36 55
internal_value=0 0.000217434 0.000100885 0.000998475 -0.000293179 6.15579e-05 -0.00338961 -0.00698405 -0.000193635 0.000533857 0.00136866 -0.00204732 0.000870464 0.00353709
internal_weight=0 2565 2478 756 1722 1545 177 96 1492 712 538 174 81 87
internal_count=2601 2565 2478 756 1722 1545 177 96 1492 712 538 174 81 87
is_linear=0
shrinkage=0.03


Tree=278
num_leaves=15
num_cat=0
split_feature=15 3 3 3 3 3 12 12 3 14 13 2 16 17
split_gain=2.93154 1.03751 0.91632 2.76085 1.97744 2.96114 2.8335 4.54628 2.42773 1.77673 1.60392 2.83601 2.05869 0.456769
threshold=-31.911850561797731 0.00090000000000000008 0.11425 0.11670000000000001 0.085450000000000012 0.077300000000000021 0.2500292134831455 -0.47928314606741645 0.064250000000000015 -0.030868539325842711 -2.011842696629214 0.00015000000000000004 -28.232139325842748 -0.0022185393258427051
decision_type=2 2 2 2 2 2 2 2 2 2 2 2 2 2
left_child=-1 13 4 -4 5 8 7 -6 -3 -8 12 -12 -5 -2
right_child=1 2 3 10 6 -7 9 -9 -10 -11 11 -13 -14 -15
leaf_value=-0.0084098256270711616 0.0062807851284742353 0.00010588525320522916 0.0082613412106663647 -8.7456682374557613e-05 -0.0013743457641746653 0.0070281141112505819 0.0063424427330028262 -0.014667111749832446 -0.0051738380660802264 -0.0027462411359693776 0.0024883823669757271 -0.0027595228389660758 -0.0075949241415682166 0.0017729017179120672
leaf_weight=36 32 1409 44 130 57 53 32 39 83 49 419 119 44 55
leaf_count=36 32 1409 44 130 57 53 32 39 83 49 419 119 44 55
internal_value=0 0.000210911 9.78584e-05 0.000968521 -0.000284384 5.97112e-05 -0.00328792 -0.00677453 -0.000187826 0.00084435 0.000517841 0.0013276 -0.0019859 0.00343097
internal_weight=0 2565 2478 756 1722 1545 177 96 1492 81 712 538 174 87
internal_count=2601 2565 2478 756 1722 1545 177 96 1492 81 712 538 174 87
is_linear=0
shrinkage=0.03


Tree=279
num_leaves=14
num_cat=0
split_feature=15 3 3 3 3 3 3 17 8 13 2 13 17
split_gain=2.75829 0.976191 0.862166 2.59768 1.86057 2.78614 2.66123 3.1889 2.52215 1.50913 2.6684 1.92417 0.429774
threshold=-31.911850561797731 0.00090000000000000008 0.11425 0.11670000000000001 0.085450000000000012 0.077300000000000021 0.098450000000000024 -0.0013202247191011205 0.19235000000000002 -2.011842696629214 0.00015000000000000004 -3.8039471910112357 -0.0022185393258427051
decision_type=2 2 2 2 2 2 2 2 2 2 2 2 2
left_child=-1 12 4 -4 5 8 -6 -8 -3 11 -11 -5 -2
right_child=1 2 3 9 6 -7 7 -9 -10 10 -12 -13 -14
leaf_value=-0.0081575312006073857 0.0060923614958301184 0.00059370451326607441 0.0080135009308287403 0.0021092793241735885 -0.0099970779195427892 0.0068172707980639242 0.003276243229222018 -0.0058799662569940861 -0.0021430242946619128 0.0024137309274240562 -0.0026767371005394316 -0.0043925194045166581 0.0017197146739133379
leaf_weight=36 32 1069 44 66 40 53 70 67 423 419 119 108 55
leaf_count=36 32 1069 44 66 40 53 70 67 423 419 119 108 55
internal_value=0 0.000204584 9.49226e-05 0.000939466 -0.000275852 5.79199e-05 -0.00318929 -0.00120161 -0.000182191 0.000502306 0.00128777 -0.00192632 0.00332804
internal_weight=0 2565 2478 756 1722 1545 177 137 1492 712 538 174 87
internal_count=2601 2565 2478 756 1722 1545 177 137 1492 712 538 174 87
is_linear=0
shrinkage=0.03


Tree=280
num_leaves=20
num_cat=0
split_feature=12 7 0 14 3 0 18 13 7 3 5 3 3 12 3 7 15 13 12
split_gain=1.77011 2.20418 6.60737 2.13102 3.61255 2.01231 1.84848 1.80668 1.50094 1.19147 0.994353 0.89863 2.08327 1.28544 2.17254 1.39803 0.596963 0.350616 0.151914
threshold=0.070716853932585991 -0.42464999999999992 0.081650000000000014 -0.015913483146067438 0.17060000000000003 0.29825000000000007 4.5000000000000009 2.0786573033707865 -0.38239999999999991 0.28140000000000004 0.48055000000000009 0.31860000000000005 0.27420000000000005 -0.2988820224719077 0.17060000000000003 -0.3088499999999999 -12.533024719101123 -2.9267404494382041 1.5618157303370774
decision_type=2 2 2 2 2 2 2 2 2 2 2 2 2 2 2 2 2 2 2
left_child=10 6 -3 4 5 -4 -2 -8 -6 16 11 12 13 15 -15 -1 -5 -13 -9
right_child=1 2 3 9 8 -7 7 18 -10 -11 -12 17 -14 14 -16 -17 -18 -19 -20
leaf_value=0.0009805145131767095 0.00028665647921849132 -0.014879465773701667 -0.0079671906497800465 -0.0030447060681598366 -0.0013099636633189455 -0.00090475451140494749 0.010693626427514986 0.0010734575800597668 -0.0079671906497800465 -0.0052522959198270528 -0.0038762341862067927 -0.0015565973345558161 0.0068436137665636261 0.0032808236657372869 -0.0015565973345558161 -0.0015565973345558161 0.00028665647921849132 0.0016055637965910136 0.0037934605167670686
leaf_weight=524 87 32 31 53 31 450 33 42 44 35 43 33 52 290 36 284 481 40 33
leaf_count=524 87 32 31 53 31 450 33 42 44 35 43 33 52 290 36 284 481 40 33
internal_value=0 -0.000939984 -0.00143727 -0.00105492 -0.00237578 -0.00141752 0.00201058 0.00484407 -0.00796719 0.000235769 0.000609822 0.00076304 0.000972006 0.000702761 0.00229291 6.11904e-05 0.000286656 -0.0015566 0.00227026
internal_weight=0 1352 1157 1125 556 481 195 108 75 569 1302 1259 1186 1134 326 808 534 73 75
internal_count=2654 1352 1157 1125 556 481 195 108 75 569 1302 1259 1186 1134 326 808 534 73 75
is_linear=0
shrinkage=0.03


Tree=281
num_leaves=26
num_cat=0
split_feature=12 7 0 3 7 16 4 3 8 12 7 15 17 15 3 7 3 16 4 16 13 3 7 0 1
split_gain=1.65081 2.04215 6.2185 1.96397 2.94222 1.50027 2.02993 3.80397 1.58109 1.77972 1.6274 1.42526 1.3193 1.35222 1.23031 2.94608 1.65772 1.0563 0.919562 0.760262 0.725806 0.72415 1.04695 0.892245 0.689012
threshold=0.070716853932585991 -0.42464999999999992 0.081650000000000014 0.17570000000000005 -0.38239999999999991 -24.753139325842763 0.13925000000000001 0.016750000000000004 0.16835000000000003 -0.82332752808988896 -0.34549999999999997 -3.1038719101123493 -0.022824157303370781 -6.1164589887640446 0.036800000000000006 -0.30449999999999994 0.11965000000000002 -28.900139325842812 0.39680000000000004 29.233444943820249 2.0946573033707865 0.046950000000000013 -0.35284999999999994 0.049150000000000006 0.051450000000000003
decision_type=2 2 2 2 2 2 2 2 2 2 2 2 2 2 2 2 2 2 2 2 2 2 2 2 2
left_child=5 12 -3 18 -5 8 7 -7 17 11 -11 -10 -2 -14 15 -9 -16 -1 19 -4 -6 -8 23 -23 -13
right_child=1 2 3 4 20 6 21 14 9 10 -12 24 13 -15 16 -17 -18 -19 -20 -21 -22 22 -24 -25 -26
leaf_value=0.0060175671362701581 0.0064314721624056494 -0.014433081820607185 -0.0011372808431899335 0.00026690753727009098 -0.0077272972623786572 0.0010068865514293629 -0.0046547859300460131 0.014075394785258826 -0.0052169470681808884 -0.0012223399344545144 -0.010005333809484098 0.00081750153804054245 0.00026690753727009098 0.0053851091952875577 0.0019920890407010387 0.002314355594377654 0.0086963148961992972 0.00081750153804054245 -0.0046418470720899227 0.00026690753727009098 -0.004067124841848806 -0.0019742227941579142 -0.0047939656336924855 0.0010068865514293629 -0.0014802491830491369
leaf_weight=51 45 32 523 57 35 236 35 41 50 39 37 202 103 47 113 36 47 45 47 414 49 35 35 158 142
leaf_count=51 45 32 523 57 35 236 35 41 50 39 37 202 103 47 113 36 47 45 47 414 49 35 35 158 142
internal_value=0 -0.000913787 -0.00139245 -0.00102151 -0.00433283 0.000582883 0.00147592 0.00265073 -0.00057838 -0.00129498 -0.00549827 -0.000484195 0.00192626 0.000574698 0.00546093 0.00857673 0.00396146 0.00292998 -0.000547026 -0.000341629 -0.0077273 -0.000636962 -2.01905e-05 0.00084552 0.000203705
internal_weight=0 1352 1157 1125 141 1302 736 473 566 470 76 394 195 150 237 77 160 96 984 937 84 263 228 193 344
internal_count=2654 1352 1157 1125 141 1302 736 473 566 470 76 394 195 150 237 77 160 96 984 937 84 263 228 193 344
is_linear=0
shrinkage=0.03


Tree=282
num_leaves=31
num_cat=0
split_feature=12 7 0 14 17 4 18 13 14 16 4 14 14 7 7 13 14 15 18 1 7 5 16 7 0 12 17 7 7 12
split_gain=1.5546 1.88568 5.85118 2.04421 2.06657 1.88418 1.70916 1.6653 1.46461 1.39585 1.87896 1.28183 1.19263 1.9176 1.14927 1.10307 1.10231 1.04361 0.872767 0.850139 1.40314 0.671679 0.591056 0.416453 0.404125 0.388001 0.33416 0.298252 0.289272 0.198143
threshold=0.070716853932585991 -0.42464999999999992 0.081650000000000014 -0.015913483146067438 -0.0048241573033707954 0.18070000000000003 4.5000000000000009 2.0786573033707865 -0.030868539325842711 -24.753139325842763 0.13925000000000001 0.41254606741573041 -0.14745393258426964 -0.41799999999999998 -0.30104999999999993 -3.8804471910112359 -0.023413483146067445 -12.533024719101123 3.5000000000000004 0.043150000000000001 -0.35774999999999996 0.29340000000000005 -41.099750561797627 -0.34549999999999997 0.77115000000000011 -0.93697078651685384 0.0027814606741572994 -0.3098999999999999 -0.33029999999999993 -2.0850101123595475
decision_type=2 2 2 2 2 2 2 2 2 2 2 2 2 2 2 2 2 2 2 2 2 2 2 2 2 2 2 2 2 2
left_child=9 6 -3 4 5 -4 -2 -8 -6 12 14 16 13 -1 21 -15 18 24 -12 20 -14 25 -21 -17 -5 -11 -19 -24 -23 -22
right_child=1 2 3 17 8 -7 7 -9 -10 10 11 -13 19 15 -16 23 -18 26 -20 22 29 28 27 -25 -26 -27 -28 -29 -30 -31
leaf_value=0.0043956299913266005 0.00024404854845257024 -0.014000089466571808 -0.002791335452718406 -0.0061631450671702616 0.00024404854845257024 -0.0074953744540852494 0.010199849266897548 0.0021127716682851315 -0.0040233495941887909 0.0035638097304784761 0.00094678030420588903 -0.0062366774585098025 0.007463506700781484 -0.00146982107620184 0.00097203630320827545 -0.0038559586698697365 0.00097203630320827545 0.00024404854845257024 -0.0042735371509832996 -0.0024735014130202854 0.0032440472563778581 0.0035638097304784761 0.00088291480571128615 -0.0083363881918904915 -0.0012788397290052905 0.0057722584666321693 -0.0027183482065150631 -0.0021812720773741602 0.0022986404812567131 0.00088291480571128615
leaf_weight=31 87 32 176 30 233 58 33 75 89 50 49 32 36 89 158 33 112 459 70 94 35 104 115 43 31 131 49 30 30 60
leaf_count=31 87 32 176 30 233 58 33 75 89 50 49 32 36 89 158 33 112 459 70 94 35 104 115 43 31 131 49 30 30 60
internal_value=0 -0.000890513 -0.00135047 -0.000990659 -0.00228451 -0.00443002 0.00183857 0.00458382 -0.00072536 0.000561891 0.00142329 -0.000609504 -0.000558233 -0.00245031 0.00255358 -0.00373652 0.000170018 0.000244049 -0.00212399 0.000444056 0.00238641 0.00362524 -0.000620582 -0.00639094 -0.00368096 0.00482898 0.000244049 0.000580621 0.00229864 0.000882915
internal_weight=0 1352 1157 1125 556 234 195 108 322 1302 736 263 566 196 473 165 231 569 119 370 131 315 239 76 61 181 508 145 134 95
internal_count=2654 1352 1157 1125 556 234 195 108 322 1302 736 263 566 196 473 165 231 569 119 370 131 315 239 76 61 181 508 145 134 95
is_linear=0
shrinkage=0.03


Tree=283
num_leaves=20
num_cat=0
split_feature=12 7 0 14 3 0 18 13 13 3 5 3 3 12 3 14 15 13 12
split_gain=1.44345 1.73594 5.51371 1.95843 3.33819 1.84138 1.62691 1.56688 1.23028 1.05079 0.936693 0.86964 1.91753 1.08969 2.02222 1.31026 0.448374 0.329688 0.1236
threshold=0.070716853932585991 -0.42464999999999992 0.081650000000000014 -0.015913483146067438 0.17060000000000003 0.29825000000000007 4.5000000000000009 2.0786573033707865 2.0786573033707865 0.28140000000000004 0.48055000000000009 0.31860000000000005 0.27420000000000005 -0.2988820224719077 0.17060000000000003 -0.18595393258426959 -12.533024719101123 -2.9267404494382041 1.5618157303370774
decision_type=2 2 2 2 2 2 2 2 2 2 2 2 2 2 2 2 2 2 2
left_child=10 6 -3 4 5 -4 -2 -8 -6 16 11 12 13 15 -15 -1 -5 -13 -9
right_child=1 2 3 9 8 -7 7 18 -10 -11 -12 17 -14 14 -16 -17 -18 -19 -20
leaf_value=-0.0015624971552725174 0.0002292384797629322 -0.013580086715519428 -0.0072657338802780335 -0.0028110464542383715 -0.0072657338802780335 -0.00079758764343957104 0.0098938536881045865 0.00096986348807279557 -0.0014894630717047091 -0.0049740077299731114 -0.0038138748779026573 -0.0015624971552725174 0.0065284644525784715 0.0030595578584631357 -0.0015624971552725174 0.00055410379628740149 0.0002292384797629322 0.0015412411233410239 0.003423329446126114
leaf_weight=78 87 32 31 53 40 450 33 42 35 35 43 33 52 290 36 730 481 40 33
leaf_count=78 87 32 31 53 40 450 33 42 35 35 43 33 52 290 36 730 481 40 33
internal_value=0 -0.000859345 -0.00130066 -0.000951381 -0.0022183 -0.00129119 0.00175914 0.00444631 -0.00726573 0.000229238 0.000540172 0.000688881 0.000895269 0.000636957 0.00210103 4.6254e-05 0.000229238 -0.0015625 0.00204939
internal_weight=0 1352 1157 1125 556 481 195 108 75 569 1302 1259 1186 1134 326 808 534 73 75
internal_count=2654 1352 1157 1125 556 481 195 108 75 569 1302 1259 1186 1134 326 808 534 73 75
is_linear=0
shrinkage=0.03


Tree=284
num_leaves=14
num_cat=0
split_feature=15 8 1 3 13 15 15 3 3 13 15 8 3
split_gain=1.3433 3.37252 2.4743 1.52998 1.59386 0.981047 1.13736 1.9388 7.37834 2.46119 1.55708 1.71858 1.34964
threshold=-21.139350561797738 0.18310000000000001 0.28680000000000005 0.37115000000000004 2.0355202247191007 30.472062359550563 -3.1038719101123493 0.18280000000000005 0.17060000000000003 -1.8418426966292143 -6.3738668539325838 0.17445000000000002 0.25870000000000004
decision_type=2 2 2 2 2 2 2 2 2 2 2 2 2
left_child=1 2 -1 5 -5 6 10 8 -8 -9 12 -12 -2
right_child=3 -3 -4 4 -6 -7 7 9 -10 -11 11 -13 -14
leaf_value=0.0045652723417833841 0.00023995707382734699 -0.010665411451145222 -0.0052699313491926586 -0.0071178438949088246 0.0011740014658254735 -0.0038492833230305795 0.00075228619655301314 -0.00015400892022593193 -0.013864007389638573 0.0068344290596432985 0.0026126135879706949 -0.0054625467435539801 -0.0039265478198955714
leaf_weight=48 882 38 35 54 34 55 1085 83 32 100 31 101 76
leaf_count=48 882 38 35 54 34 55 1085 83 32 100 31 101 76
internal_value=0 -0.00326335 0.000125549 -2.78e-05 -0.00391418 0.000112078 0.000203239 0.000802494 0.000333556 0.00366481 -0.000511469 -0.00356611 -9.05798e-05
internal_weight=0 121 83 2533 88 2445 2390 1300 1117 183 1090 132 958
internal_count=2654 121 83 2533 88 2445 2390 1300 1117 183 1090 132 958
is_linear=0
shrinkage=0.03


Tree=285
num_leaves=31
num_cat=0
split_feature=17 12 4 7 13 15 17 3 12 7 7 4 3 17 4 3 3 7 1 1 6 1 3 17 7 3 1 3 17 3
split_gain=1.37619 1.51975 1.66396 3.14598 2.34245 1.51838 4.13551 4.60929 1.47863 2.08085 1.39054 1.5003 3.30615 1.37288 1.23226 1.15353 1.36172 1.08067 1.05177 0.781213 0.732434 0.661561 0.654077 0.476406 0.453651 0.591482 0.380895 0.35923 0.142833 0.0712691
threshold=-0.0048241573033707954 1.0634898876404526 0.071050000000000016 -0.34939999999999999 -0.62136011235955102 -12.533024719101123 -0.0165584269662921 0.083850000000000022 2.0498039325842723 -0.35654999999999992 -0.3098999999999999 0.023350000000000003 0.014400000000000001 0.017781460674157316 0.30820000000000003 0.0014500000000000001 0.064250000000000015 -0.29249999999999993 0.29910000000000009 0.26130000000000003 0.057650000000000007 0.035750000000000011 0.046200000000000012 0.015281460674157312 -0.3542499999999999 0.064250000000000015 0.011150000000000002 0.12705000000000002 1.0000000180025095e-35 0.016050000000000005
decision_type=2 2 2 2 2 2 2 2 2 2 2 2 2 2 2 2 2 2 2 2 2 2 2 2 2 2 2 2 2 2
left_child=5 2 13 22 23 6 7 19 10 -10 14 29 -13 15 18 -2 -17 24 -7 -1 -19 -11 -4 -5 -3 -26 -15 -16 -24 -12
right_child=1 17 3 4 -6 8 -8 -9 9 21 11 12 -14 26 27 16 -18 20 -20 -21 -22 -23 28 -25 25 -27 -28 -29 -30 -31
leaf_value=-0.0014688439385311023 0.00063699717609589322 0.0072061085902154444 -0.0017202508815587509 -0.0047269390942528836 -0.0092333906619229671 0.0021751606861729464 -0.01210148577298969 0.0090842231515456326 0.009220864037806923 0.0041084600873291495 -0.00096743981337937368 -0.013666445899754763 -0.002999757786952609 0.0041139800126918334 -0.00096743981337937368 0.0051304697803497105 0.00063699717609589322 -0.0031783616509769232 7.7416116704633647e-05 -0.00776818174362073 0.0025066089423609835 -0.0015482122033872469 -0.0017202508815587509 -0.0017202508815587509 0.0054532675494863231 0.0025066089423609835 0.00063699717609589322 7.7416116704633647e-05 0.00063699717609589322 -0.002999757786952609
leaf_weight=37 52 50 30 48 53 359 35 33 37 30 86 30 76 33 78 213 54 31 221 34 30 49 36 58 47 52 232 148 287 35
leaf_count=37 52 50 30 48 53 359 35 33 37 30 86 30 76 33 78 213 54 31 221 34 30 49 36 58 47 52 232 148 287 35
internal_value=0 0.00116192 0.000713954 -0.000534461 -0.0040775 -0.00022011 -0.00318157 -0.000179673 0.000138152 0.00334968 -0.000222484 -0.00229652 -0.00503208 0.00180846 0.000361643 0.00316398 0.00403076 0.00349984 0.00112227 -0.00448543 0.000136388 0.000599891 0.000636997 -0.00172025 0.00487683 0.00370043 0.000636997 -0.00096744 0.000636997 -0.00096744
internal_weight=0 1306 1096 512 159 1288 139 104 1149 116 1033 227 106 584 806 319 267 210 580 71 61 79 353 106 149 99 265 226 323 121
internal_count=2594 1306 1096 512 159 1288 139 104 1149 116 1033 227 106 584 806 319 267 210 580 71 61 79 353 106 149 99 265 226 323 121
is_linear=0
shrinkage=0.03


Tree=286
num_leaves=26
num_cat=0
split_feature=17 15 17 3 5 15 3 4 3 14 18 14 2 8 3 3 8 4 7 7 4 17 0 5 3
split_gain=1.30536 1.42545 3.8911 4.33688 1.50689 1.01768 1.09819 1.79137 1.05783 1.05471 0.974748 0.96651 2.2558 1.16004 0.889425 1.21661 2.0329 1.10509 4.80356 1.39332 0.800562 0.523176 0.744411 0.508875 0.156472
threshold=-0.0048241573033707954 -12.533024719101123 -0.0165584269662921 0.083850000000000022 0.36040000000000005 -8.0048668539325831 0.0014500000000000001 0.010700000000000003 0.00090000000000000008 -0.2838134831460673 4.5000000000000009 0.27495730337078667 0.00045000000000000004 0.16510000000000002 0.0020500000000000006 0.0064500000000000009 0.18835000000000005 0.35910000000000003 -0.40289999999999992 -0.3088499999999999 0.020150000000000005 0.0006758426966292087 0.74755000000000005 0.28385000000000005 0.017000000000000005
decision_type=2 2 2 2 2 2 2 2 2 2 2 2 2 2 2 2 2 2 2 2 2 2 2 2 2
left_child=1 2 3 4 -1 9 8 10 -7 23 -8 12 -9 -13 -3 16 20 19 -19 -17 -16 22 -11 24 -2
right_child=5 14 -4 -5 -6 6 7 11 -10 21 -12 13 -14 -15 15 17 -18 18 -20 -21 -22 -23 -24 -25 -26
leaf_value=-0.00027802345195883198 0.00067810048931278284 0.0041279175991076047 -0.011738440998829902 0.0088116964130577711 -0.0090408047552178183 0.00038780802974895553 0.0084332886575297882 0.0020922342510258951 -0.0063323487973193059 0.0038169414836626784 0.0029634307176135376 0.0029634307176135376 -0.0018183403275374855 -0.002345994797840738 0.0026972018508240581 0.0016160303775257612 -0.0090797239092781264 -0.00044287479265541467 -0.012476381136802956 -0.00044287479265541467 -0.0029023811391865211 0.0025086895178537817 0.010045154782072191 -0.0022303935277330524 0.003508586112696391
leaf_weight=38 32 48 35 33 33 49 44 550 37 39 38 33 175 157 40 590 34 162 32 189 54 48 31 34 39
leaf_count=38 32 48 35 33 33 49 44 550 37 39 38 33 175 157 40 590 34 162 32 189 54 48 31 34 39
internal_value=0 -0.000216712 -0.00308612 -0.000174283 -0.00435087 0.00112928 0.000749272 0.00102985 -0.00250342 0.00297479 0.0052777 0.000649163 0.0011483 -0.00125545 0.000130414 -4.38643e-05 -0.00279337 0.000317838 -0.00170813 0.000822379 -0.00051958 0.004921 0.00657515 0.000787626 0.00223287
internal_weight=0 1288 139 104 71 1306 1083 997 86 223 82 915 725 190 1149 1101 128 973 194 779 94 118 70 105 71
internal_count=2594 1288 139 104 71 1306 1083 997 86 223 82 915 725 190 1149 1101 128 973 194 779 94 118 70 105 71
is_linear=0
shrinkage=0.03


Tree=287
num_leaves=26
num_cat=0
split_feature=17 12 4 7 12 8 17 2 7 13 14 4 7 4 5 7 14 12 12 7 12 17 5 1 14
split_gain=1.23132 1.35754 1.4964 2.94503 2.25519 1.273 1.27002 2.03419 1.01352 0.846302 0.902109 1.21708 1.21438 1.38927 1.10788 0.704481 0.671231 0.553254 0.465803 0.440371 0.542013 0.426874 0.416837 0.342463 0.0733128
threshold=-0.0048241573033707954 1.0634898876404526 0.071050000000000016 -0.34939999999999999 -0.14738202247190732 0.20320000000000002 0.017781460674157316 0.00015000000000000004 -0.29249999999999993 5.2250528089887647 0.3460865168539326 0.030100000000000005 -0.43744999999999995 0.30820000000000003 0.38735000000000003 -0.28529999999999994 -0.09795393258426964 1.1752595505617995 1.541315730337079 -0.3542499999999999 1.541315730337079 1.0000000180025095e-35 0.22210000000000002 0.011150000000000002 0.28045730337078673
decision_type=2 2 2 2 2 2 2 2 2 2 2 2 2 2 2 2 2 2 2 2 2 2 2 2 2
left_child=5 2 6 21 16 9 7 15 19 10 12 -12 14 -14 -1 -2 -5 -13 -10 -3 -21 -4 -9 -8 -23
right_child=1 8 3 4 -6 -7 23 22 18 -11 11 17 13 -15 -16 -17 -18 -19 -20 20 -22 24 -24 -25 -26
leaf_value=0.0054610216099282962 0.0058762292299441516 0.0069330567419528958 -0.001673175206482992 -0.0053484098166227331 -0.0091489780511234547 -0.005621596107467714 0.0039227627933194689 0.0026429470916742143 0.0023427214076159899 0.0043606226245097596 0.002083023004140705 -0.00037585078723890102 0.00015567674698031332 -0.0028347245786185067 0.001076276482692154 0.0026429470916742143 -0.001673175206482992 -0.0028347245786185067 -0.0025451288883003493 0.0052060606883217887 0.0023427214076159899 0.00059860827540787775 0.00059860827540787775 0.00059860827540787775 -0.001673175206482992
leaf_weight=69 149 50 37 45 51 38 33 46 30 38 50 46 747 98 105 72 63 97 31 58 41 259 52 232 57
leaf_count=69 149 50 37 45 51 38 33 46 30 38 50 46 747 98 105 72 63 97 31 58 41 259 52 232 57
internal_value=0 0.00109497 0.000671588 -0.000512303 -0.00394496 -0.000212296 0.00170952 0.00301573 0.0033046 -4.7853e-05 -0.000186073 -0.00206672 0.000170125 -0.000299831 0.00245238 0.00468729 -0.00167318 -0.00283472 4.73204e-05 0.00463812 0.00347906 0.000598608 0.000598608 0.000598608 0.000598608
internal_weight=0 1306 1096 512 159 1288 584 319 210 1250 1212 193 1019 845 174 221 108 143 61 149 99 353 98 265 316
internal_count=2594 1306 1096 512 159 1288 584 319 210 1250 1212 193 1019 845 174 221 108 143 61 149 99 353 98 265 316
is_linear=0
shrinkage=0.03


Tree=288
num_leaves=31
num_cat=0
split_feature=17 15 17 3 12 12 4 15 17 2 3 3 4 3 12 13 16 14 3 13 1 8 1 1 13 3 1 18 8 14
split_gain=1.1751 1.32793 3.62561 4.07945 1.35756 1.26955 1.33387 2.35643 1.18874 1.94485 2.95352 1.08385 0.943884 1.6155 1.51682 0.823288 0.8208 1.83322 0.809819 0.775124 0.68019 0.645649 1.18467 0.587933 0.562784 0.338159 0.313217 0.142548 0.0923875 0.0910576
threshold=-0.0048241573033707954 -12.533024719101123 -0.0165584269662921 0.083850000000000022 2.0498039325842723 1.0634898876404526 0.071050000000000016 -6.8933011235955055 0.017781460674157316 0.00015000000000000004 0.016750000000000004 0.14580000000000001 0.46985000000000005 0.21750000000000003 1.1752595505617995 2.7237084269662906 -23.586859550561879 0.037086516853932612 0.021000000000000001 -1.4993426966292149 0.26130000000000003 0.18220000000000003 0.049400000000000006 0.052700000000000004 3.0847595505617957 0.17570000000000005 0.011150000000000002 4.5000000000000009 0.15470000000000003 0.41254606741573041
decision_type=2 2 2 2 2 2 2 2 2 2 2 2 2 2 2 2 2 2 2 2 2 2 2 2 2 2 2 2 2 2
left_child=1 2 3 20 12 6 8 11 9 10 -2 -8 13 19 -15 28 17 -9 24 -3 -1 -6 -23 25 -7 -20 -10 -11 -14 -18
right_child=5 4 -4 -5 21 18 7 16 26 27 -12 -13 15 14 -16 -17 29 -19 23 -21 -22 22 -24 -25 -26 -27 -28 -29 -30 -31
leaf_value=-0.0014091539624575022 0.0025634464327098892 -0.0015054168591664327 -0.011335895878928047 0.008541991404173048 0.0060609001149846747 -0.0018045501496929389 -0.0092646892617146166 -0.0037983570383152082 0.0038050798445262695 0.00058429256836256137 0.0086861609940496378 -0.001543818631209433 -0.0015054168591664327 0.0061476310212974965 -0.0015054168591664327 -0.00694054937498136 0.00058429256836256137 0.00058429256836256137 0.0074506728825563528 0.00027187851749039133 -0.0072870937904671706 0.0037545460012254556 -0.003195735321380198 0.0015178878223523497 0.0034355739107621566 0.0038701583609678024 0.00058429256836256137 0.0025634464327098892 -0.0033124039359390734 -0.0031940134858863579
leaf_weight=37 127 273 35 33 44 39 36 126 33 66 94 30 32 69 31 33 174 109 53 565 34 42 30 40 35 43 232 32 30 37
leaf_count=37 127 273 35 33 44 39 36 126 33 66 94 30 32 69 31 33 174 109 53 565 34 42 30 40 35 43 232 32 30 37
internal_value=0 -0.000214445 -0.00298396 -0.000173213 0.000120596 0.00106262 0.000653195 -0.000464553 0.00163314 0.00290113 0.0045426 -0.0057552 -0.000224961 6.36356e-05 0.00366772 -0.00307447 0.000318368 -0.00122615 0.00319946 -0.000366446 -0.00422394 0.00319784 0.00144819 0.00457366 0.000673887 0.0058469 0.000584293 0.000584293 -0.00150542 0.000584293
internal_weight=0 1288 139 104 1149 1306 1096 512 584 319 221 66 1033 938 100 95 446 235 210 838 71 116 72 136 74 96 265 98 62 211
internal_count=2594 1288 139 104 1149 1306 1096 512 584 319 221 66 1033 938 100 95 446 235 210 838 71 116 72 136 74 96 265 98 62 211
is_linear=0
shrinkage=0.03


Tree=289
num_leaves=28
num_cat=0
split_feature=17 15 17 3 5 12 12 14 14 3 14 14 16 3 8 3 12 1 3 12 5 8 1 17 2 1 3
split_gain=1.10303 1.25089 3.41134 3.83835 1.36697 1.28525 1.20808 1.44584 2.20745 4.09049 1.61528 1.2171 0.894879 0.93435 0.745447 0.879131 0.751686 0.732368 1.33646 0.883304 1.2859 0.602698 1.12179 0.560811 0.435969 0.369501 0.0596774
threshold=-0.0048241573033707954 -12.533024719101123 -0.0165584269662921 0.083850000000000022 0.36040000000000005 2.0498039325842723 -0.77132752808988758 -0.0018685393258426883 -0.030868539325842711 0.048450000000000007 0.10100112359550563 0.3460865168539326 15.368640449438148 0.037600000000000001 0.20375000000000001 0.32895000000000008 1.1752595505617995 0.0049000000000000007 0.30960000000000004 -0.96697078651685497 0.21875000000000003 0.18220000000000003 0.049400000000000006 0.049105617977528111 1.0000000180025095e-35 0.052700000000000004 0.063600000000000004
decision_type=2 2 2 2 2 2 2 2 2 2 2 2 2 2 2 2 2 2 2 2 2 2 2 2 2 2 2
left_child=1 2 3 4 -1 14 17 8 12 -10 26 -12 13 -8 15 16 -3 -2 19 23 -21 -7 -23 -19 -13 -14 -9
right_child=6 5 -4 -5 -6 21 7 10 9 -11 11 24 25 -15 -16 -17 -18 18 -20 20 -22 22 -24 -25 -26 -27 -28
leaf_value=-0.00021807608929903883 0.0044791233782598278 0.00011915345680477443 -0.010995818998664617 0.0082857317714528592 -0.0085641214183785688 0.0058790731125257225 0.00083668432627363428 0.0069392560040578239 0.003595274986787723 -0.008131983726822091 -0.0011416385250197628 0.0058994058640673757 0.001691299141384661 0.0050810190429526171 -0.0048773354608565569 0.0037592086349340047 -0.0020476548358308688 0.00016942084934114512 -0.0063489912487566464 0.0021482267512381911 -0.0048656581817194816 0.0036507536273138333 -0.0030998632613336665 0.0021482267512381911 0.0017234328916917244 -0.0011405834935490705 0.0087750171075629841
leaf_weight=38 32 775 35 33 33 44 76 30 49 59 59 60 96 121 30 51 177 371 30 31 65 42 30 84 36 73 34
leaf_count=38 32 775 35 33 33 44 76 30 49 59 59 60 96 121 30 51 177 371 30 31 65 42 30 84 36 73 34
internal_value=0 -0.000206463 -0.00289444 -0.000168017 -0.00409722 0.000118715 0.00103082 0.00188897 0.000957542 -0.00281128 0.00390493 0.00224936 0.00206965 0.00344361 -0.000217513 -7.81369e-05 -0.000283709 6.06864e-05 -0.00018267 0.000153065 -0.00246193 0.00311288 0.00142243 0.000704799 0.00433342 0.00046806 0.0079145
internal_weight=0 1288 139 104 71 1149 1306 693 474 108 219 155 366 197 1033 1003 952 613 581 551 96 116 72 455 96 169 64
internal_count=2594 1288 139 104 71 1149 1306 693 474 108 219 155 366 197 1033 1003 952 613 581 551 96 116 72 455 96 169 64
is_linear=0
shrinkage=0.03


Tree=290
num_leaves=21
num_cat=0
split_feature=15 3 2 16 3 3 5 3 6 12 16 5 3 15 3 0 17 12 14 3
split_gain=2.93705 1.07144 2.38133 5.82237 1.42612 3.83164 2.07032 1.82723 1.29341 1.93826 1.54032 1.11809 1.03617 2.10004 0.883263 1.44076 0.823616 0.678246 0.326311 0.133565
threshold=-42.048850561797742 0.017750000000000005 0.00045000000000000004 33.030350561797782 0.0064500000000000009 0.0070500000000000007 0.29340000000000005 0.012550000000000002 -0.014399999999999998 1.0902595505618005 31.104215730336993 0.29020000000000007 0.046950000000000013 -6.5933011235955048 0.004850000000000001 0.8368000000000001 0.021285393258426991 -1.8311960674157282 -0.28808426966292128 0.052800000000000007
decision_type=2 2 2 2 2 2 2 2 2 2 2 2 2 2 2 2 2 2 2 2
left_child=-1 4 8 12 14 -6 16 -8 19 10 -10 -11 13 -4 17 -16 -7 -2 -19 -3
right_child=1 2 3 -5 5 6 7 -9 9 11 -12 -13 -14 -15 15 -17 -18 18 -20 -21
leaf_value=0.0090892478311434387 -0.0038614572948426937 -0.0013805500609031971 -0.010631399476392703 -0.014748554165390403 0.012087923777871764 0.0038133542711693736 -0.0049889660781375893 0.00050230049234337919 -0.00046938431526562295 0.0047437390936538575 0.0042829200099887589 0.0010668198443350514 -0.0013805500609031971 -0.0013805500609031971 -0.0066902851939243113 0.00085980986943468452 0.00050230049234337919 -0.001756247886196645 0.0010287477391182917 -0.00046938431526562295
leaf_weight=32 32 141 33 33 32 192 78 46 837 120 63 196 201 57 46 45 47 43 317 57
leaf_count=32 32 141 33 33 32 192 78 46 837 120 63 196 201 57 46 45 47 43 317 57
internal_value=0 -5.48813e-05 -0.000486409 -0.00280625 0.000799328 0.00213631 0.00125904 -0.00188636 4.51532e-05 0.000441781 -0.000267932 0.00246312 -0.00145197 -0.00460208 -0.000294066 -0.00295672 0.00289096 0.00032405 0.000696095 -0.00138055
internal_weight=0 2616 1738 324 878 395 363 124 1414 1216 900 316 291 90 483 91 239 392 360 198
internal_count=2648 2616 1738 324 878 395 363 124 1414 1216 900 316 291 90 483 91 239 392 360 198
is_linear=0
shrinkage=0.03


Tree=291
num_leaves=19
num_cat=0
split_feature=15 3 3 3 0 8 1 3 3 6 3 4 5 3 15 18 8 3
split_gain=2.7636 1.01423 2.30205 4.93823 2.40595 1.94402 1.9152 1.83535 1.3577 5.96844 1.09647 1.06305 3.25385 2.19457 1.01377 0.886692 0.786292 0.757516
threshold=-42.048850561797742 0.017750000000000005 0.023950000000000003 0.028200000000000006 0.89130000000000009 0.18220000000000003 0.51270000000000016 0.018950000000000005 0.011100000000000002 -0.0034499999999999995 0.0064500000000000009 0.030600000000000006 0.27100000000000007 0.046950000000000013 -8.6613668539325825 4.5000000000000009 0.18520000000000003 0.0079000000000000025
decision_type=2 2 2 2 2 2 2 2 2 2 2 2 2 2 2 2 2 2
left_child=-1 5 4 -4 7 6 10 15 9 -7 -2 12 -5 -13 -10 -3 -11 -12
right_child=1 2 3 11 -6 8 -8 -9 14 16 17 13 -14 -15 -16 -17 -18 -19
leaf_value=0.0088165705965366215 0.0038441925289540591 -0.0020572706291014462 0.0092545810915833828 0.0097660594979658653 0.0019822002935182786 -0.013801239993423222 0.0016669621572483857 -0.010960936012931846 -0.0032437091514967925 0.0016669621572483857 0.011725285919092129 -0.0032772679811415191 0.0010610220411150317 -0.0001013274306036692 0.0016669621572483857 -0.0073708256799727674 -0.00064976258011865279 0.005957624231416144
leaf_weight=32 32 43 49 42 46 30 84 44 41 94 32 234 48 1200 136 32 372 57
leaf_count=32 32 43 49 42 46 30 84 44 41 94 32 234 48 1200 136 32 372 57
internal_value=0 -5.34441e-05 -0.000473294 -0.000119678 -0.00384443 0.000777648 0.00333538 -0.00609674 -1.45281e-06 -0.000831143 0.00602142 -0.000421081 0.00274162 -0.000619577 0.00166696 -0.00324308 3.84231e-06 0.00803139
internal_weight=0 2616 1738 1573 165 878 205 119 673 496 121 1524 90 1434 177 75 466 89
internal_count=2648 2616 1738 1573 165 878 205 119 673 496 121 1524 90 1434 177 75 466 89
is_linear=0
shrinkage=0.03


Tree=292
num_leaves=19
num_cat=0
split_feature=15 3 3 3 1 3 8 1 2 2 12 3 6 1 3 12 8 3
split_gain=2.60043 0.963861 2.14348 4.65056 2.27096 2.29686 1.76076 1.80779 1.35031 1.34228 2.72656 1.30341 5.6204 1.26449 1.05174 1.04334 0.746713 0.712747
threshold=-42.048850561797742 0.017750000000000005 0.023950000000000003 0.028200000000000006 0.044700000000000011 0.021000000000000001 0.18220000000000003 0.51270000000000016 0.00030000000000000008 0.00045000000000000004 -0.20338202247190648 0.011100000000000002 -0.0034499999999999995 0.36825000000000002 0.0064500000000000009 1.0987595505618002 0.18520000000000003 0.0079000000000000025
decision_type=2 2 2 2 2 2 2 2 2 2 2 2 2 2 2 2 2 2
left_child=-1 6 4 -4 -3 8 7 14 -6 13 -11 12 -8 -5 -2 -13 -14 -16
right_child=1 2 3 9 5 -7 11 -9 -10 10 -12 15 16 -15 17 -17 -18 -19
leaf_value=0.0085520729643758387 0.0037090748570329534 0.0019464546525041046 0.0089769435689157368 0.00042770814978790913 -0.001978054499063249 -0.013081322133541106 -0.013387202773243189 0.0016044477414503791 -0.0076525234955955633 -0.0011055670590352736 -0.0050915728371820589 0.0016044477414503791 0.0016044477414503791 -0.0011055670590352736 0.011373527312025544 -0.00322570023156004 -0.0006302697207560882 0.0057788955944737316
leaf_weight=32 32 46 49 1150 45 30 30 84 44 116 178 133 94 80 32 44 372 57
leaf_count=32 32 46 49 1150 45 30 30 84 44 116 178 133 94 80 32 44 372 57
internal_value=0 -5.21043e-05 -0.000461395 -0.000120176 -0.00371435 -0.00590256 0.000758086 0.00319228 -0.00348276 -0.000412668 -0.00223375 1.66158e-05 -0.000800958 2.26141e-05 0.0058137 0.00160445 9.31551e-06 0.00779045
internal_weight=0 2616 1738 1573 165 119 878 205 89 1524 294 673 496 1230 121 177 466 89
internal_count=2648 2616 1738 1573 165 119 878 205 89 1524 294 673 496 1230 121 177 466 89
is_linear=0
shrinkage=0.03


Tree=293
num_leaves=19
num_cat=0
split_feature=15 3 3 3 0 7 3 8 15 3 6 2 16 16 12 8 6 3
split_gain=2.44506 0.910724 1.99257 4.37567 2.21706 2.18352 2.18405 1.59096 1.29963 1.25258 5.29284 1.20848 5.47325 1.16489 0.95676 0.709295 0.429213 0.267648
threshold=-42.048850561797742 0.017750000000000005 0.023950000000000003 0.028200000000000006 0.89130000000000009 -0.35034999999999994 0.018650000000000003 0.18220000000000003 -10.055393258426964 0.011100000000000002 -0.0034499999999999995 0.00045000000000000004 33.030350561797782 31.104215730336993 1.0987595505618002 0.18520000000000003 -0.056649999999999992 0.0064500000000000009
decision_type=2 2 2 2 2 2 2 2 2 2 2 2 2 2 2 2 2 2
left_child=-1 7 4 -4 5 -3 -7 8 -2 10 -9 13 -13 -5 -11 -12 -10 -18
right_child=1 2 3 11 -6 6 -8 9 16 14 15 12 -14 -15 -16 -17 17 -19
leaf_value=0.0082955107401357954 0.0083180671565766841 -0.001866305544889904 0.0087076353418583767 -0.0003707233791959137 0.00201135148435993 -0.0051138093193915249 -0.013147437935074171 -0.012985586710274218 0.0015443914898929363 0.0015443914898929363 0.0015443914898929363 -0.0010577038631313024 -0.014087231457834283 0.0022353682532946406 -0.0031289291066720825 -0.00061136166197097591 0.0024104885738688154 0.0042683111122227271
leaf_weight=32 35 30 49 1049 46 44 45 30 31 133 94 263 31 181 44 372 39 100
leaf_count=32 35 30 49 1049 46 44 45 30 31 133 94 263 31 181 44 372 39 100
internal_value=0 -4.76677e-05 -0.000445517 -0.000116528 -0.00358188 -0.00574396 -0.00836131 0.000739874 0.00305372 3.50615e-05 -0.000771608 -0.000400245 -0.00212818 1.27747e-05 0.00154439 1.47002e-05 0.00196989 0.00327659
internal_weight=0 2616 1738 1573 165 119 89 878 205 673 496 1524 294 1230 177 466 170 139
internal_count=2648 2616 1738 1573 165 119 89 878 205 673 496 1524 294 1230 177 466 170 139
is_linear=0
shrinkage=0.03


Tree=294
num_leaves=18
num_cat=0
split_feature=15 3 3 3 1 3 8 1 3 6 7 15 15 12 3 8 14
split_gain=2.29748 0.859615 1.83853 4.11543 2.01893 2.19551 1.44295 1.66674 1.20434 4.98457 1.19836 1.00293 0.991753 0.877412 0.712505 0.674667 0.25855
threshold=-42.048850561797742 0.017750000000000005 0.023950000000000003 0.028200000000000006 0.044700000000000011 0.021000000000000001 0.18220000000000003 0.51270000000000016 0.011100000000000002 -0.0034499999999999995 -0.29179999999999995 -21.139350561797738 -7.9742089887640439 1.0987595505618002 0.033000000000000008 0.18520000000000003 -0.12895393258426963
decision_type=2 2 2 2 2 2 2 2 2 2 2 2 2 2 2 2 2
left_child=-1 6 4 -4 -3 10 7 12 9 -8 -6 -5 -2 -10 -13 -11 -14
right_child=1 2 3 11 5 -7 8 -9 13 15 -12 14 16 -15 -16 -17 -18
leaf_value=0.0080466458917362611 0.010105439180192808 0.0018974230778606039 0.0084464062613492097 -0.0046541030041407794 -0.0018029167969324236 -0.012521840709261597 -0.012596019161865113 0.0014904821946597905 0.0014904821946597905 0.0014904821946597905 -0.0071052093228155914 0.0025057054673088717 0.0034840808881841439 -0.0030350612907204776 -0.00040548516625251932 -0.00059302074472314761 0.005513309058733284
leaf_weight=32 31 46 49 48 45 30 30 84 133 94 44 80 30 44 1396 372 60
leaf_count=32 31 46 49 48 45 30 30 84 133 94 44 80 30 44 1396 372 60
internal_value=0 -4.08232e-05 -0.000427348 -0.000111331 -0.00344004 -0.00550326 0.000724301 0.00292789 5.30744e-05 -0.00074307 -0.00313744 -0.000386481 0.00547768 0.00149048 -0.000247697 1.99955e-05 0.00388367
internal_weight=0 2616 1738 1573 165 119 878 205 673 496 89 1524 121 177 1476 466 90
internal_count=2648 2616 1738 1573 165 119 878 205 673 496 89 1524 121 177 1476 466 90
is_linear=0
shrinkage=0.03


Tree=295
num_leaves=18
num_cat=0
split_feature=4 7 5 3 12 3 16 12 4 16 8 3 3 3 1 12 8
split_gain=1.85039 1.24612 1.99748 1.65039 2.48762 1.49197 1.84606 1.03106 1.02403 0.93606 0.764356 0.695782 1.88341 0.332218 0.250522 0.150073 0.0169679
threshold=0.57935000000000014 -0.33849999999999997 0.29340000000000005 0.21215000000000003 1.541315730337079 0.25870000000000004 7.1178606741572716 -1.906510112359548 0.30165000000000003 8.636860674157278 0.20095000000000002 0.0070500000000000007 0.0045500000000000011 0.048450000000000007 0.035750000000000011 1.1377595505617999 0.15710000000000005
decision_type=2 2 2 2 2 2 2 2 2 2 2 2 2 2 2 2 2
left_child=1 3 10 7 5 6 -5 -1 -7 -2 13 12 -9 -3 -15 -12 -13
right_child=9 2 -4 4 -6 8 -8 11 -10 -11 15 16 -14 14 -16 -17 -18
leaf_value=0.0047201016055855981 -0.0021242300581227388 0.00027314544633843429 -0.0021242300581227388 0.00094242698258974341 0.0096563221432450341 0.0035368690155237244 0.011224876109510659 0.00027314544633843429 0.00027314544633843429 -0.0079868787954989317 -0.0010023685727377038 0.0027004025260725152 0.007828225253615529 0.00027314544633843429 -0.00036461156319963475 -0.00036461156319963475 0.00027314544633843429
leaf_weight=47 41 763 194 33 41 89 30 37 136 37 150 58 42 74 137 35 647
leaf_count=47 41 763 194 33 41 89 30 37 136 37 150 58 42 74 137 35 647
internal_value=0 0.000221687 -0.000396877 0.000943168 0.00274248 0.00175821 0.00583883 0.000273145 0.000615641 -0.00447015 0.000119493 0.000273145 0.00325465 0.000273145 -0.000364612 -0.00100237 0.000273145
internal_weight=0 2513 1353 1160 329 288 63 831 225 78 1159 784 79 974 211 185 705
internal_count=2591 2513 1353 1160 329 288 63 831 225 78 1159 784 79 974 211 185 705
is_linear=0
shrinkage=0.03


Tree=296
num_leaves=18
num_cat=0
split_feature=4 14 3 17 7 8 12 1 6 18 1 0 7 17 12 4 3
split_gain=1.72145 1.19794 5.94687 1.22105 1.36419 1.84922 1.40164 2.36268 1.29193 1.2801 0.867796 0.709722 0.743679 0.882104 0.5995 0.409337 0.0777182
threshold=0.57935000000000014 0.48391573033707874 0.15205000000000005 -0.02005449438202243 -0.33849999999999997 0.19185000000000002 0.84248988764045241 0.062400000000000004 0.055350000000000003 3.5000000000000004 0.028600000000000004 0.88915000000000011 -0.32904999999999995 -0.055394382022471871 1.5618157303370774 0.12895000000000004 0.018650000000000003
decision_type=2 2 2 2 2 2 2 2 2 2 2 2 2 2 2 2 2
left_child=1 3 11 14 6 15 9 -8 -7 -5 -2 12 13 -3 -1 -6 -16
right_child=10 2 -4 4 5 8 7 -9 -10 -11 -12 -13 -14 -15 16 -17 -18
leaf_value=-0.0020602808258663929 -0.0020602808258663929 -0.00039215562570966441 0.014740422423928977 0.002487429776201356 0.00030426388496353635 -0.0020602808258663929 0.0086785538680851457 0.00089499150412445207 -0.00072889445251578591 0.00030426388496353635 -0.0071818372250224147 0.0041136548280316801 -0.0020602808258663929 0.0017272273853370255 -0.00033507771853526886 -0.00072889445251578591 0.0016674287692719214
leaf_weight=140 33 39 30 253 555 385 55 97 165 536 45 35 56 46 33 51 37
leaf_count=140 33 39 30 253 555 385 55 97 165 536 45 35 56 46 33 51 37
internal_value=0 0.000202429 0.00239439 6.70138e-06 0.000225397 -0.000464961 0.00107349 0.00371141 -0.00176205 0.000565296 -0.00432299 0.000289947 -0.0006592 0.00127597 -0.00206028 0.000304264 0.00072339
internal_weight=0 2513 206 2307 2097 1156 941 152 550 789 78 176 141 85 210 606 70
internal_count=2591 2513 206 2307 2097 1156 941 152 550 789 78 176 141 85 210 606 70
is_linear=0
shrinkage=0.03


Tree=297
num_leaves=12
num_cat=0
split_feature=15 8 16 0 14 14 6 16 8 8 3
split_gain=1.33608 0.746742 1.51939 0.786971 0.691928 0.670587 0.618161 0.5929 0.781155 0.644609 0.468701
threshold=-31.911850561797731 0.14280000000000001 -16.688834831460664 0.10110000000000001 0.48391573033707874 0.41254606741573041 0.0048000000000000013 -40.50575056179769 0.20095000000000002 0.17285000000000003 0.035050000000000005
decision_type=2 2 2 2 2 2 2 2 2 2 2
left_child=-1 2 -2 -4 5 7 -6 9 -9 -3 -7
right_child=1 4 3 -5 6 10 -8 8 -10 -11 -12
leaf_value=-0.0055993241358649089 0.007232568969775457 0.0011677506660459269 0.0011677506660459269 0.0062166889838408679 -0.0022541171507063236 -0.00017668003717867227 0.0011677506660459269 0.00037817061122711872 -0.0014570214595084534 -0.0020699387970038756 -0.0045273488093740665
leaf_weight=37 42 30 61 32 55 39 144 1649 239 211 52
leaf_count=37 42 30 61 32 55 39 144 1649 239 211 52
internal_value=0 0.000142624 0.00231406 0.00116775 2.14404e-05 -0.000140809 0.00116775 -3.30121e-05 0.000145856 -0.00143427 -0.00266278
internal_weight=0 2554 135 93 2419 2220 199 2129 1888 241 91
internal_count=2591 2554 135 93 2419 2220 199 2129 1888 241 91
is_linear=0
shrinkage=0.03


Tree=298
num_leaves=15
num_cat=0
split_feature=0 3 8 3 6 16 16 17 17 13 0 3 3 3
split_gain=0.816167 2.45164 2.13546 1.98634 2.24115 0.741567 0.597988 1.11316 0.317338 0.087762 0.071496 0.0530847 1.06498 0.0515812
threshold=0.081650000000000014 0.046950000000000013 0.14960000000000004 0.21215000000000003 0.019600000000000003 -54.493149438202259 -23.769555056179737 -0.012824157303370802 -0.016218539325842701 -1.9368426966292132 0.0032500000000000007 0.26600000000000007 0.34510000000000007 0.31325000000000008
decision_type=2 2 2 2 2 2 2 2 2 2 2 2 2 2
left_child=1 10 8 5 -5 -4 -7 -8 -2 -6 -1 -3 13 -13
right_child=2 11 3 4 9 6 7 -9 -10 -11 -12 12 -14 -15
leaf_value=-0.0080116735361516478 0.0076915197531061781 -0.00063689062929974869 0.0027601145505818554 -0.00063689062929974869 0.0010616119606410533 -0.00063689062929974869 -0.00063689062929974869 0.00080650613945211741 0.0036014149226493348 0.0027601145505818554 -0.0059405004160944372 -0.0057369870739057659 -0.00063689062929974869 -0.0040182090381329708
leaf_weight=30 31 76 44 56 54 446 686 835 38 135 30 30 67 33
leaf_count=30 31 76 44 56 54 446 686 835 38 135 30 30 67 33
internal_value=0 -0.00151402 0.000240236 8.12308e-05 0.00263159 -0.000229479 -0.000318343 5.95764e-05 0.005439 0.00276011 -0.00697609 -0.000636891 -0.00172078 -0.00483667
internal_weight=0 266 2325 2256 245 2011 1967 1521 69 189 60 206 130 63
internal_count=2591 266 2325 2256 245 2011 1967 1521 69 189 60 206 130 63
is_linear=0
shrinkage=0.03


Tree=299
num_leaves=17
num_cat=0
split_feature=15 7 5 8 15 3 3 3 13 0 8 8 14 3 3 17
split_gain=1.24493 0.940124 2.60665 2.45378 1.36455 1.35477 1.44079 2.54645 1.31431 1.27783 0.90863 0.895876 0.627883 0.433946 1.08334 0.202209
threshold=-31.911850561797731 -0.33849999999999997 0.29340000000000005 0.18650000000000003 -12.654524719101122 0.0070500000000000007 0.36100000000000004 0.4391000000000001 -3.7259471910112358 0.41815000000000008 0.20290000000000002 0.17485000000000003 -0.14745393258426964 0.04735000000000001 0.15205000000000005 0.021285393258426991
decision_type=2 2 2 2 2 2 2 2 2 2 2 2 2 2 2 2
left_child=-1 4 10 12 11 9 8 -8 -7 -6 13 -2 -4 15 -15 -3
right_child=1 2 3 -5 5 6 7 -9 -10 -11 -12 -13 -14 14 -16 -17
leaf_value=-0.0054036782737317919 0.0083883583071556952 0.00016873887647433333 -0.0053601293682094282 -0.0089529934637539547 0.00026094217823507883 0.0038034952869638802 0.0095272036378340023 0.00016873887647433333 0.00016873887647433333 0.0080517562562017701 -0.0017672652726649014 0.0016721812327607319 -0.0017672652726649014 -0.00079926319809528403 0.00016873887647433333 -0.00079926319809528403
leaf_weight=37 33 626 31 56 36 95 41 36 891 40 73 39 103 253 33 168
leaf_count=37 33 626 31 56 36 95 41 36 891 40 73 39 103 253 33 168
internal_value=0 0.000138951 -0.000407608 -0.00366344 0.000745086 0.000491895 0.000215244 0.00427607 0.000168739 0.00436137 0.000128912 0.00475043 -0.00176727 0.000168739 -0.000799263 0.000168739
internal_weight=0 2554 1343 190 1211 1139 1063 77 986 76 1153 72 134 1080 286 794
internal_count=2591 2554 1343 190 1211 1139 1063 77 986 76 1153 72 134 1080 286 794
is_linear=0
shrinkage=0.03


Tree=300
num_leaves=21
num_cat=0
split_feature=18 0 1 15 15 14 14 7 16 4 7 7 0 4 5 14 15 7 14 7
split_gain=1.26005 2.49231 1.1111 0.920264 1.43287 1.10814 0.999836 0.796892 1.10352 1.03457 2.71852 0.775457 0.896188 0.772178 0.765792 0.76508 0.598178 0.579739 0.384844 0.294447
threshold=4.5000000000000009 0.016600000000000004 0.56910000000000005 1.856041011235954 16.246606741573036 -0.43491348314606731 0.48391573033707874 -0.31149999999999994 33.094215730337062 0.30165000000000003 -0.42724999999999996 -0.35034999999999994 0.24995000000000003 0.1014 0.22730000000000003 -0.18158426966292132 20.332649438202257 -0.33029999999999993 -0.11695393258426963 -0.34549999999999997
decision_type=2 2 2 2 2 2 2 2 2 2 2 2 2 2 2 2 2 2 2 2
left_child=2 -2 3 5 -5 17 13 9 15 10 -3 12 -6 -7 -12 -9 -13 -1 -17 -8
right_child=1 7 -4 4 11 6 19 8 -10 -11 14 16 -14 -15 -16 18 -18 -19 -20 -21
leaf_value=0.005491142071479437 -0.0077852310790145329 0.0089742019772529602 -0.0039162649136657516 0.0075532743453125785 0.0015986390452355822 0.00027493654611785936 0.0049833750574571935 -0.0042607002788954788 -0.00099940958136726741 -0.00099940958136726741 0.0044466523893403487 -0.0017230152231398894 0.005887179067930585 -0.0014713510574265068 -0.0001869608059304041 -0.00099940958136726741 0.0015986390452355822 0.00024906176668141157 -0.0029798926523801148 0.0010663137368617519
leaf_weight=49 47 33 54 36 40 535 39 72 73 200 34 82 59 397 484 88 84 31 158 31
leaf_count=49 47 33 54 36 40 535 39 72 73 200 34 82 59 397 484 88 84 31 158 31
internal_value=0 -0.00101481 0.000305397 0.000470234 0.00193746 6.20692e-05 -0.00020921 -0.000736169 -0.00183447 -0.000164353 0.000625488 0.00117456 0.00327598 -0.000468922 9.36201e-05 -0.00299454 -7.87022e-05 0.00345984 -0.00205356 0.00324868
internal_weight=0 1189 1437 1383 301 1082 1002 1142 391 751 551 265 99 932 518 318 166 80 246 70
internal_count=2626 1189 1437 1383 301 1082 1002 1142 391 751 551 265 99 932 518 318 166 80 246 70
is_linear=0
shrinkage=0.03


Tree=301
num_leaves=19
num_cat=0
split_feature=18 0 1 3 3 4 3 3 18 12 4 14 16 15 16 3 3 5
split_gain=1.18475 2.34395 1.04444 1.09803 2.03435 1.58283 1.35064 3.91982 0.970985 0.849438 0.68515 1.52285 1.35501 0.838814 1.2083 0.633401 0.223532 0.0743831
threshold=4.5000000000000009 0.016600000000000004 0.56910000000000005 0.13455000000000003 0.11425 0.39680000000000004 0.15205000000000005 0.17570000000000005 3.5000000000000004 -0.84897078651685465 0.30165000000000003 -0.12195393258426963 56.153350561797716 10.523291011235957 -24.753139325842763 0.0059500000000000013 0.023950000000000003 0.35940000000000005
decision_type=2 2 2 2 2 2 2 2 2 2 2 2 2 2 2 2 2 2
left_child=2 -2 3 4 5 15 -5 -8 -6 -9 12 -12 13 14 -3 -1 -14 -13
right_child=1 10 -4 6 8 -7 7 9 -10 -11 11 17 16 -15 -16 -17 -18 -19
leaf_value=-0.00038542990488032986 -0.0075516741738674478 -0.0013437179807061922 -0.0037987769583964514 -0.0016723337567962056 0.0020146640322296085 -0.0016723337567962056 0.010062307855508098 0.0031659431944646666 0.0083969840208689382 -0.0015512903485631676 -0.0041336564779572062 -0.0013437179807061922 0.0021224441583377915 -0.0013437179807061922 0.00056435519624043438 0.0013399177221383187 0.0056447560610550064 -0.0041336564779572062
leaf_weight=218 47 120 54 50 41 37 34 41 45 212 77 86 34 147 610 705 31 37
leaf_count=218 47 120 54 50 41 37 34 41 45 212 77 86 34 147 610 705 31 37
internal_value=0 -0.000985861 0.000294293 0.000454109 0.000933917 0.000537929 -0.00103515 0.000498427 0.00535425 -0.000786837 -0.000715639 -0.00231038 -0.000377052 -0.000686811 -9.7693e-05 0.000901474 0.00380232 -0.00134372
internal_weight=0 1189 1437 1383 1046 960 337 287 86 253 1142 200 942 877 730 923 65 123
internal_count=2626 1189 1437 1383 1046 960 337 287 86 253 1142 200 942 877 730 923 65 123
is_linear=0
shrinkage=0.03


Tree=302
num_leaves=20
num_cat=0
split_feature=18 14 3 2 3 7 3 16 3 3 3 7 3 4 8 5 17 7 14
split_gain=1.10983 1.21718 1.60705 0.846097 0.879614 1.15306 1.51174 0.897991 0.84135 4.99135 3.68816 2.1733 2.11855 3.28194 2.37239 1.80569 0.983769 0.964347 0.450227
threshold=4.5000000000000009 -0.28808426966292128 0.04420000000000001 0.13485000000000003 0.29390000000000011 -0.31149999999999994 0.013850000000000001 33.094215730337062 0.13455000000000003 0.15205000000000005 0.17570000000000005 -0.3542499999999999 0.11425 0.39680000000000004 0.20290000000000002 0.34895000000000004 -0.00071460674157303161 -0.35034999999999994 -0.030868539325842711
decision_type=2 2 2 2 2 2 2 2 2 2 2 2 2 2 2 2 2 2 2
left_child=8 2 -2 4 5 6 -3 -7 12 -10 -11 15 13 14 17 -12 -14 -1 -6
right_child=1 3 -4 -5 18 7 -8 -9 9 10 11 -13 16 -15 -16 -17 -18 -19 -20
leaf_value=0.0025599714121095681 -0.0089013956587475074 0.0035431591609998022 -0.00039478371419557709 -0.0049393765412543604 0.00013735780181984105 -0.002700928568153431 -0.00022006866740552811 -0.00060213746320820713 -0.0097876791106536985 0.0097604387267218786 0.0023888436310641865 -0.0077025285372510546 0.0082563217108448331 -0.0084808767831104012 -0.0039296594949836455 -0.0033070180063637399 0.0018321234566477558 0.00038827190169831734 -0.0027435929663109405
leaf_weight=253 39 118 41 41 54 274 517 67 50 34 140 35 45 37 49 78 41 675 38
leaf_count=253 39 118 41 41 54 274 517 67 50 34 140 35 45 37 49 78 41 675 38
internal_value=0 -0.000967969 -0.00454176 -0.000710167 -0.000547809 -0.000276395 0.00047924 -0.00168351 0.000271047 -0.00104044 0.000483474 -0.000763232 0.000672837 0.000289418 0.000621558 0.000350875 0.00519362 0.000980341 -0.00274359
internal_weight=0 1189 80 1109 1068 976 635 341 1437 337 287 253 1100 1014 977 218 86 928 92
internal_count=2626 1189 80 1109 1068 976 635 341 1437 337 287 253 1100 1014 977 218 86 928 92
is_linear=0
shrinkage=0.03


Tree=303
num_leaves=21
num_cat=0
split_feature=18 0 1 3 3 7 3 13 3 3 7 17 7 3 8 5 16 12 16 13
split_gain=1.04078 2.18598 1.0086 1.008 1.80216 1.63505 1.72788 1.49866 1.2972 3.47019 1.03284 0.925629 0.666661 1.76383 1.60994 1.02908 0.8239 0.736325 0.590935 0.486859
threshold=4.5000000000000009 0.016600000000000004 0.56910000000000005 0.13455000000000003 0.11425 -0.3783999999999999 0.085450000000000012 2.0355202247191007 0.15205000000000005 0.17570000000000005 -0.37189999999999995 -0.00071460674157303161 -0.31149999999999994 0.017750000000000005 0.20095000000000002 0.22730000000000003 32.570215730337061 -1.5357831460674143 -24.753139325842763 -1.5368426966292146
decision_type=2 2 2 2 2 2 2 2 2 2 2 2 2 2 2 2 2 2 2 2
left_child=2 -2 3 4 5 7 -7 -1 -5 -10 -11 -6 13 16 18 -15 19 -17 -14 -3
right_child=1 12 -4 8 11 6 -8 -9 9 10 -12 -13 14 15 -16 17 -18 -19 -20 -21
leaf_value=0.0017544416707113983 -0.00727993938239648 0.0046036002311795471 -0.0037616128563078949 -0.0016719711881772069 0.0080086320253709951 0.00057352739035695119 -0.0016719711881772069 0.0082626188679049452 0.0094676253911765186 0.00093565087826073877 -0.0016719711881772069 0.0017771597332661834 -0.002449080037822968 0.004333087543422794 -0.0039791093795384933 0.0013897148260157408 0.0071522886163609871 -0.00091905069610744244 -0.00091905069610744244 -0.00012947884063183699
leaf_weight=97 47 31 54 50 45 761 60 42 34 169 84 41 79 34 55 127 34 472 257 53
leaf_count=97 47 31 54 50 45 761 60 42 34 169 84 41 79 34 55 127 34 472 257 53
internal_value=0 -0.000939237 0.00026062 0.00041767 0.000877387 0.000504682 -4.75139e-06 0.00351363 -0.00100922 0.00046897 -0.000740335 0.00503781 -0.000678279 -0.000155271 -0.00168283 -0.000782994 0.00321209 -0.000919051 -0.000919051 0.00161725
internal_weight=0 1189 1437 1383 1046 960 821 139 337 287 253 86 1142 751 391 633 118 599 336 84
internal_count=2626 1189 1437 1383 1046 960 821 139 337 287 253 86 1142 751 391 633 118 599 336 84
is_linear=0
shrinkage=0.03


Tree=304
num_leaves=13
num_cat=0
split_feature=0 16 8 14 14 7 17 14 7 7 4 0
split_gain=0.884659 2.04642 1.22609 0.646498 0.726121 1.76085 1.0044 0.600162 0.817474 0.410068 0.11291 0.108214
threshold=0.016600000000000004 27.881444943820217 0.14540000000000003 -0.43491348314606731 -0.12895393258426963 -0.43394999999999995 -0.0042185393258427064 -0.11695393258426963 -0.38239999999999991 -0.3098999999999999 0.13925000000000001 0.096300000000000011
decision_type=2 2 2 2 2 2 2 2 2 2 2 2
left_child=1 -1 -2 10 5 11 -7 9 -9 -6 -4 -5
right_child=2 -3 3 4 7 6 -8 8 -10 -11 -12 -13
leaf_value=-0.0016112270670190297 0.0042099498489655421 -0.0096127599111059669 0.0019654036633943448 0.00019044411527300182 0.0019654036633943448 -0.0016112270670190297 -0.00017256650718853932 0.0010473707406528402 -0.000571761880670496 -0.0014410081127425654 -5.8349055238068107e-05 0.0019654036633943448
leaf_weight=69 56 32 46 48 82 289 437 377 1098 32 30 30
leaf_count=69 56 32 46 48 82 289 437 377 1098 32 30 30
internal_value=0 -0.00304287 -0.000179582 -0.000279143 -0.000367221 -0.00110188 -0.00158452 4.50318e-06 -0.000157923 0.0019654 0.0019654 0.0019654
internal_weight=0 101 2525 2469 2393 804 726 1589 1475 114 76 78
internal_count=2626 101 2525 2469 2393 804 726 1589 1475 114 76 78
is_linear=0
shrinkage=0.03


Tree=305
num_leaves=21
num_cat=0
split_feature=15 4 7 15 15 3 3 3 3 15 3 4 3 12 17 15 3 4 4 3
split_gain=1.33529 2.64347 2.69078 0.925105 1.98721 1.09068 3.77617 3.05285 2.55744 1.92243 1.68679 3.25166 1.45465 1.44918 0.725323 0.643511 0.846049 1.65737 1.10528 0.0608885
threshold=-23.788350561797738 0.21930000000000002 -0.32039999999999996 1.856041011235954 5.636198876404495 0.15055000000000004 0.21215000000000003 0.25870000000000004 0.28045000000000003 -8.6613668539325825 0.11865000000000002 0.39680000000000004 0.11230000000000001 0.71181573033707946 -0.00071460674157303161 6.775791011235957 0.046950000000000013 0.071050000000000016 0.024100000000000003 0.13455000000000003
decision_type=2 2 2 2 2 2 2 2 2 2 2 2 2 2 2 2 2 2 2 2
left_child=1 2 -1 5 -5 10 9 -8 -9 -7 11 12 -2 19 -11 -6 18 -18 -17 -12
right_child=3 -3 -4 4 15 6 7 8 -10 14 13 -13 -14 -15 -16 16 17 -19 -20 -21
leaf_value=0.011165690800175069 0.00024551805892863 -0.0041065592691302303 0.0011618778029456732 0.0080038507028736845 -0.0026714108941248722 -0.0012106984683915095 0.0065667872432181064 -0.0085483599110291551 6.3292623411766006e-05 -0.013438405480235815 0.007589016956742853 -0.0084549265512438524 -0.0037017797971410412 -0.00098028744726131353 -0.0069931549375707447 0.0014886663355015586 0.0067461244396578805 0.00092679663994204014 -0.0017102039399490292 0.0056776529420167199
leaf_weight=45 1096 30 30 33 54 34 51 39 152 30 30 43 91 36 33 181 52 288 210 30
leaf_count=45 1096 30 30 33 54 34 51 39 152 30 30 43 91 36 33 181 52 288 210 30
internal_value=0 0.00341978 0.00643031 -3.41052e-05 0.000792045 -0.000439985 -0.00195855 4.60355e-05 -0.00169511 -0.00695969 -5.17543e-05 -0.00035068 -5.7097e-05 0.00377823 -0.0100623 0.000488873 0.000722328 0.00181681 -0.000229397 0.00663333
internal_weight=0 105 75 2483 818 1665 339 242 191 97 1326 1230 1187 96 63 785 731 340 391 60
internal_count=2588 105 75 2483 818 1665 339 242 191 97 1326 1230 1187 96 63 785 731 340 391 60
is_linear=0
shrinkage=0.03


Tree=306
num_leaves=22
num_cat=0
split_feature=16 16 3 0 12 12 17 3 3 3 16 3 17 15 4 7 6 4 18 0 16
split_gain=1.3343 1.7777 1.78643 4.5543 1.07975 1.63087 1.0669 1.51259 2.02169 1.67199 1.31179 1.01759 2.50628 2.04892 1.91889 2.78193 1.57552 1.54817 1.01552 0.76704 0.450944
threshold=32.901350561797763 33.094215730337062 0.15205000000000005 0.29825000000000007 2.0448039325842733 0.80481573033707587 -0.011820224719101128 0.37115000000000004 0.28140000000000004 0.26200000000000007 -54.493149438202259 0.17060000000000003 -0.015320224719101131 -9.9038932584269634 0.39680000000000004 -0.32264999999999994 -0.0044499999999999991 0.014350000000000002 4.5000000000000009 0.42035000000000006 -10.558919101123648
decision_type=2 2 2 2 2 2 2 2 2 2 2 2 2 2 2 2 2 2 2 2 2
left_child=6 19 3 -3 5 -5 11 8 9 10 -8 14 13 -13 15 16 -1 -17 -10 -2 -9
right_child=1 2 -4 4 -6 -7 7 20 18 -11 -12 12 -14 -15 -16 17 -18 -19 -20 -21 -22
leaf_value=-0.00017113800010373515 0.0024882854593784678 -0.011101349986368608 0.0066785386608292658 -0.0022598296234553512 -0.00233225801307708 0.0058300887245152679 0.0058914700660266366 -0.0016884766966104505 0.0020918542644655217 -0.0063394425497116415 0.0002368457941892353 -0.0058280604416504501 -0.009834892279826677 0.0032415622446056017 -0.0061431941029834831 -0.00039972779071213341 0.0039314261369249185 -0.0031102557587479791 0.0086266888761402736 0.0084098300604770575 -0.0068479559609606376
leaf_weight=186 35 31 36 33 45 70 38 30 49 34 1303 40 39 51 51 87 154 162 38 45 31
leaf_count=186 35 31 36 33 45 70 38 30 49 34 1303 40 39 51 51 87 154 162 38 45 31
internal_value=0 0.00200135 0.000580771 -0.000645596 0.00154446 0.00323817 -0.000142123 0.000318003 0.000511122 0.000230505 0.000397081 -0.00105222 -0.00347203 -0.000745085 -0.000560692 -7.73174e-05 0.00168708 -0.00248654 0.00494615 0.00581915 -0.00431051
internal_weight=0 295 215 179 148 103 2293 1523 1462 1375 1341 770 130 91 640 589 340 249 87 80 61
internal_count=2588 295 215 179 148 103 2293 1523 1462 1375 1341 770 130 91 640 589 340 249 87 80 61
is_linear=0
shrinkage=0.03


Tree=307
num_leaves=23
num_cat=0
split_feature=15 0 8 15 15 15 15 0 18 13 8 4 15 15 13 14 7 5 5 0 8 15
split_gain=1.16036 2.46327 2.07773 0.825635 1.87829 0.706543 1.22868 1.0969 1.87269 0.868586 2.64311 2.2701 0.599614 0.59057 0.915347 0.702398 0.557716 1.77218 0.945152 0.401903 0.162011 0.0923614
threshold=-23.788350561797738 0.27555000000000002 0.18255000000000002 1.856041011235954 5.636198876404495 -0.21830112359550566 -1.6509589887640448 0.74755000000000005 4.5000000000000009 -1.2829112359550556 0.16025000000000003 0.13925000000000001 6.775791011235957 -7.1730247191011234 1.9001398876404496 -0.2838134831460673 -0.35034999999999994 0.31340000000000007 0.29340000000000005 0.42035000000000006 0.18970000000000001 -0.48236685393258488
decision_type=2 2 2 2 2 2 2 2 2 2 2 2 2 2 2 2 2 2 2 2 2 2
left_child=1 -1 -3 5 -5 6 13 8 -8 10 -7 -12 -6 15 -15 -2 17 -14 -18 -11 -21 -9
right_child=3 2 -4 4 12 9 7 21 -10 19 11 -13 16 14 -16 -17 18 -19 -20 20 -22 -23
leaf_value=-0.0040779873694700647 -0.0015108266820981432 0.010767040417995304 0.001007708821396227 0.0077594272893938155 -0.0025972889979473416 0.005065509337931871 -0.0052232874183477289 0.0044415300618857144 0.0028724430238168375 -0.0027290664855390786 -0.0019027131593933229 -0.0096060412066678209 0.0064694123960247164 -0.00083691668414190453 -0.0052072532177902756 0.00048009238918564741 0.00070443456376210307 0.00084154877510967676 -0.0027609839414382414 0.0028026192690673714 0.00018403176739811895 0.0067956086006015536
leaf_weight=30 210 40 35 33 54 30 34 30 38 30 95 54 57 314 50 663 347 238 89 37 50 30
leaf_count=30 210 40 35 33 54 30 34 30 38 30 95 54 57 314 50 663 347 238 89 37 50 30
internal_value=0 0.00318729 0.00609341 -3.24227e-05 0.000748049 -0.000415862 -0.000128501 0.0026228 0.000126317 -0.00174491 -0.00305876 -0.00469452 0.000453304 -0.000422091 -0.00143724 1.17715e-06 0.000678655 0.00168605 -2.95591e-06 0.000265184 0.00129768 0.00561857
internal_weight=0 105 75 2483 818 1665 1369 132 72 296 179 149 785 1237 364 873 731 295 436 117 87 60
internal_count=2588 105 75 2483 818 1665 1369 132 72 296 179 149 785 1237 364 873 731 295 436 117 87 60
is_linear=0
shrinkage=0.03


Tree=308
num_leaves=23
num_cat=0
split_feature=16 16 2 1 17 5 1 7 16 5 5 8 5 13 14 16 14 14 13 8 17 12
split_gain=1.19673 1.64081 1.90349 1.7029 0.967716 0.877265 0.856667 0.811839 1.888 1.85989 1.6477 0.664161 1.13311 1.23548 1.08241 1.4639 1.38116 0.589894 0.547474 0.64107 0.298869 0.160174
threshold=32.901350561797763 33.094215730337062 0.00045000000000000004 0.29910000000000009 -0.011820224719101128 0.33285000000000003 0.017050000000000006 -0.32264999999999994 29.666444943820185 0.30245000000000005 0.29340000000000005 0.14280000000000001 0.43485000000000001 -1.8418426966292143 -0.030868539325842711 27.881444943820217 -0.18158426966292132 0.63245730337078687 3.9167595505617965 0.16025000000000003 0.011281460674157308 0.38502921348314351
decision_type=2 2 2 2 2 2 2 2 2 2 2 2 2 2 2 2 2 2 2 2 2 2
left_child=4 5 3 6 7 -2 -3 9 10 21 -9 20 14 -14 16 -16 -13 -8 19 -11 -6 -1
right_child=1 2 -4 -5 11 -7 17 8 -10 18 -12 12 13 -15 15 -17 -18 -19 -20 -21 -22 -23
leaf_value=0.0059303919214289636 0.0081940473141544987 0.0077333888479254459 -0.0051165585624877103 -0.0015880782780410764 0.0017853812179133891 0.0018125045350329441 0.0048262274514963019 -0.0013707394389467077 -0.0094700150191783898 0.001442810220537031 -0.007462010046467185 -0.00033298173559171193 -0.001623416960036254 -0.0077290473460547016 -0.00096893581160075197 0.0017853812179133891 0.0017853812179133891 0.00095522366568275008 0.0017059224366159085 -0.0013707394389467077 0.0055472364714369178 0.0029515876451676544
leaf_weight=32 47 33 43 30 30 33 47 179 30 73 40 331 31 37 644 54 366 62 37 346 30 33
leaf_count=32 47 33 43 30 30 33 47 179 30 73 40 331 31 37 644 54 366 62 37 346 30 33
internal_value=0 0.0018938 0.00052901 0.0019404 -0.000136165 0.00556166 0.00349853 -0.00100292 -0.00241198 -0.000329494 -0.00144513 0.000302051 0.00017518 -0.00360635 0.000359513 -0.000475549 0.00119577 0.00221641 -0.00100623 -0.00132414 0.00339558 0.00441808
internal_weight=0 295 215 172 2293 80 142 770 249 521 219 1523 1463 68 1395 698 697 109 456 419 60 65
internal_count=2588 295 215 172 2293 80 142 770 249 521 219 1523 1463 68 1395 698 697 109 456 419 60 65
is_linear=0
shrinkage=0.03


Tree=309
num_leaves=23
num_cat=0
split_feature=16 16 2 1 17 3 3 3 16 3 17 5 4 12 3 16 13 5 1 15 3 16
split_gain=1.09808 1.55798 1.77644 1.62755 0.922283 1.42662 1.88195 1.58802 1.23487 0.974295 2.3243 2.43229 1.83742 1.66386 1.6006 1.2629 0.954586 0.825418 0.809729 0.747248 0.634401 0.424157
threshold=32.901350561797763 33.094215730337062 0.00045000000000000004 0.29910000000000009 -0.011820224719101128 0.37115000000000004 0.28140000000000004 0.26200000000000007 -54.493149438202259 0.17060000000000003 -0.015320224719101131 0.34895000000000004 0.39680000000000004 1.1112595505617977 0.083850000000000022 28.526944943820187 -1.0639112359550562 0.33285000000000003 0.017050000000000006 -6.3738668539325838 0.078850000000000017 -10.558919101123648
decision_type=2 2 2 2 2 2 2 2 2 2 2 2 2 2 2 2 2 2 2 2 2 2
left_child=4 17 3 18 9 6 7 8 -6 12 11 13 14 -11 19 -16 -8 -2 -3 -1 -20 -7
right_child=1 2 -4 -5 5 21 16 -9 -10 10 -12 -13 -14 -15 15 -17 -18 -19 20 -21 -22 -23
leaf_value=-7.727419727991611e-05 0.0079482258899890353 0.0075013871761885559 -0.0049630620178961471 -0.0015543779523008998 0.0057140501568976199 -0.0016480450117960573 0.0076031662989407781 -0.0061820011331206728 0.0002277112799212022 0.007764500521123408 -0.0094652209860774193 -0.0077054174686782056 -0.0059516959527836123 -0.0021461594097256179 0.005560804625662664 -0.0016814945668222443 0.001284352523418 0.0017581294597634536 0.0044721568089203332 -0.0028368467243452527 0.00091489860356158562 -0.0066519369599559609
leaf_weight=370 47 33 43 30 38 30 48 34 1303 30 39 30 51 31 72 31 39 33 58 116 51 31
leaf_count=370 47 33 43 30 38 30 48 34 1303 30 39 30 51 31 72 31 39 33 58 116 51 31
internal_value=0 0.00182072 0.000490832 0.00185431 -0.000123772 0.000304034 0.000491584 0.000220839 0.000383178 -0.000969938 -0.00333771 -0.000711631 -0.000488985 0.00272794 -1.59831e-05 0.00338108 0.00477059 0.00539481 0.00338418 -0.000735938 0.00213768 -0.00419101
internal_weight=0 295 215 172 2293 1523 1462 1375 1341 770 130 91 640 61 589 103 87 80 142 486 109 61
internal_count=2588 295 215 172 2293 1523 1462 1375 1341 770 130 91 640 61 589 103 87 80 142 486 109 61
is_linear=0
shrinkage=0.03


Tree=310
num_leaves=21
num_cat=0
split_feature=14 3 0 14 16 8 7 15 12 16 3 3 3 3 18 3 8 13 8 3
split_gain=1.1062 1.98168 3.61679 3.07875 2.32857 2.13407 1.41258 1.72334 1.2 0.79826 0.540881 1.14883 1.59864 1.16156 0.654543 0.469315 0.462265 0.778863 0.355284 0.27475
threshold=-0.18595393258426959 0.088700000000000015 0.27555000000000002 -0.31581348314606728 32.570215730337061 0.18310000000000001 -0.34824999999999995 15.312628089887648 -0.20338202247190648 -50.577649438202279 0.0016000000000000001 0.0025500000000000006 0.0032500000000000007 0.0064500000000000009 4.5000000000000009 0.026800000000000004 0.17485000000000003 -3.8039471910112357 0.19110000000000002 0.00065000000000000008
decision_type=2 2 2 2 2 2 2 2 2 2 2 2 2 2 2 2 2 2 2 2
left_child=1 2 -1 8 6 -5 7 -3 15 16 14 18 -13 -14 19 -4 -2 -18 -12 -11
right_child=9 4 3 5 -6 -7 -8 -9 -10 10 11 12 13 -15 -16 -17 17 -19 -20 -21
leaf_value=-0.010270650920912157 0.00085568070055588202 -0.0026463417162926029 0.00096407534377970577 0.00051901523023843764 0.006644107199283507 -0.0058885515015396845 -0.0061747821047902106 0.0051291888236554093 0.0050372460064562882 -0.0019170980347741036 -0.0014200237224047834 0.0066250456926146787 -0.0025787017840641336 0.00036864602461773085 0.0044675272169633438 -0.00365781863220036 -0.001176896052938542 -0.0058709757752716538 -0.005729509230198649 0.0017532743687431018
leaf_weight=50 34 58 58 51 49 84 35 46 55 31 33 35 130 1620 59 30 47 50 36 45
leaf_count=50 34 58 58 51 49 84 35 46 55 31 33 35 130 1620 59 30 47 50 36 45
internal_value=0 -0.00143494 -0.00284246 -0.00150645 0.00102074 -0.00475573 -0.000961601 0.000792835 0.00156105 0.000113941 0.000263338 0.000129843 0.000276668 0.0001497 0.00209668 -0.00061157 -0.00215439 -0.00320947 -0.00366845 0.000256149
internal_weight=0 516 328 278 188 135 139 104 143 2120 1989 1854 1785 1750 135 88 131 97 69 76
internal_count=2636 516 328 278 188 135 139 104 143 2120 1989 1854 1785 1750 135 88 131 97 69 76
is_linear=0
shrinkage=0.03


Tree=311
num_leaves=20
num_cat=0
split_feature=15 7 13 17 7 8 16 17 7 15 15 3 0 3 15 3 7 0 3
split_gain=1.05745 2.51218 4.56901 1.32745 1.11418 0.975443 0.843037 1.04136 2.715 1.2148 2.50918 1.30503 1.10377 1.0519 0.674111 0.48366 0.420731 0.891907 0.365805
threshold=-12.533024719101123 -0.42464999999999992 2.6790528089887649 -0.0042185393258427064 -0.29794999999999994 0.18255000000000002 -50.577649438202279 0.039179775280898867 -0.34939999999999999 -0.21830112359550566 -1.6509589887640448 0.0016000000000000001 0.30040000000000006 0.36100000000000004 -0.63070898876404413 0.036800000000000006 -0.32949999999999996 0.36720000000000003 0.016050000000000005
decision_type=2 2 2 2 2 2 2 2 2 2 2 2 2 2 2 2 2 2 2
left_child=1 -1 -3 5 -5 -4 16 9 -9 10 12 -11 -8 -13 -12 -10 17 -2 -18
right_child=6 2 3 4 -6 -7 7 8 15 11 14 13 -14 -15 -16 -17 18 -19 -20
leaf_value=0.0048625804183001706 -0.0018107919427486606 -0.013847175585106015 -0.0011043062406562029 0.00069747963655791053 -0.0047344768034321642 -0.0085711410117801281 -0.0015745676265120686 0.010703571604564786 0.0020697843921370805 0.0039229824649170044 0.0066495360814682819 -0.0012647137695943646 0.00071313018269601053 0.0041162029525045954 0.0022408399150069605 -0.0027547490538563577 -0.0018107919427486606 0.0029921388366658773 -0.0052662691967966758
leaf_weight=39 32 32 31 69 34 32 248 30 45 50 69 853 809 34 57 32 52 42 46
leaf_count=39 32 32 31 69 34 32 248 30 45 50 69 853 809 34 57 32 52 42 46
internal_value=0 -0.00209683 -0.00346762 -0.00146674 0.000631365 -0.00489698 3.73163e-06 0.000160022 0.00304762 1.42805e-05 0.000653403 -0.000792637 0.000176376 -0.00105846 0.00465513 6.47835e-05 -0.00201987 -0.000312389 -0.0033092
internal_weight=0 237 198 166 103 63 2399 2227 107 2120 1183 937 1057 887 126 77 172 74 98
internal_count=2636 237 198 166 103 63 2399 2227 107 2120 1183 937 1057 887 126 77 172 74 98
is_linear=0
shrinkage=0.03


Tree=312
num_leaves=21
num_cat=0
split_feature=14 3 0 14 16 8 7 15 12 16 3 3 3 3 15 16 0 12 3 3
split_gain=1.00389 1.82857 3.40575 2.87559 2.19949 2.01875 1.29874 1.57543 1.15942 0.716153 0.541194 1.64167 3.89578 1.77737 1.57709 1.0063 0.473621 0.924619 0.438379 0.401738
threshold=-0.18595393258426959 0.088700000000000015 0.27555000000000002 -0.31581348314606728 32.570215730337061 0.18310000000000001 -0.34824999999999995 15.312628089887648 -0.20338202247190648 -50.577649438202279 0.37115000000000004 0.27420000000000005 0.25870000000000004 0.21750000000000003 7.5527910112359562 7.7131404494380726 0.35750000000000004 -2.0850101123595475 0.026800000000000004 0.4391000000000001
decision_type=2 2 2 2 2 2 2 2 2 2 2 2 2 2 2 2 2 2 2 2
left_child=1 2 -1 8 6 -5 7 -3 18 16 11 12 13 -11 15 -13 -2 -18 -4 -12
right_child=9 4 3 5 -6 -7 -8 -9 -10 10 19 14 -14 -15 -16 -17 17 -19 -20 -21
leaf_value=-0.0099254061103798436 -0.0052779384089573734 -0.0025388675346842099 0.00093109000988047695 0.00056381240322747649 0.0064590582324724113 -0.0056730746287602931 -0.0059315394170449251 0.0048955160566180453 0.0049607275641438634 0.00012115661390113504 -0.0048421587134362199 0.0046737546355900715 -0.010436144777603686 0.0056001335083803328 0.0092680117487907408 -0.0014705737937796622 0.0018587831414633375 -0.0031558600912888293 -0.003535880415700376 -5.0266150745653335e-05
leaf_weight=50 31 58 58 51 49 84 35 46 55 1711 32 49 31 55 33 47 51 49 30 31
leaf_count=50 31 58 58 51 49 84 35 46 55 1711 32 49 31 55 33 47 51 49 30 31
internal_value=0 -0.00136513 -0.00271719 -0.00142074 0.000993773 -0.00456099 -0.000932838 0.000749418 0.00154382 0.000110389 0.000251895 0.000341395 0.000106726 0.000291793 0.0036104 0.00166559 -0.00203812 -0.00103378 -0.000591741 -0.00248424
internal_weight=0 516 328 278 188 135 139 104 143 2120 1989 1926 1797 1766 129 96 131 100 88 63
internal_count=2636 516 328 278 188 135 139 104 143 2120 1989 1926 1797 1766 129 96 131 100 88 63
is_linear=0
shrinkage=0.03


Tree=313
num_leaves=24
num_cat=0
split_feature=14 7 0 14 7 6 15 15 1 17 14 15 16 16 8 7 14 13 1 8 16 7 7
split_gain=0.956678 1.46933 4.10595 2.43154 1.06966 1.01289 0.689247 4.4999 2.17994 1.2159 0.734089 0.813609 0.754587 1.84713 1.21737 0.678032 1.26265 0.638746 0.675022 0.590029 1.14906 0.536744 0.234818
threshold=-0.18595393258426959 -0.42994999999999994 0.24995000000000003 -0.27054269662921332 -0.34549999999999997 0.038850000000000003 10.523291011235957 17.263128089887644 0.017050000000000006 0.030277528089887654 0.48391573033707874 -8.4318668539325827 -22.692750561797705 7.7131404494380726 0.14280000000000001 -0.33164999999999994 -0.31581348314606728 -2.8697404494382037 0.10295000000000001 0.19900000000000004 22.737249438202358 -0.3542499999999999 -0.36204999999999993
decision_type=2 2 2 2 2 2 2 2 2 2 2 2 2 2 2 2 2 2 2 2 2 2 2
left_child=1 5 -3 15 -5 -1 10 -8 9 -9 11 19 14 -14 -13 -4 -17 21 -19 20 -2 -10 -12
right_child=6 2 3 4 -6 -7 7 8 17 -11 22 12 13 -15 -16 16 -18 18 -20 -21 -22 -23 -24
leaf_value=0.00040873126719025317 -0.0025481114401682292 -0.0093322229164384176 0.00040873126719025317 0.00040873126719025317 -0.0050856734638012177 0.0062405460038663521 -0.011647740907289764 0.0092032793926773594 0.0019155450834202842 0.0019155450834202842 0.0050112092697194638 0.005109678099597139 0.0026295618911908103 -0.00022831824372918932 -0.00066279513618293937 -0.00046162783779083247 -0.0046103903289884327 -0.00028252871385936077 -0.0046180411188365654 -0.0044370406713675368 0.00099355431477113668 -0.0011182199531955823 0.001718597344376824
leaf_weight=30 90 59 119 30 36 38 33 32 41 30 35 35 381 437 543 129 75 58 73 44 151 93 44
leaf_count=30 90 59 119 30 36 38 33 32 41 30 35 35 381 437 543 129 75 58 73 44 151 93 44
internal_value=0 -0.00133394 -0.00195763 -0.000839124 -0.00508567 0.0027751 0.000106462 -0.00108958 -2.40759e-05 0.00503996 0.000351106 0.000218285 0.000516496 0.0011028 -0.000313251 0.000252227 -0.00133199 -0.00120887 -0.0026985 -0.00124243 -0.000659182 0.000247413 0.00317735
internal_weight=0 516 448 389 66 68 2120 360 327 62 1760 1681 1396 818 578 323 204 265 131 285 241 134 79
internal_count=2636 516 448 389 66 68 2120 360 327 62 1760 1681 1396 818 578 323 204 265 131 285 241 134 79
is_linear=0
shrinkage=0.03


Tree=314
num_leaves=19
num_cat=0
split_feature=3 4 3 3 3 14 15 7 16 3 3 12 16 7 5 3 3 5
split_gain=0.950955 4.89022 3.25291 2.22304 2.09324 2.59123 2.11127 1.13923 1.03193 1.32247 3.40281 2.83892 3.28582 2.07467 1.14347 0.880877 0.394428 0.117149
threshold=0.11275000000000002 0.39680000000000004 0.11230000000000001 0.11585000000000002 0.077300000000000021 0.029631460674157343 -23.788350561797738 -0.35244999999999999 33.325080898876372 0.17060000000000003 0.18280000000000005 0.2500292134831455 -9.9194191011236494 -0.33544999999999997 0.34895000000000004 0.06795000000000001 0.11425 0.36195000000000005
decision_type=2 2 2 2 2 2 2 2 2 2 2 2 2 2 2 2 2 2
left_child=1 2 4 16 6 7 17 -6 9 11 -11 12 -5 -13 -12 -8 -2 -1
right_child=3 -3 -4 8 5 -7 15 -9 -10 10 14 13 -14 -15 -16 -17 -18 -19
leaf_value=-0.0029657125007361172 0.0038495574855747128 -0.0094409554751796847 -0.0048589146791382827 0.0007112992787459755 0.01126387105556205 -0.0016772029226024947 6.5687271069233815e-05 0.0034843110182555389 0.0043681977879256014 -0.0078062324852939576 0.0011155102684366502 0.0017644562111236153 0.01012187783555551 -0.0077555403848619826 -0.0022419657475790744 -0.0034261452912195478 0.00842503728158772 -0.0048589146791382827
leaf_weight=38 39 54 44 85 36 45 1484 32 50 58 266 45 55 38 139 68 30 30
leaf_count=38 39 54 44 85 36 45 1484 32 50 58 266 45 55 38 139 68 30 30
internal_value=0 -0.000547142 -0.000276874 0.000690035 -4.04619e-05 0.00390728 -0.000315829 0.0076029 0.00020733 -9.59406e-05 -0.00101008 0.00180203 0.00440831 -0.0025941 -3.68087e-05 -8.73054e-05 0.0058389 -0.00485891
internal_weight=0 1831 1777 805 1733 113 1620 68 736 686 463 223 140 83 405 1552 69 68
internal_count=2636 1831 1777 805 1733 113 1620 68 736 686 463 223 140 83 405 1552 69 68
is_linear=0
shrinkage=0.03


Tree=315
num_leaves=15
num_cat=0
split_feature=3 15 15 16 0 14 14 7 3 13 13 7 3 16
split_gain=2.00552 2.40959 0.966519 0.897931 1.42029 1.33031 1.71829 1.36304 1.08793 3.42707 1.45965 0.86564 0.65187 0.889364
threshold=0.37115000000000004 -1.8483011235955054 30.472062359550563 28.526944943820187 0.029800000000000004 -0.31581348314606728 -0.18595393258426959 -0.32264999999999994 0.078850000000000017 2.0786573033707865 2.7237084269662906 -0.38239999999999991 0.11310000000000002 26.560249438202337
decision_type=2 2 2 2 2 2 2 2 2 2 2 2 2 2
left_child=2 -2 3 5 -5 12 7 -7 9 -6 -10 -8 13 -1
right_child=1 -3 -4 4 8 6 11 -9 10 -11 -12 -13 -14 -15
leaf_value=0.0087401974671267556 0.0010234988389945612 -0.0088796904991613693 -0.0036694058476185254 -0.0066794412837109778 0.007344103919277931 -0.00075429528757922529 0.0018735955751869628 -0.0081175262970583778 -0.003483814170111686 -0.00052458354653513574 5.3409968705889873e-05 0.00030146087140411112 0.0010677393995802444 0.0018304348811507224
leaf_weight=38 41 48 55 33 58 64 427 35 61 353 133 1204 46 30
leaf_count=38 41 48 55 33 58 64 427 35 61 353 133 1204 46 30
internal_value=0 -0.00431755 0.000264155 0.000351321 -0.000618769 0.000686959 0.000480113 -0.00335746 -0.000288187 0.00058584 -0.00213986 0.00071305 0.00382593 0.00569177
internal_weight=0 89 2537 2482 638 1844 1730 99 605 411 194 1631 114 68
internal_count=2626 89 2537 2482 638 1844 1730 99 605 411 194 1631 114 68
is_linear=0
shrinkage=0.03


Tree=316
num_leaves=26
num_cat=0
split_feature=16 8 7 0 17 16 14 7 12 7 15 0 13 16 8 0 15 15 6 6 14 7 13 0 7
split_gain=0.664649 4.16704 4.88764 1.32658 1.58951 1.14311 1.77853 1.69043 1.34875 1.06002 1.01481 2.20616 2.33034 1.60135 0.957443 1.17711 1.35363 0.858236 0.627983 0.518648 0.474264 0.444214 0.30425 0.264333 0.430864
threshold=28.96344494382021 0.20095000000000002 -0.31494999999999995 0.57220000000000015 -0.0013202247191011205 -5.8954191011236494 -0.18595393258426959 -0.46034999999999998 0.29652921348314548 -0.37404999999999994 -6.3738668539325838 0.62315000000000009 -0.16197977528089777 8.8318606741572143 0.14280000000000001 0.049150000000000006 -3.1038719101123493 -10.080393258426964 0.018450000000000005 0.045500000000000006 -0.26054269662921331 -0.39159999999999995 3.9167595505617965 0.29825000000000007 -0.42254999999999993
decision_type=2 2 2 2 2 2 2 2 2 2 2 2 2 2 2 2 2 2 2 2 2 2 2 2 2
left_child=5 3 -3 9 20 6 -1 8 -7 23 17 13 -13 -12 -8 -16 -17 22 -11 -6 -5 -19 -9 24 -2
right_child=1 2 -4 4 19 7 14 10 -10 18 11 12 -14 -15 15 16 -18 21 -20 -21 -22 -23 -24 -25 -26
leaf_value=-0.0056728597585428159 -0.00069899618315852081 -0.0040684042056286264 -0.017538818188011646 0.0033070894405245778 0.0026051574169347683 0.010338726961053908 0.0039295675633296088 -0.0011325303744679248 0.0032169008558903438 -0.0040684042056286264 -0.0062724127963662757 0.0032169008558903438 -0.00082708182075672367 -0.00082708182075672367 -0.0051011550220725838 -0.0025618987531870452 0.0003461248280344778 0.0032169008558903438 -0.0019244306172718675 0.0075686033209785815 3.6344679257011081e-05 0.0017185733455882556 0.0013844155461660453 3.6344679257011081e-05 -0.0019244306172718675
leaf_weight=53 78 31 30 40 36 32 52 113 36 70 79 103 76 67 43 74 844 72 30 40 157 317 70 51 32
leaf_count=53 78 31 30 40 36 32 52 113 36 70 79 103 76 67 43 74 844 72 30 40 157 317 70 51 32
internal_value=0 -0.000778583 -0.00820676 6.99545e-05 0.00153198 0.00036154 -0.000315628 0.00110958 0.00566993 -0.00145929 0.00076387 -0.000574804 0.00165747 -0.00331164 -3.53386e-05 -0.000249881 -2.26425e-05 0.00152448 -0.00388521 0.0052175 0.00011016 0.00232151 -0.000169764 3.63447e-05 -0.00143434
internal_weight=0 595 61 534 273 2031 1066 965 68 261 897 325 179 146 1013 961 918 572 100 76 197 389 183 161 110
internal_count=2626 595 61 534 273 2031 1066 965 68 261 897 325 179 146 1013 961 918 572 100 76 197 389 183 161 110
is_linear=0
shrinkage=0.03


Tree=317
num_leaves=17
num_cat=0
split_feature=3 15 15 16 8 15 16 7 12 3 7 4 17 3 12 1
split_gain=1.85233 2.24521 0.856733 0.804797 3.16712 1.40262 1.22345 1.9823 2.33465 1.63035 1.40283 1.10392 1.71535 1.46934 1.0736 0.784755
threshold=0.37115000000000004 -1.8483011235955054 30.472062359550563 28.526944943820187 0.20095000000000002 -10.040871910112347 -5.8954191011236494 -0.43744999999999995 0.29652921348314548 0.17060000000000003 -0.33469999999999994 0.12835000000000002 -0.0013202247191011205 0.046950000000000013 -0.77568426966292126 0.29910000000000009
decision_type=2 2 2 2 2 2 2 2 2 2 2 2 2 2 2 2
left_child=2 -2 3 6 11 -6 10 8 -8 -9 15 12 -5 -13 -12 -1
right_child=1 -3 -4 4 5 -7 7 9 -10 -11 14 13 -14 -15 -16 -17
leaf_value=0.0019829928208246967 0.0010034638252563591 -0.0085559803343494417 -0.0034523710378191689 6.2140724218113008e-05 -0.011789238004013896 -0.0035249900508636345 0.012327097396958957 0.0015381742226919508 0.0034609378952422352 -0.0025470248066663446 -0.00045979554877510363 -0.0035249900508636345 0.0051847936258324094 -0.00024154086260142437 -0.0038474849029661753 -4.7706105280261695e-05
leaf_weight=321 41 48 55 287 30 30 33 679 49 101 395 39 74 178 107 159
leaf_count=321 41 48 55 287 30 30 33 679 49 101 395 39 74 178 107 159
internal_value=0 -0.00415219 0.000251052 0.000333118 -0.000585286 -0.00714571 0.000650874 0.00147565 0.00591268 0.00100919 -7.31151e-05 9.57267e-05 0.00111221 -0.0015953 -0.00118187 0.00108646
internal_weight=0 89 2537 2482 638 60 1844 862 82 780 982 578 361 217 502 480
internal_count=2626 89 2537 2482 638 60 1844 862 82 780 982 578 361 217 502 480
is_linear=0
shrinkage=0.03


Tree=318
num_leaves=17
num_cat=0
split_feature=3 15 15 17 15 8 4 3 4 5 8 13 15 7 3 3
split_gain=1.73964 2.11252 0.804329 0.786961 1.29472 2.69781 1.25559 1.1958 2.26347 1.75167 1.62081 1.87437 1.45892 1.10176 3.18801 0.589352
threshold=0.37115000000000004 -1.8483011235955054 30.472062359550563 -0.011820224719101128 -12.533024719101123 0.18310000000000001 0.12835000000000002 0.016750000000000004 0.015200000000000002 0.21680000000000002 0.19750000000000004 2.0710887640449429 -7.999708988764044 -0.3783999999999999 0.13455000000000003 0.046950000000000013
decision_type=2 2 2 2 2 2 2 2 2 2 2 2 2 2 2 2
left_child=2 -2 3 4 5 6 -1 10 -9 -10 12 -12 -5 15 -15 -6
right_child=1 -3 -4 7 13 -7 -8 8 9 -11 11 -13 -14 14 -16 -17
leaf_value=0.0039498666798075035 0.00097336003602277931 -0.0082993010157952074 -0.0033487999644130468 0.0048779008070263877 0.000393989050451014 -0.010003524150548351 -0.0035668794885277745 0.0089545262330348648 0.0050171016466269988 0.00068710865163619148 -0.0015238400126324793 -0.0094978166546891701 -0.00028246234306969362 -0.00017935386603957677 -0.010080929521711603 0.0024941374313093021
leaf_weight=36 41 48 55 58 94 37 45 34 84 887 83 34 329 523 31 207
leaf_count=36 41 48 55 58 94 37 45 34 84 887 83 34 329 523 31 207
internal_value=0 -0.00402763 0.000239571 0.000319087 -0.000346163 -0.0032919 -0.000226103 0.00074804 0.00134609 0.00107968 -0.000444501 -0.00353861 0.000490925 6.03835e-05 -0.000733413 0.00152139
internal_weight=0 89 2537 2482 973 118 81 1509 1005 971 504 117 387 855 554 301
internal_count=2626 89 2537 2482 973 118 81 1509 1005 971 504 117 387 855 554 301
is_linear=0
shrinkage=0.03


Tree=319
num_leaves=17
num_cat=0
split_feature=3 15 15 17 15 8 0 3 4 0 8 16 16 7 3 0
split_gain=1.63643 1.98767 0.756574 0.746032 1.21569 2.53837 1.5449 1.12307 2.12939 2.13239 1.51795 2.18174 1.5876 1.02765 2.9996 1.34832
threshold=0.37115000000000004 -1.8483011235955054 30.472062359550563 -0.011820224719101128 -12.533024719101123 0.18310000000000001 0.29825000000000007 0.016750000000000004 0.015200000000000002 0.81950000000000012 0.19750000000000004 15.368640449438148 26.560249438202337 -0.3783999999999999 0.13455000000000003 0.38135000000000002
decision_type=2 2 2 2 2 2 2 2 2 2 2 2 2 2 2 2
left_child=2 -2 3 4 5 6 -1 10 -9 -10 12 -12 -5 15 -15 -6
right_child=1 -3 -4 7 13 -7 -8 8 9 -11 11 -13 -14 14 -16 -17
leaf_value=-0.0047374112370449145 0.00094415916447959289 -0.0080503220733953648 -0.0032483360071412543 -0.00024683324084411154 0.00078589056137328339 -0.0097034184085960321 0.0035799833943813359 0.0086858904484988127 0.00043275136322045891 0.0042611986370936321 -0.0014735879293943106 -0.010287726266730217 0.0055826033465564244 -0.00017397323826915116 -0.0097785015199934287 0.0073918928987076202
leaf_weight=37 41 48 55 339 270 37 44 34 815 156 86 31 48 523 31 31
leaf_count=37 41 48 55 339 270 37 44 34 815 156 86 31 48 523 31 31
internal_value=0 -0.0039068 0.000231881 0.000309001 -0.000338719 -0.00319315 -0.00021932 0.000726649 0.00130623 0.00104783 -0.00042906 -0.00342337 0.000476198 5.52252e-05 -0.000711411 0.00146624
internal_weight=0 89 2537 2482 973 118 81 1509 1005 971 504 117 387 855 554 301
internal_count=2626 89 2537 2482 973 118 81 1509 1005 971 504 117 387 855 554 301
is_linear=0
shrinkage=0.03


Tree=320
num_leaves=19
num_cat=0
split_feature=3 3 7 5 3 4 3 15 7 3 3 16 16 1 15 14 14 12
split_gain=1.86978 7.84243 3.59382 3.29854 3.29286 3.06588 2.94912 2.31899 1.99595 1.83286 1.93594 1.33052 2.48189 1.5796 1.21086 0.926378 0.787517 0.436761
threshold=0.17515000000000003 0.15205000000000005 -0.36204999999999993 0.31340000000000007 0.13615000000000002 0.39680000000000004 0.11370000000000001 -0.48236685393258488 -0.34824999999999995 0.11425 0.11230000000000001 -40.204750561797702 -4.3259191011236444 0.10295000000000001 -0.63070898876404413 -0.27054269662921332 -0.0049134831460674313 -0.77568426966292126
decision_type=2 2 2 2 2 2 2 2 2 2 2 2 2 2 2 2 2 2
left_child=1 4 11 8 5 9 -7 -6 -4 10 -1 -2 13 17 -11 -14 -17 -13
right_child=2 -3 3 -5 7 6 -8 -9 -10 14 -12 12 15 -15 -16 16 -18 -19
leaf_value=0.00031097758995567723 -0.0032330224295617953 0.0122266398425749 -0.0032330224295617953 -0.014370330232618885 -0.0016155981799451315 -0.010152220273341395 -0.0024545027628333255 -0.012299694546752355 -0.0089078906739154095 0.0010213620337548063 -0.0024545027628333255 0.0086578780731472824 0.002321852889311101 -0.0011866086589482924 0.006842974642993974 -0.0032330224295617953 -0.0005557398325098412 0.0040755084382059674
leaf_weight=1737 30 47 59 33 41 57 37 33 42 68 70 39 42 36 61 50 105 36
leaf_count=1737 30 47 59 33 41 57 37 33 42 68 70 39 42 36 61 50 105 36
internal_value=0 0.000106704 -0.00197839 -0.00613591 -0.000164036 6.25602e-05 -0.00522846 -0.00638013 -0.00344545 0.000319459 7.28272e-05 -0.000330138 0.000391256 0.0039789 0.00377422 -0.00163021 -0.00270109 0.00645834
internal_weight=0 2151 472 134 2104 2030 94 74 101 1936 1807 338 308 111 129 197 155 75
internal_count=2623 2151 472 134 2104 2030 94 74 101 1936 1807 338 308 111 129 197 155 75
is_linear=0
shrinkage=0.03


Tree=321
num_leaves=21
num_cat=0
split_feature=8 14 15 7 8 4 14 15 7 13 14 16 0 8 15 16 16 1 4 0
split_gain=1.91269 1.75259 1.15103 2.21651 2.18348 1.26431 2.29592 1.18023 1.07936 0.995208 0.855002 1.31132 0.833649 0.802549 0.995527 0.759139 0.406567 0.310431 0.166415 0.0420986
threshold=0.14540000000000003 -0.1939539325842696 -12.385024719101123 -0.31149999999999994 0.19655000000000003 0.10385000000000001 0.10100112359550563 -9.9038932584269634 -0.33469999999999994 -2.0218426966292138 0.17668651685393275 -10.558919101123648 0.27555000000000002 0.19185000000000002 10.228291011235957 32.570215730337061 -24.753139325842763 0.052700000000000004 0.071050000000000016 0.090150000000000008
decision_type=2 2 2 2 2 2 2 2 2 2 2 2 2 2 2 2 2 2 2 2
left_child=1 -1 3 12 -5 13 7 -7 -9 -3 -8 -12 -2 14 16 -14 -4 18 -15 -11
right_child=2 9 5 4 -6 6 10 8 -10 19 11 -13 15 17 -16 -17 -18 -19 -20 -21
leaf_value=0.0090867357726462858 -0.0034319879674983931 0.00661247672453042 0.00025065439570560105 -0.0034319879674983931 -0.012431422024965286 -0.0064727037474513055 -0.007907081414790202 -0.00040417593621209954 -0.0047978304812043423 0.0012349019649314015 -0.0063377291771041146 -0.0012223800435743253 -0.0013948966435234791 0.00025065439570560105 0.00025065439570560105 0.0012349019649314015 0.0012349019649314015 -0.00040417593621209954 -7.6760770253249248e-05 0.0040801702082358497
leaf_weight=33 56 31 113 52 33 30 36 504 61 57 67 138 63 406 221 84 519 39 43 37
leaf_count=33 56 31 113 52 33 30 36 504 61 57 67 138 63 406 221 84 519 39 43 37
internal_value=0 0.00293736 -0.000467554 -0.00224989 -0.00631711 -0.000231766 -0.00114742 -0.000404176 -0.000404176 0.00131392 -0.00364303 -0.00289423 -0.000546861 0.000339066 0.000905485 0.000642195 0.0012349 -0.000404176 0.000250654 0.0012349
internal_weight=0 158 2465 288 85 2177 836 595 565 125 241 205 203 1341 853 147 632 488 449 94
internal_count=2623 158 2465 288 85 2177 836 595 565 125 241 205 203 1341 853 147 632 488 449 94
is_linear=0
shrinkage=0.03


Tree=322
num_leaves=15
num_cat=0
split_feature=8 3 3 7 18 3 3 3 3 0 0 13 3 12
split_gain=1.74095 1.49781 4.73605 3.17145 1.94342 1.62892 4.64046 1.5287 2.47791 1.24745 1.06763 0.552059 0.0118932 0.00250441
threshold=0.14540000000000003 0.17570000000000005 0.18280000000000005 -0.33849999999999997 5.5000000000000009 0.15205000000000005 0.13615000000000002 0.11425 0.06795000000000001 0.049150000000000006 0.10110000000000001 -1.4773426966292147 0.30785000000000007 0.80481573033707587
decision_type=2 2 2 2 2 2 2 2 2 2 2 2 2 2
left_child=10 5 -3 4 9 6 7 8 -2 -4 11 -1 -6 -13
right_child=1 2 3 -5 12 -7 -8 -9 -10 -11 -12 13 -14 -15
leaf_value=0.003853946728958761 6.8763831008896779e-05 -0.013337122533290136 -0.0039733379438985136 -0.01057032892294228 -0.0048781655921090027 0.0011752458138643092 -0.0086704889478919616 0.0011752458138643092 -0.0029191861983215391 0.0011752458138643092 0.0065326476440532135 0.0011752458138643092 -0.0055053641609932877 0.0038354079324219906
leaf_weight=33 1445 31 48 30 31 62 59 154 302 273 48 42 30 35
leaf_count=33 1445 31 48 30 31 62 59 154 302 273 48 42 30 35
internal_value=0 -0.000448979 -0.00202888 -0.00117802 -0.000440399 -0.000102839 -0.000384608 -0.000127445 -0.000447756 0.000492393 0.00279947 0.00117525 -0.00534903 0.00117525
internal_weight=0 2465 443 412 382 2022 1960 1901 1747 321 158 110 61 77
internal_count=2623 2465 443 412 382 2022 1960 1901 1747 321 158 110 61 77
is_linear=0
shrinkage=0.03


Tree=323
num_leaves=20
num_cat=0
split_feature=3 3 7 17 3 8 3 3 7 12 17 0 18 12 1 14 15 12 13
split_gain=1.63267 7.37551 3.11516 4.7669 2.91952 13.077 2.19352 2.70832 1.77716 1.53207 1.51757 1.32283 1.28904 2.04702 2.9059 0.944343 0.585133 0.515779 0.398715
threshold=0.17515000000000003 0.15205000000000005 -0.36204999999999993 0.0022775280898876264 0.13615000000000002 0.19185000000000002 0.11370000000000001 0.06795000000000001 -0.3088499999999999 0.15421685393258325 -0.02132415730337078 0.46205000000000002 5.5000000000000009 -0.2988820224719077 0.10295000000000001 0.018131460674157333 -0.20636685393258422 -0.2988820224719077 -1.7933426966292154
decision_type=2 2 2 2 2 2 2 2 2 2 2 2 2 2 2 2 2 2 2
left_child=1 4 10 -4 6 -6 7 8 -1 17 -2 -9 13 14 -12 -11 -15 -8 -5
right_child=2 -3 3 18 5 -7 9 11 -10 15 12 -13 -14 16 -16 -17 -18 -19 -20
leaf_value=0.0011992119422903145 0.0054321940746661782 0.011866144383365803 -0.013946986986451188 -0.0068476153561704061 0.0044102927216921337 -0.021276117339730262 0.0044201429230082082 -0.005115431855352094 -0.00083233495506226214 -0.0030963717925509338 0.0070401402683505278 -0.0011054665616071827 -0.0030039598751604776 -0.0029243068896946224 -0.0030039598751604776 0.003548818190510456 0.0014252308436802454 0.0092514128349721423 -0.0030039598751604776
leaf_weight=849 37 47 44 35 44 30 59 130 713 38 66 172 31 136 33 39 35 30 55
leaf_count=849 37 47 44 35 44 30 59 130 713 38 66 172 31 136 33 39 35 30 55
internal_value=0 0.000112543 -0.00183586 -0.00570662 -0.000150013 -0.00600312 6.33509e-05 -0.000230939 0.00027188 0.00336791 -0.000301298 -0.00283161 -0.00100608 -4.64942e-05 0.00338656 0.000269374 -0.00203405 0.00604866 -0.00300396
internal_weight=0 2151 472 134 2104 74 2030 1864 1562 166 338 302 301 270 99 77 171 89 90
internal_count=2623 2151 472 134 2104 74 2030 1864 1562 166 338 302 301 270 99 77 171 89 90
is_linear=0
shrinkage=0.03


Tree=324
num_leaves=18
num_cat=0
split_feature=3 3 7 17 3 18 4 17 3 3 17 18 12 1 3 15 13
split_gain=1.53345 6.93961 2.84558 4.53405 2.74698 3.57166 2.74086 4.62068 1.62081 1.75577 1.43826 1.22824 1.91933 2.74541 1.16765 0.550552 0.362985
threshold=0.17515000000000003 0.15205000000000005 -0.36204999999999993 0.0022775280898876264 0.13615000000000002 4.5000000000000009 0.39680000000000004 -0.017054494382022441 0.11425 0.11230000000000001 -0.02132415730337078 5.5000000000000009 -0.2988820224719077 0.10295000000000001 0.11585000000000002 -0.20636685393258422 -1.7933426966292154
decision_type=2 2 2 2 2 2 2 2 2 2 2 2 2 2 2 2 2
left_child=1 4 10 -4 6 -6 8 -8 9 -1 -2 12 13 -12 -10 -14 -5
right_child=2 -3 3 16 5 -7 7 -9 14 -11 11 -13 15 -15 -16 -17 -18
leaf_value=0.00030001634156748828 0.0052692283740317491 0.011510159850437589 -0.013528577059888365 -0.0066421868324811973 -0.011899469886906443 0.0013257377687841652 -0.014385504619303074 -0.0023184563113392781 0.0086278780748046211 -0.0023184563113392781 0.0068289361049590465 -0.0028955151440337727 -0.0028365776059560148 -0.0028955151440337727 0.0019478453534218119 0.0013824740834534168 -0.0028955151440337727
leaf_weight=1737 37 47 44 35 40 34 33 61 31 70 66 31 136 33 98 35 55
leaf_count=1737 37 47 44 35 40 34 33 61 31 70 66 31 136 33 98 35 55
internal_value=0 0.000109167 -0.0017791 -0.00547859 -0.000145513 -0.00582302 6.14504e-05 -0.00494126 0.000304351 7.24239e-05 -0.000312442 -0.000998561 -4.84604e-05 0.00327579 0.00355312 -0.00197303 -0.00289552
internal_weight=0 2151 472 134 2104 74 2030 94 1936 1807 338 301 270 99 129 171 90
internal_count=2623 2151 472 134 2104 74 2030 94 1936 1807 338 301 270 99 129 171 90
is_linear=0
shrinkage=0.03


Tree=325
num_leaves=18
num_cat=0
split_feature=3 13 3 3 3 13 15 15 15 13 13 3 14 3 3 16 15
split_gain=0.862855 2.02398 1.21102 10.5862 3.10522 4.81305 1.78852 1.75049 1.60438 2.63323 1.38381 1.30091 3.61981 2.28748 1.8158 1.39374 0.611713
threshold=0.39840000000000003 -0.43024044943820344 0.17060000000000003 0.15205000000000005 0.18280000000000005 -0.10697977528089807 -7.3955247191011235 -8.6613668539325825 -0.48236685393258488 -2.9677404494382045 -0.47297977528089769 0.13615000000000002 -0.12032359550561793 0.11425 0.11230000000000001 29.666444943820185 -10.092958988764044
decision_type=2 2 2 2 2 2 2 2 2 2 2 2 2 2 2 2 2
left_child=2 -2 3 11 5 -4 7 16 10 -10 -8 13 -13 14 -1 -15 -6
right_child=1 -3 4 -5 6 -7 8 -9 9 -11 -12 12 -14 15 -16 -17 -18
leaf_value=-0.00010018942703128219 -0.0017610225935156146 0.0084456261170699314 -0.016479103190591558 0.016971918334337796 -0.0035138505784308781 0.0002468839767971076 0.0082221967173831123 -0.0089880352512606097 -0.0079775008753252535 0.0012473660508715888 0.00042780014527280154 0.0040391569323837756 -0.0094141059455772232 0.0048224729167427429 -0.0045397271981848213 -0.0020051941675517486 0.0015934708370612216
leaf_weight=1766 36 34 30 33 46 32 41 37 36 123 41 30 45 129 87 34 39
leaf_count=1766 36 34 30 33 46 32 41 37 36 123 41 30 45 129 87 34 39
internal_value=0 0.00319649 -0.000179675 0.000112827 -0.0016415 -0.00784634 -0.000581717 -0.00354139 0.000916539 -0.000841283 0.004325 -0.000153242 -0.0040328 -8.91289e-06 -0.00030863 0.0033983 -0.00117049
internal_weight=0 70 2549 2124 425 62 363 122 241 159 82 2091 75 2016 1853 163 85
internal_count=2619 70 2549 2124 425 62 363 122 241 159 82 2091 75 2016 1853 163 85
is_linear=0
shrinkage=0.03


Tree=326
num_leaves=18
num_cat=0
split_feature=3 13 3 3 3 13 15 15 15 13 13 3 14 3 3 7 15
split_gain=0.81186 1.90437 1.13945 9.96056 2.9217 4.54391 1.68282 1.64703 1.50956 2.4776 1.30531 1.22403 3.40588 2.15229 1.70848 1.38264 0.57556
threshold=0.39840000000000003 -0.43024044943820344 0.17060000000000003 0.15205000000000005 0.18280000000000005 1.7265202247191029 -7.3955247191011235 -8.6613668539325825 -0.48236685393258488 -2.9677404494382045 -1.3398426966292136 0.13615000000000002 -0.12032359550561793 0.11425 0.11230000000000001 -0.32419999999999999 -10.092958988764044
decision_type=2 2 2 2 2 2 2 2 2 2 2 2 2 2 2 2 2
left_child=2 -2 3 11 5 -4 7 16 10 -10 -8 13 -13 14 -1 -15 -6
right_child=1 -3 4 -5 6 -7 8 -9 9 -11 -12 12 -14 15 -16 -17 -18
leaf_value=-9.7183750681164793e-05 -0.0017081918551897009 0.0081922571854118036 -0.015474626830837224 0.016462760821662165 -0.0034084351890993751 0.00077698099380359056 0.0089265495943254784 -0.008718394056667347 -0.0077381758081416282 0.0012099450053192856 0.0011672158967703582 0.0039179822579026215 -0.0091316827572882186 0.0048980941694252746 -0.0044035353629994362 -0.0014698231483741503 0.0015456667169928549
leaf_weight=1766 36 34 32 33 46 30 32 37 36 123 50 30 45 122 87 41 39
leaf_count=1766 36 34 32 33 46 30 32 37 36 123 50 30 45 122 87 41 39
internal_value=0 0.0031006 -0.000174285 0.000109442 -0.00159225 -0.00761095 -0.000564265 -0.00343514 0.000889043 -0.000816045 0.00419525 -0.000148644 -0.00391182 -8.64551e-06 -0.000299371 0.00329635 -0.00113538
internal_weight=0 70 2549 2124 425 62 363 122 241 159 82 2091 75 2016 1853 163 85
internal_count=2619 70 2549 2124 425 62 363 122 241 159 82 2091 75 2016 1853 163 85
is_linear=0
shrinkage=0.03


Tree=327
num_leaves=31
num_cat=0
split_feature=12 17 16 12 8 5 1 15 17 8 16 17 6 13 17 12 6 7 12 14 5 12 5 7 1 7 5 13 15 12
split_gain=0.587264 1.43721 1.10727 1.09613 2.25627 1.89251 1.08863 0.890791 0.856711 1.08789 0.926415 0.624571 2.24504 2.06455 1.69332 1.12575 0.837557 0.828043 1.14443 0.615108 1.01813 0.555312 0.518603 0.493814 1.04751 0.492875 0.415103 0.353709 0.327933 0.317637
threshold=0.070716853932585991 0.023074157303370816 -22.359750561797679 -0.72932752808988954 0.19885000000000003 0.27055000000000001 0.035750000000000011 1.856041011235954 0.041179775280898868 0.19080000000000003 -50.577649438202279 -0.011820224719101128 0.012300000000000002 -0.43024044943820344 -0.0165584269662921 0.57117247191011 0.051900000000000009 -0.3783999999999999 2.0448039325842733 -0.015913483146067438 0.31590000000000007 0.47002921348314436 0.35940000000000005 -0.30449999999999994 0.085150000000000017 -0.28829999999999995 0.22620000000000004 -1.5998426966292134 -6.5933011235955048 2.0448039325842733
decision_type=2 2 2 2 2 2 2 2 2 2 2 2 2 2 2 2 2 2 2 2 2 2 2 2 2 2 2 2 2 2
left_child=1 2 3 6 5 -5 7 -1 9 -3 23 14 21 -14 17 26 -17 18 28 20 -19 -13 -8 24 -10 27 -15 -4 -2 -21
right_child=11 8 25 4 -6 -7 22 -9 10 -11 -12 12 13 15 -16 16 -18 19 -20 29 -22 -23 -24 -25 -26 -27 -28 -29 -30 -31
leaf_value=0.0016059655087977919 0.0011592777597566916 -0.0003598833572421525 0.0052595692487167455 0.0056493382412008946 -0.0092191232230153762 -0.0023616899030587386 0.00080174382912358787 0.0062090833596367802 0.0030402504627903299 -0.0073764389424129974 0.0029888877434244092 -0.0058490807906692397 0.0062240766520520333 0.0012109383944430793 -0.0048482706960033062 0.00034656611968386457 0.0039957817189440305 -0.0014856471098028123 0.0055298533032719904 -0.00027876917463720921 -0.0076646435315805388 -0.0014874690987977377 -0.0017444976424532276 -0.0041668325196587827 -0.0023329998839042949 -0.00056726453214650974 -0.0014874690987977377 0.0022963360603009174 -0.00027876917463720921 -0.0020805957707309042
leaf_weight=79 148 37 42 36 31 101 229 54 45 43 52 58 61 53 94 178 83 88 39 208 33 34 105 48 61 48 97 265 68 101
leaf_count=79 148 37 42 36 31 101 229 54 45 43 52 58 61 53 94 178 83 88 39 208 33 34 105 48 61 48 97 265 68 101
internal_value=0 0.000376723 0.000917878 0.000167711 -0.0019104 -0.000256602 0.000915297 0.00321065 -0.0014965 -0.00413128 -0.000473289 -0.000522034 0.000238298 0.00107393 -0.00107252 0.000309556 0.00150704 -0.000554386 0.000800075 -0.00135761 -0.00317083 -0.00404887 1.2787e-06 -0.00164234 -0.000499167 0.00225972 -0.00148747 0.00270173 -5.39132e-05 -0.000647584
internal_weight=0 1276 990 635 168 137 467 133 286 80 206 1343 564 472 779 411 261 685 255 430 121 92 334 154 106 355 150 307 216 309
internal_count=2619 1276 990 635 168 137 467 133 286 80 206 1343 564 472 779 411 261 685 255 430 121 92 334 154 106 355 150 307 216 309
is_linear=0
shrinkage=0.03


Tree=328
num_leaves=16
num_cat=0
split_feature=3 0 3 3 3 13 7 3 14 3 4 7 1 12 14
split_gain=0.756462 1.7938 1.08705 9.346 2.73468 4.28959 1.34311 1.1695 3.18903 2.04312 2.8707 1.31166 1.11316 2.22284 1.03076
threshold=0.39840000000000003 0.071800000000000017 0.17060000000000003 0.15205000000000005 0.18280000000000005 -0.10697977528089807 -0.3542499999999999 0.13615000000000002 -0.12032359550561793 0.11425 0.39680000000000004 -0.32419999999999999 0.093100000000000002 -0.82332752808988896 -0.14745393258426964
decision_type=2 2 2 2 2 2 2 2 2 2 2 2 2 2 2
left_child=2 -2 3 7 5 -4 12 9 -9 10 -1 -11 13 -6 -14
right_child=1 -3 4 -5 6 -7 -8 8 -10 11 -12 -13 14 -15 -16
leaf_value=-5.3683788407002485e-05 -0.0025542728081345556 0.007150088095106184 -0.015527772391214965 0.015947822180830618 0.0075582116950747812 0.0002624818390177097 -0.0049257532476137079 0.0037550850734114649 -0.0088723348279794063 0.0047740443652785824 -0.0062050252821965433 -0.0014282611285041018 -0.00017268107282851448 -0.00015901201376757046 -0.0023617209170938964
leaf_weight=1782 30 40 30 33 44 32 54 30 45 122 71 41 42 142 81
leaf_count=1782 30 40 30 33 44 32 54 30 45 122 71 41 42 142 81
internal_value=0 0.00299108 -0.000170099 0.000107029 -0.00155508 -0.00737796 -0.000560541 -0.000142969 -0.00382137 -6.12431e-06 -0.00028938 0.00321396 0.000202311 0.00166657 -0.00201193
internal_weight=0 70 2549 2124 425 62 363 2091 75 2016 1853 163 309 186 123
internal_count=2619 70 2549 2124 425 62 363 2091 75 2016 1853 163 309 186 123
is_linear=0
shrinkage=0.03


Tree=329
num_leaves=20
num_cat=0
split_feature=14 0 17 17 8 5 13 7 0 17 16 17 1 5 7 1 7 15 4
split_gain=0.505552 0.880122 0.64495 1.40557 2.06314 1.08698 2.54377 1.00458 1.31429 1.11872 0.991669 0.82774 0.952841 0.478599 0.780149 0.46924 1.29089 0.303838 0.177429
threshold=-0.43491348314606731 0.30040000000000006 -0.011820224719101128 -0.014058426966292127 0.18370000000000003 0.43485000000000001 -1.8418426966292143 -0.3783999999999999 0.37145 -0.016218539325842701 -40.50575056179769 -0.0076601123595505518 0.051450000000000003 0.26625000000000004 -0.3169499999999999 0.093100000000000002 -0.30449999999999994 -6.5933011235955048 0.18590000000000004
decision_type=2 2 2 2 2 2 2 2 2 2 2 2 2 2 2 2 2 2 2
left_child=1 -1 3 7 18 10 -7 8 9 -2 15 -12 -13 17 -15 16 -4 -9 -5
right_child=2 -3 5 4 -6 6 -8 13 -10 -11 11 12 -14 14 -16 -17 -18 -19 -20
leaf_value=-0.0020198926087468864 -0.00010113803621775517 0.004309462782894743 0.0032804451171042658 0.00087287159217521544 -0.009647746615258879 -0.001467555123907538 -0.010387495140312239 -0.00010113803621775517 0.0057765266891907563 0.0029786103376569927 0.0051759009622037409 0.0012767707243511266 -0.00038443574180544582 -0.00099624413117766365 -0.004266976052790545 -0.001467555123907538 -0.00060425239533236353 -0.00097803494951414962 -0.0023148925941098822
leaf_weight=30 230 58 84 30 38 43 32 99 44 37 36 723 545 250 89 67 58 93 33
leaf_count=30 230 58 84 30 38 43 32 99 44 37 36 723 545 250 89 67 58 93 33
internal_value=0 0.00215173 -0.000161319 -0.000782771 -0.00412693 0.000207717 -0.00331758 -0.000381632 0.000972387 0.000180694 0.000382467 0.000690123 0.000562766 -0.00117466 -0.00185493 -0.00146756 0.00025905 -0.000101138 -0.00079691
internal_weight=0 88 2531 943 101 1588 75 842 311 267 1513 1304 1268 531 339 209 142 192 63
internal_count=2619 88 2531 943 101 1588 75 842 311 267 1513 1304 1268 531 339 209 142 192 63
is_linear=0
shrinkage=0.03


Tree=330
num_leaves=14
num_cat=0
split_feature=17 4 3 5 7 17 3 4 3 8 7 16 13
split_gain=1.1204 0.990018 1.20436 3.85131 3.37815 1.53614 1.498 1.33218 1.14165 0.775956 0.636941 0.773625 0.142097
threshold=0.049105617977528111 0.57935000000000014 0.15205000000000005 0.28340000000000004 -0.37189999999999995 -0.02132415730337078 0.13455000000000003 0.32190000000000007 0.11865000000000002 0.14540000000000003 -0.34994999999999993 -54.493149438202259 -0.30544719101123613
decision_type=2 2 2 2 2 2 2 2 2 2 2 2 2
left_child=1 2 6 -4 5 -5 7 8 -1 -3 -2 -12 -9
right_child=10 9 3 4 -6 -7 -8 12 -10 -11 11 -13 -14
leaf_value=0.00018865177283682152 0.0067552348680328571 -0.0016376957209871979 0.0089619626368988639 0.004725317861034424 -0.0016376957209871979 0.0014429602292763077 -0.0016376957209871979 -0.0016376957209871979 0.0051948926784098149 -0.0062830397642629088 0.0041827897715413552 -0.0013670658471213804 -0.0006647544590001269
leaf_weight=1717 32 31 55 31 141 223 67 74 42 43 30 37 77
leaf_count=1717 32 31 55 31 141 223 67 74 42 43 30 37 77
internal_value=0 1.93217e-05 0.000123545 0.0015243 0.000488673 0.00272134 -0.00019529 5.32746e-05 0.000308187 -0.00339894 0.00327334 0.00161034 -0.0016377
internal_weight=0 2501 2427 450 395 254 1977 1910 1759 74 99 67 151
internal_count=2600 2501 2427 450 395 254 1977 1910 1759 74 99 67 151
is_linear=0
shrinkage=0.03


Tree=331
num_leaves=14
num_cat=0
split_feature=17 4 3 5 7 17 3 4 3 8 7 16 13
split_gain=1.06587 0.911617 1.14251 3.62667 3.2418 1.47322 1.43201 1.27844 1.07418 0.739448 0.595755 0.733915 0.113289
threshold=0.049105617977528111 0.57935000000000014 0.15205000000000005 0.28340000000000004 -0.37189999999999995 -0.02132415730337078 0.13455000000000003 0.32190000000000007 0.11865000000000002 0.14540000000000003 -0.34994999999999993 -54.493149438202259 -0.30544719101123613
decision_type=2 2 2 2 2 2 2 2 2 2 2 2 2
left_child=1 2 6 -4 5 -5 7 8 -1 -3 -2 -12 -9
right_child=10 9 3 4 -6 -7 -8 12 -10 -11 11 -13 -14
leaf_value=0.00018299222304498619 0.0065525778522714968 -0.0015787607075088924 0.0086931038837541243 0.0045818751923901776 -0.0015787607075088924 0.001399671440455836 -0.0015787607075088924 -0.0015787607075088924 0.0050390459397541623 -0.0060945485640577102 0.0040646920979036877 -0.0013260538896193374 -0.00063990975215185483
leaf_weight=1717 32 31 55 31 141 223 67 74 42 43 30 37 77
leaf_count=1717 32 31 55 31 141 223 67 74 42 43 30 37 77
internal_value=0 1.12931e-05 0.000111305 0.00147561 0.000470647 0.00266604 -0.000199236 4.74674e-05 0.000298941 -0.00326883 0.00318514 0.00157681 -0.00157876
internal_weight=0 2501 2427 450 395 254 1977 1910 1759 74 99 67 151
internal_count=2600 2501 2427 450 395 254 1977 1910 1759 74 99 67 151
is_linear=0
shrinkage=0.03


Tree=332
num_leaves=14
num_cat=0
split_feature=8 14 4 3 3 3 0 7 8 16 0 13 13
split_gain=0.911892 1.11643 0.836999 1.22661 1.22653 1.19352 1.42685 0.954324 0.704499 0.649543 0.507958 0.114585 1.18667
threshold=0.14055000000000004 -0.14745393258426964 0.57935000000000014 0.15205000000000005 0.37115000000000004 0.13455000000000003 0.35155000000000008 -0.3088499999999999 0.14540000000000003 1.0000000180025095e-35 0.090150000000000008 -1.8418426966292143 -3.8039471910112357
decision_type=2 2 2 2 2 2 2 2 2 2 2 2 2
left_child=1 -1 3 5 11 6 -2 -8 -4 -6 -3 12 -5
right_child=2 10 8 4 9 -7 7 -9 -10 -11 -12 -13 -14
leaf_value=0.0077364432183094321 -0.0015231518653208379 0.0013605858956107072 -0.0015231518653208379 0.0013605858956107072 0.0013605858956107072 -0.0015231518653208379 0.00089960783691446109 -0.00056311926221806253 -0.0059117118698046641 -0.0015231518653208379 0.0047063912687424032 0.0013605858956107072 -0.0015231518653208379
leaf_weight=30 196 44 31 34 42 74 982 679 43 46 42 282 75
leaf_count=30 196 44 31 34 42 74 982 679 43 46 42 282 75
internal_value=0 0.00272123 -5.87875e-08 9.64385e-05 0.00136059 -0.000241344 -1.08868e-05 0.00030166 -0.00314274 -0.00152315 0.00136059 0.00136059 -0.000660765
internal_weight=0 116 2484 2410 479 1931 1857 1661 74 88 86 391 109
internal_count=2600 116 2484 2410 479 1931 1857 1661 74 88 86 391 109
is_linear=0
shrinkage=0.03


Tree=333
num_leaves=12
num_cat=0
split_feature=17 3 15 3 4 3 3 4 8 7 1
split_gain=1.01711 0.903259 3.19722 2.44345 0.75344 1.46369 2.32258 0.746915 0.669201 0.555876 0.988889
threshold=0.049105617977528111 0.37115000000000004 -1.8483011235955054 0.32895000000000008 0.57935000000000014 0.25665000000000004 0.29390000000000011 0.31385000000000002 0.14540000000000003 -0.34994999999999993 0.035150000000000008
decision_type=2 2 2 2 2 2 2 2 2 2 2
left_child=1 3 -3 4 5 7 -7 -1 -6 -2 -11
right_child=9 2 -4 -5 8 6 -8 -9 -10 10 -12
leaf_value=7.7854820243595962e-05 0.0063497856381582096 0.0031201937851997518 -0.0087415294158597317 0.0064720755818141792 -0.0014827443077800033 0.0074762105732224882 -0.00059431179426610475 -0.0014827443077800033 -0.0057343606048718444 0.0039466099514679828 -0.0024714645142516782
leaf_weight=1901 32 39 43 53 31 60 69 262 43 36 31
leaf_count=1901 32 39 43 53 31 60 69 262 43 36 31
internal_value=0 -3.40286e-06 -0.00309998 0.000101566 -4.11379e-05 5.50558e-05 0.00315942 -0.000130087 -0.00302054 0.003097 0.00154343
internal_weight=0 2501 82 2419 2366 2292 129 2163 74 99 67
internal_count=2600 2501 82 2419 2366 2292 129 2163 74 99 67
is_linear=0
shrinkage=0.03


Tree=334
num_leaves=16
num_cat=0
split_feature=17 15 6 4 1 13 1 7 13 12 13 7 1 7 4
split_gain=0.96412 0.734167 1.78943 1.8076 0.631086 0.604079 1.17759 1.19045 0.818503 0.683639 0.628845 0.519219 0.937035 0.490937 0.0605839
threshold=0.049105617977528111 -21.139350561797738 0.021350000000000004 0.081450000000000009 0.56910000000000005 2.2225887640449451 0.065400000000000014 -0.37189999999999995 1.5700202247191017 1.1377595505617999 -2.011842696629214 -0.34994999999999993 0.035150000000000008 -0.41914999999999997 0.028500000000000001
decision_type=2 2 2 2 2 2 2 2 2 2 2 2 2 2 2
left_child=1 2 3 -1 5 8 7 -7 10 -8 -3 -2 -13 -6 -10
right_child=11 4 -4 -5 13 6 9 -9 14 -11 -12 12 -14 -15 -16
leaf_value=-0.0014286121854092924 0.006159292215015739 -0.00065564488222204893 0.0023229052266106011 -0.010815860383212566 -0.00098090098757769068 0.0057863258008312964 0.00083854816603003027 0.0013105038665057458 0.0016132850069252233 -0.00098090098757769068 0.00072089313191339851 0.0038367074813672906 -0.0023973205385188902 -0.0045630880635555669 -0.00098090098757769068
leaf_weight=48 32 481 48 30 57 63 176 354 62 212 788 36 31 46 136
leaf_count=48 32 481 48 30 57 63 176 354 62 212 788 36 31 46 136
internal_value=0 -2.96344e-06 -0.00223452 -0.00503909 0.000115427 0.00021955 0.00087991 0.00198671 -0.000142816 -0.000309611 0.000199132 0.00301559 0.00151412 -0.00218135 -0.000980901
internal_weight=0 2501 126 78 2375 2272 805 417 1467 388 1269 99 67 103 198
internal_count=2600 2501 126 78 2375 2272 805 417 1467 388 1269 99 67 103 198
is_linear=0
shrinkage=0.03


Tree=335
num_leaves=16
num_cat=0
split_feature=3 0 4 7 3 5 1 14 3 12 4 18 16 14 8
split_gain=1.28898 3.43727 1.12584 0.684191 1.79531 2.48229 1.73489 1.70405 1.13195 0.755623 0.866492 0.596602 0.4835 0.207094 0.0357469
threshold=0.39840000000000003 0.071800000000000017 0.57935000000000014 -0.3088499999999999 0.033000000000000008 0.27100000000000007 0.065400000000000014 0.0095865168539325824 0.023950000000000003 -1.6266842696629238 0.31575000000000003 4.5000000000000009 30.608715730337057 -0.18595393258426959 0.18310000000000001
decision_type=2 2 2 2 2 2 2 2 2 2 2 2 2 2 2
left_child=2 -2 3 4 5 7 13 -1 -7 10 -6 -4 -11 -5 -8
right_child=1 -3 11 6 9 8 14 -9 -10 12 -12 -13 -14 -15 -16
leaf_value=0.011227739826071916 -0.0039022318460047245 0.0093288320432915236 -0.0067478894367814062 -0.0011102173789501121 0.0030976910027675328 0.00021732131913070233 -0.0011102173789501121 0.0039340249811518329 0.0039340249811518329 -0.00024564673652340869 -0.00024564673652340869 -0.0019747880213768156 0.0016280751256272197 -0.00024564673652340869 -0.0019747880213768156
leaf_weight=41 30 43 35 111 132 368 126 31 84 834 30 35 186 452 91
leaf_count=41 30 43 35 111 132 368 126 31 84 834 30 35 186 452 91
internal_value=0 0.00389141 -0.000151541 -4.58891e-05 0.000290636 0.00175932 -0.000781929 0.00693283 0.000935223 -0.000245647 0.00182657 -0.00390369 -0.000245647 -0.000245647 -0.00197479
internal_weight=0 73 2556 2486 1706 524 780 72 452 1182 162 70 1020 563 217
internal_count=2629 73 2556 2486 1706 524 780 72 452 1182 162 70 1020 563 217
is_linear=0
shrinkage=0.03


Tree=336
num_leaves=18
num_cat=0
split_feature=3 0 3 14 1 13 8 3 3 15 16 3 3 17 13 3 14
split_gain=1.22022 3.23413 0.8238 2.14481 2.79467 1.39767 1.26832 1.12146 5.26925 3.05322 1.65989 1.90529 2.10855 1.40555 1.13265 0.828884 0.673494
threshold=0.39840000000000003 0.071800000000000017 0.25870000000000004 -0.13795393258426963 0.079100000000000018 -1.2829112359550556 0.19900000000000004 0.11255000000000003 0.11230000000000001 -31.911850561797731 32.123080898876317 0.17060000000000003 0.18280000000000005 0.014679775280898895 2.8250528089887639 0.1082 0.088001123595505673
decision_type=2 2 2 2 2 2 2 2 2 2 2 2 2 2 2 2 2
left_child=2 -2 7 5 6 -4 -5 8 9 -1 11 13 -13 -9 -12 -11 -6
right_child=1 -3 3 4 16 -7 -8 10 -10 15 14 12 -14 -15 -16 -17 -18
leaf_value=-0.0096176202818751329 -0.0037851649653166527 0.0090489669447374899 0.0068187441101128406 0.00282940395292826 -0.011930430793203413 -0.0012361948822248489 -0.0044750704937068769 0.003509974714570208 -0.012603680297672268 -5.4434559418647996e-05 0.0099687534719705585 -0.0068332800121344113 0.00037339334062968203 -0.0010792199032509634 0.0021709699635884083 0.0048186111451650505 -0.0058442029419044656
leaf_weight=30 30 43 33 48 30 47 35 194 31 1718 30 54 113 87 38 32 36
leaf_count=30 30 43 33 48 30 47 35 194 31 1718 30 54 113 87 38 32 36
internal_value=0 0.00377467 -0.000158971 -0.00187582 -0.00400322 0.00208647 -0.000339471 9.98412e-06 -0.00034156 -0.000128007 0.0012438 0.000580891 -0.00195691 0.00208912 0.00561117 3.46726e-05 -0.00861067
internal_weight=0 73 2556 229 149 80 83 2327 1811 1780 516 448 167 281 68 1750 66
internal_count=2629 73 2556 229 149 80 83 2327 1811 1780 516 448 167 281 68 1750 66
is_linear=0
shrinkage=0.03


Tree=337
num_leaves=17
num_cat=0
split_feature=3 0 3 12 0 8 3 3 15 16 3 3 17 13 18 3
split_gain=1.14816 3.04299 0.775931 2.06404 2.75781 1.22874 1.05518 4.95784 2.87277 1.56179 1.79268 1.98393 1.32248 1.06571 1.02647 0.779897
threshold=0.39840000000000003 0.071800000000000017 0.25870000000000004 -0.20338202247190648 0.24995000000000003 0.17515000000000003 0.11255000000000003 0.11230000000000001 -31.911850561797731 32.123080898876317 0.17060000000000003 0.18280000000000005 0.014679775280898895 2.8250528089887639 4.5000000000000009 0.1082
decision_type=2 2 2 2 2 2 2 2 2 2 2 2 2 2 2 2
left_child=2 -2 6 4 -4 -5 7 8 -1 10 12 -12 -8 -11 -7 -10
right_child=1 -3 3 5 -6 14 9 -9 15 13 11 -13 -14 -15 -16 -17
leaf_value=-0.0093290914297103882 -0.0036716099977493286 0.008777498001839185 -0.0036531776140133537 -0.00078861199515430557 0.0067374624221764028 -0.0036706414881972653 0.0034046754494823092 -0.01222557001837319 -5.2801507934225921e-05 0.0096696910709142669 -0.0066282817669626737 0.00036219153380169804 -0.001046843255131409 0.0021058408832399628 -0.010312918116687797 0.0046740528665213787
leaf_weight=30 30 43 45 57 47 44 194 31 1718 30 54 113 87 38 36 32
leaf_count=30 30 43 45 57 47 44 194 31 1718 30 54 113 87 38 36 32
internal_value=0 0.00366143 -0.000154288 -0.00182051 0.00165508 -0.00415449 9.6846e-06 -0.000331313 -0.000124166 0.00120648 0.000563465 -0.0018982 0.00202645 0.00544283 -0.00655267 3.36324e-05
internal_weight=0 73 2556 229 92 137 2327 1811 1780 516 448 167 281 68 80 1750
internal_count=2629 73 2556 229 92 137 2327 1811 1780 516 448 167 281 68 80 1750
is_linear=0
shrinkage=0.03


Tree=338
num_leaves=14
num_cat=0
split_feature=4 3 0 7 3 5 1 14 3 15 18 13 14
split_gain=1.10893 1.02072 2.76648 0.64144 1.7247 2.29525 1.62243 1.6211 1.07018 0.800371 0.569165 0.284436 0.183568
threshold=0.57935000000000014 0.39840000000000003 0.071800000000000017 -0.3088499999999999 0.033000000000000008 0.27100000000000007 0.065400000000000014 0.0095865168539325824 0.023950000000000003 -23.788350561797738 4.5000000000000009 -3.7259471910112358 -0.18595393258426959
decision_type=2 2 2 2 2 2 2 2 2 2 2 2 2
left_child=1 3 -3 4 5 7 12 -1 -7 -6 -2 -11 -5
right_child=10 2 -4 6 9 8 -8 -9 -10 11 -12 -13 -14
leaf_value=0.01089412488747479 -0.0065445912288767949 -0.0018584955590469051 0.0085141730645324938 -0.0010497342103369992 0.0040519009907729921 0.00022784122339425779 -0.0018584955590469051 0.0038098131574763406 0.0038098131574763406 0.001460511893827184 -0.0018584955590469051 -0.00024097286162709359 -0.00024097286162709359
leaf_weight=41 35 30 43 111 40 368 217 31 84 118 35 1024 452
leaf_count=41 35 30 43 111 40 368 217 31 84 118 35 1024 452
internal_value=0 5.51153e-05 0.00355158 -4.75566e-05 0.000278285 0.00171865 -0.000760231 0.00669342 0.000926204 -0.000240973 -0.00377211 -0.000240973 -0.000240973
internal_weight=0 2559 73 2486 1706 524 780 72 452 1182 70 1142 563
internal_count=2629 2559 73 2486 1706 524 780 72 452 1182 70 1142 563
is_linear=0
shrinkage=0.03


Tree=339
num_leaves=14
num_cat=0
split_feature=4 3 0 17 8 0 8 1 15 18 17 7 4
split_gain=1.03224 0.952489 2.62049 0.662215 1.23117 1.04975 0.950837 0.975727 0.875142 0.539431 0.497566 0.594045 0.00960256
threshold=0.57935000000000014 0.39840000000000003 0.071800000000000017 0.012175842696629221 0.16485000000000002 0.0032500000000000007 0.14960000000000004 0.28680000000000005 -6.5933011235955048 4.5000000000000009 0.019175842696629228 -0.30234999999999995 0.04685000000000001
decision_type=2 2 2 2 2 2 2 2 2 2 2 2 2
left_child=1 3 -3 5 -5 -1 8 -8 -7 -2 12 -12 -6
right_child=9 2 -4 4 10 6 7 -9 -10 -11 11 -13 -14
leaf_value=-0.001799797790138543 -0.0063482534810900687 -0.001799797790138543 0.0082587479169718737 0.0037538723378384015 0.00013679372059414164 0.0078586918656383797 0.00061843035561249182 -0.000703061223049609 0.0021527622482222573 -0.001799797790138543 6.7170168406493105e-05 -0.001799797790138543 -0.001799797790138543
leaf_weight=51 35 30 43 48 72 31 1419 299 31 35 337 119 79
leaf_count=51 35 30 43 48 72 31 1419 299 31 35 337 119 79
internal_value=0 4.64644e-05 0.00342404 -5.27162e-05 -0.000871358 0.000240135 0.000393675 0.000261956 0.00404357 -0.00364606 -0.00123711 -0.000615103 -0.0017998
internal_weight=0 2559 73 2486 655 1831 1780 1718 62 70 607 456 151
internal_count=2629 2559 73 2486 655 1831 1780 1718 62 70 607 456 151
is_linear=0
shrinkage=0.03


Tree=340
num_leaves=24
num_cat=0
split_feature=18 1 7 0 4 12 8 13 5 1 7 7 0 8 14 4 8 1 12 8 4 7 5
split_gain=0.647649 1.16712 1.29391 2.71697 1.53477 0.808124 2.38982 3.75465 2.32136 0.94339 0.957601 0.798992 1.27054 1.04797 0.756425 0.605714 1.32372 1.0727 0.472504 0.407038 0.29194 0.170383 0.105081
threshold=4.5000000000000009 0.56910000000000005 -0.3783999999999999 0.30040000000000006 0.30820000000000003 1.1377595505617999 0.20095000000000002 -1.2509112359550565 0.35940000000000005 0.011150000000000002 -0.32904999999999995 -0.46834999999999999 0.096300000000000011 0.16270000000000004 0.63245730337078687 0.071050000000000016 0.19325000000000003 0.052700000000000004 1.5263157303370785 0.20350000000000004 0.29115000000000008 -0.35034999999999994 0.31655000000000005
decision_type=2 2 2 2 2 2 2 2 2 2 2 2 2 2 2 2 2 2 2 2 2 2 2
left_child=1 2 3 22 -5 6 11 19 9 -7 20 -2 -13 -14 -10 17 -17 -4 -12 -8 -11 -19 -1
right_child=5 -3 15 4 -6 8 7 -9 14 10 18 12 13 -15 -16 16 -18 21 -20 -21 -22 -23 -24
leaf_value=0.0034793713082160267 0.003775154645064551 -0.0039713846671588296 0.0010969866575042022 0.010020528710705953 0.0037996066754099416 0.0060228951796889299 -0.0029416569717329965 -0.013767897873048615 -0.0063397051968976208 0.0036306291045113443 0.0016802421888846291 -0.0029416569717329965 0.0015451701851426586 -0.00066792030514417481 -0.00090601941086549092 -0.00020570359754533283 -0.001702562420648803 0.00044564152997943478 -0.00090601941086549092 -0.0073402475328334868 0.0016802421888846291 -0.00020570359754533283 0.0010969866575042022
leaf_weight=35 38 53 348 54 43 45 34 34 46 45 30 69 44 630 30 192 161 45 106 31 30 274 210
leaf_count=35 38 53 348 54 43 45 34 34 46 45 30 69 44 630 30 192 161 45 106 31 30 274 210
internal_value=0 0.000396299 0.00056626 0.00216314 0.00650223 -0.000548614 -0.00102443 -0.0054155 0.000712578 0.00207939 0.00123836 -0.000467812 -0.000684814 -0.00023771 -0.00389143 3.08363e-05 -0.000974082 0.000562674 -0.000270145 -0.00294166 0.00363063 -0.000205704 0.00109699
internal_weight=0 1415 1362 342 97 1212 880 99 332 256 211 781 743 674 76 1020 353 667 136 65 75 319 245
internal_count=2627 1415 1362 342 97 1212 880 99 332 256 211 781 743 674 76 1020 353 667 136 65 75 319 245
is_linear=0
shrinkage=0.03


Tree=341
num_leaves=29
num_cat=0
split_feature=18 1 7 3 13 3 5 3 17 13 8 17 7 3 16 8 13 7 3 3 3 1 7 0 0 3 17 3
split_gain=0.586732 1.09466 1.19916 1.37381 2.20995 1.6793 1.35151 1.01104 0.759295 0.682453 1.74134 1.49535 2.86924 1.29436 1.24394 3.51288 0.962254 1.52829 1.24898 3.87313 1.79605 0.645389 0.570106 0.462416 0.345784 0.188711 0.127646 0.0936092
threshold=4.5000000000000009 0.56910000000000005 -0.35034999999999994 0.06795000000000001 -3.8334797752808982 0.049800000000000004 0.29340000000000005 0.0079000000000000025 0.017781460674157316 2.5704061797752815 0.20350000000000004 -0.0048241573033707954 -0.33849999999999997 0.26600000000000007 56.013350561797729 0.17830000000000004 2.0710887640449429 -0.38239999999999991 0.11275000000000002 0.13965000000000002 0.064250000000000015 0.052700000000000004 -0.29249999999999993 0.74755000000000005 0.46205000000000002 0.015200000000000002 -0.017320224719101131 0.00065000000000000008
decision_type=2 2 2 2 2 2 2 2 2 2 2 2 2 2 2 2 2 2 2 2 2 2 2 2 2 2 2 2
left_child=1 2 3 5 -5 7 21 -1 -6 10 16 13 -13 14 15 -11 18 -18 20 -20 -2 27 -14 -19 -16 -23 -8 -4
right_child=9 -3 6 4 8 -7 26 -9 -10 11 -12 12 22 -15 24 -17 17 23 19 -21 -22 25 -24 -25 -26 -27 -28 -29
leaf_value=0.0067652720200919335 -9.5797104921319399e-05 -0.0038522430741637814 8.4308825831919565e-05 0.0078852997648601354 0.00074047923362052792 0.010092794149018385 -0.00057186158195668879 0.00074047923362052792 0.0046443578585500028 0.0033049276936134059 -0.0068320492528040292 0.01103097012033686 0.0024460459147837565 -0.0064280902197764766 -0.00029687478765845298 -0.0057464937722786907 0.001616936437606525 -0.0037627154318907985 0.010171921161236242 -0.00043019999992912228 -0.0037627154318907985 8.4308825831919565e-05 -0.0027949823577317497 -0.0010728894971421367 0.0034672585126330575 -0.00057186158195668879 -0.0016549791868597046 0.00074047923362052792
leaf_weight=31 358 53 35 39 313 34 43 60 56 70 44 32 47 31 30 86 52 55 40 138 72 94 31 44 82 106 138 413
leaf_count=31 358 53 35 39 313 34 43 60 56 70 44 32 47 31 30 86 52 55 40 138 72 94 31 44 82 106 138 413
internal_value=0 0.000377684 0.000542285 0.00165244 0.000809407 0.00440411 -0.000171483 0.00227867 0.000740479 -0.000521693 -0.00102975 0.000475783 0.00346646 -0.000624466 4.68486e-05 -0.00168496 -0.000693382 -0.00283681 -0.000161051 0.0019523 -0.00103588 0.000511256 0.000363073 -0.00376272 0.00245901 -0.000571862 -0.00165498 0.000740479
internal_weight=0 1415 1362 533 408 125 829 91 369 1212 803 409 110 299 268 156 759 151 608 178 430 648 78 99 112 200 181 448
internal_count=2627 1415 1362 533 408 125 829 91 369 1212 803 409 110 299 268 156 759 151 608 178 430 648 78 99 112 200 181 448
is_linear=0
shrinkage=0.03


Tree=342
num_leaves=28
num_cat=0
split_feature=18 1 7 0 4 12 5 8 13 1 7 7 0 8 15 8 5 7 1 15 8 4 5 1 7 1 1
split_gain=0.546811 1.02294 1.12954 2.50733 1.43559 0.722764 2.17862 2.13374 3.58385 0.881265 0.901992 0.744779 1.21402 1.0034 0.659749 0.606624 0.77082 0.616711 0.55861 0.492388 0.316417 0.279993 0.0880508 0.0800173 0.0546227 0.0418652 0.00248314
threshold=4.5000000000000009 0.56910000000000005 -0.38239999999999991 0.30040000000000006 0.30820000000000003 1.1377595505617999 0.35940000000000005 0.20095000000000002 -1.2509112359550565 0.011150000000000002 -0.32904999999999995 -0.46834999999999999 0.096300000000000011 0.16270000000000004 26.914562359550562 0.19185000000000002 0.28385000000000005 -0.3088499999999999 0.043150000000000001 -9.0023668539325818 0.20350000000000004 0.29115000000000008 0.30565000000000003 0.062400000000000004 -0.35774999999999996 0.091100000000000014 0.0059000000000000016
decision_type=2 2 2 2 2 2 2 2 2 2 2 2 2 2 2 2 2 2 2 2 2 2 2 2 2 2 2
left_child=1 2 3 25 -5 7 9 11 20 -7 21 -2 -13 -14 -8 17 18 22 -17 -12 -9 -11 -4 -19 -18 26 -1
right_child=5 -3 15 4 -6 6 14 8 -10 10 19 12 13 -15 -16 16 24 23 -20 -21 -22 -23 -24 -25 -26 -27 -28
leaf_value=0.0026037734492935912 0.0036565508394453081 -0.0037366757365185242 0.001025062095320024 0.0096044592616251773 0.003610204070645163 0.0058123908986647925 -0.0061182655096054077 -0.0027774850623512957 -0.013302536879063529 0.0035002350765596752 0.0016118941578576454 -0.0027774850623512957 0.0015035494073990178 -0.00063177551251802856 -0.0008912250229092789 -5.905459061211265e-05 -0.00083583314105534841 0.00048300375235395563 -0.00083583314105534841 -0.0008912250229092789 -0.0069150784756657818 0.0016118941578576454 0.00048300375235395563 -5.905459061211265e-05 -0.0016126116914985842 0.001025062095320024 0.0022671273801171659
leaf_weight=33 38 53 147 54 43 45 45 34 34 45 52 69 44 630 31 273 53 83 55 84 31 30 222 118 78 154 49
leaf_count=33 38 53 147 54 43 45 45 34 34 45 52 69 44 630 31 273 53 83 55 84 31 30 222 118 78 154 49
internal_value=0 0.000352335 0.000511452 0.00203014 0.00619535 -0.000515906 0.00067682 -0.000965888 -0.00511503 0.00200095 0.00118808 -0.000439941 -0.000649452 -0.000205867 -0.0037834 1.9981e-05 -0.000791736 0.000673626 -5.90546e-05 -0.000276447 -0.00277749 0.00350024 0.00102506 -5.90546e-05 -0.00161261 0.00102506 0.00240261
internal_weight=0 1415 1362 333 97 1212 332 880 99 256 211 781 743 674 76 1029 459 570 328 136 65 75 369 201 131 236 82
internal_count=2627 1415 1362 333 97 1212 332 880 99 256 211 781 743 674 76 1029 459 570 328 136 65 75 369 201 131 236 82
is_linear=0
shrinkage=0.03


Tree=343
num_leaves=22
num_cat=0
split_feature=3 4 14 2 12 5 3 17 8 15 14 8 5 15 4 18 14 15 3 18 3
split_gain=0.500448 3.62955 1.92353 2.21581 1.88502 1.7335 5.82587 1.68699 1.34632 1.00403 0.952706 1.27585 2.0455 0.997279 0.83456 0.832819 0.743267 0.589906 0.519763 0.476005 0.395746
threshold=0.11255000000000003 0.39680000000000004 -0.27054269662921332 0.00015000000000000004 0.13381573033707642 0.28340000000000004 0.15205000000000005 -0.0013202247191011205 0.17375000000000004 -10.080393258426964 0.63245730337078687 0.19900000000000004 0.18055000000000002 10.228291011235957 0.21385000000000004 4.5000000000000009 0.40500112359550566 15.312628089887648 0.0092000000000000016 4.5000000000000009 0.052800000000000007
decision_type=2 2 2 2 2 2 2 2 2 2 2 2 2 2 2 2 2 2 2 2 2
left_child=1 10 8 5 19 6 -4 9 -2 -7 11 13 -13 16 -10 -6 -1 -9 -12 -5 -15
right_child=2 -3 3 4 15 7 -8 17 14 -11 18 12 -14 20 -16 -17 -18 -19 -20 -21 -22
leaf_value=0.00014454639556461598 0.0094772405177354808 -0.0078475595814442006 0.0024412665341820156 -0.0048347768094919794 -0.0034772891711909323 -0.0013051579366956162 0.015389991193900214 -0.0013051579366956162 0.0047835297954993113 0.0024412665341820156 5.4761080869606564e-06 -0.0012948785878982723 -0.0039676154060016566 -0.0012948785878982723 -0.00068367040953896149 -0.0102035310791453 0.0024993339584975997 0.0024412665341820156 0.0046500568317347449 -0.0013051579366956162 0.0015237940952181816
leaf_weight=1068 30 56 49 44 30 44 34 163 54 233 35 31 150 207 47 37 136 40 57 32 50
leaf_count=1068 30 56 49 44 30 44 34 163 54 233 35 31 150 207 47 37 136 40 57 32 50
internal_value=0 -0.000330439 0.000558234 -6.12661e-05 -0.00339608 0.000785765 0.00478899 9.35402e-05 0.00389691 0.00167331 -8.76712e-05 -0.000254121 -0.00262998 4.02181e-05 0.00223939 -0.00719178 0.000410536 -0.00130516 0.0028831 -0.00130516 -0.00129488
internal_weight=0 1790 837 706 143 563 83 480 131 277 1734 1642 181 1461 101 67 1204 203 92 76 257
internal_count=2627 1790 837 706 143 563 83 480 131 277 1734 1642 181 1461 101 67 1204 203 92 76 257
is_linear=0
shrinkage=0.03


Tree=344
num_leaves=25
num_cat=0
split_feature=18 1 8 3 3 1 16 17 12 8 13 1 12 3 13 14 3 0 8 8 3 0 8 2
split_gain=0.496161 0.95775 0.792477 1.39308 0.923622 1.00152 0.736528 0.777165 0.654357 1.93506 3.40217 1.28488 1.57292 1.25861 0.81236 0.586144 2.17507 1.07336 1.3652 1.06845 0.552173 0.388971 0.273531 0.061362
threshold=4.5000000000000009 0.56910000000000005 0.19185000000000002 0.32895000000000008 0.30960000000000004 0.043150000000000001 29.233444943820249 0.025175842696629234 1.1377595505617999 0.20095000000000002 -1.2509112359550565 0.016950000000000003 2.0448039325842733 0.023950000000000003 2.7698550561797748 -0.17132359550561785 0.25665000000000004 0.072950000000000015 0.16745000000000002 0.18465000000000004 0.045700000000000011 0.37145 0.20350000000000004 0.00045000000000000004
decision_type=2 2 2 2 2 2 2 2 2 2 2 2 2 2 2 2 2 2 2 2 2 2 2 2
left_child=1 2 3 6 5 23 7 -1 9 15 22 13 14 -10 -13 16 19 -17 -19 -2 -8 -16 -11 -4
right_child=8 -3 4 -5 -6 -7 20 -9 11 10 -12 12 -14 -15 21 17 -18 18 -20 -21 -22 -23 -24 -25
leaf_value=0.00028166697004794065 0.001458626792978818 -0.0036257992026765109 0.00028166697004794065 0.0059462763483122908 -0.0015705283177143887 -0.0015705283177143887 0.0059208920007435282 0.0040846733899321409 0.002047147929226955 -0.0026496292605485577 -0.012871475881513427 -0.002706330719555975 -0.0056186539041144503 0.0085796514738883285 -0.00064107613306707491 -0.0026496292605485577 0.007060779979134478 0.0043210051099921822 -0.0009821926628149325 -0.0025706101278853096 0.00056495735049247743 0.002047147929226955 -0.0066454051318578415 -0.00064443067383322401
leaf_weight=695 127 53 312 49 43 106 41 50 31 34 34 49 42 35 52 50 41 49 403 111 30 123 31 36
leaf_count=695 127 53 312 49 43 106 41 50 31 34 34 49 42 35 52 50 41 49 403 111 30 123 31 36
internal_value=0 0.000330779 0.000484743 0.00103327 -0.000469933 0.000206268 0.000738246 0.000460005 -0.000496274 -0.000924433 -0.00487569 0.000638605 -0.000291033 0.00438533 0.000707896 -0.000423569 0.000678853 -0.00103627 -0.000407288 -0.000420555 0.00365782 0.00166388 -0.00264963 0.000281667
internal_weight=0 1415 1362 865 497 454 816 745 1212 880 99 332 266 66 224 781 279 502 452 238 71 175 65 348
internal_count=2627 1415 1362 865 497 454 816 745 1212 880 99 332 266 66 224 781 279 502 452 238 71 175 65 348
is_linear=0
shrinkage=0.03


Tree=345
num_leaves=17
num_cat=0
split_feature=7 17 8 16 1 4 4 5 7 1 13 12 17 4 4 13
split_gain=0.98931 1.26259 1.10582 1.5716 0.974757 0.831086 0.797258 1.03287 1.32586 0.606208 0.528951 0.491566 0.433302 0.376106 0.0671787 0.0589838
threshold=-0.33469999999999994 0.039179775280898867 0.20095000000000002 -9.9194191011236494 0.052700000000000004 0.014350000000000002 0.077550000000000022 0.34515000000000001 -0.33849999999999997 0.020100000000000003 2.2316573033707869 -2.084010112359548 -0.02132415730337078 0.29115000000000008 0.075700000000000003 2.6403550561797755
decision_type=2 2 2 2 2 2 2 2 2 2 2 2 2 2 2 2
left_child=1 6 4 -4 14 -6 7 8 -1 -5 -8 -3 -9 -12 -2 -15
right_child=2 11 3 9 5 -7 10 12 -10 -11 13 -13 -14 15 -16 -17
leaf_value=0.0088908674439881 9.4560999925944131e-05 0.0023093886628547419 -0.006964024873450398 -0.0014536066077667983 -0.00056494812426640187 -0.0014536066077667983 9.4560999925944131e-05 0.0029575844512687221 0.0029575844512687221 -0.005982304692268371 0.0010072360023657171 0.006802639661667248 0.0010072360023657171 0.00055089850114583064 -0.00056494812426640187 9.4560999925944131e-05
leaf_weight=42 493 56 56 83 118 426 600 34 33 30 168 36 145 36 94 147
leaf_count=42 493 56 56 83 118 426 600 34 33 30 168 36 145 36 94 147
internal_value=0 0.000680094 -0.000490972 -0.00275446 -0.00015275 -0.00122446 0.000421462 0.00191991 0.00490793 -0.00145361 9.4561e-05 0.00406762 0.00100724 0.00100724 9.4561e-05 9.4561e-05
internal_weight=0 1297 1300 169 1131 544 1205 254 75 113 951 92 179 351 587 183
internal_count=2597 1297 1300 169 1131 544 1205 254 75 113 951 92 179 351 587 183
is_linear=0
shrinkage=0.03


Tree=346
num_leaves=19
num_cat=0
split_feature=16 13 16 15 8 17 5 16 18 5 13 13 1 15 15 4 2 4
split_gain=0.560136 0.656845 2.41137 2.39448 0.75363 0.878203 0.70502 0.810182 0.500188 0.397022 0.668769 0.519272 1.06199 0.672897 0.420354 0.282649 0.153954 0.0965557
threshold=-54.493149438202259 2.2225887640449451 31.104215730336993 -42.048850561797742 0.14280000000000001 -0.0053241573033707959 0.43485000000000001 -9.9194191011236494 4.5000000000000009 0.35940000000000005 2.4782084269662925 2.8003550561797748 0.062400000000000004 -8.6613668539325825 28.896062359550566 0.29375000000000001 1.0000000180025095e-35 0.29115000000000008
decision_type=2 2 2 2 2 2 2 2 2 2 2 2 2 2 2 2 2 2
left_child=-1 2 4 -4 5 -2 7 -6 -8 11 -11 12 13 -3 17 -12 -14 -13
right_child=1 9 3 -5 6 -7 8 -9 -10 10 15 14 16 -15 -16 -17 -18 -19
leaf_value=0.0032388148843310771 0.0012933000693552993 0.0021013645323118527 0.00048813047038542259 -0.0096676837047561994 -0.00065059244294602911 0.0061549202437944164 -0.001429648289494861 0.0008249825951856443 -0.0057602459903467783 -0.0045105442939506425 0.00030637654748858812 0.00084719738186737361 0.0020018358587197238 0.0060313410410547958 0.0030915071851573884 -0.0017736989114496668 0.00030637654748858812 0.00030637654748858812
leaf_weight=50 38 70 37 48 816 41 55 568 33 31 133 342 62 68 50 59 30 66
leaf_count=50 38 70 37 48 816 41 55 568 33 31 133 342 62 68 50 59 30 66
internal_value=0 3.25114e-05 -0.000326994 -0.00524692 -5.73659e-05 0.00279716 -0.000210564 -4.50096e-05 -0.00281429 0.000678122 -0.000421924 0.00103468 0.00219771 0.00389635 0.00045062 0.000238217 0.000306377 0.000306377
internal_weight=0 2547 1636 85 1551 79 1472 1384 88 911 223 688 230 138 458 192 92 408
internal_count=2597 2547 1636 85 1551 79 1472 1384 88 911 223 688 230 138 458 192 92 408
is_linear=0
shrinkage=0.03


Tree=347
num_leaves=24
num_cat=0
split_feature=3 4 7 3 17 16 4 3 3 1 8 15 12 13 17 3 1 4 12 3 3 15 15
split_gain=1.13966 2.35165 1.56621 1.53757 1.59569 1.29663 1.21222 1.72097 1.79609 1.12352 1.38989 1.10122 2.35638 2.17898 2.49985 1.99307 1.14853 0.990199 0.794856 0.428523 0.430778 0.32947 0.232567
threshold=0.11255000000000003 0.39680000000000004 -0.3088499999999999 0.11670000000000001 -0.011820224719101128 33.094215730337062 0.075700000000000003 0.0096500000000000023 0.013600000000000003 0.065400000000000014 0.18310000000000001 -0.48236685393258488 -1.5966842696629227 -0.47297977528089769 0.0067814606741573033 0.35670000000000007 0.052700000000000004 0.16820000000000004 -1.0029707865168562 0.061000000000000006 0.046950000000000013 -12.533024719101123 -10.569524719101123
decision_type=2 2 2 2 2 2 2 2 2 2 2 2 2 2 2 2 2 2 2 2 2 2 2
left_child=1 2 6 4 -2 11 7 22 -9 18 -11 13 17 14 -5 -14 -15 -13 -4 20 -8 -20 -1
right_child=3 -3 9 5 -6 -7 19 8 -10 10 -12 12 15 16 -16 -17 -18 -19 21 -21 -22 -23 -24
leaf_value=0.0047896284260787068 0.0080795090257207731 -0.0062210562855194683 -0.0017569390739852937 0.013155909874025852 0.00044297710121811733 -0.0038419858108474209 -0.00029531774308116135 0.008489371531177313 0.0022051601988940144 -0.0017569390739852937 -0.0031761078919862649 0.0076251667086035015 -0.0034580880163462254 0.0026205445230737616 0.0016762308894019379 0.004125656227728253 -0.0012557267537713049 0.00094991822276885307 -0.0017569390739852937 -0.00029531774308116135 0.0006311266516516933 -0.00029531774308116135 0.0006311266516516933
leaf_weight=32 53 59 93 31 46 56 173 48 278 118 90 36 174 153 38 38 125 45 46 227 60 368 210
leaf_count=32 53 59 93 31 46 56 173 48 278 118 90 36 174 153 38 38 125 45 46 227 60 368 210
internal_value=0 -0.000330551 -0.000131159 0.00103304 0.00453122 0.000535454 0.000618829 0.00155757 0.00313044 -0.00120946 -0.00306612 0.00091848 -0.000435768 0.00206198 0.00683377 -0.00209874 0.000877617 0.0039167 -0.00044776 -0.000295318 0.000631127 -0.000295318 0.000631127
internal_weight=0 1802 1743 795 99 696 1028 568 326 715 208 640 293 347 69 212 278 81 507 460 233 414 242
internal_count=2597 1802 1743 795 99 696 1028 568 326 715 208 640 293 347 69 212 278 81 507 460 233 414 242
is_linear=0
shrinkage=0.03


Tree=348
num_leaves=23
num_cat=0
split_feature=3 4 2 3 1 8 17 5 17 17 17 8 5 8 3 3 3 3 18 16 8 17
split_gain=1.0888 2.20482 1.48382 2.66451 1.58809 5.59371 3.15961 1.27725 1.1734 1.22613 1.12367 1.0329 0.964298 0.803314 0.800696 1.67534 0.845376 0.530126 0.72863 0.502793 0.32706 0.227537
threshold=0.11255000000000003 0.39680000000000004 0.00015000000000000004 0.15970000000000004 0.039900000000000012 0.20245000000000005 -0.0048241573033707954 0.28340000000000004 0.020281460674157318 0.0011758426966292093 -0.012218539325842713 0.20095000000000002 0.18955000000000002 0.16710000000000003 0.0064500000000000009 0.0070500000000000007 0.061000000000000006 0.00090000000000000008 4.5000000000000009 6.8233606741572439 0.18520000000000003 -0.015320224719101131
decision_type=2 2 2 2 2 2 2 2 2 2 2 2 2 2 2 2 2 2 2 2 2 2
left_child=1 11 3 4 5 -2 -6 -5 9 10 -4 14 -13 21 17 -16 -17 18 -1 -11 -19 -9
right_child=2 -3 8 7 6 -7 -8 13 -10 19 -12 12 -14 -15 15 16 -18 20 -20 -21 -22 -23
leaf_value=0.0036115334375062956 0.018250297692138703 -0.0060344245898837261 -0.0048241323828264035 0.0062391356940591529 0.004996096575170814 0.004996096575170814 0.00012657563491326901 0.0016291684420340375 0.00012657563491326901 -0.0091013778233900652 0.00012657563491326901 -0.0013145166785174351 -0.0030860623580149581 0.00012657563491326901 0.0074715410639782931 0.00073710358409162686 -0.0011858322629366249 6.0058072601657176e-05 -0.0013145166785174351 -0.0036533491469679337 -0.0013145166785174351 0.0031828556644862109
leaf_weight=48 32 59 43 31 75 51 54 36 38 30 33 31 100 292 30 886 268 169 38 31 173 49
leaf_count=48 32 59 43 31 75 51 54 36 38 30 33 31 100 292 30 886 268 169 38 31 173 49
internal_value=0 -0.000330767 0.00100205 0.00169062 0.00441895 0.00765598 0.00233621 0.000272964 -0.00143747 -0.00316481 -0.000622153 -0.0001377 -0.00269952 0.000126576 7.04875e-05 0.000472481 0.000290529 -0.00104157 0.0011183 -0.00633271 -0.00131452 0.00313176
internal_weight=0 1802 795 620 212 83 129 408 175 137 76 1743 131 377 1612 1184 1154 428 86 61 342 85
internal_count=2597 1802 795 620 212 83 129 408 175 137 76 1743 131 377 1612 1184 1154 428 86 61 342 85
is_linear=0
shrinkage=0.03


Tree=349
num_leaves=25
num_cat=0
split_feature=3 4 7 3 17 16 4 3 5 1 8 15 13 17 17 3 15 1 17 3 3 15 15 3
split_gain=1.01688 2.07007 1.43547 1.40809 1.48964 1.21402 1.09674 1.66282 2.28255 1.09632 1.23779 1.0409 2.06391 2.35434 1.35285 2.80201 1.3 1.04685 0.67342 0.415831 0.393849 0.304869 0.180107 0.02689
threshold=0.11255000000000003 0.39680000000000004 -0.3088499999999999 0.11670000000000001 -0.011820224719101128 33.094215730337062 0.075700000000000003 0.0096500000000000023 0.26635000000000003 0.065400000000000014 0.18310000000000001 -0.48236685393258488 -0.47297977528089769 0.0067814606741573033 0.037179775280898865 0.36100000000000004 17.134106741573039 0.052700000000000004 0.017781460674157316 0.061000000000000006 0.046950000000000013 -12.533024719101123 -10.569524719101123 0.0020500000000000006
decision_type=2 2 2 2 2 2 2 2 2 2 2 2 2 2 2 2 2 2 2 2 2 2 2 2
left_child=1 2 6 4 -2 11 7 22 -9 18 -11 12 13 -5 15 -13 -16 -14 21 20 -8 -4 -1 -20
right_child=3 -3 9 5 -6 -7 19 8 -10 10 -12 14 17 -15 16 -17 -18 -19 23 -21 -22 -23 -24 -25
leaf_value=0.0046088386606425048 0.0077372684281973936 -0.0058533918833896768 -0.0017080645473526578 0.012746935537265193 0.00035886605796606647 -0.003750597071152047 -0.00029685764197579195 0.0070913928374648095 0.0014762217806202312 -0.0017080645473526578 -0.0029965460141012468 -0.0029103146774622684 0.0024787872056385462 0.0016063671847682838 0.0077934053444093272 0.0066677346790675069 -0.00064286801817693879 -0.001221927613914013 -0.00029685764197579195 -0.00029685764197579195 0.0005868807255548532 -0.00029685764197579195 0.0005868807255548532 -0.0017080645473526578
leaf_weight=32 53 59 46 31 46 56 173 90 236 118 90 195 153 38 31 32 35 125 44 227 60 347 210 70
leaf_count=32 53 59 46 31 46 56 173 90 236 118 90 195 153 38 31 32 35 125 44 227 60 347 210 70
internal_value=0 -0.000326774 -0.0001397 0.000961272 0.00430892 0.000485098 0.000578304 0.00147062 0.00302642 -0.00117202 -0.00299655 0.000855722 0.00196747 0.00661155 -0.000460917 -0.00156011 0.00331962 0.000814797 -0.000419583 -0.000296858 0.000586881 -0.000296858 0.000586881 -0.00170806
internal_weight=0 1802 1743 795 99 696 1028 568 326 715 208 640 347 69 293 227 66 278 507 460 233 393 242 114
internal_count=2597 1802 1743 795 99 696 1028 568 326 715 208 640 347 69 293 227 66 278 507 460 233 393 242 114
is_linear=0
shrinkage=0.03


Tree=350
num_leaves=29
num_cat=0
split_feature=15 7 16 12 4 16 15 1 8 12 7 0 18 12 8 4 13 8 1 8 17 4 1 0 18 4 4 1
split_gain=0.827534 1.40585 1.95778 0.814168 1.96511 1.4657 0.73807 1.53786 1.09213 0.810001 1.20911 0.783349 0.726235 1.31274 3.86351 3.18495 0.796574 2.32044 1.71564 0.418059 0.643985 0.905535 0.636621 0.643451 0.293559 0.197512 0.183719 0.0596515
threshold=-7.1730247191011234 -0.27924999999999994 29.666444943820185 0.076716853932586218 0.012950000000000001 6.8233606741572439 -42.048850561797742 0.051450000000000003 0.17830000000000004 1.0902595505618005 -0.29994999999999994 0.81210000000000016 4.5000000000000009 -1.5357831460674143 0.19610000000000002 0.32190000000000007 -2.9677404494382045 0.19885000000000003 0.065400000000000014 0.19185000000000002 0.017781460674157316 0.12835000000000002 0.034700000000000009 0.71345000000000003 4.5000000000000009 0.29375000000000001 0.024400000000000002 0.14375000000000002
decision_type=2 2 2 2 2 2 2 2 2 2 2 2 2 2 2 2 2 2 2 2 2 2 2 2 2 2 2 2
left_child=1 6 -3 5 24 12 -1 9 25 11 -11 -8 16 15 -15 -14 17 -2 -18 20 21 -6 23 -21 -5 -9 -10 -22
right_child=3 2 -4 4 19 -7 7 8 26 10 -12 -13 13 14 -16 -17 18 -19 -20 22 27 -23 -24 -25 -26 -27 -28 -29
leaf_value=0.0053446279562288715 0.00043186978784944398 -0.0012220187092649383 -0.0092140531438318161 0.0014603968969402977 -5.0242235352409868e-05 0.0047039098749464409 0.00080573604549781324 0.00080573604549781324 -0.00020814133188356258 0.0048147352955331844 0.00080573604549781324 0.0038128332483271755 0.0010229240775224753 -0.0012066164637508335 -0.013010503811941992 -0.00888179136948152 0.0044603653232795446 -0.006440198735667849 -0.00052566937131341544 -0.004415777094783759 0.0004748780658089152 -0.0026060654728310814 -0.0062254887167364362 -0.0026060654728310814 0.0054076974838972091 -0.00020814133188356258 -0.0012220187092649383 -0.00074004772531155211
leaf_weight=31 267 52 33 39 127 53 76 133 83 151 73 81 255 128 31 33 106 53 150 41 42 139 54 54 30 84 200 39
leaf_count=31 267 52 33 39 127 53 76 133 83 151 73 81 255 128 31 33 106 53 150 41 42 139 54 54 30 84 200 39
internal_value=0 0.00045104 -0.003239 -0.000644806 -0.00156697 -0.000160587 0.000794958 0.000634868 -0.000459263 0.00207074 0.00325038 0.000805736 -0.000412609 -0.00131997 -0.003508 -0.000111991 0.00029154 -0.000706317 0.00153886 -0.00222686 -0.00165613 -0.00237169 -0.003556 -0.00260607 0.00317661 0.000805736 -0.00122202 0.000474878
internal_weight=0 997 85 1641 565 1076 912 881 500 381 224 157 1023 447 159 288 576 320 256 496 347 266 149 95 69 217 283 81
internal_count=2638 997 85 1641 565 1076 912 881 500 381 224 157 1023 447 159 288 576 320 256 496 347 266 149 95 69 217 283 81
is_linear=0
shrinkage=0.03


Tree=351
num_leaves=26
num_cat=0
split_feature=3 3 3 7 13 13 7 6 4 3 3 13 14 5 16 17 0 18 14 8 3 14 14 0 13
split_gain=1.6498 2.32811 4.17147 2.56587 1.97575 2.57621 1.84215 4.11336 1.80205 2.59469 1.32038 1.42659 1.3866 1.15898 1.07933 0.983076 0.917094 0.934077 0.900912 0.832831 0.559349 0.499708 0.468575 0.432335 0.160082
threshold=0.15055000000000004 0.11255000000000003 0.11230000000000001 -0.31494999999999995 -1.2829112359550556 -1.5368426966292146 -0.38239999999999991 0.019600000000000003 0.39680000000000004 0.077300000000000021 0.28045000000000003 -3.8039471910112357 0.0095865168539325824 0.37640000000000007 -29.349859550561913 0.049105617977528111 0.096300000000000011 4.5000000000000009 -0.12895393258426963 0.20350000000000004 0.36100000000000004 0.27495730337078667 -0.09795393258426964 0.45270000000000005 2.2225887640449451
decision_type=2 2 2 2 2 2 2 2 2 2 2 2 2 2 2 2 2 2 2 2 2 2 2 2 2
left_child=1 2 8 13 5 10 16 -8 9 15 11 -2 -13 19 -12 -1 20 -18 -15 21 24 -3 -11 -9 -6
right_child=4 3 -4 -5 6 -7 7 23 -10 22 14 12 -14 18 -16 -17 17 -19 -20 -21 -22 -23 -24 -25 -26
leaf_value=-0.0003337946076727312 0.00032088391517754643 0.0054307684517135059 -0.010979698179289699 -0.0048013409102956456 0.0017180844000024168 -0.012054645266504056 -0.010918484315232829 -0.0050337602858516305 -0.005397861913354559 0.0066179379885446046 -0.0037479641893878577 -0.012267283186316489 -0.0032199714752101909 0.0029778538177049974 0.0036038159629012026 0.0038987970760311274 0.0017180844000024168 0.0072742762610029706 -0.00051485213316605023 0.0029778538177049974 0.0017180844000024168 0.0098288983923773606 0.0028148246929049492 -0.00082115419434508738 -0.00082115419434508738
leaf_weight=1562 30 93 32 36 30 31 43 33 55 49 32 30 31 32 41 51 50 39 47 44 42 31 72 57 45
leaf_count=1562 30 93 32 36 30 31 43 33 55 49 32 30 31 32 41 51 50 39 47 44 42 31 72 57 45
internal_value=0 0.000149673 -0.000243731 0.00268108 -0.00171749 -0.00412351 -0.000333493 -0.00308577 -5.16963e-05 0.000117876 -0.00262433 -0.00503529 -0.00766947 0.00377164 0.000381118 -0.000199968 0.00144346 0.00373852 0.000774884 0.00518082 -0.000302346 0.0065303 0.00435493 -0.000821154 -0.000821154
internal_weight=0 2104 1821 283 534 195 339 133 1789 1734 164 91 61 247 73 1613 206 89 79 168 117 124 121 90 75
internal_count=2638 2104 1821 283 534 195 339 133 1789 1734 164 91 61 247 73 1613 206 89 79 168 117 124 121 90 75
is_linear=0
shrinkage=0.03


Tree=352
num_leaves=24
num_cat=0
split_feature=3 3 3 7 13 12 4 3 7 6 3 13 13 3 3 1 12 15 14 3 12 12 3
split_gain=1.53948 2.1774 3.92494 2.40856 1.86911 2.63155 1.69555 2.44134 1.66724 3.91532 1.10212 1.40761 0.886194 2.01476 0.87399 0.768264 0.733357 0.69851 1.47118 1.84106 0.826246 0.130919 0.0137282
threshold=0.15055000000000004 0.11255000000000003 0.11230000000000001 -0.31494999999999995 -1.2829112359550556 -0.19338202247190669 0.39680000000000004 0.077300000000000021 -0.38239999999999991 0.019600000000000003 0.32895000000000008 -2.8697404494382037 -0.10697977528089807 0.36100000000000004 0.06795000000000001 0.04080000000000001 0.70340280898876462 5.636198876404495 -0.15508426966292135 0.11425 -1.5672831460674155 -1.7362831460674142 0.28045000000000003
decision_type=2 2 2 2 2 2 2 2 2 2 2 2 2 2 2 2 2 2 2 2 2 2 2
left_child=1 2 6 17 5 10 7 14 12 -10 11 21 -6 22 -1 -11 -9 18 -3 -20 -19 -2 -14
right_child=4 3 -4 -5 8 -7 -8 16 9 15 -12 -13 13 -15 -16 -17 -18 20 19 -21 -22 -23 -24
leaf_value=-3.0354605385361989e-05 -0.0017825796298735264 0.0099296005727037007 -0.010650307168252765 -0.0046573005616664881 0.0048991222234860974 -0.0094224543085223746 -0.0052359260276637291 0.0025522925939876584 -0.010590929952666684 -0.00077741961493788089 0.0032208924091631365 -0.0074009219955566315 0.00057501157266753053 0.0062725445008836684 -0.0025607929238068584 -0.0053943335391314967 0.0074866961029062904 0.0052624795035226268 -0.00050428196649856096 0.0054844368675474034 -0.00050428196649856096 0.00093245051420209077 -0.00077741961493788089
leaf_weight=1534 31 38 32 36 49 57 55 80 43 48 31 43 70 40 79 42 41 30 34 97 48 33 47
leaf_count=1534 31 38 32 36 49 57 55 80 43 48 31 43 70 40 79 42 41 30 34 97 48 33 47
internal_value=0 0.000144038 -0.000236419 0.00259214 -0.00165961 -0.0039998 -5.01454e-05 0.00011434 -0.000313488 -0.00293184 -0.00176001 -0.00320307 0.001377 0.000277744 -0.000193969 -0.00077742 0.00422428 0.00364874 0.00473257 0.00322504 0.00130043 -0.000382642 -0.00077742
internal_weight=0 2104 1821 283 534 195 1789 1734 339 133 138 107 206 157 1613 90 121 247 169 131 78 64 117
internal_count=2638 2104 1821 283 534 195 1789 1734 339 133 138 107 206 157 1613 90 121 247 169 131 78 64 117
is_linear=0
shrinkage=0.03


Tree=353
num_leaves=24
num_cat=0
split_feature=3 3 3 3 14 3 15 17 14 2 15 1 3 3 15 17 8 16 17 5 15 16 5
split_gain=1.43466 2.28359 1.62969 3.6922 2.0813 1.58722 2.01174 2.19832 1.63821 2.15278 1.87897 1.54754 4.12768 3.23501 1.44694 0.975948 1.34081 2.31484 1.07838 0.669302 0.617071 0.451355 0.0176717
threshold=0.17060000000000003 0.18280000000000005 0.11255000000000003 0.11230000000000001 -0.33454269662921338 0.25870000000000004 10.228291011235957 -0.0030544943820224597 -0.15508426966292135 0.00015000000000000004 -1.8483011235955054 0.052700000000000004 0.13965000000000002 0.13615000000000002 -1.8483011235955054 0.049105617977528111 0.20095000000000002 -9.9194191011236494 0.020281460674157318 0.37640000000000007 6.775791011235957 6.3473606741572448 0.34310000000000002
decision_type=2 2 2 2 2 2 2 2 2 2 2 2 2 2 2 2 2 2 2 2 2 2 2
left_child=2 14 3 15 -4 6 7 -3 20 10 -10 13 19 21 -2 16 18 -18 -1 -13 22 -6 -7
right_child=1 5 4 -5 11 8 -8 -9 9 -11 -12 12 -14 -15 -16 -17 17 -19 -20 -21 -22 -23 -24
leaf_value=0.00039543041961026738 -0.0024519872046948874 0.0042538203085039526 0.0090975605729309954 -0.010330797736532987 0.0054014855877567939 0.0035216011721640825 0.0080203242824812022 -0.0048276245540806225 0.00072120698944975927 -0.010625500418245792 -0.0055976674107369034 0.0017293789530684761 -0.0089932910307543336 0.011569678774491573 -0.011473637767194305 0.0039220384218626551 -0.0091396924979718665 -0.0015677235151849642 -0.0015677235151849642 -0.0015432508568598055 -0.0021006278016350486 0.0017293789530684761 0.0024918904500082135
leaf_weight=1356 32 47 34 32 39 30 35 49 90 33 80 80 40 36 32 54 42 81 256 57 33 40 30
leaf_count=1356 32 47 34 32 39 30 35 49 90 33 80 80 40 36 32 54 42 81 256 57 33 40 30
internal_value=0 -0.0016782 0.000119331 -0.000230381 0.00207279 -0.000886124 0.00186326 -0.000381501 -0.00210291 -0.00361353 -0.00225238 0.00125483 -0.00050557 0.00396433 -0.00696281 -4.97143e-05 -0.000173331 -0.00319249 5.70389e-05 0.00172938 0.00119445 0.00172938 0.00300675
internal_weight=0 491 2147 1821 326 427 131 96 296 203 170 292 177 115 64 1789 1735 123 1612 137 93 79 60
internal_count=2638 491 2147 1821 326 427 131 96 296 203 170 292 177 115 64 1789 1735 123 1612 137 93 79 60
is_linear=0
shrinkage=0.03


Tree=354
num_leaves=24
num_cat=0
split_feature=3 3 12 3 3 14 4 3 3 15 17 14 2 15 1 3 3 17 12 5 15 16 5
split_gain=1.35105 2.14863 3.24813 1.52908 3.47487 1.95939 1.60244 2.30781 1.49341 1.89285 2.0684 1.54139 2.02555 1.76793 1.38969 3.91411 3.08093 0.869563 0.683042 0.619701 0.580602 0.411606 0.0166273
threshold=0.17060000000000003 0.18280000000000005 0.13381573033707642 0.11255000000000003 0.11230000000000001 -0.33454269662921338 0.39680000000000004 0.077300000000000021 0.25870000000000004 10.228291011235957 -0.0030544943820224597 -0.15508426966292135 0.00015000000000000004 -1.8483011235955054 0.052700000000000004 0.13965000000000002 0.13615000000000002 0.049105617977528111 0.70340280898876462 0.37640000000000007 6.775791011235957 6.3473606741572448 0.34310000000000002
decision_type=2 2 2 2 2 2 2 2 2 2 2 2 2 2 2 2 2 2 2 2 2 2 2
left_child=3 2 -2 4 6 -5 7 17 9 10 -3 20 13 -13 16 19 21 -1 -9 -16 22 -7 -10
right_child=1 8 -4 5 -6 14 -8 18 11 -11 -12 12 -14 -15 15 -17 -18 -19 -20 -21 -22 -23 -24
leaf_value=-0.00031267731700861849 -0.013304390310394492 0.0041262058683849395 0.00021914439335946113 0.008824633824474671 -0.010020873954927083 0.0052394411146927337 -0.0050883513987064364 0.0024952902764780447 0.0034159532766789196 0.0077797144514042882 -0.0046827957623315096 0.00069957080110907551 -0.010306735678829931 -0.0054297374300658705 0.0016647676566077928 -0.0087234922384377567 0.011222588516150912 0.003668059592190034 0.0072574145946560833 -0.0014969532982764863 -0.0020376090400598267 0.0016647676566077928 0.0024171336572617291
leaf_weight=1562 33 47 31 34 32 39 55 80 30 35 49 90 33 80 80 40 36 51 41 57 33 40 30
leaf_count=1562 33 47 31 34 32 39 55 80 30 35 49 90 33 80 80 40 36 51 41 57 33 40 30
internal_value=0 -0.00162785 -0.00675393 0.000116515 -0.00022223 0.00200871 -4.69609e-05 0.000112945 -0.00085954 0.00180736 -0.000370055 -0.00203983 -0.00350512 -0.00218481 0.00121508 -0.000453139 0.00378267 -0.000186814 0.0041089 0.00166477 0.00115862 0.00166477 0.00291654
internal_weight=0 491 64 2147 1821 326 1789 1734 427 131 96 296 203 170 292 177 115 1613 121 137 93 79 60
internal_count=2638 491 64 2147 1821 326 1789 1734 427 131 96 296 203 170 292 177 115 1613 121 137 93 79 60
is_linear=0
shrinkage=0.03


Tree=355
num_leaves=14
num_cat=0
split_feature=2 6 7 3 3 3 3 13 3 7 1 5 3
split_gain=0.978433 0.592858 1.40721 0.580628 1.19742 3.78844 0.983728 0.903267 1.06761 0.811564 0.643587 3.59624 0.0455353
threshold=0.27755000000000002 -0.0035499999999999998 -0.35034999999999994 0.0089000000000000017 0.033000000000000008 0.026800000000000004 0.011600000000000001 2.2225887640449451 0.17515000000000003 -0.38239999999999991 0.010500000000000001 0.18055000000000002 0.06795000000000001
decision_type=2 2 2 2 2 2 2 2 2 2 2 2 2
left_child=1 2 12 10 5 6 -5 9 -9 -6 11 -3 -1
right_child=-2 3 -4 4 7 -7 -8 8 -10 -11 -12 -13 -14
leaf_value=-0.00026863188654827389 -0.0042846087057222711 0.011742769140269487 -0.002100687113696981 0.0030634507714421486 0.0012238327217269026 0.01025590586134543 -0.00026863188654827389 0.0024696246293877582 -0.00026863188654827389 -0.00026863188654827389 -0.00026863188654827389 0.0012646377786368929 -0.0011846595001226274
leaf_weight=270 47 31 186 124 338 45 199 266 155 484 392 40 44
leaf_count=270 47 31 186 124 338 45 199 266 155 484 392 40 44
internal_value=0 8.32345e-05 -0.000844047 0.000306784 0.00059776 0.00210093 0.000964789 0.000152735 0.00129827 -0.000268632 -0.000268632 0.00279791 -0.000268632
internal_weight=0 2574 500 2074 1611 368 323 1243 421 822 463 71 314
internal_count=2621 2574 500 2074 1611 368 323 1243 421 822 463 71 314
is_linear=0
shrinkage=0.03


Tree=356
num_leaves=20
num_cat=0
split_feature=2 15 17 7 3 15 4 6 3 14 16 2 13 1 14 13 7 7 3
split_gain=0.914204 0.546709 1.35662 1.08402 0.57249 1.68433 1.69331 1.29255 1.07078 1.05621 1.48475 1.10453 0.878031 0.842757 0.559652 0.547926 0.462674 0.20634 0.187543
threshold=0.27755000000000002 -12.533024719101123 -0.004324157303370795 -0.34104999999999996 0.011100000000000002 -10.040871910112347 0.13925000000000001 -0.0028499999999999997 0.0089000000000000017 0.36067640449438215 56.153350561797716 0.00045000000000000004 3.403520224719101 0.010500000000000001 0.40500112359550566 -1.2829112359550556 -0.43394999999999995 -0.32264999999999994 0.016650000000000002
decision_type=2 2 2 2 2 2 2 2 2 2 2 2 2 2 2 2 2 2 2
left_child=1 2 16 -4 7 6 14 17 13 11 -11 -7 -8 -9 -6 -10 -1 -3 -5
right_child=-2 4 3 18 5 9 12 8 15 10 -12 -13 -14 -15 -16 -17 -18 -19 -20
leaf_value=0.0026281534822192041 -0.0041560704984325673 -0.00090614461237696067 0.0061588728959031868 0.0013343510502018033 0.0037209467114343378 0.00082715109372942042 -0.0020450472115195626 0.0028730953809234403 0.00068727063899859788 -0.0020450472115195626 0.0032887166255015005 -0.0014952658711329355 0.0027159703816645423 -0.00090614461237696067 0.0082379171810548837 0.0061108296533654389 -0.0020450472115195626 -0.0020450472115195626 -0.0017712992117074984
leaf_weight=32 47 91 32 30 52 1136 33 62 30 136 47 220 52 346 47 38 104 44 42
leaf_count=32 47 91 32 30 52 1136 33 62 30 136 47 220 52 346 47 38 104 44 42
internal_value=0 6.59761e-05 -0.00129748 0.00156461 0.000206177 0.000485967 0.00319868 -0.000582823 0.000232758 0.000161641 -0.00197771 0.000450358 9.27661e-05 -0.00034813 0.00586537 0.00371808 -0.00204505 -0.00204505 -0.000477278
internal_weight=0 2574 240 104 2334 1723 184 611 476 1539 183 1356 85 408 99 68 136 135 72
internal_count=2621 2574 240 104 2334 1723 184 611 476 1539 183 1356 85 408 99 68 136 135 72
is_linear=0
shrinkage=0.03


Tree=357
num_leaves=12
num_cat=0
split_feature=7 8 6 7 17 15 15 3 14 17 17
split_gain=0.853323 1.17499 1.03201 1.3368 0.65014 0.636887 0.930089 0.738207 0.175479 0.118727 0.0991021
threshold=-0.25914999999999994 0.14055000000000004 -0.0035499999999999998 -0.35034999999999994 -0.015320224719101131 -10.092958988764044 -8.1577089887640426 0.085450000000000012 0.45004606741573044 -0.004324157303370795 -0.0030544943820224597
decision_type=2 2 2 2 2 2 2 2 2 2 2
left_child=1 4 3 -3 -1 9 8 -8 -7 -4 -11
right_child=-2 2 5 -5 -6 6 7 -9 -10 10 -12
leaf_value=0.0018861322935004702 -0.0041158655459682149 -0.00055697821276290427 -0.00055697821276290427 -0.0020323231208370898 0.0066991221401337024 0.0018861322935004702 0.00076897690189071 -0.00055579272487434137 0.00019934872570245163 0.0018861322935004702 6.3120059591407579e-05
leaf_weight=35 45 300 173 158 37 158 872 669 69 51 54
leaf_count=35 45 300 173 158 37 158 872 669 69 51 54
internal_value=0 5.12193e-05 -5.74269e-05 -0.00134468 0.00382969 0.000230727 0.000463929 0.00019385 0.00188613 -0.000556978 0.000958923
internal_weight=0 2576 2504 458 72 2046 1768 1541 227 278 105
internal_count=2621 2576 2504 458 72 2046 1768 1541 227 278 105
is_linear=0
shrinkage=0.03


Tree=358
num_leaves=12
num_cat=0
split_feature=7 8 6 7 15 13 3 17 12 17 17
split_gain=0.80147 1.09813 0.979018 1.28675 0.622614 0.901631 0.831931 0.617297 0.589884 0.0996537 0.093282
threshold=-0.25914999999999994 0.14055000000000004 -0.0035499999999999998 -0.35034999999999994 -10.092958988764044 2.2225887640449451 0.033000000000000008 -0.015320224719101131 1.1112595505617977 -0.004324157303370795 -0.0030544943820224597
decision_type=2 2 2 2 2 2 2 2 2 2 2
left_child=1 7 3 -3 9 6 -6 -1 -7 -4 -11
right_child=-2 2 4 -5 5 8 -8 -9 -10 10 -12
leaf_value=0.0018199882141241618 -0.0039923897180706262 -0.00054548860285273768 -0.00054548860285273768 -0.0019731438916840275 0.00098638367852262499 0.0018199882141241618 -0.00054278279725009895 0.0064981484866222811 0.00040780029643408869 0.0018199882141241618 6.1226502746447093e-05
leaf_weight=35 45 300 173 158 533 160 802 37 273 51 54
leaf_count=35 45 300 173 158 533 160 802 37 273 51 54
internal_value=0 4.61019e-05 -5.89308e-05 -0.00131271 0.000221728 0.00045357 6.77384e-05 0.00369891 0.00164314 -0.000545489 0.000930465
internal_weight=0 2576 2504 458 2046 1768 1335 72 433 278 105
internal_count=2621 2576 2504 458 2046 1768 1335 72 433 278 105
is_linear=0
shrinkage=0.03


Tree=359
num_leaves=10
num_cat=0
split_feature=2 8 6 8 14 2 14 15 12
split_gain=0.819759 1.46164 0.912317 0.945862 0.624166 0.916966 0.72085 0.136746 0.110474
threshold=0.27755000000000002 0.13650000000000004 -0.0035499999999999998 0.17645000000000002 -0.18595393258426959 0.00045000000000000004 0.10100112359550563 17.980628089887645 -1.5672831460674155
decision_type=2 2 2 2 2 2 2 2 2
left_child=1 -1 3 -3 7 6 -6 -4 -5
right_child=-2 2 4 8 5 -7 -8 -9 -10
leaf_value=0.0048405129066668448 -0.0039512053903618307 -0.00051711608827181399 -0.00051711608827181399 -0.0012346563888544413 0.0013588067259176547 -0.00051711608827181399 0.00014393419521737568 0.0014848206620267097 -0.0019521966894370686
leaf_weight=56 47 232 343 36 860 236 560 47 204
leaf_count=56 47 232 343 36 860 236 560 47 204
internal_value=0 4.6812e-05 -5.97993e-05 -0.00124871 0.000214475 0.000483131 0.000804984 -0.000517116 -0.0019522
internal_weight=0 2574 2518 472 2046 1656 1420 390 240
internal_count=2621 2574 2518 472 2046 1656 1420 390 240
is_linear=0
shrinkage=0.03


Tree=360
num_leaves=14
num_cat=0
split_feature=15 16 8 3 0 3 3 16 7 16 17 17 4
split_gain=2.8119 0.861095 0.963534 0.696477 0.683809 0.49137 0.598321 0.558736 1.52228 0.84936 0.456738 0.144192 0.106414
threshold=-42.048850561797742 56.013350561797729 0.14420000000000002 0.088700000000000015 0.10110000000000001 0.0016000000000000001 0.00065000000000000008 33.030350561797782 -0.38239999999999991 31.104215730336993 -0.0053241573033707959 0.0072853932584269762 0.020150000000000005
decision_type=2 2 2 2 2 2 2 2 2 2 2 2 2
left_child=-1 2 4 12 10 6 11 9 -9 -7 -2 -4 -3
right_child=1 3 5 -5 -6 7 -8 8 -10 -11 -12 -13 -14
leaf_value=0.0088951930945569812 0.0011671591295216968 0.002635819763846455 -0.00038140008196933193 0.0065516891777515403 0.0058795269776601346 -0.00034526087318315118 0.0011671591295216968 0.0011671591295216968 -0.0044855461800365109 0.0011671591295216968 0.0035233430535909155 -0.0032522212737990963 0.00043059281383951508
leaf_weight=33 54 31 32 30 38 1980 97 36 88 124 36 31 54
leaf_count=33 54 31 32 30 38 1980 97 36 88 124 36 31 54
internal_value=0 8.32622e-05 -3.27704e-05 0.00262185 0.00250301 -0.000168692 0.00116716 -0.000285816 -0.00224276 -0.000170483 0.00116716 -0.00179403 0.00123485
internal_weight=0 2631 2516 115 128 2388 160 2228 124 2104 90 63 85
internal_count=2664 2631 2516 115 128 2388 160 2228 124 2104 90 63 85
is_linear=0
shrinkage=0.03


Tree=361
num_leaves=14
num_cat=0
split_feature=15 16 8 3 0 3 3 16 7 16 17 4 0
split_gain=2.64293 0.807238 0.887165 0.655315 0.651532 0.479595 0.55409 0.517648 1.44742 0.811595 0.437962 0.100125 0.0493269
threshold=-42.048850561797742 56.013350561797729 0.14420000000000002 0.088700000000000015 0.10110000000000001 0.0016000000000000001 0.00065000000000000008 33.030350561797782 -0.38239999999999991 31.104215730336993 -0.0053241573033707959 0.020150000000000005 0.98380000000000012
decision_type=2 2 2 2 2 2 2 2 2 2 2 2 2
left_child=-1 2 4 11 10 6 12 9 -9 -7 -2 -3 -4
right_child=1 3 5 -5 -6 7 -8 8 -10 -11 -12 -13 -14
leaf_value=0.0086283376948399961 0.0011243261003956698 0.0025567451155474106 -0.0025664315989706666 0.00635513862222433 0.0057031410643340729 -0.00033490305577751396 0.0011243261003956698 0.0011243261003956698 -0.0043509796153309499 0.0011243261003956698 0.0034137335823648716 0.00041767504583630296 -0.00088732720382751946
leaf_weight=33 54 31 32 30 38 1980 97 36 88 124 36 54 31
leaf_count=33 54 31 32 30 38 1980 97 36 88 124 36 54 31
internal_value=0 8.52759e-05 -2.70694e-05 0.0025432 0.00240615 -0.000157493 0.00112433 -0.000273811 -0.00215743 -0.000162799 0.00112433 0.00119781 -0.00174021
internal_weight=0 2631 2516 115 128 2388 160 2228 124 2104 90 85 63
internal_count=2664 2631 2516 115 128 2388 160 2228 124 2104 90 85 63
is_linear=0
shrinkage=0.03


Tree=362
num_leaves=14
num_cat=0
split_feature=15 16 14 3 3 14 14 3 12 7 4 3 4
split_gain=2.48401 0.75664 0.906903 1.30676 0.616586 0.56485 1.05314 0.777028 0.581133 1.08315 1.02798 0.440312 0.0942079
threshold=-42.048850561797742 56.013350561797729 0.4226764044943821 0.15970000000000004 0.088700000000000015 -0.28808426966292128 -0.27054269662921332 0.17060000000000003 0.31202921348314488 -0.35244999999999999 0.19590000000000005 0.022050000000000004 0.020150000000000005
decision_type=2 2 2 2 2 2 2 2 2 2 2 2 2
left_child=-1 2 5 11 12 8 -7 -8 10 -10 -2 -4 -3
right_child=1 4 3 -5 -6 6 7 -9 9 -11 -12 -13 -14
leaf_value=0.0083694872395558787 0.00084284664242196888 0.0024800427774748493 -0.001703722368304928 0.0028111033099553276 0.0061644845977425573 0.0043112709544795118 0.00045814727207684364 -0.0010557237124629319 -9.2417192459106452e-05 -0.0066274760644383993 -0.0039198548583102956 -0.0059416576654429693 0.00040514472044176524
leaf_weight=33 177 31 36 31 30 57 1638 375 50 42 53 57 54
leaf_count=33 177 31 36 31 30 57 1638 375 50 42 53 57 54
internal_value=0 8.72586e-05 -2.15089e-05 -0.0025231 0.0024669 0.000108172 0.000289996 0.00017613 -0.00106069 -0.00307581 -0.000254645 -0.00430117 0.00116187
internal_weight=0 2631 2516 124 115 2392 2070 2013 322 92 230 93 85
internal_count=2664 2631 2516 124 115 2392 2070 2013 322 92 230 93 85
is_linear=0
shrinkage=0.03


Tree=363
num_leaves=17
num_cat=0
split_feature=16 3 12 3 3 3 3 17 16 16 7 16 1 3 3 16
split_gain=1.47356 2.67817 0.680165 0.662148 0.504478 1.72264 1.67405 0.753351 0.51795 0.694146 1.95775 1.24032 1.16235 0.770808 0.710718 0.267189
threshold=33.325080898876372 0.088700000000000015 2.0448039325842733 0.023950000000000003 0.0016000000000000001 0.0012500000000000002 0.00090000000000000008 0.0022775280898876264 33.094215730337062 31.104215730336993 -0.30524999999999997 28.96344494382021 0.068750000000000019 0.085450000000000012 0.11425 56.013350561797729
decision_type=2 2 2 2 2 2 2 2 2 2 2 2 2 2 2 2
left_child=4 2 3 -2 5 6 7 -1 9 11 12 14 -11 -13 -6 -3
right_child=1 15 -4 -5 8 -7 -8 -9 -10 10 -12 13 -14 -15 -16 -17
leaf_value=0.0050729591143982749 -0.00074824842719399196 0.0099834649194963272 -0.0036186700861059852 0.0045285283377099975 -0.00039170105849140329 0.0061236920040279906 -0.0065507572344504295 -0.00055726680041036825 -0.0035052953241392969 0.0072567004846085022 -0.0039747079613423626 -0.00081640731786256256 0.0015210142257415407 -0.0048703498462362819 0.0008570125361126316 0.0059795498102903364
leaf_weight=35 49 30 31 38 1316 52 30 55 40 46 43 92 103 78 596 30
leaf_count=35 49 30 31 38 1316 52 30 55 40 46 43 92 103 78 596 30
internal_value=0 0.00282096 0.000196959 0.00155655 -4.6397e-06 0.00156287 -0.00041349 0.00163227 -0.000121153 -6.16252e-05 0.00166438 -0.000220795 0.00329176 -0.00267645 -2.4577e-06 0.00798151
internal_weight=0 178 118 87 2486 172 120 90 2314 2274 192 2082 149 170 1912 60
internal_count=2664 178 118 87 2486 172 120 90 2314 2274 192 2082 149 170 1912 60
is_linear=0
shrinkage=0.03


Tree=364
num_leaves=14
num_cat=0
split_feature=15 16 14 3 8 3 0 14 1 4 3 3 4
split_gain=2.27133 0.689792 0.855501 1.2172 0.969548 0.80305 0.655076 0.542093 1.68308 1.50218 0.536014 0.349363 0.0934756
threshold=-42.048850561797742 56.013350561797729 0.4226764044943821 0.11055000000000001 0.14420000000000002 0.033000000000000008 0.10110000000000001 -0.12895393258426963 0.051450000000000003 0.43420000000000009 0.088700000000000015 0.056650000000000006 0.020150000000000005
decision_type=2 2 2 2 2 2 2 2 2 2 2 2 2
left_child=-1 2 4 5 6 -4 11 9 -9 -6 12 -2 -3
right_child=1 10 3 -5 7 -7 -8 8 -10 -11 -12 -13 -14
leaf_value=0.0080002778260545304 0.0013595495246595517 0.0024488809993190148 -0.0021852482542056928 0.0012870590414968319 -0.00023138926718227259 -0.0084311898553278298 0.0061293508314217131 0.0013595495246595517 -0.0006718743945949196 -0.0045924197388096501 0.0058001631908118729 0.0037444501780406324 0.00038206410283843671
leaf_weight=33 46 31 44 48 802 32 36 671 723 78 30 36 54
leaf_count=33 46 31 44 48 802 32 36 671 723 78 30 36 54
internal_value=0 8.05284e-05 -2.33233e-05 -0.00245299 0.000102629 -0.00481512 0.00275405 -3.49559e-05 0.000333065 -0.000617935 0.00235262 0.00135955 0.00113584
internal_weight=0 2631 2516 124 2392 76 118 2274 1394 880 115 82 85
internal_count=2664 2631 2516 124 2392 76 118 2274 1394 880 115 82 85
is_linear=0
shrinkage=0.03


Tree=365
num_leaves=14
num_cat=0
split_feature=15 7 3 3 0 15 2 12 15 3 0 3 6
split_gain=2.17356 0.575358 0.977458 1.81963 1.05172 1.27 0.697211 0.692106 0.667706 0.676118 1.08643 0.548452 0.0407815
threshold=-31.911850561797731 -0.33469999999999994 0.0070500000000000007 0.0064500000000000009 0.72155000000000002 -12.580524719101122 0.27755000000000002 -1.6266842696629238 -12.698524719101121 0.008550000000000002 0.8368000000000001 0.051100000000000007 0.037250000000000012
decision_type=2 2 2 2 2 2 2 2 2 2 2 2 2
left_child=-1 2 3 -2 5 -4 8 -7 12 10 -10 -11 -3
right_child=1 6 4 -5 -6 7 -8 -9 9 11 -12 -13 -14
leaf_value=-0.007729266576468944 0.00019013123282689024 -0.0028234129907973452 0.0025868162936648767 0.0092909327507950355 0.0053016273812814194 0.0021046395430248232 -0.0051008700339063521 -0.00020891801666933363 -0.0028234129907973452 -0.00020891801666933363 -0.00038823654824621885 -0.0018123738400583319 -0.0012020961016241927
leaf_weight=35 58 30 83 30 33 125 31 979 112 543 286 238 32
leaf_count=35 58 30 83 30 33 125 31 979 112 543 286 238 32
internal_value=0 -0.000202666 0.000239128 0.00329268 1.8872e-05 -0.000127995 -0.000656964 -0.000208918 -0.000545956 -0.000380204 -0.00148007 -0.000208918 -0.00282341
internal_weight=0 2580 1308 88 1220 1187 1272 1104 1241 1179 398 781 62
internal_count=2615 2580 1308 88 1220 1187 1272 1104 1241 1179 398 781 62
is_linear=0
shrinkage=0.03


Tree=366
num_leaves=15
num_cat=0
split_feature=15 7 1 8 7 4 15 0 8 17 13 8 13 15
split_gain=2.04505 0.517211 1.09715 5.2342 0.912451 1.72846 0.774424 1.34189 0.74846 0.677899 1.0873 0.297289 0.133785 0.087216
threshold=-31.911850561797731 -0.33469999999999994 0.052700000000000004 0.19185000000000002 -0.3088499999999999 0.024400000000000002 -12.580524719101122 0.72155000000000002 0.17805000000000001 0.016777528089887642 -1.4773426966292147 0.20095000000000002 5.1930528089887646 14.504220224719107
decision_type=2 2 2 2 2 2 2 2 2 2 2 2 2 2
left_child=-1 6 11 4 -4 -6 8 9 -2 12 -11 -3 -8 -13
right_child=1 2 3 -5 5 -7 7 -9 -10 10 -12 13 -14 -15
leaf_value=-0.0074973884480340142 0.0059004861034634634 -0.00020260091399940819 -0.00096604171386636712 -0.010602993897110637 -0.0019439055014202295 -0.0055771410993453278 -0.00020260091399940819 0.0051089607988445401 0.00038113364891614768 0.0024695242522190515 -0.00020260091399940819 -0.00096604171386636712 0.0021094789974232938 -0.00058432131393288767
leaf_weight=35 41 574 245 54 89 134 882 45 48 111 134 136 47 40
leaf_count=35 41 574 245 54 89 134 882 45 48 111 134 136 47 40
internal_value=0 -0.000196673 -0.000627404 -0.00172948 -0.000966042 -0.00292177 0.000222202 2.496e-05 0.00292376 -0.000169912 0.00137707 -0.000202601 -0.000202601 -0.000966042
internal_weight=0 2580 1272 522 468 223 1308 1219 89 1174 245 750 929 176
internal_count=2615 2580 1272 522 468 223 1308 1219 89 1174 245 750 929 176
is_linear=0
shrinkage=0.03


Tree=367
num_leaves=18
num_cat=0
split_feature=15 3 3 1 8 3 3 3 8 17 8 3 7 5 3 3 5
split_gain=1.92947 0.517947 2.73582 1.10306 2.69641 2.05268 0.824189 1.10261 1.09371 0.934346 0.69212 1.61307 1.0959 0.629282 1.2532 0.930589 0.593515
threshold=-31.911850561797731 0.0064500000000000009 0.0070500000000000007 0.28680000000000005 0.17830000000000004 0.06795000000000001 0.0032500000000000007 0.0025500000000000006 0.18835000000000005 -0.0042185393258427064 0.19185000000000002 0.010600000000000002 -0.34939999999999999 0.18055000000000002 0.00090000000000000008 0.00090000000000000008 0.30945000000000006
decision_type=2 2 2 2 2 2 2 2 2 2 2 2 2 2 2 2 2
left_child=-1 6 -3 10 5 -5 7 13 16 -10 11 -4 -12 15 -15 -2 -8
right_child=1 2 3 4 -6 -7 8 -9 9 -11 12 -13 -14 14 -16 -17 -18
leaf_value=-0.0072724665616239817 -0.00035755690650169752 0.0090123549625277521 0.0055306514521066283 -0.00069500879500000669 -0.008481580547988414 -0.0045882946714942106 0.0026264673902520108 0.0040597340659773414 -0.0092392532345547795 -0.002754794896030391 0.00010883927869025747 0.00041688236010192298 -0.00069500879500000669 -0.00035755690650169752 -0.0038641200074198421 0.0047536400563549241 -0.0026082142283716664
leaf_weight=35 40 30 59 251 45 74 35 47 32 51 230 940 490 44 128 40 44
leaf_count=35 40 30 59 251 45 74 35 47 32 51 230 940 490 44 128 40 44
internal_value=0 -0.000181056 1.72057e-05 -0.000111973 -0.00159787 -0.000695009 -0.00109237 -0.000158675 -0.00281568 -0.00522054 0.000207854 0.000718897 -0.000501218 -0.000945442 -0.00196785 0.00125274 -0.000289051
internal_weight=0 2580 2119 2089 370 325 461 299 162 83 1719 999 720 252 172 80 79
internal_count=2615 2580 2119 2089 370 325 461 299 162 83 1719 999 720 252 172 80 79
is_linear=0
shrinkage=0.03


Tree=368
num_leaves=20
num_cat=0
split_feature=17 16 3 3 13 3 3 17 8 16 13 13 12 0 3 3 3 0 0
split_gain=0.781002 4.63267 0.69562 0.613542 2.78063 1.12007 2.48529 2.11987 1.5201 4.53947 1.40033 2.15387 1.76435 1.50947 1.49717 0.987178 0.548223 0.266471 0.0116431
threshold=-0.023925842696629198 56.013350561797729 0.075750000000000012 0.37115000000000004 -0.10697977528089807 0.11425 0.11230000000000001 -0.0013202247191011205 0.19900000000000004 26.560249438202337 -1.8418426966292143 -1.5998426966292134 -0.77568426966292126 0.24995000000000003 0.17060000000000003 0.0064500000000000009 0.1082 0.86810000000000009 0.68295000000000006
decision_type=2 2 2 2 2 2 2 2 2 2 2 2 2 2 2 2 2 2 2
left_child=1 2 -1 5 -5 6 8 -8 15 -10 12 -12 13 -7 -13 -2 17 18 -3
right_child=3 16 -4 4 -6 10 7 -9 9 -11 11 14 -14 -15 -16 -17 -18 -19 -20
leaf_value=-0.0057356067679145122 -0.0011645120168759602 -0.0014379738494753836 -0.012047505429480224 -0.0072976408184182882 0.003597759064538656 -0.0047174251684919 6.3714185397007635e-05 -0.0096884325424090329 -0.0013541214584253387 -0.012494243650386731 0.0096958255618810642 0.0035746904884237027 -0.0056766919893297286 0.0027723131104689706 -5.7912037090593296e-05 0.00060797570869488247 0.0048170417062938214 0.0024427631143480542 -0.00060215999931097035
leaf_weight=33 384 30 30 49 37 33 35 47 135 36 30 169 55 91 258 1073 30 30 30
leaf_count=33 384 30 30 49 37 33 35 47 135 36 30 169 55 91 258 1073 30 30 30
internal_value=0 -0.00215361 -0.00874127 -0.000121363 -0.00261009 -3.01315e-05 -0.000429902 -0.00552593 -0.000173222 -0.00284907 0.00104472 0.00192572 -0.00120454 0.000779076 0.00137982 0.000140827 0.00130492 0.00013421 -0.00102007
internal_weight=0 183 63 2432 86 2346 1710 82 1628 171 636 457 179 124 427 1457 120 90 60
internal_count=2615 183 63 2432 86 2346 1710 82 1628 171 636 457 179 124 427 1457 120 90 60
is_linear=0
shrinkage=0.03


Tree=369
num_leaves=18
num_cat=0
split_feature=15 17 8 3 3 3 16 15 3 17 8 17 3 3 0 3 3
split_gain=1.70354 0.465819 1.34541 0.809718 3.90762 2.10414 1.12095 1.06652 0.861508 2.15097 0.573917 0.549172 1.46739 0.902821 1.70272 0.656698 0.579282
threshold=-31.911850561797731 -0.0108241573033708 0.20320000000000002 0.15205000000000005 0.17515000000000003 0.14580000000000001 -54.493149438202259 7.5527910112359562 0.37115000000000004 0.023074157303370816 0.19525000000000003 -0.014058426966292127 0.17060000000000003 0.19675000000000001 0.096300000000000011 0.064250000000000015 0.046950000000000013
decision_type=2 2 2 2 2 2 2 2 2 2 2 2 2 2 2 2 2
left_child=-1 2 11 5 -5 6 -3 -8 9 -6 -10 13 16 15 -15 -2 -13
right_child=1 3 -4 4 8 -7 7 -9 10 -11 -12 12 -14 14 -16 -17 -18
leaf_value=-0.006828122300761086 9.1324635418373556e-06 0.005273891166118639 -0.0064535636007785795 0.011079054363619754 -0.00031966977469198923 -0.0079322924975666308 0.00044665678486456849 -0.001502493864514504 1.5550044498273303e-05 0.0061083285397559887 -0.0055431627557845781 -0.0013703730805692347 -0.0034590634746205565 -0.0013568762317299843 0.0066356064844876527 -0.0020232549471821048 0.0034845015508550648
leaf_weight=35 530 35 35 34 202 31 792 371 35 61 32 55 38 49 47 196 37
leaf_count=35 530 35 35 34 202 31 792 371 35 61 32 55 38 49 47 196 37
internal_value=0 -0.000164822 -0.000676939 0.000152478 0.00139529 -0.000215613 -1.59323e-05 -0.000175127 0.000397569 0.00117123 -0.00263936 -0.000464563 -0.00227641 -0.000178018 0.00255611 -0.000539556 0.000582131
internal_weight=0 2580 987 1593 364 1229 1198 1163 330 263 67 952 130 822 96 726 92
internal_count=2615 2580 987 1593 364 1229 1198 1163 330 263 67 952 130 822 96 726 92
is_linear=0
shrinkage=0.03


Tree=370
num_leaves=22
num_cat=0
split_feature=12 16 14 17 8 7 17 4 16 0 12 16 7 17 12 4 14 8 7 4 5
split_gain=0.757979 1.76287 3.66253 0.837271 2.32072 0.83486 0.740847 1.27473 0.747507 0.940812 0.705401 1.76569 1.04809 0.510732 0.489392 2.15721 1.52272 1.42521 0.749691 0.323406 0.157683
threshold=2.0448039325842733 56.013350561797729 0.3460865168539326 0.012175842696629221 0.16510000000000002 -0.34394999999999992 0.0081797752808988895 0.12835000000000002 33.325080898876372 0.29825000000000007 -0.14738202247190732 -5.8954191011236494 -0.32904999999999995 0.01028539325842698 -1.5672831460674155 0.31435000000000007 0.28045730337078673 0.20155000000000003 -0.3542499999999999 0.32190000000000007 0.30245000000000005
decision_type=2 2 2 2 2 2 2 2 2 2 2 2 2 2 2 2 2 2 2 2 2
left_child=3 2 5 6 19 -2 8 13 10 -10 12 -12 -1 -8 15 16 -6 18 -16 -5 -11
right_child=1 -3 -4 4 14 -7 7 -9 9 20 11 -13 -14 -15 17 -17 -18 -19 -20 -21 -22
leaf_value=0.0019070138874207148 0.0024680330332469296 0.0023635813354381495 -0.012624362393775406 0.006771918300539255 -0.001792790937985553 -0.004044005308122209 0.0066035632546181259 -0.0016605107579380273 -0.001590188480913639 0.0059998502135276792 -0.0074645757742903447 -0.0004080132685661901 -0.00078363110090438751 0.002082570927132937 0.00080052604887021492 -0.0079447791374781546 0.0014792578694895714 -0.0074725660182196983 -0.0027266419952805291 0.0023668815735727548 0.0031792387376878071
leaf_weight=294 37 49 34 30 183 34 46 48 36 30 33 969 234 44 79 34 104 44 173 30 44
leaf_count=294 37 49 34 30 183 34 46 48 36 30 33 969 234 44 79 34 104 44 173 30 44
internal_value=0 -0.00233501 -0.00452769 -0.000165306 -0.00106315 -0.000650408 0.00017656 0.00228763 -1.07819e-06 0.00238759 -0.000172813 -0.000640415 0.000714569 0.0043933 -0.00161088 -0.000799549 4.69246e-05 -0.00249074 -0.0016209 0.0045694 0.00432273
internal_weight=0 154 105 2455 677 71 1778 138 1640 110 1530 1002 528 90 617 321 287 296 252 60 74
internal_count=2609 154 105 2455 677 71 1778 138 1640 110 1530 1002 528 90 617 321 287 296 252 60 74
is_linear=0
shrinkage=0.03


Tree=371
num_leaves=13
num_cat=0
split_feature=3 3 13 3 3 15 14 3 16 13 17 3
split_gain=1.03812 1.56037 1.46515 0.80172 4.31638 1.59541 1.38747 0.943115 0.705966 1.59473 0.493945 0.326592
threshold=0.37115000000000004 0.41800000000000009 -0.43024044943820344 0.0014500000000000001 0.0016000000000000001 -42.048850561797742 -0.18158426966292132 0.00090000000000000008 56.013350561797729 4.0547595505617968 0.0022775280898876264 0.021000000000000001
decision_type=2 2 2 2 2 2 2 2 2 2 2 2
left_child=3 -2 -3 6 -5 -6 -1 10 9 -7 -8 -10
right_child=1 2 -4 4 5 8 7 -9 11 -11 -12 -13
leaf_value=-0.0074165708038102214 -0.0088852099512493413 -0.0049487392083906075 0.0041472872132435439 0.010744945096190679 0.0064707196271046995 -0.00029368989193608285 0.0039750032603208512 -0.0041197797569135827 0.00017745157153430311 -0.0072583433818072078 -0.00093419143070395168 0.0035802687620744107
leaf_weight=36 31 34 30 33 32 2160 35 45 44 30 39 60
leaf_count=36 31 34 30 33 32 2160 35 45 44 30 39 60
internal_value=0 -0.00336084 -0.000684977 -0.000166088 -2.87623e-05 -0.000181614 -0.0022561 -0.000694945 -0.00027441 -0.000389096 0.00138772 0.00214062
internal_weight=0 95 64 2514 2359 2326 155 119 2294 2190 74 104
internal_count=2609 95 64 2514 2359 2326 155 119 2294 2190 74 104
is_linear=0
shrinkage=0.03


Tree=372
num_leaves=13
num_cat=0
split_feature=3 13 15 3 3 15 14 3 3 3 8 17
split_gain=0.976766 1.52726 2.08391 0.754338 4.06129 1.50112 1.30547 0.887377 0.66573 1.60437 0.634926 0.464753
threshold=0.37115000000000004 -1.6228426966292149 -6.7057089887640435 0.0014500000000000001 0.0016000000000000001 -42.048850561797742 -0.18158426966292132 0.00090000000000000008 0.0025500000000000006 0.0031000000000000008 0.18520000000000003 0.0022775280898876264
decision_type=2 2 2 2 2 2 2 2 2 2 2 2
left_child=3 -2 -3 6 -5 -6 -1 11 10 -10 -7 -8
right_child=1 2 -4 4 5 8 7 -9 9 -11 -12 -13
leaf_value=-0.0071940735504419226 0.0022054240053459521 -0.00049393578101444293 -0.011320744168187957 0.010422596818852154 0.0062765978928655385 0.00064617825250024908 0.0038557530976831914 -0.0039961864886184527 0.00672852223739028 -0.00025688462349691027 -0.0045865264530293636 -0.00090616558965008983
leaf_weight=36 31 32 32 33 32 32 35 45 30 2172 60 39
leaf_count=36 31 32 32 33 32 32 35 45 30 2172 60 39
internal_value=0 -0.00326002 -0.00590734 -0.000161105 -2.78994e-05 -0.000176165 -0.00218841 -0.000674097 -0.000266178 -0.000161716 -0.00276646 0.00134609
internal_weight=0 95 64 2514 2359 2326 155 119 2294 2202 92 74
internal_count=2609 95 64 2514 2359 2326 155 119 2294 2202 92 74
is_linear=0
shrinkage=0.03


Tree=373
num_leaves=16
num_cat=0
split_feature=3 3 0 3 3 14 3 14 4 3 7 7 14 14 17
split_gain=0.919039 1.46479 1.20596 0.709757 3.82126 1.22832 0.834933 0.73864 1.17575 1.88164 1.16657 0.884054 2.67284 1.31421 0.437286
threshold=0.37115000000000004 0.41800000000000009 0.097850000000000006 0.0014500000000000001 0.0016000000000000001 -0.18158426966292132 0.00090000000000000008 -0.34104269662921333 0.20455000000000004 0.023950000000000003 -0.41799999999999998 -0.33544999999999997 -0.17132359550561785 -0.12032359550561793 0.0022775280898876264
decision_type=2 2 2 2 2 2 2 2 2 2 2 2 2 2 2
left_child=3 -2 -3 5 -5 -1 14 8 9 -6 -10 13 -13 -9 -7
right_child=1 2 -4 4 7 6 -8 11 10 -11 -12 12 -14 -15 -16
leaf_value=-0.0069782513766161475 -0.0085147051553752622 -0.0046877203637268388 0.0035485104878534911 0.010109918846283107 0.00089257134131266855 0.0037400803915890201 -0.0038763009185592331 0.0017600223181115781 0.00089257134131266855 0.0071929689521165264 -0.0060682075651129711 -0.0038754360784928944 -0.00033365195430903519 -0.00033365195430903519 -0.00087898070207582067
leaf_weight=36 31 32 32 33 54 35 45 362 31 62 30 223 835 729 39
leaf_count=36 31 32 32 33 54 35 45 362 31 62 30 223 835 729 39
internal_value=0 -0.00316222 -0.000569605 -0.000156272 -2.70625e-05 -0.00212276 -0.000653874 -0.00017088 0.00169191 0.00346499 -0.00167985 -0.000324307 -0.000942198 0.000274895 0.00130571
internal_weight=0 95 64 2514 2359 155 119 2326 177 116 61 2149 1058 1091 74
internal_count=2609 95 64 2514 2359 155 119 2326 177 116 61 2149 1058 1091 74
is_linear=0
shrinkage=0.03


Tree=374
num_leaves=13
num_cat=0
split_feature=3 8 0 3 3 15 14 3 16 12 3 16
split_gain=0.864807 1.43894 1.16559 0.667908 3.59532 1.38058 1.15572 0.785588 0.6659 2.14097 0.30753 0.0887245
threshold=0.37115000000000004 0.19525000000000003 0.071800000000000017 0.0014500000000000001 0.0016000000000000001 -42.048850561797742 -0.18158426966292132 0.00090000000000000008 56.013350561797729 2.0448039325842733 0.021000000000000001 7.7131404494380726
decision_type=2 2 2 2 2 2 2 2 2 2 2 2
left_child=3 2 -2 6 -5 -6 -1 11 9 -7 -10 -8
right_child=1 -3 -4 4 5 8 7 -9 10 -11 -12 -13
leaf_value=-0.0067689038591925051 -0.0044350586280650587 -0.0083724012892813452 0.0035516567084414416 0.0098066212871873917 0.0060226532025262711 -0.00016246939483133711 0.00030882321255194258 -0.0037600117661058898 0.00018855888608165761 -0.0047441528823401313 0.0034905767692252994 0.0023932636786690529
leaf_weight=36 32 31 32 33 32 2094 40 45 44 96 60 34
leaf_count=36 32 31 32 33 32 2094 40 45 44 96 60 34
internal_value=0 -0.00306735 -0.000497716 -0.000151445 -2.61022e-05 -0.000165603 -0.00205908 -0.000634257 -0.000251926 -0.00036331 0.00209357 0.00126654
internal_weight=0 95 64 2514 2359 2326 155 119 2294 2190 104 74
internal_count=2609 95 64 2514 2359 2326 155 119 2294 2190 104 74
is_linear=0
shrinkage=0.03


Tree=375
num_leaves=12
num_cat=0
split_feature=17 3 3 1 15 3 3 8 15 16 17
split_gain=1.38247 0.569085 1.20992 1.40072 0.724708 1.13602 2.10047 0.706137 1.11347 0.623201 0.394215
threshold=0.049105617977528111 0.00065000000000000008 0.0016000000000000001 0.035150000000000008 -6.3738668539325838 0.37115000000000004 0.18280000000000005 0.13235000000000005 -23.788350561797738 8.2705808988763483 0.05910561797752812
decision_type=2 2 2 2 2 2 2 2 2 2 2
left_child=1 9 3 -3 7 6 -6 -4 -9 -1 -2
right_child=10 2 4 -5 5 -7 -8 8 -10 -11 -12
leaf_value=-0.00014843013109798033 0.0052129879089072347 0.0061355565870845957 0.0046729468322929835 -0.001063673721496449 -0.0011899413406231873 -0.0054735027209086261 0.0021836229396701256 -0.0029983155574882401 0.00039611019427082623 -0.0059787641626528713 0.0013194842921273613
leaf_weight=33 50 56 31 43 1089 46 196 96 925 33 44
leaf_count=33 50 56 31 43 1089 46 196 96 925 33 44
internal_value=0 -0.00031419 -0.000241079 0.00300862 -0.000376086 -0.0008412 -0.000675374 0.000212381 7.69477e-05 -0.0030636 0.0033905
internal_weight=0 2548 2482 99 2383 1331 1285 1052 1021 66 94
internal_count=2642 2548 2482 99 2383 1331 1285 1052 1021 66 94
is_linear=0
shrinkage=0.03


Tree=376
num_leaves=17
num_cat=0
split_feature=17 12 16 3 13 3 8 8 3 15 8 1 3 15 12 17
split_gain=1.30076 0.537672 0.749886 2.89049 1.77901 1.32671 1.28761 1.01612 0.861534 0.774849 1.27675 0.805156 0.78281 0.728849 0.709384 0.370917
threshold=0.049105617977528111 2.0576179775280932 33.030350561797782 0.056650000000000006 2.0946573033707865 0.013850000000000001 0.17770000000000002 0.18835000000000005 0.11585000000000002 -7.1730247191011234 0.20485000000000003 0.28680000000000005 0.0089000000000000017 -7.3955247191011235 1.1377595505617999 0.05910561797752812
decision_type=2 2 2 2 2 2 2 2 2 2 2 2 2 2 2 2
left_child=1 2 9 5 -5 7 -7 -4 -6 12 11 -11 14 -14 -1 -2
right_child=15 -3 3 4 8 6 -8 -9 -10 10 -12 -13 13 -15 -16 -17
leaf_value=-0.0027714647759169895 0.005056598268449306 0.0025761451111420202 0.00080201170534234154 -0.011282168313860893 0.00084243798069655893 0.0078775971202070215 -1.8516471836625076e-05 -0.0063581565469503403 -0.0059583554438033485 -0.00012007997138399883 -0.0054843673561798759 -0.0020370959429748385 0.00071460131651387125 0.0042966578506665031 0.0010189688155476592 0.0012798997450789266
leaf_weight=107 50 57 44 35 30 34 41 30 38 1127 47 239 587 56 76 44
leaf_count=107 50 57 44 35 30 34 41 30 38 1127 47 239 587 56 76 44
internal_value=0 -0.000304764 -0.000370686 -0.00192221 -0.0057866 0.000749147 0.00356106 -0.00210076 -0.00295801 -0.000196062 -0.000622761 -0.000455488 0.000533873 0.00102657 -0.0011973 0.00328878
internal_weight=0 2548 2491 252 103 149 75 74 68 2239 1413 1366 826 643 183 94
internal_count=2642 2548 2491 252 103 149 75 74 68 2239 1413 1366 826 643 183 94
is_linear=0
shrinkage=0.03


Tree=377
num_leaves=15
num_cat=0
split_feature=17 7 7 5 18 17 12 17 13 0 18 13 4 1
split_gain=1.22389 0.743384 0.729244 1.65265 1.55932 1.10988 1.07773 1.09203 0.746147 0.597304 0.679611 0.532254 0.503862 0.403374
threshold=0.049105617977528111 -0.30234999999999995 -0.3542499999999999 0.34110000000000001 4.5000000000000009 0.014679775280898895 2.0498039325842723 0.041179775280898868 -3.2082404494382035 0.79810000000000014 4.5000000000000009 -3.8547134831460665 0.091450000000000017 0.039450000000000006
decision_type=2 2 2 2 2 2 2 2 2 2 2 2 2 2
left_child=2 13 6 5 -5 11 7 8 -1 -7 -11 -4 -10 -2
right_child=1 -3 3 4 -6 9 -8 -9 12 10 -12 -13 -14 -15
leaf_value=0.0032357635707915599 0.007424262906279182 -0.00061311714591518515 -0.0023028313380382328 -0.0023028313380382328 -0.0081381758833128318 -0.0023028313380382328 0.0047235334129072729 0.0049048783580159273 0.0015294838131416982 -0.00018213937726991426 -0.0014150050461809861 -0.00018213937726991426 -0.00018213937726991426 0.0026226245807183363
leaf_weight=58 32 31 47 61 53 144 48 41 161 114 65 1068 688 31
leaf_count=58 32 31 47 61 53 144 48 41 161 114 65 1068 688 31
internal_value=0 0.00319012 -0.000295621 -0.000702198 -0.0041791 -0.00042656 0.000337919 0.000115862 -0.00010062 -0.00201477 -0.000527179 -0.000182139 -0.000182139 0.00506155
internal_weight=0 94 2548 1552 114 1438 996 948 907 323 179 1115 849 63
internal_count=2642 94 2548 1552 114 1438 996 948 907 323 179 1115 849 63
is_linear=0
shrinkage=0.03


Tree=378
num_leaves=20
num_cat=0
split_feature=17 7 3 7 3 2 14 17 12 17 3 16 13 3 12 12 13 8 8
split_gain=1.15293 0.69945 0.94619 0.663923 1.93832 3.84342 1.63538 1.38408 1.01979 1.0331 0.780084 0.737436 0.705089 0.592611 0.563688 1.04524 1.20099 0.499666 0.35254
threshold=0.049105617977528111 -0.30234999999999995 0.13735000000000003 -0.3542499999999999 0.045700000000000011 0.00015000000000000004 -0.030868539325842711 0.037179775280898865 2.0498039325842723 0.041179775280898868 0.063600000000000004 24.33174943820234 -3.2082404494382035 0.35670000000000007 -0.84897078651685465 -1.5672831460674155 -0.85197977528089808 0.19280000000000003 0.19140000000000004
decision_type=2 2 2 2 2 2 2 2 2 2 2 2 2 2 2 2 2 2 2
left_child=3 2 -2 8 14 7 18 10 9 12 -6 -8 -1 -14 15 17 -17 -5 -7
right_child=1 -3 -4 4 5 6 11 -9 -10 -11 -12 -13 13 -15 -16 16 -18 -19 -20
leaf_value=0.0031386906490861919 0.0086014228784915756 -0.00059472366867046201 0.0021574908432914815 -0.0001804832207191399 -0.0034329519245627138 -0.0034329519245627138 -0.0068740610790749392 -0.0034329519245627138 0.0045818273769691583 0.0047577320581597346 -0.0001804832207191399 -0.0128313341447938 -0.0001804832207191399 0.0024488048001076092 -0.0001804832207191399 -0.0094256504271179424 -0.00093688185885548595 -0.0031922657957629244 -0.0063480254298505867
leaf_weight=58 32 31 31 95 31 31 45 30 48 41 293 32 769 80 845 30 30 51 39
leaf_count=58 32 31 31 95 31 31 45 30 48 41 293 32 769 80 845 30 30 51 39
internal_value=0 0.00309441 0.00490971 -0.000288764 -0.000676703 -0.00224077 -0.00631837 -0.000547532 0.000315737 9.97324e-05 -0.000180483 -0.00934981 -0.000110828 -0.000180483 -0.000180483 -0.0018478 -0.00518127 -0.000477881 -0.00343295
internal_weight=0 94 63 2548 1552 501 147 354 996 948 324 77 907 849 1051 206 60 146 70
internal_count=2642 94 63 2548 1552 501 147 354 996 948 324 77 907 849 1051 206 60 146 70
is_linear=0
shrinkage=0.03


Tree=379
num_leaves=21
num_cat=0
split_feature=17 7 3 7 3 2 14 17 12 17 3 16 13 7 12 12 13 3 17 12
split_gain=1.07331 0.654266 0.896661 0.588629 1.82701 3.58557 1.56701 1.33057 0.964269 0.976672 0.742071 0.693853 0.66529 1.77711 0.511714 0.99325 1.13001 0.504859 0.201885 0.190142
threshold=0.049105617977528111 -0.30234999999999995 0.13735000000000003 -0.3542499999999999 0.045700000000000011 0.00015000000000000004 -0.030868539325842711 0.037179775280898865 2.0498039325842723 0.041179775280898868 0.063600000000000004 24.33174943820234 -2.9457404494382042 -0.42724999999999996 -0.84897078651685465 -1.5672831460674155 -0.85197977528089808 0.35670000000000007 0.037179775280898865 0.05071685393258641
decision_type=2 2 2 2 2 2 2 2 2 2 2 2 2 2 2 2 2 2 2 2
left_child=3 2 -2 8 14 7 19 10 9 12 -6 -8 13 -1 15 18 -17 -14 -5 -7
right_child=1 -3 -4 4 5 6 11 -9 -10 -11 -12 -13 17 -15 -16 16 -18 -19 -20 -21
leaf_value=0.0081215974356746296 0.0083433801126375322 -0.00057688195678976277 0.0020849526977379696 -0.00017120258439059166 -0.0033122532510833119 -0.0055619817468765612 -0.0066678393060962352 -0.0033122532510833119 0.0044443725724704558 0.0046150000063452596 -0.00017120258439059166 -0.01244639431068208 -0.00017120258439059166 -0.00017120258439059166 -0.00017120258439059166 -0.0091428809314966202 -0.00090877537429332736 0.0023515224938952845 -0.0018912950976250262 -0.0033122532510833119
leaf_weight=32 32 31 31 81 31 37 45 30 48 41 293 32 728 68 845 30 30 79 65 33
leaf_count=32 32 31 31 81 31 37 45 30 48 41 293 32 728 68 845 30 30 79 65 33
internal_value=0 0.00299111 0.00474679 -0.000273158 -0.000638439 -0.00216076 -0.0060992 -0.000525304 0.000296034 8.59911e-05 -0.000171203 -0.00906932 -0.000118738 0.00228085 -0.000171203 -0.00177632 -0.00502583 -0.000171203 -0.000440905 -0.00331225
internal_weight=0 94 63 2548 1552 501 147 354 996 948 324 77 907 100 1051 206 60 807 146 70
internal_count=2642 94 63 2548 1552 501 147 354 996 948 324 77 907 100 1051 206 60 807 146 70
is_linear=0
shrinkage=0.03


Tree=380
num_leaves=20
num_cat=0
split_feature=8 0 14 0 7 7 14 2 3 12 17 6 3 6 3 2 16 3 3
split_gain=0.893015 1.20962 0.683828 1.61612 3.99072 1.21392 1.37124 0.930529 1.86125 1.81289 1.70936 1.33191 0.681349 0.356273 0.294626 0.177679 0.23479 0.138589 0.0565883
threshold=0.14420000000000002 0.10110000000000001 -0.18595393258426959 0.27555000000000002 -0.42254999999999993 -0.34939999999999999 -0.34104269662921333 0.00045000000000000004 0.048450000000000007 -0.82332752808988896 0.0011758426966292093 0.0023000000000000004 0.085450000000000012 0.044850000000000008 0.15205000000000005 0.13485000000000003 10.815749438202376 0.016750000000000004 0.0070500000000000007
decision_type=2 2 2 2 2 2 2 2 2 2 2 2 2 2 2 2 2 2 2
left_child=1 15 3 4 -2 -5 -7 11 -9 -10 -11 18 17 -8 -14 16 -1 -13 -4
right_child=2 -3 7 5 -6 6 13 8 9 10 -12 12 14 -15 -16 -17 -18 -19 -20
leaf_value=0.0019232283264665967 -0.0025272221479774215 0.0062415529557620173 0.00022297181013446765 0.0010327011130220592 -0.01270208971789823 -0.00024243179930643762 -0.0025272221479774215 -0.00047768105431921594 -0.00047768105431921594 -0.0032921112481003197 -0.011728000645903316 0.00022297181013446765 0.00022297181013446765 -0.00024243179930643762 0.0010327011130220592 0.0010327011130220592 0.0036371270343920378 0.0010327011130220592 -0.00047768105431921594
leaf_weight=33 52 48 76 122 39 95 119 193 41 52 37 385 204 66 352 47 30 328 327
leaf_count=33 52 48 76 122 39 95 119 193 41 52 37 385 204 66 352 47 30 328 327
internal_value=0 0.00219565 -0.000130251 -0.00113075 -0.00474092 -0.000313525 -0.00151756 0.000116991 -0.00135713 -0.0043257 -0.00679917 0.000401763 0.000923625 -0.00252722 0.000222972 0.0010327 0.00281376 0.0010327 -0.000477681
internal_weight=0 158 2488 493 91 402 280 1995 323 130 89 1672 1269 185 556 110 63 713 403
internal_count=2646 158 2488 493 91 402 280 1995 323 130 89 1672 1269 185 556 110 63 713 403
is_linear=0
shrinkage=0.03


Tree=381
num_leaves=18
num_cat=0
split_feature=15 7 14 16 17 3 3 16 3 3 3 14 4 14 4 3 7
split_gain=0.737107 2.9503 3.86575 0.896108 0.995495 0.773678 2.42949 0.995684 0.947541 2.66699 2.52722 2.60769 2.06999 1.39146 0.89852 0.961888 0.544979
threshold=-12.533024719101123 -0.42464999999999992 -0.28808426966292128 32.901350561797763 0.0006758426966292087 0.32895000000000008 0.37115000000000004 1.0000000180025095e-35 0.085450000000000012 0.077300000000000021 0.098450000000000024 0.018131460674157333 0.57935000000000014 -0.067323595505617881 0.32190000000000007 0.042750000000000003 -0.34744999999999998
decision_type=2 2 2 2 2 2 2 2 2 2 2 2 2 2 2 2 2
left_child=1 -1 -3 4 -4 8 -7 -8 9 14 -10 13 -13 -12 15 -2 -5
right_child=5 2 3 16 -6 6 7 -9 10 -11 11 12 -14 -15 -16 -17 -18
leaf_value=0.0068075228042223232 0.00071417322688177695 -0.012273504043167289 -0.0054642683243126431 0.0019905491761546225 0.00022917094765804134 0.007447167284643421 0.0023793741536792365 -0.0044018420076157019 -0.0084966191035267466 0.007073045557821696 -0.00088259412089394308 0.0027890048753724532 -0.005573258992284536 -0.004823052072142427 -0.0042683269721097671 -0.0012572104246529792 -0.0016595998524050965
leaf_weight=33 1191 33 59 33 52 52 40 38 37 53 295 238 30 111 39 274 38
leaf_count=33 1191 33 59 33 52 52 40 38 37 53 295 238 30 111 39 274 38
internal_value=0 -0.00154449 -0.00282642 -0.00111349 -0.00279707 0.000173543 0.00242429 -0.000924295 4.45316e-05 0.000458903 -0.000862888 -0.000443826 0.00185293 -0.00195991 0.000225824 0.000345464 0.00151858
internal_weight=0 248 215 182 111 2398 130 78 2268 1557 711 674 268 406 1504 1465 71
internal_count=2646 248 215 182 111 2398 130 78 2268 1557 711 674 268 406 1504 1465 71
is_linear=0
shrinkage=0.03


Tree=382
num_leaves=18
num_cat=0
split_feature=15 7 13 6 7 3 3 16 3 3 3 2 13 15 4 3 3
split_gain=0.682992 2.76723 4.1916 0.770433 0.841273 0.727954 2.28591 0.936839 0.891542 2.50937 2.37786 0.885195 1.74845 1.24187 0.845417 0.90504 0.200213
threshold=-12.533024719101123 -0.42464999999999992 2.6790528089887649 -0.0034499999999999995 -0.34104999999999996 0.32895000000000008 0.37115000000000004 1.0000000180025095e-35 0.085450000000000012 0.077300000000000021 0.098450000000000024 0.00015000000000000004 2.2742084269662919 28.896062359550566 0.32190000000000007 0.042750000000000003 0.0070500000000000007
decision_type=2 2 2 2 2 2 2 2 2 2 2 2 2 2 2 2 2
left_child=1 -1 -3 -4 -5 8 -7 -8 9 14 -10 13 -13 -12 15 -2 -6
right_child=5 2 3 4 16 6 7 -9 10 -11 11 12 -14 -15 -16 -17 -18
leaf_value=0.0066032971238548102 0.00069274803640711493 -0.01122834743133613 -0.0050339528620243074 0.0019381719756591867 -0.0023900035433145565 0.0072237521152083688 0.0023079929233063012 -0.0042697870716648665 -0.008241720691927381 0.0068608541992264535 -0.00023035929242013804 -0.0010507907873083041 -0.0075921709458668567 0.0053429834794503847 -0.0041402770851093991 -0.0012194940830352731 -0.00041742847215097681
leaf_weight=33 1191 42 30 46 32 52 40 38 37 53 465 127 43 39 39 274 65
leaf_count=33 1191 42 30 46 32 52 40 38 37 53 465 127 43 39 39 274 65
internal_value=0 -0.00148543 -0.00272695 -0.000663031 0.000253946 0.000168336 0.00235156 -0.000896567 4.31957e-05 0.000445136 -0.000837002 -0.000430511 -0.00230249 0.000200911 0.00021905 0.0003351 -0.00152412
internal_weight=0 248 215 173 143 2398 130 78 2268 1557 711 674 170 504 1504 1465 97
internal_count=2646 248 215 173 143 2398 130 78 2268 1557 711 674 170 504 1504 1465 97
is_linear=0
shrinkage=0.03


Tree=383
num_leaves=16
num_cat=0
split_feature=8 15 0 0 8 0 7 5 4 17 13 5 17 7 0
split_gain=0.841232 1.17813 1.15078 0.879849 1.7437 0.621416 0.993501 3.04061 2.02379 0.602429 0.594819 0.332135 0.291446 0.246989 0.0449988
threshold=0.14420000000000002 -12.533024719101123 0.10110000000000001 0.27555000000000002 0.18240000000000003 0.87335000000000007 -0.35034999999999994 0.34515000000000001 0.16820000000000004 -0.0042185393258427064 -1.4773426966292147 0.43670000000000003 0.017781460674157316 -0.29794999999999994 0.049150000000000006
decision_type=2 2 2 2 2 2 2 2 2 2 2 2 2 2 2
left_child=2 3 10 -2 -5 6 11 8 -8 -6 -1 14 -7 -11 -3
right_child=1 5 -4 4 9 12 7 -9 -10 13 -12 -13 -14 -15 -16
leaf_value=0.0035464624342398019 -0.0056285574177608773 7.8088814312826562e-05 0.0060847065318375823 0.0010082183366420215 -0.0034019931424011671 0.0010082183366420215 -0.00025834027883870557 -0.0077481035166420036 -0.0040986935501254908 -0.0011444323645486093 0.0010082183366420215 -0.00025834027883870557 0.00041451790746435869 -0.0034019931424011671 0.00041451790746435869
leaf_weight=31 51 63 48 52 44 389 739 55 39 57 79 123 121 31 724
leaf_count=31 51 63 48 52 44 389 739 55 39 57 79 123 121 31 724
internal_value=0 -0.000120512 0.00213695 -0.00214185 -0.00117543 9.03246e-05 -0.000179183 -0.000931198 -0.000449284 -0.00329708 0.00100822 0.000414518 0.00100822 -0.00114443 0.000414518
internal_weight=0 2488 158 235 184 2253 1743 833 778 132 110 910 510 88 787
internal_count=2646 2488 158 235 184 2253 1743 833 778 132 110 910 510 88 787
is_linear=0
shrinkage=0.03


Tree=384
num_leaves=18
num_cat=0
split_feature=15 7 13 6 7 3 3 16 3 3 3 2 13 4 4 3 3
split_gain=0.584782 2.64553 3.97705 0.741651 0.812526 0.68197 2.14735 0.88174 0.827476 2.36432 2.24634 0.83329 1.65173 1.2038 0.79976 0.844473 0.189866
threshold=-12.533024719101123 -0.42464999999999992 2.6790528089887649 -0.0034499999999999995 -0.34104999999999996 0.32895000000000008 0.37115000000000004 1.0000000180025095e-35 0.085450000000000012 0.077300000000000021 0.098450000000000024 0.00015000000000000004 2.2742084269662919 0.16820000000000004 0.32190000000000007 0.042750000000000003 0.0070500000000000007
decision_type=2 2 2 2 2 2 2 2 2 2 2 2 2 2 2 2 2
left_child=1 -1 -3 -4 -5 8 -7 -8 9 14 -10 13 -13 -12 15 -2 -6
right_child=5 2 3 4 16 6 7 -9 10 -11 11 12 -14 -15 -16 -17 -18
leaf_value=0.0065378544411875987 0.00066423651940375212 -0.010865901007450053 -0.0048630224093794815 0.0019764612629757619 -0.0022689302507787942 0.0069946041291293034 0.002233130277134478 -0.0041482854237485873 -0.008006904716225895 0.0066528762989449047 0.0025975452891353816 -0.0010165974865961004 -0.0073728649586785669 -0.00069794551320932297 -0.0040340877940448425 -0.0011829120212215013 -0.0003464624906102052
leaf_weight=33 1191 42 30 46 32 52 40 38 37 53 137 127 43 367 39 274 65
leaf_count=33 1191 42 30 46 32 52 40 38 37 53 137 127 43 367 39 274 65
internal_value=0 -0.00137101 -0.00258493 -0.000574523 0.000325162 0.000159239 0.00227238 -0.000875765 3.81151e-05 0.000425344 -0.000809868 -0.000414778 -0.00223105 0.000197853 0.00020589 0.000318763 -0.00142336
internal_weight=0 248 215 173 143 2398 130 78 2268 1557 711 674 170 504 1504 1465 97
internal_count=2646 248 215 173 143 2398 130 78 2268 1557 711 674 170 504 1504 1465 97
is_linear=0
shrinkage=0.03


Tree=385
num_leaves=20
num_cat=0
split_feature=16 17 4 1 13 13 8 4 7 16 8 15 15 16 7 7 1 7 7
split_gain=0.723891 1.12906 1.05044 0.821873 2.32326 3.25214 1.41593 1.03525 2.55737 1.47531 0.947669 0.727938 1.27796 0.849963 0.617382 0.338375 0.468301 0.289188 0.169781
threshold=-50.577649438202279 -0.0048241573033707954 0.56740000000000013 0.052700000000000004 1.5700202247191017 2.7514061797752798 0.19185000000000002 0.071050000000000016 -0.30609999999999998 6.8233606741572439 0.18970000000000001 -42.048850561797742 -12.533024719101123 10.815749438202376 -0.35774999999999996 -0.29079999999999995 0.039900000000000012 -0.34744999999999998 -0.3088499999999999
decision_type=2 2 2 2 2 2 2 2 2 2 2 2 2 2 2 2 2 2 2
left_child=15 2 11 7 6 -6 18 8 9 -3 -10 -2 -13 -14 -9 16 -1 -18 -5
right_child=1 3 -4 4 5 -7 -8 14 10 -11 -12 12 13 -15 -16 -17 17 -19 -20
leaf_value=0.0012039836161065755 0.0040650457095715306 0.0039970390780882598 -0.0046749351507086034 0.00040397101361390665 -0.01022456714685293 0.00040397101361390665 -0.0054885195889265125 0.001336762117360502 0.0039970390780882598 0.010374649238288023 0.001336762117360502 -0.0025744822636163392 -0.0010578498557886858 0.00060691942982375616 0.00040397101361390665 -0.0048861816624412311 -0.00074413053685822397 -0.0031602944338364044 -0.002542274287656303
leaf_weight=41 31 45 56 247 47 50 38 169 92 49 227 97 582 525 176 32 40 46 55
leaf_count=41 31 45 56 247 47 50 38 169 92 49 227 97 582 525 176 32 40 46 55
internal_value=0 -4.11475e-05 -0.000656253 0.000623372 -0.000412803 -0.00455199 0.000403971 0.00122075 0.00226955 0.00665732 0.00133676 -0.000474029 -0.000590899 -0.000268325 0.000403971 -0.0021291 -0.00143441 -0.00269224 0.000403971
internal_weight=0 2486 1291 1195 437 97 340 758 413 94 319 1235 1204 1107 345 159 127 86 302
internal_count=2645 2486 1291 1195 437 97 340 758 413 94 319 1235 1204 1107 345 159 127 86 302
is_linear=0
shrinkage=0.03


Tree=386
num_leaves=26
num_cat=0
split_feature=16 17 3 3 3 5 3 5 7 3 4 7 7 3 5 3 8 13 4 8 15 13 7 16 3
split_gain=0.685291 1.06092 1.50126 3.3339 2.48345 4.24402 2.17835 1.86165 1.73914 1.40158 2.45895 2.02702 1.33106 0.926336 3.60602 3.60315 1.14571 1.80447 1.64653 1.03342 1.36791 1.25803 0.315849 0.410255 0.407282
threshold=-50.577649438202279 -0.0042185393258427064 0.064250000000000015 0.046950000000000013 0.092400000000000024 0.30685000000000001 0.031000000000000003 0.40000000000000008 -0.35654999999999992 0.11585000000000002 0.27505000000000007 -0.36829999999999991 -0.32264999999999994 0.15205000000000005 0.28340000000000004 0.13615000000000002 0.19900000000000004 -1.3398426966292136 0.075700000000000003 0.19685000000000002 10.228291011235957 -0.51036011235955125 -0.29079999999999995 -52.09964943820227 0.11310000000000002
decision_type=2 2 2 2 2 2 2 2 2 2 2 2 2 2 2 2 2 2 2 2 2 2 2 2 2
left_child=22 2 3 6 5 -4 12 -8 -5 10 -6 -11 -2 15 -15 16 18 -18 -3 20 -16 -21 23 24 -1
right_child=1 13 4 8 9 -7 7 -9 -10 11 -12 -13 -14 14 19 -17 17 -19 -20 21 -22 -23 -24 -25 -26
leaf_value=0.0022897641978704849 0.0018018902491991203 0.0020098002407581048 -0.0001860025103258736 0.011129839124024979 0.0064849856728476209 -0.012682518361562348 -0.0013015674914490301 -0.0099138388785256736 0.0018610284636777481 -0.00051381064391124145 -0.0029143313984589083 -0.0060586131041726237 -0.00099348692326323672 0.010010997187028723 0.00017967555839671877 -0.0082224117058583273 -0.0065182262394004147 -0.00042295257760700952 -0.00042295257760700952 0.00017967555839671877 0.0053190792105080927 -0.0059740030313842002 -0.0047395962470909575 -0.003072146397788906 -0.0022246390256498542
leaf_weight=37 271 518 51 35 55 47 58 37 38 248 46 78 353 44 86 44 52 87 197 49 52 40 32 55 35
leaf_count=37 271 518 51 35 55 47 58 37 38 248 46 78 353 44 86 44 52 87 197 49 52 40 32 55 35
internal_value=0 -4.43442e-05 -0.000628227 0.000196429 -0.00187228 -0.00617923 -0.000423771 -0.00465582 0.00630498 -0.000883798 0.00220411 -0.00184048 0.000220531 0.00061346 0.00215074 0.000149538 0.00058088 -0.00191127 0.00106537 0.000627161 0.00225272 -0.00189337 -0.00207587 -0.0014047 9.52626e-05
internal_weight=0 2486 1317 792 525 98 719 95 73 427 101 326 624 1169 271 898 854 139 715 227 138 89 159 127 72
internal_count=2645 2486 1317 792 525 98 719 95 73 427 101 326 624 1169 271 898 854 139 715 227 138 89 159 127 72
is_linear=0
shrinkage=0.03


Tree=387
num_leaves=26
num_cat=0
split_feature=17 3 3 3 0 0 17 8 3 3 2 12 7 3 8 15 1 0 3 3 12 13 0 8 12
split_gain=0.625631 1.43701 2.66589 2.44209 4.62097 2.33046 1.65644 5.23741 1.28967 1.44569 1.18584 0.904444 1.72002 0.950448 2.26427 1.2474 0.895123 0.849135 1.9135 0.927291 0.757512 0.573552 0.497157 0.188018 0.130468
threshold=-0.0076601123595505518 0.064250000000000015 0.046950000000000013 0.088700000000000015 0.46205000000000002 0.10110000000000001 -0.014058426966292127 0.17405000000000004 0.031000000000000003 0.012550000000000002 0.00015000000000000004 1.0634898876404526 -0.33849999999999997 0.34510000000000007 0.19525000000000003 30.472062359550563 0.026750000000000006 0.3040500000000001 0.26200000000000007 0.15205000000000005 1.541315730337079 5.1165528089887653 0.67320000000000013 0.19110000000000002 1.9908039325842746
decision_type=2 2 2 2 2 2 2 2 2 2 2 2 2 2 2 2 2 2 2 2 2 2 2 2 2
left_child=1 2 5 4 -3 -1 10 -8 9 -7 21 13 16 15 -15 17 -13 18 -2 -19 23 -5 -10 -14 -22
right_child=11 3 -4 6 -6 8 7 -9 22 -11 -12 12 20 14 -16 -17 -18 19 -20 -21 24 -23 -24 -25 -26
leaf_value=-0.0077143559826386944 -0.00076702202686571583 -0.01424337571303017 0.0063168889388506263 0.0001988175800747808 0.001364349896208413 -0.00070932608427284861 0.0021176201196225438 -0.012826754892101654 -0.0038222879736793452 0.0027156216590161863 -0.0048040841620128885 0.0096507344322819856 0.0029855903940322515 0.0089638819723305372 -0.0023272522589785137 -0.0055342842724460817 0.0029855903940322515 -8.0407640037739473e-05 -0.0080317081012637216 0.0025683476461818185 -0.0033553834113172342 0.0042178047889549477 -0.00041838479156677539 0.00078655838885385051 -0.00078310994404767243
leaf_weight=37 178 38 58 201 31 277 46 39 36 185 39 31 34 33 31 39 41 903 37 137 36 38 39 46 35
leaf_count=37 178 38 58 201 31 277 46 39 36 185 39 31 34 33 31 39 41 903 37 137 36 38 39 46 35
internal_value=0 -0.000724141 0.000187374 -0.00205765 -0.00723121 -0.000431985 -0.00107425 -0.00473921 6.978e-05 0.000662136 4.63296e-05 0.000216787 0.00198748 -7.39827e-05 0.00349474 -0.000250488 0.00580304 -8.62906e-05 -0.00180256 0.000268515 0.000168141 0.00083782 -0.00357913 0.0021699 -0.00208736
internal_weight=0 1064 632 432 69 574 363 85 537 462 278 1581 223 1358 64 1294 72 1255 215 1040 151 239 75 80 71
internal_count=2645 1064 632 432 69 574 363 85 537 462 278 1581 223 1358 64 1294 72 1255 215 1040 151 239 75 80 71
is_linear=0
shrinkage=0.03


Tree=388
num_leaves=13
num_cat=0
split_feature=16 4 3 12 1 3 16 14 3 1 8 3
split_gain=0.628295 0.631898 1.30196 0.580798 0.680607 0.855627 0.551731 2.57294 0.552932 0.118875 0.808181 0.326046
threshold=-50.577649438202279 0.57935000000000014 0.26600000000000007 -1.7362831460674142 0.29910000000000009 0.022050000000000004 33.325080898876372 0.63245730337078687 0.085450000000000012 0.039900000000000012 0.18465000000000004 0.021000000000000001
decision_type=2 2 2 2 2 2 2 2 2 2 2 2
left_child=9 3 -3 -2 6 -6 8 -8 -5 11 -11 -1
right_child=1 2 -4 4 5 -7 7 -9 -10 10 -12 -13
leaf_value=-0.0018442092224483751 0.0030657557961863598 -0.0013170642339353999 -0.0078390133416941093 0.00048968965050297654 -0.00047679111689800723 -0.0013170642339353999 0.0086924020573496807 -0.00038389575590069093 -0.00047679111689800723 -0.0018442092224483751 -0.006238768580483227 0.0013142068965552264
leaf_weight=32 56 48 31 1093 165 232 38 108 715 52 41 34
leaf_count=32 56 48 31 1093 165 232 38 108 715 52 41 34
internal_value=0 -4.0345e-05 -0.00268043 4.63052e-05 -2.5617e-05 -0.00115804 0.000204461 0.00197843 6.12097e-05 -0.00198556 -0.00267659 -0.00101183
internal_weight=0 2486 79 2407 2351 397 1954 146 1808 159 93 66
internal_count=2645 2486 79 2407 2351 397 1954 146 1808 159 93 66
is_linear=0
shrinkage=0.03


Tree=389
num_leaves=27
num_cat=0
split_feature=17 3 3 3 4 17 8 3 1 2 16 3 3 7 4 18 2 16 3 4 3 8 7 7 1 7
split_gain=0.600505 1.32107 2.51772 2.30453 2.0485 1.55124 4.93601 1.27732 1.12199 1.11844 0.894994 0.829389 1.90898 1.17004 0.807994 0.787866 0.807201 2.27548 0.910812 2.92098 0.773447 0.711195 0.344003 0.295813 0.410019 0.269977
threshold=-0.0076601123595505518 0.064250000000000015 0.046950000000000013 0.088700000000000015 0.22770000000000004 -0.014058426966292127 0.17405000000000004 0.031000000000000003 0.23025000000000004 0.00015000000000000004 -50.577649438202279 0.023950000000000003 0.018650000000000003 -0.34394999999999992 0.56740000000000013 5.5000000000000009 0.00045000000000000004 27.881444943820217 0.023950000000000003 0.030600000000000006 0.00090000000000000008 0.18995000000000004 -0.31859999999999994 -0.29079999999999995 0.039900000000000012 -0.34744999999999998
decision_type=2 2 2 2 2 2 2 2 2 2 2 2 2 2 2 2 2 2 2 2 2 2 2 2 2 2
left_child=1 2 7 4 -3 9 -7 11 -9 14 23 12 -1 -13 -5 16 18 21 20 -20 -12 -18 -17 24 -2 -26
right_child=10 3 -4 5 -6 6 -8 8 -10 -11 15 13 -14 -15 -16 22 17 -19 19 -21 -22 -23 -24 -25 25 -27
leaf_value=0.00042232186672702915 0.0012017999394163604 -0.0023392657663575127 0.0061269720826811827 0.001567859301842243 -0.012731086749943995 0.0020829302731536978 -0.012425062561837525 -0.00045245467828443418 -0.0076957702523979699 -0.0046531545915282687 0.0037186041628213028 0.0073788576862716575 -0.005433508652455077 -0.00036119526395430934 -0.0019135459744580587 0.0056715154881988245 -0.00022266493190469005 -0.0089366801306605334 0.0085877520999217277 0.00082380079164954807 -0.00022266493190469005 -0.002983331945891093 0.0014345627352047492 -0.0044943517679348587 -0.0006210620544598879 -0.0028806549022384409
leaf_weight=368 41 38 58 208 31 46 39 39 38 39 46 32 58 39 31 35 171 30 47 605 370 84 34 32 40 46
leaf_count=368 41 38 58 208 31 46 39 39 38 39 46 32 58 39 31 35 171 30 47 605 370 84 34 32 40 46
internal_value=0 -0.000703736 0.000170233 -0.00198232 -0.00700805 -0.00102702 -0.00457368 -0.000431668 -0.00402708 5.73955e-05 0.000218104 0.000125368 -0.000374951 0.00312728 0.000826063 0.000456783 0.000297315 -0.00112117 0.000675845 0.00138347 -0.000222665 -0.000222665 0.00358374 -0.0019165 -0.00126696 -0.00244392
internal_weight=0 1064 632 432 69 363 85 574 77 278 1581 497 426 71 239 1422 1353 285 1068 652 416 255 69 159 127 86
internal_count=2645 1064 632 432 69 363 85 574 77 278 1581 497 426 71 239 1422 1353 285 1068 652 416 255 69 159 127 86
is_linear=0
shrinkage=0.03


Tree=390
num_leaves=26
num_cat=0
split_feature=14 8 14 3 13 13 7 3 7 3 1 3 8 3 5 3 14 8 3 3 4 7 4 3 3
split_gain=1.00225 1.84084 2.72141 1.15926 1.7569 3.56277 1.11323 1.61649 1.02744 1.45867 3.44726 1.87945 1.25187 1.19155 2.24822 0.875515 0.851761 1.43928 0.806296 2.97072 1.75432 0.669066 1.20347 0.301391 0.228352
threshold=-0.18595393258426959 0.19900000000000004 -0.3100426966292133 0.25870000000000004 -2.9457404494382042 -1.5368426966292146 -0.39244999999999997 0.31860000000000005 -0.32904999999999995 0.04735000000000001 0.03815000000000001 0.14580000000000001 0.19185000000000002 0.011100000000000002 0.29340000000000005 0.21215000000000003 -0.28808426966292128 0.18240000000000003 0.046950000000000013 0.056650000000000006 0.077550000000000022 -0.41994999999999999 0.20455000000000004 0.0070500000000000007 0.0045500000000000011
decision_type=2 2 2 2 2 2 2 2 2 2 2 2 2 2 2 2 2 2 2 2 2 2 2 2 2
left_child=1 15 -3 8 -5 -6 7 -7 18 13 11 -11 -12 14 -10 16 21 -18 23 -20 -21 -1 -23 24 -2
right_child=3 2 -4 4 5 6 -8 -9 9 10 12 -13 -14 -15 -16 -17 17 -19 19 20 -22 22 -24 -25 -26
leaf_value=0.0026140727661550047 0.0014649065595833545 -0.0026938845996257077 -0.01106582206540874 -0.0068485500191648799 0.0074740240312114884 -0.0033444342955323112 -0.0060596722908318043 0.0028650186556905249 -7.8498755154310184e-05 -0.0033766670325067862 -0.0033766670325067862 0.0007433514386579941 -0.011137265415432361 0.0007433514386579941 -0.0069689823850058018 0.0033679394471406374 0.0055882632924864686 -0.001739497275445431 0.010050076302490196 0.0068131794361397623 0.0010155925557612337 -0.00034448574912468238 -0.0026938845996257077 0.0007433514386579941 0.004548835056368261
leaf_weight=30 47 40 42 45 42 48 50 58 380 85 33 33 39 370 48 53 45 52 40 52 486 210 33 220 40
leaf_count=30 47 40 42 45 42 48 50 58 380 85 33 33 39 370 48 53 45 52 40 52 486 210 33 220 40
internal_value=0 -0.00103571 -0.00514954 0.000451731 -0.00149775 -0.000281664 -0.00236973 -0.000629196 0.000704653 3.96492e-05 -0.00232271 0.000743351 -0.00749669 0.000602116 -0.000851263 -0.000238226 -0.000754785 0.00165998 0.00144705 0.0021624 0.00157595 -0.00161278 -0.00213461 0.000743351 0.0028828
internal_weight=0 505 82 2116 243 198 156 106 1873 988 190 118 72 798 428 423 370 97 885 578 538 273 243 307 87
internal_count=2621 505 82 2116 243 198 156 106 1873 988 190 118 72 798 428 423 370 97 885 578 538 273 243 307 87
is_linear=0
shrinkage=0.03


Tree=391
num_leaves=26
num_cat=0
split_feature=14 8 14 3 13 13 7 3 7 3 1 2 8 3 17 3 14 8 3 3 4 0 7 3 3
split_gain=0.968184 1.67413 2.5891 1.11394 2.31679 2.86602 1.0504 1.47668 0.862302 1.33736 3.3117 2.115 1.17941 1.10862 0.928281 0.835756 0.821379 1.35422 0.712623 2.85382 1.69231 0.707791 0.528972 0.278705 0.214856
threshold=-0.18595393258426959 0.19900000000000004 -0.3100426966292133 0.26600000000000007 -2.9457404494382042 -1.5368426966292146 -0.39244999999999997 0.31860000000000005 -0.32904999999999995 0.04735000000000001 0.03815000000000001 0.00015000000000000004 0.19185000000000002 0.011100000000000002 0.0011758426966292093 0.21215000000000003 -0.28808426966292128 0.18240000000000003 0.046950000000000013 0.056650000000000006 0.077550000000000022 0.30040000000000006 -0.36449999999999994 0.0070500000000000007 0.0045500000000000011
decision_type=2 2 2 2 2 2 2 2 2 2 2 2 2 2 2 2 2 2 2 2 2 2 2 2 2
left_child=1 15 -3 8 -5 -6 7 -7 18 13 11 -11 -12 14 -10 16 21 -18 23 -20 -21 -1 -23 24 -2
right_child=3 2 -4 4 5 6 -8 -9 9 10 12 -13 -14 -15 -16 -17 17 -19 19 20 -22 22 -24 -25 -26
leaf_value=-0.002598258227576655 0.0014209592999256354 -0.002598258227576655 -0.010733847418533905 -0.0080065548338177726 0.0069774133334867651 -0.0032621850708157429 -0.0060974631864311431 0.0027790679665410825 -0.0022829097764915786 0.00070743914963731049 -0.003280918339934553 -0.003280918339934553 -0.010803147511413463 0.00070743914963731049 0.00051383875747892027 0.0032669012168974765 0.0054206154340257244 -0.0016873123437219943 0.0097485741472919472 0.0066087840526149822 0.00092651112125196505 0.0026485465932637453 -0.0012411565757661936 0.00070743914963731049 0.0044123699725605548
leaf_weight=52 47 40 42 41 40 40 42 58 205 83 33 35 39 370 223 53 45 52 40 52 508 38 183 220 40
leaf_count=52 47 40 42 41 40 40 42 58 205 83 33 35 39 370 223 53 45 52 40 52 508 38 183 220 40
internal_value=0 -0.00101695 -0.00494008 0.000444996 -0.0015706 -0.000104632 -0.00212807 -0.000426907 0.00068006 6.69034e-05 -0.00219509 0.000707439 -0.00726928 0.000605473 -0.000825725 -0.000256432 -0.000761126 0.00161018 0.00134797 0.00200711 0.00145415 -0.00160368 -0.000572339 0.000707439 0.00279632
internal_weight=0 505 82 2116 221 180 140 98 1895 988 190 118 72 798 428 423 370 97 907 600 560 273 221 307 87
internal_count=2621 505 82 2116 221 180 140 98 1895 988 190 118 72 798 428 423 370 97 907 600 560 273 221 307 87
is_linear=0
shrinkage=0.03


Tree=392
num_leaves=18
num_cat=0
split_feature=15 8 0 3 3 7 3 1 3 3 3 3 3 4 18 3 3
split_gain=1.03017 3.42471 1.44363 0.678634 1.15575 0.853733 1.4211 3.80061 2.2596 0.752764 0.999412 0.702581 2.91657 1.84479 0.41562 0.262312 0.442169
threshold=-21.139350561797738 0.18310000000000001 0.37145 0.37115000000000004 0.41800000000000009 -0.32904999999999995 0.04735000000000001 0.052700000000000004 0.14580000000000001 0.0089000000000000017 0.0062000000000000015 0.046950000000000013 0.052800000000000007 0.077550000000000022 4.5000000000000009 0.0070500000000000007 0.0045500000000000011
decision_type=2 2 2 2 2 2 2 2 2 2 2 2 2 2 2 2 2
left_child=1 2 -1 5 -5 11 9 8 -8 10 -7 15 -13 -14 -9 16 -2
right_child=3 -3 -4 4 -6 6 7 14 -10 -11 -12 12 13 -15 -16 -17 -18
leaf_value=-0.0026146941952407362 0.00062647866567463746 -0.010952707955148071 0.0054696817763827061 -0.0070805282462388271 0.00019416543213944686 -0.00044476501197348553 -0.0037329287461413084 -0.010302089740963359 0.00037198461140084988 0.00037198461140084988 -0.0056067723463717337 0.010489794071763753 0.0056461206244657171 0.00068784047270863569 -0.0056212768207995157 0.00037198461140084988 0.0046201838211466862
leaf_weight=50 56 32 33 30 57 385 121 38 43 532 37 31 74 773 31 253 45
leaf_count=50 56 32 33 30 57 385 121 38 43 532 37 31 74 773 31 253 45
internal_value=0 -0.00261497 0.000599576 0.000288846 -0.00231435 0.000382471 -0.000191704 -0.00229211 0.00019315 0.000321288 -0.000897358 0.000935674 0.00145182 0.00112103 -0.00819912 0.000371985 0.00240585
internal_weight=0 115 83 2506 87 2419 1187 233 164 954 422 1232 878 847 69 354 101
internal_count=2621 115 83 2506 87 2419 1187 233 164 954 422 1232 878 847 69 354 101
is_linear=0
shrinkage=0.03


Tree=393
num_leaves=14
num_cat=0
split_feature=15 8 0 3 3 3 7 5 3 1 8 13 3
split_gain=0.973374 3.22231 1.35831 0.641531 1.08744 0.769162 0.590546 1.34271 1.49771 1.29489 4.22811 0.365078 0.343434
threshold=-21.139350561797738 0.18310000000000001 0.37145 0.37115000000000004 0.41800000000000009 0.34510000000000007 -0.32904999999999995 0.31340000000000007 0.11425 0.052700000000000004 0.19185000000000002 -1.9368426966292132 0.06795000000000001
decision_type=2 2 2 2 2 2 2 2 2 2 2 2 2
left_child=1 2 -1 5 -5 6 7 8 -2 11 -11 -8 -9
right_child=3 -3 -4 4 -6 -7 9 12 -10 10 -12 -13 -14
leaf_value=-0.0025362531345337631 0.0013675360869191385 -0.010624126637703738 0.0053055912188508299 -0.0068681123858550562 0.00018834058661013842 0.0047921499849430151 -0.00056274226230441915 0.0012001348946516653 0.0045931546979118129 -0.00056274226230441915 -0.0091845695740942444 0.00031034494415106131 0.00031034494415106131
leaf_weight=50 165 32 33 30 57 35 209 416 165 413 56 509 451
leaf_count=50 165 32 33 30 57 35 209 416 165 413 56 509 451
internal_value=0 -0.00253652 0.000581589 0.000286114 -0.00224492 0.000377143 0.000312326 0.000782515 0.00242473 -0.000161825 -0.00143583 0.000310345 0.000310345
internal_weight=0 115 83 2506 87 2419 2384 1197 330 1187 469 718 867
internal_count=2621 115 83 2506 87 2419 2384 1197 330 1187 469 718 867
is_linear=0
shrinkage=0.03


Tree=394
num_leaves=13
num_cat=0
split_feature=15 3 12 3 3 0 3 14 17 7 1 3
split_gain=0.914472 0.602606 1.05674 0.724425 0.579838 0.816755 0.55604 2.76121 1.73047 0.871988 1.29459 0.952143
threshold=-21.139350561797738 0.37115000000000004 0.070716853932585991 0.34510000000000007 0.083850000000000022 0.42035000000000006 0.26600000000000007 0.28045730337078673 0.0027814606741572994 -0.32904999999999995 0.052700000000000004 0.046950000000000013
decision_type=2 2 2 2 2 2 2 2 2 2 2 2
left_child=4 3 -3 6 5 -1 9 8 -8 11 -11 -2
right_child=1 2 -4 -5 -6 -7 7 -9 -10 10 -12 -13
leaf_value=-0.0078503895457834004 0.00044810492924864695 0.0013245582895171713 -0.00529903509552874 0.0046483851878770764 0.00045650422351900489 -0.0014599482218424478 -0.002431902060348351 -0.0088273080656571037 0.0054289548501203003 0.00044810492924864695 -0.0013880630594662461 0.0017679839929654955
leaf_weight=30 354 41 46 35 40 45 59 35 44 718 469 705
leaf_count=30 354 41 46 35 40 45 59 35 44 718 469 705
internal_value=0 0.000275474 -0.00217757 0.000363699 -0.00246043 -0.00401612 0.000300794 -0.00154757 0.000926134 0.000414362 -0.000143972 0.00104018
internal_weight=0 2506 87 2419 115 75 2384 138 103 2246 1187 1059
internal_count=2621 2506 87 2419 115 75 2384 138 103 2246 1187 1059
is_linear=0
shrinkage=0.03


Tree=395
num_leaves=17
num_cat=0
split_feature=3 12 14 14 4 14 8 3 17 14 3 3 3 13 3 12
split_gain=0.753923 0.867478 0.647343 2.0084 2.9282 0.946967 2.01926 1.69847 4.21981 0.80041 1.02697 1.45611 0.592734 1.16196 0.205812 0.11046
threshold=0.00065000000000000008 1.0000000180025095e-35 -0.34104269662921333 -0.3468134831460673 0.19590000000000005 -0.18595393258426959 0.17230000000000004 0.0096500000000000023 -0.0083202247191011252 -0.15232359550561794 0.39840000000000003 0.29390000000000011 0.23790000000000003 -1.4993426966292149 0.023950000000000003 1.0987595505618002
decision_type=2 2 2 2 2 2 2 2 2 2 2 2 2 2 2 2
left_child=1 -1 3 4 14 6 -4 15 -9 12 11 -11 13 -7 -2 -8
right_child=2 -3 5 -5 -6 9 7 8 -10 10 -12 -13 -14 -15 -16 -17
leaf_value=0.0010321806260805216 0.002061917139787455 -0.0056538552136626086 0.0044498889858616475 0.0088110406764528963 -0.0052418294899603899 -0.00023709966064130593 -0.00058319203230703981 -0.012751890051815856 -0.001574747879397029 0.00039618399489432842 0.0048209221320311456 -0.0031957482893226873 0.0052724858600025374 0.0049894751239168856 0.0047027247203192835 0.001075333459746764
leaf_weight=31 49 40 47 33 51 121 43 38 152 1707 44 108 45 56 58 31
leaf_count=31 49 40 47 33 51 121 43 38 152 1707 44 108 45 56 58 31
internal_value=0 -0.0027346 0.000399002 0.0020797 0.000673789 0.000264799 -0.00127926 -0.00229922 -0.00381018 0.000495555 0.000292236 0.000182449 0.00219812 0.00141651 0.00349338 0.00107533
internal_weight=0 71 2583 191 158 2392 311 264 190 2081 1859 1815 222 177 107 74
internal_count=2654 71 2583 191 158 2392 311 264 190 2081 1859 1815 222 177 107 74
is_linear=0
shrinkage=0.03


Tree=396
num_leaves=12
num_cat=0
split_feature=15 3 17 3 16 15 3 17 14 5 17
split_gain=0.867936 0.659921 1.0862 0.75284 3.10238 1.29172 0.893941 0.860421 0.910898 0.62725 0.491375
threshold=-42.048850561797742 0.39840000000000003 -0.0042185393258427064 0.29390000000000011 11.770249438202315 -0.63070898876404413 0.27420000000000005 -0.055394382022471871 0.51641573033707877 0.29860000000000003 -0.0083202247191011252
decision_type=2 2 2 2 2 2 2 2 2 2 2
left_child=-1 3 -3 6 5 -5 7 9 -9 -2 -6
right_child=1 2 -4 4 10 -7 -8 8 -10 -11 -12
leaf_value=0.0050693454483852667 0.00068265871703624716 -0.0010727631174508603 0.0064505865054609148 0.0061086469860747459 -0.0044776322543621065 -0.0011892667250579286 0.0044849460686867439 0.00023135660563644177 0.0041397943039509378 -0.0047458714302980676 -0.0099074088018387546
leaf_weight=34 30 31 39 35 30 58 45 2214 55 53 30
leaf_count=34 30 31 39 35 30 58 45 2214 55 53 30
internal_value=0 0.000245143 0.00311882 0.000166258 -0.00187403 0.00155726 0.000296489 0.000216352 0.000326096 -0.00278375 -0.00719252
internal_weight=0 2620 70 2550 153 93 2397 2352 2269 83 60
internal_count=2654 2620 70 2550 153 93 2397 2352 2269 83 60
is_linear=0
shrinkage=0.03


Tree=397
num_leaves=12
num_cat=0
split_feature=15 3 0 3 16 15 3 17 3 0 17
split_gain=0.816641 0.620919 1.56378 0.708347 2.91903 1.21538 0.841109 0.80957 0.690449 0.655977 0.462334
threshold=-42.048850561797742 0.39840000000000003 0.097850000000000006 0.29390000000000011 11.770249438202315 -0.63070898876404413 0.27420000000000005 -0.055394382022471871 0.15055000000000004 0.62315000000000009 -0.0083202247191011252
decision_type=2 2 2 2 2 2 2 2 2 2 2
left_child=-1 3 -3 6 5 -5 7 9 -9 -2 -6
right_child=1 2 -4 4 10 -7 -8 8 -10 -11 -12
leaf_value=0.0049172649072373618 -0.0050921695655130814 -0.00085795868234708902 0.0082028684038668864 0.0059253875301884754 -0.004343302965164185 -0.0011535887779860661 0.004350397596756617 0.00050661554637170816 -0.0011228026850225912 0.00027351111475680328 -0.0096101864427328119
leaf_weight=34 46 40 30 35 30 58 45 2004 265 37 30
leaf_count=34 46 40 30 35 30 58 45 2004 265 37 30
internal_value=0 0.000237789 0.00302525 0.00016127 -0.00181781 0.00151054 0.000287594 0.000209862 0.000316313 -0.00270024 -0.00697674
internal_weight=0 2620 70 2550 153 93 2397 2352 2269 83 60
internal_count=2654 2620 70 2550 153 93 2397 2352 2269 83 60
is_linear=0
shrinkage=0.03


Tree=398
num_leaves=15
num_cat=0
split_feature=15 3 0 15 3 8 15 15 8 7 15 3 3 3
split_gain=0.768378 0.584223 1.47136 0.689496 1.36729 1.05468 0.991587 2.13513 2.12807 0.86932 0.791406 0.556132 1.40177 0.10081
threshold=-42.048850561797742 0.39840000000000003 0.097850000000000006 -12.533024719101123 0.11585000000000002 0.17830000000000004 -0.33095898876404556 -0.90439325842696572 0.19110000000000002 -0.31149999999999994 -6.3738668539325838 0.31860000000000005 0.18280000000000005 0.20650000000000004
decision_type=2 2 2 2 2 2 2 2 2 2 2 2 2 2
left_child=-1 3 -3 4 5 -2 7 10 -9 -7 -5 12 -8 -6
right_child=1 2 -4 6 13 9 11 8 -10 -11 -12 -13 -14 -15
leaf_value=0.0047697470928816229 0.0043581914967140431 -0.00083222006773576139 0.0079567822804674504 0.00105920070265119 -0.0040898898006416851 0.001456143845733588 -0.00059214786075517624 0.011667846398195252 0.001344776388893767 -0.0036585007447462814 -0.00071343452864142359 -0.0037271543831697532 0.0028343025141795864 -0.0065492795370519158
leaf_weight=34 38 40 30 836 30 44 960 32 41 65 311 42 121 30
leaf_count=34 38 40 30 836 30 44 960 32 41 65 311 42 121 30
internal_value=0 0.000230655 0.0029345 0.000156432 -0.00150322 5.44746e-05 0.00030306 0.000895181 0.00586996 -0.0014459 0.000578565 -0.000340206 -0.000208614 -0.00531958
internal_weight=0 2620 70 2550 207 147 2343 1220 73 109 1147 1123 1081 60
internal_count=2654 2620 70 2550 207 147 2343 1220 73 109 1147 1123 1081 60
is_linear=0
shrinkage=0.03


Tree=399
num_leaves=12
num_cat=0
split_feature=15 3 0 3 12 17 15 3 17 14 0
split_gain=0.722906 0.549618 1.38441 0.649971 2.84149 1.98546 1.39512 0.784999 0.752418 0.862932 0.619862
threshold=-42.048850561797742 0.39840000000000003 0.097850000000000006 0.29390000000000011 0.23352921348314484 -0.0165584269662921 -0.63070898876404413 0.27420000000000005 -0.055394382022471871 0.51641573033707877 0.62315000000000009
decision_type=2 2 2 2 2 2 2 2 2 2 2
left_child=-1 3 -3 7 6 -6 -5 8 10 -10 -2
right_child=1 2 -4 4 5 -7 -8 -9 9 -11 -12
leaf_value=0.0046266544139122257 -0.0049328132500143151 -0.00080725317774340503 0.0077180788500281778 0.0067052871869236691 -0.0013884810358285903 -0.012041342085708054 -0.0010976644078719204 0.0041978869270533322 0.00020825459524222647 0.004012396329167214 0.0002830702464121419
leaf_weight=34 46 40 30 32 32 31 58 45 2214 55 37
leaf_count=34 46 40 30 32 32 31 58 45 2214 55 37
internal_value=0 0.00022392 0.00284646 0.000151929 -0.00174385 -0.00663037 0.00167672 0.000272936 0.000197841 0.000300466 -0.00260766
internal_weight=0 2620 70 2550 153 63 90 2397 2352 2269 83
internal_count=2654 2620 70 2550 153 63 90 2397 2352 2269 83
is_linear=0
shrinkage=0.03


Tree=400
num_leaves=23
num_cat=0
split_feature=14 7 0 14 8 3 17 17 3 3 4 3 13 3 13 3 8 4 14 3 3 12
split_gain=0.676711 2.46905 3.70258 0.940504 1.55083 0.765485 1.56166 0.61706 1.10443 2.13457 1.60489 1.27092 0.97527 0.833767 0.909211 2.29767 1.7358 0.37211 1.01925 0.493119 0.318052 0.219387
threshold=-0.28808426966292128 -0.43159999999999993 0.27555000000000002 -0.2254539325842696 0.17485000000000003 0.011100000000000002 -0.0042185393258427064 -0.011820224719101128 0.19675000000000001 0.11965000000000002 0.39680000000000004 0.26600000000000007 3.3466398876404502 0.37115000000000004 -1.8418426966292143 0.15205000000000005 0.14420000000000002 0.19590000000000005 -0.34104269662921333 0.016750000000000004 0.021000000000000001 1.1752595505617995
decision_type=2 2 2 2 2 2 2 2 2 2 2 2 2 2 2 2 2 2 2 2 2 2
left_child=1 -1 -3 4 -2 -6 -7 8 9 10 -5 -10 -13 14 16 -16 -9 18 19 -4 -20 -11
right_child=3 2 17 7 5 6 -8 13 11 21 -12 12 -14 -15 15 -17 -18 -19 20 -21 -22 -23
leaf_value=0.005565858223874654 0.007039054822500633 -0.011228043003939092 -0.0013299448732096624 -0.00019802067863212815 0.0037678047303185466 -0.0057166323721564057 0.0026663802774467816 0.0065873370517886458 0.0072375806913741172 -0.0046903547103847223 -0.0063319077760708043 0.0028636418110778868 -0.0033867529665048304 -0.0034757389790320303 0.00040381291885127613 0.0046747947799471706 -0.00070816294006679375 -0.0036531568947248158 0.00017329507926478981 0.0016866178520771389 -0.0020851243962355845 -0.0082890934720635401
leaf_weight=42 46 36 49 603 31 36 45 31 31 31 41 53 39 48 547 143 552 40 60 63 57 30
leaf_count=42 46 36 49 603 31 36 45 31 31 31 41 53 39 48 547 143 552 40 60 63 57 30
internal_value=0 -0.00125356 -0.00219262 0.000167414 0.00240133 0.000496555 -0.0010594 3.17055e-06 -0.00063893 -0.00109658 -0.000588532 0.00198418 0.000214018 0.000405638 0.00055199 0.00128896 -0.000320238 -0.000983421 -0.000517092 0.00155047 -0.00208512 -0.00646023
internal_weight=0 347 305 2307 158 112 81 2149 828 705 644 123 92 1321 1273 690 583 269 229 112 117 61
internal_count=2654 347 305 2307 158 112 81 2149 828 705 644 123 92 1321 1273 690 583 269 229 112 117 61
is_linear=0
shrinkage=0.03


Tree=401
num_leaves=27
num_cat=0
split_feature=14 14 8 15 3 3 0 8 12 13 3 3 1 8 3 13 3 3 3 3 3 5 18 3 15 3
split_gain=0.641098 0.888481 1.4946 1.61868 1.06575 0.64917 2.69019 1.89385 1.90516 0.6857 0.726302 0.619301 0.614195 2.54206 2.08308 1.11407 1.0198 1.31239 0.615854 1.46416 0.432652 3.61809 0.225499 0.166438 0.148446 0.120842
threshold=-0.28808426966292128 -0.2254539325842696 0.18255000000000002 -21.139350561797738 0.062800000000000009 0.11255000000000003 0.27555000000000002 0.17375000000000004 -0.16388202247190617 -0.16197977528089777 0.021000000000000001 0.0092000000000000016 0.052700000000000004 0.19185000000000002 0.15055000000000004 2.1501573033707868 0.28045000000000003 0.11310000000000002 0.023950000000000003 0.018950000000000005 0.14580000000000001 0.28340000000000004 5.5000000000000009 0.048450000000000007 14.504220224719107 0.063600000000000004
decision_type=2 2 2 2 2 2 2 2 2 2 2 2 2 2 2 2 2 2 2 2 2 2 2 2 2 2
left_child=5 2 4 -4 -2 6 -1 -7 -9 22 11 -11 15 18 -15 20 17 -17 19 -14 24 -22 -8 -12 -3 -5
right_child=1 12 3 25 -6 7 9 8 -10 10 23 -13 13 14 -16 16 -18 -19 -20 -21 21 -23 -24 -25 -26 -27
leaf_value=-0.010168056046968559 0.0095436390516731671 5.3593089212204064e-05 -0.0057193970980663452 0.00093998050257082912 0.002820748216490684 0.0071235269289463754 0.0031555807900925477 0.0026377520189174294 -0.0068693007374448431 -0.0026632415603559749 -0.0055035964750246597 0.0028761470712283079 -0.00018683652330184742 -0.0025886681836371633 -0.010590822096699131 0.0017383632548469102 5.3593089212204064e-05 0.0067803419146332004 5.3593089212204064e-05 -0.0025886681836371633 0.0089743032099922054 5.3593089212204064e-05 -9.8255157652424603e-05 -0.0029462530355456032 0.0023096096250845724 0.002820748216490684
leaf_weight=32 34 413 31 31 32 30 36 37 35 39 30 34 403 57 39 177 42 63 644 38 46 144 41 33 83 30
leaf_count=32 34 413 31 31 32 30 36 37 35 39 30 34 403 57 39 177 42 63 644 38 46 144 41 33 83 30
internal_value=0 0.000162712 0.00233397 -0.000137374 0.00577887 -0.00122036 -0.00205761 0.000790668 -0.00184802 -0.000839137 -0.00211992 -8.32523e-05 3.07544e-06 -0.00045609 -0.00513526 0.000563276 0.00216245 0.00306188 -4.20805e-05 -0.0010775 5.35931e-05 0.00151242 0.00142302 -0.00447986 5.35931e-05 0.00269939
internal_weight=0 2307 158 92 66 347 245 102 72 213 136 73 2149 1181 96 968 282 240 1085 441 686 190 77 63 496 61
internal_count=2654 2307 158 92 66 347 245 102 72 213 136 73 2149 1181 96 968 282 240 1085 441 686 190 77 63 496 61
is_linear=0
shrinkage=0.03


Tree=402
num_leaves=24
num_cat=0
split_feature=14 7 0 14 8 17 3 17 3 3 4 3 13 3 1 8 17 4 14 3 3 3 14
split_gain=0.596443 2.26427 3.36956 0.845329 1.39075 1.53237 1.00907 0.575407 1.02455 1.99469 1.51815 1.18217 0.91618 0.780531 0.856031 2.23274 1.58821 0.338531 1.00377 0.457923 0.269452 0.114139 0.003458
threshold=-0.28808426966292128 -0.43159999999999993 0.27555000000000002 -0.2254539325842696 0.18255000000000002 -0.0042185393258427064 0.062800000000000009 -0.011820224719101128 0.19675000000000001 0.11965000000000002 0.39680000000000004 0.26600000000000007 3.3466398876404502 0.37115000000000004 0.052700000000000004 0.19140000000000004 0.0006758426966292087 0.19590000000000005 -0.34104269662921333 0.016750000000000004 0.021000000000000001 0.063600000000000004 0.12491573033707866
decision_type=2 2 2 2 2 2 2 2 2 2 2 2 2 2 2 2 2 2 2 2 2 2 2
left_child=1 -1 -3 4 6 -6 -2 8 9 10 -5 -10 -13 14 16 -16 -9 18 19 -4 -20 -7 -11
right_child=3 2 17 7 5 21 -8 13 11 22 -12 12 -14 -15 15 -17 -18 -19 20 -21 -22 -23 -24
leaf_value=0.0053458654015724142 0.0092573298355016643 -0.010703424578241538 -0.0012704435367213219 -0.0001962087325061398 -0.0055478155348570113 0.0009117808502407804 0.0027368469771113717 0.0039526174833238318 0.0069667678025941687 -0.0060224591055884954 -0.0061620496122575382 0.0027609763768905735 -0.0032971067325426981 -0.0033730747697154582 0.00041782359889611787 -0.0049706298576202238 0.00047252593800129199 -0.0034767993357963855 0.00013625374529510737 0.0016309787138347215 -0.0019811871652603229 0.0027368469771113717 -0.0064742704631099773
leaf_weight=42 34 36 49 603 31 31 32 152 31 30 41 53 39 48 513 80 528 40 60 63 57 30 31
leaf_count=42 34 36 49 603 31 31 32 152 31 30 41 53 39 48 513 80 528 40 60 63 57 30 31
internal_value=0 -0.00118463 -0.00208391 0.00014941 0.00226728 -0.000116655 0.00559035 -6.30181e-06 -0.000626352 -0.00106714 -0.000576022 0.00190012 0.000192876 0.000382344 0.000523947 -0.000309118 0.00125043 -0.000930367 -0.000485575 0.00157403 -0.00198119 0.00264344 -0.00625207
internal_weight=0 347 305 2307 158 92 66 2149 828 705 644 123 92 1321 1273 593 680 269 229 112 117 61 61
internal_count=2654 347 305 2307 158 92 66 2149 828 705 644 123 92 1321 1273 593 680 269 229 112 117 61 61
is_linear=0
shrinkage=0.03


Tree=403
num_leaves=14
num_cat=0
split_feature=8 0 13 17 3 7 4 17 3 5 3 13 6
split_gain=0.580588 0.885544 0.55656 1.56059 0.654923 0.638311 0.579641 2.95173 0.615848 0.516926 1.91056 0.329025 0.0137332
threshold=0.14420000000000002 0.10110000000000001 2.7514061797752798 -0.02132415730337078 0.30960000000000004 -0.45379999999999993 0.37785000000000007 -0.0108241573033708 0.15205000000000005 0.36040000000000005 0.06795000000000001 -1.5368426966292146 0.0023000000000000004
decision_type=2 2 2 2 2 2 2 2 2 2 2 2 2
left_child=1 11 3 -2 9 -5 8 -8 -7 12 -11 -1 -4
right_child=2 -3 4 5 -6 6 7 -9 -10 10 -12 -13 -14
leaf_value=0.0030356633672673451 -0.0057921811652944443 0.005266772377492979 -0.00013681258278942221 0.00080455435704171159 -0.0029081444061276589 -0.00061197394278890644 -0.0092746060731452567 -0.001204815199655941 0.00018748559286624935 -0.00013681258278942221 -0.0066735922404413299 0.00080455435704171159 0.00080455435704171159
leaf_weight=30 47 47 52 101 44 1345 43 116 220 90 43 80 396
leaf_count=30 47 47 52 101 44 1345 43 116 220 90 43 80 396
internal_value=0 0.00174496 -0.000135854 -0.000394649 0.000639287 -0.000255644 -0.000429583 -0.00215538 -0.000254246 0.000804554 -0.00107818 0.000804554 0.000804554
internal_weight=0 157 2497 1872 625 1825 1724 159 1565 581 133 110 448
internal_count=2654 157 2497 1872 625 1825 1724 159 1565 581 133 110 448
is_linear=0
shrinkage=0.03


Tree=404
num_leaves=24
num_cat=0
split_feature=14 14 3 15 3 4 17 14 12 17 3 3 3 15 3 13 3 16 17 3 1 12 3
split_gain=0.552603 0.784544 0.761683 0.697199 0.604711 1.76438 1.38222 0.61413 1.01115 0.53025 1.00256 1.86207 1.48901 1.16738 1.11144 0.862677 0.730212 0.949036 4.126 0.735986 0.47271 0.462404 0.341669
threshold=-0.28808426966292128 -0.2254539325842696 0.0096500000000000023 -21.139350561797738 0.11255000000000003 0.22315000000000004 -0.0030544943820224597 -0.3100426966292133 -0.2988820224719077 -0.011820224719101128 0.19675000000000001 0.11740000000000002 0.1082 -6.3738668539325838 0.26600000000000007 3.3466398876404502 0.37115000000000004 -9.9194191011236494 -0.0022185393258427051 0.080850000000000019 0.15135000000000001 -0.14738202247190732 0.071700000000000014
decision_type=2 2 2 2 2 2 2 2 2 2 2 2 2 2 2 2 2 2 2 2 2 2 2
left_child=4 2 -2 22 5 7 -6 8 -1 10 11 12 -3 -13 -12 -16 17 19 -19 -11 -10 -8 -4
right_child=1 9 3 -5 6 -7 21 -9 20 16 14 13 -14 -15 15 -17 -18 18 -20 -21 -22 -23 -24
leaf_value=-0.0035317176699919519 0.00617531515438767 -0.00093614938324879343 0.001365051418808954 0.0037980517887455574 0.0059791584732010955 -0.0087504364056512716 0.0012682704599574208 -0.0039351473294426597 0.0031580288292069989 0.0005661890942371819 0.0068238563390989456 -0.0022090620456672295 0.0043630913002058284 -0.0098548543435754248 0.002747715681018132 -0.0031308191054715559 -0.0032521431617351482 0.011836442859335378 0.00081681504910945785 -0.0013178317741632552 -0.00076734287838917223 -0.0036588173280470071 -0.0027432256334118154
leaf_weight=53 34 580 35 51 32 30 30 49 65 537 31 41 52 32 53 39 48 33 417 286 48 40 38
leaf_count=53 34 580 35 51 32 30 30 49 65 537 31 41 52 32 53 39 48 33 417 286 48 40 38
internal_value=0 0.000157132 0.00219744 0.00110673 -0.00112694 -0.00193501 0.000814005 -0.000984018 -0.000112901 7.12379e-06 -0.000588099 -0.00102413 -0.000500136 -0.00556064 0.00191111 0.000255728 0.000380208 0.000517171 0.00162492 -8.85253e-05 0.00149061 -0.00154721 -0.000773504
internal_weight=0 2307 158 124 347 245 102 215 166 2149 828 705 632 73 123 92 1321 1273 450 823 113 70 73
internal_count=2654 2307 158 124 347 245 102 215 166 2149 828 705 632 73 123 92 1321 1273 450 823 113 70 73
is_linear=0
shrinkage=0.03


Tree=405
num_leaves=23
num_cat=0
split_feature=3 0 3 3 8 1 7 5 12 17 16 7 3 1 1 3 8 3 3 3 3 18
split_gain=0.517852 2.17262 1.90775 1.80926 1.10804 1.63819 1.60915 0.944515 0.910952 0.895793 0.915328 0.850956 1.0189 0.957592 0.735088 2.41925 0.738198 0.718951 0.6835 2.55193 0.922738 0.150725
threshold=0.023950000000000003 0.0032500000000000007 0.028200000000000006 0.021000000000000001 0.18545000000000003 0.065400000000000014 -0.3088499999999999 0.30945000000000006 0.80481573033707587 0.039179775280898867 8.8318606741572143 -0.34994999999999993 0.21750000000000003 0.052700000000000004 0.31805000000000005 0.06795000000000001 0.20130000000000001 0.0059500000000000013 0.13455000000000003 0.15205000000000005 0.11740000000000002 4.5000000000000009
decision_type=2 2 2 2 2 2 2 2 2 2 2 2 2 2 2 2 2 2 2 2 2 2
left_child=1 -1 -2 4 7 8 -7 17 -6 10 14 12 -11 -13 16 -16 -4 -3 20 -20 -12 -9
right_child=2 3 9 -5 5 6 -8 21 -10 11 18 13 -14 -15 15 -17 -18 -19 19 -21 -22 -23
leaf_value=-0.0085653605572879321 0.0064127099738371636 0.0015155862465691988 -5.1004949499481279e-05 -0.0044681732866918705 0.00012131651240664518 -0.0019528998277017187 -0.0044681732866918705 0.00012131651240664518 -0.0019528998277017187 0.0082533430942873416 0.00093497857543492025 0.0025131906339431772 0.0025131906339431772 -0.0038815935529419219 -0.0019496585154728471 -0.010687463272122605 -0.0019496585154728471 0.0052002059993281648 -0.0077308151101399408 0.00066121843323597442 0.0056366507203451221 0.0013369310848267361
leaf_weight=30 44 92 545 42 315 68 63 119 122 38 356 60 31 32 63 31 100 71 38 230 42 101
leaf_count=30 44 92 545 42 315 68 63 119 122 38 356 60 31 32 63 31 100 71 38 230 42 101
internal_value=0 -0.00061129 0.000251885 -0.000370986 -8.1768e-05 -0.000922647 -0.00386526 0.00116528 -4.0536e-05 7.87837e-05 -0.000164103 0.00219839 0.00471682 0.000309558 -0.000891023 -0.0033695 -0.000529819 0.00290986 0.000642494 -0.000528697 0.00143113 0.000121317
internal_weight=0 1023 1610 993 951 568 131 383 437 1566 1405 161 69 92 739 94 645 163 666 268 398 220
internal_count=2633 1023 1610 993 951 568 131 383 437 1566 1405 161 69 92 739 94 645 163 666 268 398 220
is_linear=0
shrinkage=0.03


Tree=406
num_leaves=23
num_cat=0
split_feature=3 0 3 3 8 1 5 12 17 15 3 3 3 3 15 8 2 3 12 3 8 18
split_gain=0.493941 2.04073 1.79552 1.72808 1.02068 1.56941 0.897449 0.866177 0.83379 0.866666 1.14309 2.98335 1.20785 0.794939 0.747322 1.53456 0.927136 0.680013 0.503928 1.17672 0.593775 0.141147
threshold=0.023950000000000003 0.0032500000000000007 0.028200000000000006 0.021000000000000001 0.18545000000000003 0.065400000000000014 0.30945000000000006 0.80481573033707587 0.039179775280898867 -1.2653011235955052 0.17515000000000003 0.21215000000000003 0.13965000000000002 0.012550000000000002 17.980628089887645 0.20170000000000002 0.00015000000000000004 0.0059500000000000013 -2.084010112359548 0.15205000000000005 0.17880000000000004 4.5000000000000009
decision_type=2 2 2 2 2 2 2 2 2 2 2 2 2 2 2 2 2 2 2 2 2 2
left_child=1 -1 -2 4 6 7 17 -6 9 10 12 -12 -4 -7 15 -11 -16 -3 20 -20 -10 -8
right_child=2 3 8 -5 5 13 21 -9 18 14 11 -13 -14 -15 16 -17 -18 -19 19 -21 -22 -23
leaf_value=-0.008308399789035319 0.0062203285462138326 0.0014640024900951767 0.00084537460623119803 -0.0043375195027772172 0.00011176530307215892 -0.0043375195027772172 0.00011176530307215892 -0.0018985954630810341 0.0032161365567960521 -0.0010470221258950083 -0.0078987038607010607 0.0004461663898213633 0.0059292614014576309 -0.0018985954630810341 0.0017838808001858562 -0.0067323932377621534 -0.0031576717291027308 0.0050441997969837881 0.0011081674725523796 0.008348505884829549 -0.0022516219147767588 0.0012968231643098267
leaf_weight=30 44 92 491 42 315 81 119 122 33 389 48 196 46 50 142 48 45 71 58 31 39 101
leaf_count=30 44 92 491 42 315 81 119 122 33 389 48 196 46 50 142 48 45 71 58 31 39 101
internal_value=0 -0.000599535 0.000243476 -0.000366639 -8.31492e-05 -0.0008902 0.00111373 -2.68033e-05 7.55439e-05 -0.000158786 0.000507216 -0.00119545 0.00128087 -0.00377039 -0.000992357 -0.0016715 0.000594737 0.00281624 0.00212048 0.00363008 0.000254434 0.000111765
internal_weight=0 1023 1610 993 951 568 383 437 1566 1405 781 244 537 131 624 437 187 163 161 89 72 220
internal_count=2633 1023 1610 993 951 568 383 437 1566 1405 781 244 537 131 624 437 187 163 161 89 72 220
is_linear=0
shrinkage=0.03


Tree=407
num_leaves=19
num_cat=0
split_feature=18 1 18 0 8 12 7 16 7 5 13 13 7 13 8 15 7 16
split_gain=0.415245 1.11582 0.626715 0.62217 0.973608 0.476094 0.863484 0.623013 0.437429 1.60782 0.979923 0.908104 0.682302 0.924636 0.553526 0.394928 0.209138 0.194994
threshold=4.5000000000000009 0.53665000000000007 3.5000000000000004 0.039700000000000006 0.16045000000000001 -0.77132752808988758 -0.3542499999999999 9.7684449438202154 -0.35284999999999994 0.34110000000000001 5.2250528089887647 5.1930528089887646 -0.46834999999999999 -1.5368426966292146 0.20350000000000004 -7.1730247191011234 -0.27924999999999994 -27.622419101123679
decision_type=2 2 2 2 2 2 2 2 2 2 2 2 2 2 2 2 2 2
left_child=1 3 -3 -1 15 6 -6 -7 11 10 14 12 -2 17 16 -5 -10 -14
right_child=8 2 -4 4 5 7 -8 -9 9 -11 -12 -13 13 -15 -16 -17 -18 -19
leaf_value=-0.0014458820809780848 0.0033864461618165172 -0.0061783156433218231 -0.0014458820809780848 0.0064835052258305007 0.0021251230181347407 -0.00041402250957401265 6.9540790527274733e-05 0.00069264695427067484 -0.00036757376720499989 -0.0058375737937707787 -0.0031928909341332936 0.0048676426304238183 -0.00036757376720499989 -0.00036757376720499989 -0.0031928909341332936 0.0021394823362788883 -0.0017802323506691468 0.0015094361973057588
leaf_weight=70 45 37 36 31 103 269 228 604 520 56 39 35 56 277 36 48 82 61
leaf_count=70 45 37 36 31 103 269 228 604 520 56 39 35 56 277 36 48 82 61
internal_value=0 0.000263064 -0.00334975 0.000457991 0.000617837 0.000406147 0.00137498 3.8813e-05 -0.000493047 -0.000952307 -0.000548208 0.000217159 -0.000153608 -0.000367574 -0.000367574 0.0038441 -0.000367574 0.00150944
internal_weight=0 1426 73 1353 1283 1204 331 873 1207 733 677 474 439 394 638 79 602 117
internal_count=2633 1426 73 1353 1283 1204 331 873 1207 733 677 474 439 394 638 79 602 117
is_linear=0
shrinkage=0.03


Tree=408
num_leaves=20
num_cat=0
split_feature=18 1 18 0 8 12 17 16 17 8 14 8 0 8 14 17 14 15 17
split_gain=0.388303 1.03989 0.594589 0.59272 0.916789 0.468481 0.5982 0.592645 0.467299 0.442206 0.45911 1.43512 1.43461 0.334141 0.275822 0.230766 0.462508 0.402887 0.0129909
threshold=4.5000000000000009 0.53665000000000007 3.5000000000000004 0.039700000000000006 0.16045000000000001 -0.77132752808988758 0.0067814606741573033 9.7684449438202154 -0.0073202247191011252 0.14055000000000004 -0.18158426966292132 0.19815000000000002 0.67320000000000013 0.15900000000000003 -0.27054269662921332 -0.0076601123595505518 -0.083584269662921359 10.523291011235957 -0.0073202247191011252
decision_type=2 2 2 2 2 2 2 2 2 2 2 2 2 2 2 2 2 2 2
left_child=1 3 -3 18 8 6 -6 -7 -5 -2 11 12 14 -12 -11 16 -15 -17 -1
right_child=9 2 -4 4 5 7 -8 -9 -10 10 13 -13 -14 15 -16 17 -18 -19 -20
leaf_value=-0.0013964649863883254 0.0020550804451044836 -0.0059929662092110588 -0.0013964649863883254 0.0058330736722176273 0.0020607123689530492 -0.00039919797944200868 0.0002959704967586538 0.00067186757443597636 0.0020607123689530492 -0.0038811540396984879 0.00072352216673721604 -0.0070681349488978199 0.00072352216673721604 -0.002831770163946644 -0.0015570845031786871 0.00011147090056984762 -0.00042356019432859853 -0.0021134727375997152 -0.00039919797944200868
leaf_weight=37 59 37 36 45 105 269 226 604 34 33 51 39 93 99 46 448 261 78 33
leaf_count=37 59 37 36 45 105 269 226 604 34 33 51 39 93 99 46 448 261 78 33
internal_value=0 0.000253312 -0.00323442 0.00044149 0.000598069 0.000392649 0.0013537 2.82636e-05 0.00372878 -0.000477859 -0.000608036 -0.0018723 -0.000694173 -0.000323341 -0.00382835 -0.00050058 -0.00108582 -0.000100038 -0.00139646
internal_weight=0 1426 73 1353 1283 1204 331 873 79 1207 1148 211 172 937 79 886 360 526 70
internal_count=2633 1426 73 1353 1283 1204 331 873 79 1207 1148 211 172 937 79 886 360 526 70
is_linear=0
shrinkage=0.03


Tree=409
num_leaves=21
num_cat=0
split_feature=3 0 3 3 8 1 7 5 12 17 5 17 3 16 3 3 1 8 7 18
split_gain=0.454878 1.89803 1.7016 1.64101 0.949886 1.5042 1.49806 0.825559 0.81858 0.804109 0.840784 0.979795 0.907161 0.793986 0.633708 0.62184 0.476857 2.18301 0.320843 0.142005
threshold=0.023950000000000003 0.0032500000000000007 0.028200000000000006 0.021000000000000001 0.18545000000000003 0.065400000000000014 -0.3088499999999999 0.30945000000000006 0.80481573033707587 0.039179775280898867 0.21680000000000002 -0.020324157303370779 0.035050000000000005 -50.577649438202279 0.0059500000000000013 0.046200000000000012 0.035750000000000011 0.18155000000000002 -0.33584999999999993 4.5000000000000009
decision_type=2 2 2 2 2 2 2 2 2 2 2 2 2 2 2 2 2 2 2 2
left_child=1 -1 -2 4 7 8 -7 14 -6 10 -4 15 -13 16 -3 -12 -11 -18 -15 -9
right_child=2 3 9 -5 5 6 -8 19 -10 13 11 12 -14 18 -16 -17 17 -19 -20 -21
leaf_value=-0.0080089621394872669 0.0060529318549246954 0.0014148104275633084 0.0035474812258737827 -0.004179431723367621 0.00011542380806613558 -0.0018383905579074096 -0.004179431723367621 0.00011542380806613558 -0.0018383905579074096 0.003315741594640478 -0.001992398977366298 0.0016215292571127215 -0.00089945791209216123 0.0067286790702928553 0.0048657683599871437 0.0016215292571127215 0.0010372365669782965 -0.007415918299957411 0.0026001484924927354 0.0012959761210569723
leaf_weight=30 44 92 53 42 315 68 63 119 122 31 43 76 1056 32 71 177 30 32 36 101
leaf_count=30 44 92 53 42 315 68 63 119 122 31 43 76 1056 32 71 177 30 32 36 101
internal_value=0 -0.000574507 0.000234483 -0.000349901 -7.26095e-05 -0.000851169 -0.00367088 0.00108202 -5.90112e-06 7.10022e-05 -0.00015912 -0.000304423 -0.000660454 0.00207921 0.0027142 0.00152752 0.000277735 -0.00124127 0.00454299 0.000115424
internal_weight=0 1023 1610 993 951 568 131 383 437 1566 1405 1352 1132 161 163 220 93 62 68 220
internal_count=2633 1023 1610 993 951 568 131 383 437 1566 1405 1352 1132 161 163 220 93 62 68 220
is_linear=0
shrinkage=0.03


Tree=410
num_leaves=11
num_cat=0
split_feature=15 1 3 16 7 5 3 15 18 5
split_gain=1.11498 0.703791 0.677882 1.60442 1.2955 1.60204 0.714667 0.683516 0.271199 0.161585
threshold=-31.911850561797731 0.56910000000000005 0.26200000000000007 -54.493149438202259 -0.35034999999999994 0.31340000000000007 0.15205000000000005 19.641628089887647 4.5000000000000009 0.29645000000000005
decision_type=2 2 2 2 2 2 2 2 2 2
left_child=-1 2 3 -2 5 -5 -6 9 -3 -4
right_child=1 8 7 4 6 -7 -8 -9 -10 -11
leaf_value=-0.0051383620951520768 0.0058592627912192885 -0.003886357822116803 0.0014391829216709503 0.0043134134043077751 -0.00055936047057329123 0.00058447566780105099 0.0004825076107988932 0.00276391389593482 -0.0011606897896764452 -0.0011606897896764452
leaf_weight=38 46 55 39 127 1435 565 44 40 43 216
leaf_count=38 46 55 39 127 1435 565 44 40 43 216
internal_value=0 3.7725e-05 0.000135028 0.000314936 0.00019746 0.00126883 -0.000303818 -0.00116069 -0.00245641 -0.00116069
internal_weight=0 2610 2512 2217 2171 692 1479 295 98 255
internal_count=2648 2610 2512 2217 2171 692 1479 295 98 255
is_linear=0
shrinkage=0.03


Tree=411
num_leaves=16
num_cat=0
split_feature=15 1 17 7 15 17 4 17 0 8 0 4 7 15 7
split_gain=1.04947 0.658862 0.603809 1.15869 0.958035 0.958019 0.928662 1.33289 0.869397 0.812785 0.645016 0.513618 0.401055 0.239578 0.184685
threshold=-31.911850561797731 0.56910000000000005 -0.011820224719101128 -0.40289999999999992 -0.21830112359550566 0.015281460674157312 0.30165000000000003 -0.0073202247191011252 0.29825000000000007 0.16510000000000002 0.3040500000000001 0.0087500000000000026 -0.35244999999999999 -6.5933011235955048 -0.32264999999999994
decision_type=2 2 2 2 2 2 2 2 2 2 2 2 2 2 2
left_child=-1 2 3 4 8 6 7 -4 -2 -7 -8 -5 -11 -3 -13
right_child=1 13 5 11 -6 9 10 -9 -10 12 -12 14 -14 -15 -16
leaf_value=-0.0049842114138760061 0.00019294862997498174 -0.001122018204661276 0.005476798339058524 0.00019294862997498174 0.0052887124300974864 0.0028232682873573847 -0.001122018204661276 0.0011193805478885645 0.0050860164403407409 0.0004772006633648316 0.00036443999458659476 -0.00046453478734314712 -0.001122018204661276 -0.0036250599906227344 -0.001122018204661276
leaf_weight=38 136 39 69 52 46 59 132 749 33 151 76 378 353 59 278
leaf_count=38 136 39 69 52 46 59 132 749 33 151 76 378 353 59 278
internal_value=0 3.75132e-05 0.000131659 -0.000478611 0.00145025 0.000486146 0.00103181 0.00148694 0.000405462 -0.000508265 -0.000758058 -0.00106435 -0.000898266 -0.0023757 -0.00112202
internal_weight=0 2610 2512 923 215 1589 1026 818 169 563 208 708 504 98 656
internal_count=2648 2610 2512 923 215 1589 1026 818 169 563 208 708 504 98 656
is_linear=0
shrinkage=0.03


Tree=412
num_leaves=17
num_cat=0
split_feature=15 17 8 3 3 18 16 7 17 1 16 14 3 3 3 8
split_gain=0.984917 0.620729 1.71663 1.21784 2.05698 1.79233 1.64359 2.39679 1.54775 2.08822 1.6448 1.46551 1.15273 1.10295 1.31532 1.05775
threshold=-31.911850561797731 -0.011820224719101128 0.20320000000000002 0.26200000000000007 0.28045000000000003 3.5000000000000004 30.390300000000028 -0.33544999999999997 -0.0073202247191011252 0.18320000000000003 -54.493149438202259 -0.17732359550561785 0.36100000000000004 0.30960000000000004 0.21215000000000003 0.19185000000000002
decision_type=2 2 2 2 2 2 2 2 2 2 2 2 2 2 2 2
left_child=-1 2 12 6 -5 -6 8 -8 9 -3 -10 -7 13 14 -2 -9
right_child=1 3 -4 4 5 11 7 15 10 -11 -12 -13 -14 -15 -16 -17
leaf_value=-0.004834684519783446 -0.00058647541208648585 0.0088297684253616764 -0.0068183166132382064 -0.0090496849231421952 -0.0056538981841877103 0.0071088533606380221 0.010566601064832259 0.0050192494645221707 0.0057072715970950764 -0.00091288475494366139 -7.3618716878596889e-05 -0.00050671465523996722 0.0054715806189924478 -0.0035664397845224104 0.0040509833079778535 -0.0021778723318129777
leaf_weight=38 821 44 38 30 45 30 36 34 46 36 1196 94 30 31 59 40
leaf_count=38 821 44 38 30 45 30 36 34 46 36 1196 94 30 31 59 40
internal_value=0 3.01488e-05 -0.000567007 0.000388589 -0.00181046 -0.000525391 0.000694183 0.00421761 0.000401008 0.00444557 0.000140488 0.00133576 -0.000314563 -0.000505106 -0.000275555 0.00112891
internal_weight=0 2610 979 1631 199 169 1432 110 1322 80 1242 124 941 911 880 74
internal_count=2648 2610 979 1631 199 169 1432 110 1322 80 1242 124 941 911 880 74
is_linear=0
shrinkage=0.03


Tree=413
num_leaves=17
num_cat=0
split_feature=15 1 17 17 4 17 8 17 6 17 0 14 13 8 18 14
split_gain=0.926225 0.604912 0.54923 0.892751 0.87427 1.17648 0.779287 0.74633 0.900565 0.725625 0.600077 0.555909 0.323237 0.292338 0.255164 0.0643971
threshold=-31.911850561797731 0.56910000000000005 -0.011820224719101128 0.015281460674157312 0.30165000000000003 -0.0073202247191011252 0.16510000000000002 -0.017320224719101131 0.057900000000000007 -0.02005449438202243 0.3040500000000001 0.48391573033707874 -3.8547134831460665 0.18835000000000005 4.5000000000000009 -0.3100426966292133
decision_type=2 2 2 2 2 2 2 2 2 2 2 2 2 2 2 2
left_child=-1 2 7 4 5 -4 -5 9 15 11 -6 -2 -8 -11 -3 -9
right_child=1 14 3 6 10 -7 12 8 -10 13 -12 -13 -14 -15 -16 -17
leaf_value=-0.00468964430846666 -0.0010830313379681011 -0.0036804510344835843 0.0051731252718878826 0.0027585277908434304 -0.0010830313379681011 0.0010793360470136993 0.00093650842465145925 0.00095750196113762005 0.0029980352602433412 0.0028730970307634298 0.00033552634190263961 0.00076899549103717302 -0.0010830313379681011 -0.00017905646837071369 -0.0010830313379681011 -0.0010830313379681011
leaf_weight=38 184 55 69 59 132 749 41 64 53 110 76 201 463 38 43 273
leaf_count=38 184 55 69 59 132 749 41 64 53 110 76 201 463 38 43 273
internal_value=0 2.80133e-05 0.000118222 0.000456309 0.000983059 0.00142466 -0.000503631 -0.000463814 -0.00108303 0.000304128 -0.000753603 -0.000382173 -0.000885511 0.00208944 -0.00228429 -0.00108303
internal_weight=0 2610 2512 1589 1026 818 563 923 390 533 208 385 504 148 98 337
internal_count=2648 2610 2512 1589 1026 818 563 923 390 533 208 385 504 148 98 337
is_linear=0
shrinkage=0.03


Tree=414
num_leaves=19
num_cat=0
split_feature=17 8 3 3 3 18 16 12 16 14 14 8 17 16 3 3 3 13
split_gain=0.795781 1.52528 1.13331 1.12967 1.92685 1.68847 1.5411 1.49322 1.39323 1.58304 1.37145 1.08695 1.05799 0.931227 0.884413 1.40226 0.9942 0.0127585
threshold=-0.011820224719101128 0.20320000000000002 0.36100000000000004 0.26200000000000007 0.28045000000000003 3.5000000000000004 32.123080898876317 1.1112595505617977 -54.493149438202259 0.10100112359550563 -0.17732359550561785 0.20245000000000005 -0.0073202247191011252 -10.558919101123648 0.30960000000000004 0.21215000000000003 0.13615000000000002 2.4782084269662925
decision_type=2 2 2 2 2 2 2 2 2 2 2 2 2 2 2 2 2 2
left_child=1 2 14 6 -5 -6 8 -8 -2 12 -7 -11 -10 -12 15 16 -1 -17
right_child=3 -3 -4 4 5 10 7 -9 9 11 13 -13 -14 -15 -16 17 -18 -19
leaf_value=-0.00048676097399729762 0.0055199408349479832 -0.0066011114347432004 0.0052656781934201716 -0.0087592476606369006 -0.0054866896017144121 0.0068821955155581229 0.0075673341547900968 0.00019854315230622888 0.0040016773991837081 -0.00095116833774842738 -0.0031684560147830498 -0.0067367682492476882 0.00054206399698774037 0.0028375623775978706 -0.0035381409151421495 0.0044088579807430505 -0.0035381409151421495 0.0035339234257116912
leaf_weight=800 46 38 30 30 45 30 55 45 88 337 52 32 829 42 32 30 57 30
leaf_count=800 46 38 30 30 45 30 55 45 88 337 52 32 829 42 32 30 57 30
internal_value=0 -0.000704065 -0.00047517 0.000365211 -0.00175274 -0.000508978 0.000659535 0.00425138 0.000389877 0.000206375 0.00129745 -0.0014529 0.000874066 -0.000484916 -0.000656651 -0.000462309 -0.000772719 0.00397139
internal_weight=0 1017 979 1631 199 169 1432 100 1332 1286 124 369 917 94 949 917 857 60
internal_count=2648 1017 979 1631 199 169 1432 100 1332 1286 124 369 917 94 949 917 857 60
is_linear=0
shrinkage=0.03


Tree=415
num_leaves=21
num_cat=0
split_feature=14 0 7 3 3 17 12 0 12 6 17 14 13 0 12 7 13 12 17 0
split_gain=0.530053 2.03567 0.476889 1.96147 1.99753 1.3632 2.86563 0.74586 0.68983 0.668253 0.644029 2.03908 0.537779 1.1107 0.717479 0.302289 0.643559 0.281998 0.255974 0.167335
threshold=-0.40191348314606734 0.50520000000000009 -0.35034999999999994 0.042750000000000003 0.063600000000000004 0.016777528089887642 -1.5357831460674143 0.76035000000000019 0.71181573033707946 -0.021499999999999995 0.017781460674157316 0.27495730337078667 2.5704061797752815 0.36720000000000003 1.1377595505617999 -0.42724999999999996 -0.40174044943820414 0.31202921348314488 -0.0083202247191011252 0.35930000000000001
decision_type=2 2 2 2 2 2 2 2 2 2 2 2 2 2 2 2 2 2 2 2
left_child=1 -1 10 9 7 8 -7 -5 -6 -4 12 17 15 18 -15 16 -2 -12 -14 -13
right_child=2 -3 3 4 5 6 -8 -9 -10 -11 11 19 13 14 -16 -17 -18 -19 -20 -21
leaf_value=-0.0066664360810126016 0.00051341872811633466 0.0022523641276971569 -0.0037679326826972614 -0.01009096781590155 -0.0002537957924381352 -0.00063728044740855698 -0.011745844727212733 -0.0040210130487225559 -0.0025227298603461281 -0.0002537957924381352 0.0067492469421074706 -0.0002537957924381352 -0.0002537957924381352 0.0066582597349770364 0.0016415927730500698 -0.0002537957924381352 0.0036834669196674518 0.0032521789951715616 0.001552012575898738 0.0021341989691136404
leaf_weight=51 125 42 56 35 156 57 33 38 123 1025 49 65 133 39 75 365 69 36 41 40
leaf_count=51 125 42 56 35 156 57 33 38 123 1025 49 65 133 39 75 365 69 36 41 40
internal_value=0 -0.00263859 -0.000332969 -0.000670838 -0.00239698 -0.00149995 -0.00471042 -0.00693127 -0.000464315 -0.000253796 0.000163247 0.00174176 -0.000190848 0.00104705 0.00335782 -0.000253796 0.00128063 0.00526814 -0.000253796 -0.000253796
internal_weight=0 93 2560 1523 442 369 90 73 279 1081 1037 190 847 288 114 559 194 85 174 105
internal_count=2653 93 2560 1523 442 369 90 73 279 1081 1037 190 847 288 114 559 194 85 174 105
is_linear=0
shrinkage=0.03


Tree=416
num_leaves=20
num_cat=0
split_feature=15 3 7 0 3 3 18 13 12 13 3 0 7 6 0 8 4 13 17
split_gain=0.625173 0.580441 3.4536 1.74062 1.74668 1.70302 1.51068 1.4165 1.32762 1.94238 1.50063 1.26923 1.23608 1.65337 1.4903 4.91292 1.20737 0.970037 0.583435
threshold=-31.911850561797731 0.042750000000000003 -0.34939999999999999 0.61650000000000016 0.063600000000000004 0.040500000000000008 4.5000000000000009 -3.8039471910112357 0.15421685393258325 1.5700202247191017 0.085450000000000012 0.30040000000000006 -0.3088499999999999 0.045500000000000006 0.86480000000000012 0.18310000000000001 0.011650000000000002 -3.100240449438203 0.017781460674157316
decision_type=2 2 2 2 2 2 2 2 2 2 2 2 2 2 2 2 2 2 2
left_child=-1 5 7 6 -5 12 -4 11 10 -10 -9 -3 13 16 15 -14 -2 -6 -16
right_child=1 2 3 4 17 -7 -8 8 9 -11 -12 -13 14 -15 18 -17 -18 -19 -20
leaf_value=-0.0043307566735893482 0.0041228737764532654 0.00027746860869228842 -0.012366398911584506 -0.0049380529865634638 -0.0049380529865634638 0.0071578652039170259 -0.0049380529865634638 0.0027056288801961472 0.0063032363666417571 0.00032028506361965437 -0.0013914822392255834 0.0089334040910245896 -0.0019038693211383192 0.0076814362082269876 6.1190593842896586e-06 -0.01074538295397595 0.00019538047099959546 -0.0013914822392255834 -0.0019038693211383192
leaf_weight=36 30 30 33 61 57 30 30 81 57 341 337 31 86 31 431 62 531 236 122
leaf_count=36 30 30 33 61 57 30 30 81 57 341 337 31 86 31 431 62 531 236 122
internal_value=0 -0.000350265 -0.000802028 -0.00304964 -0.00223198 9.15964e-05 -0.00764413 0.000266678 -6.29696e-05 0.00117714 -0.00124374 0.00467639 -7.23542e-05 0.000936999 -0.000924761 -0.00359857 0.000564311 -0.00139148 -0.000209165
internal_weight=0 2617 1294 417 354 1323 63 877 816 398 418 61 1293 592 701 148 561 293 553
internal_count=2653 2617 1294 417 354 1323 63 877 816 398 418 61 1293 592 701 148 561 293 553
is_linear=0
shrinkage=0.03


Tree=417
num_leaves=19
num_cat=0
split_feature=14 0 3 16 3 3 17 3 0 12 16 16 13 12 6 14 12 14
split_gain=0.497121 1.91259 0.394161 1.23181 3.0703 1.06467 2.0784 1.9737 1.33308 0.956824 0.695546 1.66416 1.39571 0.689102 0.675661 0.591214 0.47521 0.0354404
threshold=-0.40191348314606734 0.48960000000000009 0.061000000000000006 33.030350561797782 0.15205000000000005 0.046950000000000013 -0.0042185393258427064 0.04420000000000001 0.090150000000000008 1.1377595505617999 -22.359750561797679 -23.540555056179809 -1.5998426966292134 1.7234028089887661 0.0034500000000000004 -0.14745393258426964 0.10131573033707754 -0.067323595505617881
decision_type=2 2 2 2 2 2 2 2 2 2 2 2 2 2 2 2 2 2
left_child=1 -1 5 10 13 7 17 8 16 -10 11 15 -12 -5 -14 -4 -2 -7
right_child=2 -3 3 4 -6 6 -8 -9 9 -11 12 -13 14 -15 -16 -17 -18 -19
leaf_value=-0.0065316106863319871 -0.0020831417570235209 0.0020972743829668957 -0.001951747089952939 -0.010713248203974218 0.0016747773423452267 0.0057843444906175139 -0.0024532126027502509 -0.0068524895597679106 0.00060721492994464529 -0.0015102360139989965 0.005463818043557017 -0.0066651214310463431 -0.0029956478310156276 -0.0046113011042677584 0.00023653765279033675 0.00054564180300055931 -0.0070565032660961143 0.0072425706703215832
leaf_weight=50 30 43 163 36 55 30 38 39 1013 237 43 47 66 31 493 179 30 30
leaf_count=50 30 43 163 36 55 30 38 39 1013 237 43 47 66 31 493 179 30 30
internal_value=0 -0.00254191 -0.000309061 -0.000733509 -0.00357799 1.74148e-05 0.00303659 -0.000201917 -3.9229e-06 0.000205746 -0.000383331 -0.00137205 0.000255556 -0.00788996 -0.00014508 -0.000644634 -0.00437203 0.00651346
internal_weight=0 93 2560 1113 122 1447 98 1349 1310 1250 991 389 602 67 559 342 60 60
internal_count=2653 93 2560 1113 122 1447 98 1349 1310 1250 991 389 602 67 559 342 60 60
is_linear=0
shrinkage=0.03


Tree=418
num_leaves=13
num_cat=0
split_feature=15 3 3 3 3 4 16 3 12 16 15 12
split_gain=0.567631 0.537331 1.77499 1.59313 1.40741 1.18252 0.726524 2.15946 0.663176 0.9896 0.751258 0.53184
threshold=-31.911850561797731 0.042750000000000003 0.046200000000000012 0.040500000000000008 0.04735000000000001 0.32190000000000007 33.030350561797782 0.15205000000000005 1.5263157303370785 32.901350561797763 21.750128089887649 0.10131573033707754
decision_type=2 2 2 2 2 2 2 2 2 2 2 2
left_child=-1 3 -3 5 -4 8 11 -8 9 -2 -10 -6
right_child=1 2 4 -5 6 -7 7 -9 10 -11 -12 -13
leaf_value=-0.0041169963000963128 0.00017416092112540406 -0.0069799329107918303 0.0057523702217205878 0.0069355001300573345 -0.0010339874039882364 -0.0047812250133036915 -0.0065418339176209301 0.001723606833256781 -0.002332261647735603 0.0038671067140198176 0.0012211111281067132 0.00030203139015372326
leaf_weight=36 974 40 31 30 651 46 66 50 137 70 66 456
leaf_count=36 974 40 31 30 651 46 66 50 137 70 66 456
internal_value=0 -0.000324111 -0.000758774 0.000101025 -0.000560332 -5.75478e-05 -0.000720344 -0.00297914 0.000116702 0.000421772 -0.00145223 -0.000483649
internal_weight=0 2617 1294 1323 1254 1293 1223 116 1247 1044 203 1107
internal_count=2653 2617 1294 1323 1254 1293 1223 116 1247 1044 203 1107
is_linear=0
shrinkage=0.03


Tree=419
num_leaves=16
num_cat=0
split_feature=15 3 3 3 3 14 14 3 3 5 3 17 3 14 3
split_gain=0.533898 0.50404 1.67009 1.49955 1.32423 0.83801 1.22525 1.141 0.596381 1.3294 0.575946 0.566647 1.94615 1.01521 0.248858
threshold=-31.911850561797731 0.042750000000000003 0.046200000000000012 0.040500000000000008 0.04735000000000001 0.31913146067415737 0.39250112359550565 0.010600000000000002 0.0064500000000000009 0.29340000000000005 0.0055500000000000002 -0.0013202247191011205 0.062800000000000009 -0.17582359550561785 0.0016000000000000001
decision_type=2 2 2 2 2 2 2 2 2 2 2 2 2 2 2
left_child=-1 3 -3 5 -4 8 7 -7 10 -10 -2 13 -13 -6 -8
right_child=1 2 4 -5 11 6 14 -9 9 -11 -12 12 -14 -15 -16
leaf_value=-0.0039934863739957416 -0.00017753532443715779 -0.0067705348252784462 0.0055797989432129162 0.0067274351713131177 -0.0023298348771474721 -0.0008299035722897811 0.0020362719148397448 -0.008454979942915471 0.0020802853528247788 -0.00070201730130637968 -0.0038668840842018292 -0.0076725000149865698 -0.00089674298059181908 0.00056492999575583026 -0.00079891098265187535
leaf_weight=36 333 40 31 30 140 33 33 38 367 267 43 41 549 493 179
leaf_count=36 333 40 31 30 140 33 33 38 367 267 43 41 549 493 179
internal_value=0 -0.000315028 -0.000736011 9.67269e-05 -0.000543522 -5.71178e-05 -0.00149994 -0.00491093 0.000347159 0.000908559 -0.000599456 -0.000698733 -0.0013676 -7.53024e-05 -0.000357585
internal_weight=0 2617 1294 1323 1254 1293 283 71 1010 634 376 1223 590 633 212
internal_count=2653 2617 1294 1323 1254 1293 283 71 1010 634 376 1223 590 633 212
is_linear=0
shrinkage=0.03


Tree=420
num_leaves=28
num_cat=0
split_feature=3 17 3 3 3 3 3 3 3 8 18 3 16 0 17 17 1 0 17 4 16 16 17 1 17 12 8
split_gain=1.56259 1.35458 1.22728 6.11532 1.1792 1.56638 2.00468 1.10526 2.84365 1.81194 2.07887 1.87892 1.50135 1.45566 2.2466 1.1031 1.50785 0.998817 0.917525 0.865928 0.814315 2.41859 0.661914 0.522671 0.493382 0.315035 0.144794
threshold=0.06795000000000001 -0.0073202247191011252 0.15205000000000005 0.17515000000000003 0.13615000000000002 0.11370000000000001 0.085450000000000012 0.11585000000000002 0.1082 0.15900000000000003 4.5000000000000009 0.19675000000000001 19.109944943820214 0.46205000000000002 -0.018718539325842689 0.04344550561797756 0.079100000000000018 0.029800000000000004 -0.035660112359550529 0.12835000000000002 -22.692750561797705 -10.558919101123648 -0.055394382022471871 0.085150000000000017 0.012175842696629221 -0.2988820224719077 0.19430000000000003
decision_type=2 2 2 2 2 2 2 2 2 2 2 2 2 2 2 2 2 2 2 2 2 2 2 2 2 2 2
left_child=17 7 4 -4 5 6 -3 8 13 -9 23 -12 -10 14 -2 16 -5 -1 22 20 26 -22 -19 -11 -7 -21 -20
right_child=1 2 3 15 -6 24 -8 9 12 10 11 -13 -14 -15 -16 -17 -18 18 19 25 21 -23 -24 -25 -26 -27 -28
leaf_value=-0.0036010254029955331 -0.011978956824168562 0.0012194316932998064 0.0129616957749514 0.0014752277318621054 -0.0057085693840953433 0.0043455395438591945 -0.0055334174108901315 0.001260663904249668 -0.00080599519144743679 -0.0019019553472810961 -0.013025073030191223 -0.0047736200865446813 0.0082250510219081824 0.00069366351373239665 -0.002778618741571389 -0.0049685785353982019 -0.0040438706559545699 0.00071973512023687362 0.00011889473862056897 -0.0005574537960968014 0.0064024130607266789 0.00053405786897505695 0.0055772322821704785 -0.0051725601713935084 -0.00026048208315235873 -0.0015947242649216164 -0.0005574537960968014
leaf_weight=58 34 70 34 204 55 50 91 51 30 55 41 63 37 44 37 42 57 50 287 55 69 753 51 44 36 101 127
leaf_count=58 34 70 34 204 55 50 91 51 30 55 41 63 37 44 37 42 57 50 287 55 69 753 51 44 36 101 127
internal_value=0 -0.00122674 -0.000347088 0.000897517 -0.00173594 -0.000851341 -0.0025974 -0.00251596 -0.00073157 -0.00379455 -0.00506457 -0.0080266 0.0041813 -0.00359385 -0.0062509 -0.000456219 0.000269907 0.000261525 0.000411577 0.000211249 0.000479817 0.00102666 0.00317253 -0.00195296 0.00241744 -0.00159472 -0.000557454
internal_weight=0 1075 639 337 302 247 161 436 182 254 203 104 67 115 71 303 261 1551 1493 1392 1236 822 101 99 86 156 414
internal_count=2626 1075 639 337 302 247 161 436 182 254 203 104 67 115 71 303 261 1551 1493 1392 1236 822 101 99 86 156 414
is_linear=0
shrinkage=0.03


Tree=421
num_leaves=23
num_cat=0
split_feature=3 13 16 3 14 16 17 3 3 3 3 14 3 0 3 13 14 14 3 16 13 0
split_gain=1.49209 1.91739 2.10107 1.39263 1.07519 1.65032 0.955937 1.84964 3.71615 2.01282 1.45693 2.34004 1.63115 1.38753 1.5221 1.01921 0.89839 2.09793 0.894787 0.796537 0.760881 0.126681
threshold=0.25870000000000004 -3.7259471910112358 -23.968639325842727 0.28045000000000003 -0.12032359550561793 10.815749438202376 -0.0076601123595505518 0.15205000000000005 0.17515000000000003 0.13615000000000002 0.11585000000000002 -0.040823595505617864 0.11275000000000002 0.029800000000000004 0.021000000000000001 2.8921573033707877 0.0085865168539325815 -0.015913483146067438 0.085450000000000012 15.097140449438145 -2.9207404494382039 0.097850000000000006
decision_type=2 2 2 2 2 2 2 2 2 2 2 2 2 2 2 2 2 2 2 2 2 2
left_child=6 -2 -3 -4 21 -6 10 9 -9 16 12 -12 13 -1 -15 -13 17 -8 -18 20 -10 -5
right_child=1 2 3 4 5 -7 7 8 19 -11 11 15 -14 14 -16 -17 18 -19 -20 -21 -22 -23
leaf_value=-0.0068857303532140869 -0.0089178621481571883 0.0052921798313036554 -0.0072359447370593747 -0.0060599316675215955 0.0033933585599366135 -0.0034030677823991069 0.00058472574417494597 0.012097994177070047 0.0032521414744075047 -0.0055286710915554843 -0.0086940350713065034 0.0038809773121029137 0.0054029660938041549 0.0008991484473010005 -0.0018071369079170935 -0.0033589468151330945 -9.8862509100752715e-05 0.0075165980137223542 -0.0035216799432343641 0.0050369988906789906 -0.0024362660234131042 -0.0033029677420854569
leaf_weight=31 35 36 45 30 68 61 610 35 33 56 52 30 42 387 362 42 425 42 82 33 59 30
leaf_count=31 35 36 45 30 68 61 610 35 33 56 52 30 42 387 362 42 425 42 82 33 59 30
internal_value=0 -0.00231131 -0.00145491 -0.00249292 -0.00136363 0.000179545 -7.93928e-05 0.000425608 0.0034577 2.63209e-05 -0.000813406 -0.00384465 -0.000356139 -0.000666245 -0.000408829 -0.000342312 0.000294724 0.00103126 -0.000652454 0.00103842 -0.000395859 -0.00468145
internal_weight=0 305 270 234 189 129 2321 1375 160 1215 946 124 822 780 749 72 1159 652 507 125 92 60
internal_count=2626 305 270 234 189 129 2321 1375 160 1215 946 124 822 780 749 72 1159 652 507 125 92 60
is_linear=0
shrinkage=0.03


Tree=422
num_leaves=18
num_cat=0
split_feature=3 3 3 1 3 3 13 16 3 14 18 4 4 17 16 18 5
split_gain=1.41577 2.68212 2.52047 9.63347 2.64744 1.9153 1.80408 1.9769 1.31032 1.03887 1.3792 0.772277 0.764274 1.6582 0.761317 0.695024 0.165194
threshold=0.17060000000000003 0.18280000000000005 0.13965000000000002 0.052700000000000004 0.13615000000000002 0.25870000000000004 -3.7259471910112358 -23.968639325842727 0.28045000000000003 0.21468651685393267 4.5000000000000009 0.21385000000000004 0.39680000000000004 -0.018718539325842689 56.153350561797716 4.5000000000000009 0.30245000000000005
decision_type=2 2 2 2 2 2 2 2 2 2 2 2 2 2 2 2 2
left_child=2 11 4 -4 12 9 -7 -8 -9 10 -3 -2 14 -14 15 -1 -16
right_child=1 5 3 -5 -6 6 7 8 -10 -11 -12 -13 13 -15 16 -17 -18
leaf_value=0.00049057398732121145 -0.0043434244817903925 0.0033950551042553029 0.017872754232521403 -0.0038659709019787463 -0.0087513638637028626 -0.0086503264233469945 0.0051334144314751024 -0.0070188666135848803 -0.0013227192809923537 0.0066187404394697615 -0.0040177388801365286 -0.011095407862216234 -0.0082550636125618918 -0.0012390005352237775 0.0049814727641642092 -0.00067701094959809333 0.0018331959368661044
leaf_weight=1037 31 58 32 43 32 35 36 45 189 34 37 30 34 70 30 823 30
leaf_count=1037 31 58 32 43 32 35 36 45 189 34 37 30 34 70 30 823 30
internal_value=0 -0.00177377 7.2603e-06 0.00540922 -0.000189796 -0.00094587 -0.00224197 -0.00141126 -0.00241813 0.00211856 0.000507967 -0.00766407 -5.44348e-05 -0.00255924 8.12423e-05 -2.6051e-05 0.00340733
internal_weight=0 495 2131 75 2056 434 305 270 234 129 95 61 2024 104 1920 1860 60
internal_count=2626 495 2131 75 2056 434 305 270 234 129 95 61 2024 104 1920 1860 60
is_linear=0
shrinkage=0.03


Tree=423
num_leaves=20
num_cat=0
split_feature=3 3 3 3 6 12 3 14 4 18 14 15 14 18 4 17 17 18 5
split_gain=1.3343 2.52361 2.37022 2.49187 1.9812 1.86794 1.8021 1.74545 1.24152 1.76573 1.2138 1.09324 0.977476 1.29769 0.7028 1.57201 0.716323 0.653949 0.155431
threshold=0.17060000000000003 0.18280000000000005 0.13965000000000002 0.13615000000000002 0.028100000000000003 -0.17938202247190735 0.25870000000000004 0.28045730337078673 0.30165000000000003 4.5000000000000009 -0.11695393258426963 10.523291011235957 0.21468651685393267 4.5000000000000009 0.39680000000000004 -0.018718539325842689 -0.061394382022471876 4.5000000000000009 0.30245000000000005
decision_type=2 2 2 2 2 2 2 2 2 2 2 2 2 2 2 2 2 2 2
left_child=2 4 3 14 -2 -4 12 8 9 -8 -10 -9 13 -3 16 -16 18 -18 -1
right_child=1 6 5 -5 -6 -7 7 11 10 -11 -12 -13 -14 -15 15 -17 17 -19 -20
leaf_value=0.0048320285342633718 -0.012930067992303521 0.0032932033998377881 -0.00024127772645442746 -0.008488823014777153 -0.0021155194289261292 0.0093311985677411394 -0.00029305020912180331 -0.0030664572066494396 -0.0051385882046498079 0.0066592061456425908 -0.00029305020912180331 -0.010493816493018981 0.0064201781344052191 -0.0038972066685154633 -0.0080074119195342065 -0.0011872285307984543 0.00047585678169551065 -0.0006567006442966878 0.001778200026601553
leaf_weight=30 30 58 32 32 31 43 43 42 79 42 68 31 34 37 34 70 1037 823 30
leaf_count=30 30 58 32 32 31 43 43 42 79 42 68 31 34 37 34 70 1037 823 30
internal_value=0 -0.00172056 8.46774e-06 -0.000182624 -0.00743415 0.00524694 -0.000917494 -0.00217471 -0.000901672 0.00198437 -0.00257047 -0.00622054 0.002055 0.000492728 -5.13012e-05 -0.00245326 7.88051e-05 -2.52694e-05 0.00330511
internal_weight=0 495 2131 2056 61 75 434 305 232 85 147 73 129 95 2024 104 1920 1860 60
internal_count=2626 495 2131 2056 61 75 434 305 232 85 147 73 129 95 2024 104 1920 1860 60
is_linear=0
shrinkage=0.03


Tree=424
num_leaves=27
num_cat=0
split_feature=3 17 5 3 3 3 12 13 3 3 4 14 12 12 17 3 4 3 3 8 3 3 6 3 8 12
split_gain=1.26582 1.15151 0.893251 2.1592 1.25104 3.81189 1.3036 1.13955 0.98528 0.838444 0.668696 0.683346 0.566327 1.32374 1.91127 0.985006 1.06304 0.537109 0.511833 0.505539 0.477774 0.329128 0.771308 0.467457 0.233339 0.158664
threshold=0.06795000000000001 -0.023925842696629198 0.31285000000000002 0.092400000000000024 0.15205000000000005 0.19675000000000001 -0.82332752808988896 -3.7709471910112358 0.085450000000000012 0.077300000000000021 0.32190000000000007 0.40500112359550566 0.31202921348314488 -0.77568426966292126 0.016777528089887642 0.039250000000000007 0.12835000000000002 0.11275000000000002 0.11670000000000001 0.19110000000000002 0.015200000000000002 0.011100000000000002 1.0000000180025095e-35 0.018950000000000005 0.18970000000000001 1.1752595505617995
decision_type=2 2 2 2 2 2 2 2 2 2 2 2 2 2 2 2 2 2 2 2 2 2 2 2 2 2
left_child=10 18 4 -4 8 -6 -7 -5 9 -3 11 12 13 19 -15 20 -17 -9 -2 -1 -14 22 -13 -23 -24 -25
right_child=1 2 3 7 5 6 -8 17 -10 -11 -12 21 15 14 -16 16 -18 -19 -20 -21 -22 23 24 25 -26 -27
leaf_value=0.00011651235843773044 -0.001887866250154647 -0.0007594689390950126 -0.0084575235585753732 -0.0056355444955356101 0.0095890309062340983 0.0053041252924595026 -0.0007594689390950126 -0.0037621901440434155 -0.0007594689390950126 0.004951791932724197 -0.003282758483385786 -0.0014658258906031713 8.1864090927410865e-06 0.00082146525796161188 0.0063425819064991977 0.0049909044988453383 -0.0014658258906031713 -0.0007594689390950126 -0.0068805547777031151 -0.0014658258906031713 -0.0014658258906031713 0.0057974498920344017 0.0042636030291517578 0.0028546985238790509 0.00084791130231072508 7.8399577760137617e-05
leaf_weight=254 33 42 39 46 46 32 86 54 204 51 47 30 200 428 65 48 33 400 42 138 123 37 36 44 36 32
leaf_count=254 33 42 39 46 46 32 86 54 204 51 47 30 200 428 65 48 33 400 42 138 123 37 36 44 36 32
internal_value=0 -0.00109851 -0.000829619 -0.00165883 0.00013989 0.00226363 -0.000592035 -0.00112853 -0.000759469 0.0023668 0.00024099 0.000351107 8.99445e-05 0.000514806 0.0015494 -0.000840755 0.00212489 -0.000759469 -0.00468377 -0.000786356 -0.00146583 0.00191687 0.00068142 0.00303205 0.00255576 0.00168573
internal_weight=0 1075 1000 539 461 164 118 500 297 93 1551 1504 1289 885 493 404 81 454 75 392 323 215 102 113 72 76
internal_count=2626 1075 1000 539 461 164 118 500 297 93 1551 1504 1289 885 493 404 81 454 75 392 323 215 102 113 72 76
is_linear=0
shrinkage=0.03


Tree=425
num_leaves=12
num_cat=0
split_feature=8 2 16 3 13 3 3 1 3 3 13
split_gain=1.02038 0.733037 0.715139 0.516785 0.911537 0.444474 0.65893 0.572943 0.526786 0.567129 0.260001
threshold=0.14055000000000004 0.27755000000000002 9.7684449438202154 0.00065000000000000008 -0.51036011235955125 0.0016000000000000001 0.0025500000000000006 0.035150000000000008 0.0032500000000000007 0.0064500000000000009 1.5700202247191017
decision_type=2 2 2 2 2 2 2 2 2 2 2
left_child=1 2 -1 4 -2 7 10 -5 -8 -10 -7
right_child=3 -3 -4 5 -6 6 8 -9 9 -11 -12
leaf_value=0.0033078988492283609 0.0011972978452897884 0.0014884451852207824 0.0085182638384867452 0.0014884451852207824 -0.0056180623163910289 -0.0039503260597358548 0.0014884451852207824 -0.0021014212671434506 -0.0016112603806842732 0.0002033373827515405 -0.00064375073967599548
leaf_weight=36 33 52 32 59 38 49 45 44 168 2005 38
leaf_count=36 33 52 32 59 38 49 45 44 168 2005 38
internal_value=0 0.00290472 0.00512735 7.21742e-05 -0.00245036 0.000146551 5.50259e-05 0.00148845 0.000155484 6.30463e-05 -0.00250607
internal_weight=0 120 68 2479 71 2408 2305 103 2218 2173 87
internal_count=2599 120 68 2479 71 2408 2305 103 2218 2173 87
is_linear=0
shrinkage=0.03


Tree=426
num_leaves=28
num_cat=0
split_feature=14 7 17 16 3 15 17 17 7 3 14 5 3 4 16 3 3 7 5 4 14 16 14 3 4 17 17
split_gain=0.595831 1.88268 1.8199 1.06745 1.04344 1.1742 0.750617 1.64426 0.951994 2.66569 3.30398 0.8215 1.33208 0.926153 0.638323 0.461197 0.945308 0.389613 0.938017 0.86424 0.645227 0.291824 0.237236 0.226948 0.159207 0.0685755 0.0454182
threshold=-0.18595393258426959 -0.42994999999999994 -0.017054494382022441 32.570215730337061 0.078850000000000017 8.9967910112359579 0.0081797752808988895 0.01028539325842698 -0.38239999999999991 0.17060000000000003 -0.0018685393258426883 0.35940000000000005 0.28045000000000003 0.46985000000000005 14.639140449438118 0.11425 0.06795000000000001 -0.34104999999999996 0.31340000000000007 0.10385000000000001 0.24095730337078661 -23.769555056179737 -0.14745393258426964 0.018650000000000003 0.077550000000000022 -0.012824157303370802 -0.022824157303370781
decision_type=2 2 2 2 2 2 2 2 2 2 2 2 2 2 2 2 2 2 2 2 2 2 2 2 2 2 2
left_child=1 25 -3 4 14 -6 8 -8 11 15 -11 12 13 -2 -4 16 -10 18 21 20 -19 -9 -13 -5 -20 -1 -24
right_child=6 2 3 23 5 -7 7 17 9 10 -12 22 -14 -15 -16 -17 -18 19 24 -21 -22 -23 26 -25 -26 -27 -28
leaf_value=0.005144388328772038 0.0076000316259229456 -0.0085369015559554097 -0.004392338845540176 -0.00068160520400851966 -0.0075989438245072961 -0.0010973100311122835 0.0061566097063845701 0.0029059061571024354 -4.0016665069881624e-05 -0.011389816760756942 0.00036229747462030359 0.0015640769746751988 0.0015640769746751988 0.0015680676271828513 0.00018060218425689084 0.00036229747462030359 -0.0030176534993586607 0.00093126774315300132 0.0028450343781236597 -0.0040571253177208401 -0.0012250772099378082 0.0068433077260851858 0.0015640769746751988 0.0013890862117212619 0.00093126774315300132 0.0031479043369181453 0.00036229747462030359
leaf_weight=32 63 30 33 48 50 50 57 36 708 43 42 37 83 36 164 107 111 156 43 39 128 32 40 72 126 30 203
leaf_count=32 63 30 33 48 50 50 57 36 708 43 42 37 83 36 164 107 111 156 43 39 128 32 40 72 126 30 203
internal_value=0 -0.00072067 -0.00140018 -0.000886742 -0.00185233 -0.00434813 0.00042393 0.00130238 5.59722e-05 -0.000459592 -0.00554407 0.00118419 0.00276586 0.00540659 -0.000585423 7.12618e-06 -0.000443579 0.000808287 0.00173207 0.000130463 0.00070552 0.0047588 0.000362297 0.00138909 0.000931268 0.00417835 0.000362297
internal_weight=0 509 447 417 297 100 2090 617 1473 1011 85 462 182 99 197 926 819 560 237 323 284 68 280 120 169 62 243
internal_count=2599 509 447 417 297 100 2090 617 1473 1011 85 462 182 99 197 926 819 560 237 323 284 68 280 120 169 62 243
is_linear=0
shrinkage=0.03


Tree=427
num_leaves=18
num_cat=0
split_feature=8 15 17 14 8 14 17 7 5 15 15 7 1 7 12 7 14
split_gain=0.940804 1.02399 0.460173 0.437332 0.799236 2.53718 0.733301 1.08265 0.874878 0.777539 0.528302 0.337967 0.307284 0.293285 0.261104 0.185387 0.122194
threshold=0.14055000000000004 -31.911850561797731 -0.0053241573033707959 -0.18595393258426959 0.17830000000000004 -0.27054269662921332 0.0081797752808988895 -0.38239999999999991 0.31235000000000007 -1.6509589887640448 -0.20636685393258422 -0.34744999999999998 0.052700000000000004 -0.29994999999999994 0.47002921348314436 -0.41994999999999999 -0.12895393258426963
decision_type=2 2 2 2 2 2 2 2 2 2 2 2 2 2 2 2 2
left_child=2 -2 16 4 14 12 7 10 -9 11 -5 -8 -6 -11 15 -3 -1
right_child=1 3 -4 6 5 -7 9 8 -10 13 -12 -13 -14 -15 -16 -17 -18
leaf_value=0.0032559061897071925 -0.0053477686391242086 0.0014303660865232068 0.005322002003501569 0.0014303660865232068 -3.8755840382443496e-05 -0.0071647917113371248 0.00029010098945582283 -0.00010429739134811699 -0.0022278538317490448 0.0014303660865232068 0.00027871767621231156 -0.0041420888728657696 -0.001792496082798994 -6.4596668299701473e-07 0.0014303660865232068 -3.8755840382443496e-05 0.0014303660865232068
leaf_weight=33 31 30 42 292 178 58 30 725 230 399 155 32 94 135 52 38 45
leaf_count=33 31 30 42 292 178 58 30 725 230 399 155 32 94 135 52 38 45
internal_value=0 7.04409e-05 0.00279029 0.000139054 -0.000705861 -0.00146827 0.00032935 -4.5376e-05 -0.00061573 0.00121084 0.00117317 -0.00199748 -0.000253566 0.00143037 0.00139075 -3.87558e-05 0.00143037
internal_weight=0 2479 120 2448 450 330 1998 1402 955 596 447 62 272 534 120 68 78
internal_count=2599 2479 120 2448 450 330 1998 1402 955 596 447 62 272 534 120 68 78
is_linear=0
shrinkage=0.03


Tree=428
num_leaves=12
num_cat=0
split_feature=3 13 3 5 14 3 3 3 3 4 13
split_gain=0.54154 0.858493 0.447586 1.08798 1.04103 0.682212 0.950264 0.619383 1.45179 0.489021 0.245568
threshold=0.00065000000000000008 -0.51036011235955125 0.0016000000000000001 0.18955000000000002 -0.10782359550561792 0.0025500000000000006 0.0032500000000000007 0.0064500000000000009 0.0070500000000000007 0.030100000000000005 1.5700202247191017
decision_type=2 2 2 2 2 2 2 2 2 2 2
left_child=1 -1 3 -2 -5 10 -7 9 -9 -8 -4
right_child=2 -3 5 4 -6 6 7 8 -10 -11 -12
leaf_value=0.0011511000032028689 0.0069035622943192715 -0.0054629890669725444 -0.003826605881165181 0.0035425303907444081 -0.0029129479439663035 0.0045998826213181016 -3.083869738352558e-05 0.0068892227085307232 0.00024260833841717415 -0.0032737197921776412 -0.00061311396157467046
leaf_weight=33 31 38 49 30 42 45 89 30 2095 79 38
leaf_count=33 31 38 49 30 42 45 89 30 2095 79 38
internal_value=0 -0.00238883 0.000267739 0.00220464 0.000181498 0.00018547 0.000282535 0.000197808 0.000336443 -0.00155576 -0.00242301
internal_weight=0 71 2528 103 72 2425 2338 2293 2125 168 87
internal_count=2599 71 2528 103 72 2425 2338 2293 2125 168 87
is_linear=0
shrinkage=0.03


Tree=429
num_leaves=18
num_cat=0
split_feature=8 15 2 15 14 7 14 17 7 4 15 5 15 0 7 8 7
split_gain=0.869854 0.963 0.676147 0.930097 0.408075 0.771479 1.72842 0.70186 1.03058 0.86681 0.73387 0.561254 0.504244 0.468354 0.314381 0.273433 0.27196
threshold=0.14055000000000004 -31.911850561797731 0.27755000000000002 -0.63070898876404413 -0.18595393258426959 -0.34939999999999999 -0.27054269662921332 0.0081797752808988895 -0.38239999999999991 0.10385000000000001 -1.6509589887640448 0.28385000000000005 -0.20636685393258422 0.41815000000000008 -0.34744999999999998 0.17230000000000004 -0.29994999999999994
decision_type=2 2 2 2 2 2 2 2 2 2 2 2 2 2 2 2 2
left_child=2 -2 3 -1 5 13 11 8 12 -10 14 -7 -6 15 -9 -3 -12
right_child=1 4 -4 -5 7 6 -8 10 9 -11 16 -13 -14 -15 -16 -17 -18
leaf_value=0.0085586103496274775 -0.0051854798269848667 0.00047175072188593818 0.0013765373092016102 0.003106170877449028 0.0013765373092016102 -0.00043303586542973375 -0.0070648723227592801 0.00026350181992165745 -0.00011810488830865379 -0.0022856533397631021 0.0013765373092016102 -0.0038874281390277711 0.00026885229047781268 0.0013765373092016102 -0.0040112389835121574 -0.00043303586542973375 -1.0736740401221646e-05
leaf_weight=35 31 64 52 33 292 181 45 30 741 214 399 43 155 58 32 59 135
leaf_count=35 31 64 52 33 292 181 45 30 741 214 399 43 155 58 32 59 135
internal_value=0 6.88955e-05 0.00268418 0.0048358 0.000135434 -0.000680729 -0.00169965 0.000319254 -4.73504e-05 -0.000603817 0.00118164 -0.000621815 0.00114152 0.000833578 -0.00194282 -0.000433036 0.00137654
internal_weight=0 2479 120 68 2448 450 269 1998 1402 955 596 224 447 181 62 123 534
internal_count=2599 2479 120 68 2448 450 269 1998 1402 955 596 224 447 181 62 123 534
is_linear=0
shrinkage=0.03


Tree=430
num_leaves=13
num_cat=0
split_feature=15 3 3 4 17 15 3 15 3 17 15 12
split_gain=0.708014 0.598908 0.588856 0.661576 0.668963 0.589788 0.738975 0.669277 0.571709 0.638901 0.342555 0.148846
threshold=-42.048850561797742 0.00090000000000000008 0.0014500000000000001 0.0087500000000000026 0.014679775280898895 -21.139350561797738 0.030300000000000004 -6.3738668539325838 0.00040000000000000002 0.0022775280898876264 -1.6509589887640448 0.076716853932586218
decision_type=2 2 2 2 2 2 2 2 2 2 2 2
left_child=-1 8 10 4 11 6 -5 -7 9 -2 -3 -4
right_child=1 2 3 5 -6 7 -8 -9 -10 -11 -12 -13
leaf_value=0.0039072842473113862 0.0033778676641668423 -0.0054056669809506271 0.00075445751158878895 0.00047259713290259242 0.0054774125359322431 0.00032527163768845214 -0.0055189844064774327 -0.0007278995861968022 0.0054188771617989379 -0.0027160714063793421 -0.00094348980858922004 0.0025068182935533314
leaf_weight=37 32 32 38 32 34 901 44 1367 31 30 30 46
leaf_count=37 32 32 38 32 34 901 44 1367 31 30 30 46
internal_value=0 -0.000271883 -0.000358999 -0.000286283 0.00190554 -0.000396622 -0.00299621 -0.00030951 0.00209242 0.000429187 -0.00324655 0.000754458
internal_weight=0 2617 2524 2462 118 2344 76 2268 93 62 62 84
internal_count=2654 2617 2524 2462 118 2344 76 2268 93 62 62 84
is_linear=0
shrinkage=0.03


Tree=431
num_leaves=13
num_cat=0
split_feature=15 3 3 7 4 17 7 3 5 3 17 12
split_gain=0.666567 0.564107 0.55356 0.770241 0.607632 0.637968 0.630179 1.48004 1.42602 0.537921 0.601142 0.141037
threshold=-42.048850561797742 0.00090000000000000008 0.0014500000000000001 -0.27924999999999994 0.0087500000000000026 0.014679775280898895 -0.3088499999999999 0.06795000000000001 0.26625000000000004 0.00040000000000000002 0.0022775280898876264 0.076716853932586218
decision_type=2 2 2 2 2 2 2 2 2 2 2 2
left_child=-1 9 3 -3 5 11 7 -6 -8 10 -2 -4
right_child=1 2 4 -5 6 -7 8 -9 -10 -11 -12 -13
leaf_value=0.0037900657539029379 0.0032765316721634005 8.8455860277463218e-05 0.00071843033540690325 -0.006602601553779096 0.00071843033540690325 0.00531309011282728 -0.0007602101953960394 -0.00071403519930960204 -0.0058281561562242646 0.0052563109969900506 -0.0026345892362296579 0.0024316137531043393
leaf_weight=37 32 32 38 30 779 34 464 1045 56 31 30 46
leaf_count=37 32 32 38 30 779 34 464 1045 56 31 30 46
internal_value=0 -0.000264935 -0.000349482 -0.00314915 -0.000278978 0.00182158 -0.000384723 -0.000122081 -0.00130599 0.00202964 0.000416312 0.00071843
internal_weight=0 2617 2524 62 2462 118 2344 1824 520 93 62 84
internal_count=2654 2617 2524 62 2462 118 2344 1824 520 93 62 84
is_linear=0
shrinkage=0.03


Tree=432
num_leaves=11
num_cat=0
split_feature=15 3 3 7 3 15 3 13 13 14
split_gain=0.627689 0.531539 0.520202 0.72472 0.50613 0.492922 0.477071 1.78676 0.728124 0.220399
threshold=-42.048850561797742 0.00090000000000000008 0.0014500000000000001 -0.27924999999999994 0.00040000000000000002 30.472062359550563 0.35670000000000007 -0.47297977528089769 -3.7259471910112358 0.0050865168539325776
decision_type=2 2 2 2 2 2 2 2 2 2
left_child=-1 4 3 -3 9 6 8 -8 -4 -2
right_child=1 2 5 -5 -6 -7 7 -9 -10 -11
leaf_value=0.0036763637603537454 -0.001328051722375676 8.5802166977373419e-05 0.001663951955564124 -0.0064045233743963764 0.0050986215712562682 -0.0030547306573550617 -0.0064098691166739677 0.0012553035706702258 -0.00027520205861349058 0.002251154875382781
leaf_weight=37 32 32 190 30 31 56 49 62 2105 30
leaf_count=37 32 32 190 30 31 56 49 62 2105 30
internal_value=0 -0.000258603 -0.000340673 -0.00305468 0.00196876 -0.000272327 -0.000207566 -0.00212842 -0.000114662 0.000403822
internal_weight=0 2617 2524 62 93 2462 2406 111 2295 62
internal_count=2654 2617 2524 62 93 2462 2406 111 2295 62
is_linear=0
shrinkage=0.03


Tree=433
num_leaves=17
num_cat=0
split_feature=15 4 1 8 1 17 7 14 1 13 16 18 16 14 15 14
split_gain=0.590592 0.36303 1.12569 1.06745 0.850164 0.897202 0.850024 0.544271 0.633962 0.48331 0.450654 1.04255 0.393967 0.378838 0.15455 0.153781
threshold=-42.048850561797742 0.27505000000000007 0.38980000000000009 0.17405000000000004 0.56910000000000005 -0.011820224719101128 -0.32039999999999996 0.40500112359550566 0.10295000000000001 3.403520224719101 -22.692750561797705 3.5000000000000004 32.123080898876317 -0.36331348314606732 -21.139350561797738 0.48391573033707874
decision_type=2 2 2 2 2 2 2 2 2 2 2 2 2 2 2 2
left_child=-1 3 7 4 5 9 -7 10 -9 -2 11 -3 13 -5 -14 -15
right_child=1 2 -4 12 -6 6 -8 8 -10 -11 -12 -13 14 15 -16 -17
leaf_value=0.0035660726456223308 0.0017488209321661573 -0.00048206950064255574 -0.0063768719189101824 0.00061862472966391817 0.00061862472966391817 0.0076881918843047549 0.0017488209321661573 -0.00048206950064255574 -0.0034842480003277549 0.005576051480602473 -0.00048206950064255574 -0.0034842480003277549 -0.00048206950064255574 -0.00048206950064255574 0.00061862472966391817 0.00061862472966391817
leaf_weight=37 91 61 32 53 97 52 30 43 33 32 313 110 37 1404 181 48
leaf_count=37 91 61 32 53 97 52 30 43 33 32 313 110 37 1404 181 48
internal_value=0 -0.000250845 -0.00090434 -5.97988e-05 0.00158541 0.00287902 0.00536001 -0.000591624 -0.00303819 0.00174882 -0.00048207 -0.00208996 -0.000348165 -0.00048207 0.000618625 -0.00048207
internal_weight=0 2617 592 2025 302 205 82 560 76 123 484 171 1723 1505 218 1452
internal_count=2654 2617 592 2025 302 205 82 560 76 123 484 171 1723 1505 218 1452
is_linear=0
shrinkage=0.03


Tree=434
num_leaves=17
num_cat=0
split_feature=7 0 2 3 3 4 3 12 18 3 13 3 3 3 17 1
split_gain=0.288827 1.75341 0.778169 0.746099 1.99729 0.622731 0.717606 0.587572 0.310007 0.513528 0.308859 0.278317 0.734433 0.193683 0.0810256 0.0271275
threshold=-0.31149999999999994 0.82840000000000014 0.27755000000000002 0.15055000000000004 0.11370000000000001 0.075700000000000003 0.052800000000000007 1.1752595505617995 4.5000000000000009 0.023950000000000003 2.0786573033707865 0.014400000000000001 0.0096500000000000023 0.00065000000000000008 0.039179775280898867 0.062400000000000004
decision_type=2 2 2 2 2 2 2 2 2 2 2 2 2 2 2 2
left_child=1 3 8 4 5 6 -1 -6 13 11 -11 12 -10 -2 -7 -15
right_child=2 -3 -4 -5 7 14 -8 -9 9 10 -12 -13 -14 15 -16 -17
leaf_value=0.00032009900401420662 -0.0028460844568394834 0.0051582172557968512 -0.0052288316797239531 -0.00030403882969719243 0.0025063893139765426 -0.00030403882969719243 0.0025063893139765426 -0.00030403882969719243 -0.00034220555183572408 -0.00030403882969719243 -0.0028460844568394834 -0.00030403882969719243 -0.0028460844568394834 -0.00030403882969719243 0.00028526059961916261 -0.0016296306980121147
leaf_weight=373 35 58 32 512 181 511 54 37 177 40 35 77 46 313 46 127
leaf_count=373 35 58 32 512 181 511 54 37 177 40 35 77 46 313 46 127
internal_value=0 2.81573e-05 -0.000636235 -0.000145439 0.000467007 -0.000121783 0.00087456 0.00250639 -0.000463337 -0.00119932 -0.00284608 -0.000625644 -0.0014276 -0.000304039 -0.000304039 -0.000304039
internal_weight=0 1772 882 1714 1202 984 427 218 850 375 75 300 223 475 557 440
internal_count=2654 1772 882 1714 1202 984 427 218 850 375 75 300 223 475 557 440
is_linear=0
shrinkage=0.03


Tree=435
num_leaves=15
num_cat=0
split_feature=17 7 3 3 15 5 14 0 3 3 17 17 3 15
split_gain=0.94734 1.41184 1.68695 0.593466 0.520759 1.37867 0.368353 0.577904 0.409156 1.12094 0.594576 0.554539 0.764968 0.742244
threshold=-0.035660112359550529 -0.41994999999999999 0.075750000000000012 0.011450000000000002 -23.788350561797738 0.31805000000000005 -0.43491348314606731 0.51890000000000003 0.36100000000000004 0.4935500000000001 0.0022775280898876264 0.016777528089887642 0.029650000000000003 0.75510674157303381
decision_type=2 2 2 2 2 2 2 2 2 2 2 2 2 2
left_child=1 -1 3 -3 5 -2 7 -6 11 10 -10 13 -13 -8
right_child=4 2 -4 -5 6 -7 8 -9 9 -11 -12 12 -14 -15
leaf_value=0.0080570712278131389 0.001514481404110005 0.00050691235969266431 -0.0043066570579417436 0.0045502714183852213 2.4519821533679284e-05 -0.006738058927602002 0.00013002508716497129 0.0054243239369243385 -0.0013597502977188145 0.0029543078732676802 -0.0070650965053467981 -0.00024178425150335228 0.0020300807749394903 -0.0017057173772608738
leaf_weight=32 38 44 38 52 44 35 1435 30 35 30 31 247 290 230
leaf_count=32 38 44 38 52 44 35 1435 30 35 30 31 247 290 230
internal_value=0 0.00239549 0.00104347 0.00316123 5.35053e-05 -0.00244222 0.000130313 0.00221363 6.32262e-05 -0.00185396 -0.00403953 0.000146809 0.000985107 -0.000123561
internal_weight=0 166 134 96 2445 73 2372 74 2298 96 66 2202 537 1665
internal_count=2611 166 134 96 2445 73 2372 74 2298 96 66 2202 537 1665
is_linear=0
shrinkage=0.03


Tree=436
num_leaves=17
num_cat=0
split_feature=17 7 3 3 4 18 3 16 8 1 16 3 3 12 3 12
split_gain=0.897683 1.32451 1.59336 0.562867 0.389586 1.22773 1.05149 0.755982 0.632308 0.89618 1.07455 0.548769 0.486855 0.393642 0.178422 0.0563162
threshold=-0.035660112359550529 -0.41994999999999999 0.075750000000000012 0.011450000000000002 0.30165000000000003 5.5000000000000009 0.41800000000000009 -54.493149438202259 0.17830000000000004 0.22890000000000002 23.844249438202329 0.077300000000000021 0.11425 1.0092595505617992 0.0032500000000000007 0.2500292134831455
decision_type=2 2 2 2 2 2 2 2 2 2 2 2 2 2 2 2
left_child=1 -1 3 -3 7 6 11 -2 9 10 -9 -6 14 -11 -10 -14
right_child=4 2 -4 -5 5 -7 -8 8 12 13 -12 -13 15 -15 -16 -17
leaf_value=0.0078153588913846758 0.0039993668648790805 0.00049170497180470684 -0.0041774574980924005 0.0044187512030953594 -0.0043657619397466383 -0.0050206299895807259 -0.0051011046550702302 0.0019096475470311749 0.00048289193931720154 0.00048289193931720154 0.0078026041356580597 -0.00023393842184721831 0.00048289193931720154 0.0019096475470311749 -0.00023393842184721831 -0.00023393842184721831
leaf_weight=32 47 44 38 52 36 53 40 87 260 258 35 357 179 76 900 117
leaf_count=32 47 44 38 52 36 53 40 87 260 258 35 357 179 76 900 117
internal_value=0 0.00233168 0.00102214 0.00308032 5.19002e-05 -0.000708396 -0.000233938 0.000240519 0.00014812 0.00112298 0.0033364 -0.000233938 -0.000157192 0.000482892 -0.000233938 0.000482892
internal_weight=0 166 134 96 2445 486 433 1959 1912 456 122 393 1456 334 1160 296
internal_count=2611 166 134 96 2445 486 433 1959 1912 456 122 393 1456 334 1160 296
is_linear=0
shrinkage=0.03


Tree=437
num_leaves=17
num_cat=0
split_feature=17 7 3 3 14 0 17 14 3 3 14 17 5 3 8 3
split_gain=0.85107 1.24248 1.5051 0.533902 0.36706 0.544643 0.474817 1.71829 2.16023 0.898323 1.90041 1.80307 0.623776 0.587605 1.62752 0.928193
threshold=-0.035660112359550529 -0.41994999999999999 0.075750000000000012 0.011450000000000002 -0.43491348314606731 0.51890000000000003 -0.012218539325842713 -0.14745393258426964 0.023950000000000003 0.35670000000000007 -0.17132359550561785 -0.0083202247191011252 0.31235000000000007 0.011100000000000002 0.18370000000000003 0.016050000000000005
decision_type=2 2 2 2 2 2 2 2 2 2 2 2 2 2 2 2
left_child=1 -1 3 -3 5 -2 7 8 -6 11 -11 -8 -13 14 -9 -15
right_child=4 2 -4 -5 6 -7 9 13 -10 10 -12 12 -14 15 -16 -17
leaf_value=0.0075808982038870452 5.412887654859911e-06 0.00047695386869070884 -0.0040521337464451785 0.0042911477348117379 0.00087517926469445225 0.0052475215105805542 0.0077255330085754395 0.00059857931494943601 -0.0088464445411227648 0.0033483552802354094 -0.0060383209495551201 0.00069702258892066305 -0.00064110715446943705 0.0044622538667982038 -0.0053026769035009304 -1.2208901118603275e-05
leaf_weight=32 44 44 38 52 36 30 30 113 48 30 55 1050 447 46 67 449
leaf_count=32 44 44 38 52 36 30 30 113 48 30 55 1050 447 46 67 449
internal_value=0 0.00226973 0.0010014 0.00300175 4.99349e-05 0.00213059 -1.50034e-05 -0.000633703 -0.00468003 0.000276308 -0.00272538 0.000443395 0.000297461 -0.00013016 -0.001598 0.0004036
internal_weight=0 166 134 96 2445 74 2371 759 84 1612 85 1527 1497 675 180 495
internal_count=2611 166 134 96 2445 74 2371 759 84 1612 85 1527 1497 675 180 495
is_linear=0
shrinkage=0.03


Tree=438
num_leaves=12
num_cat=0
split_feature=17 7 3 3 15 3 3 3 3 3 16
split_gain=0.806703 1.16544 1.42185 0.506481 0.44095 0.756952 0.361775 0.686637 1.57717 0.62527 0.274478
threshold=-0.035660112359550529 -0.41994999999999999 0.075750000000000012 0.011450000000000002 -23.788350561797738 0.023950000000000003 0.00090000000000000008 0.0014500000000000001 0.0016000000000000001 0.0059500000000000013 -9.9194191011236494
decision_type=2 2 2 2 2 2 2 2 2 2 2
left_child=1 -1 3 -3 5 -2 10 -8 -9 -10 -6
right_child=4 2 -4 -5 6 -7 7 8 9 -11 -12
leaf_value=0.0073534712358377871 0.00084892387191454568 0.00046264520719308742 -0.003930569698936061 0.0041673434303670341 0.0040978516055537118 -0.0052614085446741126 -0.0031441231304089046 0.0069669560315087434 -0.0014209300773713658 0.00021627931718658011 0.00053802785590629685
leaf_weight=32 36 44 38 52 35 37 59 30 235 1969 44
leaf_count=32 36 44 38 52 35 37 59 30 235 1969 44
internal_value=0 0.0022096 0.000981216 0.00292546 4.84368e-05 -0.00224809 0.000119114 5.03449e-05 0.000134711 4.1713e-05 0.00211516
internal_weight=0 166 134 96 2445 73 2372 2293 2234 2204 79
internal_count=2611 166 134 96 2445 73 2372 2293 2234 2204 79
is_linear=0
shrinkage=0.03


Tree=439
num_leaves=13
num_cat=0
split_feature=17 3 0 4 3 3 3 3 8 17 16 12
split_gain=0.764768 1.13184 1.00857 0.458034 0.33893 0.526686 1.77193 0.373957 0.547215 0.491745 0.279352 3.57553e-05
threshold=-0.035660112359550529 0.088700000000000015 0.42035000000000006 0.020150000000000005 0.00090000000000000008 0.0014500000000000001 0.0016000000000000001 0.0064500000000000009 0.18520000000000003 -0.022824157303370781 -9.9194191011236494 0.05071685393258641
decision_type=2 2 2 2 2 2 2 2 2 2 2 2
left_child=1 2 -1 -4 10 11 -7 8 -8 -9 -2 -6
right_child=4 -3 3 -5 5 6 7 9 -10 -11 -12 -13
leaf_value=-0.0043230381980538368 0.0039749161719477601 0.0055768222851972828 0.0050575794377364222 0.00035078853587334861 -0.0027700860293116418 0.0071778392443253144 0.00040515755699016152 -0.0025330447165235396 -0.002325118706390566 0.00018097294320695154 0.00041838372328683085 -0.0028164036113303152
leaf_weight=30 35 57 30 49 30 31 120 62 147 1944 46 30
leaf_count=30 35 57 30 49 30 31 120 62 147 1944 46 30
internal_value=0 0.00215123 0.000359861 0.00213818 4.69837e-05 -1.83979e-05 5.38638e-05 -4.32956e-05 -0.00109803 9.709e-05 0.00195516 -0.00279324
internal_weight=0 166 109 79 2445 2364 2304 2273 267 2006 81 60
internal_count=2611 166 109 79 2445 2364 2304 2273 267 2006 81 60
is_linear=0
shrinkage=0.03


Tree=440
num_leaves=15
num_cat=0
split_feature=13 3 0 15 3 14 3 2 3 13 3 8 16 13
split_gain=1.16892 0.637683 1.87806 1.25662 1.16143 1.33369 0.99197 1.17938 0.827852 0.810525 1.3978 1.12295 0.75769 0.602371
threshold=5.2250528089887647 0.039250000000000007 0.090150000000000008 -6.4344589887640451 0.042750000000000003 -0.27054269662921332 0.046950000000000013 0.00055000000000000003 0.036800000000000006 2.8250528089887639 0.030300000000000004 0.17830000000000004 32.570215730337061 2.5704061797752815
decision_type=2 2 2 2 2 2 2 2 2 2 2 2 2 2
left_child=1 2 3 -1 -3 12 -7 -8 9 10 -4 -11 13 -6
right_child=-2 4 8 -5 5 6 7 -9 -10 11 -12 -13 -14 -15
leaf_value=-0.0099071132079247507 0.0047388133523054415 0.0046257864271194256 0.00015428177180069194 -0.0027745146255188122 0.0025644698352755412 -0.0040933292892037162 0.00051414073075705096 -0.0023208033796981906 -0.0027745146255188122 0.001742241701850777 0.0059611447442036404 -0.0027745146255188122 0.0059319573264245105 -0.0019807825825067563
leaf_weight=31 48 58 860 36 115 54 861 156 56 68 39 178 46 34
leaf_count=31 48 58 860 36 115 54 861 156 56 68 39 178 46 34
internal_value=0 1.40727e-05 -0.000466756 -0.00535497 0.000474564 0.000284382 -0.000131102 7.9282e-05 -0.000194058 -1.13392e-05 0.000406192 -0.0015372 0.00256635 0.0015273
internal_weight=0 2592 1268 67 1324 1266 1071 1017 1201 1145 899 246 195 149
internal_count=2640 2592 1268 67 1324 1266 1071 1017 1201 1145 899 246 195 149
is_linear=0
shrinkage=0.03


Tree=441
num_leaves=15
num_cat=0
split_feature=13 3 3 15 14 3 3 14 2 3 3 3 16 1
split_gain=1.09995 0.600594 1.51599 1.21744 1.11613 1.09279 1.26259 1.23007 1.10968 0.895515 2.06686 1.28056 0.58099 0.279022
threshold=5.2250528089887647 0.039250000000000007 0.035050000000000005 -23.788350561797738 1.0000000180025095e-35 0.042750000000000003 0.046950000000000013 -0.27054269662921332 0.00055000000000000003 0.023950000000000003 0.028200000000000006 0.021000000000000001 32.570215730337061 0.56910000000000005
decision_type=2 2 2 2 2 2 2 2 2 2 2 2 2 2
left_child=1 2 3 -1 -4 -3 13 12 -9 11 -11 -5 -8 -7
right_child=-2 5 4 9 -6 6 7 8 -10 10 -12 -13 -14 -15
leaf_value=-0.0045192184219402919 0.0045966487587429583 0.0044870128435211196 -0.0086362305252388229 -6.7590217278125974e-05 -0.0011067154303797194 -0.0019389726019148985 0.0018101482182933852 0.00049871649941853773 -0.0022511793270062366 0.0077352925727880266 -0.00023209503487400386 -0.0053012560005961194 0.0057808401903440779 -0.0059974570984486488
leaf_weight=56 48 58 34 962 37 31 145 861 156 43 92 44 43 30
leaf_count=56 48 58 34 962 37 31 145 861 156 43 92 44 43 30
internal_value=0 1.34277e-05 -0.000453209 -0.000200575 -0.0047124 0.000460327 0.00027585 0.000489011 7.69036e-05 1.13828e-05 0.00230567 -0.000296498 0.00271834 -0.00393495
internal_weight=0 2592 1268 1197 71 1324 1266 1205 1017 1141 135 1006 188 61
internal_count=2640 2592 1268 1197 71 1324 1266 1205 1017 1141 135 1006 188 61
is_linear=0
shrinkage=0.03


Tree=442
num_leaves=24
num_cat=0
split_feature=13 3 0 16 13 17 0 7 14 4 7 7 14 14 14 3 12 3 3 2 12 13 7
split_gain=1.03494 0.565099 1.72924 1.11752 1.03352 1.53986 1.28409 1.20429 1.17256 1.88073 2.60042 2.08342 1.48183 0.946648 0.767673 0.743074 0.932403 1.35183 1.1882 0.64854 0.627153 0.561553 0.509786
threshold=5.2250528089887647 0.039250000000000007 0.090150000000000008 10.815749438202376 2.2316573033707869 -0.0048241573033707954 0.42035000000000006 -0.34939999999999999 -0.09795393258426964 0.37785000000000007 -0.38239999999999991 -0.42044999999999993 -0.023413483146067445 0.36067640449438215 0.48391573033707874 0.036800000000000006 1.0767595505617982 0.0096500000000000023 0.030300000000000004 0.0018500000000000003 1.541315730337079 3.0126398876404488 -0.34939999999999999
decision_type=2 2 2 2 2 2 2 2 2 2 2 2 2 2 2 2 2 2 2 2 2 2 2
left_child=1 2 3 -1 8 6 19 21 9 10 -3 -11 22 -14 -8 16 18 -18 -4 -6 -9 -7 -10
right_child=-2 4 15 -5 5 7 14 20 12 11 -12 -13 13 -15 -16 -17 17 -19 -20 -21 -22 -23 -24
leaf_value=-0.0026540498896597624 0.0044587494840379804 0.0068986970385035064 0.0002613248730529933 -0.0093074172246269873 -0.00029335997513784415 0.010118218172311544 0.0013767485445042927 0.0039062257263782051 -0.0024751050848351801 -0.00026047005724078108 0.00058365235427877845 -0.0082503676796822183 7.4167811965272453e-05 -0.0046873259916901588 0.0070236924002383605 -0.0026540498896597624 0.00056320912512194997 -0.0026540498896597624 0.00575866622195856 -0.0047921282852378981 -0.0013085797375866344 0.0045013860980027453 -0.0073908438547872577
leaf_weight=35 48 78 811 32 145 31 78 51 37 57 237 38 357 42 30 56 159 138 37 36 35 33 39
leaf_count=35 48 78 811 32 145 31 78 51 37 57 237 38 357 42 30 56 159 138 37 36 35 33 39
internal_value=0 1.30249e-05 -0.000439613 -0.00513016 0.000446518 0.0016366 0.000356551 0.00410282 -0.000143817 0.00103155 0.00214738 -0.00266832 -0.00115834 -0.000427042 0.00294534 -0.000177942 -5.45609e-06 -0.00145203 0.000501185 -0.00118814 0.00178392 0.00721885 -0.00499766
internal_weight=0 2592 1268 67 1324 439 289 150 885 410 315 95 475 399 108 1201 1145 297 848 181 86 64 76
internal_count=2640 2592 1268 67 1324 439 289 150 885 410 315 95 475 399 108 1201 1145 297 848 181 86 64 76
is_linear=0
shrinkage=0.03


Tree=443
num_leaves=15
num_cat=0
split_feature=13 3 0 15 3 3 7 8 3 3 12 3 3 0
split_gain=0.974254 0.538687 1.60922 1.15208 1.02779 1.19963 1.31638 2.36156 2.34051 0.705807 0.891814 1.28116 1.11798 0.268554
threshold=5.2250528089887647 0.039250000000000007 0.090150000000000008 -6.4344589887640451 0.042750000000000003 0.046950000000000013 -0.34939999999999999 0.20265000000000002 0.052800000000000007 0.036800000000000006 1.0767595505617982 0.0096500000000000023 0.030300000000000004 0.67320000000000013
decision_type=2 2 2 2 2 2 2 2 2 2 2 2 2 2
left_child=1 2 3 -1 -3 13 8 -8 -7 10 12 -12 -4 -6
right_child=-2 4 9 -5 5 6 7 -9 -10 -11 11 -13 -14 -15
leaf_value=-0.0093325798279575746 0.0043249868624843655 0.0043399191767796233 0.00025348514389808254 -0.002566569183065243 -0.0058720073320437226 0.0092444566006381658 -0.0001434717092146702 -0.0075864750969895098 0.00083800842087216405 -0.002566569183065243 0.000546312868278825 -0.002566569183065243 0.0055859062719989458 -0.0018903825326912827
leaf_weight=31 48 58 811 36 30 31 356 43 775 56 159 138 37 31
leaf_count=31 48 58 811 36 30 31 356 43 775 56 159 138 37 31
internal_value=0 1.15728e-05 -0.00043036 -0.0049552 0.000434814 0.000255907 0.000463685 -0.0009456 0.00116133 -0.000177934 -9.34157e-06 -0.00142408 0.00048615 -0.00384856
internal_weight=0 2592 1268 67 1324 1266 1205 399 806 1201 1145 297 848 61
internal_count=2640 2592 1268 67 1324 1266 1205 399 806 1201 1145 297 848 61
is_linear=0
shrinkage=0.03


Tree=444
num_leaves=15
num_cat=0
split_feature=13 3 0 15 3 3 7 3 0 3 12 3 3 0
split_gain=0.917513 0.511583 1.49612 1.09256 0.96705 1.12873 1.23858 2.20219 1.67939 0.670419 0.853406 1.21393 1.05516 0.252682
threshold=5.2250528089887647 0.039250000000000007 0.090150000000000008 -6.4344589887640451 0.042750000000000003 0.046950000000000013 -0.34939999999999999 0.052800000000000007 0.61650000000000016 0.036800000000000006 1.0767595505617982 0.0096500000000000023 0.016750000000000004 0.67320000000000013
decision_type=2 2 2 2 2 2 2 2 2 2 2 2 2 2
left_child=1 2 3 -1 -3 13 7 -7 -8 10 12 -12 -4 -6
right_child=-2 4 9 -5 5 6 8 -9 -10 -11 11 -13 -14 -15
leaf_value=-0.0090526021869793052 0.0041952374845277514 0.0042097217150450011 -0.00019717069524847485 -0.0024811274660348505 -0.0056958470300305635 0.0089671227353955458 -0.0057340827167666111 0.00081286813716231385 -0.00013080726148009304 -0.0024811274660348505 0.00052992344950325793 -0.0024811274660348505 0.002146168472076966 -0.0018336710278245229
leaf_weight=31 48 58 606 36 30 31 56 775 343 56 159 138 242 31
leaf_count=31 48 58 606 36 30 31 56 775 343 56 159 138 242 31
internal_value=0 9.31361e-06 -0.000421358 -0.00478429 0.000421769 0.00024823 0.000449774 0.00112649 -0.000917232 -0.000177964 -1.31389e-05 -0.00139708 0.000471565 -0.0037331
internal_weight=0 2592 1268 67 1324 1266 1205 806 399 1201 1145 297 848 61
internal_count=2640 2592 1268 67 1324 1266 1205 806 399 1201 1145 297 848 61
is_linear=0
shrinkage=0.03


Tree=445
num_leaves=17
num_cat=0
split_feature=3 3 14 4 3 3 3 3 5 15 3 18 3 7 13 13
split_gain=0.638954 0.631889 0.944334 0.539978 0.6698 1.36272 0.689293 1.09407 0.989335 0.538624 0.50796 0.453931 0.338981 0.261345 0.110522 0.0389754
threshold=0.0014500000000000001 0.00090000000000000008 -0.083584269662921359 0.0087500000000000026 0.0064500000000000009 0.004850000000000001 0.015200000000000002 0.016750000000000004 0.45840000000000009 16.246606741573036 0.018400000000000003 3.5000000000000004 0.0025500000000000006 -0.28829999999999995 -1.5368426966292146 -0.30544719101123613
decision_type=2 2 2 2 2 2 2 2 2 2 2 2 2 2 2 2
left_child=1 2 -1 11 5 9 8 13 -6 12 -9 -2 -5 -8 -13 -7
right_child=3 -3 -4 4 6 15 7 10 -10 -11 -12 14 -14 -15 -16 -17
leaf_value=-0.0035731059277000331 0.0050190045135850838 -0.0041739632899608012 0.0027415859283126415 -0.0018383903315236023 0.0012114239136027801 -0.0044632182964123787 -0.0018671959240666844 0.0012114239136027801 -0.0044512792517461116 -0.0032654163689751709 0.00012547715070680593 0.0012114239136027801 0.0012114239136027801 -0.0057032117800366496 0.002610894599571251 -0.0059924407228827466
leaf_weight=39 37 58 47 34 272 30 33 47 31 35 1739 36 98 31 52 30
leaf_count=39 37 58 47 34 272 30 33 47 31 35 1739 36 98 31 52 30
internal_value=0 -0.00175407 -0.000122053 0.000300927 0.000199985 -0.00134995 0.000363402 0.000128716 0.00121142 4.32952e-05 0.00026682 0.00222286 0.000920605 -0.00372527 0.00121142 -0.00522783
internal_weight=0 144 86 2505 2380 227 2153 1850 303 167 1786 125 132 64 88 60
internal_count=2649 144 86 2505 2380 227 2153 1850 303 167 1786 125 132 64 88 60
is_linear=0
shrinkage=0.03


Tree=446
num_leaves=18
num_cat=0
split_feature=3 8 3 4 3 3 16 16 3 4 3 18 8 16 3 3 13
split_gain=0.605042 0.624624 0.854129 0.49329 0.629526 1.28807 0.806521 1.33637 1.69185 0.78173 0.458209 0.432986 0.339876 0.279555 0.264736 0.196233 0.104248
threshold=0.0014500000000000001 0.19750000000000004 0.00065000000000000008 0.0087500000000000026 0.0064500000000000009 0.004850000000000001 9.7684449438202154 7.7131404494380726 0.17060000000000003 0.57935000000000014 0.37115000000000004 3.5000000000000004 0.16025000000000003 7.7131404494380726 0.0025500000000000006 0.0032500000000000007 -1.5368426966292146
decision_type=2 2 2 2 2 2 2 2 2 2 2 2 2 2 2 2 2
left_child=1 2 -1 11 5 14 7 12 -9 10 -8 -2 -6 -7 -5 -16 -13
right_child=3 -3 -4 4 6 13 9 8 -10 -11 -12 16 -14 -15 15 -17 -18
leaf_value=-0.0021517835691678578 0.004868434321739383 -0.0041782824977833243 0.0029747672247981958 -0.0019746379429869745 0.0011685186494985087 -0.0030232338865753263 0.0011685186494985087 -0.0011160906683653593 -0.0091569710468813303 -0.003217700989426751 -0.0010245911699641209 0.0011685186494985087 -2.2708180644023682e-05 -0.0071187554895877836 0.0011685186494985087 -0.0004231156953252279 0.0025325678174312298
leaf_weight=45 37 56 43 43 122 30 891 98 31 38 43 36 930 30 46 78 52
leaf_count=45 37 56 43 43 122 30 891 98 31 38 43 36 930 30 46 78 52
internal_value=0 -0.00170145 -0.000125285 0.000298274 0.000201794 -0.00130082 0.000360221 -0.000166541 -0.0030484 0.00100025 0.00116852 0.00213524 0.000186842 -0.00507099 5.37278e-05 0.000757113 0.00116852
internal_weight=0 144 88 2505 2380 227 2153 1181 129 972 934 125 1052 60 167 124 88
internal_count=2649 144 88 2505 2380 227 2153 1181 129 972 934 125 1052 60 167 124 88
is_linear=0
shrinkage=0.03


Tree=447
num_leaves=17
num_cat=0
split_feature=3 3 14 15 7 12 1 4 3 3 3 16 16 0 3 5
split_gain=0.575567 0.608771 0.886401 0.465329 1.25657 2.54013 0.736566 0.522944 0.74566 0.548161 1.0321 0.497034 1.2591 0.904339 0.475658 0.174435
threshold=0.0014500000000000001 0.00090000000000000008 -0.083584269662921359 -20.411350561797729 -0.42044999999999993 1.0987595505618002 0.052700000000000004 0.0087500000000000026 0.0059500000000000013 0.0064500000000000009 0.004850000000000001 9.7684449438202154 7.7131404494380726 0.016600000000000004 0.0025500000000000006 0.19930000000000003
decision_type=2 2 2 2 2 2 2 2 2 2 2 2 2 2 2 2
left_child=1 2 -1 4 -2 -6 -7 8 15 10 14 12 -11 -13 -9 -5
right_child=3 -3 -4 7 5 6 -8 9 -10 11 -12 13 -14 -15 -16 -17
leaf_value=-0.003400811803383896 0.0074005957040935745 -0.0040343915100675073 0.0027171164112997814 0.0031459998027529826 -0.0068693228174121143 0.0039739756335763895 0.00031429510970007284 -0.0029212994073168374 0.0060217085142027244 0.00018337870662124073 -0.0048173471224589245 -0.0039985602699658448 -0.0029569433930026756 0.00099600650833188875 0.00087247905879409915 0.0011137280223015304
leaf_weight=39 30 58 47 43 31 36 55 40 33 1052 57 34 129 808 116 41
leaf_count=39 30 58 47 43 31 36 55 40 33 1052 57 34 129 808 116 41
internal_value=0 -0.00165918 -5.72929e-05 0.000291226 0.00189997 0.000547356 0.00307392 0.000187304 0.00214246 8.4999e-05 -0.0013626 0.000237415 -0.000159637 0.000794326 -0.000100285 0.00111373
internal_weight=0 144 86 2505 152 122 91 2353 117 2236 213 2023 1181 842 156 84
internal_count=2649 144 86 2505 152 122 91 2353 117 2236 213 2023 1181 842 156 84
is_linear=0
shrinkage=0.03


Tree=448
num_leaves=27
num_cat=0
split_feature=13 13 5 7 15 3 4 8 13 13 3 2 13 15 8 7 13 3 3 5 3 3 14 16 14 14
split_gain=0.546542 0.877344 1.02561 1.67412 0.835803 1.13784 4.94239 0.812443 2.55576 0.774058 1.85793 0.93103 0.85772 0.704643 0.692084 0.528896 0.522707 0.514765 0.476803 0.776475 1.99765 1.78474 2.83071 0.307285 0.171593 0.137802
threshold=2.7514061797752798 2.8921573033707877 0.31590000000000007 -0.37284999999999996 -8.6613668539325825 0.11255000000000003 0.14520000000000002 0.16025000000000003 -2.9457404494382042 -2.9677404494382045 0.26200000000000007 0.00045000000000000004 -3.100240449438203 -21.139350561797738 0.17515000000000003 -0.42044999999999993 2.6403550561797755 0.17680000000000004 0.30960000000000004 0.36090000000000005 0.06795000000000001 0.11370000000000001 0.48391573033707874 55.787850561797775 -0.12895393258426963 -0.2838134831460673
decision_type=2 2 2 2 2 2 2 2 2 2 2 2 2 2 2 2 2 2 2 2 2 2 2 2 2 2
left_child=4 2 13 -4 5 6 16 8 -6 10 12 17 -9 -2 -13 -7 -1 -11 19 21 -21 23 -23 -3 -10 -15
right_child=1 18 3 -5 7 15 -8 9 24 11 -12 14 -14 25 -16 -17 -18 -19 -20 20 -22 22 -24 -25 -26 -27
leaf_value=-0.0025556551082991062 0.0079009222735961279 0.0010420613989028278 0.0022157731151956428 -0.0057395387031137944 0.008617140638674501 0.0041317865288546009 -0.014235715466580586 6.5514088632410454e-06 0.003662817710215544 0.00097739502402032917 -0.0076775355574985344 -0.00051453440595507823 -0.0038500187916539943 0.0022157731151956428 -0.0029963574759622521 -0.0013252726671370593 0.0018272084805183112 -0.00051453440595507823 -0.0030551367112108176 -0.00028878465609174055 -0.0076919913616006232 -0.00026309340936699652 0.011182116406994897 -0.00028878465609174055 0.0009875088125201421 0.0041656653342268812
leaf_weight=48 36 163 51 30 43 31 30 348 41 848 36 33 61 39 141 33 50 161 37 63 37 41 37 75 95 41
leaf_count=48 36 163 51 30 43 31 30 348 41 848 36 33 61 39 141 33 50 161 37 63 37 41 37 75 95 41
internal_value=0 0.000935223 0.00260657 1.61689e-05 -6.61844e-05 -0.00194808 -0.00358111 0.000133773 0.00205217 -7.71565e-05 -0.00114374 0.000324051 -0.000568634 0.00441538 -0.00170261 0.00131799 -0.0003195 0.000673545 0.000208392 0.000498657 -0.00180534 0.00122777 0.00516604 -6.29243e-05 0.000987509 0.00284688
internal_weight=0 650 197 81 1999 192 128 1807 179 1628 445 1183 409 116 174 64 98 1009 453 416 100 316 78 238 136 80
internal_count=2649 650 197 81 1999 192 128 1807 179 1628 445 1183 409 116 174 64 98 1009 453 416 100 316 78 238 136 80
is_linear=0
shrinkage=0.03


Tree=449
num_leaves=27
num_cat=0
split_feature=13 12 17 4 8 14 1 14 7 7 1 13 8 13 13 0 12 2 17 8 1 8 0 1 4 8
split_gain=0.516468 0.902346 0.831696 0.734041 0.780101 0.720182 1.36052 2.2047 1.00268 0.740368 0.588231 0.554224 0.462096 2.70159 0.659168 0.900849 0.698659 0.651566 0.854622 0.658173 0.412817 0.383912 0.353698 0.214556 0.163063 0.157963
threshold=2.7514061797752798 1.1752595505617995 -0.02132415730337078 0.31385000000000002 0.17830000000000004 0.3460865168539326 0.10295000000000001 0.63245730337078687 -0.3542499999999999 -0.37284999999999996 0.052700000000000004 5.2250528089887647 0.16025000000000003 -2.9457404494382042 -2.9677404494382045 0.30040000000000006 -0.17938202247190735 0.00045000000000000004 -0.012824157303370802 0.17515000000000003 0.14630000000000001 0.19655000000000003 0.096300000000000011 0.055150000000000012 0.030100000000000005 0.18370000000000003
decision_type=2 2 2 2 2 2 2 2 2 2 2 2 2 2 2 2 2 2 2 2 2 2 2 2 2 2
left_child=2 3 20 4 -2 9 8 -8 -7 -3 21 -10 13 -4 15 -14 -17 18 -16 -19 -1 -6 -15 -11 -12 -25
right_child=1 5 12 -5 10 6 7 -9 11 23 24 -13 14 22 17 16 -18 19 -20 -21 -22 -23 -24 25 -26 -27
leaf_value=-0.0010569801591336727 0.0060978916939347979 0.0043175302728611442 0.0083586264383264403 -0.0012789441903375766 0.0040223706238734797 0.0043202235646869827 -0.01081459208857268 -0.0017533315771830367 0.0012084370653056317 0.0021318139173090458 0.0022610368453592831 -0.0017533315771830367 -0.004903279174491763 0.00066261666076803533 -0.00043063700957840457 -9.5252691893742754e-05 -0.0027662341535610105 -0.00043063700957840457 0.00066261666076803533 -0.0026237977409454168 -0.0060338260717689987 0.0022610368453592831 0.0040192863467927963 0.00033363091188948603 0.00084339876257052472 -0.0025461371280252935
leaf_weight=30 54 56 43 44 42 46 30 53 63 30 30 38 50 101 294 341 54 36 813 159 30 49 48 40 45 30
leaf_count=30 54 56 43 44 42 46 30 53 63 30 30 38 50 101 294 341 54 36 813 159 30 49 48 40 45 30
internal_value=0 0.00090671 -6.67556e-05 0.00225829 0.00296574 -1.76887e-05 -0.00108489 -0.00415554 0.000648874 0.00155575 0.00194685 -0.00102323 4.0887e-05 0.00143788 -0.000112646 -0.00110942 -0.000629189 0.000228034 0.000509703 -0.00137098 -0.0035454 0.00367867 0.000662617 9.1554e-06 0.000843399 -0.000900555
internal_weight=0 650 1999 264 220 386 230 83 147 156 166 101 1939 192 1747 445 395 1302 1107 195 60 91 149 100 75 70
internal_count=2649 650 1999 264 220 386 230 83 147 156 166 101 1939 192 1747 445 395 1302 1107 195 60 91 149 100 75 70
is_linear=0
shrinkage=0.03


Tree=450
num_leaves=23
num_cat=0
split_feature=7 16 17 14 7 3 17 7 3 16 16 15 3 3 6 12 3 16 4 3 14 8
split_gain=0.774333 1.45135 1.32194 1.91184 0.840243 0.797615 2.08728 2.19707 0.914483 0.57567 0.523446 1.24276 0.485243 0.945731 0.414898 1.80417 0.170063 0.387325 0.498673 0.113222 0.128232 0.0234237
threshold=-0.42464999999999992 30.390300000000028 -0.02005449438202243 -0.083584269662921359 -0.35109999999999991 0.17515000000000003 -0.0073202247191011252 -0.34824999999999995 0.0064500000000000009 -27.622419101123679 56.153350561797716 -6.3738668539325838 0.00090000000000000008 0.0012500000000000002 -0.014399999999999998 0.38502921348314351 0.25870000000000004 -27.622419101123679 0.29375000000000001 0.1082 0.45004606741573044 0.15900000000000003
decision_type=2 2 2 2 2 2 2 2 2 2 2 2 2 2 2 2 2 2 2 2 2 2
left_child=1 16 3 -2 19 8 -7 9 12 -8 11 -6 -4 -14 15 -10 17 -1 -19 20 -5 -20
right_child=2 -3 5 4 10 6 7 -9 14 -11 -12 -13 13 -15 -16 -17 -18 18 21 -21 -22 -23
leaf_value=0.0043672393366162264 -0.0083484498995381445 0.0056450587296384873 0.00059164958248690276 0.00059164958248690276 -0.0015570421285902786 -0.0072792209529628348 -0.002922109899724704 -0.0064358693819363101 -6.85827150776668e-05 0.00059164958248690276 -0.00085276211515970845 -0.0074926465449177406 -0.0063140075796400191 -0.00088939260966778785 0.00059164958248690276 -0.0060707453265786164 0.00059164958248690276 0.0037087297449978265 0.0021501896637423643 0.00059164958248690276 -0.00085276211515970845 0.00059164958248690276
leaf_weight=35 37 59 63 31 114 45 41 43 194 144 37 44 32 301 998 48 107 47 36 37 35 54
leaf_count=35 37 59 63 31 114 45 41 43 194 144 37 44 32 301 998 48 107 47 36 37 35 54
internal_value=0 0.00136178 -0.000178479 -0.00191667 -0.00111809 0.000126545 -0.00137461 -0.000209224 0.000377044 0.00059165 -0.00229717 -0.00321 -0.000914551 -0.00141068 0.00059165 -0.000728815 0.00059165 0.00155067 0.000831104 0.00059165 -0.000811923 0.00059165
internal_weight=0 338 2244 335 298 1909 273 228 1636 185 195 158 396 333 1240 242 279 172 137 103 66 90
internal_count=2582 338 2244 335 298 1909 273 228 1636 185 195 158 396 333 1240 242 279 172 137 103 66 90
is_linear=0
shrinkage=0.03


Tree=451
num_leaves=23
num_cat=0
split_feature=7 16 17 13 6 7 6 18 1 7 8 6 2 13 1 2 13 15 16 17 8 14
split_gain=0.681175 1.38459 1.24214 4.32441 0.568937 0.876189 0.472855 0.396397 0.706081 0.69677 1.48854 1.61918 0.69028 0.537453 0.462292 0.292352 0.191867 0.146747 0.138366 0.0242011 0.0143273 0.0124621
threshold=-0.42464999999999992 30.390300000000028 -0.02005449438202243 2.1501573033707868 0.017550000000000003 -0.31034999999999996 -0.016649999999999998 4.5000000000000009 0.53665000000000007 -0.3088499999999999 0.19835000000000003 0.047700000000000006 0.0018500000000000003 -3.8547134831460665 0.11285000000000002 0.00030000000000000008 -2.9457404494382042 -9.0023668539325818 -10.932419101123626 0.013175842696629221 0.19325000000000003 0.63245730337078687
decision_type=2 2 2 2 2 2 2 2 2 2 2 2 2 2 2 2 2 2 2 2 2 2
left_child=1 16 3 -2 5 6 -5 8 13 12 14 -12 18 20 -11 -15 -1 -6 -9 -18 -4 -19
right_child=2 -3 7 4 17 -7 -8 9 -10 10 11 -13 -14 15 -16 -17 19 21 -20 -21 -22 -23
leaf_value=0.0025231641451729102 -0.012515471419019084 0.0054757068454587866 -0.00082928026653826233 -0.0036872921418398615 -0.00069021129224443637 -0.0064911243888819891 -0.00069021129224443637 -5.9963997978665447e-05 -0.0040618664710782466 -0.00068546335789020595 -0.009366589708874622 -0.0029506958306049626 -0.00068546335789020595 0.00056553536193287509 -0.0029506958306049626 -0.00057963480474427338 0.00056553536193287509 0.00056553536193287509 0.00056553536193287509 0.0022147019820189791 -0.0017481655545726858 -0.00069021129224443637
leaf_weight=47 31 59 30 48 46 31 86 170 30 143 45 32 44 820 43 239 194 35 277 38 36 58
leaf_count=47 31 59 30 48 46 31 86 170 30 143 45 32 44 820 43 239 194 35 277 38 36 58
internal_value=0 0.00128785 -0.000156783 -0.00184169 -0.000753244 -0.00194596 -0.000894464 0.000138892 0.000488175 -0.000396151 -0.00164222 -0.00521593 0.000271297 0.000565535 -0.000685463 0.000565535 0.000565535 0.000565535 0.000565535 0.000565535 -0.00174817 0.000565535
internal_weight=0 338 2244 335 304 165 134 1909 1155 754 263 77 491 1125 186 1059 279 139 447 232 66 93
internal_count=2582 338 2244 335 304 165 134 1909 1155 754 263 77 491 1125 186 1059 279 139 447 232 66 93
is_linear=0
shrinkage=0.03


Tree=452
num_leaves=18
num_cat=0
split_feature=7 16 18 3 14 13 3 3 13 6 8 7 3 3 3 13 3
split_gain=0.612332 1.3173 0.825163 2.60541 1.62872 2.68225 1.64888 2.44404 3.5164 1.78851 1.9657 1.10674 1.0372 1.40768 0.550164 0.185131 0.037076
threshold=-0.42464999999999992 31.104215730336993 4.5000000000000009 0.35670000000000007 -0.28808426966292128 -3.9409471910112357 0.15055000000000004 0.34510000000000007 -1.3398426966292136 -0.014399999999999998 0.17830000000000004 -0.3088499999999999 0.0059500000000000013 0.004850000000000001 0.0012500000000000002 -2.9457404494382042 0.088700000000000015
decision_type=2 2 2 2 2 2 2 2 2 2 2 2 2 2 2 2 2
left_child=1 15 3 12 5 -4 9 8 -8 10 -6 -11 13 14 -2 -1 -17
right_child=2 -3 4 -5 6 -7 7 -9 -10 11 -12 -13 -14 -15 -16 16 -18
leaf_value=0.0024474693212578904 -0.0030414412210229783 0.0056802960200344806 0.00054659966355427407 -0.0074681088802832606 -0.0012767127758993543 -0.011383896776559679 -0.011646169622932939 0.00054659966355427407 -0.0011328274420281843 0.00054659966355427407 -0.0091199921653605989 -0.0012767127758993543 0.00054659966355427407 -0.0071141642118420665 0.00049966776891960764 0.0018242764357771528 0.00054659966355427407
leaf_weight=47 55 51 34 37 98 33 50 30 67 368 36 301 961 34 140 57 183
leaf_count=47 55 51 34 37 98 33 50 30 67 368 36 301 961 34 140 57 183
internal_value=0 0.00123145 -0.000138247 0.000385496 -0.000770137 -0.00529086 -0.000451307 -0.00337245 -0.00562571 8.34471e-05 -0.00310003 0.0005466 0.0005466 -0.00148125 -0.000499107 0.0005466 0.0005466
internal_weight=0 338 2244 1227 1017 67 950 147 117 803 134 669 1190 229 195 287 240
internal_count=2582 338 2244 1227 1017 67 950 147 117 803 134 669 1190 229 195 287 240
is_linear=0
shrinkage=0.03


Tree=453
num_leaves=22
num_cat=0
split_feature=7 17 17 13 6 7 6 18 7 8 2 12 13 2 7 16 4 13 8 16 6
split_gain=0.545335 1.25423 1.12891 3.90213 0.534111 0.831667 0.429383 0.334663 0.637478 1.42617 0.632162 0.574522 0.518433 0.29921 0.434647 0.271095 0.174232 0.144086 0.108524 0.0801625 0.0272473
threshold=-0.42464999999999992 -0.022824157303370781 -0.02005449438202243 2.1501573033707868 0.017550000000000003 -0.31034999999999996 -0.016649999999999998 4.5000000000000009 -0.3088499999999999 0.20095000000000002 0.0018500000000000003 1.1377595505617999 -3.8547134831460665 0.00030000000000000008 -0.33469999999999994 30.390300000000028 0.30820000000000003 -2.9457404494382042 0.19325000000000003 -10.932419101123626 -0.0035499999999999998
decision_type=2 2 2 2 2 2 2 2 2 2 2 2 2 2 2 2 2 2 2 2 2
left_child=1 -1 3 -2 5 6 -5 12 10 11 19 -10 18 20 -15 17 -6 -3 -4 -9 -14
right_child=2 15 7 4 16 -7 -8 8 9 -11 -12 -13 13 14 -16 -17 -18 -19 -20 -21 -22
leaf_value=0.0063121949459769219 -0.011860706366358264 0.0023740451055717596 -0.00080134839192032813 -0.0035079283779487014 0.00053112023143784875 -0.0062739245828631659 -0.00065731115409591501 -3.526234134731073e-05 -0.00060164491413247027 -0.0076734729604795576 -0.00060164491413247027 -0.0041222073685327938 -1.3721800977981191e-05 -1.3721800977981191e-05 -0.0016295515381241753 0.003292408211273141 -0.00065731115409591501 0.00053112023143784875 -0.0032444639146948853 0.00053112023143784875 0.00053112023143784875
leaf_weight=38 31 47 30 48 109 31 86 170 191 30 44 42 165 62 177 32 30 221 36 277 685
leaf_count=38 31 47 30 48 109 31 86 170 191 30 44 42 165 62 177 32 30 221 36 277 685
internal_value=0 0.00117742 -0.000115176 -0.00172145 -0.000687517 -0.00184574 -0.000821312 0.000166701 -0.000324916 -0.00151679 0.000313502 -0.000724087 0.000487636 0.00053112 -0.000558564 0.00053112 0.00053112 0.00053112 -0.00213396 0.00053112 0.00053112
internal_weight=0 338 2244 335 304 165 134 1909 754 263 491 233 1155 1089 239 300 139 268 66 447 850
internal_count=2582 338 2244 335 304 165 134 1909 754 263 491 233 1155 1089 239 300 139 268 66 447 850
is_linear=0
shrinkage=0.03


Tree=454
num_leaves=20
num_cat=0
split_feature=7 17 17 12 3 3 7 17 2 6 12 3 3 6 3 3 17 6 12
split_gain=0.494163 1.73913 0.961321 3.02709 0.679801 0.701273 1.52948 1.66713 0.667566 0.617037 1.23094 0.448604 0.822326 0.54484 0.335399 0.597847 0.3928 0.325222 0.202311
threshold=-0.43744999999999995 -0.022824157303370781 -0.022824157303370781 1.3651724719101106 0.0064500000000000009 0.17515000000000003 -0.34824999999999995 -0.0073202247191011252 1.0000000180025095e-35 -0.014399999999999998 0.38502921348314351 0.00090000000000000008 0.0012500000000000002 0.057650000000000007 0.25870000000000004 0.046950000000000013 -0.0073202247191011252 0.017300000000000003 2.0143039325842733
decision_type=2 2 2 2 2 2 2 2 2 2 2 2 2 2 2 2 2 2 2
left_child=1 -1 3 -2 11 9 7 -7 17 10 -6 -4 -13 -14 15 -3 -17 18 -5
right_child=2 14 4 8 5 6 -8 -9 -10 -11 -12 12 13 -15 -16 16 -18 -19 -20
leaf_value=0.0080995099470019347 -0.010674231857542068 0.00059508257664234795 0.00059508257664234795 -0.0004427950560713031 -0.00011021768351631014 -0.003119937497353455 -0.0061798885493179866 0.00059508257664234795 -0.0037149638466706329 0.00059508257664234795 -0.0040858136487629598 -0.0059856637594930357 -0.0016210054439188052 0.00059508257664234795 0.00059508257664234795 0.0053187229229084577 0.0012907206111058996 0.00059508257664234795 -0.0015835248082335905
leaf_weight=30 31 39 65 33 204 60 43 193 44 1096 79 32 260 70 113 53 37 65 35
leaf_count=30 31 39 65 33 204 60 43 193 44 1096 79 32 260 70 113 53 37 65 35
internal_value=0 0.00127103 -8.08663e-05 -0.00202638 0.000111649 0.000384046 -0.000949026 -5.99864e-05 -0.000511784 0.000595083 -0.000815518 -0.000956888 -0.00139399 -0.000948738 0.000595083 0.00214252 0.00366277 0.000547914 -0.00148067
internal_weight=0 272 2310 208 2102 1675 296 253 177 1379 283 427 362 330 242 129 90 133 68
internal_count=2582 272 2310 208 2102 1675 296 253 177 1379 283 427 362 330 242 129 90 133 68
is_linear=0
shrinkage=0.03


Tree=455
num_leaves=15
num_cat=0
split_feature=12 3 3 1 3 3 17 0 8 3 3 8 13 15
split_gain=0.710374 0.698722 0.904173 1.35362 0.795881 1.67814 0.769521 0.580644 1.44177 1.34316 0.545265 0.719772 0.792417 0.407504
threshold=2.0448039325842733 0.00065000000000000008 0.0016000000000000001 0.035150000000000008 0.0064500000000000009 0.0070500000000000007 0.049105617977528111 0.8368000000000001 0.19110000000000002 0.004850000000000001 0.0092000000000000016 0.17515000000000003 5.2250528089887647 -0.48236685393258488
decision_type=2 2 2 2 2 2 2 2 2 2 2 2 2 2
left_child=1 13 3 -3 7 -6 -7 9 -9 -4 -2 -12 -13 -1
right_child=10 2 4 -5 5 6 -8 8 -10 -11 11 12 -14 -15
leaf_value=-0.0045730544365226071 0.0017665536480490117 0.006335103740719588 -0.0013046778984351841 -0.00066922407544387332 0.0076338215661598948 0.00036430287104988391 0.0033317801269430029 0.003317109518125653 -0.0013046778984351841 -0.0074555728302680346 0.00062317105033434927 -0.0069961117589846253 -0.0018516990876613327 -5.2323017735034224e-06
leaf_weight=39 32 57 83 44 30 1924 82 75 86 38 40 45 33 32
leaf_count=39 32 57 83 44 30 1924 82 75 86 38 40 45 33 32
internal_value=0 0.000419023 0.000505119 0.00328371 0.00038405 0.000590933 0.000485606 -0.00110961 7.05203e-05 -0.00267988 -0.00170677 -0.00264869 -0.00432657 -0.00251432
internal_weight=0 2490 2419 101 2318 2036 2006 282 161 121 150 118 78 71
internal_count=2640 2490 2419 101 2318 2036 2006 282 161 121 150 118 78 71
is_linear=0
shrinkage=0.03


Tree=456
num_leaves=16
num_cat=0
split_feature=12 3 3 3 3 3 17 14 17 8 8 3 8 6 15
split_gain=0.662963 0.657105 0.85119 0.955289 0.754447 1.57896 0.724042 0.559238 0.538412 0.9963 0.910793 0.5107 0.673067 1.1826 0.383421
threshold=2.0448039325842733 0.00065000000000000008 0.0016000000000000001 0.0014500000000000001 0.0064500000000000009 0.0070500000000000007 0.049105617977528111 -0.083584269662921359 -0.0022185393258427051 0.18835000000000005 0.19110000000000002 0.0092000000000000016 0.17515000000000003 0.017550000000000003 -0.48236685393258488
decision_type=2 2 2 2 2 2 2 2 2 2 2 2 2 2 2
left_child=1 14 3 7 8 -6 -7 -3 9 -4 -10 -2 -13 -14 -1
right_child=11 2 4 -5 5 6 -8 -9 10 -11 -12 12 13 -15 -16
leaf_value=-0.0044358627799038703 0.001713557046605274 0.0040829234935385594 -0.00089662727647772688 0.0075694600118684681 0.0074048068178817631 0.00035337378045808079 0.0032318266727478901 -0.0012887659248568722 0.0022744715361424331 -0.0068347052782773967 -0.0023495321495768926 0.00060447596269659696 -0.0088858988019637764 -0.0017887521562566129 -5.0752703100442884e-06
leaf_weight=39 32 33 93 31 30 1924 82 37 82 35 72 40 30 48 32
leaf_count=39 32 33 93 31 30 1924 82 37 82 35 72 40 30 48 32
internal_value=0 0.000405755 0.000489248 0.0031852 0.000371779 0.000573205 0.000471037 0.0012436 -0.00108248 -0.00252032 0.0001126 -0.00164788 -0.00255945 -0.00418198 -0.00243889
internal_weight=0 2490 2419 101 2318 2036 2006 70 282 128 154 150 118 78 71
internal_count=2640 2490 2419 101 2318 2036 2006 70 282 128 154 150 118 78 71
is_linear=0
shrinkage=0.03


Tree=457
num_leaves=15
num_cat=0
split_feature=12 5 3 3 1 3 3 17 8 0 8 3 14 1
split_gain=0.620499 1.41315 0.61827 0.800884 1.27226 0.709859 1.48564 0.681251 0.552068 0.532567 1.32062 1.23737 0.368824 0.359728
threshold=2.0448039325842733 0.35940000000000005 0.00065000000000000008 0.0016000000000000001 0.035150000000000008 0.0064500000000000009 0.0070500000000000007 0.049105617977528111 0.18240000000000003 0.8368000000000001 0.19110000000000002 0.004850000000000001 -0.083584269662921359 0.048800000000000003
decision_type=2 2 2 2 2 2 2 2 2 2 2 2 2 2
left_child=2 8 12 4 -4 9 -7 -8 -2 11 -11 -5 -1 -10
right_child=1 -3 3 5 -6 6 7 -9 13 10 -12 -13 -14 -15
leaf_value=-0.0046213261991301007 0.0036333333458751439 -0.0064219632883323356 0.0060479116677551676 -0.0012368236368446089 -0.00074265288204928344 0.0071826625205576415 0.00034277255484725888 0.0031348718246501845 0.00064408568665385245 0.0031870919667184353 -0.0012368236368446089 -0.0071384672750919934 -0.00029300368818882349 -0.0031296195693747983
leaf_weight=34 30 40 57 83 44 30 1924 82 45 75 86 38 37 35
leaf_count=34 30 40 57 83 44 30 1924 82 45 75 86 38 37 35
internal_value=0 -0.00159319 0.000393582 0.00047457 0.00308965 0.000360626 0.000556009 0.000456906 0.000162724 -0.00105001 8.02117e-05 -0.00255386 -0.00236572 -0.00113875
internal_weight=0 150 2490 2419 101 2318 2036 2006 110 282 161 121 71 80
internal_count=2640 150 2490 2419 101 2318 2036 2006 110 282 161 121 71 80
is_linear=0
shrinkage=0.03


Tree=458
num_leaves=14
num_cat=0
split_feature=2 3 3 3 3 8 13 16 3 4 13 14 8
split_gain=0.581425 0.54153 8.46007 1.75689 1.1315 1.2261 1.22356 1.25582 0.74307 0.963359 0.433929 0.423576 0.171975
threshold=0.37945000000000007 0.17060000000000003 0.15205000000000005 0.13615000000000002 0.21215000000000003 0.19900000000000004 -1.2829112359550556 8.636860674157278 0.11865000000000002 0.39680000000000004 -1.4773426966292147 -0.12195393258426963 0.16835000000000003
decision_type=2 2 2 2 2 2 2 2 2 2 2 2 2
left_child=1 2 3 8 -3 6 12 -8 9 -1 -7 -10 -6
right_child=-2 4 -4 -5 5 10 7 -9 11 -11 -12 -13 -14
leaf_value=0.00054725851463397444 -0.0036855909990316086 -0.0016819839487333221 0.016350835694931447 -0.0016819839487333221 0.0026056200955063102 -0.00016047505383017018 0.0069405494910418329 0.0014313091179760902 0.00034971384462551214 -0.0016819839487333221 -0.0016819839487333221 0.0046114683593241647 -0.00016047505383017018
leaf_weight=1836 33 105 30 71 40 35 51 138 32 71 68 61 69
leaf_count=1836 33 105 30 71 40 35 51 138 32 71 68 61 69
internal_value=0 0.000321623 0.000533813 0.000304691 -0.000559426 0.000350165 0.00136103 0.00291793 0.000526544 0.000398845 -0.00168198 0.00314506 -0.000160475
internal_weight=0 2607 2101 2071 506 401 298 189 2000 1907 103 93 109
internal_count=2640 2607 2101 2071 506 401 298 189 2000 1907 103 93 109
is_linear=0
shrinkage=0.03


Tree=459
num_leaves=15
num_cat=0
split_feature=12 5 7 3 3 1 3 3 3 17 8 8 5 12
split_gain=0.582331 1.32795 1.07119 0.579715 0.756393 1.19707 0.668737 1.39996 0.673299 0.488883 0.903956 0.834238 0.467401 0.34979
threshold=2.0448039325842733 0.35940000000000005 -0.35024999999999995 0.00065000000000000008 0.0016000000000000001 0.035150000000000008 0.0064500000000000009 0.0070500000000000007 0.0079000000000000025 -0.0022185393258427051 0.18835000000000005 0.19110000000000002 0.24440000000000003 0.16531573033707761
decision_type=2 2 2 2 2 2 2 2 2 2 2 2 2 2
left_child=3 2 -2 13 5 -5 9 -8 -9 10 -6 -11 -4 -1
right_child=1 -3 12 4 6 -7 7 8 -10 11 -12 -13 -14 -15
leaf_value=-0.00045743702910840508 0.0047601790947373957 -0.0062449252428486935 0.00080751553203004434 0.0058500565661999742 -0.00086425360878028209 -0.00073679110284005709 0.0069507649838924405 -0.0032916786281262027 0.00050318716896291765 0.0021670498017494272 -0.0065204487964510916 -0.0022583591858468329 -0.0030533734855284402 -0.0047030781257537107
leaf_weight=40 32 40 37 57 93 44 30 43 1963 82 35 72 41 31
leaf_count=40 32 40 37 57 93 44 30 43 1963 82 35 72 41 31
internal_value=0 -0.00156398 0.000138178 0.000360716 0.000439139 0.00298054 0.000328405 0.000518044 0.000421842 -0.00104076 -0.00241087 9.80274e-05 -0.00175803 -0.00231117
internal_weight=0 150 110 2490 2419 101 2318 2036 2006 282 128 154 78 71
internal_count=2640 150 110 2490 2419 101 2318 2036 2006 282 128 154 78 71
is_linear=0
shrinkage=0.03


Tree=460
num_leaves=19
num_cat=0
split_feature=18 3 0 8 14 3 8 14 14 3 3 3 3 0 0 3 14 0
split_gain=0.805953 1.32151 1.11182 0.891739 3.15531 1.25698 1.00435 0.842432 1.33297 0.804582 1.29173 0.832518 2.03981 0.668772 0.537646 0.527782 0.289304 0.0775022
threshold=4.5000000000000009 0.35670000000000007 0.97905000000000009 0.20095000000000002 -0.15508426966292135 0.11230000000000001 0.15900000000000003 -0.2838134831460673 -0.17582359550561785 0.0059500000000000013 0.0032500000000000007 0.0070500000000000007 0.0089000000000000017 0.30040000000000006 0.93885000000000007 0.0022500000000000007 0.0050865168539325776 0.8822000000000001
decision_type=2 2 2 2 2 2 2 2 2 2 2 2 2 2 2 2 2 2
left_child=2 3 9 5 -5 7 -7 17 -9 10 14 -11 -13 -14 15 -1 -12 -2
right_child=1 -3 -4 4 -6 6 -8 8 -10 11 16 12 13 -15 -16 -17 -18 -19
leaf_value=-0.0036050960594197598 -0.0019976945427347165 0.0039468263130059793 0.0044567961628464133 -0.010864889221982314 -0.0019976945427347165 0.0028075824634626856 -0.0019976945427347165 0.0027972229679627033 -0.00039649785276046337 0.0022822996490834148 -0.0068839367928312106 -0.006131051849065856 -0.00073726550510849395 0.00090368716088495003 0.0022822996490834148 0.00057585756235001403 -0.003074737905622705 0.00028231315205202382
leaf_weight=41 47 51 55 39 93 43 210 151 532 34 34 44 308 815 33 42 38 34
leaf_count=41 47 51 55 39 93 43 210 151 532 34 34 44 308 815 33 42 38 34
internal_value=0 -0.000778591 0.00027345 -0.000988335 -0.00330815 -0.000687238 -0.00199769 -5.68899e-05 0.000309581 0.000107803 -0.00171713 0.000393472 0.000205365 0.000453631 0.000242007 -0.00113058 -0.00487353 -0.00199769
internal_weight=0 1200 1444 1149 132 1017 253 764 683 1389 188 1201 1167 1123 116 83 72 81
internal_count=2644 1200 1444 1149 132 1017 253 764 683 1389 188 1201 1167 1123 116 83 72 81
is_linear=0
shrinkage=0.03


Tree=461
num_leaves=19
num_cat=0
split_feature=18 3 1 15 7 14 3 8 0 0 13 3 8 7 0 14 3 0
split_gain=0.77878 1.24822 1.13732 1.06396 1.84178 1.8974 1.37614 1.31687 0.992529 0.947316 0.830081 0.821911 0.797829 1.19314 1.15432 0.482063 0.383107 0.493363
threshold=4.5000000000000009 0.35670000000000007 0.53665000000000007 5.636198876404495 -0.46834999999999999 -0.28808426966292128 0.15055000000000004 0.20320000000000002 0.081650000000000014 0.97905000000000009 -1.2509112359550565 0.0059500000000000013 0.19185000000000002 -0.34939999999999999 0.30040000000000006 0.029631460674157343 0.0031000000000000008 0.93885000000000007
decision_type=2 2 2 2 2 2 2 2 2 2 2 2 2 2 2 2 2 2
left_child=2 3 9 4 -2 -6 -7 8 -5 11 -10 16 14 -14 -13 -4 17 -1
right_child=1 -3 15 7 5 6 -8 -9 10 -11 -12 12 13 -15 -16 -17 -18 -19
leaf_value=-0.0011220397672835078 0.0067324929853731933 0.0038284216859542273 -0.0058041029122840567 -0.0047053270244615808 -0.007326039446251733 0.00042998977663262592 -0.0038732648043373189 -0.0078069365007633505 -0.00033966621934286746 0.0043230922191657807 -0.0029477858262588193 0.00035659943271434529 0.00035659943271434529 -0.001443417341197341 0.0021050282996189448 -0.001443417341197341 -0.001443417341197341 0.0023137464775056221
leaf_weight=68 33 51 37 30 35 509 77 33 306 55 126 234 140 271 504 37 65 33
leaf_count=68 33 51 37 30 35 509 77 33 306 55 126 234 140 271 504 37 65 33
internal_value=0 -0.000764094 0.00027006 -0.000967939 -0.000173724 -0.000540721 -0.000135455 -0.00201727 -0.00160372 0.000465735 -0.00119024 0.000304401 0.000591284 -0.000468027 0.00118123 -0.00335257 -0.00144342 0.000429239
internal_weight=0 1200 1444 1149 654 621 586 495 462 1370 432 1315 1149 411 738 74 166 101
internal_count=2644 1200 1444 1149 654 621 586 495 462 1370 432 1315 1149 411 738 74 166 101
is_linear=0
shrinkage=0.03


Tree=462
num_leaves=20
num_cat=0
split_feature=15 3 15 12 16 3 8 3 5 7 3 1 3 13 13 7 3 7 0
split_gain=0.631503 2.31718 1.27887 1.26533 2.76378 1.267 1.3415 0.986751 0.94065 0.831806 0.79071 0.510277 0.86847 0.543128 0.499176 1.69369 1.30494 0.348994 0.193917
threshold=5.636198876404495 0.35670000000000007 1.856041011235954 -1.6266842696629238 -27.153139325842798 0.11480000000000001 0.20000000000000004 0.052800000000000007 0.31340000000000007 -0.34824999999999995 0.19675000000000001 0.53665000000000007 0.00090000000000000008 2.2316573033707869 1.9001398876404496 -0.46454999999999996 0.37115000000000004 -0.32264999999999994 0.8822000000000001
decision_type=2 2 2 2 2 2 2 2 2 2 2 2 2 2 2 2 2 2 2
left_child=2 3 11 7 -5 6 -6 17 9 -9 -7 12 -1 -13 15 -14 -16 -2 -19
right_child=1 -3 -4 4 5 10 -8 8 -10 -11 -12 13 14 -15 16 -17 -18 18 -20
leaf_value=0.0041430482199970396 0.0017120420706487492 0.006549407405157884 0.0057911567248936213 -0.010785978743506053 -0.0001765503238240201 -0.007106033849036868 -0.0067920588105916981 0.008290669424459338 -0.0018833814878016712 0.0019477801422151375 -0.002025251580402255 -0.0043275323545729572 0.0057668476018051685 -0.00099670138764137517 -0.00075752289345959391 0.00017506353995906044 0.0055177928199390729 -0.00337390045573314 -0.00090661281388701681
leaf_weight=47 32 36 35 31 343 51 30 30 30 49 60 55 52 42 786 780 31 45 79
leaf_count=47 32 36 35 31 343 51 30 30 30 49 60 55 52 42 786 780 31 45 79
internal_value=0 -0.000891949 0.000111757 -0.0012354 -0.00210215 -0.00154595 -0.000708629 0.000449046 0.00263908 0.00435647 -0.00435967 8.92659e-07 0.000121927 -0.00211533 7.31608e-06 0.00052455 -0.000519414 -0.00108117 -0.001802
internal_weight=0 816 1828 780 515 484 373 265 109 79 111 1793 1696 97 1649 832 817 156 124
internal_count=2644 816 1828 780 515 484 373 265 109 79 111 1793 1696 97 1649 832 817 156 124
is_linear=0
shrinkage=0.03


Tree=463
num_leaves=23
num_cat=0
split_feature=18 1 0 14 15 12 7 0 16 7 13 7 5 14 17 7 14 0 17 14 0 12
split_gain=0.713371 1.02263 0.886692 0.850752 1.72676 5.30624 0.991163 1.73149 2.65161 0.879856 0.516434 0.508912 0.488381 0.449723 0.394785 0.710129 0.450592 0.32817 0.242447 0.314031 0.0851807 0.388822
threshold=4.5000000000000009 0.53665000000000007 0.97905000000000009 0.36067640449438215 26.914562359550562 -1.5357831460674143 -0.4713 0.096300000000000011 1.0000000180025095e-35 -0.38239999999999991 2.0710887640449429 -0.30234999999999995 0.41350000000000003 0.029631460674157343 0.016777528089887642 -0.35774999999999996 -0.43491348314606731 0.37145 -0.004324157303370795 -0.18595393258426959 0.56540000000000012 2.0576179775280932
decision_type=2 2 2 2 2 2 2 2 2 2 2 2 2 2 2 2 2 2 2 2 2 2
left_child=1 2 11 6 5 17 -2 8 -8 12 -11 14 -9 -3 16 -16 -1 -5 -13 -20 -6 -22
right_child=3 13 -4 4 20 -7 7 9 -10 10 -12 18 -14 -15 15 -17 -18 -19 19 -21 21 -23
leaf_value=0.0022314419868101425 0.004696377924479106 -0.0055493495301217645 0.0041754311398941677 -0.0035970618650317194 -0.00090634014381437875 -0.015843801055103541 -0.0025649511188522212 0.0020887961758985908 -0.010944694709731265 0.00011970916814511646 -0.0015180471263317342 -0.0013667908953150817 0.00068382378286355563 -0.0013667908953150817 0.0022314419868101425 -0.00013133672156261385 0.0001242340674342693 0.00034311423472200447 -0.0013667908953150817 -0.00013133672156261385 0.0030931355639432483 -0.00010631481443872203
leaf_weight=69 34 37 55 30 49 30 32 95 40 403 304 100 54 37 66 108 795 52 41 136 39 38
leaf_count=69 34 37 55 30 49 30 32 95 40 403 304 100 54 37 66 108 795 52 41 136 39 38
internal_value=0 0.000257993 0.00044354 -0.000731779 -0.00233773 -0.00504807 -0.000334466 -0.000518786 -0.00498694 -0.000142959 -0.000584503 0.000287453 0.00195215 -0.00317712 0.000592327 0.00189605 0.000329772 -0.00109841 -0.000855001 -0.000131337 7.14686e-05 0.000693711
internal_weight=0 1444 1370 1200 238 112 962 928 72 856 707 1315 149 74 1038 174 864 82 277 177 126 77
internal_count=2644 1444 1370 1200 238 112 962 928 72 856 707 1315 149 74 1038 174 864 82 277 177 126 77
is_linear=0
shrinkage=0.03


Tree=464
num_leaves=21
num_cat=0
split_feature=18 1 8 14 15 0 0 8 7 14 14 17 7 14 7 8 15 0 15 14
split_gain=0.672352 0.960008 0.875706 2.9858 0.883132 0.832244 0.535644 0.985776 0.485312 0.425989 0.402208 0.387674 0.675032 0.428084 0.334791 0.306953 0.17699 0.107432 0.0445167 0.0317301
threshold=4.5000000000000009 0.53665000000000007 0.20095000000000002 -0.15508426966292135 10.523291011235957 0.97905000000000009 0.096300000000000011 0.16270000000000004 -0.30234999999999995 -0.0049134831460674313 -0.15508426966292135 0.016777528089887642 -0.35774999999999996 -0.43491348314606731 -0.46834999999999999 0.1867 26.914562359550562 0.88640000000000019 -10.080393258426964 0.65695730337078662
decision_type=2 2 2 2 2 2 2 2 2 2 2 2 2 2 2 2 2 2 2 2
left_child=1 5 4 -4 6 8 14 -8 11 -3 -9 13 -13 -1 -2 -10 -6 19 -17 -18
right_child=2 9 3 -5 16 -7 7 10 15 -11 -12 12 -14 -15 -16 18 17 -19 -20 -21
leaf_value=0.0021668115330042655 -0.00069388916350399848 -0.0058325165456626559 -0.010352086486438147 -0.0017161406378743756 -0.0017161406378743756 0.0040501682560319411 0.0045316762338451881 0.0010507710524670518 -0.00012550903109455382 -0.0013193529737601322 -0.00048090788762051212 0.0021668115330042655 -0.00012550903109455382 0.00012050706126402078 -0.0017161406378743756 -0.00072243100242734299 -0.0004818950192827099 0.00084163128926947309 -0.0013193529737601322 -0.0014853692454759215
leaf_weight=69 38 30 39 93 71 55 47 234 77 44 453 66 108 795 74 39 53 37 161 61
leaf_count=69 38 30 39 93 71 55 47 234 77 44 453 66 108 795 74 39 53 37 161 61
internal_value=0 0.000254898 -0.000705997 -0.0030112 -0.000421085 0.000434673 3.22241e-05 0.000328362 0.000283455 -0.00307338 4.07993e-05 0.000581176 0.0018731 0.000320996 -0.00171614 -0.000832194 -0.00171614 -0.000562964 -0.00131935 -0.00101884
internal_weight=0 1444 1200 132 1068 1370 846 734 1315 74 687 1038 174 864 112 277 222 151 200 114
internal_count=2644 1444 1200 132 1068 1370 846 734 1315 74 687 1038 174 864 112 277 222 151 200 114
is_linear=0
shrinkage=0.03


Tree=465
num_leaves=17
num_cat=0
split_feature=15 16 12 5 8 12 3 3 3 3 7 15 3 18 6 12
split_gain=2.06845 0.871678 0.901048 0.836264 0.784497 0.527269 0.511581 1.02659 2.61537 1.48866 0.832757 0.877917 0.808849 0.67749 0.402025 0.393033
threshold=-42.048850561797742 -5.8954191011236494 -0.070382022471907377 0.48055000000000009 0.14280000000000001 -0.72932752808988954 0.23790000000000003 0.15205000000000005 0.17570000000000005 0.20650000000000004 -0.44479999999999992 -7.3955247191011235 0.13455000000000003 4.5000000000000009 0.035150000000000008 -0.2988820224719077
decision_type=2 2 2 2 2 2 2 2 2 2 2 2 2 2 2 2
left_child=-1 2 3 4 -2 -6 7 12 -9 -10 11 -8 15 14 -12 -3
right_child=1 6 -4 -5 5 -7 10 8 9 -11 13 -13 -14 -15 -16 -17
leaf_value=0.0072346077091060574 0.0034701549892475745 -0.0026485616866160524 -0.0055443944003094325 -0.0052832376283913612 -0.00023517766979966158 -0.0021613191288748852 -0.0001812503121131418 0.0096782099770811886 -0.0042678125322951621 0.0044855981105116792 -0.0032159248553216458 0.0054106313406030978 -0.0031751432393987969 -0.0046919447963394345 -0.0001812503121131418 0.00067212275300009689
leaf_weight=36 46 33 33 32 807 152 30 39 36 34 40 34 54 59 41 1149
leaf_count=36 46 33 33 32 807 152 30 39 36 34 40 34 54 59 41 1149
internal_value=0 -5.7008e-06 -0.000664215 -0.000508915 -0.000356897 -0.000540468 0.00044918 0.000661508 0.00345247 -1.61559e-05 -0.000950726 0.00188418 0.000415379 -0.00224668 -0.000465569 0.000579413
internal_weight=0 2619 1070 1037 1005 959 1549 1345 109 70 204 64 1236 140 81 1182
internal_count=2655 2619 1070 1037 1005 959 1549 1345 109 70 204 64 1236 140 81 1182
is_linear=0
shrinkage=0.03


Tree=466
num_leaves=18
num_cat=0
split_feature=15 16 12 14 14 3 3 3 1 15 7 3 7 15 18 3 6
split_gain=1.94595 0.821351 0.847796 0.574109 0.638715 1.10759 1.08587 0.477694 1.11142 1.72812 1.17676 0.928943 0.76479 0.834109 0.648829 0.539153 0.379289
threshold=-42.048850561797742 -5.8954191011236494 -0.070382022471907377 -0.18595393258426959 0.36067640449438215 0.25870000000000004 0.11055000000000001 0.23790000000000003 0.0074500000000000009 -7.8332089887640439 -0.3783999999999999 0.042750000000000003 -0.44479999999999992 -7.3955247191011235 4.5000000000000009 0.046950000000000013 0.035150000000000008
decision_type=2 2 2 2 2 2 2 2 2 2 2 2 2 2 2 2 2
left_child=-1 2 3 -2 5 -5 -6 8 9 -3 15 -12 13 -9 16 -10 -14
right_child=1 7 -4 4 6 -7 -8 12 10 -11 11 -13 14 -15 -16 -17 -18
leaf_value=0.0070175696133325501 -0.0035973667660180258 0.0025083687305620752 -0.0053780627589334138 0.00028446699171611492 -0.0047503920392516783 -0.0031926880143177895 0.0019512447070155758 -0.00017885334443209491 0.0010896861346784655 0.010044667154761554 0.0006759370712873875 -0.0012092413096367219 -0.0031194470347836612 0.0052483123828492616 -0.0045511866113076274 0.0025083687305620752 -0.00017885334443209491
leaf_weight=36 51 30 33 794 68 92 32 30 109 32 637 373 40 34 59 164 41
leaf_count=36 51 30 33 794 68 92 32 30 109 32 637 373 40 34 59 164 41
internal_value=0 -5.06679e-06 -0.000644289 -0.000493648 -0.000333111 -7.6592e-05 -0.00260587 0.000436488 0.000641663 0.00456465 0.000452087 -2.02724e-05 -0.00091626 0.0018005 -0.00215821 0.00219964 -0.000415174
internal_weight=0 2619 1070 1037 986 886 100 1549 1345 62 1283 1010 204 64 140 273 81
internal_count=2655 2619 1070 1037 986 886 100 1549 1345 62 1283 1010 204 64 140 273 81
is_linear=0
shrinkage=0.03


Tree=467
num_leaves=21
num_cat=0
split_feature=17 3 13 4 3 3 3 3 13 1 3 7 5 3 12 3 12 1 6 4
split_gain=0.838231 2.56386 2.93416 1.51051 1.05883 0.64213 6.63933 3.49321 1.02841 2.00031 1.64297 0.942386 1.197 0.959684 0.797152 1.9837 1.58602 1.26882 0.578481 0.410945
threshold=-0.025714606741573023 0.023950000000000003 5.178052808988765 0.024400000000000002 0.13965000000000002 0.17060000000000003 0.15205000000000005 0.14580000000000001 -1.4993426966292149 0.062400000000000004 0.28045000000000003 -0.3088499999999999 0.29340000000000005 0.04420000000000001 0.38502921348314351 0.36100000000000004 0.15421685393258325 0.085150000000000017 0.033000000000000008 0.30820000000000003
decision_type=2 2 2 2 2 2 2 2 2 2 2 2 2 2 2 2 2 2 2 2
left_child=1 3 -3 -1 -4 6 7 11 9 10 -7 13 -13 -2 15 16 -10 18 -16 -12
right_child=5 2 4 -5 -6 8 -8 -9 14 -11 19 12 -14 -15 17 -17 -18 -19 -20 -21
leaf_value=0.0017757702430121992 0.0014817507899700939 0.011509261989536192 -0.0015461851333578426 -0.0068623495477118665 0.0057299177981913092 -0.004136635337791494 0.013950366124721062 -0.010200831755995751 0.0011206094663385755 -0.0076348893500187177 0.0049587916152086103 -0.00047343342773820032 -0.0060185682438817379 -7.8639253145721308e-05 -0.0026003844527384408 -0.0050575406325515356 0.0088271363632863066 -0.0055746311752591276 0.0019952884680633221 0.00011229961028983515
leaf_weight=38 597 39 45 35 30 48 31 30 82 55 32 660 37 645 39 32 34 48 67 31
leaf_count=38 597 39 45 35 30 48 31 30 82 55 32 660 37 645 39 32 34 48 67 31
internal_value=0 0.00202394 0.00483492 -0.00236579 0.00136426 -5.93096e-05 0.000174772 -4.2111e-05 -0.00105966 -0.0029565 -0.000638381 0.000115064 -0.000767795 0.000610516 -1.70253e-05 0.00155521 0.00337942 -0.00152801 0.000304428 0.00257401
internal_weight=0 187 114 73 75 2468 2000 1969 468 166 111 1939 697 1242 302 148 116 154 106 63
internal_count=2655 187 114 73 75 2468 2000 1969 468 166 111 1939 697 1242 302 148 116 154 106 63
is_linear=0
shrinkage=0.03


Tree=468
num_leaves=16
num_cat=0
split_feature=15 13 12 8 7 4 14 3 3 14 14 17 3 3 12
split_gain=1.73456 0.556079 1.20564 0.772331 0.819324 0.735437 0.650763 1.02367 0.852086 2.05941 0.829076 0.635292 0.620199 0.429935 0.27849
threshold=-42.048850561797742 2.4782084269662925 0.74281573033707826 0.13650000000000004 -0.34549999999999997 0.12895000000000004 0.36067640449438215 0.11055000000000001 0.25870000000000004 -0.17732359550561785 -0.17732359550561785 -0.0042185393258427064 0.11865000000000002 0.021000000000000001 1.1112595505617977
decision_type=2 2 2 2 2 2 2 2 2 2 2 2 2 2 2
left_child=-1 2 6 -3 11 14 8 13 10 -10 -2 12 -5 -8 -6
right_child=1 3 -4 4 5 -7 7 -9 9 -11 -12 -13 -14 -15 -16
leaf_value=0.0066238853816563883 -0.0012335097703436151 0.0053819766417145722 -0.0058892215129590642 0.0023673648549098454 0.00052096559388872159 -0.0049039817817749512 -0.0025013814297945875 0.0018859694150160065 0.0044095126076324565 -0.0034776958205974566 0.00053736118561659152 0.0029279297437246389 0.00052096559388872159 -0.0073056212328374386 -0.00070668884713199543
leaf_weight=36 296 30 34 173 108 31 38 32 37 153 1213 61 126 30 257
leaf_count=36 296 30 34 173 108 31 38 32 37 153 1213 61 126 30 257
internal_value=0 -6.34753e-06 -0.000292602 0.000661215 0.000473883 -0.000467772 -0.000186829 -0.0025387 -4.84022e-05 -0.00194177 0.000189994 0.0015097 0.000846113 -0.0046209 -9.09981e-05
internal_weight=0 2619 1833 786 756 396 1799 100 1699 190 1509 360 299 68 365
internal_count=2655 2619 1833 786 756 396 1799 100 1699 190 1509 360 299 68 365
is_linear=0
shrinkage=0.03


Tree=469
num_leaves=21
num_cat=0
split_feature=16 5 8 12 17 1 3 17 16 12 4 3 6 13 13 3 8 5 7 12
split_gain=0.941628 0.752155 0.800569 0.960974 0.566963 0.579563 0.548888 0.995092 2.96233 0.737368 1.12341 0.61788 1.55663 2.03956 1.32619 1.09865 0.541799 0.464145 1.12539 0.437768
threshold=-5.8954191011236494 0.48055000000000009 0.14280000000000001 -0.72932752808988954 0.0067814606741573033 0.10295000000000001 0.00065000000000000008 -0.025714606741573023 45.355850561797759 2.0576179775280932 0.27155000000000001 0.17060000000000003 0.039400000000000011 -0.2692134831460668 1.7265202247191029 0.13735000000000003 0.13235000000000005 0.35940000000000005 -0.33469999999999994 -1.5672831460674155
decision_type=2 2 2 2 2 2 2 2 2 2 2 2 2 2 2 2 2 2 2 2
left_child=1 2 -1 4 5 -4 -2 8 -8 10 -10 15 13 -13 -14 16 -9 18 -5 -6
right_child=6 -3 3 17 19 -7 7 11 9 -11 -12 12 14 -15 -16 -17 -18 -19 -20 -21
leaf_value=0.0034018750726903342 -0.0027981117263782855 -0.0051368704042670287 0.001377669571299406 0.001377669571299406 -9.4668253758313633e-05 -0.00064262170287278971 0.01005041498117722 0.0043702724675137184 0.0015045330286599123 0.0038510036168862942 -0.0053621201659552753 -0.008300265880640258 0.0068830188905650916 -0.0007145920509255716 -0.00039570545856381804 0.0049728307642919181 0.00034404299145794994 -0.002801998491780448 -0.0019333892907238961 -0.0018137032132410614
leaf_weight=46 43 32 74 60 404 130 39 31 65 46 32 44 33 116 71 51 1014 44 81 199
leaf_count=46 43 32 74 60 404 130 39 31 65 46 32 44 33 116 71 51 1014 44 81 199
internal_value=0 -0.000606782 -0.000467127 -0.000646536 -0.000199471 0.00116764 0.000545043 0.00063827 0.00272153 0.000722748 -0.000760755 0.00035948 -0.000943408 -0.00280065 0.00191389 0.000673314 0.000463481 -0.0025967 -0.00106478 -0.000661978
internal_weight=0 1070 1038 992 807 204 1585 1542 182 143 97 1360 264 160 104 1096 1045 185 141 603
internal_count=2655 1070 1038 992 807 204 1585 1542 182 143 97 1360 264 160 104 1096 1045 185 141 603
is_linear=0
shrinkage=0.03


Tree=470
num_leaves=28
num_cat=0
split_feature=14 8 3 0 12 16 14 7 3 3 7 1 18 3 1 5 3 4 16 3 0 3 15 4 16 3 12
split_gain=0.854009 1.07406 1.2218 2.37187 2.4429 1.33606 1.27632 0.873099 0.590517 2.70706 1.88879 1.92937 1.93792 1.83461 1.03435 0.836077 0.823512 1.14444 0.970205 0.696703 0.666097 0.543602 0.377751 0.293772 0.376431 0.190536 0.131611
threshold=-0.12995393258426963 0.14055000000000004 0.25665000000000004 0.27555000000000002 0.15421685393258325 -23.968639325842727 -0.17732359550561785 -0.35034999999999994 0.13615000000000002 0.15205000000000005 -0.31149999999999994 0.035750000000000011 4.5000000000000009 0.17515000000000003 0.079100000000000018 0.35940000000000005 0.018400000000000003 0.030600000000000006 28.96344494382021 0.21215000000000003 0.82840000000000014 0.11255000000000003 -8.0048668539325831 0.30820000000000003 7.7131404494380726 0.0062000000000000015 -0.053882022471908535
decision_type=2 2 2 2 2 2 2 2 2 2 2 2 2 2 2 2 2 2 2 2 2 2 2 2 2 2 2
left_child=1 -1 3 4 -3 6 -5 -7 10 -10 11 12 -2 -11 19 -16 22 -18 -19 -15 21 -13 25 -4 -25 -12 -24
right_child=8 2 23 5 -6 7 -8 -9 9 13 16 20 -14 14 15 -17 17 18 -20 -21 -22 -23 26 24 -26 -27 -28
leaf_value=0.0038710457472396747 0.0035066203376132457 -0.0034578613375143277 0.0014150991380315623 -0.0034578613375143277 -0.012163704470857172 0.0014150991380315623 -0.00057658610327241864 -0.00077772608017038451 -0.007292850637162218 0.007330773061141372 -0.00032275735857625919 0.00045962124589702096 0.011267595460333206 -0.0012523905129852961 -0.0012523905129852961 -0.0062009186200289558 0.00040813028653006409 -0.002360311919071067 -0.0082376899338726488 0.0015516779345774051 0.0035066203376132457 0.0021688932331402361 -0.00056916207197755002 -0.0032303697160386943 0.0003563050573598911 -0.0033472130575070255 0.00040813028653006409
leaf_weight=42 44 53 48 77 37 119 154 317 49 30 37 576 37 43 46 44 43 91 35 184 31 91 131 32 33 38 154
leaf_count=42 44 53 48 77 37 119 154 317 49 30 37 576 37 43 46 44 43 91 35 184 31 91 131 32 33 38 154
internal_value=0 -0.000814642 -0.00104085 -0.00148053 -0.00605204 -0.000863679 -0.00270831 0.000113636 0.000322826 -0.000692157 0.000630115 0.00156955 0.00595229 0.000239929 -0.000431129 -0.00315268 -0.000753292 -0.00248086 -0.00399292 0.000647902 0.00106095 0.000831166 5.77074e-05 0.0014151 -0.000702489 -0.00185515 0.00040813
internal_weight=0 912 870 757 90 667 231 436 1704 396 1308 779 81 347 317 90 529 169 126 227 698 667 360 113 65 75 285
internal_count=2616 912 870 757 90 667 231 436 1704 396 1308 779 81 347 317 90 529 169 126 227 698 667 360 113 65 75 285
is_linear=0
shrinkage=0.03


Tree=471
num_leaves=23
num_cat=0
split_feature=17 3 3 4 7 8 7 1 8 1 8 7 3 15 3 7 7 8 4 12 17 12
split_gain=0.507929 0.832569 1.1507 1.18632 1.13539 1.09695 1.02659 1.28403 1.24701 0.68082 3.50722 3.63612 1.16086 1.31991 1.48791 1.64717 0.964984 0.779099 0.574399 0.379101 0.275041 0.233493
threshold=-0.012824157303370802 0.32895000000000008 0.17680000000000004 0.39680000000000004 -0.39629999999999993 0.15900000000000003 -0.32264999999999994 0.29910000000000009 0.18610000000000002 0.051450000000000003 0.19185000000000002 -0.32839999999999997 0.016750000000000004 5.636198876404495 0.23790000000000003 -0.35774999999999996 -0.3088499999999999 0.18310000000000001 0.29375000000000001 -1.5357831460674143 0.0027814606741572994 -1.6643820224719084
decision_type=2 2 2 2 2 2 2 2 2 2 2 2 2 2 2 2 2 2 2 2 2 2
left_child=1 2 3 6 -5 -4 7 -1 -8 12 16 -12 -2 14 15 -14 18 -18 -11 21 -16 -15
right_child=9 -3 5 4 -6 -7 8 -9 -10 10 11 -13 13 19 20 -17 17 -19 -20 -21 -22 -23
leaf_value=0.0023613406143906967 0.00021355408733591278 0.0039383675613041428 -0.0004097063464578241 -0.002195434247217748 -0.0088068427443504342 -0.0071688975794042672 -0.0002750581848076032 -0.0002750581848076032 -0.002195434247217748 0.00021355408733591278 -0.0031966034702481877 -0.014222063453977597 0.0086632533389557568 0.0010438068429173171 0.00021355408733591278 0.0028262152070624323 -0.0011744039579258145 -0.0031966034702481877 -0.0011744039579258145 0.00021355408733591278 0.0026658849033216634 0.0038121009139078007
leaf_weight=244 293 35 40 37 30 47 128 210 211 399 40 34 54 79 61 224 43 70 172 78 45 42
leaf_count=244 293 35 40 37 30 47 128 210 211 399 40 34 54 79 61 224 43 70 172 78 45 42
internal_value=0 -0.000605404 -0.000773336 -0.000440724 -0.00427402 -0.00406122 -0.000116852 0.000815875 -0.00136599 0.000257892 -0.000400415 -0.00660676 0.000827524 0.00174929 0.00279701 0.00396003 0.000213554 -0.00256236 0.000213554 0.000213554 0.000213554 0.0020047
internal_weight=0 982 947 860 67 87 793 454 339 1634 758 74 876 583 384 278 684 113 571 199 106 121
internal_count=2616 982 947 860 67 87 793 454 339 1634 758 74 876 583 384 278 684 113 571 199 106 121
is_linear=0
shrinkage=0.03


Tree=472
num_leaves=22
num_cat=0
split_feature=17 16 4 8 16 1 1 8 3 3 16 4 15 15 15 15 0 16 16 8 3
split_gain=0.477015 0.865883 0.625758 0.824592 2.43658 0.584944 0.581649 3.27717 3.23189 1.07815 1.2714 0.896007 0.793688 0.983932 0.6965 0.463033 0.431464 0.419262 0.322116 0.297564 0.018137
threshold=-0.012824157303370802 -5.8954191011236494 0.0067000000000000011 0.19885000000000003 28.96344494382021 0.2477 0.051450000000000003 0.19140000000000004 0.15055000000000004 0.016750000000000004 32.123080898876317 0.29375000000000001 5.636198876404495 0.61460674157303441 10.228291011235957 -5.7213932584269651 0.27555000000000002 -41.099750561797627 -25.922139325842746 0.16835000000000003 0.04200000000000001
decision_type=2 2 2 2 2 2 2 2 2 2 2 2 2 2 2 2 2 2 2 2 2
left_child=1 5 -3 15 -5 20 9 11 -9 -2 12 -8 13 -11 18 16 -4 -14 -13 -17 -1
right_child=6 2 3 4 -6 -7 7 8 -10 10 -12 14 17 -15 -16 19 -18 -19 -20 -21 -22
leaf_value=-0.0021801690934225913 0.00020675348914283678 0.0038849443536732469 -0.00094550118008476629 -0.0016918982730726297 -0.0087616408895701166 -0.0067152071152363092 0.00020675348914283678 -0.002723236937645636 -0.012732811538955649 0.0015950646443466533 0.0062465735010802746 -0.00088911008495690677 0.0030577373560869469 0.0067830409564359449 -0.00088911008495690677 0.00084241882226494856 0.0008037418111775088 0.00020675348914283678 -0.002723236937645636 -0.0016918982730726297 -0.0011454384386419287
leaf_weight=30 293 31 184 38 48 31 493 56 37 297 50 30 53 37 56 43 409 146 86 137 31
leaf_count=30 293 31 184 38 48 31 493 56 37 297 50 30 53 37 56 43 409 146 86 137 31
internal_value=0 -0.000588878 -0.000302464 -0.000453581 -0.00324025 -0.00335962 0.000247735 -0.00036074 -0.00565323 0.000774247 0.00167246 0.000206753 0.00124336 0.00216978 -0.00198497 -0.000143551 0.000260975 0.000206753 -0.00272324 -0.00147624 -0.00165432
internal_weight=0 982 890 859 86 92 1634 758 93 876 583 665 533 334 172 773 593 199 116 180 61
internal_count=2616 982 890 859 86 92 1634 758 93 876 583 665 533 334 172 773 593 199 116 180 61
is_linear=0
shrinkage=0.03


Tree=473
num_leaves=29
num_cat=0
split_feature=14 8 3 0 12 13 14 17 3 3 1 3 5 3 3 12 3 3 14 3 16 12 3 3 4 16 16 5
split_gain=0.795309 1.01985 1.17159 2.13213 2.31587 1.49997 0.929354 0.839855 0.867657 0.606901 2.43376 2.3686 1.58342 1.37425 1.59335 1.79945 0.62723 1.49485 0.587955 0.50277 0.345514 1.75673 0.474677 0.402991 0.270898 0.3614 0.241118 0.189823
threshold=-0.12995393258426963 0.14055000000000004 0.25665000000000004 0.27555000000000002 0.15421685393258325 -1.9368426966292132 -0.17132359550561785 -0.02005449438202243 0.0031000000000000008 0.15055000000000004 0.051450000000000003 0.18280000000000005 0.28340000000000004 0.023950000000000003 0.033000000000000008 0.71181573033707946 0.00090000000000000008 0.0014500000000000001 0.15391573033707864 0.037600000000000001 29.233444943820249 1.5618157303370774 0.0079000000000000025 0.11670000000000001 0.30820000000000003 7.7131404494380726 -10.558919101123648 0.31590000000000007
decision_type=2 2 2 2 2 2 2 2 2 2 2 2 2 2 2 2 2 2 2 2 2 2 2 2 2 2 2 2
left_child=1 -1 3 4 -3 6 -5 8 -2 13 12 -12 -11 16 -15 -16 -9 -18 -14 -7 21 -10 -22 -24 -4 -26 -13 -23
right_child=7 2 24 5 -6 19 -8 9 20 10 11 26 18 14 15 -17 17 -19 -20 -21 22 27 23 -25 25 -27 -28 -29
leaf_value=0.0037875249835529496 0.003778780134056102 -0.0033043883234750702 0.0013943650422880444 -0.0033043883234750702 -0.011733329580543008 -0.00085438110769830565 -0.00033651772479673748 0.0034197478541838269 -0.0079220671943192808 0.0076311955543325672 -0.010303819097977663 -0.0032322344401987586 0.0020934014381414436 0.0069496189091693269 0.00051684478322233977 0.0049739986802627032 -0.0064627197809407812 7.6792857589226676e-05 -0.00091403395742765947 0.0010715488564124792 -0.0039518909801595972 0.0017346998608925124 0.00053951483984876947 -0.0023991091755617938 -0.0031319491060276049 0.00037288193522044903 -0.00091403395742765947 -0.0013754125782533696
leaf_weight=42 33 53 48 77 37 277 95 42 38 34 35 41 83 55 353 106 34 421 50 218 35 33 168 56 32 33 49 38
leaf_count=42 33 53 48 77 37 277 95 42 38 34 35 41 83 55 353 106 34 421 50 218 35 33 168 56 32 33 49 38
internal_value=0 -0.000778372 -0.000998795 -0.00142965 -0.00576397 -0.000844805 -0.00325825 0.000319308 -0.000881265 0.000688786 -0.00051595 -0.00368166 0.0018536 0.00103674 0.00212436 0.00154617 -8.8075e-05 -0.000411874 0.000376615 -6.19377e-06 -0.00129915 -0.00271614 -0.00070281 -0.000195141 0.00139437 -0.000648601 -0.00110638 7.01326e-05
internal_weight=0 912 870 757 90 667 172 1704 401 1303 292 125 167 1011 514 459 497 455 133 495 368 109 259 224 113 65 90 71
internal_count=2616 912 870 757 90 667 172 1704 401 1303 292 125 167 1011 514 459 497 455 133 495 368 109 259 224 113 65 90 71
is_linear=0
shrinkage=0.03


Tree=474
num_leaves=31
num_cat=0
split_feature=14 3 4 13 13 0 14 17 3 3 1 3 5 3 15 12 1 3 3 14 3 16 3 16 3 14 16 12 3 3
split_gain=0.745955 1.00372 1.0636 1.04513 2.3693 0.976246 1.30453 0.790214 0.816379 0.57105 2.26215 2.24158 1.4973 1.29303 1.63049 2.31948 0.698778 0.590161 1.40651 0.559264 0.519863 1.23448 0.942477 0.41353 0.400776 0.36656 0.325094 1.65291 0.446624 0.379174
threshold=-0.12995393258426963 0.25665000000000004 0.30820000000000003 -1.9368426966292132 -3.8334797752808982 0.27555000000000002 -0.33454269662921338 -0.02005449438202243 0.0031000000000000008 0.15055000000000004 0.051450000000000003 0.18280000000000005 0.28340000000000004 0.023950000000000003 -7.4720247191011238 0.070716853932585991 0.055150000000000012 0.00090000000000000008 0.0014500000000000001 0.15391573033707864 0.037600000000000001 32.901350561797763 0.0020500000000000006 7.7131404494380726 0.075750000000000012 -0.17132359550561785 29.233444943820249 1.5618157303370774 0.0079000000000000025 0.11670000000000001
decision_type=2 2 2 2 2 2 2 2 2 2 2 2 2 2 2 2 2 2 2 2 2 2 2 2 2 2 2 2 2 2
left_child=1 3 -3 4 25 6 -5 8 -2 13 12 -12 -11 17 16 -16 -15 -9 -19 -14 22 -22 -7 -4 -8 -1 27 -10 -28 -30
right_child=7 2 23 5 -6 20 24 9 26 10 11 -13 19 14 15 -17 -18 18 -20 -21 21 -23 -24 -25 -26 -27 28 -29 29 -31
leaf_value=-0.0038484132736040324 0.0036654167131266813 0.0052800426509929822 -0.0030379905324298307 -0.0077744749169544984 -0.0092623125719512953 0.0027792989114686002 -0.0015334297544876527 0.0033171555047322595 -0.00768440501886959 0.0074022598959067286 -0.0099947045980287447 -0.0010472781055917344 0.0020305993802935242 0.0075627778216208934 0.0024220035876966473 -0.0029778911807243863 0.0027734836473917728 -0.0062688383197083185 7.4489049369031268e-05 -0.00088428721653063314 0.00017060550668882943 0.006379936163258903 -0.0015334297544876527 0.0017483073210513048 -0.0050721142864362757 -0.00040045241104766122 -0.0038333342240325038 6.8028675995662177e-05 0.0005233294278150424 -0.0023271360002192001
leaf_weight=37 33 48 32 37 43 53 38 42 38 34 35 90 83 58 311 93 52 34 421 50 189 34 224 33 33 111 35 71 168 56
leaf_count=37 33 48 32 37 43 53 38 42 38 34 35 90 83 58 311 93 52 34 421 50 189 34 224 33 33 111 35 71 168 56
internal_value=0 -0.000753351 0.0018931 -0.00112763 -0.00306346 -0.000519499 -0.00310606 0.000309725 -0.000854827 0.000668117 -0.000500495 -0.00355256 0.00178398 0.00100564 0.00206063 0.00117896 0.00529875 -8.54328e-05 -0.000399518 0.000347732 3.91972e-05 0.00111732 -0.00082875 -0.000608024 -0.00153343 -0.00126244 -0.00126017 -0.00263465 -0.000681726 -0.000189287
internal_weight=0 912 113 799 191 608 108 1704 401 1303 292 125 167 1011 514 404 110 497 455 133 500 223 277 65 71 148 368 109 259 224
internal_count=2616 912 113 799 191 608 108 1704 401 1303 292 125 167 1011 514 404 110 497 455 133 500 223 277 65 71 148 368 109 259 224
is_linear=0
shrinkage=0.03


Tree=475
num_leaves=28
num_cat=0
split_feature=14 3 4 3 12 3 3 3 15 3 8 1 7 15 7 3 3 15 15 17 8 14 12 1 15 4 12
split_gain=0.942027 0.896434 1.38421 0.999403 0.963677 0.940277 0.729443 0.867216 0.581575 1.89579 2.41512 1.75155 1.80733 0.837824 1.59097 1.39884 1.31982 1.41305 1.26232 1.53048 1.04442 0.873578 0.806112 0.507351 0.486919 0.400932 0.378713
threshold=-0.2838134831460673 0.19675000000000001 0.19590000000000005 0.1082 0.31202921348314488 0.026800000000000004 0.03160000000000001 0.0089000000000000017 -10.040871910112347 0.18280000000000005 0.19900000000000004 0.048800000000000003 -0.29994999999999994 -3.1038719101123493 -0.38884999999999997 0.41800000000000009 0.018650000000000003 -6.3738668539325838 3.5745410112359548 0.016777528089887642 0.20400000000000004 0.089046067415730359 2.0498039325842723 0.039900000000000012 -8.0048668539325831 0.30820000000000003 1.1752595505617995
decision_type=2 2 2 2 2 2 2 2 2 2 2 2 2 2 2 2 2 2 2 2 2 2 2 2 2 2 2
left_child=1 2 4 -4 6 -6 7 -1 9 10 11 12 -2 14 21 18 26 -18 19 -15 -20 24 -13 -8 -10 -3 -16
right_child=8 25 3 -5 5 -7 23 -9 13 -11 -12 22 -14 15 16 -17 17 -19 20 -21 -22 -23 -24 -25 -26 -27 -28
leaf_value=-0.00028680292559006521 0.013002015665894555 0.0043458246707450601 -0.009754673345305491 -0.003426181379762327 -0.003426181379762327 0.0012537049444822164 0.00077783128754659134 0.0052575330063700677 0.00030134364829531736 -0.0040877336883271224 -0.0044202222987743357 0.0031363460882198359 0.0046571729890174853 0.0012041382903113184 -1.8329778838670762e-05 -0.0056553968077059837 -0.0019586944455901784 -0.0072930269060950525 8.3076629196913526e-05 0.0062809470915235572 -0.0053950644243212246 -1.8329778838670762e-05 -0.0005496904798135638 -0.003426181379762327 0.0045204197498689208 -0.00036699851382185111 -0.0027744273931408921
leaf_weight=62 31 32 32 32 72 39 33 43 35 49 42 139 38 489 172 32 207 57 616 60 33 58 58 33 83 33 45
leaf_count=62 31 32 32 32 72 39 33 43 35 49 42 139 38 489 172 32 207 57 616 60 33 58 58 33 83 33 45
internal_value=0 -0.00127936 -0.00188662 -0.0058697 -0.000982659 -0.00315936 0.000430289 0.00198373 0.000282903 0.00139326 0.00226524 0.00332084 0.00743424 7.28341e-05 -0.000792097 0.000534834 -0.0016851 -0.00311043 0.000700182 0.00175898 -0.000195473 0.00164844 0.00188011 -0.0020411 0.003269 0.00195316 -1.83298e-05
internal_weight=0 411 346 64 282 111 171 105 2244 357 308 266 69 1887 657 1230 481 264 1198 549 649 176 197 66 118 65 217
internal_count=2655 411 346 64 282 111 171 105 2244 357 308 266 69 1887 657 1230 481 264 1198 549 649 176 197 66 118 65 217
is_linear=0
shrinkage=0.03


Tree=476
num_leaves=27
num_cat=0
split_feature=14 0 3 3 15 3 8 1 7 15 7 3 3 15 15 8 14 12 14 3 14 3 12 12 7 1
split_gain=0.898667 0.977595 3.38933 1.01404 0.539399 1.77807 2.26551 1.63337 1.71504 0.785846 1.4741 1.31617 1.25657 1.32954 1.18771 0.982692 0.833895 0.764182 0.730577 0.712365 0.533776 1.12602 1.30218 0.354486 0.0950751 0.0707119
threshold=-0.2838134831460673 0.24995000000000003 0.11255000000000003 0.19675000000000001 -10.040871910112347 0.18280000000000005 0.19900000000000004 0.048800000000000003 -0.29994999999999994 -3.1038719101123493 -0.38884999999999997 0.41800000000000009 0.018650000000000003 -6.3738668539325838 3.5745410112359548 0.20400000000000004 0.088001123595505673 2.0498039325842723 -0.12195393258426963 0.13965000000000002 -0.3100426966292133 0.10560000000000001 -0.20338202247190648 1.1752595505617995 -0.32904999999999995 0.10685000000000001
decision_type=2 2 2 2 2 2 2 2 2 2 2 2 2 2 2 2 2 2 2 2 2 2 2 2 2 2
left_child=1 2 -1 20 5 6 7 8 -2 10 16 14 23 -14 18 -16 19 -9 -11 -6 21 22 -3 -12 -22 -18
right_child=4 3 -4 -5 9 -7 -8 17 -10 11 12 -13 13 -15 15 -17 25 -19 -20 -21 24 -23 -24 -25 -26 -27
leaf_value=-0.012946100145578385 0.012611955081022554 -0.00085882423368704346 -0.0024245919965014146 0.0045284106051258271 0.0010080491836098105 -0.0039651018588290534 -0.0042876157589489599 0.00304225573049885 0.0045003116629104929 0.00085479868596354328 -2.1515490063069853e-05 -0.0054857347696088254 -0.001899933681082642 -0.0070742361227932732 8.0584318446246423e-05 -0.0052332125155424526 0.0021305036284029483 -0.00053888185392877909 0.0031128930879513851 0.0059557221148163076 -0.00058416954953880861 -0.0024245919965014146 0.0047640804720944481 -0.002691194417478982 -0.0024245919965014146 -2.1515490063069853e-05
leaf_weight=30 31 106 47 32 55 49 42 139 38 342 172 32 207 57 616 33 30 58 207 50 34 42 57 45 63 41
leaf_count=30 31 106 47 32 55 49 42 139 38 342 172 32 207 57 616 33 30 58 207 50 34 42 57 45 63 41
internal_value=0 -0.00125222 -0.00429947 -0.000549714 0.000273658 0.001343 0.00218747 0.00320985 0.00718205 7.13497e-05 -0.000766322 0.000518789 -0.0016259 -0.00301711 0.000679177 -0.000189609 0.00158287 0.00181858 0.00170621 0.00336408 -0.00108779 -0.000193895 0.00110747 -2.15155e-05 -0.00242459 -2.15155e-05
internal_weight=0 411 77 334 2244 357 308 266 69 1887 657 1230 481 264 1198 649 176 197 549 105 302 205 163 217 97 71
internal_count=2655 411 77 334 2244 357 308 266 69 1887 657 1230 481 264 1198 649 176 197 549 105 302 205 163 217 97 71
is_linear=0
shrinkage=0.03


Tree=477
num_leaves=10
num_cat=0
split_feature=3 3 1 13 3 3 3 18 3
split_gain=0.679634 1.27266 1.46096 0.88584 0.362916 1.22832 0.992058 0.443942 0.347622
threshold=0.00065000000000000008 0.0016000000000000001 0.035150000000000008 -0.51036011235955125 0.0025500000000000006 0.0031000000000000008 0.0034000000000000007 4.5000000000000009 0.015200000000000002
decision_type=2 2 2 2 2 2 2 2 2
left_child=3 2 -2 -1 7 -6 -7 -3 -8
right_child=1 4 -4 -5 5 6 8 -9 -10
leaf_value=0.00097274997017600319 0.0064769255517492606 0.00014815923678589629 -0.00065537575100872508 -0.0055294599117372521 0.0057987864484841172 -0.0050425861345471017 0.00078440674273904569 -0.004044890414965762 -0.00013693868368218879
leaf_weight=33 59 47 46 44 33 35 460 44 1854
leaf_count=33 59 47 46 44 33 35 460 44 1854
internal_value=0 0.000117452 0.0033523 -0.0027428 -1.98947e-05 5.11386e-05 -2.96074e-05 -0.00187925 4.62155e-05
internal_weight=0 2578 105 77 2473 2382 2349 91 2314
internal_count=2655 2578 105 77 2473 2382 2349 91 2314
is_linear=0
shrinkage=0.03


Tree=478
num_leaves=27
num_cat=0
split_feature=14 0 7 7 12 15 15 7 4 0 7 17 15 0 5 14 15 7 5 5 7 0 15 5 12 7
split_gain=0.84698 0.871367 2.2623 0.763855 0.637841 0.502981 0.733545 1.36246 1.17514 1.38858 1.37159 0.83447 0.813398 1.09799 1.01143 0.801463 0.770881 0.559657 1.04337 0.805267 0.610105 0.989056 0.459542 0.28798 0.201685 0.0400034
threshold=-0.2838134831460673 0.24995000000000003 -0.42994999999999994 -0.3783999999999999 0.31202921348314488 -10.040871910112347 -3.1038719101123493 -0.38884999999999997 0.31405000000000005 0.049150000000000006 -0.43159999999999993 -0.0073202247191011252 -6.3738668539325838 0.45270000000000005 0.22360000000000002 0.089046067415730359 0.61460674157303441 -0.29794999999999994 0.26615000000000005 0.19505000000000003 -0.34994999999999993 0.36165000000000008 -8.0048668539325831 0.28385000000000005 -0.47928314606741645 -0.32839999999999997
decision_type=2 2 2 2 2 2 2 2 2 2 2 2 2 2 2 2 2 2 2 2 2 2 2 2 2 2
left_child=1 2 -1 -3 23 17 7 15 10 -10 -8 -12 13 -9 -14 22 -11 18 -2 -19 21 -20 -7 24 -5 -6
right_child=5 3 -4 4 25 6 8 12 9 16 11 -13 14 -15 -16 -17 -18 19 20 -21 -22 -23 -24 -25 -26 -27
leaf_value=-0.0023254112857091225 0.0058163456117224996 0.003509396478735112 -0.010509560006287166 -0.0004926500470381663 -0.00090130254370160391 0.00019939817621239593 0.006603958483382656 -0.0046976612444067818 -0.0056174596223810859 -0.0029440564302843325 -0.00027065323818757956 0.0013242631853190607 -2.5848968182126987e-05 -0.00020601854834794288 -0.0056858267777939678 -2.5848968182126987e-05 -0.00027065323818757956 0.00037273426572530775 0.001396334428378782 -0.0045737362623913206 0.00037273426572530775 0.0034327523594042918 0.0042981536114161988 -0.0017749314916727598 0.00122384552045027 -0.0023254112857091225
leaf_weight=43 50 37 34 30 40 35 37 58 55 59 302 669 30 315 78 58 108 33 92 36 81 65 83 56 103 68
leaf_count=43 50 37 34 30 40 35 37 58 55 59 302 669 30 315 78 58 108 33 92 36 81 65 83 56 103 68
internal_value=0 -0.00121857 -0.0040955 -0.000555326 -0.00106171 0.000262781 6.74218e-05 -0.000741895 0.000499715 -0.00147619 0.000934885 0.000718865 -0.00156828 -0.000904451 -0.00386096 0.00151658 -0.000270653 0.00129539 0.0018768 -0.00113133 0.00104916 0.00241993 0.00308242 2.97609e-05 0.000789631 -0.00232541
internal_weight=0 411 77 334 297 2244 1887 657 1230 222 1008 971 481 373 108 176 167 357 288 69 238 157 118 189 133 108
internal_count=2655 411 77 334 297 2244 1887 657 1230 222 1008 971 481 373 108 176 167 357 288 69 238 157 118 189 133 108
is_linear=0
shrinkage=0.03


Tree=479
num_leaves=16
num_cat=0
split_feature=3 3 1 13 7 5 1 16 17 0 3 1 13 8 5
split_gain=0.651558 1.19314 1.36993 0.815499 0.423991 0.996509 1.57308 0.812756 0.803966 0.868001 0.798084 1.27166 0.73839 0.728717 0.462704
threshold=0.00065000000000000008 0.0016000000000000001 0.035150000000000008 -0.51036011235955125 -0.35034999999999994 0.34515000000000001 0.28680000000000005 30.222860674157236 0.041179775280898868 0.30040000000000006 0.028200000000000006 0.53665000000000007 3.9167595505617965 0.18835000000000005 0.29340000000000005
decision_type=2 2 2 2 2 2 2 2 2 2 2 2 2 2 2
left_child=3 2 -2 -1 8 7 -7 14 10 -10 11 -3 -12 -9 -6
right_child=1 4 -4 -5 5 6 -8 13 9 -11 12 -13 -14 -15 -16
leaf_value=0.00087767223742875181 0.0062711155119794023 0.0047758692629369234 -0.00063540857411799551 -0.0053610421516085893 3.0701649751756721e-05 -0.0019150322963503784 -0.0091028684962657282 3.0701649751756721e-05 3.0701649751756721e-05 0.0060775191588327282 3.0701649751756721e-05 3.0701649751756721e-05 0.0028964486274840858 -0.0019150322963503784 -0.0014568724060628677
leaf_weight=33 59 84 46 44 895 46 32 74 32 45 764 69 85 149 198
leaf_count=33 59 84 46 44 895 46 32 74 32 45 764 69 85 149 198
internal_value=0 0.000113243 0.0032454 -0.00268731 -1.97443e-05 -0.000365339 -0.00366 -0.000170063 0.000426742 0.00338079 0.000199734 0.00224017 3.07016e-05 -0.00184494 3.07016e-05
internal_weight=0 2578 105 77 2473 1394 78 1316 1079 77 1002 153 849 223 1093
internal_count=2655 2578 105 77 2473 1394 78 1316 1079 77 1002 153 849 223 1093
is_linear=0
shrinkage=0.03


Tree=480
num_leaves=16
num_cat=0
split_feature=3 13 15 3 15 3 3 3 3 15 7 4 17 3 15
split_gain=1.24538 1.89387 1.29884 2.14063 1.74838 0.660923 0.759232 2.85549 2.75019 1.55934 1.05811 0.628396 1.16727 0.587188 0.585166
threshold=0.29390000000000011 2.8443550561797761 -1.8483011235955054 0.32895000000000008 0.53354101123595499 0.27420000000000005 0.17570000000000005 0.18280000000000005 0.15205000000000005 10.228291011235957 -0.38239999999999991 0.39680000000000004 -0.02005449438202243 0.13615000000000002 14.504220224719107
decision_type=2 2 2 2 2 2 2 2 2 2 2 2 2 2 2
left_child=5 2 3 -2 -4 6 8 -8 11 10 -9 13 -13 -1 -6
right_child=1 -3 4 -5 14 -7 7 9 -10 -11 -12 12 -14 -15 -16
leaf_value=0.00044671277912386497 -0.0043484031817605413 -0.008472228961331504 -0.0092151597905904045 0.0055762050606591512 0.0017753065227553611 0.004000511694300388 -0.0094764093146659425 0.00061398601124959963 0.0067597850725465147 0.0050643191638352746 -0.0048074562617370651 -0.006853731789372184 -0.00082317661245982375 -0.00082317661245982375 -0.0034284285596899084
leaf_weight=1928 31 35 30 53 41 42 34 81 59 42 54 33 82 56 37
leaf_count=1928 31 35 30 53 41 42 34 81 59 42 54 33 82 56 37
internal_value=0 -0.00205422 -0.000884275 0.00191355 -0.00306036 0.000270106 0.00020397 -0.00151358 0.000371905 1.59979e-05 -0.00155459 0.00019235 -0.00196367 0.000317322 -0.000693132
internal_weight=0 227 192 84 108 2411 2369 211 2158 177 135 2099 115 1984 78
internal_count=2638 227 192 84 108 2411 2369 211 2158 177 135 2099 115 1984 78
is_linear=0
shrinkage=0.03


Tree=481
num_leaves=23
num_cat=0
split_feature=3 7 3 14 15 14 7 16 14 7 5 5 12 12 5 3 5 7 3 14 13 3
split_gain=1.17025 1.81039 1.13196 1.55105 1.43951 0.624735 1.60814 2.35994 1.37678 1.19457 1.77194 0.728442 0.627495 0.612648 0.53351 1.90554 2.54111 0.94995 2.61343 0.802074 0.393597 0.215313
threshold=0.29390000000000011 -0.3542499999999999 0.32895000000000008 0.12491573033707866 -1.8483011235955054 -0.28808426966292128 -0.42994999999999994 29.233444943820249 -0.2254539325842696 -0.34744999999999998 0.26615000000000005 0.30175000000000007 0.2500292134831455 -0.2988820224719077 0.31235000000000007 0.15205000000000005 0.29455000000000003 -0.37404999999999994 0.17060000000000003 -0.09795393258426964 -0.10697977528089807 0.046200000000000012
decision_type=2 2 2 2 2 2 2 2 2 2 2 2 2 2 2 2 2 2 2 2 2 2
left_child=5 2 20 4 -4 6 -1 11 9 -7 -11 13 -13 -8 15 19 -17 21 -19 -10 -2 -16
right_child=1 -3 3 -5 -6 8 7 -9 14 10 -12 12 -14 -15 17 16 -18 18 -20 -21 -22 -23
leaf_value=0.0049346085184732002 -0.0012622774866494265 -0.0083757280131034981 0.0063908524846935525 -0.0046219176734751946 -0.00088708226897698985 0.006623143563809772 -0.0013301994304563622 -0.0087839533267794426 0.0016239166827913972 0.0038031481512910523 -0.0048356878715567295 -0.0059260625036059583 -0.0013301994304563622 0.0016145745741786997 -0.00081434466620627379 0.010599872077134653 0.00042716610300190305 -0.00081434466620627379 -0.0093362079308523492 0.00012544983382341382 -0.0046219176734751946 0.00012544983382341382
leaf_weight=37 33 34 47 30 51 58 73 37 336 51 30 38 41 102 154 39 51 261 36 775 32 292
leaf_count=37 33 34 47 30 51 58 73 37 336 51 30 38 41 102 154 39 51 261 36 775 32 292
internal_value=0 -0.0019926 -0.000868107 0.000769122 0.00260336 0.000260538 -0.000956427 -0.00170546 0.000452167 0.00333653 0.000983153 -0.00067434 -0.00306549 0.000405095 0.00024593 0.000636831 0.00483534 -0.000385931 -0.00175414 0.000296718 -0.00409219 0.00012545
internal_weight=0 227 193 128 98 2411 328 291 2083 139 81 254 79 175 1944 1201 90 743 297 1111 65 446
internal_count=2638 227 193 128 98 2411 328 291 2083 139 81 254 79 175 1944 1201 90 743 297 1111 65 446
is_linear=0
shrinkage=0.03


Tree=482
num_leaves=17
num_cat=0
split_feature=0 16 16 2 1 16 7 13 16 1 18 8 2 4 16 8
split_gain=0.466567 1.23645 0.977758 1.39487 1.22046 0.933952 0.762558 0.602751 0.594023 0.939879 0.374844 0.709302 1.30799 0.37661 0.343213 0.201291
threshold=0.81210000000000016 32.901350561797763 33.094215730337062 0.00045000000000000004 0.28480000000000005 -54.493149438202259 -0.31124999999999997 5.178052808988765 -22.692750561797705 0.072550000000000017 4.5000000000000009 0.19385000000000005 0.00015000000000000004 0.37785000000000007 56.153350561797716 0.18520000000000003
decision_type=2 2 2 2 2 2 2 2 2 2 2 2 2 2 2 2
left_child=2 6 5 4 14 -1 8 -3 -2 -10 11 13 -13 -7 -4 -8
right_child=1 7 3 -5 -6 10 15 -9 9 -11 -12 12 -14 -15 -16 -17
leaf_value=-0.0051423185703254517 0.0015048313966606196 0.0065446629849347203 0.00023792707483629504 -0.0077286610342562189 -0.0043437096794978489 0.00023792707483629504 0.0015048313966606196 0.0014222955839851728 0.0078961327150778061 0.0015048313966606196 0.00023792707483629504 -0.001023022009838959 -0.0071115869323949551 -0.001023022009838959 -0.002052891302330777 0.00023792707483629504
leaf_weight=31 36 44 61 35 30 703 39 39 38 33 636 145 37 131 35 565
leaf_count=31 36 44 61 35 30 703 39 39 38 33 636 145 37 131 35 565
internal_value=0 0.000672833 -0.000196979 -0.00243048 -0.000958758 1.66835e-05 0.000268347 0.00413777 0.00277174 0.00465899 0.000113493 -0.000359754 -0.00205658 1.05362e-05 0.000237927 0.000237927
internal_weight=0 794 1844 161 126 1683 711 83 107 71 1652 1016 182 834 96 604
internal_count=2638 794 1844 161 126 1683 711 83 107 71 1652 1016 182 834 96 604
is_linear=0
shrinkage=0.03


Tree=483
num_leaves=18
num_cat=0
split_feature=5 7 8 4 13 16 13 7 15 7 16 14 17 17 7 8 14
split_gain=0.426163 0.928389 1.56674 0.608957 0.68487 0.762793 1.29768 0.752843 0.524554 0.425057 0.414197 0.380925 0.209872 1.9092 0.751295 0.168985 0.141773
threshold=0.29340000000000005 -0.34104999999999996 0.19515000000000002 0.12700000000000003 2.6403550561797755 32.901350561797763 5.2250528089887647 -0.30104999999999993 -12.385024719101123 -0.3088499999999999 -40.50575056179769 -0.3468134831460673 0.0081797752808988895 0.014679775280898895 -0.30609999999999998 0.17485000000000003 0.65695730337078662
decision_type=2 2 2 2 2 2 2 2 2 2 2 2 2 2 2 2 2
left_child=3 10 9 4 12 7 -7 8 -6 -3 15 -12 -1 14 -14 -2 -13
right_child=1 2 -4 -5 5 6 -8 -9 -10 -11 11 16 13 -15 -16 -17 -18
leaf_value=0.00049302990595885944 8.1383773695829941e-05 -0.0010661449549796962 -0.0081492196700789707 8.1383773695829941e-05 0.0018917829081233656 0.0081917146528356303 0.00049302990595885944 0.00049302990595885944 0.0055102255710345856 -0.0040506118540327212 -0.0010661449549796962 8.1383773695829941e-05 0.0081146815102547398 0.00049302990595885944 0.0026901330244436393 -0.0010661449549796962 -0.0010661449549796962
leaf_weight=401 31 130 33 179 49 43 34 101 51 43 75 981 40 306 54 47 40
leaf_count=401 31 130 33 179 49 43 34 101 51 43 75 981 40 306 54 47 40
internal_value=0 -0.000300329 -0.00215791 0.000463096 0.000904676 0.00218858 0.00472754 0.00121595 0.00329054 -0.00106614 2.56177e-05 8.13838e-05 0.00049303 0.00118188 0.00499845 -0.00106614 8.13838e-05
internal_weight=0 1380 206 1258 1079 278 77 201 100 173 1174 1096 801 400 94 78 1021
internal_count=2638 1380 206 1258 1079 278 77 201 100 173 1174 1096 801 400 94 78 1021
is_linear=0
shrinkage=0.03


Tree=484
num_leaves=16
num_cat=0
split_feature=0 16 16 16 7 13 7 13 16 1 18 8 6 4 8
split_gain=0.377926 1.13306 0.913467 0.876985 0.846693 1.55865 0.678475 0.56759 0.560941 0.887236 0.331084 0.649126 1.0496 0.354188 0.17777
threshold=0.81210000000000016 32.901350561797763 33.094215730337062 -54.493149438202259 -0.41994999999999999 5.1930528089887646 -0.31124999999999997 5.178052808988765 -22.692750561797705 0.072550000000000017 4.5000000000000009 0.19385000000000005 0.017900000000000003 0.37785000000000007 0.18520000000000003
decision_type=2 2 2 2 2 2 2 2 2 2 2 2 2 2 2
left_child=2 6 3 -1 -4 -6 8 -3 -2 -10 11 13 -13 -5 -8
right_child=1 7 4 10 5 -7 14 -9 9 -11 -12 12 -14 -15 -16
leaf_value=-0.0049754039759957987 0.0014031410995875959 0.0062526443566788322 0.00020868348769824302 0.00020868348769824302 -0.0075470661941087905 -0.0016859212410610602 0.0014031410995875959 0.0012819268703102493 0.0075931586226521946 0.0014031410995875959 0.00020868348769824302 -0.00614959120351289 -0.00097969818568397122 -0.00097969818568397122 0.00020868348769824302
leaf_weight=31 36 44 35 703 54 72 39 39 38 33 636 42 140 131 565
leaf_count=31 36 44 35 703 54 72 39 39 38 33 636 42 140 131 565
internal_value=0 0.000600102 -0.000182735 2.3783e-05 -0.00234155 -0.00358053 0.000212897 0.00391701 0.0025976 0.00444628 0.000117593 -0.000345189 -0.00196844 9.04588e-06 0.000208683
internal_weight=0 794 1844 1683 161 126 711 83 107 71 1652 1016 182 834 604
internal_count=2638 794 1844 1683 161 126 711 83 107 71 1652 1016 182 834 604
is_linear=0
shrinkage=0.03


Tree=485
num_leaves=26
num_cat=0
split_feature=15 14 8 14 14 16 7 13 5 7 15 8 16 0 7 7 18 18 14 8 6 5 5 7 1
split_gain=0.732118 0.832991 2.01402 3.62136 0.812007 1.44659 0.948468 0.995491 0.850897 1.20203 0.692774 0.683586 0.517673 1.22472 1.10413 0.642304 0.707058 0.504378 0.336995 1.09118 0.527327 0.40555 0.394373 0.258579 0.143543
threshold=-42.048850561797742 -0.18158426966292132 0.19900000000000004 -0.27054269662921332 0.27495730337078667 22.737249438202358 -0.34549999999999997 5.2250528089887647 0.31430000000000008 -0.32039999999999996 -10.040871910112347 0.16710000000000003 7.7131404494380726 0.88915000000000011 -0.38239999999999991 -0.29044999999999993 4.5000000000000009 4.5000000000000009 -0.34104269662921333 0.18220000000000003 1.0000000180025095e-35 0.33490000000000003 0.21925000000000003 -0.31034999999999996 0.016950000000000003
decision_type=2 2 2 2 2 2 2 2 2 2 2 2 2 2 2 2 2 2 2 2 2 2 2 2 2
left_child=-1 2 18 -4 12 8 10 -8 9 -6 -7 -10 15 14 -14 16 -3 -17 20 21 -2 -20 -21 -22 -15
right_child=1 4 3 -5 5 6 7 -9 11 -11 -12 -13 13 24 -16 17 -18 -19 19 22 23 -23 -24 -25 -26
leaf_value=0.0043155921557370353 -0.0027534698515415995 0.0005659082301512667 -0.0027534698515415995 -0.014022129613906146 0.0031138889216394587 0.003664356485567987 -5.9325250244832464e-05 -0.0054754410266272119 -0.0026860225606684151 -0.0026860225606684151 0.00046729276676359441 -0.0061712480067378939 0.0010118095324320375 0.0044901316294757021 -0.002340005850221912 0.00018515226574783493 0.0023444528267665119 -0.0028671541802651151 0.0054921063916249712 0.00085030310223121292 0.0010547371448774356 0.0014485624671468267 -0.001929544667482592 -0.0014339488804577596 0.0018789456436643379
leaf_weight=34 38 528 63 30 44 100 175 37 31 77 84 81 120 36 224 85 325 67 33 60 64 69 140 30 40
leaf_count=34 38 528 63 30 44 100 175 37 31 77 84 81 120 36 224 85 325 67 33 60 64 69 140 30 40
internal_value=0 -0.000115536 -0.00117954 -0.00518591 0.000157458 -0.000740349 0.00036322 -0.00100459 -0.00261594 -0.000871735 0.00193918 -0.00450031 0.000553753 -0.000330752 -0.0010922 0.000923397 0.00124355 -0.000873244 -0.000321028 0.000231649 -0.00158549 0.00275677 -0.00105616 -0.000114428 0.00311582
internal_weight=0 2581 527 93 2054 629 396 212 233 121 184 112 1425 420 344 1005 853 152 434 302 132 102 200 94 76
internal_count=2615 2581 527 93 2054 629 396 212 233 121 184 112 1425 420 344 1005 853 152 434 302 132 102 200 94 76
is_linear=0
shrinkage=0.03


Tree=486
num_leaves=24
num_cat=0
split_feature=12 3 14 8 14 8 0 3 17 14 4 16 3 0 17 8 5 14 0 1 16 8 16
split_gain=0.898181 0.718858 0.583963 2.15666 3.46671 1.37846 1.09155 0.798735 0.60118 1.22647 2.87789 1.49351 0.543606 1.13995 1.09192 0.84271 2.38127 0.471603 1.6653 0.464314 0.454721 0.451567 0.00166737
threshold=2.0576179775280932 0.061000000000000006 -0.18158426966292132 0.19900000000000004 -0.27054269662921332 0.14540000000000003 0.24995000000000003 0.17060000000000003 0.015281460674157312 0.27495730337078667 0.31435000000000007 -10.558919101123648 0.011100000000000002 0.88915000000000011 -0.0013202247191011205 0.18520000000000003 0.26625000000000004 0.0095865168539325824 0.74225000000000008 0.15135000000000001 7.7131404494380726 0.18970000000000001 26.560249438202337
decision_type=2 2 2 2 2 2 2 2 2 2 2 2 2 2 2 2 2 2 2 2 2 2 2
left_child=2 -2 3 5 -5 -1 22 -8 12 17 11 -11 15 20 -15 19 -17 18 -10 -4 -14 -19 -7
right_child=1 -3 8 4 -6 6 7 -9 9 10 -12 -13 13 14 -16 16 -18 21 -20 -21 -22 -23 -24
leaf_value=0.0055644858336529211 -0.00023392544788939336 -0.0065504652962965117 0.0037850719138181632 -0.0024933414078438716 -0.013601465918123721 -0.001094371876839444 -0.0002433293858443775 0.0025475077206791475 -0.0058120746770873666 0.0010034953933355847 -0.010300539885373676 -0.0048775592802225484 0.0011525503454470844 0.0021556680016788588 0.008444678460946306 -0.00038061269703610809 -0.0082373977529748184 0.0052234860738231371 0.0037928032197735526 0.0002362102680969276 -8.1210281687759886e-05 0.0010290236403718107 -0.0024933414078438716
leaf_weight=37 31 34 42 63 30 39 319 32 32 127 34 56 559 79 32 168 41 33 33 158 518 77 41
leaf_count=37 31 34 42 63 30 39 319 32 32 127 34 56 559 79 32 168 41 33 33 158 518 77 41
internal_value=0 -0.00353796 3.32228e-05 -0.000821607 -0.00499426 7.57316e-06 -0.00046947 0.000304598 0.000274329 -0.000778397 -0.00228534 -0.000796172 0.000532731 0.000857492 0.00375218 -0.000410585 -0.0017427 0.00109021 -0.000935752 0.000981471 0.000559154 0.00228736 -0.00249334
internal_weight=0 65 2550 561 93 468 431 351 1989 392 217 183 1597 1188 111 409 209 175 65 200 1077 110 80
internal_count=2615 65 2550 561 93 468 431 351 1989 392 217 183 1597 1188 111 409 209 175 65 200 1077 110 80
is_linear=0
shrinkage=0.03


Tree=487
num_leaves=17
num_cat=0
split_feature=12 15 14 8 14 17 14 7 15 0 14 7 14 8 5 15
split_gain=0.845401 0.653401 0.88293 1.71516 3.24319 0.565874 1.15398 0.86871 0.751871 0.504376 0.360217 1.93243 0.324866 1.01294 0.393147 0.301035
threshold=2.0576179775280932 -42.048850561797742 -0.18158426966292132 0.19900000000000004 -0.27054269662921332 0.015281460674157312 0.27495730337078667 -0.35774999999999996 10.523291011235957 0.81210000000000016 -0.15232359550561794 -0.44259999999999994 -0.34104269662921333 0.18220000000000003 0.31725000000000009 -10.040871910112347
decision_type=2 2 2 2 2 2 2 2 2 2 2 2 2 2 2 2
left_child=1 -1 3 12 -5 10 7 -7 -8 -2 11 -4 14 -14 -3 -12
right_child=9 2 5 4 -6 6 8 -9 -10 -11 15 -13 13 -15 -16 -17
leaf_value=0.0041638624186024946 -0.0058784543382269993 8.8584297539099401e-05 0.0084661181992851196 -0.0025672385422700656 -0.013193421779200434 0.004940581933187786 -0.0014423825138422486 -9.304366209026839e-05 -0.0062436175490064279 -0.00057741980254650117 0.001325478930273249 0.00035025477158800013 0.0026530222320819601 -0.0010206582860439084 -0.0025672385422700656 0.000157495492692799
leaf_weight=34 35 69 32 63 30 40 182 135 35 30 239 151 102 200 63 1175
leaf_count=34 35 69 32 63 30 40 182 135 35 30 239 151 102 200 63 1175
internal_value=0 3.28466e-05 -2.29779e-05 -0.00111477 -0.00481196 0.000266301 -0.000755046 0.0010575 -0.00221678 -0.00343182 0.000517001 0.00176942 -0.000322519 0.000220121 -0.00156402 0.000354913
internal_weight=0 2550 2516 527 93 1989 392 175 217 65 1597 183 434 302 132 1414
internal_count=2615 2550 2516 527 93 1989 392 175 217 65 1597 183 434 302 132 1414
is_linear=0
shrinkage=0.03


Tree=488
num_leaves=12
num_cat=0
split_feature=12 3 15 3 3 15 8 3 17 3 3
split_gain=0.795768 0.647051 0.614571 0.402618 0.720222 0.579609 2.25361 2.65311 0.535478 0.928045 0.890727
threshold=2.0576179775280932 0.061000000000000006 -42.048850561797742 0.00090000000000000008 0.00040000000000000002 -12.698524719101121 0.19575000000000001 0.023950000000000003 0.0062775280898876304 0.011100000000000002 0.30960000000000004
decision_type=2 2 2 2 2 2 2 2 2 2 2
left_child=2 -2 -1 4 -4 6 7 -5 9 -7 -10
right_child=1 -3 3 5 -6 8 -8 -9 10 -11 -12
leaf_value=0.0040389463568434999 -0.00019419493213776616 -0.0061869528780088704 3.4182266283192134e-06 0.0064639957673161439 0.0057461151680909097 -0.0010422611737270087 -0.0092552459239959722 -0.003223486825485121 -0.0002811994415283654 0.00081839865093693643 -0.0039259353446272705
leaf_weight=34 31 34 57 38 30 312 30 77 843 1064 65
leaf_count=34 31 34 57 38 30 312 30 77 843 1064 65
internal_value=0 -0.00332887 3.25577e-05 -2.15827e-05 0.00198366 -9.34048e-05 -0.00193265 -2.24056e-05 2.33598e-05 0.000396505 -0.000542111
internal_weight=0 65 2550 2516 87 2429 145 115 2284 1376 908
internal_count=2615 65 2550 2516 87 2429 145 115 2284 1376 908
is_linear=0
shrinkage=0.03


Tree=489
num_leaves=15
num_cat=0
split_feature=12 3 15 14 8 14 17 14 4 7 4 3 3 17
split_gain=0.748738 0.60881 0.57825 0.796637 1.53883 3.0627 0.514327 1.08352 2.67909 0.829486 0.493594 0.958605 0.489807 0.41018
threshold=2.0576179775280932 0.061000000000000006 -42.048850561797742 -0.18158426966292132 0.19900000000000004 -0.27054269662921332 0.015281460674157312 0.27495730337078667 0.31435000000000007 -0.35774999999999996 0.37785000000000007 0.17060000000000003 0.36100000000000004 -0.011820224719101128
decision_type=2 2 2 2 2 2 2 2 2 2 2 2 2 2
left_child=2 -2 -1 4 10 -6 12 9 -9 -8 11 -4 13 -5
right_child=1 -3 3 6 5 -7 7 8 -10 -11 -12 -13 -14 -15
leaf_value=0.0039177782088518145 -0.00018836912638958424 -0.0060013443297323053 -0.00049538842671352219 -0.00012396327702787844 -0.0024337888433090208 -0.012724343546666204 0.0048308695562300271 -0.00069946829023480902 -0.0098696837152409209 -8.7802430563088923e-05 -0.0024337888433090208 0.0040755808151307256 0.0032237432004981917 0.00085657574988780879
leaf_weight=34 31 34 340 730 63 30 40 183 34 135 47 47 57 810
leaf_count=34 31 34 340 730 63 30 40 183 34 135 47 47 57 810
internal_value=0 -0.003229 3.1581e-05 -2.09352e-05 -0.00105801 -0.00456 0.000253844 -0.000719874 -0.00213628 0.00103647 -0.000307579 5.97422e-05 0.000492853 0.000391775
internal_weight=0 65 2550 2516 527 93 1989 392 217 175 434 387 1597 1540
internal_count=2615 65 2550 2516 527 93 1989 392 217 175 434 387 1597 1540
is_linear=0
shrinkage=0.03


Tree=490
num_leaves=16
num_cat=0
split_feature=15 15 14 14 3 3 12 6 8 3 3 8 17 18 3
split_gain=1.4801 0.994734 0.628476 0.87059 0.866038 0.650211 0.629725 1.26004 1.18724 0.547693 1.58694 1.33873 1.31163 1.06068 1.04796
threshold=-42.048850561797742 30.472062359550563 0.088001123595505673 0.48391573033707874 0.15205000000000005 0.085450000000000012 -1.5357831460674143 -0.016649999999999998 0.16485000000000002 0.03160000000000001 0.042750000000000003 0.20290000000000002 -0.0076601123595505518 4.5000000000000009 0.028200000000000006
decision_type=2 2 2 2 2 2 2 2 2 2 2 2 2 2 2
left_child=-1 2 9 6 5 -5 8 -8 -4 11 13 14 -12 -11 -2
right_child=1 -3 3 4 -6 -7 7 -9 -10 10 12 -13 -14 -15 -16
leaf_value=0.0068545890683608668 0.0004754465912747583 0.0043282955385885143 0.0053043691007598464 0.0012224948749445339 0.005472884298435279 -0.0032299314942714329 -0.006434618344807878 -0.0011793471129208158 -0.00069999924207759362 0.0019926400692596778 0.0021983226706205608 -0.0062987692002207038 -0.00029978319761593249 0.0082745935897365567 -0.0030655515114867814
leaf_weight=31 683 53 34 146 35 37 47 325 231 59 290 30 544 41 46
leaf_count=31 683 53 34 146 35 37 47 325 231 59 290 30 544 41 46
internal_value=0 0.000260432 0.000175817 -0.000487179 0.00114921 0.000322278 -0.0010472 -0.00184332 7.03725e-05 0.000510645 0.000997062 -8.79242e-05 0.000568863 0.00456824 0.000167666
internal_weight=0 2601 2548 855 218 183 637 372 265 1693 934 759 834 100 729
internal_count=2632 2601 2548 855 218 183 637 372 265 1693 934 759 834 100 729
is_linear=0
shrinkage=0.03


Tree=491
num_leaves=15
num_cat=0
split_feature=15 15 14 14 3 4 3 4 8 17 3 13 8 8
split_gain=1.39294 0.936282 0.590003 0.819139 0.814855 0.850229 0.517707 2.62124 1.2586 1.2028 0.99905 0.480417 1.19909 0.717755
threshold=-42.048850561797742 30.472062359550563 0.088001123595505673 0.48391573033707874 0.15205000000000005 0.22315000000000004 0.03160000000000001 0.030600000000000006 0.20290000000000002 -0.0076601123595505518 0.028200000000000006 -1.5998426966292134 0.20095000000000002 0.17230000000000004
decision_type=2 2 2 2 2 2 2 2 2 2 2 2 2 2
left_child=-1 2 6 11 5 -5 8 -8 10 -9 -2 13 -13 -4
right_child=1 -3 3 4 -6 -7 7 9 -10 -11 -12 12 -14 -15
leaf_value=0.0066489516216660695 0.00046118319276781646 0.0041984466614447668 0.0045141108352690935 0.0012360790770310956 0.0053086980847375734 -0.0042153719668426813 0.007580113862641155 0.0021563958685936321 -0.0061098060477524996 -0.00019507092482142022 -0.0029748500658054512 -0.0009336410119745325 -0.0054575527239720655 -0.00055019384042425139
leaf_weight=31 683 53 30 152 35 31 51 293 30 590 46 389 61 157
leaf_count=31 683 53 30 152 35 31 51 293 30 590 46 389 61 157
internal_value=0 0.000251909 0.000169819 -0.000472564 0.00111473 0.000312609 0.000494236 0.00096715 -8.77167e-05 0.000585201 0.000160106 -0.00101578 -0.00154688 0.000262261
internal_weight=0 2601 2548 855 218 183 1693 934 759 883 729 637 450 187
internal_count=2632 2601 2548 855 218 183 1693 934 759 883 729 637 450 187
is_linear=0
shrinkage=0.03


Tree=492
num_leaves=11
num_cat=0
split_feature=15 16 15 8 3 17 3 3 3 3
split_gain=1.31092 0.897216 0.436776 1.46446 1.67524 0.951045 0.576679 0.677406 3.1857 1.61343
threshold=-42.048850561797742 -81.064649438202267 -12.533024719101123 0.19655000000000003 0.015200000000000002 -0.0083202247191011252 0.41800000000000009 0.15205000000000005 0.17570000000000005 0.13965000000000002
decision_type=2 2 2 2 2 2 2 2 2 2
left_child=-1 -2 3 4 -3 -6 7 9 -9 -4
right_child=1 2 6 -5 5 -7 -8 8 -10 -11
leaf_value=0.0064494829096140398 0.0054017456695437437 0.0049061521093972261 0.00025411995263039728 -0.0058586884899388837 -0.0028239321270530976 0.0011806288418802814 -0.0027948831046386707 0.0082628502020250186 0.00045440699947373628 -0.0059905286108780844
leaf_weight=31 30 48 1855 46 52 61 53 54 364 38
leaf_count=31 30 48 1855 46 52 61 53 54 364 38
internal_value=0 0.000243644 0.000183456 -0.00113796 0.000210824 -0.00178365 0.000299163 0.000370121 0.00146315 0.000128765
internal_weight=0 2601 2571 207 161 113 2364 2311 418 1893
internal_count=2632 2601 2571 207 161 113 2364 2311 418 1893
is_linear=0
shrinkage=0.03


Tree=493
num_leaves=11
num_cat=0
split_feature=15 16 15 8 3 8 3 3 3 3
split_gain=1.23404 0.844684 0.421863 1.36688 1.59262 0.92424 0.542598 0.637371 2.99743 1.51808
threshold=-42.048850561797742 -81.064649438202267 -12.533024719101123 0.19655000000000003 0.015200000000000002 0.17155000000000004 0.41800000000000009 0.15205000000000005 0.17570000000000005 0.13965000000000002
decision_type=2 2 2 2 2 2 2 2 2 2
left_child=-1 -2 3 4 -3 -6 7 9 -9 -4
right_child=1 2 6 -5 5 -7 -8 8 -10 -11
leaf_value=0.0062559982370247224 0.0052396933203563093 0.0047589674126356845 0.00024649634126842402 -0.005682927927219957 0.0026744675537338481 -0.0027510210351677908 -0.0027110365649931274 0.0080149646672523691 0.00044077476361193335 -0.0058108129361521838
leaf_weight=31 30 48 1855 46 32 81 53 54 364 38
leaf_count=31 30 48 1855 46 32 81 53 54 364 38
internal_value=0 0.000234873 0.000176473 -0.00112218 0.000180886 -0.00176379 0.000290188 0.000359018 0.00141926 0.000124902
internal_weight=0 2601 2571 207 161 113 2364 2311 418 1893
internal_count=2632 2601 2571 207 161 113 2364 2311 418 1893
is_linear=0
shrinkage=0.03


Tree=494
num_leaves=26
num_cat=0
split_feature=14 8 4 18 14 14 1 16 12 4 1 8 8 17 17 8 8 4 8 4 13 17 12 14 0
split_gain=1.1246 1.17558 1.80328 0.485531 0.41753 0.823437 0.612095 0.708091 0.550921 1.92501 0.865566 0.851878 0.682446 0.40864 2.67431 0.992528 0.602089 0.547204 0.376166 0.522034 0.507263 0.15591 0.0825816 0.0620163 0.00800048
threshold=-0.31581348314606728 0.16905000000000001 0.20740000000000003 5.5000000000000009 0.088001123595505673 0.48391573033707874 0.017050000000000006 55.787850561797775 -1.5357831460674143 0.31435000000000007 0.29910000000000009 0.17880000000000004 0.20245000000000005 -0.012824157303370802 -0.0083202247191011252 0.20000000000000004 0.14280000000000001 0.12025000000000001 0.17830000000000004 0.015200000000000002 2.8250528089887639 0.0062775280898876304 2.0448039325842733 -0.35299887640449434 0.48960000000000009
decision_type=2 2 2 2 2 2 2 2 2 2 2 2 2 2 2 2 2 2 2 2 2 2 2 2 2
left_child=1 -1 3 21 13 8 -7 24 9 11 12 -6 -10 15 -15 18 -16 -18 20 -20 -2 -3 -9 -23 -8
right_child=4 2 -4 -5 5 6 7 22 10 -11 -12 -13 -14 14 16 -17 17 -19 19 -21 -22 23 -24 -25 -26
leaf_value=0.0066185823133723303 -4.6678076212880444e-05 0.0027983992097709892 -0.0040411186776549111 0.0039377143259569439 0.0042458114256151017 0.0048899887637658549 0.0022203933106114465 -0.00028455874434097066 -0.0005197307334169276 -0.0056765342068286944 -0.0051031543969594197 5.7705718812804598e-05 -0.003108654627777826 0.0077920013471789971 0.0041468661950548758 -0.0055359189428629413 0.00079593576791699345 -0.00069487815708893107 -4.6678076212880444e-05 -0.00212632920257426 0.0029137373053825981 -0.0001120951114908645 -0.001881528924054959 0.0015512822460123272 0.0026801744625484045
leaf_weight=44 160 59 46 39 60 33 36 68 278 44 58 161 36 46 37 31 601 351 55 145 73 38 51 43 39
leaf_count=44 160 59 46 39 60 33 36 68 278 44 58 161 36 46 37 31 601 351 55 145 73 38 51 43 39
internal_value=0 0.00213386 0.00125685 0.00261833 8.66799e-05 -0.000438584 0.00111286 0.00047036 -0.000991453 5.38559e-05 -0.0017361 0.00119475 -0.00111415 0.000389434 0.000721083 -0.000350345 0.000392203 0.000246276 2.09081e-05 -0.000933491 0.000840135 0.00162536 -0.000968975 0.000770932 0.00268017
internal_weight=0 269 225 179 2363 864 227 194 637 265 372 221 314 1499 1035 464 989 952 433 200 233 140 119 81 75
internal_count=2632 269 225 179 2363 864 227 194 637 265 372 221 314 1499 1035 464 989 952 433 200 233 140 119 81 75
is_linear=0
shrinkage=0.03


Tree=495
num_leaves=20
num_cat=0
split_feature=3 0 18 12 2 14 3 14 16 14 3 17 4 3 12 3 4 14 1
split_gain=0.686709 1.44782 1.15682 1.10692 1.37227 2.79744 2.30228 1.31297 1.1658 1.07461 0.936831 2.37671 0.977218 1.67224 1.41411 0.815322 0.768824 0.605332 0.383978
threshold=0.11370000000000001 0.029800000000000004 4.5000000000000009 -1.6266842696629238 0.00015000000000000004 -0.083584269662921359 0.15055000000000004 -0.17132359550561785 32.123080898876317 0.17668651685393275 0.11230000000000001 -0.0013202247191011205 0.39680000000000004 0.077300000000000021 0.70340280898876462 0.061000000000000006 0.16820000000000004 0.029631460674157343 0.051450000000000003
decision_type=2 2 2 2 2 2 2 2 2 2 2 2 2 2 2 2 2 2 2
left_child=1 2 -1 16 6 -6 7 -5 18 -9 12 -12 13 15 -15 -3 -2 -7 -8
right_child=3 10 -4 4 5 17 8 9 -10 -11 11 -13 -14 14 -16 -17 -18 -19 -20
leaf_value=-0.0024192106749376246 0.007114145148258943 0.00020318987022331739 -0.0089815975308010811 -0.00015348647192523285 -0.00046356321860882967 -0.0099939043723767801 0.0010440035273303399 0.0090790859335347224 0.0040314162642295873 0.0024007242391817273 0.0062660438753664493 -0.0024192106749376246 -0.0024192106749376246 0.0012971530711312392 0.0081207922705244726 -0.0011073481835583981 0.0015420142643135758 -0.0044385530129529352 -0.00046356321860882967
leaf_weight=30 39 1415 32 37 83 31 159 57 56 35 30 39 61 82 41 138 52 41 175
leaf_count=30 39 1415 32 37 83 31 159 57 56 35 30 39 61 82 41 138 52 41 175
internal_value=0 -0.000242744 -0.00475043 0.000824378 0.000405064 -0.00207195 0.00114483 0.00461903 -4.32903e-06 0.0065384 -8.79949e-05 -0.00241921 5.78546e-05 0.000204514 0.0035717 -6.2172e-05 0.00393007 -0.00683044 -0.000463563
internal_weight=0 1868 62 765 674 155 519 129 390 92 1806 69 1737 1676 123 1553 91 72 334
internal_count=2633 1868 62 765 674 155 519 129 390 92 1806 69 1737 1676 123 1553 91 72 334
is_linear=0
shrinkage=0.03


Tree=496
num_leaves=11
num_cat=0
split_feature=3 3 3 3 12 16 8 7 1 17
split_gain=0.657111 0.63061 1.90969 0.798385 0.780552 0.726609 1.11404 0.615163 0.411467 0.22233
threshold=0.00065000000000000008 0.0016000000000000001 0.0014500000000000001 0.0022500000000000007 -2.0850101123595475 -4.3259191011236444 0.20425000000000001 -0.43159999999999993 0.030150000000000003 0.0072853932584269762
decision_type=2 2 2 2 2 2 2 2 2 2
left_child=8 2 9 -3 -5 6 -6 -7 -1 -2
right_child=1 3 -4 4 5 7 -8 -9 -10 -11
leaf_value=-0.00078942886739969255 0.0012592024400047109 -0.0036001183148385639 0.0088144184676930311 0.0041761833096721343 -0.00037633561065993559 0.0021821384869022842 -0.0056839264164099818 0.00025508151851285542 -0.0051997744918546897 -0.0020272413599013816
leaf_weight=45 44 53 30 42 935 170 37 1212 33 32
leaf_count=45 44 53 30 42 935 170 37 1212 33 32
internal_value=0 0.000139923 0.00240534 4.18688e-05 0.00012243 5.01033e-05 -0.000578374 0.000492129 -0.00265534 -0.000124563
internal_weight=0 2555 106 2449 2396 2354 972 1382 78 76
internal_count=2633 2555 106 2449 2396 2354 972 1382 78 76
is_linear=0
shrinkage=0.03


Tree=497
num_leaves=20
num_cat=0
split_feature=3 12 13 3 17 4 3 12 14 3 17 4 3 3 3 13 17 7 4
split_gain=0.641311 1.04732 1.78735 1.01143 5.74511 1.00939 1.73747 1.32335 1.0455 1.00368 0.927824 0.721084 0.711944 1.89506 1.47634 1.37231 0.727292 0.670449 0.620553
threshold=0.11370000000000001 -1.6266842696629238 -3.100240449438203 0.11230000000000001 -0.0013202247191011205 0.39680000000000004 0.077300000000000021 0.70340280898876462 0.0095865168539325824 0.06795000000000001 -0.016218539325842701 0.16820000000000004 0.17680000000000004 0.21215000000000003 0.15205000000000005 -1.2829112359550556 -0.0035544943820224602 -0.3088499999999999 0.57935000000000014
decision_type=2 2 2 2 2 2 2 2 2 2 2 2 2 2 2 2 2 2 2
left_child=3 11 -3 5 -5 6 9 8 -8 17 -7 -2 14 -14 15 -4 -16 -1 -15
right_child=1 2 12 4 -6 10 7 -9 -10 -11 -12 -13 13 18 16 -17 -18 -19 -20
leaf_value=0.00054427384085144637 0.0068915799030890828 -0.0048555782292452124 0.0051982779937739271 0.0060613406691700216 -0.011400978684138793 -0.0078128825963264502 0.0040905922833754087 0.0078633898682892323 -0.0019374945188259554 -0.0019374945188259554 -0.0019374945188259554 0.0014952184890696047 -0.0054633809214457872 0.0013296315831843803 0.0028413688000291583 -0.00053974790271604431 0.0094472396746277804 -0.00071206313287972478 -0.0029736403693609377
leaf_weight=831 39 54 49 30 39 31 49 41 33 76 30 52 50 267 30 160 30 708 34
leaf_count=831 39 54 49 30 39 31 49 41 33 76 30 52 50 267 30 160 30 708 34
internal_value=0 0.000787026 0.000379157 -0.000244219 -0.00380867 -0.000107506 2.5624e-05 0.0034627 0.00126235 -0.000236147 -0.00390061 0.00380794 0.000835086 -5.48752e-05 0.00199634 0.000805531 0.0061443 -3.36901e-05 0.000843548
internal_weight=0 765 674 1868 69 1799 1738 123 82 1615 61 91 620 351 269 209 60 1539 301
internal_count=2633 765 674 1868 69 1799 1738 123 82 1615 61 91 620 351 269 209 60 1539 301
is_linear=0
shrinkage=0.03


Tree=498
num_leaves=11
num_cat=0
split_feature=3 3 3 3 12 16 8 4 1 16
split_gain=0.609845 0.604375 1.78954 0.740101 0.72634 0.678268 1.05646 0.648478 0.390048 0.178348
threshold=0.00065000000000000008 0.0016000000000000001 0.0014500000000000001 0.0022500000000000007 -2.0850101123595475 -4.3259191011236444 0.20425000000000001 0.010700000000000003 0.030150000000000003 6.8233606741572439
decision_type=2 2 2 2 2 2 2 2 2 2
left_child=8 2 9 -3 -5 6 -6 -7 -1 -2
right_child=1 3 -4 4 5 7 -8 -9 -10 -11
leaf_value=-0.00074438408700128395 -0.0018035838466676068 -0.0034707527543101808 0.0085537591627798965 0.0040237907819183809 -0.00036688941150992723 0.0032425863667352437 -0.0055355004150722479 0.00031829185813833346 -0.0050384089621630579 0.0011398950117555531
leaf_weight=45 32 53 30 42 935 72 37 1310 33 44
leaf_count=45 32 53 30 42 935 72 37 1310 33 44
internal_value=0 0.000131772 0.00234956 3.5779e-05 0.000113344 4.35741e-05 -0.000563637 0.000470643 -0.00256109 -9.94645e-05
internal_weight=0 2555 106 2449 2396 2354 972 1382 78 76
internal_count=2633 2555 106 2449 2396 2354 972 1382 78 76
is_linear=0
shrinkage=0.03


Tree=499
num_leaves=20
num_cat=0
split_feature=3 0 18 12 13 2 14 3 14 3 17 4 3 12 16 3 4 0 17
split_gain=0.608587 1.30738 1.09724 0.982984 1.66889 1.37677 1.88651 1.70661 1.10574 0.887411 2.08501 0.874931 1.47753 1.24395 0.815734 0.770751 0.676306 0.333329 0.0153408
threshold=0.11370000000000001 0.029800000000000004 4.5000000000000009 -1.6266842696629238 -3.100240449438203 0.00015000000000000004 -0.083584269662921359 0.15055000000000004 -0.17132359550561785 0.11230000000000001 -0.0013202247191011205 0.39680000000000004 0.077300000000000021 0.70340280898876462 32.123080898876317 0.061000000000000006 0.16820000000000004 0.38355000000000006 -0.016218539325842701
decision_type=2 2 2 2 2 2 2 2 2 2 2 2 2 2 2 2 2 2 2
left_child=1 2 -1 16 -5 7 -7 8 -6 11 -11 12 15 -14 -9 -3 -2 -8 -13
right_child=3 9 -4 4 5 6 17 14 -10 10 -12 18 13 -15 -16 -17 -18 -19 -20
leaf_value=-0.0023096503114975594 0.0066761729379112905 0.00019690053882219255 -0.0086632300054770885 -0.0046902897198581031 0.00024900601555903753 -0.00011074633958799283 -0.0079879749746572578 -8.2136189891950567e-05 0.0065220799627166027 0.0058747479794546958 -0.0023096503114975594 -0.0023096503114975594 0.001218998765533154 0.0076189422086676267 0.0038600717890741572 -0.0010612110262333454 0.0014500495872030463 -0.0037440917858233055 -0.0010612110262333454
leaf_weight=30 39 1415 32 54 36 74 31 302 85 30 39 31 82 41 56 138 52 36 30
leaf_count=30 39 1415 32 54 36 74 31 302 85 30 39 31 82 41 56 138 52 36 30
internal_value=0 -0.000241438 -0.00452491 0.000763152 0.000368009 0.00080857 -0.00179707 0.00157557 0.00465571 -9.43867e-05 -0.00230965 4.87667e-05 0.000187228 0.00335231 0.000534522 -6.34514e-05 0.00368982 -0.00570768 -0.00230965
internal_weight=0 1868 62 765 674 620 141 479 121 1806 69 1737 1676 123 358 1553 91 67 61
internal_count=2633 1868 62 765 674 620 141 479 121 1806 69 1737 1676 123 358 1553 91 67 61
is_linear=0
shrinkage=0.03


end of trees

feature_importances:
Column_3=2159
Column_14=802
Column_8=751
Column_7=713
Column_15=678
Column_17=641
Column_12=614
Column_16=589
Column_0=569
Column_4=528
Column_13=514
Column_5=364
Column_1=294
Column_6=262
Column_18=256
Column_2=205

parameters:
[boosting: gbdt]
[objective: regression]
[metric: l2]
[tree_learner: serial]
[device_type: cpu]
[data_sample_strategy: bagging]
[data: ]
[valid: ]
[num_iterations: 500]
[learning_rate: 0.03]
[num_leaves: 31]
[num_threads: 4]
[seed: 42]
[deterministic: 0]
[force_col_wise: 0]
[force_row_wise: 0]
[histogram_pool_size: -1]
[max_depth: 6]
[min_data_in_leaf: 30]
[min_sum_hessian_in_leaf: 0.001]
[bagging_fraction: 0.8]
[pos_bagging_fraction: 1]
[neg_bagging_fraction: 1]
[bagging_freq: 5]
[bagging_seed: 400]
[feature_fraction: 0.8]
[feature_fraction_bynode: 1]
[feature_fraction_seed: 30056]
[extra_trees: 0]
[extra_seed: 12879]
[early_stopping_round: 0]
[early_stopping_min_delta: 0]
[first_metric_only: 0]
[max_delta_step: 0]
[lambda_l1: 0]
[lambda_l2: 0]
[linear_lambda: 0]
[min_gain_to_split: 0]
[drop_rate: 0.1]
[max_drop: 50]
[skip_drop: 0.5]
[xgboost_dart_mode: 0]
[uniform_drop: 0]
[drop_seed: 17869]
[top_rate: 0.2]
[other_rate: 0.1]
[min_data_per_group: 100]
[max_cat_threshold: 32]
[cat_l2: 10]
[cat_smooth: 10]
[max_cat_to_onehot: 4]
[top_k: 20]
[monotone_constraints: 1,-1,-1,0,-1,-1,1,-1,-1,1,-1,1,0,0,0,0,0,0,0]
[monotone_constraints_method: basic]
[monotone_penalty: 0]
[feature_contri: ]
[forcedsplits_filename: ]
[refit_decay_rate: 0.9]
[cegb_tradeoff: 1]
[cegb_penalty_split: 0]
[cegb_penalty_feature_lazy: ]
[cegb_penalty_feature_coupled: ]
[path_smooth: 0]
[interaction_constraints: ]
[verbosity: -1]
[saved_feature_importance_type: 0]
[use_quantized_grad: 0]
[num_grad_quant_bins: 4]
[quant_train_renew_leaf: 0]
[stochastic_rounding: 1]
[linear_tree: 0]
[max_bin: 255]
[max_bin_by_feature: ]
[min_data_in_bin: 3]
[bin_construct_sample_cnt: 200000]
[data_random_seed: 175]
[is_enable_sparse: 1]
[enable_bundle: 1]
[use_missing: 1]
[zero_as_missing: 0]
[feature_pre_filter: 1]
[pre_partition: 0]
[two_round: 0]
[header: 0]
[label_column: ]
[weight_column: ]
[group_column: ]
[ignore_column: ]
[categorical_feature: ]
[forcedbins_filename: ]
[precise_float_parser: 0]
[parser_config_file: ]
[objective_seed: 16083]
[num_class: 1]
[is_unbalance: 0]
[scale_pos_weight: 1]
[sigmoid: 1]
[boost_from_average: 1]
[reg_sqrt: 0]
[alpha: 0.9]
[fair_c: 1]
[poisson_max_delta_step: 0.7]
[tweedie_variance_power: 1.5]
[lambdarank_truncation_level: 30]
[lambdarank_norm: 1]
[label_gain: ]
[lambdarank_position_bias_regularization: 0]
[eval_at: ]
[multi_error_top_k: 1]
[auc_mu_weights: ]
[num_machines: 1]
[local_listen_port: 12400]
[time_out: 120]
[machine_list_filename: ]
[machines: ]
[gpu_platform_id: -1]
[gpu_device_id: -1]
[gpu_use_dp: 0]
[num_gpu: 1]

end of parameters

pandas_categorical:null
