tree
version=v4
num_class=1
num_tree_per_iteration=1
label_index=0
max_feature_idx=4
objective=quantile
feature_names=Column_0 Column_1 Column_2 Column_3 Column_4
feature_infos=[0:1] [0:0.94989999999999997] [0:0.69810000000000005] [0:0.67030000000000001] [0:0.87009999999999998]
tree_sizes=618 725 809 724 810 811 794 803 895 796 806 803 804 808 794 886 882 888 895 893 876 810 811 811 810 810 807 809 809 806 811 813 803 806 799 803 788 811 808 807 818 818 897 897 896 897 902 902 892 975 894 976 981 893 980 896 895 888 893 899 898 900 900 906 895 897 898 909 892 883 894 913 895 908 912 907 907 901 890 909 899 910 909 902 906 900 897 913 909 910 900 909 901 907 898 821 1006 1005 1007 902 904 899 904 913 920 1001 906 912 833 921 1009 913 914 926 910 923 1001 921 913 912 834 920 825 922 912 910 908 907 907 835 829 1000 924 926 826 923 904 988 926 903 923 912 910 905 982 889 884 903 999 912 917 912 914 917 823 916 837 905 837 894 826 825 911 910 832 833 837 837 910 915 915 830 825 926 915 828 912 825 917 930 835 914 903 835 903 915 987 914 922 994 909 832 915 840 921 834 834 830 824 921 822 925 819 831 909 915 918 911 921 995 903 917 910 915 920 914 916 916 923 1013 921 909 920 1006 921 925 918 898 904 833 904 890 907 914 985 835 916 912 836 910 1077 993 917 904 920 904 914 916 822 1004 834 833 981 922 920 1009 923 923 843 914 914 921 822 921 845 925 919 998 918 996 924 995 996 928 930 902 911 912 917 907 916 838 926 844 838 898 899 909 913 912 926 837 920 915 997 918 842 841 897 916

Tree=0
num_leaves=6
num_cat=0
split_feature=4 3 4 4 4
split_gain=30.9897 2.34871 1.21704 1.00103 0.0815389
threshold=0.13245000000000004 0.019650000000000004 0.065150000000000013 0.29375000000000001 0.016650000000000002
decision_type=2 2 2 2 2
left_child=1 4 -3 -2 -1
right_child=3 2 -4 -5 -6
leaf_value=1.9719999468326568 1.9044999504089355 1.951149948835373 1.9290999501943589 1.8876999485492707 1.9641999471187592
leaf_weight=32 39 34 24 61 39
leaf_count=32 39 34 24 61 39
internal_value=1.93 1.93965 1.93517 1.9174 1.94331
internal_weight=0 129 58 100 71
internal_count=229 129 58 100 71
is_linear=0
shrinkage=1


Tree=1
num_leaves=7
num_cat=0
split_feature=4 3 4 4 0 0
split_gain=29.6178 2.98029 1.15508 0.558608 0.159781 0.121569
threshold=0.16300000000000003 0.019650000000000004 0.065150000000000013 0.29375000000000001 0.71840000000000004 0.94825000000000015
decision_type=2 2 2 2 2 2
left_child=1 4 -3 -2 -1 -6
right_child=3 2 -4 -5 5 -7
leaf_value=0.019974005019664762 -0.027584998977184295 0.020515501248836516 -0.00087299743294716014 -0.041030999028682708 0.040739999306201938 0.04809000302553177
leaf_weight=21 30 34 32 61 31 20
leaf_count=21 30 34 32 61 31 20
internal_value=0 0.00869565 0.00409091 -0.0133516 0.0129167 0.0138235
internal_weight=0 138 66 91 72 51
internal_count=229 138 66 91 72 51
is_linear=0
shrinkage=0.03


Tree=2
num_leaves=8
num_cat=0
split_feature=4 3 0 4 3 4 0
split_gain=29.0366 3.10957 1.58034 0.558608 0.189394 0.165293 0.0272727
threshold=0.16300000000000003 0.018400000000000003 0.56030000000000013 0.29375000000000001 0.0023500000000000001 0.052500000000000012 0.80525000000000013
decision_type=2 2 2 2 2 2 2
left_child=1 4 -3 -2 -1 -4 -6
right_child=3 2 5 -5 6 -7 -8
leaf_value=0.047519042475700379 -0.026757449007868764 -0.0074468083682656316 0.02365003621137142 -0.039800069057822227 0.029874782008051867 0.010853190272748467 0.041697300502896308
leaf_weight=22 30 20 24 61 20 28 24
leaf_count=22 30 20 24 61 20 28 24
internal_value=0 0.00847826 0.00416667 -0.0133516 0.0131818 0.00692308 0.0143182
internal_weight=0 138 72 91 66 52 44
internal_count=229 138 72 91 66 52 44
is_linear=0
shrinkage=0.03


Tree=3
num_leaves=7
num_cat=0
split_feature=4 3 4 4 0 0
split_gain=29.6178 2.98029 1.15508 0.558608 0.159781 0.121569
threshold=0.16300000000000003 0.019650000000000004 0.065150000000000013 0.29375000000000001 0.71840000000000004 0.94825000000000015
decision_type=2 2 2 2 2 2
left_child=1 4 -3 -2 -1 -6
right_child=3 2 -4 -5 5 -7
leaf_value=0.019598189120122789 -0.025954725537632697 0.019848940482804181 -0.0011724032181412002 -0.03860606698608756 0.038621555866774321 0.045309057790086864
leaf_weight=21 30 34 32 61 31 20
leaf_count=21 30 34 32 61 31 20
internal_value=0 0.00869565 0.00409091 -0.0133516 0.0129167 0.0138235
internal_weight=0 138 66 91 72 51
internal_count=229 138 66 91 72 51
is_linear=0
shrinkage=0.03


Tree=4
num_leaves=8
num_cat=0
split_feature=4 3 0 4 3 4 0
split_gain=29.0366 3.10957 1.58034 0.558608 0.189394 0.165293 0.0272727
threshold=0.16300000000000003 0.018400000000000003 0.56030000000000013 0.29375000000000001 0.0023500000000000001 0.052500000000000012 0.80525000000000013
decision_type=2 2 2 2 2 2 2
left_child=1 4 -3 -2 -1 -4 -6
right_child=3 2 5 -5 6 -7 -8
leaf_value=0.045119862497776227 -0.025176083771503717 -0.0071882320206734214 0.022345066910546153 -0.037447884976504933 0.028390592874206626 0.010562766661110251 0.039087109754106807
leaf_weight=22 30 20 24 61 20 28 24
leaf_count=22 30 20 24 61 20 28 24
internal_value=0 0.00847826 0.00416667 -0.0133516 0.0131818 0.00692308 0.0143182
internal_weight=0 138 72 91 66 52 44
internal_count=229 138 72 91 66 52 44
is_linear=0
shrinkage=0.03


Tree=5
num_leaves=8
num_cat=0
split_feature=4 3 0 4 4 3 3
split_gain=28.4612 2.80391 1.58034 0.558608 0.165293 0.121212 0.0909091
threshold=0.16300000000000003 0.018400000000000003 0.56030000000000013 0.29375000000000001 0.052500000000000012 0.0023500000000000001 0.008550000000000002
decision_type=2 2 2 2 2 2 2
left_child=1 5 -3 -2 -4 -1 -7
right_child=3 2 4 -5 -6 6 -8
leaf_value=0.043766266622842928 -0.024420801258358604 -0.0069725850600532218 0.021674714903229773 -0.036324448427209784 0.010245883661276942 0.027538875087980429 0.033593686843324089
leaf_weight=22 30 20 24 61 28 22 22
leaf_count=22 30 20 24 61 28 22 22
internal_value=0 0.00826087 0.00416667 -0.0133516 0.00692308 0.0127273 0.0136364
internal_weight=0 138 72 91 52 66 44
internal_count=229 138 72 91 52 66 44
is_linear=0
shrinkage=0.03


Tree=6
num_leaves=8
num_cat=0
split_feature=4 3 0 3 0 3 4
split_gain=27.0542 2.00238 1.46433 0.49 0.321238 0.1375 0.0625
threshold=0.11175000000000002 0.018400000000000003 0.30040000000000006 0.12600000000000003 0.7895000000000002 0.077300000000000021 0.016650000000000002
decision_type=2 2 2 2 2 2 2
left_child=1 6 5 -4 -3 -2 -1
right_child=2 4 3 -5 -6 -7 -8
leaf_value=0.035694202975575316 -0.036736445865042558 0.013831491877348378 -0.0064234908522825982 -0.020781792528580922 0.019674471167314515 -0.037634714473714477 0.030631407617411986
leaf_weight=32 20 34 25 20 22 44 32
leaf_count=32 20 34 25 20 22 44 32
internal_value=0 0.0095 -0.0111468 -0.007 0.00535714 -0.0140625 0.013125
internal_weight=0 120 109 45 56 64 64
internal_count=229 120 109 45 56 64 64
is_linear=0
shrinkage=0.03


Tree=7
num_leaves=8
num_cat=0
split_feature=4 3 0 3 0 3 4
split_gain=26.3377 2.00238 1.75384 0.694444 0.321238 0.1375 0.0625
threshold=0.11175000000000002 0.018400000000000003 0.30040000000000006 0.12600000000000003 0.7895000000000002 0.077300000000000021 0.016650000000000002
decision_type=2 2 2 2 2 2 2
left_child=1 6 5 -4 -3 -2 -1
right_child=2 4 3 -5 -6 -7 -8
leaf_value=0.034623376886308059 -0.035634352489091282 0.013416547121027926 -0.0062307861267141178 -0.020158338752723496 0.019084237032295073 -0.036505673039503035 0.029712465388889629
leaf_weight=32 20 34 25 20 22 44 32
leaf_count=32 20 34 25 20 22 44 32
internal_value=0 0.0095 -0.0108716 -0.00633333 0.00535714 -0.0140625 0.013125
internal_weight=0 120 109 45 56 64 64
internal_count=229 120 109 45 56 64 64
is_linear=0
shrinkage=0.03


Tree=8
num_leaves=9
num_cat=0
split_feature=4 3 0 0 4 3 3 1
split_gain=26.7511 2.80391 1.58034 0.603488 0.165293 0.121212 0.0909091 0.0330508
threshold=0.16300000000000003 0.018400000000000003 0.56030000000000013 0.30040000000000006 0.052500000000000012 0.0023500000000000001 0.008550000000000002 0.20785000000000001
decision_type=2 2 2 2 2 2 2 2
left_child=1 5 -3 7 -4 -1 -7 -2
right_child=3 2 4 -5 -6 6 -8 -9
leaf_value=0.040343751228301132 -0.035410502848317947 -0.0075808486782029116 0.020207032286181589 -0.015856510463749768 0.010742423275343154 0.024902392645151965 0.030775560047835313 -0.035915321521027888
leaf_weight=22 39 20 24 32 28 22 22 20
leaf_count=22 39 20 24 32 28 22 22 20
internal_value=0 0.00826087 0.00416667 -0.0126923 0.00692308 0.0127273 0.0136364 -0.0144915
internal_weight=0 138 72 91 52 66 44 59
internal_count=229 138 72 91 52 66 44 59
is_linear=0
shrinkage=0.03


Tree=9
num_leaves=8
num_cat=0
split_feature=4 3 0 3 0 3 0
split_gain=26.403 1.76801 1.46433 0.49 0.321238 0.1375 0.0688892
threshold=0.11175000000000002 0.018400000000000003 0.30040000000000006 0.12600000000000003 0.7895000000000002 0.077300000000000021 0.84310000000000007
decision_type=2 2 2 2 2 2 2
left_child=1 6 5 -4 -3 -2 -1
right_child=2 4 3 -5 -6 -7 -8
leaf_value=0.025925170205970394 -0.034427392111736482 0.01254980887397422 -0.0063661352411729915 -0.019202028203012499 0.017905498952740784 -0.034348187762868403 0.038251059699022982
leaf_weight=26 20 34 25 20 22 44 38
leaf_count=26 20 34 25 20 22 44 38
internal_value=0 0.00925 -0.0111468 -0.007 0.00535714 -0.0140625 0.0126562
internal_weight=0 120 109 45 56 64 64
internal_count=229 120 109 45 56 64 64
is_linear=0
shrinkage=0.03


Tree=10
num_leaves=8
num_cat=0
split_feature=4 3 0 3 0 3 0
split_gain=25.6953 1.76801 1.75384 0.694444 0.321238 0.1375 0.0688892
threshold=0.11175000000000002 0.018400000000000003 0.30040000000000006 0.12600000000000003 0.7895000000000002 0.077300000000000021 0.84310000000000007
decision_type=2 2 2 2 2 2 2
left_child=1 6 5 -4 -3 -2 -1
right_child=2 4 3 -5 -6 -7 -8
leaf_value=0.025147415099791286 -0.033394570348384389 0.012173314607754991 -0.006175151183937801 -0.018625967356922121 0.01736833398415856 -0.033317742129982356 0.037103527908052297
leaf_weight=26 20 34 25 20 22 44 38
leaf_count=26 20 34 25 20 22 44 38
internal_value=0 0.00925 -0.0108716 -0.00633333 0.00535714 -0.0140625 0.0126562
internal_weight=0 120 109 45 56 64 64
internal_count=229 120 109 45 56 64 64
is_linear=0
shrinkage=0.03


Tree=11
num_leaves=8
num_cat=0
split_feature=4 4 1 0 3 0 0
split_gain=24.8348 2.31981 0.856405 0.67366 0.610467 0.100299 0.0541582
threshold=0.16300000000000003 0.052500000000000012 0.20785000000000001 0.6966500000000001 0.018400000000000003 0.34820000000000007 0.84310000000000007
decision_type=2 2 2 2 2 2 2
left_child=1 4 5 -3 6 -2 -1
right_child=2 3 -4 -5 -6 -7 -8
leaf_value=0.02478443957519659 -0.03231820986608288 -0.0047115066748571709 -0.029778999831530147 0.010466783316245353 0.016759129615860322 -0.014395975139988091 0.037067589681787957
leaf_weight=22 42 22 24 26 31 25 37
leaf_count=22 42 22 24 26 31 25 37
internal_value=0 0.00782609 -0.0123626 0.0025 0.0106667 -0.0141045 0.0124576
internal_weight=0 138 91 48 90 67 59
internal_count=229 138 91 48 90 67 59
is_linear=0
shrinkage=0.03


Tree=12
num_leaves=8
num_cat=0
split_feature=4 3 4 0 0 0 4
split_gain=25.0607 1.54821 1.52219 0.321824 0.321238 0.133856 0.124902
threshold=0.11175000000000002 0.018400000000000003 0.29375000000000001 0.36165000000000008 0.7895000000000002 0.84310000000000007 0.40630000000000005
decision_type=2 2 2 2 2 2 2
left_child=1 5 3 -2 -3 -1 -4
right_child=2 4 6 -5 -6 -7 -8
leaf_value=0.023649459459541645 -0.024256209160178361 0.011399726475540755 -0.025664095456635005 -0.0041270546974627609 0.016344510076158003 0.034878394380357086 -0.031222867062028752
leaf_weight=26 22 34 21 26 22 38 40
leaf_count=26 22 34 21 26 22 38 40
internal_value=0 0.009 -0.0108716 -0.006875 0.00535714 0.0121875 -0.0140164
internal_weight=0 120 109 48 56 64 61
internal_count=229 120 109 48 56 64 61
is_linear=0
shrinkage=0.03


Tree=13
num_leaves=8
num_cat=0
split_feature=4 4 1 4 3 0 0
split_gain=23.7766 2.48847 0.856405 0.520833 0.496908 0.110961 0.100299
threshold=0.16300000000000003 0.052500000000000012 0.20785000000000001 0.091450000000000017 0.018400000000000003 0.84310000000000007 0.34820000000000007
decision_type=2 2 2 2 2 2 2
left_child=1 4 6 -3 5 -1 -2
right_child=2 3 -4 -5 -6 -7 -8
leaf_value=0.023331422604154439 -0.030411977558239538 0.011525358780328549 -0.028136825267332046 -0.0012904139361025857 0.015914363933118299 0.034909210159923605 -0.013194173022089402
leaf_weight=22 42 24 24 24 31 37 25
leaf_count=22 42 24 24 24 31 37 25
internal_value=0 0.0073913 -0.0123626 0.001875 0.0103333 0.0119492 -0.0141045
internal_weight=0 138 91 48 90 59 67
internal_count=229 138 91 48 90 59 67
is_linear=0
shrinkage=0.03


Tree=14
num_leaves=8
num_cat=0
split_feature=4 4 4 0 0 3 0
split_gain=23.5071 2.1343 0.90989 0.67366 0.512253 0.496908 0.110961
threshold=0.16300000000000003 0.052500000000000012 0.37555000000000005 0.6966500000000001 0.30040000000000006 0.018400000000000003 0.84310000000000007
decision_type=2 2 2 2 2 2 2
left_child=1 5 4 -3 -2 6 -1
right_child=2 3 -4 -5 -6 -7 -8
leaf_value=0.022631479926029801 -0.027292720509312089 -0.0046405391331995529 -0.02937382172342071 0.00981599381341418 -0.012055099884381157 0.015436933015124752 0.033861933855125904
leaf_weight=22 22 22 46 26 23 31 37
leaf_count=22 22 22 46 26 23 31 37
internal_value=0 0.0076087 -0.012033 0.0025 -0.009 0.0103333 0.0119492
internal_weight=0 138 91 48 45 90 59
internal_count=229 138 91 48 45 90 59
is_linear=0
shrinkage=0.03


Tree=15
num_leaves=9
num_cat=0
split_feature=4 4 3 0 0 1 4 0
split_gain=23.0824 1.5795 1.34301 0.490093 0.321238 0.23892 0.152459 0.0371212
threshold=0.11175000000000002 0.29375000000000001 0.018400000000000003 0.36165000000000008 0.7895000000000002 0.018850000000000002 0.46645000000000009 0.83065000000000011
decision_type=2 2 2 2 2 2 2 2
left_child=2 3 5 -2 -4 -1 -3 -7
right_child=1 6 4 -5 -6 7 -8 -9
leaf_value=0.030067811775421928 -0.022608115402683815 -0.022021883951407004 0.010459581528891215 -0.0035355396669022863 0.014913635865425968 0.021390929294047376 -0.029866810027204638 0.032944981246064084
leaf_weight=20 22 30 34 26 22 24 31 20
leaf_count=20 22 30 34 26 22 24 31 20
internal_value=0 -0.0103211 0.00875 -0.00625 0.00535714 0.0117188 -0.0135246 0.0129545
internal_weight=0 109 120 48 56 64 61 44
internal_count=229 109 120 48 56 64 61 44
is_linear=0
shrinkage=0.03


Tree=16
num_leaves=9
num_cat=0
split_feature=4 4 3 0 0 1 4 0
split_gain=23.0824 1.5795 1.34301 0.490093 0.321238 0.23892 0.152459 0.0371212
threshold=0.11175000000000002 0.29375000000000001 0.018400000000000003 0.36165000000000008 0.7895000000000002 0.018850000000000002 0.46645000000000009 0.83065000000000011
decision_type=2 2 2 2 2 2 2 2
left_child=2 3 5 -2 -4 -1 -3 -7
right_child=1 6 4 -5 -6 7 -8 -9
leaf_value=0.029165777422159273 -0.0219298719406033 -0.021361227432864793 0.010145794083024478 -0.0034294734768952162 0.014466226789463188 0.020749201415225956 -0.0289708057263885 0.031956631808682162
leaf_weight=20 22 30 34 26 22 24 31 20
leaf_count=20 22 30 34 26 22 24 31 20
internal_value=0 -0.0103211 0.00875 -0.00625 0.00535714 0.0117188 -0.0135246 0.0129545
internal_weight=0 109 120 48 56 64 61 44
internal_count=229 109 120 48 56 64 61 44
is_linear=0
shrinkage=0.03


Tree=17
num_leaves=9
num_cat=0
split_feature=4 4 3 0 3 1 4 3
split_gain=21.244 1.86256 1.37143 0.693619 0.267857 0.163636 0.152459 0.0909091
threshold=0.11175000000000002 0.29375000000000001 0.018400000000000003 0.36165000000000008 0.063600000000000004 0.018850000000000002 0.46645000000000009 0.0066500000000000005
decision_type=2 2 2 2 2 2 2 2
left_child=2 3 5 -2 -4 -1 -3 -7
right_child=1 6 4 -5 -6 7 -8 -9
leaf_value=0.028290804099494488 -0.0212719757823852 -0.020720390609878851 0.01546761862573025 -0.0033265892725883616 0.0044556588925745233 0.023806585617611779 -0.028101681554596847 0.019398114649670253
leaf_weight=20 22 30 35 26 21 22 31 22
leaf_count=20 22 30 35 26 21 22 31 22
internal_value=0 -0.0100459 0.00825 -0.005625 0.00482143 0.01125 -0.0135246 0.0122727
internal_weight=0 109 120 48 56 64 61 44
internal_count=229 109 120 48 56 64 61 44
is_linear=0
shrinkage=0.03


Tree=18
num_leaves=9
num_cat=0
split_feature=4 3 1 4 3 1 4 4
split_gain=21.7129 2.08696 0.853627 0.397681 0.329279 0.116206 0.121906 0.111643
threshold=0.16300000000000003 0.042250000000000003 0.11500000000000002 0.068550000000000014 0.018400000000000003 0.018850000000000002 0.024850000000000004 0.37555000000000005
decision_type=2 2 2 2 2 2 2 2
left_child=1 4 7 -3 5 -1 -7 -2
right_child=2 3 -4 -5 -6 6 -8 -9
leaf_value=0.027442079976509649 -0.015404596759954214 0.0087916329087232674 -0.020410593154476749 -0.0020760632792932764 0.015088241690278304 0.02242082748328347 0.019478654868759951 -0.026010224660544035
leaf_weight=20 22 21 34 25 26 26 20 35
leaf_count=20 22 21 34 25 26 26 20 35
internal_value=0 0.00717391 -0.0117033 0.00195652 0.00978261 0.0109091 0.0117391 -0.0139474
internal_weight=0 138 91 46 92 66 46 57
internal_count=229 138 91 46 92 66 46 57
is_linear=0
shrinkage=0.03


Tree=19
num_leaves=9
num_cat=0
split_feature=4 3 0 1 0 1 4 4
split_gain=20.7242 2.44406 1.07714 0.853627 0.179939 0.116206 0.121906 0.111643
threshold=0.16300000000000003 0.018400000000000003 0.56030000000000013 0.11500000000000002 0.73990000000000011 0.018850000000000002 0.024850000000000004 0.37555000000000005
decision_type=2 2 2 2 2 2 2 2
left_child=1 5 -3 7 -4 -1 -7 -2
right_child=3 2 4 -5 -6 6 -8 -9
leaf_value=0.026618817577214363 -0.014942458857155585 -0.0094222646222934282 0.010355791185173881 -0.019798275359842448 0.0090573977096109048 0.021748202658784962 0.018894295222697151 -0.025229917920727714
leaf_weight=20 22 20 23 34 29 26 20 35
leaf_count=20 22 20 23 34 29 26 20 35
internal_value=0 0.00673913 0.00291667 -0.0117033 0.00519231 0.0109091 0.0117391 -0.0139474
internal_weight=0 138 72 91 52 66 46 57
internal_count=229 138 72 91 52 66 46 57
is_linear=0
shrinkage=0.03


Tree=20
num_leaves=9
num_cat=0
split_feature=4 3 0 0 0 4 1 0
split_gain=20.1905 2.31253 1.08674 0.478857 0.226068 0.268254 0.188172 0.133798
threshold=0.13245000000000004 0.018400000000000003 0.30040000000000006 0.6966500000000001 0.78655000000000019 0.0111 0.14630000000000001 0.80525000000000013
decision_type=2 2 2 2 2 2 2 2
left_child=1 4 6 -3 -1 -6 -2 -5
right_child=2 3 -4 7 5 -7 -8 -9
leaf_value=0.017664982707436418 -0.025973020740733748 -0.0006716869331311237 -0.0079344928603944358 0.0088213304490558694 0.029057569788223245 0.025936482306462894 -0.024347514601075346 0.016893841958908404
leaf_weight=20 35 23 38 20 21 24 27 21
leaf_count=20 35 23 38 20 21 24 27 21
internal_value=0 0.00686047 -0.0111 0.0028125 0.0108462 0.00966667 -0.0135484 0.0047561
internal_weight=0 129 100 64 65 45 62 41
internal_count=229 129 100 64 65 45 62 41
is_linear=0
shrinkage=0.03


Tree=21
num_leaves=8
num_cat=0
split_feature=4 3 1 4 4 3 4
split_gain=19.7586 2.44928 0.853627 0.669928 0.36588 0.146003 0.111643
threshold=0.16300000000000003 0.042250000000000003 0.11500000000000002 0.032200000000000006 0.068550000000000014 0.004850000000000001 0.37555000000000005
decision_type=2 2 2 2 2 2 2
left_child=1 3 6 5 -3 -1 -2
right_child=2 4 -4 -5 -6 -7 -8
leaf_value=0.030425514503456159 -0.013985572387423992 0.0079915220767015696 -0.01847390166101491 0.0074145999835687031 -0.0023043045084757607 0.017843165950189043 -0.023693829760883862
leaf_weight=26 22 21 34 32 25 34 35
leaf_count=26 22 21 34 32 25 34 35
internal_value=0 0.00630435 -0.0117033 0.00913043 0.000652174 0.011 -0.0139474
internal_weight=0 138 91 92 46 60 57
internal_count=229 138 91 92 46 60 57
is_linear=0
shrinkage=0.03


Tree=22
num_leaves=8
num_cat=0
split_feature=4 3 1 4 4 3 4
split_gain=19.7586 2.44928 0.853627 0.669928 0.36588 0.146003 0.111643
threshold=0.16300000000000003 0.042250000000000003 0.11500000000000002 0.032200000000000006 0.068550000000000014 0.004850000000000001 0.37555000000000005
decision_type=2 2 2 2 2 2 2
left_child=1 3 6 5 -3 -1 -2
right_child=2 4 -4 -5 -6 -7 -8
leaf_value=0.029512749068352478 -0.013566005215801272 0.0077517764144005236 -0.017919684611184462 0.0071921619840616376 -0.0022351753732214852 0.017307870971683369 -0.022983014868057344
leaf_weight=26 22 21 34 32 25 34 35
leaf_count=26 22 21 34 32 25 34 35
internal_value=0 0.00630435 -0.0117033 0.00913043 0.000652174 0.011 -0.0139474
internal_weight=0 138 91 92 46 60 57
internal_count=229 138 91 92 46 60 57
is_linear=0
shrinkage=0.03


Tree=23
num_leaves=8
num_cat=0
split_feature=4 3 1 4 4 3 4
split_gain=19.7586 2.44928 0.853627 0.669928 0.36588 0.146003 0.111643
threshold=0.16300000000000003 0.042250000000000003 0.11500000000000002 0.032200000000000006 0.068550000000000014 0.004850000000000001 0.37555000000000005
decision_type=2 2 2 2 2 2 2
left_child=1 3 6 5 -3 -1 -2
right_child=2 4 -4 -5 -6 -7 -8
leaf_value=0.028627366596301898 -0.013159025059327232 0.0075192231219685058 -0.017382094072848932 0.0069763971245397904 -0.0021681201120248403 0.016788634842532867 -0.022293524422015622
leaf_weight=26 22 21 34 32 25 34 35
leaf_count=26 22 21 34 32 25 34 35
internal_value=0 0.00630435 -0.0117033 0.00913043 0.000652174 0.011 -0.0139474
internal_weight=0 138 91 92 46 60 57
internal_count=229 138 91 92 46 60 57
is_linear=0
shrinkage=0.03


Tree=24
num_leaves=8
num_cat=0
split_feature=4 3 1 4 4 1 4
split_gain=19.2844 2.26449 0.853627 0.551087 0.36588 0.250733 0.111643
threshold=0.16300000000000003 0.042250000000000003 0.11500000000000002 0.032200000000000006 0.068550000000000014 0.11500000000000002 0.37555000000000005
decision_type=2 2 2 2 2 2 2
left_child=1 3 6 5 -3 -1 -2
right_child=2 4 -4 -5 -6 -7 -8
leaf_value=0.025528873789533234 -0.012764254307547416 0.0072936464283094565 -0.016860631250663467 0.0067671052108035966 -0.0021030765086640923 0.016155389390729979 -0.02162471868935515
leaf_weight=39 22 21 34 32 25 21 35
leaf_count=39 22 21 34 32 25 21 35
internal_value=0 0.00608696 -0.0117033 0.00880435 0.000652174 0.0105 -0.0139474
internal_weight=0 138 91 92 46 60 57
internal_count=229 138 91 92 46 60 57
is_linear=0
shrinkage=0.03


Tree=25
num_leaves=8
num_cat=0
split_feature=4 3 1 4 4 1 4
split_gain=19.2844 2.26449 0.853627 0.551087 0.36588 0.250733 0.111643
threshold=0.16300000000000003 0.042250000000000003 0.11500000000000002 0.032200000000000006 0.068550000000000014 0.11500000000000002 0.37555000000000005
decision_type=2 2 2 2 2 2 2
left_child=1 3 6 5 -3 -1 -2
right_child=2 4 -4 -5 -6 -7 -8
leaf_value=0.024763007575847238 -0.012381326678320993 0.0070748370354601769 -0.016354812313143563 0.0065640920544794883 -0.002039984213404171 0.015670727709008084 -0.020975977128674494
leaf_weight=39 22 21 34 32 25 21 35
leaf_count=39 22 21 34 32 25 21 35
internal_value=0 0.00608696 -0.0117033 0.00880435 0.000652174 0.0105 -0.0139474
internal_weight=0 138 91 92 46 60 57
internal_count=229 138 91 92 46 60 57
is_linear=0
shrinkage=0.03


Tree=26
num_leaves=8
num_cat=0
split_feature=4 3 1 4 4 1 4
split_gain=18.816 2.08696 0.853627 0.443841 0.36588 0.164835 0.111643
threshold=0.16300000000000003 0.042250000000000003 0.11500000000000002 0.032200000000000006 0.068550000000000014 0.11500000000000002 0.37555000000000005
decision_type=2 2 2 2 2 2 2
left_child=1 3 6 5 -3 -1 -2
right_child=2 4 -4 -5 -6 -7 -8
leaf_value=0.024020117348571825 -0.012009886877971361 0.006862591924396368 -0.015864167943749254 0.0063671692928451004 -0.0019787846870020442 0.015200605877737838 -0.020346697814814262
leaf_weight=39 22 21 34 32 25 21 35
leaf_count=39 22 21 34 32 25 21 35
internal_value=0 0.00586957 -0.0117033 0.00847826 0.000652174 0.01 -0.0139474
internal_weight=0 138 91 92 46 60 57
internal_count=229 138 91 92 46 60 57
is_linear=0
shrinkage=0.03


Tree=27
num_leaves=8
num_cat=0
split_feature=4 3 1 4 4 1 4
split_gain=18.1166 2.08696 0.933593 0.443841 0.36588 0.164835 0.125926
threshold=0.16300000000000003 0.042250000000000003 0.10685000000000001 0.032200000000000006 0.068550000000000014 0.11500000000000002 0.37555000000000005
decision_type=2 2 2 2 2 2 2
left_child=1 3 6 5 -3 -1 -2
right_child=2 4 -4 -5 -6 -7 -8
leaf_value=0.023299513828114668 -0.011649590271632218 0.0066567141666644724 -0.015002143883305723 0.0061761542140597479 -0.0019194211463919818 0.014744587701405703 -0.020045757793155396
leaf_weight=39 20 21 37 32 25 21 34
leaf_count=39 20 21 37 32 25 21 34
internal_value=0 0.00586957 -0.0113736 0.00847826 0.000652174 0.01 -0.0138889
internal_weight=0 138 91 92 46 60 54
internal_count=229 138 91 92 46 60 54
is_linear=0
shrinkage=0.03


Tree=28
num_leaves=8
num_cat=0
split_feature=4 3 1 4 4 1 4
split_gain=18.1166 2.08696 0.933593 0.443841 0.36588 0.164835 0.125926
threshold=0.16300000000000003 0.042250000000000003 0.10685000000000001 0.032200000000000006 0.068550000000000014 0.11500000000000002 0.37555000000000005
decision_type=2 2 2 2 2 2 2
left_child=1 3 6 5 -3 -1 -2
right_child=2 4 -4 -5 -6 -7 -8
leaf_value=0.022600528413271235 -0.011300102563483251 0.0064570127416645378 -0.014552079566806552 0.0059908695876379568 -0.0018618385120002222 0.014302250070363533 -0.019444385059360733
leaf_weight=39 20 21 37 32 25 21 34
leaf_count=39 20 21 37 32 25 21 34
internal_value=0 0.00586957 -0.0113736 0.00847826 0.000652174 0.01 -0.0138889
internal_weight=0 138 91 92 46 60 54
internal_count=229 138 91 92 46 60 54
is_linear=0
shrinkage=0.03


Tree=29
num_leaves=8
num_cat=0
split_feature=4 0 1 4 0 1 4
split_gain=17.4305 1.66409 1.19436 0.876552 1.10204 0.707011 0.125926
threshold=0.16300000000000003 0.53380000000000016 0.10685000000000001 0.032200000000000006 0.73990000000000011 0.024300000000000006 0.37555000000000005
decision_type=2 2 2 2 2 2 2
left_child=1 -1 6 5 -5 -3 -2
right_child=2 3 -4 4 -6 -7 -8
leaf_value=-0.0023835375173773521 -0.01096109948657875 0.012722481040594754 -0.014115517179802355 0.01160914336543168 -0.00087004740873334978 0.020895032031336899 -0.018861053507579915
leaf_weight=29 20 23 37 25 24 37 34
leaf_count=29 20 23 37 25 24 37 34
internal_value=0 0.00586957 -0.011044 0.00756881 0.00459184 0.01 -0.0138889
internal_weight=0 138 91 109 49 60 54
internal_count=229 138 91 109 49 60 54
is_linear=0
shrinkage=0.03


Tree=30
num_leaves=8
num_cat=0
split_feature=4 3 0 3 4 1 0
split_gain=16.3212 1.91667 1.32833 0.418051 0.36588 0.219828 0.17129
threshold=0.16300000000000003 0.042250000000000003 0.27480000000000004 0.014050000000000002 0.068550000000000014 0.14630000000000001 0.9406000000000001
decision_type=2 2 2 2 2 2 2
left_child=1 3 5 6 -3 -2 -1
right_child=2 4 -4 -5 -6 -7 -8
leaf_value=0.016356970587960533 -0.019359964392088338 0.005636451398474498 -0.0057118377214053218 0.011331772433044018 -0.0021542576576031691 -0.019242794342009609 0.022787627503737053
leaf_weight=37 34 21 33 35 25 24 20
leaf_count=37 34 21 33 35 25 24 20
internal_value=0 0.00565217 -0.0107143 0.00815217 0.000652174 -0.0134483 0.00973684
internal_weight=0 138 91 92 46 58 57
internal_count=229 138 91 92 46 58 57
is_linear=0
shrinkage=0.03


Tree=31
num_leaves=8
num_cat=0
split_feature=4 3 0 3 4 4 1
split_gain=15.8905 1.75362 1.32833 0.42724 0.3848 0.36588 0.219828
threshold=0.16300000000000003 0.042250000000000003 0.27480000000000004 0.0066500000000000005 0.037600000000000008 0.068550000000000014 0.14630000000000001
decision_type=2 2 2 2 2 2 2
left_child=1 3 6 -1 -5 -3 -2
right_child=2 5 -4 4 -6 -7 -8
leaf_value=0.017965810234983951 -0.018779165460325691 0.0054673578565202609 -0.0055404825897631604 0.011569444840268792 0.012981857831882822 -0.0020896299278750719 -0.018665510511749316
leaf_weight=38 34 21 33 33 21 25 24
leaf_count=38 34 21 33 33 21 25 24
internal_value=0 0.00543478 -0.0107143 0.00782609 0.00611111 0.000652174 -0.0134483
internal_weight=0 138 91 92 54 46 58
internal_count=229 138 91 92 54 46 58
is_linear=0
shrinkage=0.03


Tree=32
num_leaves=8
num_cat=0
split_feature=4 3 0 4 4 3 1
split_gain=15.4656 1.59783 1.32833 0.43125 0.36588 0.328507 0.219828
threshold=0.16300000000000003 0.042250000000000003 0.27480000000000004 0.032200000000000006 0.068550000000000014 0.004850000000000001 0.14630000000000001
decision_type=2 2 2 2 2 2 2
left_child=1 3 6 5 -3 -1 -2
right_child=2 4 -4 -5 -6 -7 -8
leaf_value=0.02272240949232603 -0.018215790496515918 0.0053033371208246515 -0.005374268112070266 0.0049804011075824063 -0.0020269410300388225 0.011935209136900861 -0.01810554519639684
leaf_weight=26 34 21 33 32 25 34 24
leaf_count=26 34 21 33 32 25 34 24
internal_value=0 0.00521739 -0.0107143 0.0075 0.000652174 0.009 -0.0134483
internal_weight=0 138 91 92 46 60 58
internal_count=229 138 91 92 46 60 58
is_linear=0
shrinkage=0.03


Tree=33
num_leaves=8
num_cat=0
split_feature=4 3 1 4 4 4 4
split_gain=14.4217 1.44928 1.28309 0.36588 0.337047 0.400476 0.283333
threshold=0.16300000000000003 0.042250000000000003 0.10685000000000001 0.068550000000000014 0.032200000000000006 0.016650000000000002 0.37555000000000005
decision_type=2 2 2 2 2 2 2
left_child=1 4 6 -3 5 -1 -2
right_child=2 3 -4 -5 -6 -7 -8
leaf_value=0.017453540097363301 -0.0099187466971947056 0.005144237007199912 -0.012011636162903612 -0.0019661327991376564 0.0048309890743549319 0.021400549956915687 -0.016637650308809641
leaf_weight=35 20 21 37 25 32 25 34
leaf_count=35 20 21 37 25 32 25 34
internal_value=0 0.005 -0.0103846 0.000652174 0.00717391 0.0085 -0.0133333
internal_weight=0 138 91 46 92 60 54
internal_count=229 138 91 46 92 60 54
is_linear=0
shrinkage=0.03


Tree=34
num_leaves=8
num_cat=0
split_feature=4 0 3 1 4 4 4
split_gain=13.8102 1.47 1.44928 0.390805 0.36588 0.337047 0.400476
threshold=0.16300000000000003 0.27480000000000004 0.042250000000000003 0.14630000000000001 0.068550000000000014 0.032200000000000006 0.016650000000000002
decision_type=2 2 2 2 2 2 2
left_child=2 3 5 -2 -4 6 -1
right_child=1 -3 4 -5 -6 -7 -8
leaf_value=0.0169299338944424 -0.017170187272356151 -0.0049154776677923185 0.004989909896983908 -0.017202029755617826 -0.0019071488151635285 0.0046860594021242829 0.02075853345820821
leaf_weight=35 34 33 21 24 25 32 25
leaf_count=35 34 33 21 24 25 32 25
internal_value=0 -0.0100549 0.005 -0.012931 0.000652174 0.00717391 0.0085
internal_weight=0 91 138 58 46 92 60
internal_count=229 91 138 58 46 92 60
is_linear=0
shrinkage=0.03


Tree=35
num_leaves=8
num_cat=0
split_feature=4 0 3 1 4 4 4
split_gain=13.8102 1.47 1.44928 0.390805 0.36588 0.337047 0.400476
threshold=0.16300000000000003 0.27480000000000004 0.042250000000000003 0.14630000000000001 0.068550000000000014 0.032200000000000006 0.016650000000000002
decision_type=2 2 2 2 2 2 2
left_child=2 3 5 -2 -4 6 -1
right_child=1 -3 4 -5 -6 -7 -8
leaf_value=0.016422035877609126 -0.016655081654185468 -0.0047680133377585518 0.0048402126000743851 -0.016685968862949291 -0.0018499343507086196 0.0045454776200605602 0.020135777454461969
leaf_weight=35 34 33 21 24 25 32 25
leaf_count=35 34 33 21 24 25 32 25
internal_value=0 -0.0100549 0.005 -0.012931 0.000652174 0.00717391 0.0085
internal_weight=0 91 138 58 46 92 60
internal_count=229 91 138 58 46 92 60
is_linear=0
shrinkage=0.03


Tree=36
num_leaves=8
num_cat=0
split_feature=4 0 0 1 1 1 1
split_gain=13.8102 1.47 1.2418 0.754915 1.26 0.7 0.390805
threshold=0.16300000000000003 0.27480000000000004 0.53380000000000016 0.12140000000000002 0.04080000000000001 0.024300000000000006 0.14630000000000001
decision_type=2 2 2 2 2 2 2
left_child=2 6 -1 4 5 -4 -2
right_child=1 -3 3 -5 -6 -7 -8
leaf_value=-0.0050320454248923997 -0.016155429204559903 -0.0046249729376257953 0.0090778600916684455 0.015250288407966314 -7.3633158575527876e-05 0.01437521346721969 -0.016185389797060811
leaf_weight=29 34 33 36 28 25 20 24
leaf_count=29 34 33 36 28 25 20 24
internal_value=0 -0.0100549 0.005 0.00646789 0.005 0.0075 -0.012931
internal_weight=0 91 138 109 81 56 58
internal_count=229 91 138 109 81 56 58
is_linear=0
shrinkage=0.03


Tree=37
num_leaves=8
num_cat=0
split_feature=4 0 3 4 1 1 3
split_gain=13.4143 1.47 1.32873 0.493512 0.390805 0.348612 0.480392
threshold=0.16300000000000003 0.27480000000000004 0.035050000000000005 0.065150000000000013 0.14630000000000001 0.04080000000000001 0.010600000000000002
decision_type=2 2 2 2 2 2 2
left_child=2 4 5 -4 -2 -1 -7
right_child=1 -3 3 -5 -6 6 -8
leaf_value=0.017435964482902536 -0.015670766328423104 -0.0044862237494970227 0.0078504287629935776 -0.0017922273254300956 -0.015699828103148988 0.012483473327917464 0.0017873302512342092
leaf_weight=33 34 33 25 29 24 27 24
leaf_count=33 34 33 25 29 24 27 24
internal_value=0 -0.0100549 0.00478261 0.00111111 -0.012931 0.00714286 0.00558824
internal_weight=0 91 138 54 58 84 51
internal_count=229 91 138 54 58 84 51
is_linear=0
shrinkage=0.03


Tree=38
num_leaves=8
num_cat=0
split_feature=4 3 1 0 1 3 0
split_gain=12.7994 2.02618 1.4489 0.555769 0.432673 0.560808 0.12
threshold=0.20365000000000003 0.042250000000000003 0.10685000000000001 0.61930000000000007 0.04080000000000001 0.010600000000000002 0.31710000000000005
decision_type=2 2 2 2 2 2 2
left_child=1 4 6 -3 -1 -6 -2
right_child=2 3 -4 -5 5 -7 -8
leaf_value=0.013001126249131936 -0.015326440293676892 -0.0051360353230109302 -0.011800289127394319 0.0022248942437498908 0.012108969128079945 0.00054902197066494015 -0.010513518767794499
leaf_weight=37 30 20 32 32 27 31 20
leaf_count=37 30 20 32 32 27 31 20
internal_value=0 0.00418367 -0.0106098 -0.000576923 0.00678947 0.00517241 -0.0138
internal_weight=0 147 82 52 95 58 50
internal_count=229 147 82 52 95 58 50
is_linear=0
shrinkage=0.03


Tree=39
num_leaves=8
num_cat=0
split_feature=4 3 1 0 1 3 0
split_gain=12.4487 1.85618 1.4489 0.555769 0.280183 0.560808 0.12
threshold=0.20365000000000003 0.042250000000000003 0.10685000000000001 0.61930000000000007 0.04080000000000001 0.010600000000000002 0.31710000000000005
decision_type=2 2 2 2 2 2 2
left_child=1 4 6 -3 -1 -6 -2
right_child=2 3 -4 -5 5 -7 -8
leaf_value=0.012611092461657973 -0.014866647084866584 -0.0049819542633205999 -0.01144628045357249 0.0021581474164373959 0.011745700054237545 0.00053255131154499751 -0.010198113204760665
leaf_weight=37 30 20 32 32 27 31 20
leaf_count=37 30 20 32 32 27 31 20
internal_value=0 0.00397959 -0.0106098 -0.000576923 0.00647368 0.00517241 -0.0138
internal_weight=0 147 82 52 95 58 50
internal_count=229 147 82 52 95 58 50
is_linear=0
shrinkage=0.03


Tree=40
num_leaves=8
num_cat=0
split_feature=4 3 0 0 1 1 3
split_gain=11.2313 1.85618 1.60437 0.555769 0.470996 0.280183 0.560808
threshold=0.20365000000000003 0.042250000000000003 0.27480000000000004 0.61930000000000007 0.14630000000000001 0.04080000000000001 0.010600000000000002
decision_type=2 2 2 2 2 2 2
left_child=1 5 4 -3 -2 -1 -7
right_child=2 3 -4 -5 -6 6 -8
leaf_value=0.012232759687808232 -0.014294850717214104 -0.0048324956354209789 -0.0049013968320205503 0.0020934029939442744 -0.014552892326067612 0.011393329052610417 0.00051657477219864574
leaf_weight=37 34 20 27 32 21 27 31
leaf_count=37 34 20 27 32 21 27 31
internal_value=0 0.00397959 -0.00987805 -0.000576923 -0.0128182 0.00647368 0.00517241
internal_weight=0 147 82 52 55 95 58
internal_count=229 147 82 52 55 95 58
is_linear=0
shrinkage=0.03


Tree=41
num_leaves=8
num_cat=0
split_feature=4 3 0 0 1 1 3
split_gain=11.2313 1.85618 1.60437 0.555769 0.470996 0.280183 0.560808
threshold=0.20365000000000003 0.042250000000000003 0.27480000000000004 0.61930000000000007 0.14630000000000001 0.04080000000000001 0.010600000000000002
decision_type=2 2 2 2 2 2 2
left_child=1 5 4 -3 -2 -1 -7
right_child=2 3 -4 -5 -6 6 -8
leaf_value=0.011865776897173984 -0.013866005195697679 -0.0046875207663583524 -0.0047543549270599311 0.0020306009041259443 -0.014116305556285584 0.011051529181032102 0.00050107752903269184
leaf_weight=37 34 20 27 32 21 27 31
leaf_count=37 34 20 27 32 21 27 31
internal_value=0 0.00397959 -0.00987805 -0.000576923 -0.0128182 0.00647368 0.00517241
internal_weight=0 147 82 52 55 95 58
internal_count=229 147 82 52 55 95 58
is_linear=0
shrinkage=0.03


Tree=42
num_leaves=9
num_cat=0
split_feature=4 0 3 0 0 0 1 4
split_gain=11.2313 1.60437 1.48317 1.00227 1.04593 0.859375 0.470996 0.366667
threshold=0.20365000000000003 0.27480000000000004 0.063600000000000004 0.47635000000000005 0.78655000000000019 0.87995000000000012 0.14630000000000001 0.016650000000000002
decision_type=2 2 2 2 2 2 2 2
left_child=2 6 3 -1 -5 -6 -2 -7
right_child=1 -3 -4 4 5 7 -8 -9
leaf_value=-0.00011118867767872186 -0.013450025039826749 -0.0046117242792481352 -0.00060097176553013825 0.012881927547617359 5.2308876713433867e-05 0.015165576111026285 -0.013692816389597014 0.013389555099936501
leaf_weight=22 34 27 37 24 20 24 21 20
leaf_count=22 34 27 37 24 20 24 21 20
internal_value=0 -0.00987805 0.00397959 0.00572727 0.00715909 0.00515625 -0.0128182 0.0075
internal_weight=0 82 147 110 88 64 55 44
internal_count=229 82 147 110 88 64 55 44
is_linear=0
shrinkage=0.03


Tree=43
num_leaves=9
num_cat=0
split_feature=4 0 3 0 0 0 1 4
split_gain=11.2313 1.60437 1.48317 1.00227 1.04593 0.859375 0.470996 0.366667
threshold=0.20365000000000003 0.27480000000000004 0.063600000000000004 0.47635000000000005 0.78655000000000019 0.87995000000000012 0.14630000000000001 0.016650000000000002
decision_type=2 2 2 2 2 2 2 2
left_child=2 6 3 -1 -5 -6 -2 -7
right_child=1 -3 -4 4 5 7 -8 -9
leaf_value=-0.00010785301734835828 -0.013046524288631947 -0.0044733725508706934 -0.00058294261256423222 0.012495469721188835 5.0739610412036113e-05 0.014710608827695502 -0.013282031897909103 0.012987868446938411
leaf_weight=22 34 27 37 24 20 24 21 20
leaf_count=22 34 27 37 24 20 24 21 20
internal_value=0 -0.00987805 0.00397959 0.00572727 0.00715909 0.00515625 -0.0128182 0.0075
internal_weight=0 82 147 110 88 64 55 44
internal_count=229 82 147 110 88 64 55 44
is_linear=0
shrinkage=0.03


Tree=44
num_leaves=9
num_cat=0
split_feature=4 0 3 0 0 0 3 4
split_gain=9.76569 1.81408 1.36894 0.909091 0.72017 0.859375 0.374026 0.366667
threshold=0.20365000000000003 0.27480000000000004 0.063600000000000004 0.47635000000000005 0.78655000000000019 0.87995000000000012 0.11965000000000002 0.016650000000000002
decision_type=2 2 2 2 2 2 2 2
left_child=2 6 3 -1 -5 -6 -2 -7
right_child=1 -3 -4 4 5 7 -8 -9
leaf_value=-0.00010461742682790987 -0.014679183203810783 -0.0043391713743445703 -0.000565454334187303 0.012120605629553164 4.9217422099678831e-05 0.014269290562864642 -0.012780925515079469 0.012598232393530263
leaf_weight=22 20 27 37 24 20 24 35 20
leaf_count=22 20 27 37 24 20 24 35 20
internal_value=0 -0.00914634 0.00377551 0.00545455 0.00681818 0.00515625 -0.0122727 0.0075
internal_weight=0 82 147 110 88 64 55 44
internal_count=229 82 147 110 88 64 55 44
is_linear=0
shrinkage=0.03


Tree=45
num_leaves=9
num_cat=0
split_feature=4 0 3 0 0 0 3 4
split_gain=9.76569 1.81408 1.36894 0.909091 0.72017 0.859375 0.374026 0.366667
threshold=0.20365000000000003 0.27480000000000004 0.063600000000000004 0.47635000000000005 0.78655000000000019 0.87995000000000012 0.11965000000000002 0.016650000000000002
decision_type=2 2 2 2 2 2 2 2
left_child=2 6 3 -1 -5 -6 -2 -7
right_child=1 -3 -4 4 5 7 -8 -9
leaf_value=-0.00010147890402307346 -0.01423880770769646 -0.0042089962331142323 -0.00054849070416168372 0.011756987460666573 4.7740899436690133e-05 0.013841211845978706 -0.012397497749627085 0.012220285421724354
leaf_weight=22 20 27 37 24 20 24 35 20
leaf_count=22 20 27 37 24 20 24 35 20
internal_value=0 -0.00914634 0.00377551 0.00545455 0.00681818 0.00515625 -0.0122727 0.0075
internal_weight=0 82 147 110 88 64 55 44
internal_count=229 82 147 110 88 64 55 44
is_linear=0
shrinkage=0.03


Tree=46
num_leaves=9
num_cat=0
split_feature=4 0 3 0 0 0 1 3
split_gain=8.92323 1.61164 1.2593 0.820455 0.835227 0.710227 0.565342 0.193939
threshold=0.20365000000000003 0.27480000000000004 0.063600000000000004 0.47635000000000005 0.78655000000000019 0.87995000000000012 0.14630000000000001 0.008550000000000002
decision_type=2 2 2 2 2 2 2 2
left_child=2 6 3 -1 -5 -6 -2 -7
right_child=1 -3 -4 4 5 7 -8 -9
leaf_value=-9.8434536902383121e-05 -0.011843682347329781 -0.0040827263461208066 -0.00053203598303683155 0.011404277836846572 4.6308672453585495e-05 0.016340294519082248 -0.012085305936146444 0.0084022786858493573
leaf_weight=22 34 27 37 24 20 24 21 20
leaf_count=22 34 27 37 24 20 24 21 20
internal_value=0 -0.00878049 0.00357143 0.00518182 0.00647727 0.0046875 -0.0117273 0.00681818
internal_weight=0 82 147 110 88 64 55 44
internal_count=229 82 147 110 88 64 55 44
is_linear=0
shrinkage=0.03


Tree=47
num_leaves=9
num_cat=0
split_feature=4 0 3 0 0 0 3 3
split_gain=8.40246 1.42117 1.2593 0.820455 0.835227 0.710227 0.509091 0.193939
threshold=0.20365000000000003 0.27480000000000004 0.063600000000000004 0.47635000000000005 0.78655000000000019 0.87995000000000012 0.27420000000000005 0.008550000000000002
decision_type=2 2 2 2 2 2 2 2
left_child=2 6 3 -1 -5 -6 -2 -7
right_child=1 -3 -4 4 5 7 -8 -9
leaf_value=-9.5481500795311364e-05 -0.011212530902302327 -0.0039602445557371845 -0.00051607490354572906 0.011062149501741173 4.4919412279977866e-05 0.015850085683509787 -0.015570261756632396 0.0081502103252738788
leaf_weight=22 35 27 37 24 20 24 20 20
leaf_count=22 35 27 37 24 20 24 20 20
internal_value=0 -0.00841463 0.00357143 0.00518182 0.00647727 0.0046875 -0.0111818 0.00681818
internal_weight=0 82 147 110 88 64 55 44
internal_count=229 82 147 110 88 64 55 44
is_linear=0
shrinkage=0.03


Tree=48
num_leaves=9
num_cat=0
split_feature=4 0 4 3 0 4 4 3
split_gain=8.11876 1.42117 1.19482 0.509091 0.444769 0.609023 0.391842 0.4
threshold=0.20365000000000003 0.27480000000000004 0.032200000000000006 0.27420000000000005 0.73990000000000011 0.077550000000000022 0.016650000000000002 0.0066500000000000005
decision_type=2 2 2 2 2 2 2 2
left_child=2 3 6 -2 5 -4 7 -1
right_child=1 -3 4 -5 -6 -7 -8 -9
leaf_value=0.01428767706747491 -0.010876154975233258 -0.0038414372190650691 0.010930103203961811 -0.015103153903933426 -0.0035613625174055149 -0.0001953223851238417 0.010676296580668687 0.0038159486478573546
leaf_weight=20 35 27 21 20 24 36 26 20
leaf_count=20 35 27 21 20 24 36 26 20
internal_value=0 -0.00841463 0.00336735 -0.0111818 0.000925926 0.00236842 0.00636364 0.0045
internal_weight=0 82 147 55 81 57 66 40
internal_count=229 82 147 55 81 57 66 40
is_linear=0
shrinkage=0.03


Tree=49
num_leaves=10
num_cat=0
split_feature=0 3 1 0 0 4 1 0 0
split_gain=8.28515 2.95295 1.13038 1.06909 0.709158 0.82735 0.4 0.372024 0.248016
threshold=0.34820000000000007 0.072800000000000017 0.020100000000000003 0.07740000000000001 0.78655000000000019 0.010200000000000002 0.25150000000000006 0.61930000000000007 0.88640000000000019
decision_type=2 2 2 2 2 2 2 2 2
left_child=2 4 -1 -4 6 -6 -2 -3 -7
right_child=1 7 3 -5 5 8 -8 -9 -10
leaf_value=-0.014350059125882881 0.0068724443757608505 -0.0064005016792936216 -0.015416530042723942 -0.0019440503685268699 0.016630471815478814 -0.0029113497559284918 0.010487983851064135 0.00042560407543516972 0.007185790170419184
leaf_weight=21 20 28 25 30 20 21 20 20 24
leaf_count=21 20 28 25 30 20 21 20 20 24
internal_value=0 0.00303922 -0.00907895 -0.00681818 0.00585714 0.00392308 0.009 -0.003125 0.00166667
internal_weight=0 153 76 55 105 65 40 48 45
internal_count=229 153 76 55 105 65 40 48 45
is_linear=0
shrinkage=0.03


Tree=50
num_leaves=9
num_cat=0
split_feature=4 0 4 3 4 3 0 4
split_gain=7.83994 1.42117 1.36312 0.509091 0.391842 0.4 0.353801 0.777151
threshold=0.20365000000000003 0.27480000000000004 0.032200000000000006 0.27420000000000005 0.016650000000000002 0.0066500000000000005 0.73990000000000011 0.077550000000000022
decision_type=2 2 2 2 2 2 2 2
left_child=2 3 4 -2 5 -1 7 -4
right_child=1 -3 6 -5 -6 -7 -8 -9
leaf_value=0.013360132600986297 -0.010213319056998842 -0.0035341790521143056 0.010589431985579894 -0.014219557513038937 0.010090901072926381 0.0034952968571487974 -0.0034172354566759599 -0.00026285720346638005
leaf_weight=20 35 27 21 20 26 20 24 36
leaf_count=20 35 27 21 20 26 20 24 36
internal_value=0 -0.00841463 0.00316327 -0.0111818 0.00636364 0.0045 0.000555556 0.00184211
internal_weight=0 82 147 55 66 40 81 57
internal_count=229 82 147 55 66 40 81 57
is_linear=0
shrinkage=0.03


Tree=51
num_leaves=10
num_cat=0
split_feature=0 3 1 0 0 4 0 0 0
split_gain=6.99232 2.76808 1.45191 0.545455 0.51511 0.82735 0.372024 0.248016 0.225
threshold=0.34820000000000007 0.072800000000000017 0.020100000000000003 0.07740000000000001 0.78655000000000019 0.010200000000000002 0.61930000000000007 0.88640000000000019 0.61930000000000007
decision_type=2 2 2 2 2 2 2 2 2
left_child=2 4 -1 -4 8 -6 -3 -7 -2
right_child=1 6 3 -5 5 7 -8 -9 -10
leaf_value=-0.013492970626715228 0.0072342428142317299 -0.006151531085081101 -0.014647634569732259 -0.001579329285761099 0.01573075368298486 -0.002721492199550357 0.00042072166927610842 0.006870111481062857 0.0069186263220460441
leaf_weight=21 20 28 25 30 20 21 20 24 20
leaf_count=21 20 28 25 30 20 21 20 24 20
internal_value=0 0.00284314 -0.00828947 -0.00572727 0.00557143 0.00392308 -0.003125 0.00166667 0.00825
internal_weight=0 153 76 55 105 65 48 45 40
internal_count=229 153 76 55 105 65 48 45 40
is_linear=0
shrinkage=0.03


Tree=52
num_leaves=10
num_cat=0
split_feature=0 3 1 0 0 4 0 0 0
split_gain=6.99232 2.76808 1.45191 0.545455 0.51511 0.82735 0.372024 0.248016 0.225
threshold=0.34820000000000007 0.072800000000000017 0.020100000000000003 0.07740000000000001 0.78655000000000019 0.010200000000000002 0.61930000000000007 0.88640000000000019 0.61930000000000007
decision_type=2 2 2 2 2 2 2 2 2
left_child=2 4 -1 -4 8 -6 -3 -7 -2
right_child=1 6 3 -5 5 7 -8 -9 -10
leaf_value=-0.013088181507913769 0.0070172155298047767 -0.0059669851525286696 -0.014208205532640291 -0.0015319494071882661 0.015258831072495312 -0.0026398474335638509 0.00040810001919782231 0.0066640081366309738 0.0067110675323846644
leaf_weight=21 20 28 25 30 20 21 20 24 20
leaf_count=21 20 28 25 30 20 21 20 24 20
internal_value=0 0.00284314 -0.00828947 -0.00572727 0.00557143 0.00392308 -0.003125 0.00166667 0.00825
internal_weight=0 153 76 55 105 65 48 45 40
internal_count=229 153 76 55 105 65 48 45 40
is_linear=0
shrinkage=0.03


Tree=53
num_leaves=9
num_cat=0
split_feature=4 0 4 0 1 0 4 3
split_gain=6.95421 1.64574 0.910438 0.742109 0.655968 0.43834 0.391842 0.4
threshold=0.11175000000000002 0.27480000000000004 0.032200000000000006 0.52445000000000019 0.055250000000000007 0.72525000000000006 0.016650000000000002 0.0066500000000000005
decision_type=2 2 2 2 2 2 2 2
left_child=2 4 6 -3 -2 -4 7 -1
right_child=1 3 5 -5 -6 -7 -8 -9
leaf_value=0.012029641080292299 -0.013295536384541437 0.0016430027181510731 0.0097341364972651501 -0.0030645981934225852 -0.0081803755489506524 -0.0025606520105569295 0.0093713903713126285 0.0027234237934512249
leaf_weight=20 23 26 29 21 39 25 26 20
leaf_count=20 23 26 29 21 39 25 26 20
internal_value=0 -0.00646789 0.004 -0.00223404 -0.00967742 0.00111111 0.00636364 0.0045
internal_weight=0 109 120 47 62 54 66 40
internal_count=229 109 120 47 62 54 66 40
is_linear=0
shrinkage=0.03


Tree=54
num_leaves=10
num_cat=0
split_feature=0 3 1 0 0 0 0 0 3
split_gain=6.99232 2.21867 1.45191 0.630861 0.601066 0.545455 0.487536 0.225 0.170455
threshold=0.34820000000000007 0.072800000000000017 0.020100000000000003 0.78655000000000019 0.87995000000000012 0.07740000000000001 0.61050000000000015 0.61930000000000007 0.008550000000000002
decision_type=2 2 2 2 2 2 2 2 2
left_child=2 3 -1 7 -5 -4 -3 -2 -6
right_child=1 6 5 4 8 -7 -8 -9 -10
leaf_value=-0.012296669971140114 0.0065201161608819608 -0.0068726601045687617 -0.013536548100192563 -0.0024838324502402197 0.01330224303601348 -0.0012913278847205873 2.8030515629633433e-05 0.0066016734522157993 0.0068731732304223025
leaf_weight=21 20 25 25 21 24 30 23 20 20
leaf_count=21 20 25 25 21 24 30 23 20 20
internal_value=0 0.00284314 -0.00828947 0.00528571 0.00346154 -0.00572727 -0.0025 0.00825 0.00545455
internal_weight=0 153 76 105 65 55 48 40 44
internal_count=229 153 76 105 65 55 48 40 44
is_linear=0
shrinkage=0.03


Tree=55
num_leaves=9
num_cat=0
split_feature=0 3 1 0 0 0 3 3
split_gain=6.74817 2.4309 1.45191 0.545455 0.537778 0.454545 0.4255 0.170455
threshold=0.34820000000000007 0.063600000000000004 0.020100000000000003 0.07740000000000001 0.78655000000000019 0.87995000000000012 0.15100000000000002 0.008550000000000002
decision_type=2 2 2 2 2 2 2 2
left_child=2 4 -1 -4 -2 -6 -3 -7
right_child=1 6 3 -5 5 7 -8 -9
leaf_value=-0.011927769872005911 0.0073478666748911037 -0.00013388658590522294 -0.013130451657186787 -0.0012525880481789715 0.00065244498462921244 0.012903175744933076 -0.011067222476900316 0.0066669780335096383
leaf_weight=21 36 33 25 30 20 24 20 20
leaf_count=21 36 33 25 30 20 24 20 20
internal_value=0 0.00264706 -0.00828947 -0.00572727 0.0054 0.00375 -0.00254717 0.00545455
internal_weight=0 153 76 55 100 64 53 44
internal_count=229 153 76 55 100 64 53 44
is_linear=0
shrinkage=0.03


Tree=56
num_leaves=9
num_cat=0
split_feature=0 3 1 0 0 0 3 3
split_gain=6.74817 2.4309 1.45191 0.545455 0.537778 0.454545 0.4255 0.170455
threshold=0.34820000000000007 0.063600000000000004 0.020100000000000003 0.07740000000000001 0.78655000000000019 0.87995000000000012 0.15100000000000002 0.008550000000000002
decision_type=2 2 2 2 2 2 2 2
left_child=2 4 -1 -4 -2 -6 -3 -7
right_child=1 6 3 -5 5 7 -8 -9
leaf_value=-0.011569936775845733 0.0071274306746443679 -0.00012986998832806407 -0.012736538107471185 -0.0012150104067336009 0.00063287163509033516 0.01251608047258509 -0.010735205802593304 0.0064669686925043447
leaf_weight=21 36 33 25 30 20 24 20 20
leaf_count=21 36 33 25 30 20 24 20 20
internal_value=0 0.00264706 -0.00828947 -0.00572727 0.0054 0.00375 -0.00254717 0.00545455
internal_weight=0 153 76 55 100 64 53 44
internal_count=229 153 76 55 100 64 53 44
is_linear=0
shrinkage=0.03


Tree=57
num_leaves=9
num_cat=0
split_feature=0 3 1 3 0 0 0 3
split_gain=5.58674 2.25083 1.18853 0.4255 0.36 0.454545 0.349091 0.170455
threshold=0.34820000000000007 0.063600000000000004 0.020100000000000003 0.15100000000000002 0.78655000000000019 0.87995000000000012 0.07740000000000001 0.008550000000000002
decision_type=2 2 2 2 2 2 2 2
left_child=2 4 -1 -3 -2 -6 -4 -7
right_child=1 3 6 -5 5 7 -8 -9
leaf_value=-0.011222838672570361 0.0069136077544050328 -0.00012597388867822135 -0.012354441964247048 -0.010413149628515504 0.00061388548603762637 0.012140598058407531 -0.001178560094531596 0.0062729596317292087
leaf_weight=21 36 33 25 20 20 24 30 20
leaf_count=21 36 33 25 20 20 24 30 20
internal_value=0 0.00245098 -0.0075 -0.00254717 0.0051 0.00375 -0.00518182 0.00545455
internal_weight=0 153 76 53 100 64 55 44
internal_count=229 153 76 53 100 64 55 44
is_linear=0
shrinkage=0.03


Tree=58
num_leaves=9
num_cat=0
split_feature=0 3 1 3 1 4 4 0
split_gain=5.36875 2.0777 1.18853 0.4255 0.358415 0.641026 0.376923 0.349091
threshold=0.34820000000000007 0.063600000000000004 0.020100000000000003 0.15100000000000002 0.23025000000000004 0.032200000000000006 0.016650000000000002 0.07740000000000001
decision_type=2 2 2 2 2 2 2 2
left_child=2 4 -1 -3 5 6 -2 -4
right_child=1 3 7 -5 -6 -7 -8 -9
leaf_value=-0.01088615351239325 0.0097669185027977959 -0.00012219467201787237 -0.011983808705319636 -0.010100755139660035 0.0081492004764614663 0.0009675605930482622 0.015808757698438928 -0.0011432032916956496
leaf_weight=21 32 33 25 20 22 26 20 30
leaf_count=21 32 33 25 20 22 26 20 30
internal_value=0 0.0022549 -0.0075 -0.00254717 0.0048 0.00384615 0.00576923 -0.00518182
internal_weight=0 153 76 53 100 78 52 55
internal_count=229 153 76 53 100 78 52 55
is_linear=0
shrinkage=0.03


Tree=59
num_leaves=9
num_cat=0
split_feature=0 3 1 0 1 4 4 0
split_gain=5.58674 1.76989 1.18853 0.557329 0.358415 0.641026 0.376923 0.349091
threshold=0.34820000000000007 0.063600000000000004 0.020100000000000003 0.61050000000000015 0.23025000000000004 0.032200000000000006 0.016650000000000002 0.07740000000000001
decision_type=2 2 2 2 2 2 2 2
left_child=2 4 -1 -3 5 6 -2 -4
right_child=1 3 7 -5 -6 -7 -8 -9
leaf_value=-0.010559568907021451 0.0094739109477138643 -0.0066511225473838143 -0.011624294444160046 6.9129939103985678e-05 0.0079047244621676185 0.00093853377525681455 0.015334494967485761 -0.0011089071929447768
leaf_weight=21 32 27 25 26 22 26 20 30
leaf_count=21 32 27 25 26 22 26 20 30
internal_value=0 0.00245098 -0.0075 -0.00198113 0.0048 0.00384615 0.00576923 -0.00518182
internal_weight=0 153 76 53 100 78 52 55
internal_count=229 153 76 53 100 78 52 55
is_linear=0
shrinkage=0.03


Tree=60
num_leaves=9
num_cat=0
split_feature=0 3 1 0 1 4 4 0
split_gain=5.58674 1.76989 1.18853 0.557329 0.358415 0.641026 0.376923 0.349091
threshold=0.34820000000000007 0.063600000000000004 0.020100000000000003 0.61050000000000015 0.23025000000000004 0.032200000000000006 0.016650000000000002 0.07740000000000001
decision_type=2 2 2 2 2 2 2 2
left_child=2 4 -1 -3 5 6 -2 -4
right_child=1 3 7 -5 -6 -7 -8 -9
leaf_value=-0.010242781839810807 0.0091896936192824435 -0.0064515888709623008 -0.011275565610835245 6.705604093086848e-05 0.0076675827283025928 0.00091037776199910821 0.014874460118461184 -0.0010756399771564356
leaf_weight=21 32 27 25 26 22 26 20 30
leaf_count=21 32 27 25 26 22 26 20 30
internal_value=0 0.00245098 -0.0075 -0.00198113 0.0048 0.00384615 0.00576923 -0.00518182
internal_weight=0 153 76 53 100 78 52 55
internal_count=229 153 76 53 100 78 52 55
is_linear=0
shrinkage=0.03


Tree=61
num_leaves=9
num_cat=0
split_feature=0 3 1 0 1 4 4 0
split_gain=5.58674 1.76989 1.18853 0.557329 0.358415 0.641026 0.376923 0.349091
threshold=0.34820000000000007 0.063600000000000004 0.020100000000000003 0.61050000000000015 0.23025000000000004 0.032200000000000006 0.016650000000000002 0.07740000000000001
decision_type=2 2 2 2 2 2 2 2
left_child=2 4 -1 -3 5 6 -2 -4
right_child=1 3 7 -5 -6 -7 -8 -9
leaf_value=-0.0099354983846164837 0.0089140028107039665 -0.0062580412048334356 -0.010937298642510189 6.5044359702940417e-05 0.0074375552464535149 0.00088306642913913206 0.014428226314907344 -0.0010433707778417444
leaf_weight=21 32 27 25 26 22 26 20 30
leaf_count=21 32 27 25 26 22 26 20 30
internal_value=0 0.00245098 -0.0075 -0.00198113 0.0048 0.00384615 0.00576923 -0.00518182
internal_weight=0 153 76 53 100 78 52 55
internal_count=229 153 76 53 100 78 52 55
is_linear=0
shrinkage=0.03


Tree=62
num_leaves=9
num_cat=0
split_feature=0 3 1 0 1 4 4 0
split_gain=5.80908 1.48675 1.18853 0.374241 0.358415 0.641026 0.376923 0.349091
threshold=0.34820000000000007 0.063600000000000004 0.020100000000000003 0.61050000000000015 0.23025000000000004 0.032200000000000006 0.016650000000000002 0.07740000000000001
decision_type=2 2 2 2 2 2 2 2
left_child=2 4 -1 -3 5 6 -2 -4
right_child=1 3 7 -5 -6 -7 -8 -9
leaf_value=-0.0096374334330779892 0.0086465827263828478 -0.0060702999686884328 -0.010609179683234885 6.3093028911853638e-05 0.0072144285890599069 0.00085657443626496071 0.013995379525460122 -0.0010120696545064894
leaf_weight=21 32 27 25 26 22 26 20 30
leaf_count=21 32 27 25 26 22 26 20 30
internal_value=0 0.00264706 -0.0075 -0.00141509 0.0048 0.00384615 0.00576923 -0.00518182
internal_weight=0 153 76 53 100 78 52 55
internal_count=229 153 76 53 100 78 52 55
is_linear=0
shrinkage=0.03


Tree=63
num_leaves=9
num_cat=0
split_feature=0 1 3 4 0 1 4 4
split_gain=4.94031 1.51771 1.48675 0.681818 0.374241 0.358415 0.641026 0.376923
threshold=0.34820000000000007 0.020100000000000003 0.063600000000000004 0.35910000000000003 0.61050000000000015 0.23025000000000004 0.032200000000000006 0.016650000000000002
decision_type=2 2 2 2 2 2 2 2
left_child=1 -1 5 -3 -4 6 7 -2
right_child=2 3 4 -5 -6 -7 -8 -9
leaf_value=-0.0093483104300856497 0.0083871852445913612 -0.0063773745124346944 -0.0058881909696277823 -0.00033234722730035246 6.1200238044495367e-05 0.0069979957313881045 0.00083087720317701172 0.013575518139696326
leaf_weight=21 32 33 27 22 26 22 26 20
leaf_count=21 32 33 27 22 26 22 26 20
internal_value=0 -0.00671053 0.00264706 -0.00409091 -0.00141509 0.0048 0.00384615 0.00576923
internal_weight=0 76 153 55 53 100 78 52
internal_count=229 76 153 55 53 100 78 52
is_linear=0
shrinkage=0.03


Tree=64
num_leaves=9
num_cat=0
split_feature=0 1 3 4 1 3 4 1
split_gain=4.33617 1.69738 0.981211 0.512121 0.496876 0.475729 0.410256 0.323953
threshold=0.34820000000000007 0.020100000000000003 0.063600000000000004 0.35910000000000003 0.23025000000000004 0.11425 0.032200000000000006 0.031800000000000009
decision_type=2 2 2 2 2 2 2 2
left_child=1 -1 4 -3 6 -4 7 -2
right_child=2 3 5 -5 -6 -7 -8 -9
leaf_value=-0.0090678611171830792 0.0021846643726984947 -0.0061860532770616535 -0.0036310730696959602 -0.00032237681048134179 0.0067880558594464596 8.5946815798521029e-05 0.0008059508870817022 0.013173525268373537
leaf_weight=21 23 33 20 22 22 33 26 29
leaf_count=21 23 33 20 22 22 33 26 29
internal_value=0 -0.00631579 0.00245098 -0.00354545 0.0042 -0.000849057 0.00307692 0.00461538
internal_weight=0 76 153 55 100 53 78 52
internal_count=229 76 153 55 100 53 78 52
is_linear=0
shrinkage=0.03


Tree=65
num_leaves=9
num_cat=0
split_feature=0 1 1 0 3 4 4 3
split_gain=4.14437 1.69738 1.03387 0.69097 0.667408 0.512121 0.323012 0.0757576
threshold=0.34820000000000007 0.020100000000000003 0.12140000000000002 0.85910000000000009 0.11425 0.35910000000000003 0.018350000000000002 0.014050000000000002
decision_type=2 2 2 2 2 2 2 2
left_child=1 -1 3 4 -2 -3 -5 -4
right_child=2 5 7 6 -6 -7 -8 -9
leaf_value=-0.0087958252836675879 -0.0055447192540117179 -0.0060004716787498032 0.0082135171196157965 0.0019812265040345233 8.3368411324564733e-05 -0.00031270550616690259 0.0088027342393632319 0.0089621062397274472
leaf_weight=21 27 33 20 28 31 22 23 24
leaf_count=21 27 33 20 28 31 22 23 24
internal_value=0 -0.00631579 0.0022549 0.000688073 -0.00155172 -0.00354545 0.00323529 0.00613636
internal_weight=0 76 153 109 58 55 51 44
internal_count=229 76 153 109 58 55 51 44
is_linear=0
shrinkage=0.03


Tree=66
num_leaves=9
num_cat=0
split_feature=0 1 1 4 0 3 4 3
split_gain=4.14437 1.69738 1.03387 0.512121 0.470678 0.204167 0.6 0.0757576
threshold=0.34820000000000007 0.020100000000000003 0.12140000000000002 0.35910000000000003 0.6966500000000001 0.0031000000000000008 0.039900000000000012 0.014050000000000002
decision_type=2 2 2 2 2 2 2 2
left_child=1 -1 4 -3 -2 -6 -7 -4
right_child=2 3 7 -5 5 6 -8 -9
leaf_value=-0.0085319505251575598 -0.0015452173026916304 -0.0058204575283873081 0.007967111606027328 -0.00030332434098189528 0.0092483209016494261 -0.00032096936691049959 0.0043430999993977438 0.0086932430525356198
leaf_weight=21 29 33 20 22 20 30 30 24
leaf_count=21 29 33 20 22 20 30 30 24
internal_value=0 -0.00631579 0.0022549 -0.00354545 0.000688073 0.001875 0.001 0.00613636
internal_weight=0 76 153 55 109 80 60 44
internal_count=229 76 153 55 109 80 60 44
is_linear=0
shrinkage=0.03


Tree=67
num_leaves=9
num_cat=0
split_feature=0 1 1 0 4 4 0 3
split_gain=3.95691 1.69738 1.14096 0.531589 0.512121 0.491462 0.278867 0.0757576
threshold=0.34820000000000007 0.020100000000000003 0.12140000000000002 0.85910000000000009 0.35910000000000003 0.12835000000000002 0.93500000000000016 0.014050000000000002
decision_type=2 2 2 2 2 2 2 2
left_child=1 -1 3 5 -3 -2 -5 -4
right_child=2 4 7 6 -6 -7 -8 -9
leaf_value=-0.0082759920094028338 -0.0060507300766675541 -0.0056458438025356883 0.0077280982578465073 0.0080172839113515047 -0.0002942246107524382 4.5372468972996178e-05 0.0020693167274038293 0.0084324457609595543
leaf_weight=21 26 33 20 24 22 32 27 24
leaf_count=21 26 33 20 24 22 32 27 24
internal_value=0 -0.00631579 0.00205882 0.000412844 -0.00354545 -0.00155172 0.00264706 0.00613636
internal_weight=0 76 153 109 55 58 51 44
internal_count=229 76 153 109 55 58 51 44
is_linear=0
shrinkage=0.03


Tree=68
num_leaves=9
num_cat=0
split_feature=0 1 1 0 1 1 3 4
split_gain=3.50596 1.35404 0.842105 0.774316 0.466667 0.324158 0.204167 0.6
threshold=0.27480000000000004 0.055250000000000007 0.12140000000000002 0.6966500000000001 0.28480000000000005 0.24585000000000004 0.0031000000000000008 0.039900000000000012
decision_type=2 2 2 2 2 2 2 2
left_child=1 -1 3 -2 -4 -3 -5 -8
right_child=2 5 4 6 -6 -7 7 -9
leaf_value=-0.008627712570985829 -0.0044423197242947562 -0.00029099714912231398 0.011752675963513178 0.0088195722650186072 0.00091313231386123343 -0.009076814405369003 -0.00037341978772529981 0.0040918671537109458
leaf_weight=23 34 21 28 20 20 23 30 30
leaf_count=23 34 21 28 20 20 23 30 30
internal_value=0 -0.00649254 0.00166667 0.000263158 0.005 -0.00340909 0.001875 0.001
internal_weight=0 67 162 114 48 44 80 60
internal_count=229 67 162 114 48 44 80 60
is_linear=0
shrinkage=0.03


Tree=69
num_leaves=9
num_cat=0
split_feature=0 1 1 0 1 3 1 0
split_gain=3.34862 1.35404 0.938272 0.718487 0.466667 0.428571 0.324158 0.278867
threshold=0.27480000000000004 0.055250000000000007 0.12140000000000002 0.85910000000000009 0.28480000000000005 0.11425 0.24585000000000004 0.93500000000000016
decision_type=2 2 2 2 2 2 2 2
left_child=1 -1 3 5 -4 -2 -3 -5
right_child=2 6 4 7 -6 -7 -8 -9
leaf_value=-0.0083688811938562539 -0.0052580065340873247 -0.00028226723464864546 0.011400095684607783 0.0075830938027300204 0.00088573834444539252 -0.00024752864396670126 -0.0088045099732079312 0.0020184398192134665
leaf_weight=23 27 21 28 24 20 36 23 27
leaf_count=23 27 21 28 24 20 36 23 27
internal_value=0 -0.00649254 0.00148148 0 0.005 -0.00214286 -0.00340909 0.00264706
internal_weight=0 67 162 114 48 63 44 51
internal_count=229 67 162 114 48 63 44 51
is_linear=0
shrinkage=0.03


Tree=70
num_leaves=9
num_cat=0
split_feature=0 1 1 0 1 1 3 4
split_gain=3.50596 1.35404 0.842105 0.774316 0.466667 0.324158 0.204167 0.6
threshold=0.27480000000000004 0.055250000000000007 0.12140000000000002 0.6966500000000001 0.28480000000000005 0.24585000000000004 0.0031000000000000008 0.039900000000000012
decision_type=2 2 2 2 2 2 2 2
left_child=1 -1 3 -2 -4 -3 -5 -8
right_child=2 5 4 6 -6 -7 7 -9
leaf_value=-0.0081178147580405671 -0.0042264671048951059 -0.00027379921760918634 0.011058092814069548 0.0084109620927389026 0.00085916619411203099 -0.0085403746740116953 -0.00042277038866995076 0.0039342348300699824
leaf_weight=23 34 21 28 20 20 23 30 30
leaf_count=23 34 21 28 20 20 23 30 30
internal_value=0 -0.00649254 0.00166667 0.000263158 0.005 -0.00340909 0.001875 0.001
internal_weight=0 67 162 114 48 44 80 60
internal_count=229 67 162 114 48 44 80 60
is_linear=0
shrinkage=0.03


Tree=71
num_leaves=9
num_cat=0
split_feature=0 3 1 0 1 4 4 0
split_gain=3.02549 1.65901 0.645731 0.553429 0.515238 0.472995 0.254853 0.222572
threshold=0.097850000000000006 0.035050000000000005 0.031800000000000009 0.34820000000000007 0.076250000000000012 0.037600000000000008 0.44185000000000002 0.71840000000000004
decision_type=2 2 2 2 2 2 2 2
left_child=6 2 -2 -3 7 -4 -1 -5
right_child=1 3 5 4 -6 -7 -8 -9
leaf_value=-0.012866663739888528 0.00085242256327096701 -0.0035377766713491176 0.0017331622648548617 -0.0072962465915619524 0.0055578587281389577 0.005853333540070684 -0.0036742807444527935 0.00019296571865805022
leaf_weight=20 26 28 37 27 21 21 23 26
leaf_count=20 26 28 37 27 21 21 23 26
internal_value=0 0.000806452 0.00392857 -0.00176471 -0.000405405 0.00568966 -0.00802326 -0.00198113
internal_weight=0 186 84 102 74 58 43 53
internal_count=229 186 84 102 74 58 43 53
is_linear=0
shrinkage=0.03


Tree=72
num_leaves=9
num_cat=0
split_feature=0 1 1 4 0 1 3 4
split_gain=3.4183 1.24813 0.581107 0.512121 0.470678 0.308724 0.204167 0.6
threshold=0.34820000000000007 0.020100000000000003 0.12140000000000002 0.35910000000000003 0.6966500000000001 0.25150000000000006 0.0031000000000000008 0.039900000000000012
decision_type=2 2 2 2 2 2 2 2
left_child=1 -1 4 -3 -2 -4 -6 -8
right_child=2 3 5 -5 6 -7 7 -9
leaf_value=-0.007164051571100687 -0.001240208229813169 -0.0051028457241244496 0.010982736899006298 -0.00015180510315143336 0.0081198494575348504 0.0047840111270090937 -0.00043565995390798084 0.0038005269609389389
leaf_weight=21 29 33 23 22 20 21 30 30
leaf_count=21 29 33 23 22 20 21 30 30
internal_value=0 -0.00592105 0.00186275 -0.00354545 0.000688073 0.00477273 0.001875 0.001
internal_weight=0 76 153 55 109 44 80 60
internal_count=229 76 153 55 109 44 80 60
is_linear=0
shrinkage=0.03


Tree=73
num_leaves=9
num_cat=0
split_feature=0 3 0 1 0 0 4 4
split_gain=3.25059 1.3339 0.749508 0.645731 0.515238 0.977812 0.472995 0.254853
threshold=0.097850000000000006 0.035050000000000005 0.34820000000000007 0.031800000000000009 0.73990000000000011 0.61050000000000015 0.037600000000000008 0.44185000000000002
decision_type=2 2 2 2 2 2 2 2
left_child=7 3 -3 -2 5 -4 -5 -1
right_child=1 2 4 6 -6 -7 -8 -9
leaf_value=-0.01247610967459733 0.00083991968499007134 -0.0032785579994849099 -0.0012030019829187765 0.0014216142530641429 -0.0044924230011490528 0.0032489960823558826 0.0055342132000582907 -0.0033491307749861907
leaf_weight=20 26 28 31 37 21 22 21 23
leaf_count=20 26 28 31 37 21 22 21 23
internal_value=0 0.00112903 -0.00117647 0.00392857 0.000405405 0.00198113 0.00568966 -0.00802326
internal_weight=0 186 102 84 74 53 58 43
internal_count=229 186 102 84 74 53 58 43
is_linear=0
shrinkage=0.03


Tree=74
num_leaves=9
num_cat=0
split_feature=0 3 1 4 4 0 1 0
split_gain=2.66907 1.49203 0.645731 0.472995 0.418655 0.339844 0.515238 0.222572
threshold=0.097850000000000006 0.035050000000000005 0.031800000000000009 0.037600000000000008 0.44185000000000002 0.34820000000000007 0.076250000000000012 0.71840000000000004
decision_type=2 2 2 2 2 2 2 2
left_child=4 2 -2 -4 -1 -3 7 -7
right_child=1 5 3 -5 -6 6 -8 -9
leaf_value=-0.01210182638435941 0.00081472209444037212 -0.0031802012595003614 0.0013789658254722203 0.005368186804056538 -0.0032486568517366061 -0.0070040628874331358 0.0054644192726767482 0.00015535514577474151
leaf_weight=20 26 28 37 21 23 27 21 26
leaf_count=20 26 28 37 21 23 27 21 26
internal_value=0 0.000967742 0.00392857 0.00568966 -0.00732558 -0.00147059 -0.000405405 -0.00198113
internal_weight=0 186 84 58 43 102 74 53
internal_count=229 186 84 58 43 102 74 53
is_linear=0
shrinkage=0.03


Tree=75
num_leaves=9
num_cat=0
split_feature=0 3 1 0 0 4 4 4
split_gain=2.88075 1.18463 0.645731 0.569825 1.28863 1.2067 0.472995 0.418655
threshold=0.097850000000000006 0.035050000000000005 0.031800000000000009 0.61050000000000015 0.73990000000000011 0.24220000000000003 0.037600000000000008 0.44185000000000002
decision_type=2 2 2 2 2 2 2 2
left_child=7 2 -2 5 -5 -3 -4 -1
right_child=1 3 6 4 -6 -7 -8 -9
leaf_value=-0.011738771592828627 0.0007902804316071621 -0.0052308443585603664 0.0013375968507080493 0.0031468655455119629 -0.0045215828892948857 0.00035494855396643929 0.0052071411999348432 -0.0031511971461845082
leaf_weight=20 26 25 37 22 21 34 21 23
leaf_count=20 26 25 37 22 21 34 21 23
internal_value=0 0.00129032 0.00392857 -0.000882353 0.00174419 -0.00279661 0.00568966 -0.00732558
internal_weight=0 186 84 102 43 59 58 43
internal_count=229 186 84 102 43 59 58 43
is_linear=0
shrinkage=0.03


Tree=76
num_leaves=9
num_cat=0
split_feature=0 3 1 0 0 4 4 4
split_gain=2.88075 1.18463 0.645731 0.569825 1.28863 1.2067 0.472995 0.418655
threshold=0.097850000000000006 0.035050000000000005 0.031800000000000009 0.61050000000000015 0.73990000000000011 0.24220000000000003 0.037600000000000008 0.44185000000000002
decision_type=2 2 2 2 2 2 2 2
left_child=7 2 -2 5 -5 -3 -4 -1
right_child=1 3 6 4 -6 -7 -8 -9
leaf_value=-0.011386608445043769 0.0007665720186589486 -0.0050739190278035525 0.0012974689451868127 0.0030524595791466057 -0.0043859354026160348 0.00034430009734744583 0.0050509269639367992 -0.0030566612317989733
leaf_weight=20 26 25 37 22 21 34 21 23
leaf_count=20 26 25 37 22 21 34 21 23
internal_value=0 0.00129032 0.00392857 -0.000882353 0.00174419 -0.00279661 0.00568966 -0.00732558
internal_weight=0 186 84 102 43 59 58 43
internal_count=229 186 84 102 43 59 58 43
is_linear=0
shrinkage=0.03


Tree=77
num_leaves=9
num_cat=0
split_feature=0 3 4 4 4 0 1 0
split_gain=2.56627 1.30117 0.57619 0.6 0.418655 0.339844 0.515238 0.222572
threshold=0.097850000000000006 0.035050000000000005 0.037600000000000008 0.014350000000000002 0.44185000000000002 0.34820000000000007 0.076250000000000012 0.71840000000000004
decision_type=2 2 2 2 2 2 2 2
left_child=4 2 3 -2 -1 -3 7 -7
right_child=1 5 -4 -5 -6 6 -8 -9
leaf_value=-0.011045010191692455 0.0050842607278563847 -0.002945710199334432 0.004318167740573608 -0.00019344911281228504 -0.0029649613948450038 -0.0068149184603495637 0.0056096295960873666 0.0001913173889102826
leaf_weight=20 30 28 24 30 23 27 21 26
leaf_count=20 30 28 24 30 23 27 21 26
internal_value=0 0.000806452 0.00357143 0.002 -0.00732558 -0.00147059 -0.000405405 -0.00198113
internal_weight=0 186 84 60 43 102 74 53
internal_count=229 186 84 60 43 102 74 53
is_linear=0
shrinkage=0.03


Tree=78
num_leaves=9
num_cat=0
split_feature=0 1 1 0 1 1 1 1
split_gain=2.31347 1.15202 0.662056 0.394875 0.379017 0.308724 0.288095 0.381349
threshold=0.34820000000000007 0.020100000000000003 0.12140000000000002 0.6966500000000001 0.15345 0.25150000000000006 0.04080000000000001 0.024300000000000006
decision_type=2 2 2 2 2 2 2 2
left_child=1 -1 3 -2 -3 -4 7 -5
right_child=2 4 5 6 -6 -7 -8 -9
leaf_value=-0.0064760118019811302 -0.0016447356976356841 0.00025479005499347231 0.010337657593967493 0.00092196233176996319 -0.0058791081250678242 0.0038761317159420193 -0.0024446684127178916 0.006100623671842431
leaf_weight=21 29 21 23 36 34 21 24 20
leaf_count=21 29 21 23 36 34 21 24 20
internal_value=0 -0.00473684 0.00166667 0.000412844 -0.00245455 0.00477273 0.0015 0.00267857
internal_weight=0 76 153 109 55 44 80 56
internal_count=229 76 153 109 55 44 80 56
is_linear=0
shrinkage=0.03


Tree=79
num_leaves=9
num_cat=0
split_feature=0 3 4 3 0 0 4 0
split_gain=2.23889 0.858973 0.685714 0.580812 0.569825 1.28863 1.2067 0.322158
threshold=0.097850000000000006 0.035050000000000005 0.037600000000000008 0.0066500000000000005 0.61050000000000015 0.73990000000000011 0.24220000000000003 0.027950000000000003
decision_type=2 2 2 2 2 2 2 2
left_child=7 2 3 -2 6 -6 -3 -1
right_child=1 4 -4 -5 5 -7 -8 -9
leaf_value=-0.011158102166244362 0.0066404002583021569 -0.0050406482739230006 0.0042067089678934884 -0.00039642771149575037 0.0027721275599496241 -0.0047327759562392074 0.00031486148811535829 -0.0026817321989402198
leaf_weight=21 31 25 24 29 22 21 34 22
leaf_count=21 31 25 24 29 22 21 34 22
internal_value=0 0.000967742 0.00321429 0.0015 -0.000882353 0.00174419 -0.00279661 -0.00662791
internal_weight=0 186 84 60 102 43 59 43
internal_count=229 186 84 60 102 43 59 43
is_linear=0
shrinkage=0.03


Tree=80
num_leaves=9
num_cat=0
split_feature=0 3 4 4 0 0 0 0
split_gain=2.05276 0.832746 0.804762 0.455219 0.414566 0.415544 0.681929 0.322158
threshold=0.097850000000000006 0.035050000000000005 0.037600000000000008 0.013050000000000001 0.34820000000000007 0.73990000000000011 0.61050000000000015 0.027950000000000003
decision_type=2 2 2 2 2 2 2 2
left_child=7 2 3 -2 -3 6 -6 -1
right_child=1 4 -4 -5 5 -7 -8 -9
leaf_value=-0.01082335910125703 0.0045750547335462379 -0.0026814579390921243 0.0040805076988566788 -8.8112243816071959e-05 -0.00098942896875646056 -0.0045907926775520377 0.0026889637331511361 -0.0026012802329720124
leaf_weight=21 27 28 24 33 31 21 22 22
leaf_count=21 27 28 24 33 31 21 22 22
internal_value=0 0.000645161 0.00285714 0.001 -0.00117647 0 0.00141509 -0.00662791
internal_weight=0 186 84 60 102 74 53 43
internal_count=229 186 84 60 102 74 53 43
is_linear=0
shrinkage=0.03


Tree=81
num_leaves=9
num_cat=0
split_feature=0 3 4 4 0 0 0 0
split_gain=1.96273 0.958616 0.804762 0.455219 0.339844 0.353153 0.424242 0.322158
threshold=0.097850000000000006 0.035050000000000005 0.037600000000000008 0.013050000000000001 0.34820000000000007 0.51245000000000007 0.71340000000000015 0.027950000000000003
decision_type=2 2 2 2 2 2 2 2
left_child=7 2 3 -2 -3 -6 -7 -1
right_child=1 4 -4 -5 5 6 -8 -9
leaf_value=-0.010498658328219321 0.0044378030915398535 -0.0026010142009193602 0.0039580924678909741 -8.54688765015954e-05 0.0026590958181981193 -0.00095974609969376782 7.7780898841395266e-05 -0.0025232418259828518
leaf_weight=21 27 28 24 33 20 21 33 22
leaf_count=21 27 28 24 33 20 21 33 22
internal_value=0 0.000483871 0.00285714 0.001 -0.00147059 -0.000405405 -0.00166667 -0.00662791
internal_weight=0 186 84 60 102 74 54 43
internal_count=229 186 84 60 102 74 54 43
is_linear=0
shrinkage=0.03


Tree=82
num_leaves=9
num_cat=0
split_feature=0 3 4 4 0 3 1 0
split_gain=2.05276 0.832746 0.804762 0.455219 0.322158 0.264728 0.450114 0.191282
threshold=0.097850000000000006 0.035050000000000005 0.037600000000000008 0.013050000000000001 0.027950000000000003 0.05390000000000001 0.06975000000000002 0.51245000000000007
decision_type=2 2 2 2 2 2 2 2
left_child=4 2 3 -2 -1 -3 7 -7
right_child=1 5 -4 -5 -6 6 -8 -9
leaf_value=-0.010183698578372742 0.0043046689987936617 -0.0018409936247305888 0.0038393496938542437 -8.290481020654994e-05 -0.0024475445712033666 -0.00061342189457850942 0.00032304077276033903 -0.0051780625632383394
leaf_weight=21 27 22 24 33 22 24 27 29
leaf_count=21 27 22 24 33 22 24 27 29
internal_value=0 0.000645161 0.00285714 0.001 -0.00662791 -0.00117647 -0.000375 -0.00198113
internal_weight=0 186 84 60 43 102 80 53
internal_count=229 186 84 60 43 102 80 53
is_linear=0
shrinkage=0.03


Tree=83
num_leaves=9
num_cat=0
split_feature=0 3 4 4 4 3 0 4
split_gain=1.76115 0.715731 0.804762 0.455219 0.391507 0.320856 0.494505 0.658173
threshold=0.097850000000000006 0.035050000000000005 0.037600000000000008 0.013050000000000001 0.44185000000000002 0.05390000000000001 0.61050000000000015 0.24220000000000003
decision_type=2 2 2 2 2 2 2 2
left_child=4 2 3 -2 -1 -3 7 -7
right_child=1 5 -4 -5 -6 6 -8 -9
leaf_value=-0.0093660658032660108 0.0041755289288298546 -0.0017857638159886713 0.0037241692030386096 -8.0417665900349712e-05 -0.0023741182340672649 -0.0048849754337328211 0.00083150316746311015 0.00034991649964763558
leaf_weight=20 27 22 24 33 23 20 28 32
leaf_count=20 27 22 24 33 23 20 28 32
internal_value=0 0.000806452 0.00285714 0.001 -0.00593023 -0.000882353 0 -0.00173077
internal_weight=0 186 84 60 43 102 80 52
internal_count=229 186 84 60 43 102 80 52
is_linear=0
shrinkage=0.03


Tree=84
num_leaves=9
num_cat=0
split_feature=0 1 0 4 4 4 1 1
split_gain=1.84649 0.631055 0.735542 0.906998 0.544444 0.391507 0.288095 0.381349
threshold=0.097850000000000006 0.12140000000000002 0.6966500000000001 0.29375000000000001 0.039900000000000012 0.44185000000000002 0.04080000000000001 0.024300000000000006
decision_type=2 2 2 2 2 2 2 2
left_child=5 2 3 -2 -3 -1 7 -4
right_child=1 4 6 -5 -6 -7 -8 -9
leaf_value=-0.0090850838291680284 -0.0065936310079387807 -8.6497048482137015e-06 0.00063553225423420342 0.00030285205458809857 0.0040712637169769902 -0.0023028946870452477 -0.0027223302308827255 0.0057943707904906461
leaf_weight=20 21 24 36 25 36 23 24 20
leaf_count=20 21 24 36 25 36 23 24 20
internal_value=0 0.000967742 -0.000238095 -0.00326087 0.0035 -0.00593023 0.0015 0.00267857
internal_weight=0 186 126 46 60 43 80 56
internal_count=229 186 126 46 60 43 80 56
is_linear=0
shrinkage=0.03


Tree=85
num_leaves=9
num_cat=0
split_feature=0 3 4 4 4 3 0 4
split_gain=1.76115 0.715731 0.804762 0.455219 0.391507 0.320856 0.494505 0.658173
threshold=0.097850000000000006 0.035050000000000005 0.037600000000000008 0.013050000000000001 0.44185000000000002 0.05390000000000001 0.61050000000000015 0.24220000000000003
decision_type=2 2 2 2 2 2 2 2
left_child=4 2 3 -2 -1 -3 7 -7
right_child=1 5 -4 -5 -6 6 -8 -9
leaf_value=-0.0088125313142929877 0.0038764319372502462 -0.0016611572920459648 0.0034903062154381412 -7.7745644777893466e-05 -0.00223380784643389 -0.0047005906613564108 0.00081854697570094221 0.00033033344302056341
leaf_weight=20 27 22 24 33 23 20 28 32
leaf_count=20 27 22 24 33 23 20 28 32
internal_value=0 0.000806452 0.00285714 0.001 -0.00593023 -0.000882353 0 -0.00173077
internal_weight=0 186 84 60 43 102 80 52
internal_count=229 186 84 60 43 102 80 52
is_linear=0
shrinkage=0.03


Tree=86
num_leaves=9
num_cat=0
split_feature=0 3 4 1 4 3 0 4
split_gain=1.67783 0.585547 0.933333 0.429762 0.391507 0.320856 0.494505 0.658173
threshold=0.097850000000000006 0.035050000000000005 0.037600000000000008 0.04080000000000001 0.44185000000000002 0.05390000000000001 0.61050000000000015 0.24220000000000003
decision_type=2 2 2 2 2 2 2 2
left_child=4 2 3 -2 -1 -3 7 -7
right_child=1 5 -4 -5 -6 6 -8 -9
leaf_value=-0.0085481553748641987 0.0069578627778157506 -0.0016113225732845859 0.0033855970289749979 -9.4746029342778198e-05 -0.002166793611040873 -0.0045595729415157183 0.00079399056642991399 0.00032042343972994768
leaf_weight=20 28 22 24 32 23 20 28 32
leaf_count=20 28 22 24 32 23 20 28 32
internal_value=0 0.000645161 0.0025 0.0005 -0.00593023 -0.000882353 0 -0.00173077
internal_weight=0 186 84 60 43 102 80 52
internal_count=229 186 84 60 43 102 80 52
is_linear=0
shrinkage=0.03


Tree=87
num_leaves=9
num_cat=0
split_feature=0 1 3 3 4 3 0 1
split_gain=1.65772 0.787981 0.596104 0.225502 0.548719 0.927428 0.326993 0.318841
threshold=0.34820000000000007 0.020100000000000003 0.063600000000000004 0.072800000000000017 0.039900000000000012 0.014050000000000002 0.61050000000000015 0.04080000000000001
decision_type=2 2 2 2 2 2 2 2
left_child=1 -1 -3 4 5 7 -5 -2
right_child=3 2 -4 6 -6 -7 -8 -9
leaf_value=-0.0048795183492027407 0.0087439842827002207 -0.0063002928907126849 4.2221755593308537e-05 -0.0046270898110421866 0.0041959897788094967 -0.00066185922432860701 0.00061880995063502643 0.00053213108848662702
leaf_weight=21 24 21 34 25 38 21 23 22
leaf_count=21 24 21 34 25 38 21 23 22
internal_value=0 -0.00434211 -0.00245455 0.00107843 0.00185714 0.000223881 -0.000625 0.0026087
internal_weight=0 76 55 153 105 67 48 46
internal_count=229 76 55 153 105 67 48 46
is_linear=0
shrinkage=0.03


Tree=88
num_leaves=9
num_cat=0
split_feature=0 3 4 3 4 3 1 0
split_gain=1.67783 0.832746 0.804762 0.406081 0.391507 0.264728 0.314881 0.221367
threshold=0.097850000000000006 0.035050000000000005 0.037600000000000008 0.0066500000000000005 0.44185000000000002 0.05390000000000001 0.085150000000000017 0.61050000000000015
decision_type=2 2 2 2 2 2 2 2
left_child=4 2 3 -2 -1 -3 7 -7
right_child=1 5 -4 -5 -6 6 -8 -9
leaf_value=-0.0081027019268968929 0.0058087411922589684 -0.0015294018926929355 0.0032200555090853397 -0.00058004147714645342 -0.0019554042522335639 -0.006723750599518628 0.0031238482395058659 1.6421617958197743e-05
leaf_weight=20 31 22 24 29 23 33 24 23
leaf_count=20 31 22 24 29 23 33 24 23
internal_value=0 0.000645161 0.00285714 0.001 -0.00593023 -0.00117647 -0.000375 -0.00160714
internal_weight=0 186 84 60 43 102 80 56
internal_count=229 186 84 60 43 102 80 56
is_linear=0
shrinkage=0.03


Tree=89
num_leaves=9
num_cat=0
split_feature=0 3 4 3 4 3 1 0
split_gain=1.67783 0.832746 0.804762 0.406081 0.391507 0.264728 0.314881 0.221367
threshold=0.097850000000000006 0.035050000000000005 0.037600000000000008 0.0066500000000000005 0.44185000000000002 0.05390000000000001 0.085150000000000017 0.61050000000000015
decision_type=2 2 2 2 2 2 2 2
left_child=4 2 3 -2 -1 -3 7 -7
right_child=1 5 -4 -5 -6 6 -8 -9
leaf_value=-0.0078596208690899869 0.0056344789564911936 -0.0014835198359121459 0.0031234538438127736 -0.00056264023283206124 -0.0018967421246665571 -0.0065220380815330711 0.0030301327923206887 1.5928969419447546e-05
leaf_weight=20 31 22 24 29 23 33 24 23
leaf_count=20 31 22 24 29 23 33 24 23
internal_value=0 0.000645161 0.00285714 0.001 -0.00593023 -0.00117647 -0.000375 -0.00160714
internal_weight=0 186 84 60 43 102 80 56
internal_count=229 186 84 60 43 102 80 56
is_linear=0
shrinkage=0.03


Tree=90
num_leaves=9
num_cat=0
split_feature=0 1 3 3 4 3 3 1
split_gain=1.53996 0.787981 0.596104 0.2701 0.560398 0.927428 0.475729 0.318841
threshold=0.34820000000000007 0.020100000000000003 0.063600000000000004 0.063600000000000004 0.039900000000000012 0.014050000000000002 0.11425 0.04080000000000001
decision_type=2 2 2 2 2 2 2 2
left_child=1 -1 -3 4 5 7 -5 -2
right_child=3 2 -4 6 -6 -7 -8 -9
leaf_value=-0.0046175684074196552 0.0083271566776376392 -0.0059957197126843022 -0.00014366432802928651 -0.0030415548291684901 0.0046343270799972421 -0.00060772299629939573 0.00081043014123075789 0.00036165907925045593
leaf_weight=21 24 21 34 20 33 21 33 22
leaf_count=21 24 21 34 20 33 21 33 22
internal_value=0 -0.00434211 -0.00245455 0.000882353 0.0018 0.000223881 -0.000849057 0.0026087
internal_weight=0 76 55 153 100 67 53 46
internal_count=229 76 55 153 100 67 53 46
is_linear=0
shrinkage=0.03


Tree=91
num_leaves=9
num_cat=0
split_feature=0 3 4 3 4 3 1 0
split_gain=1.67783 0.832746 0.804762 0.406081 0.391507 0.264728 0.450114 0.191282
threshold=0.097850000000000006 0.035050000000000005 0.037600000000000008 0.0066500000000000005 0.44185000000000002 0.05390000000000001 0.06975000000000002 0.51245000000000007
decision_type=2 2 2 2 2 2 2 2
left_child=4 2 3 -2 -1 -3 7 -7
right_child=1 5 -4 -5 -6 6 -8 -9
leaf_value=-0.007443960651636757 0.0052156298874673369 -0.0014392656209234452 0.0030501711179886956 -0.00052752933595812124 -0.0017013128087039703 3.9274562915275754e-06 0.00016580153282643616 -0.0050433960465213756
leaf_weight=20 31 22 24 29 23 24 27 29
leaf_count=20 31 22 24 29 23 24 27 29
internal_value=0 0.000645161 0.00285714 0.001 -0.00593023 -0.00117647 -0.000375 -0.00198113
internal_weight=0 186 84 60 43 102 80 53
internal_count=229 186 84 60 43 102 80 53
is_linear=0
shrinkage=0.03


Tree=92
num_leaves=9
num_cat=0
split_feature=0 3 4 4 3 0 4 1
split_gain=1.76115 0.715731 0.804762 0.391507 0.320856 0.494505 0.658173 0.286012
threshold=0.097850000000000006 0.035050000000000005 0.037600000000000008 0.44185000000000002 0.05390000000000001 0.61050000000000015 0.24220000000000003 0.04080000000000001
decision_type=2 2 2 2 2 2 2 2
left_child=3 2 7 -1 -3 6 -6 -2
right_child=1 4 -4 -5 5 -7 -8 -9
leaf_value=-0.0072206418320876539 0.0057372271645846238 -0.0013960876522957418 0.0029586659844490358 -0.0016502734244428518 -0.0044400996655595158 0.00093540478501134665 0.00047098533892534042 -0.00037453702630954041
leaf_weight=20 28 22 24 23 20 28 32 32
leaf_count=20 28 22 24 23 20 28 32 32
internal_value=0 0.000806452 0.00285714 -0.00593023 -0.000882353 0 -0.00173077 0.001
internal_weight=0 186 84 43 102 80 52 60
internal_count=229 186 84 43 102 80 52 60
is_linear=0
shrinkage=0.03


Tree=93
num_leaves=9
num_cat=0
split_feature=0 1 3 1 0 1 1 4
split_gain=1.77982 0.787981 0.596104 0.31268 0.394875 0.288095 0.381349 0.204545
threshold=0.34820000000000007 0.020100000000000003 0.063600000000000004 0.12140000000000002 0.6966500000000001 0.04080000000000001 0.024300000000000006 0.039900000000000012
decision_type=2 2 2 2 2 2 2 2
left_child=1 -1 -3 4 -2 6 -6 -5
right_child=3 2 -4 7 5 -7 -8 -9
leaf_value=-0.004378493768202661 -0.0017606107708752216 -0.0057153005343093654 -1.0540521529740498e-05 0.00061844316535559769 0.00031721332298451533 -0.0029027548307346239 0.0049296862074884882 0.0060834435040211642
leaf_weight=21 29 21 34 22 36 24 20 22
leaf_count=21 29 21 34 22 36 24 20 22
internal_value=0 -0.00434211 -0.00245455 0.00127451 0.000412844 0.0015 0.00267857 0.00340909
internal_weight=0 76 55 153 109 80 56 44
internal_count=229 76 55 153 109 80 56 44
is_linear=0
shrinkage=0.03


Tree=94
num_leaves=9
num_cat=0
split_feature=0 3 4 3 1 0 0 3
split_gain=1.69794 0.720911 0.51 0.353621 0.543213 0.556595 0.677338 0.253782
threshold=0.07740000000000001 0.035050000000000005 0.037600000000000008 0.05390000000000001 0.11080000000000002 0.6966500000000001 0.36165000000000008 0.0066500000000000005
decision_type=2 2 2 2 2 2 2 2
left_child=-1 2 7 -3 5 6 -5 -2
right_child=1 3 -4 4 -6 -7 -8 -9
leaf_value=-0.0055438415182800845 0.0047391535896811245 -0.0012621184546407005 0.0028158606037492007 1.6640947339587876e-05 0.0074711571164982277 0.00038536623262302891 -0.0067514010508223261 -0.000611686261757427
leaf_weight=37 31 22 25 21 20 22 22 29
leaf_count=37 31 22 25 21 20 22 22 29
internal_value=0 0.0009375 0.003 -0.000700935 0.000176471 -0.00115385 -0.00313953 0.0015
internal_weight=0 192 85 107 85 65 43 60
internal_count=229 192 85 107 85 65 43 60
is_linear=0
shrinkage=0.03


Tree=95
num_leaves=8
num_cat=0
split_feature=0 3 4 3 1 0 1
split_gain=1.69794 0.495293 0.614902 0.414533 0.620499 0.30303 0.286012
threshold=0.07740000000000001 0.035050000000000005 0.037600000000000008 0.05390000000000001 0.06975000000000002 0.61050000000000015 0.04080000000000001
decision_type=2 2 2 2 2 2 2
left_child=-1 2 6 -3 5 -5 -2
right_child=1 3 -4 4 -6 -7 -8
leaf_value=-0.0053775262727316806 0.0053442322489995493 -0.0012242549010014806 0.0027313847856367257 -0.006988141166065733 0.00058444444969589558 0.00037380524564433967 -0.00034876006490480949
leaf_weight=37 28 22 25 33 30 22 32
leaf_count=37 28 22 25 33 30 22 32
internal_value=0 0.0009375 0.00264706 -0.000420561 0.000529412 -0.00136364 0.001
internal_weight=0 192 85 107 85 55 60
internal_count=229 192 85 107 85 55 60
is_linear=0
shrinkage=0.03


Tree=96
num_leaves=10
num_cat=0
split_feature=0 3 3 1 0 4 4 3 0
split_gain=1.50757 0.566615 0.512038 0.935983 0.940113 0.342692 0.353639 0.250216 0.0558072
threshold=0.027950000000000003 0.035050000000000005 0.052500000000000012 0.055250000000000007 0.6966500000000001 0.037600000000000008 0.010200000000000002 0.11965000000000002 0.86670000000000014
decision_type=2 2 2 2 2 2 2 2 2
left_child=-1 5 -3 4 -4 6 -2 -5 -8
right_child=1 2 3 7 -6 -7 8 -9 -10
leaf_value=-0.0075540242464331598 0.0071311574041292448 -0.0024304574043947373 -0.0067784969310837615 0.0042494386170001831 0.0019904980669207739 0.0026494432420676173 3.7119109071142019e-05 8.2500466283892397e-05 -0.00086629403534987264
leaf_weight=21 20 21 39 20 20 25 21 22 20
leaf_count=21 20 21 39 20 20 25 21 22 20
internal_value=0 0.000576923 -0.000737705 0.000148515 -0.00228814 0.00244186 0.00122951 0.00357143 -0.000365854
internal_weight=0 208 122 101 59 86 61 42 41
internal_count=229 208 122 101 59 86 61 42 41
is_linear=0
shrinkage=0.03


Tree=97
num_leaves=10
num_cat=0
split_feature=0 3 3 1 0 4 4 0 0
split_gain=1.40621 0.755455 0.400693 0.535229 0.940113 0.342692 0.353639 0.0952381 0.0558072
threshold=0.027950000000000003 0.035050000000000005 0.052500000000000012 0.055250000000000007 0.6966500000000001 0.037600000000000008 0.010200000000000002 0.31710000000000005 0.86670000000000014
decision_type=2 2 2 2 2 2 2 2 2
left_child=-1 5 -3 4 -4 6 -2 -5 -8
right_child=1 2 3 7 -6 -7 8 -9 -10
leaf_value=-0.0073274035190401656 0.006917222682005373 -0.0023575436822628952 -0.0065751420231512482 0.00015770326565436421 0.0019307831249131512 0.002569959944805582 3.6005535799001898e-05 0.0010023656380128098 -0.00084030521428938296
leaf_weight=21 20 21 39 21 20 25 21 21 20
leaf_count=21 20 21 39 21 20 25 21 21 20
internal_value=0 0.000288462 -0.00122951 -0.000445545 -0.00228814 0.00244186 0.00122951 0.00214286 -0.000365854
internal_weight=0 208 122 101 59 86 61 42 41
internal_count=229 208 122 101 59 86 61 42 41
is_linear=0
shrinkage=0.03


Tree=98
num_leaves=10
num_cat=0
split_feature=0 3 3 1 0 4 4 0 0
split_gain=1.35686 0.860042 0.350133 0.665116 0.620621 0.342692 0.353639 0.0952381 0.0558072
threshold=0.027950000000000003 0.035050000000000005 0.052500000000000012 0.055250000000000007 0.6966500000000001 0.037600000000000008 0.010200000000000002 0.31710000000000005 0.86670000000000014
decision_type=2 2 2 2 2 2 2 2 2
left_child=-1 5 -3 4 -4 6 -2 -5 -8
right_child=1 2 3 7 -6 -7 8 -9 -10
leaf_value=-0.0071075814134689613 0.0067097060015452121 -0.0022868173717950089 -0.0063778877624567111 0.00015297216768473399 0.0018728596311657574 0.0024928611464614114 3.4925369725029572e-05 0.00097229466887242876 -0.0008150960578606958
leaf_weight=21 20 21 39 21 20 25 21 21 20
leaf_count=21 20 21 39 21 20 25 21 21 20
internal_value=0 0.000144231 -0.00147541 -0.000742574 -0.00279661 0.00244186 0.00122951 0.00214286 -0.000365854
internal_weight=0 208 122 101 59 86 61 42 41
internal_count=229 208 122 101 59 86 61 42 41
is_linear=0
shrinkage=0.03


Tree=99
num_leaves=9
num_cat=0
split_feature=0 3 1 4 3 1 0 0
split_gain=1.30838 0.713687 0.436524 0.42496 0.350133 0.665116 0.620621 0.0952381
threshold=0.027950000000000003 0.035050000000000005 0.031800000000000009 0.037600000000000008 0.052500000000000012 0.055250000000000007 0.6966500000000001 0.31710000000000005
decision_type=2 2 2 2 2 2 2 2
left_child=-1 2 -2 -4 -3 6 -6 -7
right_child=1 4 3 -5 5 7 -8 -9
leaf_value=-0.0068943539710648923 -0.00039663944037767737 -0.002218212850641158 0.0012556488589145931 0.003020956314416776 -0.0061865511295830086 0.00014838300265419214 0.0018166738422307838 0.00094312582880625708
leaf_weight=21 26 21 38 22 39 21 20 21
leaf_count=21 26 21 38 22 39 21 20 21
internal_value=0 0 0.00209302 0.0035 -0.00147541 -0.000742574 -0.00279661 0.00214286
internal_weight=0 208 86 60 122 101 59 42
internal_count=229 208 86 60 122 101 59 42
is_linear=0
shrinkage=0.03


Tree=100
num_leaves=9
num_cat=0
split_feature=0 3 4 3 1 0 3 4
split_gain=1.26079 0.678463 0.732633 0.682761 0.45708 0.4 0.218312 0.202289
threshold=0.027950000000000003 0.014050000000000002 0.039900000000000012 0.066950000000000023 0.055250000000000007 0.51245000000000007 0.15935000000000002 0.018350000000000002
decision_type=2 2 2 2 2 2 2 2
left_child=-1 7 -3 5 6 -4 -5 -2
right_child=1 2 3 4 -6 -7 -8 -9
leaf_value=-0.0066875233519329454 0.0021544595226461105 -0.0022547630651742522 0.00045679550775440278 -0.0023718412746633077 6.6253699215578223e-05 0.00314617729067179 -0.0045714550908667502 0.0046644910254963617
leaf_weight=21 30 26 20 22 36 20 28 26
leaf_count=21 30 26 20 22 36 20 28 26
internal_value=0 -0.000144231 -0.00118421 -0.000238095 -0.00174419 0.003 -0.0036 0.00267857
internal_weight=0 208 152 126 86 40 50 56
internal_count=229 208 152 126 86 40 50 56
is_linear=0
shrinkage=0.03


Tree=101
num_leaves=9
num_cat=0
split_feature=0 1 3 3 4 3 3 1
split_gain=1.31605 0.499025 1.33333 0.475572 0.460249 0.611863 0.339651 0.318841
threshold=0.34820000000000007 0.055250000000000007 0.063600000000000004 0.063600000000000004 0.039900000000000012 0.014050000000000002 0.11425 0.04080000000000001
decision_type=2 2 2 2 2 2 2 2
left_child=1 -1 -3 4 5 7 -5 -2
right_child=3 2 -4 6 -6 -7 -8 -9
leaf_value=-0.0033023417703716379 0.0072076807195816479 -0.0041490738894915261 0.00012634555198101611 -0.0028818891394671716 0.0037734761267469797 -0.00074208208618446118 0.00091284444296560571 0.0001378615727102539
leaf_weight=27 24 21 28 20 33 21 33 22
leaf_count=27 24 21 28 20 33 21 33 22
internal_value=0 -0.00394737 -0.00214286 0.000882353 0.0021 0.000671642 -0.00141509 0.0026087
internal_weight=0 76 49 153 100 67 53 46
internal_count=229 76 49 153 100 67 53 46
is_linear=0
shrinkage=0.03


Tree=102
num_leaves=9
num_cat=0
split_feature=0 3 1 4 3 1 0 0
split_gain=1.30838 0.713687 0.436524 0.42496 0.350133 0.665116 0.620621 0.0952381
threshold=0.027950000000000003 0.035050000000000005 0.031800000000000009 0.037600000000000008 0.052500000000000012 0.055250000000000007 0.6966500000000001 0.31710000000000005
decision_type=2 2 2 2 2 2 2 2
left_child=-1 2 -2 -4 -3 6 -6 -7
right_child=1 4 3 -5 5 7 -8 -9
leaf_value=-0.0064906880179343863 -0.00037040052590262327 -0.002040898113669809 0.0010055120005406403 0.0028514799811385273 -0.0058911962762584836 0.00013815353503866923 0.0019180293662454438 0.00088545910967663844
leaf_weight=21 26 21 38 22 39 21 20 21
leaf_count=21 26 21 38 22 39 21 20 21
internal_value=0 0 0.00209302 0.0035 -0.00147541 -0.000742574 -0.00279661 0.00214286
internal_weight=0 208 86 60 122 101 59 42
internal_count=229 208 86 60 122 101 59 42
is_linear=0
shrinkage=0.03


Tree=103
num_leaves=9
num_cat=0
split_feature=0 3 2 1 3 3 1 4
split_gain=1.40621 0.531818 0.497669 0.525862 0.788961 0.482202 0.438312 0.375092
threshold=0.027950000000000003 0.018400000000000003 0.00045000000000000004 0.055250000000000007 0.086650000000000019 0.086650000000000019 0.017050000000000006 0.018350000000000002
decision_type=2 2 2 2 2 2 2 2
left_child=-1 7 3 4 -3 -5 -6 -2
right_child=1 2 -4 5 6 -7 -8 -9
leaf_value=-0.0062959673773963542 5.5948137390373628e-05 0.00089013647178892653 -0.0019796711702597149 -8.3754184231237252e-05 -0.0014115132017563142 0.0030547641780299551 -0.006474539012894639 0.0037748444808598644
leaf_weight=21 35 22 21 31 22 27 20 30
leaf_count=21 35 22 21 31 22 27 20 30
internal_value=0 0.000288462 -0.000734266 0 -0.001875 0.00206897 -0.00428571 0.00253846
internal_weight=0 208 143 122 64 58 42 65
internal_count=229 208 143 122 64 58 42 65
is_linear=0
shrinkage=0.03


Tree=104
num_leaves=9
num_cat=0
split_feature=0 3 4 1 0 4 4 1
split_gain=1.45645 0.465822 0.391109 0.481919 0.543213 0.564415 0.375092 0.139431
threshold=0.027950000000000003 0.018400000000000003 0.40630000000000005 0.028450000000000007 0.27480000000000004 0.063300000000000009 0.018350000000000002 0.085150000000000017
decision_type=2 2 2 2 2 2 2 2
left_child=-1 6 3 -3 -5 -6 -2 -7
right_child=1 2 -4 4 5 7 -8 -9
leaf_value=-0.0061070883560744634 5.4269693268658157e-05 -0.005110917701672317 9.1068150632705449e-05 -0.0028336889062136059 -0.0018136988937176657 0.00062769534750687142 0.0036615991464340691 0.0072459675197226337
leaf_weight=21 35 29 29 20 24 20 30 21
leaf_count=21 35 29 29 20 24 20 30 21
internal_value=0 0.000432692 -0.000524476 -0.00131579 -0.000176471 0.00115385 0.00253846 0.00329268
internal_weight=0 208 143 114 85 65 65 41
internal_count=229 208 143 114 85 65 65 41
is_linear=0
shrinkage=0.03


Tree=105
num_leaves=10
num_cat=0
split_feature=0 3 0 3 0 2 4 1 1
split_gain=1.61246 0.43894 0.429605 0.371541 0.803827 0.302976 0.286909 0.5858 0.140285
threshold=0.027950000000000003 0.042250000000000003 0.13100000000000003 0.18280000000000005 0.42035000000000006 1.0000000180025095e-35 0.037600000000000008 0.04080000000000001 0.039200000000000006
decision_type=2 2 2 2 2 2 2 2 2
left_child=-1 5 -3 4 -4 6 7 -2 -6
right_child=1 2 3 -5 8 -7 -8 -9 -10
leaf_value=-0.0059238757053922293 0.002994751330844083 8.8336106113724445e-05 -0.0038210398485899713 9.6179971598853159e-05 -0.0049575901706221523 0.0035517511720410508 0.0019558061127014346 -0.0015394981745985436 0.0022534664768629055
leaf_weight=21 24 23 20 23 21 22 20 29 26
leaf_count=21 24 23 20 23 21 22 20 29 26
internal_value=0 0.000865385 -0.00039823 -0.00133333 -0.00246269 0.00236842 0.00143836 0.000283019 -0.000319149
internal_weight=0 208 113 90 67 95 73 53 47
internal_count=229 208 113 90 67 95 73 53 47
is_linear=0
shrinkage=0.03


Tree=106
num_leaves=9
num_cat=0
split_feature=0 3 4 4 0 0 3 4
split_gain=1.35686 0.546884 0.864212 0.378217 0.629439 0.516534 0.4 0.202289
threshold=0.027950000000000003 0.014050000000000002 0.039900000000000012 0.077550000000000022 0.52445000000000019 0.23015000000000005 0.20715000000000003 0.018350000000000002
decision_type=2 2 2 2 2 2 2 2
left_child=-1 7 -3 -4 5 6 -5 -2
right_child=1 2 3 4 -6 -7 -8 -9
leaf_value=-0.005746159434230463 0.0019243419103026716 -0.0021889579670641202 0.004899786381656699 -0.0013577467588412556 -0.0014884051356604021 0.0019483508187877285 6.1334949437264478e-05 0.0039962773942213989
leaf_weight=21 30 26 26 20 26 34 20 26
leaf_count=21 30 26 26 20 26 34 20 26
internal_value=0 0.000144231 -0.000789474 0.000238095 -0.0006 0.000810811 -0.0015 0.00267857
internal_weight=0 208 152 126 100 74 40 56
internal_count=229 208 152 126 100 74 40 56
is_linear=0
shrinkage=0.03


Tree=107
num_leaves=9
num_cat=0
split_feature=0 3 0 1 1 4 4 0
split_gain=1.50757 0.423124 0.494207 0.43053 0.68788 0.401505 0.355556 0.617143
threshold=0.027950000000000003 0.042250000000000003 0.13100000000000003 0.031800000000000009 0.099950000000000011 0.039900000000000012 0.27155000000000001 0.61050000000000015
decision_type=2 2 2 2 2 2 2 2
left_child=-1 3 -3 -2 -5 -6 7 -4
right_child=1 2 6 4 5 -7 -8 -9
leaf_value=-0.0055737746512035486 -0.00027570216423146167 8.3845974447193652e-05 -0.0052409053952319224 0.011039784002560182 -0.00078593682059984848 0.0013957452974190797 2.1493129343673754e-05 -4.8226675094369393e-05
leaf_weight=21 28 23 25 21 26 20 30 35
leaf_count=21 28 23 25 21 26 20 30 35
internal_value=0 0.000576923 -0.000663717 0.00205263 0.00335821 0.00130435 -0.00166667 -0.003
internal_weight=0 208 113 95 67 46 90 60
internal_count=229 208 113 95 67 46 90 60
is_linear=0
shrinkage=0.03


Tree=108
num_leaves=8
num_cat=0
split_feature=0 3 4 1 0 4 4
split_gain=1.45645 0.536234 0.427823 0.567836 0.453676 0.380952 0.357143
threshold=0.027950000000000003 0.019650000000000004 0.40630000000000005 0.17295000000000002 0.6966500000000001 0.058350000000000006 0.018350000000000002
decision_type=2 2 2 2 2 2 2
left_child=-1 6 3 4 -3 -6 -2
right_child=1 2 -4 -5 5 -7 -8
leaf_value=-0.0054065614116674422 3.5335910939293669e-05 -0.0041388439040799408 8.133059521377716e-05 0.0020226366984047745 -0.00053602493645951818 0.0036217851966565415 0.0031306002659726626
leaf_weight=21 35 37 29 30 21 21 35
leaf_count=21 35 37 29 30 21 21 35
internal_value=0 0.000432692 -0.000652174 -0.00151376 -0.0028481 -0.000714286 0.00257143
internal_weight=0 208 138 109 79 42 70
internal_count=229 208 138 109 79 42 70
is_linear=0
shrinkage=0.03


Tree=109
num_leaves=9
num_cat=0
split_feature=0 3 4 1 0 4 4 1
split_gain=1.45645 0.465822 0.391109 0.481919 0.543213 0.564415 0.375092 0.139431
threshold=0.027950000000000003 0.018400000000000003 0.40630000000000005 0.028450000000000007 0.27480000000000004 0.063300000000000009 0.018350000000000002 0.085150000000000017
decision_type=2 2 2 2 2 2 2 2
left_child=-1 6 3 -3 -5 -6 -2 -7
right_child=1 2 -4 4 5 7 -8 -9
leaf_value=-0.0052443645693174184 3.4275833611108195e-05 -0.0047256661781449466 7.8890677357364438e-05 -0.0025820559300607513 -0.0018893608717857856 0.00068304333861772255 0.0031251697298702607 0.0068089123263115597
leaf_weight=21 35 29 29 20 24 20 30 21
leaf_count=21 35 29 29 20 24 20 30 21
internal_value=0 0.000432692 -0.000524476 -0.00131579 -0.000176471 0.00115385 0.00253846 0.00329268
internal_weight=0 208 143 114 85 65 65 41
internal_count=229 208 143 114 85 65 65 41
is_linear=0
shrinkage=0.03


Tree=110
num_leaves=10
num_cat=0
split_feature=0 3 3 4 4 0 4 0 0
split_gain=1.55958 0.482362 0.572824 0.342692 0.353639 0.287842 0.492746 0.375706 0.0558072
threshold=0.027950000000000003 0.035050000000000005 0.052500000000000012 0.037600000000000008 0.010200000000000002 0.13100000000000003 0.077550000000000022 0.52445000000000019 0.86670000000000014
decision_type=2 2 2 2 2 2 2 2 2
left_child=-1 3 -3 4 -2 -4 -7 -8 -6
right_child=1 2 5 -5 8 6 7 -9 -10
leaf_value=-0.0050870336322378952 0.0061058651936567055 -0.0019261802823344019 7.6523957036642723e-05 0.0014730525914723146 3.3247558602780279e-05 0.0077803877261338212 -0.00025260739427236391 -0.0019963686950936086 -0.00056244471466094788
leaf_weight=21 20 21 21 25 21 21 38 21 20
leaf_count=21 20 21 21 25 21 21 38 21 20
internal_value=0 0.000721154 -0.000491803 0.00244186 0.00122951 0.000445545 -0.000375 -0.00177966 -0.000365854
internal_weight=0 208 122 86 61 101 80 59 41
internal_count=229 208 122 86 61 101 80 59 41
is_linear=0
shrinkage=0.03


Tree=111
num_leaves=9
num_cat=0
split_feature=0 3 3 1 4 0 0 4
split_gain=1.45645 0.449106 0.512038 0.436524 0.42496 0.345144 0.267782 0.567868
threshold=0.027950000000000003 0.035050000000000005 0.052500000000000012 0.031800000000000009 0.037600000000000008 0.13100000000000003 0.61050000000000015 0.24220000000000003
decision_type=2 2 2 2 2 2 2 2
left_child=-1 3 -3 -2 -5 -4 7 -7
right_child=1 2 5 4 -6 6 -8 -9
leaf_value=-0.0049344226232707587 -0.00024323728848072432 -0.0018683948738643706 7.4228238325542699e-05 0.00041073350662440111 0.0020905427311358428 -0.0045005656511647148 0.0010057027549194464 1.0269000570820585e-05
leaf_weight=21 26 21 21 38 22 20 29 31
leaf_count=21 26 21 21 38 22 20 29 31
internal_value=0 0.000432692 -0.000737705 0.00209302 0.0035 0.000148515 -0.00075 -0.00205882
internal_weight=0 208 122 86 60 101 80 51
internal_count=229 208 122 86 60 101 80 51
is_linear=0
shrinkage=0.03


Tree=112
num_leaves=9
num_cat=0
split_feature=0 3 3 1 4 0 0 4
split_gain=1.45645 0.449106 0.512038 0.436524 0.42496 0.345144 0.267782 0.567868
threshold=0.027950000000000003 0.035050000000000005 0.052500000000000012 0.031800000000000009 0.037600000000000008 0.13100000000000003 0.61050000000000015 0.24220000000000003
decision_type=2 2 2 2 2 2 2 2
left_child=-1 3 -3 -2 -5 -4 7 -7
right_child=1 2 5 4 -6 6 -8 -9
leaf_value=-0.0047863899445726357 -0.00023594016982630528 -0.0018123430276484396 7.2001391175776643e-05 0.00039841150142567062 0.0020278264492017638 -0.0043655486816297729 0.00097553167227186098 9.9609305536973995e-06
leaf_weight=21 26 21 21 38 22 20 29 31
leaf_count=21 26 21 21 38 22 20 29 31
internal_value=0 0.000432692 -0.000737705 0.00209302 0.0035 0.000148515 -0.00075 -0.00205882
internal_weight=0 208 122 86 60 101 80 51
internal_count=229 208 122 86 60 101 80 51
is_linear=0
shrinkage=0.03


Tree=113
num_leaves=9
num_cat=0
split_feature=0 3 4 3 0 1 3 4
split_gain=1.50757 0.376084 0.680234 0.514286 0.379114 0.359883 0.338835 0.202289
threshold=0.027950000000000003 0.014050000000000002 0.039900000000000012 0.042250000000000003 0.13100000000000003 0.076250000000000012 0.11965000000000002 0.018350000000000002
decision_type=2 2 2 2 2 2 2 2
left_child=-1 7 -3 -4 -5 6 -6 -2
right_child=1 2 3 4 5 -7 -8 -9
leaf_value=-0.0046427982462354566 0.0015943545514023015 -0.0019833655791546565 0.00087527925769253384 6.9841349440502573e-05 -0.0038800244464321973 0.00024279757292560377 -0.00018177780600316494 0.0034146112020418018
leaf_weight=21 30 26 21 23 22 31 29 26
leaf_count=21 30 26 21 23 22 31 29 26
internal_value=0 0.000576923 -0.000197368 0.000714286 -0.000142857 -0.00109756 -0.00264706 0.00267857
internal_weight=0 208 152 126 105 82 51 56
internal_count=229 208 152 126 105 82 51 56
is_linear=0
shrinkage=0.03


Tree=114
num_leaves=9
num_cat=0
split_feature=0 3 4 1 4 0 4 4
split_gain=1.35686 0.546884 0.510121 0.332419 0.492675 0.513677 0.363636 0.202289
threshold=0.027950000000000003 0.014050000000000002 0.039900000000000012 0.26130000000000003 0.40630000000000005 0.6966500000000001 0.24220000000000003 0.018350000000000002
decision_type=2 2 2 2 2 2 2 2
left_child=-1 7 -3 4 5 6 -4 -2
right_child=1 2 3 -5 -6 -7 -8 -9
leaf_value=-0.0045035142988483923 0.0015465239148602316 -0.0019238646117800194 -0.0023516058959897044 0.0012790515605872255 6.7746108957287825e-05 0.0021306695451922841 -0.0034355635742784559 0.0033121728659805515
leaf_weight=21 30 26 22 23 29 30 22 26
leaf_count=21 30 26 22 23 29 30 22 26
internal_value=0 0.000144231 -0.000789474 0 -0.000728155 -0.00202703 -0.00409091 0.00267857
internal_weight=0 208 152 126 103 74 44 56
internal_count=229 208 152 126 103 74 44 56
is_linear=0
shrinkage=0.03


Tree=115
num_leaves=9
num_cat=0
split_feature=0 3 4 2 1 3 3 0
split_gain=1.55958 0.346941 0.375092 0.328658 0.538873 0.6974 0.636431 0.541126
threshold=0.027950000000000003 0.018400000000000003 0.018350000000000002 0.00045000000000000004 0.055250000000000007 0.086650000000000019 0.086650000000000019 0.36165000000000008
decision_type=2 2 2 2 2 2 2 2
left_child=-1 2 -2 4 6 -6 -3 -8
right_child=1 3 -4 -5 5 -7 7 -9
leaf_value=-0.0043684088698829407 6.4185140973638255e-06 0.00092193419980343943 0.0028106260837016325 -0.0018226026613673795 -1.2507856986756492e-05 0.0029606046032873588 -0.0013494658836280321 -0.0046673268300616499
leaf_weight=21 35 22 30 21 31 27 20 22
leaf_count=21 35 22 30 21 31 27 20 22
internal_value=0 0.000721154 0.00253846 -0.000104895 0.000491803 0.00258621 -0.00140625 -0.00357143
internal_weight=0 208 65 143 122 58 64 42
internal_count=229 208 65 143 122 58 64 42
is_linear=0
shrinkage=0.03


Tree=116
num_leaves=10
num_cat=0
split_feature=0 3 1 1 4 4 0 1 0
split_gain=1.45645 0.509875 0.43053 0.68788 0.401505 0.328136 0.969599 0.477557 0.363636
threshold=0.027950000000000003 0.042250000000000003 0.031800000000000009 0.099950000000000011 0.039900000000000012 0.27155000000000001 0.23015000000000005 0.10685000000000001 0.71340000000000015
decision_type=2 2 2 2 2 2 2 2 2
left_child=-1 2 -2 -4 -5 7 -7 8 -3
right_child=1 5 3 4 -6 6 -8 -9 -10
leaf_value=-0.0042373566037864525 -0.00017800234347918441 -0.0033184542566354843 0.010227394069254721 -0.001261425897408428 0.00097619902372206183 -0.00064470799582339359 0.0040888445951779749 0.0017871904907737694 -0.0017863909243550436
leaf_weight=21 28 22 21 26 20 29 20 20 22
leaf_count=21 28 22 21 26 20 29 20 20 22
internal_value=0 0.000432692 0.00205263 0.00335821 0.00130435 -0.000929204 0.000918367 -0.00234375 -0.00409091
internal_weight=0 208 95 67 46 113 49 64 44
internal_count=229 208 95 67 46 113 49 64 44
is_linear=0
shrinkage=0.03


Tree=117
num_leaves=9
num_cat=0
split_feature=0 3 3 1 1 1 4 4
split_gain=1.35686 0.417038 0.454661 0.604031 0.353639 0.347764 0.562679 0.225461
threshold=0.027950000000000003 0.035050000000000005 0.052500000000000012 0.085150000000000017 0.0080500000000000033 0.031800000000000009 0.037600000000000008 0.20675000000000002
decision_type=2 2 2 2 2 2 2 2
left_child=-1 5 -3 4 -4 -2 -7 -6
right_child=1 2 3 -5 7 6 -8 -9
leaf_value=-0.0041102359056728599 -0.00017266227317480842 -0.0017972105522380199 0.00012553894207211313 0.0029146459142032253 -0.00047935345529092618 0.00021677021534374007 0.0016590772567964239 -0.0044437838362050798
leaf_weight=21 26 21 22 33 24 38 22 22
leaf_count=21 26 21 22 33 24 38 22 22
internal_value=0 0.000144231 -0.000983607 -0.000148515 -0.00176471 0.00174419 0.003 -0.00326087
internal_weight=0 208 122 101 68 86 60 46
internal_count=229 208 122 101 68 86 60 46
is_linear=0
shrinkage=0.03


Tree=118
num_leaves=9
num_cat=0
split_feature=0 3 3 1 4 0 0 4
split_gain=1.40621 0.345237 0.512038 0.347764 0.562679 0.345144 0.267782 0.567868
threshold=0.027950000000000003 0.035050000000000005 0.052500000000000012 0.031800000000000009 0.037600000000000008 0.13100000000000003 0.61050000000000015 0.24220000000000003
decision_type=2 2 2 2 2 2 2 2
left_child=-1 3 -3 -2 -5 -4 7 -7
right_child=1 2 5 4 -6 6 -8 -9
leaf_value=-0.0039869288285026751 -0.00016748240497955756 -0.0017432942356708791 0.00012177277380994944 0.00021026710888342182 0.0016093049390925262 -0.0040763242665880287 0.0011583307256355301 3.9657699586131968e-05
leaf_weight=21 26 21 21 38 22 20 29 31
leaf_count=21 26 21 21 38 22 20 29 31
internal_value=0 0.000288462 -0.000737705 0.00174419 0.003 0.000148515 -0.00075 -0.00205882
internal_weight=0 208 122 86 60 101 80 51
internal_count=229 208 122 86 60 101 80 51
is_linear=0
shrinkage=0.03


Tree=119
num_leaves=9
num_cat=0
split_feature=0 1 3 0 0 0 1 0
split_gain=1.04012 0.373823 0.444643 0.739519 0.410711 0.601403 0.268525 0.182336
threshold=0.027950000000000003 0.048800000000000003 0.082900000000000015 0.36165000000000008 0.34820000000000007 0.71340000000000015 0.25150000000000006 0.93500000000000016
decision_type=2 2 2 2 2 2 2 2
left_child=-1 2 7 -4 -3 6 -6 -2
right_child=1 4 3 -5 5 -7 -8 -9
leaf_value=-0.0038673209636475949 0.00353638463186674 -0.00026394528166642339 9.0572533448090293e-05 -0.0046850839435864855 0.00081350946207183307 0.0013456434136247509 0.0008563554634678194 -0.00016011058793581777
leaf_weight=21 25 36 20 27 21 32 20 27
leaf_count=21 25 36 20 27 21 32 20 27
internal_value=0 0.000576923 -0.000757576 -0.00287234 0.00178899 0.00308219 0.0054878 0.00115385
internal_weight=0 208 99 47 109 73 41 52
internal_count=229 208 99 47 109 73 41 52
is_linear=0
shrinkage=0.03


Tree=120
num_leaves=8
num_cat=0
split_feature=0 1 4 0 4 3 4
split_gain=1.12754 0.365705 0.408336 0.728778 0.276198 0.514365 0.12639
threshold=0.027950000000000003 0.048800000000000003 0.052500000000000012 0.36165000000000008 0.041900000000000007 0.066950000000000023 0.012450000000000001
decision_type=2 2 2 2 2 2 2
left_child=-1 2 6 -4 -3 -6 -2
right_child=1 4 3 -5 5 -7 -8
leaf_value=-0.0037513013347381667 -6.4366791668104553e-05 -0.00035265780338040065 0.00011540241459220946 -0.0045445314252788877 0.0020686225033071139 6.5749848924471501e-05 0.0034302930929107365
leaf_weight=21 20 38 23 33 33 38 23
leaf_count=21 20 38 23 33 33 38 23
internal_value=0 0.000865385 -0.000454545 -0.00214286 0.00206422 0.00316901 0.00174419
internal_weight=0 208 99 56 109 71 43
internal_count=229 208 99 56 109 71 43
is_linear=0
shrinkage=0.03


Tree=121
num_leaves=9
num_cat=0
split_feature=0 3 2 1 3 4 3 0
split_gain=0.956224 0.336014 0.547824 0.672838 0.6974 0.528938 0.390693 0.541126
threshold=0.027950000000000003 0.018400000000000003 0.00045000000000000004 0.055250000000000007 0.086650000000000019 0.018350000000000002 0.086650000000000019 0.36165000000000008
decision_type=2 2 2 2 2 2 2 2
left_child=-1 5 3 6 -5 -2 -3 -8
right_child=1 2 -4 4 -6 -7 7 -9
leaf_value=-0.0036387622946960217 -0.00015337626654769563 0.0010005157476547098 -0.001745135725249975 -4.5997151324472796e-05 0.0030291973521442625 0.0023712517877979233 -0.0013044709882396662 -0.004127577361294499
leaf_weight=21 35 22 21 31 27 30 20 22
leaf_count=21 35 22 21 31 27 30 20 22
internal_value=0 0.000288462 -0.000524476 0.000245902 0.00258621 0.00207692 -0.001875 -0.00357143
internal_weight=0 208 143 122 58 65 64 42
internal_count=229 208 143 122 58 65 64 42
is_linear=0
shrinkage=0.03


Tree=122
num_leaves=8
num_cat=0
split_feature=0 4 1 4 4 3 4
split_gain=0.988151 1.24854 0.45283 1.03252 0.603774 1.19551 0.258868
threshold=0.30040000000000006 0.42755000000000004 0.10685000000000001 0.039900000000000012 0.052500000000000012 0.11670000000000001 0.018350000000000002
decision_type=2 2 2 2 2 2 2
left_child=1 -1 4 -4 6 -6 -2
right_child=2 -3 3 -5 5 -7 -8
leaf_value=-0.002981372341257376 -5.7834499921625149e-05 0.00015107447180163214 -0.001731550968774047 0.0046404981963436408 -0.003719497727331145 0.00069625576217761324 0.007892019793712346
leaf_weight=38 28 32 26 27 24 29 25
leaf_count=38 28 32 26 27 24 29 25
internal_value=0 -0.00342857 0.000849057 0.00311321 -0.000283019 -0.00254717 0.00198113
internal_weight=0 70 159 53 106 53 53
internal_count=229 70 159 53 106 53 53
is_linear=0
shrinkage=0.03


Tree=123
num_leaves=9
num_cat=0
split_feature=0 3 3 1 4 0 4 3
split_gain=1.04012 0.374468 0.572824 0.464607 0.428281 0.285734 0.198061 0.114502
threshold=0.027950000000000003 0.035050000000000005 0.052500000000000012 0.055250000000000007 0.037600000000000008 0.36165000000000008 0.014350000000000002 0.11965000000000002
decision_type=2 2 2 2 2 2 2 2
left_child=-1 4 -3 5 6 -4 -2 -5
right_child=1 2 3 7 -6 -7 -8 -9
leaf_value=-0.0034401582556174196 0.0028921388360621148 -0.0016033404832547537 0.00011081746114438351 0.0036585794832479633 0.00073092195614274933 -0.0034259354469018052 -0.00064068537057606842 6.2342603130131349e-05
leaf_weight=21 31 21 24 20 25 35 30 22
leaf_count=21 31 21 24 20 25 35 30 22
internal_value=0 0.000576923 -0.000491803 0.000445545 0.00209302 -0.00127119 0.000737705 0.00285714
internal_weight=0 208 122 101 86 59 61 42
internal_count=229 208 122 101 86 59 61 42
is_linear=0
shrinkage=0.03


Tree=124
num_leaves=9
num_cat=0
split_feature=0 1 3 0 0 3 3 1
split_gain=0.99773 0.297385 0.444643 0.739519 0.49641 0.226714 0.956351 0.333333
threshold=0.027950000000000003 0.048800000000000003 0.082900000000000015 0.36165000000000008 0.93500000000000016 0.035050000000000005 0.086650000000000019 0.18615000000000001
decision_type=2 2 2 2 2 2 2 2
left_child=-1 2 4 -4 -2 7 -7 -3
right_child=1 5 3 -5 -6 6 -8 -9
leaf_value=-0.0033369535079488966 0.0031633862972894541 0.0096242171859046068 0.00010749293731005194 -0.0040700051664546953 -0.00023380410863548472 -0.0015552402687571104 0.00070336131328569134 0.00017439745009741435
leaf_weight=21 25 20 20 27 27 25 34 30
leaf_count=21 25 20 20 27 27 25 34 30
internal_value=0 0.000432692 -0.000757576 -0.00287234 0.00115385 0.00151376 0.000254237 0.003
internal_weight=0 208 99 47 52 109 59 50
internal_count=229 208 99 47 52 109 59 50
is_linear=0
shrinkage=0.03


Tree=125
num_leaves=9
num_cat=0
split_feature=0 3 3 4 1 0 4 0
split_gain=0.875858 0.390977 0.510151 0.32967 0.310589 0.287842 0.492746 0.375706
threshold=0.027950000000000003 0.014050000000000002 0.052500000000000012 0.018350000000000002 0.17295000000000002 0.13100000000000003 0.077550000000000022 0.52445000000000019
decision_type=2 2 2 2 2 2 2 2
left_child=-1 3 4 -2 -3 -4 -7 -8
right_child=1 2 5 -5 -6 6 7 -9
leaf_value=-0.0032368449027104298 0.0012866763810504467 -0.0004154126365077071 0.00013999292569395028 0.0024460832444413304 -8.9074760114695722e-05 0.0074304949584052555 -0.00023702789784621535 -0.0019314239625560625
leaf_weight=21 30 28 21 26 23 21 38 21
leaf_count=21 30 28 21 26 23 21 38 21
internal_value=0 0 -0.000789474 0.00214286 -0.00323529 0.000445545 -0.000375 -0.00177966
internal_weight=0 208 152 56 51 101 80 59
internal_count=229 208 152 56 51 101 80 59
is_linear=0
shrinkage=0.03


Tree=126
num_leaves=9
num_cat=0
split_feature=0 3 3 1 4 1 0 3
split_gain=0.52984 0.390977 0.510151 0.464607 0.32967 0.310589 0.285734 0.114502
threshold=0.027950000000000003 0.014050000000000002 0.052500000000000012 0.055250000000000007 0.018350000000000002 0.17295000000000002 0.36165000000000008 0.11965000000000002
decision_type=2 2 2 2 2 2 2 2
left_child=-1 4 5 6 -2 -3 -4 -5
right_child=1 2 3 7 -6 -7 -8 -9
leaf_value=-0.0031397395556291173 0.001248076089618928 -0.00040295025741247324 0.0001057236737730341 0.0035630558076648797 0.0023727007471080852 -8.6402517311259249e-05 -0.0031939463915657226 4.0827010219939838e-05
leaf_weight=21 30 28 24 20 26 23 35 22
leaf_count=21 30 28 24 20 26 23 35 22
internal_value=0 0 -0.000789474 0.000445545 0.00214286 -0.00323529 -0.00127119 0.00285714
internal_weight=0 208 152 101 56 51 59 42
internal_count=229 208 152 101 56 51 59 42
is_linear=0
shrinkage=0.03


Tree=127
num_leaves=9
num_cat=0
split_feature=0 3 3 4 1 1 0 4
split_gain=0.52984 0.390977 0.510151 0.32967 0.310589 0.297919 0.673247 0.343137
threshold=0.027950000000000003 0.014050000000000002 0.052500000000000012 0.018350000000000002 0.17295000000000002 0.039200000000000006 0.36165000000000008 0.20675000000000002
decision_type=2 2 2 2 2 2 2 2
left_child=-1 3 4 -2 -3 6 -4 -7
right_child=1 2 5 -5 -6 7 -8 -9
leaf_value=-0.0030455473689602434 0.0012106338069303589 -0.00039086174969009678 0.00013262142770994079 0.0023015197246948403 -8.3810441791927205e-05 0.0039892964976257252 -0.0035797620819540141 -2.1901738015261963e-05
leaf_weight=21 30 28 22 26 23 21 28 30
leaf_count=21 30 28 22 26 23 21 28 30
internal_value=0 0 -0.000789474 0.00214286 -0.00323529 0.000445545 -0.0012 0.00205882
internal_weight=0 208 152 56 51 101 50 51
internal_count=229 208 152 56 51 101 50 51
is_linear=0
shrinkage=0.03


Tree=128
num_leaves=9
num_cat=0
split_feature=0 3 4 4 0 0 3 4
split_gain=0.560848 0.340117 0.564111 0.378217 0.629439 0.516534 0.4 0.32967
threshold=0.027950000000000003 0.014050000000000002 0.039900000000000012 0.077550000000000022 0.52445000000000019 0.23015000000000005 0.20715000000000003 0.018350000000000002
decision_type=2 2 2 2 2 2 2 2
left_child=-1 7 -3 -4 5 6 -5 -2
right_child=1 2 3 4 -6 -7 -8 -9
leaf_value=-0.0029541809478914366 0.0011743147927224461 -0.0018007656122605441 0.0038991087049748915 -0.001186747015577938 -0.0012176252755659799 0.0020253891028498071 9.1305123227635731e-05 0.0022324741329539919
leaf_weight=21 30 26 26 20 26 34 20 26
leaf_count=21 30 26 26 20 26 34 20 26
internal_value=0 0.000144231 -0.000592105 0.000238095 -0.0006 0.000810811 -0.0015 0.00214286
internal_weight=0 208 152 126 100 74 40 56
internal_count=229 208 152 126 100 74 40 56
is_linear=0
shrinkage=0.03


Tree=129
num_leaves=8
num_cat=0
split_feature=0 3 4 2 1 4 0
split_gain=0.470468 0.380769 0.433333 0.404582 0.501674 0.685714 0.897138
threshold=0.027950000000000003 0.018400000000000003 0.021800000000000003 0.00045000000000000004 0.11080000000000002 0.40630000000000005 0.71840000000000004
decision_type=2 2 2 2 2 2 2
left_child=-1 2 -2 4 5 6 -3
right_child=1 3 -4 -5 -6 -7 -8
leaf_value=-0.0028655555194546925 -4.3010250104846823e-05 -0.0032214586423450274 0.0020564330706668078 -0.0014652020186505233 0.0035651722166162728 8.8565969530806634e-05 0.0014745071558328537
leaf_weight=21 39 33 26 21 38 24 27
leaf_count=21 39 33 26 21 38 24 27
internal_value=0 -0.000288462 0.00161538 -0.00115385 -0.000491803 -0.00178571 -0.0035
internal_weight=0 208 65 143 122 84 60
internal_count=229 208 65 143 122 84 60
is_linear=0
shrinkage=0.03


Tree=130
num_leaves=8
num_cat=0
split_feature=0 3 3 4 0 1 0
split_gain=0.592739 0.184965 0.700791 0.433333 0.301127 0.501548 0.0952381
threshold=0.027950000000000003 0.018400000000000003 0.052500000000000012 0.021800000000000003 0.61050000000000015 0.055250000000000007 0.72205000000000008
decision_type=2 2 2 2 2 2 2
left_child=-1 3 6 -2 5 -4 -3
right_child=1 2 4 -5 -6 -7 -8
leaf_value=-0.0027795888538710528 -4.1719942601696754e-05 -0.00030522455618589903 -0.0030894843363031116 0.0019947400785467993 0.0014302719411578679 0.00035184005888694411 -0.00053440461146215591
leaf_weight=21 39 21 38 26 29 34 21
leaf_count=21 39 21 38 26 29 34 21
internal_value=0 0.000288462 -0.000314685 0.00161538 0.0010396 0 -0.00357143
internal_weight=0 208 143 65 101 72 42
internal_count=229 208 143 65 101 72 42
is_linear=0
shrinkage=0.03


Tree=131
num_leaves=10
num_cat=0
split_feature=0 1 1 0 0 0 4 1 1
split_gain=0.625511 0.172162 0.227291 0.253046 0.710145 0.576979 0.377329 0.292741 0.116667
threshold=0.027950000000000003 0.39040000000000002 0.20785000000000001 0.6966500000000001 0.78655000000000019 0.36165000000000008 0.032200000000000006 0.035550000000000005 0.036650000000000009
decision_type=2 2 2 2 2 2 2 2 2
left_child=-1 2 3 5 -5 7 8 -2 -6
right_child=1 -3 -4 4 6 -7 -8 -9 -10
leaf_value=-0.0026962011882549217 0.00021593118218498296 -0.00096369393469633905 0.0009979630146473011 0.0047620538633992423 -0.00016195326318235948 -0.0032465121718689683 -0.0058602219570081 -0.00025977746705240054 0.0088077138002995905
leaf_weight=21 21 21 28 23 28 26 21 20 20
leaf_count=21 21 21 28 23 28 26 21 20 20
internal_value=0 0.000432692 0.000721925 0.000283019 0.00130435 -0.0011194 -0.000217391 0.00109756 0.00125
internal_weight=0 208 187 159 92 67 69 41 48
internal_count=229 208 187 159 92 67 69 41 48
is_linear=0
shrinkage=0.03


Tree=132
num_leaves=9
num_cat=0
split_feature=0 2 0 0 1 1 1 3
split_gain=0.592739 0.266795 0.538904 0.525186 0.399098 0.483235 0.217778 0.214881
threshold=0.027950000000000003 1.0000000180025095e-35 0.13100000000000003 0.34820000000000007 0.12140000000000002 0.033950000000000008 0.093100000000000002 0.016750000000000004
decision_type=2 2 2 2 2 2 2 2
left_child=-1 2 -2 -4 5 7 -3 -5
right_child=1 6 3 4 -6 -7 -8 -9
leaf_value=-0.002615315152607274 0.00084175743116384643 0.0015169064156461598 -0.002249820838149117 0.0052509265322769295 0.0019708933776863913 -0.00064435074490706064 -4.2379359779988186e-05 -0.00031445764522286312
leaf_weight=21 22 25 24 20 36 33 20 28
leaf_count=21 22 25 24 20 36 33 20 28
internal_value=0 0.000288462 -0.000276074 -0.000957447 -0.000128205 -0.0012963 0.00233333 0.000625
internal_weight=0 208 163 141 117 81 45 48
internal_count=229 208 163 141 117 81 45 48
is_linear=0
shrinkage=0.03


Tree=133
num_leaves=9
num_cat=0
split_feature=0 2 0 0 1 0 1 1
split_gain=0.560848 0.305758 0.585286 0.471358 0.480769 0.36993 0.593939 0.217778
threshold=0.027950000000000003 1.0000000180025095e-35 0.13100000000000003 0.34820000000000007 0.12140000000000002 0.71840000000000004 0.033950000000000008 0.093100000000000002
decision_type=2 2 2 2 2 2 2 2
left_child=-1 2 -2 -4 5 -5 -7 -3
right_child=1 7 3 4 -6 6 -8 -9
leaf_value=-0.0025368556980290562 0.00081650470822893092 0.0014713992231767748 -0.0021823262130046431 -0.0011307635192891253 0.0019117665763557956 0.0042937934854017047 -0.0043366861826910491 -4.1107978986590909e-05
leaf_weight=21 22 25 24 26 36 33 22 20
leaf_count=21 22 25 24 26 36 33 22 20
internal_value=0 0.000144231 -0.000460123 -0.00117021 -0.000384615 -0.00166667 -0.000272727 0.00233333
internal_weight=0 208 163 141 117 81 55 45
internal_count=229 208 163 141 117 81 55 45
is_linear=0
shrinkage=0.03


Tree=134
num_leaves=8
num_cat=0
split_feature=0 4 4 3 2 4 1
split_gain=0.546885 1.21463 0.552399 0.627202 0.5443 0.421554 0.469444
threshold=0.23015000000000005 0.42755000000000004 0.27155000000000001 0.13455000000000003 1.0000000180025095e-35 0.039900000000000012 0.033950000000000008
decision_type=2 2 2 2 2 2 2
left_child=1 -1 3 4 5 6 -2
right_child=2 -3 -4 -5 -6 -7 -8
leaf_value=-0.003034369424207903 0.00361853348681342 0.00015970538253765097 0.0035572834708543174 -0.0053332010087490779 0.0025509703623517498 0.00032661386084570587 -0.0023680793859788963
leaf_weight=33 24 31 21 21 28 35 36
leaf_count=33 24 31 21 21 28 35 36
internal_value=0 -0.0028125 0.000454545 -0.000208333 0.000609756 -0.000473684 -0.002
internal_weight=0 64 165 144 123 95 60
internal_count=229 64 165 144 123 95 60
is_linear=0
shrinkage=0.03


Tree=135
num_leaves=9
num_cat=0
split_feature=0 0 0 1 4 1 3 0
split_gain=0.560848 0.338843 0.575262 0.388985 0.543478 0.356528 0.399712 0.415319
threshold=0.027950000000000003 0.13100000000000003 0.30040000000000006 0.12140000000000002 0.039900000000000012 0.063900000000000012 0.016050000000000005 0.73990000000000011
decision_type=2 2 2 2 2 2 2 2
left_child=-1 -2 -3 5 -5 6 -4 -8
right_child=1 2 3 4 -6 -7 7 -9
leaf_value=-0.0023697189443619457 0.00013496356857006729 -0.0010459251713080286 0.0060560277827330002 -5.6994943324668586e-05 0.00422597480053851 -0.0011066390295358219 0.00010274447820723731 -0.00071691033661858139
leaf_weight=21 28 21 30 23 23 22 36 25
leaf_count=21 28 21 30 23 23 22 36 25
internal_value=0 0.000144231 -0.000333333 0.000283019 0.0026087 -0.000663717 0.000164835 -0.00122951
internal_weight=0 208 180 159 46 113 91 61
internal_count=229 208 180 159 46 113 91 61
is_linear=0
shrinkage=0.03


Tree=136
num_leaves=9
num_cat=0
split_feature=0 3 0 1 4 3 4 4
split_gain=0.52984 0.236924 0.594975 0.379112 0.75 0.237146 0.712088 0.330095
threshold=0.027950000000000003 0.23725000000000004 0.27480000000000004 0.12140000000000002 0.039900000000000012 0.11670000000000001 0.052500000000000012 0.018350000000000002
decision_type=2 2 2 2 2 2 2 2
left_child=-1 2 -2 5 -5 6 7 -4
right_child=1 -3 3 4 -6 -7 -8 -9
leaf_value=-0.0022986273760310875 -0.00098655073739388325 0.00011096400902151193 -0.00032818785788410573 -0.00053491625559686222 0.0040877755615176606 0.00061849379775913427 -0.0010734398586497483 0.0075676937050859604
leaf_weight=21 26 31 29 24 24 23 28 23
leaf_count=21 26 31 29 24 24 23 28 23
internal_value=0 0 -0.000423729 0.000298013 0.0025 -0.000728155 -0.0015 0.000576923
internal_weight=0 208 177 151 48 103 80 52
internal_count=229 208 177 151 48 103 80 52
is_linear=0
shrinkage=0.03


Tree=137
num_leaves=10
num_cat=0
split_feature=1 3 3 4 1 1 1 3 3
split_gain=0.784729 0.420192 0.803409 0.518783 0.35762 0.227368 0.32 0.25 0.157858
threshold=0.39040000000000002 0.31860000000000005 0.22055000000000002 0.38120000000000004 0.12140000000000002 0.063900000000000012 0.031800000000000009 0.016050000000000005 0.025900000000000003
decision_type=2 2 2 2 2 2 2 2 2
left_child=1 2 3 4 5 6 7 -1 -6
right_child=-2 -3 -4 -5 8 -7 -8 -9 -10
leaf_value=0.0046841937293967085 -0.00099849992850088655 -0.0052632004471176988 0.00072063846006893749 -0.0013970293017318369 7.314918126135605e-05 -0.0010412366628902536 0.004054705028820031 -0.00094697345608659497 0.0054361551383301761
leaf_weight=20 27 21 21 22 22 20 30 25 21
leaf_count=20 27 21 21 22 22 20 30 25 21
internal_value=0 0.000445545 0.000911602 0.0001875 0.000869565 -0.000157895 0.0006 -0.001 0.00313953
internal_weight=0 202 181 160 138 95 75 45 43
internal_count=229 202 181 160 138 95 75 45 43
is_linear=0
shrinkage=0.03


Tree=138
num_leaves=9
num_cat=0
split_feature=1 3 3 0 1 2 1 1
split_gain=0.784729 0.420192 0.803409 0.674169 0.549109 0.365946 0.547541 0.269414
threshold=0.39040000000000002 0.31860000000000005 0.22055000000000002 0.27480000000000004 0.12140000000000002 1.0000000180025095e-35 0.033950000000000008 0.0091000000000000022
decision_type=2 2 2 2 2 2 2 2
left_child=1 2 3 -1 5 6 7 -5
right_child=-2 -3 -4 4 -6 -7 -8 -9
leaf_value=-0.0020263342085658619 -0.0009685449306458604 -0.0051053044337041678 0.00069901930626686815 -0.00060045426239270223 0.0041217291653931508 0.00063117608371306751 -0.0007510419074183794 0.0037440626666078902
leaf_weight=23 27 21 21 20 36 25 33 23
leaf_count=23 27 21 21 20 36 25 33 23
internal_value=0 0.000445545 0.000911602 0.0001875 0.000985401 -0.000148515 -0.00118421 0.00104651
internal_weight=0 202 181 160 137 101 76 43
internal_count=229 202 181 160 137 101 76 43
is_linear=0
shrinkage=0.03


Tree=139
num_leaves=9
num_cat=0
split_feature=4 0 3 2 1 1 4 4
split_gain=0.322318 1.92857 1.225 0.428012 0.247686 0.420263 0.461133 0.333333
threshold=0.40630000000000005 0.10835000000000002 0.22055000000000002 1.0000000180025095e-35 0.12140000000000002 0.04080000000000001 0.052500000000000012 0.044950000000000011
decision_type=2 2 2 2 2 2 2 2
left_child=1 -1 -2 4 5 6 -3 -6
right_child=2 3 -4 -5 7 -7 -8 -9
leaf_value=-0.0041112462811722563 -0.00035551229478040955 0.0036317407866096473 0.0013021851649794361 0.00073974439233960403 -0.00032462270780006183 -0.0041210151076685022 -0.0034816523096889208 0.0029775494101449674
leaf_weight=21 20 33 20 38 24 26 23 24
leaf_count=21 20 33 20 38 24 26 23 24
internal_value=0 -0.000714286 0.00225 0.000357143 -0.000461538 -0.00146341 0 0.00125
internal_weight=0 189 40 168 130 82 56 48
internal_count=229 189 40 168 130 82 56 48
is_linear=0
shrinkage=0.03


Tree=140
num_leaves=9
num_cat=0
split_feature=1 3 4 0 4 1 1 0
split_gain=0.423904 0.796742 0.64472 0.70117 0.647446 0.739483 0.476753 0.321111
threshold=0.0010500000000000002 0.010600000000000002 0.42755000000000004 0.23015000000000005 0.039900000000000012 0.085150000000000017 0.14630000000000001 0.6966500000000001
decision_type=2 2 2 2 2 2 2 2
left_child=-1 6 3 -3 -5 7 -2 -6
right_child=1 2 -4 4 5 -7 -8 -9
leaf_value=-0.0076651903615920164 0.0093458135187651954 -0.0030739851744178859 0.00060291149729959693 -0.0010095028481305101 -0.0043674068161550133 0.0039462471531468736 -0.00045011874092055977 7.1138925570046745e-06
leaf_weight=20 27 27 28 31 20 31 20 25
leaf_count=20 27 27 28 31 20 31 20 25
internal_value=0 7.17703e-05 -0.000925926 -0.00179104 -0.000700935 0.000789474 0.00351064 -0.00166667
internal_weight=0 209 162 134 107 76 47 45
internal_count=229 209 162 134 107 76 47 45
is_linear=0
shrinkage=0.03


Tree=141
num_leaves=9
num_cat=0
split_feature=1 3 3 4 3 4 4 1
split_gain=0.40021 0.332149 0.555053 0.431826 0.246295 0.86988 0.333333 0.284828
threshold=0.39040000000000002 0.31860000000000005 0.22055000000000002 0.38120000000000004 0.014050000000000002 0.047750000000000008 0.018350000000000002 0.076250000000000012
decision_type=2 2 2 2 2 2 2 2
left_child=1 2 3 4 6 -6 -1 -7
right_child=-2 -3 -4 -5 5 7 -8 -9
leaf_value=0.00084404589887311589 -0.00091624633926487228 -0.0047365883570253389 0.00074807595054121373 -0.0011902609126268409 -0.00080717778835019953 -2.8985763135609411e-05 0.0080180480326504933 0.0027549458365427968
leaf_weight=28 27 21 21 22 27 33 21 29
leaf_count=28 27 21 21 22 27 33 21 29
internal_value=0 0 0.000414365 -0.0001875 0.000434783 -0.000505618 0.00214286 0.00145161
internal_weight=0 202 181 160 138 89 49 62
internal_count=229 202 181 160 138 89 49 62
is_linear=0
shrinkage=0.03


Tree=142
num_leaves=9
num_cat=0
split_feature=1 3 3 4 3 4 4 1
split_gain=0.40021 0.332149 0.555053 0.431826 0.246295 0.86988 0.333333 0.284828
threshold=0.39040000000000002 0.31860000000000005 0.22055000000000002 0.38120000000000004 0.014050000000000002 0.047750000000000008 0.018350000000000002 0.076250000000000012
decision_type=2 2 2 2 2 2 2 2
left_child=1 2 3 4 6 -6 -1 -7
right_child=-2 -3 -4 -5 5 7 -8 -9
leaf_value=0.00081872452190692605 -0.00088875894908693178 -0.0045944907063145786 0.0007256336720249789 -0.001154553085248035 -0.00078296245469969153 -2.8116190241538329e-05 0.0077775065916709752 0.0026722974614465131
leaf_weight=28 27 21 21 22 27 33 21 29
leaf_count=28 27 21 21 22 27 33 21 29
internal_value=0 0 0.000414365 -0.0001875 0.000434783 -0.000505618 0.00214286 0.00145161
internal_weight=0 202 181 160 138 89 49 62
internal_count=229 202 181 160 138 89 49 62
is_linear=0
shrinkage=0.03


Tree=143
num_leaves=9
num_cat=0
split_feature=1 3 3 0 1 2 3 4
split_gain=0.40021 0.332149 0.555053 0.590594 0.319473 0.139752 0.414827 0.139431
threshold=0.39040000000000002 0.31860000000000005 0.22055000000000002 0.47635000000000005 0.12140000000000002 1.0000000180025095e-35 0.039500000000000007 0.38120000000000004
decision_type=2 2 2 2 2 2 2 2
left_child=1 2 3 7 5 6 -5 -1
right_child=-2 -3 -4 4 -6 -7 -8 -9
leaf_value=-0.00015747386838094402 -0.00086209618061432452 -0.0044566559851251415 0.00070386466186423075 -0.00093151355539510038 0.0036475882746785878 2.5006681537553811e-05 0.0011095839200431822 -0.0018410662858372728
leaf_weight=20 27 21 21 39 29 21 30 21
leaf_count=20 27 21 21 39 29 21 30 21
internal_value=0 0 0.000414365 -0.0001875 0.000882353 0 -0.000652174 -0.00329268
internal_weight=0 202 181 160 119 90 69 41
internal_count=229 202 181 160 119 90 69 41
is_linear=0
shrinkage=0.03


Tree=144
num_leaves=10
num_cat=0
split_feature=4 0 4 0 0 3 1 1 4
split_gain=0.642785 0.982426 0.341945 0.721646 0.492917 0.413812 0.225 0.152877 0.14518
threshold=0.47910000000000003 0.23015000000000005 0.24220000000000003 0.6966500000000001 0.73990000000000011 0.014050000000000002 0.21895000000000001 0.25150000000000006 0.012450000000000001
decision_type=2 2 2 2 2 2 2 2 2
left_child=1 6 3 7 -5 8 -1 -3 -6
right_child=-2 2 -4 4 5 -7 -8 -9 -10
leaf_value=-0.0047640088340300491 0.00070288243593824682 -0.0017045104694339919 0.0033011787907687262 0.0023355597818333559 0.0011958800002872015 -0.00081754816156504929 -0.00065917223536156614 -0.00022881559055025756 0.0075434311934747273
leaf_weight=20 27 22 21 21 20 34 20 23 21
leaf_count=20 27 22 21 21 20 34 20 23 21
internal_value=0 -0.0010396 0 -0.000531915 0.0009375 -0.0002 -0.00525 -0.00366667 0.00182927
internal_weight=0 202 162 141 96 75 40 45 41
internal_count=229 202 162 141 96 75 40 45 41
is_linear=0
shrinkage=0.03


Tree=145
num_leaves=9
num_cat=0
split_feature=4 0 3 4 1 3 0 1
split_gain=0.644126 1.22265 0.4 0.322424 0.819471 0.722115 0.309068 0.129664
threshold=0.40630000000000005 0.30040000000000006 0.22055000000000002 0.044950000000000011 0.11080000000000002 0.014050000000000002 0.6966500000000001 0.04080000000000001
decision_type=2 2 2 2 2 2 2 2
left_child=1 -1 -2 5 6 7 -5 -3
right_child=2 3 -4 4 -6 -7 -8 -9
leaf_value=-0.0023244866943793819 -0.00018105988877127472 0.0053094883895165963 0.0015574383747824921 -0.001889492816346403 0.0046763242328561943 -0.00065175599689807121 3.238977878243343e-05 -0.0017973438898691496
leaf_weight=37 20 24 20 25 21 30 29 23
leaf_count=37 20 24 20 25 21 30 29 23
internal_value=0 -0.00119048 0.003 0 0.0014 -0.00136364 -0.000555556 0.000957447
internal_weight=0 189 40 152 75 77 54 47
internal_count=229 189 40 152 75 77 54 47
is_linear=0
shrinkage=0.03


Tree=146
num_leaves=9
num_cat=0
split_feature=4 0 3 0 0 0 3 4
split_gain=0.644126 1.22265 0.4 0.35625 0.602083 0.317202 0.289584 0.0522648
threshold=0.40630000000000005 0.30040000000000006 0.22055000000000002 0.52445000000000019 0.6966500000000001 0.73990000000000011 0.014050000000000002 0.012450000000000001
decision_type=2 2 2 2 2 2 2 2
left_child=1 -1 -2 -3 -5 -6 7 -7
right_child=2 3 -4 4 5 6 -8 -9
leaf_value=-0.0022547520935480014 -0.00017562809210813684 0.0013397524631262436 0.0015107152235390171 -0.0017881158025145403 0.002319413305074436 0.0010007189485930889 -0.00077346903681115855 0.0073710485743665628
leaf_weight=37 20 32 20 24 21 20 34 21
leaf_count=37 20 32 20 24 21 20 34 21
internal_value=0 -0.00119048 0.003 0 -0.00075 0.0003125 -0.0006 0.00109756
internal_weight=0 189 40 152 120 96 75 41
internal_count=229 189 40 152 120 96 75 41
is_linear=0
shrinkage=0.03


Tree=147
num_leaves=9
num_cat=0
split_feature=4 0 2 3 3 3 3 1
split_gain=0.644126 1.16667 0.40534 0.4 0.25382 0.750981 0.582949 0.197143
threshold=0.40630000000000005 0.10835000000000002 1.0000000180025095e-35 0.22055000000000002 0.15100000000000002 0.052500000000000012 0.014050000000000002 0.04080000000000001
decision_type=2 2 2 2 2 2 2 2
left_child=1 -1 4 -2 5 6 7 -3
right_child=3 2 -4 -5 -6 -7 -8 -9
leaf_value=-0.0038966300896941339 -0.00017035924934489271 0.0045236273995868182 0.0006601677453042026 0.0014653937668328465 -0.0037111539374246314 0.0026771278582071734 -0.00083628495287501714 -0.00069199166384157349
leaf_weight=21 20 21 38 20 22 31 31 25
leaf_count=21 20 21 38 20 22 31 31 25
internal_value=0 -0.00119048 -0.000357143 0.003 -0.00115385 -0.000555556 -0.00214286 0
internal_weight=0 189 168 40 130 108 77 46
internal_count=229 189 168 40 130 108 77 46
is_linear=0
shrinkage=0.03


Tree=148
num_leaves=10
num_cat=0
split_feature=4 0 2 0 0 3 3 4 1
split_gain=0.567641 0.421416 0.605056 0.4 0.211722 0.233995 0.484848 0.481668 0.204969
threshold=0.47910000000000003 0.097850000000000006 1.0000000180025095e-35 0.72525000000000006 0.34820000000000007 0.039500000000000007 0.014050000000000002 0.073350000000000012 0.04080000000000001
decision_type=2 2 2 2 2 2 2 2 2
left_child=1 -1 4 -4 -3 6 8 -7 -6
right_child=-2 2 3 -5 5 7 -8 -9 -10
leaf_value=-0.0027462541006977102 0.00054578954190546806 -0.00082117553601505965 0.00064036271294507668 -0.00026937071071496231 0.0043879185775992143 0.0074354533040766422 -0.00072517641712056542 -0.00035426240330144854 -0.0016690203491823885
leaf_weight=23 27 24 20 20 21 20 22 29 23
leaf_count=23 27 24 20 20 21 20 22 29 23
internal_value=0 -0.000742574 -0.000251397 0.003 -0.00118705 -0.000652174 -0.00181818 0.000918367 0
internal_weight=0 202 179 40 139 115 66 49 44
internal_count=229 202 179 40 139 115 66 49 44
is_linear=0
shrinkage=0.03


Tree=149
num_leaves=9
num_cat=0
split_feature=4 0 2 3 3 3 0 1
split_gain=0.604629 0.389307 0.40771 0.271792 0.405844 0.390239 0.225 0.197143
threshold=0.47910000000000003 0.097850000000000006 1.0000000180025095e-35 0.15100000000000002 0.052500000000000012 0.014050000000000002 0.72525000000000006 0.04080000000000001
decision_type=2 2 2 2 2 2 2 2
left_child=1 -1 3 4 5 7 -4 -3
right_child=-2 2 6 -5 -6 -7 -8 -9
leaf_value=-0.0026638664776767783 0.00052941585564830447 0.0042562810202712376 0.00062115183155672551 -0.0023268127021255666 0.0011111768592834159 -0.00078944111177514653 -0.0002612895893935163 -0.00064659664784587172
leaf_weight=23 27 21 20 27 35 31 20 25
leaf_count=23 27 21 20 27 35 31 20 25
internal_value=0 -0.000891089 -0.000418994 -0.00118705 -0.000535714 -0.00175325 0.00225 0
internal_weight=0 202 179 139 112 77 40 46
internal_count=229 202 179 139 112 77 40 46
is_linear=0
shrinkage=0.03


Tree=150
num_leaves=9
num_cat=0
split_feature=4 0 4 3 1 0 3 1
split_gain=0.385628 0.407117 0.416545 0.324978 0.287936 0.316962 0.352201 0.225
threshold=0.47910000000000003 0.23015000000000005 0.24220000000000003 0.13455000000000003 0.18615000000000001 0.89395000000000013 0.035050000000000005 0.21895000000000001
decision_type=2 2 2 2 2 2 2 2
left_child=1 7 3 4 5 6 -3 -1
right_child=-2 2 -4 -5 -6 -7 -8 -9
leaf_value=-0.0042045088853292639 0.00051353337997885517 0.0082136210078387738 0.0032505067152392231 -0.004276995688184607 -0.00035271332140437203 -0.00057199326178801523 -4.7676036513037977e-05 -0.00032571512063188119
leaf_weight=20 27 21 21 20 32 36 32 20
leaf_count=20 27 21 21 20 32 36 32 20
internal_value=0 -0.0010396 -0.00037037 -0.000957447 -0.000371901 0.000505618 0.00198113 -0.00375
internal_weight=0 202 162 141 121 89 53 40
internal_count=229 202 162 141 121 89 53 40
is_linear=0
shrinkage=0.03


Tree=151
num_leaves=9
num_cat=0
split_feature=1 3 4 1 4 0 1 0
split_gain=0.372338 0.472661 0.922658 0.537202 0.413265 0.588343 0.956985 0.187778
threshold=0.0010500000000000002 0.014050000000000002 0.039900000000000012 0.14630000000000001 0.42755000000000004 0.23015000000000005 0.085150000000000017 0.6966500000000001
decision_type=2 2 2 2 2 2 2 2
left_child=-1 3 -3 -2 5 -4 7 -7
right_child=1 2 4 -5 -6 6 -8 -9
leaf_value=-0.0072944765591896749 0.0073878983888290084 -0.0035479582900567364 -0.0026983094560133918 -0.0003097032827715451 0.00055422150648237105 -0.004462429403502925 0.0038153634235537437 -0.00019567169706775187
leaf_weight=20 32 27 24 24 28 20 29 25
leaf_count=20 32 27 24 24 28 20 29 25
internal_value=0 -0.000215311 -0.00107843 0.00214286 0 -0.000918367 0.000405405 -0.00233333
internal_weight=0 209 153 56 126 98 74 45
internal_count=229 209 153 56 126 98 74 45
is_linear=0
shrinkage=0.03


Tree=152
num_leaves=9
num_cat=0
split_feature=4 0 3 1 4 1 1 4
split_gain=0.35776 0.810185 0.625 0.294675 0.62069 0.241173 0.454556 0.384127
threshold=0.40630000000000005 0.10835000000000002 0.22055000000000002 0.12140000000000002 0.044950000000000011 0.063900000000000012 0.036650000000000009 0.052500000000000012
decision_type=2 2 2 2 2 2 2 2
left_child=1 -1 -2 5 -5 6 7 -3
right_child=2 3 -4 4 -6 -7 -8 -9
leaf_value=-0.0035267068323527194 -0.00022953728038499626 0.00025922520259926692 0.0015739816333633935 -8.7550602805639417e-05 0.0029404429454308631 -0.001304856603513208 0.0066779863118796396 -0.0045831398065699072
leaf_weight=21 20 35 20 29 29 24 23 28
leaf_count=21 20 35 20 29 29 24 23 28
internal_value=0 -0.000873016 0.00225 -0.000178571 0.00155172 -0.00109091 -0.000348837 -0.00166667
internal_weight=0 189 40 168 58 110 86 63
internal_count=229 189 40 168 58 110 86 63
is_linear=0
shrinkage=0.03


Tree=153
num_leaves=9
num_cat=0
split_feature=4 0 3 4 3 3 3 1
split_gain=0.395052 0.76455 0.625 0.307018 0.350192 0.575706 0.436364 0.0671312
threshold=0.40630000000000005 0.10835000000000002 0.22055000000000002 0.15570000000000003 0.014050000000000002 0.052500000000000012 0.0059500000000000013 0.076250000000000012
decision_type=2 2 2 2 2 2 2 2
left_child=1 -1 -2 4 6 7 -3 -6
right_child=2 3 -4 -5 5 -7 -8 -9
leaf_value=-0.003420905627382139 -0.00022265116197344475 -0.00060469973220103504 0.0015267621843624915 0.00049828734796056426 -0.00057178085915545959 0.00025144844652128293 0.0036983024953034117 -0.0001794808793785574
leaf_weight=21 20 33 20 35 20 37 22 21
leaf_count=21 20 33 20 35 20 37 22 21
internal_value=0 -0.00103175 0.00225 -0.000357143 -0.00101504 -0.00230769 0.000818182 -0.0047561
internal_weight=0 189 40 168 133 78 55 41
internal_count=229 189 40 168 133 78 55 41
is_linear=0
shrinkage=0.03


Tree=154
num_leaves=8
num_cat=0
split_feature=4 0 3 4 0 4 1
split_gain=0.35776 0.810185 0.625 0.264724 0.361598 0.296686 0.162084
threshold=0.40630000000000005 0.10835000000000002 0.22055000000000002 0.15570000000000003 0.56030000000000013 0.052500000000000012 0.04080000000000001
decision_type=2 2 2 2 2 2 2
left_child=1 -1 -2 4 -3 6 -6
right_child=2 3 -4 -5 5 -7 -8
leaf_value=-0.0033182784585606738 -0.00021597162711424199 -0.0016880018979211807 0.0014809593188316169 0.00048333872752174487 0.0024195550206858305 -0.00033806716026372639 -0.00017409645299719666
leaf_weight=21 20 27 20 35 38 29 39
leaf_count=21 20 27 20 35 38 29 39
internal_value=0 -0.000873016 0.00225 -0.000178571 -0.000789474 0 0.000974026
internal_weight=0 189 40 168 133 106 77
internal_count=229 189 40 168 133 106 77
is_linear=0
shrinkage=0.03


Tree=155
num_leaves=9
num_cat=0
split_feature=4 0 3 4 3 3 3 1
split_gain=0.395052 0.76455 0.625 0.307018 0.350192 0.575706 0.436364 0.0671312
threshold=0.40630000000000005 0.10835000000000002 0.22055000000000002 0.15570000000000003 0.014050000000000002 0.052500000000000012 0.0059500000000000013 0.076250000000000012
decision_type=2 2 2 2 2 2 2 2
left_child=1 -1 -2 4 6 7 -3 -6
right_child=2 3 -4 -5 5 -7 -8 -9
leaf_value=-0.003218730104803853 -0.0002094924783008159 -0.00053591868329736945 0.0014365305392666683 0.00046883856569609024 -0.00062721408400137732 0.0001713183425050646 0.0035536715419289731 -0.00016887355940728544
leaf_weight=21 20 33 20 35 20 37 22 21
leaf_count=21 20 33 20 35 20 37 22 21
internal_value=0 -0.00103175 0.00225 -0.000357143 -0.00101504 -0.00230769 0.000818182 -0.0047561
internal_weight=0 189 40 168 133 78 55 41
internal_count=229 189 40 168 133 78 55 41
is_linear=0
shrinkage=0.03


Tree=156
num_leaves=8
num_cat=0
split_feature=2 4 3 4 1 0 3
split_gain=0.495268 0.40231 0.817055 0.300536 0.373179 0.278083 0.229365
threshold=0.0010500000000000004 0.40630000000000005 0.20715000000000003 0.19070000000000001 0.18615000000000001 0.78655000000000019 0.014050000000000002
decision_type=2 2 2 2 2 2 2
left_child=1 2 3 4 5 -1 -7
right_child=-2 -3 -4 -5 -6 6 -8
leaf_value=0.003701029866104395 0.00043339376169230782 0.00030095372311029323 -0.0042994901704896489 0.00053064187441731827 -0.00028204411089204128 0.0023496370133663635 -0.00050433809056581451
leaf_weight=22 24 37 22 26 35 35 28
leaf_count=22 24 37 22 26 35 35 28
internal_value=0 -0.000804878 -0.00142857 -0.000616438 -0.00125 -0.000176471 -0.00119048
internal_weight=0 205 168 146 120 85 63
internal_count=229 205 168 146 120 85 63
is_linear=0
shrinkage=0.03


Tree=157
num_leaves=9
num_cat=0
split_feature=2 4 4 0 3 1 4 1
split_gain=0.44412 0.466667 0.290612 0.768882 0.356473 0.881228 0.4 0.386623
threshold=1.0000000180025095e-35 0.12835000000000002 0.40630000000000005 0.23015000000000005 0.025900000000000003 0.085150000000000017 0.11175000000000002 0.04080000000000001
decision_type=2 2 2 2 2 2 2 2
left_child=2 -2 3 -1 7 6 -6 -5
right_child=1 -3 -4 4 5 -7 -8 -9
leaf_value=-0.003008015983683849 -0.00022718447593071288 0.0005835482166778943 0.00034801923931986555 0.002279147902965377 0.0013327656885247308 0.0043148430195345507 -0.0011506015177297423 -0.0030069245478082205
leaf_weight=24 28 20 36 27 20 23 20 31
leaf_count=24 28 20 36 27 20 23 20 31
internal_value=0 0.0025 -0.000745856 -0.00134483 -0.000371901 0.00119048 -0.0015 -0.00206897
internal_weight=0 48 181 145 121 63 40 58
internal_count=229 48 181 145 121 63 40 58
is_linear=0
shrinkage=0.03


Tree=158
num_leaves=8
num_cat=0
split_feature=1 3 4 1 1 2 1
split_gain=0.423904 0.577585 0.639076 0.50729 0.381349 0.371902 0.225753
threshold=0.0010500000000000002 0.014050000000000002 0.42755000000000004 0.028450000000000007 0.04080000000000001 1.0000000180025095e-35 0.17295000000000002
decision_type=2 2 2 2 2 2 2
left_child=-1 4 3 -3 -2 6 -5
right_child=1 2 -4 5 -6 -7 -8
leaf_value=-0.0071722201682076483 0.0072824024506042062 -0.0029821094979866256 0.00033757866214026932 -0.00057629537419504604 0.00012470831423167406 0.00056604177017755767 4.8650576764908137e-06
leaf_weight=20 20 28 28 39 36 28 30
leaf_count=20 20 28 28 39 36 28 30
internal_value=0 7.17703e-05 -0.000882353 -0.0018 0.00267857 -0.000773196 -0.00195652
internal_weight=0 209 153 125 56 97 69
internal_count=229 209 153 125 56 97 69
is_linear=0
shrinkage=0.03


Tree=159
num_leaves=9
num_cat=0
split_feature=4 0 3 1 1 4 1 4
split_gain=0.322318 0.857143 0.625 0.421317 0.521212 0.431034 0.370945 0.229365
threshold=0.40630000000000005 0.10835000000000002 0.22055000000000002 0.12140000000000002 0.063900000000000012 0.044950000000000011 0.036650000000000009 0.052500000000000012
decision_type=2 2 2 2 2 2 2 2
left_child=1 -1 -2 4 6 -5 7 -3
right_child=2 3 -4 5 -6 -7 -8 -9
leaf_value=-0.0029030889687648252 -0.00023280425268890569 0.00047034713173509156 0.0013775461848965853 -6.5284244594341343e-05 -0.0013116090204806819 0.0027612928849282924 0.006005222423432377 -0.0044082933298927648
leaf_weight=21 20 35 20 29 24 29 23 28
leaf_count=21 20 35 20 29 24 29 23 28
internal_value=0 -0.000714286 0.00225 0 -0.00109091 0.00206897 0 -0.00119048
internal_weight=0 189 40 168 110 58 86 63
internal_count=229 189 40 168 110 58 86 63
is_linear=0
shrinkage=0.03


Tree=160
num_leaves=8
num_cat=0
split_feature=2 4 4 3 3 3 1
split_gain=0.490635 0.466667 0.331915 0.705389 0.297586 0.40925 0.179724
threshold=1.0000000180025095e-35 0.12835000000000002 0.40630000000000005 0.17515000000000003 0.052500000000000012 0.014050000000000002 0.04080000000000001
decision_type=2 2 2 2 2 2 2
left_child=2 -2 3 4 5 6 -1
right_child=1 -3 -4 -5 -6 -7 -8
leaf_value=0.0032547467730761914 -0.00015046231077763705 0.00052731525910551633 0.00028612491672916324 -0.0039997556547999094 0.0017347973384414439 -0.00066444431365486167 -9.9990888418769456e-05
leaf_weight=21 28 20 36 24 38 31 31
leaf_count=21 28 20 36 24 38 31 31
internal_value=0 0.0025 -0.000911602 -0.00155172 -0.000619835 -0.00162651 0
internal_weight=0 48 181 145 121 83 52
internal_count=229 48 181 145 121 83 52
is_linear=0
shrinkage=0.03


Tree=161
num_leaves=8
num_cat=0
split_feature=2 4 4 3 3 3 1
split_gain=0.490635 0.466667 0.331915 0.705389 0.297586 0.40925 0.179724
threshold=1.0000000180025095e-35 0.12835000000000002 0.40630000000000005 0.17515000000000003 0.052500000000000012 0.014050000000000002 0.04080000000000001
decision_type=2 2 2 2 2 2 2
left_child=2 -2 3 4 5 6 -1
right_child=1 -3 -4 -5 -6 -7 -8
leaf_value=0.0031571043698839008 -0.00014594844145430442 0.00051149580133235176 0.00027754116922728872 -0.0038797629851559127 0.001682753418288202 -0.00064451098424521901 -9.6991161766206137e-05
leaf_weight=21 28 20 36 24 38 31 31
leaf_count=21 28 20 36 24 38 31 31
internal_value=0 0.0025 -0.000911602 -0.00155172 -0.000619835 -0.00162651 0
internal_weight=0 48 181 145 121 83 52
internal_count=229 48 181 145 121 83 52
is_linear=0
shrinkage=0.03


Tree=162
num_leaves=9
num_cat=0
split_feature=2 4 4 3 1 0 4 1
split_gain=0.44412 0.466667 0.290612 0.768882 0.236634 0.628105 0.587778 0.4
threshold=1.0000000180025095e-35 0.12835000000000002 0.40630000000000005 0.17515000000000003 0.033950000000000008 0.61930000000000007 0.032200000000000006 0.41135000000000005
decision_type=2 2 2 2 2 2 2 2
left_child=2 -2 3 4 -1 7 -7 -6
right_child=1 -3 -4 -5 5 6 -8 -9
leaf_value=0.0013735829091308792 -0.00014156998821068133 0.00049615092729238079 0.00026921493415047002 -0.0037633700956012355 0.0038644450199518698 -0.00051264815442023885 -0.0021321460963643147 -0.00025556337526711853
leaf_weight=36 28 20 36 24 20 25 20 20
leaf_count=36 28 20 36 24 20 25 20 20
internal_value=0 0.0025 -0.000745856 -0.00134483 -0.000371901 -0.00123529 -0.00366667 0.0015
internal_weight=0 48 181 145 121 85 45 40
internal_count=229 48 181 145 121 85 45 40
is_linear=0
shrinkage=0.03


Tree=163
num_leaves=9
num_cat=0
split_feature=1 1 0 0 4 4 3 4
split_gain=0.436183 0.670635 0.385659 0.639062 0.365268 0.329164 0.229472 0.220391
threshold=0.12140000000000002 0.18615000000000001 0.13100000000000003 0.6966500000000001 0.29375000000000001 0.039900000000000012 0.0074000000000000012 0.17430000000000004
decision_type=2 2 2 2 2 2 2 2
left_child=2 -2 -1 4 -4 6 -5 -3
right_child=1 7 3 5 -6 -7 -8 -9
leaf_value=0.00026113848612595552 0.0076661805118352607 -0.00019906245125469901 -0.0030604530318536255 0.0017446279568435051 -0.00043436785098711629 0.00092012288687040469 -0.00058182592588970964 0.00037075563729369596
leaf_weight=22 21 39 20 23 23 31 26 24
leaf_count=22 21 39 20 23 23 31 26 24
internal_value=0 0.00178571 -0.000931034 -0.00158537 -0.00453488 0 -0.00153061 0.000238095
internal_weight=0 84 145 123 43 80 49 63
internal_count=229 84 145 123 43 80 49 63
is_linear=0
shrinkage=0.03


Tree=164
num_leaves=8
num_cat=0
split_feature=3 3 1 0 0 1 4
split_gain=0.360379 0.625322 0.511411 0.381471 0.404344 0.334259 0.217778
threshold=0.23725000000000004 0.13455000000000003 0.12140000000000002 0.81950000000000012 0.89395000000000013 0.39040000000000002 0.068550000000000014
decision_type=2 2 2 2 2 2 2
left_child=1 2 3 -1 -5 6 -4
right_child=-2 -3 5 4 -6 -7 -8
leaf_value=-0.00042133681545750308 0.00030939845944505661 -0.0051697437864042716 9.9321874652567028e-05 0.0062878045513833219 -0.00049973468234102867 -8.0442652117566625e-05 0.0029545119632700973
leaf_weight=37 39 24 25 21 36 27 20
leaf_count=37 39 24 25 21 36 27 20
internal_value=0 -0.000473684 0.000180723 -0.0012766 0.000263158 0.00208333 0.00366667
internal_weight=0 190 166 94 57 72 45
internal_count=229 190 166 94 57 72 45
is_linear=0
shrinkage=0.03


Tree=165
num_leaves=8
num_cat=0
split_feature=3 3 1 0 4 0 0
split_gain=0.360379 0.625322 0.311943 0.491026 0.366013 0.393246 0.285923
threshold=0.23725000000000004 0.13455000000000003 0.12140000000000002 0.81950000000000012 0.17430000000000004 0.56030000000000013 0.89395000000000013
decision_type=2 2 2 2 2 2 2
left_child=1 2 3 -1 5 -4 -5
right_child=-2 -3 4 6 -6 -7 -8
leaf_value=-0.0004086967109937772 0.00030011650566170501 -0.0050146514728121446 -0.00029583528370768163 0.0060991704148418259 0.00076904995623169989 0.0025231670891207214 -0.00048474264187079228
leaf_weight=37 39 24 24 21 21 27 36
leaf_count=37 39 24 24 21 21 27 36
internal_value=0 -0.000473684 0.000180723 -0.000957447 0.00166667 0.000294118 0.000789474
internal_weight=0 190 166 94 72 51 57
internal_count=229 190 166 94 72 51 57
is_linear=0
shrinkage=0.03


Tree=166
num_leaves=8
num_cat=0
split_feature=3 3 1 4 3 4 0
split_gain=0.476284 0.501289 0.203871 0.80301 0.414464 0.278018 0.203437
threshold=0.23725000000000004 0.13455000000000003 0.11500000000000002 0.052500000000000012 0.046950000000000013 0.032200000000000006 0.91580000000000006
decision_type=2 2 2 2 2 2 2
left_child=1 2 3 6 5 -4 -1
right_child=-2 -3 4 -5 -6 -7 -8
leaf_value=0.0070176053618416874 0.00029111301049185409 -0.0048642119286277808 0.00021715226037081423 -0.00058843190797983199 0.0077086845588213758 -6.9154314042809697e-05 -0.00032100668074059869
leaf_weight=23 39 24 21 40 20 33 29
leaf_count=23 39 24 21 40 20 33 29
internal_value=0 -0.000947368 -0.000361446 -0.00130435 0.000810811 -0.000555556 0.00115385
internal_weight=0 190 166 92 74 54 52
internal_count=229 190 166 92 74 54 52
is_linear=0
shrinkage=0.03


Tree=167
num_leaves=8
num_cat=0
split_feature=3 3 1 4 3 4 0
split_gain=0.476284 0.501289 0.203871 0.80301 0.414464 0.278018 0.203437
threshold=0.23725000000000004 0.13455000000000003 0.11500000000000002 0.052500000000000012 0.046950000000000013 0.032200000000000006 0.91580000000000006
decision_type=2 2 2 2 2 2 2
left_child=1 2 3 6 5 -4 -1
right_child=-2 -3 4 -5 -6 -7 -8
leaf_value=0.0068070772009864331 0.00028237962017709894 -0.0047182855707689477 0.00021063769255969423 -0.00057077895074043622 0.0074774240220567365 -6.7079684621525472e-05 -0.00031137648031838607
leaf_weight=23 39 24 21 40 20 33 29
leaf_count=23 39 24 21 40 20 33 29
internal_value=0 -0.000947368 -0.000361446 -0.00130435 0.000810811 -0.000555556 0.00115385
internal_weight=0 190 166 92 74 54 52
internal_count=229 190 166 92 74 54 52
is_linear=0
shrinkage=0.03


Tree=168
num_leaves=9
num_cat=0
split_feature=4 0 3 4 1 0 4 1
split_gain=0.53182 0.454797 0.307045 0.350649 0.234708 0.531057 0.441486 0.364805
threshold=0.47910000000000003 0.097850000000000006 0.18280000000000005 0.20675000000000002 0.18615000000000001 0.73990000000000011 0.032200000000000006 0.036650000000000009
decision_type=2 2 2 2 2 2 2 2
left_child=1 -1 3 4 5 -3 7 -7
right_child=-2 2 -4 -5 -6 6 -8 -9
leaf_value=-0.0018848255239955912 0.00016171997576602481 0.0027855191664839696 0.00042206780633098352 -0.0027971703549549689 -0.0001777152196823728 -0.00045122886778290236 -0.005863229646956891 0.0068056418505211685
leaf_weight=23 27 21 25 22 37 28 24 22
leaf_count=23 27 21 25 22 37 28 24 22
internal_value=0 -0.000594059 -8.37989e-05 -0.000584416 0 0.000789474 -0.000405405 0.0012
internal_weight=0 202 179 154 132 95 74 50
internal_count=229 202 179 154 132 95 74 50
is_linear=0
shrinkage=0.03


Tree=169
num_leaves=9
num_cat=0
split_feature=4 3 2 0 4 0 4 0
split_gain=0.53182 0.320008 0.480005 0.420822 0.574489 0.973558 0.234113 0.254319
threshold=0.47910000000000003 0.044550000000000006 1.0000000180025095e-35 0.23015000000000005 0.24220000000000003 0.61050000000000015 0.013050000000000001 0.68875000000000008
decision_type=2 2 2 2 2 2 2 2
left_child=1 2 6 -3 5 -5 -1 -8
right_child=-2 3 -4 4 -6 -7 7 -9
leaf_value=0.0017543317987298178 0.00015686837649304397 -0.0026878706764650877 0.00052436589711957193 -0.003668909690974879 0.0019654965515984424 0.00070212753566606715 0.00015029523218237806 -0.0029774156646979397
leaf_weight=27 27 27 25 20 21 32 21 29
leaf_count=27 27 27 25 20 21 32 21 29
internal_value=0 -0.000594059 0.000588235 -0.0018 -0.000616438 -0.00230769 -0.000584416 -0.0018
internal_weight=0 202 102 100 73 52 77 50
internal_count=229 202 102 100 73 52 77 50
is_linear=0
shrinkage=0.03


Tree=170
num_leaves=9
num_cat=0
split_feature=3 3 0 0 0 1 0 4
split_gain=0.435856 0.541112 0.330855 0.496454 0.336172 0.388814 0.263065 0.370725
threshold=0.23725000000000004 0.13455000000000003 0.14980000000000002 0.40330000000000005 0.61930000000000007 0.14375000000000002 0.91580000000000006 0.052500000000000012
decision_type=2 2 2 2 2 2 2 2
left_child=1 2 -1 -4 -5 6 7 -6
right_child=-2 -3 3 4 5 -7 -8 -9
leaf_value=0.0005086349202059814 0.00026435058100401476 -0.0045690407218794173 -0.0003872085911656775 0.00065342381408171717 0.0068680842443064804 -0.0010337922444731639 -0.00040089625523574311 -0.00065716969593347272
leaf_weight=25 39 24 21 23 27 20 30 20
leaf_count=25 39 24 21 23 27 20 30 20
internal_value=0 -0.000789474 -0.000180723 -0.000744681 0 -0.000773196 0.000194805 0.00159574
internal_weight=0 190 166 141 120 97 77 47
internal_count=229 190 166 141 120 97 77 47
is_linear=0
shrinkage=0.03


Tree=171
num_leaves=8
num_cat=0
split_feature=4 0 1 1 3 0 0
split_gain=0.370226 0.335224 0.367138 0.364583 0.172669 0.464954 0.285923
threshold=0.47910000000000003 0.097850000000000006 0.12140000000000002 0.28480000000000005 0.18280000000000005 0.81950000000000012 0.89395000000000013
decision_type=2 2 2 2 2 2 2
left_child=1 -1 4 -4 5 -3 -7
right_child=-2 2 3 -5 -6 6 -8
leaf_value=-0.0016105734163253849 0.00014423180776813231 -0.0023021990451703722 0.0028657335454270517 -1.9546350763974817e-05 9.6359647406185631e-05 0.0050755120657533133 -0.00038886936757867027
leaf_weight=23 27 39 32 28 23 21 36
leaf_count=23 27 39 32 28 23 21 36
internal_value=0 0.000148515 0.000586592 0.0025 -0.000378151 -0.0009375 0.000789474
internal_weight=0 202 179 60 119 96 57
internal_count=229 202 179 60 119 96 57
is_linear=0
shrinkage=0.03


Tree=172
num_leaves=8
num_cat=0
split_feature=4 3 3 4 1 0 0
split_gain=0.46368 0.226274 0.625018 0.606383 0.430354 0.51401 0.334327
threshold=0.47910000000000003 0.014050000000000002 0.0059500000000000013 0.039900000000000012 0.076250000000000012 0.27480000000000004 0.61050000000000015
decision_type=2 2 2 2 2 2 2
left_child=1 2 -1 -3 6 -6 -5
right_child=-2 3 -4 4 5 -7 -8
leaf_value=-0.00037500594290778454 0.00013990485353508858 -0.0046342348532620731 0.0025371083822122451 -0.0039893469432495049 -0.0008840945592696861 0.0037707722837185195 0.00069788229825815671
leaf_weight=37 27 27 24 30 26 29 29
leaf_count=37 27 27 24 30 26 29 29
internal_value=0 -0.00029703 0.00122951 -0.000957447 0 0.00190909 -0.00177966
internal_weight=0 202 61 141 114 55 59
internal_count=229 202 61 141 114 55 59
is_linear=0
shrinkage=0.03


Tree=173
num_leaves=9
num_cat=0
split_feature=3 3 4 4 4 4 1 0
split_gain=0.315758 0.978477 0.377184 0.323882 0.307753 0.241071 0.261434 0.132835
threshold=0.31860000000000005 0.22055000000000002 0.38120000000000004 0.22530000000000003 0.077550000000000022 0.044950000000000011 0.14630000000000001 0.91580000000000006
decision_type=2 2 2 2 2 2 2 2
left_child=1 2 3 4 5 6 7 -1
right_child=-2 -3 -4 -5 -6 -7 -8 -9
leaf_value=0.0055864717565951389 -0.0031071212589600539 0.00060540683406050009 -0.00085757172249159629 0.00075904628967629086 -0.00039621371698298711 0.0031510281852029642 -0.00036375576462054581 -0.00014150928250663774
leaf_weight=24 21 21 22 21 39 25 27 29
leaf_count=24 21 21 22 21 39 25 27 29
internal_value=0 0.000288462 -0.00040107 9.09091e-05 -0.000416667 0.000428571 -0.000375 0.000849057
internal_weight=0 208 187 165 144 105 80 53
internal_count=229 208 187 165 144 105 80 53
is_linear=0
shrinkage=0.03


Tree=174
num_leaves=9
num_cat=0
split_feature=4 0 3 0 4 3 0 1
split_gain=0.46368 0.253334 0.274577 0.225964 0.175613 0.533333 0.491497 0.198406
threshold=0.47910000000000003 0.097850000000000006 0.18280000000000005 0.40330000000000005 0.024100000000000003 0.037750000000000006 0.89395000000000013 0.04080000000000001
decision_type=2 2 2 2 2 2 2 2
left_child=1 -1 3 -3 6 -6 -5 -7
right_child=-2 2 -4 4 5 7 -8 -9
leaf_value=-0.0015585047657478211 0.00011754550290722087 -0.00063586228653581759 0.0003479802004970678 0.0047669027293700903 -0.00069252229276013156 -0.0007705500768037288 -0.00023393096247824817 0.0059477042644001752
leaf_weight=23 27 25 25 21 32 25 28 23
leaf_count=23 27 25 25 21 32 25 28 23
internal_value=0 -0.00029703 8.37989e-05 -0.00038961 0.000116279 -0.00075 0.00153061 0.00125
internal_weight=0 202 179 154 129 80 49 48
internal_count=229 202 179 154 129 80 49 48
is_linear=0
shrinkage=0.03


Tree=175
num_leaves=8
num_cat=0
split_feature=4 4 1 0 2 1 3
split_gain=0.53182 0.187613 0.474623 0.35913 0.234708 0.26617 0.543254
threshold=0.47910000000000003 0.010200000000000002 0.031800000000000009 0.72525000000000006 1.0000000180025095e-35 0.12140000000000002 0.049800000000000004
decision_type=2 2 2 2 2 2 2
left_child=1 -1 3 -3 5 -4 -7
right_child=-2 2 4 -5 -6 6 -8
leaf_value=0.0017479081990891476 0.00011401913782000449 -0.0018631539614824594 -0.0015270628160057819 -0.0054048923778117564 0.00057680522302377187 -0.00014837383864716889 0.007218368378709426
leaf_weight=23 27 26 39 21 37 36 20
leaf_count=23 27 26 39 21 37 36 20
internal_value=0 -0.000594059 -0.000921788 -0.00351064 0 -0.000789474 0.000535714
internal_weight=0 202 179 47 132 95 56
internal_count=229 202 179 47 132 95 56
is_linear=0
shrinkage=0.03


Tree=176
num_leaves=9
num_cat=0
split_feature=4 0 0 1 4 0 3 3
split_gain=0.46368 0.309797 0.887686 0.332395 0.277138 1.12964 0.244141 0.424954
threshold=0.47910000000000003 0.6966500000000001 0.51245000000000007 0.017050000000000006 0.16300000000000003 0.23015000000000005 0.008550000000000002 0.042250000000000003
decision_type=2 2 2 2 2 2 2 2
left_child=1 2 4 -3 -1 -6 -5 -8
right_child=-2 3 -4 6 5 -7 7 -9
leaf_value=-0.0027454994653920593 0.00011059856368540455 0.00070423883711816509 -0.0016872501926415583 -0.0016902943256373027 -0.001728300674136668 0.0026558041806930511 0.005799672942332865 -0.00070162169001944049
leaf_weight=24 27 29 27 20 31 24 24 23
leaf_count=24 27 29 27 20 31 24 24 23
internal_value=0 -0.00029703 -0.00141509 0.0009375 0.000189873 0.00136364 -0.000223881 0.000957447
internal_weight=0 202 106 96 79 55 67 47
internal_count=229 202 106 96 79 55 67 47
is_linear=0
shrinkage=0.03


Tree=177
num_leaves=8
num_cat=0
split_feature=4 0 0 0 0 1 3
split_gain=0.431362 0.257726 0.395964 0.640212 0.429688 1.02066 0.311279
threshold=0.47910000000000003 0.81950000000000012 0.51245000000000007 0.6966500000000001 0.30040000000000006 0.31080000000000002 0.011450000000000002
decision_type=2 2 2 2 2 2 2
left_child=1 2 4 -4 5 -1 -3
right_child=-2 6 3 -5 -6 -7 -8
leaf_value=-0.0026461093023753854 0.00010728060677484275 -0.0010327448041292176 -0.0016366326868623071 0.00030290147833839098 0.00082294493832560931 0.00030131660090875644 0.0014673788132419264
leaf_weight=25 27 33 27 36 33 21 27
leaf_count=25 27 33 27 36 33 21 27
internal_value=0 -0.000148515 -0.00084507 -0.00261905 0.00056962 -0.00130435 0.0015
internal_weight=0 202 142 63 79 46 60
internal_count=229 202 142 63 79 46 60
is_linear=0
shrinkage=0.03


Tree=178
num_leaves=9
num_cat=0
split_feature=4 3 4 0 4 0 3 3
split_gain=0.431362 0.243285 0.651537 0.593425 0.752986 0.658173 0.559128 0.496659
threshold=0.47910000000000003 0.044550000000000006 0.063300000000000009 0.23015000000000005 0.24220000000000003 0.61050000000000015 0.014050000000000002 0.0059500000000000013
decision_type=2 2 2 2 2 2 2 2
left_child=1 2 6 -3 5 -5 7 -1
right_child=-2 3 -4 4 -6 -7 -8 -9
leaf_value=-0.00062887649099864441 0.00010406218857159754 -0.0025667260233041235 0.00070455395351999399 -0.0037678559043329246 0.0014966509398932691 0.0006674794420819352 -0.00022658175022716609 0.0031814407099742103
leaf_weight=32 27 27 22 20 21 32 27 21
leaf_count=32 27 27 22 20 21 32 27 21
internal_value=0 -0.000148515 0.000882353 -0.0012 0.000205479 -0.00173077 -0.000375 0.00141509
internal_weight=0 202 102 100 73 52 80 53
internal_count=229 202 102 100 73 52 80 53
is_linear=0
shrinkage=0.03


Tree=179
num_leaves=9
num_cat=0
split_feature=4 2 3 1 0 1 4 3
split_gain=0.431362 0.139698 0.543478 0.149661 0.484255 0.405267 0.674075 0.158654
threshold=0.47910000000000003 1.0000000180025095e-35 0.042250000000000003 0.0059000000000000016 0.88640000000000019 0.076250000000000012 0.16300000000000003 0.018850000000000002
decision_type=2 2 2 2 2 2 2 2
left_child=1 3 -3 -1 5 -5 7 -7
right_child=-2 2 -4 4 -6 6 -8 -9
leaf_value=-0.0079013900611508339 0.00010094032291444981 0.00055768050711969993 -0.00042585649463597108 -0.0027077899212797816 0.0040020186284335808 -0.00017232830277278842 0.00033816230441600313 6.6347969346303157e-05
leaf_weight=20 27 23 23 37 26 26 25 22
leaf_count=20 27 23 23 37 26 26 25 22
internal_value=0 -0.000148515 0.00130435 -0.000576923 -0.000220588 -0.00109091 0.000205479 -0.001875
internal_weight=0 202 46 156 136 110 73 48
internal_count=229 202 46 156 136 110 73 48
is_linear=0
shrinkage=0.03


Tree=180
num_leaves=8
num_cat=0
split_feature=4 1 0 3 1 4 1
split_gain=0.46368 0.197104 0.57228 0.565249 0.480193 0.398793 0.651201
threshold=0.47910000000000003 0.048800000000000003 0.6966500000000001 0.039500000000000007 0.099950000000000011 0.044950000000000011 0.25150000000000006
decision_type=2 2 2 2 2 2 2
left_child=1 2 -1 -4 -3 -6 -7
right_child=-2 4 3 -5 5 6 -8
leaf_value=-0.0053201475742882393 9.7912113227016651e-05 0.00072214357088533408 -6.0161317760636375e-05 0.0021278563984876973 -0.00023195437817881358 -0.00034027082211004865 0.00088766360036035563
leaf_weight=27 27 25 39 22 35 26 28
leaf_count=27 27 25 39 22 35 26 28
internal_value=0 -0.00029703 -0.00136364 0.000245902 0.000526316 -0.000505618 0.00111111
internal_weight=0 202 88 61 114 89 54
internal_count=229 202 88 61 114 89 54
is_linear=0
shrinkage=0.03


Tree=181
num_leaves=9
num_cat=0
split_feature=4 0 3 0 2 3 1 1
split_gain=0.497166 0.228581 0.307045 0.222808 0.221818 0.343253 0.522324 0.363801
threshold=0.47910000000000003 0.097850000000000006 0.18280000000000005 0.45270000000000005 0.00030000000000000008 0.025900000000000003 0.04080000000000001 0.048800000000000003
decision_type=2 2 2 2 2 2 2 2
left_child=1 -1 3 -3 5 6 -5 -7
right_child=-2 2 -4 4 -6 7 -8 -9
leaf_value=-0.0015200033386113597 9.4974749830206148e-05 -0.0003300626974467463 0.00030677119641137393 1.9062243646987831e-05 0.0033292111271408164 -0.0011508564778812734 -0.0036254201221885916 0.005086276724279414
leaf_weight=23 27 32 25 29 22 24 25 22
leaf_count=23 27 32 25 29 22 24 25 22
internal_value=0 -0.000445545 -8.37989e-05 -0.000584416 0 -0.0006 -0.00222222 0.00130435
internal_weight=0 202 179 154 122 100 54 46
internal_count=229 202 179 154 122 100 54 46
is_linear=0
shrinkage=0.03


Tree=182
num_leaves=9
num_cat=0
split_feature=3 3 0 0 4 4 1 4
split_gain=0.360379 0.327632 0.576879 0.496454 0.196399 0.346733 0.285714 0.128571
threshold=0.23725000000000004 0.13455000000000003 0.14980000000000002 0.40330000000000005 0.077550000000000022 0.041900000000000007 0.099950000000000011 0.012450000000000001
decision_type=2 2 2 2 2 2 2 2
left_child=1 2 -1 -4 5 6 7 -5
right_child=-2 -3 3 4 -6 -7 -8 -9
leaf_value=0.00056106009749281368 0.00029714999226462254 -0.0043362926950554345 -0.00036781782047142831 -5.8928345537236914e-05 -0.0003533291972795538 0.0024905152983307243 -0.00031399872615909261 0.0020960076784140801
leaf_weight=25 39 24 21 21 26 24 25 24
leaf_count=25 39 24 21 21 26 24 25 24
internal_value=0 -0.000473684 0 -0.000744681 0 0.000638298 -0.000428571 0.001
internal_weight=0 190 166 141 120 94 70 45
internal_count=229 190 166 141 120 94 70 45
is_linear=0
shrinkage=0.03


Tree=183
num_leaves=8
num_cat=0
split_feature=4 3 4 3 0 0 0
split_gain=0.567641 0.212768 0.829497 0.398926 0.321259 0.937586 0.725677
threshold=0.47910000000000003 0.014050000000000002 0.039900000000000012 0.0059500000000000013 0.23015000000000005 0.43025000000000008 0.6966500000000001
decision_type=2 2 2 2 2 2 2
left_child=1 3 -3 -1 -4 -6 -7
right_child=-2 2 4 -5 5 6 -8
leaf_value=-0.0002040593312958938 8.3211007567361437e-05 -0.0048260023871700359 -0.0016591660442018203 0.0022034467325859272 0.0014359130500907224 -0.0023333049879937693 0.001839401969814628
leaf_weight=37 27 27 32 24 23 29 30
leaf_count=37 27 27 32 24 23 29 30
internal_value=0 -0.000742574 -0.00138298 0.000737705 -0.000263158 0.000731707 -0.00127119
internal_weight=0 202 141 61 114 82 59
internal_count=229 202 141 61 114 82 59
is_linear=0
shrinkage=0.03


Tree=184
num_leaves=9
num_cat=0
split_feature=4 0 1 3 1 4 1 3
split_gain=0.431362 0.309335 0.301938 0.632099 0.459655 0.475967 0.284444 0.235714
threshold=0.47910000000000003 0.88640000000000019 0.12140000000000002 0.11425 0.18615000000000001 0.17430000000000004 0.033950000000000008 0.008550000000000002
decision_type=2 2 2 2 2 2 2 2
left_child=1 2 3 -1 -4 -6 -5 -3
right_child=-2 7 4 6 5 -7 -8 -9
leaf_value=-0.0023360263131284769 8.0714677340340541e-05 0.00026531697011544564 0.0063674038549924325 -0.0023178317124161294 -0.00019793755135701473 0.00071607989127241947 0.00043682404429127517 0.0013540825882479978
leaf_weight=36 27 22 20 25 39 20 20 20
leaf_count=36 27 22 20 25 39 20 20 20
internal_value=0 -0.000148515 -0.00075 -0.00203704 0.00056962 -0.000762712 0.000333333 0.00214286
internal_weight=0 202 160 81 79 59 45 42
internal_count=229 202 160 81 79 59 45 42
is_linear=0
shrinkage=0.03


Tree=185
num_leaves=9
num_cat=0
split_feature=1 1 4 3 1 0 4 0
split_gain=0.567444 0.534092 0.528688 0.282579 0.338 0.445855 0.489678 0.17523
threshold=0.0010500000000000002 0.010200000000000002 0.32190000000000007 0.13455000000000003 0.39040000000000002 0.67320000000000013 0.047750000000000008 0.89395000000000013
decision_type=2 2 2 2 2 2 2 2
left_child=-1 -2 3 4 5 -3 7 -7
right_child=1 2 -4 -5 -6 6 -8 -9
leaf_value=-0.0069705653646626089 0.0009620654483469659 0.00061538526625984694 0.00058383814266203067 -0.0025020444814921471 -0.00019199942481630482 0.0027286334787485099 -0.0014543363601880854 -6.7046020169048148e-07
leaf_weight=20 24 23 32 28 25 32 24 21
leaf_count=20 24 23 32 28 25 32 24 21
internal_value=0 0.000789474 0.000243243 -0.000490196 0.00012 0.0009 -0.000194805 0.00141509
internal_weight=0 209 185 153 125 100 77 53
internal_count=229 209 185 153 125 100 77 53
is_linear=0
shrinkage=0.03


Tree=186
num_leaves=10
num_cat=0
split_feature=0 0 0 3 3 0 0 0 1
split_gain=0.364717 0.494505 0.336927 0.23086 0.33047 0.351862 0.573159 0.290748 0.1
threshold=0.027950000000000003 0.13100000000000003 0.30040000000000006 0.008550000000000002 0.019650000000000004 0.51245000000000007 0.6966500000000001 0.78655000000000019 0.036650000000000009
decision_type=2 2 2 2 2 2 2 2 2
left_child=-1 -2 -3 8 -5 -6 -7 -8 -4
right_child=1 2 3 4 5 6 7 -9 -10
leaf_value=-0.00094977969041984628 0.00067254878430624714 -0.00056856487573855191 0.00025737757481803625 5.4999215353546126e-05 0.0021681350070466799 -0.002357127556496935 0.0026765627050093733 -0.0018547229220611627 -0.00084271216857651821
leaf_weight=21 28 21 20 25 30 21 21 22 20
leaf_count=21 28 21 20 25 30 21 21 22 20
internal_value=0 0.000576923 0 0.000471698 0.00113445 0.000319149 -0.0009375 0.00104651 -0.0015
internal_weight=0 208 180 159 119 94 64 43 40
internal_count=229 208 180 159 119 94 64 43 40
is_linear=0
shrinkage=0.03


Tree=187
num_leaves=9
num_cat=0
split_feature=1 1 1 1 3 4 3 1
split_gain=0.291243 0.534092 0.297633 0.585366 0.498001 0.436364 0.452525 0.284444
threshold=0.0010500000000000002 0.010200000000000002 0.048800000000000003 0.099950000000000011 0.093600000000000017 0.039900000000000012 0.028950000000000004 0.23025000000000004
decision_type=2 2 2 2 2 2 2 2
left_child=-1 -2 4 -4 -3 -5 -7 -8
right_child=1 2 3 5 -6 6 7 -9
leaf_value=-0.0067797237334721351 0.00093736194848826108 0.00054617561728632631 0.00081918926605278658 -0.0022474764326954476 -0.0023939924536386767 0.00040350920007425461 0.002679335808674349 -0.0016106392645484991
leaf_weight=20 24 36 27 30 26 21 25 20
leaf_count=20 24 36 27 30 26 21 25 20
internal_value=0 0.000789474 0.000243243 0.00109756 -0.00145161 0 0.00136364 -0.000333333
internal_weight=0 209 185 123 62 96 66 45
internal_count=229 209 185 123 62 96 66 45
is_linear=0
shrinkage=0.03


Tree=188
num_leaves=9
num_cat=0
split_feature=3 3 4 4 4 4 3 1
split_gain=0.390519 0.84543 0.481996 0.230321 0.29281 0.45045 0.415974 0.0833333
threshold=0.31860000000000005 0.22055000000000002 0.38120000000000004 0.22530000000000003 0.091450000000000017 0.039900000000000012 0.014050000000000002 0.04080000000000001
decision_type=2 2 2 2 2 2 2 2
left_child=1 2 3 4 5 6 7 -1
right_child=-2 -3 -4 -5 -6 -7 -8 -9
leaf_value=0.0034885818210467234 -0.0026424485486352383 0.00081607056363826585 -0.00081677718884705288 0.00071243485451411069 -0.00065377209916233302 0.0009282962268245676 -0.0032162493892388252 -4.3702853782296987e-05
leaf_weight=24 21 21 22 21 33 37 26 24
leaf_count=24 21 21 22 21 33 37 26 24
internal_value=0 0.000721154 8.02139e-05 0.000636364 0.000208333 0.000945946 -0.000405405 0.00125
internal_weight=0 208 187 165 144 111 74 48
internal_count=229 208 187 165 144 111 74 48
is_linear=0
shrinkage=0.03


Tree=189
num_leaves=10
num_cat=0
split_feature=1 3 1 3 4 3 0 1 1
split_gain=0.337043 0.588926 0.588462 1.20319 0.828311 0.480031 0.326854 0.432506 0.103943
threshold=0.0010500000000000002 0.031000000000000003 0.029650000000000006 0.0059500000000000013 0.037600000000000008 0.25465000000000004 0.27480000000000004 0.076250000000000012 0.035550000000000005
decision_type=2 2 2 2 2 2 2 2 2
left_child=-1 2 -2 -4 -5 6 -3 8 -8
right_child=1 5 3 4 -6 -7 7 -9 -10
leaf_value=-0.0065244436354057354 0.001996433457583313 -0.001234190869796865 -0.0018676894608228743 1.5663580867659733e-05 0.0011774994113675948 0.000289542686066368 -0.0013690352730639122 0.0013968947824352185 -0.002405248088200754
leaf_weight=20 20 25 22 23 20 28 23 27 21
leaf_count=20 20 25 22 23 20 28 23 27 21
internal_value=0 0.00107656 0.003 0.00161538 0.00453488 -0.000241935 -0.00125 -0.000211268 -0.00204545
internal_weight=0 209 85 65 43 124 96 71 44
internal_count=229 209 85 65 43 124 96 71 44
is_linear=0
shrinkage=0.03


Tree=190
num_leaves=9
num_cat=0
split_feature=0 0 0 4 4 1 3 1
split_gain=0.390519 0.456792 0.369108 0.189662 0.526023 0.334772 0.33101 0.14518
threshold=0.027950000000000003 0.13100000000000003 0.30040000000000006 0.15570000000000003 0.077550000000000022 0.017050000000000006 0.014050000000000002 0.076250000000000012
decision_type=2 2 2 2 2 2 2 2
left_child=-1 -2 -3 4 5 -4 -7 -8
right_child=1 2 3 -5 -6 6 7 -9
leaf_value=-0.0009401373322081635 0.00075935355907584936 -0.00057035896196730776 0.0013269044948364427 0.00059564881030192197 -0.00057526278803604169 0.001488494015995374 -0.0057648659991738288 7.121477703258438e-05
leaf_weight=21 28 21 27 34 22 35 21 20
leaf_count=21 28 21 27 34 22 35 21 20
internal_value=0 0.000721154 0.000166667 0.000660377 0.00012 0.00101942 0 -0.00182927
internal_weight=0 208 180 159 125 103 76 41
internal_count=229 208 180 159 125 103 76 41
is_linear=0
shrinkage=0.03


Tree=191
num_leaves=8
num_cat=0
split_feature=3 3 0 0 3 1 1
split_gain=0.397221 0.296814 0.330855 0.496454 0.271838 0.342598 0.30331
threshold=0.23725000000000004 0.13455000000000003 0.14980000000000002 0.40330000000000005 0.052500000000000012 0.18615000000000001 0.035550000000000005
decision_type=2 2 2 2 2 2 2
left_child=1 2 -1 -4 5 6 -5
right_child=-2 -3 3 4 -6 -7 -8
leaf_value=0.00024547063832867531 0.00028353835376844326 -0.0041721780251622667 -0.00041336173359789006 -2.7709142393537166e-05 0.0010654314840188573 -0.00010260091072248344 0.0046922200686943102
leaf_weight=25 39 24 21 34 31 22 33
leaf_count=25 39 24 21 34 31 22 33
internal_value=0 -0.000631579 -0.000180723 -0.000744681 0 -0.000842697 0.000223881
internal_weight=0 190 166 141 120 89 67
internal_count=229 190 166 141 120 89 67
is_linear=0
shrinkage=0.03


Tree=192
num_leaves=9
num_cat=0
split_feature=3 3 0 0 4 1 4 1
split_gain=0.435856 0.267517 0.369521 0.44805 0.266667 0.286508 0.406349 0.225
threshold=0.23725000000000004 0.13455000000000003 0.14980000000000002 0.40330000000000005 0.052500000000000012 0.063900000000000012 0.012450000000000001 0.061650000000000003
decision_type=2 2 2 2 2 2 2 2
left_child=1 2 -1 -4 5 6 -5 -6
right_child=-2 -3 3 4 7 -7 -8 -9
leaf_value=0.00023810651917881786 0.00027503220315538865 -0.0040470126844073988 -0.00040096088158995122 -1.4017082192752106e-05 -0.0020838641772955918 -2.6383119716548718e-05 0.0044622103692456777 0.00034118194207868213
leaf_weight=25 39 24 21 21 20 35 24 20
leaf_count=25 39 24 21 21 20 35 24 20
internal_value=0 -0.000789474 -0.000361446 -0.000957447 -0.00025 0.00075 0.00233333 -0.00225
internal_weight=0 190 166 141 120 80 45 40
internal_count=229 190 166 141 120 80 45 40
is_linear=0
shrinkage=0.03


Tree=193
num_leaves=8
num_cat=0
split_feature=3 3 2 1 1 1 1
split_gain=0.435856 0.267517 0.408058 0.247102 1.04268 0.608009 0.543233
threshold=0.23725000000000004 0.13455000000000003 1.0000000180025095e-35 0.033950000000000008 0.12140000000000002 0.0091000000000000022 0.39040000000000002
decision_type=2 2 2 2 2 2 2
left_child=1 2 3 5 -5 -1 -6
right_child=-2 -3 -4 4 6 -7 -8
leaf_value=-0.00018818926547743391 0.00026678123706072696 -0.003925602303875177 0.00020085874826451298 -0.0023265304314081569 0.0026425483277532314 0.0019581035548584592 -2.5591626125054388e-05
leaf_weight=22 39 24 38 29 36 20 21
leaf_count=22 39 24 38 29 36 20 21
internal_value=0 -0.000789474 -0.000361446 -0.00117187 -0.00209302 0.000714286 0.000263158
internal_weight=0 190 166 128 86 42 57
internal_count=229 190 166 128 86 42 57
is_linear=0
shrinkage=0.03


Tree=194
num_leaves=9
num_cat=0
split_feature=3 4 4 1 0 3 0 3
split_gain=0.435856 0.541112 0.376078 0.281629 0.218886 0.577356 0.289286 0.180877
threshold=0.23725000000000004 0.38120000000000004 0.22530000000000003 0.18615000000000001 0.91580000000000006 0.035050000000000005 0.73990000000000011 0.018850000000000002
decision_type=2 2 2 2 2 2 2 2
left_child=1 2 3 4 5 -1 -7 -5
right_child=-2 -3 -4 7 -6 6 -8 -9
leaf_value=0.0055270721872258607 0.00025877779994890602 -0.00078974912354059373 0.000670201380562431 -9.2148077714253597e-05 -0.00011656722877543712 0.00089090093331397387 -0.0051337833871453941 -0.00017110340470982254
leaf_weight=26 39 24 21 23 30 24 21 21
leaf_count=26 39 24 21 23 30 24 21 21
internal_value=0 -0.000789474 -0.000180723 -0.000724138 0.000148515 0.00105634 -0.001 -0.00272727
internal_weight=0 190 166 145 101 71 45 44
internal_count=229 190 166 145 101 71 45 44
is_linear=0
shrinkage=0.03


Tree=195
num_leaves=8
num_cat=0
split_feature=3 4 4 4 4 3 1
split_gain=0.435856 0.541112 0.376078 0.22962 0.327161 0.468758 0.130748
threshold=0.23725000000000004 0.38120000000000004 0.22530000000000003 0.077550000000000022 0.044950000000000011 0.014050000000000002 0.04080000000000001
decision_type=2 2 2 2 2 2 2
left_child=1 2 3 4 5 6 -1
right_child=-2 -3 -4 -5 -6 -7 -8
leaf_value=0.0031928570625138941 0.00025101446595043983 -0.00076605664983437651 0.00065009533914555826 -0.00049764433314844145 0.0027623338659873119 -0.00016171616661452725 -2.2059435009884607e-05
leaf_weight=24 39 24 21 39 25 32 25
leaf_count=24 39 24 21 39 25 32 25
internal_value=0 -0.000789474 -0.000180723 -0.000724138 0 -0.000925926 0.000918367
internal_weight=0 190 166 145 106 81 49
internal_count=229 190 166 145 106 81 49
is_linear=0
shrinkage=0.03


Tree=196
num_leaves=8
num_cat=0
split_feature=3 4 0 4 4 3 3
split_gain=0.435856 0.541112 0.151562 0.853333 0.59995 0.16417 0.313042
threshold=0.23725000000000004 0.38120000000000004 0.53380000000000016 0.20675000000000002 0.077550000000000022 0.0059500000000000013 0.016750000000000004
decision_type=2 2 2 2 2 2 2
left_child=1 2 3 -1 5 -4 -7
right_child=-2 -3 4 -5 -6 6 -8
leaf_value=-9.1258234764848281e-05 0.00024348403197192668 -0.00074307495033934469 -0.0015111336017967058 0.0021596365925423654 -0.0013387204940842733 0.0023676645413903017 -6.3826908165407482e-05
leaf_weight=30 39 24 31 20 24 22 39
leaf_count=30 39 24 31 20 24 22 39
internal_value=0 -0.000789474 -0.000180723 0.0012 -0.000775862 0.000326087 0.00122951
internal_weight=0 190 166 50 116 92 61
internal_count=229 190 166 50 116 92 61
is_linear=0
shrinkage=0.03


Tree=197
num_leaves=8
num_cat=0
split_feature=1 1 1 0 4 3 4
split_gain=0.325617 0.660823 0.250694 0.347143 0.250124 0.567918 0.142012
threshold=0.048800000000000003 0.099950000000000011 0.31080000000000002 0.42035000000000006 0.052500000000000012 0.11965000000000002 0.012450000000000001
decision_type=2 2 2 2 2 2 2
left_child=4 -2 3 -3 6 -6 -1
right_child=1 2 -4 -5 5 -7 -8
leaf_value=-0.0012396912004230675 0.00097341002568950724 -0.00050481484857001658 6.51651909444495e-06 0.00010131440156577742 -0.0022140854586580375 -2.5193144529001009e-06 0.0018113467624980828
leaf_weight=20 27 25 36 35 24 39 23
leaf_count=20 27 25 36 35 24 39 23
internal_value=0 0.000853659 -0.0003125 -0.0015 -0.00141509 -0.00261905 0.000348837
internal_weight=0 123 96 60 106 63 43
internal_count=229 123 96 60 106 63 43
is_linear=0
shrinkage=0.03


Tree=198
num_leaves=8
num_cat=0
split_feature=1 1 0 4 3 0 4
split_gain=0.325617 0.35411 0.2886 0.250124 0.567918 0.150794 0.142012
threshold=0.048800000000000003 0.099950000000000011 0.14980000000000002 0.052500000000000012 0.11965000000000002 0.47635000000000005 0.012450000000000001
decision_type=2 2 2 2 2 2 2
left_child=3 -2 -3 6 -5 -4 -1
right_child=1 2 5 4 -6 -7 -8
leaf_value=-0.0012025004644103743 0.00094420772491882188 9.7011437153826654e-06 -0.00038887332309511135 -0.0021476628948982951 -2.4437350193134976e-06 3.1567927901710033e-07 0.0017570063596231344
leaf_weight=20 27 33 25 24 39 38 23
leaf_count=20 27 33 25 24 39 38 23
internal_value=0 0.000853659 0 -0.00141509 -0.00261905 -0.00119048 0.000348837
internal_weight=0 123 96 106 63 63 43
internal_count=229 123 96 106 63 63 43
is_linear=0
shrinkage=0.03


Tree=199
num_leaves=9
num_cat=0
split_feature=3 3 4 0 0 0 3 0
split_gain=0.315758 0.576135 0.410695 0.209234 0.249486 0.380952 0.22936 0.248783
threshold=0.31860000000000005 0.22055000000000002 0.38120000000000004 0.35520000000000002 0.6966500000000001 0.53380000000000016 0.008550000000000002 0.78655000000000019
decision_type=2 2 2 2 2 2 2 2
left_child=1 2 3 -1 5 -5 -6 -8
right_child=-2 -3 -4 4 6 -7 7 -9
leaf_value=1.5526439262441017e-05 -0.0026995293548043721 0.00087555356093100721 -0.00070592929068352597 0.00091588149317125547 -0.0015728501874064493 -0.0021095503699549013 0.0045590463182802222 2.6334238023428821e-06
leaf_weight=29 21 21 22 21 35 21 20 39
leaf_count=29 21 21 22 21 35 21 20 39
internal_value=0 0.000288462 -0.000240642 0.000272727 -0.000220588 -0.00214286 0.000638298 0.00177966
internal_weight=0 208 187 165 136 42 94 59
internal_count=229 208 187 165 136 42 94 59
is_linear=0
shrinkage=0.03


Tree=200
num_leaves=8
num_cat=0
split_feature=1 4 0 4 4 1 3
split_gain=0.303548 0.596385 0.40198 0.564226 0.36 0.3406 0.333606
threshold=0.048800000000000003 0.16300000000000003 0.6966500000000001 0.036200000000000003 0.40630000000000005 0.18615000000000001 0.11965000000000002
decision_type=2 2 2 2 2 2 2
left_child=2 5 4 -4 -1 -2 -3
right_child=1 6 3 -5 -6 -7 -8
leaf_value=-0.0096514397251112587 0.0050307854498542956 9.1180090543900859e-05 -0.00074768861978078186 0.0017042171661203786 -2.8637029796664824e-05 -0.00013442276069260516 8.9069139685866712e-05
leaf_weight=20 34 27 36 25 25 38 24
leaf_count=20 34 27 36 25 25 38 24
internal_value=0 0.00134146 -0.000849057 0.000737705 -0.003 -0.000416667 0.00382353
internal_weight=0 123 106 61 45 72 51
internal_count=229 123 106 61 45 72 51
is_linear=0
shrinkage=0.03


Tree=201
num_leaves=9
num_cat=0
split_feature=0 3 3 4 4 3 0 4
split_gain=0.364717 0.577715 0.296301 0.342934 0.413379 0.195796 0.290748 0.283333
threshold=0.027950000000000003 0.23725000000000004 0.13455000000000003 0.15570000000000003 0.068550000000000014 0.014050000000000002 0.81950000000000012 0.021800000000000003
decision_type=2 2 2 2 2 2 2 2
left_child=-1 2 3 4 5 7 -7 -2
right_child=1 -3 -4 -5 -6 6 -8 -9
leaf_value=-0.00090345466793848581 0.00072582107001936788 0.00046683104032935906 -0.0040451984636597606 8.8444687827584625e-05 -0.0006668022553712815 -0.0017138046134655392 0.00083903786540923564 0.0020804654248395725
leaf_weight=21 34 31 23 35 22 21 22 20
leaf_count=21 34 31 23 35 22 21 22 20
internal_value=0 0.000576923 -8.47458e-05 0.00038961 -0.000378151 0.000463918 -0.00104651 0.00166667
internal_weight=0 208 177 154 119 97 43 54
internal_count=229 208 177 154 119 97 43 54
is_linear=0
shrinkage=0.03


Tree=202
num_leaves=8
num_cat=0
split_feature=4 3 3 3 0 1 1
split_gain=0.369807 0.63262 0.6075 0.424502 0.738409 0.937662 0.1875
threshold=0.039900000000000012 0.042250000000000003 0.014050000000000002 0.23725000000000004 0.27480000000000004 0.076250000000000012 0.04080000000000001
decision_type=2 2 2 2 2 2 2
left_child=2 -2 6 4 -3 -6 -1
right_child=1 3 -4 -5 5 -7 -8
leaf_value=0.0030479762970029921 5.4956225446265437e-05 -0.0020533985151258158 -0.0049263499409723764 0.00029313472834369413 -0.0016623904750615681 0.0059858866511580677 -4.7864114355691265e-05
leaf_weight=24 35 25 27 39 35 20 24
leaf_count=24 35 25 27 39 35 20 24
internal_value=0 0.00116883 -0.0014 0.00012605 -0.001125 0.000818182 0.000625
internal_weight=0 154 75 119 80 55 48
internal_count=229 154 75 119 80 55 48
is_linear=0
shrinkage=0.03


Tree=203
num_leaves=8
num_cat=0
split_feature=3 3 4 0 0 4 4
split_gain=0.292073 0.43569 0.741005 0.529877 0.492771 0.441418 0.225
threshold=0.23725000000000004 0.042250000000000003 0.039900000000000012 0.27480000000000004 0.53380000000000016 0.014350000000000002 0.091450000000000017
decision_type=2 2 2 2 2 2 2
left_child=1 2 5 -3 -5 -1 -6
right_child=-2 3 -4 4 6 -7 -8
leaf_value=0.00086692525574603161 0.00028434068649338341 -0.0019917965596720397 5.3307538682877408e-05 0.0010388935051329805 8.1595626296975253e-05 -0.00018572005742118147 -0.0012368160900293379
leaf_weight=32 39 25 35 23 20 35 20
leaf_count=32 39 25 35 23 20 35 20
internal_value=0 -0.000157895 0.00117647 -0.00170455 -0.000238095 -0.000671642 -0.00225
internal_weight=0 190 102 88 63 67 40
internal_count=229 190 102 88 63 67 40
is_linear=0
shrinkage=0.03


Tree=204
num_leaves=9
num_cat=0
split_feature=4 4 0 4 0 1 3 4
split_gain=0.46368 0.390897 0.533935 0.388039 0.468506 0.280229 0.672549 0.212019
threshold=0.47910000000000003 0.20365000000000003 0.23015000000000005 0.039900000000000012 0.7895000000000002 0.25150000000000006 0.11670000000000001 0.010200000000000002
decision_type=2 2 2 2 2 2 2 2
left_child=1 3 -3 4 -1 6 -5 -6
right_child=-2 2 -4 5 7 -7 -8 -9
leaf_value=-0.0028262963305534104 0.00027581046589858271 -0.0019448396577073006 0.00011838310382101368 -0.00050671714694010327 0.0027651625680811054 0.00069189968769267304 0.00472726415802871 -9.9284265206862622e-05
leaf_weight=23 27 28 27 30 20 21 21 32
leaf_count=23 27 28 27 30 20 21 21 32
internal_value=0 -0.00029703 -0.00245455 0.000510204 -0.001 0.00208333 0.000882353 0.000576923
internal_weight=0 202 55 147 75 72 51 52
internal_count=229 202 55 147 75 72 51 52
is_linear=0
shrinkage=0.03


Tree=205
num_leaves=9
num_cat=0
split_feature=3 3 3 0 2 1 1 0
split_gain=0.417203 0.803241 0.381972 0.475043 0.272857 0.333135 0.946528 0.535079
threshold=0.31860000000000005 0.22055000000000002 0.13455000000000003 0.18435000000000004 1.0000000180025095e-35 0.033950000000000008 0.10685000000000001 0.61930000000000007
decision_type=2 2 2 2 2 2 2 2
left_child=1 2 3 -1 5 -5 -7 -8
right_child=-2 -3 -4 4 -6 6 7 -9
leaf_value=7.7739231058797647e-05 -0.0025941995522745912 0.00088214768336462683 -0.003170141551091099 0.0011840913694369959 0.0028069365048671588 -0.0023062880651868634 0.00052632549404721732 -0.0013490684126077901
leaf_weight=28 21 21 21 38 29 25 24 22
leaf_count=28 21 21 21 38 29 25 24 22
internal_value=0 0.000865385 0.000240642 0.000722892 0 -0.000688073 -0.00190141 0.000652174
internal_weight=0 208 187 166 138 109 71 46
internal_count=229 208 187 166 138 109 71 46
is_linear=0
shrinkage=0.03


Tree=206
num_leaves=9
num_cat=0
split_feature=0 0 4 3 3 3 1 3
split_gain=0.364717 0.658217 0.446699 0.422979 0.502321 0.403226 0.36 0.228488
threshold=0.027950000000000003 0.36165000000000008 0.077550000000000022 0.052500000000000012 0.019650000000000004 0.0059500000000000013 0.039200000000000006 0.23725000000000004
decision_type=2 2 2 2 2 2 2 2
left_child=-1 7 3 4 5 -3 -4 -2
right_child=1 2 6 -5 -6 -7 -8 -9
leaf_value=-0.00069898216285694029 4.6220727071262234e-05 -0.0017327452403132558 -0.0032723936365154378 0.0056905550476843737 -0.001776345226738587 0.00033936236679120934 -1.4310924814966429e-05 0.00064467826656095515
leaf_weight=21 36 31 20 20 20 31 25 25
leaf_count=21 36 31 20 20 20 31 25 25
internal_value=0 0.000576923 -0.000510204 0.000588235 -0.000365854 0.000967742 -0.003 0.00319672
internal_weight=0 208 147 102 82 62 45 61
internal_count=229 208 147 102 82 62 45 61
is_linear=0
shrinkage=0.03


Tree=207
num_leaves=9
num_cat=0
split_feature=1 3 4 3 4 0 1 3
split_gain=0.337043 0.607495 0.579054 0.600289 0.461538 0.472335 0.828947 0.194829
threshold=0.0010500000000000002 0.014050000000000002 0.039900000000000012 0.042250000000000003 0.42755000000000004 0.27480000000000004 0.076250000000000012 0.0059500000000000013
decision_type=2 2 2 2 2 2 2 2
left_child=-1 7 -3 -4 5 -5 -7 -2
right_child=1 2 3 4 -6 6 -8 -9
leaf_value=-0.0062100274454362997 0.00075553271924040373 -0.0048884393818157922 7.8048718216286718e-05 -0.0023595501281101711 0.0013931576818208735 -0.0018125047684016604 0.0043305214867113096 0.0017181895959332437
leaf_weight=20 33 27 22 21 26 36 21 23
leaf_count=20 33 27 22 21 26 36 21 23
internal_value=0 0.00107656 9.80392e-05 0.000952381 0 -0.00115385 0.000263158 0.00375
internal_weight=0 209 153 126 104 78 57 56
internal_count=229 209 153 126 104 78 57 56
is_linear=0
shrinkage=0.03


Tree=208
num_leaves=9
num_cat=0
split_feature=0 0 3 3 0 4 1 0
split_gain=0.390519 0.456792 0.372061 0.61199 0.983324 0.547908 0.253455 0.241718
threshold=0.027950000000000003 0.13100000000000003 0.031000000000000003 0.18280000000000005 0.42035000000000006 0.037600000000000008 0.018850000000000002 0.73990000000000011
decision_type=2 2 2 2 2 2 2 2
left_child=-1 -2 5 4 -4 6 -3 -6
right_child=1 2 3 -5 7 -7 -8 -9
leaf_value=-0.00060722619412792607 0.00065029515761295899 0.00070143571602392367 -0.0018968128605885437 0.00069612442240743033 0.0012251084028541514 0.00087196930397265727 -0.0016021652431966026 -0.0033495601791126537
leaf_weight=21 28 20 21 23 35 20 39 22
leaf_count=21 28 20 21 23 35 20 39 22
internal_value=0 0.000721154 0.000166667 -0.0010396 -0.00230769 0.00170886 0.000254237 -0.000263158
internal_weight=0 208 180 101 78 79 59 57
internal_count=229 208 180 101 78 79 59 57
is_linear=0
shrinkage=0.03


Tree=209
num_leaves=10
num_cat=0
split_feature=0 0 3 3 0 2 4 1 4
split_gain=0.417203 0.420574 0.251109 0.483859 0.494017 0.412941 0.268254 0.200325 0.289286
threshold=0.027950000000000003 0.13100000000000003 0.18280000000000005 0.044550000000000006 0.42035000000000006 1.0000000180025095e-35 0.1024 0.033950000000000008 0.024850000000000004
decision_type=2 2 2 2 2 2 2 2 2
left_child=-1 -2 3 5 -5 7 -6 -3 -9
right_child=1 2 -4 4 6 -7 -8 8 -10
leaf_value=-0.00058900940830408839 0.00063078630288457228 0.00068039264454320401 0.0006752406897352081 -0.0026330535304057929 0.0041638525900243549 0.0037687945522028297 -0.00045738061568272091 -0.0041259071410067573 4.8689848757929032e-05
leaf_weight=21 28 26 23 20 21 21 24 21 24
leaf_count=21 28 26 23 20 21 21 24 21 24
internal_value=0 0.000865385 0.000333333 -9.55414e-05 -0.00207692 0.00130435 -0.000333333 0.000211268 -0.001
internal_weight=0 208 180 157 65 92 45 71 45
internal_count=229 208 180 157 65 92 45 71 45
is_linear=0
shrinkage=0.03


Tree=210
num_leaves=9
num_cat=0
split_feature=3 3 3 0 4 1 1 4
split_gain=0.417203 0.803241 0.381972 0.475043 0.27381 1.36742 0.400549 0.228571
threshold=0.31860000000000005 0.22055000000000002 0.13455000000000003 0.18435000000000004 0.052500000000000012 0.10685000000000001 0.063900000000000012 0.012450000000000001
decision_type=2 2 2 2 2 2 2 2
left_child=1 2 3 -1 6 -6 7 -5
right_child=-2 -3 -4 4 5 -7 -8 -9
leaf_value=0.00011268582506135272 -0.0025033598536748024 0.00083012647143198225 -0.0030599755020543221 9.8136525784400241e-05 -0.0018713398995250296 0.0022345516994241453 -0.0001576753807175013 0.0040310501641709923
leaf_weight=28 21 21 21 21 32 22 39 24
leaf_count=28 21 21 21 21 32 22 39 24
internal_value=0 0.000865385 0.000240642 0.000722892 0 -0.00166667 0.00107143 0.003
internal_weight=0 208 187 166 138 54 84 45
internal_count=229 208 187 166 138 54 84 45
is_linear=0
shrinkage=0.03


Tree=211
num_leaves=9
num_cat=0
split_feature=3 3 1 3 4 3 1 0
split_gain=0.390519 0.84543 0.359087 0.513124 0.438356 0.323421 0.17114 0.169338
threshold=0.31860000000000005 0.22055000000000002 0.26130000000000003 0.022050000000000004 0.052500000000000012 0.11275000000000002 0.04080000000000001 0.67320000000000013
decision_type=2 2 2 2 2 2 2 2
left_child=1 2 4 -4 6 7 -1 -6
right_child=-2 -3 3 -5 5 -7 -8 -9
leaf_value=0.0015723298826745169 -0.0024282590580645583 0.00080522267728901922 0.00011534062385842231 -0.00015294511929598187 -0.0001361165681044607 0.00030083211394525688 -0.0024951465796787795 -0.0042680962873104245
leaf_weight=36 21 21 20 21 21 32 37 20
leaf_count=36 21 21 20 21 21 32 37 20
internal_value=0 0.000721154 8.02139e-05 0.00256098 -0.000616438 -0.00226027 0.0010274 -0.00402439
internal_weight=0 208 187 41 146 73 73 41
internal_count=229 208 187 41 146 73 73 41
is_linear=0
shrinkage=0.03


Tree=212
num_leaves=9
num_cat=0
split_feature=0 0 0 1 0 3 0 3
split_gain=0.417203 0.521247 0.332245 0.675953 0.492917 0.36836 0.334259 0.228488
threshold=0.027950000000000003 0.36165000000000008 0.6966500000000001 0.11500000000000002 0.73990000000000011 0.035050000000000005 0.91580000000000006 0.23725000000000004
decision_type=2 2 2 2 2 2 2 2
left_child=-1 7 3 -3 -4 6 -6 -2
right_child=1 2 4 -5 5 -7 -8 -9
leaf_value=-0.00057063620376367218 5.5231442210657009e-05 -0.0022054344880982233 0.0028235615335613319 0.00031270258375535985 0.0051716507014626491 -0.0046866303138768028 -0.00024384551184880143 0.00060592299458152137
leaf_weight=21 36 23 21 28 24 21 30 25
leaf_count=21 36 23 21 28 24 21 30 25
internal_value=0 0.000865385 -0.000102041 -0.00205882 0.0009375 -0.0002 0.00111111 0.00319672
internal_weight=0 208 147 51 96 75 54 61
internal_count=229 208 147 51 96 75 54 61
is_linear=0
shrinkage=0.03


Tree=213
num_leaves=9
num_cat=0
split_feature=4 1 0 4 1 4 3 0
split_gain=0.40021 0.332149 0.394462 0.624464 0.494158 0.222342 0.832035 0.265941
threshold=0.47910000000000003 0.44870000000000004 0.23015000000000005 0.24220000000000003 0.18615000000000001 0.052500000000000012 0.11670000000000001 0.89395000000000013
decision_type=2 2 2 2 2 2 2 2
left_child=1 2 -1 4 5 7 -7 -4
right_child=-2 -3 3 -5 -6 6 -8 -9
leaf_value=-0.0014921799944799796 0.00037556549373821802 0.00012560363321441947 0.0049939862297009221 0.00092887402668912823 -0.0015636720161703321 -0.00063061246979657644 0.00052967710199706248 -5.3261636452370804e-05
leaf_weight=29 27 21 31 21 23 22 20 35
leaf_count=29 27 21 31 21 23 22 20 35
internal_value=0 0 -0.000414365 0.000197368 -0.000572519 0.000277778 -0.00142857 0.00136364
internal_weight=0 202 181 152 131 108 42 66
internal_count=229 202 181 152 131 108 42 66
is_linear=0
shrinkage=0.03


Tree=214
num_leaves=9
num_cat=0
split_feature=3 3 3 0 4 1 0 1
split_gain=0.444768 0.762131 0.463636 0.633854 0.382659 0.237564 0.27974 0.103455
threshold=0.31860000000000005 0.22055000000000002 0.042250000000000003 0.78655000000000019 0.044950000000000011 0.035550000000000005 0.38355000000000006 0.046600000000000009
decision_type=2 2 2 2 2 2 2 2
left_child=1 2 3 4 -1 -4 -7 -5
right_child=-2 -3 5 7 -6 6 -8 -9
leaf_value=4.3643541824698317e-05 -0.0023288235763256671 0.00063251070457847388 0.00071900247712040704 -5.4963942746590885e-05 9.7063623431152814e-05 -0.0010891673947081681 -4.6951662324485883e-05 0.0040662432250471014
leaf_weight=20 21 21 26 39 23 26 33 20
leaf_count=20 21 21 26 39 23 26 33 20
internal_value=0 0.00100962 0.00040107 0.00176471 0.00453488 -0.00123529 -0.00228814 -0.000254237
internal_weight=0 208 187 102 43 85 59 59
internal_count=229 208 187 102 43 85 59 59
is_linear=0
shrinkage=0.03


Tree=215
num_leaves=9
num_cat=0
split_feature=4 1 1 4 3 3 4 0
split_gain=0.370226 0.542595 0.504558 0.425171 0.567868 0.403658 0.2625 0.259174
threshold=0.47910000000000003 0.12140000000000002 0.063900000000000012 0.052500000000000012 0.11670000000000001 0.018400000000000003 0.021800000000000003 0.27480000000000004
decision_type=2 2 2 2 2 2 2 2
left_child=1 2 3 6 -5 -3 -1 -7
right_child=-2 5 -4 4 -6 7 -8 -9
leaf_value=4.2848985928300993e-06 0.00043181068349922968 0.00032358322573230677 -0.0014085948512105773 -0.0029959372483372771 9.1797089734340078e-05 -0.00036259795497568749 0.0039442559282956875 0.003337806523186878
leaf_weight=28 27 32 24 20 31 23 20 24
leaf_count=28 27 32 24 20 31 23 20 24
internal_value=0 0.000148515 -0.00109756 -0.000151515 -0.00205882 0.00208861 0.001875 0.000319149
internal_weight=0 202 123 99 51 79 48 47
internal_count=229 202 123 99 51 79 48 47
is_linear=0
shrinkage=0.03


Tree=216
num_leaves=9
num_cat=0
split_feature=0 0 0 3 4 1 3 0
split_gain=0.473215 0.464877 0.34401 0.260631 0.494176 0.311912 0.15227 0.134732
threshold=0.027950000000000003 0.37620000000000003 0.23015000000000005 0.019650000000000004 0.018350000000000002 0.076250000000000012 0.17515000000000003 0.73990000000000011
decision_type=2 2 2 2 2 2 2 2
left_child=-1 2 6 4 -3 7 -2 -5
right_child=1 3 -4 5 -6 -7 -8 -9
leaf_value=-0.00046519875732584727 0.00010502965337748859 -0.0013370291848753357 0.00077555582640000391 -0.00032632197817600181 0.0012004063181517254 0.0030444665001841597 3.3568173333918536e-05 -0.0033129613546254676
leaf_weight=21 21 34 21 30 31 27 22 22
leaf_count=21 21 34 21 30 31 27 22 22
internal_value=0 0.00115385 0.00328125 0.000208333 0.00161538 -0.000949367 0.00174419 -0.00230769
internal_weight=0 208 64 144 65 79 43 52
internal_count=229 208 64 144 65 79 43 52
is_linear=0
shrinkage=0.03


Tree=217
num_leaves=9
num_cat=0
split_feature=1 1 3 3 0 1 3 1
split_gain=0.313725 0.498297 0.555647 0.604591 0.3573 0.392433 0.247408 0.541422
threshold=0.0010500000000000002 0.010200000000000002 0.25465000000000004 0.031000000000000003 0.61930000000000007 0.099950000000000011 0.13455000000000003 0.11080000000000002
decision_type=2 2 2 2 2 2 2 2
left_child=-1 -2 3 4 -3 -6 7 -5
right_child=1 2 -4 6 5 -7 -8 -9
leaf_value=-0.005837301445153889 0.0012332361136757597 9.7298359073524077e-05 0.00062340627689037474 -0.00055913297203423191 0.0015767401459293982 -0.0012295203864560776 -0.00355342934168846 0.0020369182764141069
leaf_weight=20 24 26 21 34 29 22 23 30
leaf_count=20 24 26 21 34 29 22 23 30
internal_value=0 0.000933014 0.000405405 -0.000182927 0.00175325 0.000294118 -0.00189655 -0.0009375
internal_weight=0 209 185 164 77 51 87 64
internal_count=229 209 185 164 77 51 87 64
is_linear=0
shrinkage=0.03


Tree=218
num_leaves=9
num_cat=0
split_feature=3 1 0 4 3 1 1 0
split_gain=0.366013 0.584231 0.506403 0.382659 0.379423 0.75894 0.691063 0.129221
threshold=0.042250000000000003 0.0046500000000000005 0.78655000000000019 0.044950000000000011 0.11275000000000002 0.11080000000000002 0.055250000000000007 0.94825000000000015
decision_type=2 2 2 2 2 2 2 2
left_child=2 -2 3 -1 5 -3 -6 -4
right_child=1 4 7 -5 6 -7 -8 -9
leaf_value=1.9970637040447324e-05 0.00059355681446749938 -0.0021512466897998239 -0.00023531153294213068 9.8959813003958168e-05 -0.0019997611363540349 0.00074917440894967319 0.00094201945268661768 6.1569911440266799e-05
leaf_weight=20 22 23 38 23 30 21 31 21
leaf_count=20 22 23 38 23 30 21 31 21
internal_value=0 -0.000354331 0.00205882 0.00453488 -0.00128571 -0.00340909 0.000245902 0.000254237
internal_weight=0 127 102 43 105 44 61 59
internal_count=229 127 102 43 105 44 61 59
is_linear=0
shrinkage=0.03


Tree=219
num_leaves=10
num_cat=0
split_feature=3 1 3 1 3 1 4 4 0
split_gain=0.395285 0.598977 0.402583 0.709272 0.388229 0.466994 0.287415 0.230567 0.144188
threshold=0.035050000000000005 0.0046500000000000005 0.0023500000000000001 0.048800000000000003 0.052500000000000012 0.055250000000000007 0.041900000000000007 0.20675000000000002 0.27480000000000004
decision_type=2 2 2 2 2 2 2 2 2
left_child=2 -2 -1 -4 -3 7 -5 -6 -7
right_child=1 4 3 6 5 8 -8 -9 -10
leaf_value=-0.0021934830491088107 0.00057575011003347136 -0.0030056948818854142 -0.00022825218695386783 0.00048799565544241916 -0.00011728587252652466 0.00026653229015530521 9.5991018613841286e-05 -0.0022214291811440347 0.00086901681915967587
leaf_weight=24 22 21 20 28 23 26 21 21 23
leaf_count=24 22 21 20 28 23 26 21 21 23
internal_value=0 -0.000441176 0.00209677 0.00326087 -0.00131579 -0.000483871 0.00520408 -0.00272727 0.00153061
internal_weight=0 136 93 69 114 93 49 44 49
internal_count=229 136 93 69 114 93 49 44 49
is_linear=0
shrinkage=0.03


Tree=220
num_leaves=9
num_cat=0
split_feature=4 3 0 0 4 4 1 4
split_gain=0.370226 0.401912 0.690359 0.533711 0.367368 0.309466 0.244141 0.143946
threshold=0.47910000000000003 0.042250000000000003 0.27480000000000004 0.53380000000000016 0.039900000000000012 0.091450000000000017 0.018850000000000002 0.021800000000000003
decision_type=2 2 2 2 2 2 2 2
left_child=1 4 -3 -4 6 -5 -1 -8
right_child=-2 2 3 5 -6 -7 7 -9
leaf_value=0.00064804668467013829 0.00034812557936554465 -0.0017322745631882966 0.00084294631458488702 0.00055906606005110763 9.3111288055427449e-05 -0.00082057775370557361 5.6648592100034811e-05 -0.0011527026623115687
leaf_weight=20 27 30 31 21 33 20 25 22
leaf_count=20 27 30 31 21 33 20 25 22
internal_value=0 0.000148515 -0.00117647 0.000416667 0.0015 -0.00182927 0.000223881 -0.000957447
internal_weight=0 202 102 72 100 41 67 47
internal_count=229 202 102 72 100 41 67 47
is_linear=0
shrinkage=0.03


Tree=221
num_leaves=9
num_cat=0
split_feature=1 3 4 3 4 4 1 0
split_gain=0.40455 0.419048 0.273125 0.838964 0.685087 0.935086 0.160266 0.0671312
threshold=0.26130000000000003 0.022050000000000004 0.052500000000000012 0.11275000000000002 0.40630000000000005 0.20675000000000002 0.04080000000000001 0.67320000000000013
decision_type=2 2 2 2 2 2 2 2
left_child=2 -2 6 7 5 -5 -1 -4
right_child=1 -3 3 4 -6 -7 -8 -9
leaf_value=0.0013714102705742093 6.4227922803109785e-05 -0.0001485358526007069 -1.4761044032558512e-05 0.0023978820517856435 0.0020607667917174502 -0.0021028180688140645 -0.0023286032690978597 -0.0040721693361774076
leaf_weight=38 20 22 21 20 28 23 37 20
leaf_count=38 20 22 21 20 28 23 37 20
internal_value=0 0.00285714 -0.00040107 -0.00133929 0.000633803 -0.00174419 0.001 -0.0047561
internal_weight=0 42 187 112 71 43 75 41
internal_count=229 42 187 112 71 43 75 41
is_linear=0
shrinkage=0.03


Tree=222
num_leaves=9
num_cat=0
split_feature=0 3 3 4 4 1 4 0
split_gain=0.417203 0.492861 0.690826 0.7 0.28661 0.349931 0.400758 0.136112
threshold=0.027950000000000003 0.23725000000000004 0.019650000000000004 0.018350000000000002 0.37555000000000005 0.076250000000000012 0.17430000000000004 0.73990000000000011
decision_type=2 2 2 2 2 2 2 2
left_child=-1 2 3 -2 5 7 -7 -4
right_child=1 -3 4 -5 -6 6 -8 -9
leaf_value=-0.00049041047565501867 -0.00047054856200820614 0.00048562238228133214 -0.00016108642529313099 0.00065291050099518071 -0.00084007026824236045 -0.0011721431804075976 0.00078026941272931632 -0.0032312117341801593
leaf_weight=21 35 31 21 35 20 24 20 22
leaf_count=21 35 31 21 35 20 24 20 22
internal_value=0 0.000865385 0.000254237 0.00257143 -0.00126168 -0.000517241 0.00136364 -0.00244186
internal_weight=0 208 177 70 107 87 44 43
internal_count=229 208 177 70 107 87 44 43
is_linear=0
shrinkage=0.03


Tree=223
num_leaves=10
num_cat=0
split_feature=1 3 4 1 4 0 1 4 0
split_gain=0.361196 0.593647 0.658837 0.672525 0.523272 0.401133 0.669934 0.163124 0.0522648
threshold=0.0010500000000000002 0.042250000000000003 0.044950000000000011 0.04080000000000001 0.42755000000000004 0.27480000000000004 0.076250000000000012 0.12835000000000002 0.78655000000000019
decision_type=2 2 2 2 2 2 2 2 2
left_child=-1 2 3 -2 5 -3 7 -7 -5
right_child=1 4 -4 8 -6 6 -8 -9 -10
leaf_value=-0.0057495711695083303 0.0040375791467139877 -0.0020273988230939733 0.00010077553543739181 4.9914357182956335e-06 0.0014443039706019233 -0.0052439919534809504 0.0023520103125587145 -0.00023215605114775161 -0.0048994910190103443
leaf_weight=20 27 21 29 20 26 20 24 21 21
leaf_count=20 27 21 29 20 26 20 24 21 21
internal_value=0 0.0012201 0.00293814 0.00132353 -0.000267857 -0.00139535 -0.000230769 -0.00256098 -0.00109756
internal_weight=0 209 97 68 112 86 65 41 41
internal_count=229 209 97 68 112 86 65 41 41
is_linear=0
shrinkage=0.03


Tree=224
num_leaves=9
num_cat=0
split_feature=3 3 3 4 3 0 1 3
split_gain=0.417203 0.803241 0.391364 0.553956 0.832657 0.569801 0.549129 0.527267
threshold=0.31860000000000005 0.22055000000000002 0.014050000000000002 0.039900000000000012 0.042250000000000003 0.27480000000000004 0.076250000000000012 0.0023500000000000001
decision_type=2 2 2 2 2 2 2 2
left_child=1 2 7 -4 -5 -6 -7 -1
right_child=-2 -3 3 4 5 6 -8 -9
leaf_value=-0.0022233998109251751 -0.0019934802335252631 0.00067112514199645481 -0.002609539427306122 7.3799177040681502e-05 -0.00079953786560626441 -0.0013393276064844761 0.0048944214572744669 0.00065334337746463021
leaf_weight=24 21 21 26 22 24 34 20 37
leaf_count=24 21 21 26 22 24 34 20 37
internal_value=0 0.000865385 0.000240642 -0.000714286 0.0003 -0.00115385 0.000555556 0.00221311
internal_weight=0 208 187 126 100 78 54 61
internal_count=229 208 187 126 100 78 54 61
is_linear=0
shrinkage=0.03


Tree=225
num_leaves=9
num_cat=0
split_feature=0 3 3 4 2 3 1 4
split_gain=0.444768 0.45296 0.398766 0.270619 0.287501 0.335258 0.497787 0.269414
threshold=0.027950000000000003 0.23725000000000004 0.13455000000000003 0.018350000000000002 0.00065000000000000008 0.066950000000000023 0.21895000000000001 0.0087500000000000026
decision_type=2 2 2 2 2 2 2 2
left_child=-1 2 3 7 5 6 -5 -2
right_child=1 -3 -4 4 -6 -7 -8 -9
leaf_value=-0.00039089006072436121 0.0025558920622020852 0.00062340709163824721 -0.0033473940729030136 0.0036827870483738812 -0.00050384929086946752 -7.1882893577073217e-05 1.3684937227620431e-05 -0.0021780764629084712
leaf_weight=21 20 31 23 34 20 32 25 23
leaf_count=21 20 31 23 34 20 32 25 23
internal_value=0 0.00100962 0.000423729 0.000974026 0.00175676 0.00247253 0.00381356 -0.00104651
internal_weight=0 208 177 154 111 91 59 43
internal_count=229 208 177 154 111 91 59 43
is_linear=0
shrinkage=0.03


Tree=226
num_leaves=9
num_cat=0
split_feature=3 3 4 0 3 3 3 1
split_gain=0.315758 0.576135 0.410695 0.188088 0.343785 0.180042 0.515572 0.292557
threshold=0.31860000000000005 0.22055000000000002 0.38120000000000004 0.18435000000000004 0.11425 0.014050000000000002 0.0059500000000000013 0.11080000000000002
decision_type=2 2 2 2 2 2 2 2
left_child=1 2 3 -1 5 6 -5 -7
right_child=-2 -3 -4 4 -6 7 -8 -9
leaf_value=7.6915258230082775e-05 -0.0019523780392686524 0.00063228917498741601 -0.00029916405122421886 -0.0010725329062110478 0.00089450282488391154 -0.00043393100284293772 0.0020458506695706126 0.00044115180957731369
leaf_weight=20 21 21 22 32 23 39 22 29
leaf_count=20 21 21 22 32 23 39 22 29
internal_value=0 0.000288462 -0.000240642 0.000272727 -0.000103448 -0.000737705 0.000555556 -0.00176471
internal_weight=0 208 187 165 145 122 54 68
internal_count=229 208 187 165 145 122 54 68
is_linear=0
shrinkage=0.03


Tree=227
num_leaves=9
num_cat=0
split_feature=0 0 1 0 1 1 4 1
split_gain=0.277364 0.551471 0.72208 0.571667 0.471545 0.686842 0.389118 0.263336
threshold=0.36165000000000008 0.6966500000000001 0.11500000000000002 0.73990000000000011 0.26130000000000003 0.10685000000000001 0.032200000000000006 0.036650000000000009
decision_type=2 2 2 2 2 2 2 2
left_child=4 2 -2 -3 5 -1 7 -5
right_child=1 3 -4 6 -6 -7 -8 -9
leaf_value=0.00045168537836035163 -0.0021330516217742935 0.0029965488772266458 0.00038673769358839923 -0.00025380924643902513 0.00022019434535011455 -0.00055773669401078642 -0.0057778290123127705 0.0044130262089779881
leaf_weight=38 23 21 28 28 24 20 24 23
leaf_count=38 23 21 28 28 24 20 24 23
internal_value=0 -0.000714286 -0.00323529 0.000625 0.00146341 0 -0.0006 0.000882353
internal_weight=0 147 51 96 82 58 75 51
internal_count=229 147 51 96 82 58 75 51
is_linear=0
shrinkage=0.03


Tree=228
num_leaves=9
num_cat=0
split_feature=0 0 3 4 1 0 3 0
split_gain=0.364717 0.82149 0.656034 0.621019 0.345745 0.354255 0.415544 0.448018
threshold=0.027950000000000003 0.13100000000000003 0.18280000000000005 0.20675000000000002 0.18615000000000001 0.73990000000000011 0.035050000000000005 0.91580000000000006
decision_type=2 2 2 2 2 2 2 2
left_child=-1 -2 3 4 5 -3 7 -7
right_child=1 2 -4 -5 -6 6 -8 -9
leaf_value=-0.00035345633654557975 0.00058678071232135312 0.0032989382678236855 0.00051136912517369738 -0.0010453669332912796 -0.00023039387927237254 0.0051736785615232074 -0.0043006093829834934 -0.00024619496904585423
leaf_weight=21 28 20 23 27 36 23 21 30
leaf_count=21 28 20 23 27 36 23 21 30
internal_value=0 0.000576923 -0.000166667 -0.000859873 0 0.000957447 0 0.00141509
internal_weight=0 208 180 157 130 94 74 53
internal_count=229 208 180 157 130 94 74 53
is_linear=0
shrinkage=0.03


Tree=229
num_leaves=8
num_cat=0
split_feature=3 3 0 4 1 1 0
split_gain=0.32533 0.359971 0.528302 0.267859 1.26633 0.349792 0.384127
threshold=0.23725000000000004 0.13455000000000003 0.14980000000000002 0.052500000000000012 0.10685000000000001 0.18615000000000001 0.89395000000000013
decision_type=2 2 2 2 2 2 2
left_child=1 2 -1 5 -5 6 -4
right_child=-2 -3 3 4 -6 -7 -8
leaf_value=0.00010575442957471703 0.00028648057036077422 -0.0030412257958203535 0.0050315681071027791 -0.0011711867978180779 0.001042219211510349 -0.00020830763252050133 -7.1705293655850428e-05
leaf_weight=25 39 24 28 33 23 22 35
leaf_count=25 39 24 28 33 23 22 35
internal_value=0 -0.000315789 0.000180723 -0.000531915 -0.00214286 0.000529412 0.00166667
internal_weight=0 190 166 141 56 85 63
internal_count=229 190 166 141 56 85 63
is_linear=0
shrinkage=0.03


Tree=230
num_leaves=9
num_cat=0
split_feature=0 0 0 1 3 0 3 0
split_gain=0.320102 0.494888 0.396208 0.483376 0.38173 0.259286 0.36836 0.334259
threshold=0.36165000000000008 0.027950000000000003 0.6966500000000001 0.11500000000000002 0.20715000000000003 0.73990000000000011 0.035050000000000005 0.91580000000000006
decision_type=2 2 2 2 2 2 2 2
left_child=1 -1 3 -2 -3 -4 7 -7
right_child=2 4 5 -5 -6 6 -8 -9
leaf_value=-0.00034602527933645433 -0.0021328926172212294 3.8594511572040131e-05 0.0029198134562636335 0.00038829660813454402 0.00058277917851125793 0.004497548693068525 -0.0041694399426843234 -0.00023665796116480563
leaf_weight=21 23 32 21 28 29 24 21 30
leaf_count=21 23 32 21 28 29 24 21 30
internal_value=0 0.00182927 -0.000510204 -0.00264706 0.00319672 0.000625 -0.0002 0.00111111
internal_weight=0 82 147 51 61 96 75 54
internal_count=229 82 147 51 61 96 75 54
is_linear=0
shrinkage=0.03


Tree=231
num_leaves=9
num_cat=0
split_feature=0 1 4 0 0 4 1 0
split_gain=0.29091 0.460041 0.673797 0.28125 0.317202 0.389118 0.263336 0.259259
threshold=0.37620000000000003 0.22480000000000003 0.40630000000000005 0.6966500000000001 0.73990000000000011 0.032200000000000006 0.036650000000000009 0.53380000000000016
decision_type=2 2 2 2 2 2 2 2
left_child=1 2 -1 7 -5 6 -6 -2
right_child=3 -3 -4 4 5 -7 -8 -9
leaf_value=-0.00089193619816380738 -5.8191114674213117e-05 0.00011296255506756947 0.00075748746083371618 0.0028322190525757263 -0.000229558222329862 -0.0056059960843361486 0.0039926497638805665 -0.0016605079569450832
leaf_weight=22 27 29 34 21 28 24 23 21
leaf_count=22 27 29 34 21 28 24 23 21
internal_value=0 0.00158824 0 -0.000625 0.0003125 -0.0006 0.000882353 -0.0025
internal_weight=0 85 56 144 96 75 51 48
internal_count=229 85 56 144 96 75 51 48
is_linear=0
shrinkage=0.03


Tree=232
num_leaves=9
num_cat=0
split_feature=1 4 3 0 4 3 3 3
split_gain=0.362957 0.645624 0.276923 0.271372 0.564226 0.406349 0.268531 0.184096
threshold=0.048800000000000003 0.16300000000000003 0.044550000000000006 0.6966500000000001 0.036200000000000003 0.27420000000000005 0.008550000000000002 0.11965000000000002
decision_type=2 2 2 2 2 2 2 2
left_child=3 2 6 5 -5 -1 -2 -3
right_child=1 7 -4 4 -6 -7 -8 -9
leaf_value=-0.0026360533566329213 -0.00017170661949882814 0.00010957367841554321 -0.0025188385121150711 -0.00052275406367459755 0.0022936962746906843 8.6797144907566621e-05 0.0017353290608643922 4.557117420145584e-05
leaf_weight=24 22 27 20 36 25 21 30 24
leaf_count=24 22 27 20 36 25 21 30 24
internal_value=0 0.00182927 0 -0.000566038 0.000737705 -0.00233333 0.00115385 0.00441176
internal_weight=0 123 72 106 61 45 52 51
internal_count=229 123 72 106 61 45 52 51
is_linear=0
shrinkage=0.03


Tree=233
num_leaves=9
num_cat=0
split_feature=0 0 1 1 4 0 0 0
split_gain=0.436409 0.610084 0.280994 0.551453 0.710219 0.295163 0.249169 0.136112
threshold=0.37620000000000003 0.027950000000000003 0.18615000000000001 0.076250000000000012 0.052500000000000012 0.91580000000000006 0.23015000000000005 0.097850000000000006
decision_type=2 2 2 2 2 2 2 2
left_child=1 -1 3 4 5 -2 7 -3
right_child=2 6 -4 -5 -6 -7 -8 -9
leaf_value=-0.00031217364536391347 0.0032448264165495086 0.00036912506500150015 -0.0003506771432340194 0.004273193545558023 -0.0019503524876738076 -3.988502743110356e-05 0.00041357193423126933 1.0276886776670601e-05
leaf_weight=21 22 22 30 25 38 29 21 21
leaf_count=21 22 22 30 25 38 29 21 21
internal_value=0 0.00229412 -0.000416667 0.000263158 -0.000842697 0.00147059 0.00375 0.00244186
internal_weight=0 85 144 114 89 51 64 43
internal_count=229 85 144 114 89 51 64 43
is_linear=0
shrinkage=0.03


Tree=234
num_leaves=10
num_cat=0
split_feature=0 0 0 0 3 0 0 0 0
split_gain=0.436409 0.610084 0.347222 0.259286 0.36836 0.334259 0.259259 0.249169 0.136112
threshold=0.37620000000000003 0.027950000000000003 0.6966500000000001 0.73990000000000011 0.035050000000000005 0.91580000000000006 0.53380000000000016 0.23015000000000005 0.097850000000000006
decision_type=2 2 2 2 2 2 2 2 2
left_child=1 -1 6 -4 5 -5 -2 8 -3
right_child=2 7 3 4 -6 -7 -8 -9 -10
leaf_value=-0.00030280843600299646 -4.0773868351995368e-05 0.00035805131305145592 0.0027629239938804372 0.004091112470527767 -0.0041191321683201471 -0.00020579230292679717 -0.001595021205354743 0.00040116477620433022 9.9685801733701006e-06
leaf_weight=21 27 22 21 24 21 30 21 21 21
leaf_count=21 27 22 21 24 21 30 21 21 21
internal_value=0 0.00229412 -0.000416667 0.000625 -0.0002 0.00111111 -0.0025 0.00375 0.00244186
internal_weight=0 85 144 96 75 54 48 64 43
internal_count=229 85 144 96 75 54 48 64 43
is_linear=0
shrinkage=0.03


Tree=235
num_leaves=8
num_cat=0
split_feature=0 0 0 0 3 4 1
split_gain=0.320102 0.494888 0.280845 0.268416 0.234739 0.535593 0.231121
threshold=0.36165000000000008 0.027950000000000003 0.61050000000000015 0.13100000000000003 0.052500000000000012 0.032200000000000006 0.048800000000000003
decision_type=2 2 2 2 2 2 2
left_child=1 -1 -2 -3 5 6 -4
right_child=2 3 4 -5 -6 -7 -8
leaf_value=-0.00029372418292290646 -0.00040779409694175151 0.00053097872480673512 -3.2514707520374665e-05 6.4411700255240231e-06 0.0012778547644115234 -0.0059862978504450076 0.0026800362740640304
leaf_weight=21 39 28 33 33 29 25 21
leaf_count=21 39 28 33 33 29 25 21
internal_value=0 0.00182927 -0.000510204 0.00319672 0.000277778 -0.00056962 0.00111111
internal_weight=0 82 147 61 108 79 54
internal_count=229 82 147 61 108 79 54
is_linear=0
shrinkage=0.03


Tree=236
num_leaves=9
num_cat=0
split_feature=4 1 0 0 0 0 0 1
split_gain=0.370226 0.386824 1.01399 0.805594 0.480107 0.393939 0.128858 0.443519
threshold=0.47910000000000003 0.23025000000000004 0.30040000000000006 0.51245000000000007 0.71840000000000004 0.31710000000000005 0.89395000000000013 0.051450000000000003
decision_type=2 2 2 2 2 2 2 2
left_child=1 2 -1 -4 -5 -3 7 -6
right_child=-2 5 3 4 6 -7 -8 -9
leaf_value=-0.0019347991569965033 0.00019732958663658596 0.00015983389259440373 0.006404956296329283 -0.00048327474296341318 0.0027022821250674367 9.0287157663271325e-05 -0.00019864309261339309 -0.0050168899113715399
leaf_weight=24 27 22 20 25 23 26 36 26
leaf_count=24 27 22 20 25 23 26 36 26
internal_value=0 0.000148515 -0.000584416 0.000461538 -0.000545455 0.0025 0.000529412 0.00153061
internal_weight=0 202 154 130 110 48 85 49
internal_count=229 202 154 130 110 48 85 49
is_linear=0
shrinkage=0.03


Tree=237
num_leaves=9
num_cat=0
split_feature=3 3 3 3 3 4 4 0
split_gain=0.390519 1.00156 0.402002 0.644546 0.231927 0.329247 0.182107 0.13876
threshold=0.31860000000000005 0.18280000000000005 0.019650000000000004 0.008550000000000002 0.052500000000000012 0.1024 0.012450000000000001 0.37620000000000003
decision_type=2 2 2 2 2 2 2 2
left_child=1 2 3 6 -4 -6 -1 -7
right_child=-2 -3 4 -5 5 7 -8 -9
leaf_value=0.0018710908004001857 -0.0019053482009342292 0.00055494417539075024 -0.00054609147109852874 0.00047657176286652333 0.0044272231331286263 -6.4859582403272714e-05 -0.00084887112395579665 -0.00046877650067450816
leaf_weight=20 21 27 38 30 20 24 26 23
leaf_count=20 21 27 38 30 20 24 26 23
internal_value=0 0.000721154 -8.28729e-05 0.00157895 -0.00128571 -0.000223881 -0.000652174 -0.00159574
internal_weight=0 208 181 76 105 67 46 47
internal_count=229 208 181 76 105 67 46 47
is_linear=0
shrinkage=0.03


Tree=238
num_leaves=8
num_cat=0
split_feature=3 3 0 0 2 4 1
split_gain=0.444768 0.897224 0.409397 0.302959 0.246969 0.310931 0.524351
threshold=0.31860000000000005 0.18280000000000005 0.18435000000000004 0.45270000000000005 1.0000000180025095e-35 0.052500000000000012 0.033950000000000008
decision_type=2 2 2 2 2 2 2
left_child=1 2 -1 -4 5 6 -5
right_child=-2 -3 3 4 -6 -7 -8
leaf_value=0.00014401051252562911 -0.0018481877549062021 0.00053829585012902907 -0.0022475886680912963 0.0019988937583248489 0.0025443360101863807 -0.00043369908703055345 -0.0010948552682988888
leaf_weight=31 21 27 28 27 27 30 38
leaf_count=31 21 27 28 27 27 30 38
internal_value=0 0.00100962 0.000248619 -0.0004 0.000245902 -0.000473684 0.000692308
internal_weight=0 208 181 150 122 95 65
internal_count=229 208 181 150 122 95 65
is_linear=0
shrinkage=0.03


Tree=239
num_leaves=9
num_cat=0
split_feature=3 3 3 0 1 4 1 1
split_gain=0.417203 0.803241 0.381972 0.475043 0.38764 0.599257 0.333333 0.22749
threshold=0.31860000000000005 0.22055000000000002 0.13455000000000003 0.18435000000000004 0.12140000000000002 0.052500000000000012 0.28480000000000005 0.029650000000000006
decision_type=2 2 2 2 2 2 2 2
left_child=1 2 3 -1 5 7 -6 -5
right_child=-2 -3 -4 4 6 -7 -8 -9
leaf_value=0.00014322621981534278 -0.0017927421222590162 0.00052214697462515947 -0.0027803578200238507 0.0013558136798400432 0.0028733578946282634 -0.00082554080023202359 -0.00034904048658146892 -0.0013612259278042882
leaf_weight=28 21 21 21 27 28 36 21 26
leaf_count=28 21 21 21 27 28 36 21 26
internal_value=0 0.000865385 0.000240642 0.000722892 0 -0.00117978 0.00214286 0.000849057
internal_weight=0 208 187 166 138 89 49 53
internal_count=229 208 187 166 138 89 49 53
is_linear=0
shrinkage=0.03


Tree=240
num_leaves=11
num_cat=0
split_feature=1 3 4 3 3 1 4 4 1 1
split_gain=0.567444 0.512208 0.475314 0.427357 0.53101 0.9 0.875986 0.712826 0.288889 0.634921
threshold=0.0010500000000000002 0.018400000000000003 0.039900000000000012 0.042250000000000003 0.11275000000000002 0.10685000000000001 0.40630000000000005 0.20365000000000003 0.23025000000000004 0.04080000000000001
decision_type=2 2 2 2 2 2 2 2 2 2
left_child=-1 8 -3 -4 5 -5 7 -6 9 -2
right_child=1 2 3 4 6 -7 -8 -9 -10 -11
leaf_value=-0.0053198920840843598 0.003831416038640849 -0.0043571291421671196 0.0001389294332208829 -0.0016310349337438079 0.00080959420936746289 0.0018333208115153493 0.0022696203778898361 -0.0017389598585912454 0.00035712590110740014 -0.0051030487698380655
leaf_weight=20 24 20 20 20 22 20 21 21 20 21
leaf_count=20 24 20 20 20 22 20 21 21 20 21
internal_value=0 0.000789474 -0.000208333 0.000483871 -0.000288462 -0.003 0.00140625 -0.00104651 0.003 0.00166667
internal_weight=0 209 144 124 104 40 64 43 65 45
internal_count=229 209 144 124 104 40 64 43 65 45
is_linear=0
shrinkage=0.03


Tree=241
num_leaves=10
num_cat=0
split_feature=0 0 0 1 4 2 0 0 0
split_gain=0.473215 0.692308 0.249169 0.189753 0.97507 0.437502 0.72393 0.230567 0.136112
threshold=0.027950000000000003 0.37620000000000003 0.23015000000000005 0.031800000000000009 0.052500000000000012 1.0000000180025095e-35 0.67320000000000013 0.80525000000000013 0.097850000000000006
decision_type=2 2 2 2 2 2 2 2 2
left_child=-1 2 8 4 -3 6 -5 -8 -2
right_child=1 3 -4 5 -6 -7 7 -9 -10
leaf_value=-0.00028853942156891659 0.00043017796607884709 0.00051333280586778767 0.00040898661880642837 0.00060761727417412141 -0.0077916135819780935 0.0026619341708100609 -0.0019469364758318863 -0.0004731349991525979 4.581613358249026e-05
leaf_weight=21 22 30 21 24 21 25 21 23 21
leaf_count=21 22 30 21 24 21 25 21 23 21
internal_value=0 0.00115385 0.00375 0 -0.00147059 0.000806452 -0.000441176 -0.00272727 0.00244186
internal_weight=0 208 64 144 51 93 68 44 43
internal_count=229 208 64 144 51 93 68 44 43
is_linear=0
shrinkage=0.03


Tree=242
num_leaves=9
num_cat=0
split_feature=1 3 3 1 4 4 1 0
split_gain=0.386185 0.490702 0.741267 0.501465 0.434718 0.306596 0.301549 0.207495
threshold=0.0010500000000000002 0.035050000000000005 0.052500000000000012 0.055250000000000007 0.037600000000000008 0.014350000000000002 0.14375000000000002 0.36165000000000008
decision_type=2 2 2 2 2 2 2 2
left_child=-1 4 -3 7 5 -2 -5 -4
right_child=1 2 3 6 -6 -7 -8 -9
leaf_value=-0.0051621020295203913 0.002535133085552066 -0.0027413338623567718 0.00016062287031821221 0.0010701895088422741 0.00015991933152453868 -0.00062143173507565484 0.00025218341759967148 -0.00082383853743237976
leaf_weight=20 27 21 20 23 30 31 26 31
leaf_count=20 27 21 20 23 30 31 26 31
internal_value=0 0.00136364 0.000123967 0.0012 0.00306818 0.00155172 0.00336735 -0.000882353
internal_weight=0 209 121 100 88 58 49 51
internal_count=229 209 121 100 88 58 49 51
is_linear=0
shrinkage=0.03


Tree=243
num_leaves=9
num_cat=0
split_feature=0 0 3 3 0 4 4 3
split_gain=0.444768 0.679502 0.251109 0.483859 0.494017 0.436898 0.268254 0.197199
threshold=0.027950000000000003 0.13100000000000003 0.18280000000000005 0.044550000000000006 0.42035000000000006 0.018350000000000002 0.1024 0.019650000000000004
decision_type=2 2 2 2 2 2 2 2
left_child=-1 -2 3 5 -5 -3 -6 -7
right_child=1 2 -4 4 6 7 -8 -9
leaf_value=-0.00028744874144983891 0.00063621994346577506 -0.00060278878302339129 0.00035637321373521046 -0.00209446692982555 0.0028112958370637296 0.00067341273748159117 -0.00032888744984321924 2.4118389612870495e-05
leaf_weight=21 28 37 23 20 21 34 24 21
leaf_count=21 28 37 23 20 21 34 24 21
internal_value=0 0.00100962 0.000333333 -9.55414e-05 -0.00207692 0.00130435 -0.000333333 0.003
internal_weight=0 208 180 157 65 92 45 55
internal_count=229 208 180 157 65 92 45 55
is_linear=0
shrinkage=0.03


Tree=244
num_leaves=9
num_cat=0
split_feature=3 3 3 0 3 1 3 4
split_gain=0.502544 0.798627 0.364376 0.555975 0.246616 0.245982 0.284553 0.235714
threshold=0.31860000000000005 0.18280000000000005 0.042250000000000003 0.43025000000000008 0.008550000000000002 0.085150000000000017 0.093600000000000017 0.030100000000000005
decision_type=2 2 2 2 2 2 2 2
left_child=1 2 3 -1 -5 6 -4 -6
right_child=-2 -3 5 4 7 -7 -8 -9
leaf_value=8.1962222169760235e-05 -0.0017236016862293934 0.00059102076117234276 -0.0001146894785794264 -0.0014993640799812846 0.0023939676503236316 0.00022986725820925202 -0.0011419917301775538 -0.00014144938192732769
leaf_weight=23 21 27 20 37 20 38 21 22
leaf_count=23 21 27 20 37 20 38 21 22
internal_value=0 0.00129808 0.00058011 0.00176471 0.00056962 -0.000949367 -0.00256098 0.00214286
internal_weight=0 208 181 102 79 79 41 42
internal_count=229 208 181 102 79 79 41 42
is_linear=0
shrinkage=0.03


Tree=245
num_leaves=9
num_cat=0
split_feature=1 4 3 3 3 0 3 1
split_gain=0.440636 0.296589 0.469444 0.333606 0.235849 0.623489 0.504205 0.1
threshold=0.048800000000000003 0.16300000000000003 0.022050000000000004 0.11965000000000002 0.082900000000000015 0.91580000000000006 0.18280000000000005 0.22480000000000003
decision_type=2 2 2 2 2 2 2 2
left_child=4 2 7 -3 5 -1 -6 -2
right_child=1 3 -4 -5 6 -7 -8 -9
leaf_value=0.0025908085869006834 0.0013245788191536278 0.0001412487258385081 -0.0011399533922276761 4.4888679086461103e-05 -0.0023758111144025883 -0.00045742337104560439 0.0002641682678259505 0.0001574506039950063
leaf_weight=23 20 27 32 24 22 30 31 20
leaf_count=23 20 27 32 24 22 30 31 20
internal_value=0 0.00207317 0.000833333 0.00382353 -0.000566038 0.000849057 -0.00198113 0.003
internal_weight=0 123 72 51 106 53 53 40
internal_count=229 123 72 51 106 53 53 40
is_linear=0
shrinkage=0.03


Tree=246
num_leaves=9
num_cat=0
split_feature=0 0 3 3 0 2 4 4
split_gain=0.417203 0.725336 0.280515 0.395033 0.494017 0.489028 0.291136 0.268254
threshold=0.027950000000000003 0.13100000000000003 0.18280000000000005 0.044550000000000006 0.42035000000000006 1.0000000180025095e-35 0.018350000000000002 0.1024
decision_type=2 2 2 2 2 2 2 2
left_child=-1 -2 3 5 -5 6 -3 -6
right_child=1 2 -4 4 7 -7 -8 -9
leaf_value=-0.00028995875872777662 0.00060071431733435402 -0.0023833910959562441 0.0003200263464532038 -0.0019624093334957159 0.0027542595459723704 0.0026430660592964548 7.4179314890374662e-05 -0.00021737176988550599
leaf_weight=21 28 33 23 20 21 21 38 24
leaf_count=21 28 33 23 20 21 21 38 24
internal_value=0 0.000865385 0.000166667 -0.000286624 -0.00207692 0.000978261 -0.000211268 -0.000333333
internal_weight=0 208 180 157 65 92 71 45
internal_count=229 208 180 157 65 92 71 45
is_linear=0
shrinkage=0.03


Tree=247
num_leaves=9
num_cat=0
split_feature=1 4 3 3 3 0 3 1
split_gain=0.362957 0.385003 0.359188 0.333606 0.235849 0.623489 0.504205 0.201923
threshold=0.048800000000000003 0.16300000000000003 0.044550000000000006 0.11965000000000002 0.082900000000000015 0.91580000000000006 0.18280000000000005 0.23025000000000004
decision_type=2 2 2 2 2 2 2 2
left_child=4 2 7 -3 5 -1 -6 -2
right_child=1 3 -4 -5 6 -7 -8 -9
leaf_value=0.0025196054823902348 0.0012440827739662109 0.00014571002682518708 -0.0023378508150831887 2.9730908757055194e-05 -0.0022456645009656414 -0.00044759579436434157 0.00024664242939757217 0.0001505017064284453
leaf_weight=23 28 27 20 24 22 30 31 24
leaf_count=23 28 27 20 24 22 30 31 24
internal_value=0 0.00182927 0.000416667 0.00382353 -0.000566038 0.000849057 -0.00198113 0.00173077
internal_weight=0 123 72 51 106 53 53 52
internal_count=229 123 72 51 106 53 53 52
is_linear=0
shrinkage=0.03


Tree=248
num_leaves=8
num_cat=0
split_feature=1 4 0 0 4 3 0
split_gain=0.422327 0.684225 0.877193 0.649275 0.57481 0.37037 0.311954
threshold=0.22480000000000003 0.47910000000000003 0.30040000000000006 0.53380000000000016 0.052500000000000012 0.028950000000000004 0.89395000000000013
decision_type=2 2 2 2 2 2 2
left_child=1 2 -1 -4 6 -2 -5
right_child=5 -3 3 4 -6 -7 -8
leaf_value=-0.00166493404235945 0.00017847223140393193 0.00064244125244128478 0.00063905800821252633 0.0030660140803342073 -0.00018886038882597432 -0.00015674586354674278 -0.00015967028520783355
leaf_weight=24 30 23 23 32 38 24 35
leaf_count=24 30 23 23 32 38 24 35
internal_value=0 -0.000257143 -0.000986842 0 -0.001 0.00277778 0.000671642
internal_weight=0 175 152 128 105 54 67
internal_count=229 175 152 128 105 54 67
is_linear=0
shrinkage=0.03


Tree=249
num_leaves=10
num_cat=0
split_feature=1 4 4 1 1 3 3 1 0
split_gain=0.467147 0.532153 0.469091 0.197978 0.292012 0.189754 0.418605 0.557381 0.142012
threshold=0.048800000000000003 0.24220000000000003 0.12835000000000002 0.14630000000000001 0.32200000000000001 0.004850000000000001 0.11670000000000001 0.020100000000000003 0.34820000000000007
decision_type=2 2 2 2 2 2 2 2 2
left_child=5 2 3 -2 -5 -1 7 -7 -8
right_child=1 -3 -4 4 -6 6 8 -9 -10
leaf_value=0.0023758533313549754 0.0035879947923505595 0.00050005540119409716 -0.00021187415318103751 -0.0023217585812125296 0.00013562485415744119 -0.00042937781197717624 -0.00114759502755931 -0.00012111473904903525 0.00028385454293130549
leaf_weight=20 24 35 21 23 20 20 20 23 23
leaf_count=20 24 35 21 23 20 20 20 23 23
internal_value=0 0.00158537 0.000340909 0.00156716 0.000348837 -0.00113208 -0.00174419 -0.00383721 0.000348837
internal_weight=0 123 88 67 43 106 86 43 43
internal_count=229 123 88 67 43 106 86 43 43
is_linear=0
shrinkage=0.03


Tree=250
num_leaves=8
num_cat=0
split_feature=1 4 3 3 0 4 4
split_gain=0.634148 0.456736 0.358098 0.232928 0.544248 0.321111 0.219608
threshold=0.048800000000000003 0.21895000000000003 0.031000000000000003 0.039500000000000007 0.6966500000000001 0.40630000000000005 0.039900000000000012
decision_type=2 2 2 2 2 2 2
left_child=3 2 6 -1 5 -5 -2
right_child=1 -3 -4 4 -6 -7 -8
leaf_value=-0.00061706578530187797 3.8210751879317326e-05 0.00012098289704249142 -0.00033415152197323827 -0.0080652205958033837 0.0020693871579806067 5.0656104298385515e-06 0.00014066616417801825
leaf_weight=39 30 39 33 20 22 25 21
leaf_count=39 30 39 33 20 22 25 21
internal_value=0 0.00231707 0.00107143 -0.000849057 0.000223881 -0.00166667 0.00264706
internal_weight=0 123 84 106 67 45 51
internal_count=229 123 84 106 67 45 51
is_linear=0
shrinkage=0.03


Tree=251
num_leaves=8
num_cat=0
split_feature=3 3 1 3 1 3 0
split_gain=0.532755 0.75148 0.383234 0.350294 0.163402 0.579615 0.523982
threshold=0.31860000000000005 0.18280000000000005 0.12140000000000002 0.022050000000000004 0.063900000000000012 0.082900000000000015 0.91580000000000006
decision_type=2 2 2 2 2 2 2
left_child=1 2 4 -4 5 6 -1
right_child=-2 -3 3 -5 -6 -7 -8
leaf_value=0.0032488085934460685 -0.0016608367804741618 0.00052364787111479848 0.0001364461792526761 7.3646521207282323e-06 -0.0013625291343761013 -0.0021786383766602469 -0.00039798450405880591
leaf_weight=29 21 27 37 39 22 24 30
leaf_count=29 21 27 37 39 22 24 30
internal_value=0 0.00144231 0.000745856 0.00236842 -0.000428571 0.000180723 0.00177966
internal_weight=0 208 181 76 105 83 59
internal_count=229 208 181 76 105 83 59
is_linear=0
shrinkage=0.03


Tree=252
num_leaves=10
num_cat=0
split_feature=0 0 0 4 3 3 4 4 1
split_gain=0.473215 0.635165 0.437871 0.711849 0.252187 0.303288 0.20979 0.4 0.1
threshold=0.027950000000000003 0.13100000000000003 0.30040000000000006 0.12835000000000002 0.014050000000000002 0.0023500000000000001 0.039900000000000012 0.068550000000000014 0.039200000000000006
decision_type=2 2 2 2 2 2 2 2 2
left_child=-1 -2 -3 4 5 -4 -6 -8 -5
right_child=1 2 3 8 6 -7 7 -9 -10
leaf_value=-0.0002717781954916948 0.00056751418874565081 -9.2550615686438627e-05 -0.0022669146808546549 0.00057001940136530813 -0.0024106571115471297 0.0011925348127735224 0.0014115232327527693 -0.00099584543200976648 0.00083773337884742837
leaf_weight=21 28 21 20 20 26 33 20 20 20
leaf_count=21 28 21 20 20 26 33 20 20 20
internal_value=0 0.00115385 0.0005 0.00103774 -0.00012605 0.00141509 -0.00136364 0 0.0045
internal_weight=0 208 180 159 119 53 66 40 40
internal_count=229 208 180 159 119 53 66 40 40
is_linear=0
shrinkage=0.03


Tree=253
num_leaves=9
num_cat=0
split_feature=1 3 4 1 0 4 1 4
split_gain=0.269597 0.351173 0.523498 0.381349 0.343332 0.923077 0.710821 0.45873
threshold=0.0010500000000000002 0.014050000000000002 0.039900000000000012 0.04080000000000001 0.30040000000000006 0.40630000000000005 0.076250000000000012 0.12835000000000002
decision_type=2 2 2 2 2 2 2 2
left_child=-1 3 -3 -2 5 -4 7 -6
right_child=1 2 4 -5 6 -7 -8 -9
leaf_value=-0.0047649596829544656 0.0056303002446239292 -0.0040529764402016345 -0.00057058351077756699 2.9443009329757072e-05 -0.00083510400747945025 0.0015472915894778492 0.0026483479746478578 0.00055291881932434731
leaf_weight=20 20 27 27 36 21 25 29 24
leaf_count=20 20 27 27 36 21 25 29 24
internal_value=0 0.000645933 -9.80392e-05 0.00267857 0.000714286 -0.00115385 0.00202703 -0.000333333
internal_weight=0 209 153 56 126 52 74 45
internal_count=229 209 153 56 126 52 74 45
is_linear=0
shrinkage=0.03


Tree=254
num_leaves=9
num_cat=0
split_feature=3 3 0 0 4 1 3 3
split_gain=0.417203 0.948675 0.413428 0.571549 0.26325 0.363636 0.272945 0.339939
threshold=0.31860000000000005 0.18280000000000005 0.13100000000000003 0.45270000000000005 0.052500000000000012 0.039200000000000006 0.008550000000000002 0.019650000000000004
decision_type=2 2 2 2 2 2 2 2
left_child=1 2 -1 -4 6 -6 -5 -8
right_child=-2 -3 3 4 5 -7 7 -9
leaf_value=0.00010544993791989282 -0.0016109195973989794 0.00046789794176333333 -0.00055346600545424065 -0.001517169061505168 -0.0042685535334481871 0.001688929945017582 0.0018889560286474061 0.00021853296207920535
leaf_weight=24 21 27 35 35 22 22 20 23
leaf_count=24 21 27 35 35 22 22 20 23
internal_value=0 0.000865385 8.28729e-05 -0.000477707 0.000491803 -0.00136364 0.00153846 0.00313953
internal_weight=0 208 181 157 122 44 78 43
internal_count=229 208 181 157 122 44 78 43
is_linear=0
shrinkage=0.03


Tree=255
num_leaves=10
num_cat=0
split_feature=3 3 4 4 1 3 3 4 3
split_gain=0.364717 0.507747 0.481996 0.230321 0.243768 0.154716 0.495501 0.373967 0.625
threshold=0.31860000000000005 0.22055000000000002 0.38120000000000004 0.22530000000000003 0.016450000000000003 0.014050000000000002 0.0059500000000000013 0.063300000000000009 0.066950000000000023
decision_type=2 2 2 2 2 2 2 2 2
left_child=1 2 3 4 -1 6 -6 -7 -9
right_child=-2 -3 -4 -5 5 7 -8 8 -10
leaf_value=0.00021197697321682972 -0.0015625920094770101 0.00059072762947299899 -0.00017600843784835353 0.00038931905612359818 -0.0021447063097192218 -0.0016480590318598586 0.0018792856605462037 0.0026019375704652448 -0.00046449962722121095
leaf_weight=27 21 21 22 21 23 34 20 20 20
leaf_count=27 21 21 22 21 23 34 20 20 20
internal_value=0 0.000576923 8.02139e-05 0.000636364 0.000208333 -0.000384615 0.00104651 -0.00121622 0.00075
internal_weight=0 208 187 165 144 117 43 74 40
internal_count=229 208 187 165 144 117 43 74 40
is_linear=0
shrinkage=0.03


Tree=256
num_leaves=9
num_cat=0
split_feature=0 3 4 0 1 1 0 4
split_gain=0.364717 0.319651 0.526613 0.226947 0.229192 0.174133 0.419422 0.289286
threshold=0.027950000000000003 0.23725000000000004 0.37555000000000005 0.35520000000000002 0.016450000000000003 0.11500000000000002 0.81950000000000012 0.041900000000000007
decision_type=2 2 2 2 2 2 2 2
left_child=-1 2 3 -2 -5 6 -6 -7
right_child=1 -3 -4 4 5 7 -8 -9
leaf_value=-0.00034180236444836975 0.00028380922883101343 0.00042650252197820593 -0.00049332953490850901 0.00020561766402032777 -0.00080976030325362932 -0.00023271989567114293 0.00089576237012816806 0.0025477962664040388
leaf_weight=21 21 31 20 29 30 24 32 21
leaf_count=21 21 31 20 29 30 24 32 21
internal_value=0 0.000576923 8.47458e-05 0.00066879 0.000220588 -0.000420561 -0.00145161 0.001
internal_weight=0 208 177 157 136 107 62 45
internal_count=229 208 177 157 136 107 62 45
is_linear=0
shrinkage=0.03


Tree=257
num_leaves=9
num_cat=0
split_feature=0 3 3 3 3 1 3 1
split_gain=0.364717 0.319651 0.328768 0.142311 0.701606 0.293715 0.605934 0.16464
threshold=0.027950000000000003 0.23725000000000004 0.13455000000000003 0.035050000000000005 0.052500000000000012 0.18615000000000001 0.0059500000000000013 0.061650000000000003
decision_type=2 2 2 2 2 2 2 2
left_child=-1 2 3 5 -5 6 -2 -6
right_child=1 -3 -4 4 7 -7 -8 -9
leaf_value=-0.00033154829351491889 -0.0022944020068793856 0.00041370744631886059 -0.0028323431311701353 -0.0027998079021864753 8.5243541300760166e-05 -6.4152032354285461e-05 0.00084792963927194265 0.0025564574349721393
leaf_weight=21 27 31 23 21 26 30 29 21
leaf_count=21 27 31 23 21 26 30 29 21
internal_value=0 0.000576923 8.47458e-05 0.000584416 -0.000441176 0.00139535 0.00267857 0.00159574
internal_weight=0 208 177 154 68 86 56 47
internal_count=229 208 177 154 68 86 56 47
is_linear=0
shrinkage=0.03


Tree=258
num_leaves=8
num_cat=0
split_feature=0 0 3 0 2 1 3
split_gain=0.364717 0.82149 0.344209 0.508743 0.246969 0.422286 0.285714
threshold=0.027950000000000003 0.13100000000000003 0.18280000000000005 0.45270000000000005 1.0000000180025095e-35 0.033950000000000008 0.025900000000000003
decision_type=2 2 2 2 2 2 2
left_child=-1 -2 3 -3 5 -5 -7
right_child=1 2 -4 4 -6 6 -8
leaf_value=-0.00032160184470947205 0.00062033296772449063 -0.00047208557990414789 0.00040129622292929486 0.0008224917500937811 0.0021450606106609136 -0.0021606263828093694 0.00048120112473754473
leaf_weight=21 28 35 23 39 27 28 28
leaf_count=21 28 35 23 39 27 28 28
internal_value=0 0.000576923 -0.000166667 -0.00066879 0.000245902 -0.000473684 -0.00214286
internal_weight=0 208 180 157 122 95 56
internal_count=229 208 180 157 122 95 56
is_linear=0
shrinkage=0.03


Tree=259
num_leaves=9
num_cat=0
split_feature=0 0 3 0 2 3 1 4
split_gain=0.339797 0.87181 0.378498 0.449591 0.221818 0.343253 0.522324 0.174948
threshold=0.027950000000000003 0.13100000000000003 0.18280000000000005 0.45270000000000005 0.00030000000000000008 0.025900000000000003 0.04080000000000001 0.091450000000000017
decision_type=2 2 2 2 2 2 2 2
left_child=-1 -2 3 -3 5 6 -5 -7
right_child=1 2 -4 4 -6 7 -8 -9
leaf_value=-0.00031195378936818785 0.0006017229786927544 -0.00045792301250702216 0.00038925733624141644 0.00014933649241874569 0.0021512140257488065 0.006558178396018674 -0.0047680487762328735 -8.8708717549936805e-05
leaf_weight=21 28 35 23 29 22 25 25 21
leaf_count=21 28 35 23 29 22 25 25 21
internal_value=0 0.000432692 -0.000333333 -0.000859873 0 -0.0006 -0.00222222 0.00130435
internal_weight=0 208 180 157 122 100 54 46
internal_count=229 208 180 157 122 100 54 46
is_linear=0
shrinkage=0.03


Tree=260
num_leaves=9
num_cat=0
split_feature=0 0 0 4 0 0 4 1
split_gain=0.364717 0.494505 0.336927 0.551272 0.446326 0.471589 0.389118 0.263336
threshold=0.027950000000000003 0.13100000000000003 0.30040000000000006 0.24220000000000003 0.61050000000000015 0.73990000000000011 0.032200000000000006 0.036650000000000009
decision_type=2 2 2 2 2 2 2 2
left_child=-1 -2 -3 4 -4 -6 7 -7
right_child=1 2 3 -5 5 6 -8 -9
leaf_value=-0.00030259517568714144 0.00058367128933197484 -0.00012905943711125856 -0.00060553349778817982 0.00064905937379604816 0.00070953775973137676 -0.0003182153822386291 -0.005288617257305216 0.0034171127973853153
leaf_weight=21 28 21 31 21 32 28 24 23
leaf_count=21 28 21 31 21 32 28 24 23
internal_value=0 0.000576923 0 0.000471698 -0.000217391 0.000700935 -0.0006 0.000882353
internal_weight=0 208 180 159 138 107 75 51
internal_count=229 208 180 159 138 107 75 51
is_linear=0
shrinkage=0.03


Tree=261
num_leaves=9
num_cat=0
split_feature=0 0 0 4 1 3 0 4
split_gain=0.390519 0.456792 0.369108 0.332892 0.689883 0.918315 0.571732 0.286416
threshold=0.027950000000000003 0.13100000000000003 0.30040000000000006 0.041900000000000007 0.11080000000000002 0.11670000000000001 0.7895000000000002 0.018350000000000002
decision_type=2 2 2 2 2 2 2 2
left_child=-1 -2 -3 6 5 -5 -4 -8
right_child=1 2 3 4 -6 -7 7 -9
leaf_value=-0.000293517320416527 0.00056616115065201693 -0.00012518765399792018 -0.0018848848406075635 -0.00031853180333329511 0.0029502056393342821 0.00053665089603288304 -0.00030866892077146657 0.0020546694544625052
leaf_weight=21 28 21 21 29 24 32 32 21
leaf_count=21 28 21 21 29 24 32 32 21
internal_value=0 0.000721154 0.000166667 0.000660377 0.00194118 0.000245902 -0.000810811 0.000849057
internal_weight=0 208 180 159 85 61 74 53
internal_count=229 208 180 159 85 61 74 53
is_linear=0
shrinkage=0.03


Tree=262
num_leaves=8
num_cat=0
split_feature=3 4 3 4 4 3 1
split_gain=0.450552 0.772669 0.639498 0.40771 0.908205 0.267857 0.0581899
threshold=0.028950000000000004 0.037600000000000008 0.052500000000000012 0.20365000000000003 0.40630000000000005 0.0066500000000000005 0.039200000000000006
decision_type=2 2 2 2 2 2 2
left_child=1 5 -2 6 -5 -1 -4
right_child=2 -3 3 4 -6 -7 -8
leaf_value=0.0014706812358133248 -0.00066537692272796269 0.00031274718344232344 0.0002163872773358466 -0.00043655790939853501 0.0006395361082967121 -0.00090637512430518535 0.0020044421928766807
leaf_weight=32 27 27 22 35 37 28 21
leaf_count=32 27 27 22 35 37 28 21
internal_value=0 0.00189655 -0.00084507 0.000130435 -0.00125 0 0.00244186
internal_weight=0 87 142 115 72 60 43
internal_count=229 87 142 115 72 60 43
is_linear=0
shrinkage=0.03


Tree=263
num_leaves=9
num_cat=0
split_feature=0 0 0 4 0 0 3 3
split_gain=0.473215 0.352625 0.474453 0.382827 0.196616 0.314081 0.460952 0.424242
threshold=0.027950000000000003 0.13100000000000003 0.30040000000000006 0.24220000000000003 0.61050000000000015 0.73990000000000011 0.035050000000000005 0.0096500000000000023
decision_type=2 2 2 2 2 2 2 2
left_child=-1 -2 -3 4 -4 -6 7 -7
right_child=1 2 3 -5 5 6 -8 -9
leaf_value=-0.00030389788405293158 0.00053489206675637162 -0.00014061810762688309 -0.00051085963995447072 0.00059430198245228217 0.00069200413007947548 -0.0022147690143042185 -0.0041621334748272254 0.00083933468563786469
leaf_weight=21 28 21 31 21 32 33 21 21
leaf_count=21 28 21 31 21 32 33 21 21
internal_value=0 0.00115385 0.000666667 0.00122642 0.000652174 0.00126168 0.0002 0.00166667
internal_weight=0 208 180 159 138 107 75 54
internal_count=229 208 180 159 138 107 75 54
is_linear=0
shrinkage=0.03


Tree=264
num_leaves=8
num_cat=0
split_feature=1 0 3 0 2 1 3
split_gain=0.292601 0.304843 0.364284 0.303177 0.246613 0.412923 0.295566
threshold=0.44870000000000004 0.053050000000000007 0.18280000000000005 0.42035000000000006 1.0000000180025095e-35 0.033950000000000008 0.025900000000000003
decision_type=2 2 2 2 2 2 2
left_child=1 -1 3 -3 5 -5 -7
right_child=-2 2 -4 4 -6 6 -8
leaf_value=-0.0016150272245543844 0.00012356414332247655 -0.00010895273285271511 0.00032929230632995795 0.00081415464506872758 0.0019235488031879955 -0.0020207724001206073 0.00038984689368685266
leaf_weight=21 21 28 35 39 27 28 30
leaf_count=21 21 28 35 39 27 28 30
internal_value=0 -0.000144231 0.000240642 -0.000394737 0.000241935 -0.000463918 -0.00206897
internal_weight=0 208 187 152 124 97 58
internal_count=229 208 187 152 124 97 58
is_linear=0
shrinkage=0.03


Tree=265
num_leaves=9
num_cat=0
split_feature=0 3 3 1 4 3 1 0
split_gain=0.417203 0.257395 0.398766 0.433227 0.382669 0.343972 0.393748 0.650328
threshold=0.027950000000000003 0.23725000000000004 0.13455000000000003 0.17295000000000002 0.041900000000000007 0.082900000000000015 0.063900000000000012 0.91580000000000006
decision_type=2 2 2 2 2 2 2 2
left_child=-1 2 3 5 -5 6 7 -2
right_child=1 -3 -4 4 -6 -7 -8 -9
leaf_value=-0.00024633013079471242 0.0031865414031505826 0.0003194135371400597 -0.0027565076277635903 -0.00020954084725468558 0.00085408635179239577 -0.00019036643121468354 -0.00057528050898482007 -0.000338463191712155
leaf_weight=21 28 31 23 20 31 21 24 30
leaf_count=21 28 31 23 20 31 21 24 30
internal_value=0 0.000865385 0.000423729 0.000974026 0.00323529 -0.000145631 0.000731707 0.00206897
internal_weight=0 208 177 154 51 103 82 58
internal_count=229 208 177 154 51 103 82 58
is_linear=0
shrinkage=0.03


Tree=266
num_leaves=9
num_cat=0
split_feature=1 3 4 2 1 3 0 3
split_gain=0.567444 0.744969 0.470744 0.303918 0.486779 0.634631 0.625 0.194829
threshold=0.0010500000000000002 0.014050000000000002 0.039900000000000012 0.00045000000000000004 0.11080000000000002 0.11670000000000001 0.27480000000000004 0.0059500000000000013
decision_type=2 2 2 2 2 2 2 2
left_child=-1 7 -3 4 5 -4 -6 -2
right_child=1 2 3 -5 6 -7 -8 -9
leaf_value=-0.0045237670520817744 0.0004040578316087906 -0.0040559831169980362 -0.00018465543827824504 -7.6701818261362689e-05 -1.4546282315545527e-05 0.00037865574242932129 0.0069923137580940554 0.00082846376123862692
leaf_weight=20 33 27 25 22 20 39 20 23
leaf_count=20 33 27 25 22 20 39 20 23
internal_value=0 0.000789474 -0.000294118 0.00047619 0.00115385 -0.00046875 0.00375 0.00375
internal_weight=0 209 153 126 104 64 40 56
internal_count=229 209 153 126 104 64 40 56
is_linear=0
shrinkage=0.03


Tree=267
num_leaves=10
num_cat=0
split_feature=0 0 0 4 0 0 4 3 1
split_gain=0.364717 0.250061 0.369108 0.506289 0.308036 0.492917 0.494216 0.17507 0.0952381
threshold=0.027950000000000003 0.13100000000000003 0.30040000000000006 0.24220000000000003 0.6966500000000001 0.73990000000000011 0.032200000000000006 0.0096500000000000023 0.25150000000000006
decision_type=2 2 2 2 2 2 2 2 2
left_child=-1 -2 -3 4 8 -6 7 -7 -4
right_child=1 2 3 -5 5 6 -8 -9 -10
leaf_value=-0.00025029989914375104 0.00055624559798199858 -0.00016829389826794215 -0.00072943690241965558 0.00063792971034884352 0.0017725471515456757 -0.00057270367773230022 -0.0049962508397819747 0.00077502998863087313 -0.00017802299717137427
leaf_weight=21 28 21 21 21 21 30 24 21 21
leaf_count=21 28 21 21 21 21 30 24 21 21
internal_value=0 0.000576923 0.000166667 0.000660377 0 0.0009375 -0.0002 0.00147059 -0.00214286
internal_weight=0 208 180 159 138 96 75 51 42
internal_count=229 208 180 159 138 96 75 51 42
is_linear=0
shrinkage=0.03


Tree=268
num_leaves=9
num_cat=0
split_feature=0 3 2 4 3 4 1 0
split_gain=0.390519 0.287681 0.342551 0.316165 0.39939 0.567022 0.295419 0.1
threshold=0.027950000000000003 0.23725000000000004 0.00065000000000000008 0.018350000000000002 0.066950000000000023 0.27155000000000001 0.18615000000000001 0.9406000000000001
decision_type=2 2 2 2 2 2 2 2
left_child=-1 2 3 7 6 -6 -5 -2
right_child=1 -3 -4 4 5 -7 -8 -9
leaf_value=-0.00024279090216943798 -0.0041124918169108769 0.00031718100252173584 -0.00012007011798017552 0.0031594600029209194 -0.00049595009155678385 0.00024658209169651666 9.6995545996456654e-05 -0.00022988070210976151
leaf_weight=21 20 31 25 31 30 23 28 20
leaf_count=21 20 31 25 31 30 23 28 20
internal_value=0 0.000721154 0.000254237 0.000789474 0.00160714 -0.000283019 0.00330508 -0.0015
internal_weight=0 208 177 152 112 53 59 40
internal_count=229 208 177 152 112 53 59 40
is_linear=0
shrinkage=0.03


Tree=269
num_leaves=10
num_cat=0
split_feature=0 3 4 1 1 4 4 3 3
split_gain=0.339797 0.362683 0.424518 0.410684 0.253667 0.153549 0.292012 0.230476 0.1
threshold=0.027950000000000003 0.18280000000000005 0.077550000000000022 0.20785000000000001 0.03815000000000001 0.018350000000000002 0.010200000000000002 0.014050000000000002 0.2829000000000001
decision_type=2 2 2 2 2 2 2 2 2
left_child=-1 2 5 4 -4 6 -2 -7 -3
right_child=1 8 3 -5 -6 7 -8 -9 -10
leaf_value=-0.00023550717510435469 0.00096834078699903348 0.00034366465979973057 -0.00013732890282164374 0.0011958217094947853 -0.00021741368692956842 0.00080604067193671628 -0.0028012063112859264 8.4148038802194227e-05 9.0508706982244389e-05
leaf_weight=21 23 20 22 20 23 25 20 35 20
leaf_count=21 23 20 22 20 23 25 20 35 20
internal_value=0 0.000432692 -0.000178571 -0.00207692 -0.00366667 0.00101942 -0.000348837 0.002 0.003
internal_weight=0 208 168 65 45 103 43 60 40
internal_count=229 208 168 65 45 103 43 60 40
is_linear=0
shrinkage=0.03


Tree=270
num_leaves=9
num_cat=0
split_feature=3 3 3 3 2 4 0 0
split_gain=0.339797 0.719162 0.396722 0.472604 0.397727 0.287712 0.299828 0.286122
threshold=0.31860000000000005 0.18280000000000005 0.014050000000000002 0.0059500000000000013 0.00045000000000000004 0.37555000000000005 0.53380000000000016 0.72205000000000008
decision_type=2 2 2 2 2 2 2 2
left_child=1 2 3 -1 5 6 -4 -8
right_child=-2 -3 4 -5 -6 -7 7 -9
leaf_value=-7.5578640080515839e-05 -0.0016164365454294138 0.00044749384392577028 0.00211658413875911 0.00081228557557622367 -0.00069742928119977728 -0.0002539090143228828 -0.00021089127632168303 6.1508902051519155e-05
leaf_weight=37 21 27 23 24 21 21 21 34
leaf_count=37 21 27 23 24 21 21 21 34
internal_value=0 0.000432692 -0.000248619 0.00172131 -0.00125 -0.000454545 0.000384615 -0.000818182
internal_weight=0 208 181 61 120 99 78 55
internal_count=229 208 181 61 120 99 78 55
is_linear=0
shrinkage=0.03


Tree=271
num_leaves=10
num_cat=0
split_feature=0 3 4 1 1 4 4 3 3
split_gain=0.339797 0.362683 0.424518 0.410684 0.253667 0.153549 0.292012 0.230476 0.1
threshold=0.027950000000000003 0.18280000000000005 0.077550000000000022 0.20785000000000001 0.03815000000000001 0.018350000000000002 0.010200000000000002 0.014050000000000002 0.2829000000000001
decision_type=2 2 2 2 2 2 2 2 2
left_child=-1 2 5 4 -4 6 -2 -7 -3
right_child=1 8 3 -5 -6 7 -8 -9 -10
leaf_value=-0.0002418667751689979 0.00094155792259148269 0.00031992990468796668 -0.00013032303405292932 0.0010964495340471691 -0.00020456453803203265 0.00075749088451132257 -0.0027169590758769099 7.9778330576574233e-05 0.00013628654213565988
leaf_weight=21 23 20 22 20 23 25 20 35 20
leaf_count=21 23 20 22 20 23 25 20 35 20
internal_value=0 0.000432692 -0.000178571 -0.00207692 -0.00366667 0.00101942 -0.000348837 0.002 0.003
internal_weight=0 208 168 65 45 103 43 60 40
internal_count=229 208 168 65 45 103 43 60 40
is_linear=0
shrinkage=0.03


Tree=272
num_leaves=10
num_cat=0
split_feature=0 3 4 1 1 4 4 3 3
split_gain=0.339797 0.362683 0.424518 0.410684 0.253667 0.153549 0.292012 0.230476 0.1
threshold=0.027950000000000003 0.18280000000000005 0.077550000000000022 0.20785000000000001 0.03815000000000001 0.018350000000000002 0.010200000000000002 0.014050000000000002 0.2829000000000001
decision_type=2 2 2 2 2 2 2 2 2
left_child=-1 2 5 4 -4 6 -2 -7 -3
right_child=1 8 3 -5 -6 7 -8 -9 -10
leaf_value=-0.00023461077191392731 0.00091331118491374316 0.00031033200754732867 -0.00012641334303134354 0.0010635560480257566 -0.00019842760189107354 0.00073476615797598123 -0.0026354503036006035 7.7384980659283003e-05 0.00013219794587158938
leaf_weight=21 23 20 22 20 23 25 20 35 20
leaf_count=21 23 20 22 20 23 25 20 35 20
internal_value=0 0.000432692 -0.000178571 -0.00207692 -0.00366667 0.00101942 -0.000348837 0.002 0.003
internal_weight=0 208 168 65 45 103 43 60 40
internal_count=229 208 168 65 45 103 43 60 40
is_linear=0
shrinkage=0.03


Tree=273
num_leaves=9
num_cat=0
split_feature=0 3 4 0 1 4 0 3
split_gain=0.292601 0.425664 0.416282 0.325438 0.174582 0.221645 0.245389 0.163124
threshold=0.027950000000000003 0.23725000000000004 0.37555000000000005 0.35520000000000002 0.18615000000000001 0.077550000000000022 0.89395000000000013 0.035050000000000005
decision_type=2 2 2 2 2 2 2 2
left_child=-1 2 3 -2 5 6 7 -5
right_child=1 -3 -4 4 -6 -7 -8 -9
leaf_value=-0.00022757244875650894 7.5012286035820442e-05 0.0002650229599672582 -0.00055515256510824389 0.0040814132868424325 -0.00017650477584762124 -0.00012907316298879645 -0.00014487346116411447 0.001832225688768565
leaf_weight=21 21 31 20 20 31 28 36 21
leaf_count=21 21 31 20 20 31 28 36 21
internal_value=0 0.000144231 -0.000423729 9.55414e-05 -0.000441176 0.000142857 0.000974026 0.00256098
internal_weight=0 208 177 157 136 105 77 41
internal_count=229 208 177 157 136 105 77 41
is_linear=0
shrinkage=0.03


Tree=274
num_leaves=9
num_cat=0
split_feature=0 3 4 0 1 4 0 3
split_gain=0.292601 0.425664 0.416282 0.325438 0.174582 0.221645 0.245389 0.163124
threshold=0.027950000000000003 0.23725000000000004 0.37555000000000005 0.35520000000000002 0.18615000000000001 0.077550000000000022 0.89395000000000013 0.035050000000000005
decision_type=2 2 2 2 2 2 2 2
left_child=-1 2 3 -2 5 6 7 -5
right_child=1 -3 -4 4 -6 -7 -8 -9
leaf_value=-0.00022074527529381438 7.2761917454746685e-05 0.00025707227116824162 -0.00053849798815499585 0.0039589708882371635 -0.00017120963257219568 -0.00012520096809913171 -0.00014052725732919492 0.0017772589181055131
leaf_weight=21 21 31 20 20 31 28 36 21
leaf_count=21 21 31 20 20 31 28 36 21
internal_value=0 0.000144231 -0.000423729 9.55414e-05 -0.000441176 0.000142857 0.000974026 0.00256098
internal_weight=0 208 177 157 136 105 77 41
internal_count=229 208 177 157 136 105 77 41
is_linear=0
shrinkage=0.03


Tree=275
num_leaves=9
num_cat=0
split_feature=1 3 1 4 0 4 0 0
split_gain=0.209674 0.515728 0.381349 0.373638 0.298421 1.28 0.469458 0.369793
threshold=0.0010500000000000002 0.014050000000000002 0.04080000000000001 0.039900000000000012 0.27480000000000004 0.40630000000000005 0.43025000000000008 0.6966500000000001
decision_type=2 2 2 2 2 2 2 2
left_child=-1 2 -2 -3 5 -5 -6 -8
right_child=1 3 -4 4 6 -7 7 -9
leaf_value=-0.0043261498979429158 0.0054998622354230937 -0.0035828545434235214 2.496385018918079e-05 -0.00038450965086458174 0.00060156126040655789 0.0012805187496854331 -0.00076858705376769976 0.0017019170297862462
leaf_weight=20 20 27 36 25 21 25 27 28
leaf_count=20 20 27 36 25 21 25 27 28
internal_value=0 0.000215311 0.00267857 -0.000686275 0 -0.0018 0.00118421 -0.000272727
internal_weight=0 209 56 153 126 50 76 55
internal_count=229 209 56 153 126 50 76 55
is_linear=0
shrinkage=0.03


Tree=276
num_leaves=9
num_cat=0
split_feature=1 0 0 4 1 1 2 0
split_gain=0.248787 0.494499 0.367216 0.281168 0.825 0.266722 0.732783 0.530408
threshold=0.0010500000000000002 0.88640000000000019 0.36165000000000008 0.40630000000000005 0.24585000000000004 0.039200000000000006 1.0000000180025095e-35 0.61930000000000007
decision_type=2 2 2 2 2 2 2 2
left_child=-1 2 3 4 -2 -4 7 -7
right_child=1 -3 5 -5 -6 6 -8 -9
leaf_value=-0.0041963654010046293 -0.00052390480689214257 0.0029791718101823991 -0.00085695279885011682 0.0012421031871948718 4.8414584169256257e-05 0.00085203453700120164 0.001591380733560117 -0.0017545872558629215
leaf_weight=20 20 37 27 27 24 22 20 32
leaf_count=20 20 37 27 27 24 22 20 32
internal_value=0 0.000502392 -0.000174419 0.00147887 0 -0.00133663 -0.000405405 -0.00222222
internal_weight=0 209 172 71 44 101 74 54
internal_count=229 209 172 71 44 101 74 54
is_linear=0
shrinkage=0.03


Tree=277
num_leaves=9
num_cat=0
split_feature=1 0 0 4 1 1 2 0
split_gain=0.248787 0.494499 0.367216 0.281168 0.825 0.266722 0.732783 0.530408
threshold=0.0010500000000000002 0.88640000000000019 0.36165000000000008 0.40630000000000005 0.24585000000000004 0.039200000000000006 1.0000000180025095e-35 0.61930000000000007
decision_type=2 2 2 2 2 2 2 2
left_child=-1 2 3 4 -2 -4 7 -7
right_child=1 -3 5 -5 -6 6 -8 -9
leaf_value=-0.0040704744389744897 -0.00050818766268537869 0.0028897966558769283 -0.00083124421488461333 0.0012048400915790258 4.6962146644178302e-05 0.00082647350089116501 0.0015436393115533132 -0.0017019496381870324
leaf_weight=20 20 37 27 27 24 22 20 32
leaf_count=20 20 37 27 27 24 22 20 32
internal_value=0 0.000502392 -0.000174419 0.00147887 0 -0.00133663 -0.000405405 -0.00222222
internal_weight=0 209 172 71 44 101 74 54
internal_count=229 209 172 71 44 101 74 54
is_linear=0
shrinkage=0.03


Tree=278
num_leaves=9
num_cat=0
split_feature=1 3 4 1 1 3 0 4
split_gain=0.269597 0.351173 0.523498 0.381349 0.261729 0.691388 0.271954 0.245455
threshold=0.0010500000000000002 0.014050000000000002 0.039900000000000012 0.04080000000000001 0.11080000000000002 0.11670000000000001 0.27480000000000004 0.30820000000000003
decision_type=2 2 2 2 2 2 2 2
left_child=-1 3 -3 -2 5 -4 -6 -7
right_child=1 2 4 -5 6 7 -8 -9
leaf_value=-0.0039483602058052562 0.0051587973143786244 -0.0036514379611026016 -0.00032473137149757275 2.1353632759098516e-05 8.5994188235627435e-07 -2.977088916350734e-05 0.0044631886167216892 0.00083940050653139866
leaf_weight=20 20 27 32 36 29 24 21 20
leaf_count=20 20 27 32 36 29 24 21 20
internal_value=0 0.000645933 -9.80392e-05 0.00267857 0.000714286 -0.000394737 0.0024 0.00204545
internal_weight=0 209 153 56 126 76 50 44
internal_count=229 209 153 56 126 76 50 44
is_linear=0
shrinkage=0.03


Tree=279
num_leaves=9
num_cat=0
split_feature=1 0 1 0 3 1 1 3
split_gain=0.269597 0.459604 0.66 0.572814 0.43853 0.848991 0.340906 0.245507
threshold=0.0010500000000000002 0.81950000000000012 0.028450000000000007 0.14980000000000002 0.11275000000000002 0.11080000000000002 0.28480000000000005 0.11965000000000002
decision_type=2 2 2 2 2 2 2 2
left_child=-1 3 -3 7 5 -5 -7 -2
right_child=1 2 -4 4 -6 6 -8 -9
leaf_value=-0.0038299093996310989 0.00013558298047046334 0.0019916158361101741 0.00049674231371381599 -0.00079656494729314902 0.00028550994081203871 0.0018375245913613547 -0.0009297803417931005 8.3414362588518643e-07
leaf_weight=20 21 25 30 21 39 25 23 25
leaf_count=20 21 25 30 21 39 25 23 25
internal_value=0 0.000645933 0.003 -0.000194805 -0.00138889 -0.00282609 -0.000625 0.0026087
internal_weight=0 209 55 154 108 69 48 46
internal_count=229 209 55 154 108 69 48 46
is_linear=0
shrinkage=0.03


Tree=280
num_leaves=9
num_cat=0
split_feature=3 3 0 0 1 0 4 1
split_gain=0.254088 0.669643 0.291662 0.70212 0.173753 0.207186 0.441486 0.364805
threshold=0.18280000000000005 0.31860000000000005 0.13100000000000003 0.40330000000000005 0.18615000000000001 0.73990000000000011 0.032200000000000006 0.036650000000000009
decision_type=2 2 2 2 2 2 2 2
left_child=2 -2 -1 -4 5 -5 7 -7
right_child=1 -3 3 4 -6 6 -8 -9
leaf_value=8.4127118618500523e-05 0.00047635881081084074 -0.001574369816532268 -0.00047614799930558002 0.0015602809914026271 -0.00014440386835546271 -0.00015510019353861537 -0.0049006236517369524 0.0032670177661942223
leaf_weight=24 27 21 28 29 26 28 24 22
leaf_count=24 27 21 28 29 26 28 24 22
internal_value=0 0.001875 -0.00058011 -0.00105096 -0.000116279 0.000436893 -0.000405405 0.0012
internal_weight=0 48 181 157 129 103 74 50
internal_count=229 48 181 157 129 103 74 50
is_linear=0
shrinkage=0.03


Tree=281
num_leaves=8
num_cat=0
split_feature=1 0 1 4 0 4 3
split_gain=0.209674 0.415858 0.441818 0.364858 0.29676 1.07566 0.118313
threshold=0.0010500000000000002 0.81950000000000012 0.028450000000000007 0.35910000000000003 0.30040000000000006 0.12835000000000002 0.035050000000000005
decision_type=2 2 2 2 2 2 2
left_child=-1 3 -3 4 -2 6 -6
right_child=1 2 -4 -5 5 -7 -8
leaf_value=-0.0036842543504045969 -0.00011645192063546667 0.0020788860705789869 0.00043516128071257042 0.00012899167749779505 -5.6134599257267047e-05 0.00062496320274113451 -0.0037427044585532387
leaf_weight=20 30 25 30 39 29 28 28
leaf_count=20 30 25 30 39 29 28 28
internal_value=0 0.000215311 0.00245455 -0.000584416 -0.00143478 -0.000529412 -0.00289474
internal_weight=0 209 55 154 115 85 57
internal_count=229 209 55 154 115 85 57
is_linear=0
shrinkage=0.03


Tree=282
num_leaves=9
num_cat=0
split_feature=0 3 4 3 3 4 1 4
split_gain=0.292601 0.425664 0.416282 0.127763 0.374268 0.213115 0.229362 0.212019
threshold=0.027950000000000003 0.23725000000000004 0.37555000000000005 0.031000000000000003 0.052500000000000012 0.018350000000000002 0.18615000000000001 0.091450000000000017
decision_type=2 2 2 2 2 2 2 2
left_child=-1 2 3 5 -5 -2 -7 -6
right_child=1 -3 -4 4 7 6 -8 -9
leaf_value=-0.0003693143320427572 -0.00021281376984982892 0.00035434996780954627 -0.00051790186341935855 -0.00075528441120429105 0.003178079706477661 0.0013414099127731305 2.8877937273390497e-05 -2.4270708921638183e-05
leaf_weight=21 36 31 20 22 20 25 22 32
leaf_count=21 36 31 20 22 20 25 22 32
internal_value=0 0.000144231 -0.000423729 9.55414e-05 -0.000810811 0.000903614 0.00223404 0.000576923
internal_weight=0 208 177 157 74 83 47 52
internal_count=229 208 177 157 74 83 47 52
is_linear=0
shrinkage=0.03


Tree=283
num_leaves=8
num_cat=0
split_feature=3 3 2 4 0 0 3
split_gain=0.264543 0.406927 0.529294 0.501369 0.413959 0.547821 0.279298
threshold=0.23725000000000004 0.014050000000000002 0.00045000000000000004 0.037600000000000008 0.30040000000000006 0.53380000000000016 0.0059500000000000013
decision_type=2 2 2 2 2 2 2
left_child=1 6 3 -3 -5 -6 -1
right_child=-2 2 -4 4 5 -7 -8
leaf_value=-5.5316899397750419e-05 0.00023655556232993425 -0.00047453849585462834 -0.0023186140967396108 -0.00025801336171601686 0.0044629307064508409 -3.4931399553462806e-05 0.00068634991927366484
leaf_weight=37 39 21 23 23 24 38 24
leaf_count=37 39 21 23 23 24 38 24
internal_value=0 -0.000789474 -0.00174419 -0.000849057 0.000176471 0.00145161 0.00122951
internal_weight=0 190 129 106 85 62 61
internal_count=229 190 129 106 85 62 61
is_linear=0
shrinkage=0.03


Tree=284
num_leaves=8
num_cat=0
split_feature=3 3 3 3 4 1 1
split_gain=0.264543 0.267517 0.413178 0.325801 0.419564 0.355874 0.1737
threshold=0.23725000000000004 0.13455000000000003 0.10560000000000001 0.014050000000000002 0.039900000000000012 0.11080000000000002 0.14630000000000001
decision_type=2 2 2 2 2 2 2
left_child=1 2 3 6 -5 -6 -1
right_child=-2 -3 -4 4 5 -7 -8
leaf_value=0.0013028271223718768 0.00022945889546003626 -0.0028038703052336868 0.0019256351475053046 -0.0037404631099827233 -0.00021168361281445613 6.7024615760149508e-05 -3.1072602522197455e-05
leaf_weight=37 39 24 21 25 28 31 24
leaf_count=37 39 24 21 25 28 31 24
internal_value=0 -0.000789474 -0.000361446 -0.000931034 -0.00214286 -0.000762712 0.000737705
internal_weight=0 190 166 145 84 59 61
internal_count=229 190 166 145 84 59 61
is_linear=0
shrinkage=0.03


Tree=285
num_leaves=9
num_cat=0
split_feature=1 0 1 4 1 3 1 3
split_gain=0.248787 0.517362 0.66 0.517375 0.492931 0.322695 0.283333 0.177536
threshold=0.0010500000000000002 0.81950000000000012 0.028450000000000007 0.30820000000000003 0.11080000000000002 0.20715000000000003 0.21895000000000001 0.022050000000000004
decision_type=2 2 2 2 2 2 2 2
left_child=-1 3 -3 4 -2 -5 -6 -8
right_child=1 2 -4 5 6 -7 7 -9
leaf_value=-0.0036632371816367184 -0.00056329527662986485 0.0020476271454424122 0.00045782693051060974 -3.2315931930905481e-06 0.0028460481274309602 0.0011007164019096905 8.8191790103842035e-05 -0.0022510664123102262
leaf_weight=20 39 25 30 26 20 21 23 25
leaf_count=20 39 25 30 26 20 21 23 25
internal_value=0 0.000502392 0.003 -0.00038961 -0.00154206 0.00223404 0 -0.00125
internal_weight=0 209 55 154 107 47 68 48
internal_count=229 209 55 154 107 47 68 48
is_linear=0
shrinkage=0.03


Tree=286
num_leaves=9
num_cat=0
split_feature=4 0 1 4 3 3 3 3
split_gain=0.28051 0.400498 0.547619 0.373457 0.523713 0.314222 0.587774 0.183983
threshold=0.27155000000000001 0.23015000000000005 0.055250000000000007 0.077550000000000022 0.11425 0.052500000000000012 0.014050000000000002 0.0059500000000000013
decision_type=2 2 2 2 2 2 2 2
left_child=3 2 -2 5 -5 6 7 -1
right_child=1 -3 -4 4 -6 -7 -8 -9
leaf_value=-2.6280310881170442e-05 -0.0011993057670693819 0.00039094204797035514 0.00014202796730861166 -0.00049923172297601233 4.98611576860819e-05 0.0019861983310791409 -0.00065170108403332259 0.0023722681992020523
leaf_weight=34 21 21 25 31 23 21 32 21
leaf_count=34 21 21 25 31 23 21 32 21
internal_value=0 0.00156716 0 -0.000740741 -0.00277778 0.000277778 -0.000517241 0.00136364
internal_weight=0 67 46 162 54 108 87 55
internal_count=229 67 46 162 54 108 87 55
is_linear=0
shrinkage=0.03


Tree=287
num_leaves=9
num_cat=0
split_feature=1 0 4 1 3 0 3 3
split_gain=0.248787 0.494499 0.416824 0.402286 0.322695 0.314286 0.205714 0.213333
threshold=0.0010500000000000002 0.88640000000000019 0.30820000000000003 0.11500000000000002 0.20715000000000003 0.6966500000000001 0.046950000000000013 0.016050000000000005
decision_type=2 2 2 2 2 2 2 2
left_child=-1 2 3 5 -4 -2 7 -5
right_child=1 -3 4 6 -6 -7 -8 -9
leaf_value=-0.0035412146104011307 -0.0019651563225190393 0.0024916740438752872 -7.3954844165559365e-06 4.3810010529345966e-05 0.0010634340708331402 -0.00010614857464129157 0.0015139990625757415 -0.0005646383015559753
leaf_weight=20 20 37 26 30 21 35 20 20
leaf_count=20 20 37 26 30 21 35 20 20
internal_value=0 0.000502392 -0.000174419 -0.00108 0.00223404 -0.003 0.000428571 -0.0006
internal_weight=0 209 172 125 47 55 70 50
internal_count=229 209 172 125 47 55 70 50
is_linear=0
shrinkage=0.03


Tree=288
num_leaves=9
num_cat=0
split_feature=3 3 0 0 3 3 3 1
split_gain=0.289553 0.669643 0.323896 0.641191 0.220199 0.428888 0.350969 0.1
threshold=0.18280000000000005 0.31860000000000005 0.13100000000000003 0.40330000000000005 0.052500000000000012 0.014050000000000002 0.0059500000000000013 0.039200000000000006
decision_type=2 2 2 2 2 2 2 2
left_child=2 -2 -1 -4 5 6 -5 -6
right_child=1 -3 3 4 7 -7 -8 -9
leaf_value=7.4768763511112447e-05 0.00040409674828544516 -0.001584564746299423 -0.00039603105863640739 -0.0014519241396731264 -0.00021968208430051816 -0.00032538363908007461 0.0022997858529100988 0.0017173922220229509
leaf_weight=24 27 21 28 31 20 37 21 20
leaf_count=24 27 21 28 31 20 37 21 20
internal_value=0 0.001875 -0.000745856 -0.00124204 -0.000348837 -0.00117978 0.000576923 0.0015
internal_weight=0 48 181 157 129 89 52 40
internal_count=229 48 181 157 129 89 52 40
is_linear=0
shrinkage=0.03


Tree=289
num_leaves=9
num_cat=0
split_feature=3 3 0 0 3 3 3 1
split_gain=0.289553 0.669643 0.323896 0.641191 0.220199 0.428888 0.350969 0.1
threshold=0.18280000000000005 0.31860000000000005 0.13100000000000003 0.40330000000000005 0.052500000000000012 0.014050000000000002 0.0059500000000000013 0.039200000000000006
decision_type=2 2 2 2 2 2 2 2
left_child=2 -2 -1 -4 5 6 -5 -6
right_child=1 -3 3 4 7 -7 -8 -9
leaf_value=7.2525700605778065e-05 0.00039197384583688154 -0.0015370278039104404 -0.00038415012687731561 -0.0014083664154829333 -0.0002130916217715012 -0.00031562212990766893 0.002230792277322795 0.0016658704553622593
leaf_weight=24 27 21 28 31 20 37 21 20
leaf_count=24 27 21 28 31 20 37 21 20
internal_value=0 0.001875 -0.000745856 -0.00124204 -0.000348837 -0.00117978 0.000576923 0.0015
internal_weight=0 48 181 157 129 89 52 40
internal_count=229 48 181 157 129 89 52 40
is_linear=0
shrinkage=0.03


Tree=290
num_leaves=9
num_cat=0
split_feature=0 1 1 1 1 0 1 4
split_gain=0.273964 0.193274 0.451619 0.324662 0.390805 0.251154 0.339147 0.292012
threshold=0.91580000000000006 0.0046500000000000005 0.020100000000000003 0.093100000000000002 0.048800000000000003 0.18435000000000004 0.16010000000000005 0.041900000000000007
decision_type=2 2 2 2 2 2 2 2
left_child=1 -1 -3 4 -4 -5 -7 -8
right_child=-2 2 3 5 -6 6 7 -9
leaf_value=0.00094953864354333309 -0.00017737713866810889 -0.0018472474373839541 8.7876316369079883e-05 7.1297002768644364e-06 0.0015333273311850548 -0.00040189464604574839 -0.0011259869904264774 0.00047374930262343627
leaf_weight=22 30 20 34 35 24 21 20 23
leaf_count=22 30 20 34 35 24 21 20 23
internal_value=0 7.53769e-05 -0.000254237 0.000286624 0.00206897 -0.000757576 -0.001875 -0.000348837
internal_weight=0 199 177 157 58 99 64 43
internal_count=229 199 177 157 58 99 64 43
is_linear=0
shrinkage=0.03


Tree=291
num_leaves=8
num_cat=0
split_feature=3 3 3 2 4 4 0
split_gain=0.234642 0.296814 0.376078 0.308216 0.323693 0.633232 0.025
threshold=0.23725000000000004 0.13455000000000003 0.10560000000000001 1.0000000180025095e-35 0.077550000000000022 0.018350000000000002 0.80525000000000013
decision_type=2 2 2 2 2 2 2
left_child=1 2 3 4 5 -1 -7
right_child=-2 -3 -4 -5 -6 6 -8
leaf_value=-0.0032209069944645319 0.00021909530552571054 -0.0027408461354299996 0.0016808657584288021 0.00059510000265480475 -0.00021270519088062155 0.00021500083012209402 0.0020875752093967902
leaf_weight=38 39 24 21 32 35 20 20
leaf_count=38 39 24 21 32 35 20 20
internal_value=0 -0.000631579 -0.000180723 -0.000724138 -0.00146018 -0.000384615 0.00225
internal_weight=0 190 166 145 113 78 40
internal_count=229 190 166 145 113 78 40
is_linear=0
shrinkage=0.03


Tree=292
num_leaves=9
num_cat=0
split_feature=1 3 3 1 4 4 1 0
split_gain=0.228813 0.461369 0.632677 0.413375 0.409918 0.552087 0.419048 0.151045
threshold=0.0010500000000000002 0.019650000000000004 0.052500000000000012 0.063900000000000012 0.30820000000000003 0.077550000000000022 0.055250000000000007 0.68875000000000008
decision_type=2 2 2 2 2 2 2 2
left_child=-1 3 -3 -2 5 -4 -6 -5
right_child=1 2 4 7 6 -7 -8 -9
leaf_value=-0.0034334371413188612 0.0017241578332125695 -0.00039640597264097076 0.0028542846134351585 0.00013575516578582912 -4.6835037569327716e-05 -0.00025943468350459907 0.0014848488830417211 -0.0006545974699759615
leaf_weight=20 30 38 20 21 22 38 20 20
leaf_count=20 30 38 20 21 22 38 20 20
internal_value=0 0.000358852 -0.000652174 0.00232394 0.0006 -0.00103448 0.00285714 0.000365854
internal_weight=0 209 138 71 100 58 42 41
internal_count=229 209 138 71 100 58 42 41
is_linear=0
shrinkage=0.03


Tree=293
num_leaves=9
num_cat=0
split_feature=0 0 3 0 2 3 4 4
split_gain=0.315758 0.57442 0.378498 0.449591 0.221818 0.343253 0.578704 0.174948
threshold=0.027950000000000003 0.13100000000000003 0.18280000000000005 0.45270000000000005 0.00030000000000000008 0.025900000000000003 0.013050000000000001 0.091450000000000017
decision_type=2 2 2 2 2 2 2 2
left_child=-1 -2 3 -3 5 6 -5 -7
right_child=1 2 -4 4 -6 7 -8 -9
leaf_value=-0.00037479317972622159 0.00061679525194830885 -0.00025356206653650903 0.00022030548686508 1.4738993064160599e-05 0.0013582141924835267 0.0063594332759417506 -0.00079324028314942336 -9.3579167401121034e-05
leaf_weight=21 28 35 23 24 22 25 30 21
leaf_count=21 28 35 23 24 22 25 30 21
internal_value=0 0.000288462 -0.000333333 -0.000859873 0 -0.0006 -0.00222222 0.00130435
internal_weight=0 208 180 157 122 100 54 46
internal_count=229 208 180 157 122 100 54 46
is_linear=0
shrinkage=0.03


Tree=294
num_leaves=10
num_cat=0
split_feature=3 3 3 3 3 4 4 4 1
split_gain=0.254088 0.669643 0.341394 0.511789 0.331559 0.329247 0.211838 0.182107 0.0985028
threshold=0.18280000000000005 0.31860000000000005 0.016750000000000004 0.008550000000000002 0.052500000000000012 0.1024 0.063300000000000009 0.012450000000000001 0.085150000000000017
decision_type=2 2 2 2 2 2 2 2 2
left_child=2 -2 3 7 6 -6 -4 -1 -7
right_child=1 -3 4 -5 5 8 -8 -9 -10
leaf_value=0.0016526054207501638 0.00045586734028812747 -0.0015605884553258195 -0.0032564411765350254 0.00065356599753860461 0.0025778730767538559 -0.00045111647255659633 -1.4791533990130555e-05 -0.00071084517459337967 -5.8850395144291462e-06
leaf_weight=20 27 21 25 21 20 27 22 26 20
leaf_count=20 27 21 25 21 20 27 22 26 20
internal_value=0 0.001875 -0.00058011 0.0011194 -0.00157895 -0.000223881 -0.00351064 -0.000652174 -0.00159574
internal_weight=0 48 181 67 114 67 47 46 47
internal_count=229 48 181 67 114 67 47 46 47
is_linear=0
shrinkage=0.03


Tree=295
num_leaves=9
num_cat=0
split_feature=0 3 4 0 1 4 0 3
split_gain=0.270326 0.46437 0.382383 0.134962 0.174582 0.221645 0.245389 0.163124
threshold=0.027950000000000003 0.23725000000000004 0.37555000000000005 0.35520000000000002 0.18615000000000001 0.077550000000000022 0.89395000000000013 0.035050000000000005
decision_type=2 2 2 2 2 2 2 2
left_child=-1 2 3 -2 5 6 7 -5
right_child=1 -3 -4 4 -6 -7 -8 -9
leaf_value=-0.00037722540454307896 0.00016061472804615562 0.00035850333749547713 -0.00057154480980432072 0.003440441219169301 -0.00020809152307101896 -0.00016199779572867001 -0.00019232291520216327 0.0014267286291957547
leaf_weight=21 21 31 20 20 31 28 36 21
leaf_count=21 21 31 20 20 31 28 36 21
internal_value=0 0 -0.00059322 -9.55414e-05 -0.000441176 0.000142857 0.000974026 0.00256098
internal_weight=0 208 177 157 136 105 77 41
internal_count=229 208 177 157 136 105 77 41
is_linear=0
shrinkage=0.03


Tree=296
num_leaves=8
num_cat=0
split_feature=3 3 2 0 3 0 3
split_gain=0.234642 0.345768 0.590651 0.38326 0.595238 0.514286 0.279298
threshold=0.23725000000000004 0.014050000000000002 0.00045000000000000004 0.27480000000000004 0.039500000000000007 0.53380000000000016 0.0059500000000000013
decision_type=2 2 2 2 2 2 2
left_child=1 6 3 -3 -5 -6 -1
right_child=-2 2 -4 4 5 -7 -8
leaf_value=-2.4831029565053341e-06 0.00018926520192562245 -0.00020861468937828558 -0.0021850904184173192 -8.3651006923239897e-05 0.0064672287886739233 5.9139475424878072e-05 0.00056473244317113496
leaf_weight=37 39 22 23 28 20 36 24
leaf_count=37 39 22 23 28 20 36 24
internal_value=0 -0.000631579 -0.00151163 -0.000566038 0.000357143 0.00214286 0.00122951
internal_weight=0 190 129 106 84 56 61
internal_count=229 190 129 106 84 56 61
is_linear=0
shrinkage=0.03


Tree=297
num_leaves=8
num_cat=0
split_feature=3 3 3 2 4 4 0
split_gain=0.296237 0.501289 0.413178 0.364313 0.468956 0.805511 0.0488386
threshold=0.23725000000000004 0.13455000000000003 0.10560000000000001 0.00030000000000000008 0.077550000000000022 0.018350000000000002 0.80525000000000013
decision_type=2 2 2 2 2 2 2
left_child=1 2 3 4 5 -1 -7
right_child=-2 -3 -4 -5 -6 6 -8
leaf_value=-0.0026854740979696998 0.00018358724586785334 -0.0026374404588578376 0.0014494794828724133 0.00057264043125581753 -0.00016037384287885425 0.00021561105894880359 0.0021136726101674695
leaf_weight=39 39 24 21 28 37 20 21
leaf_count=39 39 24 21 28 37 20 21
internal_value=0 -0.000947368 -0.000361446 -0.000931034 -0.00166667 -0.000375 0.00256098
internal_weight=0 190 166 145 117 80 41
internal_count=229 190 166 145 117 80 41
is_linear=0
shrinkage=0.03


Tree=298
num_leaves=9
num_cat=0
split_feature=1 0 1 4 1 3 1 3
split_gain=0.248787 0.517362 0.66 0.517375 0.492931 0.322695 0.283333 0.177536
threshold=0.0010500000000000002 0.81950000000000012 0.028450000000000007 0.30820000000000003 0.11080000000000002 0.20715000000000003 0.21895000000000001 0.022050000000000004
decision_type=2 2 2 2 2 2 2 2
left_child=-1 3 -3 4 -2 -5 -6 -8
right_child=1 2 -4 5 6 -7 7 -9
leaf_value=-0.0034009449820420049 -0.0010266314060819993 0.0014157825533676238 0.00025722563635967478 -4.2180551905260377e-06 0.0023792823134672811 0.00090219616289338939 0.00014940244752501553 -0.002136716918802475
leaf_weight=20 39 25 30 26 20 21 23 25
leaf_count=20 39 25 30 26 20 21 23 25
internal_value=0 0.000502392 0.003 -0.00038961 -0.00154206 0.00223404 0 -0.00125
internal_weight=0 209 55 154 107 47 68 48
internal_count=229 209 55 154 107 47 68 48
is_linear=0
shrinkage=0.03


Tree=299
num_leaves=9
num_cat=0
split_feature=3 3 4 4 0 4 1 0
split_gain=0.289553 0.669643 0.290594 0.397816 0.171237 0.169551 0.261434 0.132835
threshold=0.18280000000000005 0.31860000000000005 0.077550000000000022 0.27865000000000006 0.47635000000000005 0.044950000000000011 0.14630000000000001 0.91580000000000006
decision_type=2 2 2 2 2 2 2 2
left_child=2 -2 5 4 -4 6 7 -1
right_child=1 -3 3 -5 -6 -7 -8 -9
leaf_value=0.0016409765256290853 0.00036736160611927415 -0.0015627773601115157 -0.0011881655275591152 1.667204957804258e-06 -0.00014744968853699802 0.00094654538433644128 -0.00087334110513288983 -2.5594713137553349e-05
leaf_weight=24 27 21 20 31 26 24 27 29
leaf_count=24 27 21 20 31 26 24 27 29
internal_value=0 0.001875 -0.000745856 -0.00214286 -0.00391304 0.000288462 -0.000375 0.000849057
internal_weight=0 48 181 77 46 104 80 53
internal_count=229 48 181 77 46 104 80 53
is_linear=0
shrinkage=0.03


end of trees

feature_importances:
Column_0=654
Column_3=602
Column_4=582
Column_1=464
Column_2=44

parameters:
[boosting: gbdt]
[objective: quantile]
[metric: quantile]
[tree_learner: serial]
[device_type: cpu]
[data_sample_strategy: bagging]
[data: ]
[valid: ]
[num_iterations: 300]
[learning_rate: 0.03]
[num_leaves: 15]
[num_threads: 4]
[seed: 42]
[deterministic: 0]
[force_col_wise: 0]
[force_row_wise: 0]
[histogram_pool_size: -1]
[max_depth: -1]
[min_data_in_leaf: 20]
[min_sum_hessian_in_leaf: 0.001]
[bagging_fraction: 1]
[pos_bagging_fraction: 1]
[neg_bagging_fraction: 1]
[bagging_freq: 0]
[bagging_seed: 400]
[feature_fraction: 1]
[feature_fraction_bynode: 1]
[feature_fraction_seed: 30056]
[extra_trees: 0]
[extra_seed: 12879]
[early_stopping_round: 0]
[early_stopping_min_delta: 0]
[first_metric_only: 0]
[max_delta_step: 0]
[lambda_l1: 0]
[lambda_l2: 0]
[linear_lambda: 0]
[min_gain_to_split: 0]
[drop_rate: 0.1]
[max_drop: 50]
[skip_drop: 0.5]
[xgboost_dart_mode: 0]
[uniform_drop: 0]
[drop_seed: 17869]
[top_rate: 0.2]
[other_rate: 0.1]
[min_data_per_group: 100]
[max_cat_threshold: 32]
[cat_l2: 10]
[cat_smooth: 10]
[max_cat_to_onehot: 4]
[top_k: 20]
[monotone_constraints: ]
[monotone_constraints_method: basic]
[monotone_penalty: 0]
[feature_contri: ]
[forcedsplits_filename: ]
[refit_decay_rate: 0.9]
[cegb_tradeoff: 1]
[cegb_penalty_split: 0]
[cegb_penalty_feature_lazy: ]
[cegb_penalty_feature_coupled: ]
[path_smooth: 0]
[interaction_constraints: ]
[verbosity: -1]
[saved_feature_importance_type: 0]
[use_quantized_grad: 0]
[num_grad_quant_bins: 4]
[quant_train_renew_leaf: 0]
[stochastic_rounding: 1]
[linear_tree: 0]
[max_bin: 255]
[max_bin_by_feature: ]
[min_data_in_bin: 3]
[bin_construct_sample_cnt: 200000]
[data_random_seed: 175]
[is_enable_sparse: 1]
[enable_bundle: 1]
[use_missing: 1]
[zero_as_missing: 0]
[feature_pre_filter: 1]
[pre_partition: 0]
[two_round: 0]
[header: 0]
[label_column: ]
[weight_column: ]
[group_column: ]
[ignore_column: ]
[categorical_feature: ]
[forcedbins_filename: ]
[precise_float_parser: 0]
[parser_config_file: ]
[objective_seed: 16083]
[num_class: 1]
[is_unbalance: 0]
[scale_pos_weight: 1]
[sigmoid: 1]
[boost_from_average: 1]
[reg_sqrt: 0]
[alpha: 0.5]
[fair_c: 1]
[poisson_max_delta_step: 0.7]
[tweedie_variance_power: 1.5]
[lambdarank_truncation_level: 30]
[lambdarank_norm: 1]
[label_gain: ]
[lambdarank_position_bias_regularization: 0]
[eval_at: ]
[multi_error_top_k: 1]
[auc_mu_weights: ]
[num_machines: 1]
[local_listen_port: 12400]
[time_out: 120]
[machine_list_filename: ]
[machines: ]
[gpu_platform_id: -1]
[gpu_device_id: -1]
[gpu_use_dp: 0]
[num_gpu: 1]

end of parameters

pandas_categorical:null
